variant,scenario,book_orders,quantile,latency_ns
stdmap_r2,add,1000,0,0
stdmap_r2,add,1000,0.001,0
stdmap_r2,add,1000,0.002,0
stdmap_r2,add,1000,0.003,0
stdmap_r2,add,1000,0.004,41
stdmap_r2,add,1000,0.005,41
stdmap_r2,add,1000,0.006,41
stdmap_r2,add,1000,0.007,41
stdmap_r2,add,1000,0.008,41
stdmap_r2,add,1000,0.009,41
stdmap_r2,add,1000,0.01,41
stdmap_r2,add,1000,0.011,41
stdmap_r2,add,1000,0.012,41
stdmap_r2,add,1000,0.013,41
stdmap_r2,add,1000,0.014,41
stdmap_r2,add,1000,0.015,41
stdmap_r2,add,1000,0.016,41
stdmap_r2,add,1000,0.017,41
stdmap_r2,add,1000,0.018,41
stdmap_r2,add,1000,0.019,41
stdmap_r2,add,1000,0.02,41
stdmap_r2,add,1000,0.021,41
stdmap_r2,add,1000,0.022,41
stdmap_r2,add,1000,0.023,41
stdmap_r2,add,1000,0.024,41
stdmap_r2,add,1000,0.025,41
stdmap_r2,add,1000,0.026,41
stdmap_r2,add,1000,0.027,41
stdmap_r2,add,1000,0.028,41
stdmap_r2,add,1000,0.029,41
stdmap_r2,add,1000,0.03,41
stdmap_r2,add,1000,0.031,41
stdmap_r2,add,1000,0.032,41
stdmap_r2,add,1000,0.033,41
stdmap_r2,add,1000,0.034,41
stdmap_r2,add,1000,0.035,41
stdmap_r2,add,1000,0.036,41
stdmap_r2,add,1000,0.037,41
stdmap_r2,add,1000,0.038,41
stdmap_r2,add,1000,0.039,41
stdmap_r2,add,1000,0.04,41
stdmap_r2,add,1000,0.041,41
stdmap_r2,add,1000,0.042,41
stdmap_r2,add,1000,0.043,41
stdmap_r2,add,1000,0.044,41
stdmap_r2,add,1000,0.045,41
stdmap_r2,add,1000,0.046,41
stdmap_r2,add,1000,0.047,41
stdmap_r2,add,1000,0.048,41
stdmap_r2,add,1000,0.049,41
stdmap_r2,add,1000,0.05,41
stdmap_r2,add,1000,0.051,41
stdmap_r2,add,1000,0.052,41
stdmap_r2,add,1000,0.053,41
stdmap_r2,add,1000,0.054,41
stdmap_r2,add,1000,0.055,41
stdmap_r2,add,1000,0.056,41
stdmap_r2,add,1000,0.057,41
stdmap_r2,add,1000,0.058,41
stdmap_r2,add,1000,0.059,41
stdmap_r2,add,1000,0.06,41
stdmap_r2,add,1000,0.061,41
stdmap_r2,add,1000,0.062,41
stdmap_r2,add,1000,0.063,41
stdmap_r2,add,1000,0.064,41
stdmap_r2,add,1000,0.065,41
stdmap_r2,add,1000,0.066,41
stdmap_r2,add,1000,0.067,41
stdmap_r2,add,1000,0.068,41
stdmap_r2,add,1000,0.069,41
stdmap_r2,add,1000,0.07,41
stdmap_r2,add,1000,0.071,41
stdmap_r2,add,1000,0.072,41
stdmap_r2,add,1000,0.073,41
stdmap_r2,add,1000,0.074,41
stdmap_r2,add,1000,0.075,41
stdmap_r2,add,1000,0.076,42
stdmap_r2,add,1000,0.077,42
stdmap_r2,add,1000,0.078,42
stdmap_r2,add,1000,0.079,42
stdmap_r2,add,1000,0.08,42
stdmap_r2,add,1000,0.081,42
stdmap_r2,add,1000,0.082,42
stdmap_r2,add,1000,0.083,42
stdmap_r2,add,1000,0.084,42
stdmap_r2,add,1000,0.085,42
stdmap_r2,add,1000,0.086,42
stdmap_r2,add,1000,0.087,42
stdmap_r2,add,1000,0.088,42
stdmap_r2,add,1000,0.089,42
stdmap_r2,add,1000,0.09,42
stdmap_r2,add,1000,0.091,42
stdmap_r2,add,1000,0.092,42
stdmap_r2,add,1000,0.093,42
stdmap_r2,add,1000,0.094,42
stdmap_r2,add,1000,0.095,42
stdmap_r2,add,1000,0.096,42
stdmap_r2,add,1000,0.097,42
stdmap_r2,add,1000,0.098,42
stdmap_r2,add,1000,0.099,42
stdmap_r2,add,1000,0.1,42
stdmap_r2,add,1000,0.101,42
stdmap_r2,add,1000,0.102,42
stdmap_r2,add,1000,0.103,42
stdmap_r2,add,1000,0.104,42
stdmap_r2,add,1000,0.105,42
stdmap_r2,add,1000,0.106,42
stdmap_r2,add,1000,0.107,42
stdmap_r2,add,1000,0.108,42
stdmap_r2,add,1000,0.109,42
stdmap_r2,add,1000,0.11,42
stdmap_r2,add,1000,0.111,42
stdmap_r2,add,1000,0.112,42
stdmap_r2,add,1000,0.113,42
stdmap_r2,add,1000,0.114,42
stdmap_r2,add,1000,0.115,42
stdmap_r2,add,1000,0.116,42
stdmap_r2,add,1000,0.117,42
stdmap_r2,add,1000,0.118,42
stdmap_r2,add,1000,0.119,42
stdmap_r2,add,1000,0.12,42
stdmap_r2,add,1000,0.121,42
stdmap_r2,add,1000,0.122,42
stdmap_r2,add,1000,0.123,42
stdmap_r2,add,1000,0.124,42
stdmap_r2,add,1000,0.125,42
stdmap_r2,add,1000,0.126,42
stdmap_r2,add,1000,0.127,42
stdmap_r2,add,1000,0.128,42
stdmap_r2,add,1000,0.129,42
stdmap_r2,add,1000,0.13,42
stdmap_r2,add,1000,0.131,42
stdmap_r2,add,1000,0.132,42
stdmap_r2,add,1000,0.133,42
stdmap_r2,add,1000,0.134,42
stdmap_r2,add,1000,0.135,42
stdmap_r2,add,1000,0.136,42
stdmap_r2,add,1000,0.137,42
stdmap_r2,add,1000,0.138,42
stdmap_r2,add,1000,0.139,42
stdmap_r2,add,1000,0.14,42
stdmap_r2,add,1000,0.141,42
stdmap_r2,add,1000,0.142,42
stdmap_r2,add,1000,0.143,42
stdmap_r2,add,1000,0.144,42
stdmap_r2,add,1000,0.145,42
stdmap_r2,add,1000,0.146,42
stdmap_r2,add,1000,0.147,42
stdmap_r2,add,1000,0.148,42
stdmap_r2,add,1000,0.149,42
stdmap_r2,add,1000,0.15,42
stdmap_r2,add,1000,0.151,42
stdmap_r2,add,1000,0.152,42
stdmap_r2,add,1000,0.153,42
stdmap_r2,add,1000,0.154,42
stdmap_r2,add,1000,0.155,42
stdmap_r2,add,1000,0.156,42
stdmap_r2,add,1000,0.157,42
stdmap_r2,add,1000,0.158,42
stdmap_r2,add,1000,0.159,42
stdmap_r2,add,1000,0.16,42
stdmap_r2,add,1000,0.161,42
stdmap_r2,add,1000,0.162,42
stdmap_r2,add,1000,0.163,42
stdmap_r2,add,1000,0.164,42
stdmap_r2,add,1000,0.165,42
stdmap_r2,add,1000,0.166,42
stdmap_r2,add,1000,0.167,42
stdmap_r2,add,1000,0.168,42
stdmap_r2,add,1000,0.169,42
stdmap_r2,add,1000,0.17,42
stdmap_r2,add,1000,0.171,42
stdmap_r2,add,1000,0.172,42
stdmap_r2,add,1000,0.173,42
stdmap_r2,add,1000,0.174,42
stdmap_r2,add,1000,0.175,42
stdmap_r2,add,1000,0.176,42
stdmap_r2,add,1000,0.177,42
stdmap_r2,add,1000,0.178,42
stdmap_r2,add,1000,0.179,42
stdmap_r2,add,1000,0.18,42
stdmap_r2,add,1000,0.181,42
stdmap_r2,add,1000,0.182,42
stdmap_r2,add,1000,0.183,42
stdmap_r2,add,1000,0.184,42
stdmap_r2,add,1000,0.185,42
stdmap_r2,add,1000,0.186,42
stdmap_r2,add,1000,0.187,42
stdmap_r2,add,1000,0.188,42
stdmap_r2,add,1000,0.189,42
stdmap_r2,add,1000,0.19,42
stdmap_r2,add,1000,0.191,42
stdmap_r2,add,1000,0.192,42
stdmap_r2,add,1000,0.193,42
stdmap_r2,add,1000,0.194,42
stdmap_r2,add,1000,0.195,42
stdmap_r2,add,1000,0.196,42
stdmap_r2,add,1000,0.197,42
stdmap_r2,add,1000,0.198,42
stdmap_r2,add,1000,0.199,42
stdmap_r2,add,1000,0.2,42
stdmap_r2,add,1000,0.201,42
stdmap_r2,add,1000,0.202,42
stdmap_r2,add,1000,0.203,42
stdmap_r2,add,1000,0.204,42
stdmap_r2,add,1000,0.205,42
stdmap_r2,add,1000,0.206,42
stdmap_r2,add,1000,0.207,42
stdmap_r2,add,1000,0.208,42
stdmap_r2,add,1000,0.209,42
stdmap_r2,add,1000,0.21,42
stdmap_r2,add,1000,0.211,42
stdmap_r2,add,1000,0.212,42
stdmap_r2,add,1000,0.213,42
stdmap_r2,add,1000,0.214,42
stdmap_r2,add,1000,0.215,42
stdmap_r2,add,1000,0.216,42
stdmap_r2,add,1000,0.217,42
stdmap_r2,add,1000,0.218,42
stdmap_r2,add,1000,0.219,83
stdmap_r2,add,1000,0.22,83
stdmap_r2,add,1000,0.221,83
stdmap_r2,add,1000,0.222,83
stdmap_r2,add,1000,0.223,83
stdmap_r2,add,1000,0.224,83
stdmap_r2,add,1000,0.225,83
stdmap_r2,add,1000,0.226,83
stdmap_r2,add,1000,0.227,83
stdmap_r2,add,1000,0.228,83
stdmap_r2,add,1000,0.229,83
stdmap_r2,add,1000,0.23,83
stdmap_r2,add,1000,0.231,83
stdmap_r2,add,1000,0.232,83
stdmap_r2,add,1000,0.233,83
stdmap_r2,add,1000,0.234,83
stdmap_r2,add,1000,0.235,83
stdmap_r2,add,1000,0.236,83
stdmap_r2,add,1000,0.237,83
stdmap_r2,add,1000,0.238,83
stdmap_r2,add,1000,0.239,83
stdmap_r2,add,1000,0.24,83
stdmap_r2,add,1000,0.241,83
stdmap_r2,add,1000,0.242,83
stdmap_r2,add,1000,0.243,83
stdmap_r2,add,1000,0.244,83
stdmap_r2,add,1000,0.245,83
stdmap_r2,add,1000,0.246,83
stdmap_r2,add,1000,0.247,83
stdmap_r2,add,1000,0.248,83
stdmap_r2,add,1000,0.249,83
stdmap_r2,add,1000,0.25,83
stdmap_r2,add,1000,0.251,83
stdmap_r2,add,1000,0.252,83
stdmap_r2,add,1000,0.253,83
stdmap_r2,add,1000,0.254,83
stdmap_r2,add,1000,0.255,83
stdmap_r2,add,1000,0.256,83
stdmap_r2,add,1000,0.257,83
stdmap_r2,add,1000,0.258,83
stdmap_r2,add,1000,0.259,83
stdmap_r2,add,1000,0.26,83
stdmap_r2,add,1000,0.261,83
stdmap_r2,add,1000,0.262,83
stdmap_r2,add,1000,0.263,83
stdmap_r2,add,1000,0.264,83
stdmap_r2,add,1000,0.265,83
stdmap_r2,add,1000,0.266,83
stdmap_r2,add,1000,0.267,83
stdmap_r2,add,1000,0.268,83
stdmap_r2,add,1000,0.269,83
stdmap_r2,add,1000,0.27,83
stdmap_r2,add,1000,0.271,83
stdmap_r2,add,1000,0.272,83
stdmap_r2,add,1000,0.273,83
stdmap_r2,add,1000,0.274,83
stdmap_r2,add,1000,0.275,83
stdmap_r2,add,1000,0.276,83
stdmap_r2,add,1000,0.277,83
stdmap_r2,add,1000,0.278,83
stdmap_r2,add,1000,0.279,83
stdmap_r2,add,1000,0.28,83
stdmap_r2,add,1000,0.281,83
stdmap_r2,add,1000,0.282,83
stdmap_r2,add,1000,0.283,83
stdmap_r2,add,1000,0.284,83
stdmap_r2,add,1000,0.285,83
stdmap_r2,add,1000,0.286,83
stdmap_r2,add,1000,0.287,83
stdmap_r2,add,1000,0.288,83
stdmap_r2,add,1000,0.289,83
stdmap_r2,add,1000,0.29,83
stdmap_r2,add,1000,0.291,83
stdmap_r2,add,1000,0.292,83
stdmap_r2,add,1000,0.293,83
stdmap_r2,add,1000,0.294,83
stdmap_r2,add,1000,0.295,83
stdmap_r2,add,1000,0.296,83
stdmap_r2,add,1000,0.297,83
stdmap_r2,add,1000,0.298,83
stdmap_r2,add,1000,0.299,83
stdmap_r2,add,1000,0.3,83
stdmap_r2,add,1000,0.301,83
stdmap_r2,add,1000,0.302,83
stdmap_r2,add,1000,0.303,83
stdmap_r2,add,1000,0.304,83
stdmap_r2,add,1000,0.305,83
stdmap_r2,add,1000,0.306,83
stdmap_r2,add,1000,0.307,83
stdmap_r2,add,1000,0.308,83
stdmap_r2,add,1000,0.309,83
stdmap_r2,add,1000,0.31,83
stdmap_r2,add,1000,0.311,83
stdmap_r2,add,1000,0.312,83
stdmap_r2,add,1000,0.313,83
stdmap_r2,add,1000,0.314,83
stdmap_r2,add,1000,0.315,83
stdmap_r2,add,1000,0.316,83
stdmap_r2,add,1000,0.317,83
stdmap_r2,add,1000,0.318,83
stdmap_r2,add,1000,0.319,83
stdmap_r2,add,1000,0.32,83
stdmap_r2,add,1000,0.321,83
stdmap_r2,add,1000,0.322,83
stdmap_r2,add,1000,0.323,83
stdmap_r2,add,1000,0.324,83
stdmap_r2,add,1000,0.325,83
stdmap_r2,add,1000,0.326,83
stdmap_r2,add,1000,0.327,83
stdmap_r2,add,1000,0.328,83
stdmap_r2,add,1000,0.329,83
stdmap_r2,add,1000,0.33,83
stdmap_r2,add,1000,0.331,83
stdmap_r2,add,1000,0.332,83
stdmap_r2,add,1000,0.333,83
stdmap_r2,add,1000,0.334,83
stdmap_r2,add,1000,0.335,83
stdmap_r2,add,1000,0.336,83
stdmap_r2,add,1000,0.337,83
stdmap_r2,add,1000,0.338,83
stdmap_r2,add,1000,0.339,83
stdmap_r2,add,1000,0.34,83
stdmap_r2,add,1000,0.341,83
stdmap_r2,add,1000,0.342,83
stdmap_r2,add,1000,0.343,83
stdmap_r2,add,1000,0.344,83
stdmap_r2,add,1000,0.345,83
stdmap_r2,add,1000,0.346,83
stdmap_r2,add,1000,0.347,83
stdmap_r2,add,1000,0.348,83
stdmap_r2,add,1000,0.349,83
stdmap_r2,add,1000,0.35,83
stdmap_r2,add,1000,0.351,83
stdmap_r2,add,1000,0.352,83
stdmap_r2,add,1000,0.353,83
stdmap_r2,add,1000,0.354,83
stdmap_r2,add,1000,0.355,83
stdmap_r2,add,1000,0.356,83
stdmap_r2,add,1000,0.357,83
stdmap_r2,add,1000,0.358,83
stdmap_r2,add,1000,0.359,83
stdmap_r2,add,1000,0.36,83
stdmap_r2,add,1000,0.361,83
stdmap_r2,add,1000,0.362,83
stdmap_r2,add,1000,0.363,83
stdmap_r2,add,1000,0.364,83
stdmap_r2,add,1000,0.365,83
stdmap_r2,add,1000,0.366,83
stdmap_r2,add,1000,0.367,83
stdmap_r2,add,1000,0.368,83
stdmap_r2,add,1000,0.369,83
stdmap_r2,add,1000,0.37,83
stdmap_r2,add,1000,0.371,83
stdmap_r2,add,1000,0.372,83
stdmap_r2,add,1000,0.373,83
stdmap_r2,add,1000,0.374,83
stdmap_r2,add,1000,0.375,83
stdmap_r2,add,1000,0.376,83
stdmap_r2,add,1000,0.377,83
stdmap_r2,add,1000,0.378,83
stdmap_r2,add,1000,0.379,83
stdmap_r2,add,1000,0.38,83
stdmap_r2,add,1000,0.381,83
stdmap_r2,add,1000,0.382,83
stdmap_r2,add,1000,0.383,83
stdmap_r2,add,1000,0.384,83
stdmap_r2,add,1000,0.385,83
stdmap_r2,add,1000,0.386,83
stdmap_r2,add,1000,0.387,83
stdmap_r2,add,1000,0.388,83
stdmap_r2,add,1000,0.389,83
stdmap_r2,add,1000,0.39,83
stdmap_r2,add,1000,0.391,83
stdmap_r2,add,1000,0.392,83
stdmap_r2,add,1000,0.393,83
stdmap_r2,add,1000,0.394,83
stdmap_r2,add,1000,0.395,83
stdmap_r2,add,1000,0.396,83
stdmap_r2,add,1000,0.397,83
stdmap_r2,add,1000,0.398,83
stdmap_r2,add,1000,0.399,83
stdmap_r2,add,1000,0.4,83
stdmap_r2,add,1000,0.401,83
stdmap_r2,add,1000,0.402,83
stdmap_r2,add,1000,0.403,83
stdmap_r2,add,1000,0.404,83
stdmap_r2,add,1000,0.405,83
stdmap_r2,add,1000,0.406,83
stdmap_r2,add,1000,0.407,83
stdmap_r2,add,1000,0.408,83
stdmap_r2,add,1000,0.409,83
stdmap_r2,add,1000,0.41,83
stdmap_r2,add,1000,0.411,83
stdmap_r2,add,1000,0.412,83
stdmap_r2,add,1000,0.413,83
stdmap_r2,add,1000,0.414,83
stdmap_r2,add,1000,0.415,83
stdmap_r2,add,1000,0.416,83
stdmap_r2,add,1000,0.417,83
stdmap_r2,add,1000,0.418,83
stdmap_r2,add,1000,0.419,83
stdmap_r2,add,1000,0.42,83
stdmap_r2,add,1000,0.421,83
stdmap_r2,add,1000,0.422,83
stdmap_r2,add,1000,0.423,83
stdmap_r2,add,1000,0.424,83
stdmap_r2,add,1000,0.425,83
stdmap_r2,add,1000,0.426,83
stdmap_r2,add,1000,0.427,83
stdmap_r2,add,1000,0.428,83
stdmap_r2,add,1000,0.429,83
stdmap_r2,add,1000,0.43,83
stdmap_r2,add,1000,0.431,83
stdmap_r2,add,1000,0.432,83
stdmap_r2,add,1000,0.433,83
stdmap_r2,add,1000,0.434,83
stdmap_r2,add,1000,0.435,83
stdmap_r2,add,1000,0.436,83
stdmap_r2,add,1000,0.437,83
stdmap_r2,add,1000,0.438,83
stdmap_r2,add,1000,0.439,83
stdmap_r2,add,1000,0.44,83
stdmap_r2,add,1000,0.441,83
stdmap_r2,add,1000,0.442,83
stdmap_r2,add,1000,0.443,83
stdmap_r2,add,1000,0.444,83
stdmap_r2,add,1000,0.445,83
stdmap_r2,add,1000,0.446,83
stdmap_r2,add,1000,0.447,83
stdmap_r2,add,1000,0.448,83
stdmap_r2,add,1000,0.449,83
stdmap_r2,add,1000,0.45,83
stdmap_r2,add,1000,0.451,83
stdmap_r2,add,1000,0.452,83
stdmap_r2,add,1000,0.453,83
stdmap_r2,add,1000,0.454,83
stdmap_r2,add,1000,0.455,83
stdmap_r2,add,1000,0.456,83
stdmap_r2,add,1000,0.457,83
stdmap_r2,add,1000,0.458,83
stdmap_r2,add,1000,0.459,83
stdmap_r2,add,1000,0.46,83
stdmap_r2,add,1000,0.461,83
stdmap_r2,add,1000,0.462,83
stdmap_r2,add,1000,0.463,83
stdmap_r2,add,1000,0.464,83
stdmap_r2,add,1000,0.465,83
stdmap_r2,add,1000,0.466,83
stdmap_r2,add,1000,0.467,83
stdmap_r2,add,1000,0.468,83
stdmap_r2,add,1000,0.469,83
stdmap_r2,add,1000,0.47,83
stdmap_r2,add,1000,0.471,83
stdmap_r2,add,1000,0.472,83
stdmap_r2,add,1000,0.473,83
stdmap_r2,add,1000,0.474,83
stdmap_r2,add,1000,0.475,83
stdmap_r2,add,1000,0.476,83
stdmap_r2,add,1000,0.477,83
stdmap_r2,add,1000,0.478,83
stdmap_r2,add,1000,0.479,83
stdmap_r2,add,1000,0.48,83
stdmap_r2,add,1000,0.481,83
stdmap_r2,add,1000,0.482,83
stdmap_r2,add,1000,0.483,83
stdmap_r2,add,1000,0.484,83
stdmap_r2,add,1000,0.485,83
stdmap_r2,add,1000,0.486,83
stdmap_r2,add,1000,0.487,83
stdmap_r2,add,1000,0.488,83
stdmap_r2,add,1000,0.489,83
stdmap_r2,add,1000,0.49,83
stdmap_r2,add,1000,0.491,83
stdmap_r2,add,1000,0.492,83
stdmap_r2,add,1000,0.493,83
stdmap_r2,add,1000,0.494,83
stdmap_r2,add,1000,0.495,83
stdmap_r2,add,1000,0.496,83
stdmap_r2,add,1000,0.497,83
stdmap_r2,add,1000,0.498,83
stdmap_r2,add,1000,0.499,83
stdmap_r2,add,1000,0.5,83
stdmap_r2,add,1000,0.501,83
stdmap_r2,add,1000,0.502,83
stdmap_r2,add,1000,0.503,83
stdmap_r2,add,1000,0.504,83
stdmap_r2,add,1000,0.505,83
stdmap_r2,add,1000,0.506,83
stdmap_r2,add,1000,0.507,83
stdmap_r2,add,1000,0.508,83
stdmap_r2,add,1000,0.509,83
stdmap_r2,add,1000,0.51,83
stdmap_r2,add,1000,0.511,83
stdmap_r2,add,1000,0.512,83
stdmap_r2,add,1000,0.513,83
stdmap_r2,add,1000,0.514,83
stdmap_r2,add,1000,0.515,83
stdmap_r2,add,1000,0.516,83
stdmap_r2,add,1000,0.517,83
stdmap_r2,add,1000,0.518,83
stdmap_r2,add,1000,0.519,83
stdmap_r2,add,1000,0.52,83
stdmap_r2,add,1000,0.521,83
stdmap_r2,add,1000,0.522,83
stdmap_r2,add,1000,0.523,83
stdmap_r2,add,1000,0.524,83
stdmap_r2,add,1000,0.525,83
stdmap_r2,add,1000,0.526,83
stdmap_r2,add,1000,0.527,83
stdmap_r2,add,1000,0.528,83
stdmap_r2,add,1000,0.529,83
stdmap_r2,add,1000,0.53,83
stdmap_r2,add,1000,0.531,83
stdmap_r2,add,1000,0.532,83
stdmap_r2,add,1000,0.533,83
stdmap_r2,add,1000,0.534,83
stdmap_r2,add,1000,0.535,83
stdmap_r2,add,1000,0.536,83
stdmap_r2,add,1000,0.537,83
stdmap_r2,add,1000,0.538,83
stdmap_r2,add,1000,0.539,83
stdmap_r2,add,1000,0.54,83
stdmap_r2,add,1000,0.541,83
stdmap_r2,add,1000,0.542,83
stdmap_r2,add,1000,0.543,83
stdmap_r2,add,1000,0.544,83
stdmap_r2,add,1000,0.545,83
stdmap_r2,add,1000,0.546,83
stdmap_r2,add,1000,0.547,83
stdmap_r2,add,1000,0.548,83
stdmap_r2,add,1000,0.549,83
stdmap_r2,add,1000,0.55,83
stdmap_r2,add,1000,0.551,83
stdmap_r2,add,1000,0.552,83
stdmap_r2,add,1000,0.553,83
stdmap_r2,add,1000,0.554,83
stdmap_r2,add,1000,0.555,83
stdmap_r2,add,1000,0.556,83
stdmap_r2,add,1000,0.557,83
stdmap_r2,add,1000,0.558,83
stdmap_r2,add,1000,0.559,83
stdmap_r2,add,1000,0.56,83
stdmap_r2,add,1000,0.561,83
stdmap_r2,add,1000,0.562,83
stdmap_r2,add,1000,0.563,83
stdmap_r2,add,1000,0.564,83
stdmap_r2,add,1000,0.565,83
stdmap_r2,add,1000,0.566,83
stdmap_r2,add,1000,0.567,83
stdmap_r2,add,1000,0.568,83
stdmap_r2,add,1000,0.569,83
stdmap_r2,add,1000,0.57,83
stdmap_r2,add,1000,0.571,83
stdmap_r2,add,1000,0.572,83
stdmap_r2,add,1000,0.573,83
stdmap_r2,add,1000,0.574,83
stdmap_r2,add,1000,0.575,83
stdmap_r2,add,1000,0.576,83
stdmap_r2,add,1000,0.577,83
stdmap_r2,add,1000,0.578,83
stdmap_r2,add,1000,0.579,83
stdmap_r2,add,1000,0.58,83
stdmap_r2,add,1000,0.581,83
stdmap_r2,add,1000,0.582,83
stdmap_r2,add,1000,0.583,83
stdmap_r2,add,1000,0.584,83
stdmap_r2,add,1000,0.585,83
stdmap_r2,add,1000,0.586,83
stdmap_r2,add,1000,0.587,83
stdmap_r2,add,1000,0.588,83
stdmap_r2,add,1000,0.589,83
stdmap_r2,add,1000,0.59,83
stdmap_r2,add,1000,0.591,83
stdmap_r2,add,1000,0.592,83
stdmap_r2,add,1000,0.593,83
stdmap_r2,add,1000,0.594,83
stdmap_r2,add,1000,0.595,83
stdmap_r2,add,1000,0.596,83
stdmap_r2,add,1000,0.597,83
stdmap_r2,add,1000,0.598,83
stdmap_r2,add,1000,0.599,83
stdmap_r2,add,1000,0.6,83
stdmap_r2,add,1000,0.601,83
stdmap_r2,add,1000,0.602,83
stdmap_r2,add,1000,0.603,83
stdmap_r2,add,1000,0.604,83
stdmap_r2,add,1000,0.605,83
stdmap_r2,add,1000,0.606,83
stdmap_r2,add,1000,0.607,83
stdmap_r2,add,1000,0.608,84
stdmap_r2,add,1000,0.609,84
stdmap_r2,add,1000,0.61,84
stdmap_r2,add,1000,0.611,84
stdmap_r2,add,1000,0.612,84
stdmap_r2,add,1000,0.613,84
stdmap_r2,add,1000,0.614,84
stdmap_r2,add,1000,0.615,84
stdmap_r2,add,1000,0.616,84
stdmap_r2,add,1000,0.617,84
stdmap_r2,add,1000,0.618,84
stdmap_r2,add,1000,0.619,84
stdmap_r2,add,1000,0.62,84
stdmap_r2,add,1000,0.621,84
stdmap_r2,add,1000,0.622,84
stdmap_r2,add,1000,0.623,84
stdmap_r2,add,1000,0.624,84
stdmap_r2,add,1000,0.625,84
stdmap_r2,add,1000,0.626,84
stdmap_r2,add,1000,0.627,84
stdmap_r2,add,1000,0.628,84
stdmap_r2,add,1000,0.629,84
stdmap_r2,add,1000,0.63,84
stdmap_r2,add,1000,0.631,84
stdmap_r2,add,1000,0.632,84
stdmap_r2,add,1000,0.633,84
stdmap_r2,add,1000,0.634,84
stdmap_r2,add,1000,0.635,84
stdmap_r2,add,1000,0.636,84
stdmap_r2,add,1000,0.637,84
stdmap_r2,add,1000,0.638,84
stdmap_r2,add,1000,0.639,84
stdmap_r2,add,1000,0.64,84
stdmap_r2,add,1000,0.641,84
stdmap_r2,add,1000,0.642,84
stdmap_r2,add,1000,0.643,84
stdmap_r2,add,1000,0.644,84
stdmap_r2,add,1000,0.645,84
stdmap_r2,add,1000,0.646,84
stdmap_r2,add,1000,0.647,84
stdmap_r2,add,1000,0.648,84
stdmap_r2,add,1000,0.649,84
stdmap_r2,add,1000,0.65,84
stdmap_r2,add,1000,0.651,84
stdmap_r2,add,1000,0.652,84
stdmap_r2,add,1000,0.653,84
stdmap_r2,add,1000,0.654,84
stdmap_r2,add,1000,0.655,84
stdmap_r2,add,1000,0.656,84
stdmap_r2,add,1000,0.657,84
stdmap_r2,add,1000,0.658,84
stdmap_r2,add,1000,0.659,84
stdmap_r2,add,1000,0.66,84
stdmap_r2,add,1000,0.661,84
stdmap_r2,add,1000,0.662,84
stdmap_r2,add,1000,0.663,84
stdmap_r2,add,1000,0.664,84
stdmap_r2,add,1000,0.665,84
stdmap_r2,add,1000,0.666,84
stdmap_r2,add,1000,0.667,84
stdmap_r2,add,1000,0.668,84
stdmap_r2,add,1000,0.669,84
stdmap_r2,add,1000,0.67,84
stdmap_r2,add,1000,0.671,84
stdmap_r2,add,1000,0.672,84
stdmap_r2,add,1000,0.673,84
stdmap_r2,add,1000,0.674,84
stdmap_r2,add,1000,0.675,84
stdmap_r2,add,1000,0.676,84
stdmap_r2,add,1000,0.677,84
stdmap_r2,add,1000,0.678,84
stdmap_r2,add,1000,0.679,84
stdmap_r2,add,1000,0.68,84
stdmap_r2,add,1000,0.681,84
stdmap_r2,add,1000,0.682,84
stdmap_r2,add,1000,0.683,84
stdmap_r2,add,1000,0.684,84
stdmap_r2,add,1000,0.685,84
stdmap_r2,add,1000,0.686,84
stdmap_r2,add,1000,0.687,84
stdmap_r2,add,1000,0.688,84
stdmap_r2,add,1000,0.689,84
stdmap_r2,add,1000,0.69,84
stdmap_r2,add,1000,0.691,84
stdmap_r2,add,1000,0.692,84
stdmap_r2,add,1000,0.693,84
stdmap_r2,add,1000,0.694,84
stdmap_r2,add,1000,0.695,84
stdmap_r2,add,1000,0.696,84
stdmap_r2,add,1000,0.697,84
stdmap_r2,add,1000,0.698,84
stdmap_r2,add,1000,0.699,84
stdmap_r2,add,1000,0.7,84
stdmap_r2,add,1000,0.701,84
stdmap_r2,add,1000,0.702,84
stdmap_r2,add,1000,0.703,84
stdmap_r2,add,1000,0.704,84
stdmap_r2,add,1000,0.705,84
stdmap_r2,add,1000,0.706,84
stdmap_r2,add,1000,0.707,84
stdmap_r2,add,1000,0.708,84
stdmap_r2,add,1000,0.709,84
stdmap_r2,add,1000,0.71,84
stdmap_r2,add,1000,0.711,84
stdmap_r2,add,1000,0.712,84
stdmap_r2,add,1000,0.713,84
stdmap_r2,add,1000,0.714,84
stdmap_r2,add,1000,0.715,84
stdmap_r2,add,1000,0.716,84
stdmap_r2,add,1000,0.717,84
stdmap_r2,add,1000,0.718,84
stdmap_r2,add,1000,0.719,84
stdmap_r2,add,1000,0.72,84
stdmap_r2,add,1000,0.721,84
stdmap_r2,add,1000,0.722,84
stdmap_r2,add,1000,0.723,84
stdmap_r2,add,1000,0.724,84
stdmap_r2,add,1000,0.725,84
stdmap_r2,add,1000,0.726,84
stdmap_r2,add,1000,0.727,84
stdmap_r2,add,1000,0.728,84
stdmap_r2,add,1000,0.729,84
stdmap_r2,add,1000,0.73,84
stdmap_r2,add,1000,0.731,84
stdmap_r2,add,1000,0.732,84
stdmap_r2,add,1000,0.733,84
stdmap_r2,add,1000,0.734,84
stdmap_r2,add,1000,0.735,84
stdmap_r2,add,1000,0.736,84
stdmap_r2,add,1000,0.737,84
stdmap_r2,add,1000,0.738,84
stdmap_r2,add,1000,0.739,84
stdmap_r2,add,1000,0.74,84
stdmap_r2,add,1000,0.741,84
stdmap_r2,add,1000,0.742,84
stdmap_r2,add,1000,0.743,84
stdmap_r2,add,1000,0.744,84
stdmap_r2,add,1000,0.745,84
stdmap_r2,add,1000,0.746,84
stdmap_r2,add,1000,0.747,84
stdmap_r2,add,1000,0.748,84
stdmap_r2,add,1000,0.749,84
stdmap_r2,add,1000,0.75,84
stdmap_r2,add,1000,0.751,84
stdmap_r2,add,1000,0.752,84
stdmap_r2,add,1000,0.753,84
stdmap_r2,add,1000,0.754,84
stdmap_r2,add,1000,0.755,84
stdmap_r2,add,1000,0.756,84
stdmap_r2,add,1000,0.757,84
stdmap_r2,add,1000,0.758,84
stdmap_r2,add,1000,0.759,84
stdmap_r2,add,1000,0.76,84
stdmap_r2,add,1000,0.761,84
stdmap_r2,add,1000,0.762,84
stdmap_r2,add,1000,0.763,84
stdmap_r2,add,1000,0.764,84
stdmap_r2,add,1000,0.765,84
stdmap_r2,add,1000,0.766,84
stdmap_r2,add,1000,0.767,84
stdmap_r2,add,1000,0.768,84
stdmap_r2,add,1000,0.769,84
stdmap_r2,add,1000,0.77,84
stdmap_r2,add,1000,0.771,84
stdmap_r2,add,1000,0.772,84
stdmap_r2,add,1000,0.773,84
stdmap_r2,add,1000,0.774,84
stdmap_r2,add,1000,0.775,84
stdmap_r2,add,1000,0.776,84
stdmap_r2,add,1000,0.777,84
stdmap_r2,add,1000,0.778,84
stdmap_r2,add,1000,0.779,84
stdmap_r2,add,1000,0.78,84
stdmap_r2,add,1000,0.781,84
stdmap_r2,add,1000,0.782,84
stdmap_r2,add,1000,0.783,84
stdmap_r2,add,1000,0.784,84
stdmap_r2,add,1000,0.785,84
stdmap_r2,add,1000,0.786,84
stdmap_r2,add,1000,0.787,84
stdmap_r2,add,1000,0.788,84
stdmap_r2,add,1000,0.789,84
stdmap_r2,add,1000,0.79,84
stdmap_r2,add,1000,0.791,84
stdmap_r2,add,1000,0.792,84
stdmap_r2,add,1000,0.793,84
stdmap_r2,add,1000,0.794,84
stdmap_r2,add,1000,0.795,84
stdmap_r2,add,1000,0.796,84
stdmap_r2,add,1000,0.797,84
stdmap_r2,add,1000,0.798,84
stdmap_r2,add,1000,0.799,84
stdmap_r2,add,1000,0.8,84
stdmap_r2,add,1000,0.801,84
stdmap_r2,add,1000,0.802,84
stdmap_r2,add,1000,0.803,84
stdmap_r2,add,1000,0.804,125
stdmap_r2,add,1000,0.805,125
stdmap_r2,add,1000,0.806,125
stdmap_r2,add,1000,0.807,125
stdmap_r2,add,1000,0.808,125
stdmap_r2,add,1000,0.809,125
stdmap_r2,add,1000,0.81,125
stdmap_r2,add,1000,0.811,125
stdmap_r2,add,1000,0.812,125
stdmap_r2,add,1000,0.813,125
stdmap_r2,add,1000,0.814,125
stdmap_r2,add,1000,0.815,125
stdmap_r2,add,1000,0.816,125
stdmap_r2,add,1000,0.817,125
stdmap_r2,add,1000,0.818,125
stdmap_r2,add,1000,0.819,125
stdmap_r2,add,1000,0.82,125
stdmap_r2,add,1000,0.821,125
stdmap_r2,add,1000,0.822,125
stdmap_r2,add,1000,0.823,125
stdmap_r2,add,1000,0.824,125
stdmap_r2,add,1000,0.825,125
stdmap_r2,add,1000,0.826,125
stdmap_r2,add,1000,0.827,125
stdmap_r2,add,1000,0.828,125
stdmap_r2,add,1000,0.829,125
stdmap_r2,add,1000,0.83,125
stdmap_r2,add,1000,0.831,125
stdmap_r2,add,1000,0.832,125
stdmap_r2,add,1000,0.833,125
stdmap_r2,add,1000,0.834,125
stdmap_r2,add,1000,0.835,125
stdmap_r2,add,1000,0.836,125
stdmap_r2,add,1000,0.837,125
stdmap_r2,add,1000,0.838,125
stdmap_r2,add,1000,0.839,125
stdmap_r2,add,1000,0.84,125
stdmap_r2,add,1000,0.841,125
stdmap_r2,add,1000,0.842,125
stdmap_r2,add,1000,0.843,125
stdmap_r2,add,1000,0.844,125
stdmap_r2,add,1000,0.845,125
stdmap_r2,add,1000,0.846,125
stdmap_r2,add,1000,0.847,125
stdmap_r2,add,1000,0.848,125
stdmap_r2,add,1000,0.849,125
stdmap_r2,add,1000,0.85,125
stdmap_r2,add,1000,0.851,125
stdmap_r2,add,1000,0.852,125
stdmap_r2,add,1000,0.853,125
stdmap_r2,add,1000,0.854,125
stdmap_r2,add,1000,0.855,125
stdmap_r2,add,1000,0.856,125
stdmap_r2,add,1000,0.857,125
stdmap_r2,add,1000,0.858,125
stdmap_r2,add,1000,0.859,166
stdmap_r2,add,1000,0.86,166
stdmap_r2,add,1000,0.861,166
stdmap_r2,add,1000,0.862,166
stdmap_r2,add,1000,0.863,166
stdmap_r2,add,1000,0.864,166
stdmap_r2,add,1000,0.865,166
stdmap_r2,add,1000,0.866,166
stdmap_r2,add,1000,0.867,166
stdmap_r2,add,1000,0.868,166
stdmap_r2,add,1000,0.869,166
stdmap_r2,add,1000,0.87,166
stdmap_r2,add,1000,0.871,166
stdmap_r2,add,1000,0.872,166
stdmap_r2,add,1000,0.873,166
stdmap_r2,add,1000,0.874,166
stdmap_r2,add,1000,0.875,166
stdmap_r2,add,1000,0.876,166
stdmap_r2,add,1000,0.877,166
stdmap_r2,add,1000,0.878,166
stdmap_r2,add,1000,0.879,166
stdmap_r2,add,1000,0.88,166
stdmap_r2,add,1000,0.881,166
stdmap_r2,add,1000,0.882,166
stdmap_r2,add,1000,0.883,166
stdmap_r2,add,1000,0.884,166
stdmap_r2,add,1000,0.885,166
stdmap_r2,add,1000,0.886,166
stdmap_r2,add,1000,0.887,166
stdmap_r2,add,1000,0.888,166
stdmap_r2,add,1000,0.889,166
stdmap_r2,add,1000,0.89,166
stdmap_r2,add,1000,0.891,166
stdmap_r2,add,1000,0.892,166
stdmap_r2,add,1000,0.893,167
stdmap_r2,add,1000,0.894,167
stdmap_r2,add,1000,0.895,167
stdmap_r2,add,1000,0.896,167
stdmap_r2,add,1000,0.897,167
stdmap_r2,add,1000,0.898,167
stdmap_r2,add,1000,0.899,167
stdmap_r2,add,1000,0.9,167
stdmap_r2,add,1000,0.901,167
stdmap_r2,add,1000,0.902,167
stdmap_r2,add,1000,0.903,167
stdmap_r2,add,1000,0.904,167
stdmap_r2,add,1000,0.905,167
stdmap_r2,add,1000,0.906,167
stdmap_r2,add,1000,0.907,167
stdmap_r2,add,1000,0.908,167
stdmap_r2,add,1000,0.909,167
stdmap_r2,add,1000,0.91,167
stdmap_r2,add,1000,0.911,167
stdmap_r2,add,1000,0.912,167
stdmap_r2,add,1000,0.913,167
stdmap_r2,add,1000,0.914,167
stdmap_r2,add,1000,0.915,167
stdmap_r2,add,1000,0.916,167
stdmap_r2,add,1000,0.917,167
stdmap_r2,add,1000,0.918,167
stdmap_r2,add,1000,0.919,167
stdmap_r2,add,1000,0.92,167
stdmap_r2,add,1000,0.921,167
stdmap_r2,add,1000,0.922,167
stdmap_r2,add,1000,0.923,167
stdmap_r2,add,1000,0.924,167
stdmap_r2,add,1000,0.925,167
stdmap_r2,add,1000,0.926,167
stdmap_r2,add,1000,0.927,167
stdmap_r2,add,1000,0.928,167
stdmap_r2,add,1000,0.929,167
stdmap_r2,add,1000,0.93,167
stdmap_r2,add,1000,0.931,167
stdmap_r2,add,1000,0.932,167
stdmap_r2,add,1000,0.933,167
stdmap_r2,add,1000,0.934,167
stdmap_r2,add,1000,0.935,167
stdmap_r2,add,1000,0.936,167
stdmap_r2,add,1000,0.937,167
stdmap_r2,add,1000,0.938,167
stdmap_r2,add,1000,0.939,167
stdmap_r2,add,1000,0.94,167
stdmap_r2,add,1000,0.941,167
stdmap_r2,add,1000,0.942,167
stdmap_r2,add,1000,0.943,167
stdmap_r2,add,1000,0.944,167
stdmap_r2,add,1000,0.945,167
stdmap_r2,add,1000,0.946,167
stdmap_r2,add,1000,0.947,167
stdmap_r2,add,1000,0.948,167
stdmap_r2,add,1000,0.949,167
stdmap_r2,add,1000,0.95,167
stdmap_r2,add,1000,0.951,167
stdmap_r2,add,1000,0.952,167
stdmap_r2,add,1000,0.953,167
stdmap_r2,add,1000,0.954,167
stdmap_r2,add,1000,0.955,167
stdmap_r2,add,1000,0.956,167
stdmap_r2,add,1000,0.957,167
stdmap_r2,add,1000,0.958,167
stdmap_r2,add,1000,0.959,167
stdmap_r2,add,1000,0.96,208
stdmap_r2,add,1000,0.961,208
stdmap_r2,add,1000,0.962,208
stdmap_r2,add,1000,0.963,208
stdmap_r2,add,1000,0.964,208
stdmap_r2,add,1000,0.965,208
stdmap_r2,add,1000,0.966,208
stdmap_r2,add,1000,0.967,208
stdmap_r2,add,1000,0.968,208
stdmap_r2,add,1000,0.969,208
stdmap_r2,add,1000,0.97,208
stdmap_r2,add,1000,0.971,208
stdmap_r2,add,1000,0.972,208
stdmap_r2,add,1000,0.973,208
stdmap_r2,add,1000,0.974,208
stdmap_r2,add,1000,0.975,208
stdmap_r2,add,1000,0.976,208
stdmap_r2,add,1000,0.977,208
stdmap_r2,add,1000,0.978,208
stdmap_r2,add,1000,0.979,209
stdmap_r2,add,1000,0.98,209
stdmap_r2,add,1000,0.981,209
stdmap_r2,add,1000,0.982,209
stdmap_r2,add,1000,0.983,209
stdmap_r2,add,1000,0.984,209
stdmap_r2,add,1000,0.985,209
stdmap_r2,add,1000,0.986,209
stdmap_r2,add,1000,0.987,209
stdmap_r2,add,1000,0.988,250
stdmap_r2,add,1000,0.989,250
stdmap_r2,add,1000,0.99,250
stdmap_r2,add,1000,0.991,250
stdmap_r2,add,1000,0.992,250
stdmap_r2,add,1000,0.993,250
stdmap_r2,add,1000,0.994,250
stdmap_r2,add,1000,0.995,291
stdmap_r2,add,1000,0.996,292
stdmap_r2,add,1000,0.997,333
stdmap_r2,add,1000,0.998,375
stdmap_r2,add,1000,0.999,583
stdmap_r2,cancel,1000,0,0
stdmap_r2,cancel,1000,0.001,41
stdmap_r2,cancel,1000,0.002,41
stdmap_r2,cancel,1000,0.003,41
stdmap_r2,cancel,1000,0.004,41
stdmap_r2,cancel,1000,0.005,41
stdmap_r2,cancel,1000,0.006,41
stdmap_r2,cancel,1000,0.007,41
stdmap_r2,cancel,1000,0.008,41
stdmap_r2,cancel,1000,0.009,41
stdmap_r2,cancel,1000,0.01,41
stdmap_r2,cancel,1000,0.011,41
stdmap_r2,cancel,1000,0.012,42
stdmap_r2,cancel,1000,0.013,42
stdmap_r2,cancel,1000,0.014,42
stdmap_r2,cancel,1000,0.015,42
stdmap_r2,cancel,1000,0.016,42
stdmap_r2,cancel,1000,0.017,42
stdmap_r2,cancel,1000,0.018,42
stdmap_r2,cancel,1000,0.019,42
stdmap_r2,cancel,1000,0.02,42
stdmap_r2,cancel,1000,0.021,42
stdmap_r2,cancel,1000,0.022,42
stdmap_r2,cancel,1000,0.023,42
stdmap_r2,cancel,1000,0.024,42
stdmap_r2,cancel,1000,0.025,42
stdmap_r2,cancel,1000,0.026,42
stdmap_r2,cancel,1000,0.027,42
stdmap_r2,cancel,1000,0.028,42
stdmap_r2,cancel,1000,0.029,42
stdmap_r2,cancel,1000,0.03,42
stdmap_r2,cancel,1000,0.031,42
stdmap_r2,cancel,1000,0.032,42
stdmap_r2,cancel,1000,0.033,42
stdmap_r2,cancel,1000,0.034,42
stdmap_r2,cancel,1000,0.035,42
stdmap_r2,cancel,1000,0.036,83
stdmap_r2,cancel,1000,0.037,83
stdmap_r2,cancel,1000,0.038,83
stdmap_r2,cancel,1000,0.039,83
stdmap_r2,cancel,1000,0.04,83
stdmap_r2,cancel,1000,0.041,83
stdmap_r2,cancel,1000,0.042,83
stdmap_r2,cancel,1000,0.043,83
stdmap_r2,cancel,1000,0.044,83
stdmap_r2,cancel,1000,0.045,83
stdmap_r2,cancel,1000,0.046,83
stdmap_r2,cancel,1000,0.047,83
stdmap_r2,cancel,1000,0.048,83
stdmap_r2,cancel,1000,0.049,83
stdmap_r2,cancel,1000,0.05,83
stdmap_r2,cancel,1000,0.051,83
stdmap_r2,cancel,1000,0.052,83
stdmap_r2,cancel,1000,0.053,83
stdmap_r2,cancel,1000,0.054,83
stdmap_r2,cancel,1000,0.055,83
stdmap_r2,cancel,1000,0.056,83
stdmap_r2,cancel,1000,0.057,83
stdmap_r2,cancel,1000,0.058,83
stdmap_r2,cancel,1000,0.059,83
stdmap_r2,cancel,1000,0.06,83
stdmap_r2,cancel,1000,0.061,83
stdmap_r2,cancel,1000,0.062,83
stdmap_r2,cancel,1000,0.063,83
stdmap_r2,cancel,1000,0.064,83
stdmap_r2,cancel,1000,0.065,83
stdmap_r2,cancel,1000,0.066,83
stdmap_r2,cancel,1000,0.067,83
stdmap_r2,cancel,1000,0.068,83
stdmap_r2,cancel,1000,0.069,83
stdmap_r2,cancel,1000,0.07,83
stdmap_r2,cancel,1000,0.071,83
stdmap_r2,cancel,1000,0.072,83
stdmap_r2,cancel,1000,0.073,83
stdmap_r2,cancel,1000,0.074,83
stdmap_r2,cancel,1000,0.075,83
stdmap_r2,cancel,1000,0.076,83
stdmap_r2,cancel,1000,0.077,83
stdmap_r2,cancel,1000,0.078,83
stdmap_r2,cancel,1000,0.079,83
stdmap_r2,cancel,1000,0.08,83
stdmap_r2,cancel,1000,0.081,83
stdmap_r2,cancel,1000,0.082,83
stdmap_r2,cancel,1000,0.083,83
stdmap_r2,cancel,1000,0.084,83
stdmap_r2,cancel,1000,0.085,83
stdmap_r2,cancel,1000,0.086,83
stdmap_r2,cancel,1000,0.087,83
stdmap_r2,cancel,1000,0.088,83
stdmap_r2,cancel,1000,0.089,83
stdmap_r2,cancel,1000,0.09,83
stdmap_r2,cancel,1000,0.091,83
stdmap_r2,cancel,1000,0.092,83
stdmap_r2,cancel,1000,0.093,83
stdmap_r2,cancel,1000,0.094,83
stdmap_r2,cancel,1000,0.095,83
stdmap_r2,cancel,1000,0.096,83
stdmap_r2,cancel,1000,0.097,83
stdmap_r2,cancel,1000,0.098,83
stdmap_r2,cancel,1000,0.099,83
stdmap_r2,cancel,1000,0.1,83
stdmap_r2,cancel,1000,0.101,83
stdmap_r2,cancel,1000,0.102,83
stdmap_r2,cancel,1000,0.103,83
stdmap_r2,cancel,1000,0.104,83
stdmap_r2,cancel,1000,0.105,83
stdmap_r2,cancel,1000,0.106,83
stdmap_r2,cancel,1000,0.107,83
stdmap_r2,cancel,1000,0.108,83
stdmap_r2,cancel,1000,0.109,83
stdmap_r2,cancel,1000,0.11,83
stdmap_r2,cancel,1000,0.111,83
stdmap_r2,cancel,1000,0.112,83
stdmap_r2,cancel,1000,0.113,83
stdmap_r2,cancel,1000,0.114,83
stdmap_r2,cancel,1000,0.115,83
stdmap_r2,cancel,1000,0.116,83
stdmap_r2,cancel,1000,0.117,83
stdmap_r2,cancel,1000,0.118,83
stdmap_r2,cancel,1000,0.119,83
stdmap_r2,cancel,1000,0.12,83
stdmap_r2,cancel,1000,0.121,83
stdmap_r2,cancel,1000,0.122,83
stdmap_r2,cancel,1000,0.123,83
stdmap_r2,cancel,1000,0.124,83
stdmap_r2,cancel,1000,0.125,83
stdmap_r2,cancel,1000,0.126,83
stdmap_r2,cancel,1000,0.127,83
stdmap_r2,cancel,1000,0.128,83
stdmap_r2,cancel,1000,0.129,83
stdmap_r2,cancel,1000,0.13,83
stdmap_r2,cancel,1000,0.131,83
stdmap_r2,cancel,1000,0.132,83
stdmap_r2,cancel,1000,0.133,83
stdmap_r2,cancel,1000,0.134,83
stdmap_r2,cancel,1000,0.135,83
stdmap_r2,cancel,1000,0.136,83
stdmap_r2,cancel,1000,0.137,83
stdmap_r2,cancel,1000,0.138,83
stdmap_r2,cancel,1000,0.139,83
stdmap_r2,cancel,1000,0.14,83
stdmap_r2,cancel,1000,0.141,83
stdmap_r2,cancel,1000,0.142,83
stdmap_r2,cancel,1000,0.143,83
stdmap_r2,cancel,1000,0.144,83
stdmap_r2,cancel,1000,0.145,83
stdmap_r2,cancel,1000,0.146,83
stdmap_r2,cancel,1000,0.147,83
stdmap_r2,cancel,1000,0.148,83
stdmap_r2,cancel,1000,0.149,83
stdmap_r2,cancel,1000,0.15,83
stdmap_r2,cancel,1000,0.151,83
stdmap_r2,cancel,1000,0.152,83
stdmap_r2,cancel,1000,0.153,83
stdmap_r2,cancel,1000,0.154,83
stdmap_r2,cancel,1000,0.155,83
stdmap_r2,cancel,1000,0.156,83
stdmap_r2,cancel,1000,0.157,83
stdmap_r2,cancel,1000,0.158,83
stdmap_r2,cancel,1000,0.159,83
stdmap_r2,cancel,1000,0.16,83
stdmap_r2,cancel,1000,0.161,83
stdmap_r2,cancel,1000,0.162,83
stdmap_r2,cancel,1000,0.163,83
stdmap_r2,cancel,1000,0.164,83
stdmap_r2,cancel,1000,0.165,83
stdmap_r2,cancel,1000,0.166,83
stdmap_r2,cancel,1000,0.167,83
stdmap_r2,cancel,1000,0.168,83
stdmap_r2,cancel,1000,0.169,83
stdmap_r2,cancel,1000,0.17,83
stdmap_r2,cancel,1000,0.171,83
stdmap_r2,cancel,1000,0.172,83
stdmap_r2,cancel,1000,0.173,83
stdmap_r2,cancel,1000,0.174,83
stdmap_r2,cancel,1000,0.175,83
stdmap_r2,cancel,1000,0.176,83
stdmap_r2,cancel,1000,0.177,83
stdmap_r2,cancel,1000,0.178,83
stdmap_r2,cancel,1000,0.179,83
stdmap_r2,cancel,1000,0.18,83
stdmap_r2,cancel,1000,0.181,83
stdmap_r2,cancel,1000,0.182,83
stdmap_r2,cancel,1000,0.183,83
stdmap_r2,cancel,1000,0.184,83
stdmap_r2,cancel,1000,0.185,83
stdmap_r2,cancel,1000,0.186,83
stdmap_r2,cancel,1000,0.187,83
stdmap_r2,cancel,1000,0.188,83
stdmap_r2,cancel,1000,0.189,83
stdmap_r2,cancel,1000,0.19,83
stdmap_r2,cancel,1000,0.191,83
stdmap_r2,cancel,1000,0.192,83
stdmap_r2,cancel,1000,0.193,83
stdmap_r2,cancel,1000,0.194,83
stdmap_r2,cancel,1000,0.195,83
stdmap_r2,cancel,1000,0.196,83
stdmap_r2,cancel,1000,0.197,83
stdmap_r2,cancel,1000,0.198,83
stdmap_r2,cancel,1000,0.199,83
stdmap_r2,cancel,1000,0.2,83
stdmap_r2,cancel,1000,0.201,83
stdmap_r2,cancel,1000,0.202,83
stdmap_r2,cancel,1000,0.203,83
stdmap_r2,cancel,1000,0.204,83
stdmap_r2,cancel,1000,0.205,83
stdmap_r2,cancel,1000,0.206,83
stdmap_r2,cancel,1000,0.207,83
stdmap_r2,cancel,1000,0.208,83
stdmap_r2,cancel,1000,0.209,83
stdmap_r2,cancel,1000,0.21,83
stdmap_r2,cancel,1000,0.211,83
stdmap_r2,cancel,1000,0.212,83
stdmap_r2,cancel,1000,0.213,83
stdmap_r2,cancel,1000,0.214,83
stdmap_r2,cancel,1000,0.215,83
stdmap_r2,cancel,1000,0.216,83
stdmap_r2,cancel,1000,0.217,83
stdmap_r2,cancel,1000,0.218,83
stdmap_r2,cancel,1000,0.219,83
stdmap_r2,cancel,1000,0.22,83
stdmap_r2,cancel,1000,0.221,83
stdmap_r2,cancel,1000,0.222,83
stdmap_r2,cancel,1000,0.223,83
stdmap_r2,cancel,1000,0.224,83
stdmap_r2,cancel,1000,0.225,83
stdmap_r2,cancel,1000,0.226,83
stdmap_r2,cancel,1000,0.227,83
stdmap_r2,cancel,1000,0.228,83
stdmap_r2,cancel,1000,0.229,83
stdmap_r2,cancel,1000,0.23,83
stdmap_r2,cancel,1000,0.231,83
stdmap_r2,cancel,1000,0.232,83
stdmap_r2,cancel,1000,0.233,83
stdmap_r2,cancel,1000,0.234,83
stdmap_r2,cancel,1000,0.235,83
stdmap_r2,cancel,1000,0.236,83
stdmap_r2,cancel,1000,0.237,83
stdmap_r2,cancel,1000,0.238,83
stdmap_r2,cancel,1000,0.239,83
stdmap_r2,cancel,1000,0.24,83
stdmap_r2,cancel,1000,0.241,83
stdmap_r2,cancel,1000,0.242,83
stdmap_r2,cancel,1000,0.243,83
stdmap_r2,cancel,1000,0.244,83
stdmap_r2,cancel,1000,0.245,83
stdmap_r2,cancel,1000,0.246,83
stdmap_r2,cancel,1000,0.247,83
stdmap_r2,cancel,1000,0.248,83
stdmap_r2,cancel,1000,0.249,83
stdmap_r2,cancel,1000,0.25,83
stdmap_r2,cancel,1000,0.251,83
stdmap_r2,cancel,1000,0.252,83
stdmap_r2,cancel,1000,0.253,83
stdmap_r2,cancel,1000,0.254,83
stdmap_r2,cancel,1000,0.255,83
stdmap_r2,cancel,1000,0.256,83
stdmap_r2,cancel,1000,0.257,83
stdmap_r2,cancel,1000,0.258,83
stdmap_r2,cancel,1000,0.259,83
stdmap_r2,cancel,1000,0.26,83
stdmap_r2,cancel,1000,0.261,83
stdmap_r2,cancel,1000,0.262,83
stdmap_r2,cancel,1000,0.263,83
stdmap_r2,cancel,1000,0.264,83
stdmap_r2,cancel,1000,0.265,83
stdmap_r2,cancel,1000,0.266,83
stdmap_r2,cancel,1000,0.267,83
stdmap_r2,cancel,1000,0.268,83
stdmap_r2,cancel,1000,0.269,83
stdmap_r2,cancel,1000,0.27,83
stdmap_r2,cancel,1000,0.271,83
stdmap_r2,cancel,1000,0.272,83
stdmap_r2,cancel,1000,0.273,83
stdmap_r2,cancel,1000,0.274,83
stdmap_r2,cancel,1000,0.275,83
stdmap_r2,cancel,1000,0.276,83
stdmap_r2,cancel,1000,0.277,83
stdmap_r2,cancel,1000,0.278,83
stdmap_r2,cancel,1000,0.279,83
stdmap_r2,cancel,1000,0.28,83
stdmap_r2,cancel,1000,0.281,83
stdmap_r2,cancel,1000,0.282,83
stdmap_r2,cancel,1000,0.283,83
stdmap_r2,cancel,1000,0.284,83
stdmap_r2,cancel,1000,0.285,83
stdmap_r2,cancel,1000,0.286,83
stdmap_r2,cancel,1000,0.287,83
stdmap_r2,cancel,1000,0.288,83
stdmap_r2,cancel,1000,0.289,83
stdmap_r2,cancel,1000,0.29,83
stdmap_r2,cancel,1000,0.291,83
stdmap_r2,cancel,1000,0.292,83
stdmap_r2,cancel,1000,0.293,83
stdmap_r2,cancel,1000,0.294,83
stdmap_r2,cancel,1000,0.295,83
stdmap_r2,cancel,1000,0.296,83
stdmap_r2,cancel,1000,0.297,83
stdmap_r2,cancel,1000,0.298,83
stdmap_r2,cancel,1000,0.299,83
stdmap_r2,cancel,1000,0.3,83
stdmap_r2,cancel,1000,0.301,83
stdmap_r2,cancel,1000,0.302,83
stdmap_r2,cancel,1000,0.303,83
stdmap_r2,cancel,1000,0.304,83
stdmap_r2,cancel,1000,0.305,83
stdmap_r2,cancel,1000,0.306,83
stdmap_r2,cancel,1000,0.307,83
stdmap_r2,cancel,1000,0.308,83
stdmap_r2,cancel,1000,0.309,83
stdmap_r2,cancel,1000,0.31,83
stdmap_r2,cancel,1000,0.311,83
stdmap_r2,cancel,1000,0.312,83
stdmap_r2,cancel,1000,0.313,83
stdmap_r2,cancel,1000,0.314,83
stdmap_r2,cancel,1000,0.315,83
stdmap_r2,cancel,1000,0.316,83
stdmap_r2,cancel,1000,0.317,83
stdmap_r2,cancel,1000,0.318,83
stdmap_r2,cancel,1000,0.319,83
stdmap_r2,cancel,1000,0.32,83
stdmap_r2,cancel,1000,0.321,83
stdmap_r2,cancel,1000,0.322,83
stdmap_r2,cancel,1000,0.323,83
stdmap_r2,cancel,1000,0.324,83
stdmap_r2,cancel,1000,0.325,83
stdmap_r2,cancel,1000,0.326,83
stdmap_r2,cancel,1000,0.327,83
stdmap_r2,cancel,1000,0.328,83
stdmap_r2,cancel,1000,0.329,83
stdmap_r2,cancel,1000,0.33,83
stdmap_r2,cancel,1000,0.331,83
stdmap_r2,cancel,1000,0.332,83
stdmap_r2,cancel,1000,0.333,83
stdmap_r2,cancel,1000,0.334,83
stdmap_r2,cancel,1000,0.335,83
stdmap_r2,cancel,1000,0.336,83
stdmap_r2,cancel,1000,0.337,83
stdmap_r2,cancel,1000,0.338,83
stdmap_r2,cancel,1000,0.339,83
stdmap_r2,cancel,1000,0.34,83
stdmap_r2,cancel,1000,0.341,83
stdmap_r2,cancel,1000,0.342,83
stdmap_r2,cancel,1000,0.343,83
stdmap_r2,cancel,1000,0.344,84
stdmap_r2,cancel,1000,0.345,84
stdmap_r2,cancel,1000,0.346,84
stdmap_r2,cancel,1000,0.347,84
stdmap_r2,cancel,1000,0.348,84
stdmap_r2,cancel,1000,0.349,84
stdmap_r2,cancel,1000,0.35,84
stdmap_r2,cancel,1000,0.351,84
stdmap_r2,cancel,1000,0.352,84
stdmap_r2,cancel,1000,0.353,84
stdmap_r2,cancel,1000,0.354,84
stdmap_r2,cancel,1000,0.355,84
stdmap_r2,cancel,1000,0.356,84
stdmap_r2,cancel,1000,0.357,84
stdmap_r2,cancel,1000,0.358,84
stdmap_r2,cancel,1000,0.359,84
stdmap_r2,cancel,1000,0.36,84
stdmap_r2,cancel,1000,0.361,84
stdmap_r2,cancel,1000,0.362,84
stdmap_r2,cancel,1000,0.363,84
stdmap_r2,cancel,1000,0.364,84
stdmap_r2,cancel,1000,0.365,84
stdmap_r2,cancel,1000,0.366,84
stdmap_r2,cancel,1000,0.367,84
stdmap_r2,cancel,1000,0.368,84
stdmap_r2,cancel,1000,0.369,84
stdmap_r2,cancel,1000,0.37,84
stdmap_r2,cancel,1000,0.371,84
stdmap_r2,cancel,1000,0.372,84
stdmap_r2,cancel,1000,0.373,84
stdmap_r2,cancel,1000,0.374,84
stdmap_r2,cancel,1000,0.375,84
stdmap_r2,cancel,1000,0.376,84
stdmap_r2,cancel,1000,0.377,84
stdmap_r2,cancel,1000,0.378,84
stdmap_r2,cancel,1000,0.379,84
stdmap_r2,cancel,1000,0.38,84
stdmap_r2,cancel,1000,0.381,84
stdmap_r2,cancel,1000,0.382,84
stdmap_r2,cancel,1000,0.383,84
stdmap_r2,cancel,1000,0.384,84
stdmap_r2,cancel,1000,0.385,84
stdmap_r2,cancel,1000,0.386,84
stdmap_r2,cancel,1000,0.387,84
stdmap_r2,cancel,1000,0.388,84
stdmap_r2,cancel,1000,0.389,84
stdmap_r2,cancel,1000,0.39,84
stdmap_r2,cancel,1000,0.391,84
stdmap_r2,cancel,1000,0.392,84
stdmap_r2,cancel,1000,0.393,84
stdmap_r2,cancel,1000,0.394,84
stdmap_r2,cancel,1000,0.395,84
stdmap_r2,cancel,1000,0.396,84
stdmap_r2,cancel,1000,0.397,84
stdmap_r2,cancel,1000,0.398,84
stdmap_r2,cancel,1000,0.399,84
stdmap_r2,cancel,1000,0.4,84
stdmap_r2,cancel,1000,0.401,84
stdmap_r2,cancel,1000,0.402,84
stdmap_r2,cancel,1000,0.403,84
stdmap_r2,cancel,1000,0.404,84
stdmap_r2,cancel,1000,0.405,84
stdmap_r2,cancel,1000,0.406,84
stdmap_r2,cancel,1000,0.407,84
stdmap_r2,cancel,1000,0.408,84
stdmap_r2,cancel,1000,0.409,84
stdmap_r2,cancel,1000,0.41,84
stdmap_r2,cancel,1000,0.411,84
stdmap_r2,cancel,1000,0.412,84
stdmap_r2,cancel,1000,0.413,84
stdmap_r2,cancel,1000,0.414,84
stdmap_r2,cancel,1000,0.415,84
stdmap_r2,cancel,1000,0.416,84
stdmap_r2,cancel,1000,0.417,84
stdmap_r2,cancel,1000,0.418,84
stdmap_r2,cancel,1000,0.419,84
stdmap_r2,cancel,1000,0.42,84
stdmap_r2,cancel,1000,0.421,84
stdmap_r2,cancel,1000,0.422,84
stdmap_r2,cancel,1000,0.423,84
stdmap_r2,cancel,1000,0.424,84
stdmap_r2,cancel,1000,0.425,84
stdmap_r2,cancel,1000,0.426,84
stdmap_r2,cancel,1000,0.427,84
stdmap_r2,cancel,1000,0.428,84
stdmap_r2,cancel,1000,0.429,84
stdmap_r2,cancel,1000,0.43,84
stdmap_r2,cancel,1000,0.431,84
stdmap_r2,cancel,1000,0.432,84
stdmap_r2,cancel,1000,0.433,84
stdmap_r2,cancel,1000,0.434,84
stdmap_r2,cancel,1000,0.435,84
stdmap_r2,cancel,1000,0.436,84
stdmap_r2,cancel,1000,0.437,84
stdmap_r2,cancel,1000,0.438,84
stdmap_r2,cancel,1000,0.439,84
stdmap_r2,cancel,1000,0.44,84
stdmap_r2,cancel,1000,0.441,84
stdmap_r2,cancel,1000,0.442,84
stdmap_r2,cancel,1000,0.443,84
stdmap_r2,cancel,1000,0.444,84
stdmap_r2,cancel,1000,0.445,84
stdmap_r2,cancel,1000,0.446,84
stdmap_r2,cancel,1000,0.447,84
stdmap_r2,cancel,1000,0.448,84
stdmap_r2,cancel,1000,0.449,84
stdmap_r2,cancel,1000,0.45,84
stdmap_r2,cancel,1000,0.451,84
stdmap_r2,cancel,1000,0.452,84
stdmap_r2,cancel,1000,0.453,84
stdmap_r2,cancel,1000,0.454,84
stdmap_r2,cancel,1000,0.455,84
stdmap_r2,cancel,1000,0.456,84
stdmap_r2,cancel,1000,0.457,84
stdmap_r2,cancel,1000,0.458,84
stdmap_r2,cancel,1000,0.459,84
stdmap_r2,cancel,1000,0.46,84
stdmap_r2,cancel,1000,0.461,84
stdmap_r2,cancel,1000,0.462,84
stdmap_r2,cancel,1000,0.463,84
stdmap_r2,cancel,1000,0.464,84
stdmap_r2,cancel,1000,0.465,84
stdmap_r2,cancel,1000,0.466,84
stdmap_r2,cancel,1000,0.467,84
stdmap_r2,cancel,1000,0.468,84
stdmap_r2,cancel,1000,0.469,84
stdmap_r2,cancel,1000,0.47,84
stdmap_r2,cancel,1000,0.471,84
stdmap_r2,cancel,1000,0.472,84
stdmap_r2,cancel,1000,0.473,84
stdmap_r2,cancel,1000,0.474,84
stdmap_r2,cancel,1000,0.475,84
stdmap_r2,cancel,1000,0.476,84
stdmap_r2,cancel,1000,0.477,84
stdmap_r2,cancel,1000,0.478,84
stdmap_r2,cancel,1000,0.479,84
stdmap_r2,cancel,1000,0.48,84
stdmap_r2,cancel,1000,0.481,84
stdmap_r2,cancel,1000,0.482,84
stdmap_r2,cancel,1000,0.483,84
stdmap_r2,cancel,1000,0.484,84
stdmap_r2,cancel,1000,0.485,84
stdmap_r2,cancel,1000,0.486,84
stdmap_r2,cancel,1000,0.487,84
stdmap_r2,cancel,1000,0.488,84
stdmap_r2,cancel,1000,0.489,84
stdmap_r2,cancel,1000,0.49,84
stdmap_r2,cancel,1000,0.491,84
stdmap_r2,cancel,1000,0.492,84
stdmap_r2,cancel,1000,0.493,84
stdmap_r2,cancel,1000,0.494,84
stdmap_r2,cancel,1000,0.495,84
stdmap_r2,cancel,1000,0.496,84
stdmap_r2,cancel,1000,0.497,125
stdmap_r2,cancel,1000,0.498,125
stdmap_r2,cancel,1000,0.499,125
stdmap_r2,cancel,1000,0.5,125
stdmap_r2,cancel,1000,0.501,125
stdmap_r2,cancel,1000,0.502,125
stdmap_r2,cancel,1000,0.503,125
stdmap_r2,cancel,1000,0.504,125
stdmap_r2,cancel,1000,0.505,125
stdmap_r2,cancel,1000,0.506,125
stdmap_r2,cancel,1000,0.507,125
stdmap_r2,cancel,1000,0.508,125
stdmap_r2,cancel,1000,0.509,125
stdmap_r2,cancel,1000,0.51,125
stdmap_r2,cancel,1000,0.511,125
stdmap_r2,cancel,1000,0.512,125
stdmap_r2,cancel,1000,0.513,125
stdmap_r2,cancel,1000,0.514,125
stdmap_r2,cancel,1000,0.515,125
stdmap_r2,cancel,1000,0.516,125
stdmap_r2,cancel,1000,0.517,125
stdmap_r2,cancel,1000,0.518,125
stdmap_r2,cancel,1000,0.519,125
stdmap_r2,cancel,1000,0.52,125
stdmap_r2,cancel,1000,0.521,125
stdmap_r2,cancel,1000,0.522,125
stdmap_r2,cancel,1000,0.523,125
stdmap_r2,cancel,1000,0.524,125
stdmap_r2,cancel,1000,0.525,125
stdmap_r2,cancel,1000,0.526,125
stdmap_r2,cancel,1000,0.527,125
stdmap_r2,cancel,1000,0.528,125
stdmap_r2,cancel,1000,0.529,125
stdmap_r2,cancel,1000,0.53,125
stdmap_r2,cancel,1000,0.531,125
stdmap_r2,cancel,1000,0.532,125
stdmap_r2,cancel,1000,0.533,125
stdmap_r2,cancel,1000,0.534,125
stdmap_r2,cancel,1000,0.535,125
stdmap_r2,cancel,1000,0.536,125
stdmap_r2,cancel,1000,0.537,125
stdmap_r2,cancel,1000,0.538,125
stdmap_r2,cancel,1000,0.539,125
stdmap_r2,cancel,1000,0.54,125
stdmap_r2,cancel,1000,0.541,125
stdmap_r2,cancel,1000,0.542,125
stdmap_r2,cancel,1000,0.543,125
stdmap_r2,cancel,1000,0.544,125
stdmap_r2,cancel,1000,0.545,125
stdmap_r2,cancel,1000,0.546,125
stdmap_r2,cancel,1000,0.547,125
stdmap_r2,cancel,1000,0.548,125
stdmap_r2,cancel,1000,0.549,125
stdmap_r2,cancel,1000,0.55,125
stdmap_r2,cancel,1000,0.551,125
stdmap_r2,cancel,1000,0.552,125
stdmap_r2,cancel,1000,0.553,125
stdmap_r2,cancel,1000,0.554,125
stdmap_r2,cancel,1000,0.555,125
stdmap_r2,cancel,1000,0.556,125
stdmap_r2,cancel,1000,0.557,125
stdmap_r2,cancel,1000,0.558,125
stdmap_r2,cancel,1000,0.559,125
stdmap_r2,cancel,1000,0.56,125
stdmap_r2,cancel,1000,0.561,125
stdmap_r2,cancel,1000,0.562,125
stdmap_r2,cancel,1000,0.563,125
stdmap_r2,cancel,1000,0.564,125
stdmap_r2,cancel,1000,0.565,125
stdmap_r2,cancel,1000,0.566,125
stdmap_r2,cancel,1000,0.567,125
stdmap_r2,cancel,1000,0.568,125
stdmap_r2,cancel,1000,0.569,125
stdmap_r2,cancel,1000,0.57,125
stdmap_r2,cancel,1000,0.571,125
stdmap_r2,cancel,1000,0.572,125
stdmap_r2,cancel,1000,0.573,125
stdmap_r2,cancel,1000,0.574,125
stdmap_r2,cancel,1000,0.575,125
stdmap_r2,cancel,1000,0.576,125
stdmap_r2,cancel,1000,0.577,125
stdmap_r2,cancel,1000,0.578,125
stdmap_r2,cancel,1000,0.579,125
stdmap_r2,cancel,1000,0.58,125
stdmap_r2,cancel,1000,0.581,125
stdmap_r2,cancel,1000,0.582,125
stdmap_r2,cancel,1000,0.583,125
stdmap_r2,cancel,1000,0.584,125
stdmap_r2,cancel,1000,0.585,125
stdmap_r2,cancel,1000,0.586,125
stdmap_r2,cancel,1000,0.587,125
stdmap_r2,cancel,1000,0.588,125
stdmap_r2,cancel,1000,0.589,125
stdmap_r2,cancel,1000,0.59,125
stdmap_r2,cancel,1000,0.591,125
stdmap_r2,cancel,1000,0.592,125
stdmap_r2,cancel,1000,0.593,125
stdmap_r2,cancel,1000,0.594,125
stdmap_r2,cancel,1000,0.595,125
stdmap_r2,cancel,1000,0.596,125
stdmap_r2,cancel,1000,0.597,125
stdmap_r2,cancel,1000,0.598,125
stdmap_r2,cancel,1000,0.599,125
stdmap_r2,cancel,1000,0.6,125
stdmap_r2,cancel,1000,0.601,125
stdmap_r2,cancel,1000,0.602,125
stdmap_r2,cancel,1000,0.603,125
stdmap_r2,cancel,1000,0.604,125
stdmap_r2,cancel,1000,0.605,125
stdmap_r2,cancel,1000,0.606,125
stdmap_r2,cancel,1000,0.607,125
stdmap_r2,cancel,1000,0.608,125
stdmap_r2,cancel,1000,0.609,125
stdmap_r2,cancel,1000,0.61,125
stdmap_r2,cancel,1000,0.611,125
stdmap_r2,cancel,1000,0.612,125
stdmap_r2,cancel,1000,0.613,125
stdmap_r2,cancel,1000,0.614,125
stdmap_r2,cancel,1000,0.615,125
stdmap_r2,cancel,1000,0.616,125
stdmap_r2,cancel,1000,0.617,125
stdmap_r2,cancel,1000,0.618,125
stdmap_r2,cancel,1000,0.619,125
stdmap_r2,cancel,1000,0.62,125
stdmap_r2,cancel,1000,0.621,125
stdmap_r2,cancel,1000,0.622,125
stdmap_r2,cancel,1000,0.623,125
stdmap_r2,cancel,1000,0.624,125
stdmap_r2,cancel,1000,0.625,125
stdmap_r2,cancel,1000,0.626,125
stdmap_r2,cancel,1000,0.627,125
stdmap_r2,cancel,1000,0.628,125
stdmap_r2,cancel,1000,0.629,125
stdmap_r2,cancel,1000,0.63,125
stdmap_r2,cancel,1000,0.631,125
stdmap_r2,cancel,1000,0.632,125
stdmap_r2,cancel,1000,0.633,125
stdmap_r2,cancel,1000,0.634,125
stdmap_r2,cancel,1000,0.635,125
stdmap_r2,cancel,1000,0.636,125
stdmap_r2,cancel,1000,0.637,125
stdmap_r2,cancel,1000,0.638,125
stdmap_r2,cancel,1000,0.639,125
stdmap_r2,cancel,1000,0.64,125
stdmap_r2,cancel,1000,0.641,125
stdmap_r2,cancel,1000,0.642,125
stdmap_r2,cancel,1000,0.643,125
stdmap_r2,cancel,1000,0.644,125
stdmap_r2,cancel,1000,0.645,125
stdmap_r2,cancel,1000,0.646,125
stdmap_r2,cancel,1000,0.647,125
stdmap_r2,cancel,1000,0.648,125
stdmap_r2,cancel,1000,0.649,125
stdmap_r2,cancel,1000,0.65,125
stdmap_r2,cancel,1000,0.651,125
stdmap_r2,cancel,1000,0.652,125
stdmap_r2,cancel,1000,0.653,125
stdmap_r2,cancel,1000,0.654,125
stdmap_r2,cancel,1000,0.655,125
stdmap_r2,cancel,1000,0.656,125
stdmap_r2,cancel,1000,0.657,125
stdmap_r2,cancel,1000,0.658,125
stdmap_r2,cancel,1000,0.659,125
stdmap_r2,cancel,1000,0.66,125
stdmap_r2,cancel,1000,0.661,125
stdmap_r2,cancel,1000,0.662,125
stdmap_r2,cancel,1000,0.663,125
stdmap_r2,cancel,1000,0.664,125
stdmap_r2,cancel,1000,0.665,125
stdmap_r2,cancel,1000,0.666,125
stdmap_r2,cancel,1000,0.667,125
stdmap_r2,cancel,1000,0.668,125
stdmap_r2,cancel,1000,0.669,125
stdmap_r2,cancel,1000,0.67,125
stdmap_r2,cancel,1000,0.671,125
stdmap_r2,cancel,1000,0.672,125
stdmap_r2,cancel,1000,0.673,125
stdmap_r2,cancel,1000,0.674,125
stdmap_r2,cancel,1000,0.675,125
stdmap_r2,cancel,1000,0.676,125
stdmap_r2,cancel,1000,0.677,125
stdmap_r2,cancel,1000,0.678,125
stdmap_r2,cancel,1000,0.679,125
stdmap_r2,cancel,1000,0.68,125
stdmap_r2,cancel,1000,0.681,125
stdmap_r2,cancel,1000,0.682,125
stdmap_r2,cancel,1000,0.683,125
stdmap_r2,cancel,1000,0.684,125
stdmap_r2,cancel,1000,0.685,125
stdmap_r2,cancel,1000,0.686,125
stdmap_r2,cancel,1000,0.687,125
stdmap_r2,cancel,1000,0.688,125
stdmap_r2,cancel,1000,0.689,125
stdmap_r2,cancel,1000,0.69,125
stdmap_r2,cancel,1000,0.691,125
stdmap_r2,cancel,1000,0.692,125
stdmap_r2,cancel,1000,0.693,125
stdmap_r2,cancel,1000,0.694,125
stdmap_r2,cancel,1000,0.695,125
stdmap_r2,cancel,1000,0.696,125
stdmap_r2,cancel,1000,0.697,125
stdmap_r2,cancel,1000,0.698,125
stdmap_r2,cancel,1000,0.699,125
stdmap_r2,cancel,1000,0.7,125
stdmap_r2,cancel,1000,0.701,125
stdmap_r2,cancel,1000,0.702,125
stdmap_r2,cancel,1000,0.703,125
stdmap_r2,cancel,1000,0.704,125
stdmap_r2,cancel,1000,0.705,125
stdmap_r2,cancel,1000,0.706,125
stdmap_r2,cancel,1000,0.707,125
stdmap_r2,cancel,1000,0.708,125
stdmap_r2,cancel,1000,0.709,125
stdmap_r2,cancel,1000,0.71,125
stdmap_r2,cancel,1000,0.711,125
stdmap_r2,cancel,1000,0.712,125
stdmap_r2,cancel,1000,0.713,125
stdmap_r2,cancel,1000,0.714,125
stdmap_r2,cancel,1000,0.715,125
stdmap_r2,cancel,1000,0.716,125
stdmap_r2,cancel,1000,0.717,125
stdmap_r2,cancel,1000,0.718,125
stdmap_r2,cancel,1000,0.719,125
stdmap_r2,cancel,1000,0.72,125
stdmap_r2,cancel,1000,0.721,125
stdmap_r2,cancel,1000,0.722,125
stdmap_r2,cancel,1000,0.723,125
stdmap_r2,cancel,1000,0.724,125
stdmap_r2,cancel,1000,0.725,125
stdmap_r2,cancel,1000,0.726,125
stdmap_r2,cancel,1000,0.727,125
stdmap_r2,cancel,1000,0.728,125
stdmap_r2,cancel,1000,0.729,125
stdmap_r2,cancel,1000,0.73,125
stdmap_r2,cancel,1000,0.731,125
stdmap_r2,cancel,1000,0.732,125
stdmap_r2,cancel,1000,0.733,125
stdmap_r2,cancel,1000,0.734,125
stdmap_r2,cancel,1000,0.735,125
stdmap_r2,cancel,1000,0.736,125
stdmap_r2,cancel,1000,0.737,125
stdmap_r2,cancel,1000,0.738,125
stdmap_r2,cancel,1000,0.739,125
stdmap_r2,cancel,1000,0.74,125
stdmap_r2,cancel,1000,0.741,125
stdmap_r2,cancel,1000,0.742,125
stdmap_r2,cancel,1000,0.743,125
stdmap_r2,cancel,1000,0.744,125
stdmap_r2,cancel,1000,0.745,125
stdmap_r2,cancel,1000,0.746,125
stdmap_r2,cancel,1000,0.747,125
stdmap_r2,cancel,1000,0.748,125
stdmap_r2,cancel,1000,0.749,125
stdmap_r2,cancel,1000,0.75,166
stdmap_r2,cancel,1000,0.751,166
stdmap_r2,cancel,1000,0.752,166
stdmap_r2,cancel,1000,0.753,166
stdmap_r2,cancel,1000,0.754,166
stdmap_r2,cancel,1000,0.755,166
stdmap_r2,cancel,1000,0.756,166
stdmap_r2,cancel,1000,0.757,166
stdmap_r2,cancel,1000,0.758,166
stdmap_r2,cancel,1000,0.759,166
stdmap_r2,cancel,1000,0.76,166
stdmap_r2,cancel,1000,0.761,166
stdmap_r2,cancel,1000,0.762,166
stdmap_r2,cancel,1000,0.763,166
stdmap_r2,cancel,1000,0.764,166
stdmap_r2,cancel,1000,0.765,166
stdmap_r2,cancel,1000,0.766,166
stdmap_r2,cancel,1000,0.767,166
stdmap_r2,cancel,1000,0.768,166
stdmap_r2,cancel,1000,0.769,166
stdmap_r2,cancel,1000,0.77,166
stdmap_r2,cancel,1000,0.771,166
stdmap_r2,cancel,1000,0.772,166
stdmap_r2,cancel,1000,0.773,166
stdmap_r2,cancel,1000,0.774,166
stdmap_r2,cancel,1000,0.775,166
stdmap_r2,cancel,1000,0.776,166
stdmap_r2,cancel,1000,0.777,166
stdmap_r2,cancel,1000,0.778,166
stdmap_r2,cancel,1000,0.779,166
stdmap_r2,cancel,1000,0.78,166
stdmap_r2,cancel,1000,0.781,166
stdmap_r2,cancel,1000,0.782,166
stdmap_r2,cancel,1000,0.783,166
stdmap_r2,cancel,1000,0.784,166
stdmap_r2,cancel,1000,0.785,166
stdmap_r2,cancel,1000,0.786,166
stdmap_r2,cancel,1000,0.787,166
stdmap_r2,cancel,1000,0.788,166
stdmap_r2,cancel,1000,0.789,166
stdmap_r2,cancel,1000,0.79,166
stdmap_r2,cancel,1000,0.791,166
stdmap_r2,cancel,1000,0.792,166
stdmap_r2,cancel,1000,0.793,166
stdmap_r2,cancel,1000,0.794,166
stdmap_r2,cancel,1000,0.795,166
stdmap_r2,cancel,1000,0.796,166
stdmap_r2,cancel,1000,0.797,166
stdmap_r2,cancel,1000,0.798,166
stdmap_r2,cancel,1000,0.799,167
stdmap_r2,cancel,1000,0.8,167
stdmap_r2,cancel,1000,0.801,167
stdmap_r2,cancel,1000,0.802,167
stdmap_r2,cancel,1000,0.803,167
stdmap_r2,cancel,1000,0.804,167
stdmap_r2,cancel,1000,0.805,167
stdmap_r2,cancel,1000,0.806,167
stdmap_r2,cancel,1000,0.807,167
stdmap_r2,cancel,1000,0.808,167
stdmap_r2,cancel,1000,0.809,167
stdmap_r2,cancel,1000,0.81,167
stdmap_r2,cancel,1000,0.811,167
stdmap_r2,cancel,1000,0.812,167
stdmap_r2,cancel,1000,0.813,167
stdmap_r2,cancel,1000,0.814,167
stdmap_r2,cancel,1000,0.815,167
stdmap_r2,cancel,1000,0.816,167
stdmap_r2,cancel,1000,0.817,167
stdmap_r2,cancel,1000,0.818,167
stdmap_r2,cancel,1000,0.819,167
stdmap_r2,cancel,1000,0.82,167
stdmap_r2,cancel,1000,0.821,167
stdmap_r2,cancel,1000,0.822,167
stdmap_r2,cancel,1000,0.823,167
stdmap_r2,cancel,1000,0.824,167
stdmap_r2,cancel,1000,0.825,167
stdmap_r2,cancel,1000,0.826,167
stdmap_r2,cancel,1000,0.827,167
stdmap_r2,cancel,1000,0.828,167
stdmap_r2,cancel,1000,0.829,167
stdmap_r2,cancel,1000,0.83,167
stdmap_r2,cancel,1000,0.831,167
stdmap_r2,cancel,1000,0.832,167
stdmap_r2,cancel,1000,0.833,167
stdmap_r2,cancel,1000,0.834,167
stdmap_r2,cancel,1000,0.835,167
stdmap_r2,cancel,1000,0.836,167
stdmap_r2,cancel,1000,0.837,167
stdmap_r2,cancel,1000,0.838,167
stdmap_r2,cancel,1000,0.839,167
stdmap_r2,cancel,1000,0.84,167
stdmap_r2,cancel,1000,0.841,167
stdmap_r2,cancel,1000,0.842,167
stdmap_r2,cancel,1000,0.843,167
stdmap_r2,cancel,1000,0.844,167
stdmap_r2,cancel,1000,0.845,167
stdmap_r2,cancel,1000,0.846,167
stdmap_r2,cancel,1000,0.847,167
stdmap_r2,cancel,1000,0.848,167
stdmap_r2,cancel,1000,0.849,167
stdmap_r2,cancel,1000,0.85,167
stdmap_r2,cancel,1000,0.851,167
stdmap_r2,cancel,1000,0.852,167
stdmap_r2,cancel,1000,0.853,167
stdmap_r2,cancel,1000,0.854,167
stdmap_r2,cancel,1000,0.855,167
stdmap_r2,cancel,1000,0.856,167
stdmap_r2,cancel,1000,0.857,167
stdmap_r2,cancel,1000,0.858,167
stdmap_r2,cancel,1000,0.859,167
stdmap_r2,cancel,1000,0.86,167
stdmap_r2,cancel,1000,0.861,167
stdmap_r2,cancel,1000,0.862,167
stdmap_r2,cancel,1000,0.863,167
stdmap_r2,cancel,1000,0.864,167
stdmap_r2,cancel,1000,0.865,167
stdmap_r2,cancel,1000,0.866,167
stdmap_r2,cancel,1000,0.867,167
stdmap_r2,cancel,1000,0.868,167
stdmap_r2,cancel,1000,0.869,167
stdmap_r2,cancel,1000,0.87,167
stdmap_r2,cancel,1000,0.871,167
stdmap_r2,cancel,1000,0.872,167
stdmap_r2,cancel,1000,0.873,167
stdmap_r2,cancel,1000,0.874,167
stdmap_r2,cancel,1000,0.875,167
stdmap_r2,cancel,1000,0.876,167
stdmap_r2,cancel,1000,0.877,167
stdmap_r2,cancel,1000,0.878,167
stdmap_r2,cancel,1000,0.879,167
stdmap_r2,cancel,1000,0.88,167
stdmap_r2,cancel,1000,0.881,167
stdmap_r2,cancel,1000,0.882,167
stdmap_r2,cancel,1000,0.883,167
stdmap_r2,cancel,1000,0.884,167
stdmap_r2,cancel,1000,0.885,167
stdmap_r2,cancel,1000,0.886,167
stdmap_r2,cancel,1000,0.887,167
stdmap_r2,cancel,1000,0.888,167
stdmap_r2,cancel,1000,0.889,167
stdmap_r2,cancel,1000,0.89,167
stdmap_r2,cancel,1000,0.891,167
stdmap_r2,cancel,1000,0.892,167
stdmap_r2,cancel,1000,0.893,167
stdmap_r2,cancel,1000,0.894,167
stdmap_r2,cancel,1000,0.895,167
stdmap_r2,cancel,1000,0.896,167
stdmap_r2,cancel,1000,0.897,208
stdmap_r2,cancel,1000,0.898,208
stdmap_r2,cancel,1000,0.899,208
stdmap_r2,cancel,1000,0.9,208
stdmap_r2,cancel,1000,0.901,208
stdmap_r2,cancel,1000,0.902,208
stdmap_r2,cancel,1000,0.903,208
stdmap_r2,cancel,1000,0.904,208
stdmap_r2,cancel,1000,0.905,208
stdmap_r2,cancel,1000,0.906,208
stdmap_r2,cancel,1000,0.907,208
stdmap_r2,cancel,1000,0.908,208
stdmap_r2,cancel,1000,0.909,208
stdmap_r2,cancel,1000,0.91,208
stdmap_r2,cancel,1000,0.911,208
stdmap_r2,cancel,1000,0.912,208
stdmap_r2,cancel,1000,0.913,208
stdmap_r2,cancel,1000,0.914,208
stdmap_r2,cancel,1000,0.915,208
stdmap_r2,cancel,1000,0.916,208
stdmap_r2,cancel,1000,0.917,208
stdmap_r2,cancel,1000,0.918,208
stdmap_r2,cancel,1000,0.919,208
stdmap_r2,cancel,1000,0.92,208
stdmap_r2,cancel,1000,0.921,208
stdmap_r2,cancel,1000,0.922,208
stdmap_r2,cancel,1000,0.923,208
stdmap_r2,cancel,1000,0.924,208
stdmap_r2,cancel,1000,0.925,208
stdmap_r2,cancel,1000,0.926,208
stdmap_r2,cancel,1000,0.927,208
stdmap_r2,cancel,1000,0.928,208
stdmap_r2,cancel,1000,0.929,208
stdmap_r2,cancel,1000,0.93,208
stdmap_r2,cancel,1000,0.931,208
stdmap_r2,cancel,1000,0.932,208
stdmap_r2,cancel,1000,0.933,208
stdmap_r2,cancel,1000,0.934,208
stdmap_r2,cancel,1000,0.935,208
stdmap_r2,cancel,1000,0.936,208
stdmap_r2,cancel,1000,0.937,208
stdmap_r2,cancel,1000,0.938,208
stdmap_r2,cancel,1000,0.939,208
stdmap_r2,cancel,1000,0.94,208
stdmap_r2,cancel,1000,0.941,208
stdmap_r2,cancel,1000,0.942,208
stdmap_r2,cancel,1000,0.943,208
stdmap_r2,cancel,1000,0.944,209
stdmap_r2,cancel,1000,0.945,209
stdmap_r2,cancel,1000,0.946,209
stdmap_r2,cancel,1000,0.947,209
stdmap_r2,cancel,1000,0.948,209
stdmap_r2,cancel,1000,0.949,209
stdmap_r2,cancel,1000,0.95,209
stdmap_r2,cancel,1000,0.951,209
stdmap_r2,cancel,1000,0.952,209
stdmap_r2,cancel,1000,0.953,209
stdmap_r2,cancel,1000,0.954,209
stdmap_r2,cancel,1000,0.955,209
stdmap_r2,cancel,1000,0.956,209
stdmap_r2,cancel,1000,0.957,209
stdmap_r2,cancel,1000,0.958,209
stdmap_r2,cancel,1000,0.959,209
stdmap_r2,cancel,1000,0.96,209
stdmap_r2,cancel,1000,0.961,209
stdmap_r2,cancel,1000,0.962,209
stdmap_r2,cancel,1000,0.963,209
stdmap_r2,cancel,1000,0.964,209
stdmap_r2,cancel,1000,0.965,209
stdmap_r2,cancel,1000,0.966,209
stdmap_r2,cancel,1000,0.967,209
stdmap_r2,cancel,1000,0.968,250
stdmap_r2,cancel,1000,0.969,250
stdmap_r2,cancel,1000,0.97,250
stdmap_r2,cancel,1000,0.971,250
stdmap_r2,cancel,1000,0.972,250
stdmap_r2,cancel,1000,0.973,250
stdmap_r2,cancel,1000,0.974,250
stdmap_r2,cancel,1000,0.975,250
stdmap_r2,cancel,1000,0.976,250
stdmap_r2,cancel,1000,0.977,250
stdmap_r2,cancel,1000,0.978,250
stdmap_r2,cancel,1000,0.979,250
stdmap_r2,cancel,1000,0.98,250
stdmap_r2,cancel,1000,0.981,291
stdmap_r2,cancel,1000,0.982,291
stdmap_r2,cancel,1000,0.983,291
stdmap_r2,cancel,1000,0.984,292
stdmap_r2,cancel,1000,0.985,292
stdmap_r2,cancel,1000,0.986,292
stdmap_r2,cancel,1000,0.987,292
stdmap_r2,cancel,1000,0.988,333
stdmap_r2,cancel,1000,0.989,333
stdmap_r2,cancel,1000,0.99,333
stdmap_r2,cancel,1000,0.991,334
stdmap_r2,cancel,1000,0.992,375
stdmap_r2,cancel,1000,0.993,375
stdmap_r2,cancel,1000,0.994,416
stdmap_r2,cancel,1000,0.995,417
stdmap_r2,cancel,1000,0.996,459
stdmap_r2,cancel,1000,0.997,500
stdmap_r2,cancel,1000,0.998,542
stdmap_r2,cancel,1000,0.999,708
stdmap_r2,match,1000,0,0
stdmap_r2,match,1000,0.001,0
stdmap_r2,match,1000,0.002,0
stdmap_r2,match,1000,0.003,0
stdmap_r2,match,1000,0.004,0
stdmap_r2,match,1000,0.005,0
stdmap_r2,match,1000,0.006,0
stdmap_r2,match,1000,0.007,0
stdmap_r2,match,1000,0.008,0
stdmap_r2,match,1000,0.009,0
stdmap_r2,match,1000,0.01,0
stdmap_r2,match,1000,0.011,0
stdmap_r2,match,1000,0.012,0
stdmap_r2,match,1000,0.013,0
stdmap_r2,match,1000,0.014,0
stdmap_r2,match,1000,0.015,0
stdmap_r2,match,1000,0.016,0
stdmap_r2,match,1000,0.017,0
stdmap_r2,match,1000,0.018,0
stdmap_r2,match,1000,0.019,0
stdmap_r2,match,1000,0.02,0
stdmap_r2,match,1000,0.021,0
stdmap_r2,match,1000,0.022,0
stdmap_r2,match,1000,0.023,0
stdmap_r2,match,1000,0.024,0
stdmap_r2,match,1000,0.025,0
stdmap_r2,match,1000,0.026,41
stdmap_r2,match,1000,0.027,41
stdmap_r2,match,1000,0.028,41
stdmap_r2,match,1000,0.029,41
stdmap_r2,match,1000,0.03,41
stdmap_r2,match,1000,0.031,41
stdmap_r2,match,1000,0.032,41
stdmap_r2,match,1000,0.033,41
stdmap_r2,match,1000,0.034,41
stdmap_r2,match,1000,0.035,41
stdmap_r2,match,1000,0.036,41
stdmap_r2,match,1000,0.037,41
stdmap_r2,match,1000,0.038,41
stdmap_r2,match,1000,0.039,41
stdmap_r2,match,1000,0.04,41
stdmap_r2,match,1000,0.041,41
stdmap_r2,match,1000,0.042,41
stdmap_r2,match,1000,0.043,41
stdmap_r2,match,1000,0.044,41
stdmap_r2,match,1000,0.045,41
stdmap_r2,match,1000,0.046,41
stdmap_r2,match,1000,0.047,41
stdmap_r2,match,1000,0.048,41
stdmap_r2,match,1000,0.049,41
stdmap_r2,match,1000,0.05,41
stdmap_r2,match,1000,0.051,41
stdmap_r2,match,1000,0.052,41
stdmap_r2,match,1000,0.053,41
stdmap_r2,match,1000,0.054,41
stdmap_r2,match,1000,0.055,41
stdmap_r2,match,1000,0.056,41
stdmap_r2,match,1000,0.057,41
stdmap_r2,match,1000,0.058,41
stdmap_r2,match,1000,0.059,41
stdmap_r2,match,1000,0.06,41
stdmap_r2,match,1000,0.061,41
stdmap_r2,match,1000,0.062,41
stdmap_r2,match,1000,0.063,41
stdmap_r2,match,1000,0.064,41
stdmap_r2,match,1000,0.065,41
stdmap_r2,match,1000,0.066,41
stdmap_r2,match,1000,0.067,41
stdmap_r2,match,1000,0.068,41
stdmap_r2,match,1000,0.069,41
stdmap_r2,match,1000,0.07,41
stdmap_r2,match,1000,0.071,41
stdmap_r2,match,1000,0.072,41
stdmap_r2,match,1000,0.073,41
stdmap_r2,match,1000,0.074,41
stdmap_r2,match,1000,0.075,41
stdmap_r2,match,1000,0.076,41
stdmap_r2,match,1000,0.077,41
stdmap_r2,match,1000,0.078,41
stdmap_r2,match,1000,0.079,41
stdmap_r2,match,1000,0.08,41
stdmap_r2,match,1000,0.081,41
stdmap_r2,match,1000,0.082,41
stdmap_r2,match,1000,0.083,41
stdmap_r2,match,1000,0.084,41
stdmap_r2,match,1000,0.085,41
stdmap_r2,match,1000,0.086,41
stdmap_r2,match,1000,0.087,41
stdmap_r2,match,1000,0.088,41
stdmap_r2,match,1000,0.089,41
stdmap_r2,match,1000,0.09,41
stdmap_r2,match,1000,0.091,41
stdmap_r2,match,1000,0.092,41
stdmap_r2,match,1000,0.093,41
stdmap_r2,match,1000,0.094,41
stdmap_r2,match,1000,0.095,41
stdmap_r2,match,1000,0.096,41
stdmap_r2,match,1000,0.097,41
stdmap_r2,match,1000,0.098,41
stdmap_r2,match,1000,0.099,41
stdmap_r2,match,1000,0.1,41
stdmap_r2,match,1000,0.101,41
stdmap_r2,match,1000,0.102,41
stdmap_r2,match,1000,0.103,41
stdmap_r2,match,1000,0.104,41
stdmap_r2,match,1000,0.105,41
stdmap_r2,match,1000,0.106,41
stdmap_r2,match,1000,0.107,41
stdmap_r2,match,1000,0.108,41
stdmap_r2,match,1000,0.109,41
stdmap_r2,match,1000,0.11,41
stdmap_r2,match,1000,0.111,41
stdmap_r2,match,1000,0.112,41
stdmap_r2,match,1000,0.113,41
stdmap_r2,match,1000,0.114,41
stdmap_r2,match,1000,0.115,41
stdmap_r2,match,1000,0.116,41
stdmap_r2,match,1000,0.117,41
stdmap_r2,match,1000,0.118,41
stdmap_r2,match,1000,0.119,41
stdmap_r2,match,1000,0.12,41
stdmap_r2,match,1000,0.121,41
stdmap_r2,match,1000,0.122,41
stdmap_r2,match,1000,0.123,41
stdmap_r2,match,1000,0.124,41
stdmap_r2,match,1000,0.125,41
stdmap_r2,match,1000,0.126,41
stdmap_r2,match,1000,0.127,41
stdmap_r2,match,1000,0.128,41
stdmap_r2,match,1000,0.129,41
stdmap_r2,match,1000,0.13,41
stdmap_r2,match,1000,0.131,41
stdmap_r2,match,1000,0.132,41
stdmap_r2,match,1000,0.133,41
stdmap_r2,match,1000,0.134,41
stdmap_r2,match,1000,0.135,41
stdmap_r2,match,1000,0.136,41
stdmap_r2,match,1000,0.137,41
stdmap_r2,match,1000,0.138,41
stdmap_r2,match,1000,0.139,41
stdmap_r2,match,1000,0.14,41
stdmap_r2,match,1000,0.141,41
stdmap_r2,match,1000,0.142,41
stdmap_r2,match,1000,0.143,41
stdmap_r2,match,1000,0.144,41
stdmap_r2,match,1000,0.145,41
stdmap_r2,match,1000,0.146,41
stdmap_r2,match,1000,0.147,41
stdmap_r2,match,1000,0.148,41
stdmap_r2,match,1000,0.149,41
stdmap_r2,match,1000,0.15,41
stdmap_r2,match,1000,0.151,41
stdmap_r2,match,1000,0.152,41
stdmap_r2,match,1000,0.153,41
stdmap_r2,match,1000,0.154,41
stdmap_r2,match,1000,0.155,41
stdmap_r2,match,1000,0.156,41
stdmap_r2,match,1000,0.157,41
stdmap_r2,match,1000,0.158,41
stdmap_r2,match,1000,0.159,41
stdmap_r2,match,1000,0.16,41
stdmap_r2,match,1000,0.161,41
stdmap_r2,match,1000,0.162,41
stdmap_r2,match,1000,0.163,41
stdmap_r2,match,1000,0.164,41
stdmap_r2,match,1000,0.165,41
stdmap_r2,match,1000,0.166,41
stdmap_r2,match,1000,0.167,41
stdmap_r2,match,1000,0.168,41
stdmap_r2,match,1000,0.169,41
stdmap_r2,match,1000,0.17,41
stdmap_r2,match,1000,0.171,41
stdmap_r2,match,1000,0.172,41
stdmap_r2,match,1000,0.173,41
stdmap_r2,match,1000,0.174,41
stdmap_r2,match,1000,0.175,41
stdmap_r2,match,1000,0.176,41
stdmap_r2,match,1000,0.177,41
stdmap_r2,match,1000,0.178,41
stdmap_r2,match,1000,0.179,41
stdmap_r2,match,1000,0.18,41
stdmap_r2,match,1000,0.181,41
stdmap_r2,match,1000,0.182,41
stdmap_r2,match,1000,0.183,41
stdmap_r2,match,1000,0.184,41
stdmap_r2,match,1000,0.185,41
stdmap_r2,match,1000,0.186,41
stdmap_r2,match,1000,0.187,41
stdmap_r2,match,1000,0.188,41
stdmap_r2,match,1000,0.189,41
stdmap_r2,match,1000,0.19,41
stdmap_r2,match,1000,0.191,41
stdmap_r2,match,1000,0.192,41
stdmap_r2,match,1000,0.193,41
stdmap_r2,match,1000,0.194,41
stdmap_r2,match,1000,0.195,41
stdmap_r2,match,1000,0.196,41
stdmap_r2,match,1000,0.197,41
stdmap_r2,match,1000,0.198,41
stdmap_r2,match,1000,0.199,41
stdmap_r2,match,1000,0.2,41
stdmap_r2,match,1000,0.201,41
stdmap_r2,match,1000,0.202,41
stdmap_r2,match,1000,0.203,41
stdmap_r2,match,1000,0.204,41
stdmap_r2,match,1000,0.205,41
stdmap_r2,match,1000,0.206,41
stdmap_r2,match,1000,0.207,41
stdmap_r2,match,1000,0.208,41
stdmap_r2,match,1000,0.209,41
stdmap_r2,match,1000,0.21,41
stdmap_r2,match,1000,0.211,41
stdmap_r2,match,1000,0.212,41
stdmap_r2,match,1000,0.213,41
stdmap_r2,match,1000,0.214,41
stdmap_r2,match,1000,0.215,41
stdmap_r2,match,1000,0.216,41
stdmap_r2,match,1000,0.217,41
stdmap_r2,match,1000,0.218,41
stdmap_r2,match,1000,0.219,41
stdmap_r2,match,1000,0.22,41
stdmap_r2,match,1000,0.221,41
stdmap_r2,match,1000,0.222,41
stdmap_r2,match,1000,0.223,41
stdmap_r2,match,1000,0.224,41
stdmap_r2,match,1000,0.225,41
stdmap_r2,match,1000,0.226,41
stdmap_r2,match,1000,0.227,41
stdmap_r2,match,1000,0.228,41
stdmap_r2,match,1000,0.229,41
stdmap_r2,match,1000,0.23,41
stdmap_r2,match,1000,0.231,41
stdmap_r2,match,1000,0.232,41
stdmap_r2,match,1000,0.233,41
stdmap_r2,match,1000,0.234,41
stdmap_r2,match,1000,0.235,41
stdmap_r2,match,1000,0.236,41
stdmap_r2,match,1000,0.237,41
stdmap_r2,match,1000,0.238,41
stdmap_r2,match,1000,0.239,41
stdmap_r2,match,1000,0.24,41
stdmap_r2,match,1000,0.241,41
stdmap_r2,match,1000,0.242,41
stdmap_r2,match,1000,0.243,41
stdmap_r2,match,1000,0.244,41
stdmap_r2,match,1000,0.245,41
stdmap_r2,match,1000,0.246,41
stdmap_r2,match,1000,0.247,41
stdmap_r2,match,1000,0.248,41
stdmap_r2,match,1000,0.249,41
stdmap_r2,match,1000,0.25,41
stdmap_r2,match,1000,0.251,41
stdmap_r2,match,1000,0.252,41
stdmap_r2,match,1000,0.253,41
stdmap_r2,match,1000,0.254,41
stdmap_r2,match,1000,0.255,41
stdmap_r2,match,1000,0.256,41
stdmap_r2,match,1000,0.257,41
stdmap_r2,match,1000,0.258,41
stdmap_r2,match,1000,0.259,41
stdmap_r2,match,1000,0.26,41
stdmap_r2,match,1000,0.261,41
stdmap_r2,match,1000,0.262,41
stdmap_r2,match,1000,0.263,41
stdmap_r2,match,1000,0.264,41
stdmap_r2,match,1000,0.265,41
stdmap_r2,match,1000,0.266,41
stdmap_r2,match,1000,0.267,41
stdmap_r2,match,1000,0.268,41
stdmap_r2,match,1000,0.269,41
stdmap_r2,match,1000,0.27,41
stdmap_r2,match,1000,0.271,41
stdmap_r2,match,1000,0.272,41
stdmap_r2,match,1000,0.273,41
stdmap_r2,match,1000,0.274,41
stdmap_r2,match,1000,0.275,41
stdmap_r2,match,1000,0.276,42
stdmap_r2,match,1000,0.277,42
stdmap_r2,match,1000,0.278,42
stdmap_r2,match,1000,0.279,42
stdmap_r2,match,1000,0.28,42
stdmap_r2,match,1000,0.281,42
stdmap_r2,match,1000,0.282,42
stdmap_r2,match,1000,0.283,42
stdmap_r2,match,1000,0.284,42
stdmap_r2,match,1000,0.285,42
stdmap_r2,match,1000,0.286,42
stdmap_r2,match,1000,0.287,42
stdmap_r2,match,1000,0.288,42
stdmap_r2,match,1000,0.289,42
stdmap_r2,match,1000,0.29,42
stdmap_r2,match,1000,0.291,42
stdmap_r2,match,1000,0.292,42
stdmap_r2,match,1000,0.293,42
stdmap_r2,match,1000,0.294,42
stdmap_r2,match,1000,0.295,42
stdmap_r2,match,1000,0.296,42
stdmap_r2,match,1000,0.297,42
stdmap_r2,match,1000,0.298,42
stdmap_r2,match,1000,0.299,42
stdmap_r2,match,1000,0.3,42
stdmap_r2,match,1000,0.301,42
stdmap_r2,match,1000,0.302,42
stdmap_r2,match,1000,0.303,42
stdmap_r2,match,1000,0.304,42
stdmap_r2,match,1000,0.305,42
stdmap_r2,match,1000,0.306,42
stdmap_r2,match,1000,0.307,42
stdmap_r2,match,1000,0.308,42
stdmap_r2,match,1000,0.309,42
stdmap_r2,match,1000,0.31,42
stdmap_r2,match,1000,0.311,42
stdmap_r2,match,1000,0.312,42
stdmap_r2,match,1000,0.313,42
stdmap_r2,match,1000,0.314,42
stdmap_r2,match,1000,0.315,42
stdmap_r2,match,1000,0.316,42
stdmap_r2,match,1000,0.317,42
stdmap_r2,match,1000,0.318,42
stdmap_r2,match,1000,0.319,42
stdmap_r2,match,1000,0.32,42
stdmap_r2,match,1000,0.321,42
stdmap_r2,match,1000,0.322,42
stdmap_r2,match,1000,0.323,42
stdmap_r2,match,1000,0.324,42
stdmap_r2,match,1000,0.325,42
stdmap_r2,match,1000,0.326,42
stdmap_r2,match,1000,0.327,42
stdmap_r2,match,1000,0.328,42
stdmap_r2,match,1000,0.329,42
stdmap_r2,match,1000,0.33,42
stdmap_r2,match,1000,0.331,42
stdmap_r2,match,1000,0.332,42
stdmap_r2,match,1000,0.333,42
stdmap_r2,match,1000,0.334,42
stdmap_r2,match,1000,0.335,42
stdmap_r2,match,1000,0.336,42
stdmap_r2,match,1000,0.337,42
stdmap_r2,match,1000,0.338,42
stdmap_r2,match,1000,0.339,42
stdmap_r2,match,1000,0.34,42
stdmap_r2,match,1000,0.341,42
stdmap_r2,match,1000,0.342,42
stdmap_r2,match,1000,0.343,42
stdmap_r2,match,1000,0.344,42
stdmap_r2,match,1000,0.345,42
stdmap_r2,match,1000,0.346,42
stdmap_r2,match,1000,0.347,42
stdmap_r2,match,1000,0.348,42
stdmap_r2,match,1000,0.349,42
stdmap_r2,match,1000,0.35,42
stdmap_r2,match,1000,0.351,42
stdmap_r2,match,1000,0.352,42
stdmap_r2,match,1000,0.353,42
stdmap_r2,match,1000,0.354,42
stdmap_r2,match,1000,0.355,42
stdmap_r2,match,1000,0.356,42
stdmap_r2,match,1000,0.357,42
stdmap_r2,match,1000,0.358,42
stdmap_r2,match,1000,0.359,42
stdmap_r2,match,1000,0.36,42
stdmap_r2,match,1000,0.361,42
stdmap_r2,match,1000,0.362,42
stdmap_r2,match,1000,0.363,42
stdmap_r2,match,1000,0.364,42
stdmap_r2,match,1000,0.365,42
stdmap_r2,match,1000,0.366,42
stdmap_r2,match,1000,0.367,42
stdmap_r2,match,1000,0.368,42
stdmap_r2,match,1000,0.369,42
stdmap_r2,match,1000,0.37,42
stdmap_r2,match,1000,0.371,42
stdmap_r2,match,1000,0.372,42
stdmap_r2,match,1000,0.373,42
stdmap_r2,match,1000,0.374,42
stdmap_r2,match,1000,0.375,42
stdmap_r2,match,1000,0.376,42
stdmap_r2,match,1000,0.377,42
stdmap_r2,match,1000,0.378,42
stdmap_r2,match,1000,0.379,42
stdmap_r2,match,1000,0.38,42
stdmap_r2,match,1000,0.381,42
stdmap_r2,match,1000,0.382,42
stdmap_r2,match,1000,0.383,42
stdmap_r2,match,1000,0.384,42
stdmap_r2,match,1000,0.385,42
stdmap_r2,match,1000,0.386,42
stdmap_r2,match,1000,0.387,42
stdmap_r2,match,1000,0.388,42
stdmap_r2,match,1000,0.389,42
stdmap_r2,match,1000,0.39,42
stdmap_r2,match,1000,0.391,42
stdmap_r2,match,1000,0.392,42
stdmap_r2,match,1000,0.393,42
stdmap_r2,match,1000,0.394,42
stdmap_r2,match,1000,0.395,42
stdmap_r2,match,1000,0.396,42
stdmap_r2,match,1000,0.397,42
stdmap_r2,match,1000,0.398,42
stdmap_r2,match,1000,0.399,42
stdmap_r2,match,1000,0.4,42
stdmap_r2,match,1000,0.401,42
stdmap_r2,match,1000,0.402,42
stdmap_r2,match,1000,0.403,42
stdmap_r2,match,1000,0.404,42
stdmap_r2,match,1000,0.405,42
stdmap_r2,match,1000,0.406,42
stdmap_r2,match,1000,0.407,42
stdmap_r2,match,1000,0.408,42
stdmap_r2,match,1000,0.409,42
stdmap_r2,match,1000,0.41,42
stdmap_r2,match,1000,0.411,42
stdmap_r2,match,1000,0.412,42
stdmap_r2,match,1000,0.413,42
stdmap_r2,match,1000,0.414,42
stdmap_r2,match,1000,0.415,42
stdmap_r2,match,1000,0.416,42
stdmap_r2,match,1000,0.417,42
stdmap_r2,match,1000,0.418,42
stdmap_r2,match,1000,0.419,42
stdmap_r2,match,1000,0.42,42
stdmap_r2,match,1000,0.421,42
stdmap_r2,match,1000,0.422,42
stdmap_r2,match,1000,0.423,42
stdmap_r2,match,1000,0.424,42
stdmap_r2,match,1000,0.425,42
stdmap_r2,match,1000,0.426,42
stdmap_r2,match,1000,0.427,42
stdmap_r2,match,1000,0.428,42
stdmap_r2,match,1000,0.429,42
stdmap_r2,match,1000,0.43,42
stdmap_r2,match,1000,0.431,42
stdmap_r2,match,1000,0.432,42
stdmap_r2,match,1000,0.433,42
stdmap_r2,match,1000,0.434,42
stdmap_r2,match,1000,0.435,42
stdmap_r2,match,1000,0.436,42
stdmap_r2,match,1000,0.437,42
stdmap_r2,match,1000,0.438,42
stdmap_r2,match,1000,0.439,42
stdmap_r2,match,1000,0.44,42
stdmap_r2,match,1000,0.441,42
stdmap_r2,match,1000,0.442,42
stdmap_r2,match,1000,0.443,42
stdmap_r2,match,1000,0.444,42
stdmap_r2,match,1000,0.445,42
stdmap_r2,match,1000,0.446,42
stdmap_r2,match,1000,0.447,42
stdmap_r2,match,1000,0.448,42
stdmap_r2,match,1000,0.449,42
stdmap_r2,match,1000,0.45,42
stdmap_r2,match,1000,0.451,42
stdmap_r2,match,1000,0.452,42
stdmap_r2,match,1000,0.453,42
stdmap_r2,match,1000,0.454,42
stdmap_r2,match,1000,0.455,42
stdmap_r2,match,1000,0.456,42
stdmap_r2,match,1000,0.457,42
stdmap_r2,match,1000,0.458,42
stdmap_r2,match,1000,0.459,42
stdmap_r2,match,1000,0.46,42
stdmap_r2,match,1000,0.461,42
stdmap_r2,match,1000,0.462,42
stdmap_r2,match,1000,0.463,42
stdmap_r2,match,1000,0.464,42
stdmap_r2,match,1000,0.465,42
stdmap_r2,match,1000,0.466,42
stdmap_r2,match,1000,0.467,42
stdmap_r2,match,1000,0.468,42
stdmap_r2,match,1000,0.469,42
stdmap_r2,match,1000,0.47,42
stdmap_r2,match,1000,0.471,42
stdmap_r2,match,1000,0.472,42
stdmap_r2,match,1000,0.473,42
stdmap_r2,match,1000,0.474,42
stdmap_r2,match,1000,0.475,42
stdmap_r2,match,1000,0.476,42
stdmap_r2,match,1000,0.477,42
stdmap_r2,match,1000,0.478,42
stdmap_r2,match,1000,0.479,42
stdmap_r2,match,1000,0.48,42
stdmap_r2,match,1000,0.481,42
stdmap_r2,match,1000,0.482,42
stdmap_r2,match,1000,0.483,42
stdmap_r2,match,1000,0.484,42
stdmap_r2,match,1000,0.485,42
stdmap_r2,match,1000,0.486,42
stdmap_r2,match,1000,0.487,42
stdmap_r2,match,1000,0.488,42
stdmap_r2,match,1000,0.489,42
stdmap_r2,match,1000,0.49,42
stdmap_r2,match,1000,0.491,42
stdmap_r2,match,1000,0.492,42
stdmap_r2,match,1000,0.493,42
stdmap_r2,match,1000,0.494,42
stdmap_r2,match,1000,0.495,42
stdmap_r2,match,1000,0.496,42
stdmap_r2,match,1000,0.497,42
stdmap_r2,match,1000,0.498,42
stdmap_r2,match,1000,0.499,42
stdmap_r2,match,1000,0.5,42
stdmap_r2,match,1000,0.501,42
stdmap_r2,match,1000,0.502,42
stdmap_r2,match,1000,0.503,42
stdmap_r2,match,1000,0.504,42
stdmap_r2,match,1000,0.505,42
stdmap_r2,match,1000,0.506,42
stdmap_r2,match,1000,0.507,42
stdmap_r2,match,1000,0.508,42
stdmap_r2,match,1000,0.509,42
stdmap_r2,match,1000,0.51,42
stdmap_r2,match,1000,0.511,42
stdmap_r2,match,1000,0.512,42
stdmap_r2,match,1000,0.513,42
stdmap_r2,match,1000,0.514,42
stdmap_r2,match,1000,0.515,42
stdmap_r2,match,1000,0.516,42
stdmap_r2,match,1000,0.517,42
stdmap_r2,match,1000,0.518,42
stdmap_r2,match,1000,0.519,42
stdmap_r2,match,1000,0.52,42
stdmap_r2,match,1000,0.521,42
stdmap_r2,match,1000,0.522,42
stdmap_r2,match,1000,0.523,42
stdmap_r2,match,1000,0.524,42
stdmap_r2,match,1000,0.525,42
stdmap_r2,match,1000,0.526,42
stdmap_r2,match,1000,0.527,42
stdmap_r2,match,1000,0.528,42
stdmap_r2,match,1000,0.529,42
stdmap_r2,match,1000,0.53,42
stdmap_r2,match,1000,0.531,42
stdmap_r2,match,1000,0.532,42
stdmap_r2,match,1000,0.533,42
stdmap_r2,match,1000,0.534,42
stdmap_r2,match,1000,0.535,42
stdmap_r2,match,1000,0.536,42
stdmap_r2,match,1000,0.537,42
stdmap_r2,match,1000,0.538,42
stdmap_r2,match,1000,0.539,42
stdmap_r2,match,1000,0.54,42
stdmap_r2,match,1000,0.541,42
stdmap_r2,match,1000,0.542,42
stdmap_r2,match,1000,0.543,42
stdmap_r2,match,1000,0.544,42
stdmap_r2,match,1000,0.545,42
stdmap_r2,match,1000,0.546,42
stdmap_r2,match,1000,0.547,42
stdmap_r2,match,1000,0.548,42
stdmap_r2,match,1000,0.549,42
stdmap_r2,match,1000,0.55,42
stdmap_r2,match,1000,0.551,42
stdmap_r2,match,1000,0.552,42
stdmap_r2,match,1000,0.553,42
stdmap_r2,match,1000,0.554,42
stdmap_r2,match,1000,0.555,42
stdmap_r2,match,1000,0.556,42
stdmap_r2,match,1000,0.557,42
stdmap_r2,match,1000,0.558,42
stdmap_r2,match,1000,0.559,42
stdmap_r2,match,1000,0.56,42
stdmap_r2,match,1000,0.561,42
stdmap_r2,match,1000,0.562,42
stdmap_r2,match,1000,0.563,42
stdmap_r2,match,1000,0.564,42
stdmap_r2,match,1000,0.565,42
stdmap_r2,match,1000,0.566,42
stdmap_r2,match,1000,0.567,42
stdmap_r2,match,1000,0.568,42
stdmap_r2,match,1000,0.569,42
stdmap_r2,match,1000,0.57,42
stdmap_r2,match,1000,0.571,42
stdmap_r2,match,1000,0.572,42
stdmap_r2,match,1000,0.573,42
stdmap_r2,match,1000,0.574,42
stdmap_r2,match,1000,0.575,42
stdmap_r2,match,1000,0.576,42
stdmap_r2,match,1000,0.577,42
stdmap_r2,match,1000,0.578,42
stdmap_r2,match,1000,0.579,42
stdmap_r2,match,1000,0.58,42
stdmap_r2,match,1000,0.581,42
stdmap_r2,match,1000,0.582,42
stdmap_r2,match,1000,0.583,42
stdmap_r2,match,1000,0.584,42
stdmap_r2,match,1000,0.585,42
stdmap_r2,match,1000,0.586,42
stdmap_r2,match,1000,0.587,42
stdmap_r2,match,1000,0.588,42
stdmap_r2,match,1000,0.589,42
stdmap_r2,match,1000,0.59,42
stdmap_r2,match,1000,0.591,42
stdmap_r2,match,1000,0.592,42
stdmap_r2,match,1000,0.593,42
stdmap_r2,match,1000,0.594,42
stdmap_r2,match,1000,0.595,42
stdmap_r2,match,1000,0.596,42
stdmap_r2,match,1000,0.597,42
stdmap_r2,match,1000,0.598,42
stdmap_r2,match,1000,0.599,42
stdmap_r2,match,1000,0.6,42
stdmap_r2,match,1000,0.601,42
stdmap_r2,match,1000,0.602,42
stdmap_r2,match,1000,0.603,42
stdmap_r2,match,1000,0.604,42
stdmap_r2,match,1000,0.605,42
stdmap_r2,match,1000,0.606,42
stdmap_r2,match,1000,0.607,42
stdmap_r2,match,1000,0.608,42
stdmap_r2,match,1000,0.609,42
stdmap_r2,match,1000,0.61,42
stdmap_r2,match,1000,0.611,42
stdmap_r2,match,1000,0.612,42
stdmap_r2,match,1000,0.613,42
stdmap_r2,match,1000,0.614,42
stdmap_r2,match,1000,0.615,42
stdmap_r2,match,1000,0.616,42
stdmap_r2,match,1000,0.617,42
stdmap_r2,match,1000,0.618,42
stdmap_r2,match,1000,0.619,42
stdmap_r2,match,1000,0.62,42
stdmap_r2,match,1000,0.621,42
stdmap_r2,match,1000,0.622,42
stdmap_r2,match,1000,0.623,42
stdmap_r2,match,1000,0.624,42
stdmap_r2,match,1000,0.625,42
stdmap_r2,match,1000,0.626,42
stdmap_r2,match,1000,0.627,42
stdmap_r2,match,1000,0.628,42
stdmap_r2,match,1000,0.629,42
stdmap_r2,match,1000,0.63,42
stdmap_r2,match,1000,0.631,42
stdmap_r2,match,1000,0.632,42
stdmap_r2,match,1000,0.633,42
stdmap_r2,match,1000,0.634,42
stdmap_r2,match,1000,0.635,42
stdmap_r2,match,1000,0.636,42
stdmap_r2,match,1000,0.637,42
stdmap_r2,match,1000,0.638,42
stdmap_r2,match,1000,0.639,42
stdmap_r2,match,1000,0.64,42
stdmap_r2,match,1000,0.641,42
stdmap_r2,match,1000,0.642,42
stdmap_r2,match,1000,0.643,42
stdmap_r2,match,1000,0.644,42
stdmap_r2,match,1000,0.645,42
stdmap_r2,match,1000,0.646,42
stdmap_r2,match,1000,0.647,42
stdmap_r2,match,1000,0.648,42
stdmap_r2,match,1000,0.649,42
stdmap_r2,match,1000,0.65,42
stdmap_r2,match,1000,0.651,42
stdmap_r2,match,1000,0.652,42
stdmap_r2,match,1000,0.653,42
stdmap_r2,match,1000,0.654,42
stdmap_r2,match,1000,0.655,42
stdmap_r2,match,1000,0.656,42
stdmap_r2,match,1000,0.657,42
stdmap_r2,match,1000,0.658,42
stdmap_r2,match,1000,0.659,42
stdmap_r2,match,1000,0.66,42
stdmap_r2,match,1000,0.661,42
stdmap_r2,match,1000,0.662,42
stdmap_r2,match,1000,0.663,42
stdmap_r2,match,1000,0.664,42
stdmap_r2,match,1000,0.665,42
stdmap_r2,match,1000,0.666,42
stdmap_r2,match,1000,0.667,42
stdmap_r2,match,1000,0.668,42
stdmap_r2,match,1000,0.669,42
stdmap_r2,match,1000,0.67,42
stdmap_r2,match,1000,0.671,42
stdmap_r2,match,1000,0.672,42
stdmap_r2,match,1000,0.673,42
stdmap_r2,match,1000,0.674,42
stdmap_r2,match,1000,0.675,42
stdmap_r2,match,1000,0.676,42
stdmap_r2,match,1000,0.677,42
stdmap_r2,match,1000,0.678,42
stdmap_r2,match,1000,0.679,42
stdmap_r2,match,1000,0.68,42
stdmap_r2,match,1000,0.681,42
stdmap_r2,match,1000,0.682,42
stdmap_r2,match,1000,0.683,42
stdmap_r2,match,1000,0.684,42
stdmap_r2,match,1000,0.685,42
stdmap_r2,match,1000,0.686,42
stdmap_r2,match,1000,0.687,42
stdmap_r2,match,1000,0.688,42
stdmap_r2,match,1000,0.689,42
stdmap_r2,match,1000,0.69,42
stdmap_r2,match,1000,0.691,42
stdmap_r2,match,1000,0.692,42
stdmap_r2,match,1000,0.693,42
stdmap_r2,match,1000,0.694,42
stdmap_r2,match,1000,0.695,42
stdmap_r2,match,1000,0.696,42
stdmap_r2,match,1000,0.697,42
stdmap_r2,match,1000,0.698,42
stdmap_r2,match,1000,0.699,42
stdmap_r2,match,1000,0.7,42
stdmap_r2,match,1000,0.701,42
stdmap_r2,match,1000,0.702,42
stdmap_r2,match,1000,0.703,42
stdmap_r2,match,1000,0.704,42
stdmap_r2,match,1000,0.705,42
stdmap_r2,match,1000,0.706,42
stdmap_r2,match,1000,0.707,42
stdmap_r2,match,1000,0.708,42
stdmap_r2,match,1000,0.709,42
stdmap_r2,match,1000,0.71,42
stdmap_r2,match,1000,0.711,42
stdmap_r2,match,1000,0.712,42
stdmap_r2,match,1000,0.713,42
stdmap_r2,match,1000,0.714,42
stdmap_r2,match,1000,0.715,42
stdmap_r2,match,1000,0.716,42
stdmap_r2,match,1000,0.717,42
stdmap_r2,match,1000,0.718,42
stdmap_r2,match,1000,0.719,42
stdmap_r2,match,1000,0.72,42
stdmap_r2,match,1000,0.721,42
stdmap_r2,match,1000,0.722,42
stdmap_r2,match,1000,0.723,42
stdmap_r2,match,1000,0.724,42
stdmap_r2,match,1000,0.725,42
stdmap_r2,match,1000,0.726,42
stdmap_r2,match,1000,0.727,42
stdmap_r2,match,1000,0.728,42
stdmap_r2,match,1000,0.729,42
stdmap_r2,match,1000,0.73,42
stdmap_r2,match,1000,0.731,42
stdmap_r2,match,1000,0.732,42
stdmap_r2,match,1000,0.733,42
stdmap_r2,match,1000,0.734,42
stdmap_r2,match,1000,0.735,42
stdmap_r2,match,1000,0.736,42
stdmap_r2,match,1000,0.737,42
stdmap_r2,match,1000,0.738,42
stdmap_r2,match,1000,0.739,42
stdmap_r2,match,1000,0.74,42
stdmap_r2,match,1000,0.741,42
stdmap_r2,match,1000,0.742,42
stdmap_r2,match,1000,0.743,42
stdmap_r2,match,1000,0.744,42
stdmap_r2,match,1000,0.745,42
stdmap_r2,match,1000,0.746,42
stdmap_r2,match,1000,0.747,42
stdmap_r2,match,1000,0.748,42
stdmap_r2,match,1000,0.749,42
stdmap_r2,match,1000,0.75,42
stdmap_r2,match,1000,0.751,42
stdmap_r2,match,1000,0.752,42
stdmap_r2,match,1000,0.753,42
stdmap_r2,match,1000,0.754,42
stdmap_r2,match,1000,0.755,42
stdmap_r2,match,1000,0.756,42
stdmap_r2,match,1000,0.757,42
stdmap_r2,match,1000,0.758,42
stdmap_r2,match,1000,0.759,42
stdmap_r2,match,1000,0.76,42
stdmap_r2,match,1000,0.761,42
stdmap_r2,match,1000,0.762,42
stdmap_r2,match,1000,0.763,42
stdmap_r2,match,1000,0.764,42
stdmap_r2,match,1000,0.765,42
stdmap_r2,match,1000,0.766,42
stdmap_r2,match,1000,0.767,42
stdmap_r2,match,1000,0.768,42
stdmap_r2,match,1000,0.769,42
stdmap_r2,match,1000,0.77,42
stdmap_r2,match,1000,0.771,42
stdmap_r2,match,1000,0.772,42
stdmap_r2,match,1000,0.773,83
stdmap_r2,match,1000,0.774,83
stdmap_r2,match,1000,0.775,83
stdmap_r2,match,1000,0.776,83
stdmap_r2,match,1000,0.777,83
stdmap_r2,match,1000,0.778,83
stdmap_r2,match,1000,0.779,83
stdmap_r2,match,1000,0.78,83
stdmap_r2,match,1000,0.781,83
stdmap_r2,match,1000,0.782,83
stdmap_r2,match,1000,0.783,83
stdmap_r2,match,1000,0.784,83
stdmap_r2,match,1000,0.785,83
stdmap_r2,match,1000,0.786,83
stdmap_r2,match,1000,0.787,83
stdmap_r2,match,1000,0.788,83
stdmap_r2,match,1000,0.789,83
stdmap_r2,match,1000,0.79,83
stdmap_r2,match,1000,0.791,83
stdmap_r2,match,1000,0.792,83
stdmap_r2,match,1000,0.793,83
stdmap_r2,match,1000,0.794,83
stdmap_r2,match,1000,0.795,83
stdmap_r2,match,1000,0.796,83
stdmap_r2,match,1000,0.797,83
stdmap_r2,match,1000,0.798,83
stdmap_r2,match,1000,0.799,83
stdmap_r2,match,1000,0.8,83
stdmap_r2,match,1000,0.801,83
stdmap_r2,match,1000,0.802,83
stdmap_r2,match,1000,0.803,83
stdmap_r2,match,1000,0.804,83
stdmap_r2,match,1000,0.805,83
stdmap_r2,match,1000,0.806,83
stdmap_r2,match,1000,0.807,83
stdmap_r2,match,1000,0.808,83
stdmap_r2,match,1000,0.809,83
stdmap_r2,match,1000,0.81,83
stdmap_r2,match,1000,0.811,83
stdmap_r2,match,1000,0.812,83
stdmap_r2,match,1000,0.813,83
stdmap_r2,match,1000,0.814,83
stdmap_r2,match,1000,0.815,83
stdmap_r2,match,1000,0.816,83
stdmap_r2,match,1000,0.817,83
stdmap_r2,match,1000,0.818,83
stdmap_r2,match,1000,0.819,83
stdmap_r2,match,1000,0.82,83
stdmap_r2,match,1000,0.821,83
stdmap_r2,match,1000,0.822,83
stdmap_r2,match,1000,0.823,83
stdmap_r2,match,1000,0.824,83
stdmap_r2,match,1000,0.825,83
stdmap_r2,match,1000,0.826,83
stdmap_r2,match,1000,0.827,83
stdmap_r2,match,1000,0.828,83
stdmap_r2,match,1000,0.829,83
stdmap_r2,match,1000,0.83,83
stdmap_r2,match,1000,0.831,83
stdmap_r2,match,1000,0.832,83
stdmap_r2,match,1000,0.833,83
stdmap_r2,match,1000,0.834,83
stdmap_r2,match,1000,0.835,83
stdmap_r2,match,1000,0.836,83
stdmap_r2,match,1000,0.837,83
stdmap_r2,match,1000,0.838,83
stdmap_r2,match,1000,0.839,83
stdmap_r2,match,1000,0.84,83
stdmap_r2,match,1000,0.841,83
stdmap_r2,match,1000,0.842,83
stdmap_r2,match,1000,0.843,83
stdmap_r2,match,1000,0.844,83
stdmap_r2,match,1000,0.845,83
stdmap_r2,match,1000,0.846,83
stdmap_r2,match,1000,0.847,83
stdmap_r2,match,1000,0.848,83
stdmap_r2,match,1000,0.849,83
stdmap_r2,match,1000,0.85,83
stdmap_r2,match,1000,0.851,83
stdmap_r2,match,1000,0.852,83
stdmap_r2,match,1000,0.853,83
stdmap_r2,match,1000,0.854,83
stdmap_r2,match,1000,0.855,83
stdmap_r2,match,1000,0.856,83
stdmap_r2,match,1000,0.857,83
stdmap_r2,match,1000,0.858,83
stdmap_r2,match,1000,0.859,83
stdmap_r2,match,1000,0.86,83
stdmap_r2,match,1000,0.861,83
stdmap_r2,match,1000,0.862,83
stdmap_r2,match,1000,0.863,83
stdmap_r2,match,1000,0.864,83
stdmap_r2,match,1000,0.865,83
stdmap_r2,match,1000,0.866,83
stdmap_r2,match,1000,0.867,83
stdmap_r2,match,1000,0.868,83
stdmap_r2,match,1000,0.869,83
stdmap_r2,match,1000,0.87,83
stdmap_r2,match,1000,0.871,83
stdmap_r2,match,1000,0.872,83
stdmap_r2,match,1000,0.873,83
stdmap_r2,match,1000,0.874,83
stdmap_r2,match,1000,0.875,83
stdmap_r2,match,1000,0.876,83
stdmap_r2,match,1000,0.877,83
stdmap_r2,match,1000,0.878,83
stdmap_r2,match,1000,0.879,84
stdmap_r2,match,1000,0.88,84
stdmap_r2,match,1000,0.881,84
stdmap_r2,match,1000,0.882,84
stdmap_r2,match,1000,0.883,84
stdmap_r2,match,1000,0.884,84
stdmap_r2,match,1000,0.885,84
stdmap_r2,match,1000,0.886,84
stdmap_r2,match,1000,0.887,84
stdmap_r2,match,1000,0.888,84
stdmap_r2,match,1000,0.889,84
stdmap_r2,match,1000,0.89,84
stdmap_r2,match,1000,0.891,84
stdmap_r2,match,1000,0.892,84
stdmap_r2,match,1000,0.893,84
stdmap_r2,match,1000,0.894,84
stdmap_r2,match,1000,0.895,84
stdmap_r2,match,1000,0.896,84
stdmap_r2,match,1000,0.897,84
stdmap_r2,match,1000,0.898,84
stdmap_r2,match,1000,0.899,84
stdmap_r2,match,1000,0.9,84
stdmap_r2,match,1000,0.901,84
stdmap_r2,match,1000,0.902,84
stdmap_r2,match,1000,0.903,84
stdmap_r2,match,1000,0.904,84
stdmap_r2,match,1000,0.905,84
stdmap_r2,match,1000,0.906,84
stdmap_r2,match,1000,0.907,84
stdmap_r2,match,1000,0.908,84
stdmap_r2,match,1000,0.909,84
stdmap_r2,match,1000,0.91,84
stdmap_r2,match,1000,0.911,84
stdmap_r2,match,1000,0.912,84
stdmap_r2,match,1000,0.913,84
stdmap_r2,match,1000,0.914,84
stdmap_r2,match,1000,0.915,84
stdmap_r2,match,1000,0.916,84
stdmap_r2,match,1000,0.917,84
stdmap_r2,match,1000,0.918,84
stdmap_r2,match,1000,0.919,84
stdmap_r2,match,1000,0.92,84
stdmap_r2,match,1000,0.921,84
stdmap_r2,match,1000,0.922,84
stdmap_r2,match,1000,0.923,84
stdmap_r2,match,1000,0.924,84
stdmap_r2,match,1000,0.925,84
stdmap_r2,match,1000,0.926,84
stdmap_r2,match,1000,0.927,84
stdmap_r2,match,1000,0.928,84
stdmap_r2,match,1000,0.929,84
stdmap_r2,match,1000,0.93,84
stdmap_r2,match,1000,0.931,84
stdmap_r2,match,1000,0.932,125
stdmap_r2,match,1000,0.933,125
stdmap_r2,match,1000,0.934,125
stdmap_r2,match,1000,0.935,125
stdmap_r2,match,1000,0.936,125
stdmap_r2,match,1000,0.937,125
stdmap_r2,match,1000,0.938,125
stdmap_r2,match,1000,0.939,125
stdmap_r2,match,1000,0.94,125
stdmap_r2,match,1000,0.941,125
stdmap_r2,match,1000,0.942,125
stdmap_r2,match,1000,0.943,125
stdmap_r2,match,1000,0.944,125
stdmap_r2,match,1000,0.945,125
stdmap_r2,match,1000,0.946,125
stdmap_r2,match,1000,0.947,125
stdmap_r2,match,1000,0.948,125
stdmap_r2,match,1000,0.949,125
stdmap_r2,match,1000,0.95,125
stdmap_r2,match,1000,0.951,125
stdmap_r2,match,1000,0.952,125
stdmap_r2,match,1000,0.953,125
stdmap_r2,match,1000,0.954,125
stdmap_r2,match,1000,0.955,125
stdmap_r2,match,1000,0.956,125
stdmap_r2,match,1000,0.957,125
stdmap_r2,match,1000,0.958,125
stdmap_r2,match,1000,0.959,125
stdmap_r2,match,1000,0.96,125
stdmap_r2,match,1000,0.961,125
stdmap_r2,match,1000,0.962,125
stdmap_r2,match,1000,0.963,125
stdmap_r2,match,1000,0.964,125
stdmap_r2,match,1000,0.965,125
stdmap_r2,match,1000,0.966,125
stdmap_r2,match,1000,0.967,125
stdmap_r2,match,1000,0.968,125
stdmap_r2,match,1000,0.969,125
stdmap_r2,match,1000,0.97,125
stdmap_r2,match,1000,0.971,125
stdmap_r2,match,1000,0.972,125
stdmap_r2,match,1000,0.973,125
stdmap_r2,match,1000,0.974,125
stdmap_r2,match,1000,0.975,125
stdmap_r2,match,1000,0.976,125
stdmap_r2,match,1000,0.977,125
stdmap_r2,match,1000,0.978,125
stdmap_r2,match,1000,0.979,125
stdmap_r2,match,1000,0.98,125
stdmap_r2,match,1000,0.981,125
stdmap_r2,match,1000,0.982,125
stdmap_r2,match,1000,0.983,125
stdmap_r2,match,1000,0.984,125
stdmap_r2,match,1000,0.985,125
stdmap_r2,match,1000,0.986,125
stdmap_r2,match,1000,0.987,125
stdmap_r2,match,1000,0.988,125
stdmap_r2,match,1000,0.989,125
stdmap_r2,match,1000,0.99,166
stdmap_r2,match,1000,0.991,166
stdmap_r2,match,1000,0.992,167
stdmap_r2,match,1000,0.993,167
stdmap_r2,match,1000,0.994,167
stdmap_r2,match,1000,0.995,167
stdmap_r2,match,1000,0.996,208
stdmap_r2,match,1000,0.997,208
stdmap_r2,match,1000,0.998,250
stdmap_r2,match,1000,0.999,292
stdmap_r2,add,10000,0,0
stdmap_r2,add,10000,0.001,0
stdmap_r2,add,10000,0.002,41
stdmap_r2,add,10000,0.003,41
stdmap_r2,add,10000,0.004,41
stdmap_r2,add,10000,0.005,41
stdmap_r2,add,10000,0.006,41
stdmap_r2,add,10000,0.007,41
stdmap_r2,add,10000,0.008,41
stdmap_r2,add,10000,0.009,41
stdmap_r2,add,10000,0.01,41
stdmap_r2,add,10000,0.011,41
stdmap_r2,add,10000,0.012,41
stdmap_r2,add,10000,0.013,41
stdmap_r2,add,10000,0.014,41
stdmap_r2,add,10000,0.015,41
stdmap_r2,add,10000,0.016,41
stdmap_r2,add,10000,0.017,41
stdmap_r2,add,10000,0.018,41
stdmap_r2,add,10000,0.019,41
stdmap_r2,add,10000,0.02,41
stdmap_r2,add,10000,0.021,41
stdmap_r2,add,10000,0.022,41
stdmap_r2,add,10000,0.023,41
stdmap_r2,add,10000,0.024,41
stdmap_r2,add,10000,0.025,41
stdmap_r2,add,10000,0.026,41
stdmap_r2,add,10000,0.027,41
stdmap_r2,add,10000,0.028,41
stdmap_r2,add,10000,0.029,41
stdmap_r2,add,10000,0.03,41
stdmap_r2,add,10000,0.031,41
stdmap_r2,add,10000,0.032,41
stdmap_r2,add,10000,0.033,41
stdmap_r2,add,10000,0.034,41
stdmap_r2,add,10000,0.035,41
stdmap_r2,add,10000,0.036,41
stdmap_r2,add,10000,0.037,41
stdmap_r2,add,10000,0.038,41
stdmap_r2,add,10000,0.039,41
stdmap_r2,add,10000,0.04,41
stdmap_r2,add,10000,0.041,41
stdmap_r2,add,10000,0.042,41
stdmap_r2,add,10000,0.043,41
stdmap_r2,add,10000,0.044,42
stdmap_r2,add,10000,0.045,42
stdmap_r2,add,10000,0.046,42
stdmap_r2,add,10000,0.047,42
stdmap_r2,add,10000,0.048,42
stdmap_r2,add,10000,0.049,42
stdmap_r2,add,10000,0.05,42
stdmap_r2,add,10000,0.051,42
stdmap_r2,add,10000,0.052,42
stdmap_r2,add,10000,0.053,42
stdmap_r2,add,10000,0.054,42
stdmap_r2,add,10000,0.055,42
stdmap_r2,add,10000,0.056,42
stdmap_r2,add,10000,0.057,42
stdmap_r2,add,10000,0.058,42
stdmap_r2,add,10000,0.059,42
stdmap_r2,add,10000,0.06,42
stdmap_r2,add,10000,0.061,42
stdmap_r2,add,10000,0.062,42
stdmap_r2,add,10000,0.063,42
stdmap_r2,add,10000,0.064,42
stdmap_r2,add,10000,0.065,42
stdmap_r2,add,10000,0.066,42
stdmap_r2,add,10000,0.067,42
stdmap_r2,add,10000,0.068,42
stdmap_r2,add,10000,0.069,42
stdmap_r2,add,10000,0.07,42
stdmap_r2,add,10000,0.071,42
stdmap_r2,add,10000,0.072,42
stdmap_r2,add,10000,0.073,42
stdmap_r2,add,10000,0.074,42
stdmap_r2,add,10000,0.075,42
stdmap_r2,add,10000,0.076,42
stdmap_r2,add,10000,0.077,42
stdmap_r2,add,10000,0.078,42
stdmap_r2,add,10000,0.079,42
stdmap_r2,add,10000,0.08,42
stdmap_r2,add,10000,0.081,42
stdmap_r2,add,10000,0.082,42
stdmap_r2,add,10000,0.083,42
stdmap_r2,add,10000,0.084,42
stdmap_r2,add,10000,0.085,42
stdmap_r2,add,10000,0.086,42
stdmap_r2,add,10000,0.087,42
stdmap_r2,add,10000,0.088,42
stdmap_r2,add,10000,0.089,42
stdmap_r2,add,10000,0.09,42
stdmap_r2,add,10000,0.091,42
stdmap_r2,add,10000,0.092,42
stdmap_r2,add,10000,0.093,42
stdmap_r2,add,10000,0.094,42
stdmap_r2,add,10000,0.095,42
stdmap_r2,add,10000,0.096,42
stdmap_r2,add,10000,0.097,42
stdmap_r2,add,10000,0.098,42
stdmap_r2,add,10000,0.099,42
stdmap_r2,add,10000,0.1,42
stdmap_r2,add,10000,0.101,42
stdmap_r2,add,10000,0.102,42
stdmap_r2,add,10000,0.103,42
stdmap_r2,add,10000,0.104,42
stdmap_r2,add,10000,0.105,42
stdmap_r2,add,10000,0.106,42
stdmap_r2,add,10000,0.107,42
stdmap_r2,add,10000,0.108,42
stdmap_r2,add,10000,0.109,42
stdmap_r2,add,10000,0.11,42
stdmap_r2,add,10000,0.111,42
stdmap_r2,add,10000,0.112,42
stdmap_r2,add,10000,0.113,42
stdmap_r2,add,10000,0.114,42
stdmap_r2,add,10000,0.115,42
stdmap_r2,add,10000,0.116,42
stdmap_r2,add,10000,0.117,42
stdmap_r2,add,10000,0.118,42
stdmap_r2,add,10000,0.119,42
stdmap_r2,add,10000,0.12,42
stdmap_r2,add,10000,0.121,42
stdmap_r2,add,10000,0.122,42
stdmap_r2,add,10000,0.123,42
stdmap_r2,add,10000,0.124,42
stdmap_r2,add,10000,0.125,42
stdmap_r2,add,10000,0.126,42
stdmap_r2,add,10000,0.127,42
stdmap_r2,add,10000,0.128,83
stdmap_r2,add,10000,0.129,83
stdmap_r2,add,10000,0.13,83
stdmap_r2,add,10000,0.131,83
stdmap_r2,add,10000,0.132,83
stdmap_r2,add,10000,0.133,83
stdmap_r2,add,10000,0.134,83
stdmap_r2,add,10000,0.135,83
stdmap_r2,add,10000,0.136,83
stdmap_r2,add,10000,0.137,83
stdmap_r2,add,10000,0.138,83
stdmap_r2,add,10000,0.139,83
stdmap_r2,add,10000,0.14,83
stdmap_r2,add,10000,0.141,83
stdmap_r2,add,10000,0.142,83
stdmap_r2,add,10000,0.143,83
stdmap_r2,add,10000,0.144,83
stdmap_r2,add,10000,0.145,83
stdmap_r2,add,10000,0.146,83
stdmap_r2,add,10000,0.147,83
stdmap_r2,add,10000,0.148,83
stdmap_r2,add,10000,0.149,83
stdmap_r2,add,10000,0.15,83
stdmap_r2,add,10000,0.151,83
stdmap_r2,add,10000,0.152,83
stdmap_r2,add,10000,0.153,83
stdmap_r2,add,10000,0.154,83
stdmap_r2,add,10000,0.155,83
stdmap_r2,add,10000,0.156,83
stdmap_r2,add,10000,0.157,83
stdmap_r2,add,10000,0.158,83
stdmap_r2,add,10000,0.159,83
stdmap_r2,add,10000,0.16,83
stdmap_r2,add,10000,0.161,83
stdmap_r2,add,10000,0.162,83
stdmap_r2,add,10000,0.163,83
stdmap_r2,add,10000,0.164,83
stdmap_r2,add,10000,0.165,83
stdmap_r2,add,10000,0.166,83
stdmap_r2,add,10000,0.167,83
stdmap_r2,add,10000,0.168,83
stdmap_r2,add,10000,0.169,83
stdmap_r2,add,10000,0.17,83
stdmap_r2,add,10000,0.171,83
stdmap_r2,add,10000,0.172,83
stdmap_r2,add,10000,0.173,83
stdmap_r2,add,10000,0.174,83
stdmap_r2,add,10000,0.175,83
stdmap_r2,add,10000,0.176,83
stdmap_r2,add,10000,0.177,83
stdmap_r2,add,10000,0.178,83
stdmap_r2,add,10000,0.179,83
stdmap_r2,add,10000,0.18,83
stdmap_r2,add,10000,0.181,83
stdmap_r2,add,10000,0.182,83
stdmap_r2,add,10000,0.183,83
stdmap_r2,add,10000,0.184,83
stdmap_r2,add,10000,0.185,83
stdmap_r2,add,10000,0.186,83
stdmap_r2,add,10000,0.187,83
stdmap_r2,add,10000,0.188,83
stdmap_r2,add,10000,0.189,83
stdmap_r2,add,10000,0.19,83
stdmap_r2,add,10000,0.191,83
stdmap_r2,add,10000,0.192,83
stdmap_r2,add,10000,0.193,83
stdmap_r2,add,10000,0.194,83
stdmap_r2,add,10000,0.195,83
stdmap_r2,add,10000,0.196,83
stdmap_r2,add,10000,0.197,83
stdmap_r2,add,10000,0.198,83
stdmap_r2,add,10000,0.199,83
stdmap_r2,add,10000,0.2,83
stdmap_r2,add,10000,0.201,83
stdmap_r2,add,10000,0.202,83
stdmap_r2,add,10000,0.203,83
stdmap_r2,add,10000,0.204,83
stdmap_r2,add,10000,0.205,83
stdmap_r2,add,10000,0.206,83
stdmap_r2,add,10000,0.207,83
stdmap_r2,add,10000,0.208,83
stdmap_r2,add,10000,0.209,83
stdmap_r2,add,10000,0.21,83
stdmap_r2,add,10000,0.211,83
stdmap_r2,add,10000,0.212,83
stdmap_r2,add,10000,0.213,83
stdmap_r2,add,10000,0.214,83
stdmap_r2,add,10000,0.215,83
stdmap_r2,add,10000,0.216,83
stdmap_r2,add,10000,0.217,83
stdmap_r2,add,10000,0.218,83
stdmap_r2,add,10000,0.219,83
stdmap_r2,add,10000,0.22,83
stdmap_r2,add,10000,0.221,83
stdmap_r2,add,10000,0.222,83
stdmap_r2,add,10000,0.223,83
stdmap_r2,add,10000,0.224,83
stdmap_r2,add,10000,0.225,83
stdmap_r2,add,10000,0.226,83
stdmap_r2,add,10000,0.227,83
stdmap_r2,add,10000,0.228,83
stdmap_r2,add,10000,0.229,83
stdmap_r2,add,10000,0.23,83
stdmap_r2,add,10000,0.231,83
stdmap_r2,add,10000,0.232,83
stdmap_r2,add,10000,0.233,83
stdmap_r2,add,10000,0.234,83
stdmap_r2,add,10000,0.235,83
stdmap_r2,add,10000,0.236,83
stdmap_r2,add,10000,0.237,83
stdmap_r2,add,10000,0.238,83
stdmap_r2,add,10000,0.239,83
stdmap_r2,add,10000,0.24,83
stdmap_r2,add,10000,0.241,83
stdmap_r2,add,10000,0.242,83
stdmap_r2,add,10000,0.243,83
stdmap_r2,add,10000,0.244,83
stdmap_r2,add,10000,0.245,83
stdmap_r2,add,10000,0.246,83
stdmap_r2,add,10000,0.247,83
stdmap_r2,add,10000,0.248,83
stdmap_r2,add,10000,0.249,83
stdmap_r2,add,10000,0.25,83
stdmap_r2,add,10000,0.251,83
stdmap_r2,add,10000,0.252,83
stdmap_r2,add,10000,0.253,83
stdmap_r2,add,10000,0.254,83
stdmap_r2,add,10000,0.255,83
stdmap_r2,add,10000,0.256,83
stdmap_r2,add,10000,0.257,83
stdmap_r2,add,10000,0.258,83
stdmap_r2,add,10000,0.259,83
stdmap_r2,add,10000,0.26,83
stdmap_r2,add,10000,0.261,83
stdmap_r2,add,10000,0.262,83
stdmap_r2,add,10000,0.263,83
stdmap_r2,add,10000,0.264,83
stdmap_r2,add,10000,0.265,83
stdmap_r2,add,10000,0.266,83
stdmap_r2,add,10000,0.267,83
stdmap_r2,add,10000,0.268,83
stdmap_r2,add,10000,0.269,83
stdmap_r2,add,10000,0.27,83
stdmap_r2,add,10000,0.271,83
stdmap_r2,add,10000,0.272,83
stdmap_r2,add,10000,0.273,83
stdmap_r2,add,10000,0.274,83
stdmap_r2,add,10000,0.275,83
stdmap_r2,add,10000,0.276,83
stdmap_r2,add,10000,0.277,83
stdmap_r2,add,10000,0.278,83
stdmap_r2,add,10000,0.279,83
stdmap_r2,add,10000,0.28,83
stdmap_r2,add,10000,0.281,83
stdmap_r2,add,10000,0.282,83
stdmap_r2,add,10000,0.283,83
stdmap_r2,add,10000,0.284,83
stdmap_r2,add,10000,0.285,83
stdmap_r2,add,10000,0.286,83
stdmap_r2,add,10000,0.287,83
stdmap_r2,add,10000,0.288,83
stdmap_r2,add,10000,0.289,83
stdmap_r2,add,10000,0.29,83
stdmap_r2,add,10000,0.291,83
stdmap_r2,add,10000,0.292,83
stdmap_r2,add,10000,0.293,83
stdmap_r2,add,10000,0.294,83
stdmap_r2,add,10000,0.295,83
stdmap_r2,add,10000,0.296,83
stdmap_r2,add,10000,0.297,83
stdmap_r2,add,10000,0.298,83
stdmap_r2,add,10000,0.299,83
stdmap_r2,add,10000,0.3,83
stdmap_r2,add,10000,0.301,83
stdmap_r2,add,10000,0.302,83
stdmap_r2,add,10000,0.303,83
stdmap_r2,add,10000,0.304,83
stdmap_r2,add,10000,0.305,83
stdmap_r2,add,10000,0.306,83
stdmap_r2,add,10000,0.307,83
stdmap_r2,add,10000,0.308,83
stdmap_r2,add,10000,0.309,83
stdmap_r2,add,10000,0.31,83
stdmap_r2,add,10000,0.311,83
stdmap_r2,add,10000,0.312,83
stdmap_r2,add,10000,0.313,83
stdmap_r2,add,10000,0.314,83
stdmap_r2,add,10000,0.315,83
stdmap_r2,add,10000,0.316,83
stdmap_r2,add,10000,0.317,83
stdmap_r2,add,10000,0.318,83
stdmap_r2,add,10000,0.319,83
stdmap_r2,add,10000,0.32,83
stdmap_r2,add,10000,0.321,83
stdmap_r2,add,10000,0.322,83
stdmap_r2,add,10000,0.323,83
stdmap_r2,add,10000,0.324,83
stdmap_r2,add,10000,0.325,83
stdmap_r2,add,10000,0.326,83
stdmap_r2,add,10000,0.327,83
stdmap_r2,add,10000,0.328,83
stdmap_r2,add,10000,0.329,83
stdmap_r2,add,10000,0.33,83
stdmap_r2,add,10000,0.331,83
stdmap_r2,add,10000,0.332,83
stdmap_r2,add,10000,0.333,83
stdmap_r2,add,10000,0.334,83
stdmap_r2,add,10000,0.335,83
stdmap_r2,add,10000,0.336,83
stdmap_r2,add,10000,0.337,83
stdmap_r2,add,10000,0.338,83
stdmap_r2,add,10000,0.339,83
stdmap_r2,add,10000,0.34,83
stdmap_r2,add,10000,0.341,83
stdmap_r2,add,10000,0.342,83
stdmap_r2,add,10000,0.343,83
stdmap_r2,add,10000,0.344,83
stdmap_r2,add,10000,0.345,83
stdmap_r2,add,10000,0.346,83
stdmap_r2,add,10000,0.347,83
stdmap_r2,add,10000,0.348,83
stdmap_r2,add,10000,0.349,83
stdmap_r2,add,10000,0.35,83
stdmap_r2,add,10000,0.351,83
stdmap_r2,add,10000,0.352,83
stdmap_r2,add,10000,0.353,83
stdmap_r2,add,10000,0.354,83
stdmap_r2,add,10000,0.355,83
stdmap_r2,add,10000,0.356,83
stdmap_r2,add,10000,0.357,83
stdmap_r2,add,10000,0.358,83
stdmap_r2,add,10000,0.359,83
stdmap_r2,add,10000,0.36,83
stdmap_r2,add,10000,0.361,83
stdmap_r2,add,10000,0.362,83
stdmap_r2,add,10000,0.363,83
stdmap_r2,add,10000,0.364,83
stdmap_r2,add,10000,0.365,83
stdmap_r2,add,10000,0.366,83
stdmap_r2,add,10000,0.367,83
stdmap_r2,add,10000,0.368,83
stdmap_r2,add,10000,0.369,83
stdmap_r2,add,10000,0.37,83
stdmap_r2,add,10000,0.371,83
stdmap_r2,add,10000,0.372,83
stdmap_r2,add,10000,0.373,83
stdmap_r2,add,10000,0.374,83
stdmap_r2,add,10000,0.375,83
stdmap_r2,add,10000,0.376,83
stdmap_r2,add,10000,0.377,83
stdmap_r2,add,10000,0.378,83
stdmap_r2,add,10000,0.379,83
stdmap_r2,add,10000,0.38,83
stdmap_r2,add,10000,0.381,83
stdmap_r2,add,10000,0.382,83
stdmap_r2,add,10000,0.383,83
stdmap_r2,add,10000,0.384,83
stdmap_r2,add,10000,0.385,83
stdmap_r2,add,10000,0.386,83
stdmap_r2,add,10000,0.387,83
stdmap_r2,add,10000,0.388,83
stdmap_r2,add,10000,0.389,83
stdmap_r2,add,10000,0.39,83
stdmap_r2,add,10000,0.391,83
stdmap_r2,add,10000,0.392,83
stdmap_r2,add,10000,0.393,83
stdmap_r2,add,10000,0.394,83
stdmap_r2,add,10000,0.395,83
stdmap_r2,add,10000,0.396,83
stdmap_r2,add,10000,0.397,83
stdmap_r2,add,10000,0.398,83
stdmap_r2,add,10000,0.399,83
stdmap_r2,add,10000,0.4,83
stdmap_r2,add,10000,0.401,83
stdmap_r2,add,10000,0.402,83
stdmap_r2,add,10000,0.403,83
stdmap_r2,add,10000,0.404,83
stdmap_r2,add,10000,0.405,83
stdmap_r2,add,10000,0.406,83
stdmap_r2,add,10000,0.407,83
stdmap_r2,add,10000,0.408,83
stdmap_r2,add,10000,0.409,83
stdmap_r2,add,10000,0.41,83
stdmap_r2,add,10000,0.411,83
stdmap_r2,add,10000,0.412,83
stdmap_r2,add,10000,0.413,83
stdmap_r2,add,10000,0.414,83
stdmap_r2,add,10000,0.415,83
stdmap_r2,add,10000,0.416,83
stdmap_r2,add,10000,0.417,83
stdmap_r2,add,10000,0.418,83
stdmap_r2,add,10000,0.419,83
stdmap_r2,add,10000,0.42,83
stdmap_r2,add,10000,0.421,83
stdmap_r2,add,10000,0.422,83
stdmap_r2,add,10000,0.423,83
stdmap_r2,add,10000,0.424,83
stdmap_r2,add,10000,0.425,83
stdmap_r2,add,10000,0.426,83
stdmap_r2,add,10000,0.427,83
stdmap_r2,add,10000,0.428,83
stdmap_r2,add,10000,0.429,83
stdmap_r2,add,10000,0.43,83
stdmap_r2,add,10000,0.431,83
stdmap_r2,add,10000,0.432,83
stdmap_r2,add,10000,0.433,83
stdmap_r2,add,10000,0.434,83
stdmap_r2,add,10000,0.435,83
stdmap_r2,add,10000,0.436,83
stdmap_r2,add,10000,0.437,83
stdmap_r2,add,10000,0.438,83
stdmap_r2,add,10000,0.439,83
stdmap_r2,add,10000,0.44,83
stdmap_r2,add,10000,0.441,83
stdmap_r2,add,10000,0.442,83
stdmap_r2,add,10000,0.443,83
stdmap_r2,add,10000,0.444,83
stdmap_r2,add,10000,0.445,83
stdmap_r2,add,10000,0.446,83
stdmap_r2,add,10000,0.447,83
stdmap_r2,add,10000,0.448,83
stdmap_r2,add,10000,0.449,83
stdmap_r2,add,10000,0.45,83
stdmap_r2,add,10000,0.451,83
stdmap_r2,add,10000,0.452,83
stdmap_r2,add,10000,0.453,83
stdmap_r2,add,10000,0.454,83
stdmap_r2,add,10000,0.455,83
stdmap_r2,add,10000,0.456,83
stdmap_r2,add,10000,0.457,83
stdmap_r2,add,10000,0.458,83
stdmap_r2,add,10000,0.459,83
stdmap_r2,add,10000,0.46,83
stdmap_r2,add,10000,0.461,83
stdmap_r2,add,10000,0.462,83
stdmap_r2,add,10000,0.463,83
stdmap_r2,add,10000,0.464,83
stdmap_r2,add,10000,0.465,83
stdmap_r2,add,10000,0.466,83
stdmap_r2,add,10000,0.467,83
stdmap_r2,add,10000,0.468,83
stdmap_r2,add,10000,0.469,83
stdmap_r2,add,10000,0.47,83
stdmap_r2,add,10000,0.471,83
stdmap_r2,add,10000,0.472,83
stdmap_r2,add,10000,0.473,83
stdmap_r2,add,10000,0.474,83
stdmap_r2,add,10000,0.475,83
stdmap_r2,add,10000,0.476,83
stdmap_r2,add,10000,0.477,83
stdmap_r2,add,10000,0.478,83
stdmap_r2,add,10000,0.479,83
stdmap_r2,add,10000,0.48,83
stdmap_r2,add,10000,0.481,83
stdmap_r2,add,10000,0.482,83
stdmap_r2,add,10000,0.483,83
stdmap_r2,add,10000,0.484,83
stdmap_r2,add,10000,0.485,83
stdmap_r2,add,10000,0.486,83
stdmap_r2,add,10000,0.487,83
stdmap_r2,add,10000,0.488,83
stdmap_r2,add,10000,0.489,83
stdmap_r2,add,10000,0.49,83
stdmap_r2,add,10000,0.491,83
stdmap_r2,add,10000,0.492,83
stdmap_r2,add,10000,0.493,83
stdmap_r2,add,10000,0.494,83
stdmap_r2,add,10000,0.495,83
stdmap_r2,add,10000,0.496,83
stdmap_r2,add,10000,0.497,83
stdmap_r2,add,10000,0.498,83
stdmap_r2,add,10000,0.499,83
stdmap_r2,add,10000,0.5,83
stdmap_r2,add,10000,0.501,83
stdmap_r2,add,10000,0.502,83
stdmap_r2,add,10000,0.503,83
stdmap_r2,add,10000,0.504,83
stdmap_r2,add,10000,0.505,83
stdmap_r2,add,10000,0.506,83
stdmap_r2,add,10000,0.507,83
stdmap_r2,add,10000,0.508,83
stdmap_r2,add,10000,0.509,83
stdmap_r2,add,10000,0.51,83
stdmap_r2,add,10000,0.511,83
stdmap_r2,add,10000,0.512,83
stdmap_r2,add,10000,0.513,83
stdmap_r2,add,10000,0.514,83
stdmap_r2,add,10000,0.515,83
stdmap_r2,add,10000,0.516,83
stdmap_r2,add,10000,0.517,83
stdmap_r2,add,10000,0.518,83
stdmap_r2,add,10000,0.519,83
stdmap_r2,add,10000,0.52,83
stdmap_r2,add,10000,0.521,83
stdmap_r2,add,10000,0.522,83
stdmap_r2,add,10000,0.523,83
stdmap_r2,add,10000,0.524,83
stdmap_r2,add,10000,0.525,83
stdmap_r2,add,10000,0.526,83
stdmap_r2,add,10000,0.527,83
stdmap_r2,add,10000,0.528,83
stdmap_r2,add,10000,0.529,83
stdmap_r2,add,10000,0.53,83
stdmap_r2,add,10000,0.531,83
stdmap_r2,add,10000,0.532,83
stdmap_r2,add,10000,0.533,83
stdmap_r2,add,10000,0.534,83
stdmap_r2,add,10000,0.535,83
stdmap_r2,add,10000,0.536,83
stdmap_r2,add,10000,0.537,84
stdmap_r2,add,10000,0.538,84
stdmap_r2,add,10000,0.539,84
stdmap_r2,add,10000,0.54,84
stdmap_r2,add,10000,0.541,84
stdmap_r2,add,10000,0.542,84
stdmap_r2,add,10000,0.543,84
stdmap_r2,add,10000,0.544,84
stdmap_r2,add,10000,0.545,84
stdmap_r2,add,10000,0.546,84
stdmap_r2,add,10000,0.547,84
stdmap_r2,add,10000,0.548,84
stdmap_r2,add,10000,0.549,84
stdmap_r2,add,10000,0.55,84
stdmap_r2,add,10000,0.551,84
stdmap_r2,add,10000,0.552,84
stdmap_r2,add,10000,0.553,84
stdmap_r2,add,10000,0.554,84
stdmap_r2,add,10000,0.555,84
stdmap_r2,add,10000,0.556,84
stdmap_r2,add,10000,0.557,84
stdmap_r2,add,10000,0.558,84
stdmap_r2,add,10000,0.559,84
stdmap_r2,add,10000,0.56,84
stdmap_r2,add,10000,0.561,84
stdmap_r2,add,10000,0.562,84
stdmap_r2,add,10000,0.563,84
stdmap_r2,add,10000,0.564,84
stdmap_r2,add,10000,0.565,84
stdmap_r2,add,10000,0.566,84
stdmap_r2,add,10000,0.567,84
stdmap_r2,add,10000,0.568,84
stdmap_r2,add,10000,0.569,84
stdmap_r2,add,10000,0.57,84
stdmap_r2,add,10000,0.571,84
stdmap_r2,add,10000,0.572,84
stdmap_r2,add,10000,0.573,84
stdmap_r2,add,10000,0.574,84
stdmap_r2,add,10000,0.575,84
stdmap_r2,add,10000,0.576,84
stdmap_r2,add,10000,0.577,84
stdmap_r2,add,10000,0.578,84
stdmap_r2,add,10000,0.579,84
stdmap_r2,add,10000,0.58,84
stdmap_r2,add,10000,0.581,84
stdmap_r2,add,10000,0.582,84
stdmap_r2,add,10000,0.583,84
stdmap_r2,add,10000,0.584,84
stdmap_r2,add,10000,0.585,84
stdmap_r2,add,10000,0.586,84
stdmap_r2,add,10000,0.587,84
stdmap_r2,add,10000,0.588,84
stdmap_r2,add,10000,0.589,84
stdmap_r2,add,10000,0.59,84
stdmap_r2,add,10000,0.591,84
stdmap_r2,add,10000,0.592,84
stdmap_r2,add,10000,0.593,84
stdmap_r2,add,10000,0.594,84
stdmap_r2,add,10000,0.595,84
stdmap_r2,add,10000,0.596,84
stdmap_r2,add,10000,0.597,84
stdmap_r2,add,10000,0.598,84
stdmap_r2,add,10000,0.599,84
stdmap_r2,add,10000,0.6,84
stdmap_r2,add,10000,0.601,84
stdmap_r2,add,10000,0.602,84
stdmap_r2,add,10000,0.603,84
stdmap_r2,add,10000,0.604,84
stdmap_r2,add,10000,0.605,84
stdmap_r2,add,10000,0.606,84
stdmap_r2,add,10000,0.607,84
stdmap_r2,add,10000,0.608,84
stdmap_r2,add,10000,0.609,84
stdmap_r2,add,10000,0.61,84
stdmap_r2,add,10000,0.611,84
stdmap_r2,add,10000,0.612,84
stdmap_r2,add,10000,0.613,84
stdmap_r2,add,10000,0.614,84
stdmap_r2,add,10000,0.615,84
stdmap_r2,add,10000,0.616,84
stdmap_r2,add,10000,0.617,84
stdmap_r2,add,10000,0.618,84
stdmap_r2,add,10000,0.619,84
stdmap_r2,add,10000,0.62,84
stdmap_r2,add,10000,0.621,84
stdmap_r2,add,10000,0.622,84
stdmap_r2,add,10000,0.623,84
stdmap_r2,add,10000,0.624,84
stdmap_r2,add,10000,0.625,84
stdmap_r2,add,10000,0.626,84
stdmap_r2,add,10000,0.627,84
stdmap_r2,add,10000,0.628,84
stdmap_r2,add,10000,0.629,84
stdmap_r2,add,10000,0.63,84
stdmap_r2,add,10000,0.631,84
stdmap_r2,add,10000,0.632,84
stdmap_r2,add,10000,0.633,84
stdmap_r2,add,10000,0.634,84
stdmap_r2,add,10000,0.635,84
stdmap_r2,add,10000,0.636,84
stdmap_r2,add,10000,0.637,84
stdmap_r2,add,10000,0.638,84
stdmap_r2,add,10000,0.639,84
stdmap_r2,add,10000,0.64,84
stdmap_r2,add,10000,0.641,84
stdmap_r2,add,10000,0.642,84
stdmap_r2,add,10000,0.643,84
stdmap_r2,add,10000,0.644,84
stdmap_r2,add,10000,0.645,84
stdmap_r2,add,10000,0.646,84
stdmap_r2,add,10000,0.647,84
stdmap_r2,add,10000,0.648,84
stdmap_r2,add,10000,0.649,84
stdmap_r2,add,10000,0.65,84
stdmap_r2,add,10000,0.651,84
stdmap_r2,add,10000,0.652,84
stdmap_r2,add,10000,0.653,84
stdmap_r2,add,10000,0.654,84
stdmap_r2,add,10000,0.655,84
stdmap_r2,add,10000,0.656,84
stdmap_r2,add,10000,0.657,84
stdmap_r2,add,10000,0.658,84
stdmap_r2,add,10000,0.659,84
stdmap_r2,add,10000,0.66,84
stdmap_r2,add,10000,0.661,84
stdmap_r2,add,10000,0.662,84
stdmap_r2,add,10000,0.663,84
stdmap_r2,add,10000,0.664,84
stdmap_r2,add,10000,0.665,84
stdmap_r2,add,10000,0.666,84
stdmap_r2,add,10000,0.667,84
stdmap_r2,add,10000,0.668,84
stdmap_r2,add,10000,0.669,84
stdmap_r2,add,10000,0.67,84
stdmap_r2,add,10000,0.671,84
stdmap_r2,add,10000,0.672,84
stdmap_r2,add,10000,0.673,84
stdmap_r2,add,10000,0.674,84
stdmap_r2,add,10000,0.675,84
stdmap_r2,add,10000,0.676,84
stdmap_r2,add,10000,0.677,84
stdmap_r2,add,10000,0.678,84
stdmap_r2,add,10000,0.679,84
stdmap_r2,add,10000,0.68,84
stdmap_r2,add,10000,0.681,84
stdmap_r2,add,10000,0.682,84
stdmap_r2,add,10000,0.683,84
stdmap_r2,add,10000,0.684,84
stdmap_r2,add,10000,0.685,84
stdmap_r2,add,10000,0.686,84
stdmap_r2,add,10000,0.687,84
stdmap_r2,add,10000,0.688,84
stdmap_r2,add,10000,0.689,84
stdmap_r2,add,10000,0.69,84
stdmap_r2,add,10000,0.691,84
stdmap_r2,add,10000,0.692,84
stdmap_r2,add,10000,0.693,84
stdmap_r2,add,10000,0.694,84
stdmap_r2,add,10000,0.695,84
stdmap_r2,add,10000,0.696,84
stdmap_r2,add,10000,0.697,84
stdmap_r2,add,10000,0.698,84
stdmap_r2,add,10000,0.699,84
stdmap_r2,add,10000,0.7,84
stdmap_r2,add,10000,0.701,84
stdmap_r2,add,10000,0.702,84
stdmap_r2,add,10000,0.703,84
stdmap_r2,add,10000,0.704,84
stdmap_r2,add,10000,0.705,84
stdmap_r2,add,10000,0.706,84
stdmap_r2,add,10000,0.707,84
stdmap_r2,add,10000,0.708,84
stdmap_r2,add,10000,0.709,84
stdmap_r2,add,10000,0.71,84
stdmap_r2,add,10000,0.711,84
stdmap_r2,add,10000,0.712,84
stdmap_r2,add,10000,0.713,84
stdmap_r2,add,10000,0.714,84
stdmap_r2,add,10000,0.715,84
stdmap_r2,add,10000,0.716,84
stdmap_r2,add,10000,0.717,84
stdmap_r2,add,10000,0.718,84
stdmap_r2,add,10000,0.719,84
stdmap_r2,add,10000,0.72,84
stdmap_r2,add,10000,0.721,84
stdmap_r2,add,10000,0.722,84
stdmap_r2,add,10000,0.723,84
stdmap_r2,add,10000,0.724,84
stdmap_r2,add,10000,0.725,84
stdmap_r2,add,10000,0.726,84
stdmap_r2,add,10000,0.727,84
stdmap_r2,add,10000,0.728,84
stdmap_r2,add,10000,0.729,84
stdmap_r2,add,10000,0.73,84
stdmap_r2,add,10000,0.731,84
stdmap_r2,add,10000,0.732,84
stdmap_r2,add,10000,0.733,84
stdmap_r2,add,10000,0.734,84
stdmap_r2,add,10000,0.735,84
stdmap_r2,add,10000,0.736,84
stdmap_r2,add,10000,0.737,84
stdmap_r2,add,10000,0.738,84
stdmap_r2,add,10000,0.739,84
stdmap_r2,add,10000,0.74,125
stdmap_r2,add,10000,0.741,125
stdmap_r2,add,10000,0.742,125
stdmap_r2,add,10000,0.743,125
stdmap_r2,add,10000,0.744,125
stdmap_r2,add,10000,0.745,125
stdmap_r2,add,10000,0.746,125
stdmap_r2,add,10000,0.747,125
stdmap_r2,add,10000,0.748,125
stdmap_r2,add,10000,0.749,125
stdmap_r2,add,10000,0.75,125
stdmap_r2,add,10000,0.751,125
stdmap_r2,add,10000,0.752,125
stdmap_r2,add,10000,0.753,125
stdmap_r2,add,10000,0.754,125
stdmap_r2,add,10000,0.755,125
stdmap_r2,add,10000,0.756,125
stdmap_r2,add,10000,0.757,125
stdmap_r2,add,10000,0.758,125
stdmap_r2,add,10000,0.759,125
stdmap_r2,add,10000,0.76,125
stdmap_r2,add,10000,0.761,125
stdmap_r2,add,10000,0.762,125
stdmap_r2,add,10000,0.763,125
stdmap_r2,add,10000,0.764,125
stdmap_r2,add,10000,0.765,125
stdmap_r2,add,10000,0.766,125
stdmap_r2,add,10000,0.767,125
stdmap_r2,add,10000,0.768,125
stdmap_r2,add,10000,0.769,125
stdmap_r2,add,10000,0.77,125
stdmap_r2,add,10000,0.771,125
stdmap_r2,add,10000,0.772,125
stdmap_r2,add,10000,0.773,125
stdmap_r2,add,10000,0.774,125
stdmap_r2,add,10000,0.775,125
stdmap_r2,add,10000,0.776,125
stdmap_r2,add,10000,0.777,125
stdmap_r2,add,10000,0.778,125
stdmap_r2,add,10000,0.779,125
stdmap_r2,add,10000,0.78,125
stdmap_r2,add,10000,0.781,125
stdmap_r2,add,10000,0.782,125
stdmap_r2,add,10000,0.783,125
stdmap_r2,add,10000,0.784,125
stdmap_r2,add,10000,0.785,125
stdmap_r2,add,10000,0.786,125
stdmap_r2,add,10000,0.787,125
stdmap_r2,add,10000,0.788,125
stdmap_r2,add,10000,0.789,125
stdmap_r2,add,10000,0.79,125
stdmap_r2,add,10000,0.791,125
stdmap_r2,add,10000,0.792,125
stdmap_r2,add,10000,0.793,125
stdmap_r2,add,10000,0.794,125
stdmap_r2,add,10000,0.795,125
stdmap_r2,add,10000,0.796,125
stdmap_r2,add,10000,0.797,125
stdmap_r2,add,10000,0.798,125
stdmap_r2,add,10000,0.799,125
stdmap_r2,add,10000,0.8,125
stdmap_r2,add,10000,0.801,125
stdmap_r2,add,10000,0.802,125
stdmap_r2,add,10000,0.803,125
stdmap_r2,add,10000,0.804,125
stdmap_r2,add,10000,0.805,125
stdmap_r2,add,10000,0.806,125
stdmap_r2,add,10000,0.807,125
stdmap_r2,add,10000,0.808,125
stdmap_r2,add,10000,0.809,125
stdmap_r2,add,10000,0.81,125
stdmap_r2,add,10000,0.811,125
stdmap_r2,add,10000,0.812,125
stdmap_r2,add,10000,0.813,125
stdmap_r2,add,10000,0.814,125
stdmap_r2,add,10000,0.815,125
stdmap_r2,add,10000,0.816,125
stdmap_r2,add,10000,0.817,125
stdmap_r2,add,10000,0.818,125
stdmap_r2,add,10000,0.819,125
stdmap_r2,add,10000,0.82,125
stdmap_r2,add,10000,0.821,125
stdmap_r2,add,10000,0.822,125
stdmap_r2,add,10000,0.823,125
stdmap_r2,add,10000,0.824,125
stdmap_r2,add,10000,0.825,125
stdmap_r2,add,10000,0.826,125
stdmap_r2,add,10000,0.827,125
stdmap_r2,add,10000,0.828,125
stdmap_r2,add,10000,0.829,125
stdmap_r2,add,10000,0.83,125
stdmap_r2,add,10000,0.831,125
stdmap_r2,add,10000,0.832,125
stdmap_r2,add,10000,0.833,125
stdmap_r2,add,10000,0.834,125
stdmap_r2,add,10000,0.835,125
stdmap_r2,add,10000,0.836,125
stdmap_r2,add,10000,0.837,125
stdmap_r2,add,10000,0.838,125
stdmap_r2,add,10000,0.839,125
stdmap_r2,add,10000,0.84,125
stdmap_r2,add,10000,0.841,125
stdmap_r2,add,10000,0.842,125
stdmap_r2,add,10000,0.843,125
stdmap_r2,add,10000,0.844,125
stdmap_r2,add,10000,0.845,125
stdmap_r2,add,10000,0.846,125
stdmap_r2,add,10000,0.847,125
stdmap_r2,add,10000,0.848,125
stdmap_r2,add,10000,0.849,125
stdmap_r2,add,10000,0.85,125
stdmap_r2,add,10000,0.851,125
stdmap_r2,add,10000,0.852,125
stdmap_r2,add,10000,0.853,125
stdmap_r2,add,10000,0.854,125
stdmap_r2,add,10000,0.855,125
stdmap_r2,add,10000,0.856,125
stdmap_r2,add,10000,0.857,125
stdmap_r2,add,10000,0.858,125
stdmap_r2,add,10000,0.859,125
stdmap_r2,add,10000,0.86,125
stdmap_r2,add,10000,0.861,125
stdmap_r2,add,10000,0.862,125
stdmap_r2,add,10000,0.863,125
stdmap_r2,add,10000,0.864,125
stdmap_r2,add,10000,0.865,125
stdmap_r2,add,10000,0.866,125
stdmap_r2,add,10000,0.867,125
stdmap_r2,add,10000,0.868,125
stdmap_r2,add,10000,0.869,125
stdmap_r2,add,10000,0.87,125
stdmap_r2,add,10000,0.871,125
stdmap_r2,add,10000,0.872,125
stdmap_r2,add,10000,0.873,125
stdmap_r2,add,10000,0.874,125
stdmap_r2,add,10000,0.875,125
stdmap_r2,add,10000,0.876,125
stdmap_r2,add,10000,0.877,125
stdmap_r2,add,10000,0.878,125
stdmap_r2,add,10000,0.879,125
stdmap_r2,add,10000,0.88,125
stdmap_r2,add,10000,0.881,125
stdmap_r2,add,10000,0.882,125
stdmap_r2,add,10000,0.883,125
stdmap_r2,add,10000,0.884,125
stdmap_r2,add,10000,0.885,125
stdmap_r2,add,10000,0.886,125
stdmap_r2,add,10000,0.887,125
stdmap_r2,add,10000,0.888,125
stdmap_r2,add,10000,0.889,125
stdmap_r2,add,10000,0.89,125
stdmap_r2,add,10000,0.891,125
stdmap_r2,add,10000,0.892,125
stdmap_r2,add,10000,0.893,125
stdmap_r2,add,10000,0.894,125
stdmap_r2,add,10000,0.895,125
stdmap_r2,add,10000,0.896,125
stdmap_r2,add,10000,0.897,125
stdmap_r2,add,10000,0.898,125
stdmap_r2,add,10000,0.899,125
stdmap_r2,add,10000,0.9,125
stdmap_r2,add,10000,0.901,125
stdmap_r2,add,10000,0.902,125
stdmap_r2,add,10000,0.903,125
stdmap_r2,add,10000,0.904,125
stdmap_r2,add,10000,0.905,125
stdmap_r2,add,10000,0.906,125
stdmap_r2,add,10000,0.907,125
stdmap_r2,add,10000,0.908,125
stdmap_r2,add,10000,0.909,125
stdmap_r2,add,10000,0.91,125
stdmap_r2,add,10000,0.911,125
stdmap_r2,add,10000,0.912,125
stdmap_r2,add,10000,0.913,125
stdmap_r2,add,10000,0.914,166
stdmap_r2,add,10000,0.915,166
stdmap_r2,add,10000,0.916,166
stdmap_r2,add,10000,0.917,166
stdmap_r2,add,10000,0.918,166
stdmap_r2,add,10000,0.919,166
stdmap_r2,add,10000,0.92,166
stdmap_r2,add,10000,0.921,166
stdmap_r2,add,10000,0.922,166
stdmap_r2,add,10000,0.923,166
stdmap_r2,add,10000,0.924,166
stdmap_r2,add,10000,0.925,166
stdmap_r2,add,10000,0.926,167
stdmap_r2,add,10000,0.927,167
stdmap_r2,add,10000,0.928,167
stdmap_r2,add,10000,0.929,167
stdmap_r2,add,10000,0.93,167
stdmap_r2,add,10000,0.931,167
stdmap_r2,add,10000,0.932,167
stdmap_r2,add,10000,0.933,167
stdmap_r2,add,10000,0.934,167
stdmap_r2,add,10000,0.935,167
stdmap_r2,add,10000,0.936,167
stdmap_r2,add,10000,0.937,167
stdmap_r2,add,10000,0.938,167
stdmap_r2,add,10000,0.939,167
stdmap_r2,add,10000,0.94,167
stdmap_r2,add,10000,0.941,167
stdmap_r2,add,10000,0.942,167
stdmap_r2,add,10000,0.943,167
stdmap_r2,add,10000,0.944,167
stdmap_r2,add,10000,0.945,167
stdmap_r2,add,10000,0.946,167
stdmap_r2,add,10000,0.947,167
stdmap_r2,add,10000,0.948,167
stdmap_r2,add,10000,0.949,167
stdmap_r2,add,10000,0.95,167
stdmap_r2,add,10000,0.951,167
stdmap_r2,add,10000,0.952,208
stdmap_r2,add,10000,0.953,208
stdmap_r2,add,10000,0.954,208
stdmap_r2,add,10000,0.955,208
stdmap_r2,add,10000,0.956,208
stdmap_r2,add,10000,0.957,208
stdmap_r2,add,10000,0.958,208
stdmap_r2,add,10000,0.959,208
stdmap_r2,add,10000,0.96,208
stdmap_r2,add,10000,0.961,208
stdmap_r2,add,10000,0.962,208
stdmap_r2,add,10000,0.963,208
stdmap_r2,add,10000,0.964,208
stdmap_r2,add,10000,0.965,208
stdmap_r2,add,10000,0.966,208
stdmap_r2,add,10000,0.967,208
stdmap_r2,add,10000,0.968,209
stdmap_r2,add,10000,0.969,209
stdmap_r2,add,10000,0.97,209
stdmap_r2,add,10000,0.971,209
stdmap_r2,add,10000,0.972,209
stdmap_r2,add,10000,0.973,209
stdmap_r2,add,10000,0.974,209
stdmap_r2,add,10000,0.975,209
stdmap_r2,add,10000,0.976,209
stdmap_r2,add,10000,0.977,250
stdmap_r2,add,10000,0.978,250
stdmap_r2,add,10000,0.979,250
stdmap_r2,add,10000,0.98,250
stdmap_r2,add,10000,0.981,250
stdmap_r2,add,10000,0.982,250
stdmap_r2,add,10000,0.983,250
stdmap_r2,add,10000,0.984,250
stdmap_r2,add,10000,0.985,291
stdmap_r2,add,10000,0.986,291
stdmap_r2,add,10000,0.987,292
stdmap_r2,add,10000,0.988,292
stdmap_r2,add,10000,0.989,292
stdmap_r2,add,10000,0.99,292
stdmap_r2,add,10000,0.991,333
stdmap_r2,add,10000,0.992,333
stdmap_r2,add,10000,0.993,334
stdmap_r2,add,10000,0.994,375
stdmap_r2,add,10000,0.995,375
stdmap_r2,add,10000,0.996,417
stdmap_r2,add,10000,0.997,458
stdmap_r2,add,10000,0.998,500
stdmap_r2,add,10000,0.999,584
stdmap_r2,cancel,10000,0,0
stdmap_r2,cancel,10000,0.001,41
stdmap_r2,cancel,10000,0.002,41
stdmap_r2,cancel,10000,0.003,41
stdmap_r2,cancel,10000,0.004,42
stdmap_r2,cancel,10000,0.005,42
stdmap_r2,cancel,10000,0.006,42
stdmap_r2,cancel,10000,0.007,42
stdmap_r2,cancel,10000,0.008,42
stdmap_r2,cancel,10000,0.009,42
stdmap_r2,cancel,10000,0.01,42
stdmap_r2,cancel,10000,0.011,83
stdmap_r2,cancel,10000,0.012,83
stdmap_r2,cancel,10000,0.013,83
stdmap_r2,cancel,10000,0.014,83
stdmap_r2,cancel,10000,0.015,83
stdmap_r2,cancel,10000,0.016,83
stdmap_r2,cancel,10000,0.017,83
stdmap_r2,cancel,10000,0.018,83
stdmap_r2,cancel,10000,0.019,83
stdmap_r2,cancel,10000,0.02,83
stdmap_r2,cancel,10000,0.021,83
stdmap_r2,cancel,10000,0.022,83
stdmap_r2,cancel,10000,0.023,83
stdmap_r2,cancel,10000,0.024,83
stdmap_r2,cancel,10000,0.025,83
stdmap_r2,cancel,10000,0.026,83
stdmap_r2,cancel,10000,0.027,83
stdmap_r2,cancel,10000,0.028,83
stdmap_r2,cancel,10000,0.029,83
stdmap_r2,cancel,10000,0.03,83
stdmap_r2,cancel,10000,0.031,83
stdmap_r2,cancel,10000,0.032,83
stdmap_r2,cancel,10000,0.033,83
stdmap_r2,cancel,10000,0.034,83
stdmap_r2,cancel,10000,0.035,83
stdmap_r2,cancel,10000,0.036,83
stdmap_r2,cancel,10000,0.037,83
stdmap_r2,cancel,10000,0.038,83
stdmap_r2,cancel,10000,0.039,83
stdmap_r2,cancel,10000,0.04,83
stdmap_r2,cancel,10000,0.041,83
stdmap_r2,cancel,10000,0.042,83
stdmap_r2,cancel,10000,0.043,83
stdmap_r2,cancel,10000,0.044,83
stdmap_r2,cancel,10000,0.045,83
stdmap_r2,cancel,10000,0.046,83
stdmap_r2,cancel,10000,0.047,83
stdmap_r2,cancel,10000,0.048,83
stdmap_r2,cancel,10000,0.049,83
stdmap_r2,cancel,10000,0.05,83
stdmap_r2,cancel,10000,0.051,83
stdmap_r2,cancel,10000,0.052,83
stdmap_r2,cancel,10000,0.053,83
stdmap_r2,cancel,10000,0.054,83
stdmap_r2,cancel,10000,0.055,83
stdmap_r2,cancel,10000,0.056,83
stdmap_r2,cancel,10000,0.057,83
stdmap_r2,cancel,10000,0.058,83
stdmap_r2,cancel,10000,0.059,83
stdmap_r2,cancel,10000,0.06,83
stdmap_r2,cancel,10000,0.061,83
stdmap_r2,cancel,10000,0.062,83
stdmap_r2,cancel,10000,0.063,83
stdmap_r2,cancel,10000,0.064,83
stdmap_r2,cancel,10000,0.065,83
stdmap_r2,cancel,10000,0.066,83
stdmap_r2,cancel,10000,0.067,83
stdmap_r2,cancel,10000,0.068,83
stdmap_r2,cancel,10000,0.069,83
stdmap_r2,cancel,10000,0.07,83
stdmap_r2,cancel,10000,0.071,83
stdmap_r2,cancel,10000,0.072,83
stdmap_r2,cancel,10000,0.073,83
stdmap_r2,cancel,10000,0.074,83
stdmap_r2,cancel,10000,0.075,83
stdmap_r2,cancel,10000,0.076,83
stdmap_r2,cancel,10000,0.077,83
stdmap_r2,cancel,10000,0.078,83
stdmap_r2,cancel,10000,0.079,83
stdmap_r2,cancel,10000,0.08,83
stdmap_r2,cancel,10000,0.081,83
stdmap_r2,cancel,10000,0.082,83
stdmap_r2,cancel,10000,0.083,83
stdmap_r2,cancel,10000,0.084,83
stdmap_r2,cancel,10000,0.085,83
stdmap_r2,cancel,10000,0.086,84
stdmap_r2,cancel,10000,0.087,84
stdmap_r2,cancel,10000,0.088,84
stdmap_r2,cancel,10000,0.089,84
stdmap_r2,cancel,10000,0.09,84
stdmap_r2,cancel,10000,0.091,84
stdmap_r2,cancel,10000,0.092,84
stdmap_r2,cancel,10000,0.093,84
stdmap_r2,cancel,10000,0.094,84
stdmap_r2,cancel,10000,0.095,84
stdmap_r2,cancel,10000,0.096,84
stdmap_r2,cancel,10000,0.097,84
stdmap_r2,cancel,10000,0.098,84
stdmap_r2,cancel,10000,0.099,84
stdmap_r2,cancel,10000,0.1,84
stdmap_r2,cancel,10000,0.101,84
stdmap_r2,cancel,10000,0.102,84
stdmap_r2,cancel,10000,0.103,84
stdmap_r2,cancel,10000,0.104,84
stdmap_r2,cancel,10000,0.105,84
stdmap_r2,cancel,10000,0.106,84
stdmap_r2,cancel,10000,0.107,84
stdmap_r2,cancel,10000,0.108,84
stdmap_r2,cancel,10000,0.109,84
stdmap_r2,cancel,10000,0.11,84
stdmap_r2,cancel,10000,0.111,84
stdmap_r2,cancel,10000,0.112,84
stdmap_r2,cancel,10000,0.113,84
stdmap_r2,cancel,10000,0.114,84
stdmap_r2,cancel,10000,0.115,84
stdmap_r2,cancel,10000,0.116,84
stdmap_r2,cancel,10000,0.117,84
stdmap_r2,cancel,10000,0.118,84
stdmap_r2,cancel,10000,0.119,84
stdmap_r2,cancel,10000,0.12,84
stdmap_r2,cancel,10000,0.121,84
stdmap_r2,cancel,10000,0.122,84
stdmap_r2,cancel,10000,0.123,84
stdmap_r2,cancel,10000,0.124,125
stdmap_r2,cancel,10000,0.125,125
stdmap_r2,cancel,10000,0.126,125
stdmap_r2,cancel,10000,0.127,125
stdmap_r2,cancel,10000,0.128,125
stdmap_r2,cancel,10000,0.129,125
stdmap_r2,cancel,10000,0.13,125
stdmap_r2,cancel,10000,0.131,125
stdmap_r2,cancel,10000,0.132,125
stdmap_r2,cancel,10000,0.133,125
stdmap_r2,cancel,10000,0.134,125
stdmap_r2,cancel,10000,0.135,125
stdmap_r2,cancel,10000,0.136,125
stdmap_r2,cancel,10000,0.137,125
stdmap_r2,cancel,10000,0.138,125
stdmap_r2,cancel,10000,0.139,125
stdmap_r2,cancel,10000,0.14,125
stdmap_r2,cancel,10000,0.141,125
stdmap_r2,cancel,10000,0.142,125
stdmap_r2,cancel,10000,0.143,125
stdmap_r2,cancel,10000,0.144,125
stdmap_r2,cancel,10000,0.145,125
stdmap_r2,cancel,10000,0.146,125
stdmap_r2,cancel,10000,0.147,125
stdmap_r2,cancel,10000,0.148,125
stdmap_r2,cancel,10000,0.149,125
stdmap_r2,cancel,10000,0.15,125
stdmap_r2,cancel,10000,0.151,125
stdmap_r2,cancel,10000,0.152,125
stdmap_r2,cancel,10000,0.153,125
stdmap_r2,cancel,10000,0.154,125
stdmap_r2,cancel,10000,0.155,125
stdmap_r2,cancel,10000,0.156,125
stdmap_r2,cancel,10000,0.157,125
stdmap_r2,cancel,10000,0.158,125
stdmap_r2,cancel,10000,0.159,125
stdmap_r2,cancel,10000,0.16,125
stdmap_r2,cancel,10000,0.161,125
stdmap_r2,cancel,10000,0.162,125
stdmap_r2,cancel,10000,0.163,125
stdmap_r2,cancel,10000,0.164,125
stdmap_r2,cancel,10000,0.165,125
stdmap_r2,cancel,10000,0.166,125
stdmap_r2,cancel,10000,0.167,125
stdmap_r2,cancel,10000,0.168,125
stdmap_r2,cancel,10000,0.169,125
stdmap_r2,cancel,10000,0.17,125
stdmap_r2,cancel,10000,0.171,125
stdmap_r2,cancel,10000,0.172,125
stdmap_r2,cancel,10000,0.173,125
stdmap_r2,cancel,10000,0.174,125
stdmap_r2,cancel,10000,0.175,125
stdmap_r2,cancel,10000,0.176,125
stdmap_r2,cancel,10000,0.177,125
stdmap_r2,cancel,10000,0.178,125
stdmap_r2,cancel,10000,0.179,125
stdmap_r2,cancel,10000,0.18,125
stdmap_r2,cancel,10000,0.181,125
stdmap_r2,cancel,10000,0.182,125
stdmap_r2,cancel,10000,0.183,125
stdmap_r2,cancel,10000,0.184,125
stdmap_r2,cancel,10000,0.185,125
stdmap_r2,cancel,10000,0.186,125
stdmap_r2,cancel,10000,0.187,125
stdmap_r2,cancel,10000,0.188,125
stdmap_r2,cancel,10000,0.189,125
stdmap_r2,cancel,10000,0.19,125
stdmap_r2,cancel,10000,0.191,125
stdmap_r2,cancel,10000,0.192,125
stdmap_r2,cancel,10000,0.193,125
stdmap_r2,cancel,10000,0.194,125
stdmap_r2,cancel,10000,0.195,125
stdmap_r2,cancel,10000,0.196,125
stdmap_r2,cancel,10000,0.197,125
stdmap_r2,cancel,10000,0.198,125
stdmap_r2,cancel,10000,0.199,125
stdmap_r2,cancel,10000,0.2,125
stdmap_r2,cancel,10000,0.201,125
stdmap_r2,cancel,10000,0.202,125
stdmap_r2,cancel,10000,0.203,125
stdmap_r2,cancel,10000,0.204,125
stdmap_r2,cancel,10000,0.205,125
stdmap_r2,cancel,10000,0.206,125
stdmap_r2,cancel,10000,0.207,125
stdmap_r2,cancel,10000,0.208,125
stdmap_r2,cancel,10000,0.209,125
stdmap_r2,cancel,10000,0.21,125
stdmap_r2,cancel,10000,0.211,125
stdmap_r2,cancel,10000,0.212,125
stdmap_r2,cancel,10000,0.213,125
stdmap_r2,cancel,10000,0.214,125
stdmap_r2,cancel,10000,0.215,125
stdmap_r2,cancel,10000,0.216,125
stdmap_r2,cancel,10000,0.217,125
stdmap_r2,cancel,10000,0.218,125
stdmap_r2,cancel,10000,0.219,125
stdmap_r2,cancel,10000,0.22,125
stdmap_r2,cancel,10000,0.221,125
stdmap_r2,cancel,10000,0.222,125
stdmap_r2,cancel,10000,0.223,125
stdmap_r2,cancel,10000,0.224,125
stdmap_r2,cancel,10000,0.225,125
stdmap_r2,cancel,10000,0.226,125
stdmap_r2,cancel,10000,0.227,125
stdmap_r2,cancel,10000,0.228,125
stdmap_r2,cancel,10000,0.229,125
stdmap_r2,cancel,10000,0.23,125
stdmap_r2,cancel,10000,0.231,125
stdmap_r2,cancel,10000,0.232,125
stdmap_r2,cancel,10000,0.233,125
stdmap_r2,cancel,10000,0.234,125
stdmap_r2,cancel,10000,0.235,125
stdmap_r2,cancel,10000,0.236,125
stdmap_r2,cancel,10000,0.237,125
stdmap_r2,cancel,10000,0.238,125
stdmap_r2,cancel,10000,0.239,125
stdmap_r2,cancel,10000,0.24,125
stdmap_r2,cancel,10000,0.241,125
stdmap_r2,cancel,10000,0.242,125
stdmap_r2,cancel,10000,0.243,125
stdmap_r2,cancel,10000,0.244,125
stdmap_r2,cancel,10000,0.245,125
stdmap_r2,cancel,10000,0.246,125
stdmap_r2,cancel,10000,0.247,125
stdmap_r2,cancel,10000,0.248,125
stdmap_r2,cancel,10000,0.249,125
stdmap_r2,cancel,10000,0.25,125
stdmap_r2,cancel,10000,0.251,125
stdmap_r2,cancel,10000,0.252,125
stdmap_r2,cancel,10000,0.253,125
stdmap_r2,cancel,10000,0.254,125
stdmap_r2,cancel,10000,0.255,125
stdmap_r2,cancel,10000,0.256,125
stdmap_r2,cancel,10000,0.257,125
stdmap_r2,cancel,10000,0.258,125
stdmap_r2,cancel,10000,0.259,125
stdmap_r2,cancel,10000,0.26,125
stdmap_r2,cancel,10000,0.261,125
stdmap_r2,cancel,10000,0.262,125
stdmap_r2,cancel,10000,0.263,125
stdmap_r2,cancel,10000,0.264,125
stdmap_r2,cancel,10000,0.265,125
stdmap_r2,cancel,10000,0.266,125
stdmap_r2,cancel,10000,0.267,125
stdmap_r2,cancel,10000,0.268,125
stdmap_r2,cancel,10000,0.269,125
stdmap_r2,cancel,10000,0.27,125
stdmap_r2,cancel,10000,0.271,125
stdmap_r2,cancel,10000,0.272,125
stdmap_r2,cancel,10000,0.273,125
stdmap_r2,cancel,10000,0.274,125
stdmap_r2,cancel,10000,0.275,125
stdmap_r2,cancel,10000,0.276,125
stdmap_r2,cancel,10000,0.277,125
stdmap_r2,cancel,10000,0.278,125
stdmap_r2,cancel,10000,0.279,125
stdmap_r2,cancel,10000,0.28,125
stdmap_r2,cancel,10000,0.281,125
stdmap_r2,cancel,10000,0.282,125
stdmap_r2,cancel,10000,0.283,125
stdmap_r2,cancel,10000,0.284,125
stdmap_r2,cancel,10000,0.285,125
stdmap_r2,cancel,10000,0.286,125
stdmap_r2,cancel,10000,0.287,125
stdmap_r2,cancel,10000,0.288,125
stdmap_r2,cancel,10000,0.289,125
stdmap_r2,cancel,10000,0.29,125
stdmap_r2,cancel,10000,0.291,125
stdmap_r2,cancel,10000,0.292,125
stdmap_r2,cancel,10000,0.293,125
stdmap_r2,cancel,10000,0.294,125
stdmap_r2,cancel,10000,0.295,125
stdmap_r2,cancel,10000,0.296,125
stdmap_r2,cancel,10000,0.297,125
stdmap_r2,cancel,10000,0.298,125
stdmap_r2,cancel,10000,0.299,125
stdmap_r2,cancel,10000,0.3,125
stdmap_r2,cancel,10000,0.301,125
stdmap_r2,cancel,10000,0.302,125
stdmap_r2,cancel,10000,0.303,125
stdmap_r2,cancel,10000,0.304,125
stdmap_r2,cancel,10000,0.305,125
stdmap_r2,cancel,10000,0.306,125
stdmap_r2,cancel,10000,0.307,125
stdmap_r2,cancel,10000,0.308,125
stdmap_r2,cancel,10000,0.309,125
stdmap_r2,cancel,10000,0.31,125
stdmap_r2,cancel,10000,0.311,125
stdmap_r2,cancel,10000,0.312,125
stdmap_r2,cancel,10000,0.313,125
stdmap_r2,cancel,10000,0.314,125
stdmap_r2,cancel,10000,0.315,125
stdmap_r2,cancel,10000,0.316,125
stdmap_r2,cancel,10000,0.317,125
stdmap_r2,cancel,10000,0.318,125
stdmap_r2,cancel,10000,0.319,125
stdmap_r2,cancel,10000,0.32,125
stdmap_r2,cancel,10000,0.321,125
stdmap_r2,cancel,10000,0.322,125
stdmap_r2,cancel,10000,0.323,125
stdmap_r2,cancel,10000,0.324,125
stdmap_r2,cancel,10000,0.325,125
stdmap_r2,cancel,10000,0.326,125
stdmap_r2,cancel,10000,0.327,125
stdmap_r2,cancel,10000,0.328,125
stdmap_r2,cancel,10000,0.329,125
stdmap_r2,cancel,10000,0.33,125
stdmap_r2,cancel,10000,0.331,125
stdmap_r2,cancel,10000,0.332,125
stdmap_r2,cancel,10000,0.333,125
stdmap_r2,cancel,10000,0.334,125
stdmap_r2,cancel,10000,0.335,125
stdmap_r2,cancel,10000,0.336,125
stdmap_r2,cancel,10000,0.337,125
stdmap_r2,cancel,10000,0.338,125
stdmap_r2,cancel,10000,0.339,125
stdmap_r2,cancel,10000,0.34,125
stdmap_r2,cancel,10000,0.341,125
stdmap_r2,cancel,10000,0.342,125
stdmap_r2,cancel,10000,0.343,125
stdmap_r2,cancel,10000,0.344,125
stdmap_r2,cancel,10000,0.345,125
stdmap_r2,cancel,10000,0.346,125
stdmap_r2,cancel,10000,0.347,125
stdmap_r2,cancel,10000,0.348,125
stdmap_r2,cancel,10000,0.349,125
stdmap_r2,cancel,10000,0.35,125
stdmap_r2,cancel,10000,0.351,125
stdmap_r2,cancel,10000,0.352,125
stdmap_r2,cancel,10000,0.353,125
stdmap_r2,cancel,10000,0.354,125
stdmap_r2,cancel,10000,0.355,125
stdmap_r2,cancel,10000,0.356,125
stdmap_r2,cancel,10000,0.357,125
stdmap_r2,cancel,10000,0.358,125
stdmap_r2,cancel,10000,0.359,125
stdmap_r2,cancel,10000,0.36,125
stdmap_r2,cancel,10000,0.361,125
stdmap_r2,cancel,10000,0.362,125
stdmap_r2,cancel,10000,0.363,125
stdmap_r2,cancel,10000,0.364,125
stdmap_r2,cancel,10000,0.365,125
stdmap_r2,cancel,10000,0.366,125
stdmap_r2,cancel,10000,0.367,125
stdmap_r2,cancel,10000,0.368,125
stdmap_r2,cancel,10000,0.369,125
stdmap_r2,cancel,10000,0.37,125
stdmap_r2,cancel,10000,0.371,125
stdmap_r2,cancel,10000,0.372,125
stdmap_r2,cancel,10000,0.373,125
stdmap_r2,cancel,10000,0.374,125
stdmap_r2,cancel,10000,0.375,125
stdmap_r2,cancel,10000,0.376,125
stdmap_r2,cancel,10000,0.377,125
stdmap_r2,cancel,10000,0.378,125
stdmap_r2,cancel,10000,0.379,125
stdmap_r2,cancel,10000,0.38,125
stdmap_r2,cancel,10000,0.381,125
stdmap_r2,cancel,10000,0.382,125
stdmap_r2,cancel,10000,0.383,125
stdmap_r2,cancel,10000,0.384,125
stdmap_r2,cancel,10000,0.385,125
stdmap_r2,cancel,10000,0.386,125
stdmap_r2,cancel,10000,0.387,125
stdmap_r2,cancel,10000,0.388,125
stdmap_r2,cancel,10000,0.389,125
stdmap_r2,cancel,10000,0.39,125
stdmap_r2,cancel,10000,0.391,125
stdmap_r2,cancel,10000,0.392,125
stdmap_r2,cancel,10000,0.393,125
stdmap_r2,cancel,10000,0.394,125
stdmap_r2,cancel,10000,0.395,125
stdmap_r2,cancel,10000,0.396,125
stdmap_r2,cancel,10000,0.397,125
stdmap_r2,cancel,10000,0.398,125
stdmap_r2,cancel,10000,0.399,125
stdmap_r2,cancel,10000,0.4,125
stdmap_r2,cancel,10000,0.401,125
stdmap_r2,cancel,10000,0.402,125
stdmap_r2,cancel,10000,0.403,125
stdmap_r2,cancel,10000,0.404,125
stdmap_r2,cancel,10000,0.405,125
stdmap_r2,cancel,10000,0.406,125
stdmap_r2,cancel,10000,0.407,125
stdmap_r2,cancel,10000,0.408,125
stdmap_r2,cancel,10000,0.409,125
stdmap_r2,cancel,10000,0.41,125
stdmap_r2,cancel,10000,0.411,125
stdmap_r2,cancel,10000,0.412,125
stdmap_r2,cancel,10000,0.413,125
stdmap_r2,cancel,10000,0.414,125
stdmap_r2,cancel,10000,0.415,125
stdmap_r2,cancel,10000,0.416,125
stdmap_r2,cancel,10000,0.417,125
stdmap_r2,cancel,10000,0.418,125
stdmap_r2,cancel,10000,0.419,125
stdmap_r2,cancel,10000,0.42,125
stdmap_r2,cancel,10000,0.421,125
stdmap_r2,cancel,10000,0.422,125
stdmap_r2,cancel,10000,0.423,125
stdmap_r2,cancel,10000,0.424,125
stdmap_r2,cancel,10000,0.425,125
stdmap_r2,cancel,10000,0.426,125
stdmap_r2,cancel,10000,0.427,125
stdmap_r2,cancel,10000,0.428,125
stdmap_r2,cancel,10000,0.429,125
stdmap_r2,cancel,10000,0.43,125
stdmap_r2,cancel,10000,0.431,125
stdmap_r2,cancel,10000,0.432,125
stdmap_r2,cancel,10000,0.433,125
stdmap_r2,cancel,10000,0.434,125
stdmap_r2,cancel,10000,0.435,125
stdmap_r2,cancel,10000,0.436,125
stdmap_r2,cancel,10000,0.437,125
stdmap_r2,cancel,10000,0.438,125
stdmap_r2,cancel,10000,0.439,125
stdmap_r2,cancel,10000,0.44,125
stdmap_r2,cancel,10000,0.441,125
stdmap_r2,cancel,10000,0.442,125
stdmap_r2,cancel,10000,0.443,125
stdmap_r2,cancel,10000,0.444,125
stdmap_r2,cancel,10000,0.445,125
stdmap_r2,cancel,10000,0.446,125
stdmap_r2,cancel,10000,0.447,125
stdmap_r2,cancel,10000,0.448,125
stdmap_r2,cancel,10000,0.449,125
stdmap_r2,cancel,10000,0.45,125
stdmap_r2,cancel,10000,0.451,125
stdmap_r2,cancel,10000,0.452,125
stdmap_r2,cancel,10000,0.453,125
stdmap_r2,cancel,10000,0.454,125
stdmap_r2,cancel,10000,0.455,125
stdmap_r2,cancel,10000,0.456,125
stdmap_r2,cancel,10000,0.457,125
stdmap_r2,cancel,10000,0.458,125
stdmap_r2,cancel,10000,0.459,125
stdmap_r2,cancel,10000,0.46,125
stdmap_r2,cancel,10000,0.461,125
stdmap_r2,cancel,10000,0.462,125
stdmap_r2,cancel,10000,0.463,125
stdmap_r2,cancel,10000,0.464,125
stdmap_r2,cancel,10000,0.465,125
stdmap_r2,cancel,10000,0.466,125
stdmap_r2,cancel,10000,0.467,125
stdmap_r2,cancel,10000,0.468,125
stdmap_r2,cancel,10000,0.469,125
stdmap_r2,cancel,10000,0.47,125
stdmap_r2,cancel,10000,0.471,125
stdmap_r2,cancel,10000,0.472,125
stdmap_r2,cancel,10000,0.473,125
stdmap_r2,cancel,10000,0.474,125
stdmap_r2,cancel,10000,0.475,125
stdmap_r2,cancel,10000,0.476,125
stdmap_r2,cancel,10000,0.477,125
stdmap_r2,cancel,10000,0.478,125
stdmap_r2,cancel,10000,0.479,125
stdmap_r2,cancel,10000,0.48,125
stdmap_r2,cancel,10000,0.481,125
stdmap_r2,cancel,10000,0.482,125
stdmap_r2,cancel,10000,0.483,125
stdmap_r2,cancel,10000,0.484,125
stdmap_r2,cancel,10000,0.485,125
stdmap_r2,cancel,10000,0.486,125
stdmap_r2,cancel,10000,0.487,125
stdmap_r2,cancel,10000,0.488,125
stdmap_r2,cancel,10000,0.489,125
stdmap_r2,cancel,10000,0.49,125
stdmap_r2,cancel,10000,0.491,125
stdmap_r2,cancel,10000,0.492,125
stdmap_r2,cancel,10000,0.493,125
stdmap_r2,cancel,10000,0.494,125
stdmap_r2,cancel,10000,0.495,125
stdmap_r2,cancel,10000,0.496,125
stdmap_r2,cancel,10000,0.497,125
stdmap_r2,cancel,10000,0.498,125
stdmap_r2,cancel,10000,0.499,125
stdmap_r2,cancel,10000,0.5,125
stdmap_r2,cancel,10000,0.501,125
stdmap_r2,cancel,10000,0.502,125
stdmap_r2,cancel,10000,0.503,125
stdmap_r2,cancel,10000,0.504,125
stdmap_r2,cancel,10000,0.505,125
stdmap_r2,cancel,10000,0.506,125
stdmap_r2,cancel,10000,0.507,125
stdmap_r2,cancel,10000,0.508,125
stdmap_r2,cancel,10000,0.509,125
stdmap_r2,cancel,10000,0.51,125
stdmap_r2,cancel,10000,0.511,125
stdmap_r2,cancel,10000,0.512,125
stdmap_r2,cancel,10000,0.513,125
stdmap_r2,cancel,10000,0.514,125
stdmap_r2,cancel,10000,0.515,125
stdmap_r2,cancel,10000,0.516,125
stdmap_r2,cancel,10000,0.517,125
stdmap_r2,cancel,10000,0.518,125
stdmap_r2,cancel,10000,0.519,125
stdmap_r2,cancel,10000,0.52,125
stdmap_r2,cancel,10000,0.521,125
stdmap_r2,cancel,10000,0.522,125
stdmap_r2,cancel,10000,0.523,125
stdmap_r2,cancel,10000,0.524,125
stdmap_r2,cancel,10000,0.525,125
stdmap_r2,cancel,10000,0.526,125
stdmap_r2,cancel,10000,0.527,125
stdmap_r2,cancel,10000,0.528,125
stdmap_r2,cancel,10000,0.529,125
stdmap_r2,cancel,10000,0.53,125
stdmap_r2,cancel,10000,0.531,125
stdmap_r2,cancel,10000,0.532,125
stdmap_r2,cancel,10000,0.533,125
stdmap_r2,cancel,10000,0.534,125
stdmap_r2,cancel,10000,0.535,125
stdmap_r2,cancel,10000,0.536,125
stdmap_r2,cancel,10000,0.537,125
stdmap_r2,cancel,10000,0.538,125
stdmap_r2,cancel,10000,0.539,125
stdmap_r2,cancel,10000,0.54,125
stdmap_r2,cancel,10000,0.541,125
stdmap_r2,cancel,10000,0.542,125
stdmap_r2,cancel,10000,0.543,125
stdmap_r2,cancel,10000,0.544,125
stdmap_r2,cancel,10000,0.545,125
stdmap_r2,cancel,10000,0.546,125
stdmap_r2,cancel,10000,0.547,125
stdmap_r2,cancel,10000,0.548,125
stdmap_r2,cancel,10000,0.549,125
stdmap_r2,cancel,10000,0.55,125
stdmap_r2,cancel,10000,0.551,125
stdmap_r2,cancel,10000,0.552,125
stdmap_r2,cancel,10000,0.553,125
stdmap_r2,cancel,10000,0.554,125
stdmap_r2,cancel,10000,0.555,125
stdmap_r2,cancel,10000,0.556,125
stdmap_r2,cancel,10000,0.557,125
stdmap_r2,cancel,10000,0.558,125
stdmap_r2,cancel,10000,0.559,125
stdmap_r2,cancel,10000,0.56,125
stdmap_r2,cancel,10000,0.561,125
stdmap_r2,cancel,10000,0.562,125
stdmap_r2,cancel,10000,0.563,125
stdmap_r2,cancel,10000,0.564,125
stdmap_r2,cancel,10000,0.565,125
stdmap_r2,cancel,10000,0.566,125
stdmap_r2,cancel,10000,0.567,125
stdmap_r2,cancel,10000,0.568,125
stdmap_r2,cancel,10000,0.569,125
stdmap_r2,cancel,10000,0.57,125
stdmap_r2,cancel,10000,0.571,125
stdmap_r2,cancel,10000,0.572,125
stdmap_r2,cancel,10000,0.573,125
stdmap_r2,cancel,10000,0.574,125
stdmap_r2,cancel,10000,0.575,125
stdmap_r2,cancel,10000,0.576,166
stdmap_r2,cancel,10000,0.577,166
stdmap_r2,cancel,10000,0.578,166
stdmap_r2,cancel,10000,0.579,166
stdmap_r2,cancel,10000,0.58,166
stdmap_r2,cancel,10000,0.581,166
stdmap_r2,cancel,10000,0.582,166
stdmap_r2,cancel,10000,0.583,166
stdmap_r2,cancel,10000,0.584,166
stdmap_r2,cancel,10000,0.585,166
stdmap_r2,cancel,10000,0.586,166
stdmap_r2,cancel,10000,0.587,166
stdmap_r2,cancel,10000,0.588,166
stdmap_r2,cancel,10000,0.589,166
stdmap_r2,cancel,10000,0.59,166
stdmap_r2,cancel,10000,0.591,166
stdmap_r2,cancel,10000,0.592,166
stdmap_r2,cancel,10000,0.593,166
stdmap_r2,cancel,10000,0.594,166
stdmap_r2,cancel,10000,0.595,166
stdmap_r2,cancel,10000,0.596,166
stdmap_r2,cancel,10000,0.597,166
stdmap_r2,cancel,10000,0.598,166
stdmap_r2,cancel,10000,0.599,166
stdmap_r2,cancel,10000,0.6,166
stdmap_r2,cancel,10000,0.601,166
stdmap_r2,cancel,10000,0.602,166
stdmap_r2,cancel,10000,0.603,166
stdmap_r2,cancel,10000,0.604,166
stdmap_r2,cancel,10000,0.605,166
stdmap_r2,cancel,10000,0.606,166
stdmap_r2,cancel,10000,0.607,166
stdmap_r2,cancel,10000,0.608,166
stdmap_r2,cancel,10000,0.609,166
stdmap_r2,cancel,10000,0.61,166
stdmap_r2,cancel,10000,0.611,166
stdmap_r2,cancel,10000,0.612,166
stdmap_r2,cancel,10000,0.613,166
stdmap_r2,cancel,10000,0.614,166
stdmap_r2,cancel,10000,0.615,166
stdmap_r2,cancel,10000,0.616,166
stdmap_r2,cancel,10000,0.617,166
stdmap_r2,cancel,10000,0.618,166
stdmap_r2,cancel,10000,0.619,166
stdmap_r2,cancel,10000,0.62,166
stdmap_r2,cancel,10000,0.621,166
stdmap_r2,cancel,10000,0.622,166
stdmap_r2,cancel,10000,0.623,167
stdmap_r2,cancel,10000,0.624,167
stdmap_r2,cancel,10000,0.625,167
stdmap_r2,cancel,10000,0.626,167
stdmap_r2,cancel,10000,0.627,167
stdmap_r2,cancel,10000,0.628,167
stdmap_r2,cancel,10000,0.629,167
stdmap_r2,cancel,10000,0.63,167
stdmap_r2,cancel,10000,0.631,167
stdmap_r2,cancel,10000,0.632,167
stdmap_r2,cancel,10000,0.633,167
stdmap_r2,cancel,10000,0.634,167
stdmap_r2,cancel,10000,0.635,167
stdmap_r2,cancel,10000,0.636,167
stdmap_r2,cancel,10000,0.637,167
stdmap_r2,cancel,10000,0.638,167
stdmap_r2,cancel,10000,0.639,167
stdmap_r2,cancel,10000,0.64,167
stdmap_r2,cancel,10000,0.641,167
stdmap_r2,cancel,10000,0.642,167
stdmap_r2,cancel,10000,0.643,167
stdmap_r2,cancel,10000,0.644,167
stdmap_r2,cancel,10000,0.645,167
stdmap_r2,cancel,10000,0.646,167
stdmap_r2,cancel,10000,0.647,167
stdmap_r2,cancel,10000,0.648,167
stdmap_r2,cancel,10000,0.649,167
stdmap_r2,cancel,10000,0.65,167
stdmap_r2,cancel,10000,0.651,167
stdmap_r2,cancel,10000,0.652,167
stdmap_r2,cancel,10000,0.653,167
stdmap_r2,cancel,10000,0.654,167
stdmap_r2,cancel,10000,0.655,167
stdmap_r2,cancel,10000,0.656,167
stdmap_r2,cancel,10000,0.657,167
stdmap_r2,cancel,10000,0.658,167
stdmap_r2,cancel,10000,0.659,167
stdmap_r2,cancel,10000,0.66,167
stdmap_r2,cancel,10000,0.661,167
stdmap_r2,cancel,10000,0.662,167
stdmap_r2,cancel,10000,0.663,167
stdmap_r2,cancel,10000,0.664,167
stdmap_r2,cancel,10000,0.665,167
stdmap_r2,cancel,10000,0.666,167
stdmap_r2,cancel,10000,0.667,167
stdmap_r2,cancel,10000,0.668,167
stdmap_r2,cancel,10000,0.669,167
stdmap_r2,cancel,10000,0.67,167
stdmap_r2,cancel,10000,0.671,167
stdmap_r2,cancel,10000,0.672,167
stdmap_r2,cancel,10000,0.673,167
stdmap_r2,cancel,10000,0.674,167
stdmap_r2,cancel,10000,0.675,167
stdmap_r2,cancel,10000,0.676,167
stdmap_r2,cancel,10000,0.677,167
stdmap_r2,cancel,10000,0.678,167
stdmap_r2,cancel,10000,0.679,167
stdmap_r2,cancel,10000,0.68,167
stdmap_r2,cancel,10000,0.681,167
stdmap_r2,cancel,10000,0.682,167
stdmap_r2,cancel,10000,0.683,167
stdmap_r2,cancel,10000,0.684,167
stdmap_r2,cancel,10000,0.685,167
stdmap_r2,cancel,10000,0.686,167
stdmap_r2,cancel,10000,0.687,167
stdmap_r2,cancel,10000,0.688,167
stdmap_r2,cancel,10000,0.689,167
stdmap_r2,cancel,10000,0.69,167
stdmap_r2,cancel,10000,0.691,167
stdmap_r2,cancel,10000,0.692,167
stdmap_r2,cancel,10000,0.693,167
stdmap_r2,cancel,10000,0.694,167
stdmap_r2,cancel,10000,0.695,167
stdmap_r2,cancel,10000,0.696,167
stdmap_r2,cancel,10000,0.697,167
stdmap_r2,cancel,10000,0.698,167
stdmap_r2,cancel,10000,0.699,167
stdmap_r2,cancel,10000,0.7,167
stdmap_r2,cancel,10000,0.701,167
stdmap_r2,cancel,10000,0.702,167
stdmap_r2,cancel,10000,0.703,167
stdmap_r2,cancel,10000,0.704,167
stdmap_r2,cancel,10000,0.705,167
stdmap_r2,cancel,10000,0.706,167
stdmap_r2,cancel,10000,0.707,167
stdmap_r2,cancel,10000,0.708,167
stdmap_r2,cancel,10000,0.709,167
stdmap_r2,cancel,10000,0.71,167
stdmap_r2,cancel,10000,0.711,167
stdmap_r2,cancel,10000,0.712,167
stdmap_r2,cancel,10000,0.713,167
stdmap_r2,cancel,10000,0.714,167
stdmap_r2,cancel,10000,0.715,167
stdmap_r2,cancel,10000,0.716,167
stdmap_r2,cancel,10000,0.717,167
stdmap_r2,cancel,10000,0.718,208
stdmap_r2,cancel,10000,0.719,208
stdmap_r2,cancel,10000,0.72,208
stdmap_r2,cancel,10000,0.721,208
stdmap_r2,cancel,10000,0.722,208
stdmap_r2,cancel,10000,0.723,208
stdmap_r2,cancel,10000,0.724,208
stdmap_r2,cancel,10000,0.725,208
stdmap_r2,cancel,10000,0.726,208
stdmap_r2,cancel,10000,0.727,208
stdmap_r2,cancel,10000,0.728,208
stdmap_r2,cancel,10000,0.729,208
stdmap_r2,cancel,10000,0.73,208
stdmap_r2,cancel,10000,0.731,208
stdmap_r2,cancel,10000,0.732,208
stdmap_r2,cancel,10000,0.733,208
stdmap_r2,cancel,10000,0.734,208
stdmap_r2,cancel,10000,0.735,208
stdmap_r2,cancel,10000,0.736,208
stdmap_r2,cancel,10000,0.737,208
stdmap_r2,cancel,10000,0.738,208
stdmap_r2,cancel,10000,0.739,208
stdmap_r2,cancel,10000,0.74,208
stdmap_r2,cancel,10000,0.741,208
stdmap_r2,cancel,10000,0.742,208
stdmap_r2,cancel,10000,0.743,208
stdmap_r2,cancel,10000,0.744,208
stdmap_r2,cancel,10000,0.745,208
stdmap_r2,cancel,10000,0.746,208
stdmap_r2,cancel,10000,0.747,209
stdmap_r2,cancel,10000,0.748,209
stdmap_r2,cancel,10000,0.749,209
stdmap_r2,cancel,10000,0.75,209
stdmap_r2,cancel,10000,0.751,209
stdmap_r2,cancel,10000,0.752,209
stdmap_r2,cancel,10000,0.753,209
stdmap_r2,cancel,10000,0.754,209
stdmap_r2,cancel,10000,0.755,209
stdmap_r2,cancel,10000,0.756,209
stdmap_r2,cancel,10000,0.757,209
stdmap_r2,cancel,10000,0.758,209
stdmap_r2,cancel,10000,0.759,209
stdmap_r2,cancel,10000,0.76,209
stdmap_r2,cancel,10000,0.761,250
stdmap_r2,cancel,10000,0.762,250
stdmap_r2,cancel,10000,0.763,250
stdmap_r2,cancel,10000,0.764,250
stdmap_r2,cancel,10000,0.765,250
stdmap_r2,cancel,10000,0.766,250
stdmap_r2,cancel,10000,0.767,250
stdmap_r2,cancel,10000,0.768,250
stdmap_r2,cancel,10000,0.769,250
stdmap_r2,cancel,10000,0.77,250
stdmap_r2,cancel,10000,0.771,250
stdmap_r2,cancel,10000,0.772,250
stdmap_r2,cancel,10000,0.773,250
stdmap_r2,cancel,10000,0.774,250
stdmap_r2,cancel,10000,0.775,250
stdmap_r2,cancel,10000,0.776,250
stdmap_r2,cancel,10000,0.777,250
stdmap_r2,cancel,10000,0.778,250
stdmap_r2,cancel,10000,0.779,250
stdmap_r2,cancel,10000,0.78,250
stdmap_r2,cancel,10000,0.781,250
stdmap_r2,cancel,10000,0.782,250
stdmap_r2,cancel,10000,0.783,250
stdmap_r2,cancel,10000,0.784,250
stdmap_r2,cancel,10000,0.785,250
stdmap_r2,cancel,10000,0.786,250
stdmap_r2,cancel,10000,0.787,291
stdmap_r2,cancel,10000,0.788,291
stdmap_r2,cancel,10000,0.789,291
stdmap_r2,cancel,10000,0.79,291
stdmap_r2,cancel,10000,0.791,291
stdmap_r2,cancel,10000,0.792,291
stdmap_r2,cancel,10000,0.793,291
stdmap_r2,cancel,10000,0.794,292
stdmap_r2,cancel,10000,0.795,292
stdmap_r2,cancel,10000,0.796,292
stdmap_r2,cancel,10000,0.797,292
stdmap_r2,cancel,10000,0.798,292
stdmap_r2,cancel,10000,0.799,292
stdmap_r2,cancel,10000,0.8,292
stdmap_r2,cancel,10000,0.801,292
stdmap_r2,cancel,10000,0.802,292
stdmap_r2,cancel,10000,0.803,292
stdmap_r2,cancel,10000,0.804,292
stdmap_r2,cancel,10000,0.805,292
stdmap_r2,cancel,10000,0.806,292
stdmap_r2,cancel,10000,0.807,292
stdmap_r2,cancel,10000,0.808,333
stdmap_r2,cancel,10000,0.809,333
stdmap_r2,cancel,10000,0.81,333
stdmap_r2,cancel,10000,0.811,333
stdmap_r2,cancel,10000,0.812,333
stdmap_r2,cancel,10000,0.813,333
stdmap_r2,cancel,10000,0.814,333
stdmap_r2,cancel,10000,0.815,333
stdmap_r2,cancel,10000,0.816,333
stdmap_r2,cancel,10000,0.817,333
stdmap_r2,cancel,10000,0.818,333
stdmap_r2,cancel,10000,0.819,334
stdmap_r2,cancel,10000,0.82,334
stdmap_r2,cancel,10000,0.821,334
stdmap_r2,cancel,10000,0.822,334
stdmap_r2,cancel,10000,0.823,334
stdmap_r2,cancel,10000,0.824,334
stdmap_r2,cancel,10000,0.825,375
stdmap_r2,cancel,10000,0.826,375
stdmap_r2,cancel,10000,0.827,375
stdmap_r2,cancel,10000,0.828,375
stdmap_r2,cancel,10000,0.829,375
stdmap_r2,cancel,10000,0.83,375
stdmap_r2,cancel,10000,0.831,375
stdmap_r2,cancel,10000,0.832,375
stdmap_r2,cancel,10000,0.833,375
stdmap_r2,cancel,10000,0.834,375
stdmap_r2,cancel,10000,0.835,375
stdmap_r2,cancel,10000,0.836,375
stdmap_r2,cancel,10000,0.837,375
stdmap_r2,cancel,10000,0.838,375
stdmap_r2,cancel,10000,0.839,375
stdmap_r2,cancel,10000,0.84,375
stdmap_r2,cancel,10000,0.841,416
stdmap_r2,cancel,10000,0.842,416
stdmap_r2,cancel,10000,0.843,416
stdmap_r2,cancel,10000,0.844,416
stdmap_r2,cancel,10000,0.845,416
stdmap_r2,cancel,10000,0.846,417
stdmap_r2,cancel,10000,0.847,417
stdmap_r2,cancel,10000,0.848,417
stdmap_r2,cancel,10000,0.849,417
stdmap_r2,cancel,10000,0.85,417
stdmap_r2,cancel,10000,0.851,417
stdmap_r2,cancel,10000,0.852,417
stdmap_r2,cancel,10000,0.853,417
stdmap_r2,cancel,10000,0.854,417
stdmap_r2,cancel,10000,0.855,417
stdmap_r2,cancel,10000,0.856,458
stdmap_r2,cancel,10000,0.857,458
stdmap_r2,cancel,10000,0.858,458
stdmap_r2,cancel,10000,0.859,458
stdmap_r2,cancel,10000,0.86,458
stdmap_r2,cancel,10000,0.861,458
stdmap_r2,cancel,10000,0.862,458
stdmap_r2,cancel,10000,0.863,458
stdmap_r2,cancel,10000,0.864,458
stdmap_r2,cancel,10000,0.865,458
stdmap_r2,cancel,10000,0.866,459
stdmap_r2,cancel,10000,0.867,459
stdmap_r2,cancel,10000,0.868,459
stdmap_r2,cancel,10000,0.869,459
stdmap_r2,cancel,10000,0.87,459
stdmap_r2,cancel,10000,0.871,500
stdmap_r2,cancel,10000,0.872,500
stdmap_r2,cancel,10000,0.873,500
stdmap_r2,cancel,10000,0.874,500
stdmap_r2,cancel,10000,0.875,500
stdmap_r2,cancel,10000,0.876,500
stdmap_r2,cancel,10000,0.877,500
stdmap_r2,cancel,10000,0.878,500
stdmap_r2,cancel,10000,0.879,500
stdmap_r2,cancel,10000,0.88,500
stdmap_r2,cancel,10000,0.881,500
stdmap_r2,cancel,10000,0.882,500
stdmap_r2,cancel,10000,0.883,500
stdmap_r2,cancel,10000,0.884,500
stdmap_r2,cancel,10000,0.885,500
stdmap_r2,cancel,10000,0.886,500
stdmap_r2,cancel,10000,0.887,541
stdmap_r2,cancel,10000,0.888,541
stdmap_r2,cancel,10000,0.889,541
stdmap_r2,cancel,10000,0.89,541
stdmap_r2,cancel,10000,0.891,541
stdmap_r2,cancel,10000,0.892,542
stdmap_r2,cancel,10000,0.893,542
stdmap_r2,cancel,10000,0.894,542
stdmap_r2,cancel,10000,0.895,542
stdmap_r2,cancel,10000,0.896,542
stdmap_r2,cancel,10000,0.897,542
stdmap_r2,cancel,10000,0.898,542
stdmap_r2,cancel,10000,0.899,542
stdmap_r2,cancel,10000,0.9,542
stdmap_r2,cancel,10000,0.901,542
stdmap_r2,cancel,10000,0.902,583
stdmap_r2,cancel,10000,0.903,583
stdmap_r2,cancel,10000,0.904,583
stdmap_r2,cancel,10000,0.905,583
stdmap_r2,cancel,10000,0.906,583
stdmap_r2,cancel,10000,0.907,583
stdmap_r2,cancel,10000,0.908,583
stdmap_r2,cancel,10000,0.909,583
stdmap_r2,cancel,10000,0.91,583
stdmap_r2,cancel,10000,0.911,584
stdmap_r2,cancel,10000,0.912,584
stdmap_r2,cancel,10000,0.913,584
stdmap_r2,cancel,10000,0.914,584
stdmap_r2,cancel,10000,0.915,584
stdmap_r2,cancel,10000,0.916,625
stdmap_r2,cancel,10000,0.917,625
stdmap_r2,cancel,10000,0.918,625
stdmap_r2,cancel,10000,0.919,625
stdmap_r2,cancel,10000,0.92,625
stdmap_r2,cancel,10000,0.921,625
stdmap_r2,cancel,10000,0.922,625
stdmap_r2,cancel,10000,0.923,625
stdmap_r2,cancel,10000,0.924,625
stdmap_r2,cancel,10000,0.925,625
stdmap_r2,cancel,10000,0.926,625
stdmap_r2,cancel,10000,0.927,625
stdmap_r2,cancel,10000,0.928,666
stdmap_r2,cancel,10000,0.929,666
stdmap_r2,cancel,10000,0.93,666
stdmap_r2,cancel,10000,0.931,667
stdmap_r2,cancel,10000,0.932,667
stdmap_r2,cancel,10000,0.933,667
stdmap_r2,cancel,10000,0.934,667
stdmap_r2,cancel,10000,0.935,667
stdmap_r2,cancel,10000,0.936,667
stdmap_r2,cancel,10000,0.937,667
stdmap_r2,cancel,10000,0.938,667
stdmap_r2,cancel,10000,0.939,708
stdmap_r2,cancel,10000,0.94,708
stdmap_r2,cancel,10000,0.941,708
stdmap_r2,cancel,10000,0.942,708
stdmap_r2,cancel,10000,0.943,708
stdmap_r2,cancel,10000,0.944,708
stdmap_r2,cancel,10000,0.945,709
stdmap_r2,cancel,10000,0.946,709
stdmap_r2,cancel,10000,0.947,709
stdmap_r2,cancel,10000,0.948,709
stdmap_r2,cancel,10000,0.949,750
stdmap_r2,cancel,10000,0.95,750
stdmap_r2,cancel,10000,0.951,750
stdmap_r2,cancel,10000,0.952,750
stdmap_r2,cancel,10000,0.953,750
stdmap_r2,cancel,10000,0.954,750
stdmap_r2,cancel,10000,0.955,750
stdmap_r2,cancel,10000,0.956,750
stdmap_r2,cancel,10000,0.957,791
stdmap_r2,cancel,10000,0.958,791
stdmap_r2,cancel,10000,0.959,792
stdmap_r2,cancel,10000,0.96,792
stdmap_r2,cancel,10000,0.961,792
stdmap_r2,cancel,10000,0.962,792
stdmap_r2,cancel,10000,0.963,792
stdmap_r2,cancel,10000,0.964,833
stdmap_r2,cancel,10000,0.965,833
stdmap_r2,cancel,10000,0.966,833
stdmap_r2,cancel,10000,0.967,833
stdmap_r2,cancel,10000,0.968,834
stdmap_r2,cancel,10000,0.969,834
stdmap_r2,cancel,10000,0.97,875
stdmap_r2,cancel,10000,0.971,875
stdmap_r2,cancel,10000,0.972,875
stdmap_r2,cancel,10000,0.973,875
stdmap_r2,cancel,10000,0.974,875
stdmap_r2,cancel,10000,0.975,916
stdmap_r2,cancel,10000,0.976,917
stdmap_r2,cancel,10000,0.977,917
stdmap_r2,cancel,10000,0.978,917
stdmap_r2,cancel,10000,0.979,958
stdmap_r2,cancel,10000,0.98,958
stdmap_r2,cancel,10000,0.981,959
stdmap_r2,cancel,10000,0.982,1000
stdmap_r2,cancel,10000,0.983,1000
stdmap_r2,cancel,10000,0.984,1041
stdmap_r2,cancel,10000,0.985,1042
stdmap_r2,cancel,10000,0.986,1042
stdmap_r2,cancel,10000,0.987,1083
stdmap_r2,cancel,10000,0.988,1125
stdmap_r2,cancel,10000,0.989,1125
stdmap_r2,cancel,10000,0.99,1167
stdmap_r2,cancel,10000,0.991,1208
stdmap_r2,cancel,10000,0.992,1250
stdmap_r2,cancel,10000,0.993,1292
stdmap_r2,cancel,10000,0.994,1333
stdmap_r2,cancel,10000,0.995,1416
stdmap_r2,cancel,10000,0.996,1500
stdmap_r2,cancel,10000,0.997,1666
stdmap_r2,cancel,10000,0.998,1917
stdmap_r2,cancel,10000,0.999,5958
stdmap_r2,match,10000,0,0
stdmap_r2,match,10000,0.001,0
stdmap_r2,match,10000,0.002,0
stdmap_r2,match,10000,0.003,0
stdmap_r2,match,10000,0.004,0
stdmap_r2,match,10000,0.005,0
stdmap_r2,match,10000,0.006,0
stdmap_r2,match,10000,0.007,0
stdmap_r2,match,10000,0.008,41
stdmap_r2,match,10000,0.009,41
stdmap_r2,match,10000,0.01,41
stdmap_r2,match,10000,0.011,41
stdmap_r2,match,10000,0.012,41
stdmap_r2,match,10000,0.013,41
stdmap_r2,match,10000,0.014,41
stdmap_r2,match,10000,0.015,41
stdmap_r2,match,10000,0.016,41
stdmap_r2,match,10000,0.017,41
stdmap_r2,match,10000,0.018,41
stdmap_r2,match,10000,0.019,41
stdmap_r2,match,10000,0.02,41
stdmap_r2,match,10000,0.021,41
stdmap_r2,match,10000,0.022,41
stdmap_r2,match,10000,0.023,41
stdmap_r2,match,10000,0.024,41
stdmap_r2,match,10000,0.025,41
stdmap_r2,match,10000,0.026,41
stdmap_r2,match,10000,0.027,41
stdmap_r2,match,10000,0.028,41
stdmap_r2,match,10000,0.029,41
stdmap_r2,match,10000,0.03,41
stdmap_r2,match,10000,0.031,41
stdmap_r2,match,10000,0.032,41
stdmap_r2,match,10000,0.033,41
stdmap_r2,match,10000,0.034,41
stdmap_r2,match,10000,0.035,41
stdmap_r2,match,10000,0.036,41
stdmap_r2,match,10000,0.037,41
stdmap_r2,match,10000,0.038,41
stdmap_r2,match,10000,0.039,41
stdmap_r2,match,10000,0.04,41
stdmap_r2,match,10000,0.041,41
stdmap_r2,match,10000,0.042,41
stdmap_r2,match,10000,0.043,41
stdmap_r2,match,10000,0.044,41
stdmap_r2,match,10000,0.045,41
stdmap_r2,match,10000,0.046,41
stdmap_r2,match,10000,0.047,41
stdmap_r2,match,10000,0.048,41
stdmap_r2,match,10000,0.049,41
stdmap_r2,match,10000,0.05,41
stdmap_r2,match,10000,0.051,41
stdmap_r2,match,10000,0.052,41
stdmap_r2,match,10000,0.053,41
stdmap_r2,match,10000,0.054,41
stdmap_r2,match,10000,0.055,41
stdmap_r2,match,10000,0.056,41
stdmap_r2,match,10000,0.057,41
stdmap_r2,match,10000,0.058,41
stdmap_r2,match,10000,0.059,41
stdmap_r2,match,10000,0.06,41
stdmap_r2,match,10000,0.061,41
stdmap_r2,match,10000,0.062,41
stdmap_r2,match,10000,0.063,41
stdmap_r2,match,10000,0.064,41
stdmap_r2,match,10000,0.065,41
stdmap_r2,match,10000,0.066,41
stdmap_r2,match,10000,0.067,41
stdmap_r2,match,10000,0.068,41
stdmap_r2,match,10000,0.069,41
stdmap_r2,match,10000,0.07,41
stdmap_r2,match,10000,0.071,41
stdmap_r2,match,10000,0.072,41
stdmap_r2,match,10000,0.073,41
stdmap_r2,match,10000,0.074,41
stdmap_r2,match,10000,0.075,41
stdmap_r2,match,10000,0.076,41
stdmap_r2,match,10000,0.077,41
stdmap_r2,match,10000,0.078,41
stdmap_r2,match,10000,0.079,41
stdmap_r2,match,10000,0.08,41
stdmap_r2,match,10000,0.081,41
stdmap_r2,match,10000,0.082,41
stdmap_r2,match,10000,0.083,41
stdmap_r2,match,10000,0.084,41
stdmap_r2,match,10000,0.085,41
stdmap_r2,match,10000,0.086,41
stdmap_r2,match,10000,0.087,41
stdmap_r2,match,10000,0.088,41
stdmap_r2,match,10000,0.089,41
stdmap_r2,match,10000,0.09,41
stdmap_r2,match,10000,0.091,41
stdmap_r2,match,10000,0.092,41
stdmap_r2,match,10000,0.093,41
stdmap_r2,match,10000,0.094,41
stdmap_r2,match,10000,0.095,41
stdmap_r2,match,10000,0.096,41
stdmap_r2,match,10000,0.097,41
stdmap_r2,match,10000,0.098,41
stdmap_r2,match,10000,0.099,41
stdmap_r2,match,10000,0.1,41
stdmap_r2,match,10000,0.101,41
stdmap_r2,match,10000,0.102,41
stdmap_r2,match,10000,0.103,41
stdmap_r2,match,10000,0.104,41
stdmap_r2,match,10000,0.105,41
stdmap_r2,match,10000,0.106,41
stdmap_r2,match,10000,0.107,41
stdmap_r2,match,10000,0.108,41
stdmap_r2,match,10000,0.109,41
stdmap_r2,match,10000,0.11,41
stdmap_r2,match,10000,0.111,41
stdmap_r2,match,10000,0.112,41
stdmap_r2,match,10000,0.113,41
stdmap_r2,match,10000,0.114,41
stdmap_r2,match,10000,0.115,41
stdmap_r2,match,10000,0.116,41
stdmap_r2,match,10000,0.117,41
stdmap_r2,match,10000,0.118,41
stdmap_r2,match,10000,0.119,41
stdmap_r2,match,10000,0.12,41
stdmap_r2,match,10000,0.121,41
stdmap_r2,match,10000,0.122,41
stdmap_r2,match,10000,0.123,41
stdmap_r2,match,10000,0.124,41
stdmap_r2,match,10000,0.125,41
stdmap_r2,match,10000,0.126,41
stdmap_r2,match,10000,0.127,41
stdmap_r2,match,10000,0.128,41
stdmap_r2,match,10000,0.129,41
stdmap_r2,match,10000,0.13,41
stdmap_r2,match,10000,0.131,41
stdmap_r2,match,10000,0.132,41
stdmap_r2,match,10000,0.133,41
stdmap_r2,match,10000,0.134,41
stdmap_r2,match,10000,0.135,41
stdmap_r2,match,10000,0.136,41
stdmap_r2,match,10000,0.137,41
stdmap_r2,match,10000,0.138,41
stdmap_r2,match,10000,0.139,41
stdmap_r2,match,10000,0.14,41
stdmap_r2,match,10000,0.141,41
stdmap_r2,match,10000,0.142,41
stdmap_r2,match,10000,0.143,41
stdmap_r2,match,10000,0.144,41
stdmap_r2,match,10000,0.145,41
stdmap_r2,match,10000,0.146,41
stdmap_r2,match,10000,0.147,41
stdmap_r2,match,10000,0.148,41
stdmap_r2,match,10000,0.149,41
stdmap_r2,match,10000,0.15,41
stdmap_r2,match,10000,0.151,41
stdmap_r2,match,10000,0.152,41
stdmap_r2,match,10000,0.153,41
stdmap_r2,match,10000,0.154,42
stdmap_r2,match,10000,0.155,42
stdmap_r2,match,10000,0.156,42
stdmap_r2,match,10000,0.157,42
stdmap_r2,match,10000,0.158,42
stdmap_r2,match,10000,0.159,42
stdmap_r2,match,10000,0.16,42
stdmap_r2,match,10000,0.161,42
stdmap_r2,match,10000,0.162,42
stdmap_r2,match,10000,0.163,42
stdmap_r2,match,10000,0.164,42
stdmap_r2,match,10000,0.165,42
stdmap_r2,match,10000,0.166,42
stdmap_r2,match,10000,0.167,42
stdmap_r2,match,10000,0.168,42
stdmap_r2,match,10000,0.169,42
stdmap_r2,match,10000,0.17,42
stdmap_r2,match,10000,0.171,42
stdmap_r2,match,10000,0.172,42
stdmap_r2,match,10000,0.173,42
stdmap_r2,match,10000,0.174,42
stdmap_r2,match,10000,0.175,42
stdmap_r2,match,10000,0.176,42
stdmap_r2,match,10000,0.177,42
stdmap_r2,match,10000,0.178,42
stdmap_r2,match,10000,0.179,42
stdmap_r2,match,10000,0.18,42
stdmap_r2,match,10000,0.181,42
stdmap_r2,match,10000,0.182,42
stdmap_r2,match,10000,0.183,42
stdmap_r2,match,10000,0.184,42
stdmap_r2,match,10000,0.185,42
stdmap_r2,match,10000,0.186,42
stdmap_r2,match,10000,0.187,42
stdmap_r2,match,10000,0.188,42
stdmap_r2,match,10000,0.189,42
stdmap_r2,match,10000,0.19,42
stdmap_r2,match,10000,0.191,42
stdmap_r2,match,10000,0.192,42
stdmap_r2,match,10000,0.193,42
stdmap_r2,match,10000,0.194,42
stdmap_r2,match,10000,0.195,42
stdmap_r2,match,10000,0.196,42
stdmap_r2,match,10000,0.197,42
stdmap_r2,match,10000,0.198,42
stdmap_r2,match,10000,0.199,42
stdmap_r2,match,10000,0.2,42
stdmap_r2,match,10000,0.201,42
stdmap_r2,match,10000,0.202,42
stdmap_r2,match,10000,0.203,42
stdmap_r2,match,10000,0.204,42
stdmap_r2,match,10000,0.205,42
stdmap_r2,match,10000,0.206,42
stdmap_r2,match,10000,0.207,42
stdmap_r2,match,10000,0.208,42
stdmap_r2,match,10000,0.209,42
stdmap_r2,match,10000,0.21,42
stdmap_r2,match,10000,0.211,42
stdmap_r2,match,10000,0.212,42
stdmap_r2,match,10000,0.213,42
stdmap_r2,match,10000,0.214,42
stdmap_r2,match,10000,0.215,42
stdmap_r2,match,10000,0.216,42
stdmap_r2,match,10000,0.217,42
stdmap_r2,match,10000,0.218,42
stdmap_r2,match,10000,0.219,42
stdmap_r2,match,10000,0.22,42
stdmap_r2,match,10000,0.221,42
stdmap_r2,match,10000,0.222,42
stdmap_r2,match,10000,0.223,42
stdmap_r2,match,10000,0.224,42
stdmap_r2,match,10000,0.225,42
stdmap_r2,match,10000,0.226,42
stdmap_r2,match,10000,0.227,42
stdmap_r2,match,10000,0.228,42
stdmap_r2,match,10000,0.229,42
stdmap_r2,match,10000,0.23,42
stdmap_r2,match,10000,0.231,42
stdmap_r2,match,10000,0.232,42
stdmap_r2,match,10000,0.233,42
stdmap_r2,match,10000,0.234,42
stdmap_r2,match,10000,0.235,42
stdmap_r2,match,10000,0.236,42
stdmap_r2,match,10000,0.237,42
stdmap_r2,match,10000,0.238,42
stdmap_r2,match,10000,0.239,42
stdmap_r2,match,10000,0.24,42
stdmap_r2,match,10000,0.241,42
stdmap_r2,match,10000,0.242,42
stdmap_r2,match,10000,0.243,42
stdmap_r2,match,10000,0.244,42
stdmap_r2,match,10000,0.245,42
stdmap_r2,match,10000,0.246,42
stdmap_r2,match,10000,0.247,42
stdmap_r2,match,10000,0.248,42
stdmap_r2,match,10000,0.249,42
stdmap_r2,match,10000,0.25,42
stdmap_r2,match,10000,0.251,42
stdmap_r2,match,10000,0.252,42
stdmap_r2,match,10000,0.253,42
stdmap_r2,match,10000,0.254,42
stdmap_r2,match,10000,0.255,42
stdmap_r2,match,10000,0.256,42
stdmap_r2,match,10000,0.257,42
stdmap_r2,match,10000,0.258,42
stdmap_r2,match,10000,0.259,42
stdmap_r2,match,10000,0.26,42
stdmap_r2,match,10000,0.261,42
stdmap_r2,match,10000,0.262,42
stdmap_r2,match,10000,0.263,42
stdmap_r2,match,10000,0.264,42
stdmap_r2,match,10000,0.265,42
stdmap_r2,match,10000,0.266,42
stdmap_r2,match,10000,0.267,42
stdmap_r2,match,10000,0.268,42
stdmap_r2,match,10000,0.269,42
stdmap_r2,match,10000,0.27,42
stdmap_r2,match,10000,0.271,42
stdmap_r2,match,10000,0.272,42
stdmap_r2,match,10000,0.273,42
stdmap_r2,match,10000,0.274,42
stdmap_r2,match,10000,0.275,42
stdmap_r2,match,10000,0.276,42
stdmap_r2,match,10000,0.277,42
stdmap_r2,match,10000,0.278,42
stdmap_r2,match,10000,0.279,42
stdmap_r2,match,10000,0.28,42
stdmap_r2,match,10000,0.281,42
stdmap_r2,match,10000,0.282,42
stdmap_r2,match,10000,0.283,42
stdmap_r2,match,10000,0.284,42
stdmap_r2,match,10000,0.285,42
stdmap_r2,match,10000,0.286,42
stdmap_r2,match,10000,0.287,42
stdmap_r2,match,10000,0.288,42
stdmap_r2,match,10000,0.289,42
stdmap_r2,match,10000,0.29,42
stdmap_r2,match,10000,0.291,42
stdmap_r2,match,10000,0.292,42
stdmap_r2,match,10000,0.293,42
stdmap_r2,match,10000,0.294,42
stdmap_r2,match,10000,0.295,42
stdmap_r2,match,10000,0.296,42
stdmap_r2,match,10000,0.297,42
stdmap_r2,match,10000,0.298,42
stdmap_r2,match,10000,0.299,42
stdmap_r2,match,10000,0.3,42
stdmap_r2,match,10000,0.301,42
stdmap_r2,match,10000,0.302,42
stdmap_r2,match,10000,0.303,42
stdmap_r2,match,10000,0.304,42
stdmap_r2,match,10000,0.305,42
stdmap_r2,match,10000,0.306,42
stdmap_r2,match,10000,0.307,42
stdmap_r2,match,10000,0.308,42
stdmap_r2,match,10000,0.309,42
stdmap_r2,match,10000,0.31,42
stdmap_r2,match,10000,0.311,42
stdmap_r2,match,10000,0.312,42
stdmap_r2,match,10000,0.313,42
stdmap_r2,match,10000,0.314,42
stdmap_r2,match,10000,0.315,42
stdmap_r2,match,10000,0.316,42
stdmap_r2,match,10000,0.317,42
stdmap_r2,match,10000,0.318,42
stdmap_r2,match,10000,0.319,42
stdmap_r2,match,10000,0.32,42
stdmap_r2,match,10000,0.321,42
stdmap_r2,match,10000,0.322,42
stdmap_r2,match,10000,0.323,42
stdmap_r2,match,10000,0.324,42
stdmap_r2,match,10000,0.325,42
stdmap_r2,match,10000,0.326,42
stdmap_r2,match,10000,0.327,42
stdmap_r2,match,10000,0.328,42
stdmap_r2,match,10000,0.329,42
stdmap_r2,match,10000,0.33,42
stdmap_r2,match,10000,0.331,42
stdmap_r2,match,10000,0.332,42
stdmap_r2,match,10000,0.333,42
stdmap_r2,match,10000,0.334,42
stdmap_r2,match,10000,0.335,42
stdmap_r2,match,10000,0.336,42
stdmap_r2,match,10000,0.337,42
stdmap_r2,match,10000,0.338,42
stdmap_r2,match,10000,0.339,42
stdmap_r2,match,10000,0.34,42
stdmap_r2,match,10000,0.341,42
stdmap_r2,match,10000,0.342,42
stdmap_r2,match,10000,0.343,42
stdmap_r2,match,10000,0.344,42
stdmap_r2,match,10000,0.345,42
stdmap_r2,match,10000,0.346,42
stdmap_r2,match,10000,0.347,42
stdmap_r2,match,10000,0.348,42
stdmap_r2,match,10000,0.349,42
stdmap_r2,match,10000,0.35,42
stdmap_r2,match,10000,0.351,42
stdmap_r2,match,10000,0.352,42
stdmap_r2,match,10000,0.353,42
stdmap_r2,match,10000,0.354,42
stdmap_r2,match,10000,0.355,42
stdmap_r2,match,10000,0.356,42
stdmap_r2,match,10000,0.357,42
stdmap_r2,match,10000,0.358,42
stdmap_r2,match,10000,0.359,42
stdmap_r2,match,10000,0.36,42
stdmap_r2,match,10000,0.361,42
stdmap_r2,match,10000,0.362,42
stdmap_r2,match,10000,0.363,42
stdmap_r2,match,10000,0.364,42
stdmap_r2,match,10000,0.365,42
stdmap_r2,match,10000,0.366,42
stdmap_r2,match,10000,0.367,42
stdmap_r2,match,10000,0.368,42
stdmap_r2,match,10000,0.369,42
stdmap_r2,match,10000,0.37,42
stdmap_r2,match,10000,0.371,42
stdmap_r2,match,10000,0.372,42
stdmap_r2,match,10000,0.373,42
stdmap_r2,match,10000,0.374,42
stdmap_r2,match,10000,0.375,42
stdmap_r2,match,10000,0.376,42
stdmap_r2,match,10000,0.377,42
stdmap_r2,match,10000,0.378,42
stdmap_r2,match,10000,0.379,42
stdmap_r2,match,10000,0.38,42
stdmap_r2,match,10000,0.381,42
stdmap_r2,match,10000,0.382,42
stdmap_r2,match,10000,0.383,42
stdmap_r2,match,10000,0.384,42
stdmap_r2,match,10000,0.385,42
stdmap_r2,match,10000,0.386,42
stdmap_r2,match,10000,0.387,42
stdmap_r2,match,10000,0.388,42
stdmap_r2,match,10000,0.389,42
stdmap_r2,match,10000,0.39,42
stdmap_r2,match,10000,0.391,42
stdmap_r2,match,10000,0.392,42
stdmap_r2,match,10000,0.393,42
stdmap_r2,match,10000,0.394,42
stdmap_r2,match,10000,0.395,42
stdmap_r2,match,10000,0.396,42
stdmap_r2,match,10000,0.397,42
stdmap_r2,match,10000,0.398,42
stdmap_r2,match,10000,0.399,42
stdmap_r2,match,10000,0.4,42
stdmap_r2,match,10000,0.401,42
stdmap_r2,match,10000,0.402,42
stdmap_r2,match,10000,0.403,42
stdmap_r2,match,10000,0.404,42
stdmap_r2,match,10000,0.405,42
stdmap_r2,match,10000,0.406,42
stdmap_r2,match,10000,0.407,42
stdmap_r2,match,10000,0.408,42
stdmap_r2,match,10000,0.409,42
stdmap_r2,match,10000,0.41,42
stdmap_r2,match,10000,0.411,42
stdmap_r2,match,10000,0.412,42
stdmap_r2,match,10000,0.413,42
stdmap_r2,match,10000,0.414,42
stdmap_r2,match,10000,0.415,42
stdmap_r2,match,10000,0.416,42
stdmap_r2,match,10000,0.417,42
stdmap_r2,match,10000,0.418,42
stdmap_r2,match,10000,0.419,42
stdmap_r2,match,10000,0.42,42
stdmap_r2,match,10000,0.421,42
stdmap_r2,match,10000,0.422,42
stdmap_r2,match,10000,0.423,42
stdmap_r2,match,10000,0.424,42
stdmap_r2,match,10000,0.425,42
stdmap_r2,match,10000,0.426,42
stdmap_r2,match,10000,0.427,42
stdmap_r2,match,10000,0.428,42
stdmap_r2,match,10000,0.429,42
stdmap_r2,match,10000,0.43,42
stdmap_r2,match,10000,0.431,42
stdmap_r2,match,10000,0.432,42
stdmap_r2,match,10000,0.433,42
stdmap_r2,match,10000,0.434,42
stdmap_r2,match,10000,0.435,42
stdmap_r2,match,10000,0.436,42
stdmap_r2,match,10000,0.437,42
stdmap_r2,match,10000,0.438,42
stdmap_r2,match,10000,0.439,42
stdmap_r2,match,10000,0.44,42
stdmap_r2,match,10000,0.441,42
stdmap_r2,match,10000,0.442,42
stdmap_r2,match,10000,0.443,42
stdmap_r2,match,10000,0.444,42
stdmap_r2,match,10000,0.445,42
stdmap_r2,match,10000,0.446,83
stdmap_r2,match,10000,0.447,83
stdmap_r2,match,10000,0.448,83
stdmap_r2,match,10000,0.449,83
stdmap_r2,match,10000,0.45,83
stdmap_r2,match,10000,0.451,83
stdmap_r2,match,10000,0.452,83
stdmap_r2,match,10000,0.453,83
stdmap_r2,match,10000,0.454,83
stdmap_r2,match,10000,0.455,83
stdmap_r2,match,10000,0.456,83
stdmap_r2,match,10000,0.457,83
stdmap_r2,match,10000,0.458,83
stdmap_r2,match,10000,0.459,83
stdmap_r2,match,10000,0.46,83
stdmap_r2,match,10000,0.461,83
stdmap_r2,match,10000,0.462,83
stdmap_r2,match,10000,0.463,83
stdmap_r2,match,10000,0.464,83
stdmap_r2,match,10000,0.465,83
stdmap_r2,match,10000,0.466,83
stdmap_r2,match,10000,0.467,83
stdmap_r2,match,10000,0.468,83
stdmap_r2,match,10000,0.469,83
stdmap_r2,match,10000,0.47,83
stdmap_r2,match,10000,0.471,83
stdmap_r2,match,10000,0.472,83
stdmap_r2,match,10000,0.473,83
stdmap_r2,match,10000,0.474,83
stdmap_r2,match,10000,0.475,83
stdmap_r2,match,10000,0.476,83
stdmap_r2,match,10000,0.477,83
stdmap_r2,match,10000,0.478,83
stdmap_r2,match,10000,0.479,83
stdmap_r2,match,10000,0.48,83
stdmap_r2,match,10000,0.481,83
stdmap_r2,match,10000,0.482,83
stdmap_r2,match,10000,0.483,83
stdmap_r2,match,10000,0.484,83
stdmap_r2,match,10000,0.485,83
stdmap_r2,match,10000,0.486,83
stdmap_r2,match,10000,0.487,83
stdmap_r2,match,10000,0.488,83
stdmap_r2,match,10000,0.489,83
stdmap_r2,match,10000,0.49,83
stdmap_r2,match,10000,0.491,83
stdmap_r2,match,10000,0.492,83
stdmap_r2,match,10000,0.493,83
stdmap_r2,match,10000,0.494,83
stdmap_r2,match,10000,0.495,83
stdmap_r2,match,10000,0.496,83
stdmap_r2,match,10000,0.497,83
stdmap_r2,match,10000,0.498,83
stdmap_r2,match,10000,0.499,83
stdmap_r2,match,10000,0.5,83
stdmap_r2,match,10000,0.501,83
stdmap_r2,match,10000,0.502,83
stdmap_r2,match,10000,0.503,83
stdmap_r2,match,10000,0.504,83
stdmap_r2,match,10000,0.505,83
stdmap_r2,match,10000,0.506,83
stdmap_r2,match,10000,0.507,83
stdmap_r2,match,10000,0.508,83
stdmap_r2,match,10000,0.509,83
stdmap_r2,match,10000,0.51,83
stdmap_r2,match,10000,0.511,83
stdmap_r2,match,10000,0.512,83
stdmap_r2,match,10000,0.513,83
stdmap_r2,match,10000,0.514,83
stdmap_r2,match,10000,0.515,83
stdmap_r2,match,10000,0.516,83
stdmap_r2,match,10000,0.517,83
stdmap_r2,match,10000,0.518,83
stdmap_r2,match,10000,0.519,83
stdmap_r2,match,10000,0.52,83
stdmap_r2,match,10000,0.521,83
stdmap_r2,match,10000,0.522,83
stdmap_r2,match,10000,0.523,83
stdmap_r2,match,10000,0.524,83
stdmap_r2,match,10000,0.525,83
stdmap_r2,match,10000,0.526,83
stdmap_r2,match,10000,0.527,83
stdmap_r2,match,10000,0.528,83
stdmap_r2,match,10000,0.529,83
stdmap_r2,match,10000,0.53,83
stdmap_r2,match,10000,0.531,83
stdmap_r2,match,10000,0.532,83
stdmap_r2,match,10000,0.533,83
stdmap_r2,match,10000,0.534,83
stdmap_r2,match,10000,0.535,83
stdmap_r2,match,10000,0.536,83
stdmap_r2,match,10000,0.537,83
stdmap_r2,match,10000,0.538,83
stdmap_r2,match,10000,0.539,83
stdmap_r2,match,10000,0.54,83
stdmap_r2,match,10000,0.541,83
stdmap_r2,match,10000,0.542,83
stdmap_r2,match,10000,0.543,83
stdmap_r2,match,10000,0.544,83
stdmap_r2,match,10000,0.545,83
stdmap_r2,match,10000,0.546,83
stdmap_r2,match,10000,0.547,83
stdmap_r2,match,10000,0.548,83
stdmap_r2,match,10000,0.549,83
stdmap_r2,match,10000,0.55,83
stdmap_r2,match,10000,0.551,83
stdmap_r2,match,10000,0.552,83
stdmap_r2,match,10000,0.553,83
stdmap_r2,match,10000,0.554,83
stdmap_r2,match,10000,0.555,83
stdmap_r2,match,10000,0.556,83
stdmap_r2,match,10000,0.557,83
stdmap_r2,match,10000,0.558,83
stdmap_r2,match,10000,0.559,83
stdmap_r2,match,10000,0.56,83
stdmap_r2,match,10000,0.561,83
stdmap_r2,match,10000,0.562,83
stdmap_r2,match,10000,0.563,83
stdmap_r2,match,10000,0.564,83
stdmap_r2,match,10000,0.565,83
stdmap_r2,match,10000,0.566,83
stdmap_r2,match,10000,0.567,83
stdmap_r2,match,10000,0.568,83
stdmap_r2,match,10000,0.569,83
stdmap_r2,match,10000,0.57,83
stdmap_r2,match,10000,0.571,83
stdmap_r2,match,10000,0.572,83
stdmap_r2,match,10000,0.573,83
stdmap_r2,match,10000,0.574,83
stdmap_r2,match,10000,0.575,83
stdmap_r2,match,10000,0.576,83
stdmap_r2,match,10000,0.577,83
stdmap_r2,match,10000,0.578,83
stdmap_r2,match,10000,0.579,83
stdmap_r2,match,10000,0.58,83
stdmap_r2,match,10000,0.581,83
stdmap_r2,match,10000,0.582,83
stdmap_r2,match,10000,0.583,83
stdmap_r2,match,10000,0.584,83
stdmap_r2,match,10000,0.585,83
stdmap_r2,match,10000,0.586,83
stdmap_r2,match,10000,0.587,83
stdmap_r2,match,10000,0.588,83
stdmap_r2,match,10000,0.589,83
stdmap_r2,match,10000,0.59,83
stdmap_r2,match,10000,0.591,83
stdmap_r2,match,10000,0.592,83
stdmap_r2,match,10000,0.593,83
stdmap_r2,match,10000,0.594,83
stdmap_r2,match,10000,0.595,83
stdmap_r2,match,10000,0.596,83
stdmap_r2,match,10000,0.597,83
stdmap_r2,match,10000,0.598,83
stdmap_r2,match,10000,0.599,83
stdmap_r2,match,10000,0.6,83
stdmap_r2,match,10000,0.601,83
stdmap_r2,match,10000,0.602,83
stdmap_r2,match,10000,0.603,83
stdmap_r2,match,10000,0.604,83
stdmap_r2,match,10000,0.605,83
stdmap_r2,match,10000,0.606,83
stdmap_r2,match,10000,0.607,83
stdmap_r2,match,10000,0.608,83
stdmap_r2,match,10000,0.609,83
stdmap_r2,match,10000,0.61,83
stdmap_r2,match,10000,0.611,83
stdmap_r2,match,10000,0.612,83
stdmap_r2,match,10000,0.613,83
stdmap_r2,match,10000,0.614,83
stdmap_r2,match,10000,0.615,83
stdmap_r2,match,10000,0.616,83
stdmap_r2,match,10000,0.617,83
stdmap_r2,match,10000,0.618,83
stdmap_r2,match,10000,0.619,83
stdmap_r2,match,10000,0.62,83
stdmap_r2,match,10000,0.621,83
stdmap_r2,match,10000,0.622,83
stdmap_r2,match,10000,0.623,83
stdmap_r2,match,10000,0.624,83
stdmap_r2,match,10000,0.625,83
stdmap_r2,match,10000,0.626,83
stdmap_r2,match,10000,0.627,83
stdmap_r2,match,10000,0.628,83
stdmap_r2,match,10000,0.629,83
stdmap_r2,match,10000,0.63,83
stdmap_r2,match,10000,0.631,83
stdmap_r2,match,10000,0.632,83
stdmap_r2,match,10000,0.633,83
stdmap_r2,match,10000,0.634,83
stdmap_r2,match,10000,0.635,83
stdmap_r2,match,10000,0.636,83
stdmap_r2,match,10000,0.637,83
stdmap_r2,match,10000,0.638,83
stdmap_r2,match,10000,0.639,83
stdmap_r2,match,10000,0.64,83
stdmap_r2,match,10000,0.641,83
stdmap_r2,match,10000,0.642,83
stdmap_r2,match,10000,0.643,83
stdmap_r2,match,10000,0.644,83
stdmap_r2,match,10000,0.645,83
stdmap_r2,match,10000,0.646,83
stdmap_r2,match,10000,0.647,83
stdmap_r2,match,10000,0.648,83
stdmap_r2,match,10000,0.649,83
stdmap_r2,match,10000,0.65,83
stdmap_r2,match,10000,0.651,83
stdmap_r2,match,10000,0.652,83
stdmap_r2,match,10000,0.653,83
stdmap_r2,match,10000,0.654,83
stdmap_r2,match,10000,0.655,83
stdmap_r2,match,10000,0.656,83
stdmap_r2,match,10000,0.657,84
stdmap_r2,match,10000,0.658,84
stdmap_r2,match,10000,0.659,84
stdmap_r2,match,10000,0.66,84
stdmap_r2,match,10000,0.661,84
stdmap_r2,match,10000,0.662,84
stdmap_r2,match,10000,0.663,84
stdmap_r2,match,10000,0.664,84
stdmap_r2,match,10000,0.665,84
stdmap_r2,match,10000,0.666,84
stdmap_r2,match,10000,0.667,84
stdmap_r2,match,10000,0.668,84
stdmap_r2,match,10000,0.669,84
stdmap_r2,match,10000,0.67,84
stdmap_r2,match,10000,0.671,84
stdmap_r2,match,10000,0.672,84
stdmap_r2,match,10000,0.673,84
stdmap_r2,match,10000,0.674,84
stdmap_r2,match,10000,0.675,84
stdmap_r2,match,10000,0.676,84
stdmap_r2,match,10000,0.677,84
stdmap_r2,match,10000,0.678,84
stdmap_r2,match,10000,0.679,84
stdmap_r2,match,10000,0.68,84
stdmap_r2,match,10000,0.681,84
stdmap_r2,match,10000,0.682,84
stdmap_r2,match,10000,0.683,84
stdmap_r2,match,10000,0.684,84
stdmap_r2,match,10000,0.685,84
stdmap_r2,match,10000,0.686,84
stdmap_r2,match,10000,0.687,84
stdmap_r2,match,10000,0.688,84
stdmap_r2,match,10000,0.689,84
stdmap_r2,match,10000,0.69,84
stdmap_r2,match,10000,0.691,84
stdmap_r2,match,10000,0.692,84
stdmap_r2,match,10000,0.693,84
stdmap_r2,match,10000,0.694,84
stdmap_r2,match,10000,0.695,84
stdmap_r2,match,10000,0.696,84
stdmap_r2,match,10000,0.697,84
stdmap_r2,match,10000,0.698,84
stdmap_r2,match,10000,0.699,84
stdmap_r2,match,10000,0.7,84
stdmap_r2,match,10000,0.701,84
stdmap_r2,match,10000,0.702,84
stdmap_r2,match,10000,0.703,84
stdmap_r2,match,10000,0.704,84
stdmap_r2,match,10000,0.705,84
stdmap_r2,match,10000,0.706,84
stdmap_r2,match,10000,0.707,84
stdmap_r2,match,10000,0.708,84
stdmap_r2,match,10000,0.709,84
stdmap_r2,match,10000,0.71,84
stdmap_r2,match,10000,0.711,84
stdmap_r2,match,10000,0.712,84
stdmap_r2,match,10000,0.713,84
stdmap_r2,match,10000,0.714,84
stdmap_r2,match,10000,0.715,84
stdmap_r2,match,10000,0.716,84
stdmap_r2,match,10000,0.717,84
stdmap_r2,match,10000,0.718,84
stdmap_r2,match,10000,0.719,84
stdmap_r2,match,10000,0.72,84
stdmap_r2,match,10000,0.721,84
stdmap_r2,match,10000,0.722,84
stdmap_r2,match,10000,0.723,84
stdmap_r2,match,10000,0.724,84
stdmap_r2,match,10000,0.725,84
stdmap_r2,match,10000,0.726,84
stdmap_r2,match,10000,0.727,84
stdmap_r2,match,10000,0.728,84
stdmap_r2,match,10000,0.729,84
stdmap_r2,match,10000,0.73,84
stdmap_r2,match,10000,0.731,84
stdmap_r2,match,10000,0.732,84
stdmap_r2,match,10000,0.733,84
stdmap_r2,match,10000,0.734,84
stdmap_r2,match,10000,0.735,84
stdmap_r2,match,10000,0.736,84
stdmap_r2,match,10000,0.737,84
stdmap_r2,match,10000,0.738,84
stdmap_r2,match,10000,0.739,84
stdmap_r2,match,10000,0.74,84
stdmap_r2,match,10000,0.741,84
stdmap_r2,match,10000,0.742,84
stdmap_r2,match,10000,0.743,84
stdmap_r2,match,10000,0.744,84
stdmap_r2,match,10000,0.745,84
stdmap_r2,match,10000,0.746,84
stdmap_r2,match,10000,0.747,84
stdmap_r2,match,10000,0.748,84
stdmap_r2,match,10000,0.749,84
stdmap_r2,match,10000,0.75,84
stdmap_r2,match,10000,0.751,84
stdmap_r2,match,10000,0.752,84
stdmap_r2,match,10000,0.753,84
stdmap_r2,match,10000,0.754,84
stdmap_r2,match,10000,0.755,84
stdmap_r2,match,10000,0.756,84
stdmap_r2,match,10000,0.757,84
stdmap_r2,match,10000,0.758,84
stdmap_r2,match,10000,0.759,84
stdmap_r2,match,10000,0.76,84
stdmap_r2,match,10000,0.761,84
stdmap_r2,match,10000,0.762,125
stdmap_r2,match,10000,0.763,125
stdmap_r2,match,10000,0.764,125
stdmap_r2,match,10000,0.765,125
stdmap_r2,match,10000,0.766,125
stdmap_r2,match,10000,0.767,125
stdmap_r2,match,10000,0.768,125
stdmap_r2,match,10000,0.769,125
stdmap_r2,match,10000,0.77,125
stdmap_r2,match,10000,0.771,125
stdmap_r2,match,10000,0.772,125
stdmap_r2,match,10000,0.773,125
stdmap_r2,match,10000,0.774,125
stdmap_r2,match,10000,0.775,125
stdmap_r2,match,10000,0.776,125
stdmap_r2,match,10000,0.777,125
stdmap_r2,match,10000,0.778,125
stdmap_r2,match,10000,0.779,125
stdmap_r2,match,10000,0.78,125
stdmap_r2,match,10000,0.781,125
stdmap_r2,match,10000,0.782,125
stdmap_r2,match,10000,0.783,125
stdmap_r2,match,10000,0.784,125
stdmap_r2,match,10000,0.785,125
stdmap_r2,match,10000,0.786,125
stdmap_r2,match,10000,0.787,125
stdmap_r2,match,10000,0.788,125
stdmap_r2,match,10000,0.789,125
stdmap_r2,match,10000,0.79,125
stdmap_r2,match,10000,0.791,125
stdmap_r2,match,10000,0.792,125
stdmap_r2,match,10000,0.793,125
stdmap_r2,match,10000,0.794,125
stdmap_r2,match,10000,0.795,125
stdmap_r2,match,10000,0.796,125
stdmap_r2,match,10000,0.797,125
stdmap_r2,match,10000,0.798,125
stdmap_r2,match,10000,0.799,125
stdmap_r2,match,10000,0.8,125
stdmap_r2,match,10000,0.801,125
stdmap_r2,match,10000,0.802,125
stdmap_r2,match,10000,0.803,125
stdmap_r2,match,10000,0.804,125
stdmap_r2,match,10000,0.805,125
stdmap_r2,match,10000,0.806,125
stdmap_r2,match,10000,0.807,125
stdmap_r2,match,10000,0.808,125
stdmap_r2,match,10000,0.809,125
stdmap_r2,match,10000,0.81,125
stdmap_r2,match,10000,0.811,125
stdmap_r2,match,10000,0.812,125
stdmap_r2,match,10000,0.813,125
stdmap_r2,match,10000,0.814,125
stdmap_r2,match,10000,0.815,125
stdmap_r2,match,10000,0.816,125
stdmap_r2,match,10000,0.817,125
stdmap_r2,match,10000,0.818,125
stdmap_r2,match,10000,0.819,125
stdmap_r2,match,10000,0.82,125
stdmap_r2,match,10000,0.821,125
stdmap_r2,match,10000,0.822,125
stdmap_r2,match,10000,0.823,125
stdmap_r2,match,10000,0.824,125
stdmap_r2,match,10000,0.825,125
stdmap_r2,match,10000,0.826,125
stdmap_r2,match,10000,0.827,125
stdmap_r2,match,10000,0.828,125
stdmap_r2,match,10000,0.829,125
stdmap_r2,match,10000,0.83,125
stdmap_r2,match,10000,0.831,125
stdmap_r2,match,10000,0.832,125
stdmap_r2,match,10000,0.833,125
stdmap_r2,match,10000,0.834,125
stdmap_r2,match,10000,0.835,125
stdmap_r2,match,10000,0.836,125
stdmap_r2,match,10000,0.837,125
stdmap_r2,match,10000,0.838,125
stdmap_r2,match,10000,0.839,125
stdmap_r2,match,10000,0.84,125
stdmap_r2,match,10000,0.841,125
stdmap_r2,match,10000,0.842,125
stdmap_r2,match,10000,0.843,125
stdmap_r2,match,10000,0.844,125
stdmap_r2,match,10000,0.845,125
stdmap_r2,match,10000,0.846,125
stdmap_r2,match,10000,0.847,125
stdmap_r2,match,10000,0.848,125
stdmap_r2,match,10000,0.849,125
stdmap_r2,match,10000,0.85,125
stdmap_r2,match,10000,0.851,125
stdmap_r2,match,10000,0.852,125
stdmap_r2,match,10000,0.853,125
stdmap_r2,match,10000,0.854,125
stdmap_r2,match,10000,0.855,125
stdmap_r2,match,10000,0.856,125
stdmap_r2,match,10000,0.857,125
stdmap_r2,match,10000,0.858,125
stdmap_r2,match,10000,0.859,125
stdmap_r2,match,10000,0.86,125
stdmap_r2,match,10000,0.861,125
stdmap_r2,match,10000,0.862,125
stdmap_r2,match,10000,0.863,125
stdmap_r2,match,10000,0.864,125
stdmap_r2,match,10000,0.865,125
stdmap_r2,match,10000,0.866,125
stdmap_r2,match,10000,0.867,125
stdmap_r2,match,10000,0.868,125
stdmap_r2,match,10000,0.869,125
stdmap_r2,match,10000,0.87,125
stdmap_r2,match,10000,0.871,125
stdmap_r2,match,10000,0.872,125
stdmap_r2,match,10000,0.873,125
stdmap_r2,match,10000,0.874,125
stdmap_r2,match,10000,0.875,125
stdmap_r2,match,10000,0.876,125
stdmap_r2,match,10000,0.877,125
stdmap_r2,match,10000,0.878,125
stdmap_r2,match,10000,0.879,125
stdmap_r2,match,10000,0.88,125
stdmap_r2,match,10000,0.881,125
stdmap_r2,match,10000,0.882,125
stdmap_r2,match,10000,0.883,125
stdmap_r2,match,10000,0.884,125
stdmap_r2,match,10000,0.885,125
stdmap_r2,match,10000,0.886,166
stdmap_r2,match,10000,0.887,166
stdmap_r2,match,10000,0.888,166
stdmap_r2,match,10000,0.889,166
stdmap_r2,match,10000,0.89,166
stdmap_r2,match,10000,0.891,166
stdmap_r2,match,10000,0.892,166
stdmap_r2,match,10000,0.893,166
stdmap_r2,match,10000,0.894,166
stdmap_r2,match,10000,0.895,166
stdmap_r2,match,10000,0.896,166
stdmap_r2,match,10000,0.897,167
stdmap_r2,match,10000,0.898,167
stdmap_r2,match,10000,0.899,167
stdmap_r2,match,10000,0.9,167
stdmap_r2,match,10000,0.901,167
stdmap_r2,match,10000,0.902,167
stdmap_r2,match,10000,0.903,167
stdmap_r2,match,10000,0.904,167
stdmap_r2,match,10000,0.905,167
stdmap_r2,match,10000,0.906,167
stdmap_r2,match,10000,0.907,167
stdmap_r2,match,10000,0.908,167
stdmap_r2,match,10000,0.909,167
stdmap_r2,match,10000,0.91,167
stdmap_r2,match,10000,0.911,167
stdmap_r2,match,10000,0.912,167
stdmap_r2,match,10000,0.913,167
stdmap_r2,match,10000,0.914,167
stdmap_r2,match,10000,0.915,167
stdmap_r2,match,10000,0.916,167
stdmap_r2,match,10000,0.917,167
stdmap_r2,match,10000,0.918,167
stdmap_r2,match,10000,0.919,208
stdmap_r2,match,10000,0.92,208
stdmap_r2,match,10000,0.921,208
stdmap_r2,match,10000,0.922,208
stdmap_r2,match,10000,0.923,208
stdmap_r2,match,10000,0.924,208
stdmap_r2,match,10000,0.925,208
stdmap_r2,match,10000,0.926,208
stdmap_r2,match,10000,0.927,208
stdmap_r2,match,10000,0.928,208
stdmap_r2,match,10000,0.929,208
stdmap_r2,match,10000,0.93,208
stdmap_r2,match,10000,0.931,208
stdmap_r2,match,10000,0.932,208
stdmap_r2,match,10000,0.933,208
stdmap_r2,match,10000,0.934,208
stdmap_r2,match,10000,0.935,209
stdmap_r2,match,10000,0.936,209
stdmap_r2,match,10000,0.937,209
stdmap_r2,match,10000,0.938,209
stdmap_r2,match,10000,0.939,209
stdmap_r2,match,10000,0.94,209
stdmap_r2,match,10000,0.941,209
stdmap_r2,match,10000,0.942,209
stdmap_r2,match,10000,0.943,250
stdmap_r2,match,10000,0.944,250
stdmap_r2,match,10000,0.945,250
stdmap_r2,match,10000,0.946,250
stdmap_r2,match,10000,0.947,250
stdmap_r2,match,10000,0.948,250
stdmap_r2,match,10000,0.949,250
stdmap_r2,match,10000,0.95,250
stdmap_r2,match,10000,0.951,250
stdmap_r2,match,10000,0.952,250
stdmap_r2,match,10000,0.953,250
stdmap_r2,match,10000,0.954,250
stdmap_r2,match,10000,0.955,250
stdmap_r2,match,10000,0.956,250
stdmap_r2,match,10000,0.957,250
stdmap_r2,match,10000,0.958,250
stdmap_r2,match,10000,0.959,250
stdmap_r2,match,10000,0.96,291
stdmap_r2,match,10000,0.961,291
stdmap_r2,match,10000,0.962,291
stdmap_r2,match,10000,0.963,291
stdmap_r2,match,10000,0.964,292
stdmap_r2,match,10000,0.965,292
stdmap_r2,match,10000,0.966,292
stdmap_r2,match,10000,0.967,292
stdmap_r2,match,10000,0.968,292
stdmap_r2,match,10000,0.969,292
stdmap_r2,match,10000,0.97,333
stdmap_r2,match,10000,0.971,333
stdmap_r2,match,10000,0.972,333
stdmap_r2,match,10000,0.973,333
stdmap_r2,match,10000,0.974,333
stdmap_r2,match,10000,0.975,334
stdmap_r2,match,10000,0.976,334
stdmap_r2,match,10000,0.977,375
stdmap_r2,match,10000,0.978,375
stdmap_r2,match,10000,0.979,375
stdmap_r2,match,10000,0.98,375
stdmap_r2,match,10000,0.981,375
stdmap_r2,match,10000,0.982,416
stdmap_r2,match,10000,0.983,417
stdmap_r2,match,10000,0.984,417
stdmap_r2,match,10000,0.985,417
stdmap_r2,match,10000,0.986,458
stdmap_r2,match,10000,0.987,458
stdmap_r2,match,10000,0.988,500
stdmap_r2,match,10000,0.989,500
stdmap_r2,match,10000,0.99,500
stdmap_r2,match,10000,0.991,542
stdmap_r2,match,10000,0.992,583
stdmap_r2,match,10000,0.993,584
stdmap_r2,match,10000,0.994,625
stdmap_r2,match,10000,0.995,667
stdmap_r2,match,10000,0.996,709
stdmap_r2,match,10000,0.997,792
stdmap_r2,match,10000,0.998,916
stdmap_r2,match,10000,0.999,1208
stdmap_r2,add,100000,0,0
stdmap_r2,add,100000,0.001,41
stdmap_r2,add,100000,0.002,41
stdmap_r2,add,100000,0.003,41
stdmap_r2,add,100000,0.004,41
stdmap_r2,add,100000,0.005,41
stdmap_r2,add,100000,0.006,41
stdmap_r2,add,100000,0.007,41
stdmap_r2,add,100000,0.008,41
stdmap_r2,add,100000,0.009,41
stdmap_r2,add,100000,0.01,41
stdmap_r2,add,100000,0.011,41
stdmap_r2,add,100000,0.012,41
stdmap_r2,add,100000,0.013,41
stdmap_r2,add,100000,0.014,41
stdmap_r2,add,100000,0.015,41
stdmap_r2,add,100000,0.016,41
stdmap_r2,add,100000,0.017,41
stdmap_r2,add,100000,0.018,41
stdmap_r2,add,100000,0.019,41
stdmap_r2,add,100000,0.02,41
stdmap_r2,add,100000,0.021,41
stdmap_r2,add,100000,0.022,41
stdmap_r2,add,100000,0.023,41
stdmap_r2,add,100000,0.024,41
stdmap_r2,add,100000,0.025,41
stdmap_r2,add,100000,0.026,41
stdmap_r2,add,100000,0.027,41
stdmap_r2,add,100000,0.028,41
stdmap_r2,add,100000,0.029,42
stdmap_r2,add,100000,0.03,42
stdmap_r2,add,100000,0.031,42
stdmap_r2,add,100000,0.032,42
stdmap_r2,add,100000,0.033,42
stdmap_r2,add,100000,0.034,42
stdmap_r2,add,100000,0.035,42
stdmap_r2,add,100000,0.036,42
stdmap_r2,add,100000,0.037,42
stdmap_r2,add,100000,0.038,42
stdmap_r2,add,100000,0.039,42
stdmap_r2,add,100000,0.04,42
stdmap_r2,add,100000,0.041,42
stdmap_r2,add,100000,0.042,42
stdmap_r2,add,100000,0.043,42
stdmap_r2,add,100000,0.044,42
stdmap_r2,add,100000,0.045,42
stdmap_r2,add,100000,0.046,42
stdmap_r2,add,100000,0.047,42
stdmap_r2,add,100000,0.048,42
stdmap_r2,add,100000,0.049,42
stdmap_r2,add,100000,0.05,42
stdmap_r2,add,100000,0.051,42
stdmap_r2,add,100000,0.052,42
stdmap_r2,add,100000,0.053,42
stdmap_r2,add,100000,0.054,42
stdmap_r2,add,100000,0.055,42
stdmap_r2,add,100000,0.056,42
stdmap_r2,add,100000,0.057,42
stdmap_r2,add,100000,0.058,42
stdmap_r2,add,100000,0.059,42
stdmap_r2,add,100000,0.06,42
stdmap_r2,add,100000,0.061,42
stdmap_r2,add,100000,0.062,42
stdmap_r2,add,100000,0.063,42
stdmap_r2,add,100000,0.064,42
stdmap_r2,add,100000,0.065,42
stdmap_r2,add,100000,0.066,42
stdmap_r2,add,100000,0.067,42
stdmap_r2,add,100000,0.068,42
stdmap_r2,add,100000,0.069,42
stdmap_r2,add,100000,0.07,42
stdmap_r2,add,100000,0.071,42
stdmap_r2,add,100000,0.072,42
stdmap_r2,add,100000,0.073,42
stdmap_r2,add,100000,0.074,42
stdmap_r2,add,100000,0.075,42
stdmap_r2,add,100000,0.076,42
stdmap_r2,add,100000,0.077,42
stdmap_r2,add,100000,0.078,42
stdmap_r2,add,100000,0.079,42
stdmap_r2,add,100000,0.08,42
stdmap_r2,add,100000,0.081,42
stdmap_r2,add,100000,0.082,42
stdmap_r2,add,100000,0.083,42
stdmap_r2,add,100000,0.084,42
stdmap_r2,add,100000,0.085,42
stdmap_r2,add,100000,0.086,83
stdmap_r2,add,100000,0.087,83
stdmap_r2,add,100000,0.088,83
stdmap_r2,add,100000,0.089,83
stdmap_r2,add,100000,0.09,83
stdmap_r2,add,100000,0.091,83
stdmap_r2,add,100000,0.092,83
stdmap_r2,add,100000,0.093,83
stdmap_r2,add,100000,0.094,83
stdmap_r2,add,100000,0.095,83
stdmap_r2,add,100000,0.096,83
stdmap_r2,add,100000,0.097,83
stdmap_r2,add,100000,0.098,83
stdmap_r2,add,100000,0.099,83
stdmap_r2,add,100000,0.1,83
stdmap_r2,add,100000,0.101,83
stdmap_r2,add,100000,0.102,83
stdmap_r2,add,100000,0.103,83
stdmap_r2,add,100000,0.104,83
stdmap_r2,add,100000,0.105,83
stdmap_r2,add,100000,0.106,83
stdmap_r2,add,100000,0.107,83
stdmap_r2,add,100000,0.108,83
stdmap_r2,add,100000,0.109,83
stdmap_r2,add,100000,0.11,83
stdmap_r2,add,100000,0.111,83
stdmap_r2,add,100000,0.112,83
stdmap_r2,add,100000,0.113,83
stdmap_r2,add,100000,0.114,83
stdmap_r2,add,100000,0.115,83
stdmap_r2,add,100000,0.116,83
stdmap_r2,add,100000,0.117,83
stdmap_r2,add,100000,0.118,83
stdmap_r2,add,100000,0.119,83
stdmap_r2,add,100000,0.12,83
stdmap_r2,add,100000,0.121,83
stdmap_r2,add,100000,0.122,83
stdmap_r2,add,100000,0.123,83
stdmap_r2,add,100000,0.124,83
stdmap_r2,add,100000,0.125,83
stdmap_r2,add,100000,0.126,83
stdmap_r2,add,100000,0.127,83
stdmap_r2,add,100000,0.128,83
stdmap_r2,add,100000,0.129,83
stdmap_r2,add,100000,0.13,83
stdmap_r2,add,100000,0.131,83
stdmap_r2,add,100000,0.132,83
stdmap_r2,add,100000,0.133,83
stdmap_r2,add,100000,0.134,83
stdmap_r2,add,100000,0.135,83
stdmap_r2,add,100000,0.136,83
stdmap_r2,add,100000,0.137,83
stdmap_r2,add,100000,0.138,83
stdmap_r2,add,100000,0.139,83
stdmap_r2,add,100000,0.14,83
stdmap_r2,add,100000,0.141,83
stdmap_r2,add,100000,0.142,83
stdmap_r2,add,100000,0.143,83
stdmap_r2,add,100000,0.144,83
stdmap_r2,add,100000,0.145,83
stdmap_r2,add,100000,0.146,83
stdmap_r2,add,100000,0.147,83
stdmap_r2,add,100000,0.148,83
stdmap_r2,add,100000,0.149,83
stdmap_r2,add,100000,0.15,83
stdmap_r2,add,100000,0.151,83
stdmap_r2,add,100000,0.152,83
stdmap_r2,add,100000,0.153,83
stdmap_r2,add,100000,0.154,83
stdmap_r2,add,100000,0.155,83
stdmap_r2,add,100000,0.156,83
stdmap_r2,add,100000,0.157,83
stdmap_r2,add,100000,0.158,83
stdmap_r2,add,100000,0.159,83
stdmap_r2,add,100000,0.16,83
stdmap_r2,add,100000,0.161,83
stdmap_r2,add,100000,0.162,83
stdmap_r2,add,100000,0.163,83
stdmap_r2,add,100000,0.164,83
stdmap_r2,add,100000,0.165,83
stdmap_r2,add,100000,0.166,83
stdmap_r2,add,100000,0.167,83
stdmap_r2,add,100000,0.168,83
stdmap_r2,add,100000,0.169,83
stdmap_r2,add,100000,0.17,83
stdmap_r2,add,100000,0.171,83
stdmap_r2,add,100000,0.172,83
stdmap_r2,add,100000,0.173,83
stdmap_r2,add,100000,0.174,83
stdmap_r2,add,100000,0.175,83
stdmap_r2,add,100000,0.176,83
stdmap_r2,add,100000,0.177,83
stdmap_r2,add,100000,0.178,83
stdmap_r2,add,100000,0.179,83
stdmap_r2,add,100000,0.18,83
stdmap_r2,add,100000,0.181,83
stdmap_r2,add,100000,0.182,83
stdmap_r2,add,100000,0.183,83
stdmap_r2,add,100000,0.184,83
stdmap_r2,add,100000,0.185,83
stdmap_r2,add,100000,0.186,83
stdmap_r2,add,100000,0.187,83
stdmap_r2,add,100000,0.188,83
stdmap_r2,add,100000,0.189,83
stdmap_r2,add,100000,0.19,83
stdmap_r2,add,100000,0.191,83
stdmap_r2,add,100000,0.192,83
stdmap_r2,add,100000,0.193,83
stdmap_r2,add,100000,0.194,83
stdmap_r2,add,100000,0.195,83
stdmap_r2,add,100000,0.196,83
stdmap_r2,add,100000,0.197,83
stdmap_r2,add,100000,0.198,83
stdmap_r2,add,100000,0.199,83
stdmap_r2,add,100000,0.2,83
stdmap_r2,add,100000,0.201,83
stdmap_r2,add,100000,0.202,83
stdmap_r2,add,100000,0.203,83
stdmap_r2,add,100000,0.204,83
stdmap_r2,add,100000,0.205,83
stdmap_r2,add,100000,0.206,83
stdmap_r2,add,100000,0.207,83
stdmap_r2,add,100000,0.208,83
stdmap_r2,add,100000,0.209,83
stdmap_r2,add,100000,0.21,83
stdmap_r2,add,100000,0.211,83
stdmap_r2,add,100000,0.212,83
stdmap_r2,add,100000,0.213,83
stdmap_r2,add,100000,0.214,83
stdmap_r2,add,100000,0.215,83
stdmap_r2,add,100000,0.216,83
stdmap_r2,add,100000,0.217,83
stdmap_r2,add,100000,0.218,83
stdmap_r2,add,100000,0.219,83
stdmap_r2,add,100000,0.22,83
stdmap_r2,add,100000,0.221,83
stdmap_r2,add,100000,0.222,83
stdmap_r2,add,100000,0.223,83
stdmap_r2,add,100000,0.224,83
stdmap_r2,add,100000,0.225,83
stdmap_r2,add,100000,0.226,83
stdmap_r2,add,100000,0.227,83
stdmap_r2,add,100000,0.228,83
stdmap_r2,add,100000,0.229,83
stdmap_r2,add,100000,0.23,83
stdmap_r2,add,100000,0.231,83
stdmap_r2,add,100000,0.232,83
stdmap_r2,add,100000,0.233,83
stdmap_r2,add,100000,0.234,83
stdmap_r2,add,100000,0.235,83
stdmap_r2,add,100000,0.236,83
stdmap_r2,add,100000,0.237,83
stdmap_r2,add,100000,0.238,83
stdmap_r2,add,100000,0.239,83
stdmap_r2,add,100000,0.24,83
stdmap_r2,add,100000,0.241,83
stdmap_r2,add,100000,0.242,83
stdmap_r2,add,100000,0.243,83
stdmap_r2,add,100000,0.244,83
stdmap_r2,add,100000,0.245,83
stdmap_r2,add,100000,0.246,83
stdmap_r2,add,100000,0.247,83
stdmap_r2,add,100000,0.248,83
stdmap_r2,add,100000,0.249,83
stdmap_r2,add,100000,0.25,83
stdmap_r2,add,100000,0.251,83
stdmap_r2,add,100000,0.252,83
stdmap_r2,add,100000,0.253,83
stdmap_r2,add,100000,0.254,83
stdmap_r2,add,100000,0.255,83
stdmap_r2,add,100000,0.256,83
stdmap_r2,add,100000,0.257,83
stdmap_r2,add,100000,0.258,83
stdmap_r2,add,100000,0.259,83
stdmap_r2,add,100000,0.26,83
stdmap_r2,add,100000,0.261,83
stdmap_r2,add,100000,0.262,83
stdmap_r2,add,100000,0.263,83
stdmap_r2,add,100000,0.264,83
stdmap_r2,add,100000,0.265,83
stdmap_r2,add,100000,0.266,83
stdmap_r2,add,100000,0.267,83
stdmap_r2,add,100000,0.268,83
stdmap_r2,add,100000,0.269,83
stdmap_r2,add,100000,0.27,83
stdmap_r2,add,100000,0.271,83
stdmap_r2,add,100000,0.272,83
stdmap_r2,add,100000,0.273,83
stdmap_r2,add,100000,0.274,83
stdmap_r2,add,100000,0.275,83
stdmap_r2,add,100000,0.276,83
stdmap_r2,add,100000,0.277,83
stdmap_r2,add,100000,0.278,83
stdmap_r2,add,100000,0.279,83
stdmap_r2,add,100000,0.28,83
stdmap_r2,add,100000,0.281,83
stdmap_r2,add,100000,0.282,83
stdmap_r2,add,100000,0.283,83
stdmap_r2,add,100000,0.284,83
stdmap_r2,add,100000,0.285,83
stdmap_r2,add,100000,0.286,83
stdmap_r2,add,100000,0.287,83
stdmap_r2,add,100000,0.288,83
stdmap_r2,add,100000,0.289,83
stdmap_r2,add,100000,0.29,83
stdmap_r2,add,100000,0.291,83
stdmap_r2,add,100000,0.292,83
stdmap_r2,add,100000,0.293,83
stdmap_r2,add,100000,0.294,83
stdmap_r2,add,100000,0.295,83
stdmap_r2,add,100000,0.296,83
stdmap_r2,add,100000,0.297,83
stdmap_r2,add,100000,0.298,83
stdmap_r2,add,100000,0.299,83
stdmap_r2,add,100000,0.3,83
stdmap_r2,add,100000,0.301,83
stdmap_r2,add,100000,0.302,83
stdmap_r2,add,100000,0.303,83
stdmap_r2,add,100000,0.304,83
stdmap_r2,add,100000,0.305,83
stdmap_r2,add,100000,0.306,83
stdmap_r2,add,100000,0.307,83
stdmap_r2,add,100000,0.308,83
stdmap_r2,add,100000,0.309,83
stdmap_r2,add,100000,0.31,83
stdmap_r2,add,100000,0.311,83
stdmap_r2,add,100000,0.312,83
stdmap_r2,add,100000,0.313,83
stdmap_r2,add,100000,0.314,83
stdmap_r2,add,100000,0.315,83
stdmap_r2,add,100000,0.316,83
stdmap_r2,add,100000,0.317,83
stdmap_r2,add,100000,0.318,83
stdmap_r2,add,100000,0.319,83
stdmap_r2,add,100000,0.32,83
stdmap_r2,add,100000,0.321,83
stdmap_r2,add,100000,0.322,83
stdmap_r2,add,100000,0.323,83
stdmap_r2,add,100000,0.324,83
stdmap_r2,add,100000,0.325,83
stdmap_r2,add,100000,0.326,83
stdmap_r2,add,100000,0.327,83
stdmap_r2,add,100000,0.328,83
stdmap_r2,add,100000,0.329,83
stdmap_r2,add,100000,0.33,83
stdmap_r2,add,100000,0.331,83
stdmap_r2,add,100000,0.332,83
stdmap_r2,add,100000,0.333,83
stdmap_r2,add,100000,0.334,83
stdmap_r2,add,100000,0.335,83
stdmap_r2,add,100000,0.336,83
stdmap_r2,add,100000,0.337,83
stdmap_r2,add,100000,0.338,83
stdmap_r2,add,100000,0.339,83
stdmap_r2,add,100000,0.34,83
stdmap_r2,add,100000,0.341,83
stdmap_r2,add,100000,0.342,83
stdmap_r2,add,100000,0.343,83
stdmap_r2,add,100000,0.344,83
stdmap_r2,add,100000,0.345,83
stdmap_r2,add,100000,0.346,83
stdmap_r2,add,100000,0.347,83
stdmap_r2,add,100000,0.348,83
stdmap_r2,add,100000,0.349,83
stdmap_r2,add,100000,0.35,83
stdmap_r2,add,100000,0.351,83
stdmap_r2,add,100000,0.352,83
stdmap_r2,add,100000,0.353,83
stdmap_r2,add,100000,0.354,83
stdmap_r2,add,100000,0.355,83
stdmap_r2,add,100000,0.356,83
stdmap_r2,add,100000,0.357,83
stdmap_r2,add,100000,0.358,83
stdmap_r2,add,100000,0.359,83
stdmap_r2,add,100000,0.36,83
stdmap_r2,add,100000,0.361,83
stdmap_r2,add,100000,0.362,83
stdmap_r2,add,100000,0.363,83
stdmap_r2,add,100000,0.364,83
stdmap_r2,add,100000,0.365,83
stdmap_r2,add,100000,0.366,83
stdmap_r2,add,100000,0.367,83
stdmap_r2,add,100000,0.368,83
stdmap_r2,add,100000,0.369,83
stdmap_r2,add,100000,0.37,83
stdmap_r2,add,100000,0.371,83
stdmap_r2,add,100000,0.372,83
stdmap_r2,add,100000,0.373,83
stdmap_r2,add,100000,0.374,83
stdmap_r2,add,100000,0.375,83
stdmap_r2,add,100000,0.376,83
stdmap_r2,add,100000,0.377,83
stdmap_r2,add,100000,0.378,83
stdmap_r2,add,100000,0.379,83
stdmap_r2,add,100000,0.38,83
stdmap_r2,add,100000,0.381,83
stdmap_r2,add,100000,0.382,83
stdmap_r2,add,100000,0.383,83
stdmap_r2,add,100000,0.384,83
stdmap_r2,add,100000,0.385,83
stdmap_r2,add,100000,0.386,83
stdmap_r2,add,100000,0.387,83
stdmap_r2,add,100000,0.388,83
stdmap_r2,add,100000,0.389,83
stdmap_r2,add,100000,0.39,83
stdmap_r2,add,100000,0.391,83
stdmap_r2,add,100000,0.392,83
stdmap_r2,add,100000,0.393,83
stdmap_r2,add,100000,0.394,83
stdmap_r2,add,100000,0.395,83
stdmap_r2,add,100000,0.396,83
stdmap_r2,add,100000,0.397,83
stdmap_r2,add,100000,0.398,83
stdmap_r2,add,100000,0.399,83
stdmap_r2,add,100000,0.4,83
stdmap_r2,add,100000,0.401,83
stdmap_r2,add,100000,0.402,83
stdmap_r2,add,100000,0.403,83
stdmap_r2,add,100000,0.404,83
stdmap_r2,add,100000,0.405,83
stdmap_r2,add,100000,0.406,83
stdmap_r2,add,100000,0.407,83
stdmap_r2,add,100000,0.408,84
stdmap_r2,add,100000,0.409,84
stdmap_r2,add,100000,0.41,84
stdmap_r2,add,100000,0.411,84
stdmap_r2,add,100000,0.412,84
stdmap_r2,add,100000,0.413,84
stdmap_r2,add,100000,0.414,84
stdmap_r2,add,100000,0.415,84
stdmap_r2,add,100000,0.416,84
stdmap_r2,add,100000,0.417,84
stdmap_r2,add,100000,0.418,84
stdmap_r2,add,100000,0.419,84
stdmap_r2,add,100000,0.42,84
stdmap_r2,add,100000,0.421,84
stdmap_r2,add,100000,0.422,84
stdmap_r2,add,100000,0.423,84
stdmap_r2,add,100000,0.424,84
stdmap_r2,add,100000,0.425,84
stdmap_r2,add,100000,0.426,84
stdmap_r2,add,100000,0.427,84
stdmap_r2,add,100000,0.428,84
stdmap_r2,add,100000,0.429,84
stdmap_r2,add,100000,0.43,84
stdmap_r2,add,100000,0.431,84
stdmap_r2,add,100000,0.432,84
stdmap_r2,add,100000,0.433,84
stdmap_r2,add,100000,0.434,84
stdmap_r2,add,100000,0.435,84
stdmap_r2,add,100000,0.436,84
stdmap_r2,add,100000,0.437,84
stdmap_r2,add,100000,0.438,84
stdmap_r2,add,100000,0.439,84
stdmap_r2,add,100000,0.44,84
stdmap_r2,add,100000,0.441,84
stdmap_r2,add,100000,0.442,84
stdmap_r2,add,100000,0.443,84
stdmap_r2,add,100000,0.444,84
stdmap_r2,add,100000,0.445,84
stdmap_r2,add,100000,0.446,84
stdmap_r2,add,100000,0.447,84
stdmap_r2,add,100000,0.448,84
stdmap_r2,add,100000,0.449,84
stdmap_r2,add,100000,0.45,84
stdmap_r2,add,100000,0.451,84
stdmap_r2,add,100000,0.452,84
stdmap_r2,add,100000,0.453,84
stdmap_r2,add,100000,0.454,84
stdmap_r2,add,100000,0.455,84
stdmap_r2,add,100000,0.456,84
stdmap_r2,add,100000,0.457,84
stdmap_r2,add,100000,0.458,84
stdmap_r2,add,100000,0.459,84
stdmap_r2,add,100000,0.46,84
stdmap_r2,add,100000,0.461,84
stdmap_r2,add,100000,0.462,84
stdmap_r2,add,100000,0.463,84
stdmap_r2,add,100000,0.464,84
stdmap_r2,add,100000,0.465,84
stdmap_r2,add,100000,0.466,84
stdmap_r2,add,100000,0.467,84
stdmap_r2,add,100000,0.468,84
stdmap_r2,add,100000,0.469,84
stdmap_r2,add,100000,0.47,84
stdmap_r2,add,100000,0.471,84
stdmap_r2,add,100000,0.472,84
stdmap_r2,add,100000,0.473,84
stdmap_r2,add,100000,0.474,84
stdmap_r2,add,100000,0.475,84
stdmap_r2,add,100000,0.476,84
stdmap_r2,add,100000,0.477,84
stdmap_r2,add,100000,0.478,84
stdmap_r2,add,100000,0.479,84
stdmap_r2,add,100000,0.48,84
stdmap_r2,add,100000,0.481,84
stdmap_r2,add,100000,0.482,84
stdmap_r2,add,100000,0.483,84
stdmap_r2,add,100000,0.484,84
stdmap_r2,add,100000,0.485,84
stdmap_r2,add,100000,0.486,84
stdmap_r2,add,100000,0.487,84
stdmap_r2,add,100000,0.488,84
stdmap_r2,add,100000,0.489,84
stdmap_r2,add,100000,0.49,84
stdmap_r2,add,100000,0.491,84
stdmap_r2,add,100000,0.492,84
stdmap_r2,add,100000,0.493,84
stdmap_r2,add,100000,0.494,84
stdmap_r2,add,100000,0.495,84
stdmap_r2,add,100000,0.496,84
stdmap_r2,add,100000,0.497,84
stdmap_r2,add,100000,0.498,84
stdmap_r2,add,100000,0.499,84
stdmap_r2,add,100000,0.5,84
stdmap_r2,add,100000,0.501,84
stdmap_r2,add,100000,0.502,84
stdmap_r2,add,100000,0.503,84
stdmap_r2,add,100000,0.504,84
stdmap_r2,add,100000,0.505,84
stdmap_r2,add,100000,0.506,84
stdmap_r2,add,100000,0.507,84
stdmap_r2,add,100000,0.508,84
stdmap_r2,add,100000,0.509,84
stdmap_r2,add,100000,0.51,84
stdmap_r2,add,100000,0.511,84
stdmap_r2,add,100000,0.512,84
stdmap_r2,add,100000,0.513,84
stdmap_r2,add,100000,0.514,84
stdmap_r2,add,100000,0.515,84
stdmap_r2,add,100000,0.516,84
stdmap_r2,add,100000,0.517,84
stdmap_r2,add,100000,0.518,84
stdmap_r2,add,100000,0.519,84
stdmap_r2,add,100000,0.52,84
stdmap_r2,add,100000,0.521,84
stdmap_r2,add,100000,0.522,84
stdmap_r2,add,100000,0.523,84
stdmap_r2,add,100000,0.524,84
stdmap_r2,add,100000,0.525,84
stdmap_r2,add,100000,0.526,84
stdmap_r2,add,100000,0.527,84
stdmap_r2,add,100000,0.528,84
stdmap_r2,add,100000,0.529,84
stdmap_r2,add,100000,0.53,84
stdmap_r2,add,100000,0.531,84
stdmap_r2,add,100000,0.532,84
stdmap_r2,add,100000,0.533,84
stdmap_r2,add,100000,0.534,84
stdmap_r2,add,100000,0.535,84
stdmap_r2,add,100000,0.536,84
stdmap_r2,add,100000,0.537,84
stdmap_r2,add,100000,0.538,84
stdmap_r2,add,100000,0.539,84
stdmap_r2,add,100000,0.54,84
stdmap_r2,add,100000,0.541,84
stdmap_r2,add,100000,0.542,84
stdmap_r2,add,100000,0.543,84
stdmap_r2,add,100000,0.544,84
stdmap_r2,add,100000,0.545,84
stdmap_r2,add,100000,0.546,84
stdmap_r2,add,100000,0.547,84
stdmap_r2,add,100000,0.548,84
stdmap_r2,add,100000,0.549,84
stdmap_r2,add,100000,0.55,84
stdmap_r2,add,100000,0.551,84
stdmap_r2,add,100000,0.552,84
stdmap_r2,add,100000,0.553,84
stdmap_r2,add,100000,0.554,84
stdmap_r2,add,100000,0.555,84
stdmap_r2,add,100000,0.556,84
stdmap_r2,add,100000,0.557,84
stdmap_r2,add,100000,0.558,84
stdmap_r2,add,100000,0.559,84
stdmap_r2,add,100000,0.56,84
stdmap_r2,add,100000,0.561,84
stdmap_r2,add,100000,0.562,84
stdmap_r2,add,100000,0.563,84
stdmap_r2,add,100000,0.564,84
stdmap_r2,add,100000,0.565,84
stdmap_r2,add,100000,0.566,84
stdmap_r2,add,100000,0.567,84
stdmap_r2,add,100000,0.568,125
stdmap_r2,add,100000,0.569,125
stdmap_r2,add,100000,0.57,125
stdmap_r2,add,100000,0.571,125
stdmap_r2,add,100000,0.572,125
stdmap_r2,add,100000,0.573,125
stdmap_r2,add,100000,0.574,125
stdmap_r2,add,100000,0.575,125
stdmap_r2,add,100000,0.576,125
stdmap_r2,add,100000,0.577,125
stdmap_r2,add,100000,0.578,125
stdmap_r2,add,100000,0.579,125
stdmap_r2,add,100000,0.58,125
stdmap_r2,add,100000,0.581,125
stdmap_r2,add,100000,0.582,125
stdmap_r2,add,100000,0.583,125
stdmap_r2,add,100000,0.584,125
stdmap_r2,add,100000,0.585,125
stdmap_r2,add,100000,0.586,125
stdmap_r2,add,100000,0.587,125
stdmap_r2,add,100000,0.588,125
stdmap_r2,add,100000,0.589,125
stdmap_r2,add,100000,0.59,125
stdmap_r2,add,100000,0.591,125
stdmap_r2,add,100000,0.592,125
stdmap_r2,add,100000,0.593,125
stdmap_r2,add,100000,0.594,125
stdmap_r2,add,100000,0.595,125
stdmap_r2,add,100000,0.596,125
stdmap_r2,add,100000,0.597,125
stdmap_r2,add,100000,0.598,125
stdmap_r2,add,100000,0.599,125
stdmap_r2,add,100000,0.6,125
stdmap_r2,add,100000,0.601,125
stdmap_r2,add,100000,0.602,125
stdmap_r2,add,100000,0.603,125
stdmap_r2,add,100000,0.604,125
stdmap_r2,add,100000,0.605,125
stdmap_r2,add,100000,0.606,125
stdmap_r2,add,100000,0.607,125
stdmap_r2,add,100000,0.608,125
stdmap_r2,add,100000,0.609,125
stdmap_r2,add,100000,0.61,125
stdmap_r2,add,100000,0.611,125
stdmap_r2,add,100000,0.612,125
stdmap_r2,add,100000,0.613,125
stdmap_r2,add,100000,0.614,125
stdmap_r2,add,100000,0.615,125
stdmap_r2,add,100000,0.616,125
stdmap_r2,add,100000,0.617,125
stdmap_r2,add,100000,0.618,125
stdmap_r2,add,100000,0.619,125
stdmap_r2,add,100000,0.62,125
stdmap_r2,add,100000,0.621,125
stdmap_r2,add,100000,0.622,125
stdmap_r2,add,100000,0.623,125
stdmap_r2,add,100000,0.624,125
stdmap_r2,add,100000,0.625,125
stdmap_r2,add,100000,0.626,125
stdmap_r2,add,100000,0.627,125
stdmap_r2,add,100000,0.628,125
stdmap_r2,add,100000,0.629,125
stdmap_r2,add,100000,0.63,125
stdmap_r2,add,100000,0.631,125
stdmap_r2,add,100000,0.632,125
stdmap_r2,add,100000,0.633,125
stdmap_r2,add,100000,0.634,125
stdmap_r2,add,100000,0.635,125
stdmap_r2,add,100000,0.636,125
stdmap_r2,add,100000,0.637,125
stdmap_r2,add,100000,0.638,125
stdmap_r2,add,100000,0.639,125
stdmap_r2,add,100000,0.64,125
stdmap_r2,add,100000,0.641,125
stdmap_r2,add,100000,0.642,125
stdmap_r2,add,100000,0.643,125
stdmap_r2,add,100000,0.644,125
stdmap_r2,add,100000,0.645,125
stdmap_r2,add,100000,0.646,125
stdmap_r2,add,100000,0.647,125
stdmap_r2,add,100000,0.648,125
stdmap_r2,add,100000,0.649,125
stdmap_r2,add,100000,0.65,125
stdmap_r2,add,100000,0.651,125
stdmap_r2,add,100000,0.652,125
stdmap_r2,add,100000,0.653,125
stdmap_r2,add,100000,0.654,125
stdmap_r2,add,100000,0.655,125
stdmap_r2,add,100000,0.656,125
stdmap_r2,add,100000,0.657,125
stdmap_r2,add,100000,0.658,125
stdmap_r2,add,100000,0.659,125
stdmap_r2,add,100000,0.66,125
stdmap_r2,add,100000,0.661,125
stdmap_r2,add,100000,0.662,125
stdmap_r2,add,100000,0.663,125
stdmap_r2,add,100000,0.664,125
stdmap_r2,add,100000,0.665,125
stdmap_r2,add,100000,0.666,125
stdmap_r2,add,100000,0.667,125
stdmap_r2,add,100000,0.668,125
stdmap_r2,add,100000,0.669,125
stdmap_r2,add,100000,0.67,125
stdmap_r2,add,100000,0.671,125
stdmap_r2,add,100000,0.672,125
stdmap_r2,add,100000,0.673,125
stdmap_r2,add,100000,0.674,125
stdmap_r2,add,100000,0.675,125
stdmap_r2,add,100000,0.676,125
stdmap_r2,add,100000,0.677,125
stdmap_r2,add,100000,0.678,125
stdmap_r2,add,100000,0.679,125
stdmap_r2,add,100000,0.68,125
stdmap_r2,add,100000,0.681,125
stdmap_r2,add,100000,0.682,125
stdmap_r2,add,100000,0.683,125
stdmap_r2,add,100000,0.684,125
stdmap_r2,add,100000,0.685,125
stdmap_r2,add,100000,0.686,125
stdmap_r2,add,100000,0.687,125
stdmap_r2,add,100000,0.688,125
stdmap_r2,add,100000,0.689,125
stdmap_r2,add,100000,0.69,125
stdmap_r2,add,100000,0.691,125
stdmap_r2,add,100000,0.692,125
stdmap_r2,add,100000,0.693,125
stdmap_r2,add,100000,0.694,125
stdmap_r2,add,100000,0.695,125
stdmap_r2,add,100000,0.696,125
stdmap_r2,add,100000,0.697,125
stdmap_r2,add,100000,0.698,125
stdmap_r2,add,100000,0.699,125
stdmap_r2,add,100000,0.7,125
stdmap_r2,add,100000,0.701,125
stdmap_r2,add,100000,0.702,125
stdmap_r2,add,100000,0.703,125
stdmap_r2,add,100000,0.704,125
stdmap_r2,add,100000,0.705,125
stdmap_r2,add,100000,0.706,125
stdmap_r2,add,100000,0.707,125
stdmap_r2,add,100000,0.708,125
stdmap_r2,add,100000,0.709,125
stdmap_r2,add,100000,0.71,125
stdmap_r2,add,100000,0.711,125
stdmap_r2,add,100000,0.712,125
stdmap_r2,add,100000,0.713,125
stdmap_r2,add,100000,0.714,125
stdmap_r2,add,100000,0.715,125
stdmap_r2,add,100000,0.716,125
stdmap_r2,add,100000,0.717,125
stdmap_r2,add,100000,0.718,125
stdmap_r2,add,100000,0.719,125
stdmap_r2,add,100000,0.72,125
stdmap_r2,add,100000,0.721,125
stdmap_r2,add,100000,0.722,125
stdmap_r2,add,100000,0.723,125
stdmap_r2,add,100000,0.724,125
stdmap_r2,add,100000,0.725,125
stdmap_r2,add,100000,0.726,125
stdmap_r2,add,100000,0.727,125
stdmap_r2,add,100000,0.728,125
stdmap_r2,add,100000,0.729,125
stdmap_r2,add,100000,0.73,125
stdmap_r2,add,100000,0.731,125
stdmap_r2,add,100000,0.732,125
stdmap_r2,add,100000,0.733,125
stdmap_r2,add,100000,0.734,125
stdmap_r2,add,100000,0.735,125
stdmap_r2,add,100000,0.736,125
stdmap_r2,add,100000,0.737,125
stdmap_r2,add,100000,0.738,125
stdmap_r2,add,100000,0.739,125
stdmap_r2,add,100000,0.74,166
stdmap_r2,add,100000,0.741,166
stdmap_r2,add,100000,0.742,166
stdmap_r2,add,100000,0.743,166
stdmap_r2,add,100000,0.744,166
stdmap_r2,add,100000,0.745,166
stdmap_r2,add,100000,0.746,166
stdmap_r2,add,100000,0.747,166
stdmap_r2,add,100000,0.748,166
stdmap_r2,add,100000,0.749,166
stdmap_r2,add,100000,0.75,166
stdmap_r2,add,100000,0.751,166
stdmap_r2,add,100000,0.752,166
stdmap_r2,add,100000,0.753,166
stdmap_r2,add,100000,0.754,166
stdmap_r2,add,100000,0.755,166
stdmap_r2,add,100000,0.756,166
stdmap_r2,add,100000,0.757,166
stdmap_r2,add,100000,0.758,166
stdmap_r2,add,100000,0.759,167
stdmap_r2,add,100000,0.76,167
stdmap_r2,add,100000,0.761,167
stdmap_r2,add,100000,0.762,167
stdmap_r2,add,100000,0.763,167
stdmap_r2,add,100000,0.764,167
stdmap_r2,add,100000,0.765,167
stdmap_r2,add,100000,0.766,167
stdmap_r2,add,100000,0.767,167
stdmap_r2,add,100000,0.768,167
stdmap_r2,add,100000,0.769,167
stdmap_r2,add,100000,0.77,167
stdmap_r2,add,100000,0.771,167
stdmap_r2,add,100000,0.772,167
stdmap_r2,add,100000,0.773,167
stdmap_r2,add,100000,0.774,167
stdmap_r2,add,100000,0.775,167
stdmap_r2,add,100000,0.776,167
stdmap_r2,add,100000,0.777,167
stdmap_r2,add,100000,0.778,167
stdmap_r2,add,100000,0.779,167
stdmap_r2,add,100000,0.78,167
stdmap_r2,add,100000,0.781,167
stdmap_r2,add,100000,0.782,167
stdmap_r2,add,100000,0.783,167
stdmap_r2,add,100000,0.784,167
stdmap_r2,add,100000,0.785,167
stdmap_r2,add,100000,0.786,167
stdmap_r2,add,100000,0.787,167
stdmap_r2,add,100000,0.788,167
stdmap_r2,add,100000,0.789,167
stdmap_r2,add,100000,0.79,167
stdmap_r2,add,100000,0.791,167
stdmap_r2,add,100000,0.792,167
stdmap_r2,add,100000,0.793,167
stdmap_r2,add,100000,0.794,167
stdmap_r2,add,100000,0.795,167
stdmap_r2,add,100000,0.796,167
stdmap_r2,add,100000,0.797,167
stdmap_r2,add,100000,0.798,167
stdmap_r2,add,100000,0.799,208
stdmap_r2,add,100000,0.8,208
stdmap_r2,add,100000,0.801,208
stdmap_r2,add,100000,0.802,208
stdmap_r2,add,100000,0.803,208
stdmap_r2,add,100000,0.804,208
stdmap_r2,add,100000,0.805,208
stdmap_r2,add,100000,0.806,208
stdmap_r2,add,100000,0.807,208
stdmap_r2,add,100000,0.808,208
stdmap_r2,add,100000,0.809,208
stdmap_r2,add,100000,0.81,208
stdmap_r2,add,100000,0.811,208
stdmap_r2,add,100000,0.812,208
stdmap_r2,add,100000,0.813,208
stdmap_r2,add,100000,0.814,208
stdmap_r2,add,100000,0.815,208
stdmap_r2,add,100000,0.816,208
stdmap_r2,add,100000,0.817,208
stdmap_r2,add,100000,0.818,208
stdmap_r2,add,100000,0.819,208
stdmap_r2,add,100000,0.82,208
stdmap_r2,add,100000,0.821,208
stdmap_r2,add,100000,0.822,208
stdmap_r2,add,100000,0.823,208
stdmap_r2,add,100000,0.824,208
stdmap_r2,add,100000,0.825,208
stdmap_r2,add,100000,0.826,208
stdmap_r2,add,100000,0.827,208
stdmap_r2,add,100000,0.828,208
stdmap_r2,add,100000,0.829,208
stdmap_r2,add,100000,0.83,208
stdmap_r2,add,100000,0.831,208
stdmap_r2,add,100000,0.832,208
stdmap_r2,add,100000,0.833,208
stdmap_r2,add,100000,0.834,208
stdmap_r2,add,100000,0.835,208
stdmap_r2,add,100000,0.836,208
stdmap_r2,add,100000,0.837,208
stdmap_r2,add,100000,0.838,208
stdmap_r2,add,100000,0.839,208
stdmap_r2,add,100000,0.84,208
stdmap_r2,add,100000,0.841,208
stdmap_r2,add,100000,0.842,208
stdmap_r2,add,100000,0.843,208
stdmap_r2,add,100000,0.844,208
stdmap_r2,add,100000,0.845,208
stdmap_r2,add,100000,0.846,208
stdmap_r2,add,100000,0.847,208
stdmap_r2,add,100000,0.848,208
stdmap_r2,add,100000,0.849,208
stdmap_r2,add,100000,0.85,208
stdmap_r2,add,100000,0.851,208
stdmap_r2,add,100000,0.852,208
stdmap_r2,add,100000,0.853,208
stdmap_r2,add,100000,0.854,208
stdmap_r2,add,100000,0.855,208
stdmap_r2,add,100000,0.856,208
stdmap_r2,add,100000,0.857,208
stdmap_r2,add,100000,0.858,208
stdmap_r2,add,100000,0.859,208
stdmap_r2,add,100000,0.86,208
stdmap_r2,add,100000,0.861,209
stdmap_r2,add,100000,0.862,209
stdmap_r2,add,100000,0.863,209
stdmap_r2,add,100000,0.864,209
stdmap_r2,add,100000,0.865,209
stdmap_r2,add,100000,0.866,209
stdmap_r2,add,100000,0.867,209
stdmap_r2,add,100000,0.868,209
stdmap_r2,add,100000,0.869,209
stdmap_r2,add,100000,0.87,209
stdmap_r2,add,100000,0.871,209
stdmap_r2,add,100000,0.872,209
stdmap_r2,add,100000,0.873,209
stdmap_r2,add,100000,0.874,209
stdmap_r2,add,100000,0.875,209
stdmap_r2,add,100000,0.876,209
stdmap_r2,add,100000,0.877,209
stdmap_r2,add,100000,0.878,209
stdmap_r2,add,100000,0.879,209
stdmap_r2,add,100000,0.88,209
stdmap_r2,add,100000,0.881,209
stdmap_r2,add,100000,0.882,209
stdmap_r2,add,100000,0.883,209
stdmap_r2,add,100000,0.884,209
stdmap_r2,add,100000,0.885,209
stdmap_r2,add,100000,0.886,209
stdmap_r2,add,100000,0.887,209
stdmap_r2,add,100000,0.888,209
stdmap_r2,add,100000,0.889,209
stdmap_r2,add,100000,0.89,209
stdmap_r2,add,100000,0.891,209
stdmap_r2,add,100000,0.892,250
stdmap_r2,add,100000,0.893,250
stdmap_r2,add,100000,0.894,250
stdmap_r2,add,100000,0.895,250
stdmap_r2,add,100000,0.896,250
stdmap_r2,add,100000,0.897,250
stdmap_r2,add,100000,0.898,250
stdmap_r2,add,100000,0.899,250
stdmap_r2,add,100000,0.9,250
stdmap_r2,add,100000,0.901,250
stdmap_r2,add,100000,0.902,250
stdmap_r2,add,100000,0.903,250
stdmap_r2,add,100000,0.904,250
stdmap_r2,add,100000,0.905,250
stdmap_r2,add,100000,0.906,250
stdmap_r2,add,100000,0.907,250
stdmap_r2,add,100000,0.908,250
stdmap_r2,add,100000,0.909,250
stdmap_r2,add,100000,0.91,250
stdmap_r2,add,100000,0.911,250
stdmap_r2,add,100000,0.912,250
stdmap_r2,add,100000,0.913,250
stdmap_r2,add,100000,0.914,250
stdmap_r2,add,100000,0.915,250
stdmap_r2,add,100000,0.916,250
stdmap_r2,add,100000,0.917,250
stdmap_r2,add,100000,0.918,250
stdmap_r2,add,100000,0.919,250
stdmap_r2,add,100000,0.92,250
stdmap_r2,add,100000,0.921,250
stdmap_r2,add,100000,0.922,250
stdmap_r2,add,100000,0.923,250
stdmap_r2,add,100000,0.924,291
stdmap_r2,add,100000,0.925,291
stdmap_r2,add,100000,0.926,291
stdmap_r2,add,100000,0.927,291
stdmap_r2,add,100000,0.928,291
stdmap_r2,add,100000,0.929,291
stdmap_r2,add,100000,0.93,291
stdmap_r2,add,100000,0.931,291
stdmap_r2,add,100000,0.932,291
stdmap_r2,add,100000,0.933,292
stdmap_r2,add,100000,0.934,292
stdmap_r2,add,100000,0.935,292
stdmap_r2,add,100000,0.936,292
stdmap_r2,add,100000,0.937,292
stdmap_r2,add,100000,0.938,292
stdmap_r2,add,100000,0.939,292
stdmap_r2,add,100000,0.94,292
stdmap_r2,add,100000,0.941,292
stdmap_r2,add,100000,0.942,292
stdmap_r2,add,100000,0.943,292
stdmap_r2,add,100000,0.944,292
stdmap_r2,add,100000,0.945,292
stdmap_r2,add,100000,0.946,292
stdmap_r2,add,100000,0.947,292
stdmap_r2,add,100000,0.948,292
stdmap_r2,add,100000,0.949,292
stdmap_r2,add,100000,0.95,333
stdmap_r2,add,100000,0.951,333
stdmap_r2,add,100000,0.952,333
stdmap_r2,add,100000,0.953,333
stdmap_r2,add,100000,0.954,333
stdmap_r2,add,100000,0.955,333
stdmap_r2,add,100000,0.956,333
stdmap_r2,add,100000,0.957,333
stdmap_r2,add,100000,0.958,333
stdmap_r2,add,100000,0.959,333
stdmap_r2,add,100000,0.96,333
stdmap_r2,add,100000,0.961,334
stdmap_r2,add,100000,0.962,334
stdmap_r2,add,100000,0.963,334
stdmap_r2,add,100000,0.964,334
stdmap_r2,add,100000,0.965,334
stdmap_r2,add,100000,0.966,375
stdmap_r2,add,100000,0.967,375
stdmap_r2,add,100000,0.968,375
stdmap_r2,add,100000,0.969,375
stdmap_r2,add,100000,0.97,375
stdmap_r2,add,100000,0.971,375
stdmap_r2,add,100000,0.972,375
stdmap_r2,add,100000,0.973,375
stdmap_r2,add,100000,0.974,375
stdmap_r2,add,100000,0.975,375
stdmap_r2,add,100000,0.976,416
stdmap_r2,add,100000,0.977,416
stdmap_r2,add,100000,0.978,417
stdmap_r2,add,100000,0.979,417
stdmap_r2,add,100000,0.98,417
stdmap_r2,add,100000,0.981,417
stdmap_r2,add,100000,0.982,417
stdmap_r2,add,100000,0.983,458
stdmap_r2,add,100000,0.984,458
stdmap_r2,add,100000,0.985,458
stdmap_r2,add,100000,0.986,459
stdmap_r2,add,100000,0.987,500
stdmap_r2,add,100000,0.988,500
stdmap_r2,add,100000,0.989,500
stdmap_r2,add,100000,0.99,541
stdmap_r2,add,100000,0.991,542
stdmap_r2,add,100000,0.992,542
stdmap_r2,add,100000,0.993,583
stdmap_r2,add,100000,0.994,625
stdmap_r2,add,100000,0.995,666
stdmap_r2,add,100000,0.996,708
stdmap_r2,add,100000,0.997,833
stdmap_r2,add,100000,0.998,1041
stdmap_r2,add,100000,0.999,2250
stdmap_r2,cancel,100000,0,0
stdmap_r2,cancel,100000,0.001,83
stdmap_r2,cancel,100000,0.002,84
stdmap_r2,cancel,100000,0.003,125
stdmap_r2,cancel,100000,0.004,125
stdmap_r2,cancel,100000,0.005,125
stdmap_r2,cancel,100000,0.006,125
stdmap_r2,cancel,100000,0.007,125
stdmap_r2,cancel,100000,0.008,125
stdmap_r2,cancel,100000,0.009,125
stdmap_r2,cancel,100000,0.01,125
stdmap_r2,cancel,100000,0.011,125
stdmap_r2,cancel,100000,0.012,166
stdmap_r2,cancel,100000,0.013,166
stdmap_r2,cancel,100000,0.014,166
stdmap_r2,cancel,100000,0.015,167
stdmap_r2,cancel,100000,0.016,167
stdmap_r2,cancel,100000,0.017,167
stdmap_r2,cancel,100000,0.018,167
stdmap_r2,cancel,100000,0.019,167
stdmap_r2,cancel,100000,0.02,167
stdmap_r2,cancel,100000,0.021,208
stdmap_r2,cancel,100000,0.022,208
stdmap_r2,cancel,100000,0.023,208
stdmap_r2,cancel,100000,0.024,208
stdmap_r2,cancel,100000,0.025,208
stdmap_r2,cancel,100000,0.026,208
stdmap_r2,cancel,100000,0.027,208
stdmap_r2,cancel,100000,0.028,208
stdmap_r2,cancel,100000,0.029,208
stdmap_r2,cancel,100000,0.03,209
stdmap_r2,cancel,100000,0.031,209
stdmap_r2,cancel,100000,0.032,209
stdmap_r2,cancel,100000,0.033,209
stdmap_r2,cancel,100000,0.034,250
stdmap_r2,cancel,100000,0.035,250
stdmap_r2,cancel,100000,0.036,250
stdmap_r2,cancel,100000,0.037,250
stdmap_r2,cancel,100000,0.038,250
stdmap_r2,cancel,100000,0.039,250
stdmap_r2,cancel,100000,0.04,250
stdmap_r2,cancel,100000,0.041,250
stdmap_r2,cancel,100000,0.042,250
stdmap_r2,cancel,100000,0.043,250
stdmap_r2,cancel,100000,0.044,250
stdmap_r2,cancel,100000,0.045,250
stdmap_r2,cancel,100000,0.046,250
stdmap_r2,cancel,100000,0.047,291
stdmap_r2,cancel,100000,0.048,291
stdmap_r2,cancel,100000,0.049,291
stdmap_r2,cancel,100000,0.05,291
stdmap_r2,cancel,100000,0.051,291
stdmap_r2,cancel,100000,0.052,291
stdmap_r2,cancel,100000,0.053,291
stdmap_r2,cancel,100000,0.054,292
stdmap_r2,cancel,100000,0.055,292
stdmap_r2,cancel,100000,0.056,292
stdmap_r2,cancel,100000,0.057,292
stdmap_r2,cancel,100000,0.058,292
stdmap_r2,cancel,100000,0.059,292
stdmap_r2,cancel,100000,0.06,292
stdmap_r2,cancel,100000,0.061,292
stdmap_r2,cancel,100000,0.062,292
stdmap_r2,cancel,100000,0.063,292
stdmap_r2,cancel,100000,0.064,292
stdmap_r2,cancel,100000,0.065,292
stdmap_r2,cancel,100000,0.066,292
stdmap_r2,cancel,100000,0.067,292
stdmap_r2,cancel,100000,0.068,292
stdmap_r2,cancel,100000,0.069,333
stdmap_r2,cancel,100000,0.07,333
stdmap_r2,cancel,100000,0.071,333
stdmap_r2,cancel,100000,0.072,333
stdmap_r2,cancel,100000,0.073,333
stdmap_r2,cancel,100000,0.074,333
stdmap_r2,cancel,100000,0.075,333
stdmap_r2,cancel,100000,0.076,333
stdmap_r2,cancel,100000,0.077,333
stdmap_r2,cancel,100000,0.078,333
stdmap_r2,cancel,100000,0.079,333
stdmap_r2,cancel,100000,0.08,333
stdmap_r2,cancel,100000,0.081,333
stdmap_r2,cancel,100000,0.082,333
stdmap_r2,cancel,100000,0.083,333
stdmap_r2,cancel,100000,0.084,333
stdmap_r2,cancel,100000,0.085,333
stdmap_r2,cancel,100000,0.086,334
stdmap_r2,cancel,100000,0.087,334
stdmap_r2,cancel,100000,0.088,334
stdmap_r2,cancel,100000,0.089,334
stdmap_r2,cancel,100000,0.09,334
stdmap_r2,cancel,100000,0.091,334
stdmap_r2,cancel,100000,0.092,334
stdmap_r2,cancel,100000,0.093,334
stdmap_r2,cancel,100000,0.094,334
stdmap_r2,cancel,100000,0.095,375
stdmap_r2,cancel,100000,0.096,375
stdmap_r2,cancel,100000,0.097,375
stdmap_r2,cancel,100000,0.098,375
stdmap_r2,cancel,100000,0.099,375
stdmap_r2,cancel,100000,0.1,375
stdmap_r2,cancel,100000,0.101,375
stdmap_r2,cancel,100000,0.102,375
stdmap_r2,cancel,100000,0.103,375
stdmap_r2,cancel,100000,0.104,375
stdmap_r2,cancel,100000,0.105,375
stdmap_r2,cancel,100000,0.106,375
stdmap_r2,cancel,100000,0.107,375
stdmap_r2,cancel,100000,0.108,375
stdmap_r2,cancel,100000,0.109,375
stdmap_r2,cancel,100000,0.11,375
stdmap_r2,cancel,100000,0.111,375
stdmap_r2,cancel,100000,0.112,375
stdmap_r2,cancel,100000,0.113,375
stdmap_r2,cancel,100000,0.114,375
stdmap_r2,cancel,100000,0.115,375
stdmap_r2,cancel,100000,0.116,375
stdmap_r2,cancel,100000,0.117,375
stdmap_r2,cancel,100000,0.118,375
stdmap_r2,cancel,100000,0.119,375
stdmap_r2,cancel,100000,0.12,375
stdmap_r2,cancel,100000,0.121,375
stdmap_r2,cancel,100000,0.122,375
stdmap_r2,cancel,100000,0.123,375
stdmap_r2,cancel,100000,0.124,375
stdmap_r2,cancel,100000,0.125,375
stdmap_r2,cancel,100000,0.126,375
stdmap_r2,cancel,100000,0.127,416
stdmap_r2,cancel,100000,0.128,416
stdmap_r2,cancel,100000,0.129,416
stdmap_r2,cancel,100000,0.13,416
stdmap_r2,cancel,100000,0.131,416
stdmap_r2,cancel,100000,0.132,416
stdmap_r2,cancel,100000,0.133,416
stdmap_r2,cancel,100000,0.134,416
stdmap_r2,cancel,100000,0.135,416
stdmap_r2,cancel,100000,0.136,416
stdmap_r2,cancel,100000,0.137,416
stdmap_r2,cancel,100000,0.138,416
stdmap_r2,cancel,100000,0.139,416
stdmap_r2,cancel,100000,0.14,416
stdmap_r2,cancel,100000,0.141,416
stdmap_r2,cancel,100000,0.142,417
stdmap_r2,cancel,100000,0.143,417
stdmap_r2,cancel,100000,0.144,417
stdmap_r2,cancel,100000,0.145,417
stdmap_r2,cancel,100000,0.146,417
stdmap_r2,cancel,100000,0.147,417
stdmap_r2,cancel,100000,0.148,417
stdmap_r2,cancel,100000,0.149,417
stdmap_r2,cancel,100000,0.15,417
stdmap_r2,cancel,100000,0.151,417
stdmap_r2,cancel,100000,0.152,417
stdmap_r2,cancel,100000,0.153,417
stdmap_r2,cancel,100000,0.154,417
stdmap_r2,cancel,100000,0.155,417
stdmap_r2,cancel,100000,0.156,417
stdmap_r2,cancel,100000,0.157,417
stdmap_r2,cancel,100000,0.158,417
stdmap_r2,cancel,100000,0.159,417
stdmap_r2,cancel,100000,0.16,417
stdmap_r2,cancel,100000,0.161,417
stdmap_r2,cancel,100000,0.162,417
stdmap_r2,cancel,100000,0.163,417
stdmap_r2,cancel,100000,0.164,417
stdmap_r2,cancel,100000,0.165,417
stdmap_r2,cancel,100000,0.166,417
stdmap_r2,cancel,100000,0.167,417
stdmap_r2,cancel,100000,0.168,417
stdmap_r2,cancel,100000,0.169,417
stdmap_r2,cancel,100000,0.17,417
stdmap_r2,cancel,100000,0.171,458
stdmap_r2,cancel,100000,0.172,458
stdmap_r2,cancel,100000,0.173,458
stdmap_r2,cancel,100000,0.174,458
stdmap_r2,cancel,100000,0.175,458
stdmap_r2,cancel,100000,0.176,458
stdmap_r2,cancel,100000,0.177,458
stdmap_r2,cancel,100000,0.178,458
stdmap_r2,cancel,100000,0.179,458
stdmap_r2,cancel,100000,0.18,458
stdmap_r2,cancel,100000,0.181,458
stdmap_r2,cancel,100000,0.182,458
stdmap_r2,cancel,100000,0.183,458
stdmap_r2,cancel,100000,0.184,458
stdmap_r2,cancel,100000,0.185,458
stdmap_r2,cancel,100000,0.186,458
stdmap_r2,cancel,100000,0.187,458
stdmap_r2,cancel,100000,0.188,458
stdmap_r2,cancel,100000,0.189,458
stdmap_r2,cancel,100000,0.19,458
stdmap_r2,cancel,100000,0.191,458
stdmap_r2,cancel,100000,0.192,458
stdmap_r2,cancel,100000,0.193,458
stdmap_r2,cancel,100000,0.194,458
stdmap_r2,cancel,100000,0.195,458
stdmap_r2,cancel,100000,0.196,458
stdmap_r2,cancel,100000,0.197,458
stdmap_r2,cancel,100000,0.198,458
stdmap_r2,cancel,100000,0.199,458
stdmap_r2,cancel,100000,0.2,458
stdmap_r2,cancel,100000,0.201,458
stdmap_r2,cancel,100000,0.202,458
stdmap_r2,cancel,100000,0.203,459
stdmap_r2,cancel,100000,0.204,459
stdmap_r2,cancel,100000,0.205,459
stdmap_r2,cancel,100000,0.206,459
stdmap_r2,cancel,100000,0.207,459
stdmap_r2,cancel,100000,0.208,459
stdmap_r2,cancel,100000,0.209,459
stdmap_r2,cancel,100000,0.21,459
stdmap_r2,cancel,100000,0.211,459
stdmap_r2,cancel,100000,0.212,459
stdmap_r2,cancel,100000,0.213,459
stdmap_r2,cancel,100000,0.214,459
stdmap_r2,cancel,100000,0.215,459
stdmap_r2,cancel,100000,0.216,459
stdmap_r2,cancel,100000,0.217,459
stdmap_r2,cancel,100000,0.218,500
stdmap_r2,cancel,100000,0.219,500
stdmap_r2,cancel,100000,0.22,500
stdmap_r2,cancel,100000,0.221,500
stdmap_r2,cancel,100000,0.222,500
stdmap_r2,cancel,100000,0.223,500
stdmap_r2,cancel,100000,0.224,500
stdmap_r2,cancel,100000,0.225,500
stdmap_r2,cancel,100000,0.226,500
stdmap_r2,cancel,100000,0.227,500
stdmap_r2,cancel,100000,0.228,500
stdmap_r2,cancel,100000,0.229,500
stdmap_r2,cancel,100000,0.23,500
stdmap_r2,cancel,100000,0.231,500
stdmap_r2,cancel,100000,0.232,500
stdmap_r2,cancel,100000,0.233,500
stdmap_r2,cancel,100000,0.234,500
stdmap_r2,cancel,100000,0.235,500
stdmap_r2,cancel,100000,0.236,500
stdmap_r2,cancel,100000,0.237,500
stdmap_r2,cancel,100000,0.238,500
stdmap_r2,cancel,100000,0.239,500
stdmap_r2,cancel,100000,0.24,500
stdmap_r2,cancel,100000,0.241,500
stdmap_r2,cancel,100000,0.242,500
stdmap_r2,cancel,100000,0.243,500
stdmap_r2,cancel,100000,0.244,500
stdmap_r2,cancel,100000,0.245,500
stdmap_r2,cancel,100000,0.246,500
stdmap_r2,cancel,100000,0.247,500
stdmap_r2,cancel,100000,0.248,500
stdmap_r2,cancel,100000,0.249,500
stdmap_r2,cancel,100000,0.25,500
stdmap_r2,cancel,100000,0.251,500
stdmap_r2,cancel,100000,0.252,500
stdmap_r2,cancel,100000,0.253,500
stdmap_r2,cancel,100000,0.254,500
stdmap_r2,cancel,100000,0.255,500
stdmap_r2,cancel,100000,0.256,500
stdmap_r2,cancel,100000,0.257,500
stdmap_r2,cancel,100000,0.258,500
stdmap_r2,cancel,100000,0.259,500
stdmap_r2,cancel,100000,0.26,500
stdmap_r2,cancel,100000,0.261,500
stdmap_r2,cancel,100000,0.262,500
stdmap_r2,cancel,100000,0.263,500
stdmap_r2,cancel,100000,0.264,500
stdmap_r2,cancel,100000,0.265,500
stdmap_r2,cancel,100000,0.266,500
stdmap_r2,cancel,100000,0.267,500
stdmap_r2,cancel,100000,0.268,500
stdmap_r2,cancel,100000,0.269,500
stdmap_r2,cancel,100000,0.27,500
stdmap_r2,cancel,100000,0.271,500
stdmap_r2,cancel,100000,0.272,500
stdmap_r2,cancel,100000,0.273,500
stdmap_r2,cancel,100000,0.274,500
stdmap_r2,cancel,100000,0.275,500
stdmap_r2,cancel,100000,0.276,500
stdmap_r2,cancel,100000,0.277,500
stdmap_r2,cancel,100000,0.278,500
stdmap_r2,cancel,100000,0.279,541
stdmap_r2,cancel,100000,0.28,541
stdmap_r2,cancel,100000,0.281,541
stdmap_r2,cancel,100000,0.282,541
stdmap_r2,cancel,100000,0.283,541
stdmap_r2,cancel,100000,0.284,541
stdmap_r2,cancel,100000,0.285,541
stdmap_r2,cancel,100000,0.286,541
stdmap_r2,cancel,100000,0.287,541
stdmap_r2,cancel,100000,0.288,541
stdmap_r2,cancel,100000,0.289,541
stdmap_r2,cancel,100000,0.29,541
stdmap_r2,cancel,100000,0.291,541
stdmap_r2,cancel,100000,0.292,541
stdmap_r2,cancel,100000,0.293,541
stdmap_r2,cancel,100000,0.294,541
stdmap_r2,cancel,100000,0.295,541
stdmap_r2,cancel,100000,0.296,541
stdmap_r2,cancel,100000,0.297,541
stdmap_r2,cancel,100000,0.298,541
stdmap_r2,cancel,100000,0.299,541
stdmap_r2,cancel,100000,0.3,541
stdmap_r2,cancel,100000,0.301,542
stdmap_r2,cancel,100000,0.302,542
stdmap_r2,cancel,100000,0.303,542
stdmap_r2,cancel,100000,0.304,542
stdmap_r2,cancel,100000,0.305,542
stdmap_r2,cancel,100000,0.306,542
stdmap_r2,cancel,100000,0.307,542
stdmap_r2,cancel,100000,0.308,542
stdmap_r2,cancel,100000,0.309,542
stdmap_r2,cancel,100000,0.31,542
stdmap_r2,cancel,100000,0.311,542
stdmap_r2,cancel,100000,0.312,542
stdmap_r2,cancel,100000,0.313,542
stdmap_r2,cancel,100000,0.314,542
stdmap_r2,cancel,100000,0.315,542
stdmap_r2,cancel,100000,0.316,542
stdmap_r2,cancel,100000,0.317,542
stdmap_r2,cancel,100000,0.318,542
stdmap_r2,cancel,100000,0.319,542
stdmap_r2,cancel,100000,0.32,542
stdmap_r2,cancel,100000,0.321,542
stdmap_r2,cancel,100000,0.322,542
stdmap_r2,cancel,100000,0.323,542
stdmap_r2,cancel,100000,0.324,542
stdmap_r2,cancel,100000,0.325,542
stdmap_r2,cancel,100000,0.326,542
stdmap_r2,cancel,100000,0.327,542
stdmap_r2,cancel,100000,0.328,542
stdmap_r2,cancel,100000,0.329,542
stdmap_r2,cancel,100000,0.33,542
stdmap_r2,cancel,100000,0.331,542
stdmap_r2,cancel,100000,0.332,542
stdmap_r2,cancel,100000,0.333,542
stdmap_r2,cancel,100000,0.334,542
stdmap_r2,cancel,100000,0.335,542
stdmap_r2,cancel,100000,0.336,542
stdmap_r2,cancel,100000,0.337,542
stdmap_r2,cancel,100000,0.338,542
stdmap_r2,cancel,100000,0.339,542
stdmap_r2,cancel,100000,0.34,542
stdmap_r2,cancel,100000,0.341,542
stdmap_r2,cancel,100000,0.342,542
stdmap_r2,cancel,100000,0.343,542
stdmap_r2,cancel,100000,0.344,542
stdmap_r2,cancel,100000,0.345,583
stdmap_r2,cancel,100000,0.346,583
stdmap_r2,cancel,100000,0.347,583
stdmap_r2,cancel,100000,0.348,583
stdmap_r2,cancel,100000,0.349,583
stdmap_r2,cancel,100000,0.35,583
stdmap_r2,cancel,100000,0.351,583
stdmap_r2,cancel,100000,0.352,583
stdmap_r2,cancel,100000,0.353,583
stdmap_r2,cancel,100000,0.354,583
stdmap_r2,cancel,100000,0.355,583
stdmap_r2,cancel,100000,0.356,583
stdmap_r2,cancel,100000,0.357,583
stdmap_r2,cancel,100000,0.358,583
stdmap_r2,cancel,100000,0.359,583
stdmap_r2,cancel,100000,0.36,583
stdmap_r2,cancel,100000,0.361,583
stdmap_r2,cancel,100000,0.362,583
stdmap_r2,cancel,100000,0.363,583
stdmap_r2,cancel,100000,0.364,583
stdmap_r2,cancel,100000,0.365,583
stdmap_r2,cancel,100000,0.366,583
stdmap_r2,cancel,100000,0.367,583
stdmap_r2,cancel,100000,0.368,583
stdmap_r2,cancel,100000,0.369,583
stdmap_r2,cancel,100000,0.37,583
stdmap_r2,cancel,100000,0.371,583
stdmap_r2,cancel,100000,0.372,583
stdmap_r2,cancel,100000,0.373,583
stdmap_r2,cancel,100000,0.374,583
stdmap_r2,cancel,100000,0.375,583
stdmap_r2,cancel,100000,0.376,583
stdmap_r2,cancel,100000,0.377,583
stdmap_r2,cancel,100000,0.378,583
stdmap_r2,cancel,100000,0.379,583
stdmap_r2,cancel,100000,0.38,583
stdmap_r2,cancel,100000,0.381,583
stdmap_r2,cancel,100000,0.382,583
stdmap_r2,cancel,100000,0.383,583
stdmap_r2,cancel,100000,0.384,583
stdmap_r2,cancel,100000,0.385,583
stdmap_r2,cancel,100000,0.386,583
stdmap_r2,cancel,100000,0.387,583
stdmap_r2,cancel,100000,0.388,584
stdmap_r2,cancel,100000,0.389,584
stdmap_r2,cancel,100000,0.39,584
stdmap_r2,cancel,100000,0.391,584
stdmap_r2,cancel,100000,0.392,584
stdmap_r2,cancel,100000,0.393,584
stdmap_r2,cancel,100000,0.394,584
stdmap_r2,cancel,100000,0.395,584
stdmap_r2,cancel,100000,0.396,584
stdmap_r2,cancel,100000,0.397,584
stdmap_r2,cancel,100000,0.398,584
stdmap_r2,cancel,100000,0.399,584
stdmap_r2,cancel,100000,0.4,584
stdmap_r2,cancel,100000,0.401,584
stdmap_r2,cancel,100000,0.402,584
stdmap_r2,cancel,100000,0.403,584
stdmap_r2,cancel,100000,0.404,584
stdmap_r2,cancel,100000,0.405,584
stdmap_r2,cancel,100000,0.406,584
stdmap_r2,cancel,100000,0.407,584
stdmap_r2,cancel,100000,0.408,584
stdmap_r2,cancel,100000,0.409,584
stdmap_r2,cancel,100000,0.41,625
stdmap_r2,cancel,100000,0.411,625
stdmap_r2,cancel,100000,0.412,625
stdmap_r2,cancel,100000,0.413,625
stdmap_r2,cancel,100000,0.414,625
stdmap_r2,cancel,100000,0.415,625
stdmap_r2,cancel,100000,0.416,625
stdmap_r2,cancel,100000,0.417,625
stdmap_r2,cancel,100000,0.418,625
stdmap_r2,cancel,100000,0.419,625
stdmap_r2,cancel,100000,0.42,625
stdmap_r2,cancel,100000,0.421,625
stdmap_r2,cancel,100000,0.422,625
stdmap_r2,cancel,100000,0.423,625
stdmap_r2,cancel,100000,0.424,625
stdmap_r2,cancel,100000,0.425,625
stdmap_r2,cancel,100000,0.426,625
stdmap_r2,cancel,100000,0.427,625
stdmap_r2,cancel,100000,0.428,625
stdmap_r2,cancel,100000,0.429,625
stdmap_r2,cancel,100000,0.43,625
stdmap_r2,cancel,100000,0.431,625
stdmap_r2,cancel,100000,0.432,625
stdmap_r2,cancel,100000,0.433,625
stdmap_r2,cancel,100000,0.434,625
stdmap_r2,cancel,100000,0.435,625
stdmap_r2,cancel,100000,0.436,625
stdmap_r2,cancel,100000,0.437,625
stdmap_r2,cancel,100000,0.438,625
stdmap_r2,cancel,100000,0.439,625
stdmap_r2,cancel,100000,0.44,625
stdmap_r2,cancel,100000,0.441,625
stdmap_r2,cancel,100000,0.442,625
stdmap_r2,cancel,100000,0.443,625
stdmap_r2,cancel,100000,0.444,625
stdmap_r2,cancel,100000,0.445,625
stdmap_r2,cancel,100000,0.446,625
stdmap_r2,cancel,100000,0.447,625
stdmap_r2,cancel,100000,0.448,625
stdmap_r2,cancel,100000,0.449,625
stdmap_r2,cancel,100000,0.45,625
stdmap_r2,cancel,100000,0.451,625
stdmap_r2,cancel,100000,0.452,625
stdmap_r2,cancel,100000,0.453,625
stdmap_r2,cancel,100000,0.454,625
stdmap_r2,cancel,100000,0.455,625
stdmap_r2,cancel,100000,0.456,625
stdmap_r2,cancel,100000,0.457,625
stdmap_r2,cancel,100000,0.458,625
stdmap_r2,cancel,100000,0.459,625
stdmap_r2,cancel,100000,0.46,625
stdmap_r2,cancel,100000,0.461,625
stdmap_r2,cancel,100000,0.462,625
stdmap_r2,cancel,100000,0.463,625
stdmap_r2,cancel,100000,0.464,625
stdmap_r2,cancel,100000,0.465,625
stdmap_r2,cancel,100000,0.466,625
stdmap_r2,cancel,100000,0.467,625
stdmap_r2,cancel,100000,0.468,625
stdmap_r2,cancel,100000,0.469,625
stdmap_r2,cancel,100000,0.47,625
stdmap_r2,cancel,100000,0.471,625
stdmap_r2,cancel,100000,0.472,625
stdmap_r2,cancel,100000,0.473,625
stdmap_r2,cancel,100000,0.474,625
stdmap_r2,cancel,100000,0.475,666
stdmap_r2,cancel,100000,0.476,666
stdmap_r2,cancel,100000,0.477,666
stdmap_r2,cancel,100000,0.478,666
stdmap_r2,cancel,100000,0.479,666
stdmap_r2,cancel,100000,0.48,666
stdmap_r2,cancel,100000,0.481,666
stdmap_r2,cancel,100000,0.482,666
stdmap_r2,cancel,100000,0.483,666
stdmap_r2,cancel,100000,0.484,666
stdmap_r2,cancel,100000,0.485,666
stdmap_r2,cancel,100000,0.486,666
stdmap_r2,cancel,100000,0.487,666
stdmap_r2,cancel,100000,0.488,666
stdmap_r2,cancel,100000,0.489,666
stdmap_r2,cancel,100000,0.49,666
stdmap_r2,cancel,100000,0.491,666
stdmap_r2,cancel,100000,0.492,666
stdmap_r2,cancel,100000,0.493,666
stdmap_r2,cancel,100000,0.494,666
stdmap_r2,cancel,100000,0.495,667
stdmap_r2,cancel,100000,0.496,667
stdmap_r2,cancel,100000,0.497,667
stdmap_r2,cancel,100000,0.498,667
stdmap_r2,cancel,100000,0.499,667
stdmap_r2,cancel,100000,0.5,667
stdmap_r2,cancel,100000,0.501,667
stdmap_r2,cancel,100000,0.502,667
stdmap_r2,cancel,100000,0.503,667
stdmap_r2,cancel,100000,0.504,667
stdmap_r2,cancel,100000,0.505,667
stdmap_r2,cancel,100000,0.506,667
stdmap_r2,cancel,100000,0.507,667
stdmap_r2,cancel,100000,0.508,667
stdmap_r2,cancel,100000,0.509,667
stdmap_r2,cancel,100000,0.51,667
stdmap_r2,cancel,100000,0.511,667
stdmap_r2,cancel,100000,0.512,667
stdmap_r2,cancel,100000,0.513,667
stdmap_r2,cancel,100000,0.514,667
stdmap_r2,cancel,100000,0.515,667
stdmap_r2,cancel,100000,0.516,667
stdmap_r2,cancel,100000,0.517,667
stdmap_r2,cancel,100000,0.518,667
stdmap_r2,cancel,100000,0.519,667
stdmap_r2,cancel,100000,0.52,667
stdmap_r2,cancel,100000,0.521,667
stdmap_r2,cancel,100000,0.522,667
stdmap_r2,cancel,100000,0.523,667
stdmap_r2,cancel,100000,0.524,667
stdmap_r2,cancel,100000,0.525,667
stdmap_r2,cancel,100000,0.526,667
stdmap_r2,cancel,100000,0.527,667
stdmap_r2,cancel,100000,0.528,667
stdmap_r2,cancel,100000,0.529,667
stdmap_r2,cancel,100000,0.53,667
stdmap_r2,cancel,100000,0.531,667
stdmap_r2,cancel,100000,0.532,667
stdmap_r2,cancel,100000,0.533,667
stdmap_r2,cancel,100000,0.534,667
stdmap_r2,cancel,100000,0.535,708
stdmap_r2,cancel,100000,0.536,708
stdmap_r2,cancel,100000,0.537,708
stdmap_r2,cancel,100000,0.538,708
stdmap_r2,cancel,100000,0.539,708
stdmap_r2,cancel,100000,0.54,708
stdmap_r2,cancel,100000,0.541,708
stdmap_r2,cancel,100000,0.542,708
stdmap_r2,cancel,100000,0.543,708
stdmap_r2,cancel,100000,0.544,708
stdmap_r2,cancel,100000,0.545,708
stdmap_r2,cancel,100000,0.546,708
stdmap_r2,cancel,100000,0.547,708
stdmap_r2,cancel,100000,0.548,708
stdmap_r2,cancel,100000,0.549,708
stdmap_r2,cancel,100000,0.55,708
stdmap_r2,cancel,100000,0.551,708
stdmap_r2,cancel,100000,0.552,708
stdmap_r2,cancel,100000,0.553,708
stdmap_r2,cancel,100000,0.554,708
stdmap_r2,cancel,100000,0.555,708
stdmap_r2,cancel,100000,0.556,708
stdmap_r2,cancel,100000,0.557,708
stdmap_r2,cancel,100000,0.558,708
stdmap_r2,cancel,100000,0.559,708
stdmap_r2,cancel,100000,0.56,708
stdmap_r2,cancel,100000,0.561,708
stdmap_r2,cancel,100000,0.562,708
stdmap_r2,cancel,100000,0.563,708
stdmap_r2,cancel,100000,0.564,708
stdmap_r2,cancel,100000,0.565,708
stdmap_r2,cancel,100000,0.566,708
stdmap_r2,cancel,100000,0.567,708
stdmap_r2,cancel,100000,0.568,708
stdmap_r2,cancel,100000,0.569,708
stdmap_r2,cancel,100000,0.57,708
stdmap_r2,cancel,100000,0.571,709
stdmap_r2,cancel,100000,0.572,709
stdmap_r2,cancel,100000,0.573,709
stdmap_r2,cancel,100000,0.574,709
stdmap_r2,cancel,100000,0.575,709
stdmap_r2,cancel,100000,0.576,709
stdmap_r2,cancel,100000,0.577,709
stdmap_r2,cancel,100000,0.578,709
stdmap_r2,cancel,100000,0.579,709
stdmap_r2,cancel,100000,0.58,709
stdmap_r2,cancel,100000,0.581,709
stdmap_r2,cancel,100000,0.582,709
stdmap_r2,cancel,100000,0.583,709
stdmap_r2,cancel,100000,0.584,709
stdmap_r2,cancel,100000,0.585,709
stdmap_r2,cancel,100000,0.586,709
stdmap_r2,cancel,100000,0.587,709
stdmap_r2,cancel,100000,0.588,709
stdmap_r2,cancel,100000,0.589,750
stdmap_r2,cancel,100000,0.59,750
stdmap_r2,cancel,100000,0.591,750
stdmap_r2,cancel,100000,0.592,750
stdmap_r2,cancel,100000,0.593,750
stdmap_r2,cancel,100000,0.594,750
stdmap_r2,cancel,100000,0.595,750
stdmap_r2,cancel,100000,0.596,750
stdmap_r2,cancel,100000,0.597,750
stdmap_r2,cancel,100000,0.598,750
stdmap_r2,cancel,100000,0.599,750
stdmap_r2,cancel,100000,0.6,750
stdmap_r2,cancel,100000,0.601,750
stdmap_r2,cancel,100000,0.602,750
stdmap_r2,cancel,100000,0.603,750
stdmap_r2,cancel,100000,0.604,750
stdmap_r2,cancel,100000,0.605,750
stdmap_r2,cancel,100000,0.606,750
stdmap_r2,cancel,100000,0.607,750
stdmap_r2,cancel,100000,0.608,750
stdmap_r2,cancel,100000,0.609,750
stdmap_r2,cancel,100000,0.61,750
stdmap_r2,cancel,100000,0.611,750
stdmap_r2,cancel,100000,0.612,750
stdmap_r2,cancel,100000,0.613,750
stdmap_r2,cancel,100000,0.614,750
stdmap_r2,cancel,100000,0.615,750
stdmap_r2,cancel,100000,0.616,750
stdmap_r2,cancel,100000,0.617,750
stdmap_r2,cancel,100000,0.618,750
stdmap_r2,cancel,100000,0.619,750
stdmap_r2,cancel,100000,0.62,750
stdmap_r2,cancel,100000,0.621,750
stdmap_r2,cancel,100000,0.622,750
stdmap_r2,cancel,100000,0.623,750
stdmap_r2,cancel,100000,0.624,750
stdmap_r2,cancel,100000,0.625,750
stdmap_r2,cancel,100000,0.626,750
stdmap_r2,cancel,100000,0.627,750
stdmap_r2,cancel,100000,0.628,750
stdmap_r2,cancel,100000,0.629,750
stdmap_r2,cancel,100000,0.63,750
stdmap_r2,cancel,100000,0.631,750
stdmap_r2,cancel,100000,0.632,750
stdmap_r2,cancel,100000,0.633,750
stdmap_r2,cancel,100000,0.634,750
stdmap_r2,cancel,100000,0.635,750
stdmap_r2,cancel,100000,0.636,750
stdmap_r2,cancel,100000,0.637,750
stdmap_r2,cancel,100000,0.638,750
stdmap_r2,cancel,100000,0.639,791
stdmap_r2,cancel,100000,0.64,791
stdmap_r2,cancel,100000,0.641,791
stdmap_r2,cancel,100000,0.642,791
stdmap_r2,cancel,100000,0.643,791
stdmap_r2,cancel,100000,0.644,791
stdmap_r2,cancel,100000,0.645,791
stdmap_r2,cancel,100000,0.646,791
stdmap_r2,cancel,100000,0.647,791
stdmap_r2,cancel,100000,0.648,791
stdmap_r2,cancel,100000,0.649,791
stdmap_r2,cancel,100000,0.65,791
stdmap_r2,cancel,100000,0.651,791
stdmap_r2,cancel,100000,0.652,791
stdmap_r2,cancel,100000,0.653,791
stdmap_r2,cancel,100000,0.654,791
stdmap_r2,cancel,100000,0.655,792
stdmap_r2,cancel,100000,0.656,792
stdmap_r2,cancel,100000,0.657,792
stdmap_r2,cancel,100000,0.658,792
stdmap_r2,cancel,100000,0.659,792
stdmap_r2,cancel,100000,0.66,792
stdmap_r2,cancel,100000,0.661,792
stdmap_r2,cancel,100000,0.662,792
stdmap_r2,cancel,100000,0.663,792
stdmap_r2,cancel,100000,0.664,792
stdmap_r2,cancel,100000,0.665,792
stdmap_r2,cancel,100000,0.666,792
stdmap_r2,cancel,100000,0.667,792
stdmap_r2,cancel,100000,0.668,792
stdmap_r2,cancel,100000,0.669,792
stdmap_r2,cancel,100000,0.67,792
stdmap_r2,cancel,100000,0.671,792
stdmap_r2,cancel,100000,0.672,792
stdmap_r2,cancel,100000,0.673,792
stdmap_r2,cancel,100000,0.674,792
stdmap_r2,cancel,100000,0.675,792
stdmap_r2,cancel,100000,0.676,792
stdmap_r2,cancel,100000,0.677,792
stdmap_r2,cancel,100000,0.678,792
stdmap_r2,cancel,100000,0.679,792
stdmap_r2,cancel,100000,0.68,792
stdmap_r2,cancel,100000,0.681,792
stdmap_r2,cancel,100000,0.682,792
stdmap_r2,cancel,100000,0.683,792
stdmap_r2,cancel,100000,0.684,792
stdmap_r2,cancel,100000,0.685,792
stdmap_r2,cancel,100000,0.686,833
stdmap_r2,cancel,100000,0.687,833
stdmap_r2,cancel,100000,0.688,833
stdmap_r2,cancel,100000,0.689,833
stdmap_r2,cancel,100000,0.69,833
stdmap_r2,cancel,100000,0.691,833
stdmap_r2,cancel,100000,0.692,833
stdmap_r2,cancel,100000,0.693,833
stdmap_r2,cancel,100000,0.694,833
stdmap_r2,cancel,100000,0.695,833
stdmap_r2,cancel,100000,0.696,833
stdmap_r2,cancel,100000,0.697,833
stdmap_r2,cancel,100000,0.698,833
stdmap_r2,cancel,100000,0.699,833
stdmap_r2,cancel,100000,0.7,833
stdmap_r2,cancel,100000,0.701,833
stdmap_r2,cancel,100000,0.702,833
stdmap_r2,cancel,100000,0.703,833
stdmap_r2,cancel,100000,0.704,833
stdmap_r2,cancel,100000,0.705,833
stdmap_r2,cancel,100000,0.706,833
stdmap_r2,cancel,100000,0.707,833
stdmap_r2,cancel,100000,0.708,833
stdmap_r2,cancel,100000,0.709,833
stdmap_r2,cancel,100000,0.71,833
stdmap_r2,cancel,100000,0.711,833
stdmap_r2,cancel,100000,0.712,833
stdmap_r2,cancel,100000,0.713,833
stdmap_r2,cancel,100000,0.714,834
stdmap_r2,cancel,100000,0.715,834
stdmap_r2,cancel,100000,0.716,834
stdmap_r2,cancel,100000,0.717,834
stdmap_r2,cancel,100000,0.718,834
stdmap_r2,cancel,100000,0.719,834
stdmap_r2,cancel,100000,0.72,834
stdmap_r2,cancel,100000,0.721,834
stdmap_r2,cancel,100000,0.722,834
stdmap_r2,cancel,100000,0.723,834
stdmap_r2,cancel,100000,0.724,834
stdmap_r2,cancel,100000,0.725,834
stdmap_r2,cancel,100000,0.726,834
stdmap_r2,cancel,100000,0.727,834
stdmap_r2,cancel,100000,0.728,875
stdmap_r2,cancel,100000,0.729,875
stdmap_r2,cancel,100000,0.73,875
stdmap_r2,cancel,100000,0.731,875
stdmap_r2,cancel,100000,0.732,875
stdmap_r2,cancel,100000,0.733,875
stdmap_r2,cancel,100000,0.734,875
stdmap_r2,cancel,100000,0.735,875
stdmap_r2,cancel,100000,0.736,875
stdmap_r2,cancel,100000,0.737,875
stdmap_r2,cancel,100000,0.738,875
stdmap_r2,cancel,100000,0.739,875
stdmap_r2,cancel,100000,0.74,875
stdmap_r2,cancel,100000,0.741,875
stdmap_r2,cancel,100000,0.742,875
stdmap_r2,cancel,100000,0.743,875
stdmap_r2,cancel,100000,0.744,875
stdmap_r2,cancel,100000,0.745,875
stdmap_r2,cancel,100000,0.746,875
stdmap_r2,cancel,100000,0.747,875
stdmap_r2,cancel,100000,0.748,875
stdmap_r2,cancel,100000,0.749,875
stdmap_r2,cancel,100000,0.75,875
stdmap_r2,cancel,100000,0.751,875
stdmap_r2,cancel,100000,0.752,875
stdmap_r2,cancel,100000,0.753,875
stdmap_r2,cancel,100000,0.754,875
stdmap_r2,cancel,100000,0.755,875
stdmap_r2,cancel,100000,0.756,875
stdmap_r2,cancel,100000,0.757,875
stdmap_r2,cancel,100000,0.758,875
stdmap_r2,cancel,100000,0.759,875
stdmap_r2,cancel,100000,0.76,875
stdmap_r2,cancel,100000,0.761,875
stdmap_r2,cancel,100000,0.762,875
stdmap_r2,cancel,100000,0.763,875
stdmap_r2,cancel,100000,0.764,875
stdmap_r2,cancel,100000,0.765,916
stdmap_r2,cancel,100000,0.766,916
stdmap_r2,cancel,100000,0.767,916
stdmap_r2,cancel,100000,0.768,916
stdmap_r2,cancel,100000,0.769,916
stdmap_r2,cancel,100000,0.77,916
stdmap_r2,cancel,100000,0.771,916
stdmap_r2,cancel,100000,0.772,916
stdmap_r2,cancel,100000,0.773,916
stdmap_r2,cancel,100000,0.774,916
stdmap_r2,cancel,100000,0.775,916
stdmap_r2,cancel,100000,0.776,917
stdmap_r2,cancel,100000,0.777,917
stdmap_r2,cancel,100000,0.778,917
stdmap_r2,cancel,100000,0.779,917
stdmap_r2,cancel,100000,0.78,917
stdmap_r2,cancel,100000,0.781,917
stdmap_r2,cancel,100000,0.782,917
stdmap_r2,cancel,100000,0.783,917
stdmap_r2,cancel,100000,0.784,917
stdmap_r2,cancel,100000,0.785,917
stdmap_r2,cancel,100000,0.786,917
stdmap_r2,cancel,100000,0.787,917
stdmap_r2,cancel,100000,0.788,917
stdmap_r2,cancel,100000,0.789,917
stdmap_r2,cancel,100000,0.79,917
stdmap_r2,cancel,100000,0.791,917
stdmap_r2,cancel,100000,0.792,917
stdmap_r2,cancel,100000,0.793,917
stdmap_r2,cancel,100000,0.794,917
stdmap_r2,cancel,100000,0.795,917
stdmap_r2,cancel,100000,0.796,958
stdmap_r2,cancel,100000,0.797,958
stdmap_r2,cancel,100000,0.798,958
stdmap_r2,cancel,100000,0.799,958
stdmap_r2,cancel,100000,0.8,958
stdmap_r2,cancel,100000,0.801,958
stdmap_r2,cancel,100000,0.802,958
stdmap_r2,cancel,100000,0.803,958
stdmap_r2,cancel,100000,0.804,958
stdmap_r2,cancel,100000,0.805,958
stdmap_r2,cancel,100000,0.806,958
stdmap_r2,cancel,100000,0.807,958
stdmap_r2,cancel,100000,0.808,958
stdmap_r2,cancel,100000,0.809,958
stdmap_r2,cancel,100000,0.81,958
stdmap_r2,cancel,100000,0.811,958
stdmap_r2,cancel,100000,0.812,958
stdmap_r2,cancel,100000,0.813,958
stdmap_r2,cancel,100000,0.814,959
stdmap_r2,cancel,100000,0.815,959
stdmap_r2,cancel,100000,0.816,959
stdmap_r2,cancel,100000,0.817,959
stdmap_r2,cancel,100000,0.818,959
stdmap_r2,cancel,100000,0.819,959
stdmap_r2,cancel,100000,0.82,959
stdmap_r2,cancel,100000,0.821,959
stdmap_r2,cancel,100000,0.822,959
stdmap_r2,cancel,100000,0.823,1000
stdmap_r2,cancel,100000,0.824,1000
stdmap_r2,cancel,100000,0.825,1000
stdmap_r2,cancel,100000,0.826,1000
stdmap_r2,cancel,100000,0.827,1000
stdmap_r2,cancel,100000,0.828,1000
stdmap_r2,cancel,100000,0.829,1000
stdmap_r2,cancel,100000,0.83,1000
stdmap_r2,cancel,100000,0.831,1000
stdmap_r2,cancel,100000,0.832,1000
stdmap_r2,cancel,100000,0.833,1000
stdmap_r2,cancel,100000,0.834,1000
stdmap_r2,cancel,100000,0.835,1000
stdmap_r2,cancel,100000,0.836,1000
stdmap_r2,cancel,100000,0.837,1000
stdmap_r2,cancel,100000,0.838,1000
stdmap_r2,cancel,100000,0.839,1000
stdmap_r2,cancel,100000,0.84,1000
stdmap_r2,cancel,100000,0.841,1000
stdmap_r2,cancel,100000,0.842,1000
stdmap_r2,cancel,100000,0.843,1000
stdmap_r2,cancel,100000,0.844,1041
stdmap_r2,cancel,100000,0.845,1041
stdmap_r2,cancel,100000,0.846,1041
stdmap_r2,cancel,100000,0.847,1041
stdmap_r2,cancel,100000,0.848,1041
stdmap_r2,cancel,100000,0.849,1041
stdmap_r2,cancel,100000,0.85,1041
stdmap_r2,cancel,100000,0.851,1042
stdmap_r2,cancel,100000,0.852,1042
stdmap_r2,cancel,100000,0.853,1042
stdmap_r2,cancel,100000,0.854,1042
stdmap_r2,cancel,100000,0.855,1042
stdmap_r2,cancel,100000,0.856,1042
stdmap_r2,cancel,100000,0.857,1042
stdmap_r2,cancel,100000,0.858,1042
stdmap_r2,cancel,100000,0.859,1042
stdmap_r2,cancel,100000,0.86,1042
stdmap_r2,cancel,100000,0.861,1042
stdmap_r2,cancel,100000,0.862,1042
stdmap_r2,cancel,100000,0.863,1083
stdmap_r2,cancel,100000,0.864,1083
stdmap_r2,cancel,100000,0.865,1083
stdmap_r2,cancel,100000,0.866,1083
stdmap_r2,cancel,100000,0.867,1083
stdmap_r2,cancel,100000,0.868,1083
stdmap_r2,cancel,100000,0.869,1083
stdmap_r2,cancel,100000,0.87,1083
stdmap_r2,cancel,100000,0.871,1083
stdmap_r2,cancel,100000,0.872,1083
stdmap_r2,cancel,100000,0.873,1084
stdmap_r2,cancel,100000,0.874,1084
stdmap_r2,cancel,100000,0.875,1084
stdmap_r2,cancel,100000,0.876,1084
stdmap_r2,cancel,100000,0.877,1084
stdmap_r2,cancel,100000,0.878,1125
stdmap_r2,cancel,100000,0.879,1125
stdmap_r2,cancel,100000,0.88,1125
stdmap_r2,cancel,100000,0.881,1125
stdmap_r2,cancel,100000,0.882,1125
stdmap_r2,cancel,100000,0.883,1125
stdmap_r2,cancel,100000,0.884,1125
stdmap_r2,cancel,100000,0.885,1125
stdmap_r2,cancel,100000,0.886,1125
stdmap_r2,cancel,100000,0.887,1125
stdmap_r2,cancel,100000,0.888,1125
stdmap_r2,cancel,100000,0.889,1125
stdmap_r2,cancel,100000,0.89,1125
stdmap_r2,cancel,100000,0.891,1125
stdmap_r2,cancel,100000,0.892,1166
stdmap_r2,cancel,100000,0.893,1166
stdmap_r2,cancel,100000,0.894,1166
stdmap_r2,cancel,100000,0.895,1167
stdmap_r2,cancel,100000,0.896,1167
stdmap_r2,cancel,100000,0.897,1167
stdmap_r2,cancel,100000,0.898,1167
stdmap_r2,cancel,100000,0.899,1167
stdmap_r2,cancel,100000,0.9,1167
stdmap_r2,cancel,100000,0.901,1167
stdmap_r2,cancel,100000,0.902,1167
stdmap_r2,cancel,100000,0.903,1208
stdmap_r2,cancel,100000,0.904,1208
stdmap_r2,cancel,100000,0.905,1208
stdmap_r2,cancel,100000,0.906,1208
stdmap_r2,cancel,100000,0.907,1208
stdmap_r2,cancel,100000,0.908,1208
stdmap_r2,cancel,100000,0.909,1208
stdmap_r2,cancel,100000,0.91,1209
stdmap_r2,cancel,100000,0.911,1209
stdmap_r2,cancel,100000,0.912,1209
stdmap_r2,cancel,100000,0.913,1250
stdmap_r2,cancel,100000,0.914,1250
stdmap_r2,cancel,100000,0.915,1250
stdmap_r2,cancel,100000,0.916,1250
stdmap_r2,cancel,100000,0.917,1250
stdmap_r2,cancel,100000,0.918,1250
stdmap_r2,cancel,100000,0.919,1250
stdmap_r2,cancel,100000,0.92,1250
stdmap_r2,cancel,100000,0.921,1250
stdmap_r2,cancel,100000,0.922,1291
stdmap_r2,cancel,100000,0.923,1291
stdmap_r2,cancel,100000,0.924,1291
stdmap_r2,cancel,100000,0.925,1292
stdmap_r2,cancel,100000,0.926,1292
stdmap_r2,cancel,100000,0.927,1292
stdmap_r2,cancel,100000,0.928,1292
stdmap_r2,cancel,100000,0.929,1292
stdmap_r2,cancel,100000,0.93,1333
stdmap_r2,cancel,100000,0.931,1333
stdmap_r2,cancel,100000,0.932,1333
stdmap_r2,cancel,100000,0.933,1333
stdmap_r2,cancel,100000,0.934,1333
stdmap_r2,cancel,100000,0.935,1334
stdmap_r2,cancel,100000,0.936,1334
stdmap_r2,cancel,100000,0.937,1375
stdmap_r2,cancel,100000,0.938,1375
stdmap_r2,cancel,100000,0.939,1375
stdmap_r2,cancel,100000,0.94,1375
stdmap_r2,cancel,100000,0.941,1375
stdmap_r2,cancel,100000,0.942,1375
stdmap_r2,cancel,100000,0.943,1416
stdmap_r2,cancel,100000,0.944,1416
stdmap_r2,cancel,100000,0.945,1417
stdmap_r2,cancel,100000,0.946,1417
stdmap_r2,cancel,100000,0.947,1417
stdmap_r2,cancel,100000,0.948,1458
stdmap_r2,cancel,100000,0.949,1458
stdmap_r2,cancel,100000,0.95,1458
stdmap_r2,cancel,100000,0.951,1458
stdmap_r2,cancel,100000,0.952,1459
stdmap_r2,cancel,100000,0.953,1459
stdmap_r2,cancel,100000,0.954,1500
stdmap_r2,cancel,100000,0.955,1500
stdmap_r2,cancel,100000,0.956,1500
stdmap_r2,cancel,100000,0.957,1500
stdmap_r2,cancel,100000,0.958,1500
stdmap_r2,cancel,100000,0.959,1541
stdmap_r2,cancel,100000,0.96,1542
stdmap_r2,cancel,100000,0.961,1542
stdmap_r2,cancel,100000,0.962,1542
stdmap_r2,cancel,100000,0.963,1583
stdmap_r2,cancel,100000,0.964,1583
stdmap_r2,cancel,100000,0.965,1584
stdmap_r2,cancel,100000,0.966,1584
stdmap_r2,cancel,100000,0.967,1625
stdmap_r2,cancel,100000,0.968,1625
stdmap_r2,cancel,100000,0.969,1625
stdmap_r2,cancel,100000,0.97,1666
stdmap_r2,cancel,100000,0.971,1667
stdmap_r2,cancel,100000,0.972,1667
stdmap_r2,cancel,100000,0.973,1708
stdmap_r2,cancel,100000,0.974,1708
stdmap_r2,cancel,100000,0.975,1709
stdmap_r2,cancel,100000,0.976,1750
stdmap_r2,cancel,100000,0.977,1750
stdmap_r2,cancel,100000,0.978,1750
stdmap_r2,cancel,100000,0.979,1791
stdmap_r2,cancel,100000,0.98,1792
stdmap_r2,cancel,100000,0.981,1833
stdmap_r2,cancel,100000,0.982,1834
stdmap_r2,cancel,100000,0.983,1875
stdmap_r2,cancel,100000,0.984,1875
stdmap_r2,cancel,100000,0.985,1917
stdmap_r2,cancel,100000,0.986,1958
stdmap_r2,cancel,100000,0.987,2000
stdmap_r2,cancel,100000,0.988,2041
stdmap_r2,cancel,100000,0.989,2083
stdmap_r2,cancel,100000,0.99,2125
stdmap_r2,cancel,100000,0.991,2167
stdmap_r2,cancel,100000,0.992,2209
stdmap_r2,cancel,100000,0.993,2333
stdmap_r2,cancel,100000,0.994,2417
stdmap_r2,cancel,100000,0.995,2625
stdmap_r2,cancel,100000,0.996,3209
stdmap_r2,cancel,100000,0.997,6000
stdmap_r2,cancel,100000,0.998,7958
stdmap_r2,cancel,100000,0.999,21250
stdmap_r2,match,100000,0,0
stdmap_r2,match,100000,0.001,41
stdmap_r2,match,100000,0.002,41
stdmap_r2,match,100000,0.003,41
stdmap_r2,match,100000,0.004,41
stdmap_r2,match,100000,0.005,41
stdmap_r2,match,100000,0.006,41
stdmap_r2,match,100000,0.007,41
stdmap_r2,match,100000,0.008,41
stdmap_r2,match,100000,0.009,41
stdmap_r2,match,100000,0.01,41
stdmap_r2,match,100000,0.011,41
stdmap_r2,match,100000,0.012,41
stdmap_r2,match,100000,0.013,41
stdmap_r2,match,100000,0.014,41
stdmap_r2,match,100000,0.015,41
stdmap_r2,match,100000,0.016,41
stdmap_r2,match,100000,0.017,41
stdmap_r2,match,100000,0.018,41
stdmap_r2,match,100000,0.019,41
stdmap_r2,match,100000,0.02,41
stdmap_r2,match,100000,0.021,41
stdmap_r2,match,100000,0.022,41
stdmap_r2,match,100000,0.023,41
stdmap_r2,match,100000,0.024,41
stdmap_r2,match,100000,0.025,41
stdmap_r2,match,100000,0.026,41
stdmap_r2,match,100000,0.027,41
stdmap_r2,match,100000,0.028,41
stdmap_r2,match,100000,0.029,41
stdmap_r2,match,100000,0.03,41
stdmap_r2,match,100000,0.031,41
stdmap_r2,match,100000,0.032,41
stdmap_r2,match,100000,0.033,41
stdmap_r2,match,100000,0.034,41
stdmap_r2,match,100000,0.035,41
stdmap_r2,match,100000,0.036,41
stdmap_r2,match,100000,0.037,41
stdmap_r2,match,100000,0.038,41
stdmap_r2,match,100000,0.039,41
stdmap_r2,match,100000,0.04,41
stdmap_r2,match,100000,0.041,41
stdmap_r2,match,100000,0.042,41
stdmap_r2,match,100000,0.043,41
stdmap_r2,match,100000,0.044,41
stdmap_r2,match,100000,0.045,41
stdmap_r2,match,100000,0.046,41
stdmap_r2,match,100000,0.047,41
stdmap_r2,match,100000,0.048,41
stdmap_r2,match,100000,0.049,41
stdmap_r2,match,100000,0.05,41
stdmap_r2,match,100000,0.051,41
stdmap_r2,match,100000,0.052,41
stdmap_r2,match,100000,0.053,41
stdmap_r2,match,100000,0.054,41
stdmap_r2,match,100000,0.055,41
stdmap_r2,match,100000,0.056,41
stdmap_r2,match,100000,0.057,41
stdmap_r2,match,100000,0.058,41
stdmap_r2,match,100000,0.059,41
stdmap_r2,match,100000,0.06,41
stdmap_r2,match,100000,0.061,41
stdmap_r2,match,100000,0.062,41
stdmap_r2,match,100000,0.063,41
stdmap_r2,match,100000,0.064,41
stdmap_r2,match,100000,0.065,41
stdmap_r2,match,100000,0.066,41
stdmap_r2,match,100000,0.067,41
stdmap_r2,match,100000,0.068,41
stdmap_r2,match,100000,0.069,41
stdmap_r2,match,100000,0.07,41
stdmap_r2,match,100000,0.071,41
stdmap_r2,match,100000,0.072,41
stdmap_r2,match,100000,0.073,41
stdmap_r2,match,100000,0.074,41
stdmap_r2,match,100000,0.075,41
stdmap_r2,match,100000,0.076,41
stdmap_r2,match,100000,0.077,41
stdmap_r2,match,100000,0.078,41
stdmap_r2,match,100000,0.079,41
stdmap_r2,match,100000,0.08,42
stdmap_r2,match,100000,0.081,42
stdmap_r2,match,100000,0.082,42
stdmap_r2,match,100000,0.083,42
stdmap_r2,match,100000,0.084,42
stdmap_r2,match,100000,0.085,42
stdmap_r2,match,100000,0.086,42
stdmap_r2,match,100000,0.087,42
stdmap_r2,match,100000,0.088,42
stdmap_r2,match,100000,0.089,42
stdmap_r2,match,100000,0.09,42
stdmap_r2,match,100000,0.091,42
stdmap_r2,match,100000,0.092,42
stdmap_r2,match,100000,0.093,42
stdmap_r2,match,100000,0.094,42
stdmap_r2,match,100000,0.095,42
stdmap_r2,match,100000,0.096,42
stdmap_r2,match,100000,0.097,42
stdmap_r2,match,100000,0.098,42
stdmap_r2,match,100000,0.099,42
stdmap_r2,match,100000,0.1,42
stdmap_r2,match,100000,0.101,42
stdmap_r2,match,100000,0.102,42
stdmap_r2,match,100000,0.103,42
stdmap_r2,match,100000,0.104,42
stdmap_r2,match,100000,0.105,42
stdmap_r2,match,100000,0.106,42
stdmap_r2,match,100000,0.107,42
stdmap_r2,match,100000,0.108,42
stdmap_r2,match,100000,0.109,42
stdmap_r2,match,100000,0.11,42
stdmap_r2,match,100000,0.111,42
stdmap_r2,match,100000,0.112,42
stdmap_r2,match,100000,0.113,42
stdmap_r2,match,100000,0.114,42
stdmap_r2,match,100000,0.115,42
stdmap_r2,match,100000,0.116,42
stdmap_r2,match,100000,0.117,42
stdmap_r2,match,100000,0.118,42
stdmap_r2,match,100000,0.119,42
stdmap_r2,match,100000,0.12,42
stdmap_r2,match,100000,0.121,42
stdmap_r2,match,100000,0.122,42
stdmap_r2,match,100000,0.123,42
stdmap_r2,match,100000,0.124,42
stdmap_r2,match,100000,0.125,42
stdmap_r2,match,100000,0.126,42
stdmap_r2,match,100000,0.127,42
stdmap_r2,match,100000,0.128,42
stdmap_r2,match,100000,0.129,42
stdmap_r2,match,100000,0.13,42
stdmap_r2,match,100000,0.131,42
stdmap_r2,match,100000,0.132,42
stdmap_r2,match,100000,0.133,42
stdmap_r2,match,100000,0.134,42
stdmap_r2,match,100000,0.135,42
stdmap_r2,match,100000,0.136,42
stdmap_r2,match,100000,0.137,42
stdmap_r2,match,100000,0.138,42
stdmap_r2,match,100000,0.139,42
stdmap_r2,match,100000,0.14,42
stdmap_r2,match,100000,0.141,42
stdmap_r2,match,100000,0.142,42
stdmap_r2,match,100000,0.143,42
stdmap_r2,match,100000,0.144,42
stdmap_r2,match,100000,0.145,42
stdmap_r2,match,100000,0.146,42
stdmap_r2,match,100000,0.147,42
stdmap_r2,match,100000,0.148,42
stdmap_r2,match,100000,0.149,42
stdmap_r2,match,100000,0.15,42
stdmap_r2,match,100000,0.151,42
stdmap_r2,match,100000,0.152,42
stdmap_r2,match,100000,0.153,42
stdmap_r2,match,100000,0.154,42
stdmap_r2,match,100000,0.155,42
stdmap_r2,match,100000,0.156,42
stdmap_r2,match,100000,0.157,42
stdmap_r2,match,100000,0.158,42
stdmap_r2,match,100000,0.159,42
stdmap_r2,match,100000,0.16,42
stdmap_r2,match,100000,0.161,42
stdmap_r2,match,100000,0.162,42
stdmap_r2,match,100000,0.163,42
stdmap_r2,match,100000,0.164,42
stdmap_r2,match,100000,0.165,42
stdmap_r2,match,100000,0.166,42
stdmap_r2,match,100000,0.167,42
stdmap_r2,match,100000,0.168,42
stdmap_r2,match,100000,0.169,42
stdmap_r2,match,100000,0.17,42
stdmap_r2,match,100000,0.171,42
stdmap_r2,match,100000,0.172,42
stdmap_r2,match,100000,0.173,42
stdmap_r2,match,100000,0.174,42
stdmap_r2,match,100000,0.175,42
stdmap_r2,match,100000,0.176,42
stdmap_r2,match,100000,0.177,42
stdmap_r2,match,100000,0.178,42
stdmap_r2,match,100000,0.179,42
stdmap_r2,match,100000,0.18,42
stdmap_r2,match,100000,0.181,42
stdmap_r2,match,100000,0.182,42
stdmap_r2,match,100000,0.183,42
stdmap_r2,match,100000,0.184,42
stdmap_r2,match,100000,0.185,42
stdmap_r2,match,100000,0.186,42
stdmap_r2,match,100000,0.187,42
stdmap_r2,match,100000,0.188,42
stdmap_r2,match,100000,0.189,42
stdmap_r2,match,100000,0.19,42
stdmap_r2,match,100000,0.191,42
stdmap_r2,match,100000,0.192,42
stdmap_r2,match,100000,0.193,42
stdmap_r2,match,100000,0.194,42
stdmap_r2,match,100000,0.195,42
stdmap_r2,match,100000,0.196,42
stdmap_r2,match,100000,0.197,42
stdmap_r2,match,100000,0.198,42
stdmap_r2,match,100000,0.199,42
stdmap_r2,match,100000,0.2,42
stdmap_r2,match,100000,0.201,42
stdmap_r2,match,100000,0.202,42
stdmap_r2,match,100000,0.203,42
stdmap_r2,match,100000,0.204,42
stdmap_r2,match,100000,0.205,42
stdmap_r2,match,100000,0.206,42
stdmap_r2,match,100000,0.207,42
stdmap_r2,match,100000,0.208,42
stdmap_r2,match,100000,0.209,42
stdmap_r2,match,100000,0.21,42
stdmap_r2,match,100000,0.211,42
stdmap_r2,match,100000,0.212,42
stdmap_r2,match,100000,0.213,42
stdmap_r2,match,100000,0.214,42
stdmap_r2,match,100000,0.215,42
stdmap_r2,match,100000,0.216,42
stdmap_r2,match,100000,0.217,42
stdmap_r2,match,100000,0.218,42
stdmap_r2,match,100000,0.219,42
stdmap_r2,match,100000,0.22,42
stdmap_r2,match,100000,0.221,42
stdmap_r2,match,100000,0.222,42
stdmap_r2,match,100000,0.223,42
stdmap_r2,match,100000,0.224,42
stdmap_r2,match,100000,0.225,42
stdmap_r2,match,100000,0.226,42
stdmap_r2,match,100000,0.227,42
stdmap_r2,match,100000,0.228,42
stdmap_r2,match,100000,0.229,42
stdmap_r2,match,100000,0.23,42
stdmap_r2,match,100000,0.231,42
stdmap_r2,match,100000,0.232,42
stdmap_r2,match,100000,0.233,42
stdmap_r2,match,100000,0.234,42
stdmap_r2,match,100000,0.235,42
stdmap_r2,match,100000,0.236,42
stdmap_r2,match,100000,0.237,42
stdmap_r2,match,100000,0.238,83
stdmap_r2,match,100000,0.239,83
stdmap_r2,match,100000,0.24,83
stdmap_r2,match,100000,0.241,83
stdmap_r2,match,100000,0.242,83
stdmap_r2,match,100000,0.243,83
stdmap_r2,match,100000,0.244,83
stdmap_r2,match,100000,0.245,83
stdmap_r2,match,100000,0.246,83
stdmap_r2,match,100000,0.247,83
stdmap_r2,match,100000,0.248,83
stdmap_r2,match,100000,0.249,83
stdmap_r2,match,100000,0.25,83
stdmap_r2,match,100000,0.251,83
stdmap_r2,match,100000,0.252,83
stdmap_r2,match,100000,0.253,83
stdmap_r2,match,100000,0.254,83
stdmap_r2,match,100000,0.255,83
stdmap_r2,match,100000,0.256,83
stdmap_r2,match,100000,0.257,83
stdmap_r2,match,100000,0.258,83
stdmap_r2,match,100000,0.259,83
stdmap_r2,match,100000,0.26,83
stdmap_r2,match,100000,0.261,83
stdmap_r2,match,100000,0.262,83
stdmap_r2,match,100000,0.263,83
stdmap_r2,match,100000,0.264,83
stdmap_r2,match,100000,0.265,83
stdmap_r2,match,100000,0.266,83
stdmap_r2,match,100000,0.267,83
stdmap_r2,match,100000,0.268,83
stdmap_r2,match,100000,0.269,83
stdmap_r2,match,100000,0.27,83
stdmap_r2,match,100000,0.271,83
stdmap_r2,match,100000,0.272,83
stdmap_r2,match,100000,0.273,83
stdmap_r2,match,100000,0.274,83
stdmap_r2,match,100000,0.275,83
stdmap_r2,match,100000,0.276,83
stdmap_r2,match,100000,0.277,83
stdmap_r2,match,100000,0.278,83
stdmap_r2,match,100000,0.279,83
stdmap_r2,match,100000,0.28,83
stdmap_r2,match,100000,0.281,83
stdmap_r2,match,100000,0.282,83
stdmap_r2,match,100000,0.283,83
stdmap_r2,match,100000,0.284,83
stdmap_r2,match,100000,0.285,83
stdmap_r2,match,100000,0.286,83
stdmap_r2,match,100000,0.287,83
stdmap_r2,match,100000,0.288,83
stdmap_r2,match,100000,0.289,83
stdmap_r2,match,100000,0.29,83
stdmap_r2,match,100000,0.291,83
stdmap_r2,match,100000,0.292,83
stdmap_r2,match,100000,0.293,83
stdmap_r2,match,100000,0.294,83
stdmap_r2,match,100000,0.295,83
stdmap_r2,match,100000,0.296,83
stdmap_r2,match,100000,0.297,83
stdmap_r2,match,100000,0.298,83
stdmap_r2,match,100000,0.299,83
stdmap_r2,match,100000,0.3,83
stdmap_r2,match,100000,0.301,83
stdmap_r2,match,100000,0.302,83
stdmap_r2,match,100000,0.303,83
stdmap_r2,match,100000,0.304,83
stdmap_r2,match,100000,0.305,83
stdmap_r2,match,100000,0.306,83
stdmap_r2,match,100000,0.307,83
stdmap_r2,match,100000,0.308,83
stdmap_r2,match,100000,0.309,83
stdmap_r2,match,100000,0.31,83
stdmap_r2,match,100000,0.311,83
stdmap_r2,match,100000,0.312,83
stdmap_r2,match,100000,0.313,83
stdmap_r2,match,100000,0.314,83
stdmap_r2,match,100000,0.315,83
stdmap_r2,match,100000,0.316,83
stdmap_r2,match,100000,0.317,83
stdmap_r2,match,100000,0.318,83
stdmap_r2,match,100000,0.319,83
stdmap_r2,match,100000,0.32,83
stdmap_r2,match,100000,0.321,83
stdmap_r2,match,100000,0.322,83
stdmap_r2,match,100000,0.323,83
stdmap_r2,match,100000,0.324,83
stdmap_r2,match,100000,0.325,83
stdmap_r2,match,100000,0.326,83
stdmap_r2,match,100000,0.327,83
stdmap_r2,match,100000,0.328,83
stdmap_r2,match,100000,0.329,83
stdmap_r2,match,100000,0.33,83
stdmap_r2,match,100000,0.331,83
stdmap_r2,match,100000,0.332,83
stdmap_r2,match,100000,0.333,83
stdmap_r2,match,100000,0.334,83
stdmap_r2,match,100000,0.335,83
stdmap_r2,match,100000,0.336,83
stdmap_r2,match,100000,0.337,83
stdmap_r2,match,100000,0.338,83
stdmap_r2,match,100000,0.339,83
stdmap_r2,match,100000,0.34,83
stdmap_r2,match,100000,0.341,83
stdmap_r2,match,100000,0.342,83
stdmap_r2,match,100000,0.343,83
stdmap_r2,match,100000,0.344,83
stdmap_r2,match,100000,0.345,83
stdmap_r2,match,100000,0.346,83
stdmap_r2,match,100000,0.347,83
stdmap_r2,match,100000,0.348,83
stdmap_r2,match,100000,0.349,83
stdmap_r2,match,100000,0.35,84
stdmap_r2,match,100000,0.351,84
stdmap_r2,match,100000,0.352,84
stdmap_r2,match,100000,0.353,84
stdmap_r2,match,100000,0.354,84
stdmap_r2,match,100000,0.355,84
stdmap_r2,match,100000,0.356,84
stdmap_r2,match,100000,0.357,84
stdmap_r2,match,100000,0.358,84
stdmap_r2,match,100000,0.359,84
stdmap_r2,match,100000,0.36,84
stdmap_r2,match,100000,0.361,84
stdmap_r2,match,100000,0.362,84
stdmap_r2,match,100000,0.363,84
stdmap_r2,match,100000,0.364,84
stdmap_r2,match,100000,0.365,84
stdmap_r2,match,100000,0.366,84
stdmap_r2,match,100000,0.367,84
stdmap_r2,match,100000,0.368,84
stdmap_r2,match,100000,0.369,84
stdmap_r2,match,100000,0.37,84
stdmap_r2,match,100000,0.371,84
stdmap_r2,match,100000,0.372,84
stdmap_r2,match,100000,0.373,84
stdmap_r2,match,100000,0.374,84
stdmap_r2,match,100000,0.375,84
stdmap_r2,match,100000,0.376,84
stdmap_r2,match,100000,0.377,84
stdmap_r2,match,100000,0.378,84
stdmap_r2,match,100000,0.379,84
stdmap_r2,match,100000,0.38,84
stdmap_r2,match,100000,0.381,84
stdmap_r2,match,100000,0.382,84
stdmap_r2,match,100000,0.383,84
stdmap_r2,match,100000,0.384,84
stdmap_r2,match,100000,0.385,84
stdmap_r2,match,100000,0.386,84
stdmap_r2,match,100000,0.387,84
stdmap_r2,match,100000,0.388,84
stdmap_r2,match,100000,0.389,84
stdmap_r2,match,100000,0.39,84
stdmap_r2,match,100000,0.391,84
stdmap_r2,match,100000,0.392,84
stdmap_r2,match,100000,0.393,84
stdmap_r2,match,100000,0.394,84
stdmap_r2,match,100000,0.395,84
stdmap_r2,match,100000,0.396,84
stdmap_r2,match,100000,0.397,84
stdmap_r2,match,100000,0.398,84
stdmap_r2,match,100000,0.399,84
stdmap_r2,match,100000,0.4,84
stdmap_r2,match,100000,0.401,84
stdmap_r2,match,100000,0.402,84
stdmap_r2,match,100000,0.403,84
stdmap_r2,match,100000,0.404,84
stdmap_r2,match,100000,0.405,125
stdmap_r2,match,100000,0.406,125
stdmap_r2,match,100000,0.407,125
stdmap_r2,match,100000,0.408,125
stdmap_r2,match,100000,0.409,125
stdmap_r2,match,100000,0.41,125
stdmap_r2,match,100000,0.411,125
stdmap_r2,match,100000,0.412,125
stdmap_r2,match,100000,0.413,125
stdmap_r2,match,100000,0.414,125
stdmap_r2,match,100000,0.415,125
stdmap_r2,match,100000,0.416,125
stdmap_r2,match,100000,0.417,125
stdmap_r2,match,100000,0.418,125
stdmap_r2,match,100000,0.419,125
stdmap_r2,match,100000,0.42,125
stdmap_r2,match,100000,0.421,125
stdmap_r2,match,100000,0.422,125
stdmap_r2,match,100000,0.423,125
stdmap_r2,match,100000,0.424,125
stdmap_r2,match,100000,0.425,125
stdmap_r2,match,100000,0.426,125
stdmap_r2,match,100000,0.427,125
stdmap_r2,match,100000,0.428,125
stdmap_r2,match,100000,0.429,125
stdmap_r2,match,100000,0.43,125
stdmap_r2,match,100000,0.431,125
stdmap_r2,match,100000,0.432,125
stdmap_r2,match,100000,0.433,125
stdmap_r2,match,100000,0.434,125
stdmap_r2,match,100000,0.435,125
stdmap_r2,match,100000,0.436,125
stdmap_r2,match,100000,0.437,125
stdmap_r2,match,100000,0.438,125
stdmap_r2,match,100000,0.439,125
stdmap_r2,match,100000,0.44,125
stdmap_r2,match,100000,0.441,125
stdmap_r2,match,100000,0.442,125
stdmap_r2,match,100000,0.443,125
stdmap_r2,match,100000,0.444,125
stdmap_r2,match,100000,0.445,125
stdmap_r2,match,100000,0.446,125
stdmap_r2,match,100000,0.447,125
stdmap_r2,match,100000,0.448,125
stdmap_r2,match,100000,0.449,125
stdmap_r2,match,100000,0.45,125
stdmap_r2,match,100000,0.451,125
stdmap_r2,match,100000,0.452,125
stdmap_r2,match,100000,0.453,125
stdmap_r2,match,100000,0.454,125
stdmap_r2,match,100000,0.455,125
stdmap_r2,match,100000,0.456,125
stdmap_r2,match,100000,0.457,125
stdmap_r2,match,100000,0.458,125
stdmap_r2,match,100000,0.459,125
stdmap_r2,match,100000,0.46,125
stdmap_r2,match,100000,0.461,125
stdmap_r2,match,100000,0.462,125
stdmap_r2,match,100000,0.463,125
stdmap_r2,match,100000,0.464,125
stdmap_r2,match,100000,0.465,125
stdmap_r2,match,100000,0.466,125
stdmap_r2,match,100000,0.467,125
stdmap_r2,match,100000,0.468,125
stdmap_r2,match,100000,0.469,125
stdmap_r2,match,100000,0.47,125
stdmap_r2,match,100000,0.471,125
stdmap_r2,match,100000,0.472,125
stdmap_r2,match,100000,0.473,125
stdmap_r2,match,100000,0.474,125
stdmap_r2,match,100000,0.475,125
stdmap_r2,match,100000,0.476,125
stdmap_r2,match,100000,0.477,125
stdmap_r2,match,100000,0.478,125
stdmap_r2,match,100000,0.479,125
stdmap_r2,match,100000,0.48,125
stdmap_r2,match,100000,0.481,125
stdmap_r2,match,100000,0.482,125
stdmap_r2,match,100000,0.483,125
stdmap_r2,match,100000,0.484,125
stdmap_r2,match,100000,0.485,125
stdmap_r2,match,100000,0.486,125
stdmap_r2,match,100000,0.487,125
stdmap_r2,match,100000,0.488,125
stdmap_r2,match,100000,0.489,125
stdmap_r2,match,100000,0.49,125
stdmap_r2,match,100000,0.491,125
stdmap_r2,match,100000,0.492,125
stdmap_r2,match,100000,0.493,125
stdmap_r2,match,100000,0.494,166
stdmap_r2,match,100000,0.495,166
stdmap_r2,match,100000,0.496,166
stdmap_r2,match,100000,0.497,166
stdmap_r2,match,100000,0.498,166
stdmap_r2,match,100000,0.499,166
stdmap_r2,match,100000,0.5,166
stdmap_r2,match,100000,0.501,166
stdmap_r2,match,100000,0.502,166
stdmap_r2,match,100000,0.503,166
stdmap_r2,match,100000,0.504,166
stdmap_r2,match,100000,0.505,166
stdmap_r2,match,100000,0.506,166
stdmap_r2,match,100000,0.507,166
stdmap_r2,match,100000,0.508,166
stdmap_r2,match,100000,0.509,166
stdmap_r2,match,100000,0.51,166
stdmap_r2,match,100000,0.511,166
stdmap_r2,match,100000,0.512,166
stdmap_r2,match,100000,0.513,167
stdmap_r2,match,100000,0.514,167
stdmap_r2,match,100000,0.515,167
stdmap_r2,match,100000,0.516,167
stdmap_r2,match,100000,0.517,167
stdmap_r2,match,100000,0.518,167
stdmap_r2,match,100000,0.519,167
stdmap_r2,match,100000,0.52,167
stdmap_r2,match,100000,0.521,167
stdmap_r2,match,100000,0.522,167
stdmap_r2,match,100000,0.523,167
stdmap_r2,match,100000,0.524,167
stdmap_r2,match,100000,0.525,167
stdmap_r2,match,100000,0.526,167
stdmap_r2,match,100000,0.527,167
stdmap_r2,match,100000,0.528,167
stdmap_r2,match,100000,0.529,167
stdmap_r2,match,100000,0.53,167
stdmap_r2,match,100000,0.531,167
stdmap_r2,match,100000,0.532,167
stdmap_r2,match,100000,0.533,167
stdmap_r2,match,100000,0.534,167
stdmap_r2,match,100000,0.535,167
stdmap_r2,match,100000,0.536,167
stdmap_r2,match,100000,0.537,167
stdmap_r2,match,100000,0.538,167
stdmap_r2,match,100000,0.539,167
stdmap_r2,match,100000,0.54,167
stdmap_r2,match,100000,0.541,167
stdmap_r2,match,100000,0.542,167
stdmap_r2,match,100000,0.543,167
stdmap_r2,match,100000,0.544,167
stdmap_r2,match,100000,0.545,167
stdmap_r2,match,100000,0.546,167
stdmap_r2,match,100000,0.547,167
stdmap_r2,match,100000,0.548,167
stdmap_r2,match,100000,0.549,167
stdmap_r2,match,100000,0.55,167
stdmap_r2,match,100000,0.551,208
stdmap_r2,match,100000,0.552,208
stdmap_r2,match,100000,0.553,208
stdmap_r2,match,100000,0.554,208
stdmap_r2,match,100000,0.555,208
stdmap_r2,match,100000,0.556,208
stdmap_r2,match,100000,0.557,208
stdmap_r2,match,100000,0.558,208
stdmap_r2,match,100000,0.559,208
stdmap_r2,match,100000,0.56,208
stdmap_r2,match,100000,0.561,208
stdmap_r2,match,100000,0.562,208
stdmap_r2,match,100000,0.563,208
stdmap_r2,match,100000,0.564,208
stdmap_r2,match,100000,0.565,208
stdmap_r2,match,100000,0.566,208
stdmap_r2,match,100000,0.567,208
stdmap_r2,match,100000,0.568,208
stdmap_r2,match,100000,0.569,208
stdmap_r2,match,100000,0.57,208
stdmap_r2,match,100000,0.571,208
stdmap_r2,match,100000,0.572,208
stdmap_r2,match,100000,0.573,208
stdmap_r2,match,100000,0.574,208
stdmap_r2,match,100000,0.575,208
stdmap_r2,match,100000,0.576,208
stdmap_r2,match,100000,0.577,208
stdmap_r2,match,100000,0.578,208
stdmap_r2,match,100000,0.579,208
stdmap_r2,match,100000,0.58,208
stdmap_r2,match,100000,0.581,208
stdmap_r2,match,100000,0.582,209
stdmap_r2,match,100000,0.583,209
stdmap_r2,match,100000,0.584,209
stdmap_r2,match,100000,0.585,209
stdmap_r2,match,100000,0.586,209
stdmap_r2,match,100000,0.587,209
stdmap_r2,match,100000,0.588,209
stdmap_r2,match,100000,0.589,209
stdmap_r2,match,100000,0.59,209
stdmap_r2,match,100000,0.591,209
stdmap_r2,match,100000,0.592,209
stdmap_r2,match,100000,0.593,209
stdmap_r2,match,100000,0.594,209
stdmap_r2,match,100000,0.595,209
stdmap_r2,match,100000,0.596,209
stdmap_r2,match,100000,0.597,250
stdmap_r2,match,100000,0.598,250
stdmap_r2,match,100000,0.599,250
stdmap_r2,match,100000,0.6,250
stdmap_r2,match,100000,0.601,250
stdmap_r2,match,100000,0.602,250
stdmap_r2,match,100000,0.603,250
stdmap_r2,match,100000,0.604,250
stdmap_r2,match,100000,0.605,250
stdmap_r2,match,100000,0.606,250
stdmap_r2,match,100000,0.607,250
stdmap_r2,match,100000,0.608,250
stdmap_r2,match,100000,0.609,250
stdmap_r2,match,100000,0.61,250
stdmap_r2,match,100000,0.611,250
stdmap_r2,match,100000,0.612,250
stdmap_r2,match,100000,0.613,250
stdmap_r2,match,100000,0.614,250
stdmap_r2,match,100000,0.615,250
stdmap_r2,match,100000,0.616,250
stdmap_r2,match,100000,0.617,250
stdmap_r2,match,100000,0.618,250
stdmap_r2,match,100000,0.619,250
stdmap_r2,match,100000,0.62,250
stdmap_r2,match,100000,0.621,250
stdmap_r2,match,100000,0.622,250
stdmap_r2,match,100000,0.623,250
stdmap_r2,match,100000,0.624,250
stdmap_r2,match,100000,0.625,250
stdmap_r2,match,100000,0.626,250
stdmap_r2,match,100000,0.627,250
stdmap_r2,match,100000,0.628,250
stdmap_r2,match,100000,0.629,250
stdmap_r2,match,100000,0.63,250
stdmap_r2,match,100000,0.631,250
stdmap_r2,match,100000,0.632,250
stdmap_r2,match,100000,0.633,250
stdmap_r2,match,100000,0.634,250
stdmap_r2,match,100000,0.635,291
stdmap_r2,match,100000,0.636,291
stdmap_r2,match,100000,0.637,291
stdmap_r2,match,100000,0.638,291
stdmap_r2,match,100000,0.639,291
stdmap_r2,match,100000,0.64,291
stdmap_r2,match,100000,0.641,291
stdmap_r2,match,100000,0.642,291
stdmap_r2,match,100000,0.643,291
stdmap_r2,match,100000,0.644,291
stdmap_r2,match,100000,0.645,291
stdmap_r2,match,100000,0.646,291
stdmap_r2,match,100000,0.647,291
stdmap_r2,match,100000,0.648,292
stdmap_r2,match,100000,0.649,292
stdmap_r2,match,100000,0.65,292
stdmap_r2,match,100000,0.651,292
stdmap_r2,match,100000,0.652,292
stdmap_r2,match,100000,0.653,292
stdmap_r2,match,100000,0.654,292
stdmap_r2,match,100000,0.655,292
stdmap_r2,match,100000,0.656,292
stdmap_r2,match,100000,0.657,292
stdmap_r2,match,100000,0.658,292
stdmap_r2,match,100000,0.659,292
stdmap_r2,match,100000,0.66,292
stdmap_r2,match,100000,0.661,292
stdmap_r2,match,100000,0.662,292
stdmap_r2,match,100000,0.663,292
stdmap_r2,match,100000,0.664,292
stdmap_r2,match,100000,0.665,292
stdmap_r2,match,100000,0.666,292
stdmap_r2,match,100000,0.667,292
stdmap_r2,match,100000,0.668,292
stdmap_r2,match,100000,0.669,292
stdmap_r2,match,100000,0.67,292
stdmap_r2,match,100000,0.671,292
stdmap_r2,match,100000,0.672,292
stdmap_r2,match,100000,0.673,333
stdmap_r2,match,100000,0.674,333
stdmap_r2,match,100000,0.675,333
stdmap_r2,match,100000,0.676,333
stdmap_r2,match,100000,0.677,333
stdmap_r2,match,100000,0.678,333
stdmap_r2,match,100000,0.679,333
stdmap_r2,match,100000,0.68,333
stdmap_r2,match,100000,0.681,333
stdmap_r2,match,100000,0.682,333
stdmap_r2,match,100000,0.683,333
stdmap_r2,match,100000,0.684,333
stdmap_r2,match,100000,0.685,333
stdmap_r2,match,100000,0.686,333
stdmap_r2,match,100000,0.687,333
stdmap_r2,match,100000,0.688,333
stdmap_r2,match,100000,0.689,333
stdmap_r2,match,100000,0.69,333
stdmap_r2,match,100000,0.691,333
stdmap_r2,match,100000,0.692,333
stdmap_r2,match,100000,0.693,333
stdmap_r2,match,100000,0.694,333
stdmap_r2,match,100000,0.695,333
stdmap_r2,match,100000,0.696,333
stdmap_r2,match,100000,0.697,333
stdmap_r2,match,100000,0.698,334
stdmap_r2,match,100000,0.699,334
stdmap_r2,match,100000,0.7,334
stdmap_r2,match,100000,0.701,334
stdmap_r2,match,100000,0.702,334
stdmap_r2,match,100000,0.703,334
stdmap_r2,match,100000,0.704,334
stdmap_r2,match,100000,0.705,334
stdmap_r2,match,100000,0.706,334
stdmap_r2,match,100000,0.707,334
stdmap_r2,match,100000,0.708,334
stdmap_r2,match,100000,0.709,334
stdmap_r2,match,100000,0.71,334
stdmap_r2,match,100000,0.711,375
stdmap_r2,match,100000,0.712,375
stdmap_r2,match,100000,0.713,375
stdmap_r2,match,100000,0.714,375
stdmap_r2,match,100000,0.715,375
stdmap_r2,match,100000,0.716,375
stdmap_r2,match,100000,0.717,375
stdmap_r2,match,100000,0.718,375
stdmap_r2,match,100000,0.719,375
stdmap_r2,match,100000,0.72,375
stdmap_r2,match,100000,0.721,375
stdmap_r2,match,100000,0.722,375
stdmap_r2,match,100000,0.723,375
stdmap_r2,match,100000,0.724,375
stdmap_r2,match,100000,0.725,375
stdmap_r2,match,100000,0.726,375
stdmap_r2,match,100000,0.727,375
stdmap_r2,match,100000,0.728,375
stdmap_r2,match,100000,0.729,375
stdmap_r2,match,100000,0.73,375
stdmap_r2,match,100000,0.731,375
stdmap_r2,match,100000,0.732,375
stdmap_r2,match,100000,0.733,375
stdmap_r2,match,100000,0.734,375
stdmap_r2,match,100000,0.735,375
stdmap_r2,match,100000,0.736,375
stdmap_r2,match,100000,0.737,375
stdmap_r2,match,100000,0.738,375
stdmap_r2,match,100000,0.739,375
stdmap_r2,match,100000,0.74,375
stdmap_r2,match,100000,0.741,375
stdmap_r2,match,100000,0.742,375
stdmap_r2,match,100000,0.743,416
stdmap_r2,match,100000,0.744,416
stdmap_r2,match,100000,0.745,416
stdmap_r2,match,100000,0.746,416
stdmap_r2,match,100000,0.747,416
stdmap_r2,match,100000,0.748,416
stdmap_r2,match,100000,0.749,416
stdmap_r2,match,100000,0.75,416
stdmap_r2,match,100000,0.751,416
stdmap_r2,match,100000,0.752,416
stdmap_r2,match,100000,0.753,416
stdmap_r2,match,100000,0.754,416
stdmap_r2,match,100000,0.755,417
stdmap_r2,match,100000,0.756,417
stdmap_r2,match,100000,0.757,417
stdmap_r2,match,100000,0.758,417
stdmap_r2,match,100000,0.759,417
stdmap_r2,match,100000,0.76,417
stdmap_r2,match,100000,0.761,417
stdmap_r2,match,100000,0.762,417
stdmap_r2,match,100000,0.763,417
stdmap_r2,match,100000,0.764,417
stdmap_r2,match,100000,0.765,417
stdmap_r2,match,100000,0.766,417
stdmap_r2,match,100000,0.767,417
stdmap_r2,match,100000,0.768,417
stdmap_r2,match,100000,0.769,417
stdmap_r2,match,100000,0.77,417
stdmap_r2,match,100000,0.771,417
stdmap_r2,match,100000,0.772,417
stdmap_r2,match,100000,0.773,417
stdmap_r2,match,100000,0.774,417
stdmap_r2,match,100000,0.775,417
stdmap_r2,match,100000,0.776,417
stdmap_r2,match,100000,0.777,417
stdmap_r2,match,100000,0.778,417
stdmap_r2,match,100000,0.779,458
stdmap_r2,match,100000,0.78,458
stdmap_r2,match,100000,0.781,458
stdmap_r2,match,100000,0.782,458
stdmap_r2,match,100000,0.783,458
stdmap_r2,match,100000,0.784,458
stdmap_r2,match,100000,0.785,458
stdmap_r2,match,100000,0.786,458
stdmap_r2,match,100000,0.787,458
stdmap_r2,match,100000,0.788,458
stdmap_r2,match,100000,0.789,458
stdmap_r2,match,100000,0.79,458
stdmap_r2,match,100000,0.791,458
stdmap_r2,match,100000,0.792,458
stdmap_r2,match,100000,0.793,458
stdmap_r2,match,100000,0.794,458
stdmap_r2,match,100000,0.795,458
stdmap_r2,match,100000,0.796,458
stdmap_r2,match,100000,0.797,458
stdmap_r2,match,100000,0.798,458
stdmap_r2,match,100000,0.799,458
stdmap_r2,match,100000,0.8,459
stdmap_r2,match,100000,0.801,459
stdmap_r2,match,100000,0.802,459
stdmap_r2,match,100000,0.803,459
stdmap_r2,match,100000,0.804,459
stdmap_r2,match,100000,0.805,459
stdmap_r2,match,100000,0.806,459
stdmap_r2,match,100000,0.807,459
stdmap_r2,match,100000,0.808,459
stdmap_r2,match,100000,0.809,459
stdmap_r2,match,100000,0.81,459
stdmap_r2,match,100000,0.811,500
stdmap_r2,match,100000,0.812,500
stdmap_r2,match,100000,0.813,500
stdmap_r2,match,100000,0.814,500
stdmap_r2,match,100000,0.815,500
stdmap_r2,match,100000,0.816,500
stdmap_r2,match,100000,0.817,500
stdmap_r2,match,100000,0.818,500
stdmap_r2,match,100000,0.819,500
stdmap_r2,match,100000,0.82,500
stdmap_r2,match,100000,0.821,500
stdmap_r2,match,100000,0.822,500
stdmap_r2,match,100000,0.823,500
stdmap_r2,match,100000,0.824,500
stdmap_r2,match,100000,0.825,500
stdmap_r2,match,100000,0.826,500
stdmap_r2,match,100000,0.827,500
stdmap_r2,match,100000,0.828,500
stdmap_r2,match,100000,0.829,500
stdmap_r2,match,100000,0.83,500
stdmap_r2,match,100000,0.831,500
stdmap_r2,match,100000,0.832,500
stdmap_r2,match,100000,0.833,500
stdmap_r2,match,100000,0.834,500
stdmap_r2,match,100000,0.835,500
stdmap_r2,match,100000,0.836,500
stdmap_r2,match,100000,0.837,500
stdmap_r2,match,100000,0.838,500
stdmap_r2,match,100000,0.839,541
stdmap_r2,match,100000,0.84,541
stdmap_r2,match,100000,0.841,541
stdmap_r2,match,100000,0.842,541
stdmap_r2,match,100000,0.843,541
stdmap_r2,match,100000,0.844,541
stdmap_r2,match,100000,0.845,541
stdmap_r2,match,100000,0.846,542
stdmap_r2,match,100000,0.847,542
stdmap_r2,match,100000,0.848,542
stdmap_r2,match,100000,0.849,542
stdmap_r2,match,100000,0.85,542
stdmap_r2,match,100000,0.851,542
stdmap_r2,match,100000,0.852,542
stdmap_r2,match,100000,0.853,542
stdmap_r2,match,100000,0.854,542
stdmap_r2,match,100000,0.855,542
stdmap_r2,match,100000,0.856,542
stdmap_r2,match,100000,0.857,542
stdmap_r2,match,100000,0.858,542
stdmap_r2,match,100000,0.859,542
stdmap_r2,match,100000,0.86,542
stdmap_r2,match,100000,0.861,542
stdmap_r2,match,100000,0.862,542
stdmap_r2,match,100000,0.863,583
stdmap_r2,match,100000,0.864,583
stdmap_r2,match,100000,0.865,583
stdmap_r2,match,100000,0.866,583
stdmap_r2,match,100000,0.867,583
stdmap_r2,match,100000,0.868,583
stdmap_r2,match,100000,0.869,583
stdmap_r2,match,100000,0.87,583
stdmap_r2,match,100000,0.871,583
stdmap_r2,match,100000,0.872,583
stdmap_r2,match,100000,0.873,583
stdmap_r2,match,100000,0.874,583
stdmap_r2,match,100000,0.875,583
stdmap_r2,match,100000,0.876,583
stdmap_r2,match,100000,0.877,584
stdmap_r2,match,100000,0.878,584
stdmap_r2,match,100000,0.879,584
stdmap_r2,match,100000,0.88,584
stdmap_r2,match,100000,0.881,584
stdmap_r2,match,100000,0.882,584
stdmap_r2,match,100000,0.883,584
stdmap_r2,match,100000,0.884,625
stdmap_r2,match,100000,0.885,625
stdmap_r2,match,100000,0.886,625
stdmap_r2,match,100000,0.887,625
stdmap_r2,match,100000,0.888,625
stdmap_r2,match,100000,0.889,625
stdmap_r2,match,100000,0.89,625
stdmap_r2,match,100000,0.891,625
stdmap_r2,match,100000,0.892,625
stdmap_r2,match,100000,0.893,625
stdmap_r2,match,100000,0.894,625
stdmap_r2,match,100000,0.895,625
stdmap_r2,match,100000,0.896,625
stdmap_r2,match,100000,0.897,625
stdmap_r2,match,100000,0.898,625
stdmap_r2,match,100000,0.899,625
stdmap_r2,match,100000,0.9,625
stdmap_r2,match,100000,0.901,666
stdmap_r2,match,100000,0.902,666
stdmap_r2,match,100000,0.903,666
stdmap_r2,match,100000,0.904,666
stdmap_r2,match,100000,0.905,666
stdmap_r2,match,100000,0.906,667
stdmap_r2,match,100000,0.907,667
stdmap_r2,match,100000,0.908,667
stdmap_r2,match,100000,0.909,667
stdmap_r2,match,100000,0.91,667
stdmap_r2,match,100000,0.911,667
stdmap_r2,match,100000,0.912,667
stdmap_r2,match,100000,0.913,667
stdmap_r2,match,100000,0.914,667
stdmap_r2,match,100000,0.915,708
stdmap_r2,match,100000,0.916,708
stdmap_r2,match,100000,0.917,708
stdmap_r2,match,100000,0.918,708
stdmap_r2,match,100000,0.919,708
stdmap_r2,match,100000,0.92,708
stdmap_r2,match,100000,0.921,708
stdmap_r2,match,100000,0.922,708
stdmap_r2,match,100000,0.923,709
stdmap_r2,match,100000,0.924,709
stdmap_r2,match,100000,0.925,709
stdmap_r2,match,100000,0.926,709
stdmap_r2,match,100000,0.927,709
stdmap_r2,match,100000,0.928,750
stdmap_r2,match,100000,0.929,750
stdmap_r2,match,100000,0.93,750
stdmap_r2,match,100000,0.931,750
stdmap_r2,match,100000,0.932,750
stdmap_r2,match,100000,0.933,750
stdmap_r2,match,100000,0.934,750
stdmap_r2,match,100000,0.935,750
stdmap_r2,match,100000,0.936,750
stdmap_r2,match,100000,0.937,750
stdmap_r2,match,100000,0.938,791
stdmap_r2,match,100000,0.939,791
stdmap_r2,match,100000,0.94,791
stdmap_r2,match,100000,0.941,792
stdmap_r2,match,100000,0.942,792
stdmap_r2,match,100000,0.943,792
stdmap_r2,match,100000,0.944,792
stdmap_r2,match,100000,0.945,792
stdmap_r2,match,100000,0.946,792
stdmap_r2,match,100000,0.947,833
stdmap_r2,match,100000,0.948,833
stdmap_r2,match,100000,0.949,833
stdmap_r2,match,100000,0.95,833
stdmap_r2,match,100000,0.951,834
stdmap_r2,match,100000,0.952,834
stdmap_r2,match,100000,0.953,834
stdmap_r2,match,100000,0.954,875
stdmap_r2,match,100000,0.955,875
stdmap_r2,match,100000,0.956,875
stdmap_r2,match,100000,0.957,875
stdmap_r2,match,100000,0.958,875
stdmap_r2,match,100000,0.959,875
stdmap_r2,match,100000,0.96,916
stdmap_r2,match,100000,0.961,917
stdmap_r2,match,100000,0.962,917
stdmap_r2,match,100000,0.963,917
stdmap_r2,match,100000,0.964,917
stdmap_r2,match,100000,0.965,958
stdmap_r2,match,100000,0.966,958
stdmap_r2,match,100000,0.967,958
stdmap_r2,match,100000,0.968,959
stdmap_r2,match,100000,0.969,1000
stdmap_r2,match,100000,0.97,1000
stdmap_r2,match,100000,0.971,1000
stdmap_r2,match,100000,0.972,1000
stdmap_r2,match,100000,0.973,1041
stdmap_r2,match,100000,0.974,1042
stdmap_r2,match,100000,0.975,1042
stdmap_r2,match,100000,0.976,1042
stdmap_r2,match,100000,0.977,1083
stdmap_r2,match,100000,0.978,1083
stdmap_r2,match,100000,0.979,1084
stdmap_r2,match,100000,0.98,1125
stdmap_r2,match,100000,0.981,1125
stdmap_r2,match,100000,0.982,1166
stdmap_r2,match,100000,0.983,1167
stdmap_r2,match,100000,0.984,1208
stdmap_r2,match,100000,0.985,1208
stdmap_r2,match,100000,0.986,1250
stdmap_r2,match,100000,0.987,1250
stdmap_r2,match,100000,0.988,1292
stdmap_r2,match,100000,0.989,1333
stdmap_r2,match,100000,0.99,1334
stdmap_r2,match,100000,0.991,1375
stdmap_r2,match,100000,0.992,1417
stdmap_r2,match,100000,0.993,1500
stdmap_r2,match,100000,0.994,1541
stdmap_r2,match,100000,0.995,1584
stdmap_r2,match,100000,0.996,1667
stdmap_r2,match,100000,0.997,1791
stdmap_r2,match,100000,0.998,1959
stdmap_r2,match,100000,0.999,2541
stdmap_r2,add,1000000,0,0
stdmap_r2,add,1000000,0.001,41
stdmap_r2,add,1000000,0.002,41
stdmap_r2,add,1000000,0.003,41
stdmap_r2,add,1000000,0.004,41
stdmap_r2,add,1000000,0.005,41
stdmap_r2,add,1000000,0.006,41
stdmap_r2,add,1000000,0.007,41
stdmap_r2,add,1000000,0.008,41
stdmap_r2,add,1000000,0.009,41
stdmap_r2,add,1000000,0.01,41
stdmap_r2,add,1000000,0.011,41
stdmap_r2,add,1000000,0.012,41
stdmap_r2,add,1000000,0.013,41
stdmap_r2,add,1000000,0.014,41
stdmap_r2,add,1000000,0.015,41
stdmap_r2,add,1000000,0.016,41
stdmap_r2,add,1000000,0.017,41
stdmap_r2,add,1000000,0.018,41
stdmap_r2,add,1000000,0.019,41
stdmap_r2,add,1000000,0.02,41
stdmap_r2,add,1000000,0.021,41
stdmap_r2,add,1000000,0.022,41
stdmap_r2,add,1000000,0.023,41
stdmap_r2,add,1000000,0.024,41
stdmap_r2,add,1000000,0.025,41
stdmap_r2,add,1000000,0.026,41
stdmap_r2,add,1000000,0.027,41
stdmap_r2,add,1000000,0.028,41
stdmap_r2,add,1000000,0.029,41
stdmap_r2,add,1000000,0.03,41
stdmap_r2,add,1000000,0.031,42
stdmap_r2,add,1000000,0.032,42
stdmap_r2,add,1000000,0.033,42
stdmap_r2,add,1000000,0.034,42
stdmap_r2,add,1000000,0.035,42
stdmap_r2,add,1000000,0.036,42
stdmap_r2,add,1000000,0.037,42
stdmap_r2,add,1000000,0.038,42
stdmap_r2,add,1000000,0.039,42
stdmap_r2,add,1000000,0.04,42
stdmap_r2,add,1000000,0.041,42
stdmap_r2,add,1000000,0.042,42
stdmap_r2,add,1000000,0.043,42
stdmap_r2,add,1000000,0.044,42
stdmap_r2,add,1000000,0.045,42
stdmap_r2,add,1000000,0.046,42
stdmap_r2,add,1000000,0.047,42
stdmap_r2,add,1000000,0.048,42
stdmap_r2,add,1000000,0.049,42
stdmap_r2,add,1000000,0.05,42
stdmap_r2,add,1000000,0.051,42
stdmap_r2,add,1000000,0.052,42
stdmap_r2,add,1000000,0.053,42
stdmap_r2,add,1000000,0.054,42
stdmap_r2,add,1000000,0.055,42
stdmap_r2,add,1000000,0.056,42
stdmap_r2,add,1000000,0.057,42
stdmap_r2,add,1000000,0.058,42
stdmap_r2,add,1000000,0.059,42
stdmap_r2,add,1000000,0.06,42
stdmap_r2,add,1000000,0.061,42
stdmap_r2,add,1000000,0.062,42
stdmap_r2,add,1000000,0.063,42
stdmap_r2,add,1000000,0.064,42
stdmap_r2,add,1000000,0.065,42
stdmap_r2,add,1000000,0.066,42
stdmap_r2,add,1000000,0.067,42
stdmap_r2,add,1000000,0.068,42
stdmap_r2,add,1000000,0.069,42
stdmap_r2,add,1000000,0.07,42
stdmap_r2,add,1000000,0.071,42
stdmap_r2,add,1000000,0.072,42
stdmap_r2,add,1000000,0.073,42
stdmap_r2,add,1000000,0.074,42
stdmap_r2,add,1000000,0.075,42
stdmap_r2,add,1000000,0.076,42
stdmap_r2,add,1000000,0.077,42
stdmap_r2,add,1000000,0.078,42
stdmap_r2,add,1000000,0.079,42
stdmap_r2,add,1000000,0.08,42
stdmap_r2,add,1000000,0.081,42
stdmap_r2,add,1000000,0.082,42
stdmap_r2,add,1000000,0.083,42
stdmap_r2,add,1000000,0.084,42
stdmap_r2,add,1000000,0.085,42
stdmap_r2,add,1000000,0.086,42
stdmap_r2,add,1000000,0.087,42
stdmap_r2,add,1000000,0.088,42
stdmap_r2,add,1000000,0.089,42
stdmap_r2,add,1000000,0.09,42
stdmap_r2,add,1000000,0.091,42
stdmap_r2,add,1000000,0.092,42
stdmap_r2,add,1000000,0.093,83
stdmap_r2,add,1000000,0.094,83
stdmap_r2,add,1000000,0.095,83
stdmap_r2,add,1000000,0.096,83
stdmap_r2,add,1000000,0.097,83
stdmap_r2,add,1000000,0.098,83
stdmap_r2,add,1000000,0.099,83
stdmap_r2,add,1000000,0.1,83
stdmap_r2,add,1000000,0.101,83
stdmap_r2,add,1000000,0.102,83
stdmap_r2,add,1000000,0.103,83
stdmap_r2,add,1000000,0.104,83
stdmap_r2,add,1000000,0.105,83
stdmap_r2,add,1000000,0.106,83
stdmap_r2,add,1000000,0.107,83
stdmap_r2,add,1000000,0.108,83
stdmap_r2,add,1000000,0.109,83
stdmap_r2,add,1000000,0.11,83
stdmap_r2,add,1000000,0.111,83
stdmap_r2,add,1000000,0.112,83
stdmap_r2,add,1000000,0.113,83
stdmap_r2,add,1000000,0.114,83
stdmap_r2,add,1000000,0.115,83
stdmap_r2,add,1000000,0.116,83
stdmap_r2,add,1000000,0.117,83
stdmap_r2,add,1000000,0.118,83
stdmap_r2,add,1000000,0.119,83
stdmap_r2,add,1000000,0.12,83
stdmap_r2,add,1000000,0.121,83
stdmap_r2,add,1000000,0.122,83
stdmap_r2,add,1000000,0.123,83
stdmap_r2,add,1000000,0.124,83
stdmap_r2,add,1000000,0.125,83
stdmap_r2,add,1000000,0.126,83
stdmap_r2,add,1000000,0.127,83
stdmap_r2,add,1000000,0.128,83
stdmap_r2,add,1000000,0.129,83
stdmap_r2,add,1000000,0.13,83
stdmap_r2,add,1000000,0.131,83
stdmap_r2,add,1000000,0.132,83
stdmap_r2,add,1000000,0.133,83
stdmap_r2,add,1000000,0.134,83
stdmap_r2,add,1000000,0.135,83
stdmap_r2,add,1000000,0.136,83
stdmap_r2,add,1000000,0.137,83
stdmap_r2,add,1000000,0.138,83
stdmap_r2,add,1000000,0.139,83
stdmap_r2,add,1000000,0.14,83
stdmap_r2,add,1000000,0.141,83
stdmap_r2,add,1000000,0.142,83
stdmap_r2,add,1000000,0.143,83
stdmap_r2,add,1000000,0.144,83
stdmap_r2,add,1000000,0.145,83
stdmap_r2,add,1000000,0.146,83
stdmap_r2,add,1000000,0.147,83
stdmap_r2,add,1000000,0.148,83
stdmap_r2,add,1000000,0.149,83
stdmap_r2,add,1000000,0.15,83
stdmap_r2,add,1000000,0.151,83
stdmap_r2,add,1000000,0.152,83
stdmap_r2,add,1000000,0.153,83
stdmap_r2,add,1000000,0.154,83
stdmap_r2,add,1000000,0.155,83
stdmap_r2,add,1000000,0.156,83
stdmap_r2,add,1000000,0.157,83
stdmap_r2,add,1000000,0.158,83
stdmap_r2,add,1000000,0.159,83
stdmap_r2,add,1000000,0.16,83
stdmap_r2,add,1000000,0.161,83
stdmap_r2,add,1000000,0.162,83
stdmap_r2,add,1000000,0.163,83
stdmap_r2,add,1000000,0.164,83
stdmap_r2,add,1000000,0.165,83
stdmap_r2,add,1000000,0.166,83
stdmap_r2,add,1000000,0.167,83
stdmap_r2,add,1000000,0.168,83
stdmap_r2,add,1000000,0.169,83
stdmap_r2,add,1000000,0.17,83
stdmap_r2,add,1000000,0.171,83
stdmap_r2,add,1000000,0.172,83
stdmap_r2,add,1000000,0.173,83
stdmap_r2,add,1000000,0.174,83
stdmap_r2,add,1000000,0.175,83
stdmap_r2,add,1000000,0.176,83
stdmap_r2,add,1000000,0.177,83
stdmap_r2,add,1000000,0.178,83
stdmap_r2,add,1000000,0.179,83
stdmap_r2,add,1000000,0.18,83
stdmap_r2,add,1000000,0.181,83
stdmap_r2,add,1000000,0.182,83
stdmap_r2,add,1000000,0.183,83
stdmap_r2,add,1000000,0.184,83
stdmap_r2,add,1000000,0.185,83
stdmap_r2,add,1000000,0.186,83
stdmap_r2,add,1000000,0.187,83
stdmap_r2,add,1000000,0.188,83
stdmap_r2,add,1000000,0.189,83
stdmap_r2,add,1000000,0.19,83
stdmap_r2,add,1000000,0.191,83
stdmap_r2,add,1000000,0.192,83
stdmap_r2,add,1000000,0.193,83
stdmap_r2,add,1000000,0.194,83
stdmap_r2,add,1000000,0.195,83
stdmap_r2,add,1000000,0.196,83
stdmap_r2,add,1000000,0.197,83
stdmap_r2,add,1000000,0.198,83
stdmap_r2,add,1000000,0.199,83
stdmap_r2,add,1000000,0.2,83
stdmap_r2,add,1000000,0.201,83
stdmap_r2,add,1000000,0.202,83
stdmap_r2,add,1000000,0.203,83
stdmap_r2,add,1000000,0.204,83
stdmap_r2,add,1000000,0.205,83
stdmap_r2,add,1000000,0.206,83
stdmap_r2,add,1000000,0.207,83
stdmap_r2,add,1000000,0.208,83
stdmap_r2,add,1000000,0.209,83
stdmap_r2,add,1000000,0.21,83
stdmap_r2,add,1000000,0.211,83
stdmap_r2,add,1000000,0.212,83
stdmap_r2,add,1000000,0.213,83
stdmap_r2,add,1000000,0.214,83
stdmap_r2,add,1000000,0.215,83
stdmap_r2,add,1000000,0.216,83
stdmap_r2,add,1000000,0.217,83
stdmap_r2,add,1000000,0.218,83
stdmap_r2,add,1000000,0.219,83
stdmap_r2,add,1000000,0.22,83
stdmap_r2,add,1000000,0.221,83
stdmap_r2,add,1000000,0.222,83
stdmap_r2,add,1000000,0.223,83
stdmap_r2,add,1000000,0.224,83
stdmap_r2,add,1000000,0.225,83
stdmap_r2,add,1000000,0.226,83
stdmap_r2,add,1000000,0.227,83
stdmap_r2,add,1000000,0.228,83
stdmap_r2,add,1000000,0.229,83
stdmap_r2,add,1000000,0.23,83
stdmap_r2,add,1000000,0.231,83
stdmap_r2,add,1000000,0.232,83
stdmap_r2,add,1000000,0.233,83
stdmap_r2,add,1000000,0.234,83
stdmap_r2,add,1000000,0.235,83
stdmap_r2,add,1000000,0.236,83
stdmap_r2,add,1000000,0.237,83
stdmap_r2,add,1000000,0.238,83
stdmap_r2,add,1000000,0.239,83
stdmap_r2,add,1000000,0.24,83
stdmap_r2,add,1000000,0.241,83
stdmap_r2,add,1000000,0.242,83
stdmap_r2,add,1000000,0.243,83
stdmap_r2,add,1000000,0.244,83
stdmap_r2,add,1000000,0.245,83
stdmap_r2,add,1000000,0.246,83
stdmap_r2,add,1000000,0.247,83
stdmap_r2,add,1000000,0.248,83
stdmap_r2,add,1000000,0.249,83
stdmap_r2,add,1000000,0.25,83
stdmap_r2,add,1000000,0.251,83
stdmap_r2,add,1000000,0.252,83
stdmap_r2,add,1000000,0.253,83
stdmap_r2,add,1000000,0.254,83
stdmap_r2,add,1000000,0.255,83
stdmap_r2,add,1000000,0.256,83
stdmap_r2,add,1000000,0.257,83
stdmap_r2,add,1000000,0.258,83
stdmap_r2,add,1000000,0.259,83
stdmap_r2,add,1000000,0.26,83
stdmap_r2,add,1000000,0.261,83
stdmap_r2,add,1000000,0.262,83
stdmap_r2,add,1000000,0.263,83
stdmap_r2,add,1000000,0.264,83
stdmap_r2,add,1000000,0.265,83
stdmap_r2,add,1000000,0.266,83
stdmap_r2,add,1000000,0.267,83
stdmap_r2,add,1000000,0.268,83
stdmap_r2,add,1000000,0.269,83
stdmap_r2,add,1000000,0.27,83
stdmap_r2,add,1000000,0.271,83
stdmap_r2,add,1000000,0.272,83
stdmap_r2,add,1000000,0.273,83
stdmap_r2,add,1000000,0.274,83
stdmap_r2,add,1000000,0.275,83
stdmap_r2,add,1000000,0.276,83
stdmap_r2,add,1000000,0.277,83
stdmap_r2,add,1000000,0.278,83
stdmap_r2,add,1000000,0.279,83
stdmap_r2,add,1000000,0.28,83
stdmap_r2,add,1000000,0.281,83
stdmap_r2,add,1000000,0.282,83
stdmap_r2,add,1000000,0.283,83
stdmap_r2,add,1000000,0.284,83
stdmap_r2,add,1000000,0.285,83
stdmap_r2,add,1000000,0.286,83
stdmap_r2,add,1000000,0.287,83
stdmap_r2,add,1000000,0.288,83
stdmap_r2,add,1000000,0.289,83
stdmap_r2,add,1000000,0.29,83
stdmap_r2,add,1000000,0.291,83
stdmap_r2,add,1000000,0.292,83
stdmap_r2,add,1000000,0.293,83
stdmap_r2,add,1000000,0.294,83
stdmap_r2,add,1000000,0.295,83
stdmap_r2,add,1000000,0.296,83
stdmap_r2,add,1000000,0.297,83
stdmap_r2,add,1000000,0.298,83
stdmap_r2,add,1000000,0.299,83
stdmap_r2,add,1000000,0.3,83
stdmap_r2,add,1000000,0.301,83
stdmap_r2,add,1000000,0.302,83
stdmap_r2,add,1000000,0.303,83
stdmap_r2,add,1000000,0.304,83
stdmap_r2,add,1000000,0.305,83
stdmap_r2,add,1000000,0.306,83
stdmap_r2,add,1000000,0.307,83
stdmap_r2,add,1000000,0.308,83
stdmap_r2,add,1000000,0.309,83
stdmap_r2,add,1000000,0.31,83
stdmap_r2,add,1000000,0.311,83
stdmap_r2,add,1000000,0.312,83
stdmap_r2,add,1000000,0.313,83
stdmap_r2,add,1000000,0.314,83
stdmap_r2,add,1000000,0.315,83
stdmap_r2,add,1000000,0.316,83
stdmap_r2,add,1000000,0.317,83
stdmap_r2,add,1000000,0.318,83
stdmap_r2,add,1000000,0.319,83
stdmap_r2,add,1000000,0.32,83
stdmap_r2,add,1000000,0.321,83
stdmap_r2,add,1000000,0.322,83
stdmap_r2,add,1000000,0.323,83
stdmap_r2,add,1000000,0.324,83
stdmap_r2,add,1000000,0.325,83
stdmap_r2,add,1000000,0.326,83
stdmap_r2,add,1000000,0.327,83
stdmap_r2,add,1000000,0.328,83
stdmap_r2,add,1000000,0.329,83
stdmap_r2,add,1000000,0.33,83
stdmap_r2,add,1000000,0.331,83
stdmap_r2,add,1000000,0.332,83
stdmap_r2,add,1000000,0.333,83
stdmap_r2,add,1000000,0.334,83
stdmap_r2,add,1000000,0.335,83
stdmap_r2,add,1000000,0.336,83
stdmap_r2,add,1000000,0.337,83
stdmap_r2,add,1000000,0.338,83
stdmap_r2,add,1000000,0.339,83
stdmap_r2,add,1000000,0.34,83
stdmap_r2,add,1000000,0.341,83
stdmap_r2,add,1000000,0.342,83
stdmap_r2,add,1000000,0.343,83
stdmap_r2,add,1000000,0.344,83
stdmap_r2,add,1000000,0.345,83
stdmap_r2,add,1000000,0.346,83
stdmap_r2,add,1000000,0.347,83
stdmap_r2,add,1000000,0.348,83
stdmap_r2,add,1000000,0.349,83
stdmap_r2,add,1000000,0.35,83
stdmap_r2,add,1000000,0.351,83
stdmap_r2,add,1000000,0.352,83
stdmap_r2,add,1000000,0.353,83
stdmap_r2,add,1000000,0.354,83
stdmap_r2,add,1000000,0.355,83
stdmap_r2,add,1000000,0.356,83
stdmap_r2,add,1000000,0.357,83
stdmap_r2,add,1000000,0.358,83
stdmap_r2,add,1000000,0.359,83
stdmap_r2,add,1000000,0.36,83
stdmap_r2,add,1000000,0.361,83
stdmap_r2,add,1000000,0.362,83
stdmap_r2,add,1000000,0.363,83
stdmap_r2,add,1000000,0.364,83
stdmap_r2,add,1000000,0.365,83
stdmap_r2,add,1000000,0.366,83
stdmap_r2,add,1000000,0.367,83
stdmap_r2,add,1000000,0.368,83
stdmap_r2,add,1000000,0.369,83
stdmap_r2,add,1000000,0.37,83
stdmap_r2,add,1000000,0.371,83
stdmap_r2,add,1000000,0.372,83
stdmap_r2,add,1000000,0.373,83
stdmap_r2,add,1000000,0.374,83
stdmap_r2,add,1000000,0.375,83
stdmap_r2,add,1000000,0.376,83
stdmap_r2,add,1000000,0.377,83
stdmap_r2,add,1000000,0.378,83
stdmap_r2,add,1000000,0.379,83
stdmap_r2,add,1000000,0.38,83
stdmap_r2,add,1000000,0.381,83
stdmap_r2,add,1000000,0.382,83
stdmap_r2,add,1000000,0.383,83
stdmap_r2,add,1000000,0.384,83
stdmap_r2,add,1000000,0.385,83
stdmap_r2,add,1000000,0.386,83
stdmap_r2,add,1000000,0.387,83
stdmap_r2,add,1000000,0.388,83
stdmap_r2,add,1000000,0.389,83
stdmap_r2,add,1000000,0.39,83
stdmap_r2,add,1000000,0.391,83
stdmap_r2,add,1000000,0.392,83
stdmap_r2,add,1000000,0.393,83
stdmap_r2,add,1000000,0.394,83
stdmap_r2,add,1000000,0.395,83
stdmap_r2,add,1000000,0.396,83
stdmap_r2,add,1000000,0.397,83
stdmap_r2,add,1000000,0.398,83
stdmap_r2,add,1000000,0.399,83
stdmap_r2,add,1000000,0.4,83
stdmap_r2,add,1000000,0.401,83
stdmap_r2,add,1000000,0.402,83
stdmap_r2,add,1000000,0.403,83
stdmap_r2,add,1000000,0.404,83
stdmap_r2,add,1000000,0.405,83
stdmap_r2,add,1000000,0.406,83
stdmap_r2,add,1000000,0.407,83
stdmap_r2,add,1000000,0.408,83
stdmap_r2,add,1000000,0.409,83
stdmap_r2,add,1000000,0.41,83
stdmap_r2,add,1000000,0.411,83
stdmap_r2,add,1000000,0.412,83
stdmap_r2,add,1000000,0.413,83
stdmap_r2,add,1000000,0.414,83
stdmap_r2,add,1000000,0.415,83
stdmap_r2,add,1000000,0.416,83
stdmap_r2,add,1000000,0.417,83
stdmap_r2,add,1000000,0.418,83
stdmap_r2,add,1000000,0.419,83
stdmap_r2,add,1000000,0.42,83
stdmap_r2,add,1000000,0.421,83
stdmap_r2,add,1000000,0.422,83
stdmap_r2,add,1000000,0.423,83
stdmap_r2,add,1000000,0.424,83
stdmap_r2,add,1000000,0.425,83
stdmap_r2,add,1000000,0.426,83
stdmap_r2,add,1000000,0.427,84
stdmap_r2,add,1000000,0.428,84
stdmap_r2,add,1000000,0.429,84
stdmap_r2,add,1000000,0.43,84
stdmap_r2,add,1000000,0.431,84
stdmap_r2,add,1000000,0.432,84
stdmap_r2,add,1000000,0.433,84
stdmap_r2,add,1000000,0.434,84
stdmap_r2,add,1000000,0.435,84
stdmap_r2,add,1000000,0.436,84
stdmap_r2,add,1000000,0.437,84
stdmap_r2,add,1000000,0.438,84
stdmap_r2,add,1000000,0.439,84
stdmap_r2,add,1000000,0.44,84
stdmap_r2,add,1000000,0.441,84
stdmap_r2,add,1000000,0.442,84
stdmap_r2,add,1000000,0.443,84
stdmap_r2,add,1000000,0.444,84
stdmap_r2,add,1000000,0.445,84
stdmap_r2,add,1000000,0.446,84
stdmap_r2,add,1000000,0.447,84
stdmap_r2,add,1000000,0.448,84
stdmap_r2,add,1000000,0.449,84
stdmap_r2,add,1000000,0.45,84
stdmap_r2,add,1000000,0.451,84
stdmap_r2,add,1000000,0.452,84
stdmap_r2,add,1000000,0.453,84
stdmap_r2,add,1000000,0.454,84
stdmap_r2,add,1000000,0.455,84
stdmap_r2,add,1000000,0.456,84
stdmap_r2,add,1000000,0.457,84
stdmap_r2,add,1000000,0.458,84
stdmap_r2,add,1000000,0.459,84
stdmap_r2,add,1000000,0.46,84
stdmap_r2,add,1000000,0.461,84
stdmap_r2,add,1000000,0.462,84
stdmap_r2,add,1000000,0.463,84
stdmap_r2,add,1000000,0.464,84
stdmap_r2,add,1000000,0.465,84
stdmap_r2,add,1000000,0.466,84
stdmap_r2,add,1000000,0.467,84
stdmap_r2,add,1000000,0.468,84
stdmap_r2,add,1000000,0.469,84
stdmap_r2,add,1000000,0.47,84
stdmap_r2,add,1000000,0.471,84
stdmap_r2,add,1000000,0.472,84
stdmap_r2,add,1000000,0.473,84
stdmap_r2,add,1000000,0.474,84
stdmap_r2,add,1000000,0.475,84
stdmap_r2,add,1000000,0.476,84
stdmap_r2,add,1000000,0.477,84
stdmap_r2,add,1000000,0.478,84
stdmap_r2,add,1000000,0.479,84
stdmap_r2,add,1000000,0.48,84
stdmap_r2,add,1000000,0.481,84
stdmap_r2,add,1000000,0.482,84
stdmap_r2,add,1000000,0.483,84
stdmap_r2,add,1000000,0.484,84
stdmap_r2,add,1000000,0.485,84
stdmap_r2,add,1000000,0.486,84
stdmap_r2,add,1000000,0.487,84
stdmap_r2,add,1000000,0.488,84
stdmap_r2,add,1000000,0.489,84
stdmap_r2,add,1000000,0.49,84
stdmap_r2,add,1000000,0.491,84
stdmap_r2,add,1000000,0.492,84
stdmap_r2,add,1000000,0.493,84
stdmap_r2,add,1000000,0.494,84
stdmap_r2,add,1000000,0.495,84
stdmap_r2,add,1000000,0.496,84
stdmap_r2,add,1000000,0.497,84
stdmap_r2,add,1000000,0.498,84
stdmap_r2,add,1000000,0.499,84
stdmap_r2,add,1000000,0.5,84
stdmap_r2,add,1000000,0.501,84
stdmap_r2,add,1000000,0.502,84
stdmap_r2,add,1000000,0.503,84
stdmap_r2,add,1000000,0.504,84
stdmap_r2,add,1000000,0.505,84
stdmap_r2,add,1000000,0.506,84
stdmap_r2,add,1000000,0.507,84
stdmap_r2,add,1000000,0.508,84
stdmap_r2,add,1000000,0.509,84
stdmap_r2,add,1000000,0.51,84
stdmap_r2,add,1000000,0.511,84
stdmap_r2,add,1000000,0.512,84
stdmap_r2,add,1000000,0.513,84
stdmap_r2,add,1000000,0.514,84
stdmap_r2,add,1000000,0.515,84
stdmap_r2,add,1000000,0.516,84
stdmap_r2,add,1000000,0.517,84
stdmap_r2,add,1000000,0.518,84
stdmap_r2,add,1000000,0.519,84
stdmap_r2,add,1000000,0.52,84
stdmap_r2,add,1000000,0.521,84
stdmap_r2,add,1000000,0.522,84
stdmap_r2,add,1000000,0.523,84
stdmap_r2,add,1000000,0.524,84
stdmap_r2,add,1000000,0.525,84
stdmap_r2,add,1000000,0.526,84
stdmap_r2,add,1000000,0.527,84
stdmap_r2,add,1000000,0.528,84
stdmap_r2,add,1000000,0.529,84
stdmap_r2,add,1000000,0.53,84
stdmap_r2,add,1000000,0.531,84
stdmap_r2,add,1000000,0.532,84
stdmap_r2,add,1000000,0.533,84
stdmap_r2,add,1000000,0.534,84
stdmap_r2,add,1000000,0.535,84
stdmap_r2,add,1000000,0.536,84
stdmap_r2,add,1000000,0.537,84
stdmap_r2,add,1000000,0.538,84
stdmap_r2,add,1000000,0.539,84
stdmap_r2,add,1000000,0.54,84
stdmap_r2,add,1000000,0.541,84
stdmap_r2,add,1000000,0.542,84
stdmap_r2,add,1000000,0.543,84
stdmap_r2,add,1000000,0.544,84
stdmap_r2,add,1000000,0.545,84
stdmap_r2,add,1000000,0.546,84
stdmap_r2,add,1000000,0.547,84
stdmap_r2,add,1000000,0.548,84
stdmap_r2,add,1000000,0.549,84
stdmap_r2,add,1000000,0.55,84
stdmap_r2,add,1000000,0.551,84
stdmap_r2,add,1000000,0.552,84
stdmap_r2,add,1000000,0.553,84
stdmap_r2,add,1000000,0.554,84
stdmap_r2,add,1000000,0.555,84
stdmap_r2,add,1000000,0.556,84
stdmap_r2,add,1000000,0.557,84
stdmap_r2,add,1000000,0.558,84
stdmap_r2,add,1000000,0.559,84
stdmap_r2,add,1000000,0.56,84
stdmap_r2,add,1000000,0.561,84
stdmap_r2,add,1000000,0.562,84
stdmap_r2,add,1000000,0.563,84
stdmap_r2,add,1000000,0.564,84
stdmap_r2,add,1000000,0.565,84
stdmap_r2,add,1000000,0.566,84
stdmap_r2,add,1000000,0.567,84
stdmap_r2,add,1000000,0.568,84
stdmap_r2,add,1000000,0.569,84
stdmap_r2,add,1000000,0.57,84
stdmap_r2,add,1000000,0.571,84
stdmap_r2,add,1000000,0.572,84
stdmap_r2,add,1000000,0.573,84
stdmap_r2,add,1000000,0.574,84
stdmap_r2,add,1000000,0.575,84
stdmap_r2,add,1000000,0.576,84
stdmap_r2,add,1000000,0.577,84
stdmap_r2,add,1000000,0.578,84
stdmap_r2,add,1000000,0.579,84
stdmap_r2,add,1000000,0.58,84
stdmap_r2,add,1000000,0.581,84
stdmap_r2,add,1000000,0.582,84
stdmap_r2,add,1000000,0.583,84
stdmap_r2,add,1000000,0.584,84
stdmap_r2,add,1000000,0.585,84
stdmap_r2,add,1000000,0.586,84
stdmap_r2,add,1000000,0.587,84
stdmap_r2,add,1000000,0.588,84
stdmap_r2,add,1000000,0.589,84
stdmap_r2,add,1000000,0.59,84
stdmap_r2,add,1000000,0.591,84
stdmap_r2,add,1000000,0.592,84
stdmap_r2,add,1000000,0.593,84
stdmap_r2,add,1000000,0.594,84
stdmap_r2,add,1000000,0.595,84
stdmap_r2,add,1000000,0.596,125
stdmap_r2,add,1000000,0.597,125
stdmap_r2,add,1000000,0.598,125
stdmap_r2,add,1000000,0.599,125
stdmap_r2,add,1000000,0.6,125
stdmap_r2,add,1000000,0.601,125
stdmap_r2,add,1000000,0.602,125
stdmap_r2,add,1000000,0.603,125
stdmap_r2,add,1000000,0.604,125
stdmap_r2,add,1000000,0.605,125
stdmap_r2,add,1000000,0.606,125
stdmap_r2,add,1000000,0.607,125
stdmap_r2,add,1000000,0.608,125
stdmap_r2,add,1000000,0.609,125
stdmap_r2,add,1000000,0.61,125
stdmap_r2,add,1000000,0.611,125
stdmap_r2,add,1000000,0.612,125
stdmap_r2,add,1000000,0.613,125
stdmap_r2,add,1000000,0.614,125
stdmap_r2,add,1000000,0.615,125
stdmap_r2,add,1000000,0.616,125
stdmap_r2,add,1000000,0.617,125
stdmap_r2,add,1000000,0.618,125
stdmap_r2,add,1000000,0.619,125
stdmap_r2,add,1000000,0.62,125
stdmap_r2,add,1000000,0.621,125
stdmap_r2,add,1000000,0.622,125
stdmap_r2,add,1000000,0.623,125
stdmap_r2,add,1000000,0.624,125
stdmap_r2,add,1000000,0.625,125
stdmap_r2,add,1000000,0.626,125
stdmap_r2,add,1000000,0.627,125
stdmap_r2,add,1000000,0.628,125
stdmap_r2,add,1000000,0.629,125
stdmap_r2,add,1000000,0.63,125
stdmap_r2,add,1000000,0.631,125
stdmap_r2,add,1000000,0.632,125
stdmap_r2,add,1000000,0.633,125
stdmap_r2,add,1000000,0.634,125
stdmap_r2,add,1000000,0.635,125
stdmap_r2,add,1000000,0.636,125
stdmap_r2,add,1000000,0.637,125
stdmap_r2,add,1000000,0.638,125
stdmap_r2,add,1000000,0.639,125
stdmap_r2,add,1000000,0.64,125
stdmap_r2,add,1000000,0.641,125
stdmap_r2,add,1000000,0.642,125
stdmap_r2,add,1000000,0.643,125
stdmap_r2,add,1000000,0.644,125
stdmap_r2,add,1000000,0.645,125
stdmap_r2,add,1000000,0.646,125
stdmap_r2,add,1000000,0.647,125
stdmap_r2,add,1000000,0.648,125
stdmap_r2,add,1000000,0.649,125
stdmap_r2,add,1000000,0.65,125
stdmap_r2,add,1000000,0.651,125
stdmap_r2,add,1000000,0.652,125
stdmap_r2,add,1000000,0.653,125
stdmap_r2,add,1000000,0.654,125
stdmap_r2,add,1000000,0.655,125
stdmap_r2,add,1000000,0.656,125
stdmap_r2,add,1000000,0.657,125
stdmap_r2,add,1000000,0.658,125
stdmap_r2,add,1000000,0.659,125
stdmap_r2,add,1000000,0.66,125
stdmap_r2,add,1000000,0.661,125
stdmap_r2,add,1000000,0.662,125
stdmap_r2,add,1000000,0.663,125
stdmap_r2,add,1000000,0.664,125
stdmap_r2,add,1000000,0.665,125
stdmap_r2,add,1000000,0.666,125
stdmap_r2,add,1000000,0.667,125
stdmap_r2,add,1000000,0.668,125
stdmap_r2,add,1000000,0.669,125
stdmap_r2,add,1000000,0.67,125
stdmap_r2,add,1000000,0.671,125
stdmap_r2,add,1000000,0.672,125
stdmap_r2,add,1000000,0.673,125
stdmap_r2,add,1000000,0.674,125
stdmap_r2,add,1000000,0.675,125
stdmap_r2,add,1000000,0.676,125
stdmap_r2,add,1000000,0.677,125
stdmap_r2,add,1000000,0.678,125
stdmap_r2,add,1000000,0.679,125
stdmap_r2,add,1000000,0.68,125
stdmap_r2,add,1000000,0.681,125
stdmap_r2,add,1000000,0.682,125
stdmap_r2,add,1000000,0.683,125
stdmap_r2,add,1000000,0.684,125
stdmap_r2,add,1000000,0.685,125
stdmap_r2,add,1000000,0.686,125
stdmap_r2,add,1000000,0.687,125
stdmap_r2,add,1000000,0.688,125
stdmap_r2,add,1000000,0.689,125
stdmap_r2,add,1000000,0.69,125
stdmap_r2,add,1000000,0.691,125
stdmap_r2,add,1000000,0.692,125
stdmap_r2,add,1000000,0.693,125
stdmap_r2,add,1000000,0.694,125
stdmap_r2,add,1000000,0.695,125
stdmap_r2,add,1000000,0.696,125
stdmap_r2,add,1000000,0.697,125
stdmap_r2,add,1000000,0.698,125
stdmap_r2,add,1000000,0.699,125
stdmap_r2,add,1000000,0.7,125
stdmap_r2,add,1000000,0.701,125
stdmap_r2,add,1000000,0.702,125
stdmap_r2,add,1000000,0.703,125
stdmap_r2,add,1000000,0.704,125
stdmap_r2,add,1000000,0.705,125
stdmap_r2,add,1000000,0.706,125
stdmap_r2,add,1000000,0.707,125
stdmap_r2,add,1000000,0.708,125
stdmap_r2,add,1000000,0.709,125
stdmap_r2,add,1000000,0.71,125
stdmap_r2,add,1000000,0.711,125
stdmap_r2,add,1000000,0.712,125
stdmap_r2,add,1000000,0.713,125
stdmap_r2,add,1000000,0.714,125
stdmap_r2,add,1000000,0.715,125
stdmap_r2,add,1000000,0.716,125
stdmap_r2,add,1000000,0.717,125
stdmap_r2,add,1000000,0.718,125
stdmap_r2,add,1000000,0.719,125
stdmap_r2,add,1000000,0.72,125
stdmap_r2,add,1000000,0.721,125
stdmap_r2,add,1000000,0.722,125
stdmap_r2,add,1000000,0.723,125
stdmap_r2,add,1000000,0.724,125
stdmap_r2,add,1000000,0.725,125
stdmap_r2,add,1000000,0.726,125
stdmap_r2,add,1000000,0.727,125
stdmap_r2,add,1000000,0.728,125
stdmap_r2,add,1000000,0.729,125
stdmap_r2,add,1000000,0.73,125
stdmap_r2,add,1000000,0.731,125
stdmap_r2,add,1000000,0.732,125
stdmap_r2,add,1000000,0.733,125
stdmap_r2,add,1000000,0.734,125
stdmap_r2,add,1000000,0.735,125
stdmap_r2,add,1000000,0.736,125
stdmap_r2,add,1000000,0.737,125
stdmap_r2,add,1000000,0.738,125
stdmap_r2,add,1000000,0.739,125
stdmap_r2,add,1000000,0.74,125
stdmap_r2,add,1000000,0.741,166
stdmap_r2,add,1000000,0.742,166
stdmap_r2,add,1000000,0.743,166
stdmap_r2,add,1000000,0.744,166
stdmap_r2,add,1000000,0.745,166
stdmap_r2,add,1000000,0.746,166
stdmap_r2,add,1000000,0.747,166
stdmap_r2,add,1000000,0.748,166
stdmap_r2,add,1000000,0.749,166
stdmap_r2,add,1000000,0.75,166
stdmap_r2,add,1000000,0.751,166
stdmap_r2,add,1000000,0.752,166
stdmap_r2,add,1000000,0.753,166
stdmap_r2,add,1000000,0.754,166
stdmap_r2,add,1000000,0.755,166
stdmap_r2,add,1000000,0.756,166
stdmap_r2,add,1000000,0.757,166
stdmap_r2,add,1000000,0.758,166
stdmap_r2,add,1000000,0.759,167
stdmap_r2,add,1000000,0.76,167
stdmap_r2,add,1000000,0.761,167
stdmap_r2,add,1000000,0.762,167
stdmap_r2,add,1000000,0.763,167
stdmap_r2,add,1000000,0.764,167
stdmap_r2,add,1000000,0.765,167
stdmap_r2,add,1000000,0.766,167
stdmap_r2,add,1000000,0.767,167
stdmap_r2,add,1000000,0.768,167
stdmap_r2,add,1000000,0.769,167
stdmap_r2,add,1000000,0.77,167
stdmap_r2,add,1000000,0.771,167
stdmap_r2,add,1000000,0.772,167
stdmap_r2,add,1000000,0.773,167
stdmap_r2,add,1000000,0.774,167
stdmap_r2,add,1000000,0.775,167
stdmap_r2,add,1000000,0.776,167
stdmap_r2,add,1000000,0.777,167
stdmap_r2,add,1000000,0.778,167
stdmap_r2,add,1000000,0.779,167
stdmap_r2,add,1000000,0.78,167
stdmap_r2,add,1000000,0.781,167
stdmap_r2,add,1000000,0.782,167
stdmap_r2,add,1000000,0.783,167
stdmap_r2,add,1000000,0.784,167
stdmap_r2,add,1000000,0.785,167
stdmap_r2,add,1000000,0.786,167
stdmap_r2,add,1000000,0.787,167
stdmap_r2,add,1000000,0.788,167
stdmap_r2,add,1000000,0.789,167
stdmap_r2,add,1000000,0.79,167
stdmap_r2,add,1000000,0.791,167
stdmap_r2,add,1000000,0.792,167
stdmap_r2,add,1000000,0.793,167
stdmap_r2,add,1000000,0.794,167
stdmap_r2,add,1000000,0.795,167
stdmap_r2,add,1000000,0.796,208
stdmap_r2,add,1000000,0.797,208
stdmap_r2,add,1000000,0.798,208
stdmap_r2,add,1000000,0.799,208
stdmap_r2,add,1000000,0.8,208
stdmap_r2,add,1000000,0.801,208
stdmap_r2,add,1000000,0.802,208
stdmap_r2,add,1000000,0.803,208
stdmap_r2,add,1000000,0.804,208
stdmap_r2,add,1000000,0.805,208
stdmap_r2,add,1000000,0.806,208
stdmap_r2,add,1000000,0.807,208
stdmap_r2,add,1000000,0.808,208
stdmap_r2,add,1000000,0.809,208
stdmap_r2,add,1000000,0.81,208
stdmap_r2,add,1000000,0.811,208
stdmap_r2,add,1000000,0.812,208
stdmap_r2,add,1000000,0.813,208
stdmap_r2,add,1000000,0.814,208
stdmap_r2,add,1000000,0.815,208
stdmap_r2,add,1000000,0.816,208
stdmap_r2,add,1000000,0.817,208
stdmap_r2,add,1000000,0.818,208
stdmap_r2,add,1000000,0.819,208
stdmap_r2,add,1000000,0.82,208
stdmap_r2,add,1000000,0.821,208
stdmap_r2,add,1000000,0.822,208
stdmap_r2,add,1000000,0.823,208
stdmap_r2,add,1000000,0.824,208
stdmap_r2,add,1000000,0.825,208
stdmap_r2,add,1000000,0.826,208
stdmap_r2,add,1000000,0.827,208
stdmap_r2,add,1000000,0.828,208
stdmap_r2,add,1000000,0.829,208
stdmap_r2,add,1000000,0.83,208
stdmap_r2,add,1000000,0.831,208
stdmap_r2,add,1000000,0.832,208
stdmap_r2,add,1000000,0.833,208
stdmap_r2,add,1000000,0.834,208
stdmap_r2,add,1000000,0.835,208
stdmap_r2,add,1000000,0.836,208
stdmap_r2,add,1000000,0.837,208
stdmap_r2,add,1000000,0.838,208
stdmap_r2,add,1000000,0.839,208
stdmap_r2,add,1000000,0.84,208
stdmap_r2,add,1000000,0.841,208
stdmap_r2,add,1000000,0.842,208
stdmap_r2,add,1000000,0.843,208
stdmap_r2,add,1000000,0.844,208
stdmap_r2,add,1000000,0.845,208
stdmap_r2,add,1000000,0.846,208
stdmap_r2,add,1000000,0.847,208
stdmap_r2,add,1000000,0.848,208
stdmap_r2,add,1000000,0.849,208
stdmap_r2,add,1000000,0.85,208
stdmap_r2,add,1000000,0.851,208
stdmap_r2,add,1000000,0.852,208
stdmap_r2,add,1000000,0.853,208
stdmap_r2,add,1000000,0.854,208
stdmap_r2,add,1000000,0.855,208
stdmap_r2,add,1000000,0.856,208
stdmap_r2,add,1000000,0.857,208
stdmap_r2,add,1000000,0.858,208
stdmap_r2,add,1000000,0.859,208
stdmap_r2,add,1000000,0.86,208
stdmap_r2,add,1000000,0.861,209
stdmap_r2,add,1000000,0.862,209
stdmap_r2,add,1000000,0.863,209
stdmap_r2,add,1000000,0.864,209
stdmap_r2,add,1000000,0.865,209
stdmap_r2,add,1000000,0.866,209
stdmap_r2,add,1000000,0.867,209
stdmap_r2,add,1000000,0.868,209
stdmap_r2,add,1000000,0.869,209
stdmap_r2,add,1000000,0.87,209
stdmap_r2,add,1000000,0.871,209
stdmap_r2,add,1000000,0.872,209
stdmap_r2,add,1000000,0.873,209
stdmap_r2,add,1000000,0.874,209
stdmap_r2,add,1000000,0.875,209
stdmap_r2,add,1000000,0.876,209
stdmap_r2,add,1000000,0.877,209
stdmap_r2,add,1000000,0.878,209
stdmap_r2,add,1000000,0.879,209
stdmap_r2,add,1000000,0.88,209
stdmap_r2,add,1000000,0.881,209
stdmap_r2,add,1000000,0.882,209
stdmap_r2,add,1000000,0.883,209
stdmap_r2,add,1000000,0.884,209
stdmap_r2,add,1000000,0.885,209
stdmap_r2,add,1000000,0.886,209
stdmap_r2,add,1000000,0.887,209
stdmap_r2,add,1000000,0.888,209
stdmap_r2,add,1000000,0.889,209
stdmap_r2,add,1000000,0.89,209
stdmap_r2,add,1000000,0.891,209
stdmap_r2,add,1000000,0.892,250
stdmap_r2,add,1000000,0.893,250
stdmap_r2,add,1000000,0.894,250
stdmap_r2,add,1000000,0.895,250
stdmap_r2,add,1000000,0.896,250
stdmap_r2,add,1000000,0.897,250
stdmap_r2,add,1000000,0.898,250
stdmap_r2,add,1000000,0.899,250
stdmap_r2,add,1000000,0.9,250
stdmap_r2,add,1000000,0.901,250
stdmap_r2,add,1000000,0.902,250
stdmap_r2,add,1000000,0.903,250
stdmap_r2,add,1000000,0.904,250
stdmap_r2,add,1000000,0.905,250
stdmap_r2,add,1000000,0.906,250
stdmap_r2,add,1000000,0.907,250
stdmap_r2,add,1000000,0.908,250
stdmap_r2,add,1000000,0.909,250
stdmap_r2,add,1000000,0.91,250
stdmap_r2,add,1000000,0.911,250
stdmap_r2,add,1000000,0.912,250
stdmap_r2,add,1000000,0.913,250
stdmap_r2,add,1000000,0.914,250
stdmap_r2,add,1000000,0.915,250
stdmap_r2,add,1000000,0.916,250
stdmap_r2,add,1000000,0.917,250
stdmap_r2,add,1000000,0.918,250
stdmap_r2,add,1000000,0.919,250
stdmap_r2,add,1000000,0.92,250
stdmap_r2,add,1000000,0.921,250
stdmap_r2,add,1000000,0.922,250
stdmap_r2,add,1000000,0.923,250
stdmap_r2,add,1000000,0.924,250
stdmap_r2,add,1000000,0.925,250
stdmap_r2,add,1000000,0.926,291
stdmap_r2,add,1000000,0.927,291
stdmap_r2,add,1000000,0.928,291
stdmap_r2,add,1000000,0.929,291
stdmap_r2,add,1000000,0.93,291
stdmap_r2,add,1000000,0.931,291
stdmap_r2,add,1000000,0.932,291
stdmap_r2,add,1000000,0.933,291
stdmap_r2,add,1000000,0.934,291
stdmap_r2,add,1000000,0.935,292
stdmap_r2,add,1000000,0.936,292
stdmap_r2,add,1000000,0.937,292
stdmap_r2,add,1000000,0.938,292
stdmap_r2,add,1000000,0.939,292
stdmap_r2,add,1000000,0.94,292
stdmap_r2,add,1000000,0.941,292
stdmap_r2,add,1000000,0.942,292
stdmap_r2,add,1000000,0.943,292
stdmap_r2,add,1000000,0.944,292
stdmap_r2,add,1000000,0.945,292
stdmap_r2,add,1000000,0.946,292
stdmap_r2,add,1000000,0.947,292
stdmap_r2,add,1000000,0.948,292
stdmap_r2,add,1000000,0.949,292
stdmap_r2,add,1000000,0.95,292
stdmap_r2,add,1000000,0.951,292
stdmap_r2,add,1000000,0.952,292
stdmap_r2,add,1000000,0.953,333
stdmap_r2,add,1000000,0.954,333
stdmap_r2,add,1000000,0.955,333
stdmap_r2,add,1000000,0.956,333
stdmap_r2,add,1000000,0.957,333
stdmap_r2,add,1000000,0.958,333
stdmap_r2,add,1000000,0.959,333
stdmap_r2,add,1000000,0.96,333
stdmap_r2,add,1000000,0.961,333
stdmap_r2,add,1000000,0.962,333
stdmap_r2,add,1000000,0.963,334
stdmap_r2,add,1000000,0.964,334
stdmap_r2,add,1000000,0.965,334
stdmap_r2,add,1000000,0.966,334
stdmap_r2,add,1000000,0.967,334
stdmap_r2,add,1000000,0.968,375
stdmap_r2,add,1000000,0.969,375
stdmap_r2,add,1000000,0.97,375
stdmap_r2,add,1000000,0.971,375
stdmap_r2,add,1000000,0.972,375
stdmap_r2,add,1000000,0.973,375
stdmap_r2,add,1000000,0.974,375
stdmap_r2,add,1000000,0.975,375
stdmap_r2,add,1000000,0.976,375
stdmap_r2,add,1000000,0.977,416
stdmap_r2,add,1000000,0.978,416
stdmap_r2,add,1000000,0.979,417
stdmap_r2,add,1000000,0.98,417
stdmap_r2,add,1000000,0.981,417
stdmap_r2,add,1000000,0.982,417
stdmap_r2,add,1000000,0.983,458
stdmap_r2,add,1000000,0.984,458
stdmap_r2,add,1000000,0.985,458
stdmap_r2,add,1000000,0.986,459
stdmap_r2,add,1000000,0.987,500
stdmap_r2,add,1000000,0.988,500
stdmap_r2,add,1000000,0.989,500
stdmap_r2,add,1000000,0.99,541
stdmap_r2,add,1000000,0.991,542
stdmap_r2,add,1000000,0.992,583
stdmap_r2,add,1000000,0.993,583
stdmap_r2,add,1000000,0.994,625
stdmap_r2,add,1000000,0.995,667
stdmap_r2,add,1000000,0.996,709
stdmap_r2,add,1000000,0.997,833
stdmap_r2,add,1000000,0.998,1084
stdmap_r2,add,1000000,0.999,4166
stdmap_r2,cancel,1000000,0,41
stdmap_r2,cancel,1000000,0.001,167
stdmap_r2,cancel,1000000,0.002,209
stdmap_r2,cancel,1000000,0.003,250
stdmap_r2,cancel,1000000,0.004,291
stdmap_r2,cancel,1000000,0.005,292
stdmap_r2,cancel,1000000,0.006,333
stdmap_r2,cancel,1000000,0.007,333
stdmap_r2,cancel,1000000,0.008,334
stdmap_r2,cancel,1000000,0.009,375
stdmap_r2,cancel,1000000,0.01,375
stdmap_r2,cancel,1000000,0.011,375
stdmap_r2,cancel,1000000,0.012,416
stdmap_r2,cancel,1000000,0.013,416
stdmap_r2,cancel,1000000,0.014,417
stdmap_r2,cancel,1000000,0.015,417
stdmap_r2,cancel,1000000,0.016,417
stdmap_r2,cancel,1000000,0.017,417
stdmap_r2,cancel,1000000,0.018,458
stdmap_r2,cancel,1000000,0.019,458
stdmap_r2,cancel,1000000,0.02,458
stdmap_r2,cancel,1000000,0.021,458
stdmap_r2,cancel,1000000,0.022,458
stdmap_r2,cancel,1000000,0.023,458
stdmap_r2,cancel,1000000,0.024,459
stdmap_r2,cancel,1000000,0.025,459
stdmap_r2,cancel,1000000,0.026,459
stdmap_r2,cancel,1000000,0.027,500
stdmap_r2,cancel,1000000,0.028,500
stdmap_r2,cancel,1000000,0.029,500
stdmap_r2,cancel,1000000,0.03,500
stdmap_r2,cancel,1000000,0.031,500
stdmap_r2,cancel,1000000,0.032,500
stdmap_r2,cancel,1000000,0.033,500
stdmap_r2,cancel,1000000,0.034,500
stdmap_r2,cancel,1000000,0.035,500
stdmap_r2,cancel,1000000,0.036,500
stdmap_r2,cancel,1000000,0.037,500
stdmap_r2,cancel,1000000,0.038,500
stdmap_r2,cancel,1000000,0.039,500
stdmap_r2,cancel,1000000,0.04,500
stdmap_r2,cancel,1000000,0.041,500
stdmap_r2,cancel,1000000,0.042,500
stdmap_r2,cancel,1000000,0.043,500
stdmap_r2,cancel,1000000,0.044,500
stdmap_r2,cancel,1000000,0.045,500
stdmap_r2,cancel,1000000,0.046,500
stdmap_r2,cancel,1000000,0.047,500
stdmap_r2,cancel,1000000,0.048,500
stdmap_r2,cancel,1000000,0.049,500
stdmap_r2,cancel,1000000,0.05,500
stdmap_r2,cancel,1000000,0.051,500
stdmap_r2,cancel,1000000,0.052,500
stdmap_r2,cancel,1000000,0.053,500
stdmap_r2,cancel,1000000,0.054,500
stdmap_r2,cancel,1000000,0.055,500
stdmap_r2,cancel,1000000,0.056,500
stdmap_r2,cancel,1000000,0.057,500
stdmap_r2,cancel,1000000,0.058,500
stdmap_r2,cancel,1000000,0.059,500
stdmap_r2,cancel,1000000,0.06,500
stdmap_r2,cancel,1000000,0.061,500
stdmap_r2,cancel,1000000,0.062,541
stdmap_r2,cancel,1000000,0.063,541
stdmap_r2,cancel,1000000,0.064,541
stdmap_r2,cancel,1000000,0.065,541
stdmap_r2,cancel,1000000,0.066,541
stdmap_r2,cancel,1000000,0.067,541
stdmap_r2,cancel,1000000,0.068,541
stdmap_r2,cancel,1000000,0.069,541
stdmap_r2,cancel,1000000,0.07,541
stdmap_r2,cancel,1000000,0.071,541
stdmap_r2,cancel,1000000,0.072,541
stdmap_r2,cancel,1000000,0.073,541
stdmap_r2,cancel,1000000,0.074,541
stdmap_r2,cancel,1000000,0.075,541
stdmap_r2,cancel,1000000,0.076,541
stdmap_r2,cancel,1000000,0.077,541
stdmap_r2,cancel,1000000,0.078,541
stdmap_r2,cancel,1000000,0.079,541
stdmap_r2,cancel,1000000,0.08,541
stdmap_r2,cancel,1000000,0.081,541
stdmap_r2,cancel,1000000,0.082,541
stdmap_r2,cancel,1000000,0.083,541
stdmap_r2,cancel,1000000,0.084,541
stdmap_r2,cancel,1000000,0.085,541
stdmap_r2,cancel,1000000,0.086,542
stdmap_r2,cancel,1000000,0.087,542
stdmap_r2,cancel,1000000,0.088,542
stdmap_r2,cancel,1000000,0.089,542
stdmap_r2,cancel,1000000,0.09,542
stdmap_r2,cancel,1000000,0.091,542
stdmap_r2,cancel,1000000,0.092,542
stdmap_r2,cancel,1000000,0.093,542
stdmap_r2,cancel,1000000,0.094,542
stdmap_r2,cancel,1000000,0.095,542
stdmap_r2,cancel,1000000,0.096,542
stdmap_r2,cancel,1000000,0.097,542
stdmap_r2,cancel,1000000,0.098,542
stdmap_r2,cancel,1000000,0.099,542
stdmap_r2,cancel,1000000,0.1,542
stdmap_r2,cancel,1000000,0.101,542
stdmap_r2,cancel,1000000,0.102,542
stdmap_r2,cancel,1000000,0.103,542
stdmap_r2,cancel,1000000,0.104,542
stdmap_r2,cancel,1000000,0.105,542
stdmap_r2,cancel,1000000,0.106,542
stdmap_r2,cancel,1000000,0.107,542
stdmap_r2,cancel,1000000,0.108,542
stdmap_r2,cancel,1000000,0.109,542
stdmap_r2,cancel,1000000,0.11,542
stdmap_r2,cancel,1000000,0.111,542
stdmap_r2,cancel,1000000,0.112,542
stdmap_r2,cancel,1000000,0.113,542
stdmap_r2,cancel,1000000,0.114,542
stdmap_r2,cancel,1000000,0.115,542
stdmap_r2,cancel,1000000,0.116,542
stdmap_r2,cancel,1000000,0.117,542
stdmap_r2,cancel,1000000,0.118,542
stdmap_r2,cancel,1000000,0.119,542
stdmap_r2,cancel,1000000,0.12,542
stdmap_r2,cancel,1000000,0.121,542
stdmap_r2,cancel,1000000,0.122,542
stdmap_r2,cancel,1000000,0.123,542
stdmap_r2,cancel,1000000,0.124,542
stdmap_r2,cancel,1000000,0.125,542
stdmap_r2,cancel,1000000,0.126,542
stdmap_r2,cancel,1000000,0.127,542
stdmap_r2,cancel,1000000,0.128,542
stdmap_r2,cancel,1000000,0.129,542
stdmap_r2,cancel,1000000,0.13,542
stdmap_r2,cancel,1000000,0.131,542
stdmap_r2,cancel,1000000,0.132,542
stdmap_r2,cancel,1000000,0.133,542
stdmap_r2,cancel,1000000,0.134,542
stdmap_r2,cancel,1000000,0.135,542
stdmap_r2,cancel,1000000,0.136,583
stdmap_r2,cancel,1000000,0.137,583
stdmap_r2,cancel,1000000,0.138,583
stdmap_r2,cancel,1000000,0.139,583
stdmap_r2,cancel,1000000,0.14,583
stdmap_r2,cancel,1000000,0.141,583
stdmap_r2,cancel,1000000,0.142,583
stdmap_r2,cancel,1000000,0.143,583
stdmap_r2,cancel,1000000,0.144,583
stdmap_r2,cancel,1000000,0.145,583
stdmap_r2,cancel,1000000,0.146,583
stdmap_r2,cancel,1000000,0.147,583
stdmap_r2,cancel,1000000,0.148,583
stdmap_r2,cancel,1000000,0.149,583
stdmap_r2,cancel,1000000,0.15,583
stdmap_r2,cancel,1000000,0.151,583
stdmap_r2,cancel,1000000,0.152,583
stdmap_r2,cancel,1000000,0.153,583
stdmap_r2,cancel,1000000,0.154,583
stdmap_r2,cancel,1000000,0.155,583
stdmap_r2,cancel,1000000,0.156,583
stdmap_r2,cancel,1000000,0.157,583
stdmap_r2,cancel,1000000,0.158,583
stdmap_r2,cancel,1000000,0.159,583
stdmap_r2,cancel,1000000,0.16,583
stdmap_r2,cancel,1000000,0.161,583
stdmap_r2,cancel,1000000,0.162,583
stdmap_r2,cancel,1000000,0.163,583
stdmap_r2,cancel,1000000,0.164,583
stdmap_r2,cancel,1000000,0.165,583
stdmap_r2,cancel,1000000,0.166,583
stdmap_r2,cancel,1000000,0.167,583
stdmap_r2,cancel,1000000,0.168,583
stdmap_r2,cancel,1000000,0.169,583
stdmap_r2,cancel,1000000,0.17,583
stdmap_r2,cancel,1000000,0.171,583
stdmap_r2,cancel,1000000,0.172,583
stdmap_r2,cancel,1000000,0.173,583
stdmap_r2,cancel,1000000,0.174,583
stdmap_r2,cancel,1000000,0.175,583
stdmap_r2,cancel,1000000,0.176,583
stdmap_r2,cancel,1000000,0.177,583
stdmap_r2,cancel,1000000,0.178,583
stdmap_r2,cancel,1000000,0.179,583
stdmap_r2,cancel,1000000,0.18,583
stdmap_r2,cancel,1000000,0.181,583
stdmap_r2,cancel,1000000,0.182,583
stdmap_r2,cancel,1000000,0.183,583
stdmap_r2,cancel,1000000,0.184,583
stdmap_r2,cancel,1000000,0.185,583
stdmap_r2,cancel,1000000,0.186,583
stdmap_r2,cancel,1000000,0.187,583
stdmap_r2,cancel,1000000,0.188,583
stdmap_r2,cancel,1000000,0.189,583
stdmap_r2,cancel,1000000,0.19,583
stdmap_r2,cancel,1000000,0.191,583
stdmap_r2,cancel,1000000,0.192,583
stdmap_r2,cancel,1000000,0.193,583
stdmap_r2,cancel,1000000,0.194,583
stdmap_r2,cancel,1000000,0.195,583
stdmap_r2,cancel,1000000,0.196,584
stdmap_r2,cancel,1000000,0.197,584
stdmap_r2,cancel,1000000,0.198,584
stdmap_r2,cancel,1000000,0.199,584
stdmap_r2,cancel,1000000,0.2,584
stdmap_r2,cancel,1000000,0.201,584
stdmap_r2,cancel,1000000,0.202,584
stdmap_r2,cancel,1000000,0.203,584
stdmap_r2,cancel,1000000,0.204,584
stdmap_r2,cancel,1000000,0.205,584
stdmap_r2,cancel,1000000,0.206,584
stdmap_r2,cancel,1000000,0.207,584
stdmap_r2,cancel,1000000,0.208,584
stdmap_r2,cancel,1000000,0.209,584
stdmap_r2,cancel,1000000,0.21,584
stdmap_r2,cancel,1000000,0.211,584
stdmap_r2,cancel,1000000,0.212,584
stdmap_r2,cancel,1000000,0.213,584
stdmap_r2,cancel,1000000,0.214,584
stdmap_r2,cancel,1000000,0.215,584
stdmap_r2,cancel,1000000,0.216,584
stdmap_r2,cancel,1000000,0.217,584
stdmap_r2,cancel,1000000,0.218,584
stdmap_r2,cancel,1000000,0.219,584
stdmap_r2,cancel,1000000,0.22,584
stdmap_r2,cancel,1000000,0.221,584
stdmap_r2,cancel,1000000,0.222,584
stdmap_r2,cancel,1000000,0.223,584
stdmap_r2,cancel,1000000,0.224,584
stdmap_r2,cancel,1000000,0.225,584
stdmap_r2,cancel,1000000,0.226,584
stdmap_r2,cancel,1000000,0.227,625
stdmap_r2,cancel,1000000,0.228,625
stdmap_r2,cancel,1000000,0.229,625
stdmap_r2,cancel,1000000,0.23,625
stdmap_r2,cancel,1000000,0.231,625
stdmap_r2,cancel,1000000,0.232,625
stdmap_r2,cancel,1000000,0.233,625
stdmap_r2,cancel,1000000,0.234,625
stdmap_r2,cancel,1000000,0.235,625
stdmap_r2,cancel,1000000,0.236,625
stdmap_r2,cancel,1000000,0.237,625
stdmap_r2,cancel,1000000,0.238,625
stdmap_r2,cancel,1000000,0.239,625
stdmap_r2,cancel,1000000,0.24,625
stdmap_r2,cancel,1000000,0.241,625
stdmap_r2,cancel,1000000,0.242,625
stdmap_r2,cancel,1000000,0.243,625
stdmap_r2,cancel,1000000,0.244,625
stdmap_r2,cancel,1000000,0.245,625
stdmap_r2,cancel,1000000,0.246,625
stdmap_r2,cancel,1000000,0.247,625
stdmap_r2,cancel,1000000,0.248,625
stdmap_r2,cancel,1000000,0.249,625
stdmap_r2,cancel,1000000,0.25,625
stdmap_r2,cancel,1000000,0.251,625
stdmap_r2,cancel,1000000,0.252,625
stdmap_r2,cancel,1000000,0.253,625
stdmap_r2,cancel,1000000,0.254,625
stdmap_r2,cancel,1000000,0.255,625
stdmap_r2,cancel,1000000,0.256,625
stdmap_r2,cancel,1000000,0.257,625
stdmap_r2,cancel,1000000,0.258,625
stdmap_r2,cancel,1000000,0.259,625
stdmap_r2,cancel,1000000,0.26,625
stdmap_r2,cancel,1000000,0.261,625
stdmap_r2,cancel,1000000,0.262,625
stdmap_r2,cancel,1000000,0.263,625
stdmap_r2,cancel,1000000,0.264,625
stdmap_r2,cancel,1000000,0.265,625
stdmap_r2,cancel,1000000,0.266,625
stdmap_r2,cancel,1000000,0.267,625
stdmap_r2,cancel,1000000,0.268,625
stdmap_r2,cancel,1000000,0.269,625
stdmap_r2,cancel,1000000,0.27,625
stdmap_r2,cancel,1000000,0.271,625
stdmap_r2,cancel,1000000,0.272,625
stdmap_r2,cancel,1000000,0.273,625
stdmap_r2,cancel,1000000,0.274,625
stdmap_r2,cancel,1000000,0.275,625
stdmap_r2,cancel,1000000,0.276,625
stdmap_r2,cancel,1000000,0.277,625
stdmap_r2,cancel,1000000,0.278,625
stdmap_r2,cancel,1000000,0.279,625
stdmap_r2,cancel,1000000,0.28,625
stdmap_r2,cancel,1000000,0.281,625
stdmap_r2,cancel,1000000,0.282,625
stdmap_r2,cancel,1000000,0.283,625
stdmap_r2,cancel,1000000,0.284,625
stdmap_r2,cancel,1000000,0.285,625
stdmap_r2,cancel,1000000,0.286,625
stdmap_r2,cancel,1000000,0.287,625
stdmap_r2,cancel,1000000,0.288,625
stdmap_r2,cancel,1000000,0.289,625
stdmap_r2,cancel,1000000,0.29,625
stdmap_r2,cancel,1000000,0.291,625
stdmap_r2,cancel,1000000,0.292,625
stdmap_r2,cancel,1000000,0.293,625
stdmap_r2,cancel,1000000,0.294,625
stdmap_r2,cancel,1000000,0.295,625
stdmap_r2,cancel,1000000,0.296,625
stdmap_r2,cancel,1000000,0.297,625
stdmap_r2,cancel,1000000,0.298,625
stdmap_r2,cancel,1000000,0.299,625
stdmap_r2,cancel,1000000,0.3,625
stdmap_r2,cancel,1000000,0.301,625
stdmap_r2,cancel,1000000,0.302,625
stdmap_r2,cancel,1000000,0.303,625
stdmap_r2,cancel,1000000,0.304,625
stdmap_r2,cancel,1000000,0.305,625
stdmap_r2,cancel,1000000,0.306,625
stdmap_r2,cancel,1000000,0.307,625
stdmap_r2,cancel,1000000,0.308,625
stdmap_r2,cancel,1000000,0.309,625
stdmap_r2,cancel,1000000,0.31,625
stdmap_r2,cancel,1000000,0.311,625
stdmap_r2,cancel,1000000,0.312,625
stdmap_r2,cancel,1000000,0.313,625
stdmap_r2,cancel,1000000,0.314,625
stdmap_r2,cancel,1000000,0.315,625
stdmap_r2,cancel,1000000,0.316,625
stdmap_r2,cancel,1000000,0.317,625
stdmap_r2,cancel,1000000,0.318,625
stdmap_r2,cancel,1000000,0.319,625
stdmap_r2,cancel,1000000,0.32,666
stdmap_r2,cancel,1000000,0.321,666
stdmap_r2,cancel,1000000,0.322,666
stdmap_r2,cancel,1000000,0.323,666
stdmap_r2,cancel,1000000,0.324,666
stdmap_r2,cancel,1000000,0.325,666
stdmap_r2,cancel,1000000,0.326,666
stdmap_r2,cancel,1000000,0.327,666
stdmap_r2,cancel,1000000,0.328,666
stdmap_r2,cancel,1000000,0.329,666
stdmap_r2,cancel,1000000,0.33,666
stdmap_r2,cancel,1000000,0.331,666
stdmap_r2,cancel,1000000,0.332,666
stdmap_r2,cancel,1000000,0.333,666
stdmap_r2,cancel,1000000,0.334,666
stdmap_r2,cancel,1000000,0.335,666
stdmap_r2,cancel,1000000,0.336,666
stdmap_r2,cancel,1000000,0.337,666
stdmap_r2,cancel,1000000,0.338,666
stdmap_r2,cancel,1000000,0.339,666
stdmap_r2,cancel,1000000,0.34,666
stdmap_r2,cancel,1000000,0.341,666
stdmap_r2,cancel,1000000,0.342,666
stdmap_r2,cancel,1000000,0.343,666
stdmap_r2,cancel,1000000,0.344,666
stdmap_r2,cancel,1000000,0.345,666
stdmap_r2,cancel,1000000,0.346,666
stdmap_r2,cancel,1000000,0.347,666
stdmap_r2,cancel,1000000,0.348,666
stdmap_r2,cancel,1000000,0.349,666
stdmap_r2,cancel,1000000,0.35,667
stdmap_r2,cancel,1000000,0.351,667
stdmap_r2,cancel,1000000,0.352,667
stdmap_r2,cancel,1000000,0.353,667
stdmap_r2,cancel,1000000,0.354,667
stdmap_r2,cancel,1000000,0.355,667
stdmap_r2,cancel,1000000,0.356,667
stdmap_r2,cancel,1000000,0.357,667
stdmap_r2,cancel,1000000,0.358,667
stdmap_r2,cancel,1000000,0.359,667
stdmap_r2,cancel,1000000,0.36,667
stdmap_r2,cancel,1000000,0.361,667
stdmap_r2,cancel,1000000,0.362,667
stdmap_r2,cancel,1000000,0.363,667
stdmap_r2,cancel,1000000,0.364,667
stdmap_r2,cancel,1000000,0.365,667
stdmap_r2,cancel,1000000,0.366,667
stdmap_r2,cancel,1000000,0.367,667
stdmap_r2,cancel,1000000,0.368,667
stdmap_r2,cancel,1000000,0.369,667
stdmap_r2,cancel,1000000,0.37,667
stdmap_r2,cancel,1000000,0.371,667
stdmap_r2,cancel,1000000,0.372,667
stdmap_r2,cancel,1000000,0.373,667
stdmap_r2,cancel,1000000,0.374,667
stdmap_r2,cancel,1000000,0.375,667
stdmap_r2,cancel,1000000,0.376,667
stdmap_r2,cancel,1000000,0.377,667
stdmap_r2,cancel,1000000,0.378,667
stdmap_r2,cancel,1000000,0.379,667
stdmap_r2,cancel,1000000,0.38,667
stdmap_r2,cancel,1000000,0.381,667
stdmap_r2,cancel,1000000,0.382,667
stdmap_r2,cancel,1000000,0.383,667
stdmap_r2,cancel,1000000,0.384,667
stdmap_r2,cancel,1000000,0.385,667
stdmap_r2,cancel,1000000,0.386,667
stdmap_r2,cancel,1000000,0.387,667
stdmap_r2,cancel,1000000,0.388,667
stdmap_r2,cancel,1000000,0.389,667
stdmap_r2,cancel,1000000,0.39,667
stdmap_r2,cancel,1000000,0.391,667
stdmap_r2,cancel,1000000,0.392,667
stdmap_r2,cancel,1000000,0.393,667
stdmap_r2,cancel,1000000,0.394,667
stdmap_r2,cancel,1000000,0.395,667
stdmap_r2,cancel,1000000,0.396,667
stdmap_r2,cancel,1000000,0.397,667
stdmap_r2,cancel,1000000,0.398,667
stdmap_r2,cancel,1000000,0.399,667
stdmap_r2,cancel,1000000,0.4,667
stdmap_r2,cancel,1000000,0.401,667
stdmap_r2,cancel,1000000,0.402,667
stdmap_r2,cancel,1000000,0.403,667
stdmap_r2,cancel,1000000,0.404,667
stdmap_r2,cancel,1000000,0.405,667
stdmap_r2,cancel,1000000,0.406,667
stdmap_r2,cancel,1000000,0.407,667
stdmap_r2,cancel,1000000,0.408,667
stdmap_r2,cancel,1000000,0.409,667
stdmap_r2,cancel,1000000,0.41,667
stdmap_r2,cancel,1000000,0.411,708
stdmap_r2,cancel,1000000,0.412,708
stdmap_r2,cancel,1000000,0.413,708
stdmap_r2,cancel,1000000,0.414,708
stdmap_r2,cancel,1000000,0.415,708
stdmap_r2,cancel,1000000,0.416,708
stdmap_r2,cancel,1000000,0.417,708
stdmap_r2,cancel,1000000,0.418,708
stdmap_r2,cancel,1000000,0.419,708
stdmap_r2,cancel,1000000,0.42,708
stdmap_r2,cancel,1000000,0.421,708
stdmap_r2,cancel,1000000,0.422,708
stdmap_r2,cancel,1000000,0.423,708
stdmap_r2,cancel,1000000,0.424,708
stdmap_r2,cancel,1000000,0.425,708
stdmap_r2,cancel,1000000,0.426,708
stdmap_r2,cancel,1000000,0.427,708
stdmap_r2,cancel,1000000,0.428,708
stdmap_r2,cancel,1000000,0.429,708
stdmap_r2,cancel,1000000,0.43,708
stdmap_r2,cancel,1000000,0.431,708
stdmap_r2,cancel,1000000,0.432,708
stdmap_r2,cancel,1000000,0.433,708
stdmap_r2,cancel,1000000,0.434,708
stdmap_r2,cancel,1000000,0.435,708
stdmap_r2,cancel,1000000,0.436,708
stdmap_r2,cancel,1000000,0.437,708
stdmap_r2,cancel,1000000,0.438,708
stdmap_r2,cancel,1000000,0.439,708
stdmap_r2,cancel,1000000,0.44,708
stdmap_r2,cancel,1000000,0.441,708
stdmap_r2,cancel,1000000,0.442,708
stdmap_r2,cancel,1000000,0.443,708
stdmap_r2,cancel,1000000,0.444,708
stdmap_r2,cancel,1000000,0.445,708
stdmap_r2,cancel,1000000,0.446,708
stdmap_r2,cancel,1000000,0.447,708
stdmap_r2,cancel,1000000,0.448,708
stdmap_r2,cancel,1000000,0.449,708
stdmap_r2,cancel,1000000,0.45,708
stdmap_r2,cancel,1000000,0.451,708
stdmap_r2,cancel,1000000,0.452,708
stdmap_r2,cancel,1000000,0.453,708
stdmap_r2,cancel,1000000,0.454,708
stdmap_r2,cancel,1000000,0.455,708
stdmap_r2,cancel,1000000,0.456,708
stdmap_r2,cancel,1000000,0.457,708
stdmap_r2,cancel,1000000,0.458,708
stdmap_r2,cancel,1000000,0.459,708
stdmap_r2,cancel,1000000,0.46,708
stdmap_r2,cancel,1000000,0.461,708
stdmap_r2,cancel,1000000,0.462,708
stdmap_r2,cancel,1000000,0.463,708
stdmap_r2,cancel,1000000,0.464,708
stdmap_r2,cancel,1000000,0.465,709
stdmap_r2,cancel,1000000,0.466,709
stdmap_r2,cancel,1000000,0.467,709
stdmap_r2,cancel,1000000,0.468,709
stdmap_r2,cancel,1000000,0.469,709
stdmap_r2,cancel,1000000,0.47,709
stdmap_r2,cancel,1000000,0.471,709
stdmap_r2,cancel,1000000,0.472,709
stdmap_r2,cancel,1000000,0.473,709
stdmap_r2,cancel,1000000,0.474,709
stdmap_r2,cancel,1000000,0.475,709
stdmap_r2,cancel,1000000,0.476,709
stdmap_r2,cancel,1000000,0.477,709
stdmap_r2,cancel,1000000,0.478,709
stdmap_r2,cancel,1000000,0.479,709
stdmap_r2,cancel,1000000,0.48,709
stdmap_r2,cancel,1000000,0.481,709
stdmap_r2,cancel,1000000,0.482,709
stdmap_r2,cancel,1000000,0.483,709
stdmap_r2,cancel,1000000,0.484,709
stdmap_r2,cancel,1000000,0.485,709
stdmap_r2,cancel,1000000,0.486,709
stdmap_r2,cancel,1000000,0.487,709
stdmap_r2,cancel,1000000,0.488,709
stdmap_r2,cancel,1000000,0.489,709
stdmap_r2,cancel,1000000,0.49,709
stdmap_r2,cancel,1000000,0.491,709
stdmap_r2,cancel,1000000,0.492,709
stdmap_r2,cancel,1000000,0.493,750
stdmap_r2,cancel,1000000,0.494,750
stdmap_r2,cancel,1000000,0.495,750
stdmap_r2,cancel,1000000,0.496,750
stdmap_r2,cancel,1000000,0.497,750
stdmap_r2,cancel,1000000,0.498,750
stdmap_r2,cancel,1000000,0.499,750
stdmap_r2,cancel,1000000,0.5,750
stdmap_r2,cancel,1000000,0.501,750
stdmap_r2,cancel,1000000,0.502,750
stdmap_r2,cancel,1000000,0.503,750
stdmap_r2,cancel,1000000,0.504,750
stdmap_r2,cancel,1000000,0.505,750
stdmap_r2,cancel,1000000,0.506,750
stdmap_r2,cancel,1000000,0.507,750
stdmap_r2,cancel,1000000,0.508,750
stdmap_r2,cancel,1000000,0.509,750
stdmap_r2,cancel,1000000,0.51,750
stdmap_r2,cancel,1000000,0.511,750
stdmap_r2,cancel,1000000,0.512,750
stdmap_r2,cancel,1000000,0.513,750
stdmap_r2,cancel,1000000,0.514,750
stdmap_r2,cancel,1000000,0.515,750
stdmap_r2,cancel,1000000,0.516,750
stdmap_r2,cancel,1000000,0.517,750
stdmap_r2,cancel,1000000,0.518,750
stdmap_r2,cancel,1000000,0.519,750
stdmap_r2,cancel,1000000,0.52,750
stdmap_r2,cancel,1000000,0.521,750
stdmap_r2,cancel,1000000,0.522,750
stdmap_r2,cancel,1000000,0.523,750
stdmap_r2,cancel,1000000,0.524,750
stdmap_r2,cancel,1000000,0.525,750
stdmap_r2,cancel,1000000,0.526,750
stdmap_r2,cancel,1000000,0.527,750
stdmap_r2,cancel,1000000,0.528,750
stdmap_r2,cancel,1000000,0.529,750
stdmap_r2,cancel,1000000,0.53,750
stdmap_r2,cancel,1000000,0.531,750
stdmap_r2,cancel,1000000,0.532,750
stdmap_r2,cancel,1000000,0.533,750
stdmap_r2,cancel,1000000,0.534,750
stdmap_r2,cancel,1000000,0.535,750
stdmap_r2,cancel,1000000,0.536,750
stdmap_r2,cancel,1000000,0.537,750
stdmap_r2,cancel,1000000,0.538,750
stdmap_r2,cancel,1000000,0.539,750
stdmap_r2,cancel,1000000,0.54,750
stdmap_r2,cancel,1000000,0.541,750
stdmap_r2,cancel,1000000,0.542,750
stdmap_r2,cancel,1000000,0.543,750
stdmap_r2,cancel,1000000,0.544,750
stdmap_r2,cancel,1000000,0.545,750
stdmap_r2,cancel,1000000,0.546,750
stdmap_r2,cancel,1000000,0.547,750
stdmap_r2,cancel,1000000,0.548,750
stdmap_r2,cancel,1000000,0.549,750
stdmap_r2,cancel,1000000,0.55,750
stdmap_r2,cancel,1000000,0.551,750
stdmap_r2,cancel,1000000,0.552,750
stdmap_r2,cancel,1000000,0.553,750
stdmap_r2,cancel,1000000,0.554,750
stdmap_r2,cancel,1000000,0.555,750
stdmap_r2,cancel,1000000,0.556,750
stdmap_r2,cancel,1000000,0.557,750
stdmap_r2,cancel,1000000,0.558,750
stdmap_r2,cancel,1000000,0.559,750
stdmap_r2,cancel,1000000,0.56,750
stdmap_r2,cancel,1000000,0.561,750
stdmap_r2,cancel,1000000,0.562,750
stdmap_r2,cancel,1000000,0.563,750
stdmap_r2,cancel,1000000,0.564,750
stdmap_r2,cancel,1000000,0.565,750
stdmap_r2,cancel,1000000,0.566,750
stdmap_r2,cancel,1000000,0.567,791
stdmap_r2,cancel,1000000,0.568,791
stdmap_r2,cancel,1000000,0.569,791
stdmap_r2,cancel,1000000,0.57,791
stdmap_r2,cancel,1000000,0.571,791
stdmap_r2,cancel,1000000,0.572,791
stdmap_r2,cancel,1000000,0.573,791
stdmap_r2,cancel,1000000,0.574,791
stdmap_r2,cancel,1000000,0.575,791
stdmap_r2,cancel,1000000,0.576,791
stdmap_r2,cancel,1000000,0.577,791
stdmap_r2,cancel,1000000,0.578,791
stdmap_r2,cancel,1000000,0.579,791
stdmap_r2,cancel,1000000,0.58,791
stdmap_r2,cancel,1000000,0.581,791
stdmap_r2,cancel,1000000,0.582,791
stdmap_r2,cancel,1000000,0.583,791
stdmap_r2,cancel,1000000,0.584,791
stdmap_r2,cancel,1000000,0.585,791
stdmap_r2,cancel,1000000,0.586,791
stdmap_r2,cancel,1000000,0.587,791
stdmap_r2,cancel,1000000,0.588,791
stdmap_r2,cancel,1000000,0.589,792
stdmap_r2,cancel,1000000,0.59,792
stdmap_r2,cancel,1000000,0.591,792
stdmap_r2,cancel,1000000,0.592,792
stdmap_r2,cancel,1000000,0.593,792
stdmap_r2,cancel,1000000,0.594,792
stdmap_r2,cancel,1000000,0.595,792
stdmap_r2,cancel,1000000,0.596,792
stdmap_r2,cancel,1000000,0.597,792
stdmap_r2,cancel,1000000,0.598,792
stdmap_r2,cancel,1000000,0.599,792
stdmap_r2,cancel,1000000,0.6,792
stdmap_r2,cancel,1000000,0.601,792
stdmap_r2,cancel,1000000,0.602,792
stdmap_r2,cancel,1000000,0.603,792
stdmap_r2,cancel,1000000,0.604,792
stdmap_r2,cancel,1000000,0.605,792
stdmap_r2,cancel,1000000,0.606,792
stdmap_r2,cancel,1000000,0.607,792
stdmap_r2,cancel,1000000,0.608,792
stdmap_r2,cancel,1000000,0.609,792
stdmap_r2,cancel,1000000,0.61,792
stdmap_r2,cancel,1000000,0.611,792
stdmap_r2,cancel,1000000,0.612,792
stdmap_r2,cancel,1000000,0.613,792
stdmap_r2,cancel,1000000,0.614,792
stdmap_r2,cancel,1000000,0.615,792
stdmap_r2,cancel,1000000,0.616,792
stdmap_r2,cancel,1000000,0.617,792
stdmap_r2,cancel,1000000,0.618,792
stdmap_r2,cancel,1000000,0.619,792
stdmap_r2,cancel,1000000,0.62,792
stdmap_r2,cancel,1000000,0.621,792
stdmap_r2,cancel,1000000,0.622,792
stdmap_r2,cancel,1000000,0.623,792
stdmap_r2,cancel,1000000,0.624,792
stdmap_r2,cancel,1000000,0.625,792
stdmap_r2,cancel,1000000,0.626,792
stdmap_r2,cancel,1000000,0.627,792
stdmap_r2,cancel,1000000,0.628,792
stdmap_r2,cancel,1000000,0.629,792
stdmap_r2,cancel,1000000,0.63,792
stdmap_r2,cancel,1000000,0.631,792
stdmap_r2,cancel,1000000,0.632,792
stdmap_r2,cancel,1000000,0.633,833
stdmap_r2,cancel,1000000,0.634,833
stdmap_r2,cancel,1000000,0.635,833
stdmap_r2,cancel,1000000,0.636,833
stdmap_r2,cancel,1000000,0.637,833
stdmap_r2,cancel,1000000,0.638,833
stdmap_r2,cancel,1000000,0.639,833
stdmap_r2,cancel,1000000,0.64,833
stdmap_r2,cancel,1000000,0.641,833
stdmap_r2,cancel,1000000,0.642,833
stdmap_r2,cancel,1000000,0.643,833
stdmap_r2,cancel,1000000,0.644,833
stdmap_r2,cancel,1000000,0.645,833
stdmap_r2,cancel,1000000,0.646,833
stdmap_r2,cancel,1000000,0.647,833
stdmap_r2,cancel,1000000,0.648,833
stdmap_r2,cancel,1000000,0.649,833
stdmap_r2,cancel,1000000,0.65,833
stdmap_r2,cancel,1000000,0.651,833
stdmap_r2,cancel,1000000,0.652,833
stdmap_r2,cancel,1000000,0.653,833
stdmap_r2,cancel,1000000,0.654,833
stdmap_r2,cancel,1000000,0.655,833
stdmap_r2,cancel,1000000,0.656,833
stdmap_r2,cancel,1000000,0.657,833
stdmap_r2,cancel,1000000,0.658,833
stdmap_r2,cancel,1000000,0.659,833
stdmap_r2,cancel,1000000,0.66,833
stdmap_r2,cancel,1000000,0.661,833
stdmap_r2,cancel,1000000,0.662,833
stdmap_r2,cancel,1000000,0.663,833
stdmap_r2,cancel,1000000,0.664,833
stdmap_r2,cancel,1000000,0.665,833
stdmap_r2,cancel,1000000,0.666,833
stdmap_r2,cancel,1000000,0.667,833
stdmap_r2,cancel,1000000,0.668,833
stdmap_r2,cancel,1000000,0.669,833
stdmap_r2,cancel,1000000,0.67,834
stdmap_r2,cancel,1000000,0.671,834
stdmap_r2,cancel,1000000,0.672,834
stdmap_r2,cancel,1000000,0.673,834
stdmap_r2,cancel,1000000,0.674,834
stdmap_r2,cancel,1000000,0.675,834
stdmap_r2,cancel,1000000,0.676,834
stdmap_r2,cancel,1000000,0.677,834
stdmap_r2,cancel,1000000,0.678,834
stdmap_r2,cancel,1000000,0.679,834
stdmap_r2,cancel,1000000,0.68,834
stdmap_r2,cancel,1000000,0.681,834
stdmap_r2,cancel,1000000,0.682,834
stdmap_r2,cancel,1000000,0.683,834
stdmap_r2,cancel,1000000,0.684,834
stdmap_r2,cancel,1000000,0.685,834
stdmap_r2,cancel,1000000,0.686,834
stdmap_r2,cancel,1000000,0.687,834
stdmap_r2,cancel,1000000,0.688,875
stdmap_r2,cancel,1000000,0.689,875
stdmap_r2,cancel,1000000,0.69,875
stdmap_r2,cancel,1000000,0.691,875
stdmap_r2,cancel,1000000,0.692,875
stdmap_r2,cancel,1000000,0.693,875
stdmap_r2,cancel,1000000,0.694,875
stdmap_r2,cancel,1000000,0.695,875
stdmap_r2,cancel,1000000,0.696,875
stdmap_r2,cancel,1000000,0.697,875
stdmap_r2,cancel,1000000,0.698,875
stdmap_r2,cancel,1000000,0.699,875
stdmap_r2,cancel,1000000,0.7,875
stdmap_r2,cancel,1000000,0.701,875
stdmap_r2,cancel,1000000,0.702,875
stdmap_r2,cancel,1000000,0.703,875
stdmap_r2,cancel,1000000,0.704,875
stdmap_r2,cancel,1000000,0.705,875
stdmap_r2,cancel,1000000,0.706,875
stdmap_r2,cancel,1000000,0.707,875
stdmap_r2,cancel,1000000,0.708,875
stdmap_r2,cancel,1000000,0.709,875
stdmap_r2,cancel,1000000,0.71,875
stdmap_r2,cancel,1000000,0.711,875
stdmap_r2,cancel,1000000,0.712,875
stdmap_r2,cancel,1000000,0.713,875
stdmap_r2,cancel,1000000,0.714,875
stdmap_r2,cancel,1000000,0.715,875
stdmap_r2,cancel,1000000,0.716,875
stdmap_r2,cancel,1000000,0.717,875
stdmap_r2,cancel,1000000,0.718,875
stdmap_r2,cancel,1000000,0.719,875
stdmap_r2,cancel,1000000,0.72,875
stdmap_r2,cancel,1000000,0.721,875
stdmap_r2,cancel,1000000,0.722,875
stdmap_r2,cancel,1000000,0.723,875
stdmap_r2,cancel,1000000,0.724,875
stdmap_r2,cancel,1000000,0.725,875
stdmap_r2,cancel,1000000,0.726,875
stdmap_r2,cancel,1000000,0.727,875
stdmap_r2,cancel,1000000,0.728,875
stdmap_r2,cancel,1000000,0.729,875
stdmap_r2,cancel,1000000,0.73,875
stdmap_r2,cancel,1000000,0.731,875
stdmap_r2,cancel,1000000,0.732,875
stdmap_r2,cancel,1000000,0.733,875
stdmap_r2,cancel,1000000,0.734,875
stdmap_r2,cancel,1000000,0.735,916
stdmap_r2,cancel,1000000,0.736,916
stdmap_r2,cancel,1000000,0.737,916
stdmap_r2,cancel,1000000,0.738,916
stdmap_r2,cancel,1000000,0.739,916
stdmap_r2,cancel,1000000,0.74,916
stdmap_r2,cancel,1000000,0.741,916
stdmap_r2,cancel,1000000,0.742,916
stdmap_r2,cancel,1000000,0.743,916
stdmap_r2,cancel,1000000,0.744,916
stdmap_r2,cancel,1000000,0.745,916
stdmap_r2,cancel,1000000,0.746,916
stdmap_r2,cancel,1000000,0.747,916
stdmap_r2,cancel,1000000,0.748,917
stdmap_r2,cancel,1000000,0.749,917
stdmap_r2,cancel,1000000,0.75,917
stdmap_r2,cancel,1000000,0.751,917
stdmap_r2,cancel,1000000,0.752,917
stdmap_r2,cancel,1000000,0.753,917
stdmap_r2,cancel,1000000,0.754,917
stdmap_r2,cancel,1000000,0.755,917
stdmap_r2,cancel,1000000,0.756,917
stdmap_r2,cancel,1000000,0.757,917
stdmap_r2,cancel,1000000,0.758,917
stdmap_r2,cancel,1000000,0.759,917
stdmap_r2,cancel,1000000,0.76,917
stdmap_r2,cancel,1000000,0.761,917
stdmap_r2,cancel,1000000,0.762,917
stdmap_r2,cancel,1000000,0.763,917
stdmap_r2,cancel,1000000,0.764,917
stdmap_r2,cancel,1000000,0.765,917
stdmap_r2,cancel,1000000,0.766,917
stdmap_r2,cancel,1000000,0.767,917
stdmap_r2,cancel,1000000,0.768,917
stdmap_r2,cancel,1000000,0.769,917
stdmap_r2,cancel,1000000,0.77,917
stdmap_r2,cancel,1000000,0.771,917
stdmap_r2,cancel,1000000,0.772,917
stdmap_r2,cancel,1000000,0.773,917
stdmap_r2,cancel,1000000,0.774,958
stdmap_r2,cancel,1000000,0.775,958
stdmap_r2,cancel,1000000,0.776,958
stdmap_r2,cancel,1000000,0.777,958
stdmap_r2,cancel,1000000,0.778,958
stdmap_r2,cancel,1000000,0.779,958
stdmap_r2,cancel,1000000,0.78,958
stdmap_r2,cancel,1000000,0.781,958
stdmap_r2,cancel,1000000,0.782,958
stdmap_r2,cancel,1000000,0.783,958
stdmap_r2,cancel,1000000,0.784,958
stdmap_r2,cancel,1000000,0.785,958
stdmap_r2,cancel,1000000,0.786,958
stdmap_r2,cancel,1000000,0.787,958
stdmap_r2,cancel,1000000,0.788,958
stdmap_r2,cancel,1000000,0.789,958
stdmap_r2,cancel,1000000,0.79,958
stdmap_r2,cancel,1000000,0.791,958
stdmap_r2,cancel,1000000,0.792,958
stdmap_r2,cancel,1000000,0.793,958
stdmap_r2,cancel,1000000,0.794,958
stdmap_r2,cancel,1000000,0.795,958
stdmap_r2,cancel,1000000,0.796,958
stdmap_r2,cancel,1000000,0.797,959
stdmap_r2,cancel,1000000,0.798,959
stdmap_r2,cancel,1000000,0.799,959
stdmap_r2,cancel,1000000,0.8,959
stdmap_r2,cancel,1000000,0.801,959
stdmap_r2,cancel,1000000,0.802,959
stdmap_r2,cancel,1000000,0.803,959
stdmap_r2,cancel,1000000,0.804,959
stdmap_r2,cancel,1000000,0.805,959
stdmap_r2,cancel,1000000,0.806,959
stdmap_r2,cancel,1000000,0.807,959
stdmap_r2,cancel,1000000,0.808,1000
stdmap_r2,cancel,1000000,0.809,1000
stdmap_r2,cancel,1000000,0.81,1000
stdmap_r2,cancel,1000000,0.811,1000
stdmap_r2,cancel,1000000,0.812,1000
stdmap_r2,cancel,1000000,0.813,1000
stdmap_r2,cancel,1000000,0.814,1000
stdmap_r2,cancel,1000000,0.815,1000
stdmap_r2,cancel,1000000,0.816,1000
stdmap_r2,cancel,1000000,0.817,1000
stdmap_r2,cancel,1000000,0.818,1000
stdmap_r2,cancel,1000000,0.819,1000
stdmap_r2,cancel,1000000,0.82,1000
stdmap_r2,cancel,1000000,0.821,1000
stdmap_r2,cancel,1000000,0.822,1000
stdmap_r2,cancel,1000000,0.823,1000
stdmap_r2,cancel,1000000,0.824,1000
stdmap_r2,cancel,1000000,0.825,1000
stdmap_r2,cancel,1000000,0.826,1000
stdmap_r2,cancel,1000000,0.827,1000
stdmap_r2,cancel,1000000,0.828,1000
stdmap_r2,cancel,1000000,0.829,1000
stdmap_r2,cancel,1000000,0.83,1000
stdmap_r2,cancel,1000000,0.831,1000
stdmap_r2,cancel,1000000,0.832,1000
stdmap_r2,cancel,1000000,0.833,1000
stdmap_r2,cancel,1000000,0.834,1000
stdmap_r2,cancel,1000000,0.835,1041
stdmap_r2,cancel,1000000,0.836,1041
stdmap_r2,cancel,1000000,0.837,1041
stdmap_r2,cancel,1000000,0.838,1041
stdmap_r2,cancel,1000000,0.839,1041
stdmap_r2,cancel,1000000,0.84,1041
stdmap_r2,cancel,1000000,0.841,1041
stdmap_r2,cancel,1000000,0.842,1041
stdmap_r2,cancel,1000000,0.843,1042
stdmap_r2,cancel,1000000,0.844,1042
stdmap_r2,cancel,1000000,0.845,1042
stdmap_r2,cancel,1000000,0.846,1042
stdmap_r2,cancel,1000000,0.847,1042
stdmap_r2,cancel,1000000,0.848,1042
stdmap_r2,cancel,1000000,0.849,1042
stdmap_r2,cancel,1000000,0.85,1042
stdmap_r2,cancel,1000000,0.851,1042
stdmap_r2,cancel,1000000,0.852,1042
stdmap_r2,cancel,1000000,0.853,1042
stdmap_r2,cancel,1000000,0.854,1042
stdmap_r2,cancel,1000000,0.855,1042
stdmap_r2,cancel,1000000,0.856,1042
stdmap_r2,cancel,1000000,0.857,1042
stdmap_r2,cancel,1000000,0.858,1042
stdmap_r2,cancel,1000000,0.859,1083
stdmap_r2,cancel,1000000,0.86,1083
stdmap_r2,cancel,1000000,0.861,1083
stdmap_r2,cancel,1000000,0.862,1083
stdmap_r2,cancel,1000000,0.863,1083
stdmap_r2,cancel,1000000,0.864,1083
stdmap_r2,cancel,1000000,0.865,1083
stdmap_r2,cancel,1000000,0.866,1083
stdmap_r2,cancel,1000000,0.867,1083
stdmap_r2,cancel,1000000,0.868,1083
stdmap_r2,cancel,1000000,0.869,1083
stdmap_r2,cancel,1000000,0.87,1083
stdmap_r2,cancel,1000000,0.871,1084
stdmap_r2,cancel,1000000,0.872,1084
stdmap_r2,cancel,1000000,0.873,1084
stdmap_r2,cancel,1000000,0.874,1084
stdmap_r2,cancel,1000000,0.875,1084
stdmap_r2,cancel,1000000,0.876,1084
stdmap_r2,cancel,1000000,0.877,1084
stdmap_r2,cancel,1000000,0.878,1125
stdmap_r2,cancel,1000000,0.879,1125
stdmap_r2,cancel,1000000,0.88,1125
stdmap_r2,cancel,1000000,0.881,1125
stdmap_r2,cancel,1000000,0.882,1125
stdmap_r2,cancel,1000000,0.883,1125
stdmap_r2,cancel,1000000,0.884,1125
stdmap_r2,cancel,1000000,0.885,1125
stdmap_r2,cancel,1000000,0.886,1125
stdmap_r2,cancel,1000000,0.887,1125
stdmap_r2,cancel,1000000,0.888,1125
stdmap_r2,cancel,1000000,0.889,1125
stdmap_r2,cancel,1000000,0.89,1125
stdmap_r2,cancel,1000000,0.891,1125
stdmap_r2,cancel,1000000,0.892,1125
stdmap_r2,cancel,1000000,0.893,1125
stdmap_r2,cancel,1000000,0.894,1166
stdmap_r2,cancel,1000000,0.895,1166
stdmap_r2,cancel,1000000,0.896,1166
stdmap_r2,cancel,1000000,0.897,1166
stdmap_r2,cancel,1000000,0.898,1166
stdmap_r2,cancel,1000000,0.899,1167
stdmap_r2,cancel,1000000,0.9,1167
stdmap_r2,cancel,1000000,0.901,1167
stdmap_r2,cancel,1000000,0.902,1167
stdmap_r2,cancel,1000000,0.903,1167
stdmap_r2,cancel,1000000,0.904,1167
stdmap_r2,cancel,1000000,0.905,1167
stdmap_r2,cancel,1000000,0.906,1167
stdmap_r2,cancel,1000000,0.907,1167
stdmap_r2,cancel,1000000,0.908,1208
stdmap_r2,cancel,1000000,0.909,1208
stdmap_r2,cancel,1000000,0.91,1208
stdmap_r2,cancel,1000000,0.911,1208
stdmap_r2,cancel,1000000,0.912,1208
stdmap_r2,cancel,1000000,0.913,1208
stdmap_r2,cancel,1000000,0.914,1208
stdmap_r2,cancel,1000000,0.915,1208
stdmap_r2,cancel,1000000,0.916,1209
stdmap_r2,cancel,1000000,0.917,1209
stdmap_r2,cancel,1000000,0.918,1209
stdmap_r2,cancel,1000000,0.919,1209
stdmap_r2,cancel,1000000,0.92,1250
stdmap_r2,cancel,1000000,0.921,1250
stdmap_r2,cancel,1000000,0.922,1250
stdmap_r2,cancel,1000000,0.923,1250
stdmap_r2,cancel,1000000,0.924,1250
stdmap_r2,cancel,1000000,0.925,1250
stdmap_r2,cancel,1000000,0.926,1250
stdmap_r2,cancel,1000000,0.927,1250
stdmap_r2,cancel,1000000,0.928,1250
stdmap_r2,cancel,1000000,0.929,1250
stdmap_r2,cancel,1000000,0.93,1291
stdmap_r2,cancel,1000000,0.931,1291
stdmap_r2,cancel,1000000,0.932,1291
stdmap_r2,cancel,1000000,0.933,1292
stdmap_r2,cancel,1000000,0.934,1292
stdmap_r2,cancel,1000000,0.935,1292
stdmap_r2,cancel,1000000,0.936,1292
stdmap_r2,cancel,1000000,0.937,1292
stdmap_r2,cancel,1000000,0.938,1333
stdmap_r2,cancel,1000000,0.939,1333
stdmap_r2,cancel,1000000,0.94,1333
stdmap_r2,cancel,1000000,0.941,1333
stdmap_r2,cancel,1000000,0.942,1333
stdmap_r2,cancel,1000000,0.943,1334
stdmap_r2,cancel,1000000,0.944,1334
stdmap_r2,cancel,1000000,0.945,1375
stdmap_r2,cancel,1000000,0.946,1375
stdmap_r2,cancel,1000000,0.947,1375
stdmap_r2,cancel,1000000,0.948,1375
stdmap_r2,cancel,1000000,0.949,1375
stdmap_r2,cancel,1000000,0.95,1375
stdmap_r2,cancel,1000000,0.951,1375
stdmap_r2,cancel,1000000,0.952,1416
stdmap_r2,cancel,1000000,0.953,1416
stdmap_r2,cancel,1000000,0.954,1417
stdmap_r2,cancel,1000000,0.955,1417
stdmap_r2,cancel,1000000,0.956,1417
stdmap_r2,cancel,1000000,0.957,1458
stdmap_r2,cancel,1000000,0.958,1458
stdmap_r2,cancel,1000000,0.959,1458
stdmap_r2,cancel,1000000,0.96,1459
stdmap_r2,cancel,1000000,0.961,1459
stdmap_r2,cancel,1000000,0.962,1500
stdmap_r2,cancel,1000000,0.963,1500
stdmap_r2,cancel,1000000,0.964,1500
stdmap_r2,cancel,1000000,0.965,1500
stdmap_r2,cancel,1000000,0.966,1541
stdmap_r2,cancel,1000000,0.967,1542
stdmap_r2,cancel,1000000,0.968,1542
stdmap_r2,cancel,1000000,0.969,1542
stdmap_r2,cancel,1000000,0.97,1583
stdmap_r2,cancel,1000000,0.971,1583
stdmap_r2,cancel,1000000,0.972,1584
stdmap_r2,cancel,1000000,0.973,1625
stdmap_r2,cancel,1000000,0.974,1625
stdmap_r2,cancel,1000000,0.975,1625
stdmap_r2,cancel,1000000,0.976,1666
stdmap_r2,cancel,1000000,0.977,1667
stdmap_r2,cancel,1000000,0.978,1667
stdmap_r2,cancel,1000000,0.979,1708
stdmap_r2,cancel,1000000,0.98,1709
stdmap_r2,cancel,1000000,0.981,1750
stdmap_r2,cancel,1000000,0.982,1750
stdmap_r2,cancel,1000000,0.983,1791
stdmap_r2,cancel,1000000,0.984,1792
stdmap_r2,cancel,1000000,0.985,1833
stdmap_r2,cancel,1000000,0.986,1875
stdmap_r2,cancel,1000000,0.987,1875
stdmap_r2,cancel,1000000,0.988,1917
stdmap_r2,cancel,1000000,0.989,1959
stdmap_r2,cancel,1000000,0.99,2000
stdmap_r2,cancel,1000000,0.991,2083
stdmap_r2,cancel,1000000,0.992,2166
stdmap_r2,cancel,1000000,0.993,2250
stdmap_r2,cancel,1000000,0.994,2375
stdmap_r2,cancel,1000000,0.995,2625
stdmap_r2,cancel,1000000,0.996,5708
stdmap_r2,cancel,1000000,0.997,7583
stdmap_r2,cancel,1000000,0.998,12167
stdmap_r2,cancel,1000000,0.999,42916
stdmap_r2,match,1000000,0,0
stdmap_r2,match,1000000,0.001,41
stdmap_r2,match,1000000,0.002,41
stdmap_r2,match,1000000,0.003,41
stdmap_r2,match,1000000,0.004,41
stdmap_r2,match,1000000,0.005,41
stdmap_r2,match,1000000,0.006,41
stdmap_r2,match,1000000,0.007,41
stdmap_r2,match,1000000,0.008,41
stdmap_r2,match,1000000,0.009,41
stdmap_r2,match,1000000,0.01,41
stdmap_r2,match,1000000,0.011,41
stdmap_r2,match,1000000,0.012,41
stdmap_r2,match,1000000,0.013,41
stdmap_r2,match,1000000,0.014,41
stdmap_r2,match,1000000,0.015,41
stdmap_r2,match,1000000,0.016,41
stdmap_r2,match,1000000,0.017,41
stdmap_r2,match,1000000,0.018,41
stdmap_r2,match,1000000,0.019,41
stdmap_r2,match,1000000,0.02,41
stdmap_r2,match,1000000,0.021,41
stdmap_r2,match,1000000,0.022,41
stdmap_r2,match,1000000,0.023,41
stdmap_r2,match,1000000,0.024,41
stdmap_r2,match,1000000,0.025,41
stdmap_r2,match,1000000,0.026,41
stdmap_r2,match,1000000,0.027,41
stdmap_r2,match,1000000,0.028,41
stdmap_r2,match,1000000,0.029,42
stdmap_r2,match,1000000,0.03,42
stdmap_r2,match,1000000,0.031,42
stdmap_r2,match,1000000,0.032,42
stdmap_r2,match,1000000,0.033,42
stdmap_r2,match,1000000,0.034,42
stdmap_r2,match,1000000,0.035,42
stdmap_r2,match,1000000,0.036,42
stdmap_r2,match,1000000,0.037,42
stdmap_r2,match,1000000,0.038,42
stdmap_r2,match,1000000,0.039,42
stdmap_r2,match,1000000,0.04,42
stdmap_r2,match,1000000,0.041,42
stdmap_r2,match,1000000,0.042,42
stdmap_r2,match,1000000,0.043,42
stdmap_r2,match,1000000,0.044,42
stdmap_r2,match,1000000,0.045,42
stdmap_r2,match,1000000,0.046,42
stdmap_r2,match,1000000,0.047,42
stdmap_r2,match,1000000,0.048,42
stdmap_r2,match,1000000,0.049,42
stdmap_r2,match,1000000,0.05,42
stdmap_r2,match,1000000,0.051,42
stdmap_r2,match,1000000,0.052,42
stdmap_r2,match,1000000,0.053,42
stdmap_r2,match,1000000,0.054,42
stdmap_r2,match,1000000,0.055,42
stdmap_r2,match,1000000,0.056,42
stdmap_r2,match,1000000,0.057,42
stdmap_r2,match,1000000,0.058,42
stdmap_r2,match,1000000,0.059,42
stdmap_r2,match,1000000,0.06,42
stdmap_r2,match,1000000,0.061,42
stdmap_r2,match,1000000,0.062,42
stdmap_r2,match,1000000,0.063,42
stdmap_r2,match,1000000,0.064,42
stdmap_r2,match,1000000,0.065,42
stdmap_r2,match,1000000,0.066,42
stdmap_r2,match,1000000,0.067,42
stdmap_r2,match,1000000,0.068,42
stdmap_r2,match,1000000,0.069,42
stdmap_r2,match,1000000,0.07,42
stdmap_r2,match,1000000,0.071,42
stdmap_r2,match,1000000,0.072,42
stdmap_r2,match,1000000,0.073,42
stdmap_r2,match,1000000,0.074,42
stdmap_r2,match,1000000,0.075,42
stdmap_r2,match,1000000,0.076,42
stdmap_r2,match,1000000,0.077,42
stdmap_r2,match,1000000,0.078,42
stdmap_r2,match,1000000,0.079,42
stdmap_r2,match,1000000,0.08,42
stdmap_r2,match,1000000,0.081,42
stdmap_r2,match,1000000,0.082,42
stdmap_r2,match,1000000,0.083,42
stdmap_r2,match,1000000,0.084,42
stdmap_r2,match,1000000,0.085,42
stdmap_r2,match,1000000,0.086,42
stdmap_r2,match,1000000,0.087,42
stdmap_r2,match,1000000,0.088,42
stdmap_r2,match,1000000,0.089,83
stdmap_r2,match,1000000,0.09,83
stdmap_r2,match,1000000,0.091,83
stdmap_r2,match,1000000,0.092,83
stdmap_r2,match,1000000,0.093,83
stdmap_r2,match,1000000,0.094,83
stdmap_r2,match,1000000,0.095,83
stdmap_r2,match,1000000,0.096,83
stdmap_r2,match,1000000,0.097,83
stdmap_r2,match,1000000,0.098,83
stdmap_r2,match,1000000,0.099,83
stdmap_r2,match,1000000,0.1,83
stdmap_r2,match,1000000,0.101,83
stdmap_r2,match,1000000,0.102,83
stdmap_r2,match,1000000,0.103,83
stdmap_r2,match,1000000,0.104,83
stdmap_r2,match,1000000,0.105,83
stdmap_r2,match,1000000,0.106,83
stdmap_r2,match,1000000,0.107,83
stdmap_r2,match,1000000,0.108,83
stdmap_r2,match,1000000,0.109,83
stdmap_r2,match,1000000,0.11,83
stdmap_r2,match,1000000,0.111,83
stdmap_r2,match,1000000,0.112,83
stdmap_r2,match,1000000,0.113,83
stdmap_r2,match,1000000,0.114,83
stdmap_r2,match,1000000,0.115,83
stdmap_r2,match,1000000,0.116,84
stdmap_r2,match,1000000,0.117,84
stdmap_r2,match,1000000,0.118,84
stdmap_r2,match,1000000,0.119,84
stdmap_r2,match,1000000,0.12,84
stdmap_r2,match,1000000,0.121,84
stdmap_r2,match,1000000,0.122,84
stdmap_r2,match,1000000,0.123,84
stdmap_r2,match,1000000,0.124,84
stdmap_r2,match,1000000,0.125,84
stdmap_r2,match,1000000,0.126,84
stdmap_r2,match,1000000,0.127,84
stdmap_r2,match,1000000,0.128,84
stdmap_r2,match,1000000,0.129,84
stdmap_r2,match,1000000,0.13,125
stdmap_r2,match,1000000,0.131,125
stdmap_r2,match,1000000,0.132,125
stdmap_r2,match,1000000,0.133,125
stdmap_r2,match,1000000,0.134,125
stdmap_r2,match,1000000,0.135,125
stdmap_r2,match,1000000,0.136,125
stdmap_r2,match,1000000,0.137,125
stdmap_r2,match,1000000,0.138,125
stdmap_r2,match,1000000,0.139,125
stdmap_r2,match,1000000,0.14,125
stdmap_r2,match,1000000,0.141,125
stdmap_r2,match,1000000,0.142,125
stdmap_r2,match,1000000,0.143,125
stdmap_r2,match,1000000,0.144,125
stdmap_r2,match,1000000,0.145,125
stdmap_r2,match,1000000,0.146,125
stdmap_r2,match,1000000,0.147,125
stdmap_r2,match,1000000,0.148,125
stdmap_r2,match,1000000,0.149,125
stdmap_r2,match,1000000,0.15,125
stdmap_r2,match,1000000,0.151,125
stdmap_r2,match,1000000,0.152,125
stdmap_r2,match,1000000,0.153,125
stdmap_r2,match,1000000,0.154,125
stdmap_r2,match,1000000,0.155,125
stdmap_r2,match,1000000,0.156,125
stdmap_r2,match,1000000,0.157,125
stdmap_r2,match,1000000,0.158,125
stdmap_r2,match,1000000,0.159,125
stdmap_r2,match,1000000,0.16,125
stdmap_r2,match,1000000,0.161,125
stdmap_r2,match,1000000,0.162,125
stdmap_r2,match,1000000,0.163,125
stdmap_r2,match,1000000,0.164,125
stdmap_r2,match,1000000,0.165,125
stdmap_r2,match,1000000,0.166,125
stdmap_r2,match,1000000,0.167,125
stdmap_r2,match,1000000,0.168,125
stdmap_r2,match,1000000,0.169,125
stdmap_r2,match,1000000,0.17,125
stdmap_r2,match,1000000,0.171,125
stdmap_r2,match,1000000,0.172,125
stdmap_r2,match,1000000,0.173,125
stdmap_r2,match,1000000,0.174,125
stdmap_r2,match,1000000,0.175,125
stdmap_r2,match,1000000,0.176,125
stdmap_r2,match,1000000,0.177,125
stdmap_r2,match,1000000,0.178,125
stdmap_r2,match,1000000,0.179,125
stdmap_r2,match,1000000,0.18,125
stdmap_r2,match,1000000,0.181,125
stdmap_r2,match,1000000,0.182,125
stdmap_r2,match,1000000,0.183,125
stdmap_r2,match,1000000,0.184,125
stdmap_r2,match,1000000,0.185,125
stdmap_r2,match,1000000,0.186,125
stdmap_r2,match,1000000,0.187,125
stdmap_r2,match,1000000,0.188,125
stdmap_r2,match,1000000,0.189,166
stdmap_r2,match,1000000,0.19,166
stdmap_r2,match,1000000,0.191,166
stdmap_r2,match,1000000,0.192,166
stdmap_r2,match,1000000,0.193,166
stdmap_r2,match,1000000,0.194,166
stdmap_r2,match,1000000,0.195,166
stdmap_r2,match,1000000,0.196,166
stdmap_r2,match,1000000,0.197,166
stdmap_r2,match,1000000,0.198,166
stdmap_r2,match,1000000,0.199,166
stdmap_r2,match,1000000,0.2,166
stdmap_r2,match,1000000,0.201,166
stdmap_r2,match,1000000,0.202,167
stdmap_r2,match,1000000,0.203,167
stdmap_r2,match,1000000,0.204,167
stdmap_r2,match,1000000,0.205,167
stdmap_r2,match,1000000,0.206,167
stdmap_r2,match,1000000,0.207,167
stdmap_r2,match,1000000,0.208,167
stdmap_r2,match,1000000,0.209,167
stdmap_r2,match,1000000,0.21,167
stdmap_r2,match,1000000,0.211,167
stdmap_r2,match,1000000,0.212,167
stdmap_r2,match,1000000,0.213,167
stdmap_r2,match,1000000,0.214,167
stdmap_r2,match,1000000,0.215,167
stdmap_r2,match,1000000,0.216,167
stdmap_r2,match,1000000,0.217,167
stdmap_r2,match,1000000,0.218,167
stdmap_r2,match,1000000,0.219,167
stdmap_r2,match,1000000,0.22,167
stdmap_r2,match,1000000,0.221,167
stdmap_r2,match,1000000,0.222,167
stdmap_r2,match,1000000,0.223,167
stdmap_r2,match,1000000,0.224,167
stdmap_r2,match,1000000,0.225,167
stdmap_r2,match,1000000,0.226,167
stdmap_r2,match,1000000,0.227,167
stdmap_r2,match,1000000,0.228,208
stdmap_r2,match,1000000,0.229,208
stdmap_r2,match,1000000,0.23,208
stdmap_r2,match,1000000,0.231,208
stdmap_r2,match,1000000,0.232,208
stdmap_r2,match,1000000,0.233,208
stdmap_r2,match,1000000,0.234,208
stdmap_r2,match,1000000,0.235,208
stdmap_r2,match,1000000,0.236,208
stdmap_r2,match,1000000,0.237,208
stdmap_r2,match,1000000,0.238,208
stdmap_r2,match,1000000,0.239,208
stdmap_r2,match,1000000,0.24,208
stdmap_r2,match,1000000,0.241,208
stdmap_r2,match,1000000,0.242,208
stdmap_r2,match,1000000,0.243,208
stdmap_r2,match,1000000,0.244,208
stdmap_r2,match,1000000,0.245,208
stdmap_r2,match,1000000,0.246,208
stdmap_r2,match,1000000,0.247,208
stdmap_r2,match,1000000,0.248,208
stdmap_r2,match,1000000,0.249,208
stdmap_r2,match,1000000,0.25,208
stdmap_r2,match,1000000,0.251,208
stdmap_r2,match,1000000,0.252,208
stdmap_r2,match,1000000,0.253,208
stdmap_r2,match,1000000,0.254,208
stdmap_r2,match,1000000,0.255,208
stdmap_r2,match,1000000,0.256,209
stdmap_r2,match,1000000,0.257,209
stdmap_r2,match,1000000,0.258,209
stdmap_r2,match,1000000,0.259,209
stdmap_r2,match,1000000,0.26,209
stdmap_r2,match,1000000,0.261,209
stdmap_r2,match,1000000,0.262,209
stdmap_r2,match,1000000,0.263,209
stdmap_r2,match,1000000,0.264,209
stdmap_r2,match,1000000,0.265,209
stdmap_r2,match,1000000,0.266,209
stdmap_r2,match,1000000,0.267,209
stdmap_r2,match,1000000,0.268,209
stdmap_r2,match,1000000,0.269,209
stdmap_r2,match,1000000,0.27,250
stdmap_r2,match,1000000,0.271,250
stdmap_r2,match,1000000,0.272,250
stdmap_r2,match,1000000,0.273,250
stdmap_r2,match,1000000,0.274,250
stdmap_r2,match,1000000,0.275,250
stdmap_r2,match,1000000,0.276,250
stdmap_r2,match,1000000,0.277,250
stdmap_r2,match,1000000,0.278,250
stdmap_r2,match,1000000,0.279,250
stdmap_r2,match,1000000,0.28,250
stdmap_r2,match,1000000,0.281,250
stdmap_r2,match,1000000,0.282,250
stdmap_r2,match,1000000,0.283,250
stdmap_r2,match,1000000,0.284,250
stdmap_r2,match,1000000,0.285,250
stdmap_r2,match,1000000,0.286,250
stdmap_r2,match,1000000,0.287,250
stdmap_r2,match,1000000,0.288,250
stdmap_r2,match,1000000,0.289,250
stdmap_r2,match,1000000,0.29,250
stdmap_r2,match,1000000,0.291,250
stdmap_r2,match,1000000,0.292,250
stdmap_r2,match,1000000,0.293,250
stdmap_r2,match,1000000,0.294,250
stdmap_r2,match,1000000,0.295,250
stdmap_r2,match,1000000,0.296,250
stdmap_r2,match,1000000,0.297,250
stdmap_r2,match,1000000,0.298,250
stdmap_r2,match,1000000,0.299,250
stdmap_r2,match,1000000,0.3,250
stdmap_r2,match,1000000,0.301,250
stdmap_r2,match,1000000,0.302,250
stdmap_r2,match,1000000,0.303,291
stdmap_r2,match,1000000,0.304,291
stdmap_r2,match,1000000,0.305,291
stdmap_r2,match,1000000,0.306,291
stdmap_r2,match,1000000,0.307,291
stdmap_r2,match,1000000,0.308,291
stdmap_r2,match,1000000,0.309,291
stdmap_r2,match,1000000,0.31,291
stdmap_r2,match,1000000,0.311,291
stdmap_r2,match,1000000,0.312,291
stdmap_r2,match,1000000,0.313,291
stdmap_r2,match,1000000,0.314,291
stdmap_r2,match,1000000,0.315,291
stdmap_r2,match,1000000,0.316,291
stdmap_r2,match,1000000,0.317,291
stdmap_r2,match,1000000,0.318,291
stdmap_r2,match,1000000,0.319,291
stdmap_r2,match,1000000,0.32,291
stdmap_r2,match,1000000,0.321,291
stdmap_r2,match,1000000,0.322,291
stdmap_r2,match,1000000,0.323,291
stdmap_r2,match,1000000,0.324,291
stdmap_r2,match,1000000,0.325,292
stdmap_r2,match,1000000,0.326,292
stdmap_r2,match,1000000,0.327,292
stdmap_r2,match,1000000,0.328,292
stdmap_r2,match,1000000,0.329,292
stdmap_r2,match,1000000,0.33,292
stdmap_r2,match,1000000,0.331,292
stdmap_r2,match,1000000,0.332,292
stdmap_r2,match,1000000,0.333,292
stdmap_r2,match,1000000,0.334,292
stdmap_r2,match,1000000,0.335,292
stdmap_r2,match,1000000,0.336,292
stdmap_r2,match,1000000,0.337,292
stdmap_r2,match,1000000,0.338,292
stdmap_r2,match,1000000,0.339,292
stdmap_r2,match,1000000,0.34,292
stdmap_r2,match,1000000,0.341,292
stdmap_r2,match,1000000,0.342,292
stdmap_r2,match,1000000,0.343,292
stdmap_r2,match,1000000,0.344,292
stdmap_r2,match,1000000,0.345,292
stdmap_r2,match,1000000,0.346,292
stdmap_r2,match,1000000,0.347,292
stdmap_r2,match,1000000,0.348,292
stdmap_r2,match,1000000,0.349,292
stdmap_r2,match,1000000,0.35,292
stdmap_r2,match,1000000,0.351,292
stdmap_r2,match,1000000,0.352,292
stdmap_r2,match,1000000,0.353,292
stdmap_r2,match,1000000,0.354,292
stdmap_r2,match,1000000,0.355,292
stdmap_r2,match,1000000,0.356,292
stdmap_r2,match,1000000,0.357,292
stdmap_r2,match,1000000,0.358,292
stdmap_r2,match,1000000,0.359,292
stdmap_r2,match,1000000,0.36,292
stdmap_r2,match,1000000,0.361,292
stdmap_r2,match,1000000,0.362,292
stdmap_r2,match,1000000,0.363,292
stdmap_r2,match,1000000,0.364,292
stdmap_r2,match,1000000,0.365,292
stdmap_r2,match,1000000,0.366,292
stdmap_r2,match,1000000,0.367,292
stdmap_r2,match,1000000,0.368,292
stdmap_r2,match,1000000,0.369,333
stdmap_r2,match,1000000,0.37,333
stdmap_r2,match,1000000,0.371,333
stdmap_r2,match,1000000,0.372,333
stdmap_r2,match,1000000,0.373,333
stdmap_r2,match,1000000,0.374,333
stdmap_r2,match,1000000,0.375,333
stdmap_r2,match,1000000,0.376,333
stdmap_r2,match,1000000,0.377,333
stdmap_r2,match,1000000,0.378,333
stdmap_r2,match,1000000,0.379,333
stdmap_r2,match,1000000,0.38,333
stdmap_r2,match,1000000,0.381,333
stdmap_r2,match,1000000,0.382,333
stdmap_r2,match,1000000,0.383,333
stdmap_r2,match,1000000,0.384,333
stdmap_r2,match,1000000,0.385,333
stdmap_r2,match,1000000,0.386,333
stdmap_r2,match,1000000,0.387,333
stdmap_r2,match,1000000,0.388,333
stdmap_r2,match,1000000,0.389,333
stdmap_r2,match,1000000,0.39,333
stdmap_r2,match,1000000,0.391,333
stdmap_r2,match,1000000,0.392,333
stdmap_r2,match,1000000,0.393,333
stdmap_r2,match,1000000,0.394,333
stdmap_r2,match,1000000,0.395,333
stdmap_r2,match,1000000,0.396,333
stdmap_r2,match,1000000,0.397,333
stdmap_r2,match,1000000,0.398,333
stdmap_r2,match,1000000,0.399,333
stdmap_r2,match,1000000,0.4,333
stdmap_r2,match,1000000,0.401,333
stdmap_r2,match,1000000,0.402,333
stdmap_r2,match,1000000,0.403,333
stdmap_r2,match,1000000,0.404,333
stdmap_r2,match,1000000,0.405,333
stdmap_r2,match,1000000,0.406,333
stdmap_r2,match,1000000,0.407,333
stdmap_r2,match,1000000,0.408,333
stdmap_r2,match,1000000,0.409,333
stdmap_r2,match,1000000,0.41,333
stdmap_r2,match,1000000,0.411,333
stdmap_r2,match,1000000,0.412,333
stdmap_r2,match,1000000,0.413,333
stdmap_r2,match,1000000,0.414,333
stdmap_r2,match,1000000,0.415,333
stdmap_r2,match,1000000,0.416,333
stdmap_r2,match,1000000,0.417,333
stdmap_r2,match,1000000,0.418,333
stdmap_r2,match,1000000,0.419,333
stdmap_r2,match,1000000,0.42,333
stdmap_r2,match,1000000,0.421,333
stdmap_r2,match,1000000,0.422,333
stdmap_r2,match,1000000,0.423,333
stdmap_r2,match,1000000,0.424,334
stdmap_r2,match,1000000,0.425,334
stdmap_r2,match,1000000,0.426,334
stdmap_r2,match,1000000,0.427,334
stdmap_r2,match,1000000,0.428,334
stdmap_r2,match,1000000,0.429,334
stdmap_r2,match,1000000,0.43,334
stdmap_r2,match,1000000,0.431,334
stdmap_r2,match,1000000,0.432,334
stdmap_r2,match,1000000,0.433,334
stdmap_r2,match,1000000,0.434,334
stdmap_r2,match,1000000,0.435,334
stdmap_r2,match,1000000,0.436,334
stdmap_r2,match,1000000,0.437,334
stdmap_r2,match,1000000,0.438,334
stdmap_r2,match,1000000,0.439,334
stdmap_r2,match,1000000,0.44,334
stdmap_r2,match,1000000,0.441,334
stdmap_r2,match,1000000,0.442,334
stdmap_r2,match,1000000,0.443,334
stdmap_r2,match,1000000,0.444,334
stdmap_r2,match,1000000,0.445,334
stdmap_r2,match,1000000,0.446,334
stdmap_r2,match,1000000,0.447,334
stdmap_r2,match,1000000,0.448,334
stdmap_r2,match,1000000,0.449,334
stdmap_r2,match,1000000,0.45,334
stdmap_r2,match,1000000,0.451,375
stdmap_r2,match,1000000,0.452,375
stdmap_r2,match,1000000,0.453,375
stdmap_r2,match,1000000,0.454,375
stdmap_r2,match,1000000,0.455,375
stdmap_r2,match,1000000,0.456,375
stdmap_r2,match,1000000,0.457,375
stdmap_r2,match,1000000,0.458,375
stdmap_r2,match,1000000,0.459,375
stdmap_r2,match,1000000,0.46,375
stdmap_r2,match,1000000,0.461,375
stdmap_r2,match,1000000,0.462,375
stdmap_r2,match,1000000,0.463,375
stdmap_r2,match,1000000,0.464,375
stdmap_r2,match,1000000,0.465,375
stdmap_r2,match,1000000,0.466,375
stdmap_r2,match,1000000,0.467,375
stdmap_r2,match,1000000,0.468,375
stdmap_r2,match,1000000,0.469,375
stdmap_r2,match,1000000,0.47,375
stdmap_r2,match,1000000,0.471,375
stdmap_r2,match,1000000,0.472,375
stdmap_r2,match,1000000,0.473,375
stdmap_r2,match,1000000,0.474,375
stdmap_r2,match,1000000,0.475,375
stdmap_r2,match,1000000,0.476,375
stdmap_r2,match,1000000,0.477,375
stdmap_r2,match,1000000,0.478,375
stdmap_r2,match,1000000,0.479,375
stdmap_r2,match,1000000,0.48,375
stdmap_r2,match,1000000,0.481,375
stdmap_r2,match,1000000,0.482,375
stdmap_r2,match,1000000,0.483,375
stdmap_r2,match,1000000,0.484,375
stdmap_r2,match,1000000,0.485,375
stdmap_r2,match,1000000,0.486,375
stdmap_r2,match,1000000,0.487,375
stdmap_r2,match,1000000,0.488,375
stdmap_r2,match,1000000,0.489,375
stdmap_r2,match,1000000,0.49,375
stdmap_r2,match,1000000,0.491,375
stdmap_r2,match,1000000,0.492,375
stdmap_r2,match,1000000,0.493,375
stdmap_r2,match,1000000,0.494,375
stdmap_r2,match,1000000,0.495,375
stdmap_r2,match,1000000,0.496,375
stdmap_r2,match,1000000,0.497,375
stdmap_r2,match,1000000,0.498,375
stdmap_r2,match,1000000,0.499,375
stdmap_r2,match,1000000,0.5,375
stdmap_r2,match,1000000,0.501,375
stdmap_r2,match,1000000,0.502,375
stdmap_r2,match,1000000,0.503,375
stdmap_r2,match,1000000,0.504,375
stdmap_r2,match,1000000,0.505,375
stdmap_r2,match,1000000,0.506,375
stdmap_r2,match,1000000,0.507,375
stdmap_r2,match,1000000,0.508,375
stdmap_r2,match,1000000,0.509,375
stdmap_r2,match,1000000,0.51,375
stdmap_r2,match,1000000,0.511,375
stdmap_r2,match,1000000,0.512,375
stdmap_r2,match,1000000,0.513,375
stdmap_r2,match,1000000,0.514,375
stdmap_r2,match,1000000,0.515,375
stdmap_r2,match,1000000,0.516,375
stdmap_r2,match,1000000,0.517,375
stdmap_r2,match,1000000,0.518,375
stdmap_r2,match,1000000,0.519,375
stdmap_r2,match,1000000,0.52,416
stdmap_r2,match,1000000,0.521,416
stdmap_r2,match,1000000,0.522,416
stdmap_r2,match,1000000,0.523,416
stdmap_r2,match,1000000,0.524,416
stdmap_r2,match,1000000,0.525,416
stdmap_r2,match,1000000,0.526,416
stdmap_r2,match,1000000,0.527,416
stdmap_r2,match,1000000,0.528,416
stdmap_r2,match,1000000,0.529,416
stdmap_r2,match,1000000,0.53,416
stdmap_r2,match,1000000,0.531,416
stdmap_r2,match,1000000,0.532,416
stdmap_r2,match,1000000,0.533,416
stdmap_r2,match,1000000,0.534,416
stdmap_r2,match,1000000,0.535,416
stdmap_r2,match,1000000,0.536,416
stdmap_r2,match,1000000,0.537,416
stdmap_r2,match,1000000,0.538,416
stdmap_r2,match,1000000,0.539,416
stdmap_r2,match,1000000,0.54,416
stdmap_r2,match,1000000,0.541,416
stdmap_r2,match,1000000,0.542,417
stdmap_r2,match,1000000,0.543,417
stdmap_r2,match,1000000,0.544,417
stdmap_r2,match,1000000,0.545,417
stdmap_r2,match,1000000,0.546,417
stdmap_r2,match,1000000,0.547,417
stdmap_r2,match,1000000,0.548,417
stdmap_r2,match,1000000,0.549,417
stdmap_r2,match,1000000,0.55,417
stdmap_r2,match,1000000,0.551,417
stdmap_r2,match,1000000,0.552,417
stdmap_r2,match,1000000,0.553,417
stdmap_r2,match,1000000,0.554,417
stdmap_r2,match,1000000,0.555,417
stdmap_r2,match,1000000,0.556,417
stdmap_r2,match,1000000,0.557,417
stdmap_r2,match,1000000,0.558,417
stdmap_r2,match,1000000,0.559,417
stdmap_r2,match,1000000,0.56,417
stdmap_r2,match,1000000,0.561,417
stdmap_r2,match,1000000,0.562,417
stdmap_r2,match,1000000,0.563,417
stdmap_r2,match,1000000,0.564,417
stdmap_r2,match,1000000,0.565,417
stdmap_r2,match,1000000,0.566,417
stdmap_r2,match,1000000,0.567,417
stdmap_r2,match,1000000,0.568,417
stdmap_r2,match,1000000,0.569,417
stdmap_r2,match,1000000,0.57,417
stdmap_r2,match,1000000,0.571,417
stdmap_r2,match,1000000,0.572,417
stdmap_r2,match,1000000,0.573,417
stdmap_r2,match,1000000,0.574,417
stdmap_r2,match,1000000,0.575,417
stdmap_r2,match,1000000,0.576,417
stdmap_r2,match,1000000,0.577,417
stdmap_r2,match,1000000,0.578,417
stdmap_r2,match,1000000,0.579,417
stdmap_r2,match,1000000,0.58,417
stdmap_r2,match,1000000,0.581,417
stdmap_r2,match,1000000,0.582,417
stdmap_r2,match,1000000,0.583,417
stdmap_r2,match,1000000,0.584,417
stdmap_r2,match,1000000,0.585,417
stdmap_r2,match,1000000,0.586,417
stdmap_r2,match,1000000,0.587,458
stdmap_r2,match,1000000,0.588,458
stdmap_r2,match,1000000,0.589,458
stdmap_r2,match,1000000,0.59,458
stdmap_r2,match,1000000,0.591,458
stdmap_r2,match,1000000,0.592,458
stdmap_r2,match,1000000,0.593,458
stdmap_r2,match,1000000,0.594,458
stdmap_r2,match,1000000,0.595,458
stdmap_r2,match,1000000,0.596,458
stdmap_r2,match,1000000,0.597,458
stdmap_r2,match,1000000,0.598,458
stdmap_r2,match,1000000,0.599,458
stdmap_r2,match,1000000,0.6,458
stdmap_r2,match,1000000,0.601,458
stdmap_r2,match,1000000,0.602,458
stdmap_r2,match,1000000,0.603,458
stdmap_r2,match,1000000,0.604,458
stdmap_r2,match,1000000,0.605,458
stdmap_r2,match,1000000,0.606,458
stdmap_r2,match,1000000,0.607,458
stdmap_r2,match,1000000,0.608,458
stdmap_r2,match,1000000,0.609,458
stdmap_r2,match,1000000,0.61,458
stdmap_r2,match,1000000,0.611,458
stdmap_r2,match,1000000,0.612,458
stdmap_r2,match,1000000,0.613,458
stdmap_r2,match,1000000,0.614,458
stdmap_r2,match,1000000,0.615,458
stdmap_r2,match,1000000,0.616,458
stdmap_r2,match,1000000,0.617,458
stdmap_r2,match,1000000,0.618,458
stdmap_r2,match,1000000,0.619,458
stdmap_r2,match,1000000,0.62,458
stdmap_r2,match,1000000,0.621,458
stdmap_r2,match,1000000,0.622,458
stdmap_r2,match,1000000,0.623,458
stdmap_r2,match,1000000,0.624,458
stdmap_r2,match,1000000,0.625,458
stdmap_r2,match,1000000,0.626,458
stdmap_r2,match,1000000,0.627,458
stdmap_r2,match,1000000,0.628,458
stdmap_r2,match,1000000,0.629,459
stdmap_r2,match,1000000,0.63,459
stdmap_r2,match,1000000,0.631,459
stdmap_r2,match,1000000,0.632,459
stdmap_r2,match,1000000,0.633,459
stdmap_r2,match,1000000,0.634,459
stdmap_r2,match,1000000,0.635,459
stdmap_r2,match,1000000,0.636,459
stdmap_r2,match,1000000,0.637,459
stdmap_r2,match,1000000,0.638,459
stdmap_r2,match,1000000,0.639,459
stdmap_r2,match,1000000,0.64,459
stdmap_r2,match,1000000,0.641,459
stdmap_r2,match,1000000,0.642,459
stdmap_r2,match,1000000,0.643,459
stdmap_r2,match,1000000,0.644,459
stdmap_r2,match,1000000,0.645,459
stdmap_r2,match,1000000,0.646,459
stdmap_r2,match,1000000,0.647,459
stdmap_r2,match,1000000,0.648,459
stdmap_r2,match,1000000,0.649,459
stdmap_r2,match,1000000,0.65,459
stdmap_r2,match,1000000,0.651,500
stdmap_r2,match,1000000,0.652,500
stdmap_r2,match,1000000,0.653,500
stdmap_r2,match,1000000,0.654,500
stdmap_r2,match,1000000,0.655,500
stdmap_r2,match,1000000,0.656,500
stdmap_r2,match,1000000,0.657,500
stdmap_r2,match,1000000,0.658,500
stdmap_r2,match,1000000,0.659,500
stdmap_r2,match,1000000,0.66,500
stdmap_r2,match,1000000,0.661,500
stdmap_r2,match,1000000,0.662,500
stdmap_r2,match,1000000,0.663,500
stdmap_r2,match,1000000,0.664,500
stdmap_r2,match,1000000,0.665,500
stdmap_r2,match,1000000,0.666,500
stdmap_r2,match,1000000,0.667,500
stdmap_r2,match,1000000,0.668,500
stdmap_r2,match,1000000,0.669,500
stdmap_r2,match,1000000,0.67,500
stdmap_r2,match,1000000,0.671,500
stdmap_r2,match,1000000,0.672,500
stdmap_r2,match,1000000,0.673,500
stdmap_r2,match,1000000,0.674,500
stdmap_r2,match,1000000,0.675,500
stdmap_r2,match,1000000,0.676,500
stdmap_r2,match,1000000,0.677,500
stdmap_r2,match,1000000,0.678,500
stdmap_r2,match,1000000,0.679,500
stdmap_r2,match,1000000,0.68,500
stdmap_r2,match,1000000,0.681,500
stdmap_r2,match,1000000,0.682,500
stdmap_r2,match,1000000,0.683,500
stdmap_r2,match,1000000,0.684,500
stdmap_r2,match,1000000,0.685,500
stdmap_r2,match,1000000,0.686,500
stdmap_r2,match,1000000,0.687,500
stdmap_r2,match,1000000,0.688,500
stdmap_r2,match,1000000,0.689,500
stdmap_r2,match,1000000,0.69,500
stdmap_r2,match,1000000,0.691,500
stdmap_r2,match,1000000,0.692,500
stdmap_r2,match,1000000,0.693,500
stdmap_r2,match,1000000,0.694,500
stdmap_r2,match,1000000,0.695,500
stdmap_r2,match,1000000,0.696,500
stdmap_r2,match,1000000,0.697,500
stdmap_r2,match,1000000,0.698,500
stdmap_r2,match,1000000,0.699,500
stdmap_r2,match,1000000,0.7,500
stdmap_r2,match,1000000,0.701,500
stdmap_r2,match,1000000,0.702,500
stdmap_r2,match,1000000,0.703,500
stdmap_r2,match,1000000,0.704,500
stdmap_r2,match,1000000,0.705,500
stdmap_r2,match,1000000,0.706,541
stdmap_r2,match,1000000,0.707,541
stdmap_r2,match,1000000,0.708,541
stdmap_r2,match,1000000,0.709,541
stdmap_r2,match,1000000,0.71,541
stdmap_r2,match,1000000,0.711,541
stdmap_r2,match,1000000,0.712,541
stdmap_r2,match,1000000,0.713,541
stdmap_r2,match,1000000,0.714,541
stdmap_r2,match,1000000,0.715,541
stdmap_r2,match,1000000,0.716,541
stdmap_r2,match,1000000,0.717,541
stdmap_r2,match,1000000,0.718,541
stdmap_r2,match,1000000,0.719,541
stdmap_r2,match,1000000,0.72,541
stdmap_r2,match,1000000,0.721,541
stdmap_r2,match,1000000,0.722,541
stdmap_r2,match,1000000,0.723,542
stdmap_r2,match,1000000,0.724,542
stdmap_r2,match,1000000,0.725,542
stdmap_r2,match,1000000,0.726,542
stdmap_r2,match,1000000,0.727,542
stdmap_r2,match,1000000,0.728,542
stdmap_r2,match,1000000,0.729,542
stdmap_r2,match,1000000,0.73,542
stdmap_r2,match,1000000,0.731,542
stdmap_r2,match,1000000,0.732,542
stdmap_r2,match,1000000,0.733,542
stdmap_r2,match,1000000,0.734,542
stdmap_r2,match,1000000,0.735,542
stdmap_r2,match,1000000,0.736,542
stdmap_r2,match,1000000,0.737,542
stdmap_r2,match,1000000,0.738,542
stdmap_r2,match,1000000,0.739,542
stdmap_r2,match,1000000,0.74,542
stdmap_r2,match,1000000,0.741,542
stdmap_r2,match,1000000,0.742,542
stdmap_r2,match,1000000,0.743,542
stdmap_r2,match,1000000,0.744,542
stdmap_r2,match,1000000,0.745,542
stdmap_r2,match,1000000,0.746,542
stdmap_r2,match,1000000,0.747,542
stdmap_r2,match,1000000,0.748,542
stdmap_r2,match,1000000,0.749,542
stdmap_r2,match,1000000,0.75,542
stdmap_r2,match,1000000,0.751,542
stdmap_r2,match,1000000,0.752,542
stdmap_r2,match,1000000,0.753,542
stdmap_r2,match,1000000,0.754,542
stdmap_r2,match,1000000,0.755,542
stdmap_r2,match,1000000,0.756,583
stdmap_r2,match,1000000,0.757,583
stdmap_r2,match,1000000,0.758,583
stdmap_r2,match,1000000,0.759,583
stdmap_r2,match,1000000,0.76,583
stdmap_r2,match,1000000,0.761,583
stdmap_r2,match,1000000,0.762,583
stdmap_r2,match,1000000,0.763,583
stdmap_r2,match,1000000,0.764,583
stdmap_r2,match,1000000,0.765,583
stdmap_r2,match,1000000,0.766,583
stdmap_r2,match,1000000,0.767,583
stdmap_r2,match,1000000,0.768,583
stdmap_r2,match,1000000,0.769,583
stdmap_r2,match,1000000,0.77,583
stdmap_r2,match,1000000,0.771,583
stdmap_r2,match,1000000,0.772,583
stdmap_r2,match,1000000,0.773,583
stdmap_r2,match,1000000,0.774,583
stdmap_r2,match,1000000,0.775,583
stdmap_r2,match,1000000,0.776,583
stdmap_r2,match,1000000,0.777,583
stdmap_r2,match,1000000,0.778,583
stdmap_r2,match,1000000,0.779,583
stdmap_r2,match,1000000,0.78,583
stdmap_r2,match,1000000,0.781,583
stdmap_r2,match,1000000,0.782,583
stdmap_r2,match,1000000,0.783,583
stdmap_r2,match,1000000,0.784,583
stdmap_r2,match,1000000,0.785,584
stdmap_r2,match,1000000,0.786,584
stdmap_r2,match,1000000,0.787,584
stdmap_r2,match,1000000,0.788,584
stdmap_r2,match,1000000,0.789,584
stdmap_r2,match,1000000,0.79,584
stdmap_r2,match,1000000,0.791,584
stdmap_r2,match,1000000,0.792,584
stdmap_r2,match,1000000,0.793,584
stdmap_r2,match,1000000,0.794,584
stdmap_r2,match,1000000,0.795,584
stdmap_r2,match,1000000,0.796,584
stdmap_r2,match,1000000,0.797,584
stdmap_r2,match,1000000,0.798,584
stdmap_r2,match,1000000,0.799,584
stdmap_r2,match,1000000,0.8,625
stdmap_r2,match,1000000,0.801,625
stdmap_r2,match,1000000,0.802,625
stdmap_r2,match,1000000,0.803,625
stdmap_r2,match,1000000,0.804,625
stdmap_r2,match,1000000,0.805,625
stdmap_r2,match,1000000,0.806,625
stdmap_r2,match,1000000,0.807,625
stdmap_r2,match,1000000,0.808,625
stdmap_r2,match,1000000,0.809,625
stdmap_r2,match,1000000,0.81,625
stdmap_r2,match,1000000,0.811,625
stdmap_r2,match,1000000,0.812,625
stdmap_r2,match,1000000,0.813,625
stdmap_r2,match,1000000,0.814,625
stdmap_r2,match,1000000,0.815,625
stdmap_r2,match,1000000,0.816,625
stdmap_r2,match,1000000,0.817,625
stdmap_r2,match,1000000,0.818,625
stdmap_r2,match,1000000,0.819,625
stdmap_r2,match,1000000,0.82,625
stdmap_r2,match,1000000,0.821,625
stdmap_r2,match,1000000,0.822,625
stdmap_r2,match,1000000,0.823,625
stdmap_r2,match,1000000,0.824,625
stdmap_r2,match,1000000,0.825,625
stdmap_r2,match,1000000,0.826,625
stdmap_r2,match,1000000,0.827,625
stdmap_r2,match,1000000,0.828,625
stdmap_r2,match,1000000,0.829,625
stdmap_r2,match,1000000,0.83,625
stdmap_r2,match,1000000,0.831,625
stdmap_r2,match,1000000,0.832,625
stdmap_r2,match,1000000,0.833,625
stdmap_r2,match,1000000,0.834,625
stdmap_r2,match,1000000,0.835,625
stdmap_r2,match,1000000,0.836,625
stdmap_r2,match,1000000,0.837,666
stdmap_r2,match,1000000,0.838,666
stdmap_r2,match,1000000,0.839,666
stdmap_r2,match,1000000,0.84,666
stdmap_r2,match,1000000,0.841,666
stdmap_r2,match,1000000,0.842,666
stdmap_r2,match,1000000,0.843,666
stdmap_r2,match,1000000,0.844,666
stdmap_r2,match,1000000,0.845,666
stdmap_r2,match,1000000,0.846,666
stdmap_r2,match,1000000,0.847,666
stdmap_r2,match,1000000,0.848,667
stdmap_r2,match,1000000,0.849,667
stdmap_r2,match,1000000,0.85,667
stdmap_r2,match,1000000,0.851,667
stdmap_r2,match,1000000,0.852,667
stdmap_r2,match,1000000,0.853,667
stdmap_r2,match,1000000,0.854,667
stdmap_r2,match,1000000,0.855,667
stdmap_r2,match,1000000,0.856,667
stdmap_r2,match,1000000,0.857,667
stdmap_r2,match,1000000,0.858,667
stdmap_r2,match,1000000,0.859,667
stdmap_r2,match,1000000,0.86,667
stdmap_r2,match,1000000,0.861,667
stdmap_r2,match,1000000,0.862,667
stdmap_r2,match,1000000,0.863,667
stdmap_r2,match,1000000,0.864,667
stdmap_r2,match,1000000,0.865,667
stdmap_r2,match,1000000,0.866,667
stdmap_r2,match,1000000,0.867,667
stdmap_r2,match,1000000,0.868,708
stdmap_r2,match,1000000,0.869,708
stdmap_r2,match,1000000,0.87,708
stdmap_r2,match,1000000,0.871,708
stdmap_r2,match,1000000,0.872,708
stdmap_r2,match,1000000,0.873,708
stdmap_r2,match,1000000,0.874,708
stdmap_r2,match,1000000,0.875,708
stdmap_r2,match,1000000,0.876,708
stdmap_r2,match,1000000,0.877,708
stdmap_r2,match,1000000,0.878,708
stdmap_r2,match,1000000,0.879,708
stdmap_r2,match,1000000,0.88,708
stdmap_r2,match,1000000,0.881,708
stdmap_r2,match,1000000,0.882,708
stdmap_r2,match,1000000,0.883,708
stdmap_r2,match,1000000,0.884,709
stdmap_r2,match,1000000,0.885,709
stdmap_r2,match,1000000,0.886,709
stdmap_r2,match,1000000,0.887,709
stdmap_r2,match,1000000,0.888,709
stdmap_r2,match,1000000,0.889,709
stdmap_r2,match,1000000,0.89,709
stdmap_r2,match,1000000,0.891,709
stdmap_r2,match,1000000,0.892,750
stdmap_r2,match,1000000,0.893,750
stdmap_r2,match,1000000,0.894,750
stdmap_r2,match,1000000,0.895,750
stdmap_r2,match,1000000,0.896,750
stdmap_r2,match,1000000,0.897,750
stdmap_r2,match,1000000,0.898,750
stdmap_r2,match,1000000,0.899,750
stdmap_r2,match,1000000,0.9,750
stdmap_r2,match,1000000,0.901,750
stdmap_r2,match,1000000,0.902,750
stdmap_r2,match,1000000,0.903,750
stdmap_r2,match,1000000,0.904,750
stdmap_r2,match,1000000,0.905,750
stdmap_r2,match,1000000,0.906,750
stdmap_r2,match,1000000,0.907,750
stdmap_r2,match,1000000,0.908,750
stdmap_r2,match,1000000,0.909,750
stdmap_r2,match,1000000,0.91,750
stdmap_r2,match,1000000,0.911,791
stdmap_r2,match,1000000,0.912,791
stdmap_r2,match,1000000,0.913,791
stdmap_r2,match,1000000,0.914,791
stdmap_r2,match,1000000,0.915,791
stdmap_r2,match,1000000,0.916,792
stdmap_r2,match,1000000,0.917,792
stdmap_r2,match,1000000,0.918,792
stdmap_r2,match,1000000,0.919,792
stdmap_r2,match,1000000,0.92,792
stdmap_r2,match,1000000,0.921,792
stdmap_r2,match,1000000,0.922,792
stdmap_r2,match,1000000,0.923,792
stdmap_r2,match,1000000,0.924,792
stdmap_r2,match,1000000,0.925,792
stdmap_r2,match,1000000,0.926,833
stdmap_r2,match,1000000,0.927,833
stdmap_r2,match,1000000,0.928,833
stdmap_r2,match,1000000,0.929,833
stdmap_r2,match,1000000,0.93,833
stdmap_r2,match,1000000,0.931,833
stdmap_r2,match,1000000,0.932,833
stdmap_r2,match,1000000,0.933,833
stdmap_r2,match,1000000,0.934,834
stdmap_r2,match,1000000,0.935,834
stdmap_r2,match,1000000,0.936,834
stdmap_r2,match,1000000,0.937,834
stdmap_r2,match,1000000,0.938,875
stdmap_r2,match,1000000,0.939,875
stdmap_r2,match,1000000,0.94,875
stdmap_r2,match,1000000,0.941,875
stdmap_r2,match,1000000,0.942,875
stdmap_r2,match,1000000,0.943,875
stdmap_r2,match,1000000,0.944,875
stdmap_r2,match,1000000,0.945,875
stdmap_r2,match,1000000,0.946,875
stdmap_r2,match,1000000,0.947,875
stdmap_r2,match,1000000,0.948,916
stdmap_r2,match,1000000,0.949,916
stdmap_r2,match,1000000,0.95,916
stdmap_r2,match,1000000,0.951,917
stdmap_r2,match,1000000,0.952,917
stdmap_r2,match,1000000,0.953,917
stdmap_r2,match,1000000,0.954,917
stdmap_r2,match,1000000,0.955,917
stdmap_r2,match,1000000,0.956,958
stdmap_r2,match,1000000,0.957,958
stdmap_r2,match,1000000,0.958,958
stdmap_r2,match,1000000,0.959,958
stdmap_r2,match,1000000,0.96,959
stdmap_r2,match,1000000,0.961,959
stdmap_r2,match,1000000,0.962,1000
stdmap_r2,match,1000000,0.963,1000
stdmap_r2,match,1000000,0.964,1000
stdmap_r2,match,1000000,0.965,1000
stdmap_r2,match,1000000,0.966,1000
stdmap_r2,match,1000000,0.967,1000
stdmap_r2,match,1000000,0.968,1041
stdmap_r2,match,1000000,0.969,1042
stdmap_r2,match,1000000,0.97,1042
stdmap_r2,match,1000000,0.971,1042
stdmap_r2,match,1000000,0.972,1083
stdmap_r2,match,1000000,0.973,1083
stdmap_r2,match,1000000,0.974,1083
stdmap_r2,match,1000000,0.975,1084
stdmap_r2,match,1000000,0.976,1125
stdmap_r2,match,1000000,0.977,1125
stdmap_r2,match,1000000,0.978,1125
stdmap_r2,match,1000000,0.979,1166
stdmap_r2,match,1000000,0.98,1167
stdmap_r2,match,1000000,0.981,1167
stdmap_r2,match,1000000,0.982,1208
stdmap_r2,match,1000000,0.983,1208
stdmap_r2,match,1000000,0.984,1209
stdmap_r2,match,1000000,0.985,1250
stdmap_r2,match,1000000,0.986,1291
stdmap_r2,match,1000000,0.987,1292
stdmap_r2,match,1000000,0.988,1333
stdmap_r2,match,1000000,0.989,1375
stdmap_r2,match,1000000,0.99,1416
stdmap_r2,match,1000000,0.991,1417
stdmap_r2,match,1000000,0.992,1500
stdmap_r2,match,1000000,0.993,1541
stdmap_r2,match,1000000,0.994,1583
stdmap_r2,match,1000000,0.995,1667
stdmap_r2,match,1000000,0.996,1750
stdmap_r2,match,1000000,0.997,1959
stdmap_r2,match,1000000,0.998,5083
stdmap_r2,match,1000000,0.999,11791
