variant,scenario,book_orders,quantile,latency_ns
idmap_r3,add,1000,0,0
idmap_r3,add,1000,0.001,41
idmap_r3,add,1000,0.002,41
idmap_r3,add,1000,0.003,41
idmap_r3,add,1000,0.004,41
idmap_r3,add,1000,0.005,41
idmap_r3,add,1000,0.006,41
idmap_r3,add,1000,0.007,41
idmap_r3,add,1000,0.008,41
idmap_r3,add,1000,0.009,41
idmap_r3,add,1000,0.01,41
idmap_r3,add,1000,0.011,41
idmap_r3,add,1000,0.012,41
idmap_r3,add,1000,0.013,41
idmap_r3,add,1000,0.014,41
idmap_r3,add,1000,0.015,41
idmap_r3,add,1000,0.016,41
idmap_r3,add,1000,0.017,41
idmap_r3,add,1000,0.018,41
idmap_r3,add,1000,0.019,41
idmap_r3,add,1000,0.02,41
idmap_r3,add,1000,0.021,41
idmap_r3,add,1000,0.022,41
idmap_r3,add,1000,0.023,41
idmap_r3,add,1000,0.024,41
idmap_r3,add,1000,0.025,41
idmap_r3,add,1000,0.026,41
idmap_r3,add,1000,0.027,41
idmap_r3,add,1000,0.028,41
idmap_r3,add,1000,0.029,41
idmap_r3,add,1000,0.03,41
idmap_r3,add,1000,0.031,41
idmap_r3,add,1000,0.032,41
idmap_r3,add,1000,0.033,41
idmap_r3,add,1000,0.034,42
idmap_r3,add,1000,0.035,42
idmap_r3,add,1000,0.036,42
idmap_r3,add,1000,0.037,42
idmap_r3,add,1000,0.038,42
idmap_r3,add,1000,0.039,42
idmap_r3,add,1000,0.04,42
idmap_r3,add,1000,0.041,42
idmap_r3,add,1000,0.042,42
idmap_r3,add,1000,0.043,42
idmap_r3,add,1000,0.044,42
idmap_r3,add,1000,0.045,42
idmap_r3,add,1000,0.046,42
idmap_r3,add,1000,0.047,42
idmap_r3,add,1000,0.048,42
idmap_r3,add,1000,0.049,42
idmap_r3,add,1000,0.05,42
idmap_r3,add,1000,0.051,42
idmap_r3,add,1000,0.052,42
idmap_r3,add,1000,0.053,42
idmap_r3,add,1000,0.054,42
idmap_r3,add,1000,0.055,42
idmap_r3,add,1000,0.056,42
idmap_r3,add,1000,0.057,42
idmap_r3,add,1000,0.058,42
idmap_r3,add,1000,0.059,42
idmap_r3,add,1000,0.06,42
idmap_r3,add,1000,0.061,42
idmap_r3,add,1000,0.062,42
idmap_r3,add,1000,0.063,42
idmap_r3,add,1000,0.064,42
idmap_r3,add,1000,0.065,42
idmap_r3,add,1000,0.066,42
idmap_r3,add,1000,0.067,42
idmap_r3,add,1000,0.068,42
idmap_r3,add,1000,0.069,42
idmap_r3,add,1000,0.07,42
idmap_r3,add,1000,0.071,42
idmap_r3,add,1000,0.072,42
idmap_r3,add,1000,0.073,42
idmap_r3,add,1000,0.074,42
idmap_r3,add,1000,0.075,42
idmap_r3,add,1000,0.076,42
idmap_r3,add,1000,0.077,42
idmap_r3,add,1000,0.078,42
idmap_r3,add,1000,0.079,42
idmap_r3,add,1000,0.08,42
idmap_r3,add,1000,0.081,42
idmap_r3,add,1000,0.082,42
idmap_r3,add,1000,0.083,42
idmap_r3,add,1000,0.084,42
idmap_r3,add,1000,0.085,42
idmap_r3,add,1000,0.086,42
idmap_r3,add,1000,0.087,42
idmap_r3,add,1000,0.088,42
idmap_r3,add,1000,0.089,42
idmap_r3,add,1000,0.09,42
idmap_r3,add,1000,0.091,42
idmap_r3,add,1000,0.092,42
idmap_r3,add,1000,0.093,42
idmap_r3,add,1000,0.094,42
idmap_r3,add,1000,0.095,42
idmap_r3,add,1000,0.096,42
idmap_r3,add,1000,0.097,42
idmap_r3,add,1000,0.098,42
idmap_r3,add,1000,0.099,42
idmap_r3,add,1000,0.1,42
idmap_r3,add,1000,0.101,83
idmap_r3,add,1000,0.102,83
idmap_r3,add,1000,0.103,83
idmap_r3,add,1000,0.104,83
idmap_r3,add,1000,0.105,83
idmap_r3,add,1000,0.106,83
idmap_r3,add,1000,0.107,83
idmap_r3,add,1000,0.108,83
idmap_r3,add,1000,0.109,83
idmap_r3,add,1000,0.11,83
idmap_r3,add,1000,0.111,83
idmap_r3,add,1000,0.112,83
idmap_r3,add,1000,0.113,83
idmap_r3,add,1000,0.114,83
idmap_r3,add,1000,0.115,83
idmap_r3,add,1000,0.116,83
idmap_r3,add,1000,0.117,83
idmap_r3,add,1000,0.118,83
idmap_r3,add,1000,0.119,83
idmap_r3,add,1000,0.12,83
idmap_r3,add,1000,0.121,83
idmap_r3,add,1000,0.122,83
idmap_r3,add,1000,0.123,83
idmap_r3,add,1000,0.124,83
idmap_r3,add,1000,0.125,83
idmap_r3,add,1000,0.126,83
idmap_r3,add,1000,0.127,83
idmap_r3,add,1000,0.128,83
idmap_r3,add,1000,0.129,83
idmap_r3,add,1000,0.13,83
idmap_r3,add,1000,0.131,83
idmap_r3,add,1000,0.132,83
idmap_r3,add,1000,0.133,83
idmap_r3,add,1000,0.134,83
idmap_r3,add,1000,0.135,83
idmap_r3,add,1000,0.136,83
idmap_r3,add,1000,0.137,83
idmap_r3,add,1000,0.138,83
idmap_r3,add,1000,0.139,83
idmap_r3,add,1000,0.14,83
idmap_r3,add,1000,0.141,83
idmap_r3,add,1000,0.142,83
idmap_r3,add,1000,0.143,83
idmap_r3,add,1000,0.144,83
idmap_r3,add,1000,0.145,83
idmap_r3,add,1000,0.146,83
idmap_r3,add,1000,0.147,83
idmap_r3,add,1000,0.148,83
idmap_r3,add,1000,0.149,83
idmap_r3,add,1000,0.15,83
idmap_r3,add,1000,0.151,83
idmap_r3,add,1000,0.152,83
idmap_r3,add,1000,0.153,83
idmap_r3,add,1000,0.154,83
idmap_r3,add,1000,0.155,83
idmap_r3,add,1000,0.156,83
idmap_r3,add,1000,0.157,83
idmap_r3,add,1000,0.158,83
idmap_r3,add,1000,0.159,83
idmap_r3,add,1000,0.16,83
idmap_r3,add,1000,0.161,83
idmap_r3,add,1000,0.162,83
idmap_r3,add,1000,0.163,83
idmap_r3,add,1000,0.164,83
idmap_r3,add,1000,0.165,83
idmap_r3,add,1000,0.166,83
idmap_r3,add,1000,0.167,83
idmap_r3,add,1000,0.168,83
idmap_r3,add,1000,0.169,83
idmap_r3,add,1000,0.17,83
idmap_r3,add,1000,0.171,83
idmap_r3,add,1000,0.172,83
idmap_r3,add,1000,0.173,83
idmap_r3,add,1000,0.174,83
idmap_r3,add,1000,0.175,83
idmap_r3,add,1000,0.176,83
idmap_r3,add,1000,0.177,83
idmap_r3,add,1000,0.178,83
idmap_r3,add,1000,0.179,83
idmap_r3,add,1000,0.18,83
idmap_r3,add,1000,0.181,83
idmap_r3,add,1000,0.182,83
idmap_r3,add,1000,0.183,83
idmap_r3,add,1000,0.184,83
idmap_r3,add,1000,0.185,83
idmap_r3,add,1000,0.186,83
idmap_r3,add,1000,0.187,83
idmap_r3,add,1000,0.188,83
idmap_r3,add,1000,0.189,83
idmap_r3,add,1000,0.19,83
idmap_r3,add,1000,0.191,83
idmap_r3,add,1000,0.192,83
idmap_r3,add,1000,0.193,83
idmap_r3,add,1000,0.194,83
idmap_r3,add,1000,0.195,83
idmap_r3,add,1000,0.196,83
idmap_r3,add,1000,0.197,83
idmap_r3,add,1000,0.198,83
idmap_r3,add,1000,0.199,83
idmap_r3,add,1000,0.2,83
idmap_r3,add,1000,0.201,83
idmap_r3,add,1000,0.202,83
idmap_r3,add,1000,0.203,83
idmap_r3,add,1000,0.204,83
idmap_r3,add,1000,0.205,83
idmap_r3,add,1000,0.206,83
idmap_r3,add,1000,0.207,83
idmap_r3,add,1000,0.208,83
idmap_r3,add,1000,0.209,83
idmap_r3,add,1000,0.21,83
idmap_r3,add,1000,0.211,83
idmap_r3,add,1000,0.212,83
idmap_r3,add,1000,0.213,83
idmap_r3,add,1000,0.214,83
idmap_r3,add,1000,0.215,83
idmap_r3,add,1000,0.216,83
idmap_r3,add,1000,0.217,83
idmap_r3,add,1000,0.218,83
idmap_r3,add,1000,0.219,83
idmap_r3,add,1000,0.22,83
idmap_r3,add,1000,0.221,83
idmap_r3,add,1000,0.222,83
idmap_r3,add,1000,0.223,83
idmap_r3,add,1000,0.224,83
idmap_r3,add,1000,0.225,83
idmap_r3,add,1000,0.226,83
idmap_r3,add,1000,0.227,83
idmap_r3,add,1000,0.228,83
idmap_r3,add,1000,0.229,83
idmap_r3,add,1000,0.23,83
idmap_r3,add,1000,0.231,83
idmap_r3,add,1000,0.232,83
idmap_r3,add,1000,0.233,83
idmap_r3,add,1000,0.234,83
idmap_r3,add,1000,0.235,83
idmap_r3,add,1000,0.236,83
idmap_r3,add,1000,0.237,83
idmap_r3,add,1000,0.238,83
idmap_r3,add,1000,0.239,83
idmap_r3,add,1000,0.24,83
idmap_r3,add,1000,0.241,83
idmap_r3,add,1000,0.242,83
idmap_r3,add,1000,0.243,83
idmap_r3,add,1000,0.244,83
idmap_r3,add,1000,0.245,83
idmap_r3,add,1000,0.246,83
idmap_r3,add,1000,0.247,83
idmap_r3,add,1000,0.248,83
idmap_r3,add,1000,0.249,83
idmap_r3,add,1000,0.25,83
idmap_r3,add,1000,0.251,83
idmap_r3,add,1000,0.252,83
idmap_r3,add,1000,0.253,83
idmap_r3,add,1000,0.254,83
idmap_r3,add,1000,0.255,83
idmap_r3,add,1000,0.256,83
idmap_r3,add,1000,0.257,83
idmap_r3,add,1000,0.258,83
idmap_r3,add,1000,0.259,83
idmap_r3,add,1000,0.26,84
idmap_r3,add,1000,0.261,84
idmap_r3,add,1000,0.262,84
idmap_r3,add,1000,0.263,84
idmap_r3,add,1000,0.264,84
idmap_r3,add,1000,0.265,84
idmap_r3,add,1000,0.266,84
idmap_r3,add,1000,0.267,84
idmap_r3,add,1000,0.268,84
idmap_r3,add,1000,0.269,84
idmap_r3,add,1000,0.27,84
idmap_r3,add,1000,0.271,84
idmap_r3,add,1000,0.272,84
idmap_r3,add,1000,0.273,84
idmap_r3,add,1000,0.274,84
idmap_r3,add,1000,0.275,84
idmap_r3,add,1000,0.276,84
idmap_r3,add,1000,0.277,84
idmap_r3,add,1000,0.278,84
idmap_r3,add,1000,0.279,84
idmap_r3,add,1000,0.28,84
idmap_r3,add,1000,0.281,84
idmap_r3,add,1000,0.282,84
idmap_r3,add,1000,0.283,84
idmap_r3,add,1000,0.284,84
idmap_r3,add,1000,0.285,84
idmap_r3,add,1000,0.286,84
idmap_r3,add,1000,0.287,84
idmap_r3,add,1000,0.288,84
idmap_r3,add,1000,0.289,84
idmap_r3,add,1000,0.29,84
idmap_r3,add,1000,0.291,84
idmap_r3,add,1000,0.292,84
idmap_r3,add,1000,0.293,84
idmap_r3,add,1000,0.294,84
idmap_r3,add,1000,0.295,84
idmap_r3,add,1000,0.296,84
idmap_r3,add,1000,0.297,84
idmap_r3,add,1000,0.298,84
idmap_r3,add,1000,0.299,84
idmap_r3,add,1000,0.3,84
idmap_r3,add,1000,0.301,84
idmap_r3,add,1000,0.302,84
idmap_r3,add,1000,0.303,84
idmap_r3,add,1000,0.304,84
idmap_r3,add,1000,0.305,84
idmap_r3,add,1000,0.306,84
idmap_r3,add,1000,0.307,84
idmap_r3,add,1000,0.308,84
idmap_r3,add,1000,0.309,84
idmap_r3,add,1000,0.31,84
idmap_r3,add,1000,0.311,84
idmap_r3,add,1000,0.312,84
idmap_r3,add,1000,0.313,84
idmap_r3,add,1000,0.314,84
idmap_r3,add,1000,0.315,84
idmap_r3,add,1000,0.316,84
idmap_r3,add,1000,0.317,84
idmap_r3,add,1000,0.318,84
idmap_r3,add,1000,0.319,84
idmap_r3,add,1000,0.32,84
idmap_r3,add,1000,0.321,84
idmap_r3,add,1000,0.322,84
idmap_r3,add,1000,0.323,84
idmap_r3,add,1000,0.324,84
idmap_r3,add,1000,0.325,84
idmap_r3,add,1000,0.326,84
idmap_r3,add,1000,0.327,84
idmap_r3,add,1000,0.328,84
idmap_r3,add,1000,0.329,84
idmap_r3,add,1000,0.33,84
idmap_r3,add,1000,0.331,84
idmap_r3,add,1000,0.332,84
idmap_r3,add,1000,0.333,84
idmap_r3,add,1000,0.334,84
idmap_r3,add,1000,0.335,84
idmap_r3,add,1000,0.336,84
idmap_r3,add,1000,0.337,84
idmap_r3,add,1000,0.338,125
idmap_r3,add,1000,0.339,125
idmap_r3,add,1000,0.34,125
idmap_r3,add,1000,0.341,125
idmap_r3,add,1000,0.342,125
idmap_r3,add,1000,0.343,125
idmap_r3,add,1000,0.344,125
idmap_r3,add,1000,0.345,125
idmap_r3,add,1000,0.346,125
idmap_r3,add,1000,0.347,125
idmap_r3,add,1000,0.348,125
idmap_r3,add,1000,0.349,125
idmap_r3,add,1000,0.35,125
idmap_r3,add,1000,0.351,125
idmap_r3,add,1000,0.352,125
idmap_r3,add,1000,0.353,125
idmap_r3,add,1000,0.354,125
idmap_r3,add,1000,0.355,125
idmap_r3,add,1000,0.356,125
idmap_r3,add,1000,0.357,125
idmap_r3,add,1000,0.358,125
idmap_r3,add,1000,0.359,125
idmap_r3,add,1000,0.36,125
idmap_r3,add,1000,0.361,125
idmap_r3,add,1000,0.362,125
idmap_r3,add,1000,0.363,125
idmap_r3,add,1000,0.364,125
idmap_r3,add,1000,0.365,125
idmap_r3,add,1000,0.366,125
idmap_r3,add,1000,0.367,125
idmap_r3,add,1000,0.368,125
idmap_r3,add,1000,0.369,125
idmap_r3,add,1000,0.37,125
idmap_r3,add,1000,0.371,125
idmap_r3,add,1000,0.372,125
idmap_r3,add,1000,0.373,125
idmap_r3,add,1000,0.374,125
idmap_r3,add,1000,0.375,125
idmap_r3,add,1000,0.376,125
idmap_r3,add,1000,0.377,125
idmap_r3,add,1000,0.378,125
idmap_r3,add,1000,0.379,125
idmap_r3,add,1000,0.38,125
idmap_r3,add,1000,0.381,125
idmap_r3,add,1000,0.382,125
idmap_r3,add,1000,0.383,125
idmap_r3,add,1000,0.384,125
idmap_r3,add,1000,0.385,125
idmap_r3,add,1000,0.386,125
idmap_r3,add,1000,0.387,125
idmap_r3,add,1000,0.388,125
idmap_r3,add,1000,0.389,125
idmap_r3,add,1000,0.39,125
idmap_r3,add,1000,0.391,125
idmap_r3,add,1000,0.392,125
idmap_r3,add,1000,0.393,125
idmap_r3,add,1000,0.394,125
idmap_r3,add,1000,0.395,125
idmap_r3,add,1000,0.396,125
idmap_r3,add,1000,0.397,125
idmap_r3,add,1000,0.398,125
idmap_r3,add,1000,0.399,125
idmap_r3,add,1000,0.4,125
idmap_r3,add,1000,0.401,125
idmap_r3,add,1000,0.402,125
idmap_r3,add,1000,0.403,125
idmap_r3,add,1000,0.404,125
idmap_r3,add,1000,0.405,125
idmap_r3,add,1000,0.406,125
idmap_r3,add,1000,0.407,125
idmap_r3,add,1000,0.408,125
idmap_r3,add,1000,0.409,125
idmap_r3,add,1000,0.41,125
idmap_r3,add,1000,0.411,125
idmap_r3,add,1000,0.412,125
idmap_r3,add,1000,0.413,125
idmap_r3,add,1000,0.414,125
idmap_r3,add,1000,0.415,125
idmap_r3,add,1000,0.416,125
idmap_r3,add,1000,0.417,125
idmap_r3,add,1000,0.418,125
idmap_r3,add,1000,0.419,125
idmap_r3,add,1000,0.42,125
idmap_r3,add,1000,0.421,125
idmap_r3,add,1000,0.422,125
idmap_r3,add,1000,0.423,125
idmap_r3,add,1000,0.424,125
idmap_r3,add,1000,0.425,125
idmap_r3,add,1000,0.426,125
idmap_r3,add,1000,0.427,125
idmap_r3,add,1000,0.428,125
idmap_r3,add,1000,0.429,125
idmap_r3,add,1000,0.43,125
idmap_r3,add,1000,0.431,125
idmap_r3,add,1000,0.432,125
idmap_r3,add,1000,0.433,125
idmap_r3,add,1000,0.434,125
idmap_r3,add,1000,0.435,125
idmap_r3,add,1000,0.436,125
idmap_r3,add,1000,0.437,125
idmap_r3,add,1000,0.438,125
idmap_r3,add,1000,0.439,125
idmap_r3,add,1000,0.44,125
idmap_r3,add,1000,0.441,125
idmap_r3,add,1000,0.442,125
idmap_r3,add,1000,0.443,125
idmap_r3,add,1000,0.444,125
idmap_r3,add,1000,0.445,125
idmap_r3,add,1000,0.446,125
idmap_r3,add,1000,0.447,125
idmap_r3,add,1000,0.448,125
idmap_r3,add,1000,0.449,125
idmap_r3,add,1000,0.45,125
idmap_r3,add,1000,0.451,125
idmap_r3,add,1000,0.452,125
idmap_r3,add,1000,0.453,125
idmap_r3,add,1000,0.454,125
idmap_r3,add,1000,0.455,125
idmap_r3,add,1000,0.456,125
idmap_r3,add,1000,0.457,125
idmap_r3,add,1000,0.458,125
idmap_r3,add,1000,0.459,125
idmap_r3,add,1000,0.46,125
idmap_r3,add,1000,0.461,125
idmap_r3,add,1000,0.462,125
idmap_r3,add,1000,0.463,125
idmap_r3,add,1000,0.464,125
idmap_r3,add,1000,0.465,125
idmap_r3,add,1000,0.466,125
idmap_r3,add,1000,0.467,125
idmap_r3,add,1000,0.468,125
idmap_r3,add,1000,0.469,125
idmap_r3,add,1000,0.47,125
idmap_r3,add,1000,0.471,125
idmap_r3,add,1000,0.472,125
idmap_r3,add,1000,0.473,125
idmap_r3,add,1000,0.474,125
idmap_r3,add,1000,0.475,125
idmap_r3,add,1000,0.476,125
idmap_r3,add,1000,0.477,125
idmap_r3,add,1000,0.478,125
idmap_r3,add,1000,0.479,125
idmap_r3,add,1000,0.48,125
idmap_r3,add,1000,0.481,125
idmap_r3,add,1000,0.482,125
idmap_r3,add,1000,0.483,125
idmap_r3,add,1000,0.484,125
idmap_r3,add,1000,0.485,125
idmap_r3,add,1000,0.486,125
idmap_r3,add,1000,0.487,125
idmap_r3,add,1000,0.488,125
idmap_r3,add,1000,0.489,125
idmap_r3,add,1000,0.49,125
idmap_r3,add,1000,0.491,125
idmap_r3,add,1000,0.492,125
idmap_r3,add,1000,0.493,125
idmap_r3,add,1000,0.494,125
idmap_r3,add,1000,0.495,125
idmap_r3,add,1000,0.496,125
idmap_r3,add,1000,0.497,125
idmap_r3,add,1000,0.498,125
idmap_r3,add,1000,0.499,125
idmap_r3,add,1000,0.5,125
idmap_r3,add,1000,0.501,125
idmap_r3,add,1000,0.502,125
idmap_r3,add,1000,0.503,125
idmap_r3,add,1000,0.504,125
idmap_r3,add,1000,0.505,125
idmap_r3,add,1000,0.506,125
idmap_r3,add,1000,0.507,125
idmap_r3,add,1000,0.508,125
idmap_r3,add,1000,0.509,125
idmap_r3,add,1000,0.51,125
idmap_r3,add,1000,0.511,125
idmap_r3,add,1000,0.512,125
idmap_r3,add,1000,0.513,125
idmap_r3,add,1000,0.514,125
idmap_r3,add,1000,0.515,125
idmap_r3,add,1000,0.516,125
idmap_r3,add,1000,0.517,125
idmap_r3,add,1000,0.518,125
idmap_r3,add,1000,0.519,125
idmap_r3,add,1000,0.52,125
idmap_r3,add,1000,0.521,125
idmap_r3,add,1000,0.522,125
idmap_r3,add,1000,0.523,125
idmap_r3,add,1000,0.524,125
idmap_r3,add,1000,0.525,125
idmap_r3,add,1000,0.526,125
idmap_r3,add,1000,0.527,125
idmap_r3,add,1000,0.528,125
idmap_r3,add,1000,0.529,125
idmap_r3,add,1000,0.53,125
idmap_r3,add,1000,0.531,125
idmap_r3,add,1000,0.532,125
idmap_r3,add,1000,0.533,125
idmap_r3,add,1000,0.534,125
idmap_r3,add,1000,0.535,125
idmap_r3,add,1000,0.536,125
idmap_r3,add,1000,0.537,125
idmap_r3,add,1000,0.538,125
idmap_r3,add,1000,0.539,125
idmap_r3,add,1000,0.54,125
idmap_r3,add,1000,0.541,125
idmap_r3,add,1000,0.542,125
idmap_r3,add,1000,0.543,125
idmap_r3,add,1000,0.544,125
idmap_r3,add,1000,0.545,125
idmap_r3,add,1000,0.546,125
idmap_r3,add,1000,0.547,125
idmap_r3,add,1000,0.548,125
idmap_r3,add,1000,0.549,125
idmap_r3,add,1000,0.55,125
idmap_r3,add,1000,0.551,125
idmap_r3,add,1000,0.552,125
idmap_r3,add,1000,0.553,125
idmap_r3,add,1000,0.554,125
idmap_r3,add,1000,0.555,125
idmap_r3,add,1000,0.556,125
idmap_r3,add,1000,0.557,125
idmap_r3,add,1000,0.558,125
idmap_r3,add,1000,0.559,125
idmap_r3,add,1000,0.56,125
idmap_r3,add,1000,0.561,125
idmap_r3,add,1000,0.562,125
idmap_r3,add,1000,0.563,125
idmap_r3,add,1000,0.564,125
idmap_r3,add,1000,0.565,125
idmap_r3,add,1000,0.566,125
idmap_r3,add,1000,0.567,125
idmap_r3,add,1000,0.568,125
idmap_r3,add,1000,0.569,125
idmap_r3,add,1000,0.57,125
idmap_r3,add,1000,0.571,125
idmap_r3,add,1000,0.572,125
idmap_r3,add,1000,0.573,125
idmap_r3,add,1000,0.574,125
idmap_r3,add,1000,0.575,125
idmap_r3,add,1000,0.576,125
idmap_r3,add,1000,0.577,125
idmap_r3,add,1000,0.578,125
idmap_r3,add,1000,0.579,125
idmap_r3,add,1000,0.58,125
idmap_r3,add,1000,0.581,125
idmap_r3,add,1000,0.582,125
idmap_r3,add,1000,0.583,125
idmap_r3,add,1000,0.584,125
idmap_r3,add,1000,0.585,125
idmap_r3,add,1000,0.586,125
idmap_r3,add,1000,0.587,125
idmap_r3,add,1000,0.588,125
idmap_r3,add,1000,0.589,125
idmap_r3,add,1000,0.59,125
idmap_r3,add,1000,0.591,125
idmap_r3,add,1000,0.592,125
idmap_r3,add,1000,0.593,125
idmap_r3,add,1000,0.594,125
idmap_r3,add,1000,0.595,125
idmap_r3,add,1000,0.596,125
idmap_r3,add,1000,0.597,125
idmap_r3,add,1000,0.598,125
idmap_r3,add,1000,0.599,125
idmap_r3,add,1000,0.6,125
idmap_r3,add,1000,0.601,125
idmap_r3,add,1000,0.602,125
idmap_r3,add,1000,0.603,125
idmap_r3,add,1000,0.604,125
idmap_r3,add,1000,0.605,125
idmap_r3,add,1000,0.606,125
idmap_r3,add,1000,0.607,125
idmap_r3,add,1000,0.608,125
idmap_r3,add,1000,0.609,125
idmap_r3,add,1000,0.61,125
idmap_r3,add,1000,0.611,125
idmap_r3,add,1000,0.612,125
idmap_r3,add,1000,0.613,125
idmap_r3,add,1000,0.614,125
idmap_r3,add,1000,0.615,125
idmap_r3,add,1000,0.616,125
idmap_r3,add,1000,0.617,125
idmap_r3,add,1000,0.618,125
idmap_r3,add,1000,0.619,125
idmap_r3,add,1000,0.62,125
idmap_r3,add,1000,0.621,125
idmap_r3,add,1000,0.622,125
idmap_r3,add,1000,0.623,125
idmap_r3,add,1000,0.624,125
idmap_r3,add,1000,0.625,125
idmap_r3,add,1000,0.626,125
idmap_r3,add,1000,0.627,125
idmap_r3,add,1000,0.628,125
idmap_r3,add,1000,0.629,125
idmap_r3,add,1000,0.63,125
idmap_r3,add,1000,0.631,125
idmap_r3,add,1000,0.632,125
idmap_r3,add,1000,0.633,125
idmap_r3,add,1000,0.634,125
idmap_r3,add,1000,0.635,125
idmap_r3,add,1000,0.636,125
idmap_r3,add,1000,0.637,125
idmap_r3,add,1000,0.638,125
idmap_r3,add,1000,0.639,125
idmap_r3,add,1000,0.64,125
idmap_r3,add,1000,0.641,125
idmap_r3,add,1000,0.642,125
idmap_r3,add,1000,0.643,125
idmap_r3,add,1000,0.644,125
idmap_r3,add,1000,0.645,125
idmap_r3,add,1000,0.646,125
idmap_r3,add,1000,0.647,125
idmap_r3,add,1000,0.648,125
idmap_r3,add,1000,0.649,125
idmap_r3,add,1000,0.65,125
idmap_r3,add,1000,0.651,125
idmap_r3,add,1000,0.652,125
idmap_r3,add,1000,0.653,125
idmap_r3,add,1000,0.654,125
idmap_r3,add,1000,0.655,125
idmap_r3,add,1000,0.656,125
idmap_r3,add,1000,0.657,125
idmap_r3,add,1000,0.658,125
idmap_r3,add,1000,0.659,125
idmap_r3,add,1000,0.66,125
idmap_r3,add,1000,0.661,125
idmap_r3,add,1000,0.662,125
idmap_r3,add,1000,0.663,125
idmap_r3,add,1000,0.664,125
idmap_r3,add,1000,0.665,125
idmap_r3,add,1000,0.666,125
idmap_r3,add,1000,0.667,125
idmap_r3,add,1000,0.668,125
idmap_r3,add,1000,0.669,125
idmap_r3,add,1000,0.67,125
idmap_r3,add,1000,0.671,125
idmap_r3,add,1000,0.672,125
idmap_r3,add,1000,0.673,125
idmap_r3,add,1000,0.674,125
idmap_r3,add,1000,0.675,125
idmap_r3,add,1000,0.676,125
idmap_r3,add,1000,0.677,125
idmap_r3,add,1000,0.678,125
idmap_r3,add,1000,0.679,125
idmap_r3,add,1000,0.68,125
idmap_r3,add,1000,0.681,125
idmap_r3,add,1000,0.682,125
idmap_r3,add,1000,0.683,125
idmap_r3,add,1000,0.684,125
idmap_r3,add,1000,0.685,125
idmap_r3,add,1000,0.686,125
idmap_r3,add,1000,0.687,125
idmap_r3,add,1000,0.688,125
idmap_r3,add,1000,0.689,125
idmap_r3,add,1000,0.69,125
idmap_r3,add,1000,0.691,125
idmap_r3,add,1000,0.692,125
idmap_r3,add,1000,0.693,125
idmap_r3,add,1000,0.694,125
idmap_r3,add,1000,0.695,125
idmap_r3,add,1000,0.696,125
idmap_r3,add,1000,0.697,125
idmap_r3,add,1000,0.698,125
idmap_r3,add,1000,0.699,125
idmap_r3,add,1000,0.7,125
idmap_r3,add,1000,0.701,125
idmap_r3,add,1000,0.702,125
idmap_r3,add,1000,0.703,125
idmap_r3,add,1000,0.704,125
idmap_r3,add,1000,0.705,125
idmap_r3,add,1000,0.706,125
idmap_r3,add,1000,0.707,125
idmap_r3,add,1000,0.708,125
idmap_r3,add,1000,0.709,125
idmap_r3,add,1000,0.71,125
idmap_r3,add,1000,0.711,125
idmap_r3,add,1000,0.712,125
idmap_r3,add,1000,0.713,125
idmap_r3,add,1000,0.714,125
idmap_r3,add,1000,0.715,125
idmap_r3,add,1000,0.716,125
idmap_r3,add,1000,0.717,125
idmap_r3,add,1000,0.718,125
idmap_r3,add,1000,0.719,125
idmap_r3,add,1000,0.72,125
idmap_r3,add,1000,0.721,125
idmap_r3,add,1000,0.722,125
idmap_r3,add,1000,0.723,125
idmap_r3,add,1000,0.724,125
idmap_r3,add,1000,0.725,125
idmap_r3,add,1000,0.726,125
idmap_r3,add,1000,0.727,125
idmap_r3,add,1000,0.728,125
idmap_r3,add,1000,0.729,125
idmap_r3,add,1000,0.73,125
idmap_r3,add,1000,0.731,125
idmap_r3,add,1000,0.732,125
idmap_r3,add,1000,0.733,125
idmap_r3,add,1000,0.734,125
idmap_r3,add,1000,0.735,125
idmap_r3,add,1000,0.736,125
idmap_r3,add,1000,0.737,125
idmap_r3,add,1000,0.738,125
idmap_r3,add,1000,0.739,125
idmap_r3,add,1000,0.74,125
idmap_r3,add,1000,0.741,125
idmap_r3,add,1000,0.742,125
idmap_r3,add,1000,0.743,125
idmap_r3,add,1000,0.744,125
idmap_r3,add,1000,0.745,125
idmap_r3,add,1000,0.746,125
idmap_r3,add,1000,0.747,125
idmap_r3,add,1000,0.748,125
idmap_r3,add,1000,0.749,125
idmap_r3,add,1000,0.75,125
idmap_r3,add,1000,0.751,125
idmap_r3,add,1000,0.752,125
idmap_r3,add,1000,0.753,125
idmap_r3,add,1000,0.754,125
idmap_r3,add,1000,0.755,125
idmap_r3,add,1000,0.756,125
idmap_r3,add,1000,0.757,125
idmap_r3,add,1000,0.758,125
idmap_r3,add,1000,0.759,125
idmap_r3,add,1000,0.76,125
idmap_r3,add,1000,0.761,125
idmap_r3,add,1000,0.762,125
idmap_r3,add,1000,0.763,125
idmap_r3,add,1000,0.764,125
idmap_r3,add,1000,0.765,125
idmap_r3,add,1000,0.766,125
idmap_r3,add,1000,0.767,125
idmap_r3,add,1000,0.768,125
idmap_r3,add,1000,0.769,125
idmap_r3,add,1000,0.77,125
idmap_r3,add,1000,0.771,125
idmap_r3,add,1000,0.772,125
idmap_r3,add,1000,0.773,125
idmap_r3,add,1000,0.774,125
idmap_r3,add,1000,0.775,125
idmap_r3,add,1000,0.776,125
idmap_r3,add,1000,0.777,125
idmap_r3,add,1000,0.778,125
idmap_r3,add,1000,0.779,125
idmap_r3,add,1000,0.78,125
idmap_r3,add,1000,0.781,125
idmap_r3,add,1000,0.782,125
idmap_r3,add,1000,0.783,125
idmap_r3,add,1000,0.784,125
idmap_r3,add,1000,0.785,125
idmap_r3,add,1000,0.786,125
idmap_r3,add,1000,0.787,125
idmap_r3,add,1000,0.788,125
idmap_r3,add,1000,0.789,125
idmap_r3,add,1000,0.79,125
idmap_r3,add,1000,0.791,125
idmap_r3,add,1000,0.792,125
idmap_r3,add,1000,0.793,125
idmap_r3,add,1000,0.794,125
idmap_r3,add,1000,0.795,125
idmap_r3,add,1000,0.796,125
idmap_r3,add,1000,0.797,125
idmap_r3,add,1000,0.798,125
idmap_r3,add,1000,0.799,125
idmap_r3,add,1000,0.8,125
idmap_r3,add,1000,0.801,125
idmap_r3,add,1000,0.802,125
idmap_r3,add,1000,0.803,125
idmap_r3,add,1000,0.804,125
idmap_r3,add,1000,0.805,125
idmap_r3,add,1000,0.806,125
idmap_r3,add,1000,0.807,125
idmap_r3,add,1000,0.808,125
idmap_r3,add,1000,0.809,125
idmap_r3,add,1000,0.81,125
idmap_r3,add,1000,0.811,125
idmap_r3,add,1000,0.812,125
idmap_r3,add,1000,0.813,125
idmap_r3,add,1000,0.814,125
idmap_r3,add,1000,0.815,125
idmap_r3,add,1000,0.816,125
idmap_r3,add,1000,0.817,125
idmap_r3,add,1000,0.818,125
idmap_r3,add,1000,0.819,125
idmap_r3,add,1000,0.82,125
idmap_r3,add,1000,0.821,125
idmap_r3,add,1000,0.822,125
idmap_r3,add,1000,0.823,125
idmap_r3,add,1000,0.824,125
idmap_r3,add,1000,0.825,125
idmap_r3,add,1000,0.826,125
idmap_r3,add,1000,0.827,125
idmap_r3,add,1000,0.828,125
idmap_r3,add,1000,0.829,125
idmap_r3,add,1000,0.83,125
idmap_r3,add,1000,0.831,125
idmap_r3,add,1000,0.832,125
idmap_r3,add,1000,0.833,125
idmap_r3,add,1000,0.834,125
idmap_r3,add,1000,0.835,125
idmap_r3,add,1000,0.836,125
idmap_r3,add,1000,0.837,125
idmap_r3,add,1000,0.838,125
idmap_r3,add,1000,0.839,125
idmap_r3,add,1000,0.84,125
idmap_r3,add,1000,0.841,125
idmap_r3,add,1000,0.842,125
idmap_r3,add,1000,0.843,125
idmap_r3,add,1000,0.844,125
idmap_r3,add,1000,0.845,125
idmap_r3,add,1000,0.846,125
idmap_r3,add,1000,0.847,125
idmap_r3,add,1000,0.848,125
idmap_r3,add,1000,0.849,125
idmap_r3,add,1000,0.85,125
idmap_r3,add,1000,0.851,125
idmap_r3,add,1000,0.852,125
idmap_r3,add,1000,0.853,125
idmap_r3,add,1000,0.854,125
idmap_r3,add,1000,0.855,125
idmap_r3,add,1000,0.856,125
idmap_r3,add,1000,0.857,125
idmap_r3,add,1000,0.858,125
idmap_r3,add,1000,0.859,125
idmap_r3,add,1000,0.86,125
idmap_r3,add,1000,0.861,125
idmap_r3,add,1000,0.862,125
idmap_r3,add,1000,0.863,125
idmap_r3,add,1000,0.864,125
idmap_r3,add,1000,0.865,125
idmap_r3,add,1000,0.866,125
idmap_r3,add,1000,0.867,125
idmap_r3,add,1000,0.868,125
idmap_r3,add,1000,0.869,125
idmap_r3,add,1000,0.87,125
idmap_r3,add,1000,0.871,125
idmap_r3,add,1000,0.872,125
idmap_r3,add,1000,0.873,125
idmap_r3,add,1000,0.874,125
idmap_r3,add,1000,0.875,125
idmap_r3,add,1000,0.876,125
idmap_r3,add,1000,0.877,125
idmap_r3,add,1000,0.878,125
idmap_r3,add,1000,0.879,125
idmap_r3,add,1000,0.88,125
idmap_r3,add,1000,0.881,125
idmap_r3,add,1000,0.882,125
idmap_r3,add,1000,0.883,125
idmap_r3,add,1000,0.884,125
idmap_r3,add,1000,0.885,125
idmap_r3,add,1000,0.886,125
idmap_r3,add,1000,0.887,125
idmap_r3,add,1000,0.888,125
idmap_r3,add,1000,0.889,125
idmap_r3,add,1000,0.89,125
idmap_r3,add,1000,0.891,125
idmap_r3,add,1000,0.892,125
idmap_r3,add,1000,0.893,125
idmap_r3,add,1000,0.894,125
idmap_r3,add,1000,0.895,125
idmap_r3,add,1000,0.896,125
idmap_r3,add,1000,0.897,125
idmap_r3,add,1000,0.898,125
idmap_r3,add,1000,0.899,125
idmap_r3,add,1000,0.9,125
idmap_r3,add,1000,0.901,125
idmap_r3,add,1000,0.902,125
idmap_r3,add,1000,0.903,125
idmap_r3,add,1000,0.904,125
idmap_r3,add,1000,0.905,125
idmap_r3,add,1000,0.906,125
idmap_r3,add,1000,0.907,125
idmap_r3,add,1000,0.908,125
idmap_r3,add,1000,0.909,125
idmap_r3,add,1000,0.91,125
idmap_r3,add,1000,0.911,125
idmap_r3,add,1000,0.912,125
idmap_r3,add,1000,0.913,125
idmap_r3,add,1000,0.914,125
idmap_r3,add,1000,0.915,125
idmap_r3,add,1000,0.916,125
idmap_r3,add,1000,0.917,125
idmap_r3,add,1000,0.918,125
idmap_r3,add,1000,0.919,125
idmap_r3,add,1000,0.92,125
idmap_r3,add,1000,0.921,125
idmap_r3,add,1000,0.922,125
idmap_r3,add,1000,0.923,166
idmap_r3,add,1000,0.924,166
idmap_r3,add,1000,0.925,166
idmap_r3,add,1000,0.926,166
idmap_r3,add,1000,0.927,166
idmap_r3,add,1000,0.928,166
idmap_r3,add,1000,0.929,166
idmap_r3,add,1000,0.93,166
idmap_r3,add,1000,0.931,166
idmap_r3,add,1000,0.932,166
idmap_r3,add,1000,0.933,166
idmap_r3,add,1000,0.934,166
idmap_r3,add,1000,0.935,166
idmap_r3,add,1000,0.936,166
idmap_r3,add,1000,0.937,166
idmap_r3,add,1000,0.938,166
idmap_r3,add,1000,0.939,166
idmap_r3,add,1000,0.94,166
idmap_r3,add,1000,0.941,166
idmap_r3,add,1000,0.942,166
idmap_r3,add,1000,0.943,166
idmap_r3,add,1000,0.944,166
idmap_r3,add,1000,0.945,166
idmap_r3,add,1000,0.946,167
idmap_r3,add,1000,0.947,167
idmap_r3,add,1000,0.948,167
idmap_r3,add,1000,0.949,167
idmap_r3,add,1000,0.95,167
idmap_r3,add,1000,0.951,167
idmap_r3,add,1000,0.952,167
idmap_r3,add,1000,0.953,167
idmap_r3,add,1000,0.954,167
idmap_r3,add,1000,0.955,167
idmap_r3,add,1000,0.956,167
idmap_r3,add,1000,0.957,167
idmap_r3,add,1000,0.958,167
idmap_r3,add,1000,0.959,167
idmap_r3,add,1000,0.96,167
idmap_r3,add,1000,0.961,167
idmap_r3,add,1000,0.962,167
idmap_r3,add,1000,0.963,167
idmap_r3,add,1000,0.964,167
idmap_r3,add,1000,0.965,167
idmap_r3,add,1000,0.966,167
idmap_r3,add,1000,0.967,167
idmap_r3,add,1000,0.968,167
idmap_r3,add,1000,0.969,167
idmap_r3,add,1000,0.97,167
idmap_r3,add,1000,0.971,167
idmap_r3,add,1000,0.972,167
idmap_r3,add,1000,0.973,167
idmap_r3,add,1000,0.974,167
idmap_r3,add,1000,0.975,167
idmap_r3,add,1000,0.976,167
idmap_r3,add,1000,0.977,167
idmap_r3,add,1000,0.978,167
idmap_r3,add,1000,0.979,167
idmap_r3,add,1000,0.98,167
idmap_r3,add,1000,0.981,167
idmap_r3,add,1000,0.982,167
idmap_r3,add,1000,0.983,167
idmap_r3,add,1000,0.984,167
idmap_r3,add,1000,0.985,167
idmap_r3,add,1000,0.986,167
idmap_r3,add,1000,0.987,167
idmap_r3,add,1000,0.988,167
idmap_r3,add,1000,0.989,167
idmap_r3,add,1000,0.99,167
idmap_r3,add,1000,0.991,167
idmap_r3,add,1000,0.992,167
idmap_r3,add,1000,0.993,208
idmap_r3,add,1000,0.994,208
idmap_r3,add,1000,0.995,208
idmap_r3,add,1000,0.996,208
idmap_r3,add,1000,0.997,208
idmap_r3,add,1000,0.998,209
idmap_r3,add,1000,0.999,209
idmap_r3,cancel,1000,0,0
idmap_r3,cancel,1000,0.001,41
idmap_r3,cancel,1000,0.002,41
idmap_r3,cancel,1000,0.003,41
idmap_r3,cancel,1000,0.004,41
idmap_r3,cancel,1000,0.005,41
idmap_r3,cancel,1000,0.006,41
idmap_r3,cancel,1000,0.007,41
idmap_r3,cancel,1000,0.008,41
idmap_r3,cancel,1000,0.009,42
idmap_r3,cancel,1000,0.01,42
idmap_r3,cancel,1000,0.011,42
idmap_r3,cancel,1000,0.012,42
idmap_r3,cancel,1000,0.013,42
idmap_r3,cancel,1000,0.014,42
idmap_r3,cancel,1000,0.015,42
idmap_r3,cancel,1000,0.016,42
idmap_r3,cancel,1000,0.017,42
idmap_r3,cancel,1000,0.018,42
idmap_r3,cancel,1000,0.019,42
idmap_r3,cancel,1000,0.02,42
idmap_r3,cancel,1000,0.021,42
idmap_r3,cancel,1000,0.022,42
idmap_r3,cancel,1000,0.023,42
idmap_r3,cancel,1000,0.024,42
idmap_r3,cancel,1000,0.025,42
idmap_r3,cancel,1000,0.026,42
idmap_r3,cancel,1000,0.027,83
idmap_r3,cancel,1000,0.028,83
idmap_r3,cancel,1000,0.029,83
idmap_r3,cancel,1000,0.03,83
idmap_r3,cancel,1000,0.031,83
idmap_r3,cancel,1000,0.032,83
idmap_r3,cancel,1000,0.033,83
idmap_r3,cancel,1000,0.034,83
idmap_r3,cancel,1000,0.035,83
idmap_r3,cancel,1000,0.036,83
idmap_r3,cancel,1000,0.037,83
idmap_r3,cancel,1000,0.038,83
idmap_r3,cancel,1000,0.039,83
idmap_r3,cancel,1000,0.04,83
idmap_r3,cancel,1000,0.041,83
idmap_r3,cancel,1000,0.042,83
idmap_r3,cancel,1000,0.043,83
idmap_r3,cancel,1000,0.044,83
idmap_r3,cancel,1000,0.045,83
idmap_r3,cancel,1000,0.046,83
idmap_r3,cancel,1000,0.047,83
idmap_r3,cancel,1000,0.048,83
idmap_r3,cancel,1000,0.049,83
idmap_r3,cancel,1000,0.05,83
idmap_r3,cancel,1000,0.051,83
idmap_r3,cancel,1000,0.052,83
idmap_r3,cancel,1000,0.053,83
idmap_r3,cancel,1000,0.054,83
idmap_r3,cancel,1000,0.055,83
idmap_r3,cancel,1000,0.056,83
idmap_r3,cancel,1000,0.057,83
idmap_r3,cancel,1000,0.058,83
idmap_r3,cancel,1000,0.059,83
idmap_r3,cancel,1000,0.06,83
idmap_r3,cancel,1000,0.061,83
idmap_r3,cancel,1000,0.062,83
idmap_r3,cancel,1000,0.063,83
idmap_r3,cancel,1000,0.064,83
idmap_r3,cancel,1000,0.065,83
idmap_r3,cancel,1000,0.066,83
idmap_r3,cancel,1000,0.067,83
idmap_r3,cancel,1000,0.068,83
idmap_r3,cancel,1000,0.069,83
idmap_r3,cancel,1000,0.07,83
idmap_r3,cancel,1000,0.071,83
idmap_r3,cancel,1000,0.072,83
idmap_r3,cancel,1000,0.073,83
idmap_r3,cancel,1000,0.074,83
idmap_r3,cancel,1000,0.075,83
idmap_r3,cancel,1000,0.076,83
idmap_r3,cancel,1000,0.077,83
idmap_r3,cancel,1000,0.078,83
idmap_r3,cancel,1000,0.079,83
idmap_r3,cancel,1000,0.08,83
idmap_r3,cancel,1000,0.081,83
idmap_r3,cancel,1000,0.082,83
idmap_r3,cancel,1000,0.083,83
idmap_r3,cancel,1000,0.084,83
idmap_r3,cancel,1000,0.085,83
idmap_r3,cancel,1000,0.086,83
idmap_r3,cancel,1000,0.087,83
idmap_r3,cancel,1000,0.088,83
idmap_r3,cancel,1000,0.089,83
idmap_r3,cancel,1000,0.09,83
idmap_r3,cancel,1000,0.091,83
idmap_r3,cancel,1000,0.092,83
idmap_r3,cancel,1000,0.093,83
idmap_r3,cancel,1000,0.094,83
idmap_r3,cancel,1000,0.095,83
idmap_r3,cancel,1000,0.096,83
idmap_r3,cancel,1000,0.097,83
idmap_r3,cancel,1000,0.098,83
idmap_r3,cancel,1000,0.099,84
idmap_r3,cancel,1000,0.1,84
idmap_r3,cancel,1000,0.101,84
idmap_r3,cancel,1000,0.102,84
idmap_r3,cancel,1000,0.103,84
idmap_r3,cancel,1000,0.104,84
idmap_r3,cancel,1000,0.105,84
idmap_r3,cancel,1000,0.106,84
idmap_r3,cancel,1000,0.107,84
idmap_r3,cancel,1000,0.108,84
idmap_r3,cancel,1000,0.109,84
idmap_r3,cancel,1000,0.11,84
idmap_r3,cancel,1000,0.111,84
idmap_r3,cancel,1000,0.112,84
idmap_r3,cancel,1000,0.113,84
idmap_r3,cancel,1000,0.114,84
idmap_r3,cancel,1000,0.115,84
idmap_r3,cancel,1000,0.116,84
idmap_r3,cancel,1000,0.117,84
idmap_r3,cancel,1000,0.118,84
idmap_r3,cancel,1000,0.119,84
idmap_r3,cancel,1000,0.12,84
idmap_r3,cancel,1000,0.121,84
idmap_r3,cancel,1000,0.122,84
idmap_r3,cancel,1000,0.123,84
idmap_r3,cancel,1000,0.124,84
idmap_r3,cancel,1000,0.125,84
idmap_r3,cancel,1000,0.126,84
idmap_r3,cancel,1000,0.127,84
idmap_r3,cancel,1000,0.128,84
idmap_r3,cancel,1000,0.129,84
idmap_r3,cancel,1000,0.13,84
idmap_r3,cancel,1000,0.131,84
idmap_r3,cancel,1000,0.132,84
idmap_r3,cancel,1000,0.133,84
idmap_r3,cancel,1000,0.134,84
idmap_r3,cancel,1000,0.135,84
idmap_r3,cancel,1000,0.136,125
idmap_r3,cancel,1000,0.137,125
idmap_r3,cancel,1000,0.138,125
idmap_r3,cancel,1000,0.139,125
idmap_r3,cancel,1000,0.14,125
idmap_r3,cancel,1000,0.141,125
idmap_r3,cancel,1000,0.142,125
idmap_r3,cancel,1000,0.143,125
idmap_r3,cancel,1000,0.144,125
idmap_r3,cancel,1000,0.145,125
idmap_r3,cancel,1000,0.146,125
idmap_r3,cancel,1000,0.147,125
idmap_r3,cancel,1000,0.148,125
idmap_r3,cancel,1000,0.149,125
idmap_r3,cancel,1000,0.15,125
idmap_r3,cancel,1000,0.151,125
idmap_r3,cancel,1000,0.152,125
idmap_r3,cancel,1000,0.153,125
idmap_r3,cancel,1000,0.154,125
idmap_r3,cancel,1000,0.155,125
idmap_r3,cancel,1000,0.156,125
idmap_r3,cancel,1000,0.157,125
idmap_r3,cancel,1000,0.158,125
idmap_r3,cancel,1000,0.159,125
idmap_r3,cancel,1000,0.16,125
idmap_r3,cancel,1000,0.161,125
idmap_r3,cancel,1000,0.162,125
idmap_r3,cancel,1000,0.163,125
idmap_r3,cancel,1000,0.164,125
idmap_r3,cancel,1000,0.165,125
idmap_r3,cancel,1000,0.166,125
idmap_r3,cancel,1000,0.167,125
idmap_r3,cancel,1000,0.168,125
idmap_r3,cancel,1000,0.169,125
idmap_r3,cancel,1000,0.17,125
idmap_r3,cancel,1000,0.171,125
idmap_r3,cancel,1000,0.172,125
idmap_r3,cancel,1000,0.173,125
idmap_r3,cancel,1000,0.174,125
idmap_r3,cancel,1000,0.175,125
idmap_r3,cancel,1000,0.176,125
idmap_r3,cancel,1000,0.177,125
idmap_r3,cancel,1000,0.178,125
idmap_r3,cancel,1000,0.179,125
idmap_r3,cancel,1000,0.18,125
idmap_r3,cancel,1000,0.181,125
idmap_r3,cancel,1000,0.182,125
idmap_r3,cancel,1000,0.183,125
idmap_r3,cancel,1000,0.184,125
idmap_r3,cancel,1000,0.185,125
idmap_r3,cancel,1000,0.186,125
idmap_r3,cancel,1000,0.187,125
idmap_r3,cancel,1000,0.188,125
idmap_r3,cancel,1000,0.189,125
idmap_r3,cancel,1000,0.19,125
idmap_r3,cancel,1000,0.191,125
idmap_r3,cancel,1000,0.192,125
idmap_r3,cancel,1000,0.193,125
idmap_r3,cancel,1000,0.194,125
idmap_r3,cancel,1000,0.195,125
idmap_r3,cancel,1000,0.196,125
idmap_r3,cancel,1000,0.197,125
idmap_r3,cancel,1000,0.198,125
idmap_r3,cancel,1000,0.199,125
idmap_r3,cancel,1000,0.2,125
idmap_r3,cancel,1000,0.201,125
idmap_r3,cancel,1000,0.202,125
idmap_r3,cancel,1000,0.203,125
idmap_r3,cancel,1000,0.204,125
idmap_r3,cancel,1000,0.205,125
idmap_r3,cancel,1000,0.206,125
idmap_r3,cancel,1000,0.207,125
idmap_r3,cancel,1000,0.208,125
idmap_r3,cancel,1000,0.209,125
idmap_r3,cancel,1000,0.21,125
idmap_r3,cancel,1000,0.211,125
idmap_r3,cancel,1000,0.212,125
idmap_r3,cancel,1000,0.213,125
idmap_r3,cancel,1000,0.214,125
idmap_r3,cancel,1000,0.215,125
idmap_r3,cancel,1000,0.216,125
idmap_r3,cancel,1000,0.217,125
idmap_r3,cancel,1000,0.218,125
idmap_r3,cancel,1000,0.219,125
idmap_r3,cancel,1000,0.22,125
idmap_r3,cancel,1000,0.221,125
idmap_r3,cancel,1000,0.222,125
idmap_r3,cancel,1000,0.223,125
idmap_r3,cancel,1000,0.224,125
idmap_r3,cancel,1000,0.225,125
idmap_r3,cancel,1000,0.226,125
idmap_r3,cancel,1000,0.227,125
idmap_r3,cancel,1000,0.228,125
idmap_r3,cancel,1000,0.229,125
idmap_r3,cancel,1000,0.23,125
idmap_r3,cancel,1000,0.231,125
idmap_r3,cancel,1000,0.232,125
idmap_r3,cancel,1000,0.233,125
idmap_r3,cancel,1000,0.234,125
idmap_r3,cancel,1000,0.235,125
idmap_r3,cancel,1000,0.236,125
idmap_r3,cancel,1000,0.237,125
idmap_r3,cancel,1000,0.238,125
idmap_r3,cancel,1000,0.239,125
idmap_r3,cancel,1000,0.24,125
idmap_r3,cancel,1000,0.241,125
idmap_r3,cancel,1000,0.242,125
idmap_r3,cancel,1000,0.243,125
idmap_r3,cancel,1000,0.244,125
idmap_r3,cancel,1000,0.245,125
idmap_r3,cancel,1000,0.246,125
idmap_r3,cancel,1000,0.247,125
idmap_r3,cancel,1000,0.248,125
idmap_r3,cancel,1000,0.249,125
idmap_r3,cancel,1000,0.25,125
idmap_r3,cancel,1000,0.251,125
idmap_r3,cancel,1000,0.252,125
idmap_r3,cancel,1000,0.253,125
idmap_r3,cancel,1000,0.254,125
idmap_r3,cancel,1000,0.255,125
idmap_r3,cancel,1000,0.256,125
idmap_r3,cancel,1000,0.257,125
idmap_r3,cancel,1000,0.258,125
idmap_r3,cancel,1000,0.259,125
idmap_r3,cancel,1000,0.26,125
idmap_r3,cancel,1000,0.261,125
idmap_r3,cancel,1000,0.262,125
idmap_r3,cancel,1000,0.263,125
idmap_r3,cancel,1000,0.264,125
idmap_r3,cancel,1000,0.265,125
idmap_r3,cancel,1000,0.266,125
idmap_r3,cancel,1000,0.267,125
idmap_r3,cancel,1000,0.268,125
idmap_r3,cancel,1000,0.269,125
idmap_r3,cancel,1000,0.27,125
idmap_r3,cancel,1000,0.271,125
idmap_r3,cancel,1000,0.272,125
idmap_r3,cancel,1000,0.273,125
idmap_r3,cancel,1000,0.274,125
idmap_r3,cancel,1000,0.275,125
idmap_r3,cancel,1000,0.276,125
idmap_r3,cancel,1000,0.277,125
idmap_r3,cancel,1000,0.278,125
idmap_r3,cancel,1000,0.279,125
idmap_r3,cancel,1000,0.28,125
idmap_r3,cancel,1000,0.281,125
idmap_r3,cancel,1000,0.282,125
idmap_r3,cancel,1000,0.283,125
idmap_r3,cancel,1000,0.284,125
idmap_r3,cancel,1000,0.285,125
idmap_r3,cancel,1000,0.286,125
idmap_r3,cancel,1000,0.287,125
idmap_r3,cancel,1000,0.288,125
idmap_r3,cancel,1000,0.289,125
idmap_r3,cancel,1000,0.29,125
idmap_r3,cancel,1000,0.291,125
idmap_r3,cancel,1000,0.292,125
idmap_r3,cancel,1000,0.293,125
idmap_r3,cancel,1000,0.294,125
idmap_r3,cancel,1000,0.295,125
idmap_r3,cancel,1000,0.296,125
idmap_r3,cancel,1000,0.297,125
idmap_r3,cancel,1000,0.298,125
idmap_r3,cancel,1000,0.299,125
idmap_r3,cancel,1000,0.3,125
idmap_r3,cancel,1000,0.301,125
idmap_r3,cancel,1000,0.302,125
idmap_r3,cancel,1000,0.303,125
idmap_r3,cancel,1000,0.304,125
idmap_r3,cancel,1000,0.305,125
idmap_r3,cancel,1000,0.306,125
idmap_r3,cancel,1000,0.307,125
idmap_r3,cancel,1000,0.308,125
idmap_r3,cancel,1000,0.309,125
idmap_r3,cancel,1000,0.31,125
idmap_r3,cancel,1000,0.311,125
idmap_r3,cancel,1000,0.312,125
idmap_r3,cancel,1000,0.313,125
idmap_r3,cancel,1000,0.314,125
idmap_r3,cancel,1000,0.315,125
idmap_r3,cancel,1000,0.316,125
idmap_r3,cancel,1000,0.317,125
idmap_r3,cancel,1000,0.318,125
idmap_r3,cancel,1000,0.319,125
idmap_r3,cancel,1000,0.32,125
idmap_r3,cancel,1000,0.321,125
idmap_r3,cancel,1000,0.322,125
idmap_r3,cancel,1000,0.323,125
idmap_r3,cancel,1000,0.324,125
idmap_r3,cancel,1000,0.325,125
idmap_r3,cancel,1000,0.326,125
idmap_r3,cancel,1000,0.327,125
idmap_r3,cancel,1000,0.328,125
idmap_r3,cancel,1000,0.329,125
idmap_r3,cancel,1000,0.33,125
idmap_r3,cancel,1000,0.331,125
idmap_r3,cancel,1000,0.332,125
idmap_r3,cancel,1000,0.333,125
idmap_r3,cancel,1000,0.334,125
idmap_r3,cancel,1000,0.335,125
idmap_r3,cancel,1000,0.336,125
idmap_r3,cancel,1000,0.337,125
idmap_r3,cancel,1000,0.338,125
idmap_r3,cancel,1000,0.339,125
idmap_r3,cancel,1000,0.34,125
idmap_r3,cancel,1000,0.341,125
idmap_r3,cancel,1000,0.342,125
idmap_r3,cancel,1000,0.343,125
idmap_r3,cancel,1000,0.344,125
idmap_r3,cancel,1000,0.345,125
idmap_r3,cancel,1000,0.346,125
idmap_r3,cancel,1000,0.347,125
idmap_r3,cancel,1000,0.348,125
idmap_r3,cancel,1000,0.349,125
idmap_r3,cancel,1000,0.35,125
idmap_r3,cancel,1000,0.351,125
idmap_r3,cancel,1000,0.352,125
idmap_r3,cancel,1000,0.353,125
idmap_r3,cancel,1000,0.354,125
idmap_r3,cancel,1000,0.355,125
idmap_r3,cancel,1000,0.356,125
idmap_r3,cancel,1000,0.357,125
idmap_r3,cancel,1000,0.358,125
idmap_r3,cancel,1000,0.359,125
idmap_r3,cancel,1000,0.36,125
idmap_r3,cancel,1000,0.361,125
idmap_r3,cancel,1000,0.362,125
idmap_r3,cancel,1000,0.363,125
idmap_r3,cancel,1000,0.364,125
idmap_r3,cancel,1000,0.365,125
idmap_r3,cancel,1000,0.366,125
idmap_r3,cancel,1000,0.367,125
idmap_r3,cancel,1000,0.368,125
idmap_r3,cancel,1000,0.369,125
idmap_r3,cancel,1000,0.37,125
idmap_r3,cancel,1000,0.371,125
idmap_r3,cancel,1000,0.372,125
idmap_r3,cancel,1000,0.373,125
idmap_r3,cancel,1000,0.374,125
idmap_r3,cancel,1000,0.375,125
idmap_r3,cancel,1000,0.376,125
idmap_r3,cancel,1000,0.377,125
idmap_r3,cancel,1000,0.378,125
idmap_r3,cancel,1000,0.379,125
idmap_r3,cancel,1000,0.38,125
idmap_r3,cancel,1000,0.381,125
idmap_r3,cancel,1000,0.382,125
idmap_r3,cancel,1000,0.383,125
idmap_r3,cancel,1000,0.384,125
idmap_r3,cancel,1000,0.385,125
idmap_r3,cancel,1000,0.386,125
idmap_r3,cancel,1000,0.387,125
idmap_r3,cancel,1000,0.388,125
idmap_r3,cancel,1000,0.389,125
idmap_r3,cancel,1000,0.39,125
idmap_r3,cancel,1000,0.391,125
idmap_r3,cancel,1000,0.392,125
idmap_r3,cancel,1000,0.393,125
idmap_r3,cancel,1000,0.394,125
idmap_r3,cancel,1000,0.395,125
idmap_r3,cancel,1000,0.396,125
idmap_r3,cancel,1000,0.397,125
idmap_r3,cancel,1000,0.398,125
idmap_r3,cancel,1000,0.399,125
idmap_r3,cancel,1000,0.4,125
idmap_r3,cancel,1000,0.401,125
idmap_r3,cancel,1000,0.402,125
idmap_r3,cancel,1000,0.403,125
idmap_r3,cancel,1000,0.404,125
idmap_r3,cancel,1000,0.405,125
idmap_r3,cancel,1000,0.406,125
idmap_r3,cancel,1000,0.407,125
idmap_r3,cancel,1000,0.408,125
idmap_r3,cancel,1000,0.409,125
idmap_r3,cancel,1000,0.41,125
idmap_r3,cancel,1000,0.411,125
idmap_r3,cancel,1000,0.412,125
idmap_r3,cancel,1000,0.413,125
idmap_r3,cancel,1000,0.414,125
idmap_r3,cancel,1000,0.415,125
idmap_r3,cancel,1000,0.416,125
idmap_r3,cancel,1000,0.417,125
idmap_r3,cancel,1000,0.418,125
idmap_r3,cancel,1000,0.419,125
idmap_r3,cancel,1000,0.42,125
idmap_r3,cancel,1000,0.421,125
idmap_r3,cancel,1000,0.422,125
idmap_r3,cancel,1000,0.423,125
idmap_r3,cancel,1000,0.424,125
idmap_r3,cancel,1000,0.425,125
idmap_r3,cancel,1000,0.426,125
idmap_r3,cancel,1000,0.427,125
idmap_r3,cancel,1000,0.428,125
idmap_r3,cancel,1000,0.429,125
idmap_r3,cancel,1000,0.43,125
idmap_r3,cancel,1000,0.431,125
idmap_r3,cancel,1000,0.432,125
idmap_r3,cancel,1000,0.433,125
idmap_r3,cancel,1000,0.434,125
idmap_r3,cancel,1000,0.435,125
idmap_r3,cancel,1000,0.436,125
idmap_r3,cancel,1000,0.437,125
idmap_r3,cancel,1000,0.438,125
idmap_r3,cancel,1000,0.439,125
idmap_r3,cancel,1000,0.44,125
idmap_r3,cancel,1000,0.441,125
idmap_r3,cancel,1000,0.442,125
idmap_r3,cancel,1000,0.443,125
idmap_r3,cancel,1000,0.444,125
idmap_r3,cancel,1000,0.445,125
idmap_r3,cancel,1000,0.446,125
idmap_r3,cancel,1000,0.447,125
idmap_r3,cancel,1000,0.448,125
idmap_r3,cancel,1000,0.449,125
idmap_r3,cancel,1000,0.45,125
idmap_r3,cancel,1000,0.451,125
idmap_r3,cancel,1000,0.452,125
idmap_r3,cancel,1000,0.453,125
idmap_r3,cancel,1000,0.454,125
idmap_r3,cancel,1000,0.455,125
idmap_r3,cancel,1000,0.456,125
idmap_r3,cancel,1000,0.457,125
idmap_r3,cancel,1000,0.458,125
idmap_r3,cancel,1000,0.459,125
idmap_r3,cancel,1000,0.46,125
idmap_r3,cancel,1000,0.461,125
idmap_r3,cancel,1000,0.462,125
idmap_r3,cancel,1000,0.463,125
idmap_r3,cancel,1000,0.464,125
idmap_r3,cancel,1000,0.465,125
idmap_r3,cancel,1000,0.466,125
idmap_r3,cancel,1000,0.467,125
idmap_r3,cancel,1000,0.468,125
idmap_r3,cancel,1000,0.469,125
idmap_r3,cancel,1000,0.47,125
idmap_r3,cancel,1000,0.471,125
idmap_r3,cancel,1000,0.472,125
idmap_r3,cancel,1000,0.473,125
idmap_r3,cancel,1000,0.474,125
idmap_r3,cancel,1000,0.475,125
idmap_r3,cancel,1000,0.476,125
idmap_r3,cancel,1000,0.477,125
idmap_r3,cancel,1000,0.478,125
idmap_r3,cancel,1000,0.479,125
idmap_r3,cancel,1000,0.48,125
idmap_r3,cancel,1000,0.481,125
idmap_r3,cancel,1000,0.482,125
idmap_r3,cancel,1000,0.483,125
idmap_r3,cancel,1000,0.484,125
idmap_r3,cancel,1000,0.485,125
idmap_r3,cancel,1000,0.486,125
idmap_r3,cancel,1000,0.487,125
idmap_r3,cancel,1000,0.488,125
idmap_r3,cancel,1000,0.489,125
idmap_r3,cancel,1000,0.49,125
idmap_r3,cancel,1000,0.491,125
idmap_r3,cancel,1000,0.492,125
idmap_r3,cancel,1000,0.493,125
idmap_r3,cancel,1000,0.494,125
idmap_r3,cancel,1000,0.495,125
idmap_r3,cancel,1000,0.496,125
idmap_r3,cancel,1000,0.497,125
idmap_r3,cancel,1000,0.498,125
idmap_r3,cancel,1000,0.499,125
idmap_r3,cancel,1000,0.5,125
idmap_r3,cancel,1000,0.501,125
idmap_r3,cancel,1000,0.502,125
idmap_r3,cancel,1000,0.503,125
idmap_r3,cancel,1000,0.504,125
idmap_r3,cancel,1000,0.505,125
idmap_r3,cancel,1000,0.506,125
idmap_r3,cancel,1000,0.507,125
idmap_r3,cancel,1000,0.508,125
idmap_r3,cancel,1000,0.509,125
idmap_r3,cancel,1000,0.51,125
idmap_r3,cancel,1000,0.511,125
idmap_r3,cancel,1000,0.512,125
idmap_r3,cancel,1000,0.513,125
idmap_r3,cancel,1000,0.514,125
idmap_r3,cancel,1000,0.515,125
idmap_r3,cancel,1000,0.516,125
idmap_r3,cancel,1000,0.517,125
idmap_r3,cancel,1000,0.518,125
idmap_r3,cancel,1000,0.519,125
idmap_r3,cancel,1000,0.52,125
idmap_r3,cancel,1000,0.521,125
idmap_r3,cancel,1000,0.522,125
idmap_r3,cancel,1000,0.523,125
idmap_r3,cancel,1000,0.524,125
idmap_r3,cancel,1000,0.525,125
idmap_r3,cancel,1000,0.526,125
idmap_r3,cancel,1000,0.527,125
idmap_r3,cancel,1000,0.528,125
idmap_r3,cancel,1000,0.529,125
idmap_r3,cancel,1000,0.53,125
idmap_r3,cancel,1000,0.531,125
idmap_r3,cancel,1000,0.532,125
idmap_r3,cancel,1000,0.533,125
idmap_r3,cancel,1000,0.534,125
idmap_r3,cancel,1000,0.535,125
idmap_r3,cancel,1000,0.536,125
idmap_r3,cancel,1000,0.537,125
idmap_r3,cancel,1000,0.538,125
idmap_r3,cancel,1000,0.539,125
idmap_r3,cancel,1000,0.54,125
idmap_r3,cancel,1000,0.541,125
idmap_r3,cancel,1000,0.542,125
idmap_r3,cancel,1000,0.543,125
idmap_r3,cancel,1000,0.544,125
idmap_r3,cancel,1000,0.545,125
idmap_r3,cancel,1000,0.546,125
idmap_r3,cancel,1000,0.547,125
idmap_r3,cancel,1000,0.548,125
idmap_r3,cancel,1000,0.549,125
idmap_r3,cancel,1000,0.55,125
idmap_r3,cancel,1000,0.551,125
idmap_r3,cancel,1000,0.552,125
idmap_r3,cancel,1000,0.553,125
idmap_r3,cancel,1000,0.554,125
idmap_r3,cancel,1000,0.555,125
idmap_r3,cancel,1000,0.556,125
idmap_r3,cancel,1000,0.557,125
idmap_r3,cancel,1000,0.558,125
idmap_r3,cancel,1000,0.559,125
idmap_r3,cancel,1000,0.56,125
idmap_r3,cancel,1000,0.561,125
idmap_r3,cancel,1000,0.562,125
idmap_r3,cancel,1000,0.563,125
idmap_r3,cancel,1000,0.564,125
idmap_r3,cancel,1000,0.565,125
idmap_r3,cancel,1000,0.566,125
idmap_r3,cancel,1000,0.567,125
idmap_r3,cancel,1000,0.568,125
idmap_r3,cancel,1000,0.569,125
idmap_r3,cancel,1000,0.57,125
idmap_r3,cancel,1000,0.571,125
idmap_r3,cancel,1000,0.572,125
idmap_r3,cancel,1000,0.573,125
idmap_r3,cancel,1000,0.574,125
idmap_r3,cancel,1000,0.575,125
idmap_r3,cancel,1000,0.576,125
idmap_r3,cancel,1000,0.577,125
idmap_r3,cancel,1000,0.578,125
idmap_r3,cancel,1000,0.579,125
idmap_r3,cancel,1000,0.58,125
idmap_r3,cancel,1000,0.581,125
idmap_r3,cancel,1000,0.582,125
idmap_r3,cancel,1000,0.583,125
idmap_r3,cancel,1000,0.584,125
idmap_r3,cancel,1000,0.585,125
idmap_r3,cancel,1000,0.586,125
idmap_r3,cancel,1000,0.587,125
idmap_r3,cancel,1000,0.588,125
idmap_r3,cancel,1000,0.589,166
idmap_r3,cancel,1000,0.59,166
idmap_r3,cancel,1000,0.591,166
idmap_r3,cancel,1000,0.592,166
idmap_r3,cancel,1000,0.593,166
idmap_r3,cancel,1000,0.594,166
idmap_r3,cancel,1000,0.595,166
idmap_r3,cancel,1000,0.596,166
idmap_r3,cancel,1000,0.597,166
idmap_r3,cancel,1000,0.598,166
idmap_r3,cancel,1000,0.599,166
idmap_r3,cancel,1000,0.6,166
idmap_r3,cancel,1000,0.601,166
idmap_r3,cancel,1000,0.602,166
idmap_r3,cancel,1000,0.603,166
idmap_r3,cancel,1000,0.604,166
idmap_r3,cancel,1000,0.605,166
idmap_r3,cancel,1000,0.606,166
idmap_r3,cancel,1000,0.607,166
idmap_r3,cancel,1000,0.608,166
idmap_r3,cancel,1000,0.609,166
idmap_r3,cancel,1000,0.61,166
idmap_r3,cancel,1000,0.611,166
idmap_r3,cancel,1000,0.612,166
idmap_r3,cancel,1000,0.613,166
idmap_r3,cancel,1000,0.614,166
idmap_r3,cancel,1000,0.615,166
idmap_r3,cancel,1000,0.616,166
idmap_r3,cancel,1000,0.617,166
idmap_r3,cancel,1000,0.618,166
idmap_r3,cancel,1000,0.619,166
idmap_r3,cancel,1000,0.62,166
idmap_r3,cancel,1000,0.621,166
idmap_r3,cancel,1000,0.622,166
idmap_r3,cancel,1000,0.623,166
idmap_r3,cancel,1000,0.624,166
idmap_r3,cancel,1000,0.625,166
idmap_r3,cancel,1000,0.626,166
idmap_r3,cancel,1000,0.627,166
idmap_r3,cancel,1000,0.628,166
idmap_r3,cancel,1000,0.629,166
idmap_r3,cancel,1000,0.63,166
idmap_r3,cancel,1000,0.631,166
idmap_r3,cancel,1000,0.632,166
idmap_r3,cancel,1000,0.633,166
idmap_r3,cancel,1000,0.634,166
idmap_r3,cancel,1000,0.635,166
idmap_r3,cancel,1000,0.636,166
idmap_r3,cancel,1000,0.637,166
idmap_r3,cancel,1000,0.638,166
idmap_r3,cancel,1000,0.639,166
idmap_r3,cancel,1000,0.64,166
idmap_r3,cancel,1000,0.641,166
idmap_r3,cancel,1000,0.642,166
idmap_r3,cancel,1000,0.643,166
idmap_r3,cancel,1000,0.644,166
idmap_r3,cancel,1000,0.645,166
idmap_r3,cancel,1000,0.646,166
idmap_r3,cancel,1000,0.647,166
idmap_r3,cancel,1000,0.648,166
idmap_r3,cancel,1000,0.649,166
idmap_r3,cancel,1000,0.65,166
idmap_r3,cancel,1000,0.651,166
idmap_r3,cancel,1000,0.652,166
idmap_r3,cancel,1000,0.653,166
idmap_r3,cancel,1000,0.654,166
idmap_r3,cancel,1000,0.655,166
idmap_r3,cancel,1000,0.656,166
idmap_r3,cancel,1000,0.657,166
idmap_r3,cancel,1000,0.658,166
idmap_r3,cancel,1000,0.659,166
idmap_r3,cancel,1000,0.66,166
idmap_r3,cancel,1000,0.661,166
idmap_r3,cancel,1000,0.662,166
idmap_r3,cancel,1000,0.663,166
idmap_r3,cancel,1000,0.664,166
idmap_r3,cancel,1000,0.665,166
idmap_r3,cancel,1000,0.666,166
idmap_r3,cancel,1000,0.667,166
idmap_r3,cancel,1000,0.668,166
idmap_r3,cancel,1000,0.669,166
idmap_r3,cancel,1000,0.67,166
idmap_r3,cancel,1000,0.671,166
idmap_r3,cancel,1000,0.672,166
idmap_r3,cancel,1000,0.673,166
idmap_r3,cancel,1000,0.674,166
idmap_r3,cancel,1000,0.675,166
idmap_r3,cancel,1000,0.676,166
idmap_r3,cancel,1000,0.677,166
idmap_r3,cancel,1000,0.678,166
idmap_r3,cancel,1000,0.679,166
idmap_r3,cancel,1000,0.68,166
idmap_r3,cancel,1000,0.681,166
idmap_r3,cancel,1000,0.682,166
idmap_r3,cancel,1000,0.683,166
idmap_r3,cancel,1000,0.684,166
idmap_r3,cancel,1000,0.685,166
idmap_r3,cancel,1000,0.686,166
idmap_r3,cancel,1000,0.687,166
idmap_r3,cancel,1000,0.688,166
idmap_r3,cancel,1000,0.689,166
idmap_r3,cancel,1000,0.69,166
idmap_r3,cancel,1000,0.691,166
idmap_r3,cancel,1000,0.692,166
idmap_r3,cancel,1000,0.693,166
idmap_r3,cancel,1000,0.694,166
idmap_r3,cancel,1000,0.695,167
idmap_r3,cancel,1000,0.696,167
idmap_r3,cancel,1000,0.697,167
idmap_r3,cancel,1000,0.698,167
idmap_r3,cancel,1000,0.699,167
idmap_r3,cancel,1000,0.7,167
idmap_r3,cancel,1000,0.701,167
idmap_r3,cancel,1000,0.702,167
idmap_r3,cancel,1000,0.703,167
idmap_r3,cancel,1000,0.704,167
idmap_r3,cancel,1000,0.705,167
idmap_r3,cancel,1000,0.706,167
idmap_r3,cancel,1000,0.707,167
idmap_r3,cancel,1000,0.708,167
idmap_r3,cancel,1000,0.709,167
idmap_r3,cancel,1000,0.71,167
idmap_r3,cancel,1000,0.711,167
idmap_r3,cancel,1000,0.712,167
idmap_r3,cancel,1000,0.713,167
idmap_r3,cancel,1000,0.714,167
idmap_r3,cancel,1000,0.715,167
idmap_r3,cancel,1000,0.716,167
idmap_r3,cancel,1000,0.717,167
idmap_r3,cancel,1000,0.718,167
idmap_r3,cancel,1000,0.719,167
idmap_r3,cancel,1000,0.72,167
idmap_r3,cancel,1000,0.721,167
idmap_r3,cancel,1000,0.722,167
idmap_r3,cancel,1000,0.723,167
idmap_r3,cancel,1000,0.724,167
idmap_r3,cancel,1000,0.725,167
idmap_r3,cancel,1000,0.726,167
idmap_r3,cancel,1000,0.727,167
idmap_r3,cancel,1000,0.728,167
idmap_r3,cancel,1000,0.729,167
idmap_r3,cancel,1000,0.73,167
idmap_r3,cancel,1000,0.731,167
idmap_r3,cancel,1000,0.732,167
idmap_r3,cancel,1000,0.733,167
idmap_r3,cancel,1000,0.734,167
idmap_r3,cancel,1000,0.735,167
idmap_r3,cancel,1000,0.736,167
idmap_r3,cancel,1000,0.737,167
idmap_r3,cancel,1000,0.738,167
idmap_r3,cancel,1000,0.739,167
idmap_r3,cancel,1000,0.74,167
idmap_r3,cancel,1000,0.741,167
idmap_r3,cancel,1000,0.742,167
idmap_r3,cancel,1000,0.743,167
idmap_r3,cancel,1000,0.744,167
idmap_r3,cancel,1000,0.745,167
idmap_r3,cancel,1000,0.746,167
idmap_r3,cancel,1000,0.747,167
idmap_r3,cancel,1000,0.748,167
idmap_r3,cancel,1000,0.749,167
idmap_r3,cancel,1000,0.75,167
idmap_r3,cancel,1000,0.751,167
idmap_r3,cancel,1000,0.752,167
idmap_r3,cancel,1000,0.753,167
idmap_r3,cancel,1000,0.754,167
idmap_r3,cancel,1000,0.755,167
idmap_r3,cancel,1000,0.756,167
idmap_r3,cancel,1000,0.757,167
idmap_r3,cancel,1000,0.758,167
idmap_r3,cancel,1000,0.759,167
idmap_r3,cancel,1000,0.76,167
idmap_r3,cancel,1000,0.761,167
idmap_r3,cancel,1000,0.762,167
idmap_r3,cancel,1000,0.763,167
idmap_r3,cancel,1000,0.764,167
idmap_r3,cancel,1000,0.765,167
idmap_r3,cancel,1000,0.766,167
idmap_r3,cancel,1000,0.767,167
idmap_r3,cancel,1000,0.768,167
idmap_r3,cancel,1000,0.769,167
idmap_r3,cancel,1000,0.77,167
idmap_r3,cancel,1000,0.771,167
idmap_r3,cancel,1000,0.772,167
idmap_r3,cancel,1000,0.773,167
idmap_r3,cancel,1000,0.774,167
idmap_r3,cancel,1000,0.775,167
idmap_r3,cancel,1000,0.776,167
idmap_r3,cancel,1000,0.777,167
idmap_r3,cancel,1000,0.778,167
idmap_r3,cancel,1000,0.779,167
idmap_r3,cancel,1000,0.78,167
idmap_r3,cancel,1000,0.781,167
idmap_r3,cancel,1000,0.782,167
idmap_r3,cancel,1000,0.783,167
idmap_r3,cancel,1000,0.784,167
idmap_r3,cancel,1000,0.785,167
idmap_r3,cancel,1000,0.786,167
idmap_r3,cancel,1000,0.787,167
idmap_r3,cancel,1000,0.788,167
idmap_r3,cancel,1000,0.789,167
idmap_r3,cancel,1000,0.79,167
idmap_r3,cancel,1000,0.791,167
idmap_r3,cancel,1000,0.792,167
idmap_r3,cancel,1000,0.793,167
idmap_r3,cancel,1000,0.794,167
idmap_r3,cancel,1000,0.795,167
idmap_r3,cancel,1000,0.796,167
idmap_r3,cancel,1000,0.797,167
idmap_r3,cancel,1000,0.798,167
idmap_r3,cancel,1000,0.799,167
idmap_r3,cancel,1000,0.8,167
idmap_r3,cancel,1000,0.801,167
idmap_r3,cancel,1000,0.802,167
idmap_r3,cancel,1000,0.803,167
idmap_r3,cancel,1000,0.804,167
idmap_r3,cancel,1000,0.805,167
idmap_r3,cancel,1000,0.806,167
idmap_r3,cancel,1000,0.807,167
idmap_r3,cancel,1000,0.808,167
idmap_r3,cancel,1000,0.809,167
idmap_r3,cancel,1000,0.81,167
idmap_r3,cancel,1000,0.811,167
idmap_r3,cancel,1000,0.812,167
idmap_r3,cancel,1000,0.813,167
idmap_r3,cancel,1000,0.814,167
idmap_r3,cancel,1000,0.815,167
idmap_r3,cancel,1000,0.816,167
idmap_r3,cancel,1000,0.817,167
idmap_r3,cancel,1000,0.818,167
idmap_r3,cancel,1000,0.819,167
idmap_r3,cancel,1000,0.82,167
idmap_r3,cancel,1000,0.821,167
idmap_r3,cancel,1000,0.822,167
idmap_r3,cancel,1000,0.823,167
idmap_r3,cancel,1000,0.824,167
idmap_r3,cancel,1000,0.825,167
idmap_r3,cancel,1000,0.826,167
idmap_r3,cancel,1000,0.827,167
idmap_r3,cancel,1000,0.828,167
idmap_r3,cancel,1000,0.829,167
idmap_r3,cancel,1000,0.83,167
idmap_r3,cancel,1000,0.831,167
idmap_r3,cancel,1000,0.832,167
idmap_r3,cancel,1000,0.833,167
idmap_r3,cancel,1000,0.834,167
idmap_r3,cancel,1000,0.835,167
idmap_r3,cancel,1000,0.836,167
idmap_r3,cancel,1000,0.837,167
idmap_r3,cancel,1000,0.838,167
idmap_r3,cancel,1000,0.839,167
idmap_r3,cancel,1000,0.84,167
idmap_r3,cancel,1000,0.841,167
idmap_r3,cancel,1000,0.842,167
idmap_r3,cancel,1000,0.843,167
idmap_r3,cancel,1000,0.844,167
idmap_r3,cancel,1000,0.845,167
idmap_r3,cancel,1000,0.846,167
idmap_r3,cancel,1000,0.847,167
idmap_r3,cancel,1000,0.848,167
idmap_r3,cancel,1000,0.849,167
idmap_r3,cancel,1000,0.85,167
idmap_r3,cancel,1000,0.851,167
idmap_r3,cancel,1000,0.852,167
idmap_r3,cancel,1000,0.853,167
idmap_r3,cancel,1000,0.854,167
idmap_r3,cancel,1000,0.855,167
idmap_r3,cancel,1000,0.856,167
idmap_r3,cancel,1000,0.857,167
idmap_r3,cancel,1000,0.858,167
idmap_r3,cancel,1000,0.859,167
idmap_r3,cancel,1000,0.86,167
idmap_r3,cancel,1000,0.861,167
idmap_r3,cancel,1000,0.862,167
idmap_r3,cancel,1000,0.863,167
idmap_r3,cancel,1000,0.864,167
idmap_r3,cancel,1000,0.865,167
idmap_r3,cancel,1000,0.866,167
idmap_r3,cancel,1000,0.867,167
idmap_r3,cancel,1000,0.868,167
idmap_r3,cancel,1000,0.869,167
idmap_r3,cancel,1000,0.87,167
idmap_r3,cancel,1000,0.871,167
idmap_r3,cancel,1000,0.872,167
idmap_r3,cancel,1000,0.873,167
idmap_r3,cancel,1000,0.874,167
idmap_r3,cancel,1000,0.875,167
idmap_r3,cancel,1000,0.876,167
idmap_r3,cancel,1000,0.877,167
idmap_r3,cancel,1000,0.878,167
idmap_r3,cancel,1000,0.879,167
idmap_r3,cancel,1000,0.88,167
idmap_r3,cancel,1000,0.881,167
idmap_r3,cancel,1000,0.882,167
idmap_r3,cancel,1000,0.883,167
idmap_r3,cancel,1000,0.884,167
idmap_r3,cancel,1000,0.885,167
idmap_r3,cancel,1000,0.886,167
idmap_r3,cancel,1000,0.887,167
idmap_r3,cancel,1000,0.888,167
idmap_r3,cancel,1000,0.889,167
idmap_r3,cancel,1000,0.89,167
idmap_r3,cancel,1000,0.891,167
idmap_r3,cancel,1000,0.892,167
idmap_r3,cancel,1000,0.893,167
idmap_r3,cancel,1000,0.894,167
idmap_r3,cancel,1000,0.895,167
idmap_r3,cancel,1000,0.896,167
idmap_r3,cancel,1000,0.897,167
idmap_r3,cancel,1000,0.898,167
idmap_r3,cancel,1000,0.899,167
idmap_r3,cancel,1000,0.9,167
idmap_r3,cancel,1000,0.901,167
idmap_r3,cancel,1000,0.902,167
idmap_r3,cancel,1000,0.903,167
idmap_r3,cancel,1000,0.904,167
idmap_r3,cancel,1000,0.905,167
idmap_r3,cancel,1000,0.906,167
idmap_r3,cancel,1000,0.907,208
idmap_r3,cancel,1000,0.908,208
idmap_r3,cancel,1000,0.909,208
idmap_r3,cancel,1000,0.91,208
idmap_r3,cancel,1000,0.911,208
idmap_r3,cancel,1000,0.912,208
idmap_r3,cancel,1000,0.913,208
idmap_r3,cancel,1000,0.914,208
idmap_r3,cancel,1000,0.915,208
idmap_r3,cancel,1000,0.916,208
idmap_r3,cancel,1000,0.917,208
idmap_r3,cancel,1000,0.918,208
idmap_r3,cancel,1000,0.919,208
idmap_r3,cancel,1000,0.92,208
idmap_r3,cancel,1000,0.921,208
idmap_r3,cancel,1000,0.922,208
idmap_r3,cancel,1000,0.923,208
idmap_r3,cancel,1000,0.924,208
idmap_r3,cancel,1000,0.925,208
idmap_r3,cancel,1000,0.926,208
idmap_r3,cancel,1000,0.927,208
idmap_r3,cancel,1000,0.928,208
idmap_r3,cancel,1000,0.929,208
idmap_r3,cancel,1000,0.93,208
idmap_r3,cancel,1000,0.931,208
idmap_r3,cancel,1000,0.932,208
idmap_r3,cancel,1000,0.933,208
idmap_r3,cancel,1000,0.934,208
idmap_r3,cancel,1000,0.935,208
idmap_r3,cancel,1000,0.936,208
idmap_r3,cancel,1000,0.937,208
idmap_r3,cancel,1000,0.938,208
idmap_r3,cancel,1000,0.939,208
idmap_r3,cancel,1000,0.94,208
idmap_r3,cancel,1000,0.941,208
idmap_r3,cancel,1000,0.942,208
idmap_r3,cancel,1000,0.943,208
idmap_r3,cancel,1000,0.944,208
idmap_r3,cancel,1000,0.945,209
idmap_r3,cancel,1000,0.946,209
idmap_r3,cancel,1000,0.947,209
idmap_r3,cancel,1000,0.948,209
idmap_r3,cancel,1000,0.949,209
idmap_r3,cancel,1000,0.95,209
idmap_r3,cancel,1000,0.951,209
idmap_r3,cancel,1000,0.952,209
idmap_r3,cancel,1000,0.953,209
idmap_r3,cancel,1000,0.954,209
idmap_r3,cancel,1000,0.955,209
idmap_r3,cancel,1000,0.956,209
idmap_r3,cancel,1000,0.957,209
idmap_r3,cancel,1000,0.958,209
idmap_r3,cancel,1000,0.959,209
idmap_r3,cancel,1000,0.96,209
idmap_r3,cancel,1000,0.961,209
idmap_r3,cancel,1000,0.962,209
idmap_r3,cancel,1000,0.963,209
idmap_r3,cancel,1000,0.964,209
idmap_r3,cancel,1000,0.965,250
idmap_r3,cancel,1000,0.966,250
idmap_r3,cancel,1000,0.967,250
idmap_r3,cancel,1000,0.968,250
idmap_r3,cancel,1000,0.969,250
idmap_r3,cancel,1000,0.97,250
idmap_r3,cancel,1000,0.971,250
idmap_r3,cancel,1000,0.972,250
idmap_r3,cancel,1000,0.973,250
idmap_r3,cancel,1000,0.974,250
idmap_r3,cancel,1000,0.975,250
idmap_r3,cancel,1000,0.976,250
idmap_r3,cancel,1000,0.977,250
idmap_r3,cancel,1000,0.978,250
idmap_r3,cancel,1000,0.979,250
idmap_r3,cancel,1000,0.98,250
idmap_r3,cancel,1000,0.981,291
idmap_r3,cancel,1000,0.982,291
idmap_r3,cancel,1000,0.983,292
idmap_r3,cancel,1000,0.984,292
idmap_r3,cancel,1000,0.985,292
idmap_r3,cancel,1000,0.986,292
idmap_r3,cancel,1000,0.987,292
idmap_r3,cancel,1000,0.988,333
idmap_r3,cancel,1000,0.989,333
idmap_r3,cancel,1000,0.99,333
idmap_r3,cancel,1000,0.991,334
idmap_r3,cancel,1000,0.992,375
idmap_r3,cancel,1000,0.993,375
idmap_r3,cancel,1000,0.994,416
idmap_r3,cancel,1000,0.995,417
idmap_r3,cancel,1000,0.996,459
idmap_r3,cancel,1000,0.997,541
idmap_r3,cancel,1000,0.998,625
idmap_r3,cancel,1000,0.999,875
idmap_r3,match,1000,0,0
idmap_r3,match,1000,0.001,0
idmap_r3,match,1000,0.002,0
idmap_r3,match,1000,0.003,0
idmap_r3,match,1000,0.004,0
idmap_r3,match,1000,0.005,0
idmap_r3,match,1000,0.006,0
idmap_r3,match,1000,0.007,0
idmap_r3,match,1000,0.008,0
idmap_r3,match,1000,0.009,0
idmap_r3,match,1000,0.01,0
idmap_r3,match,1000,0.011,0
idmap_r3,match,1000,0.012,0
idmap_r3,match,1000,0.013,0
idmap_r3,match,1000,0.014,0
idmap_r3,match,1000,0.015,41
idmap_r3,match,1000,0.016,41
idmap_r3,match,1000,0.017,41
idmap_r3,match,1000,0.018,41
idmap_r3,match,1000,0.019,41
idmap_r3,match,1000,0.02,41
idmap_r3,match,1000,0.021,41
idmap_r3,match,1000,0.022,41
idmap_r3,match,1000,0.023,41
idmap_r3,match,1000,0.024,41
idmap_r3,match,1000,0.025,41
idmap_r3,match,1000,0.026,41
idmap_r3,match,1000,0.027,41
idmap_r3,match,1000,0.028,41
idmap_r3,match,1000,0.029,41
idmap_r3,match,1000,0.03,41
idmap_r3,match,1000,0.031,41
idmap_r3,match,1000,0.032,41
idmap_r3,match,1000,0.033,41
idmap_r3,match,1000,0.034,41
idmap_r3,match,1000,0.035,41
idmap_r3,match,1000,0.036,41
idmap_r3,match,1000,0.037,41
idmap_r3,match,1000,0.038,41
idmap_r3,match,1000,0.039,41
idmap_r3,match,1000,0.04,41
idmap_r3,match,1000,0.041,41
idmap_r3,match,1000,0.042,41
idmap_r3,match,1000,0.043,41
idmap_r3,match,1000,0.044,41
idmap_r3,match,1000,0.045,41
idmap_r3,match,1000,0.046,41
idmap_r3,match,1000,0.047,41
idmap_r3,match,1000,0.048,41
idmap_r3,match,1000,0.049,41
idmap_r3,match,1000,0.05,41
idmap_r3,match,1000,0.051,41
idmap_r3,match,1000,0.052,41
idmap_r3,match,1000,0.053,41
idmap_r3,match,1000,0.054,41
idmap_r3,match,1000,0.055,41
idmap_r3,match,1000,0.056,41
idmap_r3,match,1000,0.057,41
idmap_r3,match,1000,0.058,41
idmap_r3,match,1000,0.059,41
idmap_r3,match,1000,0.06,41
idmap_r3,match,1000,0.061,41
idmap_r3,match,1000,0.062,41
idmap_r3,match,1000,0.063,41
idmap_r3,match,1000,0.064,41
idmap_r3,match,1000,0.065,41
idmap_r3,match,1000,0.066,41
idmap_r3,match,1000,0.067,41
idmap_r3,match,1000,0.068,41
idmap_r3,match,1000,0.069,41
idmap_r3,match,1000,0.07,41
idmap_r3,match,1000,0.071,41
idmap_r3,match,1000,0.072,41
idmap_r3,match,1000,0.073,41
idmap_r3,match,1000,0.074,41
idmap_r3,match,1000,0.075,41
idmap_r3,match,1000,0.076,41
idmap_r3,match,1000,0.077,41
idmap_r3,match,1000,0.078,41
idmap_r3,match,1000,0.079,41
idmap_r3,match,1000,0.08,41
idmap_r3,match,1000,0.081,41
idmap_r3,match,1000,0.082,41
idmap_r3,match,1000,0.083,41
idmap_r3,match,1000,0.084,41
idmap_r3,match,1000,0.085,41
idmap_r3,match,1000,0.086,41
idmap_r3,match,1000,0.087,41
idmap_r3,match,1000,0.088,41
idmap_r3,match,1000,0.089,41
idmap_r3,match,1000,0.09,41
idmap_r3,match,1000,0.091,41
idmap_r3,match,1000,0.092,41
idmap_r3,match,1000,0.093,41
idmap_r3,match,1000,0.094,41
idmap_r3,match,1000,0.095,41
idmap_r3,match,1000,0.096,41
idmap_r3,match,1000,0.097,41
idmap_r3,match,1000,0.098,41
idmap_r3,match,1000,0.099,41
idmap_r3,match,1000,0.1,41
idmap_r3,match,1000,0.101,41
idmap_r3,match,1000,0.102,41
idmap_r3,match,1000,0.103,41
idmap_r3,match,1000,0.104,41
idmap_r3,match,1000,0.105,41
idmap_r3,match,1000,0.106,41
idmap_r3,match,1000,0.107,41
idmap_r3,match,1000,0.108,41
idmap_r3,match,1000,0.109,41
idmap_r3,match,1000,0.11,41
idmap_r3,match,1000,0.111,41
idmap_r3,match,1000,0.112,41
idmap_r3,match,1000,0.113,41
idmap_r3,match,1000,0.114,41
idmap_r3,match,1000,0.115,41
idmap_r3,match,1000,0.116,41
idmap_r3,match,1000,0.117,41
idmap_r3,match,1000,0.118,41
idmap_r3,match,1000,0.119,41
idmap_r3,match,1000,0.12,41
idmap_r3,match,1000,0.121,41
idmap_r3,match,1000,0.122,41
idmap_r3,match,1000,0.123,41
idmap_r3,match,1000,0.124,41
idmap_r3,match,1000,0.125,41
idmap_r3,match,1000,0.126,41
idmap_r3,match,1000,0.127,41
idmap_r3,match,1000,0.128,41
idmap_r3,match,1000,0.129,41
idmap_r3,match,1000,0.13,41
idmap_r3,match,1000,0.131,41
idmap_r3,match,1000,0.132,41
idmap_r3,match,1000,0.133,41
idmap_r3,match,1000,0.134,41
idmap_r3,match,1000,0.135,41
idmap_r3,match,1000,0.136,41
idmap_r3,match,1000,0.137,41
idmap_r3,match,1000,0.138,41
idmap_r3,match,1000,0.139,41
idmap_r3,match,1000,0.14,41
idmap_r3,match,1000,0.141,41
idmap_r3,match,1000,0.142,41
idmap_r3,match,1000,0.143,41
idmap_r3,match,1000,0.144,41
idmap_r3,match,1000,0.145,41
idmap_r3,match,1000,0.146,41
idmap_r3,match,1000,0.147,41
idmap_r3,match,1000,0.148,41
idmap_r3,match,1000,0.149,41
idmap_r3,match,1000,0.15,41
idmap_r3,match,1000,0.151,41
idmap_r3,match,1000,0.152,41
idmap_r3,match,1000,0.153,41
idmap_r3,match,1000,0.154,41
idmap_r3,match,1000,0.155,41
idmap_r3,match,1000,0.156,41
idmap_r3,match,1000,0.157,41
idmap_r3,match,1000,0.158,41
idmap_r3,match,1000,0.159,41
idmap_r3,match,1000,0.16,41
idmap_r3,match,1000,0.161,41
idmap_r3,match,1000,0.162,41
idmap_r3,match,1000,0.163,41
idmap_r3,match,1000,0.164,41
idmap_r3,match,1000,0.165,41
idmap_r3,match,1000,0.166,41
idmap_r3,match,1000,0.167,41
idmap_r3,match,1000,0.168,41
idmap_r3,match,1000,0.169,41
idmap_r3,match,1000,0.17,41
idmap_r3,match,1000,0.171,41
idmap_r3,match,1000,0.172,41
idmap_r3,match,1000,0.173,41
idmap_r3,match,1000,0.174,41
idmap_r3,match,1000,0.175,41
idmap_r3,match,1000,0.176,41
idmap_r3,match,1000,0.177,41
idmap_r3,match,1000,0.178,41
idmap_r3,match,1000,0.179,41
idmap_r3,match,1000,0.18,41
idmap_r3,match,1000,0.181,41
idmap_r3,match,1000,0.182,41
idmap_r3,match,1000,0.183,41
idmap_r3,match,1000,0.184,41
idmap_r3,match,1000,0.185,41
idmap_r3,match,1000,0.186,41
idmap_r3,match,1000,0.187,41
idmap_r3,match,1000,0.188,41
idmap_r3,match,1000,0.189,41
idmap_r3,match,1000,0.19,41
idmap_r3,match,1000,0.191,41
idmap_r3,match,1000,0.192,41
idmap_r3,match,1000,0.193,41
idmap_r3,match,1000,0.194,41
idmap_r3,match,1000,0.195,41
idmap_r3,match,1000,0.196,41
idmap_r3,match,1000,0.197,41
idmap_r3,match,1000,0.198,41
idmap_r3,match,1000,0.199,42
idmap_r3,match,1000,0.2,42
idmap_r3,match,1000,0.201,42
idmap_r3,match,1000,0.202,42
idmap_r3,match,1000,0.203,42
idmap_r3,match,1000,0.204,42
idmap_r3,match,1000,0.205,42
idmap_r3,match,1000,0.206,42
idmap_r3,match,1000,0.207,42
idmap_r3,match,1000,0.208,42
idmap_r3,match,1000,0.209,42
idmap_r3,match,1000,0.21,42
idmap_r3,match,1000,0.211,42
idmap_r3,match,1000,0.212,42
idmap_r3,match,1000,0.213,42
idmap_r3,match,1000,0.214,42
idmap_r3,match,1000,0.215,42
idmap_r3,match,1000,0.216,42
idmap_r3,match,1000,0.217,42
idmap_r3,match,1000,0.218,42
idmap_r3,match,1000,0.219,42
idmap_r3,match,1000,0.22,42
idmap_r3,match,1000,0.221,42
idmap_r3,match,1000,0.222,42
idmap_r3,match,1000,0.223,42
idmap_r3,match,1000,0.224,42
idmap_r3,match,1000,0.225,42
idmap_r3,match,1000,0.226,42
idmap_r3,match,1000,0.227,42
idmap_r3,match,1000,0.228,42
idmap_r3,match,1000,0.229,42
idmap_r3,match,1000,0.23,42
idmap_r3,match,1000,0.231,42
idmap_r3,match,1000,0.232,42
idmap_r3,match,1000,0.233,42
idmap_r3,match,1000,0.234,42
idmap_r3,match,1000,0.235,42
idmap_r3,match,1000,0.236,42
idmap_r3,match,1000,0.237,42
idmap_r3,match,1000,0.238,42
idmap_r3,match,1000,0.239,42
idmap_r3,match,1000,0.24,42
idmap_r3,match,1000,0.241,42
idmap_r3,match,1000,0.242,42
idmap_r3,match,1000,0.243,42
idmap_r3,match,1000,0.244,42
idmap_r3,match,1000,0.245,42
idmap_r3,match,1000,0.246,42
idmap_r3,match,1000,0.247,42
idmap_r3,match,1000,0.248,42
idmap_r3,match,1000,0.249,42
idmap_r3,match,1000,0.25,42
idmap_r3,match,1000,0.251,42
idmap_r3,match,1000,0.252,42
idmap_r3,match,1000,0.253,42
idmap_r3,match,1000,0.254,42
idmap_r3,match,1000,0.255,42
idmap_r3,match,1000,0.256,42
idmap_r3,match,1000,0.257,42
idmap_r3,match,1000,0.258,42
idmap_r3,match,1000,0.259,42
idmap_r3,match,1000,0.26,42
idmap_r3,match,1000,0.261,42
idmap_r3,match,1000,0.262,42
idmap_r3,match,1000,0.263,42
idmap_r3,match,1000,0.264,42
idmap_r3,match,1000,0.265,42
idmap_r3,match,1000,0.266,42
idmap_r3,match,1000,0.267,42
idmap_r3,match,1000,0.268,42
idmap_r3,match,1000,0.269,42
idmap_r3,match,1000,0.27,42
idmap_r3,match,1000,0.271,42
idmap_r3,match,1000,0.272,42
idmap_r3,match,1000,0.273,42
idmap_r3,match,1000,0.274,42
idmap_r3,match,1000,0.275,42
idmap_r3,match,1000,0.276,42
idmap_r3,match,1000,0.277,42
idmap_r3,match,1000,0.278,42
idmap_r3,match,1000,0.279,42
idmap_r3,match,1000,0.28,42
idmap_r3,match,1000,0.281,42
idmap_r3,match,1000,0.282,42
idmap_r3,match,1000,0.283,42
idmap_r3,match,1000,0.284,42
idmap_r3,match,1000,0.285,42
idmap_r3,match,1000,0.286,42
idmap_r3,match,1000,0.287,42
idmap_r3,match,1000,0.288,42
idmap_r3,match,1000,0.289,42
idmap_r3,match,1000,0.29,42
idmap_r3,match,1000,0.291,42
idmap_r3,match,1000,0.292,42
idmap_r3,match,1000,0.293,42
idmap_r3,match,1000,0.294,42
idmap_r3,match,1000,0.295,42
idmap_r3,match,1000,0.296,42
idmap_r3,match,1000,0.297,42
idmap_r3,match,1000,0.298,42
idmap_r3,match,1000,0.299,42
idmap_r3,match,1000,0.3,42
idmap_r3,match,1000,0.301,42
idmap_r3,match,1000,0.302,42
idmap_r3,match,1000,0.303,42
idmap_r3,match,1000,0.304,42
idmap_r3,match,1000,0.305,42
idmap_r3,match,1000,0.306,42
idmap_r3,match,1000,0.307,42
idmap_r3,match,1000,0.308,42
idmap_r3,match,1000,0.309,42
idmap_r3,match,1000,0.31,42
idmap_r3,match,1000,0.311,42
idmap_r3,match,1000,0.312,42
idmap_r3,match,1000,0.313,42
idmap_r3,match,1000,0.314,42
idmap_r3,match,1000,0.315,42
idmap_r3,match,1000,0.316,42
idmap_r3,match,1000,0.317,42
idmap_r3,match,1000,0.318,42
idmap_r3,match,1000,0.319,42
idmap_r3,match,1000,0.32,42
idmap_r3,match,1000,0.321,42
idmap_r3,match,1000,0.322,42
idmap_r3,match,1000,0.323,42
idmap_r3,match,1000,0.324,42
idmap_r3,match,1000,0.325,42
idmap_r3,match,1000,0.326,42
idmap_r3,match,1000,0.327,42
idmap_r3,match,1000,0.328,42
idmap_r3,match,1000,0.329,42
idmap_r3,match,1000,0.33,42
idmap_r3,match,1000,0.331,42
idmap_r3,match,1000,0.332,42
idmap_r3,match,1000,0.333,42
idmap_r3,match,1000,0.334,42
idmap_r3,match,1000,0.335,42
idmap_r3,match,1000,0.336,42
idmap_r3,match,1000,0.337,42
idmap_r3,match,1000,0.338,42
idmap_r3,match,1000,0.339,42
idmap_r3,match,1000,0.34,42
idmap_r3,match,1000,0.341,42
idmap_r3,match,1000,0.342,42
idmap_r3,match,1000,0.343,42
idmap_r3,match,1000,0.344,42
idmap_r3,match,1000,0.345,42
idmap_r3,match,1000,0.346,42
idmap_r3,match,1000,0.347,42
idmap_r3,match,1000,0.348,42
idmap_r3,match,1000,0.349,42
idmap_r3,match,1000,0.35,42
idmap_r3,match,1000,0.351,42
idmap_r3,match,1000,0.352,42
idmap_r3,match,1000,0.353,42
idmap_r3,match,1000,0.354,42
idmap_r3,match,1000,0.355,42
idmap_r3,match,1000,0.356,42
idmap_r3,match,1000,0.357,42
idmap_r3,match,1000,0.358,42
idmap_r3,match,1000,0.359,42
idmap_r3,match,1000,0.36,42
idmap_r3,match,1000,0.361,42
idmap_r3,match,1000,0.362,42
idmap_r3,match,1000,0.363,42
idmap_r3,match,1000,0.364,42
idmap_r3,match,1000,0.365,42
idmap_r3,match,1000,0.366,42
idmap_r3,match,1000,0.367,42
idmap_r3,match,1000,0.368,42
idmap_r3,match,1000,0.369,42
idmap_r3,match,1000,0.37,42
idmap_r3,match,1000,0.371,42
idmap_r3,match,1000,0.372,42
idmap_r3,match,1000,0.373,42
idmap_r3,match,1000,0.374,42
idmap_r3,match,1000,0.375,42
idmap_r3,match,1000,0.376,42
idmap_r3,match,1000,0.377,42
idmap_r3,match,1000,0.378,42
idmap_r3,match,1000,0.379,42
idmap_r3,match,1000,0.38,42
idmap_r3,match,1000,0.381,42
idmap_r3,match,1000,0.382,42
idmap_r3,match,1000,0.383,42
idmap_r3,match,1000,0.384,42
idmap_r3,match,1000,0.385,42
idmap_r3,match,1000,0.386,42
idmap_r3,match,1000,0.387,42
idmap_r3,match,1000,0.388,42
idmap_r3,match,1000,0.389,42
idmap_r3,match,1000,0.39,42
idmap_r3,match,1000,0.391,42
idmap_r3,match,1000,0.392,42
idmap_r3,match,1000,0.393,42
idmap_r3,match,1000,0.394,42
idmap_r3,match,1000,0.395,42
idmap_r3,match,1000,0.396,42
idmap_r3,match,1000,0.397,42
idmap_r3,match,1000,0.398,42
idmap_r3,match,1000,0.399,42
idmap_r3,match,1000,0.4,42
idmap_r3,match,1000,0.401,42
idmap_r3,match,1000,0.402,42
idmap_r3,match,1000,0.403,42
idmap_r3,match,1000,0.404,42
idmap_r3,match,1000,0.405,42
idmap_r3,match,1000,0.406,42
idmap_r3,match,1000,0.407,42
idmap_r3,match,1000,0.408,42
idmap_r3,match,1000,0.409,42
idmap_r3,match,1000,0.41,42
idmap_r3,match,1000,0.411,42
idmap_r3,match,1000,0.412,42
idmap_r3,match,1000,0.413,42
idmap_r3,match,1000,0.414,42
idmap_r3,match,1000,0.415,42
idmap_r3,match,1000,0.416,42
idmap_r3,match,1000,0.417,42
idmap_r3,match,1000,0.418,42
idmap_r3,match,1000,0.419,42
idmap_r3,match,1000,0.42,42
idmap_r3,match,1000,0.421,42
idmap_r3,match,1000,0.422,42
idmap_r3,match,1000,0.423,42
idmap_r3,match,1000,0.424,42
idmap_r3,match,1000,0.425,42
idmap_r3,match,1000,0.426,42
idmap_r3,match,1000,0.427,42
idmap_r3,match,1000,0.428,42
idmap_r3,match,1000,0.429,42
idmap_r3,match,1000,0.43,42
idmap_r3,match,1000,0.431,42
idmap_r3,match,1000,0.432,42
idmap_r3,match,1000,0.433,42
idmap_r3,match,1000,0.434,42
idmap_r3,match,1000,0.435,42
idmap_r3,match,1000,0.436,42
idmap_r3,match,1000,0.437,42
idmap_r3,match,1000,0.438,42
idmap_r3,match,1000,0.439,42
idmap_r3,match,1000,0.44,42
idmap_r3,match,1000,0.441,42
idmap_r3,match,1000,0.442,42
idmap_r3,match,1000,0.443,42
idmap_r3,match,1000,0.444,42
idmap_r3,match,1000,0.445,42
idmap_r3,match,1000,0.446,42
idmap_r3,match,1000,0.447,42
idmap_r3,match,1000,0.448,42
idmap_r3,match,1000,0.449,42
idmap_r3,match,1000,0.45,42
idmap_r3,match,1000,0.451,42
idmap_r3,match,1000,0.452,42
idmap_r3,match,1000,0.453,42
idmap_r3,match,1000,0.454,42
idmap_r3,match,1000,0.455,42
idmap_r3,match,1000,0.456,42
idmap_r3,match,1000,0.457,42
idmap_r3,match,1000,0.458,42
idmap_r3,match,1000,0.459,42
idmap_r3,match,1000,0.46,42
idmap_r3,match,1000,0.461,42
idmap_r3,match,1000,0.462,42
idmap_r3,match,1000,0.463,42
idmap_r3,match,1000,0.464,42
idmap_r3,match,1000,0.465,42
idmap_r3,match,1000,0.466,42
idmap_r3,match,1000,0.467,42
idmap_r3,match,1000,0.468,42
idmap_r3,match,1000,0.469,42
idmap_r3,match,1000,0.47,42
idmap_r3,match,1000,0.471,42
idmap_r3,match,1000,0.472,42
idmap_r3,match,1000,0.473,42
idmap_r3,match,1000,0.474,42
idmap_r3,match,1000,0.475,42
idmap_r3,match,1000,0.476,42
idmap_r3,match,1000,0.477,42
idmap_r3,match,1000,0.478,42
idmap_r3,match,1000,0.479,42
idmap_r3,match,1000,0.48,42
idmap_r3,match,1000,0.481,42
idmap_r3,match,1000,0.482,42
idmap_r3,match,1000,0.483,42
idmap_r3,match,1000,0.484,42
idmap_r3,match,1000,0.485,42
idmap_r3,match,1000,0.486,42
idmap_r3,match,1000,0.487,42
idmap_r3,match,1000,0.488,42
idmap_r3,match,1000,0.489,42
idmap_r3,match,1000,0.49,42
idmap_r3,match,1000,0.491,42
idmap_r3,match,1000,0.492,42
idmap_r3,match,1000,0.493,42
idmap_r3,match,1000,0.494,42
idmap_r3,match,1000,0.495,42
idmap_r3,match,1000,0.496,42
idmap_r3,match,1000,0.497,42
idmap_r3,match,1000,0.498,42
idmap_r3,match,1000,0.499,42
idmap_r3,match,1000,0.5,42
idmap_r3,match,1000,0.501,42
idmap_r3,match,1000,0.502,42
idmap_r3,match,1000,0.503,42
idmap_r3,match,1000,0.504,42
idmap_r3,match,1000,0.505,42
idmap_r3,match,1000,0.506,42
idmap_r3,match,1000,0.507,42
idmap_r3,match,1000,0.508,42
idmap_r3,match,1000,0.509,42
idmap_r3,match,1000,0.51,42
idmap_r3,match,1000,0.511,42
idmap_r3,match,1000,0.512,42
idmap_r3,match,1000,0.513,42
idmap_r3,match,1000,0.514,42
idmap_r3,match,1000,0.515,42
idmap_r3,match,1000,0.516,42
idmap_r3,match,1000,0.517,42
idmap_r3,match,1000,0.518,42
idmap_r3,match,1000,0.519,42
idmap_r3,match,1000,0.52,42
idmap_r3,match,1000,0.521,42
idmap_r3,match,1000,0.522,42
idmap_r3,match,1000,0.523,42
idmap_r3,match,1000,0.524,42
idmap_r3,match,1000,0.525,42
idmap_r3,match,1000,0.526,42
idmap_r3,match,1000,0.527,42
idmap_r3,match,1000,0.528,42
idmap_r3,match,1000,0.529,42
idmap_r3,match,1000,0.53,42
idmap_r3,match,1000,0.531,42
idmap_r3,match,1000,0.532,42
idmap_r3,match,1000,0.533,42
idmap_r3,match,1000,0.534,42
idmap_r3,match,1000,0.535,42
idmap_r3,match,1000,0.536,42
idmap_r3,match,1000,0.537,42
idmap_r3,match,1000,0.538,42
idmap_r3,match,1000,0.539,42
idmap_r3,match,1000,0.54,42
idmap_r3,match,1000,0.541,42
idmap_r3,match,1000,0.542,42
idmap_r3,match,1000,0.543,42
idmap_r3,match,1000,0.544,42
idmap_r3,match,1000,0.545,42
idmap_r3,match,1000,0.546,42
idmap_r3,match,1000,0.547,42
idmap_r3,match,1000,0.548,42
idmap_r3,match,1000,0.549,42
idmap_r3,match,1000,0.55,42
idmap_r3,match,1000,0.551,42
idmap_r3,match,1000,0.552,42
idmap_r3,match,1000,0.553,42
idmap_r3,match,1000,0.554,42
idmap_r3,match,1000,0.555,42
idmap_r3,match,1000,0.556,42
idmap_r3,match,1000,0.557,42
idmap_r3,match,1000,0.558,42
idmap_r3,match,1000,0.559,42
idmap_r3,match,1000,0.56,42
idmap_r3,match,1000,0.561,42
idmap_r3,match,1000,0.562,42
idmap_r3,match,1000,0.563,42
idmap_r3,match,1000,0.564,83
idmap_r3,match,1000,0.565,83
idmap_r3,match,1000,0.566,83
idmap_r3,match,1000,0.567,83
idmap_r3,match,1000,0.568,83
idmap_r3,match,1000,0.569,83
idmap_r3,match,1000,0.57,83
idmap_r3,match,1000,0.571,83
idmap_r3,match,1000,0.572,83
idmap_r3,match,1000,0.573,83
idmap_r3,match,1000,0.574,83
idmap_r3,match,1000,0.575,83
idmap_r3,match,1000,0.576,83
idmap_r3,match,1000,0.577,83
idmap_r3,match,1000,0.578,83
idmap_r3,match,1000,0.579,83
idmap_r3,match,1000,0.58,83
idmap_r3,match,1000,0.581,83
idmap_r3,match,1000,0.582,83
idmap_r3,match,1000,0.583,83
idmap_r3,match,1000,0.584,83
idmap_r3,match,1000,0.585,83
idmap_r3,match,1000,0.586,83
idmap_r3,match,1000,0.587,83
idmap_r3,match,1000,0.588,83
idmap_r3,match,1000,0.589,83
idmap_r3,match,1000,0.59,83
idmap_r3,match,1000,0.591,83
idmap_r3,match,1000,0.592,83
idmap_r3,match,1000,0.593,83
idmap_r3,match,1000,0.594,83
idmap_r3,match,1000,0.595,83
idmap_r3,match,1000,0.596,83
idmap_r3,match,1000,0.597,83
idmap_r3,match,1000,0.598,83
idmap_r3,match,1000,0.599,83
idmap_r3,match,1000,0.6,83
idmap_r3,match,1000,0.601,83
idmap_r3,match,1000,0.602,83
idmap_r3,match,1000,0.603,83
idmap_r3,match,1000,0.604,83
idmap_r3,match,1000,0.605,83
idmap_r3,match,1000,0.606,83
idmap_r3,match,1000,0.607,83
idmap_r3,match,1000,0.608,83
idmap_r3,match,1000,0.609,83
idmap_r3,match,1000,0.61,83
idmap_r3,match,1000,0.611,83
idmap_r3,match,1000,0.612,83
idmap_r3,match,1000,0.613,83
idmap_r3,match,1000,0.614,83
idmap_r3,match,1000,0.615,83
idmap_r3,match,1000,0.616,83
idmap_r3,match,1000,0.617,83
idmap_r3,match,1000,0.618,83
idmap_r3,match,1000,0.619,83
idmap_r3,match,1000,0.62,83
idmap_r3,match,1000,0.621,83
idmap_r3,match,1000,0.622,83
idmap_r3,match,1000,0.623,83
idmap_r3,match,1000,0.624,83
idmap_r3,match,1000,0.625,83
idmap_r3,match,1000,0.626,83
idmap_r3,match,1000,0.627,83
idmap_r3,match,1000,0.628,83
idmap_r3,match,1000,0.629,83
idmap_r3,match,1000,0.63,83
idmap_r3,match,1000,0.631,83
idmap_r3,match,1000,0.632,83
idmap_r3,match,1000,0.633,83
idmap_r3,match,1000,0.634,83
idmap_r3,match,1000,0.635,83
idmap_r3,match,1000,0.636,83
idmap_r3,match,1000,0.637,83
idmap_r3,match,1000,0.638,83
idmap_r3,match,1000,0.639,83
idmap_r3,match,1000,0.64,83
idmap_r3,match,1000,0.641,83
idmap_r3,match,1000,0.642,83
idmap_r3,match,1000,0.643,83
idmap_r3,match,1000,0.644,83
idmap_r3,match,1000,0.645,83
idmap_r3,match,1000,0.646,83
idmap_r3,match,1000,0.647,83
idmap_r3,match,1000,0.648,83
idmap_r3,match,1000,0.649,83
idmap_r3,match,1000,0.65,83
idmap_r3,match,1000,0.651,83
idmap_r3,match,1000,0.652,83
idmap_r3,match,1000,0.653,83
idmap_r3,match,1000,0.654,83
idmap_r3,match,1000,0.655,83
idmap_r3,match,1000,0.656,83
idmap_r3,match,1000,0.657,83
idmap_r3,match,1000,0.658,83
idmap_r3,match,1000,0.659,83
idmap_r3,match,1000,0.66,83
idmap_r3,match,1000,0.661,83
idmap_r3,match,1000,0.662,83
idmap_r3,match,1000,0.663,83
idmap_r3,match,1000,0.664,83
idmap_r3,match,1000,0.665,83
idmap_r3,match,1000,0.666,83
idmap_r3,match,1000,0.667,83
idmap_r3,match,1000,0.668,83
idmap_r3,match,1000,0.669,83
idmap_r3,match,1000,0.67,83
idmap_r3,match,1000,0.671,83
idmap_r3,match,1000,0.672,83
idmap_r3,match,1000,0.673,83
idmap_r3,match,1000,0.674,83
idmap_r3,match,1000,0.675,83
idmap_r3,match,1000,0.676,83
idmap_r3,match,1000,0.677,83
idmap_r3,match,1000,0.678,83
idmap_r3,match,1000,0.679,83
idmap_r3,match,1000,0.68,83
idmap_r3,match,1000,0.681,83
idmap_r3,match,1000,0.682,83
idmap_r3,match,1000,0.683,83
idmap_r3,match,1000,0.684,83
idmap_r3,match,1000,0.685,83
idmap_r3,match,1000,0.686,83
idmap_r3,match,1000,0.687,83
idmap_r3,match,1000,0.688,83
idmap_r3,match,1000,0.689,83
idmap_r3,match,1000,0.69,83
idmap_r3,match,1000,0.691,83
idmap_r3,match,1000,0.692,83
idmap_r3,match,1000,0.693,83
idmap_r3,match,1000,0.694,83
idmap_r3,match,1000,0.695,83
idmap_r3,match,1000,0.696,83
idmap_r3,match,1000,0.697,83
idmap_r3,match,1000,0.698,83
idmap_r3,match,1000,0.699,83
idmap_r3,match,1000,0.7,83
idmap_r3,match,1000,0.701,83
idmap_r3,match,1000,0.702,83
idmap_r3,match,1000,0.703,83
idmap_r3,match,1000,0.704,83
idmap_r3,match,1000,0.705,83
idmap_r3,match,1000,0.706,83
idmap_r3,match,1000,0.707,83
idmap_r3,match,1000,0.708,83
idmap_r3,match,1000,0.709,83
idmap_r3,match,1000,0.71,83
idmap_r3,match,1000,0.711,83
idmap_r3,match,1000,0.712,83
idmap_r3,match,1000,0.713,83
idmap_r3,match,1000,0.714,83
idmap_r3,match,1000,0.715,83
idmap_r3,match,1000,0.716,83
idmap_r3,match,1000,0.717,83
idmap_r3,match,1000,0.718,83
idmap_r3,match,1000,0.719,83
idmap_r3,match,1000,0.72,83
idmap_r3,match,1000,0.721,83
idmap_r3,match,1000,0.722,83
idmap_r3,match,1000,0.723,83
idmap_r3,match,1000,0.724,83
idmap_r3,match,1000,0.725,83
idmap_r3,match,1000,0.726,83
idmap_r3,match,1000,0.727,83
idmap_r3,match,1000,0.728,83
idmap_r3,match,1000,0.729,83
idmap_r3,match,1000,0.73,83
idmap_r3,match,1000,0.731,83
idmap_r3,match,1000,0.732,83
idmap_r3,match,1000,0.733,83
idmap_r3,match,1000,0.734,83
idmap_r3,match,1000,0.735,83
idmap_r3,match,1000,0.736,83
idmap_r3,match,1000,0.737,83
idmap_r3,match,1000,0.738,83
idmap_r3,match,1000,0.739,83
idmap_r3,match,1000,0.74,83
idmap_r3,match,1000,0.741,83
idmap_r3,match,1000,0.742,83
idmap_r3,match,1000,0.743,83
idmap_r3,match,1000,0.744,83
idmap_r3,match,1000,0.745,83
idmap_r3,match,1000,0.746,83
idmap_r3,match,1000,0.747,83
idmap_r3,match,1000,0.748,83
idmap_r3,match,1000,0.749,83
idmap_r3,match,1000,0.75,83
idmap_r3,match,1000,0.751,83
idmap_r3,match,1000,0.752,83
idmap_r3,match,1000,0.753,83
idmap_r3,match,1000,0.754,83
idmap_r3,match,1000,0.755,83
idmap_r3,match,1000,0.756,83
idmap_r3,match,1000,0.757,83
idmap_r3,match,1000,0.758,83
idmap_r3,match,1000,0.759,83
idmap_r3,match,1000,0.76,83
idmap_r3,match,1000,0.761,83
idmap_r3,match,1000,0.762,83
idmap_r3,match,1000,0.763,83
idmap_r3,match,1000,0.764,83
idmap_r3,match,1000,0.765,83
idmap_r3,match,1000,0.766,83
idmap_r3,match,1000,0.767,83
idmap_r3,match,1000,0.768,83
idmap_r3,match,1000,0.769,83
idmap_r3,match,1000,0.77,83
idmap_r3,match,1000,0.771,83
idmap_r3,match,1000,0.772,83
idmap_r3,match,1000,0.773,83
idmap_r3,match,1000,0.774,83
idmap_r3,match,1000,0.775,83
idmap_r3,match,1000,0.776,83
idmap_r3,match,1000,0.777,83
idmap_r3,match,1000,0.778,83
idmap_r3,match,1000,0.779,83
idmap_r3,match,1000,0.78,83
idmap_r3,match,1000,0.781,83
idmap_r3,match,1000,0.782,83
idmap_r3,match,1000,0.783,83
idmap_r3,match,1000,0.784,83
idmap_r3,match,1000,0.785,83
idmap_r3,match,1000,0.786,83
idmap_r3,match,1000,0.787,83
idmap_r3,match,1000,0.788,83
idmap_r3,match,1000,0.789,83
idmap_r3,match,1000,0.79,83
idmap_r3,match,1000,0.791,83
idmap_r3,match,1000,0.792,83
idmap_r3,match,1000,0.793,83
idmap_r3,match,1000,0.794,83
idmap_r3,match,1000,0.795,83
idmap_r3,match,1000,0.796,83
idmap_r3,match,1000,0.797,83
idmap_r3,match,1000,0.798,84
idmap_r3,match,1000,0.799,84
idmap_r3,match,1000,0.8,84
idmap_r3,match,1000,0.801,84
idmap_r3,match,1000,0.802,84
idmap_r3,match,1000,0.803,84
idmap_r3,match,1000,0.804,84
idmap_r3,match,1000,0.805,84
idmap_r3,match,1000,0.806,84
idmap_r3,match,1000,0.807,84
idmap_r3,match,1000,0.808,84
idmap_r3,match,1000,0.809,84
idmap_r3,match,1000,0.81,84
idmap_r3,match,1000,0.811,84
idmap_r3,match,1000,0.812,84
idmap_r3,match,1000,0.813,84
idmap_r3,match,1000,0.814,84
idmap_r3,match,1000,0.815,84
idmap_r3,match,1000,0.816,84
idmap_r3,match,1000,0.817,84
idmap_r3,match,1000,0.818,84
idmap_r3,match,1000,0.819,84
idmap_r3,match,1000,0.82,84
idmap_r3,match,1000,0.821,84
idmap_r3,match,1000,0.822,84
idmap_r3,match,1000,0.823,84
idmap_r3,match,1000,0.824,84
idmap_r3,match,1000,0.825,84
idmap_r3,match,1000,0.826,84
idmap_r3,match,1000,0.827,84
idmap_r3,match,1000,0.828,84
idmap_r3,match,1000,0.829,84
idmap_r3,match,1000,0.83,84
idmap_r3,match,1000,0.831,84
idmap_r3,match,1000,0.832,84
idmap_r3,match,1000,0.833,84
idmap_r3,match,1000,0.834,84
idmap_r3,match,1000,0.835,84
idmap_r3,match,1000,0.836,84
idmap_r3,match,1000,0.837,84
idmap_r3,match,1000,0.838,84
idmap_r3,match,1000,0.839,84
idmap_r3,match,1000,0.84,84
idmap_r3,match,1000,0.841,84
idmap_r3,match,1000,0.842,84
idmap_r3,match,1000,0.843,84
idmap_r3,match,1000,0.844,84
idmap_r3,match,1000,0.845,84
idmap_r3,match,1000,0.846,84
idmap_r3,match,1000,0.847,84
idmap_r3,match,1000,0.848,84
idmap_r3,match,1000,0.849,84
idmap_r3,match,1000,0.85,84
idmap_r3,match,1000,0.851,84
idmap_r3,match,1000,0.852,84
idmap_r3,match,1000,0.853,84
idmap_r3,match,1000,0.854,84
idmap_r3,match,1000,0.855,84
idmap_r3,match,1000,0.856,84
idmap_r3,match,1000,0.857,84
idmap_r3,match,1000,0.858,84
idmap_r3,match,1000,0.859,84
idmap_r3,match,1000,0.86,84
idmap_r3,match,1000,0.861,84
idmap_r3,match,1000,0.862,84
idmap_r3,match,1000,0.863,84
idmap_r3,match,1000,0.864,84
idmap_r3,match,1000,0.865,84
idmap_r3,match,1000,0.866,84
idmap_r3,match,1000,0.867,84
idmap_r3,match,1000,0.868,84
idmap_r3,match,1000,0.869,84
idmap_r3,match,1000,0.87,84
idmap_r3,match,1000,0.871,84
idmap_r3,match,1000,0.872,84
idmap_r3,match,1000,0.873,84
idmap_r3,match,1000,0.874,84
idmap_r3,match,1000,0.875,84
idmap_r3,match,1000,0.876,84
idmap_r3,match,1000,0.877,84
idmap_r3,match,1000,0.878,84
idmap_r3,match,1000,0.879,84
idmap_r3,match,1000,0.88,84
idmap_r3,match,1000,0.881,84
idmap_r3,match,1000,0.882,84
idmap_r3,match,1000,0.883,84
idmap_r3,match,1000,0.884,84
idmap_r3,match,1000,0.885,84
idmap_r3,match,1000,0.886,84
idmap_r3,match,1000,0.887,84
idmap_r3,match,1000,0.888,84
idmap_r3,match,1000,0.889,84
idmap_r3,match,1000,0.89,84
idmap_r3,match,1000,0.891,84
idmap_r3,match,1000,0.892,84
idmap_r3,match,1000,0.893,84
idmap_r3,match,1000,0.894,84
idmap_r3,match,1000,0.895,84
idmap_r3,match,1000,0.896,84
idmap_r3,match,1000,0.897,84
idmap_r3,match,1000,0.898,84
idmap_r3,match,1000,0.899,84
idmap_r3,match,1000,0.9,84
idmap_r3,match,1000,0.901,84
idmap_r3,match,1000,0.902,84
idmap_r3,match,1000,0.903,84
idmap_r3,match,1000,0.904,84
idmap_r3,match,1000,0.905,84
idmap_r3,match,1000,0.906,84
idmap_r3,match,1000,0.907,84
idmap_r3,match,1000,0.908,84
idmap_r3,match,1000,0.909,84
idmap_r3,match,1000,0.91,84
idmap_r3,match,1000,0.911,84
idmap_r3,match,1000,0.912,84
idmap_r3,match,1000,0.913,84
idmap_r3,match,1000,0.914,125
idmap_r3,match,1000,0.915,125
idmap_r3,match,1000,0.916,125
idmap_r3,match,1000,0.917,125
idmap_r3,match,1000,0.918,125
idmap_r3,match,1000,0.919,125
idmap_r3,match,1000,0.92,125
idmap_r3,match,1000,0.921,125
idmap_r3,match,1000,0.922,125
idmap_r3,match,1000,0.923,125
idmap_r3,match,1000,0.924,125
idmap_r3,match,1000,0.925,125
idmap_r3,match,1000,0.926,125
idmap_r3,match,1000,0.927,125
idmap_r3,match,1000,0.928,125
idmap_r3,match,1000,0.929,125
idmap_r3,match,1000,0.93,125
idmap_r3,match,1000,0.931,125
idmap_r3,match,1000,0.932,125
idmap_r3,match,1000,0.933,125
idmap_r3,match,1000,0.934,125
idmap_r3,match,1000,0.935,125
idmap_r3,match,1000,0.936,125
idmap_r3,match,1000,0.937,125
idmap_r3,match,1000,0.938,125
idmap_r3,match,1000,0.939,125
idmap_r3,match,1000,0.94,125
idmap_r3,match,1000,0.941,125
idmap_r3,match,1000,0.942,125
idmap_r3,match,1000,0.943,125
idmap_r3,match,1000,0.944,125
idmap_r3,match,1000,0.945,125
idmap_r3,match,1000,0.946,125
idmap_r3,match,1000,0.947,125
idmap_r3,match,1000,0.948,125
idmap_r3,match,1000,0.949,125
idmap_r3,match,1000,0.95,125
idmap_r3,match,1000,0.951,125
idmap_r3,match,1000,0.952,125
idmap_r3,match,1000,0.953,125
idmap_r3,match,1000,0.954,125
idmap_r3,match,1000,0.955,125
idmap_r3,match,1000,0.956,125
idmap_r3,match,1000,0.957,125
idmap_r3,match,1000,0.958,125
idmap_r3,match,1000,0.959,125
idmap_r3,match,1000,0.96,166
idmap_r3,match,1000,0.961,166
idmap_r3,match,1000,0.962,166
idmap_r3,match,1000,0.963,166
idmap_r3,match,1000,0.964,166
idmap_r3,match,1000,0.965,166
idmap_r3,match,1000,0.966,167
idmap_r3,match,1000,0.967,167
idmap_r3,match,1000,0.968,167
idmap_r3,match,1000,0.969,167
idmap_r3,match,1000,0.97,167
idmap_r3,match,1000,0.971,167
idmap_r3,match,1000,0.972,167
idmap_r3,match,1000,0.973,167
idmap_r3,match,1000,0.974,167
idmap_r3,match,1000,0.975,167
idmap_r3,match,1000,0.976,167
idmap_r3,match,1000,0.977,167
idmap_r3,match,1000,0.978,167
idmap_r3,match,1000,0.979,167
idmap_r3,match,1000,0.98,208
idmap_r3,match,1000,0.981,208
idmap_r3,match,1000,0.982,208
idmap_r3,match,1000,0.983,208
idmap_r3,match,1000,0.984,208
idmap_r3,match,1000,0.985,208
idmap_r3,match,1000,0.986,209
idmap_r3,match,1000,0.987,209
idmap_r3,match,1000,0.988,209
idmap_r3,match,1000,0.989,250
idmap_r3,match,1000,0.99,250
idmap_r3,match,1000,0.991,250
idmap_r3,match,1000,0.992,250
idmap_r3,match,1000,0.993,291
idmap_r3,match,1000,0.994,292
idmap_r3,match,1000,0.995,333
idmap_r3,match,1000,0.996,375
idmap_r3,match,1000,0.997,417
idmap_r3,match,1000,0.998,500
idmap_r3,match,1000,0.999,750
idmap_r3,add,10000,0,0
idmap_r3,add,10000,0.001,0
idmap_r3,add,10000,0.002,0
idmap_r3,add,10000,0.003,41
idmap_r3,add,10000,0.004,41
idmap_r3,add,10000,0.005,41
idmap_r3,add,10000,0.006,41
idmap_r3,add,10000,0.007,41
idmap_r3,add,10000,0.008,41
idmap_r3,add,10000,0.009,41
idmap_r3,add,10000,0.01,41
idmap_r3,add,10000,0.011,41
idmap_r3,add,10000,0.012,41
idmap_r3,add,10000,0.013,41
idmap_r3,add,10000,0.014,41
idmap_r3,add,10000,0.015,41
idmap_r3,add,10000,0.016,41
idmap_r3,add,10000,0.017,41
idmap_r3,add,10000,0.018,41
idmap_r3,add,10000,0.019,41
idmap_r3,add,10000,0.02,41
idmap_r3,add,10000,0.021,41
idmap_r3,add,10000,0.022,41
idmap_r3,add,10000,0.023,41
idmap_r3,add,10000,0.024,41
idmap_r3,add,10000,0.025,41
idmap_r3,add,10000,0.026,41
idmap_r3,add,10000,0.027,41
idmap_r3,add,10000,0.028,41
idmap_r3,add,10000,0.029,41
idmap_r3,add,10000,0.03,41
idmap_r3,add,10000,0.031,41
idmap_r3,add,10000,0.032,42
idmap_r3,add,10000,0.033,42
idmap_r3,add,10000,0.034,42
idmap_r3,add,10000,0.035,42
idmap_r3,add,10000,0.036,42
idmap_r3,add,10000,0.037,42
idmap_r3,add,10000,0.038,42
idmap_r3,add,10000,0.039,42
idmap_r3,add,10000,0.04,42
idmap_r3,add,10000,0.041,42
idmap_r3,add,10000,0.042,42
idmap_r3,add,10000,0.043,42
idmap_r3,add,10000,0.044,42
idmap_r3,add,10000,0.045,42
idmap_r3,add,10000,0.046,42
idmap_r3,add,10000,0.047,42
idmap_r3,add,10000,0.048,42
idmap_r3,add,10000,0.049,42
idmap_r3,add,10000,0.05,42
idmap_r3,add,10000,0.051,42
idmap_r3,add,10000,0.052,42
idmap_r3,add,10000,0.053,42
idmap_r3,add,10000,0.054,42
idmap_r3,add,10000,0.055,42
idmap_r3,add,10000,0.056,42
idmap_r3,add,10000,0.057,42
idmap_r3,add,10000,0.058,42
idmap_r3,add,10000,0.059,42
idmap_r3,add,10000,0.06,42
idmap_r3,add,10000,0.061,42
idmap_r3,add,10000,0.062,42
idmap_r3,add,10000,0.063,42
idmap_r3,add,10000,0.064,42
idmap_r3,add,10000,0.065,42
idmap_r3,add,10000,0.066,42
idmap_r3,add,10000,0.067,42
idmap_r3,add,10000,0.068,42
idmap_r3,add,10000,0.069,42
idmap_r3,add,10000,0.07,42
idmap_r3,add,10000,0.071,42
idmap_r3,add,10000,0.072,42
idmap_r3,add,10000,0.073,42
idmap_r3,add,10000,0.074,42
idmap_r3,add,10000,0.075,42
idmap_r3,add,10000,0.076,42
idmap_r3,add,10000,0.077,42
idmap_r3,add,10000,0.078,42
idmap_r3,add,10000,0.079,42
idmap_r3,add,10000,0.08,42
idmap_r3,add,10000,0.081,42
idmap_r3,add,10000,0.082,42
idmap_r3,add,10000,0.083,42
idmap_r3,add,10000,0.084,42
idmap_r3,add,10000,0.085,42
idmap_r3,add,10000,0.086,42
idmap_r3,add,10000,0.087,42
idmap_r3,add,10000,0.088,42
idmap_r3,add,10000,0.089,42
idmap_r3,add,10000,0.09,42
idmap_r3,add,10000,0.091,42
idmap_r3,add,10000,0.092,83
idmap_r3,add,10000,0.093,83
idmap_r3,add,10000,0.094,83
idmap_r3,add,10000,0.095,83
idmap_r3,add,10000,0.096,83
idmap_r3,add,10000,0.097,83
idmap_r3,add,10000,0.098,83
idmap_r3,add,10000,0.099,83
idmap_r3,add,10000,0.1,83
idmap_r3,add,10000,0.101,83
idmap_r3,add,10000,0.102,83
idmap_r3,add,10000,0.103,83
idmap_r3,add,10000,0.104,83
idmap_r3,add,10000,0.105,83
idmap_r3,add,10000,0.106,83
idmap_r3,add,10000,0.107,83
idmap_r3,add,10000,0.108,83
idmap_r3,add,10000,0.109,83
idmap_r3,add,10000,0.11,83
idmap_r3,add,10000,0.111,83
idmap_r3,add,10000,0.112,83
idmap_r3,add,10000,0.113,83
idmap_r3,add,10000,0.114,83
idmap_r3,add,10000,0.115,83
idmap_r3,add,10000,0.116,83
idmap_r3,add,10000,0.117,83
idmap_r3,add,10000,0.118,83
idmap_r3,add,10000,0.119,83
idmap_r3,add,10000,0.12,83
idmap_r3,add,10000,0.121,83
idmap_r3,add,10000,0.122,83
idmap_r3,add,10000,0.123,83
idmap_r3,add,10000,0.124,83
idmap_r3,add,10000,0.125,83
idmap_r3,add,10000,0.126,83
idmap_r3,add,10000,0.127,83
idmap_r3,add,10000,0.128,83
idmap_r3,add,10000,0.129,83
idmap_r3,add,10000,0.13,83
idmap_r3,add,10000,0.131,83
idmap_r3,add,10000,0.132,83
idmap_r3,add,10000,0.133,83
idmap_r3,add,10000,0.134,83
idmap_r3,add,10000,0.135,83
idmap_r3,add,10000,0.136,83
idmap_r3,add,10000,0.137,83
idmap_r3,add,10000,0.138,83
idmap_r3,add,10000,0.139,83
idmap_r3,add,10000,0.14,83
idmap_r3,add,10000,0.141,83
idmap_r3,add,10000,0.142,83
idmap_r3,add,10000,0.143,83
idmap_r3,add,10000,0.144,83
idmap_r3,add,10000,0.145,83
idmap_r3,add,10000,0.146,83
idmap_r3,add,10000,0.147,83
idmap_r3,add,10000,0.148,83
idmap_r3,add,10000,0.149,83
idmap_r3,add,10000,0.15,83
idmap_r3,add,10000,0.151,83
idmap_r3,add,10000,0.152,83
idmap_r3,add,10000,0.153,83
idmap_r3,add,10000,0.154,83
idmap_r3,add,10000,0.155,83
idmap_r3,add,10000,0.156,83
idmap_r3,add,10000,0.157,83
idmap_r3,add,10000,0.158,83
idmap_r3,add,10000,0.159,83
idmap_r3,add,10000,0.16,83
idmap_r3,add,10000,0.161,83
idmap_r3,add,10000,0.162,83
idmap_r3,add,10000,0.163,83
idmap_r3,add,10000,0.164,83
idmap_r3,add,10000,0.165,83
idmap_r3,add,10000,0.166,83
idmap_r3,add,10000,0.167,83
idmap_r3,add,10000,0.168,83
idmap_r3,add,10000,0.169,83
idmap_r3,add,10000,0.17,83
idmap_r3,add,10000,0.171,83
idmap_r3,add,10000,0.172,83
idmap_r3,add,10000,0.173,83
idmap_r3,add,10000,0.174,83
idmap_r3,add,10000,0.175,83
idmap_r3,add,10000,0.176,83
idmap_r3,add,10000,0.177,83
idmap_r3,add,10000,0.178,83
idmap_r3,add,10000,0.179,83
idmap_r3,add,10000,0.18,83
idmap_r3,add,10000,0.181,83
idmap_r3,add,10000,0.182,83
idmap_r3,add,10000,0.183,83
idmap_r3,add,10000,0.184,83
idmap_r3,add,10000,0.185,83
idmap_r3,add,10000,0.186,83
idmap_r3,add,10000,0.187,83
idmap_r3,add,10000,0.188,83
idmap_r3,add,10000,0.189,83
idmap_r3,add,10000,0.19,83
idmap_r3,add,10000,0.191,83
idmap_r3,add,10000,0.192,83
idmap_r3,add,10000,0.193,83
idmap_r3,add,10000,0.194,83
idmap_r3,add,10000,0.195,83
idmap_r3,add,10000,0.196,83
idmap_r3,add,10000,0.197,83
idmap_r3,add,10000,0.198,83
idmap_r3,add,10000,0.199,83
idmap_r3,add,10000,0.2,83
idmap_r3,add,10000,0.201,83
idmap_r3,add,10000,0.202,83
idmap_r3,add,10000,0.203,83
idmap_r3,add,10000,0.204,83
idmap_r3,add,10000,0.205,83
idmap_r3,add,10000,0.206,83
idmap_r3,add,10000,0.207,83
idmap_r3,add,10000,0.208,83
idmap_r3,add,10000,0.209,83
idmap_r3,add,10000,0.21,83
idmap_r3,add,10000,0.211,83
idmap_r3,add,10000,0.212,83
idmap_r3,add,10000,0.213,83
idmap_r3,add,10000,0.214,83
idmap_r3,add,10000,0.215,83
idmap_r3,add,10000,0.216,83
idmap_r3,add,10000,0.217,83
idmap_r3,add,10000,0.218,83
idmap_r3,add,10000,0.219,83
idmap_r3,add,10000,0.22,83
idmap_r3,add,10000,0.221,83
idmap_r3,add,10000,0.222,83
idmap_r3,add,10000,0.223,83
idmap_r3,add,10000,0.224,83
idmap_r3,add,10000,0.225,83
idmap_r3,add,10000,0.226,83
idmap_r3,add,10000,0.227,83
idmap_r3,add,10000,0.228,83
idmap_r3,add,10000,0.229,83
idmap_r3,add,10000,0.23,83
idmap_r3,add,10000,0.231,83
idmap_r3,add,10000,0.232,83
idmap_r3,add,10000,0.233,83
idmap_r3,add,10000,0.234,83
idmap_r3,add,10000,0.235,83
idmap_r3,add,10000,0.236,83
idmap_r3,add,10000,0.237,83
idmap_r3,add,10000,0.238,83
idmap_r3,add,10000,0.239,83
idmap_r3,add,10000,0.24,83
idmap_r3,add,10000,0.241,83
idmap_r3,add,10000,0.242,83
idmap_r3,add,10000,0.243,83
idmap_r3,add,10000,0.244,83
idmap_r3,add,10000,0.245,83
idmap_r3,add,10000,0.246,83
idmap_r3,add,10000,0.247,83
idmap_r3,add,10000,0.248,83
idmap_r3,add,10000,0.249,83
idmap_r3,add,10000,0.25,83
idmap_r3,add,10000,0.251,83
idmap_r3,add,10000,0.252,83
idmap_r3,add,10000,0.253,83
idmap_r3,add,10000,0.254,83
idmap_r3,add,10000,0.255,83
idmap_r3,add,10000,0.256,83
idmap_r3,add,10000,0.257,83
idmap_r3,add,10000,0.258,83
idmap_r3,add,10000,0.259,83
idmap_r3,add,10000,0.26,83
idmap_r3,add,10000,0.261,83
idmap_r3,add,10000,0.262,83
idmap_r3,add,10000,0.263,83
idmap_r3,add,10000,0.264,83
idmap_r3,add,10000,0.265,83
idmap_r3,add,10000,0.266,83
idmap_r3,add,10000,0.267,84
idmap_r3,add,10000,0.268,84
idmap_r3,add,10000,0.269,84
idmap_r3,add,10000,0.27,84
idmap_r3,add,10000,0.271,84
idmap_r3,add,10000,0.272,84
idmap_r3,add,10000,0.273,84
idmap_r3,add,10000,0.274,84
idmap_r3,add,10000,0.275,84
idmap_r3,add,10000,0.276,84
idmap_r3,add,10000,0.277,84
idmap_r3,add,10000,0.278,84
idmap_r3,add,10000,0.279,84
idmap_r3,add,10000,0.28,84
idmap_r3,add,10000,0.281,84
idmap_r3,add,10000,0.282,84
idmap_r3,add,10000,0.283,84
idmap_r3,add,10000,0.284,84
idmap_r3,add,10000,0.285,84
idmap_r3,add,10000,0.286,84
idmap_r3,add,10000,0.287,84
idmap_r3,add,10000,0.288,84
idmap_r3,add,10000,0.289,84
idmap_r3,add,10000,0.29,84
idmap_r3,add,10000,0.291,84
idmap_r3,add,10000,0.292,84
idmap_r3,add,10000,0.293,84
idmap_r3,add,10000,0.294,84
idmap_r3,add,10000,0.295,84
idmap_r3,add,10000,0.296,84
idmap_r3,add,10000,0.297,84
idmap_r3,add,10000,0.298,84
idmap_r3,add,10000,0.299,84
idmap_r3,add,10000,0.3,84
idmap_r3,add,10000,0.301,84
idmap_r3,add,10000,0.302,84
idmap_r3,add,10000,0.303,84
idmap_r3,add,10000,0.304,84
idmap_r3,add,10000,0.305,84
idmap_r3,add,10000,0.306,84
idmap_r3,add,10000,0.307,84
idmap_r3,add,10000,0.308,84
idmap_r3,add,10000,0.309,84
idmap_r3,add,10000,0.31,84
idmap_r3,add,10000,0.311,84
idmap_r3,add,10000,0.312,84
idmap_r3,add,10000,0.313,84
idmap_r3,add,10000,0.314,84
idmap_r3,add,10000,0.315,84
idmap_r3,add,10000,0.316,84
idmap_r3,add,10000,0.317,84
idmap_r3,add,10000,0.318,84
idmap_r3,add,10000,0.319,84
idmap_r3,add,10000,0.32,84
idmap_r3,add,10000,0.321,84
idmap_r3,add,10000,0.322,84
idmap_r3,add,10000,0.323,84
idmap_r3,add,10000,0.324,84
idmap_r3,add,10000,0.325,84
idmap_r3,add,10000,0.326,84
idmap_r3,add,10000,0.327,84
idmap_r3,add,10000,0.328,84
idmap_r3,add,10000,0.329,84
idmap_r3,add,10000,0.33,84
idmap_r3,add,10000,0.331,84
idmap_r3,add,10000,0.332,84
idmap_r3,add,10000,0.333,84
idmap_r3,add,10000,0.334,84
idmap_r3,add,10000,0.335,84
idmap_r3,add,10000,0.336,84
idmap_r3,add,10000,0.337,84
idmap_r3,add,10000,0.338,84
idmap_r3,add,10000,0.339,84
idmap_r3,add,10000,0.34,84
idmap_r3,add,10000,0.341,84
idmap_r3,add,10000,0.342,84
idmap_r3,add,10000,0.343,84
idmap_r3,add,10000,0.344,84
idmap_r3,add,10000,0.345,84
idmap_r3,add,10000,0.346,84
idmap_r3,add,10000,0.347,84
idmap_r3,add,10000,0.348,84
idmap_r3,add,10000,0.349,84
idmap_r3,add,10000,0.35,84
idmap_r3,add,10000,0.351,84
idmap_r3,add,10000,0.352,84
idmap_r3,add,10000,0.353,84
idmap_r3,add,10000,0.354,125
idmap_r3,add,10000,0.355,125
idmap_r3,add,10000,0.356,125
idmap_r3,add,10000,0.357,125
idmap_r3,add,10000,0.358,125
idmap_r3,add,10000,0.359,125
idmap_r3,add,10000,0.36,125
idmap_r3,add,10000,0.361,125
idmap_r3,add,10000,0.362,125
idmap_r3,add,10000,0.363,125
idmap_r3,add,10000,0.364,125
idmap_r3,add,10000,0.365,125
idmap_r3,add,10000,0.366,125
idmap_r3,add,10000,0.367,125
idmap_r3,add,10000,0.368,125
idmap_r3,add,10000,0.369,125
idmap_r3,add,10000,0.37,125
idmap_r3,add,10000,0.371,125
idmap_r3,add,10000,0.372,125
idmap_r3,add,10000,0.373,125
idmap_r3,add,10000,0.374,125
idmap_r3,add,10000,0.375,125
idmap_r3,add,10000,0.376,125
idmap_r3,add,10000,0.377,125
idmap_r3,add,10000,0.378,125
idmap_r3,add,10000,0.379,125
idmap_r3,add,10000,0.38,125
idmap_r3,add,10000,0.381,125
idmap_r3,add,10000,0.382,125
idmap_r3,add,10000,0.383,125
idmap_r3,add,10000,0.384,125
idmap_r3,add,10000,0.385,125
idmap_r3,add,10000,0.386,125
idmap_r3,add,10000,0.387,125
idmap_r3,add,10000,0.388,125
idmap_r3,add,10000,0.389,125
idmap_r3,add,10000,0.39,125
idmap_r3,add,10000,0.391,125
idmap_r3,add,10000,0.392,125
idmap_r3,add,10000,0.393,125
idmap_r3,add,10000,0.394,125
idmap_r3,add,10000,0.395,125
idmap_r3,add,10000,0.396,125
idmap_r3,add,10000,0.397,125
idmap_r3,add,10000,0.398,125
idmap_r3,add,10000,0.399,125
idmap_r3,add,10000,0.4,125
idmap_r3,add,10000,0.401,125
idmap_r3,add,10000,0.402,125
idmap_r3,add,10000,0.403,125
idmap_r3,add,10000,0.404,125
idmap_r3,add,10000,0.405,125
idmap_r3,add,10000,0.406,125
idmap_r3,add,10000,0.407,125
idmap_r3,add,10000,0.408,125
idmap_r3,add,10000,0.409,125
idmap_r3,add,10000,0.41,125
idmap_r3,add,10000,0.411,125
idmap_r3,add,10000,0.412,125
idmap_r3,add,10000,0.413,125
idmap_r3,add,10000,0.414,125
idmap_r3,add,10000,0.415,125
idmap_r3,add,10000,0.416,125
idmap_r3,add,10000,0.417,125
idmap_r3,add,10000,0.418,125
idmap_r3,add,10000,0.419,125
idmap_r3,add,10000,0.42,125
idmap_r3,add,10000,0.421,125
idmap_r3,add,10000,0.422,125
idmap_r3,add,10000,0.423,125
idmap_r3,add,10000,0.424,125
idmap_r3,add,10000,0.425,125
idmap_r3,add,10000,0.426,125
idmap_r3,add,10000,0.427,125
idmap_r3,add,10000,0.428,125
idmap_r3,add,10000,0.429,125
idmap_r3,add,10000,0.43,125
idmap_r3,add,10000,0.431,125
idmap_r3,add,10000,0.432,125
idmap_r3,add,10000,0.433,125
idmap_r3,add,10000,0.434,125
idmap_r3,add,10000,0.435,125
idmap_r3,add,10000,0.436,125
idmap_r3,add,10000,0.437,125
idmap_r3,add,10000,0.438,125
idmap_r3,add,10000,0.439,125
idmap_r3,add,10000,0.44,125
idmap_r3,add,10000,0.441,125
idmap_r3,add,10000,0.442,125
idmap_r3,add,10000,0.443,125
idmap_r3,add,10000,0.444,125
idmap_r3,add,10000,0.445,125
idmap_r3,add,10000,0.446,125
idmap_r3,add,10000,0.447,125
idmap_r3,add,10000,0.448,125
idmap_r3,add,10000,0.449,125
idmap_r3,add,10000,0.45,125
idmap_r3,add,10000,0.451,125
idmap_r3,add,10000,0.452,125
idmap_r3,add,10000,0.453,125
idmap_r3,add,10000,0.454,125
idmap_r3,add,10000,0.455,125
idmap_r3,add,10000,0.456,125
idmap_r3,add,10000,0.457,125
idmap_r3,add,10000,0.458,125
idmap_r3,add,10000,0.459,125
idmap_r3,add,10000,0.46,125
idmap_r3,add,10000,0.461,125
idmap_r3,add,10000,0.462,125
idmap_r3,add,10000,0.463,125
idmap_r3,add,10000,0.464,125
idmap_r3,add,10000,0.465,125
idmap_r3,add,10000,0.466,125
idmap_r3,add,10000,0.467,125
idmap_r3,add,10000,0.468,125
idmap_r3,add,10000,0.469,125
idmap_r3,add,10000,0.47,125
idmap_r3,add,10000,0.471,125
idmap_r3,add,10000,0.472,125
idmap_r3,add,10000,0.473,125
idmap_r3,add,10000,0.474,125
idmap_r3,add,10000,0.475,125
idmap_r3,add,10000,0.476,125
idmap_r3,add,10000,0.477,125
idmap_r3,add,10000,0.478,125
idmap_r3,add,10000,0.479,125
idmap_r3,add,10000,0.48,125
idmap_r3,add,10000,0.481,125
idmap_r3,add,10000,0.482,125
idmap_r3,add,10000,0.483,125
idmap_r3,add,10000,0.484,125
idmap_r3,add,10000,0.485,125
idmap_r3,add,10000,0.486,125
idmap_r3,add,10000,0.487,125
idmap_r3,add,10000,0.488,125
idmap_r3,add,10000,0.489,125
idmap_r3,add,10000,0.49,125
idmap_r3,add,10000,0.491,125
idmap_r3,add,10000,0.492,125
idmap_r3,add,10000,0.493,125
idmap_r3,add,10000,0.494,125
idmap_r3,add,10000,0.495,125
idmap_r3,add,10000,0.496,125
idmap_r3,add,10000,0.497,125
idmap_r3,add,10000,0.498,125
idmap_r3,add,10000,0.499,125
idmap_r3,add,10000,0.5,125
idmap_r3,add,10000,0.501,125
idmap_r3,add,10000,0.502,125
idmap_r3,add,10000,0.503,125
idmap_r3,add,10000,0.504,125
idmap_r3,add,10000,0.505,125
idmap_r3,add,10000,0.506,125
idmap_r3,add,10000,0.507,125
idmap_r3,add,10000,0.508,125
idmap_r3,add,10000,0.509,125
idmap_r3,add,10000,0.51,125
idmap_r3,add,10000,0.511,125
idmap_r3,add,10000,0.512,125
idmap_r3,add,10000,0.513,125
idmap_r3,add,10000,0.514,125
idmap_r3,add,10000,0.515,125
idmap_r3,add,10000,0.516,125
idmap_r3,add,10000,0.517,125
idmap_r3,add,10000,0.518,125
idmap_r3,add,10000,0.519,125
idmap_r3,add,10000,0.52,125
idmap_r3,add,10000,0.521,125
idmap_r3,add,10000,0.522,125
idmap_r3,add,10000,0.523,125
idmap_r3,add,10000,0.524,125
idmap_r3,add,10000,0.525,125
idmap_r3,add,10000,0.526,125
idmap_r3,add,10000,0.527,125
idmap_r3,add,10000,0.528,125
idmap_r3,add,10000,0.529,125
idmap_r3,add,10000,0.53,125
idmap_r3,add,10000,0.531,125
idmap_r3,add,10000,0.532,125
idmap_r3,add,10000,0.533,125
idmap_r3,add,10000,0.534,125
idmap_r3,add,10000,0.535,125
idmap_r3,add,10000,0.536,125
idmap_r3,add,10000,0.537,125
idmap_r3,add,10000,0.538,125
idmap_r3,add,10000,0.539,125
idmap_r3,add,10000,0.54,125
idmap_r3,add,10000,0.541,125
idmap_r3,add,10000,0.542,125
idmap_r3,add,10000,0.543,125
idmap_r3,add,10000,0.544,125
idmap_r3,add,10000,0.545,125
idmap_r3,add,10000,0.546,125
idmap_r3,add,10000,0.547,125
idmap_r3,add,10000,0.548,125
idmap_r3,add,10000,0.549,125
idmap_r3,add,10000,0.55,125
idmap_r3,add,10000,0.551,125
idmap_r3,add,10000,0.552,125
idmap_r3,add,10000,0.553,125
idmap_r3,add,10000,0.554,125
idmap_r3,add,10000,0.555,125
idmap_r3,add,10000,0.556,125
idmap_r3,add,10000,0.557,125
idmap_r3,add,10000,0.558,125
idmap_r3,add,10000,0.559,125
idmap_r3,add,10000,0.56,125
idmap_r3,add,10000,0.561,125
idmap_r3,add,10000,0.562,125
idmap_r3,add,10000,0.563,125
idmap_r3,add,10000,0.564,125
idmap_r3,add,10000,0.565,125
idmap_r3,add,10000,0.566,125
idmap_r3,add,10000,0.567,125
idmap_r3,add,10000,0.568,125
idmap_r3,add,10000,0.569,125
idmap_r3,add,10000,0.57,125
idmap_r3,add,10000,0.571,125
idmap_r3,add,10000,0.572,125
idmap_r3,add,10000,0.573,125
idmap_r3,add,10000,0.574,125
idmap_r3,add,10000,0.575,125
idmap_r3,add,10000,0.576,125
idmap_r3,add,10000,0.577,125
idmap_r3,add,10000,0.578,125
idmap_r3,add,10000,0.579,125
idmap_r3,add,10000,0.58,125
idmap_r3,add,10000,0.581,125
idmap_r3,add,10000,0.582,125
idmap_r3,add,10000,0.583,125
idmap_r3,add,10000,0.584,125
idmap_r3,add,10000,0.585,125
idmap_r3,add,10000,0.586,125
idmap_r3,add,10000,0.587,125
idmap_r3,add,10000,0.588,125
idmap_r3,add,10000,0.589,125
idmap_r3,add,10000,0.59,125
idmap_r3,add,10000,0.591,125
idmap_r3,add,10000,0.592,125
idmap_r3,add,10000,0.593,125
idmap_r3,add,10000,0.594,125
idmap_r3,add,10000,0.595,125
idmap_r3,add,10000,0.596,125
idmap_r3,add,10000,0.597,125
idmap_r3,add,10000,0.598,125
idmap_r3,add,10000,0.599,125
idmap_r3,add,10000,0.6,125
idmap_r3,add,10000,0.601,125
idmap_r3,add,10000,0.602,125
idmap_r3,add,10000,0.603,125
idmap_r3,add,10000,0.604,125
idmap_r3,add,10000,0.605,125
idmap_r3,add,10000,0.606,125
idmap_r3,add,10000,0.607,125
idmap_r3,add,10000,0.608,125
idmap_r3,add,10000,0.609,125
idmap_r3,add,10000,0.61,125
idmap_r3,add,10000,0.611,125
idmap_r3,add,10000,0.612,125
idmap_r3,add,10000,0.613,125
idmap_r3,add,10000,0.614,125
idmap_r3,add,10000,0.615,125
idmap_r3,add,10000,0.616,125
idmap_r3,add,10000,0.617,125
idmap_r3,add,10000,0.618,125
idmap_r3,add,10000,0.619,125
idmap_r3,add,10000,0.62,125
idmap_r3,add,10000,0.621,125
idmap_r3,add,10000,0.622,125
idmap_r3,add,10000,0.623,125
idmap_r3,add,10000,0.624,125
idmap_r3,add,10000,0.625,125
idmap_r3,add,10000,0.626,125
idmap_r3,add,10000,0.627,125
idmap_r3,add,10000,0.628,125
idmap_r3,add,10000,0.629,125
idmap_r3,add,10000,0.63,125
idmap_r3,add,10000,0.631,125
idmap_r3,add,10000,0.632,125
idmap_r3,add,10000,0.633,125
idmap_r3,add,10000,0.634,125
idmap_r3,add,10000,0.635,125
idmap_r3,add,10000,0.636,125
idmap_r3,add,10000,0.637,125
idmap_r3,add,10000,0.638,125
idmap_r3,add,10000,0.639,125
idmap_r3,add,10000,0.64,125
idmap_r3,add,10000,0.641,125
idmap_r3,add,10000,0.642,125
idmap_r3,add,10000,0.643,125
idmap_r3,add,10000,0.644,125
idmap_r3,add,10000,0.645,125
idmap_r3,add,10000,0.646,125
idmap_r3,add,10000,0.647,125
idmap_r3,add,10000,0.648,125
idmap_r3,add,10000,0.649,125
idmap_r3,add,10000,0.65,125
idmap_r3,add,10000,0.651,125
idmap_r3,add,10000,0.652,125
idmap_r3,add,10000,0.653,125
idmap_r3,add,10000,0.654,125
idmap_r3,add,10000,0.655,125
idmap_r3,add,10000,0.656,125
idmap_r3,add,10000,0.657,125
idmap_r3,add,10000,0.658,125
idmap_r3,add,10000,0.659,125
idmap_r3,add,10000,0.66,125
idmap_r3,add,10000,0.661,125
idmap_r3,add,10000,0.662,125
idmap_r3,add,10000,0.663,125
idmap_r3,add,10000,0.664,125
idmap_r3,add,10000,0.665,125
idmap_r3,add,10000,0.666,125
idmap_r3,add,10000,0.667,125
idmap_r3,add,10000,0.668,125
idmap_r3,add,10000,0.669,125
idmap_r3,add,10000,0.67,125
idmap_r3,add,10000,0.671,125
idmap_r3,add,10000,0.672,125
idmap_r3,add,10000,0.673,125
idmap_r3,add,10000,0.674,125
idmap_r3,add,10000,0.675,125
idmap_r3,add,10000,0.676,125
idmap_r3,add,10000,0.677,125
idmap_r3,add,10000,0.678,125
idmap_r3,add,10000,0.679,125
idmap_r3,add,10000,0.68,125
idmap_r3,add,10000,0.681,125
idmap_r3,add,10000,0.682,125
idmap_r3,add,10000,0.683,125
idmap_r3,add,10000,0.684,125
idmap_r3,add,10000,0.685,125
idmap_r3,add,10000,0.686,125
idmap_r3,add,10000,0.687,125
idmap_r3,add,10000,0.688,125
idmap_r3,add,10000,0.689,125
idmap_r3,add,10000,0.69,125
idmap_r3,add,10000,0.691,125
idmap_r3,add,10000,0.692,125
idmap_r3,add,10000,0.693,125
idmap_r3,add,10000,0.694,125
idmap_r3,add,10000,0.695,125
idmap_r3,add,10000,0.696,125
idmap_r3,add,10000,0.697,125
idmap_r3,add,10000,0.698,125
idmap_r3,add,10000,0.699,125
idmap_r3,add,10000,0.7,125
idmap_r3,add,10000,0.701,125
idmap_r3,add,10000,0.702,166
idmap_r3,add,10000,0.703,166
idmap_r3,add,10000,0.704,166
idmap_r3,add,10000,0.705,166
idmap_r3,add,10000,0.706,166
idmap_r3,add,10000,0.707,166
idmap_r3,add,10000,0.708,166
idmap_r3,add,10000,0.709,166
idmap_r3,add,10000,0.71,166
idmap_r3,add,10000,0.711,166
idmap_r3,add,10000,0.712,166
idmap_r3,add,10000,0.713,166
idmap_r3,add,10000,0.714,166
idmap_r3,add,10000,0.715,166
idmap_r3,add,10000,0.716,166
idmap_r3,add,10000,0.717,166
idmap_r3,add,10000,0.718,166
idmap_r3,add,10000,0.719,166
idmap_r3,add,10000,0.72,166
idmap_r3,add,10000,0.721,166
idmap_r3,add,10000,0.722,166
idmap_r3,add,10000,0.723,166
idmap_r3,add,10000,0.724,166
idmap_r3,add,10000,0.725,166
idmap_r3,add,10000,0.726,166
idmap_r3,add,10000,0.727,166
idmap_r3,add,10000,0.728,166
idmap_r3,add,10000,0.729,166
idmap_r3,add,10000,0.73,166
idmap_r3,add,10000,0.731,166
idmap_r3,add,10000,0.732,166
idmap_r3,add,10000,0.733,166
idmap_r3,add,10000,0.734,166
idmap_r3,add,10000,0.735,166
idmap_r3,add,10000,0.736,167
idmap_r3,add,10000,0.737,167
idmap_r3,add,10000,0.738,167
idmap_r3,add,10000,0.739,167
idmap_r3,add,10000,0.74,167
idmap_r3,add,10000,0.741,167
idmap_r3,add,10000,0.742,167
idmap_r3,add,10000,0.743,167
idmap_r3,add,10000,0.744,167
idmap_r3,add,10000,0.745,167
idmap_r3,add,10000,0.746,167
idmap_r3,add,10000,0.747,167
idmap_r3,add,10000,0.748,167
idmap_r3,add,10000,0.749,167
idmap_r3,add,10000,0.75,167
idmap_r3,add,10000,0.751,167
idmap_r3,add,10000,0.752,167
idmap_r3,add,10000,0.753,167
idmap_r3,add,10000,0.754,167
idmap_r3,add,10000,0.755,167
idmap_r3,add,10000,0.756,167
idmap_r3,add,10000,0.757,167
idmap_r3,add,10000,0.758,167
idmap_r3,add,10000,0.759,167
idmap_r3,add,10000,0.76,167
idmap_r3,add,10000,0.761,167
idmap_r3,add,10000,0.762,167
idmap_r3,add,10000,0.763,167
idmap_r3,add,10000,0.764,167
idmap_r3,add,10000,0.765,167
idmap_r3,add,10000,0.766,167
idmap_r3,add,10000,0.767,167
idmap_r3,add,10000,0.768,167
idmap_r3,add,10000,0.769,167
idmap_r3,add,10000,0.77,167
idmap_r3,add,10000,0.771,167
idmap_r3,add,10000,0.772,167
idmap_r3,add,10000,0.773,167
idmap_r3,add,10000,0.774,167
idmap_r3,add,10000,0.775,167
idmap_r3,add,10000,0.776,167
idmap_r3,add,10000,0.777,167
idmap_r3,add,10000,0.778,167
idmap_r3,add,10000,0.779,167
idmap_r3,add,10000,0.78,167
idmap_r3,add,10000,0.781,167
idmap_r3,add,10000,0.782,167
idmap_r3,add,10000,0.783,167
idmap_r3,add,10000,0.784,167
idmap_r3,add,10000,0.785,167
idmap_r3,add,10000,0.786,167
idmap_r3,add,10000,0.787,167
idmap_r3,add,10000,0.788,167
idmap_r3,add,10000,0.789,167
idmap_r3,add,10000,0.79,167
idmap_r3,add,10000,0.791,167
idmap_r3,add,10000,0.792,167
idmap_r3,add,10000,0.793,167
idmap_r3,add,10000,0.794,167
idmap_r3,add,10000,0.795,167
idmap_r3,add,10000,0.796,167
idmap_r3,add,10000,0.797,167
idmap_r3,add,10000,0.798,167
idmap_r3,add,10000,0.799,167
idmap_r3,add,10000,0.8,167
idmap_r3,add,10000,0.801,167
idmap_r3,add,10000,0.802,167
idmap_r3,add,10000,0.803,167
idmap_r3,add,10000,0.804,167
idmap_r3,add,10000,0.805,167
idmap_r3,add,10000,0.806,208
idmap_r3,add,10000,0.807,208
idmap_r3,add,10000,0.808,208
idmap_r3,add,10000,0.809,208
idmap_r3,add,10000,0.81,208
idmap_r3,add,10000,0.811,208
idmap_r3,add,10000,0.812,208
idmap_r3,add,10000,0.813,208
idmap_r3,add,10000,0.814,208
idmap_r3,add,10000,0.815,208
idmap_r3,add,10000,0.816,208
idmap_r3,add,10000,0.817,208
idmap_r3,add,10000,0.818,208
idmap_r3,add,10000,0.819,208
idmap_r3,add,10000,0.82,208
idmap_r3,add,10000,0.821,208
idmap_r3,add,10000,0.822,208
idmap_r3,add,10000,0.823,208
idmap_r3,add,10000,0.824,208
idmap_r3,add,10000,0.825,208
idmap_r3,add,10000,0.826,208
idmap_r3,add,10000,0.827,208
idmap_r3,add,10000,0.828,208
idmap_r3,add,10000,0.829,208
idmap_r3,add,10000,0.83,208
idmap_r3,add,10000,0.831,208
idmap_r3,add,10000,0.832,208
idmap_r3,add,10000,0.833,208
idmap_r3,add,10000,0.834,208
idmap_r3,add,10000,0.835,208
idmap_r3,add,10000,0.836,208
idmap_r3,add,10000,0.837,208
idmap_r3,add,10000,0.838,208
idmap_r3,add,10000,0.839,208
idmap_r3,add,10000,0.84,208
idmap_r3,add,10000,0.841,209
idmap_r3,add,10000,0.842,209
idmap_r3,add,10000,0.843,209
idmap_r3,add,10000,0.844,209
idmap_r3,add,10000,0.845,209
idmap_r3,add,10000,0.846,209
idmap_r3,add,10000,0.847,209
idmap_r3,add,10000,0.848,209
idmap_r3,add,10000,0.849,209
idmap_r3,add,10000,0.85,209
idmap_r3,add,10000,0.851,209
idmap_r3,add,10000,0.852,209
idmap_r3,add,10000,0.853,209
idmap_r3,add,10000,0.854,209
idmap_r3,add,10000,0.855,209
idmap_r3,add,10000,0.856,209
idmap_r3,add,10000,0.857,209
idmap_r3,add,10000,0.858,209
idmap_r3,add,10000,0.859,209
idmap_r3,add,10000,0.86,250
idmap_r3,add,10000,0.861,250
idmap_r3,add,10000,0.862,250
idmap_r3,add,10000,0.863,250
idmap_r3,add,10000,0.864,250
idmap_r3,add,10000,0.865,250
idmap_r3,add,10000,0.866,250
idmap_r3,add,10000,0.867,250
idmap_r3,add,10000,0.868,250
idmap_r3,add,10000,0.869,250
idmap_r3,add,10000,0.87,250
idmap_r3,add,10000,0.871,250
idmap_r3,add,10000,0.872,250
idmap_r3,add,10000,0.873,250
idmap_r3,add,10000,0.874,250
idmap_r3,add,10000,0.875,250
idmap_r3,add,10000,0.876,250
idmap_r3,add,10000,0.877,250
idmap_r3,add,10000,0.878,250
idmap_r3,add,10000,0.879,250
idmap_r3,add,10000,0.88,250
idmap_r3,add,10000,0.881,250
idmap_r3,add,10000,0.882,250
idmap_r3,add,10000,0.883,250
idmap_r3,add,10000,0.884,250
idmap_r3,add,10000,0.885,250
idmap_r3,add,10000,0.886,250
idmap_r3,add,10000,0.887,250
idmap_r3,add,10000,0.888,250
idmap_r3,add,10000,0.889,250
idmap_r3,add,10000,0.89,250
idmap_r3,add,10000,0.891,250
idmap_r3,add,10000,0.892,250
idmap_r3,add,10000,0.893,250
idmap_r3,add,10000,0.894,250
idmap_r3,add,10000,0.895,250
idmap_r3,add,10000,0.896,250
idmap_r3,add,10000,0.897,250
idmap_r3,add,10000,0.898,250
idmap_r3,add,10000,0.899,250
idmap_r3,add,10000,0.9,250
idmap_r3,add,10000,0.901,250
idmap_r3,add,10000,0.902,250
idmap_r3,add,10000,0.903,250
idmap_r3,add,10000,0.904,250
idmap_r3,add,10000,0.905,250
idmap_r3,add,10000,0.906,250
idmap_r3,add,10000,0.907,250
idmap_r3,add,10000,0.908,250
idmap_r3,add,10000,0.909,250
idmap_r3,add,10000,0.91,250
idmap_r3,add,10000,0.911,291
idmap_r3,add,10000,0.912,291
idmap_r3,add,10000,0.913,291
idmap_r3,add,10000,0.914,291
idmap_r3,add,10000,0.915,291
idmap_r3,add,10000,0.916,291
idmap_r3,add,10000,0.917,291
idmap_r3,add,10000,0.918,291
idmap_r3,add,10000,0.919,291
idmap_r3,add,10000,0.92,291
idmap_r3,add,10000,0.921,292
idmap_r3,add,10000,0.922,292
idmap_r3,add,10000,0.923,292
idmap_r3,add,10000,0.924,292
idmap_r3,add,10000,0.925,292
idmap_r3,add,10000,0.926,292
idmap_r3,add,10000,0.927,292
idmap_r3,add,10000,0.928,292
idmap_r3,add,10000,0.929,292
idmap_r3,add,10000,0.93,292
idmap_r3,add,10000,0.931,292
idmap_r3,add,10000,0.932,292
idmap_r3,add,10000,0.933,292
idmap_r3,add,10000,0.934,292
idmap_r3,add,10000,0.935,292
idmap_r3,add,10000,0.936,292
idmap_r3,add,10000,0.937,292
idmap_r3,add,10000,0.938,292
idmap_r3,add,10000,0.939,292
idmap_r3,add,10000,0.94,292
idmap_r3,add,10000,0.941,333
idmap_r3,add,10000,0.942,333
idmap_r3,add,10000,0.943,333
idmap_r3,add,10000,0.944,333
idmap_r3,add,10000,0.945,333
idmap_r3,add,10000,0.946,333
idmap_r3,add,10000,0.947,333
idmap_r3,add,10000,0.948,333
idmap_r3,add,10000,0.949,333
idmap_r3,add,10000,0.95,333
idmap_r3,add,10000,0.951,333
idmap_r3,add,10000,0.952,333
idmap_r3,add,10000,0.953,334
idmap_r3,add,10000,0.954,334
idmap_r3,add,10000,0.955,334
idmap_r3,add,10000,0.956,334
idmap_r3,add,10000,0.957,334
idmap_r3,add,10000,0.958,334
idmap_r3,add,10000,0.959,334
idmap_r3,add,10000,0.96,375
idmap_r3,add,10000,0.961,375
idmap_r3,add,10000,0.962,375
idmap_r3,add,10000,0.963,375
idmap_r3,add,10000,0.964,375
idmap_r3,add,10000,0.965,375
idmap_r3,add,10000,0.966,375
idmap_r3,add,10000,0.967,375
idmap_r3,add,10000,0.968,375
idmap_r3,add,10000,0.969,375
idmap_r3,add,10000,0.97,375
idmap_r3,add,10000,0.971,375
idmap_r3,add,10000,0.972,416
idmap_r3,add,10000,0.973,416
idmap_r3,add,10000,0.974,416
idmap_r3,add,10000,0.975,417
idmap_r3,add,10000,0.976,417
idmap_r3,add,10000,0.977,417
idmap_r3,add,10000,0.978,417
idmap_r3,add,10000,0.979,417
idmap_r3,add,10000,0.98,458
idmap_r3,add,10000,0.981,458
idmap_r3,add,10000,0.982,458
idmap_r3,add,10000,0.983,458
idmap_r3,add,10000,0.984,459
idmap_r3,add,10000,0.985,459
idmap_r3,add,10000,0.986,500
idmap_r3,add,10000,0.987,500
idmap_r3,add,10000,0.988,500
idmap_r3,add,10000,0.989,500
idmap_r3,add,10000,0.99,541
idmap_r3,add,10000,0.991,542
idmap_r3,add,10000,0.992,542
idmap_r3,add,10000,0.993,583
idmap_r3,add,10000,0.994,584
idmap_r3,add,10000,0.995,625
idmap_r3,add,10000,0.996,666
idmap_r3,add,10000,0.997,708
idmap_r3,add,10000,0.998,792
idmap_r3,add,10000,0.999,1250
idmap_r3,cancel,10000,0,0
idmap_r3,cancel,10000,0.001,41
idmap_r3,cancel,10000,0.002,41
idmap_r3,cancel,10000,0.003,41
idmap_r3,cancel,10000,0.004,41
idmap_r3,cancel,10000,0.005,41
idmap_r3,cancel,10000,0.006,41
idmap_r3,cancel,10000,0.007,41
idmap_r3,cancel,10000,0.008,42
idmap_r3,cancel,10000,0.009,42
idmap_r3,cancel,10000,0.01,42
idmap_r3,cancel,10000,0.011,42
idmap_r3,cancel,10000,0.012,42
idmap_r3,cancel,10000,0.013,42
idmap_r3,cancel,10000,0.014,42
idmap_r3,cancel,10000,0.015,42
idmap_r3,cancel,10000,0.016,42
idmap_r3,cancel,10000,0.017,42
idmap_r3,cancel,10000,0.018,42
idmap_r3,cancel,10000,0.019,42
idmap_r3,cancel,10000,0.02,42
idmap_r3,cancel,10000,0.021,42
idmap_r3,cancel,10000,0.022,83
idmap_r3,cancel,10000,0.023,83
idmap_r3,cancel,10000,0.024,83
idmap_r3,cancel,10000,0.025,83
idmap_r3,cancel,10000,0.026,83
idmap_r3,cancel,10000,0.027,83
idmap_r3,cancel,10000,0.028,83
idmap_r3,cancel,10000,0.029,83
idmap_r3,cancel,10000,0.03,83
idmap_r3,cancel,10000,0.031,83
idmap_r3,cancel,10000,0.032,83
idmap_r3,cancel,10000,0.033,83
idmap_r3,cancel,10000,0.034,83
idmap_r3,cancel,10000,0.035,83
idmap_r3,cancel,10000,0.036,83
idmap_r3,cancel,10000,0.037,83
idmap_r3,cancel,10000,0.038,83
idmap_r3,cancel,10000,0.039,83
idmap_r3,cancel,10000,0.04,83
idmap_r3,cancel,10000,0.041,83
idmap_r3,cancel,10000,0.042,83
idmap_r3,cancel,10000,0.043,83
idmap_r3,cancel,10000,0.044,83
idmap_r3,cancel,10000,0.045,83
idmap_r3,cancel,10000,0.046,83
idmap_r3,cancel,10000,0.047,83
idmap_r3,cancel,10000,0.048,83
idmap_r3,cancel,10000,0.049,83
idmap_r3,cancel,10000,0.05,83
idmap_r3,cancel,10000,0.051,83
idmap_r3,cancel,10000,0.052,83
idmap_r3,cancel,10000,0.053,83
idmap_r3,cancel,10000,0.054,83
idmap_r3,cancel,10000,0.055,83
idmap_r3,cancel,10000,0.056,83
idmap_r3,cancel,10000,0.057,83
idmap_r3,cancel,10000,0.058,83
idmap_r3,cancel,10000,0.059,83
idmap_r3,cancel,10000,0.06,83
idmap_r3,cancel,10000,0.061,83
idmap_r3,cancel,10000,0.062,83
idmap_r3,cancel,10000,0.063,83
idmap_r3,cancel,10000,0.064,83
idmap_r3,cancel,10000,0.065,83
idmap_r3,cancel,10000,0.066,83
idmap_r3,cancel,10000,0.067,83
idmap_r3,cancel,10000,0.068,83
idmap_r3,cancel,10000,0.069,83
idmap_r3,cancel,10000,0.07,83
idmap_r3,cancel,10000,0.071,84
idmap_r3,cancel,10000,0.072,84
idmap_r3,cancel,10000,0.073,84
idmap_r3,cancel,10000,0.074,84
idmap_r3,cancel,10000,0.075,84
idmap_r3,cancel,10000,0.076,84
idmap_r3,cancel,10000,0.077,84
idmap_r3,cancel,10000,0.078,84
idmap_r3,cancel,10000,0.079,84
idmap_r3,cancel,10000,0.08,84
idmap_r3,cancel,10000,0.081,84
idmap_r3,cancel,10000,0.082,84
idmap_r3,cancel,10000,0.083,84
idmap_r3,cancel,10000,0.084,84
idmap_r3,cancel,10000,0.085,84
idmap_r3,cancel,10000,0.086,84
idmap_r3,cancel,10000,0.087,84
idmap_r3,cancel,10000,0.088,84
idmap_r3,cancel,10000,0.089,84
idmap_r3,cancel,10000,0.09,84
idmap_r3,cancel,10000,0.091,84
idmap_r3,cancel,10000,0.092,84
idmap_r3,cancel,10000,0.093,84
idmap_r3,cancel,10000,0.094,84
idmap_r3,cancel,10000,0.095,125
idmap_r3,cancel,10000,0.096,125
idmap_r3,cancel,10000,0.097,125
idmap_r3,cancel,10000,0.098,125
idmap_r3,cancel,10000,0.099,125
idmap_r3,cancel,10000,0.1,125
idmap_r3,cancel,10000,0.101,125
idmap_r3,cancel,10000,0.102,125
idmap_r3,cancel,10000,0.103,125
idmap_r3,cancel,10000,0.104,125
idmap_r3,cancel,10000,0.105,125
idmap_r3,cancel,10000,0.106,125
idmap_r3,cancel,10000,0.107,125
idmap_r3,cancel,10000,0.108,125
idmap_r3,cancel,10000,0.109,125
idmap_r3,cancel,10000,0.11,125
idmap_r3,cancel,10000,0.111,125
idmap_r3,cancel,10000,0.112,125
idmap_r3,cancel,10000,0.113,125
idmap_r3,cancel,10000,0.114,125
idmap_r3,cancel,10000,0.115,125
idmap_r3,cancel,10000,0.116,125
idmap_r3,cancel,10000,0.117,125
idmap_r3,cancel,10000,0.118,125
idmap_r3,cancel,10000,0.119,125
idmap_r3,cancel,10000,0.12,125
idmap_r3,cancel,10000,0.121,125
idmap_r3,cancel,10000,0.122,125
idmap_r3,cancel,10000,0.123,125
idmap_r3,cancel,10000,0.124,125
idmap_r3,cancel,10000,0.125,125
idmap_r3,cancel,10000,0.126,125
idmap_r3,cancel,10000,0.127,125
idmap_r3,cancel,10000,0.128,125
idmap_r3,cancel,10000,0.129,125
idmap_r3,cancel,10000,0.13,125
idmap_r3,cancel,10000,0.131,125
idmap_r3,cancel,10000,0.132,125
idmap_r3,cancel,10000,0.133,125
idmap_r3,cancel,10000,0.134,125
idmap_r3,cancel,10000,0.135,125
idmap_r3,cancel,10000,0.136,125
idmap_r3,cancel,10000,0.137,125
idmap_r3,cancel,10000,0.138,125
idmap_r3,cancel,10000,0.139,125
idmap_r3,cancel,10000,0.14,125
idmap_r3,cancel,10000,0.141,125
idmap_r3,cancel,10000,0.142,125
idmap_r3,cancel,10000,0.143,125
idmap_r3,cancel,10000,0.144,125
idmap_r3,cancel,10000,0.145,125
idmap_r3,cancel,10000,0.146,125
idmap_r3,cancel,10000,0.147,125
idmap_r3,cancel,10000,0.148,125
idmap_r3,cancel,10000,0.149,125
idmap_r3,cancel,10000,0.15,125
idmap_r3,cancel,10000,0.151,125
idmap_r3,cancel,10000,0.152,125
idmap_r3,cancel,10000,0.153,125
idmap_r3,cancel,10000,0.154,125
idmap_r3,cancel,10000,0.155,125
idmap_r3,cancel,10000,0.156,125
idmap_r3,cancel,10000,0.157,125
idmap_r3,cancel,10000,0.158,125
idmap_r3,cancel,10000,0.159,125
idmap_r3,cancel,10000,0.16,125
idmap_r3,cancel,10000,0.161,125
idmap_r3,cancel,10000,0.162,125
idmap_r3,cancel,10000,0.163,125
idmap_r3,cancel,10000,0.164,125
idmap_r3,cancel,10000,0.165,125
idmap_r3,cancel,10000,0.166,125
idmap_r3,cancel,10000,0.167,125
idmap_r3,cancel,10000,0.168,125
idmap_r3,cancel,10000,0.169,125
idmap_r3,cancel,10000,0.17,125
idmap_r3,cancel,10000,0.171,125
idmap_r3,cancel,10000,0.172,125
idmap_r3,cancel,10000,0.173,125
idmap_r3,cancel,10000,0.174,125
idmap_r3,cancel,10000,0.175,125
idmap_r3,cancel,10000,0.176,125
idmap_r3,cancel,10000,0.177,125
idmap_r3,cancel,10000,0.178,125
idmap_r3,cancel,10000,0.179,125
idmap_r3,cancel,10000,0.18,125
idmap_r3,cancel,10000,0.181,125
idmap_r3,cancel,10000,0.182,125
idmap_r3,cancel,10000,0.183,125
idmap_r3,cancel,10000,0.184,125
idmap_r3,cancel,10000,0.185,125
idmap_r3,cancel,10000,0.186,125
idmap_r3,cancel,10000,0.187,125
idmap_r3,cancel,10000,0.188,125
idmap_r3,cancel,10000,0.189,125
idmap_r3,cancel,10000,0.19,125
idmap_r3,cancel,10000,0.191,125
idmap_r3,cancel,10000,0.192,125
idmap_r3,cancel,10000,0.193,125
idmap_r3,cancel,10000,0.194,125
idmap_r3,cancel,10000,0.195,125
idmap_r3,cancel,10000,0.196,125
idmap_r3,cancel,10000,0.197,125
idmap_r3,cancel,10000,0.198,125
idmap_r3,cancel,10000,0.199,125
idmap_r3,cancel,10000,0.2,125
idmap_r3,cancel,10000,0.201,125
idmap_r3,cancel,10000,0.202,125
idmap_r3,cancel,10000,0.203,125
idmap_r3,cancel,10000,0.204,125
idmap_r3,cancel,10000,0.205,125
idmap_r3,cancel,10000,0.206,125
idmap_r3,cancel,10000,0.207,125
idmap_r3,cancel,10000,0.208,125
idmap_r3,cancel,10000,0.209,125
idmap_r3,cancel,10000,0.21,125
idmap_r3,cancel,10000,0.211,125
idmap_r3,cancel,10000,0.212,125
idmap_r3,cancel,10000,0.213,125
idmap_r3,cancel,10000,0.214,125
idmap_r3,cancel,10000,0.215,125
idmap_r3,cancel,10000,0.216,125
idmap_r3,cancel,10000,0.217,125
idmap_r3,cancel,10000,0.218,125
idmap_r3,cancel,10000,0.219,125
idmap_r3,cancel,10000,0.22,125
idmap_r3,cancel,10000,0.221,125
idmap_r3,cancel,10000,0.222,125
idmap_r3,cancel,10000,0.223,125
idmap_r3,cancel,10000,0.224,125
idmap_r3,cancel,10000,0.225,125
idmap_r3,cancel,10000,0.226,125
idmap_r3,cancel,10000,0.227,125
idmap_r3,cancel,10000,0.228,125
idmap_r3,cancel,10000,0.229,125
idmap_r3,cancel,10000,0.23,125
idmap_r3,cancel,10000,0.231,125
idmap_r3,cancel,10000,0.232,125
idmap_r3,cancel,10000,0.233,125
idmap_r3,cancel,10000,0.234,125
idmap_r3,cancel,10000,0.235,125
idmap_r3,cancel,10000,0.236,125
idmap_r3,cancel,10000,0.237,125
idmap_r3,cancel,10000,0.238,125
idmap_r3,cancel,10000,0.239,125
idmap_r3,cancel,10000,0.24,125
idmap_r3,cancel,10000,0.241,125
idmap_r3,cancel,10000,0.242,125
idmap_r3,cancel,10000,0.243,125
idmap_r3,cancel,10000,0.244,125
idmap_r3,cancel,10000,0.245,125
idmap_r3,cancel,10000,0.246,125
idmap_r3,cancel,10000,0.247,125
idmap_r3,cancel,10000,0.248,125
idmap_r3,cancel,10000,0.249,125
idmap_r3,cancel,10000,0.25,125
idmap_r3,cancel,10000,0.251,125
idmap_r3,cancel,10000,0.252,125
idmap_r3,cancel,10000,0.253,125
idmap_r3,cancel,10000,0.254,125
idmap_r3,cancel,10000,0.255,125
idmap_r3,cancel,10000,0.256,125
idmap_r3,cancel,10000,0.257,125
idmap_r3,cancel,10000,0.258,125
idmap_r3,cancel,10000,0.259,125
idmap_r3,cancel,10000,0.26,125
idmap_r3,cancel,10000,0.261,125
idmap_r3,cancel,10000,0.262,125
idmap_r3,cancel,10000,0.263,125
idmap_r3,cancel,10000,0.264,125
idmap_r3,cancel,10000,0.265,125
idmap_r3,cancel,10000,0.266,125
idmap_r3,cancel,10000,0.267,125
idmap_r3,cancel,10000,0.268,125
idmap_r3,cancel,10000,0.269,125
idmap_r3,cancel,10000,0.27,125
idmap_r3,cancel,10000,0.271,125
idmap_r3,cancel,10000,0.272,125
idmap_r3,cancel,10000,0.273,125
idmap_r3,cancel,10000,0.274,125
idmap_r3,cancel,10000,0.275,125
idmap_r3,cancel,10000,0.276,125
idmap_r3,cancel,10000,0.277,125
idmap_r3,cancel,10000,0.278,125
idmap_r3,cancel,10000,0.279,125
idmap_r3,cancel,10000,0.28,125
idmap_r3,cancel,10000,0.281,125
idmap_r3,cancel,10000,0.282,125
idmap_r3,cancel,10000,0.283,125
idmap_r3,cancel,10000,0.284,125
idmap_r3,cancel,10000,0.285,125
idmap_r3,cancel,10000,0.286,125
idmap_r3,cancel,10000,0.287,125
idmap_r3,cancel,10000,0.288,125
idmap_r3,cancel,10000,0.289,125
idmap_r3,cancel,10000,0.29,125
idmap_r3,cancel,10000,0.291,125
idmap_r3,cancel,10000,0.292,125
idmap_r3,cancel,10000,0.293,125
idmap_r3,cancel,10000,0.294,125
idmap_r3,cancel,10000,0.295,125
idmap_r3,cancel,10000,0.296,125
idmap_r3,cancel,10000,0.297,125
idmap_r3,cancel,10000,0.298,125
idmap_r3,cancel,10000,0.299,125
idmap_r3,cancel,10000,0.3,125
idmap_r3,cancel,10000,0.301,125
idmap_r3,cancel,10000,0.302,125
idmap_r3,cancel,10000,0.303,125
idmap_r3,cancel,10000,0.304,125
idmap_r3,cancel,10000,0.305,125
idmap_r3,cancel,10000,0.306,125
idmap_r3,cancel,10000,0.307,125
idmap_r3,cancel,10000,0.308,125
idmap_r3,cancel,10000,0.309,125
idmap_r3,cancel,10000,0.31,125
idmap_r3,cancel,10000,0.311,125
idmap_r3,cancel,10000,0.312,125
idmap_r3,cancel,10000,0.313,125
idmap_r3,cancel,10000,0.314,125
idmap_r3,cancel,10000,0.315,125
idmap_r3,cancel,10000,0.316,125
idmap_r3,cancel,10000,0.317,125
idmap_r3,cancel,10000,0.318,125
idmap_r3,cancel,10000,0.319,125
idmap_r3,cancel,10000,0.32,125
idmap_r3,cancel,10000,0.321,125
idmap_r3,cancel,10000,0.322,125
idmap_r3,cancel,10000,0.323,125
idmap_r3,cancel,10000,0.324,125
idmap_r3,cancel,10000,0.325,125
idmap_r3,cancel,10000,0.326,125
idmap_r3,cancel,10000,0.327,125
idmap_r3,cancel,10000,0.328,125
idmap_r3,cancel,10000,0.329,125
idmap_r3,cancel,10000,0.33,125
idmap_r3,cancel,10000,0.331,125
idmap_r3,cancel,10000,0.332,125
idmap_r3,cancel,10000,0.333,125
idmap_r3,cancel,10000,0.334,125
idmap_r3,cancel,10000,0.335,125
idmap_r3,cancel,10000,0.336,125
idmap_r3,cancel,10000,0.337,125
idmap_r3,cancel,10000,0.338,125
idmap_r3,cancel,10000,0.339,125
idmap_r3,cancel,10000,0.34,125
idmap_r3,cancel,10000,0.341,125
idmap_r3,cancel,10000,0.342,125
idmap_r3,cancel,10000,0.343,125
idmap_r3,cancel,10000,0.344,125
idmap_r3,cancel,10000,0.345,125
idmap_r3,cancel,10000,0.346,125
idmap_r3,cancel,10000,0.347,125
idmap_r3,cancel,10000,0.348,125
idmap_r3,cancel,10000,0.349,125
idmap_r3,cancel,10000,0.35,125
idmap_r3,cancel,10000,0.351,125
idmap_r3,cancel,10000,0.352,125
idmap_r3,cancel,10000,0.353,125
idmap_r3,cancel,10000,0.354,125
idmap_r3,cancel,10000,0.355,125
idmap_r3,cancel,10000,0.356,125
idmap_r3,cancel,10000,0.357,125
idmap_r3,cancel,10000,0.358,125
idmap_r3,cancel,10000,0.359,125
idmap_r3,cancel,10000,0.36,125
idmap_r3,cancel,10000,0.361,125
idmap_r3,cancel,10000,0.362,125
idmap_r3,cancel,10000,0.363,125
idmap_r3,cancel,10000,0.364,125
idmap_r3,cancel,10000,0.365,125
idmap_r3,cancel,10000,0.366,125
idmap_r3,cancel,10000,0.367,125
idmap_r3,cancel,10000,0.368,125
idmap_r3,cancel,10000,0.369,125
idmap_r3,cancel,10000,0.37,125
idmap_r3,cancel,10000,0.371,125
idmap_r3,cancel,10000,0.372,125
idmap_r3,cancel,10000,0.373,125
idmap_r3,cancel,10000,0.374,125
idmap_r3,cancel,10000,0.375,125
idmap_r3,cancel,10000,0.376,125
idmap_r3,cancel,10000,0.377,125
idmap_r3,cancel,10000,0.378,125
idmap_r3,cancel,10000,0.379,125
idmap_r3,cancel,10000,0.38,125
idmap_r3,cancel,10000,0.381,125
idmap_r3,cancel,10000,0.382,125
idmap_r3,cancel,10000,0.383,125
idmap_r3,cancel,10000,0.384,125
idmap_r3,cancel,10000,0.385,125
idmap_r3,cancel,10000,0.386,125
idmap_r3,cancel,10000,0.387,125
idmap_r3,cancel,10000,0.388,125
idmap_r3,cancel,10000,0.389,125
idmap_r3,cancel,10000,0.39,125
idmap_r3,cancel,10000,0.391,125
idmap_r3,cancel,10000,0.392,125
idmap_r3,cancel,10000,0.393,125
idmap_r3,cancel,10000,0.394,125
idmap_r3,cancel,10000,0.395,125
idmap_r3,cancel,10000,0.396,125
idmap_r3,cancel,10000,0.397,125
idmap_r3,cancel,10000,0.398,125
idmap_r3,cancel,10000,0.399,125
idmap_r3,cancel,10000,0.4,125
idmap_r3,cancel,10000,0.401,125
idmap_r3,cancel,10000,0.402,125
idmap_r3,cancel,10000,0.403,125
idmap_r3,cancel,10000,0.404,125
idmap_r3,cancel,10000,0.405,125
idmap_r3,cancel,10000,0.406,125
idmap_r3,cancel,10000,0.407,125
idmap_r3,cancel,10000,0.408,125
idmap_r3,cancel,10000,0.409,125
idmap_r3,cancel,10000,0.41,125
idmap_r3,cancel,10000,0.411,125
idmap_r3,cancel,10000,0.412,125
idmap_r3,cancel,10000,0.413,125
idmap_r3,cancel,10000,0.414,125
idmap_r3,cancel,10000,0.415,125
idmap_r3,cancel,10000,0.416,125
idmap_r3,cancel,10000,0.417,125
idmap_r3,cancel,10000,0.418,125
idmap_r3,cancel,10000,0.419,125
idmap_r3,cancel,10000,0.42,125
idmap_r3,cancel,10000,0.421,125
idmap_r3,cancel,10000,0.422,125
idmap_r3,cancel,10000,0.423,125
idmap_r3,cancel,10000,0.424,125
idmap_r3,cancel,10000,0.425,125
idmap_r3,cancel,10000,0.426,125
idmap_r3,cancel,10000,0.427,125
idmap_r3,cancel,10000,0.428,125
idmap_r3,cancel,10000,0.429,125
idmap_r3,cancel,10000,0.43,125
idmap_r3,cancel,10000,0.431,125
idmap_r3,cancel,10000,0.432,125
idmap_r3,cancel,10000,0.433,125
idmap_r3,cancel,10000,0.434,125
idmap_r3,cancel,10000,0.435,125
idmap_r3,cancel,10000,0.436,125
idmap_r3,cancel,10000,0.437,125
idmap_r3,cancel,10000,0.438,125
idmap_r3,cancel,10000,0.439,125
idmap_r3,cancel,10000,0.44,125
idmap_r3,cancel,10000,0.441,125
idmap_r3,cancel,10000,0.442,125
idmap_r3,cancel,10000,0.443,125
idmap_r3,cancel,10000,0.444,125
idmap_r3,cancel,10000,0.445,125
idmap_r3,cancel,10000,0.446,125
idmap_r3,cancel,10000,0.447,125
idmap_r3,cancel,10000,0.448,125
idmap_r3,cancel,10000,0.449,125
idmap_r3,cancel,10000,0.45,125
idmap_r3,cancel,10000,0.451,125
idmap_r3,cancel,10000,0.452,125
idmap_r3,cancel,10000,0.453,125
idmap_r3,cancel,10000,0.454,125
idmap_r3,cancel,10000,0.455,125
idmap_r3,cancel,10000,0.456,125
idmap_r3,cancel,10000,0.457,125
idmap_r3,cancel,10000,0.458,125
idmap_r3,cancel,10000,0.459,125
idmap_r3,cancel,10000,0.46,125
idmap_r3,cancel,10000,0.461,125
idmap_r3,cancel,10000,0.462,125
idmap_r3,cancel,10000,0.463,125
idmap_r3,cancel,10000,0.464,125
idmap_r3,cancel,10000,0.465,125
idmap_r3,cancel,10000,0.466,125
idmap_r3,cancel,10000,0.467,125
idmap_r3,cancel,10000,0.468,125
idmap_r3,cancel,10000,0.469,125
idmap_r3,cancel,10000,0.47,125
idmap_r3,cancel,10000,0.471,125
idmap_r3,cancel,10000,0.472,125
idmap_r3,cancel,10000,0.473,125
idmap_r3,cancel,10000,0.474,166
idmap_r3,cancel,10000,0.475,166
idmap_r3,cancel,10000,0.476,166
idmap_r3,cancel,10000,0.477,166
idmap_r3,cancel,10000,0.478,166
idmap_r3,cancel,10000,0.479,166
idmap_r3,cancel,10000,0.48,166
idmap_r3,cancel,10000,0.481,166
idmap_r3,cancel,10000,0.482,166
idmap_r3,cancel,10000,0.483,166
idmap_r3,cancel,10000,0.484,166
idmap_r3,cancel,10000,0.485,166
idmap_r3,cancel,10000,0.486,166
idmap_r3,cancel,10000,0.487,166
idmap_r3,cancel,10000,0.488,166
idmap_r3,cancel,10000,0.489,166
idmap_r3,cancel,10000,0.49,166
idmap_r3,cancel,10000,0.491,166
idmap_r3,cancel,10000,0.492,166
idmap_r3,cancel,10000,0.493,166
idmap_r3,cancel,10000,0.494,166
idmap_r3,cancel,10000,0.495,166
idmap_r3,cancel,10000,0.496,166
idmap_r3,cancel,10000,0.497,166
idmap_r3,cancel,10000,0.498,166
idmap_r3,cancel,10000,0.499,166
idmap_r3,cancel,10000,0.5,166
idmap_r3,cancel,10000,0.501,166
idmap_r3,cancel,10000,0.502,166
idmap_r3,cancel,10000,0.503,166
idmap_r3,cancel,10000,0.504,166
idmap_r3,cancel,10000,0.505,166
idmap_r3,cancel,10000,0.506,166
idmap_r3,cancel,10000,0.507,166
idmap_r3,cancel,10000,0.508,166
idmap_r3,cancel,10000,0.509,166
idmap_r3,cancel,10000,0.51,166
idmap_r3,cancel,10000,0.511,166
idmap_r3,cancel,10000,0.512,166
idmap_r3,cancel,10000,0.513,166
idmap_r3,cancel,10000,0.514,166
idmap_r3,cancel,10000,0.515,166
idmap_r3,cancel,10000,0.516,166
idmap_r3,cancel,10000,0.517,166
idmap_r3,cancel,10000,0.518,166
idmap_r3,cancel,10000,0.519,166
idmap_r3,cancel,10000,0.52,166
idmap_r3,cancel,10000,0.521,166
idmap_r3,cancel,10000,0.522,166
idmap_r3,cancel,10000,0.523,166
idmap_r3,cancel,10000,0.524,166
idmap_r3,cancel,10000,0.525,166
idmap_r3,cancel,10000,0.526,166
idmap_r3,cancel,10000,0.527,166
idmap_r3,cancel,10000,0.528,166
idmap_r3,cancel,10000,0.529,166
idmap_r3,cancel,10000,0.53,166
idmap_r3,cancel,10000,0.531,166
idmap_r3,cancel,10000,0.532,166
idmap_r3,cancel,10000,0.533,166
idmap_r3,cancel,10000,0.534,166
idmap_r3,cancel,10000,0.535,166
idmap_r3,cancel,10000,0.536,166
idmap_r3,cancel,10000,0.537,166
idmap_r3,cancel,10000,0.538,166
idmap_r3,cancel,10000,0.539,166
idmap_r3,cancel,10000,0.54,166
idmap_r3,cancel,10000,0.541,166
idmap_r3,cancel,10000,0.542,166
idmap_r3,cancel,10000,0.543,166
idmap_r3,cancel,10000,0.544,166
idmap_r3,cancel,10000,0.545,167
idmap_r3,cancel,10000,0.546,167
idmap_r3,cancel,10000,0.547,167
idmap_r3,cancel,10000,0.548,167
idmap_r3,cancel,10000,0.549,167
idmap_r3,cancel,10000,0.55,167
idmap_r3,cancel,10000,0.551,167
idmap_r3,cancel,10000,0.552,167
idmap_r3,cancel,10000,0.553,167
idmap_r3,cancel,10000,0.554,167
idmap_r3,cancel,10000,0.555,167
idmap_r3,cancel,10000,0.556,167
idmap_r3,cancel,10000,0.557,167
idmap_r3,cancel,10000,0.558,167
idmap_r3,cancel,10000,0.559,167
idmap_r3,cancel,10000,0.56,167
idmap_r3,cancel,10000,0.561,167
idmap_r3,cancel,10000,0.562,167
idmap_r3,cancel,10000,0.563,167
idmap_r3,cancel,10000,0.564,167
idmap_r3,cancel,10000,0.565,167
idmap_r3,cancel,10000,0.566,167
idmap_r3,cancel,10000,0.567,167
idmap_r3,cancel,10000,0.568,167
idmap_r3,cancel,10000,0.569,167
idmap_r3,cancel,10000,0.57,167
idmap_r3,cancel,10000,0.571,167
idmap_r3,cancel,10000,0.572,167
idmap_r3,cancel,10000,0.573,167
idmap_r3,cancel,10000,0.574,167
idmap_r3,cancel,10000,0.575,167
idmap_r3,cancel,10000,0.576,167
idmap_r3,cancel,10000,0.577,167
idmap_r3,cancel,10000,0.578,167
idmap_r3,cancel,10000,0.579,167
idmap_r3,cancel,10000,0.58,167
idmap_r3,cancel,10000,0.581,167
idmap_r3,cancel,10000,0.582,167
idmap_r3,cancel,10000,0.583,167
idmap_r3,cancel,10000,0.584,167
idmap_r3,cancel,10000,0.585,167
idmap_r3,cancel,10000,0.586,167
idmap_r3,cancel,10000,0.587,167
idmap_r3,cancel,10000,0.588,167
idmap_r3,cancel,10000,0.589,167
idmap_r3,cancel,10000,0.59,167
idmap_r3,cancel,10000,0.591,167
idmap_r3,cancel,10000,0.592,167
idmap_r3,cancel,10000,0.593,167
idmap_r3,cancel,10000,0.594,167
idmap_r3,cancel,10000,0.595,167
idmap_r3,cancel,10000,0.596,167
idmap_r3,cancel,10000,0.597,167
idmap_r3,cancel,10000,0.598,167
idmap_r3,cancel,10000,0.599,167
idmap_r3,cancel,10000,0.6,167
idmap_r3,cancel,10000,0.601,167
idmap_r3,cancel,10000,0.602,167
idmap_r3,cancel,10000,0.603,167
idmap_r3,cancel,10000,0.604,167
idmap_r3,cancel,10000,0.605,167
idmap_r3,cancel,10000,0.606,167
idmap_r3,cancel,10000,0.607,167
idmap_r3,cancel,10000,0.608,167
idmap_r3,cancel,10000,0.609,167
idmap_r3,cancel,10000,0.61,167
idmap_r3,cancel,10000,0.611,167
idmap_r3,cancel,10000,0.612,167
idmap_r3,cancel,10000,0.613,167
idmap_r3,cancel,10000,0.614,167
idmap_r3,cancel,10000,0.615,167
idmap_r3,cancel,10000,0.616,167
idmap_r3,cancel,10000,0.617,167
idmap_r3,cancel,10000,0.618,167
idmap_r3,cancel,10000,0.619,167
idmap_r3,cancel,10000,0.62,167
idmap_r3,cancel,10000,0.621,167
idmap_r3,cancel,10000,0.622,167
idmap_r3,cancel,10000,0.623,167
idmap_r3,cancel,10000,0.624,167
idmap_r3,cancel,10000,0.625,167
idmap_r3,cancel,10000,0.626,167
idmap_r3,cancel,10000,0.627,167
idmap_r3,cancel,10000,0.628,167
idmap_r3,cancel,10000,0.629,167
idmap_r3,cancel,10000,0.63,167
idmap_r3,cancel,10000,0.631,167
idmap_r3,cancel,10000,0.632,167
idmap_r3,cancel,10000,0.633,167
idmap_r3,cancel,10000,0.634,167
idmap_r3,cancel,10000,0.635,167
idmap_r3,cancel,10000,0.636,167
idmap_r3,cancel,10000,0.637,167
idmap_r3,cancel,10000,0.638,167
idmap_r3,cancel,10000,0.639,167
idmap_r3,cancel,10000,0.64,167
idmap_r3,cancel,10000,0.641,167
idmap_r3,cancel,10000,0.642,167
idmap_r3,cancel,10000,0.643,167
idmap_r3,cancel,10000,0.644,167
idmap_r3,cancel,10000,0.645,167
idmap_r3,cancel,10000,0.646,167
idmap_r3,cancel,10000,0.647,167
idmap_r3,cancel,10000,0.648,167
idmap_r3,cancel,10000,0.649,167
idmap_r3,cancel,10000,0.65,167
idmap_r3,cancel,10000,0.651,167
idmap_r3,cancel,10000,0.652,167
idmap_r3,cancel,10000,0.653,167
idmap_r3,cancel,10000,0.654,167
idmap_r3,cancel,10000,0.655,167
idmap_r3,cancel,10000,0.656,167
idmap_r3,cancel,10000,0.657,167
idmap_r3,cancel,10000,0.658,167
idmap_r3,cancel,10000,0.659,167
idmap_r3,cancel,10000,0.66,167
idmap_r3,cancel,10000,0.661,167
idmap_r3,cancel,10000,0.662,167
idmap_r3,cancel,10000,0.663,167
idmap_r3,cancel,10000,0.664,167
idmap_r3,cancel,10000,0.665,167
idmap_r3,cancel,10000,0.666,167
idmap_r3,cancel,10000,0.667,167
idmap_r3,cancel,10000,0.668,167
idmap_r3,cancel,10000,0.669,167
idmap_r3,cancel,10000,0.67,167
idmap_r3,cancel,10000,0.671,167
idmap_r3,cancel,10000,0.672,167
idmap_r3,cancel,10000,0.673,167
idmap_r3,cancel,10000,0.674,167
idmap_r3,cancel,10000,0.675,167
idmap_r3,cancel,10000,0.676,167
idmap_r3,cancel,10000,0.677,167
idmap_r3,cancel,10000,0.678,167
idmap_r3,cancel,10000,0.679,167
idmap_r3,cancel,10000,0.68,167
idmap_r3,cancel,10000,0.681,167
idmap_r3,cancel,10000,0.682,167
idmap_r3,cancel,10000,0.683,167
idmap_r3,cancel,10000,0.684,167
idmap_r3,cancel,10000,0.685,167
idmap_r3,cancel,10000,0.686,167
idmap_r3,cancel,10000,0.687,167
idmap_r3,cancel,10000,0.688,208
idmap_r3,cancel,10000,0.689,208
idmap_r3,cancel,10000,0.69,208
idmap_r3,cancel,10000,0.691,208
idmap_r3,cancel,10000,0.692,208
idmap_r3,cancel,10000,0.693,208
idmap_r3,cancel,10000,0.694,208
idmap_r3,cancel,10000,0.695,208
idmap_r3,cancel,10000,0.696,208
idmap_r3,cancel,10000,0.697,208
idmap_r3,cancel,10000,0.698,208
idmap_r3,cancel,10000,0.699,208
idmap_r3,cancel,10000,0.7,208
idmap_r3,cancel,10000,0.701,208
idmap_r3,cancel,10000,0.702,208
idmap_r3,cancel,10000,0.703,208
idmap_r3,cancel,10000,0.704,208
idmap_r3,cancel,10000,0.705,208
idmap_r3,cancel,10000,0.706,208
idmap_r3,cancel,10000,0.707,208
idmap_r3,cancel,10000,0.708,208
idmap_r3,cancel,10000,0.709,208
idmap_r3,cancel,10000,0.71,208
idmap_r3,cancel,10000,0.711,208
idmap_r3,cancel,10000,0.712,208
idmap_r3,cancel,10000,0.713,208
idmap_r3,cancel,10000,0.714,208
idmap_r3,cancel,10000,0.715,208
idmap_r3,cancel,10000,0.716,208
idmap_r3,cancel,10000,0.717,208
idmap_r3,cancel,10000,0.718,208
idmap_r3,cancel,10000,0.719,208
idmap_r3,cancel,10000,0.72,208
idmap_r3,cancel,10000,0.721,208
idmap_r3,cancel,10000,0.722,208
idmap_r3,cancel,10000,0.723,208
idmap_r3,cancel,10000,0.724,208
idmap_r3,cancel,10000,0.725,208
idmap_r3,cancel,10000,0.726,209
idmap_r3,cancel,10000,0.727,209
idmap_r3,cancel,10000,0.728,209
idmap_r3,cancel,10000,0.729,209
idmap_r3,cancel,10000,0.73,209
idmap_r3,cancel,10000,0.731,209
idmap_r3,cancel,10000,0.732,209
idmap_r3,cancel,10000,0.733,209
idmap_r3,cancel,10000,0.734,209
idmap_r3,cancel,10000,0.735,209
idmap_r3,cancel,10000,0.736,209
idmap_r3,cancel,10000,0.737,209
idmap_r3,cancel,10000,0.738,209
idmap_r3,cancel,10000,0.739,209
idmap_r3,cancel,10000,0.74,209
idmap_r3,cancel,10000,0.741,209
idmap_r3,cancel,10000,0.742,209
idmap_r3,cancel,10000,0.743,209
idmap_r3,cancel,10000,0.744,209
idmap_r3,cancel,10000,0.745,250
idmap_r3,cancel,10000,0.746,250
idmap_r3,cancel,10000,0.747,250
idmap_r3,cancel,10000,0.748,250
idmap_r3,cancel,10000,0.749,250
idmap_r3,cancel,10000,0.75,250
idmap_r3,cancel,10000,0.751,250
idmap_r3,cancel,10000,0.752,250
idmap_r3,cancel,10000,0.753,250
idmap_r3,cancel,10000,0.754,250
idmap_r3,cancel,10000,0.755,250
idmap_r3,cancel,10000,0.756,250
idmap_r3,cancel,10000,0.757,250
idmap_r3,cancel,10000,0.758,250
idmap_r3,cancel,10000,0.759,250
idmap_r3,cancel,10000,0.76,250
idmap_r3,cancel,10000,0.761,250
idmap_r3,cancel,10000,0.762,250
idmap_r3,cancel,10000,0.763,250
idmap_r3,cancel,10000,0.764,250
idmap_r3,cancel,10000,0.765,250
idmap_r3,cancel,10000,0.766,250
idmap_r3,cancel,10000,0.767,250
idmap_r3,cancel,10000,0.768,250
idmap_r3,cancel,10000,0.769,250
idmap_r3,cancel,10000,0.77,250
idmap_r3,cancel,10000,0.771,250
idmap_r3,cancel,10000,0.772,250
idmap_r3,cancel,10000,0.773,250
idmap_r3,cancel,10000,0.774,250
idmap_r3,cancel,10000,0.775,250
idmap_r3,cancel,10000,0.776,250
idmap_r3,cancel,10000,0.777,250
idmap_r3,cancel,10000,0.778,250
idmap_r3,cancel,10000,0.779,250
idmap_r3,cancel,10000,0.78,250
idmap_r3,cancel,10000,0.781,250
idmap_r3,cancel,10000,0.782,250
idmap_r3,cancel,10000,0.783,250
idmap_r3,cancel,10000,0.784,250
idmap_r3,cancel,10000,0.785,250
idmap_r3,cancel,10000,0.786,250
idmap_r3,cancel,10000,0.787,250
idmap_r3,cancel,10000,0.788,250
idmap_r3,cancel,10000,0.789,250
idmap_r3,cancel,10000,0.79,250
idmap_r3,cancel,10000,0.791,250
idmap_r3,cancel,10000,0.792,250
idmap_r3,cancel,10000,0.793,250
idmap_r3,cancel,10000,0.794,250
idmap_r3,cancel,10000,0.795,250
idmap_r3,cancel,10000,0.796,250
idmap_r3,cancel,10000,0.797,250
idmap_r3,cancel,10000,0.798,250
idmap_r3,cancel,10000,0.799,250
idmap_r3,cancel,10000,0.8,291
idmap_r3,cancel,10000,0.801,291
idmap_r3,cancel,10000,0.802,291
idmap_r3,cancel,10000,0.803,291
idmap_r3,cancel,10000,0.804,291
idmap_r3,cancel,10000,0.805,291
idmap_r3,cancel,10000,0.806,291
idmap_r3,cancel,10000,0.807,291
idmap_r3,cancel,10000,0.808,291
idmap_r3,cancel,10000,0.809,291
idmap_r3,cancel,10000,0.81,291
idmap_r3,cancel,10000,0.811,291
idmap_r3,cancel,10000,0.812,292
idmap_r3,cancel,10000,0.813,292
idmap_r3,cancel,10000,0.814,292
idmap_r3,cancel,10000,0.815,292
idmap_r3,cancel,10000,0.816,292
idmap_r3,cancel,10000,0.817,292
idmap_r3,cancel,10000,0.818,292
idmap_r3,cancel,10000,0.819,292
idmap_r3,cancel,10000,0.82,292
idmap_r3,cancel,10000,0.821,292
idmap_r3,cancel,10000,0.822,292
idmap_r3,cancel,10000,0.823,292
idmap_r3,cancel,10000,0.824,292
idmap_r3,cancel,10000,0.825,292
idmap_r3,cancel,10000,0.826,292
idmap_r3,cancel,10000,0.827,292
idmap_r3,cancel,10000,0.828,292
idmap_r3,cancel,10000,0.829,292
idmap_r3,cancel,10000,0.83,292
idmap_r3,cancel,10000,0.831,292
idmap_r3,cancel,10000,0.832,292
idmap_r3,cancel,10000,0.833,292
idmap_r3,cancel,10000,0.834,292
idmap_r3,cancel,10000,0.835,292
idmap_r3,cancel,10000,0.836,292
idmap_r3,cancel,10000,0.837,292
idmap_r3,cancel,10000,0.838,333
idmap_r3,cancel,10000,0.839,333
idmap_r3,cancel,10000,0.84,333
idmap_r3,cancel,10000,0.841,333
idmap_r3,cancel,10000,0.842,333
idmap_r3,cancel,10000,0.843,333
idmap_r3,cancel,10000,0.844,333
idmap_r3,cancel,10000,0.845,333
idmap_r3,cancel,10000,0.846,333
idmap_r3,cancel,10000,0.847,333
idmap_r3,cancel,10000,0.848,333
idmap_r3,cancel,10000,0.849,333
idmap_r3,cancel,10000,0.85,333
idmap_r3,cancel,10000,0.851,333
idmap_r3,cancel,10000,0.852,333
idmap_r3,cancel,10000,0.853,333
idmap_r3,cancel,10000,0.854,333
idmap_r3,cancel,10000,0.855,333
idmap_r3,cancel,10000,0.856,333
idmap_r3,cancel,10000,0.857,334
idmap_r3,cancel,10000,0.858,334
idmap_r3,cancel,10000,0.859,334
idmap_r3,cancel,10000,0.86,334
idmap_r3,cancel,10000,0.861,334
idmap_r3,cancel,10000,0.862,334
idmap_r3,cancel,10000,0.863,334
idmap_r3,cancel,10000,0.864,334
idmap_r3,cancel,10000,0.865,334
idmap_r3,cancel,10000,0.866,375
idmap_r3,cancel,10000,0.867,375
idmap_r3,cancel,10000,0.868,375
idmap_r3,cancel,10000,0.869,375
idmap_r3,cancel,10000,0.87,375
idmap_r3,cancel,10000,0.871,375
idmap_r3,cancel,10000,0.872,375
idmap_r3,cancel,10000,0.873,375
idmap_r3,cancel,10000,0.874,375
idmap_r3,cancel,10000,0.875,375
idmap_r3,cancel,10000,0.876,375
idmap_r3,cancel,10000,0.877,375
idmap_r3,cancel,10000,0.878,375
idmap_r3,cancel,10000,0.879,375
idmap_r3,cancel,10000,0.88,375
idmap_r3,cancel,10000,0.881,375
idmap_r3,cancel,10000,0.882,375
idmap_r3,cancel,10000,0.883,375
idmap_r3,cancel,10000,0.884,375
idmap_r3,cancel,10000,0.885,375
idmap_r3,cancel,10000,0.886,375
idmap_r3,cancel,10000,0.887,375
idmap_r3,cancel,10000,0.888,375
idmap_r3,cancel,10000,0.889,375
idmap_r3,cancel,10000,0.89,375
idmap_r3,cancel,10000,0.891,416
idmap_r3,cancel,10000,0.892,416
idmap_r3,cancel,10000,0.893,416
idmap_r3,cancel,10000,0.894,416
idmap_r3,cancel,10000,0.895,416
idmap_r3,cancel,10000,0.896,416
idmap_r3,cancel,10000,0.897,416
idmap_r3,cancel,10000,0.898,417
idmap_r3,cancel,10000,0.899,417
idmap_r3,cancel,10000,0.9,417
idmap_r3,cancel,10000,0.901,417
idmap_r3,cancel,10000,0.902,417
idmap_r3,cancel,10000,0.903,417
idmap_r3,cancel,10000,0.904,417
idmap_r3,cancel,10000,0.905,417
idmap_r3,cancel,10000,0.906,417
idmap_r3,cancel,10000,0.907,417
idmap_r3,cancel,10000,0.908,417
idmap_r3,cancel,10000,0.909,417
idmap_r3,cancel,10000,0.91,417
idmap_r3,cancel,10000,0.911,458
idmap_r3,cancel,10000,0.912,458
idmap_r3,cancel,10000,0.913,458
idmap_r3,cancel,10000,0.914,458
idmap_r3,cancel,10000,0.915,458
idmap_r3,cancel,10000,0.916,458
idmap_r3,cancel,10000,0.917,458
idmap_r3,cancel,10000,0.918,458
idmap_r3,cancel,10000,0.919,458
idmap_r3,cancel,10000,0.92,458
idmap_r3,cancel,10000,0.921,458
idmap_r3,cancel,10000,0.922,459
idmap_r3,cancel,10000,0.923,459
idmap_r3,cancel,10000,0.924,459
idmap_r3,cancel,10000,0.925,459
idmap_r3,cancel,10000,0.926,459
idmap_r3,cancel,10000,0.927,459
idmap_r3,cancel,10000,0.928,500
idmap_r3,cancel,10000,0.929,500
idmap_r3,cancel,10000,0.93,500
idmap_r3,cancel,10000,0.931,500
idmap_r3,cancel,10000,0.932,500
idmap_r3,cancel,10000,0.933,500
idmap_r3,cancel,10000,0.934,500
idmap_r3,cancel,10000,0.935,500
idmap_r3,cancel,10000,0.936,500
idmap_r3,cancel,10000,0.937,500
idmap_r3,cancel,10000,0.938,500
idmap_r3,cancel,10000,0.939,500
idmap_r3,cancel,10000,0.94,500
idmap_r3,cancel,10000,0.941,500
idmap_r3,cancel,10000,0.942,541
idmap_r3,cancel,10000,0.943,541
idmap_r3,cancel,10000,0.944,541
idmap_r3,cancel,10000,0.945,541
idmap_r3,cancel,10000,0.946,542
idmap_r3,cancel,10000,0.947,542
idmap_r3,cancel,10000,0.948,542
idmap_r3,cancel,10000,0.949,542
idmap_r3,cancel,10000,0.95,542
idmap_r3,cancel,10000,0.951,542
idmap_r3,cancel,10000,0.952,542
idmap_r3,cancel,10000,0.953,542
idmap_r3,cancel,10000,0.954,583
idmap_r3,cancel,10000,0.955,583
idmap_r3,cancel,10000,0.956,583
idmap_r3,cancel,10000,0.957,583
idmap_r3,cancel,10000,0.958,583
idmap_r3,cancel,10000,0.959,583
idmap_r3,cancel,10000,0.96,584
idmap_r3,cancel,10000,0.961,584
idmap_r3,cancel,10000,0.962,584
idmap_r3,cancel,10000,0.963,625
idmap_r3,cancel,10000,0.964,625
idmap_r3,cancel,10000,0.965,625
idmap_r3,cancel,10000,0.966,625
idmap_r3,cancel,10000,0.967,625
idmap_r3,cancel,10000,0.968,625
idmap_r3,cancel,10000,0.969,625
idmap_r3,cancel,10000,0.97,625
idmap_r3,cancel,10000,0.971,666
idmap_r3,cancel,10000,0.972,667
idmap_r3,cancel,10000,0.973,667
idmap_r3,cancel,10000,0.974,667
idmap_r3,cancel,10000,0.975,667
idmap_r3,cancel,10000,0.976,708
idmap_r3,cancel,10000,0.977,708
idmap_r3,cancel,10000,0.978,708
idmap_r3,cancel,10000,0.979,709
idmap_r3,cancel,10000,0.98,750
idmap_r3,cancel,10000,0.981,750
idmap_r3,cancel,10000,0.982,750
idmap_r3,cancel,10000,0.983,750
idmap_r3,cancel,10000,0.984,792
idmap_r3,cancel,10000,0.985,792
idmap_r3,cancel,10000,0.986,833
idmap_r3,cancel,10000,0.987,833
idmap_r3,cancel,10000,0.988,875
idmap_r3,cancel,10000,0.989,875
idmap_r3,cancel,10000,0.99,916
idmap_r3,cancel,10000,0.991,917
idmap_r3,cancel,10000,0.992,959
idmap_r3,cancel,10000,0.993,1000
idmap_r3,cancel,10000,0.994,1042
idmap_r3,cancel,10000,0.995,1083
idmap_r3,cancel,10000,0.996,1125
idmap_r3,cancel,10000,0.997,1208
idmap_r3,cancel,10000,0.998,1375
idmap_r3,cancel,10000,0.999,5209
idmap_r3,match,10000,0,0
idmap_r3,match,10000,0.001,0
idmap_r3,match,10000,0.002,0
idmap_r3,match,10000,0.003,0
idmap_r3,match,10000,0.004,0
idmap_r3,match,10000,0.005,0
idmap_r3,match,10000,0.006,0
idmap_r3,match,10000,0.007,0
idmap_r3,match,10000,0.008,0
idmap_r3,match,10000,0.009,0
idmap_r3,match,10000,0.01,0
idmap_r3,match,10000,0.011,0
idmap_r3,match,10000,0.012,0
idmap_r3,match,10000,0.013,0
idmap_r3,match,10000,0.014,0
idmap_r3,match,10000,0.015,0
idmap_r3,match,10000,0.016,0
idmap_r3,match,10000,0.017,0
idmap_r3,match,10000,0.018,0
idmap_r3,match,10000,0.019,41
idmap_r3,match,10000,0.02,41
idmap_r3,match,10000,0.021,41
idmap_r3,match,10000,0.022,41
idmap_r3,match,10000,0.023,41
idmap_r3,match,10000,0.024,41
idmap_r3,match,10000,0.025,41
idmap_r3,match,10000,0.026,41
idmap_r3,match,10000,0.027,41
idmap_r3,match,10000,0.028,41
idmap_r3,match,10000,0.029,41
idmap_r3,match,10000,0.03,41
idmap_r3,match,10000,0.031,41
idmap_r3,match,10000,0.032,41
idmap_r3,match,10000,0.033,41
idmap_r3,match,10000,0.034,41
idmap_r3,match,10000,0.035,41
idmap_r3,match,10000,0.036,41
idmap_r3,match,10000,0.037,41
idmap_r3,match,10000,0.038,41
idmap_r3,match,10000,0.039,41
idmap_r3,match,10000,0.04,41
idmap_r3,match,10000,0.041,41
idmap_r3,match,10000,0.042,41
idmap_r3,match,10000,0.043,41
idmap_r3,match,10000,0.044,41
idmap_r3,match,10000,0.045,41
idmap_r3,match,10000,0.046,41
idmap_r3,match,10000,0.047,41
idmap_r3,match,10000,0.048,41
idmap_r3,match,10000,0.049,41
idmap_r3,match,10000,0.05,41
idmap_r3,match,10000,0.051,41
idmap_r3,match,10000,0.052,41
idmap_r3,match,10000,0.053,41
idmap_r3,match,10000,0.054,41
idmap_r3,match,10000,0.055,41
idmap_r3,match,10000,0.056,41
idmap_r3,match,10000,0.057,41
idmap_r3,match,10000,0.058,41
idmap_r3,match,10000,0.059,41
idmap_r3,match,10000,0.06,41
idmap_r3,match,10000,0.061,41
idmap_r3,match,10000,0.062,41
idmap_r3,match,10000,0.063,41
idmap_r3,match,10000,0.064,41
idmap_r3,match,10000,0.065,41
idmap_r3,match,10000,0.066,41
idmap_r3,match,10000,0.067,41
idmap_r3,match,10000,0.068,41
idmap_r3,match,10000,0.069,41
idmap_r3,match,10000,0.07,41
idmap_r3,match,10000,0.071,41
idmap_r3,match,10000,0.072,41
idmap_r3,match,10000,0.073,41
idmap_r3,match,10000,0.074,41
idmap_r3,match,10000,0.075,41
idmap_r3,match,10000,0.076,41
idmap_r3,match,10000,0.077,41
idmap_r3,match,10000,0.078,41
idmap_r3,match,10000,0.079,41
idmap_r3,match,10000,0.08,41
idmap_r3,match,10000,0.081,41
idmap_r3,match,10000,0.082,41
idmap_r3,match,10000,0.083,41
idmap_r3,match,10000,0.084,41
idmap_r3,match,10000,0.085,41
idmap_r3,match,10000,0.086,41
idmap_r3,match,10000,0.087,41
idmap_r3,match,10000,0.088,41
idmap_r3,match,10000,0.089,41
idmap_r3,match,10000,0.09,41
idmap_r3,match,10000,0.091,41
idmap_r3,match,10000,0.092,41
idmap_r3,match,10000,0.093,41
idmap_r3,match,10000,0.094,41
idmap_r3,match,10000,0.095,41
idmap_r3,match,10000,0.096,41
idmap_r3,match,10000,0.097,41
idmap_r3,match,10000,0.098,41
idmap_r3,match,10000,0.099,41
idmap_r3,match,10000,0.1,41
idmap_r3,match,10000,0.101,41
idmap_r3,match,10000,0.102,41
idmap_r3,match,10000,0.103,41
idmap_r3,match,10000,0.104,41
idmap_r3,match,10000,0.105,41
idmap_r3,match,10000,0.106,41
idmap_r3,match,10000,0.107,41
idmap_r3,match,10000,0.108,41
idmap_r3,match,10000,0.109,41
idmap_r3,match,10000,0.11,41
idmap_r3,match,10000,0.111,41
idmap_r3,match,10000,0.112,41
idmap_r3,match,10000,0.113,41
idmap_r3,match,10000,0.114,41
idmap_r3,match,10000,0.115,41
idmap_r3,match,10000,0.116,41
idmap_r3,match,10000,0.117,41
idmap_r3,match,10000,0.118,41
idmap_r3,match,10000,0.119,41
idmap_r3,match,10000,0.12,41
idmap_r3,match,10000,0.121,41
idmap_r3,match,10000,0.122,41
idmap_r3,match,10000,0.123,41
idmap_r3,match,10000,0.124,41
idmap_r3,match,10000,0.125,41
idmap_r3,match,10000,0.126,41
idmap_r3,match,10000,0.127,41
idmap_r3,match,10000,0.128,41
idmap_r3,match,10000,0.129,41
idmap_r3,match,10000,0.13,41
idmap_r3,match,10000,0.131,41
idmap_r3,match,10000,0.132,41
idmap_r3,match,10000,0.133,41
idmap_r3,match,10000,0.134,41
idmap_r3,match,10000,0.135,41
idmap_r3,match,10000,0.136,41
idmap_r3,match,10000,0.137,41
idmap_r3,match,10000,0.138,41
idmap_r3,match,10000,0.139,41
idmap_r3,match,10000,0.14,41
idmap_r3,match,10000,0.141,41
idmap_r3,match,10000,0.142,41
idmap_r3,match,10000,0.143,41
idmap_r3,match,10000,0.144,41
idmap_r3,match,10000,0.145,41
idmap_r3,match,10000,0.146,41
idmap_r3,match,10000,0.147,41
idmap_r3,match,10000,0.148,41
idmap_r3,match,10000,0.149,41
idmap_r3,match,10000,0.15,41
idmap_r3,match,10000,0.151,41
idmap_r3,match,10000,0.152,41
idmap_r3,match,10000,0.153,41
idmap_r3,match,10000,0.154,41
idmap_r3,match,10000,0.155,41
idmap_r3,match,10000,0.156,41
idmap_r3,match,10000,0.157,41
idmap_r3,match,10000,0.158,41
idmap_r3,match,10000,0.159,41
idmap_r3,match,10000,0.16,41
idmap_r3,match,10000,0.161,41
idmap_r3,match,10000,0.162,41
idmap_r3,match,10000,0.163,41
idmap_r3,match,10000,0.164,41
idmap_r3,match,10000,0.165,41
idmap_r3,match,10000,0.166,41
idmap_r3,match,10000,0.167,41
idmap_r3,match,10000,0.168,41
idmap_r3,match,10000,0.169,41
idmap_r3,match,10000,0.17,41
idmap_r3,match,10000,0.171,41
idmap_r3,match,10000,0.172,41
idmap_r3,match,10000,0.173,41
idmap_r3,match,10000,0.174,41
idmap_r3,match,10000,0.175,41
idmap_r3,match,10000,0.176,41
idmap_r3,match,10000,0.177,41
idmap_r3,match,10000,0.178,41
idmap_r3,match,10000,0.179,41
idmap_r3,match,10000,0.18,41
idmap_r3,match,10000,0.181,41
idmap_r3,match,10000,0.182,41
idmap_r3,match,10000,0.183,41
idmap_r3,match,10000,0.184,41
idmap_r3,match,10000,0.185,41
idmap_r3,match,10000,0.186,41
idmap_r3,match,10000,0.187,41
idmap_r3,match,10000,0.188,41
idmap_r3,match,10000,0.189,41
idmap_r3,match,10000,0.19,41
idmap_r3,match,10000,0.191,41
idmap_r3,match,10000,0.192,41
idmap_r3,match,10000,0.193,41
idmap_r3,match,10000,0.194,41
idmap_r3,match,10000,0.195,41
idmap_r3,match,10000,0.196,41
idmap_r3,match,10000,0.197,41
idmap_r3,match,10000,0.198,41
idmap_r3,match,10000,0.199,42
idmap_r3,match,10000,0.2,42
idmap_r3,match,10000,0.201,42
idmap_r3,match,10000,0.202,42
idmap_r3,match,10000,0.203,42
idmap_r3,match,10000,0.204,42
idmap_r3,match,10000,0.205,42
idmap_r3,match,10000,0.206,42
idmap_r3,match,10000,0.207,42
idmap_r3,match,10000,0.208,42
idmap_r3,match,10000,0.209,42
idmap_r3,match,10000,0.21,42
idmap_r3,match,10000,0.211,42
idmap_r3,match,10000,0.212,42
idmap_r3,match,10000,0.213,42
idmap_r3,match,10000,0.214,42
idmap_r3,match,10000,0.215,42
idmap_r3,match,10000,0.216,42
idmap_r3,match,10000,0.217,42
idmap_r3,match,10000,0.218,42
idmap_r3,match,10000,0.219,42
idmap_r3,match,10000,0.22,42
idmap_r3,match,10000,0.221,42
idmap_r3,match,10000,0.222,42
idmap_r3,match,10000,0.223,42
idmap_r3,match,10000,0.224,42
idmap_r3,match,10000,0.225,42
idmap_r3,match,10000,0.226,42
idmap_r3,match,10000,0.227,42
idmap_r3,match,10000,0.228,42
idmap_r3,match,10000,0.229,42
idmap_r3,match,10000,0.23,42
idmap_r3,match,10000,0.231,42
idmap_r3,match,10000,0.232,42
idmap_r3,match,10000,0.233,42
idmap_r3,match,10000,0.234,42
idmap_r3,match,10000,0.235,42
idmap_r3,match,10000,0.236,42
idmap_r3,match,10000,0.237,42
idmap_r3,match,10000,0.238,42
idmap_r3,match,10000,0.239,42
idmap_r3,match,10000,0.24,42
idmap_r3,match,10000,0.241,42
idmap_r3,match,10000,0.242,42
idmap_r3,match,10000,0.243,42
idmap_r3,match,10000,0.244,42
idmap_r3,match,10000,0.245,42
idmap_r3,match,10000,0.246,42
idmap_r3,match,10000,0.247,42
idmap_r3,match,10000,0.248,42
idmap_r3,match,10000,0.249,42
idmap_r3,match,10000,0.25,42
idmap_r3,match,10000,0.251,42
idmap_r3,match,10000,0.252,42
idmap_r3,match,10000,0.253,42
idmap_r3,match,10000,0.254,42
idmap_r3,match,10000,0.255,42
idmap_r3,match,10000,0.256,42
idmap_r3,match,10000,0.257,42
idmap_r3,match,10000,0.258,42
idmap_r3,match,10000,0.259,42
idmap_r3,match,10000,0.26,42
idmap_r3,match,10000,0.261,42
idmap_r3,match,10000,0.262,42
idmap_r3,match,10000,0.263,42
idmap_r3,match,10000,0.264,42
idmap_r3,match,10000,0.265,42
idmap_r3,match,10000,0.266,42
idmap_r3,match,10000,0.267,42
idmap_r3,match,10000,0.268,42
idmap_r3,match,10000,0.269,42
idmap_r3,match,10000,0.27,42
idmap_r3,match,10000,0.271,42
idmap_r3,match,10000,0.272,42
idmap_r3,match,10000,0.273,42
idmap_r3,match,10000,0.274,42
idmap_r3,match,10000,0.275,42
idmap_r3,match,10000,0.276,42
idmap_r3,match,10000,0.277,42
idmap_r3,match,10000,0.278,42
idmap_r3,match,10000,0.279,42
idmap_r3,match,10000,0.28,42
idmap_r3,match,10000,0.281,42
idmap_r3,match,10000,0.282,42
idmap_r3,match,10000,0.283,42
idmap_r3,match,10000,0.284,42
idmap_r3,match,10000,0.285,42
idmap_r3,match,10000,0.286,42
idmap_r3,match,10000,0.287,42
idmap_r3,match,10000,0.288,42
idmap_r3,match,10000,0.289,42
idmap_r3,match,10000,0.29,42
idmap_r3,match,10000,0.291,42
idmap_r3,match,10000,0.292,42
idmap_r3,match,10000,0.293,42
idmap_r3,match,10000,0.294,42
idmap_r3,match,10000,0.295,42
idmap_r3,match,10000,0.296,42
idmap_r3,match,10000,0.297,42
idmap_r3,match,10000,0.298,42
idmap_r3,match,10000,0.299,42
idmap_r3,match,10000,0.3,42
idmap_r3,match,10000,0.301,42
idmap_r3,match,10000,0.302,42
idmap_r3,match,10000,0.303,42
idmap_r3,match,10000,0.304,42
idmap_r3,match,10000,0.305,42
idmap_r3,match,10000,0.306,42
idmap_r3,match,10000,0.307,42
idmap_r3,match,10000,0.308,42
idmap_r3,match,10000,0.309,42
idmap_r3,match,10000,0.31,42
idmap_r3,match,10000,0.311,42
idmap_r3,match,10000,0.312,42
idmap_r3,match,10000,0.313,42
idmap_r3,match,10000,0.314,42
idmap_r3,match,10000,0.315,42
idmap_r3,match,10000,0.316,42
idmap_r3,match,10000,0.317,42
idmap_r3,match,10000,0.318,42
idmap_r3,match,10000,0.319,42
idmap_r3,match,10000,0.32,42
idmap_r3,match,10000,0.321,42
idmap_r3,match,10000,0.322,42
idmap_r3,match,10000,0.323,42
idmap_r3,match,10000,0.324,42
idmap_r3,match,10000,0.325,42
idmap_r3,match,10000,0.326,42
idmap_r3,match,10000,0.327,42
idmap_r3,match,10000,0.328,42
idmap_r3,match,10000,0.329,42
idmap_r3,match,10000,0.33,42
idmap_r3,match,10000,0.331,42
idmap_r3,match,10000,0.332,42
idmap_r3,match,10000,0.333,42
idmap_r3,match,10000,0.334,42
idmap_r3,match,10000,0.335,42
idmap_r3,match,10000,0.336,42
idmap_r3,match,10000,0.337,42
idmap_r3,match,10000,0.338,42
idmap_r3,match,10000,0.339,42
idmap_r3,match,10000,0.34,42
idmap_r3,match,10000,0.341,42
idmap_r3,match,10000,0.342,42
idmap_r3,match,10000,0.343,42
idmap_r3,match,10000,0.344,42
idmap_r3,match,10000,0.345,42
idmap_r3,match,10000,0.346,42
idmap_r3,match,10000,0.347,42
idmap_r3,match,10000,0.348,42
idmap_r3,match,10000,0.349,42
idmap_r3,match,10000,0.35,42
idmap_r3,match,10000,0.351,42
idmap_r3,match,10000,0.352,42
idmap_r3,match,10000,0.353,42
idmap_r3,match,10000,0.354,42
idmap_r3,match,10000,0.355,42
idmap_r3,match,10000,0.356,42
idmap_r3,match,10000,0.357,42
idmap_r3,match,10000,0.358,42
idmap_r3,match,10000,0.359,42
idmap_r3,match,10000,0.36,42
idmap_r3,match,10000,0.361,42
idmap_r3,match,10000,0.362,42
idmap_r3,match,10000,0.363,42
idmap_r3,match,10000,0.364,42
idmap_r3,match,10000,0.365,42
idmap_r3,match,10000,0.366,42
idmap_r3,match,10000,0.367,42
idmap_r3,match,10000,0.368,42
idmap_r3,match,10000,0.369,42
idmap_r3,match,10000,0.37,42
idmap_r3,match,10000,0.371,42
idmap_r3,match,10000,0.372,42
idmap_r3,match,10000,0.373,42
idmap_r3,match,10000,0.374,42
idmap_r3,match,10000,0.375,42
idmap_r3,match,10000,0.376,42
idmap_r3,match,10000,0.377,42
idmap_r3,match,10000,0.378,42
idmap_r3,match,10000,0.379,42
idmap_r3,match,10000,0.38,42
idmap_r3,match,10000,0.381,42
idmap_r3,match,10000,0.382,42
idmap_r3,match,10000,0.383,42
idmap_r3,match,10000,0.384,42
idmap_r3,match,10000,0.385,42
idmap_r3,match,10000,0.386,42
idmap_r3,match,10000,0.387,42
idmap_r3,match,10000,0.388,42
idmap_r3,match,10000,0.389,42
idmap_r3,match,10000,0.39,42
idmap_r3,match,10000,0.391,42
idmap_r3,match,10000,0.392,42
idmap_r3,match,10000,0.393,42
idmap_r3,match,10000,0.394,42
idmap_r3,match,10000,0.395,42
idmap_r3,match,10000,0.396,42
idmap_r3,match,10000,0.397,42
idmap_r3,match,10000,0.398,42
idmap_r3,match,10000,0.399,42
idmap_r3,match,10000,0.4,42
idmap_r3,match,10000,0.401,42
idmap_r3,match,10000,0.402,42
idmap_r3,match,10000,0.403,42
idmap_r3,match,10000,0.404,42
idmap_r3,match,10000,0.405,42
idmap_r3,match,10000,0.406,42
idmap_r3,match,10000,0.407,42
idmap_r3,match,10000,0.408,42
idmap_r3,match,10000,0.409,42
idmap_r3,match,10000,0.41,42
idmap_r3,match,10000,0.411,42
idmap_r3,match,10000,0.412,42
idmap_r3,match,10000,0.413,42
idmap_r3,match,10000,0.414,42
idmap_r3,match,10000,0.415,42
idmap_r3,match,10000,0.416,42
idmap_r3,match,10000,0.417,42
idmap_r3,match,10000,0.418,42
idmap_r3,match,10000,0.419,42
idmap_r3,match,10000,0.42,42
idmap_r3,match,10000,0.421,42
idmap_r3,match,10000,0.422,42
idmap_r3,match,10000,0.423,42
idmap_r3,match,10000,0.424,42
idmap_r3,match,10000,0.425,42
idmap_r3,match,10000,0.426,42
idmap_r3,match,10000,0.427,42
idmap_r3,match,10000,0.428,42
idmap_r3,match,10000,0.429,42
idmap_r3,match,10000,0.43,42
idmap_r3,match,10000,0.431,42
idmap_r3,match,10000,0.432,42
idmap_r3,match,10000,0.433,42
idmap_r3,match,10000,0.434,42
idmap_r3,match,10000,0.435,42
idmap_r3,match,10000,0.436,42
idmap_r3,match,10000,0.437,42
idmap_r3,match,10000,0.438,42
idmap_r3,match,10000,0.439,42
idmap_r3,match,10000,0.44,42
idmap_r3,match,10000,0.441,42
idmap_r3,match,10000,0.442,42
idmap_r3,match,10000,0.443,42
idmap_r3,match,10000,0.444,42
idmap_r3,match,10000,0.445,42
idmap_r3,match,10000,0.446,42
idmap_r3,match,10000,0.447,42
idmap_r3,match,10000,0.448,42
idmap_r3,match,10000,0.449,42
idmap_r3,match,10000,0.45,42
idmap_r3,match,10000,0.451,42
idmap_r3,match,10000,0.452,42
idmap_r3,match,10000,0.453,42
idmap_r3,match,10000,0.454,42
idmap_r3,match,10000,0.455,42
idmap_r3,match,10000,0.456,42
idmap_r3,match,10000,0.457,42
idmap_r3,match,10000,0.458,42
idmap_r3,match,10000,0.459,42
idmap_r3,match,10000,0.46,42
idmap_r3,match,10000,0.461,42
idmap_r3,match,10000,0.462,42
idmap_r3,match,10000,0.463,42
idmap_r3,match,10000,0.464,42
idmap_r3,match,10000,0.465,42
idmap_r3,match,10000,0.466,42
idmap_r3,match,10000,0.467,42
idmap_r3,match,10000,0.468,42
idmap_r3,match,10000,0.469,42
idmap_r3,match,10000,0.47,42
idmap_r3,match,10000,0.471,42
idmap_r3,match,10000,0.472,42
idmap_r3,match,10000,0.473,42
idmap_r3,match,10000,0.474,42
idmap_r3,match,10000,0.475,42
idmap_r3,match,10000,0.476,42
idmap_r3,match,10000,0.477,42
idmap_r3,match,10000,0.478,42
idmap_r3,match,10000,0.479,42
idmap_r3,match,10000,0.48,42
idmap_r3,match,10000,0.481,42
idmap_r3,match,10000,0.482,42
idmap_r3,match,10000,0.483,42
idmap_r3,match,10000,0.484,42
idmap_r3,match,10000,0.485,42
idmap_r3,match,10000,0.486,42
idmap_r3,match,10000,0.487,42
idmap_r3,match,10000,0.488,42
idmap_r3,match,10000,0.489,42
idmap_r3,match,10000,0.49,42
idmap_r3,match,10000,0.491,42
idmap_r3,match,10000,0.492,42
idmap_r3,match,10000,0.493,42
idmap_r3,match,10000,0.494,42
idmap_r3,match,10000,0.495,42
idmap_r3,match,10000,0.496,42
idmap_r3,match,10000,0.497,42
idmap_r3,match,10000,0.498,42
idmap_r3,match,10000,0.499,42
idmap_r3,match,10000,0.5,42
idmap_r3,match,10000,0.501,42
idmap_r3,match,10000,0.502,42
idmap_r3,match,10000,0.503,42
idmap_r3,match,10000,0.504,42
idmap_r3,match,10000,0.505,42
idmap_r3,match,10000,0.506,42
idmap_r3,match,10000,0.507,42
idmap_r3,match,10000,0.508,42
idmap_r3,match,10000,0.509,42
idmap_r3,match,10000,0.51,42
idmap_r3,match,10000,0.511,42
idmap_r3,match,10000,0.512,42
idmap_r3,match,10000,0.513,42
idmap_r3,match,10000,0.514,42
idmap_r3,match,10000,0.515,42
idmap_r3,match,10000,0.516,42
idmap_r3,match,10000,0.517,42
idmap_r3,match,10000,0.518,42
idmap_r3,match,10000,0.519,42
idmap_r3,match,10000,0.52,42
idmap_r3,match,10000,0.521,42
idmap_r3,match,10000,0.522,42
idmap_r3,match,10000,0.523,42
idmap_r3,match,10000,0.524,42
idmap_r3,match,10000,0.525,42
idmap_r3,match,10000,0.526,42
idmap_r3,match,10000,0.527,42
idmap_r3,match,10000,0.528,42
idmap_r3,match,10000,0.529,42
idmap_r3,match,10000,0.53,42
idmap_r3,match,10000,0.531,42
idmap_r3,match,10000,0.532,42
idmap_r3,match,10000,0.533,42
idmap_r3,match,10000,0.534,42
idmap_r3,match,10000,0.535,42
idmap_r3,match,10000,0.536,42
idmap_r3,match,10000,0.537,42
idmap_r3,match,10000,0.538,42
idmap_r3,match,10000,0.539,42
idmap_r3,match,10000,0.54,42
idmap_r3,match,10000,0.541,42
idmap_r3,match,10000,0.542,42
idmap_r3,match,10000,0.543,42
idmap_r3,match,10000,0.544,42
idmap_r3,match,10000,0.545,42
idmap_r3,match,10000,0.546,42
idmap_r3,match,10000,0.547,42
idmap_r3,match,10000,0.548,42
idmap_r3,match,10000,0.549,42
idmap_r3,match,10000,0.55,42
idmap_r3,match,10000,0.551,42
idmap_r3,match,10000,0.552,42
idmap_r3,match,10000,0.553,42
idmap_r3,match,10000,0.554,42
idmap_r3,match,10000,0.555,42
idmap_r3,match,10000,0.556,42
idmap_r3,match,10000,0.557,42
idmap_r3,match,10000,0.558,83
idmap_r3,match,10000,0.559,83
idmap_r3,match,10000,0.56,83
idmap_r3,match,10000,0.561,83
idmap_r3,match,10000,0.562,83
idmap_r3,match,10000,0.563,83
idmap_r3,match,10000,0.564,83
idmap_r3,match,10000,0.565,83
idmap_r3,match,10000,0.566,83
idmap_r3,match,10000,0.567,83
idmap_r3,match,10000,0.568,83
idmap_r3,match,10000,0.569,83
idmap_r3,match,10000,0.57,83
idmap_r3,match,10000,0.571,83
idmap_r3,match,10000,0.572,83
idmap_r3,match,10000,0.573,83
idmap_r3,match,10000,0.574,83
idmap_r3,match,10000,0.575,83
idmap_r3,match,10000,0.576,83
idmap_r3,match,10000,0.577,83
idmap_r3,match,10000,0.578,83
idmap_r3,match,10000,0.579,83
idmap_r3,match,10000,0.58,83
idmap_r3,match,10000,0.581,83
idmap_r3,match,10000,0.582,83
idmap_r3,match,10000,0.583,83
idmap_r3,match,10000,0.584,83
idmap_r3,match,10000,0.585,83
idmap_r3,match,10000,0.586,83
idmap_r3,match,10000,0.587,83
idmap_r3,match,10000,0.588,83
idmap_r3,match,10000,0.589,83
idmap_r3,match,10000,0.59,83
idmap_r3,match,10000,0.591,83
idmap_r3,match,10000,0.592,83
idmap_r3,match,10000,0.593,83
idmap_r3,match,10000,0.594,83
idmap_r3,match,10000,0.595,83
idmap_r3,match,10000,0.596,83
idmap_r3,match,10000,0.597,83
idmap_r3,match,10000,0.598,83
idmap_r3,match,10000,0.599,83
idmap_r3,match,10000,0.6,83
idmap_r3,match,10000,0.601,83
idmap_r3,match,10000,0.602,83
idmap_r3,match,10000,0.603,83
idmap_r3,match,10000,0.604,83
idmap_r3,match,10000,0.605,83
idmap_r3,match,10000,0.606,83
idmap_r3,match,10000,0.607,83
idmap_r3,match,10000,0.608,83
idmap_r3,match,10000,0.609,83
idmap_r3,match,10000,0.61,83
idmap_r3,match,10000,0.611,83
idmap_r3,match,10000,0.612,83
idmap_r3,match,10000,0.613,83
idmap_r3,match,10000,0.614,83
idmap_r3,match,10000,0.615,83
idmap_r3,match,10000,0.616,83
idmap_r3,match,10000,0.617,83
idmap_r3,match,10000,0.618,83
idmap_r3,match,10000,0.619,83
idmap_r3,match,10000,0.62,83
idmap_r3,match,10000,0.621,83
idmap_r3,match,10000,0.622,83
idmap_r3,match,10000,0.623,83
idmap_r3,match,10000,0.624,83
idmap_r3,match,10000,0.625,83
idmap_r3,match,10000,0.626,83
idmap_r3,match,10000,0.627,83
idmap_r3,match,10000,0.628,83
idmap_r3,match,10000,0.629,83
idmap_r3,match,10000,0.63,83
idmap_r3,match,10000,0.631,83
idmap_r3,match,10000,0.632,83
idmap_r3,match,10000,0.633,83
idmap_r3,match,10000,0.634,83
idmap_r3,match,10000,0.635,83
idmap_r3,match,10000,0.636,83
idmap_r3,match,10000,0.637,83
idmap_r3,match,10000,0.638,83
idmap_r3,match,10000,0.639,83
idmap_r3,match,10000,0.64,83
idmap_r3,match,10000,0.641,83
idmap_r3,match,10000,0.642,83
idmap_r3,match,10000,0.643,83
idmap_r3,match,10000,0.644,83
idmap_r3,match,10000,0.645,83
idmap_r3,match,10000,0.646,83
idmap_r3,match,10000,0.647,83
idmap_r3,match,10000,0.648,83
idmap_r3,match,10000,0.649,83
idmap_r3,match,10000,0.65,83
idmap_r3,match,10000,0.651,83
idmap_r3,match,10000,0.652,83
idmap_r3,match,10000,0.653,83
idmap_r3,match,10000,0.654,83
idmap_r3,match,10000,0.655,83
idmap_r3,match,10000,0.656,83
idmap_r3,match,10000,0.657,83
idmap_r3,match,10000,0.658,83
idmap_r3,match,10000,0.659,83
idmap_r3,match,10000,0.66,83
idmap_r3,match,10000,0.661,83
idmap_r3,match,10000,0.662,83
idmap_r3,match,10000,0.663,83
idmap_r3,match,10000,0.664,83
idmap_r3,match,10000,0.665,83
idmap_r3,match,10000,0.666,83
idmap_r3,match,10000,0.667,83
idmap_r3,match,10000,0.668,83
idmap_r3,match,10000,0.669,83
idmap_r3,match,10000,0.67,83
idmap_r3,match,10000,0.671,83
idmap_r3,match,10000,0.672,83
idmap_r3,match,10000,0.673,83
idmap_r3,match,10000,0.674,83
idmap_r3,match,10000,0.675,83
idmap_r3,match,10000,0.676,83
idmap_r3,match,10000,0.677,83
idmap_r3,match,10000,0.678,83
idmap_r3,match,10000,0.679,83
idmap_r3,match,10000,0.68,83
idmap_r3,match,10000,0.681,83
idmap_r3,match,10000,0.682,83
idmap_r3,match,10000,0.683,83
idmap_r3,match,10000,0.684,83
idmap_r3,match,10000,0.685,83
idmap_r3,match,10000,0.686,84
idmap_r3,match,10000,0.687,84
idmap_r3,match,10000,0.688,84
idmap_r3,match,10000,0.689,84
idmap_r3,match,10000,0.69,84
idmap_r3,match,10000,0.691,84
idmap_r3,match,10000,0.692,84
idmap_r3,match,10000,0.693,84
idmap_r3,match,10000,0.694,84
idmap_r3,match,10000,0.695,84
idmap_r3,match,10000,0.696,84
idmap_r3,match,10000,0.697,84
idmap_r3,match,10000,0.698,84
idmap_r3,match,10000,0.699,84
idmap_r3,match,10000,0.7,84
idmap_r3,match,10000,0.701,84
idmap_r3,match,10000,0.702,84
idmap_r3,match,10000,0.703,84
idmap_r3,match,10000,0.704,84
idmap_r3,match,10000,0.705,84
idmap_r3,match,10000,0.706,84
idmap_r3,match,10000,0.707,84
idmap_r3,match,10000,0.708,84
idmap_r3,match,10000,0.709,84
idmap_r3,match,10000,0.71,84
idmap_r3,match,10000,0.711,84
idmap_r3,match,10000,0.712,84
idmap_r3,match,10000,0.713,84
idmap_r3,match,10000,0.714,84
idmap_r3,match,10000,0.715,84
idmap_r3,match,10000,0.716,84
idmap_r3,match,10000,0.717,84
idmap_r3,match,10000,0.718,84
idmap_r3,match,10000,0.719,84
idmap_r3,match,10000,0.72,84
idmap_r3,match,10000,0.721,84
idmap_r3,match,10000,0.722,84
idmap_r3,match,10000,0.723,84
idmap_r3,match,10000,0.724,84
idmap_r3,match,10000,0.725,84
idmap_r3,match,10000,0.726,84
idmap_r3,match,10000,0.727,84
idmap_r3,match,10000,0.728,84
idmap_r3,match,10000,0.729,84
idmap_r3,match,10000,0.73,84
idmap_r3,match,10000,0.731,84
idmap_r3,match,10000,0.732,84
idmap_r3,match,10000,0.733,84
idmap_r3,match,10000,0.734,84
idmap_r3,match,10000,0.735,84
idmap_r3,match,10000,0.736,84
idmap_r3,match,10000,0.737,84
idmap_r3,match,10000,0.738,84
idmap_r3,match,10000,0.739,84
idmap_r3,match,10000,0.74,84
idmap_r3,match,10000,0.741,84
idmap_r3,match,10000,0.742,84
idmap_r3,match,10000,0.743,84
idmap_r3,match,10000,0.744,84
idmap_r3,match,10000,0.745,84
idmap_r3,match,10000,0.746,84
idmap_r3,match,10000,0.747,84
idmap_r3,match,10000,0.748,84
idmap_r3,match,10000,0.749,84
idmap_r3,match,10000,0.75,125
idmap_r3,match,10000,0.751,125
idmap_r3,match,10000,0.752,125
idmap_r3,match,10000,0.753,125
idmap_r3,match,10000,0.754,125
idmap_r3,match,10000,0.755,125
idmap_r3,match,10000,0.756,125
idmap_r3,match,10000,0.757,125
idmap_r3,match,10000,0.758,125
idmap_r3,match,10000,0.759,125
idmap_r3,match,10000,0.76,125
idmap_r3,match,10000,0.761,125
idmap_r3,match,10000,0.762,125
idmap_r3,match,10000,0.763,125
idmap_r3,match,10000,0.764,125
idmap_r3,match,10000,0.765,125
idmap_r3,match,10000,0.766,125
idmap_r3,match,10000,0.767,125
idmap_r3,match,10000,0.768,125
idmap_r3,match,10000,0.769,125
idmap_r3,match,10000,0.77,125
idmap_r3,match,10000,0.771,125
idmap_r3,match,10000,0.772,125
idmap_r3,match,10000,0.773,125
idmap_r3,match,10000,0.774,125
idmap_r3,match,10000,0.775,125
idmap_r3,match,10000,0.776,125
idmap_r3,match,10000,0.777,125
idmap_r3,match,10000,0.778,125
idmap_r3,match,10000,0.779,125
idmap_r3,match,10000,0.78,125
idmap_r3,match,10000,0.781,125
idmap_r3,match,10000,0.782,125
idmap_r3,match,10000,0.783,125
idmap_r3,match,10000,0.784,125
idmap_r3,match,10000,0.785,125
idmap_r3,match,10000,0.786,125
idmap_r3,match,10000,0.787,125
idmap_r3,match,10000,0.788,125
idmap_r3,match,10000,0.789,125
idmap_r3,match,10000,0.79,125
idmap_r3,match,10000,0.791,125
idmap_r3,match,10000,0.792,125
idmap_r3,match,10000,0.793,125
idmap_r3,match,10000,0.794,125
idmap_r3,match,10000,0.795,125
idmap_r3,match,10000,0.796,125
idmap_r3,match,10000,0.797,125
idmap_r3,match,10000,0.798,125
idmap_r3,match,10000,0.799,125
idmap_r3,match,10000,0.8,125
idmap_r3,match,10000,0.801,125
idmap_r3,match,10000,0.802,125
idmap_r3,match,10000,0.803,125
idmap_r3,match,10000,0.804,125
idmap_r3,match,10000,0.805,125
idmap_r3,match,10000,0.806,125
idmap_r3,match,10000,0.807,125
idmap_r3,match,10000,0.808,125
idmap_r3,match,10000,0.809,125
idmap_r3,match,10000,0.81,125
idmap_r3,match,10000,0.811,125
idmap_r3,match,10000,0.812,125
idmap_r3,match,10000,0.813,125
idmap_r3,match,10000,0.814,125
idmap_r3,match,10000,0.815,166
idmap_r3,match,10000,0.816,166
idmap_r3,match,10000,0.817,166
idmap_r3,match,10000,0.818,166
idmap_r3,match,10000,0.819,166
idmap_r3,match,10000,0.82,166
idmap_r3,match,10000,0.821,166
idmap_r3,match,10000,0.822,166
idmap_r3,match,10000,0.823,166
idmap_r3,match,10000,0.824,166
idmap_r3,match,10000,0.825,166
idmap_r3,match,10000,0.826,166
idmap_r3,match,10000,0.827,166
idmap_r3,match,10000,0.828,166
idmap_r3,match,10000,0.829,166
idmap_r3,match,10000,0.83,166
idmap_r3,match,10000,0.831,166
idmap_r3,match,10000,0.832,166
idmap_r3,match,10000,0.833,166
idmap_r3,match,10000,0.834,166
idmap_r3,match,10000,0.835,167
idmap_r3,match,10000,0.836,167
idmap_r3,match,10000,0.837,167
idmap_r3,match,10000,0.838,167
idmap_r3,match,10000,0.839,167
idmap_r3,match,10000,0.84,167
idmap_r3,match,10000,0.841,167
idmap_r3,match,10000,0.842,167
idmap_r3,match,10000,0.843,167
idmap_r3,match,10000,0.844,167
idmap_r3,match,10000,0.845,167
idmap_r3,match,10000,0.846,167
idmap_r3,match,10000,0.847,167
idmap_r3,match,10000,0.848,167
idmap_r3,match,10000,0.849,167
idmap_r3,match,10000,0.85,167
idmap_r3,match,10000,0.851,167
idmap_r3,match,10000,0.852,167
idmap_r3,match,10000,0.853,167
idmap_r3,match,10000,0.854,167
idmap_r3,match,10000,0.855,167
idmap_r3,match,10000,0.856,167
idmap_r3,match,10000,0.857,167
idmap_r3,match,10000,0.858,167
idmap_r3,match,10000,0.859,167
idmap_r3,match,10000,0.86,167
idmap_r3,match,10000,0.861,167
idmap_r3,match,10000,0.862,167
idmap_r3,match,10000,0.863,167
idmap_r3,match,10000,0.864,167
idmap_r3,match,10000,0.865,167
idmap_r3,match,10000,0.866,167
idmap_r3,match,10000,0.867,167
idmap_r3,match,10000,0.868,167
idmap_r3,match,10000,0.869,167
idmap_r3,match,10000,0.87,167
idmap_r3,match,10000,0.871,167
idmap_r3,match,10000,0.872,167
idmap_r3,match,10000,0.873,167
idmap_r3,match,10000,0.874,167
idmap_r3,match,10000,0.875,167
idmap_r3,match,10000,0.876,167
idmap_r3,match,10000,0.877,208
idmap_r3,match,10000,0.878,208
idmap_r3,match,10000,0.879,208
idmap_r3,match,10000,0.88,208
idmap_r3,match,10000,0.881,208
idmap_r3,match,10000,0.882,208
idmap_r3,match,10000,0.883,208
idmap_r3,match,10000,0.884,208
idmap_r3,match,10000,0.885,208
idmap_r3,match,10000,0.886,208
idmap_r3,match,10000,0.887,208
idmap_r3,match,10000,0.888,208
idmap_r3,match,10000,0.889,208
idmap_r3,match,10000,0.89,208
idmap_r3,match,10000,0.891,208
idmap_r3,match,10000,0.892,208
idmap_r3,match,10000,0.893,208
idmap_r3,match,10000,0.894,208
idmap_r3,match,10000,0.895,208
idmap_r3,match,10000,0.896,208
idmap_r3,match,10000,0.897,208
idmap_r3,match,10000,0.898,208
idmap_r3,match,10000,0.899,208
idmap_r3,match,10000,0.9,208
idmap_r3,match,10000,0.901,208
idmap_r3,match,10000,0.902,208
idmap_r3,match,10000,0.903,208
idmap_r3,match,10000,0.904,208
idmap_r3,match,10000,0.905,208
idmap_r3,match,10000,0.906,209
idmap_r3,match,10000,0.907,209
idmap_r3,match,10000,0.908,209
idmap_r3,match,10000,0.909,209
idmap_r3,match,10000,0.91,209
idmap_r3,match,10000,0.911,209
idmap_r3,match,10000,0.912,209
idmap_r3,match,10000,0.913,209
idmap_r3,match,10000,0.914,209
idmap_r3,match,10000,0.915,209
idmap_r3,match,10000,0.916,209
idmap_r3,match,10000,0.917,209
idmap_r3,match,10000,0.918,209
idmap_r3,match,10000,0.919,209
idmap_r3,match,10000,0.92,250
idmap_r3,match,10000,0.921,250
idmap_r3,match,10000,0.922,250
idmap_r3,match,10000,0.923,250
idmap_r3,match,10000,0.924,250
idmap_r3,match,10000,0.925,250
idmap_r3,match,10000,0.926,250
idmap_r3,match,10000,0.927,250
idmap_r3,match,10000,0.928,250
idmap_r3,match,10000,0.929,250
idmap_r3,match,10000,0.93,250
idmap_r3,match,10000,0.931,250
idmap_r3,match,10000,0.932,250
idmap_r3,match,10000,0.933,250
idmap_r3,match,10000,0.934,250
idmap_r3,match,10000,0.935,250
idmap_r3,match,10000,0.936,250
idmap_r3,match,10000,0.937,250
idmap_r3,match,10000,0.938,250
idmap_r3,match,10000,0.939,250
idmap_r3,match,10000,0.94,250
idmap_r3,match,10000,0.941,250
idmap_r3,match,10000,0.942,250
idmap_r3,match,10000,0.943,250
idmap_r3,match,10000,0.944,291
idmap_r3,match,10000,0.945,291
idmap_r3,match,10000,0.946,291
idmap_r3,match,10000,0.947,291
idmap_r3,match,10000,0.948,291
idmap_r3,match,10000,0.949,292
idmap_r3,match,10000,0.95,292
idmap_r3,match,10000,0.951,292
idmap_r3,match,10000,0.952,292
idmap_r3,match,10000,0.953,292
idmap_r3,match,10000,0.954,292
idmap_r3,match,10000,0.955,292
idmap_r3,match,10000,0.956,292
idmap_r3,match,10000,0.957,292
idmap_r3,match,10000,0.958,292
idmap_r3,match,10000,0.959,333
idmap_r3,match,10000,0.96,333
idmap_r3,match,10000,0.961,333
idmap_r3,match,10000,0.962,333
idmap_r3,match,10000,0.963,333
idmap_r3,match,10000,0.964,333
idmap_r3,match,10000,0.965,333
idmap_r3,match,10000,0.966,334
idmap_r3,match,10000,0.967,334
idmap_r3,match,10000,0.968,334
idmap_r3,match,10000,0.969,334
idmap_r3,match,10000,0.97,375
idmap_r3,match,10000,0.971,375
idmap_r3,match,10000,0.972,375
idmap_r3,match,10000,0.973,375
idmap_r3,match,10000,0.974,375
idmap_r3,match,10000,0.975,375
idmap_r3,match,10000,0.976,375
idmap_r3,match,10000,0.977,375
idmap_r3,match,10000,0.978,416
idmap_r3,match,10000,0.979,416
idmap_r3,match,10000,0.98,417
idmap_r3,match,10000,0.981,417
idmap_r3,match,10000,0.982,417
idmap_r3,match,10000,0.983,417
idmap_r3,match,10000,0.984,458
idmap_r3,match,10000,0.985,458
idmap_r3,match,10000,0.986,458
idmap_r3,match,10000,0.987,459
idmap_r3,match,10000,0.988,500
idmap_r3,match,10000,0.989,500
idmap_r3,match,10000,0.99,500
idmap_r3,match,10000,0.991,500
idmap_r3,match,10000,0.992,541
idmap_r3,match,10000,0.993,542
idmap_r3,match,10000,0.994,583
idmap_r3,match,10000,0.995,584
idmap_r3,match,10000,0.996,625
idmap_r3,match,10000,0.997,667
idmap_r3,match,10000,0.998,792
idmap_r3,match,10000,0.999,1042
idmap_r3,add,100000,0,0
idmap_r3,add,100000,0.001,0
idmap_r3,add,100000,0.002,0
idmap_r3,add,100000,0.003,0
idmap_r3,add,100000,0.004,0
idmap_r3,add,100000,0.005,41
idmap_r3,add,100000,0.006,41
idmap_r3,add,100000,0.007,41
idmap_r3,add,100000,0.008,41
idmap_r3,add,100000,0.009,41
idmap_r3,add,100000,0.01,41
idmap_r3,add,100000,0.011,41
idmap_r3,add,100000,0.012,41
idmap_r3,add,100000,0.013,41
idmap_r3,add,100000,0.014,41
idmap_r3,add,100000,0.015,41
idmap_r3,add,100000,0.016,41
idmap_r3,add,100000,0.017,41
idmap_r3,add,100000,0.018,41
idmap_r3,add,100000,0.019,41
idmap_r3,add,100000,0.02,41
idmap_r3,add,100000,0.021,41
idmap_r3,add,100000,0.022,41
idmap_r3,add,100000,0.023,41
idmap_r3,add,100000,0.024,41
idmap_r3,add,100000,0.025,41
idmap_r3,add,100000,0.026,41
idmap_r3,add,100000,0.027,41
idmap_r3,add,100000,0.028,41
idmap_r3,add,100000,0.029,41
idmap_r3,add,100000,0.03,41
idmap_r3,add,100000,0.031,41
idmap_r3,add,100000,0.032,41
idmap_r3,add,100000,0.033,41
idmap_r3,add,100000,0.034,41
idmap_r3,add,100000,0.035,41
idmap_r3,add,100000,0.036,41
idmap_r3,add,100000,0.037,41
idmap_r3,add,100000,0.038,41
idmap_r3,add,100000,0.039,41
idmap_r3,add,100000,0.04,41
idmap_r3,add,100000,0.041,41
idmap_r3,add,100000,0.042,41
idmap_r3,add,100000,0.043,41
idmap_r3,add,100000,0.044,42
idmap_r3,add,100000,0.045,42
idmap_r3,add,100000,0.046,42
idmap_r3,add,100000,0.047,42
idmap_r3,add,100000,0.048,42
idmap_r3,add,100000,0.049,42
idmap_r3,add,100000,0.05,42
idmap_r3,add,100000,0.051,42
idmap_r3,add,100000,0.052,42
idmap_r3,add,100000,0.053,42
idmap_r3,add,100000,0.054,42
idmap_r3,add,100000,0.055,42
idmap_r3,add,100000,0.056,42
idmap_r3,add,100000,0.057,42
idmap_r3,add,100000,0.058,42
idmap_r3,add,100000,0.059,42
idmap_r3,add,100000,0.06,42
idmap_r3,add,100000,0.061,42
idmap_r3,add,100000,0.062,42
idmap_r3,add,100000,0.063,42
idmap_r3,add,100000,0.064,42
idmap_r3,add,100000,0.065,42
idmap_r3,add,100000,0.066,42
idmap_r3,add,100000,0.067,42
idmap_r3,add,100000,0.068,42
idmap_r3,add,100000,0.069,42
idmap_r3,add,100000,0.07,42
idmap_r3,add,100000,0.071,42
idmap_r3,add,100000,0.072,42
idmap_r3,add,100000,0.073,42
idmap_r3,add,100000,0.074,42
idmap_r3,add,100000,0.075,42
idmap_r3,add,100000,0.076,42
idmap_r3,add,100000,0.077,42
idmap_r3,add,100000,0.078,42
idmap_r3,add,100000,0.079,42
idmap_r3,add,100000,0.08,42
idmap_r3,add,100000,0.081,42
idmap_r3,add,100000,0.082,42
idmap_r3,add,100000,0.083,42
idmap_r3,add,100000,0.084,42
idmap_r3,add,100000,0.085,42
idmap_r3,add,100000,0.086,42
idmap_r3,add,100000,0.087,42
idmap_r3,add,100000,0.088,42
idmap_r3,add,100000,0.089,42
idmap_r3,add,100000,0.09,42
idmap_r3,add,100000,0.091,42
idmap_r3,add,100000,0.092,42
idmap_r3,add,100000,0.093,42
idmap_r3,add,100000,0.094,42
idmap_r3,add,100000,0.095,42
idmap_r3,add,100000,0.096,42
idmap_r3,add,100000,0.097,42
idmap_r3,add,100000,0.098,42
idmap_r3,add,100000,0.099,42
idmap_r3,add,100000,0.1,42
idmap_r3,add,100000,0.101,42
idmap_r3,add,100000,0.102,42
idmap_r3,add,100000,0.103,42
idmap_r3,add,100000,0.104,42
idmap_r3,add,100000,0.105,42
idmap_r3,add,100000,0.106,42
idmap_r3,add,100000,0.107,42
idmap_r3,add,100000,0.108,42
idmap_r3,add,100000,0.109,42
idmap_r3,add,100000,0.11,42
idmap_r3,add,100000,0.111,42
idmap_r3,add,100000,0.112,42
idmap_r3,add,100000,0.113,42
idmap_r3,add,100000,0.114,42
idmap_r3,add,100000,0.115,42
idmap_r3,add,100000,0.116,42
idmap_r3,add,100000,0.117,42
idmap_r3,add,100000,0.118,42
idmap_r3,add,100000,0.119,42
idmap_r3,add,100000,0.12,42
idmap_r3,add,100000,0.121,83
idmap_r3,add,100000,0.122,83
idmap_r3,add,100000,0.123,83
idmap_r3,add,100000,0.124,83
idmap_r3,add,100000,0.125,83
idmap_r3,add,100000,0.126,83
idmap_r3,add,100000,0.127,83
idmap_r3,add,100000,0.128,83
idmap_r3,add,100000,0.129,83
idmap_r3,add,100000,0.13,83
idmap_r3,add,100000,0.131,83
idmap_r3,add,100000,0.132,83
idmap_r3,add,100000,0.133,83
idmap_r3,add,100000,0.134,83
idmap_r3,add,100000,0.135,83
idmap_r3,add,100000,0.136,83
idmap_r3,add,100000,0.137,83
idmap_r3,add,100000,0.138,83
idmap_r3,add,100000,0.139,83
idmap_r3,add,100000,0.14,83
idmap_r3,add,100000,0.141,83
idmap_r3,add,100000,0.142,83
idmap_r3,add,100000,0.143,83
idmap_r3,add,100000,0.144,83
idmap_r3,add,100000,0.145,83
idmap_r3,add,100000,0.146,83
idmap_r3,add,100000,0.147,83
idmap_r3,add,100000,0.148,83
idmap_r3,add,100000,0.149,83
idmap_r3,add,100000,0.15,83
idmap_r3,add,100000,0.151,83
idmap_r3,add,100000,0.152,83
idmap_r3,add,100000,0.153,83
idmap_r3,add,100000,0.154,83
idmap_r3,add,100000,0.155,83
idmap_r3,add,100000,0.156,83
idmap_r3,add,100000,0.157,83
idmap_r3,add,100000,0.158,83
idmap_r3,add,100000,0.159,83
idmap_r3,add,100000,0.16,83
idmap_r3,add,100000,0.161,83
idmap_r3,add,100000,0.162,83
idmap_r3,add,100000,0.163,83
idmap_r3,add,100000,0.164,83
idmap_r3,add,100000,0.165,83
idmap_r3,add,100000,0.166,83
idmap_r3,add,100000,0.167,83
idmap_r3,add,100000,0.168,83
idmap_r3,add,100000,0.169,83
idmap_r3,add,100000,0.17,83
idmap_r3,add,100000,0.171,83
idmap_r3,add,100000,0.172,83
idmap_r3,add,100000,0.173,83
idmap_r3,add,100000,0.174,83
idmap_r3,add,100000,0.175,83
idmap_r3,add,100000,0.176,83
idmap_r3,add,100000,0.177,83
idmap_r3,add,100000,0.178,83
idmap_r3,add,100000,0.179,83
idmap_r3,add,100000,0.18,83
idmap_r3,add,100000,0.181,83
idmap_r3,add,100000,0.182,83
idmap_r3,add,100000,0.183,83
idmap_r3,add,100000,0.184,83
idmap_r3,add,100000,0.185,83
idmap_r3,add,100000,0.186,83
idmap_r3,add,100000,0.187,83
idmap_r3,add,100000,0.188,83
idmap_r3,add,100000,0.189,83
idmap_r3,add,100000,0.19,83
idmap_r3,add,100000,0.191,83
idmap_r3,add,100000,0.192,83
idmap_r3,add,100000,0.193,83
idmap_r3,add,100000,0.194,83
idmap_r3,add,100000,0.195,83
idmap_r3,add,100000,0.196,83
idmap_r3,add,100000,0.197,83
idmap_r3,add,100000,0.198,83
idmap_r3,add,100000,0.199,83
idmap_r3,add,100000,0.2,83
idmap_r3,add,100000,0.201,83
idmap_r3,add,100000,0.202,83
idmap_r3,add,100000,0.203,83
idmap_r3,add,100000,0.204,83
idmap_r3,add,100000,0.205,83
idmap_r3,add,100000,0.206,83
idmap_r3,add,100000,0.207,83
idmap_r3,add,100000,0.208,83
idmap_r3,add,100000,0.209,83
idmap_r3,add,100000,0.21,83
idmap_r3,add,100000,0.211,83
idmap_r3,add,100000,0.212,83
idmap_r3,add,100000,0.213,83
idmap_r3,add,100000,0.214,83
idmap_r3,add,100000,0.215,83
idmap_r3,add,100000,0.216,83
idmap_r3,add,100000,0.217,83
idmap_r3,add,100000,0.218,83
idmap_r3,add,100000,0.219,83
idmap_r3,add,100000,0.22,83
idmap_r3,add,100000,0.221,83
idmap_r3,add,100000,0.222,83
idmap_r3,add,100000,0.223,83
idmap_r3,add,100000,0.224,83
idmap_r3,add,100000,0.225,83
idmap_r3,add,100000,0.226,83
idmap_r3,add,100000,0.227,83
idmap_r3,add,100000,0.228,83
idmap_r3,add,100000,0.229,83
idmap_r3,add,100000,0.23,83
idmap_r3,add,100000,0.231,83
idmap_r3,add,100000,0.232,83
idmap_r3,add,100000,0.233,83
idmap_r3,add,100000,0.234,83
idmap_r3,add,100000,0.235,83
idmap_r3,add,100000,0.236,83
idmap_r3,add,100000,0.237,83
idmap_r3,add,100000,0.238,83
idmap_r3,add,100000,0.239,83
idmap_r3,add,100000,0.24,83
idmap_r3,add,100000,0.241,83
idmap_r3,add,100000,0.242,83
idmap_r3,add,100000,0.243,83
idmap_r3,add,100000,0.244,83
idmap_r3,add,100000,0.245,83
idmap_r3,add,100000,0.246,83
idmap_r3,add,100000,0.247,83
idmap_r3,add,100000,0.248,83
idmap_r3,add,100000,0.249,83
idmap_r3,add,100000,0.25,83
idmap_r3,add,100000,0.251,83
idmap_r3,add,100000,0.252,83
idmap_r3,add,100000,0.253,83
idmap_r3,add,100000,0.254,83
idmap_r3,add,100000,0.255,83
idmap_r3,add,100000,0.256,83
idmap_r3,add,100000,0.257,83
idmap_r3,add,100000,0.258,83
idmap_r3,add,100000,0.259,83
idmap_r3,add,100000,0.26,83
idmap_r3,add,100000,0.261,83
idmap_r3,add,100000,0.262,83
idmap_r3,add,100000,0.263,83
idmap_r3,add,100000,0.264,83
idmap_r3,add,100000,0.265,83
idmap_r3,add,100000,0.266,83
idmap_r3,add,100000,0.267,83
idmap_r3,add,100000,0.268,83
idmap_r3,add,100000,0.269,83
idmap_r3,add,100000,0.27,83
idmap_r3,add,100000,0.271,83
idmap_r3,add,100000,0.272,83
idmap_r3,add,100000,0.273,83
idmap_r3,add,100000,0.274,83
idmap_r3,add,100000,0.275,83
idmap_r3,add,100000,0.276,83
idmap_r3,add,100000,0.277,83
idmap_r3,add,100000,0.278,83
idmap_r3,add,100000,0.279,83
idmap_r3,add,100000,0.28,83
idmap_r3,add,100000,0.281,83
idmap_r3,add,100000,0.282,83
idmap_r3,add,100000,0.283,83
idmap_r3,add,100000,0.284,83
idmap_r3,add,100000,0.285,83
idmap_r3,add,100000,0.286,83
idmap_r3,add,100000,0.287,83
idmap_r3,add,100000,0.288,83
idmap_r3,add,100000,0.289,83
idmap_r3,add,100000,0.29,83
idmap_r3,add,100000,0.291,83
idmap_r3,add,100000,0.292,83
idmap_r3,add,100000,0.293,83
idmap_r3,add,100000,0.294,83
idmap_r3,add,100000,0.295,83
idmap_r3,add,100000,0.296,83
idmap_r3,add,100000,0.297,83
idmap_r3,add,100000,0.298,83
idmap_r3,add,100000,0.299,83
idmap_r3,add,100000,0.3,83
idmap_r3,add,100000,0.301,83
idmap_r3,add,100000,0.302,83
idmap_r3,add,100000,0.303,83
idmap_r3,add,100000,0.304,83
idmap_r3,add,100000,0.305,83
idmap_r3,add,100000,0.306,83
idmap_r3,add,100000,0.307,83
idmap_r3,add,100000,0.308,83
idmap_r3,add,100000,0.309,83
idmap_r3,add,100000,0.31,83
idmap_r3,add,100000,0.311,83
idmap_r3,add,100000,0.312,83
idmap_r3,add,100000,0.313,83
idmap_r3,add,100000,0.314,83
idmap_r3,add,100000,0.315,83
idmap_r3,add,100000,0.316,83
idmap_r3,add,100000,0.317,83
idmap_r3,add,100000,0.318,83
idmap_r3,add,100000,0.319,83
idmap_r3,add,100000,0.32,83
idmap_r3,add,100000,0.321,83
idmap_r3,add,100000,0.322,83
idmap_r3,add,100000,0.323,83
idmap_r3,add,100000,0.324,83
idmap_r3,add,100000,0.325,83
idmap_r3,add,100000,0.326,83
idmap_r3,add,100000,0.327,83
idmap_r3,add,100000,0.328,83
idmap_r3,add,100000,0.329,83
idmap_r3,add,100000,0.33,83
idmap_r3,add,100000,0.331,83
idmap_r3,add,100000,0.332,83
idmap_r3,add,100000,0.333,83
idmap_r3,add,100000,0.334,83
idmap_r3,add,100000,0.335,83
idmap_r3,add,100000,0.336,83
idmap_r3,add,100000,0.337,83
idmap_r3,add,100000,0.338,83
idmap_r3,add,100000,0.339,83
idmap_r3,add,100000,0.34,83
idmap_r3,add,100000,0.341,83
idmap_r3,add,100000,0.342,83
idmap_r3,add,100000,0.343,84
idmap_r3,add,100000,0.344,84
idmap_r3,add,100000,0.345,84
idmap_r3,add,100000,0.346,84
idmap_r3,add,100000,0.347,84
idmap_r3,add,100000,0.348,84
idmap_r3,add,100000,0.349,84
idmap_r3,add,100000,0.35,84
idmap_r3,add,100000,0.351,84
idmap_r3,add,100000,0.352,84
idmap_r3,add,100000,0.353,84
idmap_r3,add,100000,0.354,84
idmap_r3,add,100000,0.355,84
idmap_r3,add,100000,0.356,84
idmap_r3,add,100000,0.357,84
idmap_r3,add,100000,0.358,84
idmap_r3,add,100000,0.359,84
idmap_r3,add,100000,0.36,84
idmap_r3,add,100000,0.361,84
idmap_r3,add,100000,0.362,84
idmap_r3,add,100000,0.363,84
idmap_r3,add,100000,0.364,84
idmap_r3,add,100000,0.365,84
idmap_r3,add,100000,0.366,84
idmap_r3,add,100000,0.367,84
idmap_r3,add,100000,0.368,84
idmap_r3,add,100000,0.369,84
idmap_r3,add,100000,0.37,84
idmap_r3,add,100000,0.371,84
idmap_r3,add,100000,0.372,84
idmap_r3,add,100000,0.373,84
idmap_r3,add,100000,0.374,84
idmap_r3,add,100000,0.375,84
idmap_r3,add,100000,0.376,84
idmap_r3,add,100000,0.377,84
idmap_r3,add,100000,0.378,84
idmap_r3,add,100000,0.379,84
idmap_r3,add,100000,0.38,84
idmap_r3,add,100000,0.381,84
idmap_r3,add,100000,0.382,84
idmap_r3,add,100000,0.383,84
idmap_r3,add,100000,0.384,84
idmap_r3,add,100000,0.385,84
idmap_r3,add,100000,0.386,84
idmap_r3,add,100000,0.387,84
idmap_r3,add,100000,0.388,84
idmap_r3,add,100000,0.389,84
idmap_r3,add,100000,0.39,84
idmap_r3,add,100000,0.391,84
idmap_r3,add,100000,0.392,84
idmap_r3,add,100000,0.393,84
idmap_r3,add,100000,0.394,84
idmap_r3,add,100000,0.395,84
idmap_r3,add,100000,0.396,84
idmap_r3,add,100000,0.397,84
idmap_r3,add,100000,0.398,84
idmap_r3,add,100000,0.399,84
idmap_r3,add,100000,0.4,84
idmap_r3,add,100000,0.401,84
idmap_r3,add,100000,0.402,84
idmap_r3,add,100000,0.403,84
idmap_r3,add,100000,0.404,84
idmap_r3,add,100000,0.405,84
idmap_r3,add,100000,0.406,84
idmap_r3,add,100000,0.407,84
idmap_r3,add,100000,0.408,84
idmap_r3,add,100000,0.409,84
idmap_r3,add,100000,0.41,84
idmap_r3,add,100000,0.411,84
idmap_r3,add,100000,0.412,84
idmap_r3,add,100000,0.413,84
idmap_r3,add,100000,0.414,84
idmap_r3,add,100000,0.415,84
idmap_r3,add,100000,0.416,84
idmap_r3,add,100000,0.417,84
idmap_r3,add,100000,0.418,84
idmap_r3,add,100000,0.419,84
idmap_r3,add,100000,0.42,84
idmap_r3,add,100000,0.421,84
idmap_r3,add,100000,0.422,84
idmap_r3,add,100000,0.423,84
idmap_r3,add,100000,0.424,84
idmap_r3,add,100000,0.425,84
idmap_r3,add,100000,0.426,84
idmap_r3,add,100000,0.427,84
idmap_r3,add,100000,0.428,84
idmap_r3,add,100000,0.429,84
idmap_r3,add,100000,0.43,84
idmap_r3,add,100000,0.431,84
idmap_r3,add,100000,0.432,84
idmap_r3,add,100000,0.433,84
idmap_r3,add,100000,0.434,84
idmap_r3,add,100000,0.435,84
idmap_r3,add,100000,0.436,84
idmap_r3,add,100000,0.437,84
idmap_r3,add,100000,0.438,84
idmap_r3,add,100000,0.439,84
idmap_r3,add,100000,0.44,84
idmap_r3,add,100000,0.441,84
idmap_r3,add,100000,0.442,84
idmap_r3,add,100000,0.443,84
idmap_r3,add,100000,0.444,84
idmap_r3,add,100000,0.445,84
idmap_r3,add,100000,0.446,84
idmap_r3,add,100000,0.447,84
idmap_r3,add,100000,0.448,84
idmap_r3,add,100000,0.449,84
idmap_r3,add,100000,0.45,84
idmap_r3,add,100000,0.451,84
idmap_r3,add,100000,0.452,84
idmap_r3,add,100000,0.453,84
idmap_r3,add,100000,0.454,84
idmap_r3,add,100000,0.455,125
idmap_r3,add,100000,0.456,125
idmap_r3,add,100000,0.457,125
idmap_r3,add,100000,0.458,125
idmap_r3,add,100000,0.459,125
idmap_r3,add,100000,0.46,125
idmap_r3,add,100000,0.461,125
idmap_r3,add,100000,0.462,125
idmap_r3,add,100000,0.463,125
idmap_r3,add,100000,0.464,125
idmap_r3,add,100000,0.465,125
idmap_r3,add,100000,0.466,125
idmap_r3,add,100000,0.467,125
idmap_r3,add,100000,0.468,125
idmap_r3,add,100000,0.469,125
idmap_r3,add,100000,0.47,125
idmap_r3,add,100000,0.471,125
idmap_r3,add,100000,0.472,125
idmap_r3,add,100000,0.473,125
idmap_r3,add,100000,0.474,125
idmap_r3,add,100000,0.475,125
idmap_r3,add,100000,0.476,125
idmap_r3,add,100000,0.477,125
idmap_r3,add,100000,0.478,125
idmap_r3,add,100000,0.479,125
idmap_r3,add,100000,0.48,125
idmap_r3,add,100000,0.481,125
idmap_r3,add,100000,0.482,125
idmap_r3,add,100000,0.483,125
idmap_r3,add,100000,0.484,125
idmap_r3,add,100000,0.485,125
idmap_r3,add,100000,0.486,125
idmap_r3,add,100000,0.487,125
idmap_r3,add,100000,0.488,125
idmap_r3,add,100000,0.489,125
idmap_r3,add,100000,0.49,125
idmap_r3,add,100000,0.491,125
idmap_r3,add,100000,0.492,125
idmap_r3,add,100000,0.493,125
idmap_r3,add,100000,0.494,125
idmap_r3,add,100000,0.495,125
idmap_r3,add,100000,0.496,125
idmap_r3,add,100000,0.497,125
idmap_r3,add,100000,0.498,125
idmap_r3,add,100000,0.499,125
idmap_r3,add,100000,0.5,125
idmap_r3,add,100000,0.501,125
idmap_r3,add,100000,0.502,125
idmap_r3,add,100000,0.503,125
idmap_r3,add,100000,0.504,125
idmap_r3,add,100000,0.505,125
idmap_r3,add,100000,0.506,125
idmap_r3,add,100000,0.507,125
idmap_r3,add,100000,0.508,125
idmap_r3,add,100000,0.509,125
idmap_r3,add,100000,0.51,125
idmap_r3,add,100000,0.511,125
idmap_r3,add,100000,0.512,125
idmap_r3,add,100000,0.513,125
idmap_r3,add,100000,0.514,125
idmap_r3,add,100000,0.515,125
idmap_r3,add,100000,0.516,125
idmap_r3,add,100000,0.517,125
idmap_r3,add,100000,0.518,125
idmap_r3,add,100000,0.519,125
idmap_r3,add,100000,0.52,125
idmap_r3,add,100000,0.521,125
idmap_r3,add,100000,0.522,125
idmap_r3,add,100000,0.523,125
idmap_r3,add,100000,0.524,125
idmap_r3,add,100000,0.525,125
idmap_r3,add,100000,0.526,125
idmap_r3,add,100000,0.527,125
idmap_r3,add,100000,0.528,125
idmap_r3,add,100000,0.529,125
idmap_r3,add,100000,0.53,125
idmap_r3,add,100000,0.531,125
idmap_r3,add,100000,0.532,125
idmap_r3,add,100000,0.533,125
idmap_r3,add,100000,0.534,125
idmap_r3,add,100000,0.535,125
idmap_r3,add,100000,0.536,125
idmap_r3,add,100000,0.537,125
idmap_r3,add,100000,0.538,125
idmap_r3,add,100000,0.539,125
idmap_r3,add,100000,0.54,125
idmap_r3,add,100000,0.541,125
idmap_r3,add,100000,0.542,125
idmap_r3,add,100000,0.543,125
idmap_r3,add,100000,0.544,125
idmap_r3,add,100000,0.545,125
idmap_r3,add,100000,0.546,125
idmap_r3,add,100000,0.547,125
idmap_r3,add,100000,0.548,125
idmap_r3,add,100000,0.549,125
idmap_r3,add,100000,0.55,125
idmap_r3,add,100000,0.551,125
idmap_r3,add,100000,0.552,125
idmap_r3,add,100000,0.553,125
idmap_r3,add,100000,0.554,125
idmap_r3,add,100000,0.555,125
idmap_r3,add,100000,0.556,125
idmap_r3,add,100000,0.557,125
idmap_r3,add,100000,0.558,125
idmap_r3,add,100000,0.559,125
idmap_r3,add,100000,0.56,125
idmap_r3,add,100000,0.561,125
idmap_r3,add,100000,0.562,125
idmap_r3,add,100000,0.563,125
idmap_r3,add,100000,0.564,125
idmap_r3,add,100000,0.565,125
idmap_r3,add,100000,0.566,125
idmap_r3,add,100000,0.567,125
idmap_r3,add,100000,0.568,125
idmap_r3,add,100000,0.569,125
idmap_r3,add,100000,0.57,125
idmap_r3,add,100000,0.571,125
idmap_r3,add,100000,0.572,125
idmap_r3,add,100000,0.573,125
idmap_r3,add,100000,0.574,125
idmap_r3,add,100000,0.575,125
idmap_r3,add,100000,0.576,125
idmap_r3,add,100000,0.577,125
idmap_r3,add,100000,0.578,125
idmap_r3,add,100000,0.579,125
idmap_r3,add,100000,0.58,125
idmap_r3,add,100000,0.581,125
idmap_r3,add,100000,0.582,125
idmap_r3,add,100000,0.583,125
idmap_r3,add,100000,0.584,125
idmap_r3,add,100000,0.585,125
idmap_r3,add,100000,0.586,125
idmap_r3,add,100000,0.587,125
idmap_r3,add,100000,0.588,125
idmap_r3,add,100000,0.589,125
idmap_r3,add,100000,0.59,125
idmap_r3,add,100000,0.591,125
idmap_r3,add,100000,0.592,125
idmap_r3,add,100000,0.593,125
idmap_r3,add,100000,0.594,125
idmap_r3,add,100000,0.595,125
idmap_r3,add,100000,0.596,125
idmap_r3,add,100000,0.597,125
idmap_r3,add,100000,0.598,125
idmap_r3,add,100000,0.599,125
idmap_r3,add,100000,0.6,125
idmap_r3,add,100000,0.601,125
idmap_r3,add,100000,0.602,125
idmap_r3,add,100000,0.603,125
idmap_r3,add,100000,0.604,125
idmap_r3,add,100000,0.605,125
idmap_r3,add,100000,0.606,125
idmap_r3,add,100000,0.607,125
idmap_r3,add,100000,0.608,125
idmap_r3,add,100000,0.609,125
idmap_r3,add,100000,0.61,125
idmap_r3,add,100000,0.611,125
idmap_r3,add,100000,0.612,125
idmap_r3,add,100000,0.613,125
idmap_r3,add,100000,0.614,125
idmap_r3,add,100000,0.615,125
idmap_r3,add,100000,0.616,125
idmap_r3,add,100000,0.617,125
idmap_r3,add,100000,0.618,125
idmap_r3,add,100000,0.619,125
idmap_r3,add,100000,0.62,125
idmap_r3,add,100000,0.621,125
idmap_r3,add,100000,0.622,125
idmap_r3,add,100000,0.623,125
idmap_r3,add,100000,0.624,125
idmap_r3,add,100000,0.625,125
idmap_r3,add,100000,0.626,125
idmap_r3,add,100000,0.627,125
idmap_r3,add,100000,0.628,125
idmap_r3,add,100000,0.629,125
idmap_r3,add,100000,0.63,125
idmap_r3,add,100000,0.631,125
idmap_r3,add,100000,0.632,125
idmap_r3,add,100000,0.633,125
idmap_r3,add,100000,0.634,125
idmap_r3,add,100000,0.635,125
idmap_r3,add,100000,0.636,125
idmap_r3,add,100000,0.637,125
idmap_r3,add,100000,0.638,125
idmap_r3,add,100000,0.639,125
idmap_r3,add,100000,0.64,125
idmap_r3,add,100000,0.641,125
idmap_r3,add,100000,0.642,125
idmap_r3,add,100000,0.643,125
idmap_r3,add,100000,0.644,125
idmap_r3,add,100000,0.645,125
idmap_r3,add,100000,0.646,125
idmap_r3,add,100000,0.647,125
idmap_r3,add,100000,0.648,125
idmap_r3,add,100000,0.649,125
idmap_r3,add,100000,0.65,125
idmap_r3,add,100000,0.651,125
idmap_r3,add,100000,0.652,125
idmap_r3,add,100000,0.653,125
idmap_r3,add,100000,0.654,125
idmap_r3,add,100000,0.655,125
idmap_r3,add,100000,0.656,125
idmap_r3,add,100000,0.657,125
idmap_r3,add,100000,0.658,125
idmap_r3,add,100000,0.659,125
idmap_r3,add,100000,0.66,125
idmap_r3,add,100000,0.661,125
idmap_r3,add,100000,0.662,125
idmap_r3,add,100000,0.663,125
idmap_r3,add,100000,0.664,125
idmap_r3,add,100000,0.665,125
idmap_r3,add,100000,0.666,125
idmap_r3,add,100000,0.667,125
idmap_r3,add,100000,0.668,125
idmap_r3,add,100000,0.669,125
idmap_r3,add,100000,0.67,125
idmap_r3,add,100000,0.671,125
idmap_r3,add,100000,0.672,125
idmap_r3,add,100000,0.673,125
idmap_r3,add,100000,0.674,125
idmap_r3,add,100000,0.675,125
idmap_r3,add,100000,0.676,166
idmap_r3,add,100000,0.677,166
idmap_r3,add,100000,0.678,166
idmap_r3,add,100000,0.679,166
idmap_r3,add,100000,0.68,166
idmap_r3,add,100000,0.681,166
idmap_r3,add,100000,0.682,166
idmap_r3,add,100000,0.683,166
idmap_r3,add,100000,0.684,166
idmap_r3,add,100000,0.685,166
idmap_r3,add,100000,0.686,166
idmap_r3,add,100000,0.687,166
idmap_r3,add,100000,0.688,166
idmap_r3,add,100000,0.689,166
idmap_r3,add,100000,0.69,166
idmap_r3,add,100000,0.691,166
idmap_r3,add,100000,0.692,166
idmap_r3,add,100000,0.693,166
idmap_r3,add,100000,0.694,166
idmap_r3,add,100000,0.695,166
idmap_r3,add,100000,0.696,166
idmap_r3,add,100000,0.697,167
idmap_r3,add,100000,0.698,167
idmap_r3,add,100000,0.699,167
idmap_r3,add,100000,0.7,167
idmap_r3,add,100000,0.701,167
idmap_r3,add,100000,0.702,167
idmap_r3,add,100000,0.703,167
idmap_r3,add,100000,0.704,167
idmap_r3,add,100000,0.705,167
idmap_r3,add,100000,0.706,167
idmap_r3,add,100000,0.707,167
idmap_r3,add,100000,0.708,167
idmap_r3,add,100000,0.709,167
idmap_r3,add,100000,0.71,167
idmap_r3,add,100000,0.711,167
idmap_r3,add,100000,0.712,167
idmap_r3,add,100000,0.713,167
idmap_r3,add,100000,0.714,167
idmap_r3,add,100000,0.715,167
idmap_r3,add,100000,0.716,167
idmap_r3,add,100000,0.717,167
idmap_r3,add,100000,0.718,167
idmap_r3,add,100000,0.719,167
idmap_r3,add,100000,0.72,167
idmap_r3,add,100000,0.721,167
idmap_r3,add,100000,0.722,167
idmap_r3,add,100000,0.723,167
idmap_r3,add,100000,0.724,167
idmap_r3,add,100000,0.725,167
idmap_r3,add,100000,0.726,167
idmap_r3,add,100000,0.727,167
idmap_r3,add,100000,0.728,167
idmap_r3,add,100000,0.729,167
idmap_r3,add,100000,0.73,167
idmap_r3,add,100000,0.731,167
idmap_r3,add,100000,0.732,167
idmap_r3,add,100000,0.733,167
idmap_r3,add,100000,0.734,167
idmap_r3,add,100000,0.735,167
idmap_r3,add,100000,0.736,167
idmap_r3,add,100000,0.737,167
idmap_r3,add,100000,0.738,167
idmap_r3,add,100000,0.739,167
idmap_r3,add,100000,0.74,208
idmap_r3,add,100000,0.741,208
idmap_r3,add,100000,0.742,208
idmap_r3,add,100000,0.743,208
idmap_r3,add,100000,0.744,208
idmap_r3,add,100000,0.745,208
idmap_r3,add,100000,0.746,208
idmap_r3,add,100000,0.747,208
idmap_r3,add,100000,0.748,208
idmap_r3,add,100000,0.749,208
idmap_r3,add,100000,0.75,208
idmap_r3,add,100000,0.751,208
idmap_r3,add,100000,0.752,208
idmap_r3,add,100000,0.753,208
idmap_r3,add,100000,0.754,208
idmap_r3,add,100000,0.755,208
idmap_r3,add,100000,0.756,208
idmap_r3,add,100000,0.757,208
idmap_r3,add,100000,0.758,208
idmap_r3,add,100000,0.759,208
idmap_r3,add,100000,0.76,208
idmap_r3,add,100000,0.761,208
idmap_r3,add,100000,0.762,208
idmap_r3,add,100000,0.763,208
idmap_r3,add,100000,0.764,208
idmap_r3,add,100000,0.765,208
idmap_r3,add,100000,0.766,208
idmap_r3,add,100000,0.767,208
idmap_r3,add,100000,0.768,208
idmap_r3,add,100000,0.769,208
idmap_r3,add,100000,0.77,208
idmap_r3,add,100000,0.771,208
idmap_r3,add,100000,0.772,208
idmap_r3,add,100000,0.773,208
idmap_r3,add,100000,0.774,208
idmap_r3,add,100000,0.775,208
idmap_r3,add,100000,0.776,208
idmap_r3,add,100000,0.777,209
idmap_r3,add,100000,0.778,209
idmap_r3,add,100000,0.779,209
idmap_r3,add,100000,0.78,209
idmap_r3,add,100000,0.781,209
idmap_r3,add,100000,0.782,209
idmap_r3,add,100000,0.783,209
idmap_r3,add,100000,0.784,209
idmap_r3,add,100000,0.785,209
idmap_r3,add,100000,0.786,209
idmap_r3,add,100000,0.787,209
idmap_r3,add,100000,0.788,209
idmap_r3,add,100000,0.789,209
idmap_r3,add,100000,0.79,209
idmap_r3,add,100000,0.791,209
idmap_r3,add,100000,0.792,209
idmap_r3,add,100000,0.793,209
idmap_r3,add,100000,0.794,209
idmap_r3,add,100000,0.795,250
idmap_r3,add,100000,0.796,250
idmap_r3,add,100000,0.797,250
idmap_r3,add,100000,0.798,250
idmap_r3,add,100000,0.799,250
idmap_r3,add,100000,0.8,250
idmap_r3,add,100000,0.801,250
idmap_r3,add,100000,0.802,250
idmap_r3,add,100000,0.803,250
idmap_r3,add,100000,0.804,250
idmap_r3,add,100000,0.805,250
idmap_r3,add,100000,0.806,250
idmap_r3,add,100000,0.807,250
idmap_r3,add,100000,0.808,250
idmap_r3,add,100000,0.809,250
idmap_r3,add,100000,0.81,250
idmap_r3,add,100000,0.811,250
idmap_r3,add,100000,0.812,250
idmap_r3,add,100000,0.813,250
idmap_r3,add,100000,0.814,250
idmap_r3,add,100000,0.815,250
idmap_r3,add,100000,0.816,250
idmap_r3,add,100000,0.817,250
idmap_r3,add,100000,0.818,250
idmap_r3,add,100000,0.819,250
idmap_r3,add,100000,0.82,250
idmap_r3,add,100000,0.821,250
idmap_r3,add,100000,0.822,250
idmap_r3,add,100000,0.823,250
idmap_r3,add,100000,0.824,250
idmap_r3,add,100000,0.825,250
idmap_r3,add,100000,0.826,250
idmap_r3,add,100000,0.827,250
idmap_r3,add,100000,0.828,250
idmap_r3,add,100000,0.829,250
idmap_r3,add,100000,0.83,250
idmap_r3,add,100000,0.831,250
idmap_r3,add,100000,0.832,250
idmap_r3,add,100000,0.833,250
idmap_r3,add,100000,0.834,250
idmap_r3,add,100000,0.835,250
idmap_r3,add,100000,0.836,250
idmap_r3,add,100000,0.837,250
idmap_r3,add,100000,0.838,250
idmap_r3,add,100000,0.839,250
idmap_r3,add,100000,0.84,250
idmap_r3,add,100000,0.841,250
idmap_r3,add,100000,0.842,250
idmap_r3,add,100000,0.843,250
idmap_r3,add,100000,0.844,250
idmap_r3,add,100000,0.845,250
idmap_r3,add,100000,0.846,250
idmap_r3,add,100000,0.847,250
idmap_r3,add,100000,0.848,250
idmap_r3,add,100000,0.849,250
idmap_r3,add,100000,0.85,250
idmap_r3,add,100000,0.851,250
idmap_r3,add,100000,0.852,250
idmap_r3,add,100000,0.853,250
idmap_r3,add,100000,0.854,250
idmap_r3,add,100000,0.855,250
idmap_r3,add,100000,0.856,250
idmap_r3,add,100000,0.857,250
idmap_r3,add,100000,0.858,250
idmap_r3,add,100000,0.859,250
idmap_r3,add,100000,0.86,250
idmap_r3,add,100000,0.861,250
idmap_r3,add,100000,0.862,250
idmap_r3,add,100000,0.863,291
idmap_r3,add,100000,0.864,291
idmap_r3,add,100000,0.865,291
idmap_r3,add,100000,0.866,291
idmap_r3,add,100000,0.867,291
idmap_r3,add,100000,0.868,291
idmap_r3,add,100000,0.869,291
idmap_r3,add,100000,0.87,291
idmap_r3,add,100000,0.871,291
idmap_r3,add,100000,0.872,291
idmap_r3,add,100000,0.873,291
idmap_r3,add,100000,0.874,291
idmap_r3,add,100000,0.875,291
idmap_r3,add,100000,0.876,291
idmap_r3,add,100000,0.877,291
idmap_r3,add,100000,0.878,292
idmap_r3,add,100000,0.879,292
idmap_r3,add,100000,0.88,292
idmap_r3,add,100000,0.881,292
idmap_r3,add,100000,0.882,292
idmap_r3,add,100000,0.883,292
idmap_r3,add,100000,0.884,292
idmap_r3,add,100000,0.885,292
idmap_r3,add,100000,0.886,292
idmap_r3,add,100000,0.887,292
idmap_r3,add,100000,0.888,292
idmap_r3,add,100000,0.889,292
idmap_r3,add,100000,0.89,292
idmap_r3,add,100000,0.891,292
idmap_r3,add,100000,0.892,292
idmap_r3,add,100000,0.893,292
idmap_r3,add,100000,0.894,292
idmap_r3,add,100000,0.895,292
idmap_r3,add,100000,0.896,292
idmap_r3,add,100000,0.897,292
idmap_r3,add,100000,0.898,292
idmap_r3,add,100000,0.899,292
idmap_r3,add,100000,0.9,292
idmap_r3,add,100000,0.901,292
idmap_r3,add,100000,0.902,292
idmap_r3,add,100000,0.903,292
idmap_r3,add,100000,0.904,292
idmap_r3,add,100000,0.905,292
idmap_r3,add,100000,0.906,333
idmap_r3,add,100000,0.907,333
idmap_r3,add,100000,0.908,333
idmap_r3,add,100000,0.909,333
idmap_r3,add,100000,0.91,333
idmap_r3,add,100000,0.911,333
idmap_r3,add,100000,0.912,333
idmap_r3,add,100000,0.913,333
idmap_r3,add,100000,0.914,333
idmap_r3,add,100000,0.915,333
idmap_r3,add,100000,0.916,333
idmap_r3,add,100000,0.917,333
idmap_r3,add,100000,0.918,333
idmap_r3,add,100000,0.919,333
idmap_r3,add,100000,0.92,333
idmap_r3,add,100000,0.921,333
idmap_r3,add,100000,0.922,333
idmap_r3,add,100000,0.923,333
idmap_r3,add,100000,0.924,334
idmap_r3,add,100000,0.925,334
idmap_r3,add,100000,0.926,334
idmap_r3,add,100000,0.927,334
idmap_r3,add,100000,0.928,334
idmap_r3,add,100000,0.929,334
idmap_r3,add,100000,0.93,334
idmap_r3,add,100000,0.931,334
idmap_r3,add,100000,0.932,334
idmap_r3,add,100000,0.933,375
idmap_r3,add,100000,0.934,375
idmap_r3,add,100000,0.935,375
idmap_r3,add,100000,0.936,375
idmap_r3,add,100000,0.937,375
idmap_r3,add,100000,0.938,375
idmap_r3,add,100000,0.939,375
idmap_r3,add,100000,0.94,375
idmap_r3,add,100000,0.941,375
idmap_r3,add,100000,0.942,375
idmap_r3,add,100000,0.943,375
idmap_r3,add,100000,0.944,375
idmap_r3,add,100000,0.945,375
idmap_r3,add,100000,0.946,375
idmap_r3,add,100000,0.947,375
idmap_r3,add,100000,0.948,375
idmap_r3,add,100000,0.949,375
idmap_r3,add,100000,0.95,375
idmap_r3,add,100000,0.951,416
idmap_r3,add,100000,0.952,416
idmap_r3,add,100000,0.953,416
idmap_r3,add,100000,0.954,416
idmap_r3,add,100000,0.955,417
idmap_r3,add,100000,0.956,417
idmap_r3,add,100000,0.957,417
idmap_r3,add,100000,0.958,417
idmap_r3,add,100000,0.959,417
idmap_r3,add,100000,0.96,417
idmap_r3,add,100000,0.961,417
idmap_r3,add,100000,0.962,417
idmap_r3,add,100000,0.963,458
idmap_r3,add,100000,0.964,458
idmap_r3,add,100000,0.965,458
idmap_r3,add,100000,0.966,458
idmap_r3,add,100000,0.967,458
idmap_r3,add,100000,0.968,458
idmap_r3,add,100000,0.969,458
idmap_r3,add,100000,0.97,459
idmap_r3,add,100000,0.971,459
idmap_r3,add,100000,0.972,459
idmap_r3,add,100000,0.973,500
idmap_r3,add,100000,0.974,500
idmap_r3,add,100000,0.975,500
idmap_r3,add,100000,0.976,500
idmap_r3,add,100000,0.977,500
idmap_r3,add,100000,0.978,500
idmap_r3,add,100000,0.979,500
idmap_r3,add,100000,0.98,541
idmap_r3,add,100000,0.981,541
idmap_r3,add,100000,0.982,542
idmap_r3,add,100000,0.983,542
idmap_r3,add,100000,0.984,542
idmap_r3,add,100000,0.985,583
idmap_r3,add,100000,0.986,583
idmap_r3,add,100000,0.987,583
idmap_r3,add,100000,0.988,584
idmap_r3,add,100000,0.989,625
idmap_r3,add,100000,0.99,625
idmap_r3,add,100000,0.991,625
idmap_r3,add,100000,0.992,667
idmap_r3,add,100000,0.993,667
idmap_r3,add,100000,0.994,709
idmap_r3,add,100000,0.995,750
idmap_r3,add,100000,0.996,833
idmap_r3,add,100000,0.997,959
idmap_r3,add,100000,0.998,1250
idmap_r3,add,100000,0.999,3042
idmap_r3,cancel,100000,0,0
idmap_r3,cancel,100000,0.001,42
idmap_r3,cancel,100000,0.002,83
idmap_r3,cancel,100000,0.003,83
idmap_r3,cancel,100000,0.004,84
idmap_r3,cancel,100000,0.005,84
idmap_r3,cancel,100000,0.006,125
idmap_r3,cancel,100000,0.007,125
idmap_r3,cancel,100000,0.008,125
idmap_r3,cancel,100000,0.009,125
idmap_r3,cancel,100000,0.01,125
idmap_r3,cancel,100000,0.011,125
idmap_r3,cancel,100000,0.012,125
idmap_r3,cancel,100000,0.013,125
idmap_r3,cancel,100000,0.014,125
idmap_r3,cancel,100000,0.015,125
idmap_r3,cancel,100000,0.016,125
idmap_r3,cancel,100000,0.017,125
idmap_r3,cancel,100000,0.018,125
idmap_r3,cancel,100000,0.019,125
idmap_r3,cancel,100000,0.02,125
idmap_r3,cancel,100000,0.021,166
idmap_r3,cancel,100000,0.022,166
idmap_r3,cancel,100000,0.023,166
idmap_r3,cancel,100000,0.024,166
idmap_r3,cancel,100000,0.025,166
idmap_r3,cancel,100000,0.026,166
idmap_r3,cancel,100000,0.027,167
idmap_r3,cancel,100000,0.028,167
idmap_r3,cancel,100000,0.029,167
idmap_r3,cancel,100000,0.03,167
idmap_r3,cancel,100000,0.031,167
idmap_r3,cancel,100000,0.032,167
idmap_r3,cancel,100000,0.033,167
idmap_r3,cancel,100000,0.034,167
idmap_r3,cancel,100000,0.035,167
idmap_r3,cancel,100000,0.036,167
idmap_r3,cancel,100000,0.037,167
idmap_r3,cancel,100000,0.038,167
idmap_r3,cancel,100000,0.039,167
idmap_r3,cancel,100000,0.04,208
idmap_r3,cancel,100000,0.041,208
idmap_r3,cancel,100000,0.042,208
idmap_r3,cancel,100000,0.043,208
idmap_r3,cancel,100000,0.044,208
idmap_r3,cancel,100000,0.045,208
idmap_r3,cancel,100000,0.046,208
idmap_r3,cancel,100000,0.047,208
idmap_r3,cancel,100000,0.048,208
idmap_r3,cancel,100000,0.049,208
idmap_r3,cancel,100000,0.05,208
idmap_r3,cancel,100000,0.051,208
idmap_r3,cancel,100000,0.052,208
idmap_r3,cancel,100000,0.053,208
idmap_r3,cancel,100000,0.054,208
idmap_r3,cancel,100000,0.055,208
idmap_r3,cancel,100000,0.056,208
idmap_r3,cancel,100000,0.057,208
idmap_r3,cancel,100000,0.058,208
idmap_r3,cancel,100000,0.059,209
idmap_r3,cancel,100000,0.06,209
idmap_r3,cancel,100000,0.061,209
idmap_r3,cancel,100000,0.062,209
idmap_r3,cancel,100000,0.063,209
idmap_r3,cancel,100000,0.064,209
idmap_r3,cancel,100000,0.065,209
idmap_r3,cancel,100000,0.066,209
idmap_r3,cancel,100000,0.067,209
idmap_r3,cancel,100000,0.068,209
idmap_r3,cancel,100000,0.069,250
idmap_r3,cancel,100000,0.07,250
idmap_r3,cancel,100000,0.071,250
idmap_r3,cancel,100000,0.072,250
idmap_r3,cancel,100000,0.073,250
idmap_r3,cancel,100000,0.074,250
idmap_r3,cancel,100000,0.075,250
idmap_r3,cancel,100000,0.076,250
idmap_r3,cancel,100000,0.077,250
idmap_r3,cancel,100000,0.078,250
idmap_r3,cancel,100000,0.079,250
idmap_r3,cancel,100000,0.08,250
idmap_r3,cancel,100000,0.081,250
idmap_r3,cancel,100000,0.082,250
idmap_r3,cancel,100000,0.083,250
idmap_r3,cancel,100000,0.084,250
idmap_r3,cancel,100000,0.085,250
idmap_r3,cancel,100000,0.086,250
idmap_r3,cancel,100000,0.087,250
idmap_r3,cancel,100000,0.088,250
idmap_r3,cancel,100000,0.089,250
idmap_r3,cancel,100000,0.09,250
idmap_r3,cancel,100000,0.091,250
idmap_r3,cancel,100000,0.092,250
idmap_r3,cancel,100000,0.093,250
idmap_r3,cancel,100000,0.094,250
idmap_r3,cancel,100000,0.095,250
idmap_r3,cancel,100000,0.096,250
idmap_r3,cancel,100000,0.097,250
idmap_r3,cancel,100000,0.098,250
idmap_r3,cancel,100000,0.099,250
idmap_r3,cancel,100000,0.1,250
idmap_r3,cancel,100000,0.101,250
idmap_r3,cancel,100000,0.102,250
idmap_r3,cancel,100000,0.103,250
idmap_r3,cancel,100000,0.104,250
idmap_r3,cancel,100000,0.105,250
idmap_r3,cancel,100000,0.106,250
idmap_r3,cancel,100000,0.107,250
idmap_r3,cancel,100000,0.108,250
idmap_r3,cancel,100000,0.109,250
idmap_r3,cancel,100000,0.11,250
idmap_r3,cancel,100000,0.111,250
idmap_r3,cancel,100000,0.112,250
idmap_r3,cancel,100000,0.113,250
idmap_r3,cancel,100000,0.114,250
idmap_r3,cancel,100000,0.115,250
idmap_r3,cancel,100000,0.116,250
idmap_r3,cancel,100000,0.117,250
idmap_r3,cancel,100000,0.118,250
idmap_r3,cancel,100000,0.119,250
idmap_r3,cancel,100000,0.12,250
idmap_r3,cancel,100000,0.121,250
idmap_r3,cancel,100000,0.122,250
idmap_r3,cancel,100000,0.123,250
idmap_r3,cancel,100000,0.124,250
idmap_r3,cancel,100000,0.125,250
idmap_r3,cancel,100000,0.126,250
idmap_r3,cancel,100000,0.127,250
idmap_r3,cancel,100000,0.128,250
idmap_r3,cancel,100000,0.129,250
idmap_r3,cancel,100000,0.13,250
idmap_r3,cancel,100000,0.131,250
idmap_r3,cancel,100000,0.132,291
idmap_r3,cancel,100000,0.133,291
idmap_r3,cancel,100000,0.134,291
idmap_r3,cancel,100000,0.135,291
idmap_r3,cancel,100000,0.136,291
idmap_r3,cancel,100000,0.137,291
idmap_r3,cancel,100000,0.138,291
idmap_r3,cancel,100000,0.139,291
idmap_r3,cancel,100000,0.14,291
idmap_r3,cancel,100000,0.141,291
idmap_r3,cancel,100000,0.142,291
idmap_r3,cancel,100000,0.143,291
idmap_r3,cancel,100000,0.144,291
idmap_r3,cancel,100000,0.145,291
idmap_r3,cancel,100000,0.146,291
idmap_r3,cancel,100000,0.147,291
idmap_r3,cancel,100000,0.148,291
idmap_r3,cancel,100000,0.149,291
idmap_r3,cancel,100000,0.15,291
idmap_r3,cancel,100000,0.151,291
idmap_r3,cancel,100000,0.152,291
idmap_r3,cancel,100000,0.153,291
idmap_r3,cancel,100000,0.154,292
idmap_r3,cancel,100000,0.155,292
idmap_r3,cancel,100000,0.156,292
idmap_r3,cancel,100000,0.157,292
idmap_r3,cancel,100000,0.158,292
idmap_r3,cancel,100000,0.159,292
idmap_r3,cancel,100000,0.16,292
idmap_r3,cancel,100000,0.161,292
idmap_r3,cancel,100000,0.162,292
idmap_r3,cancel,100000,0.163,292
idmap_r3,cancel,100000,0.164,292
idmap_r3,cancel,100000,0.165,292
idmap_r3,cancel,100000,0.166,292
idmap_r3,cancel,100000,0.167,292
idmap_r3,cancel,100000,0.168,292
idmap_r3,cancel,100000,0.169,292
idmap_r3,cancel,100000,0.17,292
idmap_r3,cancel,100000,0.171,292
idmap_r3,cancel,100000,0.172,292
idmap_r3,cancel,100000,0.173,292
idmap_r3,cancel,100000,0.174,292
idmap_r3,cancel,100000,0.175,292
idmap_r3,cancel,100000,0.176,292
idmap_r3,cancel,100000,0.177,292
idmap_r3,cancel,100000,0.178,292
idmap_r3,cancel,100000,0.179,292
idmap_r3,cancel,100000,0.18,292
idmap_r3,cancel,100000,0.181,292
idmap_r3,cancel,100000,0.182,292
idmap_r3,cancel,100000,0.183,292
idmap_r3,cancel,100000,0.184,292
idmap_r3,cancel,100000,0.185,292
idmap_r3,cancel,100000,0.186,292
idmap_r3,cancel,100000,0.187,292
idmap_r3,cancel,100000,0.188,292
idmap_r3,cancel,100000,0.189,292
idmap_r3,cancel,100000,0.19,292
idmap_r3,cancel,100000,0.191,292
idmap_r3,cancel,100000,0.192,292
idmap_r3,cancel,100000,0.193,292
idmap_r3,cancel,100000,0.194,292
idmap_r3,cancel,100000,0.195,292
idmap_r3,cancel,100000,0.196,292
idmap_r3,cancel,100000,0.197,292
idmap_r3,cancel,100000,0.198,333
idmap_r3,cancel,100000,0.199,333
idmap_r3,cancel,100000,0.2,333
idmap_r3,cancel,100000,0.201,333
idmap_r3,cancel,100000,0.202,333
idmap_r3,cancel,100000,0.203,333
idmap_r3,cancel,100000,0.204,333
idmap_r3,cancel,100000,0.205,333
idmap_r3,cancel,100000,0.206,333
idmap_r3,cancel,100000,0.207,333
idmap_r3,cancel,100000,0.208,333
idmap_r3,cancel,100000,0.209,333
idmap_r3,cancel,100000,0.21,333
idmap_r3,cancel,100000,0.211,333
idmap_r3,cancel,100000,0.212,333
idmap_r3,cancel,100000,0.213,333
idmap_r3,cancel,100000,0.214,333
idmap_r3,cancel,100000,0.215,333
idmap_r3,cancel,100000,0.216,333
idmap_r3,cancel,100000,0.217,333
idmap_r3,cancel,100000,0.218,333
idmap_r3,cancel,100000,0.219,333
idmap_r3,cancel,100000,0.22,333
idmap_r3,cancel,100000,0.221,333
idmap_r3,cancel,100000,0.222,333
idmap_r3,cancel,100000,0.223,333
idmap_r3,cancel,100000,0.224,333
idmap_r3,cancel,100000,0.225,333
idmap_r3,cancel,100000,0.226,333
idmap_r3,cancel,100000,0.227,333
idmap_r3,cancel,100000,0.228,333
idmap_r3,cancel,100000,0.229,333
idmap_r3,cancel,100000,0.23,333
idmap_r3,cancel,100000,0.231,333
idmap_r3,cancel,100000,0.232,333
idmap_r3,cancel,100000,0.233,333
idmap_r3,cancel,100000,0.234,333
idmap_r3,cancel,100000,0.235,333
idmap_r3,cancel,100000,0.236,333
idmap_r3,cancel,100000,0.237,333
idmap_r3,cancel,100000,0.238,333
idmap_r3,cancel,100000,0.239,333
idmap_r3,cancel,100000,0.24,333
idmap_r3,cancel,100000,0.241,333
idmap_r3,cancel,100000,0.242,333
idmap_r3,cancel,100000,0.243,333
idmap_r3,cancel,100000,0.244,333
idmap_r3,cancel,100000,0.245,333
idmap_r3,cancel,100000,0.246,333
idmap_r3,cancel,100000,0.247,333
idmap_r3,cancel,100000,0.248,333
idmap_r3,cancel,100000,0.249,333
idmap_r3,cancel,100000,0.25,333
idmap_r3,cancel,100000,0.251,333
idmap_r3,cancel,100000,0.252,333
idmap_r3,cancel,100000,0.253,333
idmap_r3,cancel,100000,0.254,333
idmap_r3,cancel,100000,0.255,333
idmap_r3,cancel,100000,0.256,333
idmap_r3,cancel,100000,0.257,333
idmap_r3,cancel,100000,0.258,333
idmap_r3,cancel,100000,0.259,333
idmap_r3,cancel,100000,0.26,333
idmap_r3,cancel,100000,0.261,333
idmap_r3,cancel,100000,0.262,333
idmap_r3,cancel,100000,0.263,333
idmap_r3,cancel,100000,0.264,333
idmap_r3,cancel,100000,0.265,333
idmap_r3,cancel,100000,0.266,333
idmap_r3,cancel,100000,0.267,334
idmap_r3,cancel,100000,0.268,334
idmap_r3,cancel,100000,0.269,334
idmap_r3,cancel,100000,0.27,334
idmap_r3,cancel,100000,0.271,334
idmap_r3,cancel,100000,0.272,334
idmap_r3,cancel,100000,0.273,334
idmap_r3,cancel,100000,0.274,334
idmap_r3,cancel,100000,0.275,334
idmap_r3,cancel,100000,0.276,334
idmap_r3,cancel,100000,0.277,334
idmap_r3,cancel,100000,0.278,334
idmap_r3,cancel,100000,0.279,334
idmap_r3,cancel,100000,0.28,334
idmap_r3,cancel,100000,0.281,334
idmap_r3,cancel,100000,0.282,334
idmap_r3,cancel,100000,0.283,334
idmap_r3,cancel,100000,0.284,334
idmap_r3,cancel,100000,0.285,334
idmap_r3,cancel,100000,0.286,334
idmap_r3,cancel,100000,0.287,334
idmap_r3,cancel,100000,0.288,334
idmap_r3,cancel,100000,0.289,334
idmap_r3,cancel,100000,0.29,334
idmap_r3,cancel,100000,0.291,334
idmap_r3,cancel,100000,0.292,334
idmap_r3,cancel,100000,0.293,334
idmap_r3,cancel,100000,0.294,334
idmap_r3,cancel,100000,0.295,334
idmap_r3,cancel,100000,0.296,334
idmap_r3,cancel,100000,0.297,334
idmap_r3,cancel,100000,0.298,334
idmap_r3,cancel,100000,0.299,334
idmap_r3,cancel,100000,0.3,334
idmap_r3,cancel,100000,0.301,334
idmap_r3,cancel,100000,0.302,375
idmap_r3,cancel,100000,0.303,375
idmap_r3,cancel,100000,0.304,375
idmap_r3,cancel,100000,0.305,375
idmap_r3,cancel,100000,0.306,375
idmap_r3,cancel,100000,0.307,375
idmap_r3,cancel,100000,0.308,375
idmap_r3,cancel,100000,0.309,375
idmap_r3,cancel,100000,0.31,375
idmap_r3,cancel,100000,0.311,375
idmap_r3,cancel,100000,0.312,375
idmap_r3,cancel,100000,0.313,375
idmap_r3,cancel,100000,0.314,375
idmap_r3,cancel,100000,0.315,375
idmap_r3,cancel,100000,0.316,375
idmap_r3,cancel,100000,0.317,375
idmap_r3,cancel,100000,0.318,375
idmap_r3,cancel,100000,0.319,375
idmap_r3,cancel,100000,0.32,375
idmap_r3,cancel,100000,0.321,375
idmap_r3,cancel,100000,0.322,375
idmap_r3,cancel,100000,0.323,375
idmap_r3,cancel,100000,0.324,375
idmap_r3,cancel,100000,0.325,375
idmap_r3,cancel,100000,0.326,375
idmap_r3,cancel,100000,0.327,375
idmap_r3,cancel,100000,0.328,375
idmap_r3,cancel,100000,0.329,375
idmap_r3,cancel,100000,0.33,375
idmap_r3,cancel,100000,0.331,375
idmap_r3,cancel,100000,0.332,375
idmap_r3,cancel,100000,0.333,375
idmap_r3,cancel,100000,0.334,375
idmap_r3,cancel,100000,0.335,375
idmap_r3,cancel,100000,0.336,375
idmap_r3,cancel,100000,0.337,375
idmap_r3,cancel,100000,0.338,375
idmap_r3,cancel,100000,0.339,375
idmap_r3,cancel,100000,0.34,375
idmap_r3,cancel,100000,0.341,375
idmap_r3,cancel,100000,0.342,375
idmap_r3,cancel,100000,0.343,375
idmap_r3,cancel,100000,0.344,375
idmap_r3,cancel,100000,0.345,375
idmap_r3,cancel,100000,0.346,375
idmap_r3,cancel,100000,0.347,375
idmap_r3,cancel,100000,0.348,375
idmap_r3,cancel,100000,0.349,375
idmap_r3,cancel,100000,0.35,375
idmap_r3,cancel,100000,0.351,375
idmap_r3,cancel,100000,0.352,375
idmap_r3,cancel,100000,0.353,375
idmap_r3,cancel,100000,0.354,375
idmap_r3,cancel,100000,0.355,375
idmap_r3,cancel,100000,0.356,375
idmap_r3,cancel,100000,0.357,375
idmap_r3,cancel,100000,0.358,375
idmap_r3,cancel,100000,0.359,375
idmap_r3,cancel,100000,0.36,375
idmap_r3,cancel,100000,0.361,375
idmap_r3,cancel,100000,0.362,375
idmap_r3,cancel,100000,0.363,375
idmap_r3,cancel,100000,0.364,375
idmap_r3,cancel,100000,0.365,375
idmap_r3,cancel,100000,0.366,375
idmap_r3,cancel,100000,0.367,375
idmap_r3,cancel,100000,0.368,375
idmap_r3,cancel,100000,0.369,375
idmap_r3,cancel,100000,0.37,375
idmap_r3,cancel,100000,0.371,375
idmap_r3,cancel,100000,0.372,375
idmap_r3,cancel,100000,0.373,375
idmap_r3,cancel,100000,0.374,375
idmap_r3,cancel,100000,0.375,375
idmap_r3,cancel,100000,0.376,375
idmap_r3,cancel,100000,0.377,375
idmap_r3,cancel,100000,0.378,375
idmap_r3,cancel,100000,0.379,375
idmap_r3,cancel,100000,0.38,375
idmap_r3,cancel,100000,0.381,375
idmap_r3,cancel,100000,0.382,375
idmap_r3,cancel,100000,0.383,375
idmap_r3,cancel,100000,0.384,375
idmap_r3,cancel,100000,0.385,375
idmap_r3,cancel,100000,0.386,375
idmap_r3,cancel,100000,0.387,375
idmap_r3,cancel,100000,0.388,375
idmap_r3,cancel,100000,0.389,375
idmap_r3,cancel,100000,0.39,375
idmap_r3,cancel,100000,0.391,375
idmap_r3,cancel,100000,0.392,375
idmap_r3,cancel,100000,0.393,375
idmap_r3,cancel,100000,0.394,375
idmap_r3,cancel,100000,0.395,375
idmap_r3,cancel,100000,0.396,375
idmap_r3,cancel,100000,0.397,375
idmap_r3,cancel,100000,0.398,375
idmap_r3,cancel,100000,0.399,375
idmap_r3,cancel,100000,0.4,375
idmap_r3,cancel,100000,0.401,375
idmap_r3,cancel,100000,0.402,375
idmap_r3,cancel,100000,0.403,375
idmap_r3,cancel,100000,0.404,375
idmap_r3,cancel,100000,0.405,375
idmap_r3,cancel,100000,0.406,375
idmap_r3,cancel,100000,0.407,375
idmap_r3,cancel,100000,0.408,375
idmap_r3,cancel,100000,0.409,375
idmap_r3,cancel,100000,0.41,375
idmap_r3,cancel,100000,0.411,375
idmap_r3,cancel,100000,0.412,375
idmap_r3,cancel,100000,0.413,375
idmap_r3,cancel,100000,0.414,375
idmap_r3,cancel,100000,0.415,375
idmap_r3,cancel,100000,0.416,375
idmap_r3,cancel,100000,0.417,375
idmap_r3,cancel,100000,0.418,375
idmap_r3,cancel,100000,0.419,375
idmap_r3,cancel,100000,0.42,375
idmap_r3,cancel,100000,0.421,375
idmap_r3,cancel,100000,0.422,375
idmap_r3,cancel,100000,0.423,375
idmap_r3,cancel,100000,0.424,375
idmap_r3,cancel,100000,0.425,375
idmap_r3,cancel,100000,0.426,375
idmap_r3,cancel,100000,0.427,375
idmap_r3,cancel,100000,0.428,375
idmap_r3,cancel,100000,0.429,375
idmap_r3,cancel,100000,0.43,375
idmap_r3,cancel,100000,0.431,375
idmap_r3,cancel,100000,0.432,416
idmap_r3,cancel,100000,0.433,416
idmap_r3,cancel,100000,0.434,416
idmap_r3,cancel,100000,0.435,416
idmap_r3,cancel,100000,0.436,416
idmap_r3,cancel,100000,0.437,416
idmap_r3,cancel,100000,0.438,416
idmap_r3,cancel,100000,0.439,416
idmap_r3,cancel,100000,0.44,416
idmap_r3,cancel,100000,0.441,416
idmap_r3,cancel,100000,0.442,416
idmap_r3,cancel,100000,0.443,416
idmap_r3,cancel,100000,0.444,416
idmap_r3,cancel,100000,0.445,416
idmap_r3,cancel,100000,0.446,416
idmap_r3,cancel,100000,0.447,416
idmap_r3,cancel,100000,0.448,416
idmap_r3,cancel,100000,0.449,416
idmap_r3,cancel,100000,0.45,416
idmap_r3,cancel,100000,0.451,416
idmap_r3,cancel,100000,0.452,416
idmap_r3,cancel,100000,0.453,416
idmap_r3,cancel,100000,0.454,416
idmap_r3,cancel,100000,0.455,416
idmap_r3,cancel,100000,0.456,416
idmap_r3,cancel,100000,0.457,416
idmap_r3,cancel,100000,0.458,416
idmap_r3,cancel,100000,0.459,416
idmap_r3,cancel,100000,0.46,416
idmap_r3,cancel,100000,0.461,416
idmap_r3,cancel,100000,0.462,416
idmap_r3,cancel,100000,0.463,416
idmap_r3,cancel,100000,0.464,416
idmap_r3,cancel,100000,0.465,416
idmap_r3,cancel,100000,0.466,416
idmap_r3,cancel,100000,0.467,416
idmap_r3,cancel,100000,0.468,416
idmap_r3,cancel,100000,0.469,417
idmap_r3,cancel,100000,0.47,417
idmap_r3,cancel,100000,0.471,417
idmap_r3,cancel,100000,0.472,417
idmap_r3,cancel,100000,0.473,417
idmap_r3,cancel,100000,0.474,417
idmap_r3,cancel,100000,0.475,417
idmap_r3,cancel,100000,0.476,417
idmap_r3,cancel,100000,0.477,417
idmap_r3,cancel,100000,0.478,417
idmap_r3,cancel,100000,0.479,417
idmap_r3,cancel,100000,0.48,417
idmap_r3,cancel,100000,0.481,417
idmap_r3,cancel,100000,0.482,417
idmap_r3,cancel,100000,0.483,417
idmap_r3,cancel,100000,0.484,417
idmap_r3,cancel,100000,0.485,417
idmap_r3,cancel,100000,0.486,417
idmap_r3,cancel,100000,0.487,417
idmap_r3,cancel,100000,0.488,417
idmap_r3,cancel,100000,0.489,417
idmap_r3,cancel,100000,0.49,417
idmap_r3,cancel,100000,0.491,417
idmap_r3,cancel,100000,0.492,417
idmap_r3,cancel,100000,0.493,417
idmap_r3,cancel,100000,0.494,417
idmap_r3,cancel,100000,0.495,417
idmap_r3,cancel,100000,0.496,417
idmap_r3,cancel,100000,0.497,417
idmap_r3,cancel,100000,0.498,417
idmap_r3,cancel,100000,0.499,417
idmap_r3,cancel,100000,0.5,417
idmap_r3,cancel,100000,0.501,417
idmap_r3,cancel,100000,0.502,417
idmap_r3,cancel,100000,0.503,417
idmap_r3,cancel,100000,0.504,417
idmap_r3,cancel,100000,0.505,417
idmap_r3,cancel,100000,0.506,417
idmap_r3,cancel,100000,0.507,417
idmap_r3,cancel,100000,0.508,417
idmap_r3,cancel,100000,0.509,417
idmap_r3,cancel,100000,0.51,417
idmap_r3,cancel,100000,0.511,417
idmap_r3,cancel,100000,0.512,417
idmap_r3,cancel,100000,0.513,417
idmap_r3,cancel,100000,0.514,417
idmap_r3,cancel,100000,0.515,417
idmap_r3,cancel,100000,0.516,417
idmap_r3,cancel,100000,0.517,417
idmap_r3,cancel,100000,0.518,417
idmap_r3,cancel,100000,0.519,417
idmap_r3,cancel,100000,0.52,417
idmap_r3,cancel,100000,0.521,417
idmap_r3,cancel,100000,0.522,417
idmap_r3,cancel,100000,0.523,417
idmap_r3,cancel,100000,0.524,417
idmap_r3,cancel,100000,0.525,417
idmap_r3,cancel,100000,0.526,417
idmap_r3,cancel,100000,0.527,417
idmap_r3,cancel,100000,0.528,417
idmap_r3,cancel,100000,0.529,417
idmap_r3,cancel,100000,0.53,417
idmap_r3,cancel,100000,0.531,417
idmap_r3,cancel,100000,0.532,417
idmap_r3,cancel,100000,0.533,417
idmap_r3,cancel,100000,0.534,417
idmap_r3,cancel,100000,0.535,417
idmap_r3,cancel,100000,0.536,417
idmap_r3,cancel,100000,0.537,417
idmap_r3,cancel,100000,0.538,417
idmap_r3,cancel,100000,0.539,417
idmap_r3,cancel,100000,0.54,417
idmap_r3,cancel,100000,0.541,417
idmap_r3,cancel,100000,0.542,458
idmap_r3,cancel,100000,0.543,458
idmap_r3,cancel,100000,0.544,458
idmap_r3,cancel,100000,0.545,458
idmap_r3,cancel,100000,0.546,458
idmap_r3,cancel,100000,0.547,458
idmap_r3,cancel,100000,0.548,458
idmap_r3,cancel,100000,0.549,458
idmap_r3,cancel,100000,0.55,458
idmap_r3,cancel,100000,0.551,458
idmap_r3,cancel,100000,0.552,458
idmap_r3,cancel,100000,0.553,458
idmap_r3,cancel,100000,0.554,458
idmap_r3,cancel,100000,0.555,458
idmap_r3,cancel,100000,0.556,458
idmap_r3,cancel,100000,0.557,458
idmap_r3,cancel,100000,0.558,458
idmap_r3,cancel,100000,0.559,458
idmap_r3,cancel,100000,0.56,458
idmap_r3,cancel,100000,0.561,458
idmap_r3,cancel,100000,0.562,458
idmap_r3,cancel,100000,0.563,458
idmap_r3,cancel,100000,0.564,458
idmap_r3,cancel,100000,0.565,458
idmap_r3,cancel,100000,0.566,458
idmap_r3,cancel,100000,0.567,458
idmap_r3,cancel,100000,0.568,458
idmap_r3,cancel,100000,0.569,458
idmap_r3,cancel,100000,0.57,458
idmap_r3,cancel,100000,0.571,458
idmap_r3,cancel,100000,0.572,458
idmap_r3,cancel,100000,0.573,458
idmap_r3,cancel,100000,0.574,458
idmap_r3,cancel,100000,0.575,458
idmap_r3,cancel,100000,0.576,458
idmap_r3,cancel,100000,0.577,458
idmap_r3,cancel,100000,0.578,458
idmap_r3,cancel,100000,0.579,458
idmap_r3,cancel,100000,0.58,458
idmap_r3,cancel,100000,0.581,458
idmap_r3,cancel,100000,0.582,458
idmap_r3,cancel,100000,0.583,458
idmap_r3,cancel,100000,0.584,458
idmap_r3,cancel,100000,0.585,458
idmap_r3,cancel,100000,0.586,458
idmap_r3,cancel,100000,0.587,458
idmap_r3,cancel,100000,0.588,458
idmap_r3,cancel,100000,0.589,458
idmap_r3,cancel,100000,0.59,458
idmap_r3,cancel,100000,0.591,458
idmap_r3,cancel,100000,0.592,458
idmap_r3,cancel,100000,0.593,458
idmap_r3,cancel,100000,0.594,458
idmap_r3,cancel,100000,0.595,458
idmap_r3,cancel,100000,0.596,458
idmap_r3,cancel,100000,0.597,458
idmap_r3,cancel,100000,0.598,459
idmap_r3,cancel,100000,0.599,459
idmap_r3,cancel,100000,0.6,459
idmap_r3,cancel,100000,0.601,459
idmap_r3,cancel,100000,0.602,459
idmap_r3,cancel,100000,0.603,459
idmap_r3,cancel,100000,0.604,459
idmap_r3,cancel,100000,0.605,459
idmap_r3,cancel,100000,0.606,459
idmap_r3,cancel,100000,0.607,459
idmap_r3,cancel,100000,0.608,459
idmap_r3,cancel,100000,0.609,459
idmap_r3,cancel,100000,0.61,459
idmap_r3,cancel,100000,0.611,459
idmap_r3,cancel,100000,0.612,459
idmap_r3,cancel,100000,0.613,459
idmap_r3,cancel,100000,0.614,459
idmap_r3,cancel,100000,0.615,459
idmap_r3,cancel,100000,0.616,459
idmap_r3,cancel,100000,0.617,459
idmap_r3,cancel,100000,0.618,459
idmap_r3,cancel,100000,0.619,459
idmap_r3,cancel,100000,0.62,459
idmap_r3,cancel,100000,0.621,459
idmap_r3,cancel,100000,0.622,459
idmap_r3,cancel,100000,0.623,459
idmap_r3,cancel,100000,0.624,459
idmap_r3,cancel,100000,0.625,459
idmap_r3,cancel,100000,0.626,459
idmap_r3,cancel,100000,0.627,500
idmap_r3,cancel,100000,0.628,500
idmap_r3,cancel,100000,0.629,500
idmap_r3,cancel,100000,0.63,500
idmap_r3,cancel,100000,0.631,500
idmap_r3,cancel,100000,0.632,500
idmap_r3,cancel,100000,0.633,500
idmap_r3,cancel,100000,0.634,500
idmap_r3,cancel,100000,0.635,500
idmap_r3,cancel,100000,0.636,500
idmap_r3,cancel,100000,0.637,500
idmap_r3,cancel,100000,0.638,500
idmap_r3,cancel,100000,0.639,500
idmap_r3,cancel,100000,0.64,500
idmap_r3,cancel,100000,0.641,500
idmap_r3,cancel,100000,0.642,500
idmap_r3,cancel,100000,0.643,500
idmap_r3,cancel,100000,0.644,500
idmap_r3,cancel,100000,0.645,500
idmap_r3,cancel,100000,0.646,500
idmap_r3,cancel,100000,0.647,500
idmap_r3,cancel,100000,0.648,500
idmap_r3,cancel,100000,0.649,500
idmap_r3,cancel,100000,0.65,500
idmap_r3,cancel,100000,0.651,500
idmap_r3,cancel,100000,0.652,500
idmap_r3,cancel,100000,0.653,500
idmap_r3,cancel,100000,0.654,500
idmap_r3,cancel,100000,0.655,500
idmap_r3,cancel,100000,0.656,500
idmap_r3,cancel,100000,0.657,500
idmap_r3,cancel,100000,0.658,500
idmap_r3,cancel,100000,0.659,500
idmap_r3,cancel,100000,0.66,500
idmap_r3,cancel,100000,0.661,500
idmap_r3,cancel,100000,0.662,500
idmap_r3,cancel,100000,0.663,500
idmap_r3,cancel,100000,0.664,500
idmap_r3,cancel,100000,0.665,500
idmap_r3,cancel,100000,0.666,500
idmap_r3,cancel,100000,0.667,500
idmap_r3,cancel,100000,0.668,500
idmap_r3,cancel,100000,0.669,500
idmap_r3,cancel,100000,0.67,500
idmap_r3,cancel,100000,0.671,500
idmap_r3,cancel,100000,0.672,500
idmap_r3,cancel,100000,0.673,500
idmap_r3,cancel,100000,0.674,500
idmap_r3,cancel,100000,0.675,500
idmap_r3,cancel,100000,0.676,500
idmap_r3,cancel,100000,0.677,500
idmap_r3,cancel,100000,0.678,500
idmap_r3,cancel,100000,0.679,500
idmap_r3,cancel,100000,0.68,500
idmap_r3,cancel,100000,0.681,500
idmap_r3,cancel,100000,0.682,500
idmap_r3,cancel,100000,0.683,500
idmap_r3,cancel,100000,0.684,500
idmap_r3,cancel,100000,0.685,500
idmap_r3,cancel,100000,0.686,500
idmap_r3,cancel,100000,0.687,500
idmap_r3,cancel,100000,0.688,500
idmap_r3,cancel,100000,0.689,500
idmap_r3,cancel,100000,0.69,500
idmap_r3,cancel,100000,0.691,500
idmap_r3,cancel,100000,0.692,500
idmap_r3,cancel,100000,0.693,500
idmap_r3,cancel,100000,0.694,500
idmap_r3,cancel,100000,0.695,500
idmap_r3,cancel,100000,0.696,500
idmap_r3,cancel,100000,0.697,541
idmap_r3,cancel,100000,0.698,541
idmap_r3,cancel,100000,0.699,541
idmap_r3,cancel,100000,0.7,541
idmap_r3,cancel,100000,0.701,541
idmap_r3,cancel,100000,0.702,541
idmap_r3,cancel,100000,0.703,541
idmap_r3,cancel,100000,0.704,541
idmap_r3,cancel,100000,0.705,541
idmap_r3,cancel,100000,0.706,541
idmap_r3,cancel,100000,0.707,541
idmap_r3,cancel,100000,0.708,541
idmap_r3,cancel,100000,0.709,541
idmap_r3,cancel,100000,0.71,541
idmap_r3,cancel,100000,0.711,541
idmap_r3,cancel,100000,0.712,541
idmap_r3,cancel,100000,0.713,541
idmap_r3,cancel,100000,0.714,541
idmap_r3,cancel,100000,0.715,542
idmap_r3,cancel,100000,0.716,542
idmap_r3,cancel,100000,0.717,542
idmap_r3,cancel,100000,0.718,542
idmap_r3,cancel,100000,0.719,542
idmap_r3,cancel,100000,0.72,542
idmap_r3,cancel,100000,0.721,542
idmap_r3,cancel,100000,0.722,542
idmap_r3,cancel,100000,0.723,542
idmap_r3,cancel,100000,0.724,542
idmap_r3,cancel,100000,0.725,542
idmap_r3,cancel,100000,0.726,542
idmap_r3,cancel,100000,0.727,542
idmap_r3,cancel,100000,0.728,542
idmap_r3,cancel,100000,0.729,542
idmap_r3,cancel,100000,0.73,542
idmap_r3,cancel,100000,0.731,542
idmap_r3,cancel,100000,0.732,542
idmap_r3,cancel,100000,0.733,542
idmap_r3,cancel,100000,0.734,542
idmap_r3,cancel,100000,0.735,542
idmap_r3,cancel,100000,0.736,542
idmap_r3,cancel,100000,0.737,542
idmap_r3,cancel,100000,0.738,542
idmap_r3,cancel,100000,0.739,542
idmap_r3,cancel,100000,0.74,542
idmap_r3,cancel,100000,0.741,542
idmap_r3,cancel,100000,0.742,542
idmap_r3,cancel,100000,0.743,542
idmap_r3,cancel,100000,0.744,542
idmap_r3,cancel,100000,0.745,542
idmap_r3,cancel,100000,0.746,542
idmap_r3,cancel,100000,0.747,542
idmap_r3,cancel,100000,0.748,542
idmap_r3,cancel,100000,0.749,542
idmap_r3,cancel,100000,0.75,542
idmap_r3,cancel,100000,0.751,542
idmap_r3,cancel,100000,0.752,542
idmap_r3,cancel,100000,0.753,542
idmap_r3,cancel,100000,0.754,583
idmap_r3,cancel,100000,0.755,583
idmap_r3,cancel,100000,0.756,583
idmap_r3,cancel,100000,0.757,583
idmap_r3,cancel,100000,0.758,583
idmap_r3,cancel,100000,0.759,583
idmap_r3,cancel,100000,0.76,583
idmap_r3,cancel,100000,0.761,583
idmap_r3,cancel,100000,0.762,583
idmap_r3,cancel,100000,0.763,583
idmap_r3,cancel,100000,0.764,583
idmap_r3,cancel,100000,0.765,583
idmap_r3,cancel,100000,0.766,583
idmap_r3,cancel,100000,0.767,583
idmap_r3,cancel,100000,0.768,583
idmap_r3,cancel,100000,0.769,583
idmap_r3,cancel,100000,0.77,583
idmap_r3,cancel,100000,0.771,583
idmap_r3,cancel,100000,0.772,583
idmap_r3,cancel,100000,0.773,583
idmap_r3,cancel,100000,0.774,583
idmap_r3,cancel,100000,0.775,583
idmap_r3,cancel,100000,0.776,583
idmap_r3,cancel,100000,0.777,583
idmap_r3,cancel,100000,0.778,583
idmap_r3,cancel,100000,0.779,583
idmap_r3,cancel,100000,0.78,583
idmap_r3,cancel,100000,0.781,583
idmap_r3,cancel,100000,0.782,583
idmap_r3,cancel,100000,0.783,583
idmap_r3,cancel,100000,0.784,583
idmap_r3,cancel,100000,0.785,583
idmap_r3,cancel,100000,0.786,584
idmap_r3,cancel,100000,0.787,584
idmap_r3,cancel,100000,0.788,584
idmap_r3,cancel,100000,0.789,584
idmap_r3,cancel,100000,0.79,584
idmap_r3,cancel,100000,0.791,584
idmap_r3,cancel,100000,0.792,584
idmap_r3,cancel,100000,0.793,584
idmap_r3,cancel,100000,0.794,584
idmap_r3,cancel,100000,0.795,584
idmap_r3,cancel,100000,0.796,584
idmap_r3,cancel,100000,0.797,584
idmap_r3,cancel,100000,0.798,584
idmap_r3,cancel,100000,0.799,584
idmap_r3,cancel,100000,0.8,584
idmap_r3,cancel,100000,0.801,625
idmap_r3,cancel,100000,0.802,625
idmap_r3,cancel,100000,0.803,625
idmap_r3,cancel,100000,0.804,625
idmap_r3,cancel,100000,0.805,625
idmap_r3,cancel,100000,0.806,625
idmap_r3,cancel,100000,0.807,625
idmap_r3,cancel,100000,0.808,625
idmap_r3,cancel,100000,0.809,625
idmap_r3,cancel,100000,0.81,625
idmap_r3,cancel,100000,0.811,625
idmap_r3,cancel,100000,0.812,625
idmap_r3,cancel,100000,0.813,625
idmap_r3,cancel,100000,0.814,625
idmap_r3,cancel,100000,0.815,625
idmap_r3,cancel,100000,0.816,625
idmap_r3,cancel,100000,0.817,625
idmap_r3,cancel,100000,0.818,625
idmap_r3,cancel,100000,0.819,625
idmap_r3,cancel,100000,0.82,625
idmap_r3,cancel,100000,0.821,625
idmap_r3,cancel,100000,0.822,625
idmap_r3,cancel,100000,0.823,625
idmap_r3,cancel,100000,0.824,625
idmap_r3,cancel,100000,0.825,625
idmap_r3,cancel,100000,0.826,625
idmap_r3,cancel,100000,0.827,625
idmap_r3,cancel,100000,0.828,625
idmap_r3,cancel,100000,0.829,625
idmap_r3,cancel,100000,0.83,625
idmap_r3,cancel,100000,0.831,625
idmap_r3,cancel,100000,0.832,625
idmap_r3,cancel,100000,0.833,625
idmap_r3,cancel,100000,0.834,625
idmap_r3,cancel,100000,0.835,625
idmap_r3,cancel,100000,0.836,625
idmap_r3,cancel,100000,0.837,625
idmap_r3,cancel,100000,0.838,625
idmap_r3,cancel,100000,0.839,625
idmap_r3,cancel,100000,0.84,666
idmap_r3,cancel,100000,0.841,666
idmap_r3,cancel,100000,0.842,666
idmap_r3,cancel,100000,0.843,666
idmap_r3,cancel,100000,0.844,666
idmap_r3,cancel,100000,0.845,666
idmap_r3,cancel,100000,0.846,666
idmap_r3,cancel,100000,0.847,666
idmap_r3,cancel,100000,0.848,666
idmap_r3,cancel,100000,0.849,666
idmap_r3,cancel,100000,0.85,667
idmap_r3,cancel,100000,0.851,667
idmap_r3,cancel,100000,0.852,667
idmap_r3,cancel,100000,0.853,667
idmap_r3,cancel,100000,0.854,667
idmap_r3,cancel,100000,0.855,667
idmap_r3,cancel,100000,0.856,667
idmap_r3,cancel,100000,0.857,667
idmap_r3,cancel,100000,0.858,667
idmap_r3,cancel,100000,0.859,667
idmap_r3,cancel,100000,0.86,667
idmap_r3,cancel,100000,0.861,667
idmap_r3,cancel,100000,0.862,667
idmap_r3,cancel,100000,0.863,667
idmap_r3,cancel,100000,0.864,667
idmap_r3,cancel,100000,0.865,667
idmap_r3,cancel,100000,0.866,667
idmap_r3,cancel,100000,0.867,667
idmap_r3,cancel,100000,0.868,667
idmap_r3,cancel,100000,0.869,667
idmap_r3,cancel,100000,0.87,708
idmap_r3,cancel,100000,0.871,708
idmap_r3,cancel,100000,0.872,708
idmap_r3,cancel,100000,0.873,708
idmap_r3,cancel,100000,0.874,708
idmap_r3,cancel,100000,0.875,708
idmap_r3,cancel,100000,0.876,708
idmap_r3,cancel,100000,0.877,708
idmap_r3,cancel,100000,0.878,708
idmap_r3,cancel,100000,0.879,708
idmap_r3,cancel,100000,0.88,708
idmap_r3,cancel,100000,0.881,708
idmap_r3,cancel,100000,0.882,708
idmap_r3,cancel,100000,0.883,708
idmap_r3,cancel,100000,0.884,708
idmap_r3,cancel,100000,0.885,708
idmap_r3,cancel,100000,0.886,709
idmap_r3,cancel,100000,0.887,709
idmap_r3,cancel,100000,0.888,709
idmap_r3,cancel,100000,0.889,709
idmap_r3,cancel,100000,0.89,709
idmap_r3,cancel,100000,0.891,709
idmap_r3,cancel,100000,0.892,709
idmap_r3,cancel,100000,0.893,709
idmap_r3,cancel,100000,0.894,750
idmap_r3,cancel,100000,0.895,750
idmap_r3,cancel,100000,0.896,750
idmap_r3,cancel,100000,0.897,750
idmap_r3,cancel,100000,0.898,750
idmap_r3,cancel,100000,0.899,750
idmap_r3,cancel,100000,0.9,750
idmap_r3,cancel,100000,0.901,750
idmap_r3,cancel,100000,0.902,750
idmap_r3,cancel,100000,0.903,750
idmap_r3,cancel,100000,0.904,750
idmap_r3,cancel,100000,0.905,750
idmap_r3,cancel,100000,0.906,750
idmap_r3,cancel,100000,0.907,750
idmap_r3,cancel,100000,0.908,750
idmap_r3,cancel,100000,0.909,750
idmap_r3,cancel,100000,0.91,750
idmap_r3,cancel,100000,0.911,750
idmap_r3,cancel,100000,0.912,750
idmap_r3,cancel,100000,0.913,791
idmap_r3,cancel,100000,0.914,791
idmap_r3,cancel,100000,0.915,791
idmap_r3,cancel,100000,0.916,791
idmap_r3,cancel,100000,0.917,791
idmap_r3,cancel,100000,0.918,792
idmap_r3,cancel,100000,0.919,792
idmap_r3,cancel,100000,0.92,792
idmap_r3,cancel,100000,0.921,792
idmap_r3,cancel,100000,0.922,792
idmap_r3,cancel,100000,0.923,792
idmap_r3,cancel,100000,0.924,792
idmap_r3,cancel,100000,0.925,792
idmap_r3,cancel,100000,0.926,792
idmap_r3,cancel,100000,0.927,833
idmap_r3,cancel,100000,0.928,833
idmap_r3,cancel,100000,0.929,833
idmap_r3,cancel,100000,0.93,833
idmap_r3,cancel,100000,0.931,833
idmap_r3,cancel,100000,0.932,833
idmap_r3,cancel,100000,0.933,833
idmap_r3,cancel,100000,0.934,833
idmap_r3,cancel,100000,0.935,834
idmap_r3,cancel,100000,0.936,834
idmap_r3,cancel,100000,0.937,834
idmap_r3,cancel,100000,0.938,834
idmap_r3,cancel,100000,0.939,875
idmap_r3,cancel,100000,0.94,875
idmap_r3,cancel,100000,0.941,875
idmap_r3,cancel,100000,0.942,875
idmap_r3,cancel,100000,0.943,875
idmap_r3,cancel,100000,0.944,875
idmap_r3,cancel,100000,0.945,875
idmap_r3,cancel,100000,0.946,875
idmap_r3,cancel,100000,0.947,875
idmap_r3,cancel,100000,0.948,875
idmap_r3,cancel,100000,0.949,916
idmap_r3,cancel,100000,0.95,916
idmap_r3,cancel,100000,0.951,917
idmap_r3,cancel,100000,0.952,917
idmap_r3,cancel,100000,0.953,917
idmap_r3,cancel,100000,0.954,917
idmap_r3,cancel,100000,0.955,917
idmap_r3,cancel,100000,0.956,917
idmap_r3,cancel,100000,0.957,958
idmap_r3,cancel,100000,0.958,958
idmap_r3,cancel,100000,0.959,958
idmap_r3,cancel,100000,0.96,958
idmap_r3,cancel,100000,0.961,959
idmap_r3,cancel,100000,0.962,959
idmap_r3,cancel,100000,0.963,1000
idmap_r3,cancel,100000,0.964,1000
idmap_r3,cancel,100000,0.965,1000
idmap_r3,cancel,100000,0.966,1000
idmap_r3,cancel,100000,0.967,1000
idmap_r3,cancel,100000,0.968,1000
idmap_r3,cancel,100000,0.969,1041
idmap_r3,cancel,100000,0.97,1041
idmap_r3,cancel,100000,0.971,1042
idmap_r3,cancel,100000,0.972,1042
idmap_r3,cancel,100000,0.973,1042
idmap_r3,cancel,100000,0.974,1083
idmap_r3,cancel,100000,0.975,1083
idmap_r3,cancel,100000,0.976,1083
idmap_r3,cancel,100000,0.977,1084
idmap_r3,cancel,100000,0.978,1125
idmap_r3,cancel,100000,0.979,1125
idmap_r3,cancel,100000,0.98,1125
idmap_r3,cancel,100000,0.981,1125
idmap_r3,cancel,100000,0.982,1166
idmap_r3,cancel,100000,0.983,1167
idmap_r3,cancel,100000,0.984,1208
idmap_r3,cancel,100000,0.985,1208
idmap_r3,cancel,100000,0.986,1209
idmap_r3,cancel,100000,0.987,1250
idmap_r3,cancel,100000,0.988,1250
idmap_r3,cancel,100000,0.989,1292
idmap_r3,cancel,100000,0.99,1333
idmap_r3,cancel,100000,0.991,1334
idmap_r3,cancel,100000,0.992,1375
idmap_r3,cancel,100000,0.993,1417
idmap_r3,cancel,100000,0.994,1500
idmap_r3,cancel,100000,0.995,1584
idmap_r3,cancel,100000,0.996,1709
idmap_r3,cancel,100000,0.997,2125
idmap_r3,cancel,100000,0.998,7125
idmap_r3,cancel,100000,0.999,22667
idmap_r3,match,100000,0,0
idmap_r3,match,100000,0.001,0
idmap_r3,match,100000,0.002,41
idmap_r3,match,100000,0.003,41
idmap_r3,match,100000,0.004,41
idmap_r3,match,100000,0.005,41
idmap_r3,match,100000,0.006,41
idmap_r3,match,100000,0.007,41
idmap_r3,match,100000,0.008,41
idmap_r3,match,100000,0.009,41
idmap_r3,match,100000,0.01,41
idmap_r3,match,100000,0.011,41
idmap_r3,match,100000,0.012,41
idmap_r3,match,100000,0.013,41
idmap_r3,match,100000,0.014,41
idmap_r3,match,100000,0.015,41
idmap_r3,match,100000,0.016,41
idmap_r3,match,100000,0.017,41
idmap_r3,match,100000,0.018,41
idmap_r3,match,100000,0.019,41
idmap_r3,match,100000,0.02,41
idmap_r3,match,100000,0.021,41
idmap_r3,match,100000,0.022,41
idmap_r3,match,100000,0.023,41
idmap_r3,match,100000,0.024,41
idmap_r3,match,100000,0.025,41
idmap_r3,match,100000,0.026,41
idmap_r3,match,100000,0.027,41
idmap_r3,match,100000,0.028,41
idmap_r3,match,100000,0.029,41
idmap_r3,match,100000,0.03,41
idmap_r3,match,100000,0.031,41
idmap_r3,match,100000,0.032,41
idmap_r3,match,100000,0.033,41
idmap_r3,match,100000,0.034,41
idmap_r3,match,100000,0.035,42
idmap_r3,match,100000,0.036,42
idmap_r3,match,100000,0.037,42
idmap_r3,match,100000,0.038,42
idmap_r3,match,100000,0.039,42
idmap_r3,match,100000,0.04,42
idmap_r3,match,100000,0.041,42
idmap_r3,match,100000,0.042,42
idmap_r3,match,100000,0.043,42
idmap_r3,match,100000,0.044,42
idmap_r3,match,100000,0.045,42
idmap_r3,match,100000,0.046,42
idmap_r3,match,100000,0.047,42
idmap_r3,match,100000,0.048,42
idmap_r3,match,100000,0.049,42
idmap_r3,match,100000,0.05,42
idmap_r3,match,100000,0.051,42
idmap_r3,match,100000,0.052,42
idmap_r3,match,100000,0.053,42
idmap_r3,match,100000,0.054,42
idmap_r3,match,100000,0.055,42
idmap_r3,match,100000,0.056,42
idmap_r3,match,100000,0.057,42
idmap_r3,match,100000,0.058,42
idmap_r3,match,100000,0.059,42
idmap_r3,match,100000,0.06,42
idmap_r3,match,100000,0.061,42
idmap_r3,match,100000,0.062,42
idmap_r3,match,100000,0.063,42
idmap_r3,match,100000,0.064,42
idmap_r3,match,100000,0.065,42
idmap_r3,match,100000,0.066,42
idmap_r3,match,100000,0.067,42
idmap_r3,match,100000,0.068,42
idmap_r3,match,100000,0.069,42
idmap_r3,match,100000,0.07,42
idmap_r3,match,100000,0.071,42
idmap_r3,match,100000,0.072,42
idmap_r3,match,100000,0.073,42
idmap_r3,match,100000,0.074,42
idmap_r3,match,100000,0.075,42
idmap_r3,match,100000,0.076,42
idmap_r3,match,100000,0.077,42
idmap_r3,match,100000,0.078,42
idmap_r3,match,100000,0.079,42
idmap_r3,match,100000,0.08,42
idmap_r3,match,100000,0.081,42
idmap_r3,match,100000,0.082,42
idmap_r3,match,100000,0.083,42
idmap_r3,match,100000,0.084,42
idmap_r3,match,100000,0.085,42
idmap_r3,match,100000,0.086,42
idmap_r3,match,100000,0.087,42
idmap_r3,match,100000,0.088,42
idmap_r3,match,100000,0.089,42
idmap_r3,match,100000,0.09,42
idmap_r3,match,100000,0.091,42
idmap_r3,match,100000,0.092,42
idmap_r3,match,100000,0.093,42
idmap_r3,match,100000,0.094,42
idmap_r3,match,100000,0.095,42
idmap_r3,match,100000,0.096,42
idmap_r3,match,100000,0.097,42
idmap_r3,match,100000,0.098,42
idmap_r3,match,100000,0.099,42
idmap_r3,match,100000,0.1,42
idmap_r3,match,100000,0.101,42
idmap_r3,match,100000,0.102,42
idmap_r3,match,100000,0.103,83
idmap_r3,match,100000,0.104,83
idmap_r3,match,100000,0.105,83
idmap_r3,match,100000,0.106,83
idmap_r3,match,100000,0.107,83
idmap_r3,match,100000,0.108,83
idmap_r3,match,100000,0.109,83
idmap_r3,match,100000,0.11,83
idmap_r3,match,100000,0.111,83
idmap_r3,match,100000,0.112,83
idmap_r3,match,100000,0.113,83
idmap_r3,match,100000,0.114,83
idmap_r3,match,100000,0.115,83
idmap_r3,match,100000,0.116,83
idmap_r3,match,100000,0.117,83
idmap_r3,match,100000,0.118,83
idmap_r3,match,100000,0.119,83
idmap_r3,match,100000,0.12,83
idmap_r3,match,100000,0.121,83
idmap_r3,match,100000,0.122,83
idmap_r3,match,100000,0.123,83
idmap_r3,match,100000,0.124,83
idmap_r3,match,100000,0.125,83
idmap_r3,match,100000,0.126,83
idmap_r3,match,100000,0.127,83
idmap_r3,match,100000,0.128,83
idmap_r3,match,100000,0.129,83
idmap_r3,match,100000,0.13,83
idmap_r3,match,100000,0.131,83
idmap_r3,match,100000,0.132,83
idmap_r3,match,100000,0.133,83
idmap_r3,match,100000,0.134,83
idmap_r3,match,100000,0.135,83
idmap_r3,match,100000,0.136,83
idmap_r3,match,100000,0.137,83
idmap_r3,match,100000,0.138,83
idmap_r3,match,100000,0.139,83
idmap_r3,match,100000,0.14,83
idmap_r3,match,100000,0.141,83
idmap_r3,match,100000,0.142,83
idmap_r3,match,100000,0.143,83
idmap_r3,match,100000,0.144,83
idmap_r3,match,100000,0.145,83
idmap_r3,match,100000,0.146,83
idmap_r3,match,100000,0.147,83
idmap_r3,match,100000,0.148,83
idmap_r3,match,100000,0.149,83
idmap_r3,match,100000,0.15,83
idmap_r3,match,100000,0.151,84
idmap_r3,match,100000,0.152,84
idmap_r3,match,100000,0.153,84
idmap_r3,match,100000,0.154,84
idmap_r3,match,100000,0.155,84
idmap_r3,match,100000,0.156,84
idmap_r3,match,100000,0.157,84
idmap_r3,match,100000,0.158,84
idmap_r3,match,100000,0.159,84
idmap_r3,match,100000,0.16,84
idmap_r3,match,100000,0.161,84
idmap_r3,match,100000,0.162,84
idmap_r3,match,100000,0.163,84
idmap_r3,match,100000,0.164,84
idmap_r3,match,100000,0.165,84
idmap_r3,match,100000,0.166,84
idmap_r3,match,100000,0.167,84
idmap_r3,match,100000,0.168,84
idmap_r3,match,100000,0.169,84
idmap_r3,match,100000,0.17,84
idmap_r3,match,100000,0.171,84
idmap_r3,match,100000,0.172,84
idmap_r3,match,100000,0.173,84
idmap_r3,match,100000,0.174,84
idmap_r3,match,100000,0.175,125
idmap_r3,match,100000,0.176,125
idmap_r3,match,100000,0.177,125
idmap_r3,match,100000,0.178,125
idmap_r3,match,100000,0.179,125
idmap_r3,match,100000,0.18,125
idmap_r3,match,100000,0.181,125
idmap_r3,match,100000,0.182,125
idmap_r3,match,100000,0.183,125
idmap_r3,match,100000,0.184,125
idmap_r3,match,100000,0.185,125
idmap_r3,match,100000,0.186,125
idmap_r3,match,100000,0.187,125
idmap_r3,match,100000,0.188,125
idmap_r3,match,100000,0.189,125
idmap_r3,match,100000,0.19,125
idmap_r3,match,100000,0.191,125
idmap_r3,match,100000,0.192,125
idmap_r3,match,100000,0.193,125
idmap_r3,match,100000,0.194,125
idmap_r3,match,100000,0.195,125
idmap_r3,match,100000,0.196,125
idmap_r3,match,100000,0.197,125
idmap_r3,match,100000,0.198,125
idmap_r3,match,100000,0.199,125
idmap_r3,match,100000,0.2,125
idmap_r3,match,100000,0.201,125
idmap_r3,match,100000,0.202,125
idmap_r3,match,100000,0.203,125
idmap_r3,match,100000,0.204,125
idmap_r3,match,100000,0.205,125
idmap_r3,match,100000,0.206,125
idmap_r3,match,100000,0.207,125
idmap_r3,match,100000,0.208,125
idmap_r3,match,100000,0.209,125
idmap_r3,match,100000,0.21,125
idmap_r3,match,100000,0.211,125
idmap_r3,match,100000,0.212,125
idmap_r3,match,100000,0.213,125
idmap_r3,match,100000,0.214,125
idmap_r3,match,100000,0.215,125
idmap_r3,match,100000,0.216,125
idmap_r3,match,100000,0.217,125
idmap_r3,match,100000,0.218,125
idmap_r3,match,100000,0.219,125
idmap_r3,match,100000,0.22,125
idmap_r3,match,100000,0.221,125
idmap_r3,match,100000,0.222,125
idmap_r3,match,100000,0.223,125
idmap_r3,match,100000,0.224,125
idmap_r3,match,100000,0.225,125
idmap_r3,match,100000,0.226,125
idmap_r3,match,100000,0.227,125
idmap_r3,match,100000,0.228,125
idmap_r3,match,100000,0.229,125
idmap_r3,match,100000,0.23,125
idmap_r3,match,100000,0.231,125
idmap_r3,match,100000,0.232,125
idmap_r3,match,100000,0.233,125
idmap_r3,match,100000,0.234,125
idmap_r3,match,100000,0.235,125
idmap_r3,match,100000,0.236,125
idmap_r3,match,100000,0.237,125
idmap_r3,match,100000,0.238,125
idmap_r3,match,100000,0.239,125
idmap_r3,match,100000,0.24,125
idmap_r3,match,100000,0.241,125
idmap_r3,match,100000,0.242,125
idmap_r3,match,100000,0.243,125
idmap_r3,match,100000,0.244,125
idmap_r3,match,100000,0.245,125
idmap_r3,match,100000,0.246,125
idmap_r3,match,100000,0.247,125
idmap_r3,match,100000,0.248,125
idmap_r3,match,100000,0.249,125
idmap_r3,match,100000,0.25,125
idmap_r3,match,100000,0.251,125
idmap_r3,match,100000,0.252,125
idmap_r3,match,100000,0.253,125
idmap_r3,match,100000,0.254,125
idmap_r3,match,100000,0.255,125
idmap_r3,match,100000,0.256,125
idmap_r3,match,100000,0.257,125
idmap_r3,match,100000,0.258,125
idmap_r3,match,100000,0.259,125
idmap_r3,match,100000,0.26,125
idmap_r3,match,100000,0.261,125
idmap_r3,match,100000,0.262,125
idmap_r3,match,100000,0.263,125
idmap_r3,match,100000,0.264,125
idmap_r3,match,100000,0.265,125
idmap_r3,match,100000,0.266,125
idmap_r3,match,100000,0.267,125
idmap_r3,match,100000,0.268,125
idmap_r3,match,100000,0.269,125
idmap_r3,match,100000,0.27,125
idmap_r3,match,100000,0.271,125
idmap_r3,match,100000,0.272,125
idmap_r3,match,100000,0.273,125
idmap_r3,match,100000,0.274,125
idmap_r3,match,100000,0.275,125
idmap_r3,match,100000,0.276,125
idmap_r3,match,100000,0.277,125
idmap_r3,match,100000,0.278,125
idmap_r3,match,100000,0.279,125
idmap_r3,match,100000,0.28,125
idmap_r3,match,100000,0.281,125
idmap_r3,match,100000,0.282,125
idmap_r3,match,100000,0.283,125
idmap_r3,match,100000,0.284,125
idmap_r3,match,100000,0.285,125
idmap_r3,match,100000,0.286,125
idmap_r3,match,100000,0.287,125
idmap_r3,match,100000,0.288,125
idmap_r3,match,100000,0.289,125
idmap_r3,match,100000,0.29,125
idmap_r3,match,100000,0.291,125
idmap_r3,match,100000,0.292,166
idmap_r3,match,100000,0.293,166
idmap_r3,match,100000,0.294,166
idmap_r3,match,100000,0.295,166
idmap_r3,match,100000,0.296,166
idmap_r3,match,100000,0.297,166
idmap_r3,match,100000,0.298,166
idmap_r3,match,100000,0.299,166
idmap_r3,match,100000,0.3,166
idmap_r3,match,100000,0.301,166
idmap_r3,match,100000,0.302,166
idmap_r3,match,100000,0.303,166
idmap_r3,match,100000,0.304,166
idmap_r3,match,100000,0.305,166
idmap_r3,match,100000,0.306,166
idmap_r3,match,100000,0.307,166
idmap_r3,match,100000,0.308,166
idmap_r3,match,100000,0.309,166
idmap_r3,match,100000,0.31,166
idmap_r3,match,100000,0.311,166
idmap_r3,match,100000,0.312,166
idmap_r3,match,100000,0.313,166
idmap_r3,match,100000,0.314,166
idmap_r3,match,100000,0.315,166
idmap_r3,match,100000,0.316,166
idmap_r3,match,100000,0.317,166
idmap_r3,match,100000,0.318,166
idmap_r3,match,100000,0.319,166
idmap_r3,match,100000,0.32,166
idmap_r3,match,100000,0.321,166
idmap_r3,match,100000,0.322,166
idmap_r3,match,100000,0.323,166
idmap_r3,match,100000,0.324,166
idmap_r3,match,100000,0.325,166
idmap_r3,match,100000,0.326,166
idmap_r3,match,100000,0.327,166
idmap_r3,match,100000,0.328,166
idmap_r3,match,100000,0.329,166
idmap_r3,match,100000,0.33,166
idmap_r3,match,100000,0.331,166
idmap_r3,match,100000,0.332,166
idmap_r3,match,100000,0.333,166
idmap_r3,match,100000,0.334,166
idmap_r3,match,100000,0.335,166
idmap_r3,match,100000,0.336,166
idmap_r3,match,100000,0.337,166
idmap_r3,match,100000,0.338,166
idmap_r3,match,100000,0.339,166
idmap_r3,match,100000,0.34,166
idmap_r3,match,100000,0.341,166
idmap_r3,match,100000,0.342,166
idmap_r3,match,100000,0.343,166
idmap_r3,match,100000,0.344,166
idmap_r3,match,100000,0.345,166
idmap_r3,match,100000,0.346,166
idmap_r3,match,100000,0.347,166
idmap_r3,match,100000,0.348,166
idmap_r3,match,100000,0.349,166
idmap_r3,match,100000,0.35,166
idmap_r3,match,100000,0.351,166
idmap_r3,match,100000,0.352,166
idmap_r3,match,100000,0.353,166
idmap_r3,match,100000,0.354,166
idmap_r3,match,100000,0.355,166
idmap_r3,match,100000,0.356,166
idmap_r3,match,100000,0.357,166
idmap_r3,match,100000,0.358,166
idmap_r3,match,100000,0.359,167
idmap_r3,match,100000,0.36,167
idmap_r3,match,100000,0.361,167
idmap_r3,match,100000,0.362,167
idmap_r3,match,100000,0.363,167
idmap_r3,match,100000,0.364,167
idmap_r3,match,100000,0.365,167
idmap_r3,match,100000,0.366,167
idmap_r3,match,100000,0.367,167
idmap_r3,match,100000,0.368,167
idmap_r3,match,100000,0.369,167
idmap_r3,match,100000,0.37,167
idmap_r3,match,100000,0.371,167
idmap_r3,match,100000,0.372,167
idmap_r3,match,100000,0.373,167
idmap_r3,match,100000,0.374,167
idmap_r3,match,100000,0.375,167
idmap_r3,match,100000,0.376,167
idmap_r3,match,100000,0.377,167
idmap_r3,match,100000,0.378,167
idmap_r3,match,100000,0.379,167
idmap_r3,match,100000,0.38,167
idmap_r3,match,100000,0.381,167
idmap_r3,match,100000,0.382,167
idmap_r3,match,100000,0.383,167
idmap_r3,match,100000,0.384,167
idmap_r3,match,100000,0.385,167
idmap_r3,match,100000,0.386,167
idmap_r3,match,100000,0.387,167
idmap_r3,match,100000,0.388,167
idmap_r3,match,100000,0.389,167
idmap_r3,match,100000,0.39,167
idmap_r3,match,100000,0.391,167
idmap_r3,match,100000,0.392,167
idmap_r3,match,100000,0.393,167
idmap_r3,match,100000,0.394,167
idmap_r3,match,100000,0.395,167
idmap_r3,match,100000,0.396,167
idmap_r3,match,100000,0.397,167
idmap_r3,match,100000,0.398,167
idmap_r3,match,100000,0.399,167
idmap_r3,match,100000,0.4,167
idmap_r3,match,100000,0.401,167
idmap_r3,match,100000,0.402,167
idmap_r3,match,100000,0.403,167
idmap_r3,match,100000,0.404,167
idmap_r3,match,100000,0.405,167
idmap_r3,match,100000,0.406,167
idmap_r3,match,100000,0.407,167
idmap_r3,match,100000,0.408,167
idmap_r3,match,100000,0.409,167
idmap_r3,match,100000,0.41,167
idmap_r3,match,100000,0.411,167
idmap_r3,match,100000,0.412,167
idmap_r3,match,100000,0.413,167
idmap_r3,match,100000,0.414,167
idmap_r3,match,100000,0.415,167
idmap_r3,match,100000,0.416,167
idmap_r3,match,100000,0.417,167
idmap_r3,match,100000,0.418,167
idmap_r3,match,100000,0.419,167
idmap_r3,match,100000,0.42,167
idmap_r3,match,100000,0.421,167
idmap_r3,match,100000,0.422,167
idmap_r3,match,100000,0.423,167
idmap_r3,match,100000,0.424,167
idmap_r3,match,100000,0.425,167
idmap_r3,match,100000,0.426,167
idmap_r3,match,100000,0.427,167
idmap_r3,match,100000,0.428,167
idmap_r3,match,100000,0.429,167
idmap_r3,match,100000,0.43,167
idmap_r3,match,100000,0.431,167
idmap_r3,match,100000,0.432,167
idmap_r3,match,100000,0.433,167
idmap_r3,match,100000,0.434,167
idmap_r3,match,100000,0.435,167
idmap_r3,match,100000,0.436,167
idmap_r3,match,100000,0.437,167
idmap_r3,match,100000,0.438,167
idmap_r3,match,100000,0.439,167
idmap_r3,match,100000,0.44,167
idmap_r3,match,100000,0.441,167
idmap_r3,match,100000,0.442,167
idmap_r3,match,100000,0.443,167
idmap_r3,match,100000,0.444,167
idmap_r3,match,100000,0.445,167
idmap_r3,match,100000,0.446,167
idmap_r3,match,100000,0.447,167
idmap_r3,match,100000,0.448,167
idmap_r3,match,100000,0.449,167
idmap_r3,match,100000,0.45,167
idmap_r3,match,100000,0.451,167
idmap_r3,match,100000,0.452,167
idmap_r3,match,100000,0.453,167
idmap_r3,match,100000,0.454,167
idmap_r3,match,100000,0.455,167
idmap_r3,match,100000,0.456,167
idmap_r3,match,100000,0.457,167
idmap_r3,match,100000,0.458,167
idmap_r3,match,100000,0.459,167
idmap_r3,match,100000,0.46,167
idmap_r3,match,100000,0.461,167
idmap_r3,match,100000,0.462,167
idmap_r3,match,100000,0.463,167
idmap_r3,match,100000,0.464,167
idmap_r3,match,100000,0.465,167
idmap_r3,match,100000,0.466,167
idmap_r3,match,100000,0.467,167
idmap_r3,match,100000,0.468,167
idmap_r3,match,100000,0.469,167
idmap_r3,match,100000,0.47,167
idmap_r3,match,100000,0.471,167
idmap_r3,match,100000,0.472,167
idmap_r3,match,100000,0.473,167
idmap_r3,match,100000,0.474,167
idmap_r3,match,100000,0.475,167
idmap_r3,match,100000,0.476,167
idmap_r3,match,100000,0.477,167
idmap_r3,match,100000,0.478,167
idmap_r3,match,100000,0.479,167
idmap_r3,match,100000,0.48,167
idmap_r3,match,100000,0.481,167
idmap_r3,match,100000,0.482,167
idmap_r3,match,100000,0.483,167
idmap_r3,match,100000,0.484,167
idmap_r3,match,100000,0.485,167
idmap_r3,match,100000,0.486,167
idmap_r3,match,100000,0.487,167
idmap_r3,match,100000,0.488,167
idmap_r3,match,100000,0.489,167
idmap_r3,match,100000,0.49,167
idmap_r3,match,100000,0.491,167
idmap_r3,match,100000,0.492,167
idmap_r3,match,100000,0.493,208
idmap_r3,match,100000,0.494,208
idmap_r3,match,100000,0.495,208
idmap_r3,match,100000,0.496,208
idmap_r3,match,100000,0.497,208
idmap_r3,match,100000,0.498,208
idmap_r3,match,100000,0.499,208
idmap_r3,match,100000,0.5,208
idmap_r3,match,100000,0.501,208
idmap_r3,match,100000,0.502,208
idmap_r3,match,100000,0.503,208
idmap_r3,match,100000,0.504,208
idmap_r3,match,100000,0.505,208
idmap_r3,match,100000,0.506,208
idmap_r3,match,100000,0.507,208
idmap_r3,match,100000,0.508,208
idmap_r3,match,100000,0.509,208
idmap_r3,match,100000,0.51,208
idmap_r3,match,100000,0.511,208
idmap_r3,match,100000,0.512,208
idmap_r3,match,100000,0.513,208
idmap_r3,match,100000,0.514,208
idmap_r3,match,100000,0.515,208
idmap_r3,match,100000,0.516,208
idmap_r3,match,100000,0.517,208
idmap_r3,match,100000,0.518,208
idmap_r3,match,100000,0.519,208
idmap_r3,match,100000,0.52,208
idmap_r3,match,100000,0.521,208
idmap_r3,match,100000,0.522,208
idmap_r3,match,100000,0.523,208
idmap_r3,match,100000,0.524,208
idmap_r3,match,100000,0.525,208
idmap_r3,match,100000,0.526,208
idmap_r3,match,100000,0.527,208
idmap_r3,match,100000,0.528,208
idmap_r3,match,100000,0.529,208
idmap_r3,match,100000,0.53,208
idmap_r3,match,100000,0.531,208
idmap_r3,match,100000,0.532,208
idmap_r3,match,100000,0.533,208
idmap_r3,match,100000,0.534,208
idmap_r3,match,100000,0.535,208
idmap_r3,match,100000,0.536,208
idmap_r3,match,100000,0.537,208
idmap_r3,match,100000,0.538,208
idmap_r3,match,100000,0.539,208
idmap_r3,match,100000,0.54,208
idmap_r3,match,100000,0.541,208
idmap_r3,match,100000,0.542,208
idmap_r3,match,100000,0.543,208
idmap_r3,match,100000,0.544,208
idmap_r3,match,100000,0.545,208
idmap_r3,match,100000,0.546,208
idmap_r3,match,100000,0.547,208
idmap_r3,match,100000,0.548,208
idmap_r3,match,100000,0.549,208
idmap_r3,match,100000,0.55,208
idmap_r3,match,100000,0.551,208
idmap_r3,match,100000,0.552,208
idmap_r3,match,100000,0.553,208
idmap_r3,match,100000,0.554,208
idmap_r3,match,100000,0.555,208
idmap_r3,match,100000,0.556,208
idmap_r3,match,100000,0.557,208
idmap_r3,match,100000,0.558,208
idmap_r3,match,100000,0.559,208
idmap_r3,match,100000,0.56,208
idmap_r3,match,100000,0.561,208
idmap_r3,match,100000,0.562,208
idmap_r3,match,100000,0.563,208
idmap_r3,match,100000,0.564,208
idmap_r3,match,100000,0.565,208
idmap_r3,match,100000,0.566,208
idmap_r3,match,100000,0.567,208
idmap_r3,match,100000,0.568,208
idmap_r3,match,100000,0.569,208
idmap_r3,match,100000,0.57,208
idmap_r3,match,100000,0.571,208
idmap_r3,match,100000,0.572,208
idmap_r3,match,100000,0.573,208
idmap_r3,match,100000,0.574,208
idmap_r3,match,100000,0.575,208
idmap_r3,match,100000,0.576,208
idmap_r3,match,100000,0.577,208
idmap_r3,match,100000,0.578,208
idmap_r3,match,100000,0.579,208
idmap_r3,match,100000,0.58,208
idmap_r3,match,100000,0.581,208
idmap_r3,match,100000,0.582,208
idmap_r3,match,100000,0.583,208
idmap_r3,match,100000,0.584,208
idmap_r3,match,100000,0.585,208
idmap_r3,match,100000,0.586,208
idmap_r3,match,100000,0.587,208
idmap_r3,match,100000,0.588,208
idmap_r3,match,100000,0.589,208
idmap_r3,match,100000,0.59,208
idmap_r3,match,100000,0.591,208
idmap_r3,match,100000,0.592,208
idmap_r3,match,100000,0.593,209
idmap_r3,match,100000,0.594,209
idmap_r3,match,100000,0.595,209
idmap_r3,match,100000,0.596,209
idmap_r3,match,100000,0.597,209
idmap_r3,match,100000,0.598,209
idmap_r3,match,100000,0.599,209
idmap_r3,match,100000,0.6,209
idmap_r3,match,100000,0.601,209
idmap_r3,match,100000,0.602,209
idmap_r3,match,100000,0.603,209
idmap_r3,match,100000,0.604,209
idmap_r3,match,100000,0.605,209
idmap_r3,match,100000,0.606,209
idmap_r3,match,100000,0.607,209
idmap_r3,match,100000,0.608,209
idmap_r3,match,100000,0.609,209
idmap_r3,match,100000,0.61,209
idmap_r3,match,100000,0.611,209
idmap_r3,match,100000,0.612,209
idmap_r3,match,100000,0.613,209
idmap_r3,match,100000,0.614,209
idmap_r3,match,100000,0.615,209
idmap_r3,match,100000,0.616,209
idmap_r3,match,100000,0.617,209
idmap_r3,match,100000,0.618,209
idmap_r3,match,100000,0.619,209
idmap_r3,match,100000,0.62,209
idmap_r3,match,100000,0.621,209
idmap_r3,match,100000,0.622,209
idmap_r3,match,100000,0.623,209
idmap_r3,match,100000,0.624,209
idmap_r3,match,100000,0.625,209
idmap_r3,match,100000,0.626,209
idmap_r3,match,100000,0.627,209
idmap_r3,match,100000,0.628,209
idmap_r3,match,100000,0.629,209
idmap_r3,match,100000,0.63,209
idmap_r3,match,100000,0.631,209
idmap_r3,match,100000,0.632,209
idmap_r3,match,100000,0.633,209
idmap_r3,match,100000,0.634,209
idmap_r3,match,100000,0.635,209
idmap_r3,match,100000,0.636,209
idmap_r3,match,100000,0.637,209
idmap_r3,match,100000,0.638,209
idmap_r3,match,100000,0.639,209
idmap_r3,match,100000,0.64,209
idmap_r3,match,100000,0.641,209
idmap_r3,match,100000,0.642,209
idmap_r3,match,100000,0.643,209
idmap_r3,match,100000,0.644,250
idmap_r3,match,100000,0.645,250
idmap_r3,match,100000,0.646,250
idmap_r3,match,100000,0.647,250
idmap_r3,match,100000,0.648,250
idmap_r3,match,100000,0.649,250
idmap_r3,match,100000,0.65,250
idmap_r3,match,100000,0.651,250
idmap_r3,match,100000,0.652,250
idmap_r3,match,100000,0.653,250
idmap_r3,match,100000,0.654,250
idmap_r3,match,100000,0.655,250
idmap_r3,match,100000,0.656,250
idmap_r3,match,100000,0.657,250
idmap_r3,match,100000,0.658,250
idmap_r3,match,100000,0.659,250
idmap_r3,match,100000,0.66,250
idmap_r3,match,100000,0.661,250
idmap_r3,match,100000,0.662,250
idmap_r3,match,100000,0.663,250
idmap_r3,match,100000,0.664,250
idmap_r3,match,100000,0.665,250
idmap_r3,match,100000,0.666,250
idmap_r3,match,100000,0.667,250
idmap_r3,match,100000,0.668,250
idmap_r3,match,100000,0.669,250
idmap_r3,match,100000,0.67,250
idmap_r3,match,100000,0.671,250
idmap_r3,match,100000,0.672,250
idmap_r3,match,100000,0.673,250
idmap_r3,match,100000,0.674,250
idmap_r3,match,100000,0.675,250
idmap_r3,match,100000,0.676,250
idmap_r3,match,100000,0.677,250
idmap_r3,match,100000,0.678,250
idmap_r3,match,100000,0.679,250
idmap_r3,match,100000,0.68,250
idmap_r3,match,100000,0.681,250
idmap_r3,match,100000,0.682,250
idmap_r3,match,100000,0.683,250
idmap_r3,match,100000,0.684,250
idmap_r3,match,100000,0.685,250
idmap_r3,match,100000,0.686,250
idmap_r3,match,100000,0.687,250
idmap_r3,match,100000,0.688,250
idmap_r3,match,100000,0.689,250
idmap_r3,match,100000,0.69,250
idmap_r3,match,100000,0.691,250
idmap_r3,match,100000,0.692,250
idmap_r3,match,100000,0.693,250
idmap_r3,match,100000,0.694,250
idmap_r3,match,100000,0.695,250
idmap_r3,match,100000,0.696,250
idmap_r3,match,100000,0.697,250
idmap_r3,match,100000,0.698,250
idmap_r3,match,100000,0.699,250
idmap_r3,match,100000,0.7,250
idmap_r3,match,100000,0.701,250
idmap_r3,match,100000,0.702,250
idmap_r3,match,100000,0.703,250
idmap_r3,match,100000,0.704,250
idmap_r3,match,100000,0.705,250
idmap_r3,match,100000,0.706,250
idmap_r3,match,100000,0.707,250
idmap_r3,match,100000,0.708,250
idmap_r3,match,100000,0.709,250
idmap_r3,match,100000,0.71,250
idmap_r3,match,100000,0.711,250
idmap_r3,match,100000,0.712,250
idmap_r3,match,100000,0.713,250
idmap_r3,match,100000,0.714,250
idmap_r3,match,100000,0.715,250
idmap_r3,match,100000,0.716,250
idmap_r3,match,100000,0.717,250
idmap_r3,match,100000,0.718,250
idmap_r3,match,100000,0.719,250
idmap_r3,match,100000,0.72,250
idmap_r3,match,100000,0.721,250
idmap_r3,match,100000,0.722,250
idmap_r3,match,100000,0.723,250
idmap_r3,match,100000,0.724,250
idmap_r3,match,100000,0.725,250
idmap_r3,match,100000,0.726,250
idmap_r3,match,100000,0.727,250
idmap_r3,match,100000,0.728,250
idmap_r3,match,100000,0.729,250
idmap_r3,match,100000,0.73,250
idmap_r3,match,100000,0.731,291
idmap_r3,match,100000,0.732,291
idmap_r3,match,100000,0.733,291
idmap_r3,match,100000,0.734,291
idmap_r3,match,100000,0.735,291
idmap_r3,match,100000,0.736,291
idmap_r3,match,100000,0.737,291
idmap_r3,match,100000,0.738,291
idmap_r3,match,100000,0.739,291
idmap_r3,match,100000,0.74,291
idmap_r3,match,100000,0.741,291
idmap_r3,match,100000,0.742,291
idmap_r3,match,100000,0.743,291
idmap_r3,match,100000,0.744,291
idmap_r3,match,100000,0.745,291
idmap_r3,match,100000,0.746,291
idmap_r3,match,100000,0.747,291
idmap_r3,match,100000,0.748,291
idmap_r3,match,100000,0.749,291
idmap_r3,match,100000,0.75,291
idmap_r3,match,100000,0.751,291
idmap_r3,match,100000,0.752,292
idmap_r3,match,100000,0.753,292
idmap_r3,match,100000,0.754,292
idmap_r3,match,100000,0.755,292
idmap_r3,match,100000,0.756,292
idmap_r3,match,100000,0.757,292
idmap_r3,match,100000,0.758,292
idmap_r3,match,100000,0.759,292
idmap_r3,match,100000,0.76,292
idmap_r3,match,100000,0.761,292
idmap_r3,match,100000,0.762,292
idmap_r3,match,100000,0.763,292
idmap_r3,match,100000,0.764,292
idmap_r3,match,100000,0.765,292
idmap_r3,match,100000,0.766,292
idmap_r3,match,100000,0.767,292
idmap_r3,match,100000,0.768,292
idmap_r3,match,100000,0.769,292
idmap_r3,match,100000,0.77,292
idmap_r3,match,100000,0.771,292
idmap_r3,match,100000,0.772,292
idmap_r3,match,100000,0.773,292
idmap_r3,match,100000,0.774,292
idmap_r3,match,100000,0.775,292
idmap_r3,match,100000,0.776,292
idmap_r3,match,100000,0.777,292
idmap_r3,match,100000,0.778,292
idmap_r3,match,100000,0.779,292
idmap_r3,match,100000,0.78,292
idmap_r3,match,100000,0.781,292
idmap_r3,match,100000,0.782,292
idmap_r3,match,100000,0.783,292
idmap_r3,match,100000,0.784,292
idmap_r3,match,100000,0.785,292
idmap_r3,match,100000,0.786,292
idmap_r3,match,100000,0.787,292
idmap_r3,match,100000,0.788,292
idmap_r3,match,100000,0.789,292
idmap_r3,match,100000,0.79,292
idmap_r3,match,100000,0.791,292
idmap_r3,match,100000,0.792,292
idmap_r3,match,100000,0.793,333
idmap_r3,match,100000,0.794,333
idmap_r3,match,100000,0.795,333
idmap_r3,match,100000,0.796,333
idmap_r3,match,100000,0.797,333
idmap_r3,match,100000,0.798,333
idmap_r3,match,100000,0.799,333
idmap_r3,match,100000,0.8,333
idmap_r3,match,100000,0.801,333
idmap_r3,match,100000,0.802,333
idmap_r3,match,100000,0.803,333
idmap_r3,match,100000,0.804,333
idmap_r3,match,100000,0.805,333
idmap_r3,match,100000,0.806,333
idmap_r3,match,100000,0.807,333
idmap_r3,match,100000,0.808,333
idmap_r3,match,100000,0.809,333
idmap_r3,match,100000,0.81,333
idmap_r3,match,100000,0.811,333
idmap_r3,match,100000,0.812,333
idmap_r3,match,100000,0.813,333
idmap_r3,match,100000,0.814,333
idmap_r3,match,100000,0.815,333
idmap_r3,match,100000,0.816,333
idmap_r3,match,100000,0.817,333
idmap_r3,match,100000,0.818,333
idmap_r3,match,100000,0.819,333
idmap_r3,match,100000,0.82,333
idmap_r3,match,100000,0.821,333
idmap_r3,match,100000,0.822,333
idmap_r3,match,100000,0.823,333
idmap_r3,match,100000,0.824,333
idmap_r3,match,100000,0.825,333
idmap_r3,match,100000,0.826,333
idmap_r3,match,100000,0.827,334
idmap_r3,match,100000,0.828,334
idmap_r3,match,100000,0.829,334
idmap_r3,match,100000,0.83,334
idmap_r3,match,100000,0.831,334
idmap_r3,match,100000,0.832,334
idmap_r3,match,100000,0.833,334
idmap_r3,match,100000,0.834,334
idmap_r3,match,100000,0.835,334
idmap_r3,match,100000,0.836,334
idmap_r3,match,100000,0.837,334
idmap_r3,match,100000,0.838,334
idmap_r3,match,100000,0.839,334
idmap_r3,match,100000,0.84,334
idmap_r3,match,100000,0.841,334
idmap_r3,match,100000,0.842,334
idmap_r3,match,100000,0.843,334
idmap_r3,match,100000,0.844,375
idmap_r3,match,100000,0.845,375
idmap_r3,match,100000,0.846,375
idmap_r3,match,100000,0.847,375
idmap_r3,match,100000,0.848,375
idmap_r3,match,100000,0.849,375
idmap_r3,match,100000,0.85,375
idmap_r3,match,100000,0.851,375
idmap_r3,match,100000,0.852,375
idmap_r3,match,100000,0.853,375
idmap_r3,match,100000,0.854,375
idmap_r3,match,100000,0.855,375
idmap_r3,match,100000,0.856,375
idmap_r3,match,100000,0.857,375
idmap_r3,match,100000,0.858,375
idmap_r3,match,100000,0.859,375
idmap_r3,match,100000,0.86,375
idmap_r3,match,100000,0.861,375
idmap_r3,match,100000,0.862,375
idmap_r3,match,100000,0.863,375
idmap_r3,match,100000,0.864,375
idmap_r3,match,100000,0.865,375
idmap_r3,match,100000,0.866,375
idmap_r3,match,100000,0.867,375
idmap_r3,match,100000,0.868,375
idmap_r3,match,100000,0.869,375
idmap_r3,match,100000,0.87,375
idmap_r3,match,100000,0.871,375
idmap_r3,match,100000,0.872,375
idmap_r3,match,100000,0.873,375
idmap_r3,match,100000,0.874,375
idmap_r3,match,100000,0.875,375
idmap_r3,match,100000,0.876,375
idmap_r3,match,100000,0.877,375
idmap_r3,match,100000,0.878,375
idmap_r3,match,100000,0.879,375
idmap_r3,match,100000,0.88,375
idmap_r3,match,100000,0.881,416
idmap_r3,match,100000,0.882,416
idmap_r3,match,100000,0.883,416
idmap_r3,match,100000,0.884,416
idmap_r3,match,100000,0.885,416
idmap_r3,match,100000,0.886,416
idmap_r3,match,100000,0.887,416
idmap_r3,match,100000,0.888,416
idmap_r3,match,100000,0.889,416
idmap_r3,match,100000,0.89,416
idmap_r3,match,100000,0.891,417
idmap_r3,match,100000,0.892,417
idmap_r3,match,100000,0.893,417
idmap_r3,match,100000,0.894,417
idmap_r3,match,100000,0.895,417
idmap_r3,match,100000,0.896,417
idmap_r3,match,100000,0.897,417
idmap_r3,match,100000,0.898,417
idmap_r3,match,100000,0.899,417
idmap_r3,match,100000,0.9,417
idmap_r3,match,100000,0.901,417
idmap_r3,match,100000,0.902,417
idmap_r3,match,100000,0.903,417
idmap_r3,match,100000,0.904,417
idmap_r3,match,100000,0.905,417
idmap_r3,match,100000,0.906,417
idmap_r3,match,100000,0.907,417
idmap_r3,match,100000,0.908,417
idmap_r3,match,100000,0.909,417
idmap_r3,match,100000,0.91,458
idmap_r3,match,100000,0.911,458
idmap_r3,match,100000,0.912,458
idmap_r3,match,100000,0.913,458
idmap_r3,match,100000,0.914,458
idmap_r3,match,100000,0.915,458
idmap_r3,match,100000,0.916,458
idmap_r3,match,100000,0.917,458
idmap_r3,match,100000,0.918,458
idmap_r3,match,100000,0.919,458
idmap_r3,match,100000,0.92,458
idmap_r3,match,100000,0.921,458
idmap_r3,match,100000,0.922,458
idmap_r3,match,100000,0.923,458
idmap_r3,match,100000,0.924,458
idmap_r3,match,100000,0.925,458
idmap_r3,match,100000,0.926,459
idmap_r3,match,100000,0.927,459
idmap_r3,match,100000,0.928,459
idmap_r3,match,100000,0.929,459
idmap_r3,match,100000,0.93,459
idmap_r3,match,100000,0.931,459
idmap_r3,match,100000,0.932,459
idmap_r3,match,100000,0.933,459
idmap_r3,match,100000,0.934,500
idmap_r3,match,100000,0.935,500
idmap_r3,match,100000,0.936,500
idmap_r3,match,100000,0.937,500
idmap_r3,match,100000,0.938,500
idmap_r3,match,100000,0.939,500
idmap_r3,match,100000,0.94,500
idmap_r3,match,100000,0.941,500
idmap_r3,match,100000,0.942,500
idmap_r3,match,100000,0.943,500
idmap_r3,match,100000,0.944,500
idmap_r3,match,100000,0.945,500
idmap_r3,match,100000,0.946,500
idmap_r3,match,100000,0.947,500
idmap_r3,match,100000,0.948,500
idmap_r3,match,100000,0.949,500
idmap_r3,match,100000,0.95,500
idmap_r3,match,100000,0.951,541
idmap_r3,match,100000,0.952,541
idmap_r3,match,100000,0.953,541
idmap_r3,match,100000,0.954,541
idmap_r3,match,100000,0.955,542
idmap_r3,match,100000,0.956,542
idmap_r3,match,100000,0.957,542
idmap_r3,match,100000,0.958,542
idmap_r3,match,100000,0.959,542
idmap_r3,match,100000,0.96,542
idmap_r3,match,100000,0.961,542
idmap_r3,match,100000,0.962,542
idmap_r3,match,100000,0.963,583
idmap_r3,match,100000,0.964,583
idmap_r3,match,100000,0.965,583
idmap_r3,match,100000,0.966,583
idmap_r3,match,100000,0.967,583
idmap_r3,match,100000,0.968,583
idmap_r3,match,100000,0.969,584
idmap_r3,match,100000,0.97,584
idmap_r3,match,100000,0.971,584
idmap_r3,match,100000,0.972,625
idmap_r3,match,100000,0.973,625
idmap_r3,match,100000,0.974,625
idmap_r3,match,100000,0.975,625
idmap_r3,match,100000,0.976,625
idmap_r3,match,100000,0.977,625
idmap_r3,match,100000,0.978,666
idmap_r3,match,100000,0.979,666
idmap_r3,match,100000,0.98,667
idmap_r3,match,100000,0.981,667
idmap_r3,match,100000,0.982,667
idmap_r3,match,100000,0.983,708
idmap_r3,match,100000,0.984,708
idmap_r3,match,100000,0.985,709
idmap_r3,match,100000,0.986,750
idmap_r3,match,100000,0.987,750
idmap_r3,match,100000,0.988,791
idmap_r3,match,100000,0.989,792
idmap_r3,match,100000,0.99,833
idmap_r3,match,100000,0.991,875
idmap_r3,match,100000,0.992,916
idmap_r3,match,100000,0.993,958
idmap_r3,match,100000,0.994,1000
idmap_r3,match,100000,0.995,1042
idmap_r3,match,100000,0.996,1125
idmap_r3,match,100000,0.997,1209
idmap_r3,match,100000,0.998,1459
idmap_r3,match,100000,0.999,7458
idmap_r3,add,1000000,0,0
idmap_r3,add,1000000,0.001,0
idmap_r3,add,1000000,0.002,0
idmap_r3,add,1000000,0.003,0
idmap_r3,add,1000000,0.004,0
idmap_r3,add,1000000,0.005,0
idmap_r3,add,1000000,0.006,41
idmap_r3,add,1000000,0.007,41
idmap_r3,add,1000000,0.008,41
idmap_r3,add,1000000,0.009,41
idmap_r3,add,1000000,0.01,41
idmap_r3,add,1000000,0.011,41
idmap_r3,add,1000000,0.012,41
idmap_r3,add,1000000,0.013,41
idmap_r3,add,1000000,0.014,41
idmap_r3,add,1000000,0.015,41
idmap_r3,add,1000000,0.016,41
idmap_r3,add,1000000,0.017,41
idmap_r3,add,1000000,0.018,41
idmap_r3,add,1000000,0.019,41
idmap_r3,add,1000000,0.02,41
idmap_r3,add,1000000,0.021,41
idmap_r3,add,1000000,0.022,41
idmap_r3,add,1000000,0.023,41
idmap_r3,add,1000000,0.024,41
idmap_r3,add,1000000,0.025,41
idmap_r3,add,1000000,0.026,41
idmap_r3,add,1000000,0.027,41
idmap_r3,add,1000000,0.028,41
idmap_r3,add,1000000,0.029,41
idmap_r3,add,1000000,0.03,41
idmap_r3,add,1000000,0.031,41
idmap_r3,add,1000000,0.032,41
idmap_r3,add,1000000,0.033,41
idmap_r3,add,1000000,0.034,41
idmap_r3,add,1000000,0.035,41
idmap_r3,add,1000000,0.036,41
idmap_r3,add,1000000,0.037,41
idmap_r3,add,1000000,0.038,41
idmap_r3,add,1000000,0.039,41
idmap_r3,add,1000000,0.04,41
idmap_r3,add,1000000,0.041,41
idmap_r3,add,1000000,0.042,41
idmap_r3,add,1000000,0.043,41
idmap_r3,add,1000000,0.044,41
idmap_r3,add,1000000,0.045,41
idmap_r3,add,1000000,0.046,41
idmap_r3,add,1000000,0.047,41
idmap_r3,add,1000000,0.048,41
idmap_r3,add,1000000,0.049,41
idmap_r3,add,1000000,0.05,41
idmap_r3,add,1000000,0.051,42
idmap_r3,add,1000000,0.052,42
idmap_r3,add,1000000,0.053,42
idmap_r3,add,1000000,0.054,42
idmap_r3,add,1000000,0.055,42
idmap_r3,add,1000000,0.056,42
idmap_r3,add,1000000,0.057,42
idmap_r3,add,1000000,0.058,42
idmap_r3,add,1000000,0.059,42
idmap_r3,add,1000000,0.06,42
idmap_r3,add,1000000,0.061,42
idmap_r3,add,1000000,0.062,42
idmap_r3,add,1000000,0.063,42
idmap_r3,add,1000000,0.064,42
idmap_r3,add,1000000,0.065,42
idmap_r3,add,1000000,0.066,42
idmap_r3,add,1000000,0.067,42
idmap_r3,add,1000000,0.068,42
idmap_r3,add,1000000,0.069,42
idmap_r3,add,1000000,0.07,42
idmap_r3,add,1000000,0.071,42
idmap_r3,add,1000000,0.072,42
idmap_r3,add,1000000,0.073,42
idmap_r3,add,1000000,0.074,42
idmap_r3,add,1000000,0.075,42
idmap_r3,add,1000000,0.076,42
idmap_r3,add,1000000,0.077,42
idmap_r3,add,1000000,0.078,42
idmap_r3,add,1000000,0.079,42
idmap_r3,add,1000000,0.08,42
idmap_r3,add,1000000,0.081,42
idmap_r3,add,1000000,0.082,42
idmap_r3,add,1000000,0.083,42
idmap_r3,add,1000000,0.084,42
idmap_r3,add,1000000,0.085,42
idmap_r3,add,1000000,0.086,42
idmap_r3,add,1000000,0.087,42
idmap_r3,add,1000000,0.088,42
idmap_r3,add,1000000,0.089,42
idmap_r3,add,1000000,0.09,42
idmap_r3,add,1000000,0.091,42
idmap_r3,add,1000000,0.092,42
idmap_r3,add,1000000,0.093,42
idmap_r3,add,1000000,0.094,42
idmap_r3,add,1000000,0.095,42
idmap_r3,add,1000000,0.096,42
idmap_r3,add,1000000,0.097,42
idmap_r3,add,1000000,0.098,42
idmap_r3,add,1000000,0.099,42
idmap_r3,add,1000000,0.1,42
idmap_r3,add,1000000,0.101,42
idmap_r3,add,1000000,0.102,42
idmap_r3,add,1000000,0.103,42
idmap_r3,add,1000000,0.104,42
idmap_r3,add,1000000,0.105,42
idmap_r3,add,1000000,0.106,42
idmap_r3,add,1000000,0.107,42
idmap_r3,add,1000000,0.108,42
idmap_r3,add,1000000,0.109,42
idmap_r3,add,1000000,0.11,42
idmap_r3,add,1000000,0.111,42
idmap_r3,add,1000000,0.112,42
idmap_r3,add,1000000,0.113,42
idmap_r3,add,1000000,0.114,42
idmap_r3,add,1000000,0.115,42
idmap_r3,add,1000000,0.116,42
idmap_r3,add,1000000,0.117,42
idmap_r3,add,1000000,0.118,42
idmap_r3,add,1000000,0.119,42
idmap_r3,add,1000000,0.12,42
idmap_r3,add,1000000,0.121,42
idmap_r3,add,1000000,0.122,42
idmap_r3,add,1000000,0.123,42
idmap_r3,add,1000000,0.124,42
idmap_r3,add,1000000,0.125,42
idmap_r3,add,1000000,0.126,42
idmap_r3,add,1000000,0.127,42
idmap_r3,add,1000000,0.128,42
idmap_r3,add,1000000,0.129,42
idmap_r3,add,1000000,0.13,42
idmap_r3,add,1000000,0.131,42
idmap_r3,add,1000000,0.132,42
idmap_r3,add,1000000,0.133,42
idmap_r3,add,1000000,0.134,42
idmap_r3,add,1000000,0.135,42
idmap_r3,add,1000000,0.136,42
idmap_r3,add,1000000,0.137,42
idmap_r3,add,1000000,0.138,42
idmap_r3,add,1000000,0.139,42
idmap_r3,add,1000000,0.14,83
idmap_r3,add,1000000,0.141,83
idmap_r3,add,1000000,0.142,83
idmap_r3,add,1000000,0.143,83
idmap_r3,add,1000000,0.144,83
idmap_r3,add,1000000,0.145,83
idmap_r3,add,1000000,0.146,83
idmap_r3,add,1000000,0.147,83
idmap_r3,add,1000000,0.148,83
idmap_r3,add,1000000,0.149,83
idmap_r3,add,1000000,0.15,83
idmap_r3,add,1000000,0.151,83
idmap_r3,add,1000000,0.152,83
idmap_r3,add,1000000,0.153,83
idmap_r3,add,1000000,0.154,83
idmap_r3,add,1000000,0.155,83
idmap_r3,add,1000000,0.156,83
idmap_r3,add,1000000,0.157,83
idmap_r3,add,1000000,0.158,83
idmap_r3,add,1000000,0.159,83
idmap_r3,add,1000000,0.16,83
idmap_r3,add,1000000,0.161,83
idmap_r3,add,1000000,0.162,83
idmap_r3,add,1000000,0.163,83
idmap_r3,add,1000000,0.164,83
idmap_r3,add,1000000,0.165,83
idmap_r3,add,1000000,0.166,83
idmap_r3,add,1000000,0.167,83
idmap_r3,add,1000000,0.168,83
idmap_r3,add,1000000,0.169,83
idmap_r3,add,1000000,0.17,83
idmap_r3,add,1000000,0.171,83
idmap_r3,add,1000000,0.172,83
idmap_r3,add,1000000,0.173,83
idmap_r3,add,1000000,0.174,83
idmap_r3,add,1000000,0.175,83
idmap_r3,add,1000000,0.176,83
idmap_r3,add,1000000,0.177,83
idmap_r3,add,1000000,0.178,83
idmap_r3,add,1000000,0.179,83
idmap_r3,add,1000000,0.18,83
idmap_r3,add,1000000,0.181,83
idmap_r3,add,1000000,0.182,83
idmap_r3,add,1000000,0.183,83
idmap_r3,add,1000000,0.184,83
idmap_r3,add,1000000,0.185,83
idmap_r3,add,1000000,0.186,83
idmap_r3,add,1000000,0.187,83
idmap_r3,add,1000000,0.188,83
idmap_r3,add,1000000,0.189,83
idmap_r3,add,1000000,0.19,83
idmap_r3,add,1000000,0.191,83
idmap_r3,add,1000000,0.192,83
idmap_r3,add,1000000,0.193,83
idmap_r3,add,1000000,0.194,83
idmap_r3,add,1000000,0.195,83
idmap_r3,add,1000000,0.196,83
idmap_r3,add,1000000,0.197,83
idmap_r3,add,1000000,0.198,83
idmap_r3,add,1000000,0.199,83
idmap_r3,add,1000000,0.2,83
idmap_r3,add,1000000,0.201,83
idmap_r3,add,1000000,0.202,83
idmap_r3,add,1000000,0.203,83
idmap_r3,add,1000000,0.204,83
idmap_r3,add,1000000,0.205,83
idmap_r3,add,1000000,0.206,83
idmap_r3,add,1000000,0.207,83
idmap_r3,add,1000000,0.208,83
idmap_r3,add,1000000,0.209,83
idmap_r3,add,1000000,0.21,83
idmap_r3,add,1000000,0.211,83
idmap_r3,add,1000000,0.212,83
idmap_r3,add,1000000,0.213,83
idmap_r3,add,1000000,0.214,83
idmap_r3,add,1000000,0.215,83
idmap_r3,add,1000000,0.216,83
idmap_r3,add,1000000,0.217,83
idmap_r3,add,1000000,0.218,83
idmap_r3,add,1000000,0.219,83
idmap_r3,add,1000000,0.22,83
idmap_r3,add,1000000,0.221,83
idmap_r3,add,1000000,0.222,83
idmap_r3,add,1000000,0.223,83
idmap_r3,add,1000000,0.224,83
idmap_r3,add,1000000,0.225,83
idmap_r3,add,1000000,0.226,83
idmap_r3,add,1000000,0.227,83
idmap_r3,add,1000000,0.228,83
idmap_r3,add,1000000,0.229,83
idmap_r3,add,1000000,0.23,83
idmap_r3,add,1000000,0.231,83
idmap_r3,add,1000000,0.232,83
idmap_r3,add,1000000,0.233,83
idmap_r3,add,1000000,0.234,83
idmap_r3,add,1000000,0.235,83
idmap_r3,add,1000000,0.236,83
idmap_r3,add,1000000,0.237,83
idmap_r3,add,1000000,0.238,83
idmap_r3,add,1000000,0.239,83
idmap_r3,add,1000000,0.24,83
idmap_r3,add,1000000,0.241,83
idmap_r3,add,1000000,0.242,83
idmap_r3,add,1000000,0.243,83
idmap_r3,add,1000000,0.244,83
idmap_r3,add,1000000,0.245,83
idmap_r3,add,1000000,0.246,83
idmap_r3,add,1000000,0.247,83
idmap_r3,add,1000000,0.248,83
idmap_r3,add,1000000,0.249,83
idmap_r3,add,1000000,0.25,83
idmap_r3,add,1000000,0.251,83
idmap_r3,add,1000000,0.252,83
idmap_r3,add,1000000,0.253,83
idmap_r3,add,1000000,0.254,83
idmap_r3,add,1000000,0.255,83
idmap_r3,add,1000000,0.256,83
idmap_r3,add,1000000,0.257,83
idmap_r3,add,1000000,0.258,83
idmap_r3,add,1000000,0.259,83
idmap_r3,add,1000000,0.26,83
idmap_r3,add,1000000,0.261,83
idmap_r3,add,1000000,0.262,83
idmap_r3,add,1000000,0.263,83
idmap_r3,add,1000000,0.264,83
idmap_r3,add,1000000,0.265,83
idmap_r3,add,1000000,0.266,83
idmap_r3,add,1000000,0.267,83
idmap_r3,add,1000000,0.268,83
idmap_r3,add,1000000,0.269,83
idmap_r3,add,1000000,0.27,83
idmap_r3,add,1000000,0.271,83
idmap_r3,add,1000000,0.272,83
idmap_r3,add,1000000,0.273,83
idmap_r3,add,1000000,0.274,83
idmap_r3,add,1000000,0.275,83
idmap_r3,add,1000000,0.276,83
idmap_r3,add,1000000,0.277,83
idmap_r3,add,1000000,0.278,83
idmap_r3,add,1000000,0.279,83
idmap_r3,add,1000000,0.28,83
idmap_r3,add,1000000,0.281,83
idmap_r3,add,1000000,0.282,83
idmap_r3,add,1000000,0.283,83
idmap_r3,add,1000000,0.284,83
idmap_r3,add,1000000,0.285,83
idmap_r3,add,1000000,0.286,83
idmap_r3,add,1000000,0.287,83
idmap_r3,add,1000000,0.288,83
idmap_r3,add,1000000,0.289,83
idmap_r3,add,1000000,0.29,83
idmap_r3,add,1000000,0.291,83
idmap_r3,add,1000000,0.292,83
idmap_r3,add,1000000,0.293,83
idmap_r3,add,1000000,0.294,83
idmap_r3,add,1000000,0.295,83
idmap_r3,add,1000000,0.296,83
idmap_r3,add,1000000,0.297,83
idmap_r3,add,1000000,0.298,83
idmap_r3,add,1000000,0.299,83
idmap_r3,add,1000000,0.3,83
idmap_r3,add,1000000,0.301,83
idmap_r3,add,1000000,0.302,83
idmap_r3,add,1000000,0.303,83
idmap_r3,add,1000000,0.304,83
idmap_r3,add,1000000,0.305,83
idmap_r3,add,1000000,0.306,83
idmap_r3,add,1000000,0.307,83
idmap_r3,add,1000000,0.308,83
idmap_r3,add,1000000,0.309,83
idmap_r3,add,1000000,0.31,83
idmap_r3,add,1000000,0.311,83
idmap_r3,add,1000000,0.312,83
idmap_r3,add,1000000,0.313,83
idmap_r3,add,1000000,0.314,83
idmap_r3,add,1000000,0.315,83
idmap_r3,add,1000000,0.316,83
idmap_r3,add,1000000,0.317,83
idmap_r3,add,1000000,0.318,83
idmap_r3,add,1000000,0.319,83
idmap_r3,add,1000000,0.32,83
idmap_r3,add,1000000,0.321,83
idmap_r3,add,1000000,0.322,83
idmap_r3,add,1000000,0.323,83
idmap_r3,add,1000000,0.324,83
idmap_r3,add,1000000,0.325,83
idmap_r3,add,1000000,0.326,83
idmap_r3,add,1000000,0.327,83
idmap_r3,add,1000000,0.328,83
idmap_r3,add,1000000,0.329,83
idmap_r3,add,1000000,0.33,83
idmap_r3,add,1000000,0.331,83
idmap_r3,add,1000000,0.332,83
idmap_r3,add,1000000,0.333,83
idmap_r3,add,1000000,0.334,83
idmap_r3,add,1000000,0.335,83
idmap_r3,add,1000000,0.336,83
idmap_r3,add,1000000,0.337,83
idmap_r3,add,1000000,0.338,83
idmap_r3,add,1000000,0.339,83
idmap_r3,add,1000000,0.34,83
idmap_r3,add,1000000,0.341,83
idmap_r3,add,1000000,0.342,83
idmap_r3,add,1000000,0.343,83
idmap_r3,add,1000000,0.344,83
idmap_r3,add,1000000,0.345,83
idmap_r3,add,1000000,0.346,83
idmap_r3,add,1000000,0.347,83
idmap_r3,add,1000000,0.348,83
idmap_r3,add,1000000,0.349,83
idmap_r3,add,1000000,0.35,83
idmap_r3,add,1000000,0.351,83
idmap_r3,add,1000000,0.352,83
idmap_r3,add,1000000,0.353,83
idmap_r3,add,1000000,0.354,83
idmap_r3,add,1000000,0.355,83
idmap_r3,add,1000000,0.356,83
idmap_r3,add,1000000,0.357,83
idmap_r3,add,1000000,0.358,83
idmap_r3,add,1000000,0.359,83
idmap_r3,add,1000000,0.36,83
idmap_r3,add,1000000,0.361,83
idmap_r3,add,1000000,0.362,83
idmap_r3,add,1000000,0.363,83
idmap_r3,add,1000000,0.364,83
idmap_r3,add,1000000,0.365,83
idmap_r3,add,1000000,0.366,83
idmap_r3,add,1000000,0.367,83
idmap_r3,add,1000000,0.368,83
idmap_r3,add,1000000,0.369,83
idmap_r3,add,1000000,0.37,83
idmap_r3,add,1000000,0.371,83
idmap_r3,add,1000000,0.372,83
idmap_r3,add,1000000,0.373,83
idmap_r3,add,1000000,0.374,83
idmap_r3,add,1000000,0.375,83
idmap_r3,add,1000000,0.376,83
idmap_r3,add,1000000,0.377,83
idmap_r3,add,1000000,0.378,83
idmap_r3,add,1000000,0.379,83
idmap_r3,add,1000000,0.38,83
idmap_r3,add,1000000,0.381,83
idmap_r3,add,1000000,0.382,83
idmap_r3,add,1000000,0.383,83
idmap_r3,add,1000000,0.384,83
idmap_r3,add,1000000,0.385,83
idmap_r3,add,1000000,0.386,83
idmap_r3,add,1000000,0.387,83
idmap_r3,add,1000000,0.388,83
idmap_r3,add,1000000,0.389,83
idmap_r3,add,1000000,0.39,83
idmap_r3,add,1000000,0.391,83
idmap_r3,add,1000000,0.392,83
idmap_r3,add,1000000,0.393,83
idmap_r3,add,1000000,0.394,83
idmap_r3,add,1000000,0.395,83
idmap_r3,add,1000000,0.396,83
idmap_r3,add,1000000,0.397,83
idmap_r3,add,1000000,0.398,83
idmap_r3,add,1000000,0.399,83
idmap_r3,add,1000000,0.4,83
idmap_r3,add,1000000,0.401,83
idmap_r3,add,1000000,0.402,83
idmap_r3,add,1000000,0.403,83
idmap_r3,add,1000000,0.404,83
idmap_r3,add,1000000,0.405,83
idmap_r3,add,1000000,0.406,83
idmap_r3,add,1000000,0.407,83
idmap_r3,add,1000000,0.408,84
idmap_r3,add,1000000,0.409,84
idmap_r3,add,1000000,0.41,84
idmap_r3,add,1000000,0.411,84
idmap_r3,add,1000000,0.412,84
idmap_r3,add,1000000,0.413,84
idmap_r3,add,1000000,0.414,84
idmap_r3,add,1000000,0.415,84
idmap_r3,add,1000000,0.416,84
idmap_r3,add,1000000,0.417,84
idmap_r3,add,1000000,0.418,84
idmap_r3,add,1000000,0.419,84
idmap_r3,add,1000000,0.42,84
idmap_r3,add,1000000,0.421,84
idmap_r3,add,1000000,0.422,84
idmap_r3,add,1000000,0.423,84
idmap_r3,add,1000000,0.424,84
idmap_r3,add,1000000,0.425,84
idmap_r3,add,1000000,0.426,84
idmap_r3,add,1000000,0.427,84
idmap_r3,add,1000000,0.428,84
idmap_r3,add,1000000,0.429,84
idmap_r3,add,1000000,0.43,84
idmap_r3,add,1000000,0.431,84
idmap_r3,add,1000000,0.432,84
idmap_r3,add,1000000,0.433,84
idmap_r3,add,1000000,0.434,84
idmap_r3,add,1000000,0.435,84
idmap_r3,add,1000000,0.436,84
idmap_r3,add,1000000,0.437,84
idmap_r3,add,1000000,0.438,84
idmap_r3,add,1000000,0.439,84
idmap_r3,add,1000000,0.44,84
idmap_r3,add,1000000,0.441,84
idmap_r3,add,1000000,0.442,84
idmap_r3,add,1000000,0.443,84
idmap_r3,add,1000000,0.444,84
idmap_r3,add,1000000,0.445,84
idmap_r3,add,1000000,0.446,84
idmap_r3,add,1000000,0.447,84
idmap_r3,add,1000000,0.448,84
idmap_r3,add,1000000,0.449,84
idmap_r3,add,1000000,0.45,84
idmap_r3,add,1000000,0.451,84
idmap_r3,add,1000000,0.452,84
idmap_r3,add,1000000,0.453,84
idmap_r3,add,1000000,0.454,84
idmap_r3,add,1000000,0.455,84
idmap_r3,add,1000000,0.456,84
idmap_r3,add,1000000,0.457,84
idmap_r3,add,1000000,0.458,84
idmap_r3,add,1000000,0.459,84
idmap_r3,add,1000000,0.46,84
idmap_r3,add,1000000,0.461,84
idmap_r3,add,1000000,0.462,84
idmap_r3,add,1000000,0.463,84
idmap_r3,add,1000000,0.464,84
idmap_r3,add,1000000,0.465,84
idmap_r3,add,1000000,0.466,84
idmap_r3,add,1000000,0.467,84
idmap_r3,add,1000000,0.468,84
idmap_r3,add,1000000,0.469,84
idmap_r3,add,1000000,0.47,84
idmap_r3,add,1000000,0.471,84
idmap_r3,add,1000000,0.472,84
idmap_r3,add,1000000,0.473,84
idmap_r3,add,1000000,0.474,84
idmap_r3,add,1000000,0.475,84
idmap_r3,add,1000000,0.476,84
idmap_r3,add,1000000,0.477,84
idmap_r3,add,1000000,0.478,84
idmap_r3,add,1000000,0.479,84
idmap_r3,add,1000000,0.48,84
idmap_r3,add,1000000,0.481,84
idmap_r3,add,1000000,0.482,84
idmap_r3,add,1000000,0.483,84
idmap_r3,add,1000000,0.484,84
idmap_r3,add,1000000,0.485,84
idmap_r3,add,1000000,0.486,84
idmap_r3,add,1000000,0.487,84
idmap_r3,add,1000000,0.488,84
idmap_r3,add,1000000,0.489,84
idmap_r3,add,1000000,0.49,84
idmap_r3,add,1000000,0.491,84
idmap_r3,add,1000000,0.492,84
idmap_r3,add,1000000,0.493,84
idmap_r3,add,1000000,0.494,84
idmap_r3,add,1000000,0.495,84
idmap_r3,add,1000000,0.496,84
idmap_r3,add,1000000,0.497,84
idmap_r3,add,1000000,0.498,84
idmap_r3,add,1000000,0.499,84
idmap_r3,add,1000000,0.5,84
idmap_r3,add,1000000,0.501,84
idmap_r3,add,1000000,0.502,84
idmap_r3,add,1000000,0.503,84
idmap_r3,add,1000000,0.504,84
idmap_r3,add,1000000,0.505,84
idmap_r3,add,1000000,0.506,84
idmap_r3,add,1000000,0.507,84
idmap_r3,add,1000000,0.508,84
idmap_r3,add,1000000,0.509,84
idmap_r3,add,1000000,0.51,84
idmap_r3,add,1000000,0.511,84
idmap_r3,add,1000000,0.512,84
idmap_r3,add,1000000,0.513,84
idmap_r3,add,1000000,0.514,84
idmap_r3,add,1000000,0.515,84
idmap_r3,add,1000000,0.516,84
idmap_r3,add,1000000,0.517,84
idmap_r3,add,1000000,0.518,84
idmap_r3,add,1000000,0.519,84
idmap_r3,add,1000000,0.52,84
idmap_r3,add,1000000,0.521,84
idmap_r3,add,1000000,0.522,84
idmap_r3,add,1000000,0.523,84
idmap_r3,add,1000000,0.524,84
idmap_r3,add,1000000,0.525,84
idmap_r3,add,1000000,0.526,84
idmap_r3,add,1000000,0.527,84
idmap_r3,add,1000000,0.528,84
idmap_r3,add,1000000,0.529,84
idmap_r3,add,1000000,0.53,84
idmap_r3,add,1000000,0.531,84
idmap_r3,add,1000000,0.532,84
idmap_r3,add,1000000,0.533,84
idmap_r3,add,1000000,0.534,84
idmap_r3,add,1000000,0.535,84
idmap_r3,add,1000000,0.536,84
idmap_r3,add,1000000,0.537,84
idmap_r3,add,1000000,0.538,84
idmap_r3,add,1000000,0.539,84
idmap_r3,add,1000000,0.54,84
idmap_r3,add,1000000,0.541,84
idmap_r3,add,1000000,0.542,84
idmap_r3,add,1000000,0.543,125
idmap_r3,add,1000000,0.544,125
idmap_r3,add,1000000,0.545,125
idmap_r3,add,1000000,0.546,125
idmap_r3,add,1000000,0.547,125
idmap_r3,add,1000000,0.548,125
idmap_r3,add,1000000,0.549,125
idmap_r3,add,1000000,0.55,125
idmap_r3,add,1000000,0.551,125
idmap_r3,add,1000000,0.552,125
idmap_r3,add,1000000,0.553,125
idmap_r3,add,1000000,0.554,125
idmap_r3,add,1000000,0.555,125
idmap_r3,add,1000000,0.556,125
idmap_r3,add,1000000,0.557,125
idmap_r3,add,1000000,0.558,125
idmap_r3,add,1000000,0.559,125
idmap_r3,add,1000000,0.56,125
idmap_r3,add,1000000,0.561,125
idmap_r3,add,1000000,0.562,125
idmap_r3,add,1000000,0.563,125
idmap_r3,add,1000000,0.564,125
idmap_r3,add,1000000,0.565,125
idmap_r3,add,1000000,0.566,125
idmap_r3,add,1000000,0.567,125
idmap_r3,add,1000000,0.568,125
idmap_r3,add,1000000,0.569,125
idmap_r3,add,1000000,0.57,125
idmap_r3,add,1000000,0.571,125
idmap_r3,add,1000000,0.572,125
idmap_r3,add,1000000,0.573,125
idmap_r3,add,1000000,0.574,125
idmap_r3,add,1000000,0.575,125
idmap_r3,add,1000000,0.576,125
idmap_r3,add,1000000,0.577,125
idmap_r3,add,1000000,0.578,125
idmap_r3,add,1000000,0.579,125
idmap_r3,add,1000000,0.58,125
idmap_r3,add,1000000,0.581,125
idmap_r3,add,1000000,0.582,125
idmap_r3,add,1000000,0.583,125
idmap_r3,add,1000000,0.584,125
idmap_r3,add,1000000,0.585,125
idmap_r3,add,1000000,0.586,125
idmap_r3,add,1000000,0.587,125
idmap_r3,add,1000000,0.588,125
idmap_r3,add,1000000,0.589,125
idmap_r3,add,1000000,0.59,125
idmap_r3,add,1000000,0.591,125
idmap_r3,add,1000000,0.592,125
idmap_r3,add,1000000,0.593,125
idmap_r3,add,1000000,0.594,125
idmap_r3,add,1000000,0.595,125
idmap_r3,add,1000000,0.596,125
idmap_r3,add,1000000,0.597,125
idmap_r3,add,1000000,0.598,125
idmap_r3,add,1000000,0.599,125
idmap_r3,add,1000000,0.6,125
idmap_r3,add,1000000,0.601,125
idmap_r3,add,1000000,0.602,125
idmap_r3,add,1000000,0.603,125
idmap_r3,add,1000000,0.604,125
idmap_r3,add,1000000,0.605,125
idmap_r3,add,1000000,0.606,125
idmap_r3,add,1000000,0.607,125
idmap_r3,add,1000000,0.608,125
idmap_r3,add,1000000,0.609,125
idmap_r3,add,1000000,0.61,125
idmap_r3,add,1000000,0.611,125
idmap_r3,add,1000000,0.612,125
idmap_r3,add,1000000,0.613,125
idmap_r3,add,1000000,0.614,125
idmap_r3,add,1000000,0.615,125
idmap_r3,add,1000000,0.616,125
idmap_r3,add,1000000,0.617,125
idmap_r3,add,1000000,0.618,125
idmap_r3,add,1000000,0.619,125
idmap_r3,add,1000000,0.62,125
idmap_r3,add,1000000,0.621,125
idmap_r3,add,1000000,0.622,125
idmap_r3,add,1000000,0.623,125
idmap_r3,add,1000000,0.624,125
idmap_r3,add,1000000,0.625,125
idmap_r3,add,1000000,0.626,125
idmap_r3,add,1000000,0.627,125
idmap_r3,add,1000000,0.628,125
idmap_r3,add,1000000,0.629,125
idmap_r3,add,1000000,0.63,125
idmap_r3,add,1000000,0.631,125
idmap_r3,add,1000000,0.632,125
idmap_r3,add,1000000,0.633,125
idmap_r3,add,1000000,0.634,125
idmap_r3,add,1000000,0.635,125
idmap_r3,add,1000000,0.636,125
idmap_r3,add,1000000,0.637,125
idmap_r3,add,1000000,0.638,125
idmap_r3,add,1000000,0.639,125
idmap_r3,add,1000000,0.64,125
idmap_r3,add,1000000,0.641,125
idmap_r3,add,1000000,0.642,125
idmap_r3,add,1000000,0.643,125
idmap_r3,add,1000000,0.644,125
idmap_r3,add,1000000,0.645,125
idmap_r3,add,1000000,0.646,125
idmap_r3,add,1000000,0.647,125
idmap_r3,add,1000000,0.648,125
idmap_r3,add,1000000,0.649,125
idmap_r3,add,1000000,0.65,125
idmap_r3,add,1000000,0.651,125
idmap_r3,add,1000000,0.652,125
idmap_r3,add,1000000,0.653,125
idmap_r3,add,1000000,0.654,125
idmap_r3,add,1000000,0.655,125
idmap_r3,add,1000000,0.656,125
idmap_r3,add,1000000,0.657,125
idmap_r3,add,1000000,0.658,125
idmap_r3,add,1000000,0.659,125
idmap_r3,add,1000000,0.66,125
idmap_r3,add,1000000,0.661,125
idmap_r3,add,1000000,0.662,125
idmap_r3,add,1000000,0.663,125
idmap_r3,add,1000000,0.664,125
idmap_r3,add,1000000,0.665,125
idmap_r3,add,1000000,0.666,125
idmap_r3,add,1000000,0.667,125
idmap_r3,add,1000000,0.668,125
idmap_r3,add,1000000,0.669,125
idmap_r3,add,1000000,0.67,125
idmap_r3,add,1000000,0.671,125
idmap_r3,add,1000000,0.672,125
idmap_r3,add,1000000,0.673,125
idmap_r3,add,1000000,0.674,125
idmap_r3,add,1000000,0.675,125
idmap_r3,add,1000000,0.676,125
idmap_r3,add,1000000,0.677,125
idmap_r3,add,1000000,0.678,125
idmap_r3,add,1000000,0.679,125
idmap_r3,add,1000000,0.68,125
idmap_r3,add,1000000,0.681,125
idmap_r3,add,1000000,0.682,125
idmap_r3,add,1000000,0.683,125
idmap_r3,add,1000000,0.684,125
idmap_r3,add,1000000,0.685,125
idmap_r3,add,1000000,0.686,125
idmap_r3,add,1000000,0.687,125
idmap_r3,add,1000000,0.688,125
idmap_r3,add,1000000,0.689,125
idmap_r3,add,1000000,0.69,125
idmap_r3,add,1000000,0.691,125
idmap_r3,add,1000000,0.692,125
idmap_r3,add,1000000,0.693,125
idmap_r3,add,1000000,0.694,125
idmap_r3,add,1000000,0.695,125
idmap_r3,add,1000000,0.696,125
idmap_r3,add,1000000,0.697,125
idmap_r3,add,1000000,0.698,125
idmap_r3,add,1000000,0.699,125
idmap_r3,add,1000000,0.7,125
idmap_r3,add,1000000,0.701,125
idmap_r3,add,1000000,0.702,125
idmap_r3,add,1000000,0.703,125
idmap_r3,add,1000000,0.704,125
idmap_r3,add,1000000,0.705,125
idmap_r3,add,1000000,0.706,125
idmap_r3,add,1000000,0.707,125
idmap_r3,add,1000000,0.708,125
idmap_r3,add,1000000,0.709,125
idmap_r3,add,1000000,0.71,125
idmap_r3,add,1000000,0.711,125
idmap_r3,add,1000000,0.712,125
idmap_r3,add,1000000,0.713,125
idmap_r3,add,1000000,0.714,125
idmap_r3,add,1000000,0.715,125
idmap_r3,add,1000000,0.716,125
idmap_r3,add,1000000,0.717,125
idmap_r3,add,1000000,0.718,125
idmap_r3,add,1000000,0.719,125
idmap_r3,add,1000000,0.72,125
idmap_r3,add,1000000,0.721,125
idmap_r3,add,1000000,0.722,125
idmap_r3,add,1000000,0.723,125
idmap_r3,add,1000000,0.724,125
idmap_r3,add,1000000,0.725,125
idmap_r3,add,1000000,0.726,125
idmap_r3,add,1000000,0.727,125
idmap_r3,add,1000000,0.728,125
idmap_r3,add,1000000,0.729,125
idmap_r3,add,1000000,0.73,125
idmap_r3,add,1000000,0.731,125
idmap_r3,add,1000000,0.732,125
idmap_r3,add,1000000,0.733,125
idmap_r3,add,1000000,0.734,166
idmap_r3,add,1000000,0.735,166
idmap_r3,add,1000000,0.736,166
idmap_r3,add,1000000,0.737,166
idmap_r3,add,1000000,0.738,166
idmap_r3,add,1000000,0.739,166
idmap_r3,add,1000000,0.74,166
idmap_r3,add,1000000,0.741,166
idmap_r3,add,1000000,0.742,166
idmap_r3,add,1000000,0.743,166
idmap_r3,add,1000000,0.744,166
idmap_r3,add,1000000,0.745,166
idmap_r3,add,1000000,0.746,166
idmap_r3,add,1000000,0.747,166
idmap_r3,add,1000000,0.748,166
idmap_r3,add,1000000,0.749,166
idmap_r3,add,1000000,0.75,166
idmap_r3,add,1000000,0.751,166
idmap_r3,add,1000000,0.752,166
idmap_r3,add,1000000,0.753,167
idmap_r3,add,1000000,0.754,167
idmap_r3,add,1000000,0.755,167
idmap_r3,add,1000000,0.756,167
idmap_r3,add,1000000,0.757,167
idmap_r3,add,1000000,0.758,167
idmap_r3,add,1000000,0.759,167
idmap_r3,add,1000000,0.76,167
idmap_r3,add,1000000,0.761,167
idmap_r3,add,1000000,0.762,167
idmap_r3,add,1000000,0.763,167
idmap_r3,add,1000000,0.764,167
idmap_r3,add,1000000,0.765,167
idmap_r3,add,1000000,0.766,167
idmap_r3,add,1000000,0.767,167
idmap_r3,add,1000000,0.768,167
idmap_r3,add,1000000,0.769,167
idmap_r3,add,1000000,0.77,167
idmap_r3,add,1000000,0.771,167
idmap_r3,add,1000000,0.772,167
idmap_r3,add,1000000,0.773,167
idmap_r3,add,1000000,0.774,167
idmap_r3,add,1000000,0.775,167
idmap_r3,add,1000000,0.776,167
idmap_r3,add,1000000,0.777,167
idmap_r3,add,1000000,0.778,167
idmap_r3,add,1000000,0.779,167
idmap_r3,add,1000000,0.78,167
idmap_r3,add,1000000,0.781,167
idmap_r3,add,1000000,0.782,167
idmap_r3,add,1000000,0.783,167
idmap_r3,add,1000000,0.784,167
idmap_r3,add,1000000,0.785,167
idmap_r3,add,1000000,0.786,167
idmap_r3,add,1000000,0.787,167
idmap_r3,add,1000000,0.788,167
idmap_r3,add,1000000,0.789,208
idmap_r3,add,1000000,0.79,208
idmap_r3,add,1000000,0.791,208
idmap_r3,add,1000000,0.792,208
idmap_r3,add,1000000,0.793,208
idmap_r3,add,1000000,0.794,208
idmap_r3,add,1000000,0.795,208
idmap_r3,add,1000000,0.796,208
idmap_r3,add,1000000,0.797,208
idmap_r3,add,1000000,0.798,208
idmap_r3,add,1000000,0.799,208
idmap_r3,add,1000000,0.8,208
idmap_r3,add,1000000,0.801,208
idmap_r3,add,1000000,0.802,208
idmap_r3,add,1000000,0.803,208
idmap_r3,add,1000000,0.804,208
idmap_r3,add,1000000,0.805,208
idmap_r3,add,1000000,0.806,208
idmap_r3,add,1000000,0.807,208
idmap_r3,add,1000000,0.808,208
idmap_r3,add,1000000,0.809,208
idmap_r3,add,1000000,0.81,208
idmap_r3,add,1000000,0.811,208
idmap_r3,add,1000000,0.812,208
idmap_r3,add,1000000,0.813,208
idmap_r3,add,1000000,0.814,208
idmap_r3,add,1000000,0.815,208
idmap_r3,add,1000000,0.816,208
idmap_r3,add,1000000,0.817,209
idmap_r3,add,1000000,0.818,209
idmap_r3,add,1000000,0.819,209
idmap_r3,add,1000000,0.82,209
idmap_r3,add,1000000,0.821,209
idmap_r3,add,1000000,0.822,209
idmap_r3,add,1000000,0.823,209
idmap_r3,add,1000000,0.824,209
idmap_r3,add,1000000,0.825,209
idmap_r3,add,1000000,0.826,209
idmap_r3,add,1000000,0.827,209
idmap_r3,add,1000000,0.828,209
idmap_r3,add,1000000,0.829,209
idmap_r3,add,1000000,0.83,209
idmap_r3,add,1000000,0.831,250
idmap_r3,add,1000000,0.832,250
idmap_r3,add,1000000,0.833,250
idmap_r3,add,1000000,0.834,250
idmap_r3,add,1000000,0.835,250
idmap_r3,add,1000000,0.836,250
idmap_r3,add,1000000,0.837,250
idmap_r3,add,1000000,0.838,250
idmap_r3,add,1000000,0.839,250
idmap_r3,add,1000000,0.84,250
idmap_r3,add,1000000,0.841,250
idmap_r3,add,1000000,0.842,250
idmap_r3,add,1000000,0.843,250
idmap_r3,add,1000000,0.844,250
idmap_r3,add,1000000,0.845,250
idmap_r3,add,1000000,0.846,250
idmap_r3,add,1000000,0.847,250
idmap_r3,add,1000000,0.848,250
idmap_r3,add,1000000,0.849,250
idmap_r3,add,1000000,0.85,250
idmap_r3,add,1000000,0.851,250
idmap_r3,add,1000000,0.852,250
idmap_r3,add,1000000,0.853,250
idmap_r3,add,1000000,0.854,250
idmap_r3,add,1000000,0.855,250
idmap_r3,add,1000000,0.856,250
idmap_r3,add,1000000,0.857,250
idmap_r3,add,1000000,0.858,250
idmap_r3,add,1000000,0.859,250
idmap_r3,add,1000000,0.86,250
idmap_r3,add,1000000,0.861,250
idmap_r3,add,1000000,0.862,250
idmap_r3,add,1000000,0.863,250
idmap_r3,add,1000000,0.864,250
idmap_r3,add,1000000,0.865,250
idmap_r3,add,1000000,0.866,250
idmap_r3,add,1000000,0.867,250
idmap_r3,add,1000000,0.868,250
idmap_r3,add,1000000,0.869,250
idmap_r3,add,1000000,0.87,250
idmap_r3,add,1000000,0.871,250
idmap_r3,add,1000000,0.872,250
idmap_r3,add,1000000,0.873,250
idmap_r3,add,1000000,0.874,250
idmap_r3,add,1000000,0.875,250
idmap_r3,add,1000000,0.876,250
idmap_r3,add,1000000,0.877,291
idmap_r3,add,1000000,0.878,291
idmap_r3,add,1000000,0.879,291
idmap_r3,add,1000000,0.88,291
idmap_r3,add,1000000,0.881,291
idmap_r3,add,1000000,0.882,291
idmap_r3,add,1000000,0.883,291
idmap_r3,add,1000000,0.884,291
idmap_r3,add,1000000,0.885,291
idmap_r3,add,1000000,0.886,291
idmap_r3,add,1000000,0.887,291
idmap_r3,add,1000000,0.888,292
idmap_r3,add,1000000,0.889,292
idmap_r3,add,1000000,0.89,292
idmap_r3,add,1000000,0.891,292
idmap_r3,add,1000000,0.892,292
idmap_r3,add,1000000,0.893,292
idmap_r3,add,1000000,0.894,292
idmap_r3,add,1000000,0.895,292
idmap_r3,add,1000000,0.896,292
idmap_r3,add,1000000,0.897,292
idmap_r3,add,1000000,0.898,292
idmap_r3,add,1000000,0.899,292
idmap_r3,add,1000000,0.9,292
idmap_r3,add,1000000,0.901,292
idmap_r3,add,1000000,0.902,292
idmap_r3,add,1000000,0.903,292
idmap_r3,add,1000000,0.904,292
idmap_r3,add,1000000,0.905,292
idmap_r3,add,1000000,0.906,292
idmap_r3,add,1000000,0.907,292
idmap_r3,add,1000000,0.908,292
idmap_r3,add,1000000,0.909,292
idmap_r3,add,1000000,0.91,333
idmap_r3,add,1000000,0.911,333
idmap_r3,add,1000000,0.912,333
idmap_r3,add,1000000,0.913,333
idmap_r3,add,1000000,0.914,333
idmap_r3,add,1000000,0.915,333
idmap_r3,add,1000000,0.916,333
idmap_r3,add,1000000,0.917,333
idmap_r3,add,1000000,0.918,333
idmap_r3,add,1000000,0.919,333
idmap_r3,add,1000000,0.92,333
idmap_r3,add,1000000,0.921,333
idmap_r3,add,1000000,0.922,333
idmap_r3,add,1000000,0.923,333
idmap_r3,add,1000000,0.924,333
idmap_r3,add,1000000,0.925,333
idmap_r3,add,1000000,0.926,334
idmap_r3,add,1000000,0.927,334
idmap_r3,add,1000000,0.928,334
idmap_r3,add,1000000,0.929,334
idmap_r3,add,1000000,0.93,334
idmap_r3,add,1000000,0.931,334
idmap_r3,add,1000000,0.932,334
idmap_r3,add,1000000,0.933,375
idmap_r3,add,1000000,0.934,375
idmap_r3,add,1000000,0.935,375
idmap_r3,add,1000000,0.936,375
idmap_r3,add,1000000,0.937,375
idmap_r3,add,1000000,0.938,375
idmap_r3,add,1000000,0.939,375
idmap_r3,add,1000000,0.94,375
idmap_r3,add,1000000,0.941,375
idmap_r3,add,1000000,0.942,375
idmap_r3,add,1000000,0.943,375
idmap_r3,add,1000000,0.944,375
idmap_r3,add,1000000,0.945,375
idmap_r3,add,1000000,0.946,375
idmap_r3,add,1000000,0.947,375
idmap_r3,add,1000000,0.948,375
idmap_r3,add,1000000,0.949,375
idmap_r3,add,1000000,0.95,416
idmap_r3,add,1000000,0.951,416
idmap_r3,add,1000000,0.952,416
idmap_r3,add,1000000,0.953,416
idmap_r3,add,1000000,0.954,417
idmap_r3,add,1000000,0.955,417
idmap_r3,add,1000000,0.956,417
idmap_r3,add,1000000,0.957,417
idmap_r3,add,1000000,0.958,417
idmap_r3,add,1000000,0.959,417
idmap_r3,add,1000000,0.96,417
idmap_r3,add,1000000,0.961,417
idmap_r3,add,1000000,0.962,458
idmap_r3,add,1000000,0.963,458
idmap_r3,add,1000000,0.964,458
idmap_r3,add,1000000,0.965,458
idmap_r3,add,1000000,0.966,458
idmap_r3,add,1000000,0.967,458
idmap_r3,add,1000000,0.968,459
idmap_r3,add,1000000,0.969,459
idmap_r3,add,1000000,0.97,459
idmap_r3,add,1000000,0.971,500
idmap_r3,add,1000000,0.972,500
idmap_r3,add,1000000,0.973,500
idmap_r3,add,1000000,0.974,500
idmap_r3,add,1000000,0.975,500
idmap_r3,add,1000000,0.976,500
idmap_r3,add,1000000,0.977,500
idmap_r3,add,1000000,0.978,541
idmap_r3,add,1000000,0.979,541
idmap_r3,add,1000000,0.98,542
idmap_r3,add,1000000,0.981,542
idmap_r3,add,1000000,0.982,542
idmap_r3,add,1000000,0.983,583
idmap_r3,add,1000000,0.984,583
idmap_r3,add,1000000,0.985,583
idmap_r3,add,1000000,0.986,584
idmap_r3,add,1000000,0.987,625
idmap_r3,add,1000000,0.988,625
idmap_r3,add,1000000,0.989,625
idmap_r3,add,1000000,0.99,666
idmap_r3,add,1000000,0.991,667
idmap_r3,add,1000000,0.992,708
idmap_r3,add,1000000,0.993,750
idmap_r3,add,1000000,0.994,750
idmap_r3,add,1000000,0.995,792
idmap_r3,add,1000000,0.996,875
idmap_r3,add,1000000,0.997,959
idmap_r3,add,1000000,0.998,1125
idmap_r3,add,1000000,0.999,1500
idmap_r3,cancel,1000000,0,0
idmap_r3,cancel,1000000,0.001,125
idmap_r3,cancel,1000000,0.002,167
idmap_r3,cancel,1000000,0.003,208
idmap_r3,cancel,1000000,0.004,208
idmap_r3,cancel,1000000,0.005,208
idmap_r3,cancel,1000000,0.006,209
idmap_r3,cancel,1000000,0.007,250
idmap_r3,cancel,1000000,0.008,250
idmap_r3,cancel,1000000,0.009,250
idmap_r3,cancel,1000000,0.01,250
idmap_r3,cancel,1000000,0.011,250
idmap_r3,cancel,1000000,0.012,250
idmap_r3,cancel,1000000,0.013,250
idmap_r3,cancel,1000000,0.014,250
idmap_r3,cancel,1000000,0.015,250
idmap_r3,cancel,1000000,0.016,250
idmap_r3,cancel,1000000,0.017,250
idmap_r3,cancel,1000000,0.018,291
idmap_r3,cancel,1000000,0.019,291
idmap_r3,cancel,1000000,0.02,291
idmap_r3,cancel,1000000,0.021,291
idmap_r3,cancel,1000000,0.022,291
idmap_r3,cancel,1000000,0.023,291
idmap_r3,cancel,1000000,0.024,291
idmap_r3,cancel,1000000,0.025,292
idmap_r3,cancel,1000000,0.026,292
idmap_r3,cancel,1000000,0.027,292
idmap_r3,cancel,1000000,0.028,292
idmap_r3,cancel,1000000,0.029,292
idmap_r3,cancel,1000000,0.03,292
idmap_r3,cancel,1000000,0.031,292
idmap_r3,cancel,1000000,0.032,292
idmap_r3,cancel,1000000,0.033,292
idmap_r3,cancel,1000000,0.034,292
idmap_r3,cancel,1000000,0.035,292
idmap_r3,cancel,1000000,0.036,292
idmap_r3,cancel,1000000,0.037,292
idmap_r3,cancel,1000000,0.038,292
idmap_r3,cancel,1000000,0.039,333
idmap_r3,cancel,1000000,0.04,333
idmap_r3,cancel,1000000,0.041,333
idmap_r3,cancel,1000000,0.042,333
idmap_r3,cancel,1000000,0.043,333
idmap_r3,cancel,1000000,0.044,333
idmap_r3,cancel,1000000,0.045,333
idmap_r3,cancel,1000000,0.046,333
idmap_r3,cancel,1000000,0.047,333
idmap_r3,cancel,1000000,0.048,333
idmap_r3,cancel,1000000,0.049,333
idmap_r3,cancel,1000000,0.05,333
idmap_r3,cancel,1000000,0.051,333
idmap_r3,cancel,1000000,0.052,333
idmap_r3,cancel,1000000,0.053,333
idmap_r3,cancel,1000000,0.054,333
idmap_r3,cancel,1000000,0.055,333
idmap_r3,cancel,1000000,0.056,333
idmap_r3,cancel,1000000,0.057,333
idmap_r3,cancel,1000000,0.058,333
idmap_r3,cancel,1000000,0.059,333
idmap_r3,cancel,1000000,0.06,333
idmap_r3,cancel,1000000,0.061,333
idmap_r3,cancel,1000000,0.062,333
idmap_r3,cancel,1000000,0.063,333
idmap_r3,cancel,1000000,0.064,333
idmap_r3,cancel,1000000,0.065,333
idmap_r3,cancel,1000000,0.066,333
idmap_r3,cancel,1000000,0.067,333
idmap_r3,cancel,1000000,0.068,333
idmap_r3,cancel,1000000,0.069,333
idmap_r3,cancel,1000000,0.07,333
idmap_r3,cancel,1000000,0.071,333
idmap_r3,cancel,1000000,0.072,333
idmap_r3,cancel,1000000,0.073,333
idmap_r3,cancel,1000000,0.074,333
idmap_r3,cancel,1000000,0.075,333
idmap_r3,cancel,1000000,0.076,333
idmap_r3,cancel,1000000,0.077,333
idmap_r3,cancel,1000000,0.078,333
idmap_r3,cancel,1000000,0.079,333
idmap_r3,cancel,1000000,0.08,333
idmap_r3,cancel,1000000,0.081,333
idmap_r3,cancel,1000000,0.082,333
idmap_r3,cancel,1000000,0.083,333
idmap_r3,cancel,1000000,0.084,333
idmap_r3,cancel,1000000,0.085,333
idmap_r3,cancel,1000000,0.086,333
idmap_r3,cancel,1000000,0.087,333
idmap_r3,cancel,1000000,0.088,333
idmap_r3,cancel,1000000,0.089,334
idmap_r3,cancel,1000000,0.09,334
idmap_r3,cancel,1000000,0.091,334
idmap_r3,cancel,1000000,0.092,334
idmap_r3,cancel,1000000,0.093,334
idmap_r3,cancel,1000000,0.094,334
idmap_r3,cancel,1000000,0.095,334
idmap_r3,cancel,1000000,0.096,334
idmap_r3,cancel,1000000,0.097,334
idmap_r3,cancel,1000000,0.098,334
idmap_r3,cancel,1000000,0.099,334
idmap_r3,cancel,1000000,0.1,334
idmap_r3,cancel,1000000,0.101,334
idmap_r3,cancel,1000000,0.102,334
idmap_r3,cancel,1000000,0.103,334
idmap_r3,cancel,1000000,0.104,334
idmap_r3,cancel,1000000,0.105,334
idmap_r3,cancel,1000000,0.106,334
idmap_r3,cancel,1000000,0.107,334
idmap_r3,cancel,1000000,0.108,334
idmap_r3,cancel,1000000,0.109,334
idmap_r3,cancel,1000000,0.11,334
idmap_r3,cancel,1000000,0.111,334
idmap_r3,cancel,1000000,0.112,334
idmap_r3,cancel,1000000,0.113,375
idmap_r3,cancel,1000000,0.114,375
idmap_r3,cancel,1000000,0.115,375
idmap_r3,cancel,1000000,0.116,375
idmap_r3,cancel,1000000,0.117,375
idmap_r3,cancel,1000000,0.118,375
idmap_r3,cancel,1000000,0.119,375
idmap_r3,cancel,1000000,0.12,375
idmap_r3,cancel,1000000,0.121,375
idmap_r3,cancel,1000000,0.122,375
idmap_r3,cancel,1000000,0.123,375
idmap_r3,cancel,1000000,0.124,375
idmap_r3,cancel,1000000,0.125,375
idmap_r3,cancel,1000000,0.126,375
idmap_r3,cancel,1000000,0.127,375
idmap_r3,cancel,1000000,0.128,375
idmap_r3,cancel,1000000,0.129,375
idmap_r3,cancel,1000000,0.13,375
idmap_r3,cancel,1000000,0.131,375
idmap_r3,cancel,1000000,0.132,375
idmap_r3,cancel,1000000,0.133,375
idmap_r3,cancel,1000000,0.134,375
idmap_r3,cancel,1000000,0.135,375
idmap_r3,cancel,1000000,0.136,375
idmap_r3,cancel,1000000,0.137,375
idmap_r3,cancel,1000000,0.138,375
idmap_r3,cancel,1000000,0.139,375
idmap_r3,cancel,1000000,0.14,375
idmap_r3,cancel,1000000,0.141,375
idmap_r3,cancel,1000000,0.142,375
idmap_r3,cancel,1000000,0.143,375
idmap_r3,cancel,1000000,0.144,375
idmap_r3,cancel,1000000,0.145,375
idmap_r3,cancel,1000000,0.146,375
idmap_r3,cancel,1000000,0.147,375
idmap_r3,cancel,1000000,0.148,375
idmap_r3,cancel,1000000,0.149,375
idmap_r3,cancel,1000000,0.15,375
idmap_r3,cancel,1000000,0.151,375
idmap_r3,cancel,1000000,0.152,375
idmap_r3,cancel,1000000,0.153,375
idmap_r3,cancel,1000000,0.154,375
idmap_r3,cancel,1000000,0.155,375
idmap_r3,cancel,1000000,0.156,375
idmap_r3,cancel,1000000,0.157,375
idmap_r3,cancel,1000000,0.158,375
idmap_r3,cancel,1000000,0.159,375
idmap_r3,cancel,1000000,0.16,375
idmap_r3,cancel,1000000,0.161,375
idmap_r3,cancel,1000000,0.162,375
idmap_r3,cancel,1000000,0.163,375
idmap_r3,cancel,1000000,0.164,375
idmap_r3,cancel,1000000,0.165,375
idmap_r3,cancel,1000000,0.166,375
idmap_r3,cancel,1000000,0.167,375
idmap_r3,cancel,1000000,0.168,375
idmap_r3,cancel,1000000,0.169,375
idmap_r3,cancel,1000000,0.17,375
idmap_r3,cancel,1000000,0.171,375
idmap_r3,cancel,1000000,0.172,375
idmap_r3,cancel,1000000,0.173,375
idmap_r3,cancel,1000000,0.174,375
idmap_r3,cancel,1000000,0.175,375
idmap_r3,cancel,1000000,0.176,375
idmap_r3,cancel,1000000,0.177,375
idmap_r3,cancel,1000000,0.178,375
idmap_r3,cancel,1000000,0.179,375
idmap_r3,cancel,1000000,0.18,375
idmap_r3,cancel,1000000,0.181,375
idmap_r3,cancel,1000000,0.182,375
idmap_r3,cancel,1000000,0.183,375
idmap_r3,cancel,1000000,0.184,375
idmap_r3,cancel,1000000,0.185,375
idmap_r3,cancel,1000000,0.186,375
idmap_r3,cancel,1000000,0.187,375
idmap_r3,cancel,1000000,0.188,375
idmap_r3,cancel,1000000,0.189,375
idmap_r3,cancel,1000000,0.19,375
idmap_r3,cancel,1000000,0.191,375
idmap_r3,cancel,1000000,0.192,375
idmap_r3,cancel,1000000,0.193,375
idmap_r3,cancel,1000000,0.194,375
idmap_r3,cancel,1000000,0.195,375
idmap_r3,cancel,1000000,0.196,375
idmap_r3,cancel,1000000,0.197,375
idmap_r3,cancel,1000000,0.198,375
idmap_r3,cancel,1000000,0.199,375
idmap_r3,cancel,1000000,0.2,375
idmap_r3,cancel,1000000,0.201,375
idmap_r3,cancel,1000000,0.202,375
idmap_r3,cancel,1000000,0.203,375
idmap_r3,cancel,1000000,0.204,375
idmap_r3,cancel,1000000,0.205,375
idmap_r3,cancel,1000000,0.206,375
idmap_r3,cancel,1000000,0.207,375
idmap_r3,cancel,1000000,0.208,375
idmap_r3,cancel,1000000,0.209,375
idmap_r3,cancel,1000000,0.21,375
idmap_r3,cancel,1000000,0.211,375
idmap_r3,cancel,1000000,0.212,375
idmap_r3,cancel,1000000,0.213,375
idmap_r3,cancel,1000000,0.214,375
idmap_r3,cancel,1000000,0.215,375
idmap_r3,cancel,1000000,0.216,375
idmap_r3,cancel,1000000,0.217,375
idmap_r3,cancel,1000000,0.218,375
idmap_r3,cancel,1000000,0.219,375
idmap_r3,cancel,1000000,0.22,375
idmap_r3,cancel,1000000,0.221,375
idmap_r3,cancel,1000000,0.222,375
idmap_r3,cancel,1000000,0.223,375
idmap_r3,cancel,1000000,0.224,375
idmap_r3,cancel,1000000,0.225,375
idmap_r3,cancel,1000000,0.226,375
idmap_r3,cancel,1000000,0.227,375
idmap_r3,cancel,1000000,0.228,375
idmap_r3,cancel,1000000,0.229,375
idmap_r3,cancel,1000000,0.23,375
idmap_r3,cancel,1000000,0.231,375
idmap_r3,cancel,1000000,0.232,375
idmap_r3,cancel,1000000,0.233,375
idmap_r3,cancel,1000000,0.234,375
idmap_r3,cancel,1000000,0.235,375
idmap_r3,cancel,1000000,0.236,375
idmap_r3,cancel,1000000,0.237,375
idmap_r3,cancel,1000000,0.238,375
idmap_r3,cancel,1000000,0.239,375
idmap_r3,cancel,1000000,0.24,375
idmap_r3,cancel,1000000,0.241,375
idmap_r3,cancel,1000000,0.242,375
idmap_r3,cancel,1000000,0.243,375
idmap_r3,cancel,1000000,0.244,375
idmap_r3,cancel,1000000,0.245,375
idmap_r3,cancel,1000000,0.246,375
idmap_r3,cancel,1000000,0.247,375
idmap_r3,cancel,1000000,0.248,375
idmap_r3,cancel,1000000,0.249,375
idmap_r3,cancel,1000000,0.25,375
idmap_r3,cancel,1000000,0.251,375
idmap_r3,cancel,1000000,0.252,375
idmap_r3,cancel,1000000,0.253,375
idmap_r3,cancel,1000000,0.254,375
idmap_r3,cancel,1000000,0.255,375
idmap_r3,cancel,1000000,0.256,416
idmap_r3,cancel,1000000,0.257,416
idmap_r3,cancel,1000000,0.258,416
idmap_r3,cancel,1000000,0.259,416
idmap_r3,cancel,1000000,0.26,416
idmap_r3,cancel,1000000,0.261,416
idmap_r3,cancel,1000000,0.262,416
idmap_r3,cancel,1000000,0.263,416
idmap_r3,cancel,1000000,0.264,416
idmap_r3,cancel,1000000,0.265,416
idmap_r3,cancel,1000000,0.266,416
idmap_r3,cancel,1000000,0.267,416
idmap_r3,cancel,1000000,0.268,416
idmap_r3,cancel,1000000,0.269,416
idmap_r3,cancel,1000000,0.27,416
idmap_r3,cancel,1000000,0.271,416
idmap_r3,cancel,1000000,0.272,416
idmap_r3,cancel,1000000,0.273,416
idmap_r3,cancel,1000000,0.274,416
idmap_r3,cancel,1000000,0.275,416
idmap_r3,cancel,1000000,0.276,416
idmap_r3,cancel,1000000,0.277,416
idmap_r3,cancel,1000000,0.278,416
idmap_r3,cancel,1000000,0.279,416
idmap_r3,cancel,1000000,0.28,416
idmap_r3,cancel,1000000,0.281,416
idmap_r3,cancel,1000000,0.282,416
idmap_r3,cancel,1000000,0.283,416
idmap_r3,cancel,1000000,0.284,416
idmap_r3,cancel,1000000,0.285,416
idmap_r3,cancel,1000000,0.286,416
idmap_r3,cancel,1000000,0.287,416
idmap_r3,cancel,1000000,0.288,416
idmap_r3,cancel,1000000,0.289,416
idmap_r3,cancel,1000000,0.29,416
idmap_r3,cancel,1000000,0.291,416
idmap_r3,cancel,1000000,0.292,416
idmap_r3,cancel,1000000,0.293,416
idmap_r3,cancel,1000000,0.294,416
idmap_r3,cancel,1000000,0.295,416
idmap_r3,cancel,1000000,0.296,416
idmap_r3,cancel,1000000,0.297,416
idmap_r3,cancel,1000000,0.298,416
idmap_r3,cancel,1000000,0.299,416
idmap_r3,cancel,1000000,0.3,416
idmap_r3,cancel,1000000,0.301,416
idmap_r3,cancel,1000000,0.302,416
idmap_r3,cancel,1000000,0.303,417
idmap_r3,cancel,1000000,0.304,417
idmap_r3,cancel,1000000,0.305,417
idmap_r3,cancel,1000000,0.306,417
idmap_r3,cancel,1000000,0.307,417
idmap_r3,cancel,1000000,0.308,417
idmap_r3,cancel,1000000,0.309,417
idmap_r3,cancel,1000000,0.31,417
idmap_r3,cancel,1000000,0.311,417
idmap_r3,cancel,1000000,0.312,417
idmap_r3,cancel,1000000,0.313,417
idmap_r3,cancel,1000000,0.314,417
idmap_r3,cancel,1000000,0.315,417
idmap_r3,cancel,1000000,0.316,417
idmap_r3,cancel,1000000,0.317,417
idmap_r3,cancel,1000000,0.318,417
idmap_r3,cancel,1000000,0.319,417
idmap_r3,cancel,1000000,0.32,417
idmap_r3,cancel,1000000,0.321,417
idmap_r3,cancel,1000000,0.322,417
idmap_r3,cancel,1000000,0.323,417
idmap_r3,cancel,1000000,0.324,417
idmap_r3,cancel,1000000,0.325,417
idmap_r3,cancel,1000000,0.326,417
idmap_r3,cancel,1000000,0.327,417
idmap_r3,cancel,1000000,0.328,417
idmap_r3,cancel,1000000,0.329,417
idmap_r3,cancel,1000000,0.33,417
idmap_r3,cancel,1000000,0.331,417
idmap_r3,cancel,1000000,0.332,417
idmap_r3,cancel,1000000,0.333,417
idmap_r3,cancel,1000000,0.334,417
idmap_r3,cancel,1000000,0.335,417
idmap_r3,cancel,1000000,0.336,417
idmap_r3,cancel,1000000,0.337,417
idmap_r3,cancel,1000000,0.338,417
idmap_r3,cancel,1000000,0.339,417
idmap_r3,cancel,1000000,0.34,417
idmap_r3,cancel,1000000,0.341,417
idmap_r3,cancel,1000000,0.342,417
idmap_r3,cancel,1000000,0.343,417
idmap_r3,cancel,1000000,0.344,417
idmap_r3,cancel,1000000,0.345,417
idmap_r3,cancel,1000000,0.346,417
idmap_r3,cancel,1000000,0.347,417
idmap_r3,cancel,1000000,0.348,417
idmap_r3,cancel,1000000,0.349,417
idmap_r3,cancel,1000000,0.35,417
idmap_r3,cancel,1000000,0.351,417
idmap_r3,cancel,1000000,0.352,417
idmap_r3,cancel,1000000,0.353,417
idmap_r3,cancel,1000000,0.354,417
idmap_r3,cancel,1000000,0.355,417
idmap_r3,cancel,1000000,0.356,417
idmap_r3,cancel,1000000,0.357,417
idmap_r3,cancel,1000000,0.358,417
idmap_r3,cancel,1000000,0.359,417
idmap_r3,cancel,1000000,0.36,417
idmap_r3,cancel,1000000,0.361,417
idmap_r3,cancel,1000000,0.362,417
idmap_r3,cancel,1000000,0.363,417
idmap_r3,cancel,1000000,0.364,417
idmap_r3,cancel,1000000,0.365,417
idmap_r3,cancel,1000000,0.366,417
idmap_r3,cancel,1000000,0.367,417
idmap_r3,cancel,1000000,0.368,417
idmap_r3,cancel,1000000,0.369,417
idmap_r3,cancel,1000000,0.37,417
idmap_r3,cancel,1000000,0.371,417
idmap_r3,cancel,1000000,0.372,417
idmap_r3,cancel,1000000,0.373,417
idmap_r3,cancel,1000000,0.374,417
idmap_r3,cancel,1000000,0.375,417
idmap_r3,cancel,1000000,0.376,417
idmap_r3,cancel,1000000,0.377,417
idmap_r3,cancel,1000000,0.378,417
idmap_r3,cancel,1000000,0.379,417
idmap_r3,cancel,1000000,0.38,417
idmap_r3,cancel,1000000,0.381,417
idmap_r3,cancel,1000000,0.382,417
idmap_r3,cancel,1000000,0.383,417
idmap_r3,cancel,1000000,0.384,417
idmap_r3,cancel,1000000,0.385,417
idmap_r3,cancel,1000000,0.386,417
idmap_r3,cancel,1000000,0.387,417
idmap_r3,cancel,1000000,0.388,417
idmap_r3,cancel,1000000,0.389,417
idmap_r3,cancel,1000000,0.39,417
idmap_r3,cancel,1000000,0.391,417
idmap_r3,cancel,1000000,0.392,417
idmap_r3,cancel,1000000,0.393,417
idmap_r3,cancel,1000000,0.394,417
idmap_r3,cancel,1000000,0.395,417
idmap_r3,cancel,1000000,0.396,417
idmap_r3,cancel,1000000,0.397,417
idmap_r3,cancel,1000000,0.398,417
idmap_r3,cancel,1000000,0.399,458
idmap_r3,cancel,1000000,0.4,458
idmap_r3,cancel,1000000,0.401,458
idmap_r3,cancel,1000000,0.402,458
idmap_r3,cancel,1000000,0.403,458
idmap_r3,cancel,1000000,0.404,458
idmap_r3,cancel,1000000,0.405,458
idmap_r3,cancel,1000000,0.406,458
idmap_r3,cancel,1000000,0.407,458
idmap_r3,cancel,1000000,0.408,458
idmap_r3,cancel,1000000,0.409,458
idmap_r3,cancel,1000000,0.41,458
idmap_r3,cancel,1000000,0.411,458
idmap_r3,cancel,1000000,0.412,458
idmap_r3,cancel,1000000,0.413,458
idmap_r3,cancel,1000000,0.414,458
idmap_r3,cancel,1000000,0.415,458
idmap_r3,cancel,1000000,0.416,458
idmap_r3,cancel,1000000,0.417,458
idmap_r3,cancel,1000000,0.418,458
idmap_r3,cancel,1000000,0.419,458
idmap_r3,cancel,1000000,0.42,458
idmap_r3,cancel,1000000,0.421,458
idmap_r3,cancel,1000000,0.422,458
idmap_r3,cancel,1000000,0.423,458
idmap_r3,cancel,1000000,0.424,458
idmap_r3,cancel,1000000,0.425,458
idmap_r3,cancel,1000000,0.426,458
idmap_r3,cancel,1000000,0.427,458
idmap_r3,cancel,1000000,0.428,458
idmap_r3,cancel,1000000,0.429,458
idmap_r3,cancel,1000000,0.43,458
idmap_r3,cancel,1000000,0.431,458
idmap_r3,cancel,1000000,0.432,458
idmap_r3,cancel,1000000,0.433,458
idmap_r3,cancel,1000000,0.434,458
idmap_r3,cancel,1000000,0.435,458
idmap_r3,cancel,1000000,0.436,458
idmap_r3,cancel,1000000,0.437,458
idmap_r3,cancel,1000000,0.438,458
idmap_r3,cancel,1000000,0.439,458
idmap_r3,cancel,1000000,0.44,458
idmap_r3,cancel,1000000,0.441,458
idmap_r3,cancel,1000000,0.442,458
idmap_r3,cancel,1000000,0.443,458
idmap_r3,cancel,1000000,0.444,458
idmap_r3,cancel,1000000,0.445,458
idmap_r3,cancel,1000000,0.446,458
idmap_r3,cancel,1000000,0.447,458
idmap_r3,cancel,1000000,0.448,458
idmap_r3,cancel,1000000,0.449,458
idmap_r3,cancel,1000000,0.45,458
idmap_r3,cancel,1000000,0.451,458
idmap_r3,cancel,1000000,0.452,458
idmap_r3,cancel,1000000,0.453,458
idmap_r3,cancel,1000000,0.454,458
idmap_r3,cancel,1000000,0.455,458
idmap_r3,cancel,1000000,0.456,458
idmap_r3,cancel,1000000,0.457,458
idmap_r3,cancel,1000000,0.458,458
idmap_r3,cancel,1000000,0.459,458
idmap_r3,cancel,1000000,0.46,458
idmap_r3,cancel,1000000,0.461,458
idmap_r3,cancel,1000000,0.462,458
idmap_r3,cancel,1000000,0.463,458
idmap_r3,cancel,1000000,0.464,458
idmap_r3,cancel,1000000,0.465,458
idmap_r3,cancel,1000000,0.466,458
idmap_r3,cancel,1000000,0.467,458
idmap_r3,cancel,1000000,0.468,458
idmap_r3,cancel,1000000,0.469,458
idmap_r3,cancel,1000000,0.47,458
idmap_r3,cancel,1000000,0.471,458
idmap_r3,cancel,1000000,0.472,458
idmap_r3,cancel,1000000,0.473,459
idmap_r3,cancel,1000000,0.474,459
idmap_r3,cancel,1000000,0.475,459
idmap_r3,cancel,1000000,0.476,459
idmap_r3,cancel,1000000,0.477,459
idmap_r3,cancel,1000000,0.478,459
idmap_r3,cancel,1000000,0.479,459
idmap_r3,cancel,1000000,0.48,459
idmap_r3,cancel,1000000,0.481,459
idmap_r3,cancel,1000000,0.482,459
idmap_r3,cancel,1000000,0.483,459
idmap_r3,cancel,1000000,0.484,459
idmap_r3,cancel,1000000,0.485,459
idmap_r3,cancel,1000000,0.486,459
idmap_r3,cancel,1000000,0.487,459
idmap_r3,cancel,1000000,0.488,459
idmap_r3,cancel,1000000,0.489,459
idmap_r3,cancel,1000000,0.49,459
idmap_r3,cancel,1000000,0.491,459
idmap_r3,cancel,1000000,0.492,459
idmap_r3,cancel,1000000,0.493,459
idmap_r3,cancel,1000000,0.494,459
idmap_r3,cancel,1000000,0.495,459
idmap_r3,cancel,1000000,0.496,459
idmap_r3,cancel,1000000,0.497,459
idmap_r3,cancel,1000000,0.498,459
idmap_r3,cancel,1000000,0.499,459
idmap_r3,cancel,1000000,0.5,459
idmap_r3,cancel,1000000,0.501,459
idmap_r3,cancel,1000000,0.502,459
idmap_r3,cancel,1000000,0.503,459
idmap_r3,cancel,1000000,0.504,459
idmap_r3,cancel,1000000,0.505,459
idmap_r3,cancel,1000000,0.506,459
idmap_r3,cancel,1000000,0.507,459
idmap_r3,cancel,1000000,0.508,459
idmap_r3,cancel,1000000,0.509,459
idmap_r3,cancel,1000000,0.51,459
idmap_r3,cancel,1000000,0.511,500
idmap_r3,cancel,1000000,0.512,500
idmap_r3,cancel,1000000,0.513,500
idmap_r3,cancel,1000000,0.514,500
idmap_r3,cancel,1000000,0.515,500
idmap_r3,cancel,1000000,0.516,500
idmap_r3,cancel,1000000,0.517,500
idmap_r3,cancel,1000000,0.518,500
idmap_r3,cancel,1000000,0.519,500
idmap_r3,cancel,1000000,0.52,500
idmap_r3,cancel,1000000,0.521,500
idmap_r3,cancel,1000000,0.522,500
idmap_r3,cancel,1000000,0.523,500
idmap_r3,cancel,1000000,0.524,500
idmap_r3,cancel,1000000,0.525,500
idmap_r3,cancel,1000000,0.526,500
idmap_r3,cancel,1000000,0.527,500
idmap_r3,cancel,1000000,0.528,500
idmap_r3,cancel,1000000,0.529,500
idmap_r3,cancel,1000000,0.53,500
idmap_r3,cancel,1000000,0.531,500
idmap_r3,cancel,1000000,0.532,500
idmap_r3,cancel,1000000,0.533,500
idmap_r3,cancel,1000000,0.534,500
idmap_r3,cancel,1000000,0.535,500
idmap_r3,cancel,1000000,0.536,500
idmap_r3,cancel,1000000,0.537,500
idmap_r3,cancel,1000000,0.538,500
idmap_r3,cancel,1000000,0.539,500
idmap_r3,cancel,1000000,0.54,500
idmap_r3,cancel,1000000,0.541,500
idmap_r3,cancel,1000000,0.542,500
idmap_r3,cancel,1000000,0.543,500
idmap_r3,cancel,1000000,0.544,500
idmap_r3,cancel,1000000,0.545,500
idmap_r3,cancel,1000000,0.546,500
idmap_r3,cancel,1000000,0.547,500
idmap_r3,cancel,1000000,0.548,500
idmap_r3,cancel,1000000,0.549,500
idmap_r3,cancel,1000000,0.55,500
idmap_r3,cancel,1000000,0.551,500
idmap_r3,cancel,1000000,0.552,500
idmap_r3,cancel,1000000,0.553,500
idmap_r3,cancel,1000000,0.554,500
idmap_r3,cancel,1000000,0.555,500
idmap_r3,cancel,1000000,0.556,500
idmap_r3,cancel,1000000,0.557,500
idmap_r3,cancel,1000000,0.558,500
idmap_r3,cancel,1000000,0.559,500
idmap_r3,cancel,1000000,0.56,500
idmap_r3,cancel,1000000,0.561,500
idmap_r3,cancel,1000000,0.562,500
idmap_r3,cancel,1000000,0.563,500
idmap_r3,cancel,1000000,0.564,500
idmap_r3,cancel,1000000,0.565,500
idmap_r3,cancel,1000000,0.566,500
idmap_r3,cancel,1000000,0.567,500
idmap_r3,cancel,1000000,0.568,500
idmap_r3,cancel,1000000,0.569,500
idmap_r3,cancel,1000000,0.57,500
idmap_r3,cancel,1000000,0.571,500
idmap_r3,cancel,1000000,0.572,500
idmap_r3,cancel,1000000,0.573,500
idmap_r3,cancel,1000000,0.574,500
idmap_r3,cancel,1000000,0.575,500
idmap_r3,cancel,1000000,0.576,500
idmap_r3,cancel,1000000,0.577,500
idmap_r3,cancel,1000000,0.578,500
idmap_r3,cancel,1000000,0.579,500
idmap_r3,cancel,1000000,0.58,500
idmap_r3,cancel,1000000,0.581,500
idmap_r3,cancel,1000000,0.582,500
idmap_r3,cancel,1000000,0.583,500
idmap_r3,cancel,1000000,0.584,500
idmap_r3,cancel,1000000,0.585,500
idmap_r3,cancel,1000000,0.586,500
idmap_r3,cancel,1000000,0.587,500
idmap_r3,cancel,1000000,0.588,500
idmap_r3,cancel,1000000,0.589,500
idmap_r3,cancel,1000000,0.59,500
idmap_r3,cancel,1000000,0.591,500
idmap_r3,cancel,1000000,0.592,500
idmap_r3,cancel,1000000,0.593,500
idmap_r3,cancel,1000000,0.594,500
idmap_r3,cancel,1000000,0.595,500
idmap_r3,cancel,1000000,0.596,541
idmap_r3,cancel,1000000,0.597,541
idmap_r3,cancel,1000000,0.598,541
idmap_r3,cancel,1000000,0.599,541
idmap_r3,cancel,1000000,0.6,541
idmap_r3,cancel,1000000,0.601,541
idmap_r3,cancel,1000000,0.602,541
idmap_r3,cancel,1000000,0.603,541
idmap_r3,cancel,1000000,0.604,541
idmap_r3,cancel,1000000,0.605,541
idmap_r3,cancel,1000000,0.606,541
idmap_r3,cancel,1000000,0.607,541
idmap_r3,cancel,1000000,0.608,541
idmap_r3,cancel,1000000,0.609,541
idmap_r3,cancel,1000000,0.61,541
idmap_r3,cancel,1000000,0.611,541
idmap_r3,cancel,1000000,0.612,541
idmap_r3,cancel,1000000,0.613,541
idmap_r3,cancel,1000000,0.614,541
idmap_r3,cancel,1000000,0.615,541
idmap_r3,cancel,1000000,0.616,541
idmap_r3,cancel,1000000,0.617,541
idmap_r3,cancel,1000000,0.618,541
idmap_r3,cancel,1000000,0.619,542
idmap_r3,cancel,1000000,0.62,542
idmap_r3,cancel,1000000,0.621,542
idmap_r3,cancel,1000000,0.622,542
idmap_r3,cancel,1000000,0.623,542
idmap_r3,cancel,1000000,0.624,542
idmap_r3,cancel,1000000,0.625,542
idmap_r3,cancel,1000000,0.626,542
idmap_r3,cancel,1000000,0.627,542
idmap_r3,cancel,1000000,0.628,542
idmap_r3,cancel,1000000,0.629,542
idmap_r3,cancel,1000000,0.63,542
idmap_r3,cancel,1000000,0.631,542
idmap_r3,cancel,1000000,0.632,542
idmap_r3,cancel,1000000,0.633,542
idmap_r3,cancel,1000000,0.634,542
idmap_r3,cancel,1000000,0.635,542
idmap_r3,cancel,1000000,0.636,542
idmap_r3,cancel,1000000,0.637,542
idmap_r3,cancel,1000000,0.638,542
idmap_r3,cancel,1000000,0.639,542
idmap_r3,cancel,1000000,0.64,542
idmap_r3,cancel,1000000,0.641,542
idmap_r3,cancel,1000000,0.642,542
idmap_r3,cancel,1000000,0.643,542
idmap_r3,cancel,1000000,0.644,542
idmap_r3,cancel,1000000,0.645,542
idmap_r3,cancel,1000000,0.646,542
idmap_r3,cancel,1000000,0.647,542
idmap_r3,cancel,1000000,0.648,542
idmap_r3,cancel,1000000,0.649,542
idmap_r3,cancel,1000000,0.65,542
idmap_r3,cancel,1000000,0.651,542
idmap_r3,cancel,1000000,0.652,542
idmap_r3,cancel,1000000,0.653,542
idmap_r3,cancel,1000000,0.654,542
idmap_r3,cancel,1000000,0.655,542
idmap_r3,cancel,1000000,0.656,542
idmap_r3,cancel,1000000,0.657,542
idmap_r3,cancel,1000000,0.658,542
idmap_r3,cancel,1000000,0.659,542
idmap_r3,cancel,1000000,0.66,542
idmap_r3,cancel,1000000,0.661,542
idmap_r3,cancel,1000000,0.662,542
idmap_r3,cancel,1000000,0.663,542
idmap_r3,cancel,1000000,0.664,542
idmap_r3,cancel,1000000,0.665,583
idmap_r3,cancel,1000000,0.666,583
idmap_r3,cancel,1000000,0.667,583
idmap_r3,cancel,1000000,0.668,583
idmap_r3,cancel,1000000,0.669,583
idmap_r3,cancel,1000000,0.67,583
idmap_r3,cancel,1000000,0.671,583
idmap_r3,cancel,1000000,0.672,583
idmap_r3,cancel,1000000,0.673,583
idmap_r3,cancel,1000000,0.674,583
idmap_r3,cancel,1000000,0.675,583
idmap_r3,cancel,1000000,0.676,583
idmap_r3,cancel,1000000,0.677,583
idmap_r3,cancel,1000000,0.678,583
idmap_r3,cancel,1000000,0.679,583
idmap_r3,cancel,1000000,0.68,583
idmap_r3,cancel,1000000,0.681,583
idmap_r3,cancel,1000000,0.682,583
idmap_r3,cancel,1000000,0.683,583
idmap_r3,cancel,1000000,0.684,583
idmap_r3,cancel,1000000,0.685,583
idmap_r3,cancel,1000000,0.686,583
idmap_r3,cancel,1000000,0.687,583
idmap_r3,cancel,1000000,0.688,583
idmap_r3,cancel,1000000,0.689,583
idmap_r3,cancel,1000000,0.69,583
idmap_r3,cancel,1000000,0.691,583
idmap_r3,cancel,1000000,0.692,583
idmap_r3,cancel,1000000,0.693,583
idmap_r3,cancel,1000000,0.694,583
idmap_r3,cancel,1000000,0.695,583
idmap_r3,cancel,1000000,0.696,583
idmap_r3,cancel,1000000,0.697,583
idmap_r3,cancel,1000000,0.698,583
idmap_r3,cancel,1000000,0.699,583
idmap_r3,cancel,1000000,0.7,583
idmap_r3,cancel,1000000,0.701,583
idmap_r3,cancel,1000000,0.702,584
idmap_r3,cancel,1000000,0.703,584
idmap_r3,cancel,1000000,0.704,584
idmap_r3,cancel,1000000,0.705,584
idmap_r3,cancel,1000000,0.706,584
idmap_r3,cancel,1000000,0.707,584
idmap_r3,cancel,1000000,0.708,584
idmap_r3,cancel,1000000,0.709,584
idmap_r3,cancel,1000000,0.71,584
idmap_r3,cancel,1000000,0.711,584
idmap_r3,cancel,1000000,0.712,584
idmap_r3,cancel,1000000,0.713,584
idmap_r3,cancel,1000000,0.714,584
idmap_r3,cancel,1000000,0.715,584
idmap_r3,cancel,1000000,0.716,584
idmap_r3,cancel,1000000,0.717,584
idmap_r3,cancel,1000000,0.718,584
idmap_r3,cancel,1000000,0.719,584
idmap_r3,cancel,1000000,0.72,584
idmap_r3,cancel,1000000,0.721,625
idmap_r3,cancel,1000000,0.722,625
idmap_r3,cancel,1000000,0.723,625
idmap_r3,cancel,1000000,0.724,625
idmap_r3,cancel,1000000,0.725,625
idmap_r3,cancel,1000000,0.726,625
idmap_r3,cancel,1000000,0.727,625
idmap_r3,cancel,1000000,0.728,625
idmap_r3,cancel,1000000,0.729,625
idmap_r3,cancel,1000000,0.73,625
idmap_r3,cancel,1000000,0.731,625
idmap_r3,cancel,1000000,0.732,625
idmap_r3,cancel,1000000,0.733,625
idmap_r3,cancel,1000000,0.734,625
idmap_r3,cancel,1000000,0.735,625
idmap_r3,cancel,1000000,0.736,625
idmap_r3,cancel,1000000,0.737,625
idmap_r3,cancel,1000000,0.738,625
idmap_r3,cancel,1000000,0.739,625
idmap_r3,cancel,1000000,0.74,625
idmap_r3,cancel,1000000,0.741,625
idmap_r3,cancel,1000000,0.742,625
idmap_r3,cancel,1000000,0.743,625
idmap_r3,cancel,1000000,0.744,625
idmap_r3,cancel,1000000,0.745,625
idmap_r3,cancel,1000000,0.746,625
idmap_r3,cancel,1000000,0.747,625
idmap_r3,cancel,1000000,0.748,625
idmap_r3,cancel,1000000,0.749,625
idmap_r3,cancel,1000000,0.75,625
idmap_r3,cancel,1000000,0.751,625
idmap_r3,cancel,1000000,0.752,625
idmap_r3,cancel,1000000,0.753,625
idmap_r3,cancel,1000000,0.754,625
idmap_r3,cancel,1000000,0.755,625
idmap_r3,cancel,1000000,0.756,625
idmap_r3,cancel,1000000,0.757,625
idmap_r3,cancel,1000000,0.758,625
idmap_r3,cancel,1000000,0.759,625
idmap_r3,cancel,1000000,0.76,625
idmap_r3,cancel,1000000,0.761,625
idmap_r3,cancel,1000000,0.762,625
idmap_r3,cancel,1000000,0.763,625
idmap_r3,cancel,1000000,0.764,625
idmap_r3,cancel,1000000,0.765,625
idmap_r3,cancel,1000000,0.766,625
idmap_r3,cancel,1000000,0.767,625
idmap_r3,cancel,1000000,0.768,625
idmap_r3,cancel,1000000,0.769,666
idmap_r3,cancel,1000000,0.77,666
idmap_r3,cancel,1000000,0.771,666
idmap_r3,cancel,1000000,0.772,666
idmap_r3,cancel,1000000,0.773,666
idmap_r3,cancel,1000000,0.774,666
idmap_r3,cancel,1000000,0.775,666
idmap_r3,cancel,1000000,0.776,666
idmap_r3,cancel,1000000,0.777,666
idmap_r3,cancel,1000000,0.778,666
idmap_r3,cancel,1000000,0.779,666
idmap_r3,cancel,1000000,0.78,666
idmap_r3,cancel,1000000,0.781,666
idmap_r3,cancel,1000000,0.782,667
idmap_r3,cancel,1000000,0.783,667
idmap_r3,cancel,1000000,0.784,667
idmap_r3,cancel,1000000,0.785,667
idmap_r3,cancel,1000000,0.786,667
idmap_r3,cancel,1000000,0.787,667
idmap_r3,cancel,1000000,0.788,667
idmap_r3,cancel,1000000,0.789,667
idmap_r3,cancel,1000000,0.79,667
idmap_r3,cancel,1000000,0.791,667
idmap_r3,cancel,1000000,0.792,667
idmap_r3,cancel,1000000,0.793,667
idmap_r3,cancel,1000000,0.794,667
idmap_r3,cancel,1000000,0.795,667
idmap_r3,cancel,1000000,0.796,667
idmap_r3,cancel,1000000,0.797,667
idmap_r3,cancel,1000000,0.798,667
idmap_r3,cancel,1000000,0.799,667
idmap_r3,cancel,1000000,0.8,667
idmap_r3,cancel,1000000,0.801,667
idmap_r3,cancel,1000000,0.802,667
idmap_r3,cancel,1000000,0.803,667
idmap_r3,cancel,1000000,0.804,667
idmap_r3,cancel,1000000,0.805,667
idmap_r3,cancel,1000000,0.806,667
idmap_r3,cancel,1000000,0.807,667
idmap_r3,cancel,1000000,0.808,708
idmap_r3,cancel,1000000,0.809,708
idmap_r3,cancel,1000000,0.81,708
idmap_r3,cancel,1000000,0.811,708
idmap_r3,cancel,1000000,0.812,708
idmap_r3,cancel,1000000,0.813,708
idmap_r3,cancel,1000000,0.814,708
idmap_r3,cancel,1000000,0.815,708
idmap_r3,cancel,1000000,0.816,708
idmap_r3,cancel,1000000,0.817,708
idmap_r3,cancel,1000000,0.818,708
idmap_r3,cancel,1000000,0.819,708
idmap_r3,cancel,1000000,0.82,708
idmap_r3,cancel,1000000,0.821,708
idmap_r3,cancel,1000000,0.822,708
idmap_r3,cancel,1000000,0.823,708
idmap_r3,cancel,1000000,0.824,708
idmap_r3,cancel,1000000,0.825,708
idmap_r3,cancel,1000000,0.826,708
idmap_r3,cancel,1000000,0.827,708
idmap_r3,cancel,1000000,0.828,708
idmap_r3,cancel,1000000,0.829,708
idmap_r3,cancel,1000000,0.83,708
idmap_r3,cancel,1000000,0.831,709
idmap_r3,cancel,1000000,0.832,709
idmap_r3,cancel,1000000,0.833,709
idmap_r3,cancel,1000000,0.834,709
idmap_r3,cancel,1000000,0.835,709
idmap_r3,cancel,1000000,0.836,709
idmap_r3,cancel,1000000,0.837,709
idmap_r3,cancel,1000000,0.838,709
idmap_r3,cancel,1000000,0.839,709
idmap_r3,cancel,1000000,0.84,709
idmap_r3,cancel,1000000,0.841,709
idmap_r3,cancel,1000000,0.842,750
idmap_r3,cancel,1000000,0.843,750
idmap_r3,cancel,1000000,0.844,750
idmap_r3,cancel,1000000,0.845,750
idmap_r3,cancel,1000000,0.846,750
idmap_r3,cancel,1000000,0.847,750
idmap_r3,cancel,1000000,0.848,750
idmap_r3,cancel,1000000,0.849,750
idmap_r3,cancel,1000000,0.85,750
idmap_r3,cancel,1000000,0.851,750
idmap_r3,cancel,1000000,0.852,750
idmap_r3,cancel,1000000,0.853,750
idmap_r3,cancel,1000000,0.854,750
idmap_r3,cancel,1000000,0.855,750
idmap_r3,cancel,1000000,0.856,750
idmap_r3,cancel,1000000,0.857,750
idmap_r3,cancel,1000000,0.858,750
idmap_r3,cancel,1000000,0.859,750
idmap_r3,cancel,1000000,0.86,750
idmap_r3,cancel,1000000,0.861,750
idmap_r3,cancel,1000000,0.862,750
idmap_r3,cancel,1000000,0.863,750
idmap_r3,cancel,1000000,0.864,750
idmap_r3,cancel,1000000,0.865,750
idmap_r3,cancel,1000000,0.866,750
idmap_r3,cancel,1000000,0.867,750
idmap_r3,cancel,1000000,0.868,750
idmap_r3,cancel,1000000,0.869,791
idmap_r3,cancel,1000000,0.87,791
idmap_r3,cancel,1000000,0.871,791
idmap_r3,cancel,1000000,0.872,791
idmap_r3,cancel,1000000,0.873,791
idmap_r3,cancel,1000000,0.874,791
idmap_r3,cancel,1000000,0.875,791
idmap_r3,cancel,1000000,0.876,792
idmap_r3,cancel,1000000,0.877,792
idmap_r3,cancel,1000000,0.878,792
idmap_r3,cancel,1000000,0.879,792
idmap_r3,cancel,1000000,0.88,792
idmap_r3,cancel,1000000,0.881,792
idmap_r3,cancel,1000000,0.882,792
idmap_r3,cancel,1000000,0.883,792
idmap_r3,cancel,1000000,0.884,792
idmap_r3,cancel,1000000,0.885,792
idmap_r3,cancel,1000000,0.886,792
idmap_r3,cancel,1000000,0.887,792
idmap_r3,cancel,1000000,0.888,792
idmap_r3,cancel,1000000,0.889,792
idmap_r3,cancel,1000000,0.89,792
idmap_r3,cancel,1000000,0.891,833
idmap_r3,cancel,1000000,0.892,833
idmap_r3,cancel,1000000,0.893,833
idmap_r3,cancel,1000000,0.894,833
idmap_r3,cancel,1000000,0.895,833
idmap_r3,cancel,1000000,0.896,833
idmap_r3,cancel,1000000,0.897,833
idmap_r3,cancel,1000000,0.898,833
idmap_r3,cancel,1000000,0.899,833
idmap_r3,cancel,1000000,0.9,833
idmap_r3,cancel,1000000,0.901,833
idmap_r3,cancel,1000000,0.902,833
idmap_r3,cancel,1000000,0.903,834
idmap_r3,cancel,1000000,0.904,834
idmap_r3,cancel,1000000,0.905,834
idmap_r3,cancel,1000000,0.906,834
idmap_r3,cancel,1000000,0.907,834
idmap_r3,cancel,1000000,0.908,875
idmap_r3,cancel,1000000,0.909,875
idmap_r3,cancel,1000000,0.91,875
idmap_r3,cancel,1000000,0.911,875
idmap_r3,cancel,1000000,0.912,875
idmap_r3,cancel,1000000,0.913,875
idmap_r3,cancel,1000000,0.914,875
idmap_r3,cancel,1000000,0.915,875
idmap_r3,cancel,1000000,0.916,875
idmap_r3,cancel,1000000,0.917,875
idmap_r3,cancel,1000000,0.918,875
idmap_r3,cancel,1000000,0.919,875
idmap_r3,cancel,1000000,0.92,875
idmap_r3,cancel,1000000,0.921,875
idmap_r3,cancel,1000000,0.922,875
idmap_r3,cancel,1000000,0.923,916
idmap_r3,cancel,1000000,0.924,916
idmap_r3,cancel,1000000,0.925,916
idmap_r3,cancel,1000000,0.926,916
idmap_r3,cancel,1000000,0.927,917
idmap_r3,cancel,1000000,0.928,917
idmap_r3,cancel,1000000,0.929,917
idmap_r3,cancel,1000000,0.93,917
idmap_r3,cancel,1000000,0.931,917
idmap_r3,cancel,1000000,0.932,917
idmap_r3,cancel,1000000,0.933,917
idmap_r3,cancel,1000000,0.934,917
idmap_r3,cancel,1000000,0.935,958
idmap_r3,cancel,1000000,0.936,958
idmap_r3,cancel,1000000,0.937,958
idmap_r3,cancel,1000000,0.938,958
idmap_r3,cancel,1000000,0.939,958
idmap_r3,cancel,1000000,0.94,958
idmap_r3,cancel,1000000,0.941,959
idmap_r3,cancel,1000000,0.942,959
idmap_r3,cancel,1000000,0.943,959
idmap_r3,cancel,1000000,0.944,1000
idmap_r3,cancel,1000000,0.945,1000
idmap_r3,cancel,1000000,0.946,1000
idmap_r3,cancel,1000000,0.947,1000
idmap_r3,cancel,1000000,0.948,1000
idmap_r3,cancel,1000000,0.949,1000
idmap_r3,cancel,1000000,0.95,1000
idmap_r3,cancel,1000000,0.951,1000
idmap_r3,cancel,1000000,0.952,1000
idmap_r3,cancel,1000000,0.953,1041
idmap_r3,cancel,1000000,0.954,1041
idmap_r3,cancel,1000000,0.955,1042
idmap_r3,cancel,1000000,0.956,1042
idmap_r3,cancel,1000000,0.957,1042
idmap_r3,cancel,1000000,0.958,1042
idmap_r3,cancel,1000000,0.959,1042
idmap_r3,cancel,1000000,0.96,1083
idmap_r3,cancel,1000000,0.961,1083
idmap_r3,cancel,1000000,0.962,1083
idmap_r3,cancel,1000000,0.963,1083
idmap_r3,cancel,1000000,0.964,1084
idmap_r3,cancel,1000000,0.965,1084
idmap_r3,cancel,1000000,0.966,1125
idmap_r3,cancel,1000000,0.967,1125
idmap_r3,cancel,1000000,0.968,1125
idmap_r3,cancel,1000000,0.969,1125
idmap_r3,cancel,1000000,0.97,1125
idmap_r3,cancel,1000000,0.971,1166
idmap_r3,cancel,1000000,0.972,1166
idmap_r3,cancel,1000000,0.973,1167
idmap_r3,cancel,1000000,0.974,1167
idmap_r3,cancel,1000000,0.975,1167
idmap_r3,cancel,1000000,0.976,1208
idmap_r3,cancel,1000000,0.977,1208
idmap_r3,cancel,1000000,0.978,1208
idmap_r3,cancel,1000000,0.979,1209
idmap_r3,cancel,1000000,0.98,1250
idmap_r3,cancel,1000000,0.981,1250
idmap_r3,cancel,1000000,0.982,1250
idmap_r3,cancel,1000000,0.983,1291
idmap_r3,cancel,1000000,0.984,1292
idmap_r3,cancel,1000000,0.985,1292
idmap_r3,cancel,1000000,0.986,1333
idmap_r3,cancel,1000000,0.987,1334
idmap_r3,cancel,1000000,0.988,1375
idmap_r3,cancel,1000000,0.989,1416
idmap_r3,cancel,1000000,0.99,1417
idmap_r3,cancel,1000000,0.991,1458
idmap_r3,cancel,1000000,0.992,1500
idmap_r3,cancel,1000000,0.993,1542
idmap_r3,cancel,1000000,0.994,1583
idmap_r3,cancel,1000000,0.995,1625
idmap_r3,cancel,1000000,0.996,1709
idmap_r3,cancel,1000000,0.997,1833
idmap_r3,cancel,1000000,0.998,2084
idmap_r3,cancel,1000000,0.999,8666
idmap_r3,match,1000000,0,0
idmap_r3,match,1000000,0.001,41
idmap_r3,match,1000000,0.002,41
idmap_r3,match,1000000,0.003,41
idmap_r3,match,1000000,0.004,41
idmap_r3,match,1000000,0.005,42
idmap_r3,match,1000000,0.006,42
idmap_r3,match,1000000,0.007,42
idmap_r3,match,1000000,0.008,42
idmap_r3,match,1000000,0.009,42
idmap_r3,match,1000000,0.01,42
idmap_r3,match,1000000,0.011,42
idmap_r3,match,1000000,0.012,42
idmap_r3,match,1000000,0.013,83
idmap_r3,match,1000000,0.014,83
idmap_r3,match,1000000,0.015,83
idmap_r3,match,1000000,0.016,83
idmap_r3,match,1000000,0.017,83
idmap_r3,match,1000000,0.018,83
idmap_r3,match,1000000,0.019,83
idmap_r3,match,1000000,0.02,83
idmap_r3,match,1000000,0.021,83
idmap_r3,match,1000000,0.022,83
idmap_r3,match,1000000,0.023,83
idmap_r3,match,1000000,0.024,83
idmap_r3,match,1000000,0.025,83
idmap_r3,match,1000000,0.026,83
idmap_r3,match,1000000,0.027,83
idmap_r3,match,1000000,0.028,83
idmap_r3,match,1000000,0.029,83
idmap_r3,match,1000000,0.03,84
idmap_r3,match,1000000,0.031,84
idmap_r3,match,1000000,0.032,84
idmap_r3,match,1000000,0.033,84
idmap_r3,match,1000000,0.034,84
idmap_r3,match,1000000,0.035,84
idmap_r3,match,1000000,0.036,84
idmap_r3,match,1000000,0.037,84
idmap_r3,match,1000000,0.038,84
idmap_r3,match,1000000,0.039,125
idmap_r3,match,1000000,0.04,125
idmap_r3,match,1000000,0.041,125
idmap_r3,match,1000000,0.042,125
idmap_r3,match,1000000,0.043,125
idmap_r3,match,1000000,0.044,125
idmap_r3,match,1000000,0.045,125
idmap_r3,match,1000000,0.046,125
idmap_r3,match,1000000,0.047,125
idmap_r3,match,1000000,0.048,125
idmap_r3,match,1000000,0.049,125
idmap_r3,match,1000000,0.05,125
idmap_r3,match,1000000,0.051,125
idmap_r3,match,1000000,0.052,125
idmap_r3,match,1000000,0.053,125
idmap_r3,match,1000000,0.054,125
idmap_r3,match,1000000,0.055,125
idmap_r3,match,1000000,0.056,125
idmap_r3,match,1000000,0.057,125
idmap_r3,match,1000000,0.058,125
idmap_r3,match,1000000,0.059,125
idmap_r3,match,1000000,0.06,125
idmap_r3,match,1000000,0.061,125
idmap_r3,match,1000000,0.062,125
idmap_r3,match,1000000,0.063,125
idmap_r3,match,1000000,0.064,125
idmap_r3,match,1000000,0.065,125
idmap_r3,match,1000000,0.066,125
idmap_r3,match,1000000,0.067,125
idmap_r3,match,1000000,0.068,125
idmap_r3,match,1000000,0.069,125
idmap_r3,match,1000000,0.07,125
idmap_r3,match,1000000,0.071,125
idmap_r3,match,1000000,0.072,125
idmap_r3,match,1000000,0.073,125
idmap_r3,match,1000000,0.074,125
idmap_r3,match,1000000,0.075,125
idmap_r3,match,1000000,0.076,125
idmap_r3,match,1000000,0.077,125
idmap_r3,match,1000000,0.078,125
idmap_r3,match,1000000,0.079,125
idmap_r3,match,1000000,0.08,125
idmap_r3,match,1000000,0.081,125
idmap_r3,match,1000000,0.082,125
idmap_r3,match,1000000,0.083,125
idmap_r3,match,1000000,0.084,125
idmap_r3,match,1000000,0.085,125
idmap_r3,match,1000000,0.086,125
idmap_r3,match,1000000,0.087,125
idmap_r3,match,1000000,0.088,125
idmap_r3,match,1000000,0.089,125
idmap_r3,match,1000000,0.09,125
idmap_r3,match,1000000,0.091,125
idmap_r3,match,1000000,0.092,125
idmap_r3,match,1000000,0.093,125
idmap_r3,match,1000000,0.094,125
idmap_r3,match,1000000,0.095,125
idmap_r3,match,1000000,0.096,125
idmap_r3,match,1000000,0.097,125
idmap_r3,match,1000000,0.098,125
idmap_r3,match,1000000,0.099,125
idmap_r3,match,1000000,0.1,125
idmap_r3,match,1000000,0.101,125
idmap_r3,match,1000000,0.102,125
idmap_r3,match,1000000,0.103,125
idmap_r3,match,1000000,0.104,125
idmap_r3,match,1000000,0.105,125
idmap_r3,match,1000000,0.106,125
idmap_r3,match,1000000,0.107,125
idmap_r3,match,1000000,0.108,125
idmap_r3,match,1000000,0.109,125
idmap_r3,match,1000000,0.11,125
idmap_r3,match,1000000,0.111,125
idmap_r3,match,1000000,0.112,125
idmap_r3,match,1000000,0.113,125
idmap_r3,match,1000000,0.114,125
idmap_r3,match,1000000,0.115,125
idmap_r3,match,1000000,0.116,125
idmap_r3,match,1000000,0.117,125
idmap_r3,match,1000000,0.118,125
idmap_r3,match,1000000,0.119,125
idmap_r3,match,1000000,0.12,125
idmap_r3,match,1000000,0.121,125
idmap_r3,match,1000000,0.122,125
idmap_r3,match,1000000,0.123,125
idmap_r3,match,1000000,0.124,125
idmap_r3,match,1000000,0.125,125
idmap_r3,match,1000000,0.126,125
idmap_r3,match,1000000,0.127,125
idmap_r3,match,1000000,0.128,125
idmap_r3,match,1000000,0.129,125
idmap_r3,match,1000000,0.13,125
idmap_r3,match,1000000,0.131,125
idmap_r3,match,1000000,0.132,125
idmap_r3,match,1000000,0.133,125
idmap_r3,match,1000000,0.134,125
idmap_r3,match,1000000,0.135,125
idmap_r3,match,1000000,0.136,125
idmap_r3,match,1000000,0.137,125
idmap_r3,match,1000000,0.138,125
idmap_r3,match,1000000,0.139,125
idmap_r3,match,1000000,0.14,125
idmap_r3,match,1000000,0.141,125
idmap_r3,match,1000000,0.142,125
idmap_r3,match,1000000,0.143,166
idmap_r3,match,1000000,0.144,166
idmap_r3,match,1000000,0.145,166
idmap_r3,match,1000000,0.146,166
idmap_r3,match,1000000,0.147,166
idmap_r3,match,1000000,0.148,166
idmap_r3,match,1000000,0.149,166
idmap_r3,match,1000000,0.15,166
idmap_r3,match,1000000,0.151,166
idmap_r3,match,1000000,0.152,166
idmap_r3,match,1000000,0.153,166
idmap_r3,match,1000000,0.154,166
idmap_r3,match,1000000,0.155,166
idmap_r3,match,1000000,0.156,166
idmap_r3,match,1000000,0.157,166
idmap_r3,match,1000000,0.158,166
idmap_r3,match,1000000,0.159,166
idmap_r3,match,1000000,0.16,166
idmap_r3,match,1000000,0.161,166
idmap_r3,match,1000000,0.162,166
idmap_r3,match,1000000,0.163,166
idmap_r3,match,1000000,0.164,166
idmap_r3,match,1000000,0.165,166
idmap_r3,match,1000000,0.166,166
idmap_r3,match,1000000,0.167,166
idmap_r3,match,1000000,0.168,166
idmap_r3,match,1000000,0.169,166
idmap_r3,match,1000000,0.17,166
idmap_r3,match,1000000,0.171,166
idmap_r3,match,1000000,0.172,166
idmap_r3,match,1000000,0.173,166
idmap_r3,match,1000000,0.174,166
idmap_r3,match,1000000,0.175,166
idmap_r3,match,1000000,0.176,166
idmap_r3,match,1000000,0.177,166
idmap_r3,match,1000000,0.178,166
idmap_r3,match,1000000,0.179,166
idmap_r3,match,1000000,0.18,166
idmap_r3,match,1000000,0.181,166
idmap_r3,match,1000000,0.182,166
idmap_r3,match,1000000,0.183,166
idmap_r3,match,1000000,0.184,166
idmap_r3,match,1000000,0.185,166
idmap_r3,match,1000000,0.186,166
idmap_r3,match,1000000,0.187,166
idmap_r3,match,1000000,0.188,166
idmap_r3,match,1000000,0.189,166
idmap_r3,match,1000000,0.19,166
idmap_r3,match,1000000,0.191,166
idmap_r3,match,1000000,0.192,166
idmap_r3,match,1000000,0.193,166
idmap_r3,match,1000000,0.194,166
idmap_r3,match,1000000,0.195,166
idmap_r3,match,1000000,0.196,166
idmap_r3,match,1000000,0.197,166
idmap_r3,match,1000000,0.198,166
idmap_r3,match,1000000,0.199,166
idmap_r3,match,1000000,0.2,166
idmap_r3,match,1000000,0.201,166
idmap_r3,match,1000000,0.202,166
idmap_r3,match,1000000,0.203,166
idmap_r3,match,1000000,0.204,166
idmap_r3,match,1000000,0.205,166
idmap_r3,match,1000000,0.206,166
idmap_r3,match,1000000,0.207,166
idmap_r3,match,1000000,0.208,166
idmap_r3,match,1000000,0.209,166
idmap_r3,match,1000000,0.21,166
idmap_r3,match,1000000,0.211,166
idmap_r3,match,1000000,0.212,166
idmap_r3,match,1000000,0.213,166
idmap_r3,match,1000000,0.214,167
idmap_r3,match,1000000,0.215,167
idmap_r3,match,1000000,0.216,167
idmap_r3,match,1000000,0.217,167
idmap_r3,match,1000000,0.218,167
idmap_r3,match,1000000,0.219,167
idmap_r3,match,1000000,0.22,167
idmap_r3,match,1000000,0.221,167
idmap_r3,match,1000000,0.222,167
idmap_r3,match,1000000,0.223,167
idmap_r3,match,1000000,0.224,167
idmap_r3,match,1000000,0.225,167
idmap_r3,match,1000000,0.226,167
idmap_r3,match,1000000,0.227,167
idmap_r3,match,1000000,0.228,167
idmap_r3,match,1000000,0.229,167
idmap_r3,match,1000000,0.23,167
idmap_r3,match,1000000,0.231,167
idmap_r3,match,1000000,0.232,167
idmap_r3,match,1000000,0.233,167
idmap_r3,match,1000000,0.234,167
idmap_r3,match,1000000,0.235,167
idmap_r3,match,1000000,0.236,167
idmap_r3,match,1000000,0.237,167
idmap_r3,match,1000000,0.238,167
idmap_r3,match,1000000,0.239,167
idmap_r3,match,1000000,0.24,167
idmap_r3,match,1000000,0.241,167
idmap_r3,match,1000000,0.242,167
idmap_r3,match,1000000,0.243,167
idmap_r3,match,1000000,0.244,167
idmap_r3,match,1000000,0.245,167
idmap_r3,match,1000000,0.246,167
idmap_r3,match,1000000,0.247,167
idmap_r3,match,1000000,0.248,167
idmap_r3,match,1000000,0.249,167
idmap_r3,match,1000000,0.25,167
idmap_r3,match,1000000,0.251,167
idmap_r3,match,1000000,0.252,167
idmap_r3,match,1000000,0.253,167
idmap_r3,match,1000000,0.254,167
idmap_r3,match,1000000,0.255,167
idmap_r3,match,1000000,0.256,167
idmap_r3,match,1000000,0.257,167
idmap_r3,match,1000000,0.258,167
idmap_r3,match,1000000,0.259,167
idmap_r3,match,1000000,0.26,167
idmap_r3,match,1000000,0.261,167
idmap_r3,match,1000000,0.262,167
idmap_r3,match,1000000,0.263,167
idmap_r3,match,1000000,0.264,167
idmap_r3,match,1000000,0.265,167
idmap_r3,match,1000000,0.266,167
idmap_r3,match,1000000,0.267,167
idmap_r3,match,1000000,0.268,167
idmap_r3,match,1000000,0.269,167
idmap_r3,match,1000000,0.27,167
idmap_r3,match,1000000,0.271,167
idmap_r3,match,1000000,0.272,167
idmap_r3,match,1000000,0.273,167
idmap_r3,match,1000000,0.274,167
idmap_r3,match,1000000,0.275,167
idmap_r3,match,1000000,0.276,167
idmap_r3,match,1000000,0.277,167
idmap_r3,match,1000000,0.278,167
idmap_r3,match,1000000,0.279,167
idmap_r3,match,1000000,0.28,167
idmap_r3,match,1000000,0.281,167
idmap_r3,match,1000000,0.282,167
idmap_r3,match,1000000,0.283,167
idmap_r3,match,1000000,0.284,167
idmap_r3,match,1000000,0.285,167
idmap_r3,match,1000000,0.286,167
idmap_r3,match,1000000,0.287,167
idmap_r3,match,1000000,0.288,167
idmap_r3,match,1000000,0.289,167
idmap_r3,match,1000000,0.29,167
idmap_r3,match,1000000,0.291,167
idmap_r3,match,1000000,0.292,167
idmap_r3,match,1000000,0.293,167
idmap_r3,match,1000000,0.294,167
idmap_r3,match,1000000,0.295,167
idmap_r3,match,1000000,0.296,167
idmap_r3,match,1000000,0.297,167
idmap_r3,match,1000000,0.298,167
idmap_r3,match,1000000,0.299,167
idmap_r3,match,1000000,0.3,167
idmap_r3,match,1000000,0.301,167
idmap_r3,match,1000000,0.302,167
idmap_r3,match,1000000,0.303,167
idmap_r3,match,1000000,0.304,167
idmap_r3,match,1000000,0.305,167
idmap_r3,match,1000000,0.306,167
idmap_r3,match,1000000,0.307,167
idmap_r3,match,1000000,0.308,167
idmap_r3,match,1000000,0.309,167
idmap_r3,match,1000000,0.31,167
idmap_r3,match,1000000,0.311,167
idmap_r3,match,1000000,0.312,167
idmap_r3,match,1000000,0.313,167
idmap_r3,match,1000000,0.314,167
idmap_r3,match,1000000,0.315,167
idmap_r3,match,1000000,0.316,167
idmap_r3,match,1000000,0.317,167
idmap_r3,match,1000000,0.318,167
idmap_r3,match,1000000,0.319,167
idmap_r3,match,1000000,0.32,167
idmap_r3,match,1000000,0.321,167
idmap_r3,match,1000000,0.322,167
idmap_r3,match,1000000,0.323,167
idmap_r3,match,1000000,0.324,167
idmap_r3,match,1000000,0.325,167
idmap_r3,match,1000000,0.326,167
idmap_r3,match,1000000,0.327,167
idmap_r3,match,1000000,0.328,167
idmap_r3,match,1000000,0.329,167
idmap_r3,match,1000000,0.33,167
idmap_r3,match,1000000,0.331,167
idmap_r3,match,1000000,0.332,167
idmap_r3,match,1000000,0.333,167
idmap_r3,match,1000000,0.334,167
idmap_r3,match,1000000,0.335,167
idmap_r3,match,1000000,0.336,167
idmap_r3,match,1000000,0.337,167
idmap_r3,match,1000000,0.338,167
idmap_r3,match,1000000,0.339,167
idmap_r3,match,1000000,0.34,167
idmap_r3,match,1000000,0.341,167
idmap_r3,match,1000000,0.342,167
idmap_r3,match,1000000,0.343,167
idmap_r3,match,1000000,0.344,167
idmap_r3,match,1000000,0.345,167
idmap_r3,match,1000000,0.346,167
idmap_r3,match,1000000,0.347,167
idmap_r3,match,1000000,0.348,167
idmap_r3,match,1000000,0.349,167
idmap_r3,match,1000000,0.35,167
idmap_r3,match,1000000,0.351,167
idmap_r3,match,1000000,0.352,167
idmap_r3,match,1000000,0.353,167
idmap_r3,match,1000000,0.354,167
idmap_r3,match,1000000,0.355,167
idmap_r3,match,1000000,0.356,167
idmap_r3,match,1000000,0.357,167
idmap_r3,match,1000000,0.358,167
idmap_r3,match,1000000,0.359,208
idmap_r3,match,1000000,0.36,208
idmap_r3,match,1000000,0.361,208
idmap_r3,match,1000000,0.362,208
idmap_r3,match,1000000,0.363,208
idmap_r3,match,1000000,0.364,208
idmap_r3,match,1000000,0.365,208
idmap_r3,match,1000000,0.366,208
idmap_r3,match,1000000,0.367,208
idmap_r3,match,1000000,0.368,208
idmap_r3,match,1000000,0.369,208
idmap_r3,match,1000000,0.37,208
idmap_r3,match,1000000,0.371,208
idmap_r3,match,1000000,0.372,208
idmap_r3,match,1000000,0.373,208
idmap_r3,match,1000000,0.374,208
idmap_r3,match,1000000,0.375,208
idmap_r3,match,1000000,0.376,208
idmap_r3,match,1000000,0.377,208
idmap_r3,match,1000000,0.378,208
idmap_r3,match,1000000,0.379,208
idmap_r3,match,1000000,0.38,208
idmap_r3,match,1000000,0.381,208
idmap_r3,match,1000000,0.382,208
idmap_r3,match,1000000,0.383,208
idmap_r3,match,1000000,0.384,208
idmap_r3,match,1000000,0.385,208
idmap_r3,match,1000000,0.386,208
idmap_r3,match,1000000,0.387,208
idmap_r3,match,1000000,0.388,208
idmap_r3,match,1000000,0.389,208
idmap_r3,match,1000000,0.39,208
idmap_r3,match,1000000,0.391,208
idmap_r3,match,1000000,0.392,208
idmap_r3,match,1000000,0.393,208
idmap_r3,match,1000000,0.394,208
idmap_r3,match,1000000,0.395,208
idmap_r3,match,1000000,0.396,208
idmap_r3,match,1000000,0.397,208
idmap_r3,match,1000000,0.398,208
idmap_r3,match,1000000,0.399,208
idmap_r3,match,1000000,0.4,208
idmap_r3,match,1000000,0.401,208
idmap_r3,match,1000000,0.402,208
idmap_r3,match,1000000,0.403,208
idmap_r3,match,1000000,0.404,208
idmap_r3,match,1000000,0.405,208
idmap_r3,match,1000000,0.406,208
idmap_r3,match,1000000,0.407,208
idmap_r3,match,1000000,0.408,208
idmap_r3,match,1000000,0.409,208
idmap_r3,match,1000000,0.41,208
idmap_r3,match,1000000,0.411,208
idmap_r3,match,1000000,0.412,208
idmap_r3,match,1000000,0.413,208
idmap_r3,match,1000000,0.414,208
idmap_r3,match,1000000,0.415,208
idmap_r3,match,1000000,0.416,208
idmap_r3,match,1000000,0.417,208
idmap_r3,match,1000000,0.418,208
idmap_r3,match,1000000,0.419,208
idmap_r3,match,1000000,0.42,208
idmap_r3,match,1000000,0.421,208
idmap_r3,match,1000000,0.422,208
idmap_r3,match,1000000,0.423,208
idmap_r3,match,1000000,0.424,208
idmap_r3,match,1000000,0.425,208
idmap_r3,match,1000000,0.426,208
idmap_r3,match,1000000,0.427,208
idmap_r3,match,1000000,0.428,208
idmap_r3,match,1000000,0.429,208
idmap_r3,match,1000000,0.43,208
idmap_r3,match,1000000,0.431,208
idmap_r3,match,1000000,0.432,208
idmap_r3,match,1000000,0.433,208
idmap_r3,match,1000000,0.434,208
idmap_r3,match,1000000,0.435,208
idmap_r3,match,1000000,0.436,208
idmap_r3,match,1000000,0.437,208
idmap_r3,match,1000000,0.438,208
idmap_r3,match,1000000,0.439,208
idmap_r3,match,1000000,0.44,208
idmap_r3,match,1000000,0.441,208
idmap_r3,match,1000000,0.442,208
idmap_r3,match,1000000,0.443,208
idmap_r3,match,1000000,0.444,208
idmap_r3,match,1000000,0.445,208
idmap_r3,match,1000000,0.446,208
idmap_r3,match,1000000,0.447,208
idmap_r3,match,1000000,0.448,208
idmap_r3,match,1000000,0.449,208
idmap_r3,match,1000000,0.45,208
idmap_r3,match,1000000,0.451,208
idmap_r3,match,1000000,0.452,208
idmap_r3,match,1000000,0.453,208
idmap_r3,match,1000000,0.454,208
idmap_r3,match,1000000,0.455,208
idmap_r3,match,1000000,0.456,208
idmap_r3,match,1000000,0.457,208
idmap_r3,match,1000000,0.458,208
idmap_r3,match,1000000,0.459,208
idmap_r3,match,1000000,0.46,208
idmap_r3,match,1000000,0.461,208
idmap_r3,match,1000000,0.462,208
idmap_r3,match,1000000,0.463,208
idmap_r3,match,1000000,0.464,208
idmap_r3,match,1000000,0.465,208
idmap_r3,match,1000000,0.466,208
idmap_r3,match,1000000,0.467,208
idmap_r3,match,1000000,0.468,208
idmap_r3,match,1000000,0.469,208
idmap_r3,match,1000000,0.47,208
idmap_r3,match,1000000,0.471,208
idmap_r3,match,1000000,0.472,208
idmap_r3,match,1000000,0.473,208
idmap_r3,match,1000000,0.474,208
idmap_r3,match,1000000,0.475,208
idmap_r3,match,1000000,0.476,208
idmap_r3,match,1000000,0.477,208
idmap_r3,match,1000000,0.478,208
idmap_r3,match,1000000,0.479,208
idmap_r3,match,1000000,0.48,208
idmap_r3,match,1000000,0.481,209
idmap_r3,match,1000000,0.482,209
idmap_r3,match,1000000,0.483,209
idmap_r3,match,1000000,0.484,209
idmap_r3,match,1000000,0.485,209
idmap_r3,match,1000000,0.486,209
idmap_r3,match,1000000,0.487,209
idmap_r3,match,1000000,0.488,209
idmap_r3,match,1000000,0.489,209
idmap_r3,match,1000000,0.49,209
idmap_r3,match,1000000,0.491,209
idmap_r3,match,1000000,0.492,209
idmap_r3,match,1000000,0.493,209
idmap_r3,match,1000000,0.494,209
idmap_r3,match,1000000,0.495,209
idmap_r3,match,1000000,0.496,209
idmap_r3,match,1000000,0.497,209
idmap_r3,match,1000000,0.498,209
idmap_r3,match,1000000,0.499,209
idmap_r3,match,1000000,0.5,209
idmap_r3,match,1000000,0.501,209
idmap_r3,match,1000000,0.502,209
idmap_r3,match,1000000,0.503,209
idmap_r3,match,1000000,0.504,209
idmap_r3,match,1000000,0.505,209
idmap_r3,match,1000000,0.506,209
idmap_r3,match,1000000,0.507,209
idmap_r3,match,1000000,0.508,209
idmap_r3,match,1000000,0.509,209
idmap_r3,match,1000000,0.51,209
idmap_r3,match,1000000,0.511,209
idmap_r3,match,1000000,0.512,209
idmap_r3,match,1000000,0.513,209
idmap_r3,match,1000000,0.514,209
idmap_r3,match,1000000,0.515,209
idmap_r3,match,1000000,0.516,209
idmap_r3,match,1000000,0.517,209
idmap_r3,match,1000000,0.518,209
idmap_r3,match,1000000,0.519,209
idmap_r3,match,1000000,0.52,209
idmap_r3,match,1000000,0.521,209
idmap_r3,match,1000000,0.522,209
idmap_r3,match,1000000,0.523,209
idmap_r3,match,1000000,0.524,209
idmap_r3,match,1000000,0.525,209
idmap_r3,match,1000000,0.526,209
idmap_r3,match,1000000,0.527,209
idmap_r3,match,1000000,0.528,209
idmap_r3,match,1000000,0.529,209
idmap_r3,match,1000000,0.53,209
idmap_r3,match,1000000,0.531,209
idmap_r3,match,1000000,0.532,209
idmap_r3,match,1000000,0.533,209
idmap_r3,match,1000000,0.534,209
idmap_r3,match,1000000,0.535,209
idmap_r3,match,1000000,0.536,209
idmap_r3,match,1000000,0.537,209
idmap_r3,match,1000000,0.538,209
idmap_r3,match,1000000,0.539,209
idmap_r3,match,1000000,0.54,250
idmap_r3,match,1000000,0.541,250
idmap_r3,match,1000000,0.542,250
idmap_r3,match,1000000,0.543,250
idmap_r3,match,1000000,0.544,250
idmap_r3,match,1000000,0.545,250
idmap_r3,match,1000000,0.546,250
idmap_r3,match,1000000,0.547,250
idmap_r3,match,1000000,0.548,250
idmap_r3,match,1000000,0.549,250
idmap_r3,match,1000000,0.55,250
idmap_r3,match,1000000,0.551,250
idmap_r3,match,1000000,0.552,250
idmap_r3,match,1000000,0.553,250
idmap_r3,match,1000000,0.554,250
idmap_r3,match,1000000,0.555,250
idmap_r3,match,1000000,0.556,250
idmap_r3,match,1000000,0.557,250
idmap_r3,match,1000000,0.558,250
idmap_r3,match,1000000,0.559,250
idmap_r3,match,1000000,0.56,250
idmap_r3,match,1000000,0.561,250
idmap_r3,match,1000000,0.562,250
idmap_r3,match,1000000,0.563,250
idmap_r3,match,1000000,0.564,250
idmap_r3,match,1000000,0.565,250
idmap_r3,match,1000000,0.566,250
idmap_r3,match,1000000,0.567,250
idmap_r3,match,1000000,0.568,250
idmap_r3,match,1000000,0.569,250
idmap_r3,match,1000000,0.57,250
idmap_r3,match,1000000,0.571,250
idmap_r3,match,1000000,0.572,250
idmap_r3,match,1000000,0.573,250
idmap_r3,match,1000000,0.574,250
idmap_r3,match,1000000,0.575,250
idmap_r3,match,1000000,0.576,250
idmap_r3,match,1000000,0.577,250
idmap_r3,match,1000000,0.578,250
idmap_r3,match,1000000,0.579,250
idmap_r3,match,1000000,0.58,250
idmap_r3,match,1000000,0.581,250
idmap_r3,match,1000000,0.582,250
idmap_r3,match,1000000,0.583,250
idmap_r3,match,1000000,0.584,250
idmap_r3,match,1000000,0.585,250
idmap_r3,match,1000000,0.586,250
idmap_r3,match,1000000,0.587,250
idmap_r3,match,1000000,0.588,250
idmap_r3,match,1000000,0.589,250
idmap_r3,match,1000000,0.59,250
idmap_r3,match,1000000,0.591,250
idmap_r3,match,1000000,0.592,250
idmap_r3,match,1000000,0.593,250
idmap_r3,match,1000000,0.594,250
idmap_r3,match,1000000,0.595,250
idmap_r3,match,1000000,0.596,250
idmap_r3,match,1000000,0.597,250
idmap_r3,match,1000000,0.598,250
idmap_r3,match,1000000,0.599,250
idmap_r3,match,1000000,0.6,250
idmap_r3,match,1000000,0.601,250
idmap_r3,match,1000000,0.602,250
idmap_r3,match,1000000,0.603,250
idmap_r3,match,1000000,0.604,250
idmap_r3,match,1000000,0.605,250
idmap_r3,match,1000000,0.606,250
idmap_r3,match,1000000,0.607,250
idmap_r3,match,1000000,0.608,250
idmap_r3,match,1000000,0.609,250
idmap_r3,match,1000000,0.61,250
idmap_r3,match,1000000,0.611,250
idmap_r3,match,1000000,0.612,250
idmap_r3,match,1000000,0.613,250
idmap_r3,match,1000000,0.614,250
idmap_r3,match,1000000,0.615,250
idmap_r3,match,1000000,0.616,250
idmap_r3,match,1000000,0.617,250
idmap_r3,match,1000000,0.618,250
idmap_r3,match,1000000,0.619,250
idmap_r3,match,1000000,0.62,250
idmap_r3,match,1000000,0.621,250
idmap_r3,match,1000000,0.622,250
idmap_r3,match,1000000,0.623,250
idmap_r3,match,1000000,0.624,250
idmap_r3,match,1000000,0.625,250
idmap_r3,match,1000000,0.626,250
idmap_r3,match,1000000,0.627,250
idmap_r3,match,1000000,0.628,250
idmap_r3,match,1000000,0.629,250
idmap_r3,match,1000000,0.63,250
idmap_r3,match,1000000,0.631,250
idmap_r3,match,1000000,0.632,250
idmap_r3,match,1000000,0.633,250
idmap_r3,match,1000000,0.634,250
idmap_r3,match,1000000,0.635,250
idmap_r3,match,1000000,0.636,250
idmap_r3,match,1000000,0.637,250
idmap_r3,match,1000000,0.638,250
idmap_r3,match,1000000,0.639,250
idmap_r3,match,1000000,0.64,250
idmap_r3,match,1000000,0.641,250
idmap_r3,match,1000000,0.642,250
idmap_r3,match,1000000,0.643,250
idmap_r3,match,1000000,0.644,250
idmap_r3,match,1000000,0.645,250
idmap_r3,match,1000000,0.646,250
idmap_r3,match,1000000,0.647,250
idmap_r3,match,1000000,0.648,250
idmap_r3,match,1000000,0.649,250
idmap_r3,match,1000000,0.65,250
idmap_r3,match,1000000,0.651,250
idmap_r3,match,1000000,0.652,250
idmap_r3,match,1000000,0.653,250
idmap_r3,match,1000000,0.654,250
idmap_r3,match,1000000,0.655,250
idmap_r3,match,1000000,0.656,250
idmap_r3,match,1000000,0.657,250
idmap_r3,match,1000000,0.658,250
idmap_r3,match,1000000,0.659,291
idmap_r3,match,1000000,0.66,291
idmap_r3,match,1000000,0.661,291
idmap_r3,match,1000000,0.662,291
idmap_r3,match,1000000,0.663,291
idmap_r3,match,1000000,0.664,291
idmap_r3,match,1000000,0.665,291
idmap_r3,match,1000000,0.666,291
idmap_r3,match,1000000,0.667,291
idmap_r3,match,1000000,0.668,291
idmap_r3,match,1000000,0.669,291
idmap_r3,match,1000000,0.67,291
idmap_r3,match,1000000,0.671,291
idmap_r3,match,1000000,0.672,291
idmap_r3,match,1000000,0.673,291
idmap_r3,match,1000000,0.674,291
idmap_r3,match,1000000,0.675,291
idmap_r3,match,1000000,0.676,291
idmap_r3,match,1000000,0.677,291
idmap_r3,match,1000000,0.678,291
idmap_r3,match,1000000,0.679,291
idmap_r3,match,1000000,0.68,291
idmap_r3,match,1000000,0.681,291
idmap_r3,match,1000000,0.682,291
idmap_r3,match,1000000,0.683,291
idmap_r3,match,1000000,0.684,291
idmap_r3,match,1000000,0.685,291
idmap_r3,match,1000000,0.686,291
idmap_r3,match,1000000,0.687,292
idmap_r3,match,1000000,0.688,292
idmap_r3,match,1000000,0.689,292
idmap_r3,match,1000000,0.69,292
idmap_r3,match,1000000,0.691,292
idmap_r3,match,1000000,0.692,292
idmap_r3,match,1000000,0.693,292
idmap_r3,match,1000000,0.694,292
idmap_r3,match,1000000,0.695,292
idmap_r3,match,1000000,0.696,292
idmap_r3,match,1000000,0.697,292
idmap_r3,match,1000000,0.698,292
idmap_r3,match,1000000,0.699,292
idmap_r3,match,1000000,0.7,292
idmap_r3,match,1000000,0.701,292
idmap_r3,match,1000000,0.702,292
idmap_r3,match,1000000,0.703,292
idmap_r3,match,1000000,0.704,292
idmap_r3,match,1000000,0.705,292
idmap_r3,match,1000000,0.706,292
idmap_r3,match,1000000,0.707,292
idmap_r3,match,1000000,0.708,292
idmap_r3,match,1000000,0.709,292
idmap_r3,match,1000000,0.71,292
idmap_r3,match,1000000,0.711,292
idmap_r3,match,1000000,0.712,292
idmap_r3,match,1000000,0.713,292
idmap_r3,match,1000000,0.714,292
idmap_r3,match,1000000,0.715,292
idmap_r3,match,1000000,0.716,292
idmap_r3,match,1000000,0.717,292
idmap_r3,match,1000000,0.718,292
idmap_r3,match,1000000,0.719,292
idmap_r3,match,1000000,0.72,292
idmap_r3,match,1000000,0.721,292
idmap_r3,match,1000000,0.722,292
idmap_r3,match,1000000,0.723,292
idmap_r3,match,1000000,0.724,292
idmap_r3,match,1000000,0.725,292
idmap_r3,match,1000000,0.726,292
idmap_r3,match,1000000,0.727,292
idmap_r3,match,1000000,0.728,292
idmap_r3,match,1000000,0.729,292
idmap_r3,match,1000000,0.73,292
idmap_r3,match,1000000,0.731,292
idmap_r3,match,1000000,0.732,292
idmap_r3,match,1000000,0.733,292
idmap_r3,match,1000000,0.734,292
idmap_r3,match,1000000,0.735,292
idmap_r3,match,1000000,0.736,292
idmap_r3,match,1000000,0.737,292
idmap_r3,match,1000000,0.738,292
idmap_r3,match,1000000,0.739,292
idmap_r3,match,1000000,0.74,292
idmap_r3,match,1000000,0.741,292
idmap_r3,match,1000000,0.742,333
idmap_r3,match,1000000,0.743,333
idmap_r3,match,1000000,0.744,333
idmap_r3,match,1000000,0.745,333
idmap_r3,match,1000000,0.746,333
idmap_r3,match,1000000,0.747,333
idmap_r3,match,1000000,0.748,333
idmap_r3,match,1000000,0.749,333
idmap_r3,match,1000000,0.75,333
idmap_r3,match,1000000,0.751,333
idmap_r3,match,1000000,0.752,333
idmap_r3,match,1000000,0.753,333
idmap_r3,match,1000000,0.754,333
idmap_r3,match,1000000,0.755,333
idmap_r3,match,1000000,0.756,333
idmap_r3,match,1000000,0.757,333
idmap_r3,match,1000000,0.758,333
idmap_r3,match,1000000,0.759,333
idmap_r3,match,1000000,0.76,333
idmap_r3,match,1000000,0.761,333
idmap_r3,match,1000000,0.762,333
idmap_r3,match,1000000,0.763,333
idmap_r3,match,1000000,0.764,333
idmap_r3,match,1000000,0.765,333
idmap_r3,match,1000000,0.766,333
idmap_r3,match,1000000,0.767,333
idmap_r3,match,1000000,0.768,333
idmap_r3,match,1000000,0.769,333
idmap_r3,match,1000000,0.77,333
idmap_r3,match,1000000,0.771,333
idmap_r3,match,1000000,0.772,333
idmap_r3,match,1000000,0.773,333
idmap_r3,match,1000000,0.774,333
idmap_r3,match,1000000,0.775,333
idmap_r3,match,1000000,0.776,333
idmap_r3,match,1000000,0.777,333
idmap_r3,match,1000000,0.778,333
idmap_r3,match,1000000,0.779,333
idmap_r3,match,1000000,0.78,333
idmap_r3,match,1000000,0.781,334
idmap_r3,match,1000000,0.782,334
idmap_r3,match,1000000,0.783,334
idmap_r3,match,1000000,0.784,334
idmap_r3,match,1000000,0.785,334
idmap_r3,match,1000000,0.786,334
idmap_r3,match,1000000,0.787,334
idmap_r3,match,1000000,0.788,334
idmap_r3,match,1000000,0.789,334
idmap_r3,match,1000000,0.79,334
idmap_r3,match,1000000,0.791,334
idmap_r3,match,1000000,0.792,334
idmap_r3,match,1000000,0.793,334
idmap_r3,match,1000000,0.794,334
idmap_r3,match,1000000,0.795,334
idmap_r3,match,1000000,0.796,334
idmap_r3,match,1000000,0.797,334
idmap_r3,match,1000000,0.798,334
idmap_r3,match,1000000,0.799,334
idmap_r3,match,1000000,0.8,375
idmap_r3,match,1000000,0.801,375
idmap_r3,match,1000000,0.802,375
idmap_r3,match,1000000,0.803,375
idmap_r3,match,1000000,0.804,375
idmap_r3,match,1000000,0.805,375
idmap_r3,match,1000000,0.806,375
idmap_r3,match,1000000,0.807,375
idmap_r3,match,1000000,0.808,375
idmap_r3,match,1000000,0.809,375
idmap_r3,match,1000000,0.81,375
idmap_r3,match,1000000,0.811,375
idmap_r3,match,1000000,0.812,375
idmap_r3,match,1000000,0.813,375
idmap_r3,match,1000000,0.814,375
idmap_r3,match,1000000,0.815,375
idmap_r3,match,1000000,0.816,375
idmap_r3,match,1000000,0.817,375
idmap_r3,match,1000000,0.818,375
idmap_r3,match,1000000,0.819,375
idmap_r3,match,1000000,0.82,375
idmap_r3,match,1000000,0.821,375
idmap_r3,match,1000000,0.822,375
idmap_r3,match,1000000,0.823,375
idmap_r3,match,1000000,0.824,375
idmap_r3,match,1000000,0.825,375
idmap_r3,match,1000000,0.826,375
idmap_r3,match,1000000,0.827,375
idmap_r3,match,1000000,0.828,375
idmap_r3,match,1000000,0.829,375
idmap_r3,match,1000000,0.83,375
idmap_r3,match,1000000,0.831,375
idmap_r3,match,1000000,0.832,375
idmap_r3,match,1000000,0.833,375
idmap_r3,match,1000000,0.834,375
idmap_r3,match,1000000,0.835,375
idmap_r3,match,1000000,0.836,375
idmap_r3,match,1000000,0.837,375
idmap_r3,match,1000000,0.838,375
idmap_r3,match,1000000,0.839,375
idmap_r3,match,1000000,0.84,375
idmap_r3,match,1000000,0.841,375
idmap_r3,match,1000000,0.842,375
idmap_r3,match,1000000,0.843,375
idmap_r3,match,1000000,0.844,416
idmap_r3,match,1000000,0.845,416
idmap_r3,match,1000000,0.846,416
idmap_r3,match,1000000,0.847,416
idmap_r3,match,1000000,0.848,416
idmap_r3,match,1000000,0.849,416
idmap_r3,match,1000000,0.85,416
idmap_r3,match,1000000,0.851,416
idmap_r3,match,1000000,0.852,416
idmap_r3,match,1000000,0.853,416
idmap_r3,match,1000000,0.854,416
idmap_r3,match,1000000,0.855,417
idmap_r3,match,1000000,0.856,417
idmap_r3,match,1000000,0.857,417
idmap_r3,match,1000000,0.858,417
idmap_r3,match,1000000,0.859,417
idmap_r3,match,1000000,0.86,417
idmap_r3,match,1000000,0.861,417
idmap_r3,match,1000000,0.862,417
idmap_r3,match,1000000,0.863,417
idmap_r3,match,1000000,0.864,417
idmap_r3,match,1000000,0.865,417
idmap_r3,match,1000000,0.866,417
idmap_r3,match,1000000,0.867,417
idmap_r3,match,1000000,0.868,417
idmap_r3,match,1000000,0.869,417
idmap_r3,match,1000000,0.87,417
idmap_r3,match,1000000,0.871,417
idmap_r3,match,1000000,0.872,417
idmap_r3,match,1000000,0.873,417
idmap_r3,match,1000000,0.874,417
idmap_r3,match,1000000,0.875,417
idmap_r3,match,1000000,0.876,417
idmap_r3,match,1000000,0.877,417
idmap_r3,match,1000000,0.878,458
idmap_r3,match,1000000,0.879,458
idmap_r3,match,1000000,0.88,458
idmap_r3,match,1000000,0.881,458
idmap_r3,match,1000000,0.882,458
idmap_r3,match,1000000,0.883,458
idmap_r3,match,1000000,0.884,458
idmap_r3,match,1000000,0.885,458
idmap_r3,match,1000000,0.886,458
idmap_r3,match,1000000,0.887,458
idmap_r3,match,1000000,0.888,458
idmap_r3,match,1000000,0.889,458
idmap_r3,match,1000000,0.89,458
idmap_r3,match,1000000,0.891,458
idmap_r3,match,1000000,0.892,458
idmap_r3,match,1000000,0.893,458
idmap_r3,match,1000000,0.894,458
idmap_r3,match,1000000,0.895,458
idmap_r3,match,1000000,0.896,458
idmap_r3,match,1000000,0.897,459
idmap_r3,match,1000000,0.898,459
idmap_r3,match,1000000,0.899,459
idmap_r3,match,1000000,0.9,459
idmap_r3,match,1000000,0.901,459
idmap_r3,match,1000000,0.902,459
idmap_r3,match,1000000,0.903,459
idmap_r3,match,1000000,0.904,459
idmap_r3,match,1000000,0.905,459
idmap_r3,match,1000000,0.906,459
idmap_r3,match,1000000,0.907,500
idmap_r3,match,1000000,0.908,500
idmap_r3,match,1000000,0.909,500
idmap_r3,match,1000000,0.91,500
idmap_r3,match,1000000,0.911,500
idmap_r3,match,1000000,0.912,500
idmap_r3,match,1000000,0.913,500
idmap_r3,match,1000000,0.914,500
idmap_r3,match,1000000,0.915,500
idmap_r3,match,1000000,0.916,500
idmap_r3,match,1000000,0.917,500
idmap_r3,match,1000000,0.918,500
idmap_r3,match,1000000,0.919,500
idmap_r3,match,1000000,0.92,500
idmap_r3,match,1000000,0.921,500
idmap_r3,match,1000000,0.922,500
idmap_r3,match,1000000,0.923,500
idmap_r3,match,1000000,0.924,500
idmap_r3,match,1000000,0.925,500
idmap_r3,match,1000000,0.926,500
idmap_r3,match,1000000,0.927,500
idmap_r3,match,1000000,0.928,500
idmap_r3,match,1000000,0.929,541
idmap_r3,match,1000000,0.93,541
idmap_r3,match,1000000,0.931,541
idmap_r3,match,1000000,0.932,541
idmap_r3,match,1000000,0.933,541
idmap_r3,match,1000000,0.934,541
idmap_r3,match,1000000,0.935,542
idmap_r3,match,1000000,0.936,542
idmap_r3,match,1000000,0.937,542
idmap_r3,match,1000000,0.938,542
idmap_r3,match,1000000,0.939,542
idmap_r3,match,1000000,0.94,542
idmap_r3,match,1000000,0.941,542
idmap_r3,match,1000000,0.942,542
idmap_r3,match,1000000,0.943,542
idmap_r3,match,1000000,0.944,542
idmap_r3,match,1000000,0.945,542
idmap_r3,match,1000000,0.946,583
idmap_r3,match,1000000,0.947,583
idmap_r3,match,1000000,0.948,583
idmap_r3,match,1000000,0.949,583
idmap_r3,match,1000000,0.95,583
idmap_r3,match,1000000,0.951,583
idmap_r3,match,1000000,0.952,583
idmap_r3,match,1000000,0.953,583
idmap_r3,match,1000000,0.954,584
idmap_r3,match,1000000,0.955,584
idmap_r3,match,1000000,0.956,584
idmap_r3,match,1000000,0.957,584
idmap_r3,match,1000000,0.958,625
idmap_r3,match,1000000,0.959,625
idmap_r3,match,1000000,0.96,625
idmap_r3,match,1000000,0.961,625
idmap_r3,match,1000000,0.962,625
idmap_r3,match,1000000,0.963,625
idmap_r3,match,1000000,0.964,625
idmap_r3,match,1000000,0.965,625
idmap_r3,match,1000000,0.966,625
idmap_r3,match,1000000,0.967,666
idmap_r3,match,1000000,0.968,666
idmap_r3,match,1000000,0.969,667
idmap_r3,match,1000000,0.97,667
idmap_r3,match,1000000,0.971,667
idmap_r3,match,1000000,0.972,667
idmap_r3,match,1000000,0.973,708
idmap_r3,match,1000000,0.974,708
idmap_r3,match,1000000,0.975,709
idmap_r3,match,1000000,0.976,709
idmap_r3,match,1000000,0.977,750
idmap_r3,match,1000000,0.978,750
idmap_r3,match,1000000,0.979,750
idmap_r3,match,1000000,0.98,791
idmap_r3,match,1000000,0.981,792
idmap_r3,match,1000000,0.982,792
idmap_r3,match,1000000,0.983,833
idmap_r3,match,1000000,0.984,834
idmap_r3,match,1000000,0.985,875
idmap_r3,match,1000000,0.986,875
idmap_r3,match,1000000,0.987,916
idmap_r3,match,1000000,0.988,917
idmap_r3,match,1000000,0.989,958
idmap_r3,match,1000000,0.99,959
idmap_r3,match,1000000,0.991,1000
idmap_r3,match,1000000,0.992,1042
idmap_r3,match,1000000,0.993,1083
idmap_r3,match,1000000,0.994,1125
idmap_r3,match,1000000,0.995,1167
idmap_r3,match,1000000,0.996,1250
idmap_r3,match,1000000,0.997,1333
idmap_r3,match,1000000,0.998,1458
idmap_r3,match,1000000,0.999,1708
