variant,scenario,book_orders,quantile,latency_ns
idmap_r1,add,1000,0,0
idmap_r1,add,1000,0.001,41
idmap_r1,add,1000,0.002,41
idmap_r1,add,1000,0.003,41
idmap_r1,add,1000,0.004,41
idmap_r1,add,1000,0.005,41
idmap_r1,add,1000,0.006,41
idmap_r1,add,1000,0.007,41
idmap_r1,add,1000,0.008,42
idmap_r1,add,1000,0.009,42
idmap_r1,add,1000,0.01,42
idmap_r1,add,1000,0.011,42
idmap_r1,add,1000,0.012,42
idmap_r1,add,1000,0.013,42
idmap_r1,add,1000,0.014,42
idmap_r1,add,1000,0.015,42
idmap_r1,add,1000,0.016,42
idmap_r1,add,1000,0.017,42
idmap_r1,add,1000,0.018,42
idmap_r1,add,1000,0.019,42
idmap_r1,add,1000,0.02,42
idmap_r1,add,1000,0.021,42
idmap_r1,add,1000,0.022,42
idmap_r1,add,1000,0.023,42
idmap_r1,add,1000,0.024,83
idmap_r1,add,1000,0.025,83
idmap_r1,add,1000,0.026,83
idmap_r1,add,1000,0.027,83
idmap_r1,add,1000,0.028,83
idmap_r1,add,1000,0.029,83
idmap_r1,add,1000,0.03,83
idmap_r1,add,1000,0.031,83
idmap_r1,add,1000,0.032,83
idmap_r1,add,1000,0.033,83
idmap_r1,add,1000,0.034,83
idmap_r1,add,1000,0.035,83
idmap_r1,add,1000,0.036,83
idmap_r1,add,1000,0.037,83
idmap_r1,add,1000,0.038,83
idmap_r1,add,1000,0.039,83
idmap_r1,add,1000,0.04,83
idmap_r1,add,1000,0.041,83
idmap_r1,add,1000,0.042,83
idmap_r1,add,1000,0.043,83
idmap_r1,add,1000,0.044,83
idmap_r1,add,1000,0.045,83
idmap_r1,add,1000,0.046,83
idmap_r1,add,1000,0.047,83
idmap_r1,add,1000,0.048,83
idmap_r1,add,1000,0.049,83
idmap_r1,add,1000,0.05,83
idmap_r1,add,1000,0.051,83
idmap_r1,add,1000,0.052,83
idmap_r1,add,1000,0.053,83
idmap_r1,add,1000,0.054,83
idmap_r1,add,1000,0.055,83
idmap_r1,add,1000,0.056,83
idmap_r1,add,1000,0.057,83
idmap_r1,add,1000,0.058,83
idmap_r1,add,1000,0.059,83
idmap_r1,add,1000,0.06,83
idmap_r1,add,1000,0.061,83
idmap_r1,add,1000,0.062,83
idmap_r1,add,1000,0.063,84
idmap_r1,add,1000,0.064,84
idmap_r1,add,1000,0.065,84
idmap_r1,add,1000,0.066,84
idmap_r1,add,1000,0.067,84
idmap_r1,add,1000,0.068,84
idmap_r1,add,1000,0.069,84
idmap_r1,add,1000,0.07,84
idmap_r1,add,1000,0.071,84
idmap_r1,add,1000,0.072,84
idmap_r1,add,1000,0.073,84
idmap_r1,add,1000,0.074,84
idmap_r1,add,1000,0.075,84
idmap_r1,add,1000,0.076,84
idmap_r1,add,1000,0.077,84
idmap_r1,add,1000,0.078,84
idmap_r1,add,1000,0.079,84
idmap_r1,add,1000,0.08,84
idmap_r1,add,1000,0.081,84
idmap_r1,add,1000,0.082,84
idmap_r1,add,1000,0.083,125
idmap_r1,add,1000,0.084,125
idmap_r1,add,1000,0.085,125
idmap_r1,add,1000,0.086,125
idmap_r1,add,1000,0.087,125
idmap_r1,add,1000,0.088,125
idmap_r1,add,1000,0.089,125
idmap_r1,add,1000,0.09,125
idmap_r1,add,1000,0.091,125
idmap_r1,add,1000,0.092,125
idmap_r1,add,1000,0.093,125
idmap_r1,add,1000,0.094,125
idmap_r1,add,1000,0.095,125
idmap_r1,add,1000,0.096,125
idmap_r1,add,1000,0.097,125
idmap_r1,add,1000,0.098,125
idmap_r1,add,1000,0.099,125
idmap_r1,add,1000,0.1,125
idmap_r1,add,1000,0.101,125
idmap_r1,add,1000,0.102,125
idmap_r1,add,1000,0.103,125
idmap_r1,add,1000,0.104,125
idmap_r1,add,1000,0.105,125
idmap_r1,add,1000,0.106,125
idmap_r1,add,1000,0.107,125
idmap_r1,add,1000,0.108,125
idmap_r1,add,1000,0.109,125
idmap_r1,add,1000,0.11,125
idmap_r1,add,1000,0.111,125
idmap_r1,add,1000,0.112,125
idmap_r1,add,1000,0.113,125
idmap_r1,add,1000,0.114,125
idmap_r1,add,1000,0.115,125
idmap_r1,add,1000,0.116,125
idmap_r1,add,1000,0.117,125
idmap_r1,add,1000,0.118,125
idmap_r1,add,1000,0.119,125
idmap_r1,add,1000,0.12,125
idmap_r1,add,1000,0.121,125
idmap_r1,add,1000,0.122,125
idmap_r1,add,1000,0.123,125
idmap_r1,add,1000,0.124,125
idmap_r1,add,1000,0.125,125
idmap_r1,add,1000,0.126,125
idmap_r1,add,1000,0.127,125
idmap_r1,add,1000,0.128,125
idmap_r1,add,1000,0.129,125
idmap_r1,add,1000,0.13,125
idmap_r1,add,1000,0.131,125
idmap_r1,add,1000,0.132,125
idmap_r1,add,1000,0.133,125
idmap_r1,add,1000,0.134,125
idmap_r1,add,1000,0.135,125
idmap_r1,add,1000,0.136,125
idmap_r1,add,1000,0.137,125
idmap_r1,add,1000,0.138,125
idmap_r1,add,1000,0.139,125
idmap_r1,add,1000,0.14,125
idmap_r1,add,1000,0.141,125
idmap_r1,add,1000,0.142,125
idmap_r1,add,1000,0.143,125
idmap_r1,add,1000,0.144,125
idmap_r1,add,1000,0.145,125
idmap_r1,add,1000,0.146,125
idmap_r1,add,1000,0.147,125
idmap_r1,add,1000,0.148,125
idmap_r1,add,1000,0.149,125
idmap_r1,add,1000,0.15,125
idmap_r1,add,1000,0.151,125
idmap_r1,add,1000,0.152,125
idmap_r1,add,1000,0.153,125
idmap_r1,add,1000,0.154,125
idmap_r1,add,1000,0.155,125
idmap_r1,add,1000,0.156,125
idmap_r1,add,1000,0.157,125
idmap_r1,add,1000,0.158,125
idmap_r1,add,1000,0.159,125
idmap_r1,add,1000,0.16,125
idmap_r1,add,1000,0.161,125
idmap_r1,add,1000,0.162,125
idmap_r1,add,1000,0.163,125
idmap_r1,add,1000,0.164,125
idmap_r1,add,1000,0.165,125
idmap_r1,add,1000,0.166,125
idmap_r1,add,1000,0.167,125
idmap_r1,add,1000,0.168,125
idmap_r1,add,1000,0.169,125
idmap_r1,add,1000,0.17,125
idmap_r1,add,1000,0.171,125
idmap_r1,add,1000,0.172,125
idmap_r1,add,1000,0.173,125
idmap_r1,add,1000,0.174,125
idmap_r1,add,1000,0.175,125
idmap_r1,add,1000,0.176,125
idmap_r1,add,1000,0.177,125
idmap_r1,add,1000,0.178,125
idmap_r1,add,1000,0.179,125
idmap_r1,add,1000,0.18,125
idmap_r1,add,1000,0.181,125
idmap_r1,add,1000,0.182,125
idmap_r1,add,1000,0.183,125
idmap_r1,add,1000,0.184,125
idmap_r1,add,1000,0.185,125
idmap_r1,add,1000,0.186,125
idmap_r1,add,1000,0.187,125
idmap_r1,add,1000,0.188,125
idmap_r1,add,1000,0.189,125
idmap_r1,add,1000,0.19,125
idmap_r1,add,1000,0.191,125
idmap_r1,add,1000,0.192,125
idmap_r1,add,1000,0.193,125
idmap_r1,add,1000,0.194,125
idmap_r1,add,1000,0.195,125
idmap_r1,add,1000,0.196,125
idmap_r1,add,1000,0.197,125
idmap_r1,add,1000,0.198,125
idmap_r1,add,1000,0.199,125
idmap_r1,add,1000,0.2,125
idmap_r1,add,1000,0.201,125
idmap_r1,add,1000,0.202,125
idmap_r1,add,1000,0.203,125
idmap_r1,add,1000,0.204,125
idmap_r1,add,1000,0.205,125
idmap_r1,add,1000,0.206,125
idmap_r1,add,1000,0.207,125
idmap_r1,add,1000,0.208,125
idmap_r1,add,1000,0.209,125
idmap_r1,add,1000,0.21,125
idmap_r1,add,1000,0.211,125
idmap_r1,add,1000,0.212,125
idmap_r1,add,1000,0.213,125
idmap_r1,add,1000,0.214,125
idmap_r1,add,1000,0.215,125
idmap_r1,add,1000,0.216,125
idmap_r1,add,1000,0.217,125
idmap_r1,add,1000,0.218,125
idmap_r1,add,1000,0.219,125
idmap_r1,add,1000,0.22,125
idmap_r1,add,1000,0.221,125
idmap_r1,add,1000,0.222,125
idmap_r1,add,1000,0.223,125
idmap_r1,add,1000,0.224,125
idmap_r1,add,1000,0.225,125
idmap_r1,add,1000,0.226,125
idmap_r1,add,1000,0.227,125
idmap_r1,add,1000,0.228,125
idmap_r1,add,1000,0.229,125
idmap_r1,add,1000,0.23,125
idmap_r1,add,1000,0.231,125
idmap_r1,add,1000,0.232,125
idmap_r1,add,1000,0.233,125
idmap_r1,add,1000,0.234,125
idmap_r1,add,1000,0.235,125
idmap_r1,add,1000,0.236,125
idmap_r1,add,1000,0.237,125
idmap_r1,add,1000,0.238,125
idmap_r1,add,1000,0.239,125
idmap_r1,add,1000,0.24,125
idmap_r1,add,1000,0.241,125
idmap_r1,add,1000,0.242,125
idmap_r1,add,1000,0.243,125
idmap_r1,add,1000,0.244,125
idmap_r1,add,1000,0.245,125
idmap_r1,add,1000,0.246,125
idmap_r1,add,1000,0.247,125
idmap_r1,add,1000,0.248,125
idmap_r1,add,1000,0.249,125
idmap_r1,add,1000,0.25,125
idmap_r1,add,1000,0.251,125
idmap_r1,add,1000,0.252,125
idmap_r1,add,1000,0.253,125
idmap_r1,add,1000,0.254,125
idmap_r1,add,1000,0.255,125
idmap_r1,add,1000,0.256,125
idmap_r1,add,1000,0.257,125
idmap_r1,add,1000,0.258,125
idmap_r1,add,1000,0.259,125
idmap_r1,add,1000,0.26,125
idmap_r1,add,1000,0.261,125
idmap_r1,add,1000,0.262,125
idmap_r1,add,1000,0.263,125
idmap_r1,add,1000,0.264,125
idmap_r1,add,1000,0.265,125
idmap_r1,add,1000,0.266,125
idmap_r1,add,1000,0.267,125
idmap_r1,add,1000,0.268,125
idmap_r1,add,1000,0.269,125
idmap_r1,add,1000,0.27,125
idmap_r1,add,1000,0.271,125
idmap_r1,add,1000,0.272,125
idmap_r1,add,1000,0.273,125
idmap_r1,add,1000,0.274,125
idmap_r1,add,1000,0.275,125
idmap_r1,add,1000,0.276,125
idmap_r1,add,1000,0.277,125
idmap_r1,add,1000,0.278,125
idmap_r1,add,1000,0.279,125
idmap_r1,add,1000,0.28,125
idmap_r1,add,1000,0.281,125
idmap_r1,add,1000,0.282,125
idmap_r1,add,1000,0.283,125
idmap_r1,add,1000,0.284,125
idmap_r1,add,1000,0.285,125
idmap_r1,add,1000,0.286,125
idmap_r1,add,1000,0.287,125
idmap_r1,add,1000,0.288,125
idmap_r1,add,1000,0.289,125
idmap_r1,add,1000,0.29,125
idmap_r1,add,1000,0.291,125
idmap_r1,add,1000,0.292,125
idmap_r1,add,1000,0.293,125
idmap_r1,add,1000,0.294,125
idmap_r1,add,1000,0.295,125
idmap_r1,add,1000,0.296,125
idmap_r1,add,1000,0.297,125
idmap_r1,add,1000,0.298,125
idmap_r1,add,1000,0.299,125
idmap_r1,add,1000,0.3,125
idmap_r1,add,1000,0.301,125
idmap_r1,add,1000,0.302,125
idmap_r1,add,1000,0.303,125
idmap_r1,add,1000,0.304,125
idmap_r1,add,1000,0.305,125
idmap_r1,add,1000,0.306,125
idmap_r1,add,1000,0.307,125
idmap_r1,add,1000,0.308,125
idmap_r1,add,1000,0.309,125
idmap_r1,add,1000,0.31,125
idmap_r1,add,1000,0.311,125
idmap_r1,add,1000,0.312,125
idmap_r1,add,1000,0.313,125
idmap_r1,add,1000,0.314,125
idmap_r1,add,1000,0.315,125
idmap_r1,add,1000,0.316,125
idmap_r1,add,1000,0.317,125
idmap_r1,add,1000,0.318,125
idmap_r1,add,1000,0.319,125
idmap_r1,add,1000,0.32,125
idmap_r1,add,1000,0.321,125
idmap_r1,add,1000,0.322,125
idmap_r1,add,1000,0.323,125
idmap_r1,add,1000,0.324,125
idmap_r1,add,1000,0.325,125
idmap_r1,add,1000,0.326,125
idmap_r1,add,1000,0.327,125
idmap_r1,add,1000,0.328,125
idmap_r1,add,1000,0.329,125
idmap_r1,add,1000,0.33,125
idmap_r1,add,1000,0.331,125
idmap_r1,add,1000,0.332,125
idmap_r1,add,1000,0.333,125
idmap_r1,add,1000,0.334,125
idmap_r1,add,1000,0.335,125
idmap_r1,add,1000,0.336,125
idmap_r1,add,1000,0.337,125
idmap_r1,add,1000,0.338,125
idmap_r1,add,1000,0.339,125
idmap_r1,add,1000,0.34,125
idmap_r1,add,1000,0.341,125
idmap_r1,add,1000,0.342,125
idmap_r1,add,1000,0.343,125
idmap_r1,add,1000,0.344,125
idmap_r1,add,1000,0.345,125
idmap_r1,add,1000,0.346,125
idmap_r1,add,1000,0.347,125
idmap_r1,add,1000,0.348,125
idmap_r1,add,1000,0.349,125
idmap_r1,add,1000,0.35,125
idmap_r1,add,1000,0.351,125
idmap_r1,add,1000,0.352,125
idmap_r1,add,1000,0.353,125
idmap_r1,add,1000,0.354,125
idmap_r1,add,1000,0.355,125
idmap_r1,add,1000,0.356,125
idmap_r1,add,1000,0.357,125
idmap_r1,add,1000,0.358,125
idmap_r1,add,1000,0.359,125
idmap_r1,add,1000,0.36,125
idmap_r1,add,1000,0.361,125
idmap_r1,add,1000,0.362,125
idmap_r1,add,1000,0.363,125
idmap_r1,add,1000,0.364,125
idmap_r1,add,1000,0.365,125
idmap_r1,add,1000,0.366,125
idmap_r1,add,1000,0.367,125
idmap_r1,add,1000,0.368,125
idmap_r1,add,1000,0.369,125
idmap_r1,add,1000,0.37,125
idmap_r1,add,1000,0.371,125
idmap_r1,add,1000,0.372,125
idmap_r1,add,1000,0.373,125
idmap_r1,add,1000,0.374,125
idmap_r1,add,1000,0.375,125
idmap_r1,add,1000,0.376,125
idmap_r1,add,1000,0.377,125
idmap_r1,add,1000,0.378,125
idmap_r1,add,1000,0.379,125
idmap_r1,add,1000,0.38,125
idmap_r1,add,1000,0.381,125
idmap_r1,add,1000,0.382,125
idmap_r1,add,1000,0.383,125
idmap_r1,add,1000,0.384,125
idmap_r1,add,1000,0.385,125
idmap_r1,add,1000,0.386,125
idmap_r1,add,1000,0.387,125
idmap_r1,add,1000,0.388,125
idmap_r1,add,1000,0.389,125
idmap_r1,add,1000,0.39,125
idmap_r1,add,1000,0.391,125
idmap_r1,add,1000,0.392,125
idmap_r1,add,1000,0.393,125
idmap_r1,add,1000,0.394,125
idmap_r1,add,1000,0.395,125
idmap_r1,add,1000,0.396,125
idmap_r1,add,1000,0.397,125
idmap_r1,add,1000,0.398,125
idmap_r1,add,1000,0.399,125
idmap_r1,add,1000,0.4,125
idmap_r1,add,1000,0.401,125
idmap_r1,add,1000,0.402,125
idmap_r1,add,1000,0.403,125
idmap_r1,add,1000,0.404,125
idmap_r1,add,1000,0.405,125
idmap_r1,add,1000,0.406,125
idmap_r1,add,1000,0.407,125
idmap_r1,add,1000,0.408,125
idmap_r1,add,1000,0.409,125
idmap_r1,add,1000,0.41,125
idmap_r1,add,1000,0.411,125
idmap_r1,add,1000,0.412,125
idmap_r1,add,1000,0.413,125
idmap_r1,add,1000,0.414,125
idmap_r1,add,1000,0.415,125
idmap_r1,add,1000,0.416,125
idmap_r1,add,1000,0.417,125
idmap_r1,add,1000,0.418,125
idmap_r1,add,1000,0.419,125
idmap_r1,add,1000,0.42,125
idmap_r1,add,1000,0.421,125
idmap_r1,add,1000,0.422,125
idmap_r1,add,1000,0.423,125
idmap_r1,add,1000,0.424,125
idmap_r1,add,1000,0.425,125
idmap_r1,add,1000,0.426,125
idmap_r1,add,1000,0.427,125
idmap_r1,add,1000,0.428,125
idmap_r1,add,1000,0.429,125
idmap_r1,add,1000,0.43,125
idmap_r1,add,1000,0.431,125
idmap_r1,add,1000,0.432,125
idmap_r1,add,1000,0.433,125
idmap_r1,add,1000,0.434,125
idmap_r1,add,1000,0.435,125
idmap_r1,add,1000,0.436,125
idmap_r1,add,1000,0.437,125
idmap_r1,add,1000,0.438,125
idmap_r1,add,1000,0.439,125
idmap_r1,add,1000,0.44,125
idmap_r1,add,1000,0.441,125
idmap_r1,add,1000,0.442,125
idmap_r1,add,1000,0.443,125
idmap_r1,add,1000,0.444,125
idmap_r1,add,1000,0.445,125
idmap_r1,add,1000,0.446,125
idmap_r1,add,1000,0.447,125
idmap_r1,add,1000,0.448,125
idmap_r1,add,1000,0.449,166
idmap_r1,add,1000,0.45,166
idmap_r1,add,1000,0.451,166
idmap_r1,add,1000,0.452,166
idmap_r1,add,1000,0.453,166
idmap_r1,add,1000,0.454,166
idmap_r1,add,1000,0.455,166
idmap_r1,add,1000,0.456,166
idmap_r1,add,1000,0.457,166
idmap_r1,add,1000,0.458,166
idmap_r1,add,1000,0.459,166
idmap_r1,add,1000,0.46,166
idmap_r1,add,1000,0.461,166
idmap_r1,add,1000,0.462,166
idmap_r1,add,1000,0.463,166
idmap_r1,add,1000,0.464,166
idmap_r1,add,1000,0.465,166
idmap_r1,add,1000,0.466,166
idmap_r1,add,1000,0.467,166
idmap_r1,add,1000,0.468,166
idmap_r1,add,1000,0.469,166
idmap_r1,add,1000,0.47,166
idmap_r1,add,1000,0.471,166
idmap_r1,add,1000,0.472,166
idmap_r1,add,1000,0.473,166
idmap_r1,add,1000,0.474,166
idmap_r1,add,1000,0.475,166
idmap_r1,add,1000,0.476,166
idmap_r1,add,1000,0.477,166
idmap_r1,add,1000,0.478,166
idmap_r1,add,1000,0.479,166
idmap_r1,add,1000,0.48,166
idmap_r1,add,1000,0.481,166
idmap_r1,add,1000,0.482,166
idmap_r1,add,1000,0.483,166
idmap_r1,add,1000,0.484,166
idmap_r1,add,1000,0.485,166
idmap_r1,add,1000,0.486,166
idmap_r1,add,1000,0.487,166
idmap_r1,add,1000,0.488,166
idmap_r1,add,1000,0.489,166
idmap_r1,add,1000,0.49,166
idmap_r1,add,1000,0.491,166
idmap_r1,add,1000,0.492,166
idmap_r1,add,1000,0.493,166
idmap_r1,add,1000,0.494,166
idmap_r1,add,1000,0.495,166
idmap_r1,add,1000,0.496,166
idmap_r1,add,1000,0.497,166
idmap_r1,add,1000,0.498,166
idmap_r1,add,1000,0.499,166
idmap_r1,add,1000,0.5,166
idmap_r1,add,1000,0.501,166
idmap_r1,add,1000,0.502,166
idmap_r1,add,1000,0.503,166
idmap_r1,add,1000,0.504,166
idmap_r1,add,1000,0.505,166
idmap_r1,add,1000,0.506,166
idmap_r1,add,1000,0.507,166
idmap_r1,add,1000,0.508,166
idmap_r1,add,1000,0.509,166
idmap_r1,add,1000,0.51,166
idmap_r1,add,1000,0.511,166
idmap_r1,add,1000,0.512,166
idmap_r1,add,1000,0.513,166
idmap_r1,add,1000,0.514,166
idmap_r1,add,1000,0.515,166
idmap_r1,add,1000,0.516,166
idmap_r1,add,1000,0.517,166
idmap_r1,add,1000,0.518,166
idmap_r1,add,1000,0.519,166
idmap_r1,add,1000,0.52,166
idmap_r1,add,1000,0.521,166
idmap_r1,add,1000,0.522,166
idmap_r1,add,1000,0.523,166
idmap_r1,add,1000,0.524,166
idmap_r1,add,1000,0.525,166
idmap_r1,add,1000,0.526,166
idmap_r1,add,1000,0.527,166
idmap_r1,add,1000,0.528,166
idmap_r1,add,1000,0.529,166
idmap_r1,add,1000,0.53,166
idmap_r1,add,1000,0.531,166
idmap_r1,add,1000,0.532,166
idmap_r1,add,1000,0.533,166
idmap_r1,add,1000,0.534,166
idmap_r1,add,1000,0.535,166
idmap_r1,add,1000,0.536,166
idmap_r1,add,1000,0.537,166
idmap_r1,add,1000,0.538,166
idmap_r1,add,1000,0.539,166
idmap_r1,add,1000,0.54,166
idmap_r1,add,1000,0.541,166
idmap_r1,add,1000,0.542,166
idmap_r1,add,1000,0.543,166
idmap_r1,add,1000,0.544,166
idmap_r1,add,1000,0.545,166
idmap_r1,add,1000,0.546,166
idmap_r1,add,1000,0.547,166
idmap_r1,add,1000,0.548,166
idmap_r1,add,1000,0.549,166
idmap_r1,add,1000,0.55,166
idmap_r1,add,1000,0.551,166
idmap_r1,add,1000,0.552,166
idmap_r1,add,1000,0.553,166
idmap_r1,add,1000,0.554,166
idmap_r1,add,1000,0.555,166
idmap_r1,add,1000,0.556,166
idmap_r1,add,1000,0.557,166
idmap_r1,add,1000,0.558,166
idmap_r1,add,1000,0.559,166
idmap_r1,add,1000,0.56,166
idmap_r1,add,1000,0.561,166
idmap_r1,add,1000,0.562,166
idmap_r1,add,1000,0.563,166
idmap_r1,add,1000,0.564,166
idmap_r1,add,1000,0.565,166
idmap_r1,add,1000,0.566,166
idmap_r1,add,1000,0.567,166
idmap_r1,add,1000,0.568,166
idmap_r1,add,1000,0.569,166
idmap_r1,add,1000,0.57,166
idmap_r1,add,1000,0.571,166
idmap_r1,add,1000,0.572,166
idmap_r1,add,1000,0.573,166
idmap_r1,add,1000,0.574,166
idmap_r1,add,1000,0.575,166
idmap_r1,add,1000,0.576,166
idmap_r1,add,1000,0.577,166
idmap_r1,add,1000,0.578,166
idmap_r1,add,1000,0.579,166
idmap_r1,add,1000,0.58,166
idmap_r1,add,1000,0.581,166
idmap_r1,add,1000,0.582,166
idmap_r1,add,1000,0.583,166
idmap_r1,add,1000,0.584,166
idmap_r1,add,1000,0.585,166
idmap_r1,add,1000,0.586,166
idmap_r1,add,1000,0.587,167
idmap_r1,add,1000,0.588,167
idmap_r1,add,1000,0.589,167
idmap_r1,add,1000,0.59,167
idmap_r1,add,1000,0.591,167
idmap_r1,add,1000,0.592,167
idmap_r1,add,1000,0.593,167
idmap_r1,add,1000,0.594,167
idmap_r1,add,1000,0.595,167
idmap_r1,add,1000,0.596,167
idmap_r1,add,1000,0.597,167
idmap_r1,add,1000,0.598,167
idmap_r1,add,1000,0.599,167
idmap_r1,add,1000,0.6,167
idmap_r1,add,1000,0.601,167
idmap_r1,add,1000,0.602,167
idmap_r1,add,1000,0.603,167
idmap_r1,add,1000,0.604,167
idmap_r1,add,1000,0.605,167
idmap_r1,add,1000,0.606,167
idmap_r1,add,1000,0.607,167
idmap_r1,add,1000,0.608,167
idmap_r1,add,1000,0.609,167
idmap_r1,add,1000,0.61,167
idmap_r1,add,1000,0.611,167
idmap_r1,add,1000,0.612,167
idmap_r1,add,1000,0.613,167
idmap_r1,add,1000,0.614,167
idmap_r1,add,1000,0.615,167
idmap_r1,add,1000,0.616,167
idmap_r1,add,1000,0.617,167
idmap_r1,add,1000,0.618,167
idmap_r1,add,1000,0.619,167
idmap_r1,add,1000,0.62,167
idmap_r1,add,1000,0.621,167
idmap_r1,add,1000,0.622,167
idmap_r1,add,1000,0.623,167
idmap_r1,add,1000,0.624,167
idmap_r1,add,1000,0.625,167
idmap_r1,add,1000,0.626,167
idmap_r1,add,1000,0.627,167
idmap_r1,add,1000,0.628,167
idmap_r1,add,1000,0.629,167
idmap_r1,add,1000,0.63,167
idmap_r1,add,1000,0.631,167
idmap_r1,add,1000,0.632,167
idmap_r1,add,1000,0.633,167
idmap_r1,add,1000,0.634,167
idmap_r1,add,1000,0.635,167
idmap_r1,add,1000,0.636,167
idmap_r1,add,1000,0.637,167
idmap_r1,add,1000,0.638,167
idmap_r1,add,1000,0.639,167
idmap_r1,add,1000,0.64,167
idmap_r1,add,1000,0.641,167
idmap_r1,add,1000,0.642,167
idmap_r1,add,1000,0.643,167
idmap_r1,add,1000,0.644,167
idmap_r1,add,1000,0.645,167
idmap_r1,add,1000,0.646,167
idmap_r1,add,1000,0.647,167
idmap_r1,add,1000,0.648,167
idmap_r1,add,1000,0.649,167
idmap_r1,add,1000,0.65,167
idmap_r1,add,1000,0.651,167
idmap_r1,add,1000,0.652,167
idmap_r1,add,1000,0.653,167
idmap_r1,add,1000,0.654,167
idmap_r1,add,1000,0.655,167
idmap_r1,add,1000,0.656,167
idmap_r1,add,1000,0.657,167
idmap_r1,add,1000,0.658,167
idmap_r1,add,1000,0.659,167
idmap_r1,add,1000,0.66,167
idmap_r1,add,1000,0.661,167
idmap_r1,add,1000,0.662,167
idmap_r1,add,1000,0.663,167
idmap_r1,add,1000,0.664,167
idmap_r1,add,1000,0.665,167
idmap_r1,add,1000,0.666,167
idmap_r1,add,1000,0.667,167
idmap_r1,add,1000,0.668,167
idmap_r1,add,1000,0.669,167
idmap_r1,add,1000,0.67,167
idmap_r1,add,1000,0.671,167
idmap_r1,add,1000,0.672,167
idmap_r1,add,1000,0.673,167
idmap_r1,add,1000,0.674,167
idmap_r1,add,1000,0.675,167
idmap_r1,add,1000,0.676,167
idmap_r1,add,1000,0.677,167
idmap_r1,add,1000,0.678,167
idmap_r1,add,1000,0.679,167
idmap_r1,add,1000,0.68,167
idmap_r1,add,1000,0.681,167
idmap_r1,add,1000,0.682,167
idmap_r1,add,1000,0.683,167
idmap_r1,add,1000,0.684,167
idmap_r1,add,1000,0.685,167
idmap_r1,add,1000,0.686,167
idmap_r1,add,1000,0.687,167
idmap_r1,add,1000,0.688,167
idmap_r1,add,1000,0.689,167
idmap_r1,add,1000,0.69,167
idmap_r1,add,1000,0.691,167
idmap_r1,add,1000,0.692,167
idmap_r1,add,1000,0.693,167
idmap_r1,add,1000,0.694,167
idmap_r1,add,1000,0.695,167
idmap_r1,add,1000,0.696,167
idmap_r1,add,1000,0.697,167
idmap_r1,add,1000,0.698,167
idmap_r1,add,1000,0.699,167
idmap_r1,add,1000,0.7,167
idmap_r1,add,1000,0.701,167
idmap_r1,add,1000,0.702,167
idmap_r1,add,1000,0.703,167
idmap_r1,add,1000,0.704,167
idmap_r1,add,1000,0.705,167
idmap_r1,add,1000,0.706,167
idmap_r1,add,1000,0.707,167
idmap_r1,add,1000,0.708,167
idmap_r1,add,1000,0.709,167
idmap_r1,add,1000,0.71,167
idmap_r1,add,1000,0.711,167
idmap_r1,add,1000,0.712,167
idmap_r1,add,1000,0.713,167
idmap_r1,add,1000,0.714,167
idmap_r1,add,1000,0.715,167
idmap_r1,add,1000,0.716,167
idmap_r1,add,1000,0.717,167
idmap_r1,add,1000,0.718,167
idmap_r1,add,1000,0.719,167
idmap_r1,add,1000,0.72,167
idmap_r1,add,1000,0.721,167
idmap_r1,add,1000,0.722,167
idmap_r1,add,1000,0.723,167
idmap_r1,add,1000,0.724,167
idmap_r1,add,1000,0.725,167
idmap_r1,add,1000,0.726,167
idmap_r1,add,1000,0.727,167
idmap_r1,add,1000,0.728,167
idmap_r1,add,1000,0.729,167
idmap_r1,add,1000,0.73,167
idmap_r1,add,1000,0.731,167
idmap_r1,add,1000,0.732,167
idmap_r1,add,1000,0.733,167
idmap_r1,add,1000,0.734,167
idmap_r1,add,1000,0.735,167
idmap_r1,add,1000,0.736,167
idmap_r1,add,1000,0.737,167
idmap_r1,add,1000,0.738,167
idmap_r1,add,1000,0.739,167
idmap_r1,add,1000,0.74,167
idmap_r1,add,1000,0.741,167
idmap_r1,add,1000,0.742,167
idmap_r1,add,1000,0.743,167
idmap_r1,add,1000,0.744,167
idmap_r1,add,1000,0.745,167
idmap_r1,add,1000,0.746,167
idmap_r1,add,1000,0.747,167
idmap_r1,add,1000,0.748,167
idmap_r1,add,1000,0.749,167
idmap_r1,add,1000,0.75,167
idmap_r1,add,1000,0.751,167
idmap_r1,add,1000,0.752,167
idmap_r1,add,1000,0.753,167
idmap_r1,add,1000,0.754,167
idmap_r1,add,1000,0.755,167
idmap_r1,add,1000,0.756,167
idmap_r1,add,1000,0.757,167
idmap_r1,add,1000,0.758,167
idmap_r1,add,1000,0.759,167
idmap_r1,add,1000,0.76,167
idmap_r1,add,1000,0.761,167
idmap_r1,add,1000,0.762,167
idmap_r1,add,1000,0.763,167
idmap_r1,add,1000,0.764,167
idmap_r1,add,1000,0.765,167
idmap_r1,add,1000,0.766,167
idmap_r1,add,1000,0.767,167
idmap_r1,add,1000,0.768,167
idmap_r1,add,1000,0.769,167
idmap_r1,add,1000,0.77,167
idmap_r1,add,1000,0.771,167
idmap_r1,add,1000,0.772,167
idmap_r1,add,1000,0.773,167
idmap_r1,add,1000,0.774,167
idmap_r1,add,1000,0.775,167
idmap_r1,add,1000,0.776,167
idmap_r1,add,1000,0.777,167
idmap_r1,add,1000,0.778,167
idmap_r1,add,1000,0.779,167
idmap_r1,add,1000,0.78,167
idmap_r1,add,1000,0.781,167
idmap_r1,add,1000,0.782,167
idmap_r1,add,1000,0.783,167
idmap_r1,add,1000,0.784,167
idmap_r1,add,1000,0.785,167
idmap_r1,add,1000,0.786,167
idmap_r1,add,1000,0.787,167
idmap_r1,add,1000,0.788,167
idmap_r1,add,1000,0.789,167
idmap_r1,add,1000,0.79,167
idmap_r1,add,1000,0.791,167
idmap_r1,add,1000,0.792,167
idmap_r1,add,1000,0.793,167
idmap_r1,add,1000,0.794,167
idmap_r1,add,1000,0.795,167
idmap_r1,add,1000,0.796,167
idmap_r1,add,1000,0.797,167
idmap_r1,add,1000,0.798,167
idmap_r1,add,1000,0.799,167
idmap_r1,add,1000,0.8,167
idmap_r1,add,1000,0.801,167
idmap_r1,add,1000,0.802,167
idmap_r1,add,1000,0.803,167
idmap_r1,add,1000,0.804,167
idmap_r1,add,1000,0.805,167
idmap_r1,add,1000,0.806,167
idmap_r1,add,1000,0.807,167
idmap_r1,add,1000,0.808,167
idmap_r1,add,1000,0.809,167
idmap_r1,add,1000,0.81,167
idmap_r1,add,1000,0.811,167
idmap_r1,add,1000,0.812,167
idmap_r1,add,1000,0.813,167
idmap_r1,add,1000,0.814,167
idmap_r1,add,1000,0.815,167
idmap_r1,add,1000,0.816,167
idmap_r1,add,1000,0.817,167
idmap_r1,add,1000,0.818,167
idmap_r1,add,1000,0.819,167
idmap_r1,add,1000,0.82,167
idmap_r1,add,1000,0.821,167
idmap_r1,add,1000,0.822,167
idmap_r1,add,1000,0.823,167
idmap_r1,add,1000,0.824,167
idmap_r1,add,1000,0.825,167
idmap_r1,add,1000,0.826,167
idmap_r1,add,1000,0.827,167
idmap_r1,add,1000,0.828,167
idmap_r1,add,1000,0.829,167
idmap_r1,add,1000,0.83,167
idmap_r1,add,1000,0.831,167
idmap_r1,add,1000,0.832,167
idmap_r1,add,1000,0.833,167
idmap_r1,add,1000,0.834,167
idmap_r1,add,1000,0.835,167
idmap_r1,add,1000,0.836,167
idmap_r1,add,1000,0.837,167
idmap_r1,add,1000,0.838,167
idmap_r1,add,1000,0.839,167
idmap_r1,add,1000,0.84,167
idmap_r1,add,1000,0.841,167
idmap_r1,add,1000,0.842,167
idmap_r1,add,1000,0.843,167
idmap_r1,add,1000,0.844,167
idmap_r1,add,1000,0.845,167
idmap_r1,add,1000,0.846,167
idmap_r1,add,1000,0.847,167
idmap_r1,add,1000,0.848,167
idmap_r1,add,1000,0.849,167
idmap_r1,add,1000,0.85,167
idmap_r1,add,1000,0.851,167
idmap_r1,add,1000,0.852,167
idmap_r1,add,1000,0.853,167
idmap_r1,add,1000,0.854,167
idmap_r1,add,1000,0.855,167
idmap_r1,add,1000,0.856,167
idmap_r1,add,1000,0.857,167
idmap_r1,add,1000,0.858,167
idmap_r1,add,1000,0.859,167
idmap_r1,add,1000,0.86,167
idmap_r1,add,1000,0.861,167
idmap_r1,add,1000,0.862,167
idmap_r1,add,1000,0.863,167
idmap_r1,add,1000,0.864,208
idmap_r1,add,1000,0.865,208
idmap_r1,add,1000,0.866,208
idmap_r1,add,1000,0.867,208
idmap_r1,add,1000,0.868,208
idmap_r1,add,1000,0.869,208
idmap_r1,add,1000,0.87,208
idmap_r1,add,1000,0.871,208
idmap_r1,add,1000,0.872,208
idmap_r1,add,1000,0.873,208
idmap_r1,add,1000,0.874,208
idmap_r1,add,1000,0.875,208
idmap_r1,add,1000,0.876,208
idmap_r1,add,1000,0.877,208
idmap_r1,add,1000,0.878,208
idmap_r1,add,1000,0.879,208
idmap_r1,add,1000,0.88,208
idmap_r1,add,1000,0.881,208
idmap_r1,add,1000,0.882,208
idmap_r1,add,1000,0.883,208
idmap_r1,add,1000,0.884,208
idmap_r1,add,1000,0.885,208
idmap_r1,add,1000,0.886,208
idmap_r1,add,1000,0.887,208
idmap_r1,add,1000,0.888,208
idmap_r1,add,1000,0.889,208
idmap_r1,add,1000,0.89,208
idmap_r1,add,1000,0.891,208
idmap_r1,add,1000,0.892,208
idmap_r1,add,1000,0.893,208
idmap_r1,add,1000,0.894,208
idmap_r1,add,1000,0.895,208
idmap_r1,add,1000,0.896,208
idmap_r1,add,1000,0.897,208
idmap_r1,add,1000,0.898,208
idmap_r1,add,1000,0.899,208
idmap_r1,add,1000,0.9,208
idmap_r1,add,1000,0.901,208
idmap_r1,add,1000,0.902,208
idmap_r1,add,1000,0.903,208
idmap_r1,add,1000,0.904,208
idmap_r1,add,1000,0.905,208
idmap_r1,add,1000,0.906,208
idmap_r1,add,1000,0.907,208
idmap_r1,add,1000,0.908,208
idmap_r1,add,1000,0.909,208
idmap_r1,add,1000,0.91,208
idmap_r1,add,1000,0.911,209
idmap_r1,add,1000,0.912,209
idmap_r1,add,1000,0.913,209
idmap_r1,add,1000,0.914,209
idmap_r1,add,1000,0.915,209
idmap_r1,add,1000,0.916,209
idmap_r1,add,1000,0.917,209
idmap_r1,add,1000,0.918,209
idmap_r1,add,1000,0.919,209
idmap_r1,add,1000,0.92,209
idmap_r1,add,1000,0.921,209
idmap_r1,add,1000,0.922,209
idmap_r1,add,1000,0.923,209
idmap_r1,add,1000,0.924,209
idmap_r1,add,1000,0.925,209
idmap_r1,add,1000,0.926,209
idmap_r1,add,1000,0.927,209
idmap_r1,add,1000,0.928,209
idmap_r1,add,1000,0.929,209
idmap_r1,add,1000,0.93,209
idmap_r1,add,1000,0.931,209
idmap_r1,add,1000,0.932,209
idmap_r1,add,1000,0.933,209
idmap_r1,add,1000,0.934,209
idmap_r1,add,1000,0.935,250
idmap_r1,add,1000,0.936,250
idmap_r1,add,1000,0.937,250
idmap_r1,add,1000,0.938,250
idmap_r1,add,1000,0.939,250
idmap_r1,add,1000,0.94,250
idmap_r1,add,1000,0.941,250
idmap_r1,add,1000,0.942,250
idmap_r1,add,1000,0.943,250
idmap_r1,add,1000,0.944,250
idmap_r1,add,1000,0.945,250
idmap_r1,add,1000,0.946,250
idmap_r1,add,1000,0.947,250
idmap_r1,add,1000,0.948,250
idmap_r1,add,1000,0.949,250
idmap_r1,add,1000,0.95,250
idmap_r1,add,1000,0.951,250
idmap_r1,add,1000,0.952,250
idmap_r1,add,1000,0.953,250
idmap_r1,add,1000,0.954,250
idmap_r1,add,1000,0.955,250
idmap_r1,add,1000,0.956,250
idmap_r1,add,1000,0.957,250
idmap_r1,add,1000,0.958,250
idmap_r1,add,1000,0.959,250
idmap_r1,add,1000,0.96,250
idmap_r1,add,1000,0.961,250
idmap_r1,add,1000,0.962,250
idmap_r1,add,1000,0.963,250
idmap_r1,add,1000,0.964,250
idmap_r1,add,1000,0.965,250
idmap_r1,add,1000,0.966,250
idmap_r1,add,1000,0.967,250
idmap_r1,add,1000,0.968,250
idmap_r1,add,1000,0.969,250
idmap_r1,add,1000,0.97,250
idmap_r1,add,1000,0.971,250
idmap_r1,add,1000,0.972,291
idmap_r1,add,1000,0.973,291
idmap_r1,add,1000,0.974,291
idmap_r1,add,1000,0.975,292
idmap_r1,add,1000,0.976,292
idmap_r1,add,1000,0.977,292
idmap_r1,add,1000,0.978,292
idmap_r1,add,1000,0.979,292
idmap_r1,add,1000,0.98,292
idmap_r1,add,1000,0.981,292
idmap_r1,add,1000,0.982,292
idmap_r1,add,1000,0.983,333
idmap_r1,add,1000,0.984,333
idmap_r1,add,1000,0.985,333
idmap_r1,add,1000,0.986,333
idmap_r1,add,1000,0.987,334
idmap_r1,add,1000,0.988,334
idmap_r1,add,1000,0.989,375
idmap_r1,add,1000,0.99,375
idmap_r1,add,1000,0.991,375
idmap_r1,add,1000,0.992,375
idmap_r1,add,1000,0.993,417
idmap_r1,add,1000,0.994,417
idmap_r1,add,1000,0.995,458
idmap_r1,add,1000,0.996,500
idmap_r1,add,1000,0.997,542
idmap_r1,add,1000,0.998,708
idmap_r1,add,1000,0.999,2375
idmap_r1,cancel,1000,0,41
idmap_r1,cancel,1000,0.001,41
idmap_r1,cancel,1000,0.002,42
idmap_r1,cancel,1000,0.003,42
idmap_r1,cancel,1000,0.004,83
idmap_r1,cancel,1000,0.005,83
idmap_r1,cancel,1000,0.006,83
idmap_r1,cancel,1000,0.007,83
idmap_r1,cancel,1000,0.008,83
idmap_r1,cancel,1000,0.009,83
idmap_r1,cancel,1000,0.01,83
idmap_r1,cancel,1000,0.011,83
idmap_r1,cancel,1000,0.012,83
idmap_r1,cancel,1000,0.013,83
idmap_r1,cancel,1000,0.014,83
idmap_r1,cancel,1000,0.015,83
idmap_r1,cancel,1000,0.016,83
idmap_r1,cancel,1000,0.017,83
idmap_r1,cancel,1000,0.018,83
idmap_r1,cancel,1000,0.019,83
idmap_r1,cancel,1000,0.02,83
idmap_r1,cancel,1000,0.021,83
idmap_r1,cancel,1000,0.022,83
idmap_r1,cancel,1000,0.023,83
idmap_r1,cancel,1000,0.024,83
idmap_r1,cancel,1000,0.025,83
idmap_r1,cancel,1000,0.026,83
idmap_r1,cancel,1000,0.027,83
idmap_r1,cancel,1000,0.028,83
idmap_r1,cancel,1000,0.029,84
idmap_r1,cancel,1000,0.03,84
idmap_r1,cancel,1000,0.031,84
idmap_r1,cancel,1000,0.032,84
idmap_r1,cancel,1000,0.033,84
idmap_r1,cancel,1000,0.034,84
idmap_r1,cancel,1000,0.035,84
idmap_r1,cancel,1000,0.036,84
idmap_r1,cancel,1000,0.037,84
idmap_r1,cancel,1000,0.038,84
idmap_r1,cancel,1000,0.039,84
idmap_r1,cancel,1000,0.04,84
idmap_r1,cancel,1000,0.041,84
idmap_r1,cancel,1000,0.042,125
idmap_r1,cancel,1000,0.043,125
idmap_r1,cancel,1000,0.044,125
idmap_r1,cancel,1000,0.045,125
idmap_r1,cancel,1000,0.046,125
idmap_r1,cancel,1000,0.047,125
idmap_r1,cancel,1000,0.048,125
idmap_r1,cancel,1000,0.049,125
idmap_r1,cancel,1000,0.05,125
idmap_r1,cancel,1000,0.051,125
idmap_r1,cancel,1000,0.052,125
idmap_r1,cancel,1000,0.053,125
idmap_r1,cancel,1000,0.054,125
idmap_r1,cancel,1000,0.055,125
idmap_r1,cancel,1000,0.056,125
idmap_r1,cancel,1000,0.057,125
idmap_r1,cancel,1000,0.058,125
idmap_r1,cancel,1000,0.059,125
idmap_r1,cancel,1000,0.06,125
idmap_r1,cancel,1000,0.061,125
idmap_r1,cancel,1000,0.062,125
idmap_r1,cancel,1000,0.063,125
idmap_r1,cancel,1000,0.064,125
idmap_r1,cancel,1000,0.065,125
idmap_r1,cancel,1000,0.066,125
idmap_r1,cancel,1000,0.067,125
idmap_r1,cancel,1000,0.068,125
idmap_r1,cancel,1000,0.069,125
idmap_r1,cancel,1000,0.07,125
idmap_r1,cancel,1000,0.071,125
idmap_r1,cancel,1000,0.072,125
idmap_r1,cancel,1000,0.073,125
idmap_r1,cancel,1000,0.074,125
idmap_r1,cancel,1000,0.075,125
idmap_r1,cancel,1000,0.076,125
idmap_r1,cancel,1000,0.077,125
idmap_r1,cancel,1000,0.078,125
idmap_r1,cancel,1000,0.079,125
idmap_r1,cancel,1000,0.08,125
idmap_r1,cancel,1000,0.081,125
idmap_r1,cancel,1000,0.082,125
idmap_r1,cancel,1000,0.083,125
idmap_r1,cancel,1000,0.084,125
idmap_r1,cancel,1000,0.085,125
idmap_r1,cancel,1000,0.086,125
idmap_r1,cancel,1000,0.087,125
idmap_r1,cancel,1000,0.088,125
idmap_r1,cancel,1000,0.089,125
idmap_r1,cancel,1000,0.09,125
idmap_r1,cancel,1000,0.091,125
idmap_r1,cancel,1000,0.092,125
idmap_r1,cancel,1000,0.093,125
idmap_r1,cancel,1000,0.094,125
idmap_r1,cancel,1000,0.095,125
idmap_r1,cancel,1000,0.096,125
idmap_r1,cancel,1000,0.097,125
idmap_r1,cancel,1000,0.098,125
idmap_r1,cancel,1000,0.099,125
idmap_r1,cancel,1000,0.1,125
idmap_r1,cancel,1000,0.101,125
idmap_r1,cancel,1000,0.102,125
idmap_r1,cancel,1000,0.103,125
idmap_r1,cancel,1000,0.104,125
idmap_r1,cancel,1000,0.105,125
idmap_r1,cancel,1000,0.106,125
idmap_r1,cancel,1000,0.107,125
idmap_r1,cancel,1000,0.108,125
idmap_r1,cancel,1000,0.109,125
idmap_r1,cancel,1000,0.11,125
idmap_r1,cancel,1000,0.111,125
idmap_r1,cancel,1000,0.112,125
idmap_r1,cancel,1000,0.113,125
idmap_r1,cancel,1000,0.114,125
idmap_r1,cancel,1000,0.115,125
idmap_r1,cancel,1000,0.116,125
idmap_r1,cancel,1000,0.117,125
idmap_r1,cancel,1000,0.118,125
idmap_r1,cancel,1000,0.119,125
idmap_r1,cancel,1000,0.12,125
idmap_r1,cancel,1000,0.121,125
idmap_r1,cancel,1000,0.122,125
idmap_r1,cancel,1000,0.123,125
idmap_r1,cancel,1000,0.124,125
idmap_r1,cancel,1000,0.125,125
idmap_r1,cancel,1000,0.126,125
idmap_r1,cancel,1000,0.127,125
idmap_r1,cancel,1000,0.128,125
idmap_r1,cancel,1000,0.129,125
idmap_r1,cancel,1000,0.13,125
idmap_r1,cancel,1000,0.131,125
idmap_r1,cancel,1000,0.132,125
idmap_r1,cancel,1000,0.133,125
idmap_r1,cancel,1000,0.134,125
idmap_r1,cancel,1000,0.135,125
idmap_r1,cancel,1000,0.136,125
idmap_r1,cancel,1000,0.137,125
idmap_r1,cancel,1000,0.138,125
idmap_r1,cancel,1000,0.139,125
idmap_r1,cancel,1000,0.14,125
idmap_r1,cancel,1000,0.141,125
idmap_r1,cancel,1000,0.142,125
idmap_r1,cancel,1000,0.143,125
idmap_r1,cancel,1000,0.144,125
idmap_r1,cancel,1000,0.145,125
idmap_r1,cancel,1000,0.146,125
idmap_r1,cancel,1000,0.147,125
idmap_r1,cancel,1000,0.148,125
idmap_r1,cancel,1000,0.149,125
idmap_r1,cancel,1000,0.15,125
idmap_r1,cancel,1000,0.151,125
idmap_r1,cancel,1000,0.152,125
idmap_r1,cancel,1000,0.153,125
idmap_r1,cancel,1000,0.154,125
idmap_r1,cancel,1000,0.155,125
idmap_r1,cancel,1000,0.156,125
idmap_r1,cancel,1000,0.157,125
idmap_r1,cancel,1000,0.158,125
idmap_r1,cancel,1000,0.159,125
idmap_r1,cancel,1000,0.16,125
idmap_r1,cancel,1000,0.161,125
idmap_r1,cancel,1000,0.162,125
idmap_r1,cancel,1000,0.163,125
idmap_r1,cancel,1000,0.164,125
idmap_r1,cancel,1000,0.165,125
idmap_r1,cancel,1000,0.166,125
idmap_r1,cancel,1000,0.167,125
idmap_r1,cancel,1000,0.168,125
idmap_r1,cancel,1000,0.169,125
idmap_r1,cancel,1000,0.17,125
idmap_r1,cancel,1000,0.171,125
idmap_r1,cancel,1000,0.172,125
idmap_r1,cancel,1000,0.173,125
idmap_r1,cancel,1000,0.174,125
idmap_r1,cancel,1000,0.175,125
idmap_r1,cancel,1000,0.176,125
idmap_r1,cancel,1000,0.177,125
idmap_r1,cancel,1000,0.178,125
idmap_r1,cancel,1000,0.179,125
idmap_r1,cancel,1000,0.18,125
idmap_r1,cancel,1000,0.181,125
idmap_r1,cancel,1000,0.182,125
idmap_r1,cancel,1000,0.183,125
idmap_r1,cancel,1000,0.184,125
idmap_r1,cancel,1000,0.185,125
idmap_r1,cancel,1000,0.186,125
idmap_r1,cancel,1000,0.187,125
idmap_r1,cancel,1000,0.188,125
idmap_r1,cancel,1000,0.189,125
idmap_r1,cancel,1000,0.19,125
idmap_r1,cancel,1000,0.191,125
idmap_r1,cancel,1000,0.192,125
idmap_r1,cancel,1000,0.193,125
idmap_r1,cancel,1000,0.194,125
idmap_r1,cancel,1000,0.195,125
idmap_r1,cancel,1000,0.196,125
idmap_r1,cancel,1000,0.197,125
idmap_r1,cancel,1000,0.198,125
idmap_r1,cancel,1000,0.199,125
idmap_r1,cancel,1000,0.2,125
idmap_r1,cancel,1000,0.201,125
idmap_r1,cancel,1000,0.202,125
idmap_r1,cancel,1000,0.203,125
idmap_r1,cancel,1000,0.204,125
idmap_r1,cancel,1000,0.205,125
idmap_r1,cancel,1000,0.206,125
idmap_r1,cancel,1000,0.207,125
idmap_r1,cancel,1000,0.208,125
idmap_r1,cancel,1000,0.209,125
idmap_r1,cancel,1000,0.21,125
idmap_r1,cancel,1000,0.211,125
idmap_r1,cancel,1000,0.212,125
idmap_r1,cancel,1000,0.213,125
idmap_r1,cancel,1000,0.214,125
idmap_r1,cancel,1000,0.215,125
idmap_r1,cancel,1000,0.216,125
idmap_r1,cancel,1000,0.217,125
idmap_r1,cancel,1000,0.218,125
idmap_r1,cancel,1000,0.219,125
idmap_r1,cancel,1000,0.22,125
idmap_r1,cancel,1000,0.221,125
idmap_r1,cancel,1000,0.222,125
idmap_r1,cancel,1000,0.223,125
idmap_r1,cancel,1000,0.224,125
idmap_r1,cancel,1000,0.225,125
idmap_r1,cancel,1000,0.226,125
idmap_r1,cancel,1000,0.227,125
idmap_r1,cancel,1000,0.228,125
idmap_r1,cancel,1000,0.229,125
idmap_r1,cancel,1000,0.23,125
idmap_r1,cancel,1000,0.231,125
idmap_r1,cancel,1000,0.232,125
idmap_r1,cancel,1000,0.233,125
idmap_r1,cancel,1000,0.234,125
idmap_r1,cancel,1000,0.235,125
idmap_r1,cancel,1000,0.236,125
idmap_r1,cancel,1000,0.237,125
idmap_r1,cancel,1000,0.238,125
idmap_r1,cancel,1000,0.239,125
idmap_r1,cancel,1000,0.24,125
idmap_r1,cancel,1000,0.241,125
idmap_r1,cancel,1000,0.242,125
idmap_r1,cancel,1000,0.243,125
idmap_r1,cancel,1000,0.244,125
idmap_r1,cancel,1000,0.245,125
idmap_r1,cancel,1000,0.246,125
idmap_r1,cancel,1000,0.247,125
idmap_r1,cancel,1000,0.248,125
idmap_r1,cancel,1000,0.249,125
idmap_r1,cancel,1000,0.25,125
idmap_r1,cancel,1000,0.251,125
idmap_r1,cancel,1000,0.252,125
idmap_r1,cancel,1000,0.253,125
idmap_r1,cancel,1000,0.254,125
idmap_r1,cancel,1000,0.255,125
idmap_r1,cancel,1000,0.256,125
idmap_r1,cancel,1000,0.257,125
idmap_r1,cancel,1000,0.258,166
idmap_r1,cancel,1000,0.259,166
idmap_r1,cancel,1000,0.26,166
idmap_r1,cancel,1000,0.261,166
idmap_r1,cancel,1000,0.262,166
idmap_r1,cancel,1000,0.263,166
idmap_r1,cancel,1000,0.264,166
idmap_r1,cancel,1000,0.265,166
idmap_r1,cancel,1000,0.266,166
idmap_r1,cancel,1000,0.267,166
idmap_r1,cancel,1000,0.268,166
idmap_r1,cancel,1000,0.269,166
idmap_r1,cancel,1000,0.27,166
idmap_r1,cancel,1000,0.271,166
idmap_r1,cancel,1000,0.272,166
idmap_r1,cancel,1000,0.273,166
idmap_r1,cancel,1000,0.274,166
idmap_r1,cancel,1000,0.275,166
idmap_r1,cancel,1000,0.276,166
idmap_r1,cancel,1000,0.277,166
idmap_r1,cancel,1000,0.278,166
idmap_r1,cancel,1000,0.279,166
idmap_r1,cancel,1000,0.28,166
idmap_r1,cancel,1000,0.281,166
idmap_r1,cancel,1000,0.282,166
idmap_r1,cancel,1000,0.283,166
idmap_r1,cancel,1000,0.284,166
idmap_r1,cancel,1000,0.285,166
idmap_r1,cancel,1000,0.286,166
idmap_r1,cancel,1000,0.287,166
idmap_r1,cancel,1000,0.288,166
idmap_r1,cancel,1000,0.289,166
idmap_r1,cancel,1000,0.29,166
idmap_r1,cancel,1000,0.291,166
idmap_r1,cancel,1000,0.292,166
idmap_r1,cancel,1000,0.293,166
idmap_r1,cancel,1000,0.294,166
idmap_r1,cancel,1000,0.295,166
idmap_r1,cancel,1000,0.296,166
idmap_r1,cancel,1000,0.297,166
idmap_r1,cancel,1000,0.298,166
idmap_r1,cancel,1000,0.299,166
idmap_r1,cancel,1000,0.3,166
idmap_r1,cancel,1000,0.301,166
idmap_r1,cancel,1000,0.302,166
idmap_r1,cancel,1000,0.303,166
idmap_r1,cancel,1000,0.304,166
idmap_r1,cancel,1000,0.305,166
idmap_r1,cancel,1000,0.306,166
idmap_r1,cancel,1000,0.307,166
idmap_r1,cancel,1000,0.308,166
idmap_r1,cancel,1000,0.309,166
idmap_r1,cancel,1000,0.31,166
idmap_r1,cancel,1000,0.311,166
idmap_r1,cancel,1000,0.312,166
idmap_r1,cancel,1000,0.313,166
idmap_r1,cancel,1000,0.314,166
idmap_r1,cancel,1000,0.315,166
idmap_r1,cancel,1000,0.316,166
idmap_r1,cancel,1000,0.317,166
idmap_r1,cancel,1000,0.318,166
idmap_r1,cancel,1000,0.319,166
idmap_r1,cancel,1000,0.32,166
idmap_r1,cancel,1000,0.321,166
idmap_r1,cancel,1000,0.322,166
idmap_r1,cancel,1000,0.323,166
idmap_r1,cancel,1000,0.324,166
idmap_r1,cancel,1000,0.325,166
idmap_r1,cancel,1000,0.326,166
idmap_r1,cancel,1000,0.327,166
idmap_r1,cancel,1000,0.328,166
idmap_r1,cancel,1000,0.329,166
idmap_r1,cancel,1000,0.33,166
idmap_r1,cancel,1000,0.331,166
idmap_r1,cancel,1000,0.332,166
idmap_r1,cancel,1000,0.333,166
idmap_r1,cancel,1000,0.334,166
idmap_r1,cancel,1000,0.335,166
idmap_r1,cancel,1000,0.336,166
idmap_r1,cancel,1000,0.337,166
idmap_r1,cancel,1000,0.338,166
idmap_r1,cancel,1000,0.339,166
idmap_r1,cancel,1000,0.34,166
idmap_r1,cancel,1000,0.341,166
idmap_r1,cancel,1000,0.342,166
idmap_r1,cancel,1000,0.343,166
idmap_r1,cancel,1000,0.344,166
idmap_r1,cancel,1000,0.345,166
idmap_r1,cancel,1000,0.346,166
idmap_r1,cancel,1000,0.347,166
idmap_r1,cancel,1000,0.348,166
idmap_r1,cancel,1000,0.349,166
idmap_r1,cancel,1000,0.35,166
idmap_r1,cancel,1000,0.351,166
idmap_r1,cancel,1000,0.352,166
idmap_r1,cancel,1000,0.353,166
idmap_r1,cancel,1000,0.354,166
idmap_r1,cancel,1000,0.355,166
idmap_r1,cancel,1000,0.356,166
idmap_r1,cancel,1000,0.357,166
idmap_r1,cancel,1000,0.358,166
idmap_r1,cancel,1000,0.359,166
idmap_r1,cancel,1000,0.36,166
idmap_r1,cancel,1000,0.361,166
idmap_r1,cancel,1000,0.362,166
idmap_r1,cancel,1000,0.363,166
idmap_r1,cancel,1000,0.364,166
idmap_r1,cancel,1000,0.365,166
idmap_r1,cancel,1000,0.366,166
idmap_r1,cancel,1000,0.367,166
idmap_r1,cancel,1000,0.368,166
idmap_r1,cancel,1000,0.369,166
idmap_r1,cancel,1000,0.37,166
idmap_r1,cancel,1000,0.371,166
idmap_r1,cancel,1000,0.372,166
idmap_r1,cancel,1000,0.373,166
idmap_r1,cancel,1000,0.374,166
idmap_r1,cancel,1000,0.375,166
idmap_r1,cancel,1000,0.376,166
idmap_r1,cancel,1000,0.377,166
idmap_r1,cancel,1000,0.378,166
idmap_r1,cancel,1000,0.379,166
idmap_r1,cancel,1000,0.38,166
idmap_r1,cancel,1000,0.381,166
idmap_r1,cancel,1000,0.382,166
idmap_r1,cancel,1000,0.383,166
idmap_r1,cancel,1000,0.384,166
idmap_r1,cancel,1000,0.385,166
idmap_r1,cancel,1000,0.386,166
idmap_r1,cancel,1000,0.387,166
idmap_r1,cancel,1000,0.388,166
idmap_r1,cancel,1000,0.389,166
idmap_r1,cancel,1000,0.39,166
idmap_r1,cancel,1000,0.391,166
idmap_r1,cancel,1000,0.392,166
idmap_r1,cancel,1000,0.393,166
idmap_r1,cancel,1000,0.394,166
idmap_r1,cancel,1000,0.395,166
idmap_r1,cancel,1000,0.396,166
idmap_r1,cancel,1000,0.397,167
idmap_r1,cancel,1000,0.398,167
idmap_r1,cancel,1000,0.399,167
idmap_r1,cancel,1000,0.4,167
idmap_r1,cancel,1000,0.401,167
idmap_r1,cancel,1000,0.402,167
idmap_r1,cancel,1000,0.403,167
idmap_r1,cancel,1000,0.404,167
idmap_r1,cancel,1000,0.405,167
idmap_r1,cancel,1000,0.406,167
idmap_r1,cancel,1000,0.407,167
idmap_r1,cancel,1000,0.408,167
idmap_r1,cancel,1000,0.409,167
idmap_r1,cancel,1000,0.41,167
idmap_r1,cancel,1000,0.411,167
idmap_r1,cancel,1000,0.412,167
idmap_r1,cancel,1000,0.413,167
idmap_r1,cancel,1000,0.414,167
idmap_r1,cancel,1000,0.415,167
idmap_r1,cancel,1000,0.416,167
idmap_r1,cancel,1000,0.417,167
idmap_r1,cancel,1000,0.418,167
idmap_r1,cancel,1000,0.419,167
idmap_r1,cancel,1000,0.42,167
idmap_r1,cancel,1000,0.421,167
idmap_r1,cancel,1000,0.422,167
idmap_r1,cancel,1000,0.423,167
idmap_r1,cancel,1000,0.424,167
idmap_r1,cancel,1000,0.425,167
idmap_r1,cancel,1000,0.426,167
idmap_r1,cancel,1000,0.427,167
idmap_r1,cancel,1000,0.428,167
idmap_r1,cancel,1000,0.429,167
idmap_r1,cancel,1000,0.43,167
idmap_r1,cancel,1000,0.431,167
idmap_r1,cancel,1000,0.432,167
idmap_r1,cancel,1000,0.433,167
idmap_r1,cancel,1000,0.434,167
idmap_r1,cancel,1000,0.435,167
idmap_r1,cancel,1000,0.436,167
idmap_r1,cancel,1000,0.437,167
idmap_r1,cancel,1000,0.438,167
idmap_r1,cancel,1000,0.439,167
idmap_r1,cancel,1000,0.44,167
idmap_r1,cancel,1000,0.441,167
idmap_r1,cancel,1000,0.442,167
idmap_r1,cancel,1000,0.443,167
idmap_r1,cancel,1000,0.444,167
idmap_r1,cancel,1000,0.445,167
idmap_r1,cancel,1000,0.446,167
idmap_r1,cancel,1000,0.447,167
idmap_r1,cancel,1000,0.448,167
idmap_r1,cancel,1000,0.449,167
idmap_r1,cancel,1000,0.45,167
idmap_r1,cancel,1000,0.451,167
idmap_r1,cancel,1000,0.452,167
idmap_r1,cancel,1000,0.453,167
idmap_r1,cancel,1000,0.454,167
idmap_r1,cancel,1000,0.455,167
idmap_r1,cancel,1000,0.456,167
idmap_r1,cancel,1000,0.457,167
idmap_r1,cancel,1000,0.458,167
idmap_r1,cancel,1000,0.459,167
idmap_r1,cancel,1000,0.46,167
idmap_r1,cancel,1000,0.461,167
idmap_r1,cancel,1000,0.462,167
idmap_r1,cancel,1000,0.463,167
idmap_r1,cancel,1000,0.464,167
idmap_r1,cancel,1000,0.465,167
idmap_r1,cancel,1000,0.466,167
idmap_r1,cancel,1000,0.467,167
idmap_r1,cancel,1000,0.468,167
idmap_r1,cancel,1000,0.469,167
idmap_r1,cancel,1000,0.47,167
idmap_r1,cancel,1000,0.471,167
idmap_r1,cancel,1000,0.472,167
idmap_r1,cancel,1000,0.473,167
idmap_r1,cancel,1000,0.474,167
idmap_r1,cancel,1000,0.475,167
idmap_r1,cancel,1000,0.476,167
idmap_r1,cancel,1000,0.477,167
idmap_r1,cancel,1000,0.478,167
idmap_r1,cancel,1000,0.479,167
idmap_r1,cancel,1000,0.48,167
idmap_r1,cancel,1000,0.481,167
idmap_r1,cancel,1000,0.482,167
idmap_r1,cancel,1000,0.483,167
idmap_r1,cancel,1000,0.484,167
idmap_r1,cancel,1000,0.485,167
idmap_r1,cancel,1000,0.486,167
idmap_r1,cancel,1000,0.487,167
idmap_r1,cancel,1000,0.488,167
idmap_r1,cancel,1000,0.489,167
idmap_r1,cancel,1000,0.49,167
idmap_r1,cancel,1000,0.491,167
idmap_r1,cancel,1000,0.492,167
idmap_r1,cancel,1000,0.493,167
idmap_r1,cancel,1000,0.494,167
idmap_r1,cancel,1000,0.495,167
idmap_r1,cancel,1000,0.496,167
idmap_r1,cancel,1000,0.497,167
idmap_r1,cancel,1000,0.498,167
idmap_r1,cancel,1000,0.499,167
idmap_r1,cancel,1000,0.5,167
idmap_r1,cancel,1000,0.501,167
idmap_r1,cancel,1000,0.502,167
idmap_r1,cancel,1000,0.503,167
idmap_r1,cancel,1000,0.504,167
idmap_r1,cancel,1000,0.505,167
idmap_r1,cancel,1000,0.506,167
idmap_r1,cancel,1000,0.507,167
idmap_r1,cancel,1000,0.508,167
idmap_r1,cancel,1000,0.509,167
idmap_r1,cancel,1000,0.51,167
idmap_r1,cancel,1000,0.511,167
idmap_r1,cancel,1000,0.512,167
idmap_r1,cancel,1000,0.513,167
idmap_r1,cancel,1000,0.514,167
idmap_r1,cancel,1000,0.515,167
idmap_r1,cancel,1000,0.516,167
idmap_r1,cancel,1000,0.517,167
idmap_r1,cancel,1000,0.518,167
idmap_r1,cancel,1000,0.519,167
idmap_r1,cancel,1000,0.52,167
idmap_r1,cancel,1000,0.521,167
idmap_r1,cancel,1000,0.522,167
idmap_r1,cancel,1000,0.523,167
idmap_r1,cancel,1000,0.524,167
idmap_r1,cancel,1000,0.525,167
idmap_r1,cancel,1000,0.526,167
idmap_r1,cancel,1000,0.527,167
idmap_r1,cancel,1000,0.528,167
idmap_r1,cancel,1000,0.529,167
idmap_r1,cancel,1000,0.53,167
idmap_r1,cancel,1000,0.531,167
idmap_r1,cancel,1000,0.532,167
idmap_r1,cancel,1000,0.533,167
idmap_r1,cancel,1000,0.534,167
idmap_r1,cancel,1000,0.535,167
idmap_r1,cancel,1000,0.536,167
idmap_r1,cancel,1000,0.537,167
idmap_r1,cancel,1000,0.538,167
idmap_r1,cancel,1000,0.539,167
idmap_r1,cancel,1000,0.54,167
idmap_r1,cancel,1000,0.541,167
idmap_r1,cancel,1000,0.542,167
idmap_r1,cancel,1000,0.543,167
idmap_r1,cancel,1000,0.544,167
idmap_r1,cancel,1000,0.545,167
idmap_r1,cancel,1000,0.546,167
idmap_r1,cancel,1000,0.547,167
idmap_r1,cancel,1000,0.548,167
idmap_r1,cancel,1000,0.549,167
idmap_r1,cancel,1000,0.55,167
idmap_r1,cancel,1000,0.551,167
idmap_r1,cancel,1000,0.552,167
idmap_r1,cancel,1000,0.553,167
idmap_r1,cancel,1000,0.554,167
idmap_r1,cancel,1000,0.555,167
idmap_r1,cancel,1000,0.556,167
idmap_r1,cancel,1000,0.557,167
idmap_r1,cancel,1000,0.558,167
idmap_r1,cancel,1000,0.559,167
idmap_r1,cancel,1000,0.56,167
idmap_r1,cancel,1000,0.561,167
idmap_r1,cancel,1000,0.562,167
idmap_r1,cancel,1000,0.563,167
idmap_r1,cancel,1000,0.564,167
idmap_r1,cancel,1000,0.565,167
idmap_r1,cancel,1000,0.566,167
idmap_r1,cancel,1000,0.567,167
idmap_r1,cancel,1000,0.568,167
idmap_r1,cancel,1000,0.569,167
idmap_r1,cancel,1000,0.57,167
idmap_r1,cancel,1000,0.571,167
idmap_r1,cancel,1000,0.572,167
idmap_r1,cancel,1000,0.573,167
idmap_r1,cancel,1000,0.574,167
idmap_r1,cancel,1000,0.575,167
idmap_r1,cancel,1000,0.576,167
idmap_r1,cancel,1000,0.577,167
idmap_r1,cancel,1000,0.578,167
idmap_r1,cancel,1000,0.579,167
idmap_r1,cancel,1000,0.58,167
idmap_r1,cancel,1000,0.581,167
idmap_r1,cancel,1000,0.582,167
idmap_r1,cancel,1000,0.583,167
idmap_r1,cancel,1000,0.584,167
idmap_r1,cancel,1000,0.585,167
idmap_r1,cancel,1000,0.586,167
idmap_r1,cancel,1000,0.587,167
idmap_r1,cancel,1000,0.588,167
idmap_r1,cancel,1000,0.589,167
idmap_r1,cancel,1000,0.59,167
idmap_r1,cancel,1000,0.591,167
idmap_r1,cancel,1000,0.592,167
idmap_r1,cancel,1000,0.593,167
idmap_r1,cancel,1000,0.594,167
idmap_r1,cancel,1000,0.595,167
idmap_r1,cancel,1000,0.596,167
idmap_r1,cancel,1000,0.597,167
idmap_r1,cancel,1000,0.598,167
idmap_r1,cancel,1000,0.599,167
idmap_r1,cancel,1000,0.6,167
idmap_r1,cancel,1000,0.601,167
idmap_r1,cancel,1000,0.602,167
idmap_r1,cancel,1000,0.603,167
idmap_r1,cancel,1000,0.604,167
idmap_r1,cancel,1000,0.605,167
idmap_r1,cancel,1000,0.606,167
idmap_r1,cancel,1000,0.607,167
idmap_r1,cancel,1000,0.608,167
idmap_r1,cancel,1000,0.609,167
idmap_r1,cancel,1000,0.61,167
idmap_r1,cancel,1000,0.611,167
idmap_r1,cancel,1000,0.612,167
idmap_r1,cancel,1000,0.613,167
idmap_r1,cancel,1000,0.614,167
idmap_r1,cancel,1000,0.615,167
idmap_r1,cancel,1000,0.616,167
idmap_r1,cancel,1000,0.617,167
idmap_r1,cancel,1000,0.618,167
idmap_r1,cancel,1000,0.619,167
idmap_r1,cancel,1000,0.62,167
idmap_r1,cancel,1000,0.621,167
idmap_r1,cancel,1000,0.622,167
idmap_r1,cancel,1000,0.623,167
idmap_r1,cancel,1000,0.624,167
idmap_r1,cancel,1000,0.625,167
idmap_r1,cancel,1000,0.626,167
idmap_r1,cancel,1000,0.627,167
idmap_r1,cancel,1000,0.628,167
idmap_r1,cancel,1000,0.629,167
idmap_r1,cancel,1000,0.63,167
idmap_r1,cancel,1000,0.631,167
idmap_r1,cancel,1000,0.632,167
idmap_r1,cancel,1000,0.633,167
idmap_r1,cancel,1000,0.634,167
idmap_r1,cancel,1000,0.635,167
idmap_r1,cancel,1000,0.636,167
idmap_r1,cancel,1000,0.637,167
idmap_r1,cancel,1000,0.638,167
idmap_r1,cancel,1000,0.639,167
idmap_r1,cancel,1000,0.64,167
idmap_r1,cancel,1000,0.641,167
idmap_r1,cancel,1000,0.642,167
idmap_r1,cancel,1000,0.643,167
idmap_r1,cancel,1000,0.644,167
idmap_r1,cancel,1000,0.645,167
idmap_r1,cancel,1000,0.646,167
idmap_r1,cancel,1000,0.647,167
idmap_r1,cancel,1000,0.648,167
idmap_r1,cancel,1000,0.649,167
idmap_r1,cancel,1000,0.65,167
idmap_r1,cancel,1000,0.651,167
idmap_r1,cancel,1000,0.652,167
idmap_r1,cancel,1000,0.653,167
idmap_r1,cancel,1000,0.654,167
idmap_r1,cancel,1000,0.655,167
idmap_r1,cancel,1000,0.656,167
idmap_r1,cancel,1000,0.657,167
idmap_r1,cancel,1000,0.658,167
idmap_r1,cancel,1000,0.659,167
idmap_r1,cancel,1000,0.66,167
idmap_r1,cancel,1000,0.661,167
idmap_r1,cancel,1000,0.662,167
idmap_r1,cancel,1000,0.663,167
idmap_r1,cancel,1000,0.664,167
idmap_r1,cancel,1000,0.665,167
idmap_r1,cancel,1000,0.666,167
idmap_r1,cancel,1000,0.667,167
idmap_r1,cancel,1000,0.668,167
idmap_r1,cancel,1000,0.669,167
idmap_r1,cancel,1000,0.67,167
idmap_r1,cancel,1000,0.671,167
idmap_r1,cancel,1000,0.672,167
idmap_r1,cancel,1000,0.673,208
idmap_r1,cancel,1000,0.674,208
idmap_r1,cancel,1000,0.675,208
idmap_r1,cancel,1000,0.676,208
idmap_r1,cancel,1000,0.677,208
idmap_r1,cancel,1000,0.678,208
idmap_r1,cancel,1000,0.679,208
idmap_r1,cancel,1000,0.68,208
idmap_r1,cancel,1000,0.681,208
idmap_r1,cancel,1000,0.682,208
idmap_r1,cancel,1000,0.683,208
idmap_r1,cancel,1000,0.684,208
idmap_r1,cancel,1000,0.685,208
idmap_r1,cancel,1000,0.686,208
idmap_r1,cancel,1000,0.687,208
idmap_r1,cancel,1000,0.688,208
idmap_r1,cancel,1000,0.689,208
idmap_r1,cancel,1000,0.69,208
idmap_r1,cancel,1000,0.691,208
idmap_r1,cancel,1000,0.692,208
idmap_r1,cancel,1000,0.693,208
idmap_r1,cancel,1000,0.694,208
idmap_r1,cancel,1000,0.695,208
idmap_r1,cancel,1000,0.696,208
idmap_r1,cancel,1000,0.697,208
idmap_r1,cancel,1000,0.698,208
idmap_r1,cancel,1000,0.699,208
idmap_r1,cancel,1000,0.7,208
idmap_r1,cancel,1000,0.701,208
idmap_r1,cancel,1000,0.702,208
idmap_r1,cancel,1000,0.703,208
idmap_r1,cancel,1000,0.704,208
idmap_r1,cancel,1000,0.705,208
idmap_r1,cancel,1000,0.706,208
idmap_r1,cancel,1000,0.707,208
idmap_r1,cancel,1000,0.708,208
idmap_r1,cancel,1000,0.709,208
idmap_r1,cancel,1000,0.71,208
idmap_r1,cancel,1000,0.711,208
idmap_r1,cancel,1000,0.712,208
idmap_r1,cancel,1000,0.713,208
idmap_r1,cancel,1000,0.714,208
idmap_r1,cancel,1000,0.715,208
idmap_r1,cancel,1000,0.716,208
idmap_r1,cancel,1000,0.717,208
idmap_r1,cancel,1000,0.718,208
idmap_r1,cancel,1000,0.719,208
idmap_r1,cancel,1000,0.72,208
idmap_r1,cancel,1000,0.721,208
idmap_r1,cancel,1000,0.722,208
idmap_r1,cancel,1000,0.723,208
idmap_r1,cancel,1000,0.724,208
idmap_r1,cancel,1000,0.725,208
idmap_r1,cancel,1000,0.726,208
idmap_r1,cancel,1000,0.727,208
idmap_r1,cancel,1000,0.728,208
idmap_r1,cancel,1000,0.729,208
idmap_r1,cancel,1000,0.73,208
idmap_r1,cancel,1000,0.731,208
idmap_r1,cancel,1000,0.732,208
idmap_r1,cancel,1000,0.733,208
idmap_r1,cancel,1000,0.734,208
idmap_r1,cancel,1000,0.735,208
idmap_r1,cancel,1000,0.736,208
idmap_r1,cancel,1000,0.737,208
idmap_r1,cancel,1000,0.738,208
idmap_r1,cancel,1000,0.739,208
idmap_r1,cancel,1000,0.74,208
idmap_r1,cancel,1000,0.741,208
idmap_r1,cancel,1000,0.742,208
idmap_r1,cancel,1000,0.743,208
idmap_r1,cancel,1000,0.744,208
idmap_r1,cancel,1000,0.745,208
idmap_r1,cancel,1000,0.746,208
idmap_r1,cancel,1000,0.747,208
idmap_r1,cancel,1000,0.748,208
idmap_r1,cancel,1000,0.749,208
idmap_r1,cancel,1000,0.75,208
idmap_r1,cancel,1000,0.751,208
idmap_r1,cancel,1000,0.752,208
idmap_r1,cancel,1000,0.753,208
idmap_r1,cancel,1000,0.754,208
idmap_r1,cancel,1000,0.755,208
idmap_r1,cancel,1000,0.756,208
idmap_r1,cancel,1000,0.757,208
idmap_r1,cancel,1000,0.758,208
idmap_r1,cancel,1000,0.759,208
idmap_r1,cancel,1000,0.76,208
idmap_r1,cancel,1000,0.761,208
idmap_r1,cancel,1000,0.762,208
idmap_r1,cancel,1000,0.763,208
idmap_r1,cancel,1000,0.764,208
idmap_r1,cancel,1000,0.765,208
idmap_r1,cancel,1000,0.766,208
idmap_r1,cancel,1000,0.767,208
idmap_r1,cancel,1000,0.768,208
idmap_r1,cancel,1000,0.769,208
idmap_r1,cancel,1000,0.77,208
idmap_r1,cancel,1000,0.771,208
idmap_r1,cancel,1000,0.772,208
idmap_r1,cancel,1000,0.773,208
idmap_r1,cancel,1000,0.774,208
idmap_r1,cancel,1000,0.775,208
idmap_r1,cancel,1000,0.776,208
idmap_r1,cancel,1000,0.777,208
idmap_r1,cancel,1000,0.778,208
idmap_r1,cancel,1000,0.779,208
idmap_r1,cancel,1000,0.78,208
idmap_r1,cancel,1000,0.781,208
idmap_r1,cancel,1000,0.782,208
idmap_r1,cancel,1000,0.783,208
idmap_r1,cancel,1000,0.784,208
idmap_r1,cancel,1000,0.785,208
idmap_r1,cancel,1000,0.786,208
idmap_r1,cancel,1000,0.787,208
idmap_r1,cancel,1000,0.788,208
idmap_r1,cancel,1000,0.789,208
idmap_r1,cancel,1000,0.79,208
idmap_r1,cancel,1000,0.791,208
idmap_r1,cancel,1000,0.792,209
idmap_r1,cancel,1000,0.793,209
idmap_r1,cancel,1000,0.794,209
idmap_r1,cancel,1000,0.795,209
idmap_r1,cancel,1000,0.796,209
idmap_r1,cancel,1000,0.797,209
idmap_r1,cancel,1000,0.798,209
idmap_r1,cancel,1000,0.799,209
idmap_r1,cancel,1000,0.8,209
idmap_r1,cancel,1000,0.801,209
idmap_r1,cancel,1000,0.802,209
idmap_r1,cancel,1000,0.803,209
idmap_r1,cancel,1000,0.804,209
idmap_r1,cancel,1000,0.805,209
idmap_r1,cancel,1000,0.806,209
idmap_r1,cancel,1000,0.807,209
idmap_r1,cancel,1000,0.808,209
idmap_r1,cancel,1000,0.809,209
idmap_r1,cancel,1000,0.81,209
idmap_r1,cancel,1000,0.811,209
idmap_r1,cancel,1000,0.812,209
idmap_r1,cancel,1000,0.813,209
idmap_r1,cancel,1000,0.814,209
idmap_r1,cancel,1000,0.815,209
idmap_r1,cancel,1000,0.816,209
idmap_r1,cancel,1000,0.817,209
idmap_r1,cancel,1000,0.818,209
idmap_r1,cancel,1000,0.819,209
idmap_r1,cancel,1000,0.82,209
idmap_r1,cancel,1000,0.821,209
idmap_r1,cancel,1000,0.822,209
idmap_r1,cancel,1000,0.823,209
idmap_r1,cancel,1000,0.824,209
idmap_r1,cancel,1000,0.825,209
idmap_r1,cancel,1000,0.826,209
idmap_r1,cancel,1000,0.827,209
idmap_r1,cancel,1000,0.828,209
idmap_r1,cancel,1000,0.829,209
idmap_r1,cancel,1000,0.83,209
idmap_r1,cancel,1000,0.831,209
idmap_r1,cancel,1000,0.832,209
idmap_r1,cancel,1000,0.833,209
idmap_r1,cancel,1000,0.834,209
idmap_r1,cancel,1000,0.835,209
idmap_r1,cancel,1000,0.836,209
idmap_r1,cancel,1000,0.837,209
idmap_r1,cancel,1000,0.838,209
idmap_r1,cancel,1000,0.839,209
idmap_r1,cancel,1000,0.84,209
idmap_r1,cancel,1000,0.841,209
idmap_r1,cancel,1000,0.842,209
idmap_r1,cancel,1000,0.843,209
idmap_r1,cancel,1000,0.844,209
idmap_r1,cancel,1000,0.845,209
idmap_r1,cancel,1000,0.846,209
idmap_r1,cancel,1000,0.847,209
idmap_r1,cancel,1000,0.848,209
idmap_r1,cancel,1000,0.849,209
idmap_r1,cancel,1000,0.85,209
idmap_r1,cancel,1000,0.851,209
idmap_r1,cancel,1000,0.852,250
idmap_r1,cancel,1000,0.853,250
idmap_r1,cancel,1000,0.854,250
idmap_r1,cancel,1000,0.855,250
idmap_r1,cancel,1000,0.856,250
idmap_r1,cancel,1000,0.857,250
idmap_r1,cancel,1000,0.858,250
idmap_r1,cancel,1000,0.859,250
idmap_r1,cancel,1000,0.86,250
idmap_r1,cancel,1000,0.861,250
idmap_r1,cancel,1000,0.862,250
idmap_r1,cancel,1000,0.863,250
idmap_r1,cancel,1000,0.864,250
idmap_r1,cancel,1000,0.865,250
idmap_r1,cancel,1000,0.866,250
idmap_r1,cancel,1000,0.867,250
idmap_r1,cancel,1000,0.868,250
idmap_r1,cancel,1000,0.869,250
idmap_r1,cancel,1000,0.87,250
idmap_r1,cancel,1000,0.871,250
idmap_r1,cancel,1000,0.872,250
idmap_r1,cancel,1000,0.873,250
idmap_r1,cancel,1000,0.874,250
idmap_r1,cancel,1000,0.875,250
idmap_r1,cancel,1000,0.876,250
idmap_r1,cancel,1000,0.877,250
idmap_r1,cancel,1000,0.878,250
idmap_r1,cancel,1000,0.879,250
idmap_r1,cancel,1000,0.88,250
idmap_r1,cancel,1000,0.881,250
idmap_r1,cancel,1000,0.882,250
idmap_r1,cancel,1000,0.883,250
idmap_r1,cancel,1000,0.884,250
idmap_r1,cancel,1000,0.885,250
idmap_r1,cancel,1000,0.886,250
idmap_r1,cancel,1000,0.887,250
idmap_r1,cancel,1000,0.888,250
idmap_r1,cancel,1000,0.889,250
idmap_r1,cancel,1000,0.89,250
idmap_r1,cancel,1000,0.891,250
idmap_r1,cancel,1000,0.892,250
idmap_r1,cancel,1000,0.893,250
idmap_r1,cancel,1000,0.894,250
idmap_r1,cancel,1000,0.895,250
idmap_r1,cancel,1000,0.896,250
idmap_r1,cancel,1000,0.897,250
idmap_r1,cancel,1000,0.898,250
idmap_r1,cancel,1000,0.899,250
idmap_r1,cancel,1000,0.9,250
idmap_r1,cancel,1000,0.901,250
idmap_r1,cancel,1000,0.902,250
idmap_r1,cancel,1000,0.903,250
idmap_r1,cancel,1000,0.904,250
idmap_r1,cancel,1000,0.905,250
idmap_r1,cancel,1000,0.906,250
idmap_r1,cancel,1000,0.907,250
idmap_r1,cancel,1000,0.908,250
idmap_r1,cancel,1000,0.909,250
idmap_r1,cancel,1000,0.91,250
idmap_r1,cancel,1000,0.911,291
idmap_r1,cancel,1000,0.912,291
idmap_r1,cancel,1000,0.913,291
idmap_r1,cancel,1000,0.914,291
idmap_r1,cancel,1000,0.915,291
idmap_r1,cancel,1000,0.916,291
idmap_r1,cancel,1000,0.917,291
idmap_r1,cancel,1000,0.918,291
idmap_r1,cancel,1000,0.919,291
idmap_r1,cancel,1000,0.92,291
idmap_r1,cancel,1000,0.921,291
idmap_r1,cancel,1000,0.922,292
idmap_r1,cancel,1000,0.923,292
idmap_r1,cancel,1000,0.924,292
idmap_r1,cancel,1000,0.925,292
idmap_r1,cancel,1000,0.926,292
idmap_r1,cancel,1000,0.927,292
idmap_r1,cancel,1000,0.928,292
idmap_r1,cancel,1000,0.929,292
idmap_r1,cancel,1000,0.93,292
idmap_r1,cancel,1000,0.931,292
idmap_r1,cancel,1000,0.932,292
idmap_r1,cancel,1000,0.933,292
idmap_r1,cancel,1000,0.934,292
idmap_r1,cancel,1000,0.935,292
idmap_r1,cancel,1000,0.936,292
idmap_r1,cancel,1000,0.937,292
idmap_r1,cancel,1000,0.938,292
idmap_r1,cancel,1000,0.939,292
idmap_r1,cancel,1000,0.94,292
idmap_r1,cancel,1000,0.941,292
idmap_r1,cancel,1000,0.942,292
idmap_r1,cancel,1000,0.943,292
idmap_r1,cancel,1000,0.944,333
idmap_r1,cancel,1000,0.945,333
idmap_r1,cancel,1000,0.946,333
idmap_r1,cancel,1000,0.947,333
idmap_r1,cancel,1000,0.948,333
idmap_r1,cancel,1000,0.949,333
idmap_r1,cancel,1000,0.95,333
idmap_r1,cancel,1000,0.951,333
idmap_r1,cancel,1000,0.952,333
idmap_r1,cancel,1000,0.953,333
idmap_r1,cancel,1000,0.954,333
idmap_r1,cancel,1000,0.955,333
idmap_r1,cancel,1000,0.956,334
idmap_r1,cancel,1000,0.957,334
idmap_r1,cancel,1000,0.958,334
idmap_r1,cancel,1000,0.959,334
idmap_r1,cancel,1000,0.96,334
idmap_r1,cancel,1000,0.961,334
idmap_r1,cancel,1000,0.962,375
idmap_r1,cancel,1000,0.963,375
idmap_r1,cancel,1000,0.964,375
idmap_r1,cancel,1000,0.965,375
idmap_r1,cancel,1000,0.966,375
idmap_r1,cancel,1000,0.967,375
idmap_r1,cancel,1000,0.968,375
idmap_r1,cancel,1000,0.969,375
idmap_r1,cancel,1000,0.97,375
idmap_r1,cancel,1000,0.971,375
idmap_r1,cancel,1000,0.972,375
idmap_r1,cancel,1000,0.973,375
idmap_r1,cancel,1000,0.974,416
idmap_r1,cancel,1000,0.975,416
idmap_r1,cancel,1000,0.976,417
idmap_r1,cancel,1000,0.977,417
idmap_r1,cancel,1000,0.978,417
idmap_r1,cancel,1000,0.979,417
idmap_r1,cancel,1000,0.98,417
idmap_r1,cancel,1000,0.981,458
idmap_r1,cancel,1000,0.982,458
idmap_r1,cancel,1000,0.983,458
idmap_r1,cancel,1000,0.984,458
idmap_r1,cancel,1000,0.985,459
idmap_r1,cancel,1000,0.986,459
idmap_r1,cancel,1000,0.987,500
idmap_r1,cancel,1000,0.988,500
idmap_r1,cancel,1000,0.989,500
idmap_r1,cancel,1000,0.99,542
idmap_r1,cancel,1000,0.991,542
idmap_r1,cancel,1000,0.992,583
idmap_r1,cancel,1000,0.993,584
idmap_r1,cancel,1000,0.994,625
idmap_r1,cancel,1000,0.995,667
idmap_r1,cancel,1000,0.996,750
idmap_r1,cancel,1000,0.997,917
idmap_r1,cancel,1000,0.998,1667
idmap_r1,cancel,1000,0.999,18666
idmap_r1,match,1000,0,0
idmap_r1,match,1000,0.001,41
idmap_r1,match,1000,0.002,41
idmap_r1,match,1000,0.003,41
idmap_r1,match,1000,0.004,41
idmap_r1,match,1000,0.005,41
idmap_r1,match,1000,0.006,41
idmap_r1,match,1000,0.007,41
idmap_r1,match,1000,0.008,41
idmap_r1,match,1000,0.009,41
idmap_r1,match,1000,0.01,41
idmap_r1,match,1000,0.011,41
idmap_r1,match,1000,0.012,41
idmap_r1,match,1000,0.013,41
idmap_r1,match,1000,0.014,41
idmap_r1,match,1000,0.015,41
idmap_r1,match,1000,0.016,41
idmap_r1,match,1000,0.017,41
idmap_r1,match,1000,0.018,41
idmap_r1,match,1000,0.019,41
idmap_r1,match,1000,0.02,41
idmap_r1,match,1000,0.021,41
idmap_r1,match,1000,0.022,41
idmap_r1,match,1000,0.023,41
idmap_r1,match,1000,0.024,41
idmap_r1,match,1000,0.025,41
idmap_r1,match,1000,0.026,41
idmap_r1,match,1000,0.027,41
idmap_r1,match,1000,0.028,41
idmap_r1,match,1000,0.029,41
idmap_r1,match,1000,0.03,41
idmap_r1,match,1000,0.031,41
idmap_r1,match,1000,0.032,41
idmap_r1,match,1000,0.033,41
idmap_r1,match,1000,0.034,41
idmap_r1,match,1000,0.035,41
idmap_r1,match,1000,0.036,41
idmap_r1,match,1000,0.037,41
idmap_r1,match,1000,0.038,41
idmap_r1,match,1000,0.039,41
idmap_r1,match,1000,0.04,41
idmap_r1,match,1000,0.041,41
idmap_r1,match,1000,0.042,41
idmap_r1,match,1000,0.043,41
idmap_r1,match,1000,0.044,41
idmap_r1,match,1000,0.045,41
idmap_r1,match,1000,0.046,41
idmap_r1,match,1000,0.047,41
idmap_r1,match,1000,0.048,41
idmap_r1,match,1000,0.049,41
idmap_r1,match,1000,0.05,41
idmap_r1,match,1000,0.051,41
idmap_r1,match,1000,0.052,41
idmap_r1,match,1000,0.053,41
idmap_r1,match,1000,0.054,41
idmap_r1,match,1000,0.055,41
idmap_r1,match,1000,0.056,41
idmap_r1,match,1000,0.057,41
idmap_r1,match,1000,0.058,41
idmap_r1,match,1000,0.059,41
idmap_r1,match,1000,0.06,41
idmap_r1,match,1000,0.061,41
idmap_r1,match,1000,0.062,41
idmap_r1,match,1000,0.063,41
idmap_r1,match,1000,0.064,41
idmap_r1,match,1000,0.065,41
idmap_r1,match,1000,0.066,41
idmap_r1,match,1000,0.067,41
idmap_r1,match,1000,0.068,41
idmap_r1,match,1000,0.069,41
idmap_r1,match,1000,0.07,41
idmap_r1,match,1000,0.071,41
idmap_r1,match,1000,0.072,41
idmap_r1,match,1000,0.073,41
idmap_r1,match,1000,0.074,41
idmap_r1,match,1000,0.075,41
idmap_r1,match,1000,0.076,41
idmap_r1,match,1000,0.077,41
idmap_r1,match,1000,0.078,41
idmap_r1,match,1000,0.079,41
idmap_r1,match,1000,0.08,41
idmap_r1,match,1000,0.081,41
idmap_r1,match,1000,0.082,41
idmap_r1,match,1000,0.083,41
idmap_r1,match,1000,0.084,41
idmap_r1,match,1000,0.085,41
idmap_r1,match,1000,0.086,41
idmap_r1,match,1000,0.087,41
idmap_r1,match,1000,0.088,41
idmap_r1,match,1000,0.089,41
idmap_r1,match,1000,0.09,41
idmap_r1,match,1000,0.091,41
idmap_r1,match,1000,0.092,41
idmap_r1,match,1000,0.093,41
idmap_r1,match,1000,0.094,41
idmap_r1,match,1000,0.095,41
idmap_r1,match,1000,0.096,41
idmap_r1,match,1000,0.097,41
idmap_r1,match,1000,0.098,42
idmap_r1,match,1000,0.099,42
idmap_r1,match,1000,0.1,42
idmap_r1,match,1000,0.101,42
idmap_r1,match,1000,0.102,42
idmap_r1,match,1000,0.103,42
idmap_r1,match,1000,0.104,42
idmap_r1,match,1000,0.105,42
idmap_r1,match,1000,0.106,42
idmap_r1,match,1000,0.107,42
idmap_r1,match,1000,0.108,42
idmap_r1,match,1000,0.109,42
idmap_r1,match,1000,0.11,42
idmap_r1,match,1000,0.111,42
idmap_r1,match,1000,0.112,42
idmap_r1,match,1000,0.113,42
idmap_r1,match,1000,0.114,42
idmap_r1,match,1000,0.115,42
idmap_r1,match,1000,0.116,42
idmap_r1,match,1000,0.117,42
idmap_r1,match,1000,0.118,42
idmap_r1,match,1000,0.119,42
idmap_r1,match,1000,0.12,42
idmap_r1,match,1000,0.121,42
idmap_r1,match,1000,0.122,42
idmap_r1,match,1000,0.123,42
idmap_r1,match,1000,0.124,42
idmap_r1,match,1000,0.125,42
idmap_r1,match,1000,0.126,42
idmap_r1,match,1000,0.127,42
idmap_r1,match,1000,0.128,42
idmap_r1,match,1000,0.129,42
idmap_r1,match,1000,0.13,42
idmap_r1,match,1000,0.131,42
idmap_r1,match,1000,0.132,42
idmap_r1,match,1000,0.133,42
idmap_r1,match,1000,0.134,42
idmap_r1,match,1000,0.135,42
idmap_r1,match,1000,0.136,42
idmap_r1,match,1000,0.137,42
idmap_r1,match,1000,0.138,42
idmap_r1,match,1000,0.139,42
idmap_r1,match,1000,0.14,42
idmap_r1,match,1000,0.141,42
idmap_r1,match,1000,0.142,42
idmap_r1,match,1000,0.143,42
idmap_r1,match,1000,0.144,42
idmap_r1,match,1000,0.145,42
idmap_r1,match,1000,0.146,42
idmap_r1,match,1000,0.147,42
idmap_r1,match,1000,0.148,42
idmap_r1,match,1000,0.149,42
idmap_r1,match,1000,0.15,42
idmap_r1,match,1000,0.151,42
idmap_r1,match,1000,0.152,42
idmap_r1,match,1000,0.153,42
idmap_r1,match,1000,0.154,42
idmap_r1,match,1000,0.155,42
idmap_r1,match,1000,0.156,42
idmap_r1,match,1000,0.157,42
idmap_r1,match,1000,0.158,42
idmap_r1,match,1000,0.159,42
idmap_r1,match,1000,0.16,42
idmap_r1,match,1000,0.161,42
idmap_r1,match,1000,0.162,42
idmap_r1,match,1000,0.163,42
idmap_r1,match,1000,0.164,42
idmap_r1,match,1000,0.165,42
idmap_r1,match,1000,0.166,42
idmap_r1,match,1000,0.167,42
idmap_r1,match,1000,0.168,42
idmap_r1,match,1000,0.169,42
idmap_r1,match,1000,0.17,42
idmap_r1,match,1000,0.171,42
idmap_r1,match,1000,0.172,42
idmap_r1,match,1000,0.173,42
idmap_r1,match,1000,0.174,42
idmap_r1,match,1000,0.175,42
idmap_r1,match,1000,0.176,42
idmap_r1,match,1000,0.177,42
idmap_r1,match,1000,0.178,42
idmap_r1,match,1000,0.179,42
idmap_r1,match,1000,0.18,42
idmap_r1,match,1000,0.181,42
idmap_r1,match,1000,0.182,42
idmap_r1,match,1000,0.183,42
idmap_r1,match,1000,0.184,42
idmap_r1,match,1000,0.185,42
idmap_r1,match,1000,0.186,42
idmap_r1,match,1000,0.187,42
idmap_r1,match,1000,0.188,42
idmap_r1,match,1000,0.189,42
idmap_r1,match,1000,0.19,42
idmap_r1,match,1000,0.191,42
idmap_r1,match,1000,0.192,42
idmap_r1,match,1000,0.193,42
idmap_r1,match,1000,0.194,42
idmap_r1,match,1000,0.195,42
idmap_r1,match,1000,0.196,42
idmap_r1,match,1000,0.197,42
idmap_r1,match,1000,0.198,42
idmap_r1,match,1000,0.199,42
idmap_r1,match,1000,0.2,42
idmap_r1,match,1000,0.201,42
idmap_r1,match,1000,0.202,42
idmap_r1,match,1000,0.203,42
idmap_r1,match,1000,0.204,42
idmap_r1,match,1000,0.205,42
idmap_r1,match,1000,0.206,42
idmap_r1,match,1000,0.207,42
idmap_r1,match,1000,0.208,42
idmap_r1,match,1000,0.209,42
idmap_r1,match,1000,0.21,42
idmap_r1,match,1000,0.211,42
idmap_r1,match,1000,0.212,42
idmap_r1,match,1000,0.213,42
idmap_r1,match,1000,0.214,42
idmap_r1,match,1000,0.215,42
idmap_r1,match,1000,0.216,42
idmap_r1,match,1000,0.217,42
idmap_r1,match,1000,0.218,42
idmap_r1,match,1000,0.219,42
idmap_r1,match,1000,0.22,42
idmap_r1,match,1000,0.221,42
idmap_r1,match,1000,0.222,42
idmap_r1,match,1000,0.223,42
idmap_r1,match,1000,0.224,42
idmap_r1,match,1000,0.225,42
idmap_r1,match,1000,0.226,42
idmap_r1,match,1000,0.227,42
idmap_r1,match,1000,0.228,42
idmap_r1,match,1000,0.229,42
idmap_r1,match,1000,0.23,42
idmap_r1,match,1000,0.231,42
idmap_r1,match,1000,0.232,42
idmap_r1,match,1000,0.233,42
idmap_r1,match,1000,0.234,42
idmap_r1,match,1000,0.235,42
idmap_r1,match,1000,0.236,42
idmap_r1,match,1000,0.237,42
idmap_r1,match,1000,0.238,42
idmap_r1,match,1000,0.239,42
idmap_r1,match,1000,0.24,42
idmap_r1,match,1000,0.241,42
idmap_r1,match,1000,0.242,42
idmap_r1,match,1000,0.243,42
idmap_r1,match,1000,0.244,42
idmap_r1,match,1000,0.245,42
idmap_r1,match,1000,0.246,42
idmap_r1,match,1000,0.247,42
idmap_r1,match,1000,0.248,42
idmap_r1,match,1000,0.249,42
idmap_r1,match,1000,0.25,42
idmap_r1,match,1000,0.251,42
idmap_r1,match,1000,0.252,42
idmap_r1,match,1000,0.253,42
idmap_r1,match,1000,0.254,42
idmap_r1,match,1000,0.255,42
idmap_r1,match,1000,0.256,42
idmap_r1,match,1000,0.257,42
idmap_r1,match,1000,0.258,42
idmap_r1,match,1000,0.259,42
idmap_r1,match,1000,0.26,42
idmap_r1,match,1000,0.261,42
idmap_r1,match,1000,0.262,42
idmap_r1,match,1000,0.263,42
idmap_r1,match,1000,0.264,42
idmap_r1,match,1000,0.265,42
idmap_r1,match,1000,0.266,42
idmap_r1,match,1000,0.267,42
idmap_r1,match,1000,0.268,42
idmap_r1,match,1000,0.269,42
idmap_r1,match,1000,0.27,42
idmap_r1,match,1000,0.271,42
idmap_r1,match,1000,0.272,42
idmap_r1,match,1000,0.273,42
idmap_r1,match,1000,0.274,42
idmap_r1,match,1000,0.275,42
idmap_r1,match,1000,0.276,42
idmap_r1,match,1000,0.277,42
idmap_r1,match,1000,0.278,42
idmap_r1,match,1000,0.279,42
idmap_r1,match,1000,0.28,42
idmap_r1,match,1000,0.281,42
idmap_r1,match,1000,0.282,42
idmap_r1,match,1000,0.283,42
idmap_r1,match,1000,0.284,42
idmap_r1,match,1000,0.285,42
idmap_r1,match,1000,0.286,42
idmap_r1,match,1000,0.287,42
idmap_r1,match,1000,0.288,42
idmap_r1,match,1000,0.289,42
idmap_r1,match,1000,0.29,42
idmap_r1,match,1000,0.291,42
idmap_r1,match,1000,0.292,42
idmap_r1,match,1000,0.293,83
idmap_r1,match,1000,0.294,83
idmap_r1,match,1000,0.295,83
idmap_r1,match,1000,0.296,83
idmap_r1,match,1000,0.297,83
idmap_r1,match,1000,0.298,83
idmap_r1,match,1000,0.299,83
idmap_r1,match,1000,0.3,83
idmap_r1,match,1000,0.301,83
idmap_r1,match,1000,0.302,83
idmap_r1,match,1000,0.303,83
idmap_r1,match,1000,0.304,83
idmap_r1,match,1000,0.305,83
idmap_r1,match,1000,0.306,83
idmap_r1,match,1000,0.307,83
idmap_r1,match,1000,0.308,83
idmap_r1,match,1000,0.309,83
idmap_r1,match,1000,0.31,83
idmap_r1,match,1000,0.311,83
idmap_r1,match,1000,0.312,83
idmap_r1,match,1000,0.313,83
idmap_r1,match,1000,0.314,83
idmap_r1,match,1000,0.315,83
idmap_r1,match,1000,0.316,83
idmap_r1,match,1000,0.317,83
idmap_r1,match,1000,0.318,83
idmap_r1,match,1000,0.319,83
idmap_r1,match,1000,0.32,83
idmap_r1,match,1000,0.321,83
idmap_r1,match,1000,0.322,83
idmap_r1,match,1000,0.323,83
idmap_r1,match,1000,0.324,83
idmap_r1,match,1000,0.325,83
idmap_r1,match,1000,0.326,83
idmap_r1,match,1000,0.327,83
idmap_r1,match,1000,0.328,83
idmap_r1,match,1000,0.329,83
idmap_r1,match,1000,0.33,83
idmap_r1,match,1000,0.331,83
idmap_r1,match,1000,0.332,83
idmap_r1,match,1000,0.333,83
idmap_r1,match,1000,0.334,83
idmap_r1,match,1000,0.335,83
idmap_r1,match,1000,0.336,83
idmap_r1,match,1000,0.337,83
idmap_r1,match,1000,0.338,83
idmap_r1,match,1000,0.339,83
idmap_r1,match,1000,0.34,83
idmap_r1,match,1000,0.341,83
idmap_r1,match,1000,0.342,83
idmap_r1,match,1000,0.343,83
idmap_r1,match,1000,0.344,83
idmap_r1,match,1000,0.345,83
idmap_r1,match,1000,0.346,83
idmap_r1,match,1000,0.347,83
idmap_r1,match,1000,0.348,83
idmap_r1,match,1000,0.349,83
idmap_r1,match,1000,0.35,83
idmap_r1,match,1000,0.351,83
idmap_r1,match,1000,0.352,83
idmap_r1,match,1000,0.353,83
idmap_r1,match,1000,0.354,83
idmap_r1,match,1000,0.355,83
idmap_r1,match,1000,0.356,83
idmap_r1,match,1000,0.357,83
idmap_r1,match,1000,0.358,83
idmap_r1,match,1000,0.359,83
idmap_r1,match,1000,0.36,83
idmap_r1,match,1000,0.361,83
idmap_r1,match,1000,0.362,83
idmap_r1,match,1000,0.363,83
idmap_r1,match,1000,0.364,83
idmap_r1,match,1000,0.365,83
idmap_r1,match,1000,0.366,83
idmap_r1,match,1000,0.367,83
idmap_r1,match,1000,0.368,83
idmap_r1,match,1000,0.369,83
idmap_r1,match,1000,0.37,83
idmap_r1,match,1000,0.371,83
idmap_r1,match,1000,0.372,83
idmap_r1,match,1000,0.373,83
idmap_r1,match,1000,0.374,83
idmap_r1,match,1000,0.375,83
idmap_r1,match,1000,0.376,83
idmap_r1,match,1000,0.377,83
idmap_r1,match,1000,0.378,83
idmap_r1,match,1000,0.379,83
idmap_r1,match,1000,0.38,83
idmap_r1,match,1000,0.381,83
idmap_r1,match,1000,0.382,83
idmap_r1,match,1000,0.383,83
idmap_r1,match,1000,0.384,83
idmap_r1,match,1000,0.385,83
idmap_r1,match,1000,0.386,83
idmap_r1,match,1000,0.387,83
idmap_r1,match,1000,0.388,83
idmap_r1,match,1000,0.389,83
idmap_r1,match,1000,0.39,83
idmap_r1,match,1000,0.391,83
idmap_r1,match,1000,0.392,83
idmap_r1,match,1000,0.393,83
idmap_r1,match,1000,0.394,83
idmap_r1,match,1000,0.395,83
idmap_r1,match,1000,0.396,83
idmap_r1,match,1000,0.397,83
idmap_r1,match,1000,0.398,83
idmap_r1,match,1000,0.399,83
idmap_r1,match,1000,0.4,83
idmap_r1,match,1000,0.401,83
idmap_r1,match,1000,0.402,83
idmap_r1,match,1000,0.403,83
idmap_r1,match,1000,0.404,83
idmap_r1,match,1000,0.405,83
idmap_r1,match,1000,0.406,83
idmap_r1,match,1000,0.407,83
idmap_r1,match,1000,0.408,83
idmap_r1,match,1000,0.409,83
idmap_r1,match,1000,0.41,83
idmap_r1,match,1000,0.411,83
idmap_r1,match,1000,0.412,83
idmap_r1,match,1000,0.413,83
idmap_r1,match,1000,0.414,83
idmap_r1,match,1000,0.415,83
idmap_r1,match,1000,0.416,83
idmap_r1,match,1000,0.417,83
idmap_r1,match,1000,0.418,83
idmap_r1,match,1000,0.419,83
idmap_r1,match,1000,0.42,83
idmap_r1,match,1000,0.421,83
idmap_r1,match,1000,0.422,83
idmap_r1,match,1000,0.423,83
idmap_r1,match,1000,0.424,83
idmap_r1,match,1000,0.425,83
idmap_r1,match,1000,0.426,83
idmap_r1,match,1000,0.427,83
idmap_r1,match,1000,0.428,83
idmap_r1,match,1000,0.429,83
idmap_r1,match,1000,0.43,83
idmap_r1,match,1000,0.431,83
idmap_r1,match,1000,0.432,83
idmap_r1,match,1000,0.433,83
idmap_r1,match,1000,0.434,83
idmap_r1,match,1000,0.435,83
idmap_r1,match,1000,0.436,83
idmap_r1,match,1000,0.437,83
idmap_r1,match,1000,0.438,83
idmap_r1,match,1000,0.439,83
idmap_r1,match,1000,0.44,83
idmap_r1,match,1000,0.441,83
idmap_r1,match,1000,0.442,83
idmap_r1,match,1000,0.443,83
idmap_r1,match,1000,0.444,83
idmap_r1,match,1000,0.445,83
idmap_r1,match,1000,0.446,83
idmap_r1,match,1000,0.447,83
idmap_r1,match,1000,0.448,83
idmap_r1,match,1000,0.449,83
idmap_r1,match,1000,0.45,83
idmap_r1,match,1000,0.451,83
idmap_r1,match,1000,0.452,83
idmap_r1,match,1000,0.453,83
idmap_r1,match,1000,0.454,83
idmap_r1,match,1000,0.455,83
idmap_r1,match,1000,0.456,83
idmap_r1,match,1000,0.457,83
idmap_r1,match,1000,0.458,83
idmap_r1,match,1000,0.459,83
idmap_r1,match,1000,0.46,83
idmap_r1,match,1000,0.461,83
idmap_r1,match,1000,0.462,83
idmap_r1,match,1000,0.463,83
idmap_r1,match,1000,0.464,83
idmap_r1,match,1000,0.465,83
idmap_r1,match,1000,0.466,83
idmap_r1,match,1000,0.467,83
idmap_r1,match,1000,0.468,83
idmap_r1,match,1000,0.469,83
idmap_r1,match,1000,0.47,83
idmap_r1,match,1000,0.471,83
idmap_r1,match,1000,0.472,83
idmap_r1,match,1000,0.473,83
idmap_r1,match,1000,0.474,83
idmap_r1,match,1000,0.475,83
idmap_r1,match,1000,0.476,83
idmap_r1,match,1000,0.477,83
idmap_r1,match,1000,0.478,83
idmap_r1,match,1000,0.479,83
idmap_r1,match,1000,0.48,83
idmap_r1,match,1000,0.481,83
idmap_r1,match,1000,0.482,83
idmap_r1,match,1000,0.483,83
idmap_r1,match,1000,0.484,83
idmap_r1,match,1000,0.485,83
idmap_r1,match,1000,0.486,83
idmap_r1,match,1000,0.487,83
idmap_r1,match,1000,0.488,83
idmap_r1,match,1000,0.489,83
idmap_r1,match,1000,0.49,83
idmap_r1,match,1000,0.491,83
idmap_r1,match,1000,0.492,83
idmap_r1,match,1000,0.493,83
idmap_r1,match,1000,0.494,83
idmap_r1,match,1000,0.495,83
idmap_r1,match,1000,0.496,83
idmap_r1,match,1000,0.497,83
idmap_r1,match,1000,0.498,83
idmap_r1,match,1000,0.499,83
idmap_r1,match,1000,0.5,83
idmap_r1,match,1000,0.501,83
idmap_r1,match,1000,0.502,83
idmap_r1,match,1000,0.503,83
idmap_r1,match,1000,0.504,83
idmap_r1,match,1000,0.505,83
idmap_r1,match,1000,0.506,83
idmap_r1,match,1000,0.507,83
idmap_r1,match,1000,0.508,83
idmap_r1,match,1000,0.509,83
idmap_r1,match,1000,0.51,83
idmap_r1,match,1000,0.511,83
idmap_r1,match,1000,0.512,83
idmap_r1,match,1000,0.513,83
idmap_r1,match,1000,0.514,83
idmap_r1,match,1000,0.515,83
idmap_r1,match,1000,0.516,83
idmap_r1,match,1000,0.517,83
idmap_r1,match,1000,0.518,83
idmap_r1,match,1000,0.519,83
idmap_r1,match,1000,0.52,83
idmap_r1,match,1000,0.521,83
idmap_r1,match,1000,0.522,83
idmap_r1,match,1000,0.523,83
idmap_r1,match,1000,0.524,83
idmap_r1,match,1000,0.525,83
idmap_r1,match,1000,0.526,83
idmap_r1,match,1000,0.527,83
idmap_r1,match,1000,0.528,83
idmap_r1,match,1000,0.529,83
idmap_r1,match,1000,0.53,83
idmap_r1,match,1000,0.531,83
idmap_r1,match,1000,0.532,83
idmap_r1,match,1000,0.533,83
idmap_r1,match,1000,0.534,83
idmap_r1,match,1000,0.535,83
idmap_r1,match,1000,0.536,83
idmap_r1,match,1000,0.537,83
idmap_r1,match,1000,0.538,83
idmap_r1,match,1000,0.539,83
idmap_r1,match,1000,0.54,83
idmap_r1,match,1000,0.541,83
idmap_r1,match,1000,0.542,83
idmap_r1,match,1000,0.543,83
idmap_r1,match,1000,0.544,83
idmap_r1,match,1000,0.545,83
idmap_r1,match,1000,0.546,83
idmap_r1,match,1000,0.547,83
idmap_r1,match,1000,0.548,83
idmap_r1,match,1000,0.549,83
idmap_r1,match,1000,0.55,83
idmap_r1,match,1000,0.551,83
idmap_r1,match,1000,0.552,83
idmap_r1,match,1000,0.553,83
idmap_r1,match,1000,0.554,83
idmap_r1,match,1000,0.555,83
idmap_r1,match,1000,0.556,83
idmap_r1,match,1000,0.557,83
idmap_r1,match,1000,0.558,83
idmap_r1,match,1000,0.559,83
idmap_r1,match,1000,0.56,83
idmap_r1,match,1000,0.561,83
idmap_r1,match,1000,0.562,83
idmap_r1,match,1000,0.563,83
idmap_r1,match,1000,0.564,83
idmap_r1,match,1000,0.565,83
idmap_r1,match,1000,0.566,83
idmap_r1,match,1000,0.567,83
idmap_r1,match,1000,0.568,83
idmap_r1,match,1000,0.569,83
idmap_r1,match,1000,0.57,83
idmap_r1,match,1000,0.571,83
idmap_r1,match,1000,0.572,83
idmap_r1,match,1000,0.573,83
idmap_r1,match,1000,0.574,83
idmap_r1,match,1000,0.575,83
idmap_r1,match,1000,0.576,83
idmap_r1,match,1000,0.577,83
idmap_r1,match,1000,0.578,83
idmap_r1,match,1000,0.579,83
idmap_r1,match,1000,0.58,83
idmap_r1,match,1000,0.581,83
idmap_r1,match,1000,0.582,83
idmap_r1,match,1000,0.583,83
idmap_r1,match,1000,0.584,83
idmap_r1,match,1000,0.585,83
idmap_r1,match,1000,0.586,83
idmap_r1,match,1000,0.587,83
idmap_r1,match,1000,0.588,83
idmap_r1,match,1000,0.589,83
idmap_r1,match,1000,0.59,83
idmap_r1,match,1000,0.591,83
idmap_r1,match,1000,0.592,83
idmap_r1,match,1000,0.593,83
idmap_r1,match,1000,0.594,83
idmap_r1,match,1000,0.595,83
idmap_r1,match,1000,0.596,83
idmap_r1,match,1000,0.597,83
idmap_r1,match,1000,0.598,83
idmap_r1,match,1000,0.599,83
idmap_r1,match,1000,0.6,83
idmap_r1,match,1000,0.601,83
idmap_r1,match,1000,0.602,83
idmap_r1,match,1000,0.603,83
idmap_r1,match,1000,0.604,83
idmap_r1,match,1000,0.605,83
idmap_r1,match,1000,0.606,83
idmap_r1,match,1000,0.607,83
idmap_r1,match,1000,0.608,83
idmap_r1,match,1000,0.609,83
idmap_r1,match,1000,0.61,83
idmap_r1,match,1000,0.611,83
idmap_r1,match,1000,0.612,83
idmap_r1,match,1000,0.613,83
idmap_r1,match,1000,0.614,83
idmap_r1,match,1000,0.615,83
idmap_r1,match,1000,0.616,83
idmap_r1,match,1000,0.617,83
idmap_r1,match,1000,0.618,83
idmap_r1,match,1000,0.619,83
idmap_r1,match,1000,0.62,83
idmap_r1,match,1000,0.621,83
idmap_r1,match,1000,0.622,83
idmap_r1,match,1000,0.623,83
idmap_r1,match,1000,0.624,83
idmap_r1,match,1000,0.625,83
idmap_r1,match,1000,0.626,83
idmap_r1,match,1000,0.627,83
idmap_r1,match,1000,0.628,83
idmap_r1,match,1000,0.629,83
idmap_r1,match,1000,0.63,83
idmap_r1,match,1000,0.631,83
idmap_r1,match,1000,0.632,83
idmap_r1,match,1000,0.633,83
idmap_r1,match,1000,0.634,83
idmap_r1,match,1000,0.635,83
idmap_r1,match,1000,0.636,83
idmap_r1,match,1000,0.637,83
idmap_r1,match,1000,0.638,83
idmap_r1,match,1000,0.639,83
idmap_r1,match,1000,0.64,83
idmap_r1,match,1000,0.641,83
idmap_r1,match,1000,0.642,83
idmap_r1,match,1000,0.643,83
idmap_r1,match,1000,0.644,83
idmap_r1,match,1000,0.645,83
idmap_r1,match,1000,0.646,83
idmap_r1,match,1000,0.647,83
idmap_r1,match,1000,0.648,83
idmap_r1,match,1000,0.649,83
idmap_r1,match,1000,0.65,83
idmap_r1,match,1000,0.651,83
idmap_r1,match,1000,0.652,83
idmap_r1,match,1000,0.653,83
idmap_r1,match,1000,0.654,83
idmap_r1,match,1000,0.655,84
idmap_r1,match,1000,0.656,84
idmap_r1,match,1000,0.657,84
idmap_r1,match,1000,0.658,84
idmap_r1,match,1000,0.659,84
idmap_r1,match,1000,0.66,84
idmap_r1,match,1000,0.661,84
idmap_r1,match,1000,0.662,84
idmap_r1,match,1000,0.663,84
idmap_r1,match,1000,0.664,84
idmap_r1,match,1000,0.665,84
idmap_r1,match,1000,0.666,84
idmap_r1,match,1000,0.667,84
idmap_r1,match,1000,0.668,84
idmap_r1,match,1000,0.669,84
idmap_r1,match,1000,0.67,84
idmap_r1,match,1000,0.671,84
idmap_r1,match,1000,0.672,84
idmap_r1,match,1000,0.673,84
idmap_r1,match,1000,0.674,84
idmap_r1,match,1000,0.675,84
idmap_r1,match,1000,0.676,84
idmap_r1,match,1000,0.677,84
idmap_r1,match,1000,0.678,84
idmap_r1,match,1000,0.679,84
idmap_r1,match,1000,0.68,84
idmap_r1,match,1000,0.681,84
idmap_r1,match,1000,0.682,84
idmap_r1,match,1000,0.683,84
idmap_r1,match,1000,0.684,84
idmap_r1,match,1000,0.685,84
idmap_r1,match,1000,0.686,84
idmap_r1,match,1000,0.687,84
idmap_r1,match,1000,0.688,84
idmap_r1,match,1000,0.689,84
idmap_r1,match,1000,0.69,84
idmap_r1,match,1000,0.691,84
idmap_r1,match,1000,0.692,84
idmap_r1,match,1000,0.693,84
idmap_r1,match,1000,0.694,84
idmap_r1,match,1000,0.695,84
idmap_r1,match,1000,0.696,84
idmap_r1,match,1000,0.697,84
idmap_r1,match,1000,0.698,84
idmap_r1,match,1000,0.699,84
idmap_r1,match,1000,0.7,84
idmap_r1,match,1000,0.701,84
idmap_r1,match,1000,0.702,84
idmap_r1,match,1000,0.703,84
idmap_r1,match,1000,0.704,84
idmap_r1,match,1000,0.705,84
idmap_r1,match,1000,0.706,84
idmap_r1,match,1000,0.707,84
idmap_r1,match,1000,0.708,84
idmap_r1,match,1000,0.709,84
idmap_r1,match,1000,0.71,84
idmap_r1,match,1000,0.711,84
idmap_r1,match,1000,0.712,84
idmap_r1,match,1000,0.713,84
idmap_r1,match,1000,0.714,84
idmap_r1,match,1000,0.715,84
idmap_r1,match,1000,0.716,84
idmap_r1,match,1000,0.717,84
idmap_r1,match,1000,0.718,84
idmap_r1,match,1000,0.719,84
idmap_r1,match,1000,0.72,84
idmap_r1,match,1000,0.721,84
idmap_r1,match,1000,0.722,84
idmap_r1,match,1000,0.723,84
idmap_r1,match,1000,0.724,84
idmap_r1,match,1000,0.725,84
idmap_r1,match,1000,0.726,84
idmap_r1,match,1000,0.727,84
idmap_r1,match,1000,0.728,84
idmap_r1,match,1000,0.729,84
idmap_r1,match,1000,0.73,84
idmap_r1,match,1000,0.731,84
idmap_r1,match,1000,0.732,84
idmap_r1,match,1000,0.733,84
idmap_r1,match,1000,0.734,84
idmap_r1,match,1000,0.735,84
idmap_r1,match,1000,0.736,84
idmap_r1,match,1000,0.737,84
idmap_r1,match,1000,0.738,84
idmap_r1,match,1000,0.739,84
idmap_r1,match,1000,0.74,84
idmap_r1,match,1000,0.741,84
idmap_r1,match,1000,0.742,84
idmap_r1,match,1000,0.743,84
idmap_r1,match,1000,0.744,84
idmap_r1,match,1000,0.745,84
idmap_r1,match,1000,0.746,84
idmap_r1,match,1000,0.747,84
idmap_r1,match,1000,0.748,84
idmap_r1,match,1000,0.749,84
idmap_r1,match,1000,0.75,84
idmap_r1,match,1000,0.751,84
idmap_r1,match,1000,0.752,84
idmap_r1,match,1000,0.753,84
idmap_r1,match,1000,0.754,84
idmap_r1,match,1000,0.755,84
idmap_r1,match,1000,0.756,84
idmap_r1,match,1000,0.757,84
idmap_r1,match,1000,0.758,84
idmap_r1,match,1000,0.759,84
idmap_r1,match,1000,0.76,84
idmap_r1,match,1000,0.761,84
idmap_r1,match,1000,0.762,84
idmap_r1,match,1000,0.763,84
idmap_r1,match,1000,0.764,84
idmap_r1,match,1000,0.765,84
idmap_r1,match,1000,0.766,84
idmap_r1,match,1000,0.767,84
idmap_r1,match,1000,0.768,84
idmap_r1,match,1000,0.769,84
idmap_r1,match,1000,0.77,84
idmap_r1,match,1000,0.771,84
idmap_r1,match,1000,0.772,84
idmap_r1,match,1000,0.773,84
idmap_r1,match,1000,0.774,84
idmap_r1,match,1000,0.775,84
idmap_r1,match,1000,0.776,84
idmap_r1,match,1000,0.777,84
idmap_r1,match,1000,0.778,84
idmap_r1,match,1000,0.779,84
idmap_r1,match,1000,0.78,84
idmap_r1,match,1000,0.781,84
idmap_r1,match,1000,0.782,84
idmap_r1,match,1000,0.783,84
idmap_r1,match,1000,0.784,84
idmap_r1,match,1000,0.785,84
idmap_r1,match,1000,0.786,84
idmap_r1,match,1000,0.787,84
idmap_r1,match,1000,0.788,84
idmap_r1,match,1000,0.789,84
idmap_r1,match,1000,0.79,84
idmap_r1,match,1000,0.791,84
idmap_r1,match,1000,0.792,84
idmap_r1,match,1000,0.793,84
idmap_r1,match,1000,0.794,84
idmap_r1,match,1000,0.795,84
idmap_r1,match,1000,0.796,84
idmap_r1,match,1000,0.797,84
idmap_r1,match,1000,0.798,84
idmap_r1,match,1000,0.799,84
idmap_r1,match,1000,0.8,84
idmap_r1,match,1000,0.801,84
idmap_r1,match,1000,0.802,84
idmap_r1,match,1000,0.803,84
idmap_r1,match,1000,0.804,84
idmap_r1,match,1000,0.805,84
idmap_r1,match,1000,0.806,84
idmap_r1,match,1000,0.807,84
idmap_r1,match,1000,0.808,84
idmap_r1,match,1000,0.809,84
idmap_r1,match,1000,0.81,84
idmap_r1,match,1000,0.811,84
idmap_r1,match,1000,0.812,84
idmap_r1,match,1000,0.813,84
idmap_r1,match,1000,0.814,84
idmap_r1,match,1000,0.815,84
idmap_r1,match,1000,0.816,84
idmap_r1,match,1000,0.817,84
idmap_r1,match,1000,0.818,84
idmap_r1,match,1000,0.819,84
idmap_r1,match,1000,0.82,84
idmap_r1,match,1000,0.821,84
idmap_r1,match,1000,0.822,84
idmap_r1,match,1000,0.823,84
idmap_r1,match,1000,0.824,84
idmap_r1,match,1000,0.825,84
idmap_r1,match,1000,0.826,84
idmap_r1,match,1000,0.827,84
idmap_r1,match,1000,0.828,84
idmap_r1,match,1000,0.829,84
idmap_r1,match,1000,0.83,84
idmap_r1,match,1000,0.831,84
idmap_r1,match,1000,0.832,84
idmap_r1,match,1000,0.833,84
idmap_r1,match,1000,0.834,84
idmap_r1,match,1000,0.835,125
idmap_r1,match,1000,0.836,125
idmap_r1,match,1000,0.837,125
idmap_r1,match,1000,0.838,125
idmap_r1,match,1000,0.839,125
idmap_r1,match,1000,0.84,125
idmap_r1,match,1000,0.841,125
idmap_r1,match,1000,0.842,125
idmap_r1,match,1000,0.843,125
idmap_r1,match,1000,0.844,125
idmap_r1,match,1000,0.845,125
idmap_r1,match,1000,0.846,125
idmap_r1,match,1000,0.847,125
idmap_r1,match,1000,0.848,125
idmap_r1,match,1000,0.849,125
idmap_r1,match,1000,0.85,125
idmap_r1,match,1000,0.851,125
idmap_r1,match,1000,0.852,125
idmap_r1,match,1000,0.853,125
idmap_r1,match,1000,0.854,125
idmap_r1,match,1000,0.855,125
idmap_r1,match,1000,0.856,125
idmap_r1,match,1000,0.857,125
idmap_r1,match,1000,0.858,125
idmap_r1,match,1000,0.859,125
idmap_r1,match,1000,0.86,125
idmap_r1,match,1000,0.861,125
idmap_r1,match,1000,0.862,125
idmap_r1,match,1000,0.863,125
idmap_r1,match,1000,0.864,125
idmap_r1,match,1000,0.865,125
idmap_r1,match,1000,0.866,125
idmap_r1,match,1000,0.867,125
idmap_r1,match,1000,0.868,125
idmap_r1,match,1000,0.869,125
idmap_r1,match,1000,0.87,125
idmap_r1,match,1000,0.871,125
idmap_r1,match,1000,0.872,125
idmap_r1,match,1000,0.873,125
idmap_r1,match,1000,0.874,125
idmap_r1,match,1000,0.875,125
idmap_r1,match,1000,0.876,125
idmap_r1,match,1000,0.877,125
idmap_r1,match,1000,0.878,125
idmap_r1,match,1000,0.879,125
idmap_r1,match,1000,0.88,125
idmap_r1,match,1000,0.881,125
idmap_r1,match,1000,0.882,125
idmap_r1,match,1000,0.883,125
idmap_r1,match,1000,0.884,125
idmap_r1,match,1000,0.885,125
idmap_r1,match,1000,0.886,125
idmap_r1,match,1000,0.887,125
idmap_r1,match,1000,0.888,125
idmap_r1,match,1000,0.889,125
idmap_r1,match,1000,0.89,125
idmap_r1,match,1000,0.891,125
idmap_r1,match,1000,0.892,125
idmap_r1,match,1000,0.893,125
idmap_r1,match,1000,0.894,125
idmap_r1,match,1000,0.895,125
idmap_r1,match,1000,0.896,125
idmap_r1,match,1000,0.897,125
idmap_r1,match,1000,0.898,125
idmap_r1,match,1000,0.899,125
idmap_r1,match,1000,0.9,125
idmap_r1,match,1000,0.901,125
idmap_r1,match,1000,0.902,125
idmap_r1,match,1000,0.903,125
idmap_r1,match,1000,0.904,125
idmap_r1,match,1000,0.905,125
idmap_r1,match,1000,0.906,125
idmap_r1,match,1000,0.907,125
idmap_r1,match,1000,0.908,125
idmap_r1,match,1000,0.909,125
idmap_r1,match,1000,0.91,125
idmap_r1,match,1000,0.911,125
idmap_r1,match,1000,0.912,125
idmap_r1,match,1000,0.913,125
idmap_r1,match,1000,0.914,125
idmap_r1,match,1000,0.915,125
idmap_r1,match,1000,0.916,125
idmap_r1,match,1000,0.917,125
idmap_r1,match,1000,0.918,125
idmap_r1,match,1000,0.919,125
idmap_r1,match,1000,0.92,166
idmap_r1,match,1000,0.921,166
idmap_r1,match,1000,0.922,166
idmap_r1,match,1000,0.923,166
idmap_r1,match,1000,0.924,166
idmap_r1,match,1000,0.925,166
idmap_r1,match,1000,0.926,166
idmap_r1,match,1000,0.927,166
idmap_r1,match,1000,0.928,166
idmap_r1,match,1000,0.929,166
idmap_r1,match,1000,0.93,166
idmap_r1,match,1000,0.931,166
idmap_r1,match,1000,0.932,166
idmap_r1,match,1000,0.933,167
idmap_r1,match,1000,0.934,167
idmap_r1,match,1000,0.935,167
idmap_r1,match,1000,0.936,167
idmap_r1,match,1000,0.937,167
idmap_r1,match,1000,0.938,167
idmap_r1,match,1000,0.939,167
idmap_r1,match,1000,0.94,167
idmap_r1,match,1000,0.941,167
idmap_r1,match,1000,0.942,167
idmap_r1,match,1000,0.943,167
idmap_r1,match,1000,0.944,167
idmap_r1,match,1000,0.945,167
idmap_r1,match,1000,0.946,167
idmap_r1,match,1000,0.947,167
idmap_r1,match,1000,0.948,167
idmap_r1,match,1000,0.949,167
idmap_r1,match,1000,0.95,167
idmap_r1,match,1000,0.951,167
idmap_r1,match,1000,0.952,167
idmap_r1,match,1000,0.953,167
idmap_r1,match,1000,0.954,167
idmap_r1,match,1000,0.955,167
idmap_r1,match,1000,0.956,167
idmap_r1,match,1000,0.957,167
idmap_r1,match,1000,0.958,167
idmap_r1,match,1000,0.959,167
idmap_r1,match,1000,0.96,167
idmap_r1,match,1000,0.961,208
idmap_r1,match,1000,0.962,208
idmap_r1,match,1000,0.963,208
idmap_r1,match,1000,0.964,208
idmap_r1,match,1000,0.965,208
idmap_r1,match,1000,0.966,208
idmap_r1,match,1000,0.967,208
idmap_r1,match,1000,0.968,208
idmap_r1,match,1000,0.969,208
idmap_r1,match,1000,0.97,208
idmap_r1,match,1000,0.971,208
idmap_r1,match,1000,0.972,208
idmap_r1,match,1000,0.973,208
idmap_r1,match,1000,0.974,208
idmap_r1,match,1000,0.975,209
idmap_r1,match,1000,0.976,209
idmap_r1,match,1000,0.977,209
idmap_r1,match,1000,0.978,209
idmap_r1,match,1000,0.979,209
idmap_r1,match,1000,0.98,209
idmap_r1,match,1000,0.981,209
idmap_r1,match,1000,0.982,209
idmap_r1,match,1000,0.983,250
idmap_r1,match,1000,0.984,250
idmap_r1,match,1000,0.985,250
idmap_r1,match,1000,0.986,250
idmap_r1,match,1000,0.987,250
idmap_r1,match,1000,0.988,250
idmap_r1,match,1000,0.989,250
idmap_r1,match,1000,0.99,291
idmap_r1,match,1000,0.991,292
idmap_r1,match,1000,0.992,292
idmap_r1,match,1000,0.993,333
idmap_r1,match,1000,0.994,333
idmap_r1,match,1000,0.995,375
idmap_r1,match,1000,0.996,375
idmap_r1,match,1000,0.997,417
idmap_r1,match,1000,0.998,500
idmap_r1,match,1000,0.999,833
idmap_r1,add,10000,0,0
idmap_r1,add,10000,0.001,41
idmap_r1,add,10000,0.002,41
idmap_r1,add,10000,0.003,41
idmap_r1,add,10000,0.004,41
idmap_r1,add,10000,0.005,41
idmap_r1,add,10000,0.006,41
idmap_r1,add,10000,0.007,42
idmap_r1,add,10000,0.008,42
idmap_r1,add,10000,0.009,42
idmap_r1,add,10000,0.01,42
idmap_r1,add,10000,0.011,42
idmap_r1,add,10000,0.012,42
idmap_r1,add,10000,0.013,42
idmap_r1,add,10000,0.014,42
idmap_r1,add,10000,0.015,42
idmap_r1,add,10000,0.016,42
idmap_r1,add,10000,0.017,42
idmap_r1,add,10000,0.018,42
idmap_r1,add,10000,0.019,42
idmap_r1,add,10000,0.02,42
idmap_r1,add,10000,0.021,42
idmap_r1,add,10000,0.022,83
idmap_r1,add,10000,0.023,83
idmap_r1,add,10000,0.024,83
idmap_r1,add,10000,0.025,83
idmap_r1,add,10000,0.026,83
idmap_r1,add,10000,0.027,83
idmap_r1,add,10000,0.028,83
idmap_r1,add,10000,0.029,83
idmap_r1,add,10000,0.03,83
idmap_r1,add,10000,0.031,83
idmap_r1,add,10000,0.032,83
idmap_r1,add,10000,0.033,83
idmap_r1,add,10000,0.034,83
idmap_r1,add,10000,0.035,83
idmap_r1,add,10000,0.036,83
idmap_r1,add,10000,0.037,83
idmap_r1,add,10000,0.038,83
idmap_r1,add,10000,0.039,83
idmap_r1,add,10000,0.04,83
idmap_r1,add,10000,0.041,83
idmap_r1,add,10000,0.042,83
idmap_r1,add,10000,0.043,83
idmap_r1,add,10000,0.044,83
idmap_r1,add,10000,0.045,83
idmap_r1,add,10000,0.046,83
idmap_r1,add,10000,0.047,83
idmap_r1,add,10000,0.048,83
idmap_r1,add,10000,0.049,83
idmap_r1,add,10000,0.05,83
idmap_r1,add,10000,0.051,83
idmap_r1,add,10000,0.052,83
idmap_r1,add,10000,0.053,83
idmap_r1,add,10000,0.054,83
idmap_r1,add,10000,0.055,83
idmap_r1,add,10000,0.056,83
idmap_r1,add,10000,0.057,83
idmap_r1,add,10000,0.058,83
idmap_r1,add,10000,0.059,83
idmap_r1,add,10000,0.06,83
idmap_r1,add,10000,0.061,83
idmap_r1,add,10000,0.062,83
idmap_r1,add,10000,0.063,83
idmap_r1,add,10000,0.064,83
idmap_r1,add,10000,0.065,83
idmap_r1,add,10000,0.066,83
idmap_r1,add,10000,0.067,83
idmap_r1,add,10000,0.068,83
idmap_r1,add,10000,0.069,83
idmap_r1,add,10000,0.07,83
idmap_r1,add,10000,0.071,83
idmap_r1,add,10000,0.072,83
idmap_r1,add,10000,0.073,83
idmap_r1,add,10000,0.074,83
idmap_r1,add,10000,0.075,83
idmap_r1,add,10000,0.076,83
idmap_r1,add,10000,0.077,83
idmap_r1,add,10000,0.078,83
idmap_r1,add,10000,0.079,83
idmap_r1,add,10000,0.08,83
idmap_r1,add,10000,0.081,83
idmap_r1,add,10000,0.082,83
idmap_r1,add,10000,0.083,83
idmap_r1,add,10000,0.084,83
idmap_r1,add,10000,0.085,83
idmap_r1,add,10000,0.086,84
idmap_r1,add,10000,0.087,84
idmap_r1,add,10000,0.088,84
idmap_r1,add,10000,0.089,84
idmap_r1,add,10000,0.09,84
idmap_r1,add,10000,0.091,84
idmap_r1,add,10000,0.092,84
idmap_r1,add,10000,0.093,84
idmap_r1,add,10000,0.094,84
idmap_r1,add,10000,0.095,84
idmap_r1,add,10000,0.096,84
idmap_r1,add,10000,0.097,84
idmap_r1,add,10000,0.098,84
idmap_r1,add,10000,0.099,84
idmap_r1,add,10000,0.1,84
idmap_r1,add,10000,0.101,84
idmap_r1,add,10000,0.102,84
idmap_r1,add,10000,0.103,84
idmap_r1,add,10000,0.104,84
idmap_r1,add,10000,0.105,84
idmap_r1,add,10000,0.106,84
idmap_r1,add,10000,0.107,84
idmap_r1,add,10000,0.108,84
idmap_r1,add,10000,0.109,84
idmap_r1,add,10000,0.11,84
idmap_r1,add,10000,0.111,84
idmap_r1,add,10000,0.112,84
idmap_r1,add,10000,0.113,84
idmap_r1,add,10000,0.114,84
idmap_r1,add,10000,0.115,84
idmap_r1,add,10000,0.116,84
idmap_r1,add,10000,0.117,84
idmap_r1,add,10000,0.118,125
idmap_r1,add,10000,0.119,125
idmap_r1,add,10000,0.12,125
idmap_r1,add,10000,0.121,125
idmap_r1,add,10000,0.122,125
idmap_r1,add,10000,0.123,125
idmap_r1,add,10000,0.124,125
idmap_r1,add,10000,0.125,125
idmap_r1,add,10000,0.126,125
idmap_r1,add,10000,0.127,125
idmap_r1,add,10000,0.128,125
idmap_r1,add,10000,0.129,125
idmap_r1,add,10000,0.13,125
idmap_r1,add,10000,0.131,125
idmap_r1,add,10000,0.132,125
idmap_r1,add,10000,0.133,125
idmap_r1,add,10000,0.134,125
idmap_r1,add,10000,0.135,125
idmap_r1,add,10000,0.136,125
idmap_r1,add,10000,0.137,125
idmap_r1,add,10000,0.138,125
idmap_r1,add,10000,0.139,125
idmap_r1,add,10000,0.14,125
idmap_r1,add,10000,0.141,125
idmap_r1,add,10000,0.142,125
idmap_r1,add,10000,0.143,125
idmap_r1,add,10000,0.144,125
idmap_r1,add,10000,0.145,125
idmap_r1,add,10000,0.146,125
idmap_r1,add,10000,0.147,125
idmap_r1,add,10000,0.148,125
idmap_r1,add,10000,0.149,125
idmap_r1,add,10000,0.15,125
idmap_r1,add,10000,0.151,125
idmap_r1,add,10000,0.152,125
idmap_r1,add,10000,0.153,125
idmap_r1,add,10000,0.154,125
idmap_r1,add,10000,0.155,125
idmap_r1,add,10000,0.156,125
idmap_r1,add,10000,0.157,125
idmap_r1,add,10000,0.158,125
idmap_r1,add,10000,0.159,125
idmap_r1,add,10000,0.16,125
idmap_r1,add,10000,0.161,125
idmap_r1,add,10000,0.162,125
idmap_r1,add,10000,0.163,125
idmap_r1,add,10000,0.164,125
idmap_r1,add,10000,0.165,125
idmap_r1,add,10000,0.166,125
idmap_r1,add,10000,0.167,125
idmap_r1,add,10000,0.168,125
idmap_r1,add,10000,0.169,125
idmap_r1,add,10000,0.17,125
idmap_r1,add,10000,0.171,125
idmap_r1,add,10000,0.172,125
idmap_r1,add,10000,0.173,125
idmap_r1,add,10000,0.174,125
idmap_r1,add,10000,0.175,125
idmap_r1,add,10000,0.176,125
idmap_r1,add,10000,0.177,125
idmap_r1,add,10000,0.178,125
idmap_r1,add,10000,0.179,125
idmap_r1,add,10000,0.18,125
idmap_r1,add,10000,0.181,125
idmap_r1,add,10000,0.182,125
idmap_r1,add,10000,0.183,125
idmap_r1,add,10000,0.184,125
idmap_r1,add,10000,0.185,125
idmap_r1,add,10000,0.186,125
idmap_r1,add,10000,0.187,125
idmap_r1,add,10000,0.188,125
idmap_r1,add,10000,0.189,125
idmap_r1,add,10000,0.19,125
idmap_r1,add,10000,0.191,125
idmap_r1,add,10000,0.192,125
idmap_r1,add,10000,0.193,125
idmap_r1,add,10000,0.194,125
idmap_r1,add,10000,0.195,125
idmap_r1,add,10000,0.196,125
idmap_r1,add,10000,0.197,125
idmap_r1,add,10000,0.198,125
idmap_r1,add,10000,0.199,125
idmap_r1,add,10000,0.2,125
idmap_r1,add,10000,0.201,125
idmap_r1,add,10000,0.202,125
idmap_r1,add,10000,0.203,125
idmap_r1,add,10000,0.204,125
idmap_r1,add,10000,0.205,125
idmap_r1,add,10000,0.206,125
idmap_r1,add,10000,0.207,125
idmap_r1,add,10000,0.208,125
idmap_r1,add,10000,0.209,125
idmap_r1,add,10000,0.21,125
idmap_r1,add,10000,0.211,125
idmap_r1,add,10000,0.212,125
idmap_r1,add,10000,0.213,125
idmap_r1,add,10000,0.214,125
idmap_r1,add,10000,0.215,125
idmap_r1,add,10000,0.216,125
idmap_r1,add,10000,0.217,125
idmap_r1,add,10000,0.218,125
idmap_r1,add,10000,0.219,125
idmap_r1,add,10000,0.22,125
idmap_r1,add,10000,0.221,125
idmap_r1,add,10000,0.222,125
idmap_r1,add,10000,0.223,125
idmap_r1,add,10000,0.224,125
idmap_r1,add,10000,0.225,125
idmap_r1,add,10000,0.226,125
idmap_r1,add,10000,0.227,125
idmap_r1,add,10000,0.228,125
idmap_r1,add,10000,0.229,125
idmap_r1,add,10000,0.23,125
idmap_r1,add,10000,0.231,125
idmap_r1,add,10000,0.232,125
idmap_r1,add,10000,0.233,125
idmap_r1,add,10000,0.234,125
idmap_r1,add,10000,0.235,125
idmap_r1,add,10000,0.236,125
idmap_r1,add,10000,0.237,125
idmap_r1,add,10000,0.238,125
idmap_r1,add,10000,0.239,125
idmap_r1,add,10000,0.24,125
idmap_r1,add,10000,0.241,125
idmap_r1,add,10000,0.242,125
idmap_r1,add,10000,0.243,125
idmap_r1,add,10000,0.244,125
idmap_r1,add,10000,0.245,125
idmap_r1,add,10000,0.246,125
idmap_r1,add,10000,0.247,125
idmap_r1,add,10000,0.248,125
idmap_r1,add,10000,0.249,125
idmap_r1,add,10000,0.25,125
idmap_r1,add,10000,0.251,125
idmap_r1,add,10000,0.252,125
idmap_r1,add,10000,0.253,125
idmap_r1,add,10000,0.254,125
idmap_r1,add,10000,0.255,125
idmap_r1,add,10000,0.256,125
idmap_r1,add,10000,0.257,125
idmap_r1,add,10000,0.258,125
idmap_r1,add,10000,0.259,125
idmap_r1,add,10000,0.26,125
idmap_r1,add,10000,0.261,125
idmap_r1,add,10000,0.262,125
idmap_r1,add,10000,0.263,125
idmap_r1,add,10000,0.264,125
idmap_r1,add,10000,0.265,125
idmap_r1,add,10000,0.266,125
idmap_r1,add,10000,0.267,125
idmap_r1,add,10000,0.268,125
idmap_r1,add,10000,0.269,125
idmap_r1,add,10000,0.27,125
idmap_r1,add,10000,0.271,125
idmap_r1,add,10000,0.272,125
idmap_r1,add,10000,0.273,125
idmap_r1,add,10000,0.274,125
idmap_r1,add,10000,0.275,125
idmap_r1,add,10000,0.276,125
idmap_r1,add,10000,0.277,125
idmap_r1,add,10000,0.278,125
idmap_r1,add,10000,0.279,125
idmap_r1,add,10000,0.28,125
idmap_r1,add,10000,0.281,125
idmap_r1,add,10000,0.282,125
idmap_r1,add,10000,0.283,125
idmap_r1,add,10000,0.284,125
idmap_r1,add,10000,0.285,125
idmap_r1,add,10000,0.286,125
idmap_r1,add,10000,0.287,125
idmap_r1,add,10000,0.288,125
idmap_r1,add,10000,0.289,125
idmap_r1,add,10000,0.29,125
idmap_r1,add,10000,0.291,125
idmap_r1,add,10000,0.292,125
idmap_r1,add,10000,0.293,125
idmap_r1,add,10000,0.294,125
idmap_r1,add,10000,0.295,125
idmap_r1,add,10000,0.296,125
idmap_r1,add,10000,0.297,125
idmap_r1,add,10000,0.298,125
idmap_r1,add,10000,0.299,125
idmap_r1,add,10000,0.3,125
idmap_r1,add,10000,0.301,125
idmap_r1,add,10000,0.302,125
idmap_r1,add,10000,0.303,125
idmap_r1,add,10000,0.304,125
idmap_r1,add,10000,0.305,125
idmap_r1,add,10000,0.306,125
idmap_r1,add,10000,0.307,125
idmap_r1,add,10000,0.308,125
idmap_r1,add,10000,0.309,125
idmap_r1,add,10000,0.31,125
idmap_r1,add,10000,0.311,125
idmap_r1,add,10000,0.312,125
idmap_r1,add,10000,0.313,125
idmap_r1,add,10000,0.314,125
idmap_r1,add,10000,0.315,125
idmap_r1,add,10000,0.316,125
idmap_r1,add,10000,0.317,125
idmap_r1,add,10000,0.318,125
idmap_r1,add,10000,0.319,125
idmap_r1,add,10000,0.32,125
idmap_r1,add,10000,0.321,125
idmap_r1,add,10000,0.322,125
idmap_r1,add,10000,0.323,125
idmap_r1,add,10000,0.324,125
idmap_r1,add,10000,0.325,125
idmap_r1,add,10000,0.326,125
idmap_r1,add,10000,0.327,125
idmap_r1,add,10000,0.328,125
idmap_r1,add,10000,0.329,125
idmap_r1,add,10000,0.33,125
idmap_r1,add,10000,0.331,125
idmap_r1,add,10000,0.332,125
idmap_r1,add,10000,0.333,125
idmap_r1,add,10000,0.334,125
idmap_r1,add,10000,0.335,125
idmap_r1,add,10000,0.336,125
idmap_r1,add,10000,0.337,125
idmap_r1,add,10000,0.338,125
idmap_r1,add,10000,0.339,125
idmap_r1,add,10000,0.34,125
idmap_r1,add,10000,0.341,166
idmap_r1,add,10000,0.342,166
idmap_r1,add,10000,0.343,166
idmap_r1,add,10000,0.344,166
idmap_r1,add,10000,0.345,166
idmap_r1,add,10000,0.346,166
idmap_r1,add,10000,0.347,166
idmap_r1,add,10000,0.348,166
idmap_r1,add,10000,0.349,166
idmap_r1,add,10000,0.35,166
idmap_r1,add,10000,0.351,166
idmap_r1,add,10000,0.352,166
idmap_r1,add,10000,0.353,166
idmap_r1,add,10000,0.354,166
idmap_r1,add,10000,0.355,166
idmap_r1,add,10000,0.356,166
idmap_r1,add,10000,0.357,166
idmap_r1,add,10000,0.358,166
idmap_r1,add,10000,0.359,166
idmap_r1,add,10000,0.36,166
idmap_r1,add,10000,0.361,166
idmap_r1,add,10000,0.362,166
idmap_r1,add,10000,0.363,166
idmap_r1,add,10000,0.364,166
idmap_r1,add,10000,0.365,166
idmap_r1,add,10000,0.366,166
idmap_r1,add,10000,0.367,166
idmap_r1,add,10000,0.368,166
idmap_r1,add,10000,0.369,166
idmap_r1,add,10000,0.37,166
idmap_r1,add,10000,0.371,166
idmap_r1,add,10000,0.372,166
idmap_r1,add,10000,0.373,166
idmap_r1,add,10000,0.374,166
idmap_r1,add,10000,0.375,166
idmap_r1,add,10000,0.376,166
idmap_r1,add,10000,0.377,166
idmap_r1,add,10000,0.378,166
idmap_r1,add,10000,0.379,166
idmap_r1,add,10000,0.38,166
idmap_r1,add,10000,0.381,166
idmap_r1,add,10000,0.382,166
idmap_r1,add,10000,0.383,166
idmap_r1,add,10000,0.384,166
idmap_r1,add,10000,0.385,166
idmap_r1,add,10000,0.386,166
idmap_r1,add,10000,0.387,166
idmap_r1,add,10000,0.388,166
idmap_r1,add,10000,0.389,166
idmap_r1,add,10000,0.39,166
idmap_r1,add,10000,0.391,166
idmap_r1,add,10000,0.392,166
idmap_r1,add,10000,0.393,166
idmap_r1,add,10000,0.394,166
idmap_r1,add,10000,0.395,166
idmap_r1,add,10000,0.396,166
idmap_r1,add,10000,0.397,166
idmap_r1,add,10000,0.398,166
idmap_r1,add,10000,0.399,166
idmap_r1,add,10000,0.4,166
idmap_r1,add,10000,0.401,166
idmap_r1,add,10000,0.402,166
idmap_r1,add,10000,0.403,166
idmap_r1,add,10000,0.404,166
idmap_r1,add,10000,0.405,166
idmap_r1,add,10000,0.406,166
idmap_r1,add,10000,0.407,166
idmap_r1,add,10000,0.408,166
idmap_r1,add,10000,0.409,166
idmap_r1,add,10000,0.41,166
idmap_r1,add,10000,0.411,166
idmap_r1,add,10000,0.412,166
idmap_r1,add,10000,0.413,166
idmap_r1,add,10000,0.414,166
idmap_r1,add,10000,0.415,166
idmap_r1,add,10000,0.416,166
idmap_r1,add,10000,0.417,166
idmap_r1,add,10000,0.418,166
idmap_r1,add,10000,0.419,166
idmap_r1,add,10000,0.42,166
idmap_r1,add,10000,0.421,166
idmap_r1,add,10000,0.422,166
idmap_r1,add,10000,0.423,166
idmap_r1,add,10000,0.424,166
idmap_r1,add,10000,0.425,166
idmap_r1,add,10000,0.426,166
idmap_r1,add,10000,0.427,166
idmap_r1,add,10000,0.428,166
idmap_r1,add,10000,0.429,166
idmap_r1,add,10000,0.43,166
idmap_r1,add,10000,0.431,166
idmap_r1,add,10000,0.432,166
idmap_r1,add,10000,0.433,166
idmap_r1,add,10000,0.434,166
idmap_r1,add,10000,0.435,166
idmap_r1,add,10000,0.436,166
idmap_r1,add,10000,0.437,166
idmap_r1,add,10000,0.438,166
idmap_r1,add,10000,0.439,166
idmap_r1,add,10000,0.44,166
idmap_r1,add,10000,0.441,167
idmap_r1,add,10000,0.442,167
idmap_r1,add,10000,0.443,167
idmap_r1,add,10000,0.444,167
idmap_r1,add,10000,0.445,167
idmap_r1,add,10000,0.446,167
idmap_r1,add,10000,0.447,167
idmap_r1,add,10000,0.448,167
idmap_r1,add,10000,0.449,167
idmap_r1,add,10000,0.45,167
idmap_r1,add,10000,0.451,167
idmap_r1,add,10000,0.452,167
idmap_r1,add,10000,0.453,167
idmap_r1,add,10000,0.454,167
idmap_r1,add,10000,0.455,167
idmap_r1,add,10000,0.456,167
idmap_r1,add,10000,0.457,167
idmap_r1,add,10000,0.458,167
idmap_r1,add,10000,0.459,167
idmap_r1,add,10000,0.46,167
idmap_r1,add,10000,0.461,167
idmap_r1,add,10000,0.462,167
idmap_r1,add,10000,0.463,167
idmap_r1,add,10000,0.464,167
idmap_r1,add,10000,0.465,167
idmap_r1,add,10000,0.466,167
idmap_r1,add,10000,0.467,167
idmap_r1,add,10000,0.468,167
idmap_r1,add,10000,0.469,167
idmap_r1,add,10000,0.47,167
idmap_r1,add,10000,0.471,167
idmap_r1,add,10000,0.472,167
idmap_r1,add,10000,0.473,167
idmap_r1,add,10000,0.474,167
idmap_r1,add,10000,0.475,167
idmap_r1,add,10000,0.476,167
idmap_r1,add,10000,0.477,167
idmap_r1,add,10000,0.478,167
idmap_r1,add,10000,0.479,167
idmap_r1,add,10000,0.48,167
idmap_r1,add,10000,0.481,167
idmap_r1,add,10000,0.482,167
idmap_r1,add,10000,0.483,167
idmap_r1,add,10000,0.484,167
idmap_r1,add,10000,0.485,167
idmap_r1,add,10000,0.486,167
idmap_r1,add,10000,0.487,167
idmap_r1,add,10000,0.488,167
idmap_r1,add,10000,0.489,167
idmap_r1,add,10000,0.49,167
idmap_r1,add,10000,0.491,167
idmap_r1,add,10000,0.492,167
idmap_r1,add,10000,0.493,167
idmap_r1,add,10000,0.494,167
idmap_r1,add,10000,0.495,167
idmap_r1,add,10000,0.496,167
idmap_r1,add,10000,0.497,167
idmap_r1,add,10000,0.498,167
idmap_r1,add,10000,0.499,167
idmap_r1,add,10000,0.5,167
idmap_r1,add,10000,0.501,167
idmap_r1,add,10000,0.502,167
idmap_r1,add,10000,0.503,167
idmap_r1,add,10000,0.504,167
idmap_r1,add,10000,0.505,167
idmap_r1,add,10000,0.506,167
idmap_r1,add,10000,0.507,167
idmap_r1,add,10000,0.508,167
idmap_r1,add,10000,0.509,167
idmap_r1,add,10000,0.51,167
idmap_r1,add,10000,0.511,167
idmap_r1,add,10000,0.512,167
idmap_r1,add,10000,0.513,167
idmap_r1,add,10000,0.514,167
idmap_r1,add,10000,0.515,167
idmap_r1,add,10000,0.516,167
idmap_r1,add,10000,0.517,167
idmap_r1,add,10000,0.518,167
idmap_r1,add,10000,0.519,167
idmap_r1,add,10000,0.52,167
idmap_r1,add,10000,0.521,167
idmap_r1,add,10000,0.522,167
idmap_r1,add,10000,0.523,167
idmap_r1,add,10000,0.524,167
idmap_r1,add,10000,0.525,167
idmap_r1,add,10000,0.526,167
idmap_r1,add,10000,0.527,167
idmap_r1,add,10000,0.528,167
idmap_r1,add,10000,0.529,167
idmap_r1,add,10000,0.53,167
idmap_r1,add,10000,0.531,167
idmap_r1,add,10000,0.532,167
idmap_r1,add,10000,0.533,167
idmap_r1,add,10000,0.534,167
idmap_r1,add,10000,0.535,167
idmap_r1,add,10000,0.536,167
idmap_r1,add,10000,0.537,167
idmap_r1,add,10000,0.538,167
idmap_r1,add,10000,0.539,167
idmap_r1,add,10000,0.54,167
idmap_r1,add,10000,0.541,167
idmap_r1,add,10000,0.542,167
idmap_r1,add,10000,0.543,167
idmap_r1,add,10000,0.544,167
idmap_r1,add,10000,0.545,167
idmap_r1,add,10000,0.546,167
idmap_r1,add,10000,0.547,167
idmap_r1,add,10000,0.548,167
idmap_r1,add,10000,0.549,167
idmap_r1,add,10000,0.55,167
idmap_r1,add,10000,0.551,167
idmap_r1,add,10000,0.552,167
idmap_r1,add,10000,0.553,167
idmap_r1,add,10000,0.554,167
idmap_r1,add,10000,0.555,167
idmap_r1,add,10000,0.556,167
idmap_r1,add,10000,0.557,167
idmap_r1,add,10000,0.558,167
idmap_r1,add,10000,0.559,167
idmap_r1,add,10000,0.56,167
idmap_r1,add,10000,0.561,167
idmap_r1,add,10000,0.562,167
idmap_r1,add,10000,0.563,167
idmap_r1,add,10000,0.564,167
idmap_r1,add,10000,0.565,167
idmap_r1,add,10000,0.566,167
idmap_r1,add,10000,0.567,167
idmap_r1,add,10000,0.568,167
idmap_r1,add,10000,0.569,167
idmap_r1,add,10000,0.57,167
idmap_r1,add,10000,0.571,167
idmap_r1,add,10000,0.572,167
idmap_r1,add,10000,0.573,167
idmap_r1,add,10000,0.574,167
idmap_r1,add,10000,0.575,167
idmap_r1,add,10000,0.576,167
idmap_r1,add,10000,0.577,167
idmap_r1,add,10000,0.578,167
idmap_r1,add,10000,0.579,167
idmap_r1,add,10000,0.58,167
idmap_r1,add,10000,0.581,167
idmap_r1,add,10000,0.582,167
idmap_r1,add,10000,0.583,167
idmap_r1,add,10000,0.584,167
idmap_r1,add,10000,0.585,167
idmap_r1,add,10000,0.586,167
idmap_r1,add,10000,0.587,167
idmap_r1,add,10000,0.588,167
idmap_r1,add,10000,0.589,167
idmap_r1,add,10000,0.59,167
idmap_r1,add,10000,0.591,167
idmap_r1,add,10000,0.592,167
idmap_r1,add,10000,0.593,167
idmap_r1,add,10000,0.594,167
idmap_r1,add,10000,0.595,167
idmap_r1,add,10000,0.596,167
idmap_r1,add,10000,0.597,167
idmap_r1,add,10000,0.598,167
idmap_r1,add,10000,0.599,167
idmap_r1,add,10000,0.6,167
idmap_r1,add,10000,0.601,167
idmap_r1,add,10000,0.602,167
idmap_r1,add,10000,0.603,167
idmap_r1,add,10000,0.604,167
idmap_r1,add,10000,0.605,167
idmap_r1,add,10000,0.606,167
idmap_r1,add,10000,0.607,167
idmap_r1,add,10000,0.608,167
idmap_r1,add,10000,0.609,167
idmap_r1,add,10000,0.61,167
idmap_r1,add,10000,0.611,167
idmap_r1,add,10000,0.612,167
idmap_r1,add,10000,0.613,167
idmap_r1,add,10000,0.614,167
idmap_r1,add,10000,0.615,167
idmap_r1,add,10000,0.616,167
idmap_r1,add,10000,0.617,167
idmap_r1,add,10000,0.618,167
idmap_r1,add,10000,0.619,167
idmap_r1,add,10000,0.62,167
idmap_r1,add,10000,0.621,167
idmap_r1,add,10000,0.622,167
idmap_r1,add,10000,0.623,167
idmap_r1,add,10000,0.624,167
idmap_r1,add,10000,0.625,167
idmap_r1,add,10000,0.626,167
idmap_r1,add,10000,0.627,167
idmap_r1,add,10000,0.628,167
idmap_r1,add,10000,0.629,167
idmap_r1,add,10000,0.63,167
idmap_r1,add,10000,0.631,167
idmap_r1,add,10000,0.632,167
idmap_r1,add,10000,0.633,167
idmap_r1,add,10000,0.634,167
idmap_r1,add,10000,0.635,167
idmap_r1,add,10000,0.636,167
idmap_r1,add,10000,0.637,167
idmap_r1,add,10000,0.638,167
idmap_r1,add,10000,0.639,167
idmap_r1,add,10000,0.64,167
idmap_r1,add,10000,0.641,208
idmap_r1,add,10000,0.642,208
idmap_r1,add,10000,0.643,208
idmap_r1,add,10000,0.644,208
idmap_r1,add,10000,0.645,208
idmap_r1,add,10000,0.646,208
idmap_r1,add,10000,0.647,208
idmap_r1,add,10000,0.648,208
idmap_r1,add,10000,0.649,208
idmap_r1,add,10000,0.65,208
idmap_r1,add,10000,0.651,208
idmap_r1,add,10000,0.652,208
idmap_r1,add,10000,0.653,208
idmap_r1,add,10000,0.654,208
idmap_r1,add,10000,0.655,208
idmap_r1,add,10000,0.656,208
idmap_r1,add,10000,0.657,208
idmap_r1,add,10000,0.658,208
idmap_r1,add,10000,0.659,208
idmap_r1,add,10000,0.66,208
idmap_r1,add,10000,0.661,208
idmap_r1,add,10000,0.662,208
idmap_r1,add,10000,0.663,208
idmap_r1,add,10000,0.664,208
idmap_r1,add,10000,0.665,208
idmap_r1,add,10000,0.666,208
idmap_r1,add,10000,0.667,208
idmap_r1,add,10000,0.668,208
idmap_r1,add,10000,0.669,208
idmap_r1,add,10000,0.67,208
idmap_r1,add,10000,0.671,208
idmap_r1,add,10000,0.672,208
idmap_r1,add,10000,0.673,208
idmap_r1,add,10000,0.674,208
idmap_r1,add,10000,0.675,208
idmap_r1,add,10000,0.676,208
idmap_r1,add,10000,0.677,208
idmap_r1,add,10000,0.678,208
idmap_r1,add,10000,0.679,208
idmap_r1,add,10000,0.68,208
idmap_r1,add,10000,0.681,208
idmap_r1,add,10000,0.682,208
idmap_r1,add,10000,0.683,208
idmap_r1,add,10000,0.684,208
idmap_r1,add,10000,0.685,208
idmap_r1,add,10000,0.686,208
idmap_r1,add,10000,0.687,208
idmap_r1,add,10000,0.688,208
idmap_r1,add,10000,0.689,208
idmap_r1,add,10000,0.69,208
idmap_r1,add,10000,0.691,208
idmap_r1,add,10000,0.692,208
idmap_r1,add,10000,0.693,208
idmap_r1,add,10000,0.694,208
idmap_r1,add,10000,0.695,208
idmap_r1,add,10000,0.696,208
idmap_r1,add,10000,0.697,208
idmap_r1,add,10000,0.698,208
idmap_r1,add,10000,0.699,208
idmap_r1,add,10000,0.7,208
idmap_r1,add,10000,0.701,208
idmap_r1,add,10000,0.702,208
idmap_r1,add,10000,0.703,208
idmap_r1,add,10000,0.704,208
idmap_r1,add,10000,0.705,208
idmap_r1,add,10000,0.706,208
idmap_r1,add,10000,0.707,208
idmap_r1,add,10000,0.708,208
idmap_r1,add,10000,0.709,208
idmap_r1,add,10000,0.71,208
idmap_r1,add,10000,0.711,208
idmap_r1,add,10000,0.712,208
idmap_r1,add,10000,0.713,208
idmap_r1,add,10000,0.714,208
idmap_r1,add,10000,0.715,208
idmap_r1,add,10000,0.716,208
idmap_r1,add,10000,0.717,208
idmap_r1,add,10000,0.718,208
idmap_r1,add,10000,0.719,208
idmap_r1,add,10000,0.72,208
idmap_r1,add,10000,0.721,208
idmap_r1,add,10000,0.722,208
idmap_r1,add,10000,0.723,208
idmap_r1,add,10000,0.724,208
idmap_r1,add,10000,0.725,208
idmap_r1,add,10000,0.726,208
idmap_r1,add,10000,0.727,208
idmap_r1,add,10000,0.728,208
idmap_r1,add,10000,0.729,208
idmap_r1,add,10000,0.73,208
idmap_r1,add,10000,0.731,208
idmap_r1,add,10000,0.732,208
idmap_r1,add,10000,0.733,208
idmap_r1,add,10000,0.734,208
idmap_r1,add,10000,0.735,208
idmap_r1,add,10000,0.736,208
idmap_r1,add,10000,0.737,208
idmap_r1,add,10000,0.738,208
idmap_r1,add,10000,0.739,208
idmap_r1,add,10000,0.74,208
idmap_r1,add,10000,0.741,208
idmap_r1,add,10000,0.742,208
idmap_r1,add,10000,0.743,208
idmap_r1,add,10000,0.744,209
idmap_r1,add,10000,0.745,209
idmap_r1,add,10000,0.746,209
idmap_r1,add,10000,0.747,209
idmap_r1,add,10000,0.748,209
idmap_r1,add,10000,0.749,209
idmap_r1,add,10000,0.75,209
idmap_r1,add,10000,0.751,209
idmap_r1,add,10000,0.752,209
idmap_r1,add,10000,0.753,209
idmap_r1,add,10000,0.754,209
idmap_r1,add,10000,0.755,209
idmap_r1,add,10000,0.756,209
idmap_r1,add,10000,0.757,209
idmap_r1,add,10000,0.758,209
idmap_r1,add,10000,0.759,209
idmap_r1,add,10000,0.76,209
idmap_r1,add,10000,0.761,209
idmap_r1,add,10000,0.762,209
idmap_r1,add,10000,0.763,209
idmap_r1,add,10000,0.764,209
idmap_r1,add,10000,0.765,209
idmap_r1,add,10000,0.766,209
idmap_r1,add,10000,0.767,209
idmap_r1,add,10000,0.768,209
idmap_r1,add,10000,0.769,209
idmap_r1,add,10000,0.77,209
idmap_r1,add,10000,0.771,209
idmap_r1,add,10000,0.772,209
idmap_r1,add,10000,0.773,209
idmap_r1,add,10000,0.774,209
idmap_r1,add,10000,0.775,209
idmap_r1,add,10000,0.776,209
idmap_r1,add,10000,0.777,209
idmap_r1,add,10000,0.778,209
idmap_r1,add,10000,0.779,209
idmap_r1,add,10000,0.78,209
idmap_r1,add,10000,0.781,209
idmap_r1,add,10000,0.782,209
idmap_r1,add,10000,0.783,209
idmap_r1,add,10000,0.784,209
idmap_r1,add,10000,0.785,209
idmap_r1,add,10000,0.786,209
idmap_r1,add,10000,0.787,209
idmap_r1,add,10000,0.788,209
idmap_r1,add,10000,0.789,209
idmap_r1,add,10000,0.79,209
idmap_r1,add,10000,0.791,209
idmap_r1,add,10000,0.792,209
idmap_r1,add,10000,0.793,209
idmap_r1,add,10000,0.794,209
idmap_r1,add,10000,0.795,250
idmap_r1,add,10000,0.796,250
idmap_r1,add,10000,0.797,250
idmap_r1,add,10000,0.798,250
idmap_r1,add,10000,0.799,250
idmap_r1,add,10000,0.8,250
idmap_r1,add,10000,0.801,250
idmap_r1,add,10000,0.802,250
idmap_r1,add,10000,0.803,250
idmap_r1,add,10000,0.804,250
idmap_r1,add,10000,0.805,250
idmap_r1,add,10000,0.806,250
idmap_r1,add,10000,0.807,250
idmap_r1,add,10000,0.808,250
idmap_r1,add,10000,0.809,250
idmap_r1,add,10000,0.81,250
idmap_r1,add,10000,0.811,250
idmap_r1,add,10000,0.812,250
idmap_r1,add,10000,0.813,250
idmap_r1,add,10000,0.814,250
idmap_r1,add,10000,0.815,250
idmap_r1,add,10000,0.816,250
idmap_r1,add,10000,0.817,250
idmap_r1,add,10000,0.818,250
idmap_r1,add,10000,0.819,250
idmap_r1,add,10000,0.82,250
idmap_r1,add,10000,0.821,250
idmap_r1,add,10000,0.822,250
idmap_r1,add,10000,0.823,250
idmap_r1,add,10000,0.824,250
idmap_r1,add,10000,0.825,250
idmap_r1,add,10000,0.826,250
idmap_r1,add,10000,0.827,250
idmap_r1,add,10000,0.828,250
idmap_r1,add,10000,0.829,250
idmap_r1,add,10000,0.83,250
idmap_r1,add,10000,0.831,250
idmap_r1,add,10000,0.832,250
idmap_r1,add,10000,0.833,250
idmap_r1,add,10000,0.834,250
idmap_r1,add,10000,0.835,250
idmap_r1,add,10000,0.836,250
idmap_r1,add,10000,0.837,250
idmap_r1,add,10000,0.838,250
idmap_r1,add,10000,0.839,250
idmap_r1,add,10000,0.84,250
idmap_r1,add,10000,0.841,250
idmap_r1,add,10000,0.842,250
idmap_r1,add,10000,0.843,250
idmap_r1,add,10000,0.844,250
idmap_r1,add,10000,0.845,250
idmap_r1,add,10000,0.846,250
idmap_r1,add,10000,0.847,250
idmap_r1,add,10000,0.848,250
idmap_r1,add,10000,0.849,250
idmap_r1,add,10000,0.85,250
idmap_r1,add,10000,0.851,250
idmap_r1,add,10000,0.852,250
idmap_r1,add,10000,0.853,250
idmap_r1,add,10000,0.854,250
idmap_r1,add,10000,0.855,250
idmap_r1,add,10000,0.856,250
idmap_r1,add,10000,0.857,250
idmap_r1,add,10000,0.858,250
idmap_r1,add,10000,0.859,250
idmap_r1,add,10000,0.86,250
idmap_r1,add,10000,0.861,250
idmap_r1,add,10000,0.862,250
idmap_r1,add,10000,0.863,250
idmap_r1,add,10000,0.864,250
idmap_r1,add,10000,0.865,250
idmap_r1,add,10000,0.866,250
idmap_r1,add,10000,0.867,250
idmap_r1,add,10000,0.868,250
idmap_r1,add,10000,0.869,250
idmap_r1,add,10000,0.87,250
idmap_r1,add,10000,0.871,250
idmap_r1,add,10000,0.872,250
idmap_r1,add,10000,0.873,250
idmap_r1,add,10000,0.874,250
idmap_r1,add,10000,0.875,250
idmap_r1,add,10000,0.876,250
idmap_r1,add,10000,0.877,250
idmap_r1,add,10000,0.878,250
idmap_r1,add,10000,0.879,250
idmap_r1,add,10000,0.88,250
idmap_r1,add,10000,0.881,250
idmap_r1,add,10000,0.882,250
idmap_r1,add,10000,0.883,250
idmap_r1,add,10000,0.884,250
idmap_r1,add,10000,0.885,250
idmap_r1,add,10000,0.886,250
idmap_r1,add,10000,0.887,250
idmap_r1,add,10000,0.888,250
idmap_r1,add,10000,0.889,250
idmap_r1,add,10000,0.89,250
idmap_r1,add,10000,0.891,250
idmap_r1,add,10000,0.892,250
idmap_r1,add,10000,0.893,250
idmap_r1,add,10000,0.894,250
idmap_r1,add,10000,0.895,250
idmap_r1,add,10000,0.896,250
idmap_r1,add,10000,0.897,250
idmap_r1,add,10000,0.898,250
idmap_r1,add,10000,0.899,250
idmap_r1,add,10000,0.9,250
idmap_r1,add,10000,0.901,250
idmap_r1,add,10000,0.902,250
idmap_r1,add,10000,0.903,250
idmap_r1,add,10000,0.904,250
idmap_r1,add,10000,0.905,250
idmap_r1,add,10000,0.906,250
idmap_r1,add,10000,0.907,250
idmap_r1,add,10000,0.908,250
idmap_r1,add,10000,0.909,250
idmap_r1,add,10000,0.91,291
idmap_r1,add,10000,0.911,291
idmap_r1,add,10000,0.912,291
idmap_r1,add,10000,0.913,291
idmap_r1,add,10000,0.914,291
idmap_r1,add,10000,0.915,291
idmap_r1,add,10000,0.916,291
idmap_r1,add,10000,0.917,291
idmap_r1,add,10000,0.918,291
idmap_r1,add,10000,0.919,291
idmap_r1,add,10000,0.92,291
idmap_r1,add,10000,0.921,291
idmap_r1,add,10000,0.922,291
idmap_r1,add,10000,0.923,291
idmap_r1,add,10000,0.924,291
idmap_r1,add,10000,0.925,292
idmap_r1,add,10000,0.926,292
idmap_r1,add,10000,0.927,292
idmap_r1,add,10000,0.928,292
idmap_r1,add,10000,0.929,292
idmap_r1,add,10000,0.93,292
idmap_r1,add,10000,0.931,292
idmap_r1,add,10000,0.932,292
idmap_r1,add,10000,0.933,292
idmap_r1,add,10000,0.934,292
idmap_r1,add,10000,0.935,292
idmap_r1,add,10000,0.936,292
idmap_r1,add,10000,0.937,292
idmap_r1,add,10000,0.938,292
idmap_r1,add,10000,0.939,292
idmap_r1,add,10000,0.94,292
idmap_r1,add,10000,0.941,292
idmap_r1,add,10000,0.942,292
idmap_r1,add,10000,0.943,292
idmap_r1,add,10000,0.944,292
idmap_r1,add,10000,0.945,292
idmap_r1,add,10000,0.946,292
idmap_r1,add,10000,0.947,292
idmap_r1,add,10000,0.948,292
idmap_r1,add,10000,0.949,292
idmap_r1,add,10000,0.95,292
idmap_r1,add,10000,0.951,292
idmap_r1,add,10000,0.952,292
idmap_r1,add,10000,0.953,292
idmap_r1,add,10000,0.954,292
idmap_r1,add,10000,0.955,333
idmap_r1,add,10000,0.956,333
idmap_r1,add,10000,0.957,333
idmap_r1,add,10000,0.958,333
idmap_r1,add,10000,0.959,333
idmap_r1,add,10000,0.96,333
idmap_r1,add,10000,0.961,333
idmap_r1,add,10000,0.962,333
idmap_r1,add,10000,0.963,333
idmap_r1,add,10000,0.964,333
idmap_r1,add,10000,0.965,333
idmap_r1,add,10000,0.966,333
idmap_r1,add,10000,0.967,333
idmap_r1,add,10000,0.968,333
idmap_r1,add,10000,0.969,333
idmap_r1,add,10000,0.97,334
idmap_r1,add,10000,0.971,334
idmap_r1,add,10000,0.972,334
idmap_r1,add,10000,0.973,334
idmap_r1,add,10000,0.974,334
idmap_r1,add,10000,0.975,334
idmap_r1,add,10000,0.976,334
idmap_r1,add,10000,0.977,375
idmap_r1,add,10000,0.978,375
idmap_r1,add,10000,0.979,375
idmap_r1,add,10000,0.98,375
idmap_r1,add,10000,0.981,375
idmap_r1,add,10000,0.982,375
idmap_r1,add,10000,0.983,375
idmap_r1,add,10000,0.984,375
idmap_r1,add,10000,0.985,375
idmap_r1,add,10000,0.986,375
idmap_r1,add,10000,0.987,416
idmap_r1,add,10000,0.988,417
idmap_r1,add,10000,0.989,417
idmap_r1,add,10000,0.99,417
idmap_r1,add,10000,0.991,458
idmap_r1,add,10000,0.992,458
idmap_r1,add,10000,0.993,459
idmap_r1,add,10000,0.994,500
idmap_r1,add,10000,0.995,542
idmap_r1,add,10000,0.996,583
idmap_r1,add,10000,0.997,667
idmap_r1,add,10000,0.998,1041
idmap_r1,add,10000,0.999,3208
idmap_r1,cancel,10000,0,41
idmap_r1,cancel,10000,0.001,42
idmap_r1,cancel,10000,0.002,83
idmap_r1,cancel,10000,0.003,83
idmap_r1,cancel,10000,0.004,83
idmap_r1,cancel,10000,0.005,83
idmap_r1,cancel,10000,0.006,83
idmap_r1,cancel,10000,0.007,83
idmap_r1,cancel,10000,0.008,83
idmap_r1,cancel,10000,0.009,83
idmap_r1,cancel,10000,0.01,83
idmap_r1,cancel,10000,0.011,83
idmap_r1,cancel,10000,0.012,83
idmap_r1,cancel,10000,0.013,84
idmap_r1,cancel,10000,0.014,84
idmap_r1,cancel,10000,0.015,84
idmap_r1,cancel,10000,0.016,84
idmap_r1,cancel,10000,0.017,84
idmap_r1,cancel,10000,0.018,125
idmap_r1,cancel,10000,0.019,125
idmap_r1,cancel,10000,0.02,125
idmap_r1,cancel,10000,0.021,125
idmap_r1,cancel,10000,0.022,125
idmap_r1,cancel,10000,0.023,125
idmap_r1,cancel,10000,0.024,125
idmap_r1,cancel,10000,0.025,125
idmap_r1,cancel,10000,0.026,125
idmap_r1,cancel,10000,0.027,125
idmap_r1,cancel,10000,0.028,125
idmap_r1,cancel,10000,0.029,125
idmap_r1,cancel,10000,0.03,125
idmap_r1,cancel,10000,0.031,125
idmap_r1,cancel,10000,0.032,125
idmap_r1,cancel,10000,0.033,125
idmap_r1,cancel,10000,0.034,125
idmap_r1,cancel,10000,0.035,125
idmap_r1,cancel,10000,0.036,125
idmap_r1,cancel,10000,0.037,125
idmap_r1,cancel,10000,0.038,125
idmap_r1,cancel,10000,0.039,125
idmap_r1,cancel,10000,0.04,125
idmap_r1,cancel,10000,0.041,125
idmap_r1,cancel,10000,0.042,125
idmap_r1,cancel,10000,0.043,125
idmap_r1,cancel,10000,0.044,125
idmap_r1,cancel,10000,0.045,125
idmap_r1,cancel,10000,0.046,125
idmap_r1,cancel,10000,0.047,125
idmap_r1,cancel,10000,0.048,125
idmap_r1,cancel,10000,0.049,125
idmap_r1,cancel,10000,0.05,125
idmap_r1,cancel,10000,0.051,125
idmap_r1,cancel,10000,0.052,125
idmap_r1,cancel,10000,0.053,125
idmap_r1,cancel,10000,0.054,125
idmap_r1,cancel,10000,0.055,125
idmap_r1,cancel,10000,0.056,125
idmap_r1,cancel,10000,0.057,125
idmap_r1,cancel,10000,0.058,125
idmap_r1,cancel,10000,0.059,125
idmap_r1,cancel,10000,0.06,125
idmap_r1,cancel,10000,0.061,166
idmap_r1,cancel,10000,0.062,166
idmap_r1,cancel,10000,0.063,166
idmap_r1,cancel,10000,0.064,166
idmap_r1,cancel,10000,0.065,166
idmap_r1,cancel,10000,0.066,166
idmap_r1,cancel,10000,0.067,166
idmap_r1,cancel,10000,0.068,166
idmap_r1,cancel,10000,0.069,166
idmap_r1,cancel,10000,0.07,166
idmap_r1,cancel,10000,0.071,166
idmap_r1,cancel,10000,0.072,166
idmap_r1,cancel,10000,0.073,166
idmap_r1,cancel,10000,0.074,166
idmap_r1,cancel,10000,0.075,166
idmap_r1,cancel,10000,0.076,166
idmap_r1,cancel,10000,0.077,166
idmap_r1,cancel,10000,0.078,166
idmap_r1,cancel,10000,0.079,166
idmap_r1,cancel,10000,0.08,166
idmap_r1,cancel,10000,0.081,166
idmap_r1,cancel,10000,0.082,166
idmap_r1,cancel,10000,0.083,166
idmap_r1,cancel,10000,0.084,166
idmap_r1,cancel,10000,0.085,166
idmap_r1,cancel,10000,0.086,166
idmap_r1,cancel,10000,0.087,166
idmap_r1,cancel,10000,0.088,166
idmap_r1,cancel,10000,0.089,166
idmap_r1,cancel,10000,0.09,166
idmap_r1,cancel,10000,0.091,166
idmap_r1,cancel,10000,0.092,166
idmap_r1,cancel,10000,0.093,166
idmap_r1,cancel,10000,0.094,166
idmap_r1,cancel,10000,0.095,166
idmap_r1,cancel,10000,0.096,166
idmap_r1,cancel,10000,0.097,166
idmap_r1,cancel,10000,0.098,166
idmap_r1,cancel,10000,0.099,166
idmap_r1,cancel,10000,0.1,166
idmap_r1,cancel,10000,0.101,166
idmap_r1,cancel,10000,0.102,166
idmap_r1,cancel,10000,0.103,166
idmap_r1,cancel,10000,0.104,166
idmap_r1,cancel,10000,0.105,166
idmap_r1,cancel,10000,0.106,166
idmap_r1,cancel,10000,0.107,166
idmap_r1,cancel,10000,0.108,166
idmap_r1,cancel,10000,0.109,166
idmap_r1,cancel,10000,0.11,166
idmap_r1,cancel,10000,0.111,167
idmap_r1,cancel,10000,0.112,167
idmap_r1,cancel,10000,0.113,167
idmap_r1,cancel,10000,0.114,167
idmap_r1,cancel,10000,0.115,167
idmap_r1,cancel,10000,0.116,167
idmap_r1,cancel,10000,0.117,167
idmap_r1,cancel,10000,0.118,167
idmap_r1,cancel,10000,0.119,167
idmap_r1,cancel,10000,0.12,167
idmap_r1,cancel,10000,0.121,167
idmap_r1,cancel,10000,0.122,167
idmap_r1,cancel,10000,0.123,167
idmap_r1,cancel,10000,0.124,167
idmap_r1,cancel,10000,0.125,167
idmap_r1,cancel,10000,0.126,167
idmap_r1,cancel,10000,0.127,167
idmap_r1,cancel,10000,0.128,167
idmap_r1,cancel,10000,0.129,167
idmap_r1,cancel,10000,0.13,167
idmap_r1,cancel,10000,0.131,167
idmap_r1,cancel,10000,0.132,167
idmap_r1,cancel,10000,0.133,167
idmap_r1,cancel,10000,0.134,167
idmap_r1,cancel,10000,0.135,167
idmap_r1,cancel,10000,0.136,167
idmap_r1,cancel,10000,0.137,167
idmap_r1,cancel,10000,0.138,167
idmap_r1,cancel,10000,0.139,167
idmap_r1,cancel,10000,0.14,167
idmap_r1,cancel,10000,0.141,167
idmap_r1,cancel,10000,0.142,167
idmap_r1,cancel,10000,0.143,167
idmap_r1,cancel,10000,0.144,167
idmap_r1,cancel,10000,0.145,167
idmap_r1,cancel,10000,0.146,167
idmap_r1,cancel,10000,0.147,167
idmap_r1,cancel,10000,0.148,167
idmap_r1,cancel,10000,0.149,167
idmap_r1,cancel,10000,0.15,167
idmap_r1,cancel,10000,0.151,167
idmap_r1,cancel,10000,0.152,167
idmap_r1,cancel,10000,0.153,167
idmap_r1,cancel,10000,0.154,167
idmap_r1,cancel,10000,0.155,167
idmap_r1,cancel,10000,0.156,167
idmap_r1,cancel,10000,0.157,167
idmap_r1,cancel,10000,0.158,167
idmap_r1,cancel,10000,0.159,167
idmap_r1,cancel,10000,0.16,167
idmap_r1,cancel,10000,0.161,167
idmap_r1,cancel,10000,0.162,167
idmap_r1,cancel,10000,0.163,167
idmap_r1,cancel,10000,0.164,167
idmap_r1,cancel,10000,0.165,167
idmap_r1,cancel,10000,0.166,167
idmap_r1,cancel,10000,0.167,167
idmap_r1,cancel,10000,0.168,167
idmap_r1,cancel,10000,0.169,167
idmap_r1,cancel,10000,0.17,167
idmap_r1,cancel,10000,0.171,167
idmap_r1,cancel,10000,0.172,167
idmap_r1,cancel,10000,0.173,167
idmap_r1,cancel,10000,0.174,167
idmap_r1,cancel,10000,0.175,167
idmap_r1,cancel,10000,0.176,167
idmap_r1,cancel,10000,0.177,167
idmap_r1,cancel,10000,0.178,167
idmap_r1,cancel,10000,0.179,167
idmap_r1,cancel,10000,0.18,167
idmap_r1,cancel,10000,0.181,167
idmap_r1,cancel,10000,0.182,167
idmap_r1,cancel,10000,0.183,167
idmap_r1,cancel,10000,0.184,167
idmap_r1,cancel,10000,0.185,167
idmap_r1,cancel,10000,0.186,167
idmap_r1,cancel,10000,0.187,167
idmap_r1,cancel,10000,0.188,167
idmap_r1,cancel,10000,0.189,167
idmap_r1,cancel,10000,0.19,167
idmap_r1,cancel,10000,0.191,167
idmap_r1,cancel,10000,0.192,167
idmap_r1,cancel,10000,0.193,167
idmap_r1,cancel,10000,0.194,167
idmap_r1,cancel,10000,0.195,167
idmap_r1,cancel,10000,0.196,167
idmap_r1,cancel,10000,0.197,167
idmap_r1,cancel,10000,0.198,167
idmap_r1,cancel,10000,0.199,167
idmap_r1,cancel,10000,0.2,167
idmap_r1,cancel,10000,0.201,167
idmap_r1,cancel,10000,0.202,167
idmap_r1,cancel,10000,0.203,167
idmap_r1,cancel,10000,0.204,167
idmap_r1,cancel,10000,0.205,167
idmap_r1,cancel,10000,0.206,167
idmap_r1,cancel,10000,0.207,167
idmap_r1,cancel,10000,0.208,167
idmap_r1,cancel,10000,0.209,167
idmap_r1,cancel,10000,0.21,167
idmap_r1,cancel,10000,0.211,167
idmap_r1,cancel,10000,0.212,208
idmap_r1,cancel,10000,0.213,208
idmap_r1,cancel,10000,0.214,208
idmap_r1,cancel,10000,0.215,208
idmap_r1,cancel,10000,0.216,208
idmap_r1,cancel,10000,0.217,208
idmap_r1,cancel,10000,0.218,208
idmap_r1,cancel,10000,0.219,208
idmap_r1,cancel,10000,0.22,208
idmap_r1,cancel,10000,0.221,208
idmap_r1,cancel,10000,0.222,208
idmap_r1,cancel,10000,0.223,208
idmap_r1,cancel,10000,0.224,208
idmap_r1,cancel,10000,0.225,208
idmap_r1,cancel,10000,0.226,208
idmap_r1,cancel,10000,0.227,208
idmap_r1,cancel,10000,0.228,208
idmap_r1,cancel,10000,0.229,208
idmap_r1,cancel,10000,0.23,208
idmap_r1,cancel,10000,0.231,208
idmap_r1,cancel,10000,0.232,208
idmap_r1,cancel,10000,0.233,208
idmap_r1,cancel,10000,0.234,208
idmap_r1,cancel,10000,0.235,208
idmap_r1,cancel,10000,0.236,208
idmap_r1,cancel,10000,0.237,208
idmap_r1,cancel,10000,0.238,208
idmap_r1,cancel,10000,0.239,208
idmap_r1,cancel,10000,0.24,208
idmap_r1,cancel,10000,0.241,208
idmap_r1,cancel,10000,0.242,208
idmap_r1,cancel,10000,0.243,208
idmap_r1,cancel,10000,0.244,208
idmap_r1,cancel,10000,0.245,208
idmap_r1,cancel,10000,0.246,208
idmap_r1,cancel,10000,0.247,208
idmap_r1,cancel,10000,0.248,208
idmap_r1,cancel,10000,0.249,208
idmap_r1,cancel,10000,0.25,208
idmap_r1,cancel,10000,0.251,208
idmap_r1,cancel,10000,0.252,208
idmap_r1,cancel,10000,0.253,208
idmap_r1,cancel,10000,0.254,208
idmap_r1,cancel,10000,0.255,208
idmap_r1,cancel,10000,0.256,208
idmap_r1,cancel,10000,0.257,208
idmap_r1,cancel,10000,0.258,208
idmap_r1,cancel,10000,0.259,208
idmap_r1,cancel,10000,0.26,208
idmap_r1,cancel,10000,0.261,208
idmap_r1,cancel,10000,0.262,208
idmap_r1,cancel,10000,0.263,208
idmap_r1,cancel,10000,0.264,208
idmap_r1,cancel,10000,0.265,208
idmap_r1,cancel,10000,0.266,208
idmap_r1,cancel,10000,0.267,208
idmap_r1,cancel,10000,0.268,208
idmap_r1,cancel,10000,0.269,208
idmap_r1,cancel,10000,0.27,208
idmap_r1,cancel,10000,0.271,208
idmap_r1,cancel,10000,0.272,208
idmap_r1,cancel,10000,0.273,208
idmap_r1,cancel,10000,0.274,208
idmap_r1,cancel,10000,0.275,208
idmap_r1,cancel,10000,0.276,208
idmap_r1,cancel,10000,0.277,208
idmap_r1,cancel,10000,0.278,208
idmap_r1,cancel,10000,0.279,208
idmap_r1,cancel,10000,0.28,208
idmap_r1,cancel,10000,0.281,208
idmap_r1,cancel,10000,0.282,208
idmap_r1,cancel,10000,0.283,208
idmap_r1,cancel,10000,0.284,208
idmap_r1,cancel,10000,0.285,208
idmap_r1,cancel,10000,0.286,208
idmap_r1,cancel,10000,0.287,208
idmap_r1,cancel,10000,0.288,208
idmap_r1,cancel,10000,0.289,208
idmap_r1,cancel,10000,0.29,208
idmap_r1,cancel,10000,0.291,208
idmap_r1,cancel,10000,0.292,208
idmap_r1,cancel,10000,0.293,208
idmap_r1,cancel,10000,0.294,208
idmap_r1,cancel,10000,0.295,208
idmap_r1,cancel,10000,0.296,208
idmap_r1,cancel,10000,0.297,208
idmap_r1,cancel,10000,0.298,208
idmap_r1,cancel,10000,0.299,208
idmap_r1,cancel,10000,0.3,208
idmap_r1,cancel,10000,0.301,208
idmap_r1,cancel,10000,0.302,208
idmap_r1,cancel,10000,0.303,208
idmap_r1,cancel,10000,0.304,208
idmap_r1,cancel,10000,0.305,208
idmap_r1,cancel,10000,0.306,208
idmap_r1,cancel,10000,0.307,208
idmap_r1,cancel,10000,0.308,208
idmap_r1,cancel,10000,0.309,208
idmap_r1,cancel,10000,0.31,208
idmap_r1,cancel,10000,0.311,208
idmap_r1,cancel,10000,0.312,208
idmap_r1,cancel,10000,0.313,208
idmap_r1,cancel,10000,0.314,208
idmap_r1,cancel,10000,0.315,208
idmap_r1,cancel,10000,0.316,208
idmap_r1,cancel,10000,0.317,208
idmap_r1,cancel,10000,0.318,208
idmap_r1,cancel,10000,0.319,208
idmap_r1,cancel,10000,0.32,208
idmap_r1,cancel,10000,0.321,208
idmap_r1,cancel,10000,0.322,208
idmap_r1,cancel,10000,0.323,208
idmap_r1,cancel,10000,0.324,208
idmap_r1,cancel,10000,0.325,208
idmap_r1,cancel,10000,0.326,208
idmap_r1,cancel,10000,0.327,208
idmap_r1,cancel,10000,0.328,208
idmap_r1,cancel,10000,0.329,208
idmap_r1,cancel,10000,0.33,208
idmap_r1,cancel,10000,0.331,208
idmap_r1,cancel,10000,0.332,208
idmap_r1,cancel,10000,0.333,208
idmap_r1,cancel,10000,0.334,208
idmap_r1,cancel,10000,0.335,208
idmap_r1,cancel,10000,0.336,208
idmap_r1,cancel,10000,0.337,208
idmap_r1,cancel,10000,0.338,208
idmap_r1,cancel,10000,0.339,208
idmap_r1,cancel,10000,0.34,208
idmap_r1,cancel,10000,0.341,208
idmap_r1,cancel,10000,0.342,208
idmap_r1,cancel,10000,0.343,208
idmap_r1,cancel,10000,0.344,208
idmap_r1,cancel,10000,0.345,208
idmap_r1,cancel,10000,0.346,208
idmap_r1,cancel,10000,0.347,208
idmap_r1,cancel,10000,0.348,208
idmap_r1,cancel,10000,0.349,208
idmap_r1,cancel,10000,0.35,208
idmap_r1,cancel,10000,0.351,208
idmap_r1,cancel,10000,0.352,208
idmap_r1,cancel,10000,0.353,208
idmap_r1,cancel,10000,0.354,208
idmap_r1,cancel,10000,0.355,208
idmap_r1,cancel,10000,0.356,208
idmap_r1,cancel,10000,0.357,208
idmap_r1,cancel,10000,0.358,208
idmap_r1,cancel,10000,0.359,208
idmap_r1,cancel,10000,0.36,208
idmap_r1,cancel,10000,0.361,208
idmap_r1,cancel,10000,0.362,208
idmap_r1,cancel,10000,0.363,208
idmap_r1,cancel,10000,0.364,208
idmap_r1,cancel,10000,0.365,208
idmap_r1,cancel,10000,0.366,208
idmap_r1,cancel,10000,0.367,208
idmap_r1,cancel,10000,0.368,208
idmap_r1,cancel,10000,0.369,208
idmap_r1,cancel,10000,0.37,208
idmap_r1,cancel,10000,0.371,208
idmap_r1,cancel,10000,0.372,208
idmap_r1,cancel,10000,0.373,208
idmap_r1,cancel,10000,0.374,208
idmap_r1,cancel,10000,0.375,208
idmap_r1,cancel,10000,0.376,208
idmap_r1,cancel,10000,0.377,208
idmap_r1,cancel,10000,0.378,208
idmap_r1,cancel,10000,0.379,208
idmap_r1,cancel,10000,0.38,208
idmap_r1,cancel,10000,0.381,208
idmap_r1,cancel,10000,0.382,208
idmap_r1,cancel,10000,0.383,208
idmap_r1,cancel,10000,0.384,208
idmap_r1,cancel,10000,0.385,208
idmap_r1,cancel,10000,0.386,208
idmap_r1,cancel,10000,0.387,208
idmap_r1,cancel,10000,0.388,208
idmap_r1,cancel,10000,0.389,208
idmap_r1,cancel,10000,0.39,208
idmap_r1,cancel,10000,0.391,208
idmap_r1,cancel,10000,0.392,208
idmap_r1,cancel,10000,0.393,208
idmap_r1,cancel,10000,0.394,208
idmap_r1,cancel,10000,0.395,208
idmap_r1,cancel,10000,0.396,208
idmap_r1,cancel,10000,0.397,208
idmap_r1,cancel,10000,0.398,208
idmap_r1,cancel,10000,0.399,208
idmap_r1,cancel,10000,0.4,208
idmap_r1,cancel,10000,0.401,208
idmap_r1,cancel,10000,0.402,208
idmap_r1,cancel,10000,0.403,208
idmap_r1,cancel,10000,0.404,208
idmap_r1,cancel,10000,0.405,208
idmap_r1,cancel,10000,0.406,208
idmap_r1,cancel,10000,0.407,208
idmap_r1,cancel,10000,0.408,208
idmap_r1,cancel,10000,0.409,208
idmap_r1,cancel,10000,0.41,208
idmap_r1,cancel,10000,0.411,208
idmap_r1,cancel,10000,0.412,208
idmap_r1,cancel,10000,0.413,208
idmap_r1,cancel,10000,0.414,208
idmap_r1,cancel,10000,0.415,208
idmap_r1,cancel,10000,0.416,208
idmap_r1,cancel,10000,0.417,208
idmap_r1,cancel,10000,0.418,208
idmap_r1,cancel,10000,0.419,208
idmap_r1,cancel,10000,0.42,208
idmap_r1,cancel,10000,0.421,208
idmap_r1,cancel,10000,0.422,208
idmap_r1,cancel,10000,0.423,208
idmap_r1,cancel,10000,0.424,208
idmap_r1,cancel,10000,0.425,208
idmap_r1,cancel,10000,0.426,208
idmap_r1,cancel,10000,0.427,208
idmap_r1,cancel,10000,0.428,208
idmap_r1,cancel,10000,0.429,208
idmap_r1,cancel,10000,0.43,208
idmap_r1,cancel,10000,0.431,208
idmap_r1,cancel,10000,0.432,208
idmap_r1,cancel,10000,0.433,208
idmap_r1,cancel,10000,0.434,208
idmap_r1,cancel,10000,0.435,208
idmap_r1,cancel,10000,0.436,208
idmap_r1,cancel,10000,0.437,208
idmap_r1,cancel,10000,0.438,209
idmap_r1,cancel,10000,0.439,209
idmap_r1,cancel,10000,0.44,209
idmap_r1,cancel,10000,0.441,209
idmap_r1,cancel,10000,0.442,209
idmap_r1,cancel,10000,0.443,209
idmap_r1,cancel,10000,0.444,209
idmap_r1,cancel,10000,0.445,209
idmap_r1,cancel,10000,0.446,209
idmap_r1,cancel,10000,0.447,209
idmap_r1,cancel,10000,0.448,209
idmap_r1,cancel,10000,0.449,209
idmap_r1,cancel,10000,0.45,209
idmap_r1,cancel,10000,0.451,209
idmap_r1,cancel,10000,0.452,209
idmap_r1,cancel,10000,0.453,209
idmap_r1,cancel,10000,0.454,209
idmap_r1,cancel,10000,0.455,209
idmap_r1,cancel,10000,0.456,209
idmap_r1,cancel,10000,0.457,209
idmap_r1,cancel,10000,0.458,209
idmap_r1,cancel,10000,0.459,209
idmap_r1,cancel,10000,0.46,209
idmap_r1,cancel,10000,0.461,209
idmap_r1,cancel,10000,0.462,209
idmap_r1,cancel,10000,0.463,209
idmap_r1,cancel,10000,0.464,209
idmap_r1,cancel,10000,0.465,209
idmap_r1,cancel,10000,0.466,209
idmap_r1,cancel,10000,0.467,209
idmap_r1,cancel,10000,0.468,209
idmap_r1,cancel,10000,0.469,209
idmap_r1,cancel,10000,0.47,209
idmap_r1,cancel,10000,0.471,209
idmap_r1,cancel,10000,0.472,209
idmap_r1,cancel,10000,0.473,209
idmap_r1,cancel,10000,0.474,209
idmap_r1,cancel,10000,0.475,209
idmap_r1,cancel,10000,0.476,209
idmap_r1,cancel,10000,0.477,209
idmap_r1,cancel,10000,0.478,209
idmap_r1,cancel,10000,0.479,209
idmap_r1,cancel,10000,0.48,209
idmap_r1,cancel,10000,0.481,209
idmap_r1,cancel,10000,0.482,209
idmap_r1,cancel,10000,0.483,209
idmap_r1,cancel,10000,0.484,209
idmap_r1,cancel,10000,0.485,209
idmap_r1,cancel,10000,0.486,209
idmap_r1,cancel,10000,0.487,209
idmap_r1,cancel,10000,0.488,209
idmap_r1,cancel,10000,0.489,209
idmap_r1,cancel,10000,0.49,209
idmap_r1,cancel,10000,0.491,209
idmap_r1,cancel,10000,0.492,209
idmap_r1,cancel,10000,0.493,209
idmap_r1,cancel,10000,0.494,209
idmap_r1,cancel,10000,0.495,209
idmap_r1,cancel,10000,0.496,209
idmap_r1,cancel,10000,0.497,209
idmap_r1,cancel,10000,0.498,209
idmap_r1,cancel,10000,0.499,209
idmap_r1,cancel,10000,0.5,209
idmap_r1,cancel,10000,0.501,209
idmap_r1,cancel,10000,0.502,209
idmap_r1,cancel,10000,0.503,209
idmap_r1,cancel,10000,0.504,209
idmap_r1,cancel,10000,0.505,209
idmap_r1,cancel,10000,0.506,209
idmap_r1,cancel,10000,0.507,209
idmap_r1,cancel,10000,0.508,209
idmap_r1,cancel,10000,0.509,209
idmap_r1,cancel,10000,0.51,209
idmap_r1,cancel,10000,0.511,209
idmap_r1,cancel,10000,0.512,209
idmap_r1,cancel,10000,0.513,209
idmap_r1,cancel,10000,0.514,209
idmap_r1,cancel,10000,0.515,209
idmap_r1,cancel,10000,0.516,209
idmap_r1,cancel,10000,0.517,209
idmap_r1,cancel,10000,0.518,209
idmap_r1,cancel,10000,0.519,209
idmap_r1,cancel,10000,0.52,209
idmap_r1,cancel,10000,0.521,209
idmap_r1,cancel,10000,0.522,209
idmap_r1,cancel,10000,0.523,209
idmap_r1,cancel,10000,0.524,209
idmap_r1,cancel,10000,0.525,209
idmap_r1,cancel,10000,0.526,209
idmap_r1,cancel,10000,0.527,209
idmap_r1,cancel,10000,0.528,209
idmap_r1,cancel,10000,0.529,209
idmap_r1,cancel,10000,0.53,209
idmap_r1,cancel,10000,0.531,209
idmap_r1,cancel,10000,0.532,209
idmap_r1,cancel,10000,0.533,209
idmap_r1,cancel,10000,0.534,209
idmap_r1,cancel,10000,0.535,209
idmap_r1,cancel,10000,0.536,209
idmap_r1,cancel,10000,0.537,209
idmap_r1,cancel,10000,0.538,209
idmap_r1,cancel,10000,0.539,209
idmap_r1,cancel,10000,0.54,209
idmap_r1,cancel,10000,0.541,209
idmap_r1,cancel,10000,0.542,209
idmap_r1,cancel,10000,0.543,209
idmap_r1,cancel,10000,0.544,209
idmap_r1,cancel,10000,0.545,209
idmap_r1,cancel,10000,0.546,209
idmap_r1,cancel,10000,0.547,209
idmap_r1,cancel,10000,0.548,209
idmap_r1,cancel,10000,0.549,209
idmap_r1,cancel,10000,0.55,209
idmap_r1,cancel,10000,0.551,250
idmap_r1,cancel,10000,0.552,250
idmap_r1,cancel,10000,0.553,250
idmap_r1,cancel,10000,0.554,250
idmap_r1,cancel,10000,0.555,250
idmap_r1,cancel,10000,0.556,250
idmap_r1,cancel,10000,0.557,250
idmap_r1,cancel,10000,0.558,250
idmap_r1,cancel,10000,0.559,250
idmap_r1,cancel,10000,0.56,250
idmap_r1,cancel,10000,0.561,250
idmap_r1,cancel,10000,0.562,250
idmap_r1,cancel,10000,0.563,250
idmap_r1,cancel,10000,0.564,250
idmap_r1,cancel,10000,0.565,250
idmap_r1,cancel,10000,0.566,250
idmap_r1,cancel,10000,0.567,250
idmap_r1,cancel,10000,0.568,250
idmap_r1,cancel,10000,0.569,250
idmap_r1,cancel,10000,0.57,250
idmap_r1,cancel,10000,0.571,250
idmap_r1,cancel,10000,0.572,250
idmap_r1,cancel,10000,0.573,250
idmap_r1,cancel,10000,0.574,250
idmap_r1,cancel,10000,0.575,250
idmap_r1,cancel,10000,0.576,250
idmap_r1,cancel,10000,0.577,250
idmap_r1,cancel,10000,0.578,250
idmap_r1,cancel,10000,0.579,250
idmap_r1,cancel,10000,0.58,250
idmap_r1,cancel,10000,0.581,250
idmap_r1,cancel,10000,0.582,250
idmap_r1,cancel,10000,0.583,250
idmap_r1,cancel,10000,0.584,250
idmap_r1,cancel,10000,0.585,250
idmap_r1,cancel,10000,0.586,250
idmap_r1,cancel,10000,0.587,250
idmap_r1,cancel,10000,0.588,250
idmap_r1,cancel,10000,0.589,250
idmap_r1,cancel,10000,0.59,250
idmap_r1,cancel,10000,0.591,250
idmap_r1,cancel,10000,0.592,250
idmap_r1,cancel,10000,0.593,250
idmap_r1,cancel,10000,0.594,250
idmap_r1,cancel,10000,0.595,250
idmap_r1,cancel,10000,0.596,250
idmap_r1,cancel,10000,0.597,250
idmap_r1,cancel,10000,0.598,250
idmap_r1,cancel,10000,0.599,250
idmap_r1,cancel,10000,0.6,250
idmap_r1,cancel,10000,0.601,250
idmap_r1,cancel,10000,0.602,250
idmap_r1,cancel,10000,0.603,250
idmap_r1,cancel,10000,0.604,250
idmap_r1,cancel,10000,0.605,250
idmap_r1,cancel,10000,0.606,250
idmap_r1,cancel,10000,0.607,250
idmap_r1,cancel,10000,0.608,250
idmap_r1,cancel,10000,0.609,250
idmap_r1,cancel,10000,0.61,250
idmap_r1,cancel,10000,0.611,250
idmap_r1,cancel,10000,0.612,250
idmap_r1,cancel,10000,0.613,250
idmap_r1,cancel,10000,0.614,250
idmap_r1,cancel,10000,0.615,250
idmap_r1,cancel,10000,0.616,250
idmap_r1,cancel,10000,0.617,250
idmap_r1,cancel,10000,0.618,250
idmap_r1,cancel,10000,0.619,250
idmap_r1,cancel,10000,0.62,250
idmap_r1,cancel,10000,0.621,250
idmap_r1,cancel,10000,0.622,250
idmap_r1,cancel,10000,0.623,250
idmap_r1,cancel,10000,0.624,250
idmap_r1,cancel,10000,0.625,250
idmap_r1,cancel,10000,0.626,250
idmap_r1,cancel,10000,0.627,250
idmap_r1,cancel,10000,0.628,250
idmap_r1,cancel,10000,0.629,250
idmap_r1,cancel,10000,0.63,250
idmap_r1,cancel,10000,0.631,250
idmap_r1,cancel,10000,0.632,250
idmap_r1,cancel,10000,0.633,250
idmap_r1,cancel,10000,0.634,250
idmap_r1,cancel,10000,0.635,250
idmap_r1,cancel,10000,0.636,250
idmap_r1,cancel,10000,0.637,250
idmap_r1,cancel,10000,0.638,250
idmap_r1,cancel,10000,0.639,250
idmap_r1,cancel,10000,0.64,250
idmap_r1,cancel,10000,0.641,250
idmap_r1,cancel,10000,0.642,250
idmap_r1,cancel,10000,0.643,250
idmap_r1,cancel,10000,0.644,250
idmap_r1,cancel,10000,0.645,291
idmap_r1,cancel,10000,0.646,291
idmap_r1,cancel,10000,0.647,291
idmap_r1,cancel,10000,0.648,291
idmap_r1,cancel,10000,0.649,291
idmap_r1,cancel,10000,0.65,291
idmap_r1,cancel,10000,0.651,291
idmap_r1,cancel,10000,0.652,291
idmap_r1,cancel,10000,0.653,291
idmap_r1,cancel,10000,0.654,291
idmap_r1,cancel,10000,0.655,291
idmap_r1,cancel,10000,0.656,291
idmap_r1,cancel,10000,0.657,291
idmap_r1,cancel,10000,0.658,291
idmap_r1,cancel,10000,0.659,291
idmap_r1,cancel,10000,0.66,291
idmap_r1,cancel,10000,0.661,291
idmap_r1,cancel,10000,0.662,291
idmap_r1,cancel,10000,0.663,291
idmap_r1,cancel,10000,0.664,291
idmap_r1,cancel,10000,0.665,291
idmap_r1,cancel,10000,0.666,291
idmap_r1,cancel,10000,0.667,291
idmap_r1,cancel,10000,0.668,291
idmap_r1,cancel,10000,0.669,291
idmap_r1,cancel,10000,0.67,291
idmap_r1,cancel,10000,0.671,291
idmap_r1,cancel,10000,0.672,291
idmap_r1,cancel,10000,0.673,291
idmap_r1,cancel,10000,0.674,292
idmap_r1,cancel,10000,0.675,292
idmap_r1,cancel,10000,0.676,292
idmap_r1,cancel,10000,0.677,292
idmap_r1,cancel,10000,0.678,292
idmap_r1,cancel,10000,0.679,292
idmap_r1,cancel,10000,0.68,292
idmap_r1,cancel,10000,0.681,292
idmap_r1,cancel,10000,0.682,292
idmap_r1,cancel,10000,0.683,292
idmap_r1,cancel,10000,0.684,292
idmap_r1,cancel,10000,0.685,292
idmap_r1,cancel,10000,0.686,292
idmap_r1,cancel,10000,0.687,292
idmap_r1,cancel,10000,0.688,292
idmap_r1,cancel,10000,0.689,292
idmap_r1,cancel,10000,0.69,292
idmap_r1,cancel,10000,0.691,292
idmap_r1,cancel,10000,0.692,292
idmap_r1,cancel,10000,0.693,292
idmap_r1,cancel,10000,0.694,292
idmap_r1,cancel,10000,0.695,292
idmap_r1,cancel,10000,0.696,292
idmap_r1,cancel,10000,0.697,292
idmap_r1,cancel,10000,0.698,292
idmap_r1,cancel,10000,0.699,292
idmap_r1,cancel,10000,0.7,292
idmap_r1,cancel,10000,0.701,292
idmap_r1,cancel,10000,0.702,292
idmap_r1,cancel,10000,0.703,292
idmap_r1,cancel,10000,0.704,292
idmap_r1,cancel,10000,0.705,292
idmap_r1,cancel,10000,0.706,292
idmap_r1,cancel,10000,0.707,292
idmap_r1,cancel,10000,0.708,292
idmap_r1,cancel,10000,0.709,292
idmap_r1,cancel,10000,0.71,292
idmap_r1,cancel,10000,0.711,292
idmap_r1,cancel,10000,0.712,292
idmap_r1,cancel,10000,0.713,292
idmap_r1,cancel,10000,0.714,292
idmap_r1,cancel,10000,0.715,292
idmap_r1,cancel,10000,0.716,292
idmap_r1,cancel,10000,0.717,292
idmap_r1,cancel,10000,0.718,292
idmap_r1,cancel,10000,0.719,292
idmap_r1,cancel,10000,0.72,292
idmap_r1,cancel,10000,0.721,292
idmap_r1,cancel,10000,0.722,292
idmap_r1,cancel,10000,0.723,292
idmap_r1,cancel,10000,0.724,292
idmap_r1,cancel,10000,0.725,292
idmap_r1,cancel,10000,0.726,292
idmap_r1,cancel,10000,0.727,292
idmap_r1,cancel,10000,0.728,292
idmap_r1,cancel,10000,0.729,292
idmap_r1,cancel,10000,0.73,292
idmap_r1,cancel,10000,0.731,292
idmap_r1,cancel,10000,0.732,333
idmap_r1,cancel,10000,0.733,333
idmap_r1,cancel,10000,0.734,333
idmap_r1,cancel,10000,0.735,333
idmap_r1,cancel,10000,0.736,333
idmap_r1,cancel,10000,0.737,333
idmap_r1,cancel,10000,0.738,333
idmap_r1,cancel,10000,0.739,333
idmap_r1,cancel,10000,0.74,333
idmap_r1,cancel,10000,0.741,333
idmap_r1,cancel,10000,0.742,333
idmap_r1,cancel,10000,0.743,333
idmap_r1,cancel,10000,0.744,333
idmap_r1,cancel,10000,0.745,333
idmap_r1,cancel,10000,0.746,333
idmap_r1,cancel,10000,0.747,333
idmap_r1,cancel,10000,0.748,333
idmap_r1,cancel,10000,0.749,333
idmap_r1,cancel,10000,0.75,333
idmap_r1,cancel,10000,0.751,333
idmap_r1,cancel,10000,0.752,333
idmap_r1,cancel,10000,0.753,333
idmap_r1,cancel,10000,0.754,333
idmap_r1,cancel,10000,0.755,333
idmap_r1,cancel,10000,0.756,333
idmap_r1,cancel,10000,0.757,333
idmap_r1,cancel,10000,0.758,333
idmap_r1,cancel,10000,0.759,333
idmap_r1,cancel,10000,0.76,333
idmap_r1,cancel,10000,0.761,333
idmap_r1,cancel,10000,0.762,333
idmap_r1,cancel,10000,0.763,333
idmap_r1,cancel,10000,0.764,333
idmap_r1,cancel,10000,0.765,333
idmap_r1,cancel,10000,0.766,333
idmap_r1,cancel,10000,0.767,333
idmap_r1,cancel,10000,0.768,333
idmap_r1,cancel,10000,0.769,333
idmap_r1,cancel,10000,0.77,333
idmap_r1,cancel,10000,0.771,333
idmap_r1,cancel,10000,0.772,333
idmap_r1,cancel,10000,0.773,333
idmap_r1,cancel,10000,0.774,333
idmap_r1,cancel,10000,0.775,333
idmap_r1,cancel,10000,0.776,333
idmap_r1,cancel,10000,0.777,333
idmap_r1,cancel,10000,0.778,333
idmap_r1,cancel,10000,0.779,333
idmap_r1,cancel,10000,0.78,333
idmap_r1,cancel,10000,0.781,333
idmap_r1,cancel,10000,0.782,334
idmap_r1,cancel,10000,0.783,334
idmap_r1,cancel,10000,0.784,334
idmap_r1,cancel,10000,0.785,334
idmap_r1,cancel,10000,0.786,334
idmap_r1,cancel,10000,0.787,334
idmap_r1,cancel,10000,0.788,334
idmap_r1,cancel,10000,0.789,334
idmap_r1,cancel,10000,0.79,334
idmap_r1,cancel,10000,0.791,334
idmap_r1,cancel,10000,0.792,334
idmap_r1,cancel,10000,0.793,334
idmap_r1,cancel,10000,0.794,334
idmap_r1,cancel,10000,0.795,334
idmap_r1,cancel,10000,0.796,334
idmap_r1,cancel,10000,0.797,334
idmap_r1,cancel,10000,0.798,334
idmap_r1,cancel,10000,0.799,334
idmap_r1,cancel,10000,0.8,334
idmap_r1,cancel,10000,0.801,334
idmap_r1,cancel,10000,0.802,334
idmap_r1,cancel,10000,0.803,334
idmap_r1,cancel,10000,0.804,334
idmap_r1,cancel,10000,0.805,334
idmap_r1,cancel,10000,0.806,334
idmap_r1,cancel,10000,0.807,375
idmap_r1,cancel,10000,0.808,375
idmap_r1,cancel,10000,0.809,375
idmap_r1,cancel,10000,0.81,375
idmap_r1,cancel,10000,0.811,375
idmap_r1,cancel,10000,0.812,375
idmap_r1,cancel,10000,0.813,375
idmap_r1,cancel,10000,0.814,375
idmap_r1,cancel,10000,0.815,375
idmap_r1,cancel,10000,0.816,375
idmap_r1,cancel,10000,0.817,375
idmap_r1,cancel,10000,0.818,375
idmap_r1,cancel,10000,0.819,375
idmap_r1,cancel,10000,0.82,375
idmap_r1,cancel,10000,0.821,375
idmap_r1,cancel,10000,0.822,375
idmap_r1,cancel,10000,0.823,375
idmap_r1,cancel,10000,0.824,375
idmap_r1,cancel,10000,0.825,375
idmap_r1,cancel,10000,0.826,375
idmap_r1,cancel,10000,0.827,375
idmap_r1,cancel,10000,0.828,375
idmap_r1,cancel,10000,0.829,375
idmap_r1,cancel,10000,0.83,375
idmap_r1,cancel,10000,0.831,375
idmap_r1,cancel,10000,0.832,375
idmap_r1,cancel,10000,0.833,375
idmap_r1,cancel,10000,0.834,375
idmap_r1,cancel,10000,0.835,375
idmap_r1,cancel,10000,0.836,375
idmap_r1,cancel,10000,0.837,375
idmap_r1,cancel,10000,0.838,375
idmap_r1,cancel,10000,0.839,375
idmap_r1,cancel,10000,0.84,375
idmap_r1,cancel,10000,0.841,375
idmap_r1,cancel,10000,0.842,375
idmap_r1,cancel,10000,0.843,375
idmap_r1,cancel,10000,0.844,375
idmap_r1,cancel,10000,0.845,375
idmap_r1,cancel,10000,0.846,375
idmap_r1,cancel,10000,0.847,375
idmap_r1,cancel,10000,0.848,375
idmap_r1,cancel,10000,0.849,375
idmap_r1,cancel,10000,0.85,375
idmap_r1,cancel,10000,0.851,375
idmap_r1,cancel,10000,0.852,375
idmap_r1,cancel,10000,0.853,375
idmap_r1,cancel,10000,0.854,375
idmap_r1,cancel,10000,0.855,375
idmap_r1,cancel,10000,0.856,375
idmap_r1,cancel,10000,0.857,375
idmap_r1,cancel,10000,0.858,375
idmap_r1,cancel,10000,0.859,375
idmap_r1,cancel,10000,0.86,375
idmap_r1,cancel,10000,0.861,375
idmap_r1,cancel,10000,0.862,375
idmap_r1,cancel,10000,0.863,375
idmap_r1,cancel,10000,0.864,416
idmap_r1,cancel,10000,0.865,416
idmap_r1,cancel,10000,0.866,416
idmap_r1,cancel,10000,0.867,416
idmap_r1,cancel,10000,0.868,416
idmap_r1,cancel,10000,0.869,416
idmap_r1,cancel,10000,0.87,416
idmap_r1,cancel,10000,0.871,416
idmap_r1,cancel,10000,0.872,416
idmap_r1,cancel,10000,0.873,416
idmap_r1,cancel,10000,0.874,416
idmap_r1,cancel,10000,0.875,416
idmap_r1,cancel,10000,0.876,416
idmap_r1,cancel,10000,0.877,416
idmap_r1,cancel,10000,0.878,417
idmap_r1,cancel,10000,0.879,417
idmap_r1,cancel,10000,0.88,417
idmap_r1,cancel,10000,0.881,417
idmap_r1,cancel,10000,0.882,417
idmap_r1,cancel,10000,0.883,417
idmap_r1,cancel,10000,0.884,417
idmap_r1,cancel,10000,0.885,417
idmap_r1,cancel,10000,0.886,417
idmap_r1,cancel,10000,0.887,417
idmap_r1,cancel,10000,0.888,417
idmap_r1,cancel,10000,0.889,417
idmap_r1,cancel,10000,0.89,417
idmap_r1,cancel,10000,0.891,417
idmap_r1,cancel,10000,0.892,417
idmap_r1,cancel,10000,0.893,417
idmap_r1,cancel,10000,0.894,417
idmap_r1,cancel,10000,0.895,417
idmap_r1,cancel,10000,0.896,417
idmap_r1,cancel,10000,0.897,417
idmap_r1,cancel,10000,0.898,417
idmap_r1,cancel,10000,0.899,417
idmap_r1,cancel,10000,0.9,417
idmap_r1,cancel,10000,0.901,417
idmap_r1,cancel,10000,0.902,417
idmap_r1,cancel,10000,0.903,417
idmap_r1,cancel,10000,0.904,417
idmap_r1,cancel,10000,0.905,417
idmap_r1,cancel,10000,0.906,458
idmap_r1,cancel,10000,0.907,458
idmap_r1,cancel,10000,0.908,458
idmap_r1,cancel,10000,0.909,458
idmap_r1,cancel,10000,0.91,458
idmap_r1,cancel,10000,0.911,458
idmap_r1,cancel,10000,0.912,458
idmap_r1,cancel,10000,0.913,458
idmap_r1,cancel,10000,0.914,458
idmap_r1,cancel,10000,0.915,458
idmap_r1,cancel,10000,0.916,458
idmap_r1,cancel,10000,0.917,458
idmap_r1,cancel,10000,0.918,458
idmap_r1,cancel,10000,0.919,458
idmap_r1,cancel,10000,0.92,458
idmap_r1,cancel,10000,0.921,458
idmap_r1,cancel,10000,0.922,458
idmap_r1,cancel,10000,0.923,458
idmap_r1,cancel,10000,0.924,458
idmap_r1,cancel,10000,0.925,458
idmap_r1,cancel,10000,0.926,458
idmap_r1,cancel,10000,0.927,459
idmap_r1,cancel,10000,0.928,459
idmap_r1,cancel,10000,0.929,459
idmap_r1,cancel,10000,0.93,459
idmap_r1,cancel,10000,0.931,459
idmap_r1,cancel,10000,0.932,459
idmap_r1,cancel,10000,0.933,459
idmap_r1,cancel,10000,0.934,459
idmap_r1,cancel,10000,0.935,459
idmap_r1,cancel,10000,0.936,459
idmap_r1,cancel,10000,0.937,459
idmap_r1,cancel,10000,0.938,500
idmap_r1,cancel,10000,0.939,500
idmap_r1,cancel,10000,0.94,500
idmap_r1,cancel,10000,0.941,500
idmap_r1,cancel,10000,0.942,500
idmap_r1,cancel,10000,0.943,500
idmap_r1,cancel,10000,0.944,500
idmap_r1,cancel,10000,0.945,500
idmap_r1,cancel,10000,0.946,500
idmap_r1,cancel,10000,0.947,500
idmap_r1,cancel,10000,0.948,500
idmap_r1,cancel,10000,0.949,500
idmap_r1,cancel,10000,0.95,500
idmap_r1,cancel,10000,0.951,500
idmap_r1,cancel,10000,0.952,500
idmap_r1,cancel,10000,0.953,500
idmap_r1,cancel,10000,0.954,500
idmap_r1,cancel,10000,0.955,500
idmap_r1,cancel,10000,0.956,500
idmap_r1,cancel,10000,0.957,500
idmap_r1,cancel,10000,0.958,500
idmap_r1,cancel,10000,0.959,500
idmap_r1,cancel,10000,0.96,500
idmap_r1,cancel,10000,0.961,500
idmap_r1,cancel,10000,0.962,500
idmap_r1,cancel,10000,0.963,541
idmap_r1,cancel,10000,0.964,541
idmap_r1,cancel,10000,0.965,541
idmap_r1,cancel,10000,0.966,541
idmap_r1,cancel,10000,0.967,541
idmap_r1,cancel,10000,0.968,542
idmap_r1,cancel,10000,0.969,542
idmap_r1,cancel,10000,0.97,542
idmap_r1,cancel,10000,0.971,542
idmap_r1,cancel,10000,0.972,542
idmap_r1,cancel,10000,0.973,542
idmap_r1,cancel,10000,0.974,542
idmap_r1,cancel,10000,0.975,542
idmap_r1,cancel,10000,0.976,583
idmap_r1,cancel,10000,0.977,583
idmap_r1,cancel,10000,0.978,583
idmap_r1,cancel,10000,0.979,583
idmap_r1,cancel,10000,0.98,583
idmap_r1,cancel,10000,0.981,584
idmap_r1,cancel,10000,0.982,584
idmap_r1,cancel,10000,0.983,625
idmap_r1,cancel,10000,0.984,625
idmap_r1,cancel,10000,0.985,625
idmap_r1,cancel,10000,0.986,625
idmap_r1,cancel,10000,0.987,667
idmap_r1,cancel,10000,0.988,667
idmap_r1,cancel,10000,0.989,708
idmap_r1,cancel,10000,0.99,708
idmap_r1,cancel,10000,0.991,750
idmap_r1,cancel,10000,0.992,750
idmap_r1,cancel,10000,0.993,792
idmap_r1,cancel,10000,0.994,833
idmap_r1,cancel,10000,0.995,875
idmap_r1,cancel,10000,0.996,958
idmap_r1,cancel,10000,0.997,1041
idmap_r1,cancel,10000,0.998,1167
idmap_r1,cancel,10000,0.999,7333
idmap_r1,match,10000,0,0
idmap_r1,match,10000,0.001,41
idmap_r1,match,10000,0.002,41
idmap_r1,match,10000,0.003,41
idmap_r1,match,10000,0.004,41
idmap_r1,match,10000,0.005,41
idmap_r1,match,10000,0.006,41
idmap_r1,match,10000,0.007,41
idmap_r1,match,10000,0.008,41
idmap_r1,match,10000,0.009,41
idmap_r1,match,10000,0.01,41
idmap_r1,match,10000,0.011,41
idmap_r1,match,10000,0.012,41
idmap_r1,match,10000,0.013,41
idmap_r1,match,10000,0.014,41
idmap_r1,match,10000,0.015,41
idmap_r1,match,10000,0.016,41
idmap_r1,match,10000,0.017,41
idmap_r1,match,10000,0.018,41
idmap_r1,match,10000,0.019,41
idmap_r1,match,10000,0.02,41
idmap_r1,match,10000,0.021,41
idmap_r1,match,10000,0.022,41
idmap_r1,match,10000,0.023,41
idmap_r1,match,10000,0.024,41
idmap_r1,match,10000,0.025,41
idmap_r1,match,10000,0.026,41
idmap_r1,match,10000,0.027,41
idmap_r1,match,10000,0.028,41
idmap_r1,match,10000,0.029,41
idmap_r1,match,10000,0.03,41
idmap_r1,match,10000,0.031,41
idmap_r1,match,10000,0.032,41
idmap_r1,match,10000,0.033,41
idmap_r1,match,10000,0.034,41
idmap_r1,match,10000,0.035,41
idmap_r1,match,10000,0.036,41
idmap_r1,match,10000,0.037,41
idmap_r1,match,10000,0.038,41
idmap_r1,match,10000,0.039,41
idmap_r1,match,10000,0.04,41
idmap_r1,match,10000,0.041,41
idmap_r1,match,10000,0.042,41
idmap_r1,match,10000,0.043,41
idmap_r1,match,10000,0.044,41
idmap_r1,match,10000,0.045,41
idmap_r1,match,10000,0.046,41
idmap_r1,match,10000,0.047,41
idmap_r1,match,10000,0.048,41
idmap_r1,match,10000,0.049,41
idmap_r1,match,10000,0.05,41
idmap_r1,match,10000,0.051,41
idmap_r1,match,10000,0.052,41
idmap_r1,match,10000,0.053,41
idmap_r1,match,10000,0.054,41
idmap_r1,match,10000,0.055,41
idmap_r1,match,10000,0.056,41
idmap_r1,match,10000,0.057,41
idmap_r1,match,10000,0.058,41
idmap_r1,match,10000,0.059,41
idmap_r1,match,10000,0.06,41
idmap_r1,match,10000,0.061,41
idmap_r1,match,10000,0.062,41
idmap_r1,match,10000,0.063,41
idmap_r1,match,10000,0.064,41
idmap_r1,match,10000,0.065,41
idmap_r1,match,10000,0.066,41
idmap_r1,match,10000,0.067,41
idmap_r1,match,10000,0.068,41
idmap_r1,match,10000,0.069,41
idmap_r1,match,10000,0.07,41
idmap_r1,match,10000,0.071,41
idmap_r1,match,10000,0.072,41
idmap_r1,match,10000,0.073,41
idmap_r1,match,10000,0.074,41
idmap_r1,match,10000,0.075,41
idmap_r1,match,10000,0.076,41
idmap_r1,match,10000,0.077,41
idmap_r1,match,10000,0.078,42
idmap_r1,match,10000,0.079,42
idmap_r1,match,10000,0.08,42
idmap_r1,match,10000,0.081,42
idmap_r1,match,10000,0.082,42
idmap_r1,match,10000,0.083,42
idmap_r1,match,10000,0.084,42
idmap_r1,match,10000,0.085,42
idmap_r1,match,10000,0.086,42
idmap_r1,match,10000,0.087,42
idmap_r1,match,10000,0.088,42
idmap_r1,match,10000,0.089,42
idmap_r1,match,10000,0.09,42
idmap_r1,match,10000,0.091,42
idmap_r1,match,10000,0.092,42
idmap_r1,match,10000,0.093,42
idmap_r1,match,10000,0.094,42
idmap_r1,match,10000,0.095,42
idmap_r1,match,10000,0.096,42
idmap_r1,match,10000,0.097,42
idmap_r1,match,10000,0.098,42
idmap_r1,match,10000,0.099,42
idmap_r1,match,10000,0.1,42
idmap_r1,match,10000,0.101,42
idmap_r1,match,10000,0.102,42
idmap_r1,match,10000,0.103,42
idmap_r1,match,10000,0.104,42
idmap_r1,match,10000,0.105,42
idmap_r1,match,10000,0.106,42
idmap_r1,match,10000,0.107,42
idmap_r1,match,10000,0.108,42
idmap_r1,match,10000,0.109,42
idmap_r1,match,10000,0.11,42
idmap_r1,match,10000,0.111,42
idmap_r1,match,10000,0.112,42
idmap_r1,match,10000,0.113,42
idmap_r1,match,10000,0.114,42
idmap_r1,match,10000,0.115,42
idmap_r1,match,10000,0.116,42
idmap_r1,match,10000,0.117,42
idmap_r1,match,10000,0.118,42
idmap_r1,match,10000,0.119,42
idmap_r1,match,10000,0.12,42
idmap_r1,match,10000,0.121,42
idmap_r1,match,10000,0.122,42
idmap_r1,match,10000,0.123,42
idmap_r1,match,10000,0.124,42
idmap_r1,match,10000,0.125,42
idmap_r1,match,10000,0.126,42
idmap_r1,match,10000,0.127,42
idmap_r1,match,10000,0.128,42
idmap_r1,match,10000,0.129,42
idmap_r1,match,10000,0.13,42
idmap_r1,match,10000,0.131,42
idmap_r1,match,10000,0.132,42
idmap_r1,match,10000,0.133,42
idmap_r1,match,10000,0.134,42
idmap_r1,match,10000,0.135,42
idmap_r1,match,10000,0.136,42
idmap_r1,match,10000,0.137,42
idmap_r1,match,10000,0.138,42
idmap_r1,match,10000,0.139,42
idmap_r1,match,10000,0.14,42
idmap_r1,match,10000,0.141,42
idmap_r1,match,10000,0.142,42
idmap_r1,match,10000,0.143,42
idmap_r1,match,10000,0.144,42
idmap_r1,match,10000,0.145,42
idmap_r1,match,10000,0.146,42
idmap_r1,match,10000,0.147,42
idmap_r1,match,10000,0.148,42
idmap_r1,match,10000,0.149,42
idmap_r1,match,10000,0.15,42
idmap_r1,match,10000,0.151,42
idmap_r1,match,10000,0.152,42
idmap_r1,match,10000,0.153,42
idmap_r1,match,10000,0.154,42
idmap_r1,match,10000,0.155,42
idmap_r1,match,10000,0.156,42
idmap_r1,match,10000,0.157,42
idmap_r1,match,10000,0.158,42
idmap_r1,match,10000,0.159,42
idmap_r1,match,10000,0.16,42
idmap_r1,match,10000,0.161,42
idmap_r1,match,10000,0.162,42
idmap_r1,match,10000,0.163,42
idmap_r1,match,10000,0.164,42
idmap_r1,match,10000,0.165,42
idmap_r1,match,10000,0.166,42
idmap_r1,match,10000,0.167,42
idmap_r1,match,10000,0.168,42
idmap_r1,match,10000,0.169,42
idmap_r1,match,10000,0.17,42
idmap_r1,match,10000,0.171,42
idmap_r1,match,10000,0.172,42
idmap_r1,match,10000,0.173,42
idmap_r1,match,10000,0.174,42
idmap_r1,match,10000,0.175,42
idmap_r1,match,10000,0.176,42
idmap_r1,match,10000,0.177,42
idmap_r1,match,10000,0.178,42
idmap_r1,match,10000,0.179,42
idmap_r1,match,10000,0.18,42
idmap_r1,match,10000,0.181,42
idmap_r1,match,10000,0.182,42
idmap_r1,match,10000,0.183,42
idmap_r1,match,10000,0.184,42
idmap_r1,match,10000,0.185,42
idmap_r1,match,10000,0.186,42
idmap_r1,match,10000,0.187,42
idmap_r1,match,10000,0.188,42
idmap_r1,match,10000,0.189,42
idmap_r1,match,10000,0.19,42
idmap_r1,match,10000,0.191,42
idmap_r1,match,10000,0.192,42
idmap_r1,match,10000,0.193,42
idmap_r1,match,10000,0.194,42
idmap_r1,match,10000,0.195,42
idmap_r1,match,10000,0.196,42
idmap_r1,match,10000,0.197,42
idmap_r1,match,10000,0.198,42
idmap_r1,match,10000,0.199,42
idmap_r1,match,10000,0.2,42
idmap_r1,match,10000,0.201,42
idmap_r1,match,10000,0.202,42
idmap_r1,match,10000,0.203,42
idmap_r1,match,10000,0.204,42
idmap_r1,match,10000,0.205,42
idmap_r1,match,10000,0.206,42
idmap_r1,match,10000,0.207,42
idmap_r1,match,10000,0.208,42
idmap_r1,match,10000,0.209,42
idmap_r1,match,10000,0.21,42
idmap_r1,match,10000,0.211,42
idmap_r1,match,10000,0.212,42
idmap_r1,match,10000,0.213,42
idmap_r1,match,10000,0.214,42
idmap_r1,match,10000,0.215,42
idmap_r1,match,10000,0.216,42
idmap_r1,match,10000,0.217,42
idmap_r1,match,10000,0.218,42
idmap_r1,match,10000,0.219,42
idmap_r1,match,10000,0.22,42
idmap_r1,match,10000,0.221,42
idmap_r1,match,10000,0.222,42
idmap_r1,match,10000,0.223,42
idmap_r1,match,10000,0.224,42
idmap_r1,match,10000,0.225,42
idmap_r1,match,10000,0.226,42
idmap_r1,match,10000,0.227,42
idmap_r1,match,10000,0.228,42
idmap_r1,match,10000,0.229,42
idmap_r1,match,10000,0.23,42
idmap_r1,match,10000,0.231,83
idmap_r1,match,10000,0.232,83
idmap_r1,match,10000,0.233,83
idmap_r1,match,10000,0.234,83
idmap_r1,match,10000,0.235,83
idmap_r1,match,10000,0.236,83
idmap_r1,match,10000,0.237,83
idmap_r1,match,10000,0.238,83
idmap_r1,match,10000,0.239,83
idmap_r1,match,10000,0.24,83
idmap_r1,match,10000,0.241,83
idmap_r1,match,10000,0.242,83
idmap_r1,match,10000,0.243,83
idmap_r1,match,10000,0.244,83
idmap_r1,match,10000,0.245,83
idmap_r1,match,10000,0.246,83
idmap_r1,match,10000,0.247,83
idmap_r1,match,10000,0.248,83
idmap_r1,match,10000,0.249,83
idmap_r1,match,10000,0.25,83
idmap_r1,match,10000,0.251,83
idmap_r1,match,10000,0.252,83
idmap_r1,match,10000,0.253,83
idmap_r1,match,10000,0.254,83
idmap_r1,match,10000,0.255,83
idmap_r1,match,10000,0.256,83
idmap_r1,match,10000,0.257,83
idmap_r1,match,10000,0.258,83
idmap_r1,match,10000,0.259,83
idmap_r1,match,10000,0.26,83
idmap_r1,match,10000,0.261,83
idmap_r1,match,10000,0.262,83
idmap_r1,match,10000,0.263,83
idmap_r1,match,10000,0.264,83
idmap_r1,match,10000,0.265,83
idmap_r1,match,10000,0.266,83
idmap_r1,match,10000,0.267,83
idmap_r1,match,10000,0.268,83
idmap_r1,match,10000,0.269,83
idmap_r1,match,10000,0.27,83
idmap_r1,match,10000,0.271,83
idmap_r1,match,10000,0.272,83
idmap_r1,match,10000,0.273,83
idmap_r1,match,10000,0.274,83
idmap_r1,match,10000,0.275,83
idmap_r1,match,10000,0.276,83
idmap_r1,match,10000,0.277,83
idmap_r1,match,10000,0.278,83
idmap_r1,match,10000,0.279,83
idmap_r1,match,10000,0.28,83
idmap_r1,match,10000,0.281,83
idmap_r1,match,10000,0.282,83
idmap_r1,match,10000,0.283,83
idmap_r1,match,10000,0.284,83
idmap_r1,match,10000,0.285,83
idmap_r1,match,10000,0.286,83
idmap_r1,match,10000,0.287,83
idmap_r1,match,10000,0.288,83
idmap_r1,match,10000,0.289,83
idmap_r1,match,10000,0.29,83
idmap_r1,match,10000,0.291,83
idmap_r1,match,10000,0.292,83
idmap_r1,match,10000,0.293,83
idmap_r1,match,10000,0.294,83
idmap_r1,match,10000,0.295,83
idmap_r1,match,10000,0.296,83
idmap_r1,match,10000,0.297,83
idmap_r1,match,10000,0.298,83
idmap_r1,match,10000,0.299,83
idmap_r1,match,10000,0.3,83
idmap_r1,match,10000,0.301,83
idmap_r1,match,10000,0.302,83
idmap_r1,match,10000,0.303,83
idmap_r1,match,10000,0.304,83
idmap_r1,match,10000,0.305,83
idmap_r1,match,10000,0.306,83
idmap_r1,match,10000,0.307,83
idmap_r1,match,10000,0.308,83
idmap_r1,match,10000,0.309,83
idmap_r1,match,10000,0.31,83
idmap_r1,match,10000,0.311,83
idmap_r1,match,10000,0.312,83
idmap_r1,match,10000,0.313,83
idmap_r1,match,10000,0.314,83
idmap_r1,match,10000,0.315,83
idmap_r1,match,10000,0.316,83
idmap_r1,match,10000,0.317,83
idmap_r1,match,10000,0.318,83
idmap_r1,match,10000,0.319,83
idmap_r1,match,10000,0.32,83
idmap_r1,match,10000,0.321,83
idmap_r1,match,10000,0.322,83
idmap_r1,match,10000,0.323,83
idmap_r1,match,10000,0.324,83
idmap_r1,match,10000,0.325,83
idmap_r1,match,10000,0.326,83
idmap_r1,match,10000,0.327,83
idmap_r1,match,10000,0.328,83
idmap_r1,match,10000,0.329,83
idmap_r1,match,10000,0.33,83
idmap_r1,match,10000,0.331,83
idmap_r1,match,10000,0.332,83
idmap_r1,match,10000,0.333,83
idmap_r1,match,10000,0.334,83
idmap_r1,match,10000,0.335,83
idmap_r1,match,10000,0.336,83
idmap_r1,match,10000,0.337,83
idmap_r1,match,10000,0.338,83
idmap_r1,match,10000,0.339,83
idmap_r1,match,10000,0.34,83
idmap_r1,match,10000,0.341,83
idmap_r1,match,10000,0.342,83
idmap_r1,match,10000,0.343,83
idmap_r1,match,10000,0.344,83
idmap_r1,match,10000,0.345,83
idmap_r1,match,10000,0.346,83
idmap_r1,match,10000,0.347,83
idmap_r1,match,10000,0.348,83
idmap_r1,match,10000,0.349,83
idmap_r1,match,10000,0.35,83
idmap_r1,match,10000,0.351,83
idmap_r1,match,10000,0.352,83
idmap_r1,match,10000,0.353,83
idmap_r1,match,10000,0.354,83
idmap_r1,match,10000,0.355,83
idmap_r1,match,10000,0.356,83
idmap_r1,match,10000,0.357,83
idmap_r1,match,10000,0.358,83
idmap_r1,match,10000,0.359,83
idmap_r1,match,10000,0.36,83
idmap_r1,match,10000,0.361,83
idmap_r1,match,10000,0.362,83
idmap_r1,match,10000,0.363,83
idmap_r1,match,10000,0.364,83
idmap_r1,match,10000,0.365,83
idmap_r1,match,10000,0.366,83
idmap_r1,match,10000,0.367,83
idmap_r1,match,10000,0.368,83
idmap_r1,match,10000,0.369,83
idmap_r1,match,10000,0.37,83
idmap_r1,match,10000,0.371,83
idmap_r1,match,10000,0.372,83
idmap_r1,match,10000,0.373,83
idmap_r1,match,10000,0.374,83
idmap_r1,match,10000,0.375,83
idmap_r1,match,10000,0.376,83
idmap_r1,match,10000,0.377,83
idmap_r1,match,10000,0.378,83
idmap_r1,match,10000,0.379,83
idmap_r1,match,10000,0.38,83
idmap_r1,match,10000,0.381,83
idmap_r1,match,10000,0.382,83
idmap_r1,match,10000,0.383,83
idmap_r1,match,10000,0.384,83
idmap_r1,match,10000,0.385,83
idmap_r1,match,10000,0.386,83
idmap_r1,match,10000,0.387,83
idmap_r1,match,10000,0.388,83
idmap_r1,match,10000,0.389,83
idmap_r1,match,10000,0.39,83
idmap_r1,match,10000,0.391,83
idmap_r1,match,10000,0.392,83
idmap_r1,match,10000,0.393,83
idmap_r1,match,10000,0.394,83
idmap_r1,match,10000,0.395,83
idmap_r1,match,10000,0.396,83
idmap_r1,match,10000,0.397,83
idmap_r1,match,10000,0.398,83
idmap_r1,match,10000,0.399,83
idmap_r1,match,10000,0.4,83
idmap_r1,match,10000,0.401,83
idmap_r1,match,10000,0.402,83
idmap_r1,match,10000,0.403,83
idmap_r1,match,10000,0.404,83
idmap_r1,match,10000,0.405,83
idmap_r1,match,10000,0.406,83
idmap_r1,match,10000,0.407,83
idmap_r1,match,10000,0.408,83
idmap_r1,match,10000,0.409,83
idmap_r1,match,10000,0.41,83
idmap_r1,match,10000,0.411,83
idmap_r1,match,10000,0.412,83
idmap_r1,match,10000,0.413,83
idmap_r1,match,10000,0.414,83
idmap_r1,match,10000,0.415,83
idmap_r1,match,10000,0.416,83
idmap_r1,match,10000,0.417,83
idmap_r1,match,10000,0.418,83
idmap_r1,match,10000,0.419,83
idmap_r1,match,10000,0.42,83
idmap_r1,match,10000,0.421,83
idmap_r1,match,10000,0.422,83
idmap_r1,match,10000,0.423,83
idmap_r1,match,10000,0.424,83
idmap_r1,match,10000,0.425,83
idmap_r1,match,10000,0.426,83
idmap_r1,match,10000,0.427,83
idmap_r1,match,10000,0.428,83
idmap_r1,match,10000,0.429,83
idmap_r1,match,10000,0.43,83
idmap_r1,match,10000,0.431,83
idmap_r1,match,10000,0.432,83
idmap_r1,match,10000,0.433,83
idmap_r1,match,10000,0.434,83
idmap_r1,match,10000,0.435,83
idmap_r1,match,10000,0.436,83
idmap_r1,match,10000,0.437,83
idmap_r1,match,10000,0.438,83
idmap_r1,match,10000,0.439,83
idmap_r1,match,10000,0.44,83
idmap_r1,match,10000,0.441,83
idmap_r1,match,10000,0.442,83
idmap_r1,match,10000,0.443,83
idmap_r1,match,10000,0.444,83
idmap_r1,match,10000,0.445,83
idmap_r1,match,10000,0.446,83
idmap_r1,match,10000,0.447,83
idmap_r1,match,10000,0.448,83
idmap_r1,match,10000,0.449,83
idmap_r1,match,10000,0.45,83
idmap_r1,match,10000,0.451,83
idmap_r1,match,10000,0.452,83
idmap_r1,match,10000,0.453,83
idmap_r1,match,10000,0.454,83
idmap_r1,match,10000,0.455,83
idmap_r1,match,10000,0.456,83
idmap_r1,match,10000,0.457,83
idmap_r1,match,10000,0.458,83
idmap_r1,match,10000,0.459,83
idmap_r1,match,10000,0.46,83
idmap_r1,match,10000,0.461,83
idmap_r1,match,10000,0.462,83
idmap_r1,match,10000,0.463,83
idmap_r1,match,10000,0.464,83
idmap_r1,match,10000,0.465,83
idmap_r1,match,10000,0.466,83
idmap_r1,match,10000,0.467,83
idmap_r1,match,10000,0.468,83
idmap_r1,match,10000,0.469,83
idmap_r1,match,10000,0.47,83
idmap_r1,match,10000,0.471,83
idmap_r1,match,10000,0.472,83
idmap_r1,match,10000,0.473,83
idmap_r1,match,10000,0.474,83
idmap_r1,match,10000,0.475,83
idmap_r1,match,10000,0.476,83
idmap_r1,match,10000,0.477,83
idmap_r1,match,10000,0.478,83
idmap_r1,match,10000,0.479,83
idmap_r1,match,10000,0.48,83
idmap_r1,match,10000,0.481,83
idmap_r1,match,10000,0.482,83
idmap_r1,match,10000,0.483,83
idmap_r1,match,10000,0.484,83
idmap_r1,match,10000,0.485,83
idmap_r1,match,10000,0.486,83
idmap_r1,match,10000,0.487,83
idmap_r1,match,10000,0.488,83
idmap_r1,match,10000,0.489,83
idmap_r1,match,10000,0.49,83
idmap_r1,match,10000,0.491,84
idmap_r1,match,10000,0.492,84
idmap_r1,match,10000,0.493,84
idmap_r1,match,10000,0.494,84
idmap_r1,match,10000,0.495,84
idmap_r1,match,10000,0.496,84
idmap_r1,match,10000,0.497,84
idmap_r1,match,10000,0.498,84
idmap_r1,match,10000,0.499,84
idmap_r1,match,10000,0.5,84
idmap_r1,match,10000,0.501,84
idmap_r1,match,10000,0.502,84
idmap_r1,match,10000,0.503,84
idmap_r1,match,10000,0.504,84
idmap_r1,match,10000,0.505,84
idmap_r1,match,10000,0.506,84
idmap_r1,match,10000,0.507,84
idmap_r1,match,10000,0.508,84
idmap_r1,match,10000,0.509,84
idmap_r1,match,10000,0.51,84
idmap_r1,match,10000,0.511,84
idmap_r1,match,10000,0.512,84
idmap_r1,match,10000,0.513,84
idmap_r1,match,10000,0.514,84
idmap_r1,match,10000,0.515,84
idmap_r1,match,10000,0.516,84
idmap_r1,match,10000,0.517,84
idmap_r1,match,10000,0.518,84
idmap_r1,match,10000,0.519,84
idmap_r1,match,10000,0.52,84
idmap_r1,match,10000,0.521,84
idmap_r1,match,10000,0.522,84
idmap_r1,match,10000,0.523,84
idmap_r1,match,10000,0.524,84
idmap_r1,match,10000,0.525,84
idmap_r1,match,10000,0.526,84
idmap_r1,match,10000,0.527,84
idmap_r1,match,10000,0.528,84
idmap_r1,match,10000,0.529,84
idmap_r1,match,10000,0.53,84
idmap_r1,match,10000,0.531,84
idmap_r1,match,10000,0.532,84
idmap_r1,match,10000,0.533,84
idmap_r1,match,10000,0.534,84
idmap_r1,match,10000,0.535,84
idmap_r1,match,10000,0.536,84
idmap_r1,match,10000,0.537,84
idmap_r1,match,10000,0.538,84
idmap_r1,match,10000,0.539,84
idmap_r1,match,10000,0.54,84
idmap_r1,match,10000,0.541,84
idmap_r1,match,10000,0.542,84
idmap_r1,match,10000,0.543,84
idmap_r1,match,10000,0.544,84
idmap_r1,match,10000,0.545,84
idmap_r1,match,10000,0.546,84
idmap_r1,match,10000,0.547,84
idmap_r1,match,10000,0.548,84
idmap_r1,match,10000,0.549,84
idmap_r1,match,10000,0.55,84
idmap_r1,match,10000,0.551,84
idmap_r1,match,10000,0.552,84
idmap_r1,match,10000,0.553,84
idmap_r1,match,10000,0.554,84
idmap_r1,match,10000,0.555,84
idmap_r1,match,10000,0.556,84
idmap_r1,match,10000,0.557,84
idmap_r1,match,10000,0.558,84
idmap_r1,match,10000,0.559,84
idmap_r1,match,10000,0.56,84
idmap_r1,match,10000,0.561,84
idmap_r1,match,10000,0.562,84
idmap_r1,match,10000,0.563,84
idmap_r1,match,10000,0.564,84
idmap_r1,match,10000,0.565,84
idmap_r1,match,10000,0.566,84
idmap_r1,match,10000,0.567,84
idmap_r1,match,10000,0.568,84
idmap_r1,match,10000,0.569,84
idmap_r1,match,10000,0.57,84
idmap_r1,match,10000,0.571,84
idmap_r1,match,10000,0.572,84
idmap_r1,match,10000,0.573,84
idmap_r1,match,10000,0.574,84
idmap_r1,match,10000,0.575,84
idmap_r1,match,10000,0.576,84
idmap_r1,match,10000,0.577,84
idmap_r1,match,10000,0.578,84
idmap_r1,match,10000,0.579,84
idmap_r1,match,10000,0.58,84
idmap_r1,match,10000,0.581,84
idmap_r1,match,10000,0.582,84
idmap_r1,match,10000,0.583,84
idmap_r1,match,10000,0.584,84
idmap_r1,match,10000,0.585,84
idmap_r1,match,10000,0.586,84
idmap_r1,match,10000,0.587,84
idmap_r1,match,10000,0.588,84
idmap_r1,match,10000,0.589,84
idmap_r1,match,10000,0.59,84
idmap_r1,match,10000,0.591,84
idmap_r1,match,10000,0.592,84
idmap_r1,match,10000,0.593,84
idmap_r1,match,10000,0.594,84
idmap_r1,match,10000,0.595,84
idmap_r1,match,10000,0.596,84
idmap_r1,match,10000,0.597,84
idmap_r1,match,10000,0.598,84
idmap_r1,match,10000,0.599,84
idmap_r1,match,10000,0.6,84
idmap_r1,match,10000,0.601,84
idmap_r1,match,10000,0.602,84
idmap_r1,match,10000,0.603,84
idmap_r1,match,10000,0.604,84
idmap_r1,match,10000,0.605,84
idmap_r1,match,10000,0.606,84
idmap_r1,match,10000,0.607,84
idmap_r1,match,10000,0.608,84
idmap_r1,match,10000,0.609,84
idmap_r1,match,10000,0.61,84
idmap_r1,match,10000,0.611,84
idmap_r1,match,10000,0.612,84
idmap_r1,match,10000,0.613,84
idmap_r1,match,10000,0.614,84
idmap_r1,match,10000,0.615,84
idmap_r1,match,10000,0.616,84
idmap_r1,match,10000,0.617,84
idmap_r1,match,10000,0.618,84
idmap_r1,match,10000,0.619,84
idmap_r1,match,10000,0.62,84
idmap_r1,match,10000,0.621,125
idmap_r1,match,10000,0.622,125
idmap_r1,match,10000,0.623,125
idmap_r1,match,10000,0.624,125
idmap_r1,match,10000,0.625,125
idmap_r1,match,10000,0.626,125
idmap_r1,match,10000,0.627,125
idmap_r1,match,10000,0.628,125
idmap_r1,match,10000,0.629,125
idmap_r1,match,10000,0.63,125
idmap_r1,match,10000,0.631,125
idmap_r1,match,10000,0.632,125
idmap_r1,match,10000,0.633,125
idmap_r1,match,10000,0.634,125
idmap_r1,match,10000,0.635,125
idmap_r1,match,10000,0.636,125
idmap_r1,match,10000,0.637,125
idmap_r1,match,10000,0.638,125
idmap_r1,match,10000,0.639,125
idmap_r1,match,10000,0.64,125
idmap_r1,match,10000,0.641,125
idmap_r1,match,10000,0.642,125
idmap_r1,match,10000,0.643,125
idmap_r1,match,10000,0.644,125
idmap_r1,match,10000,0.645,125
idmap_r1,match,10000,0.646,125
idmap_r1,match,10000,0.647,125
idmap_r1,match,10000,0.648,125
idmap_r1,match,10000,0.649,125
idmap_r1,match,10000,0.65,125
idmap_r1,match,10000,0.651,125
idmap_r1,match,10000,0.652,125
idmap_r1,match,10000,0.653,125
idmap_r1,match,10000,0.654,125
idmap_r1,match,10000,0.655,125
idmap_r1,match,10000,0.656,125
idmap_r1,match,10000,0.657,125
idmap_r1,match,10000,0.658,125
idmap_r1,match,10000,0.659,125
idmap_r1,match,10000,0.66,125
idmap_r1,match,10000,0.661,125
idmap_r1,match,10000,0.662,125
idmap_r1,match,10000,0.663,125
idmap_r1,match,10000,0.664,125
idmap_r1,match,10000,0.665,125
idmap_r1,match,10000,0.666,125
idmap_r1,match,10000,0.667,125
idmap_r1,match,10000,0.668,125
idmap_r1,match,10000,0.669,125
idmap_r1,match,10000,0.67,125
idmap_r1,match,10000,0.671,125
idmap_r1,match,10000,0.672,125
idmap_r1,match,10000,0.673,125
idmap_r1,match,10000,0.674,125
idmap_r1,match,10000,0.675,125
idmap_r1,match,10000,0.676,125
idmap_r1,match,10000,0.677,125
idmap_r1,match,10000,0.678,125
idmap_r1,match,10000,0.679,125
idmap_r1,match,10000,0.68,125
idmap_r1,match,10000,0.681,125
idmap_r1,match,10000,0.682,125
idmap_r1,match,10000,0.683,125
idmap_r1,match,10000,0.684,125
idmap_r1,match,10000,0.685,125
idmap_r1,match,10000,0.686,125
idmap_r1,match,10000,0.687,125
idmap_r1,match,10000,0.688,125
idmap_r1,match,10000,0.689,125
idmap_r1,match,10000,0.69,125
idmap_r1,match,10000,0.691,125
idmap_r1,match,10000,0.692,125
idmap_r1,match,10000,0.693,125
idmap_r1,match,10000,0.694,125
idmap_r1,match,10000,0.695,125
idmap_r1,match,10000,0.696,125
idmap_r1,match,10000,0.697,125
idmap_r1,match,10000,0.698,125
idmap_r1,match,10000,0.699,125
idmap_r1,match,10000,0.7,125
idmap_r1,match,10000,0.701,125
idmap_r1,match,10000,0.702,125
idmap_r1,match,10000,0.703,125
idmap_r1,match,10000,0.704,125
idmap_r1,match,10000,0.705,125
idmap_r1,match,10000,0.706,125
idmap_r1,match,10000,0.707,125
idmap_r1,match,10000,0.708,125
idmap_r1,match,10000,0.709,125
idmap_r1,match,10000,0.71,125
idmap_r1,match,10000,0.711,125
idmap_r1,match,10000,0.712,125
idmap_r1,match,10000,0.713,125
idmap_r1,match,10000,0.714,125
idmap_r1,match,10000,0.715,125
idmap_r1,match,10000,0.716,125
idmap_r1,match,10000,0.717,125
idmap_r1,match,10000,0.718,125
idmap_r1,match,10000,0.719,166
idmap_r1,match,10000,0.72,166
idmap_r1,match,10000,0.721,166
idmap_r1,match,10000,0.722,166
idmap_r1,match,10000,0.723,166
idmap_r1,match,10000,0.724,166
idmap_r1,match,10000,0.725,166
idmap_r1,match,10000,0.726,166
idmap_r1,match,10000,0.727,166
idmap_r1,match,10000,0.728,166
idmap_r1,match,10000,0.729,166
idmap_r1,match,10000,0.73,166
idmap_r1,match,10000,0.731,166
idmap_r1,match,10000,0.732,166
idmap_r1,match,10000,0.733,166
idmap_r1,match,10000,0.734,166
idmap_r1,match,10000,0.735,166
idmap_r1,match,10000,0.736,166
idmap_r1,match,10000,0.737,166
idmap_r1,match,10000,0.738,166
idmap_r1,match,10000,0.739,166
idmap_r1,match,10000,0.74,166
idmap_r1,match,10000,0.741,166
idmap_r1,match,10000,0.742,166
idmap_r1,match,10000,0.743,166
idmap_r1,match,10000,0.744,166
idmap_r1,match,10000,0.745,166
idmap_r1,match,10000,0.746,166
idmap_r1,match,10000,0.747,166
idmap_r1,match,10000,0.748,166
idmap_r1,match,10000,0.749,167
idmap_r1,match,10000,0.75,167
idmap_r1,match,10000,0.751,167
idmap_r1,match,10000,0.752,167
idmap_r1,match,10000,0.753,167
idmap_r1,match,10000,0.754,167
idmap_r1,match,10000,0.755,167
idmap_r1,match,10000,0.756,167
idmap_r1,match,10000,0.757,167
idmap_r1,match,10000,0.758,167
idmap_r1,match,10000,0.759,167
idmap_r1,match,10000,0.76,167
idmap_r1,match,10000,0.761,167
idmap_r1,match,10000,0.762,167
idmap_r1,match,10000,0.763,167
idmap_r1,match,10000,0.764,167
idmap_r1,match,10000,0.765,167
idmap_r1,match,10000,0.766,167
idmap_r1,match,10000,0.767,167
idmap_r1,match,10000,0.768,167
idmap_r1,match,10000,0.769,167
idmap_r1,match,10000,0.77,167
idmap_r1,match,10000,0.771,167
idmap_r1,match,10000,0.772,167
idmap_r1,match,10000,0.773,167
idmap_r1,match,10000,0.774,167
idmap_r1,match,10000,0.775,167
idmap_r1,match,10000,0.776,167
idmap_r1,match,10000,0.777,167
idmap_r1,match,10000,0.778,167
idmap_r1,match,10000,0.779,167
idmap_r1,match,10000,0.78,167
idmap_r1,match,10000,0.781,167
idmap_r1,match,10000,0.782,167
idmap_r1,match,10000,0.783,167
idmap_r1,match,10000,0.784,167
idmap_r1,match,10000,0.785,167
idmap_r1,match,10000,0.786,167
idmap_r1,match,10000,0.787,167
idmap_r1,match,10000,0.788,167
idmap_r1,match,10000,0.789,167
idmap_r1,match,10000,0.79,167
idmap_r1,match,10000,0.791,167
idmap_r1,match,10000,0.792,167
idmap_r1,match,10000,0.793,167
idmap_r1,match,10000,0.794,167
idmap_r1,match,10000,0.795,167
idmap_r1,match,10000,0.796,167
idmap_r1,match,10000,0.797,167
idmap_r1,match,10000,0.798,167
idmap_r1,match,10000,0.799,167
idmap_r1,match,10000,0.8,167
idmap_r1,match,10000,0.801,167
idmap_r1,match,10000,0.802,167
idmap_r1,match,10000,0.803,167
idmap_r1,match,10000,0.804,167
idmap_r1,match,10000,0.805,167
idmap_r1,match,10000,0.806,167
idmap_r1,match,10000,0.807,167
idmap_r1,match,10000,0.808,167
idmap_r1,match,10000,0.809,208
idmap_r1,match,10000,0.81,208
idmap_r1,match,10000,0.811,208
idmap_r1,match,10000,0.812,208
idmap_r1,match,10000,0.813,208
idmap_r1,match,10000,0.814,208
idmap_r1,match,10000,0.815,208
idmap_r1,match,10000,0.816,208
idmap_r1,match,10000,0.817,208
idmap_r1,match,10000,0.818,208
idmap_r1,match,10000,0.819,208
idmap_r1,match,10000,0.82,208
idmap_r1,match,10000,0.821,208
idmap_r1,match,10000,0.822,208
idmap_r1,match,10000,0.823,208
idmap_r1,match,10000,0.824,208
idmap_r1,match,10000,0.825,208
idmap_r1,match,10000,0.826,208
idmap_r1,match,10000,0.827,208
idmap_r1,match,10000,0.828,208
idmap_r1,match,10000,0.829,208
idmap_r1,match,10000,0.83,208
idmap_r1,match,10000,0.831,208
idmap_r1,match,10000,0.832,208
idmap_r1,match,10000,0.833,208
idmap_r1,match,10000,0.834,208
idmap_r1,match,10000,0.835,208
idmap_r1,match,10000,0.836,208
idmap_r1,match,10000,0.837,208
idmap_r1,match,10000,0.838,208
idmap_r1,match,10000,0.839,208
idmap_r1,match,10000,0.84,208
idmap_r1,match,10000,0.841,208
idmap_r1,match,10000,0.842,208
idmap_r1,match,10000,0.843,208
idmap_r1,match,10000,0.844,208
idmap_r1,match,10000,0.845,208
idmap_r1,match,10000,0.846,208
idmap_r1,match,10000,0.847,208
idmap_r1,match,10000,0.848,208
idmap_r1,match,10000,0.849,208
idmap_r1,match,10000,0.85,208
idmap_r1,match,10000,0.851,208
idmap_r1,match,10000,0.852,208
idmap_r1,match,10000,0.853,208
idmap_r1,match,10000,0.854,208
idmap_r1,match,10000,0.855,208
idmap_r1,match,10000,0.856,208
idmap_r1,match,10000,0.857,209
idmap_r1,match,10000,0.858,209
idmap_r1,match,10000,0.859,209
idmap_r1,match,10000,0.86,209
idmap_r1,match,10000,0.861,209
idmap_r1,match,10000,0.862,209
idmap_r1,match,10000,0.863,209
idmap_r1,match,10000,0.864,209
idmap_r1,match,10000,0.865,209
idmap_r1,match,10000,0.866,209
idmap_r1,match,10000,0.867,209
idmap_r1,match,10000,0.868,209
idmap_r1,match,10000,0.869,209
idmap_r1,match,10000,0.87,209
idmap_r1,match,10000,0.871,209
idmap_r1,match,10000,0.872,209
idmap_r1,match,10000,0.873,209
idmap_r1,match,10000,0.874,209
idmap_r1,match,10000,0.875,209
idmap_r1,match,10000,0.876,209
idmap_r1,match,10000,0.877,209
idmap_r1,match,10000,0.878,209
idmap_r1,match,10000,0.879,209
idmap_r1,match,10000,0.88,209
idmap_r1,match,10000,0.881,209
idmap_r1,match,10000,0.882,250
idmap_r1,match,10000,0.883,250
idmap_r1,match,10000,0.884,250
idmap_r1,match,10000,0.885,250
idmap_r1,match,10000,0.886,250
idmap_r1,match,10000,0.887,250
idmap_r1,match,10000,0.888,250
idmap_r1,match,10000,0.889,250
idmap_r1,match,10000,0.89,250
idmap_r1,match,10000,0.891,250
idmap_r1,match,10000,0.892,250
idmap_r1,match,10000,0.893,250
idmap_r1,match,10000,0.894,250
idmap_r1,match,10000,0.895,250
idmap_r1,match,10000,0.896,250
idmap_r1,match,10000,0.897,250
idmap_r1,match,10000,0.898,250
idmap_r1,match,10000,0.899,250
idmap_r1,match,10000,0.9,250
idmap_r1,match,10000,0.901,250
idmap_r1,match,10000,0.902,250
idmap_r1,match,10000,0.903,250
idmap_r1,match,10000,0.904,250
idmap_r1,match,10000,0.905,250
idmap_r1,match,10000,0.906,250
idmap_r1,match,10000,0.907,250
idmap_r1,match,10000,0.908,250
idmap_r1,match,10000,0.909,250
idmap_r1,match,10000,0.91,250
idmap_r1,match,10000,0.911,250
idmap_r1,match,10000,0.912,250
idmap_r1,match,10000,0.913,291
idmap_r1,match,10000,0.914,291
idmap_r1,match,10000,0.915,291
idmap_r1,match,10000,0.916,291
idmap_r1,match,10000,0.917,291
idmap_r1,match,10000,0.918,291
idmap_r1,match,10000,0.919,291
idmap_r1,match,10000,0.92,291
idmap_r1,match,10000,0.921,292
idmap_r1,match,10000,0.922,292
idmap_r1,match,10000,0.923,292
idmap_r1,match,10000,0.924,292
idmap_r1,match,10000,0.925,292
idmap_r1,match,10000,0.926,292
idmap_r1,match,10000,0.927,292
idmap_r1,match,10000,0.928,292
idmap_r1,match,10000,0.929,292
idmap_r1,match,10000,0.93,292
idmap_r1,match,10000,0.931,292
idmap_r1,match,10000,0.932,292
idmap_r1,match,10000,0.933,292
idmap_r1,match,10000,0.934,292
idmap_r1,match,10000,0.935,292
idmap_r1,match,10000,0.936,292
idmap_r1,match,10000,0.937,292
idmap_r1,match,10000,0.938,333
idmap_r1,match,10000,0.939,333
idmap_r1,match,10000,0.94,333
idmap_r1,match,10000,0.941,333
idmap_r1,match,10000,0.942,333
idmap_r1,match,10000,0.943,333
idmap_r1,match,10000,0.944,333
idmap_r1,match,10000,0.945,333
idmap_r1,match,10000,0.946,333
idmap_r1,match,10000,0.947,333
idmap_r1,match,10000,0.948,333
idmap_r1,match,10000,0.949,333
idmap_r1,match,10000,0.95,333
idmap_r1,match,10000,0.951,333
idmap_r1,match,10000,0.952,333
idmap_r1,match,10000,0.953,334
idmap_r1,match,10000,0.954,334
idmap_r1,match,10000,0.955,334
idmap_r1,match,10000,0.956,334
idmap_r1,match,10000,0.957,334
idmap_r1,match,10000,0.958,334
idmap_r1,match,10000,0.959,334
idmap_r1,match,10000,0.96,375
idmap_r1,match,10000,0.961,375
idmap_r1,match,10000,0.962,375
idmap_r1,match,10000,0.963,375
idmap_r1,match,10000,0.964,375
idmap_r1,match,10000,0.965,375
idmap_r1,match,10000,0.966,375
idmap_r1,match,10000,0.967,375
idmap_r1,match,10000,0.968,375
idmap_r1,match,10000,0.969,375
idmap_r1,match,10000,0.97,375
idmap_r1,match,10000,0.971,375
idmap_r1,match,10000,0.972,375
idmap_r1,match,10000,0.973,416
idmap_r1,match,10000,0.974,416
idmap_r1,match,10000,0.975,417
idmap_r1,match,10000,0.976,417
idmap_r1,match,10000,0.977,417
idmap_r1,match,10000,0.978,417
idmap_r1,match,10000,0.979,417
idmap_r1,match,10000,0.98,458
idmap_r1,match,10000,0.981,458
idmap_r1,match,10000,0.982,458
idmap_r1,match,10000,0.983,459
idmap_r1,match,10000,0.984,500
idmap_r1,match,10000,0.985,500
idmap_r1,match,10000,0.986,500
idmap_r1,match,10000,0.987,500
idmap_r1,match,10000,0.988,500
idmap_r1,match,10000,0.989,541
idmap_r1,match,10000,0.99,542
idmap_r1,match,10000,0.991,542
idmap_r1,match,10000,0.992,583
idmap_r1,match,10000,0.993,584
idmap_r1,match,10000,0.994,625
idmap_r1,match,10000,0.995,667
idmap_r1,match,10000,0.996,709
idmap_r1,match,10000,0.997,792
idmap_r1,match,10000,0.998,917
idmap_r1,match,10000,0.999,1583
idmap_r1,add,100000,0,0
idmap_r1,add,100000,0.001,41
idmap_r1,add,100000,0.002,41
idmap_r1,add,100000,0.003,41
idmap_r1,add,100000,0.004,41
idmap_r1,add,100000,0.005,41
idmap_r1,add,100000,0.006,42
idmap_r1,add,100000,0.007,42
idmap_r1,add,100000,0.008,42
idmap_r1,add,100000,0.009,42
idmap_r1,add,100000,0.01,42
idmap_r1,add,100000,0.011,42
idmap_r1,add,100000,0.012,42
idmap_r1,add,100000,0.013,42
idmap_r1,add,100000,0.014,42
idmap_r1,add,100000,0.015,42
idmap_r1,add,100000,0.016,42
idmap_r1,add,100000,0.017,42
idmap_r1,add,100000,0.018,83
idmap_r1,add,100000,0.019,83
idmap_r1,add,100000,0.02,83
idmap_r1,add,100000,0.021,83
idmap_r1,add,100000,0.022,83
idmap_r1,add,100000,0.023,83
idmap_r1,add,100000,0.024,83
idmap_r1,add,100000,0.025,83
idmap_r1,add,100000,0.026,83
idmap_r1,add,100000,0.027,83
idmap_r1,add,100000,0.028,83
idmap_r1,add,100000,0.029,83
idmap_r1,add,100000,0.03,83
idmap_r1,add,100000,0.031,83
idmap_r1,add,100000,0.032,83
idmap_r1,add,100000,0.033,83
idmap_r1,add,100000,0.034,83
idmap_r1,add,100000,0.035,83
idmap_r1,add,100000,0.036,83
idmap_r1,add,100000,0.037,83
idmap_r1,add,100000,0.038,83
idmap_r1,add,100000,0.039,83
idmap_r1,add,100000,0.04,83
idmap_r1,add,100000,0.041,83
idmap_r1,add,100000,0.042,83
idmap_r1,add,100000,0.043,83
idmap_r1,add,100000,0.044,83
idmap_r1,add,100000,0.045,83
idmap_r1,add,100000,0.046,83
idmap_r1,add,100000,0.047,83
idmap_r1,add,100000,0.048,83
idmap_r1,add,100000,0.049,83
idmap_r1,add,100000,0.05,83
idmap_r1,add,100000,0.051,83
idmap_r1,add,100000,0.052,83
idmap_r1,add,100000,0.053,83
idmap_r1,add,100000,0.054,83
idmap_r1,add,100000,0.055,83
idmap_r1,add,100000,0.056,83
idmap_r1,add,100000,0.057,84
idmap_r1,add,100000,0.058,84
idmap_r1,add,100000,0.059,84
idmap_r1,add,100000,0.06,84
idmap_r1,add,100000,0.061,84
idmap_r1,add,100000,0.062,84
idmap_r1,add,100000,0.063,84
idmap_r1,add,100000,0.064,84
idmap_r1,add,100000,0.065,84
idmap_r1,add,100000,0.066,84
idmap_r1,add,100000,0.067,84
idmap_r1,add,100000,0.068,84
idmap_r1,add,100000,0.069,84
idmap_r1,add,100000,0.07,84
idmap_r1,add,100000,0.071,84
idmap_r1,add,100000,0.072,84
idmap_r1,add,100000,0.073,84
idmap_r1,add,100000,0.074,84
idmap_r1,add,100000,0.075,84
idmap_r1,add,100000,0.076,84
idmap_r1,add,100000,0.077,125
idmap_r1,add,100000,0.078,125
idmap_r1,add,100000,0.079,125
idmap_r1,add,100000,0.08,125
idmap_r1,add,100000,0.081,125
idmap_r1,add,100000,0.082,125
idmap_r1,add,100000,0.083,125
idmap_r1,add,100000,0.084,125
idmap_r1,add,100000,0.085,125
idmap_r1,add,100000,0.086,125
idmap_r1,add,100000,0.087,125
idmap_r1,add,100000,0.088,125
idmap_r1,add,100000,0.089,125
idmap_r1,add,100000,0.09,125
idmap_r1,add,100000,0.091,125
idmap_r1,add,100000,0.092,125
idmap_r1,add,100000,0.093,125
idmap_r1,add,100000,0.094,125
idmap_r1,add,100000,0.095,125
idmap_r1,add,100000,0.096,125
idmap_r1,add,100000,0.097,125
idmap_r1,add,100000,0.098,125
idmap_r1,add,100000,0.099,125
idmap_r1,add,100000,0.1,125
idmap_r1,add,100000,0.101,125
idmap_r1,add,100000,0.102,125
idmap_r1,add,100000,0.103,125
idmap_r1,add,100000,0.104,125
idmap_r1,add,100000,0.105,125
idmap_r1,add,100000,0.106,125
idmap_r1,add,100000,0.107,125
idmap_r1,add,100000,0.108,125
idmap_r1,add,100000,0.109,125
idmap_r1,add,100000,0.11,125
idmap_r1,add,100000,0.111,125
idmap_r1,add,100000,0.112,125
idmap_r1,add,100000,0.113,125
idmap_r1,add,100000,0.114,125
idmap_r1,add,100000,0.115,125
idmap_r1,add,100000,0.116,125
idmap_r1,add,100000,0.117,125
idmap_r1,add,100000,0.118,125
idmap_r1,add,100000,0.119,125
idmap_r1,add,100000,0.12,125
idmap_r1,add,100000,0.121,125
idmap_r1,add,100000,0.122,125
idmap_r1,add,100000,0.123,125
idmap_r1,add,100000,0.124,125
idmap_r1,add,100000,0.125,125
idmap_r1,add,100000,0.126,125
idmap_r1,add,100000,0.127,125
idmap_r1,add,100000,0.128,125
idmap_r1,add,100000,0.129,125
idmap_r1,add,100000,0.13,125
idmap_r1,add,100000,0.131,125
idmap_r1,add,100000,0.132,125
idmap_r1,add,100000,0.133,125
idmap_r1,add,100000,0.134,125
idmap_r1,add,100000,0.135,125
idmap_r1,add,100000,0.136,125
idmap_r1,add,100000,0.137,125
idmap_r1,add,100000,0.138,125
idmap_r1,add,100000,0.139,125
idmap_r1,add,100000,0.14,125
idmap_r1,add,100000,0.141,125
idmap_r1,add,100000,0.142,125
idmap_r1,add,100000,0.143,125
idmap_r1,add,100000,0.144,125
idmap_r1,add,100000,0.145,125
idmap_r1,add,100000,0.146,125
idmap_r1,add,100000,0.147,125
idmap_r1,add,100000,0.148,125
idmap_r1,add,100000,0.149,125
idmap_r1,add,100000,0.15,125
idmap_r1,add,100000,0.151,125
idmap_r1,add,100000,0.152,125
idmap_r1,add,100000,0.153,125
idmap_r1,add,100000,0.154,125
idmap_r1,add,100000,0.155,125
idmap_r1,add,100000,0.156,125
idmap_r1,add,100000,0.157,125
idmap_r1,add,100000,0.158,125
idmap_r1,add,100000,0.159,125
idmap_r1,add,100000,0.16,125
idmap_r1,add,100000,0.161,125
idmap_r1,add,100000,0.162,125
idmap_r1,add,100000,0.163,125
idmap_r1,add,100000,0.164,125
idmap_r1,add,100000,0.165,125
idmap_r1,add,100000,0.166,125
idmap_r1,add,100000,0.167,125
idmap_r1,add,100000,0.168,125
idmap_r1,add,100000,0.169,125
idmap_r1,add,100000,0.17,125
idmap_r1,add,100000,0.171,125
idmap_r1,add,100000,0.172,125
idmap_r1,add,100000,0.173,125
idmap_r1,add,100000,0.174,125
idmap_r1,add,100000,0.175,125
idmap_r1,add,100000,0.176,125
idmap_r1,add,100000,0.177,125
idmap_r1,add,100000,0.178,125
idmap_r1,add,100000,0.179,125
idmap_r1,add,100000,0.18,125
idmap_r1,add,100000,0.181,125
idmap_r1,add,100000,0.182,125
idmap_r1,add,100000,0.183,125
idmap_r1,add,100000,0.184,125
idmap_r1,add,100000,0.185,125
idmap_r1,add,100000,0.186,125
idmap_r1,add,100000,0.187,125
idmap_r1,add,100000,0.188,125
idmap_r1,add,100000,0.189,125
idmap_r1,add,100000,0.19,125
idmap_r1,add,100000,0.191,125
idmap_r1,add,100000,0.192,125
idmap_r1,add,100000,0.193,125
idmap_r1,add,100000,0.194,125
idmap_r1,add,100000,0.195,125
idmap_r1,add,100000,0.196,125
idmap_r1,add,100000,0.197,125
idmap_r1,add,100000,0.198,125
idmap_r1,add,100000,0.199,125
idmap_r1,add,100000,0.2,125
idmap_r1,add,100000,0.201,125
idmap_r1,add,100000,0.202,125
idmap_r1,add,100000,0.203,125
idmap_r1,add,100000,0.204,125
idmap_r1,add,100000,0.205,125
idmap_r1,add,100000,0.206,125
idmap_r1,add,100000,0.207,125
idmap_r1,add,100000,0.208,125
idmap_r1,add,100000,0.209,125
idmap_r1,add,100000,0.21,125
idmap_r1,add,100000,0.211,125
idmap_r1,add,100000,0.212,125
idmap_r1,add,100000,0.213,125
idmap_r1,add,100000,0.214,125
idmap_r1,add,100000,0.215,125
idmap_r1,add,100000,0.216,125
idmap_r1,add,100000,0.217,125
idmap_r1,add,100000,0.218,125
idmap_r1,add,100000,0.219,125
idmap_r1,add,100000,0.22,125
idmap_r1,add,100000,0.221,125
idmap_r1,add,100000,0.222,125
idmap_r1,add,100000,0.223,125
idmap_r1,add,100000,0.224,125
idmap_r1,add,100000,0.225,125
idmap_r1,add,100000,0.226,125
idmap_r1,add,100000,0.227,125
idmap_r1,add,100000,0.228,125
idmap_r1,add,100000,0.229,125
idmap_r1,add,100000,0.23,125
idmap_r1,add,100000,0.231,125
idmap_r1,add,100000,0.232,125
idmap_r1,add,100000,0.233,125
idmap_r1,add,100000,0.234,125
idmap_r1,add,100000,0.235,125
idmap_r1,add,100000,0.236,125
idmap_r1,add,100000,0.237,125
idmap_r1,add,100000,0.238,125
idmap_r1,add,100000,0.239,125
idmap_r1,add,100000,0.24,125
idmap_r1,add,100000,0.241,125
idmap_r1,add,100000,0.242,125
idmap_r1,add,100000,0.243,125
idmap_r1,add,100000,0.244,125
idmap_r1,add,100000,0.245,125
idmap_r1,add,100000,0.246,125
idmap_r1,add,100000,0.247,125
idmap_r1,add,100000,0.248,125
idmap_r1,add,100000,0.249,125
idmap_r1,add,100000,0.25,125
idmap_r1,add,100000,0.251,125
idmap_r1,add,100000,0.252,125
idmap_r1,add,100000,0.253,125
idmap_r1,add,100000,0.254,125
idmap_r1,add,100000,0.255,125
idmap_r1,add,100000,0.256,125
idmap_r1,add,100000,0.257,125
idmap_r1,add,100000,0.258,125
idmap_r1,add,100000,0.259,125
idmap_r1,add,100000,0.26,125
idmap_r1,add,100000,0.261,125
idmap_r1,add,100000,0.262,166
idmap_r1,add,100000,0.263,166
idmap_r1,add,100000,0.264,166
idmap_r1,add,100000,0.265,166
idmap_r1,add,100000,0.266,166
idmap_r1,add,100000,0.267,166
idmap_r1,add,100000,0.268,166
idmap_r1,add,100000,0.269,166
idmap_r1,add,100000,0.27,166
idmap_r1,add,100000,0.271,166
idmap_r1,add,100000,0.272,166
idmap_r1,add,100000,0.273,166
idmap_r1,add,100000,0.274,166
idmap_r1,add,100000,0.275,166
idmap_r1,add,100000,0.276,166
idmap_r1,add,100000,0.277,166
idmap_r1,add,100000,0.278,166
idmap_r1,add,100000,0.279,166
idmap_r1,add,100000,0.28,166
idmap_r1,add,100000,0.281,166
idmap_r1,add,100000,0.282,166
idmap_r1,add,100000,0.283,166
idmap_r1,add,100000,0.284,166
idmap_r1,add,100000,0.285,166
idmap_r1,add,100000,0.286,166
idmap_r1,add,100000,0.287,166
idmap_r1,add,100000,0.288,166
idmap_r1,add,100000,0.289,166
idmap_r1,add,100000,0.29,166
idmap_r1,add,100000,0.291,166
idmap_r1,add,100000,0.292,166
idmap_r1,add,100000,0.293,166
idmap_r1,add,100000,0.294,166
idmap_r1,add,100000,0.295,166
idmap_r1,add,100000,0.296,166
idmap_r1,add,100000,0.297,166
idmap_r1,add,100000,0.298,166
idmap_r1,add,100000,0.299,166
idmap_r1,add,100000,0.3,166
idmap_r1,add,100000,0.301,166
idmap_r1,add,100000,0.302,166
idmap_r1,add,100000,0.303,166
idmap_r1,add,100000,0.304,166
idmap_r1,add,100000,0.305,166
idmap_r1,add,100000,0.306,166
idmap_r1,add,100000,0.307,166
idmap_r1,add,100000,0.308,166
idmap_r1,add,100000,0.309,166
idmap_r1,add,100000,0.31,166
idmap_r1,add,100000,0.311,166
idmap_r1,add,100000,0.312,166
idmap_r1,add,100000,0.313,166
idmap_r1,add,100000,0.314,166
idmap_r1,add,100000,0.315,166
idmap_r1,add,100000,0.316,166
idmap_r1,add,100000,0.317,166
idmap_r1,add,100000,0.318,166
idmap_r1,add,100000,0.319,166
idmap_r1,add,100000,0.32,166
idmap_r1,add,100000,0.321,166
idmap_r1,add,100000,0.322,166
idmap_r1,add,100000,0.323,166
idmap_r1,add,100000,0.324,166
idmap_r1,add,100000,0.325,166
idmap_r1,add,100000,0.326,166
idmap_r1,add,100000,0.327,166
idmap_r1,add,100000,0.328,166
idmap_r1,add,100000,0.329,166
idmap_r1,add,100000,0.33,166
idmap_r1,add,100000,0.331,166
idmap_r1,add,100000,0.332,166
idmap_r1,add,100000,0.333,167
idmap_r1,add,100000,0.334,167
idmap_r1,add,100000,0.335,167
idmap_r1,add,100000,0.336,167
idmap_r1,add,100000,0.337,167
idmap_r1,add,100000,0.338,167
idmap_r1,add,100000,0.339,167
idmap_r1,add,100000,0.34,167
idmap_r1,add,100000,0.341,167
idmap_r1,add,100000,0.342,167
idmap_r1,add,100000,0.343,167
idmap_r1,add,100000,0.344,167
idmap_r1,add,100000,0.345,167
idmap_r1,add,100000,0.346,167
idmap_r1,add,100000,0.347,167
idmap_r1,add,100000,0.348,167
idmap_r1,add,100000,0.349,167
idmap_r1,add,100000,0.35,167
idmap_r1,add,100000,0.351,167
idmap_r1,add,100000,0.352,167
idmap_r1,add,100000,0.353,167
idmap_r1,add,100000,0.354,167
idmap_r1,add,100000,0.355,167
idmap_r1,add,100000,0.356,167
idmap_r1,add,100000,0.357,167
idmap_r1,add,100000,0.358,167
idmap_r1,add,100000,0.359,167
idmap_r1,add,100000,0.36,167
idmap_r1,add,100000,0.361,167
idmap_r1,add,100000,0.362,167
idmap_r1,add,100000,0.363,167
idmap_r1,add,100000,0.364,167
idmap_r1,add,100000,0.365,167
idmap_r1,add,100000,0.366,167
idmap_r1,add,100000,0.367,167
idmap_r1,add,100000,0.368,167
idmap_r1,add,100000,0.369,167
idmap_r1,add,100000,0.37,167
idmap_r1,add,100000,0.371,167
idmap_r1,add,100000,0.372,167
idmap_r1,add,100000,0.373,167
idmap_r1,add,100000,0.374,167
idmap_r1,add,100000,0.375,167
idmap_r1,add,100000,0.376,167
idmap_r1,add,100000,0.377,167
idmap_r1,add,100000,0.378,167
idmap_r1,add,100000,0.379,167
idmap_r1,add,100000,0.38,167
idmap_r1,add,100000,0.381,167
idmap_r1,add,100000,0.382,167
idmap_r1,add,100000,0.383,167
idmap_r1,add,100000,0.384,167
idmap_r1,add,100000,0.385,167
idmap_r1,add,100000,0.386,167
idmap_r1,add,100000,0.387,167
idmap_r1,add,100000,0.388,167
idmap_r1,add,100000,0.389,167
idmap_r1,add,100000,0.39,167
idmap_r1,add,100000,0.391,167
idmap_r1,add,100000,0.392,167
idmap_r1,add,100000,0.393,167
idmap_r1,add,100000,0.394,167
idmap_r1,add,100000,0.395,167
idmap_r1,add,100000,0.396,167
idmap_r1,add,100000,0.397,167
idmap_r1,add,100000,0.398,167
idmap_r1,add,100000,0.399,167
idmap_r1,add,100000,0.4,167
idmap_r1,add,100000,0.401,167
idmap_r1,add,100000,0.402,167
idmap_r1,add,100000,0.403,167
idmap_r1,add,100000,0.404,167
idmap_r1,add,100000,0.405,167
idmap_r1,add,100000,0.406,167
idmap_r1,add,100000,0.407,167
idmap_r1,add,100000,0.408,167
idmap_r1,add,100000,0.409,167
idmap_r1,add,100000,0.41,167
idmap_r1,add,100000,0.411,167
idmap_r1,add,100000,0.412,167
idmap_r1,add,100000,0.413,167
idmap_r1,add,100000,0.414,167
idmap_r1,add,100000,0.415,167
idmap_r1,add,100000,0.416,167
idmap_r1,add,100000,0.417,167
idmap_r1,add,100000,0.418,167
idmap_r1,add,100000,0.419,167
idmap_r1,add,100000,0.42,167
idmap_r1,add,100000,0.421,167
idmap_r1,add,100000,0.422,167
idmap_r1,add,100000,0.423,167
idmap_r1,add,100000,0.424,167
idmap_r1,add,100000,0.425,167
idmap_r1,add,100000,0.426,167
idmap_r1,add,100000,0.427,167
idmap_r1,add,100000,0.428,167
idmap_r1,add,100000,0.429,167
idmap_r1,add,100000,0.43,167
idmap_r1,add,100000,0.431,167
idmap_r1,add,100000,0.432,167
idmap_r1,add,100000,0.433,167
idmap_r1,add,100000,0.434,167
idmap_r1,add,100000,0.435,167
idmap_r1,add,100000,0.436,167
idmap_r1,add,100000,0.437,167
idmap_r1,add,100000,0.438,167
idmap_r1,add,100000,0.439,167
idmap_r1,add,100000,0.44,167
idmap_r1,add,100000,0.441,167
idmap_r1,add,100000,0.442,167
idmap_r1,add,100000,0.443,167
idmap_r1,add,100000,0.444,167
idmap_r1,add,100000,0.445,167
idmap_r1,add,100000,0.446,167
idmap_r1,add,100000,0.447,167
idmap_r1,add,100000,0.448,167
idmap_r1,add,100000,0.449,167
idmap_r1,add,100000,0.45,167
idmap_r1,add,100000,0.451,167
idmap_r1,add,100000,0.452,167
idmap_r1,add,100000,0.453,167
idmap_r1,add,100000,0.454,167
idmap_r1,add,100000,0.455,167
idmap_r1,add,100000,0.456,167
idmap_r1,add,100000,0.457,167
idmap_r1,add,100000,0.458,167
idmap_r1,add,100000,0.459,167
idmap_r1,add,100000,0.46,167
idmap_r1,add,100000,0.461,167
idmap_r1,add,100000,0.462,167
idmap_r1,add,100000,0.463,167
idmap_r1,add,100000,0.464,167
idmap_r1,add,100000,0.465,167
idmap_r1,add,100000,0.466,167
idmap_r1,add,100000,0.467,167
idmap_r1,add,100000,0.468,167
idmap_r1,add,100000,0.469,167
idmap_r1,add,100000,0.47,167
idmap_r1,add,100000,0.471,167
idmap_r1,add,100000,0.472,167
idmap_r1,add,100000,0.473,167
idmap_r1,add,100000,0.474,167
idmap_r1,add,100000,0.475,208
idmap_r1,add,100000,0.476,208
idmap_r1,add,100000,0.477,208
idmap_r1,add,100000,0.478,208
idmap_r1,add,100000,0.479,208
idmap_r1,add,100000,0.48,208
idmap_r1,add,100000,0.481,208
idmap_r1,add,100000,0.482,208
idmap_r1,add,100000,0.483,208
idmap_r1,add,100000,0.484,208
idmap_r1,add,100000,0.485,208
idmap_r1,add,100000,0.486,208
idmap_r1,add,100000,0.487,208
idmap_r1,add,100000,0.488,208
idmap_r1,add,100000,0.489,208
idmap_r1,add,100000,0.49,208
idmap_r1,add,100000,0.491,208
idmap_r1,add,100000,0.492,208
idmap_r1,add,100000,0.493,208
idmap_r1,add,100000,0.494,208
idmap_r1,add,100000,0.495,208
idmap_r1,add,100000,0.496,208
idmap_r1,add,100000,0.497,208
idmap_r1,add,100000,0.498,208
idmap_r1,add,100000,0.499,208
idmap_r1,add,100000,0.5,208
idmap_r1,add,100000,0.501,208
idmap_r1,add,100000,0.502,208
idmap_r1,add,100000,0.503,208
idmap_r1,add,100000,0.504,208
idmap_r1,add,100000,0.505,208
idmap_r1,add,100000,0.506,208
idmap_r1,add,100000,0.507,208
idmap_r1,add,100000,0.508,208
idmap_r1,add,100000,0.509,208
idmap_r1,add,100000,0.51,208
idmap_r1,add,100000,0.511,208
idmap_r1,add,100000,0.512,208
idmap_r1,add,100000,0.513,208
idmap_r1,add,100000,0.514,208
idmap_r1,add,100000,0.515,208
idmap_r1,add,100000,0.516,208
idmap_r1,add,100000,0.517,208
idmap_r1,add,100000,0.518,208
idmap_r1,add,100000,0.519,208
idmap_r1,add,100000,0.52,208
idmap_r1,add,100000,0.521,208
idmap_r1,add,100000,0.522,208
idmap_r1,add,100000,0.523,208
idmap_r1,add,100000,0.524,208
idmap_r1,add,100000,0.525,208
idmap_r1,add,100000,0.526,208
idmap_r1,add,100000,0.527,208
idmap_r1,add,100000,0.528,208
idmap_r1,add,100000,0.529,208
idmap_r1,add,100000,0.53,208
idmap_r1,add,100000,0.531,208
idmap_r1,add,100000,0.532,208
idmap_r1,add,100000,0.533,208
idmap_r1,add,100000,0.534,208
idmap_r1,add,100000,0.535,208
idmap_r1,add,100000,0.536,208
idmap_r1,add,100000,0.537,208
idmap_r1,add,100000,0.538,208
idmap_r1,add,100000,0.539,208
idmap_r1,add,100000,0.54,208
idmap_r1,add,100000,0.541,208
idmap_r1,add,100000,0.542,208
idmap_r1,add,100000,0.543,208
idmap_r1,add,100000,0.544,208
idmap_r1,add,100000,0.545,208
idmap_r1,add,100000,0.546,208
idmap_r1,add,100000,0.547,208
idmap_r1,add,100000,0.548,208
idmap_r1,add,100000,0.549,208
idmap_r1,add,100000,0.55,208
idmap_r1,add,100000,0.551,208
idmap_r1,add,100000,0.552,208
idmap_r1,add,100000,0.553,208
idmap_r1,add,100000,0.554,208
idmap_r1,add,100000,0.555,208
idmap_r1,add,100000,0.556,208
idmap_r1,add,100000,0.557,208
idmap_r1,add,100000,0.558,209
idmap_r1,add,100000,0.559,209
idmap_r1,add,100000,0.56,209
idmap_r1,add,100000,0.561,209
idmap_r1,add,100000,0.562,209
idmap_r1,add,100000,0.563,209
idmap_r1,add,100000,0.564,209
idmap_r1,add,100000,0.565,209
idmap_r1,add,100000,0.566,209
idmap_r1,add,100000,0.567,209
idmap_r1,add,100000,0.568,209
idmap_r1,add,100000,0.569,209
idmap_r1,add,100000,0.57,209
idmap_r1,add,100000,0.571,209
idmap_r1,add,100000,0.572,209
idmap_r1,add,100000,0.573,209
idmap_r1,add,100000,0.574,209
idmap_r1,add,100000,0.575,209
idmap_r1,add,100000,0.576,209
idmap_r1,add,100000,0.577,209
idmap_r1,add,100000,0.578,209
idmap_r1,add,100000,0.579,209
idmap_r1,add,100000,0.58,209
idmap_r1,add,100000,0.581,209
idmap_r1,add,100000,0.582,209
idmap_r1,add,100000,0.583,209
idmap_r1,add,100000,0.584,209
idmap_r1,add,100000,0.585,209
idmap_r1,add,100000,0.586,209
idmap_r1,add,100000,0.587,209
idmap_r1,add,100000,0.588,209
idmap_r1,add,100000,0.589,209
idmap_r1,add,100000,0.59,209
idmap_r1,add,100000,0.591,209
idmap_r1,add,100000,0.592,209
idmap_r1,add,100000,0.593,209
idmap_r1,add,100000,0.594,209
idmap_r1,add,100000,0.595,209
idmap_r1,add,100000,0.596,209
idmap_r1,add,100000,0.597,209
idmap_r1,add,100000,0.598,209
idmap_r1,add,100000,0.599,250
idmap_r1,add,100000,0.6,250
idmap_r1,add,100000,0.601,250
idmap_r1,add,100000,0.602,250
idmap_r1,add,100000,0.603,250
idmap_r1,add,100000,0.604,250
idmap_r1,add,100000,0.605,250
idmap_r1,add,100000,0.606,250
idmap_r1,add,100000,0.607,250
idmap_r1,add,100000,0.608,250
idmap_r1,add,100000,0.609,250
idmap_r1,add,100000,0.61,250
idmap_r1,add,100000,0.611,250
idmap_r1,add,100000,0.612,250
idmap_r1,add,100000,0.613,250
idmap_r1,add,100000,0.614,250
idmap_r1,add,100000,0.615,250
idmap_r1,add,100000,0.616,250
idmap_r1,add,100000,0.617,250
idmap_r1,add,100000,0.618,250
idmap_r1,add,100000,0.619,250
idmap_r1,add,100000,0.62,250
idmap_r1,add,100000,0.621,250
idmap_r1,add,100000,0.622,250
idmap_r1,add,100000,0.623,250
idmap_r1,add,100000,0.624,250
idmap_r1,add,100000,0.625,250
idmap_r1,add,100000,0.626,250
idmap_r1,add,100000,0.627,250
idmap_r1,add,100000,0.628,250
idmap_r1,add,100000,0.629,250
idmap_r1,add,100000,0.63,250
idmap_r1,add,100000,0.631,250
idmap_r1,add,100000,0.632,250
idmap_r1,add,100000,0.633,250
idmap_r1,add,100000,0.634,250
idmap_r1,add,100000,0.635,250
idmap_r1,add,100000,0.636,250
idmap_r1,add,100000,0.637,250
idmap_r1,add,100000,0.638,250
idmap_r1,add,100000,0.639,250
idmap_r1,add,100000,0.64,250
idmap_r1,add,100000,0.641,250
idmap_r1,add,100000,0.642,250
idmap_r1,add,100000,0.643,250
idmap_r1,add,100000,0.644,250
idmap_r1,add,100000,0.645,250
idmap_r1,add,100000,0.646,250
idmap_r1,add,100000,0.647,250
idmap_r1,add,100000,0.648,250
idmap_r1,add,100000,0.649,250
idmap_r1,add,100000,0.65,250
idmap_r1,add,100000,0.651,250
idmap_r1,add,100000,0.652,250
idmap_r1,add,100000,0.653,250
idmap_r1,add,100000,0.654,250
idmap_r1,add,100000,0.655,250
idmap_r1,add,100000,0.656,250
idmap_r1,add,100000,0.657,250
idmap_r1,add,100000,0.658,250
idmap_r1,add,100000,0.659,250
idmap_r1,add,100000,0.66,250
idmap_r1,add,100000,0.661,250
idmap_r1,add,100000,0.662,250
idmap_r1,add,100000,0.663,250
idmap_r1,add,100000,0.664,250
idmap_r1,add,100000,0.665,250
idmap_r1,add,100000,0.666,250
idmap_r1,add,100000,0.667,250
idmap_r1,add,100000,0.668,250
idmap_r1,add,100000,0.669,250
idmap_r1,add,100000,0.67,250
idmap_r1,add,100000,0.671,250
idmap_r1,add,100000,0.672,250
idmap_r1,add,100000,0.673,250
idmap_r1,add,100000,0.674,250
idmap_r1,add,100000,0.675,250
idmap_r1,add,100000,0.676,250
idmap_r1,add,100000,0.677,250
idmap_r1,add,100000,0.678,250
idmap_r1,add,100000,0.679,250
idmap_r1,add,100000,0.68,250
idmap_r1,add,100000,0.681,250
idmap_r1,add,100000,0.682,250
idmap_r1,add,100000,0.683,250
idmap_r1,add,100000,0.684,250
idmap_r1,add,100000,0.685,250
idmap_r1,add,100000,0.686,250
idmap_r1,add,100000,0.687,250
idmap_r1,add,100000,0.688,250
idmap_r1,add,100000,0.689,250
idmap_r1,add,100000,0.69,250
idmap_r1,add,100000,0.691,250
idmap_r1,add,100000,0.692,250
idmap_r1,add,100000,0.693,250
idmap_r1,add,100000,0.694,250
idmap_r1,add,100000,0.695,250
idmap_r1,add,100000,0.696,250
idmap_r1,add,100000,0.697,250
idmap_r1,add,100000,0.698,250
idmap_r1,add,100000,0.699,250
idmap_r1,add,100000,0.7,250
idmap_r1,add,100000,0.701,250
idmap_r1,add,100000,0.702,250
idmap_r1,add,100000,0.703,250
idmap_r1,add,100000,0.704,250
idmap_r1,add,100000,0.705,250
idmap_r1,add,100000,0.706,250
idmap_r1,add,100000,0.707,250
idmap_r1,add,100000,0.708,250
idmap_r1,add,100000,0.709,250
idmap_r1,add,100000,0.71,250
idmap_r1,add,100000,0.711,250
idmap_r1,add,100000,0.712,250
idmap_r1,add,100000,0.713,250
idmap_r1,add,100000,0.714,250
idmap_r1,add,100000,0.715,250
idmap_r1,add,100000,0.716,250
idmap_r1,add,100000,0.717,250
idmap_r1,add,100000,0.718,250
idmap_r1,add,100000,0.719,250
idmap_r1,add,100000,0.72,250
idmap_r1,add,100000,0.721,250
idmap_r1,add,100000,0.722,250
idmap_r1,add,100000,0.723,250
idmap_r1,add,100000,0.724,250
idmap_r1,add,100000,0.725,250
idmap_r1,add,100000,0.726,250
idmap_r1,add,100000,0.727,250
idmap_r1,add,100000,0.728,250
idmap_r1,add,100000,0.729,250
idmap_r1,add,100000,0.73,250
idmap_r1,add,100000,0.731,250
idmap_r1,add,100000,0.732,250
idmap_r1,add,100000,0.733,250
idmap_r1,add,100000,0.734,250
idmap_r1,add,100000,0.735,250
idmap_r1,add,100000,0.736,250
idmap_r1,add,100000,0.737,250
idmap_r1,add,100000,0.738,250
idmap_r1,add,100000,0.739,250
idmap_r1,add,100000,0.74,250
idmap_r1,add,100000,0.741,250
idmap_r1,add,100000,0.742,250
idmap_r1,add,100000,0.743,250
idmap_r1,add,100000,0.744,250
idmap_r1,add,100000,0.745,250
idmap_r1,add,100000,0.746,250
idmap_r1,add,100000,0.747,250
idmap_r1,add,100000,0.748,250
idmap_r1,add,100000,0.749,250
idmap_r1,add,100000,0.75,250
idmap_r1,add,100000,0.751,250
idmap_r1,add,100000,0.752,250
idmap_r1,add,100000,0.753,250
idmap_r1,add,100000,0.754,250
idmap_r1,add,100000,0.755,250
idmap_r1,add,100000,0.756,250
idmap_r1,add,100000,0.757,250
idmap_r1,add,100000,0.758,250
idmap_r1,add,100000,0.759,250
idmap_r1,add,100000,0.76,250
idmap_r1,add,100000,0.761,250
idmap_r1,add,100000,0.762,250
idmap_r1,add,100000,0.763,250
idmap_r1,add,100000,0.764,250
idmap_r1,add,100000,0.765,250
idmap_r1,add,100000,0.766,250
idmap_r1,add,100000,0.767,250
idmap_r1,add,100000,0.768,250
idmap_r1,add,100000,0.769,250
idmap_r1,add,100000,0.77,250
idmap_r1,add,100000,0.771,250
idmap_r1,add,100000,0.772,250
idmap_r1,add,100000,0.773,250
idmap_r1,add,100000,0.774,250
idmap_r1,add,100000,0.775,250
idmap_r1,add,100000,0.776,250
idmap_r1,add,100000,0.777,250
idmap_r1,add,100000,0.778,250
idmap_r1,add,100000,0.779,250
idmap_r1,add,100000,0.78,250
idmap_r1,add,100000,0.781,250
idmap_r1,add,100000,0.782,291
idmap_r1,add,100000,0.783,291
idmap_r1,add,100000,0.784,291
idmap_r1,add,100000,0.785,291
idmap_r1,add,100000,0.786,291
idmap_r1,add,100000,0.787,291
idmap_r1,add,100000,0.788,291
idmap_r1,add,100000,0.789,291
idmap_r1,add,100000,0.79,291
idmap_r1,add,100000,0.791,291
idmap_r1,add,100000,0.792,291
idmap_r1,add,100000,0.793,291
idmap_r1,add,100000,0.794,291
idmap_r1,add,100000,0.795,291
idmap_r1,add,100000,0.796,291
idmap_r1,add,100000,0.797,291
idmap_r1,add,100000,0.798,291
idmap_r1,add,100000,0.799,291
idmap_r1,add,100000,0.8,291
idmap_r1,add,100000,0.801,291
idmap_r1,add,100000,0.802,291
idmap_r1,add,100000,0.803,291
idmap_r1,add,100000,0.804,291
idmap_r1,add,100000,0.805,291
idmap_r1,add,100000,0.806,291
idmap_r1,add,100000,0.807,291
idmap_r1,add,100000,0.808,292
idmap_r1,add,100000,0.809,292
idmap_r1,add,100000,0.81,292
idmap_r1,add,100000,0.811,292
idmap_r1,add,100000,0.812,292
idmap_r1,add,100000,0.813,292
idmap_r1,add,100000,0.814,292
idmap_r1,add,100000,0.815,292
idmap_r1,add,100000,0.816,292
idmap_r1,add,100000,0.817,292
idmap_r1,add,100000,0.818,292
idmap_r1,add,100000,0.819,292
idmap_r1,add,100000,0.82,292
idmap_r1,add,100000,0.821,292
idmap_r1,add,100000,0.822,292
idmap_r1,add,100000,0.823,292
idmap_r1,add,100000,0.824,292
idmap_r1,add,100000,0.825,292
idmap_r1,add,100000,0.826,292
idmap_r1,add,100000,0.827,292
idmap_r1,add,100000,0.828,292
idmap_r1,add,100000,0.829,292
idmap_r1,add,100000,0.83,292
idmap_r1,add,100000,0.831,292
idmap_r1,add,100000,0.832,292
idmap_r1,add,100000,0.833,292
idmap_r1,add,100000,0.834,292
idmap_r1,add,100000,0.835,292
idmap_r1,add,100000,0.836,292
idmap_r1,add,100000,0.837,292
idmap_r1,add,100000,0.838,292
idmap_r1,add,100000,0.839,292
idmap_r1,add,100000,0.84,292
idmap_r1,add,100000,0.841,292
idmap_r1,add,100000,0.842,292
idmap_r1,add,100000,0.843,292
idmap_r1,add,100000,0.844,292
idmap_r1,add,100000,0.845,292
idmap_r1,add,100000,0.846,292
idmap_r1,add,100000,0.847,292
idmap_r1,add,100000,0.848,292
idmap_r1,add,100000,0.849,292
idmap_r1,add,100000,0.85,292
idmap_r1,add,100000,0.851,292
idmap_r1,add,100000,0.852,292
idmap_r1,add,100000,0.853,292
idmap_r1,add,100000,0.854,292
idmap_r1,add,100000,0.855,292
idmap_r1,add,100000,0.856,292
idmap_r1,add,100000,0.857,292
idmap_r1,add,100000,0.858,292
idmap_r1,add,100000,0.859,292
idmap_r1,add,100000,0.86,292
idmap_r1,add,100000,0.861,333
idmap_r1,add,100000,0.862,333
idmap_r1,add,100000,0.863,333
idmap_r1,add,100000,0.864,333
idmap_r1,add,100000,0.865,333
idmap_r1,add,100000,0.866,333
idmap_r1,add,100000,0.867,333
idmap_r1,add,100000,0.868,333
idmap_r1,add,100000,0.869,333
idmap_r1,add,100000,0.87,333
idmap_r1,add,100000,0.871,333
idmap_r1,add,100000,0.872,333
idmap_r1,add,100000,0.873,333
idmap_r1,add,100000,0.874,333
idmap_r1,add,100000,0.875,333
idmap_r1,add,100000,0.876,333
idmap_r1,add,100000,0.877,333
idmap_r1,add,100000,0.878,333
idmap_r1,add,100000,0.879,333
idmap_r1,add,100000,0.88,333
idmap_r1,add,100000,0.881,333
idmap_r1,add,100000,0.882,333
idmap_r1,add,100000,0.883,333
idmap_r1,add,100000,0.884,333
idmap_r1,add,100000,0.885,333
idmap_r1,add,100000,0.886,333
idmap_r1,add,100000,0.887,333
idmap_r1,add,100000,0.888,333
idmap_r1,add,100000,0.889,333
idmap_r1,add,100000,0.89,333
idmap_r1,add,100000,0.891,333
idmap_r1,add,100000,0.892,333
idmap_r1,add,100000,0.893,333
idmap_r1,add,100000,0.894,333
idmap_r1,add,100000,0.895,333
idmap_r1,add,100000,0.896,333
idmap_r1,add,100000,0.897,334
idmap_r1,add,100000,0.898,334
idmap_r1,add,100000,0.899,334
idmap_r1,add,100000,0.9,334
idmap_r1,add,100000,0.901,334
idmap_r1,add,100000,0.902,334
idmap_r1,add,100000,0.903,334
idmap_r1,add,100000,0.904,334
idmap_r1,add,100000,0.905,334
idmap_r1,add,100000,0.906,334
idmap_r1,add,100000,0.907,334
idmap_r1,add,100000,0.908,334
idmap_r1,add,100000,0.909,334
idmap_r1,add,100000,0.91,334
idmap_r1,add,100000,0.911,334
idmap_r1,add,100000,0.912,334
idmap_r1,add,100000,0.913,334
idmap_r1,add,100000,0.914,334
idmap_r1,add,100000,0.915,375
idmap_r1,add,100000,0.916,375
idmap_r1,add,100000,0.917,375
idmap_r1,add,100000,0.918,375
idmap_r1,add,100000,0.919,375
idmap_r1,add,100000,0.92,375
idmap_r1,add,100000,0.921,375
idmap_r1,add,100000,0.922,375
idmap_r1,add,100000,0.923,375
idmap_r1,add,100000,0.924,375
idmap_r1,add,100000,0.925,375
idmap_r1,add,100000,0.926,375
idmap_r1,add,100000,0.927,375
idmap_r1,add,100000,0.928,375
idmap_r1,add,100000,0.929,375
idmap_r1,add,100000,0.93,375
idmap_r1,add,100000,0.931,375
idmap_r1,add,100000,0.932,375
idmap_r1,add,100000,0.933,375
idmap_r1,add,100000,0.934,375
idmap_r1,add,100000,0.935,375
idmap_r1,add,100000,0.936,375
idmap_r1,add,100000,0.937,375
idmap_r1,add,100000,0.938,375
idmap_r1,add,100000,0.939,375
idmap_r1,add,100000,0.94,375
idmap_r1,add,100000,0.941,375
idmap_r1,add,100000,0.942,375
idmap_r1,add,100000,0.943,375
idmap_r1,add,100000,0.944,375
idmap_r1,add,100000,0.945,375
idmap_r1,add,100000,0.946,416
idmap_r1,add,100000,0.947,416
idmap_r1,add,100000,0.948,416
idmap_r1,add,100000,0.949,416
idmap_r1,add,100000,0.95,416
idmap_r1,add,100000,0.951,417
idmap_r1,add,100000,0.952,417
idmap_r1,add,100000,0.953,417
idmap_r1,add,100000,0.954,417
idmap_r1,add,100000,0.955,417
idmap_r1,add,100000,0.956,417
idmap_r1,add,100000,0.957,417
idmap_r1,add,100000,0.958,417
idmap_r1,add,100000,0.959,417
idmap_r1,add,100000,0.96,417
idmap_r1,add,100000,0.961,417
idmap_r1,add,100000,0.962,458
idmap_r1,add,100000,0.963,458
idmap_r1,add,100000,0.964,458
idmap_r1,add,100000,0.965,458
idmap_r1,add,100000,0.966,458
idmap_r1,add,100000,0.967,458
idmap_r1,add,100000,0.968,459
idmap_r1,add,100000,0.969,459
idmap_r1,add,100000,0.97,459
idmap_r1,add,100000,0.971,459
idmap_r1,add,100000,0.972,500
idmap_r1,add,100000,0.973,500
idmap_r1,add,100000,0.974,500
idmap_r1,add,100000,0.975,500
idmap_r1,add,100000,0.976,500
idmap_r1,add,100000,0.977,500
idmap_r1,add,100000,0.978,541
idmap_r1,add,100000,0.979,541
idmap_r1,add,100000,0.98,542
idmap_r1,add,100000,0.981,542
idmap_r1,add,100000,0.982,542
idmap_r1,add,100000,0.983,583
idmap_r1,add,100000,0.984,583
idmap_r1,add,100000,0.985,584
idmap_r1,add,100000,0.986,625
idmap_r1,add,100000,0.987,625
idmap_r1,add,100000,0.988,625
idmap_r1,add,100000,0.989,666
idmap_r1,add,100000,0.99,667
idmap_r1,add,100000,0.991,708
idmap_r1,add,100000,0.992,750
idmap_r1,add,100000,0.993,792
idmap_r1,add,100000,0.994,875
idmap_r1,add,100000,0.995,958
idmap_r1,add,100000,0.996,1084
idmap_r1,add,100000,0.997,1375
idmap_r1,add,100000,0.998,2000
idmap_r1,add,100000,0.999,10958
idmap_r1,cancel,100000,0,41
idmap_r1,cancel,100000,0.001,125
idmap_r1,cancel,100000,0.002,125
idmap_r1,cancel,100000,0.003,125
idmap_r1,cancel,100000,0.004,125
idmap_r1,cancel,100000,0.005,166
idmap_r1,cancel,100000,0.006,166
idmap_r1,cancel,100000,0.007,167
idmap_r1,cancel,100000,0.008,167
idmap_r1,cancel,100000,0.009,167
idmap_r1,cancel,100000,0.01,208
idmap_r1,cancel,100000,0.011,208
idmap_r1,cancel,100000,0.012,208
idmap_r1,cancel,100000,0.013,208
idmap_r1,cancel,100000,0.014,208
idmap_r1,cancel,100000,0.015,208
idmap_r1,cancel,100000,0.016,208
idmap_r1,cancel,100000,0.017,208
idmap_r1,cancel,100000,0.018,208
idmap_r1,cancel,100000,0.019,208
idmap_r1,cancel,100000,0.02,208
idmap_r1,cancel,100000,0.021,208
idmap_r1,cancel,100000,0.022,208
idmap_r1,cancel,100000,0.023,208
idmap_r1,cancel,100000,0.024,208
idmap_r1,cancel,100000,0.025,208
idmap_r1,cancel,100000,0.026,208
idmap_r1,cancel,100000,0.027,208
idmap_r1,cancel,100000,0.028,208
idmap_r1,cancel,100000,0.029,208
idmap_r1,cancel,100000,0.03,208
idmap_r1,cancel,100000,0.031,208
idmap_r1,cancel,100000,0.032,208
idmap_r1,cancel,100000,0.033,208
idmap_r1,cancel,100000,0.034,208
idmap_r1,cancel,100000,0.035,208
idmap_r1,cancel,100000,0.036,209
idmap_r1,cancel,100000,0.037,209
idmap_r1,cancel,100000,0.038,209
idmap_r1,cancel,100000,0.039,209
idmap_r1,cancel,100000,0.04,209
idmap_r1,cancel,100000,0.041,209
idmap_r1,cancel,100000,0.042,209
idmap_r1,cancel,100000,0.043,209
idmap_r1,cancel,100000,0.044,209
idmap_r1,cancel,100000,0.045,209
idmap_r1,cancel,100000,0.046,209
idmap_r1,cancel,100000,0.047,209
idmap_r1,cancel,100000,0.048,209
idmap_r1,cancel,100000,0.049,209
idmap_r1,cancel,100000,0.05,250
idmap_r1,cancel,100000,0.051,250
idmap_r1,cancel,100000,0.052,250
idmap_r1,cancel,100000,0.053,250
idmap_r1,cancel,100000,0.054,250
idmap_r1,cancel,100000,0.055,250
idmap_r1,cancel,100000,0.056,250
idmap_r1,cancel,100000,0.057,250
idmap_r1,cancel,100000,0.058,250
idmap_r1,cancel,100000,0.059,250
idmap_r1,cancel,100000,0.06,250
idmap_r1,cancel,100000,0.061,250
idmap_r1,cancel,100000,0.062,250
idmap_r1,cancel,100000,0.063,250
idmap_r1,cancel,100000,0.064,250
idmap_r1,cancel,100000,0.065,250
idmap_r1,cancel,100000,0.066,250
idmap_r1,cancel,100000,0.067,250
idmap_r1,cancel,100000,0.068,250
idmap_r1,cancel,100000,0.069,250
idmap_r1,cancel,100000,0.07,250
idmap_r1,cancel,100000,0.071,250
idmap_r1,cancel,100000,0.072,250
idmap_r1,cancel,100000,0.073,250
idmap_r1,cancel,100000,0.074,250
idmap_r1,cancel,100000,0.075,250
idmap_r1,cancel,100000,0.076,250
idmap_r1,cancel,100000,0.077,250
idmap_r1,cancel,100000,0.078,250
idmap_r1,cancel,100000,0.079,250
idmap_r1,cancel,100000,0.08,250
idmap_r1,cancel,100000,0.081,250
idmap_r1,cancel,100000,0.082,291
idmap_r1,cancel,100000,0.083,291
idmap_r1,cancel,100000,0.084,291
idmap_r1,cancel,100000,0.085,291
idmap_r1,cancel,100000,0.086,291
idmap_r1,cancel,100000,0.087,291
idmap_r1,cancel,100000,0.088,291
idmap_r1,cancel,100000,0.089,291
idmap_r1,cancel,100000,0.09,291
idmap_r1,cancel,100000,0.091,291
idmap_r1,cancel,100000,0.092,291
idmap_r1,cancel,100000,0.093,291
idmap_r1,cancel,100000,0.094,291
idmap_r1,cancel,100000,0.095,291
idmap_r1,cancel,100000,0.096,292
idmap_r1,cancel,100000,0.097,292
idmap_r1,cancel,100000,0.098,292
idmap_r1,cancel,100000,0.099,292
idmap_r1,cancel,100000,0.1,292
idmap_r1,cancel,100000,0.101,292
idmap_r1,cancel,100000,0.102,292
idmap_r1,cancel,100000,0.103,292
idmap_r1,cancel,100000,0.104,292
idmap_r1,cancel,100000,0.105,292
idmap_r1,cancel,100000,0.106,292
idmap_r1,cancel,100000,0.107,292
idmap_r1,cancel,100000,0.108,292
idmap_r1,cancel,100000,0.109,292
idmap_r1,cancel,100000,0.11,292
idmap_r1,cancel,100000,0.111,292
idmap_r1,cancel,100000,0.112,292
idmap_r1,cancel,100000,0.113,292
idmap_r1,cancel,100000,0.114,292
idmap_r1,cancel,100000,0.115,292
idmap_r1,cancel,100000,0.116,292
idmap_r1,cancel,100000,0.117,292
idmap_r1,cancel,100000,0.118,292
idmap_r1,cancel,100000,0.119,292
idmap_r1,cancel,100000,0.12,292
idmap_r1,cancel,100000,0.121,292
idmap_r1,cancel,100000,0.122,292
idmap_r1,cancel,100000,0.123,292
idmap_r1,cancel,100000,0.124,292
idmap_r1,cancel,100000,0.125,292
idmap_r1,cancel,100000,0.126,333
idmap_r1,cancel,100000,0.127,333
idmap_r1,cancel,100000,0.128,333
idmap_r1,cancel,100000,0.129,333
idmap_r1,cancel,100000,0.13,333
idmap_r1,cancel,100000,0.131,333
idmap_r1,cancel,100000,0.132,333
idmap_r1,cancel,100000,0.133,333
idmap_r1,cancel,100000,0.134,333
idmap_r1,cancel,100000,0.135,333
idmap_r1,cancel,100000,0.136,333
idmap_r1,cancel,100000,0.137,333
idmap_r1,cancel,100000,0.138,333
idmap_r1,cancel,100000,0.139,333
idmap_r1,cancel,100000,0.14,333
idmap_r1,cancel,100000,0.141,333
idmap_r1,cancel,100000,0.142,333
idmap_r1,cancel,100000,0.143,333
idmap_r1,cancel,100000,0.144,333
idmap_r1,cancel,100000,0.145,333
idmap_r1,cancel,100000,0.146,333
idmap_r1,cancel,100000,0.147,333
idmap_r1,cancel,100000,0.148,333
idmap_r1,cancel,100000,0.149,333
idmap_r1,cancel,100000,0.15,333
idmap_r1,cancel,100000,0.151,333
idmap_r1,cancel,100000,0.152,333
idmap_r1,cancel,100000,0.153,333
idmap_r1,cancel,100000,0.154,333
idmap_r1,cancel,100000,0.155,333
idmap_r1,cancel,100000,0.156,333
idmap_r1,cancel,100000,0.157,333
idmap_r1,cancel,100000,0.158,333
idmap_r1,cancel,100000,0.159,333
idmap_r1,cancel,100000,0.16,333
idmap_r1,cancel,100000,0.161,333
idmap_r1,cancel,100000,0.162,333
idmap_r1,cancel,100000,0.163,333
idmap_r1,cancel,100000,0.164,333
idmap_r1,cancel,100000,0.165,333
idmap_r1,cancel,100000,0.166,333
idmap_r1,cancel,100000,0.167,333
idmap_r1,cancel,100000,0.168,333
idmap_r1,cancel,100000,0.169,333
idmap_r1,cancel,100000,0.17,333
idmap_r1,cancel,100000,0.171,333
idmap_r1,cancel,100000,0.172,333
idmap_r1,cancel,100000,0.173,333
idmap_r1,cancel,100000,0.174,333
idmap_r1,cancel,100000,0.175,333
idmap_r1,cancel,100000,0.176,333
idmap_r1,cancel,100000,0.177,333
idmap_r1,cancel,100000,0.178,333
idmap_r1,cancel,100000,0.179,333
idmap_r1,cancel,100000,0.18,333
idmap_r1,cancel,100000,0.181,333
idmap_r1,cancel,100000,0.182,333
idmap_r1,cancel,100000,0.183,333
idmap_r1,cancel,100000,0.184,333
idmap_r1,cancel,100000,0.185,333
idmap_r1,cancel,100000,0.186,333
idmap_r1,cancel,100000,0.187,333
idmap_r1,cancel,100000,0.188,333
idmap_r1,cancel,100000,0.189,333
idmap_r1,cancel,100000,0.19,333
idmap_r1,cancel,100000,0.191,333
idmap_r1,cancel,100000,0.192,333
idmap_r1,cancel,100000,0.193,333
idmap_r1,cancel,100000,0.194,333
idmap_r1,cancel,100000,0.195,333
idmap_r1,cancel,100000,0.196,333
idmap_r1,cancel,100000,0.197,333
idmap_r1,cancel,100000,0.198,333
idmap_r1,cancel,100000,0.199,333
idmap_r1,cancel,100000,0.2,333
idmap_r1,cancel,100000,0.201,333
idmap_r1,cancel,100000,0.202,333
idmap_r1,cancel,100000,0.203,333
idmap_r1,cancel,100000,0.204,333
idmap_r1,cancel,100000,0.205,333
idmap_r1,cancel,100000,0.206,334
idmap_r1,cancel,100000,0.207,334
idmap_r1,cancel,100000,0.208,334
idmap_r1,cancel,100000,0.209,334
idmap_r1,cancel,100000,0.21,334
idmap_r1,cancel,100000,0.211,334
idmap_r1,cancel,100000,0.212,334
idmap_r1,cancel,100000,0.213,334
idmap_r1,cancel,100000,0.214,334
idmap_r1,cancel,100000,0.215,334
idmap_r1,cancel,100000,0.216,334
idmap_r1,cancel,100000,0.217,334
idmap_r1,cancel,100000,0.218,334
idmap_r1,cancel,100000,0.219,334
idmap_r1,cancel,100000,0.22,334
idmap_r1,cancel,100000,0.221,334
idmap_r1,cancel,100000,0.222,334
idmap_r1,cancel,100000,0.223,334
idmap_r1,cancel,100000,0.224,334
idmap_r1,cancel,100000,0.225,334
idmap_r1,cancel,100000,0.226,334
idmap_r1,cancel,100000,0.227,334
idmap_r1,cancel,100000,0.228,334
idmap_r1,cancel,100000,0.229,334
idmap_r1,cancel,100000,0.23,334
idmap_r1,cancel,100000,0.231,334
idmap_r1,cancel,100000,0.232,334
idmap_r1,cancel,100000,0.233,334
idmap_r1,cancel,100000,0.234,334
idmap_r1,cancel,100000,0.235,334
idmap_r1,cancel,100000,0.236,334
idmap_r1,cancel,100000,0.237,334
idmap_r1,cancel,100000,0.238,334
idmap_r1,cancel,100000,0.239,334
idmap_r1,cancel,100000,0.24,334
idmap_r1,cancel,100000,0.241,334
idmap_r1,cancel,100000,0.242,334
idmap_r1,cancel,100000,0.243,334
idmap_r1,cancel,100000,0.244,334
idmap_r1,cancel,100000,0.245,334
idmap_r1,cancel,100000,0.246,334
idmap_r1,cancel,100000,0.247,375
idmap_r1,cancel,100000,0.248,375
idmap_r1,cancel,100000,0.249,375
idmap_r1,cancel,100000,0.25,375
idmap_r1,cancel,100000,0.251,375
idmap_r1,cancel,100000,0.252,375
idmap_r1,cancel,100000,0.253,375
idmap_r1,cancel,100000,0.254,375
idmap_r1,cancel,100000,0.255,375
idmap_r1,cancel,100000,0.256,375
idmap_r1,cancel,100000,0.257,375
idmap_r1,cancel,100000,0.258,375
idmap_r1,cancel,100000,0.259,375
idmap_r1,cancel,100000,0.26,375
idmap_r1,cancel,100000,0.261,375
idmap_r1,cancel,100000,0.262,375
idmap_r1,cancel,100000,0.263,375
idmap_r1,cancel,100000,0.264,375
idmap_r1,cancel,100000,0.265,375
idmap_r1,cancel,100000,0.266,375
idmap_r1,cancel,100000,0.267,375
idmap_r1,cancel,100000,0.268,375
idmap_r1,cancel,100000,0.269,375
idmap_r1,cancel,100000,0.27,375
idmap_r1,cancel,100000,0.271,375
idmap_r1,cancel,100000,0.272,375
idmap_r1,cancel,100000,0.273,375
idmap_r1,cancel,100000,0.274,375
idmap_r1,cancel,100000,0.275,375
idmap_r1,cancel,100000,0.276,375
idmap_r1,cancel,100000,0.277,375
idmap_r1,cancel,100000,0.278,375
idmap_r1,cancel,100000,0.279,375
idmap_r1,cancel,100000,0.28,375
idmap_r1,cancel,100000,0.281,375
idmap_r1,cancel,100000,0.282,375
idmap_r1,cancel,100000,0.283,375
idmap_r1,cancel,100000,0.284,375
idmap_r1,cancel,100000,0.285,375
idmap_r1,cancel,100000,0.286,375
idmap_r1,cancel,100000,0.287,375
idmap_r1,cancel,100000,0.288,375
idmap_r1,cancel,100000,0.289,375
idmap_r1,cancel,100000,0.29,375
idmap_r1,cancel,100000,0.291,375
idmap_r1,cancel,100000,0.292,375
idmap_r1,cancel,100000,0.293,375
idmap_r1,cancel,100000,0.294,375
idmap_r1,cancel,100000,0.295,375
idmap_r1,cancel,100000,0.296,375
idmap_r1,cancel,100000,0.297,375
idmap_r1,cancel,100000,0.298,375
idmap_r1,cancel,100000,0.299,375
idmap_r1,cancel,100000,0.3,375
idmap_r1,cancel,100000,0.301,375
idmap_r1,cancel,100000,0.302,375
idmap_r1,cancel,100000,0.303,375
idmap_r1,cancel,100000,0.304,375
idmap_r1,cancel,100000,0.305,375
idmap_r1,cancel,100000,0.306,375
idmap_r1,cancel,100000,0.307,375
idmap_r1,cancel,100000,0.308,375
idmap_r1,cancel,100000,0.309,375
idmap_r1,cancel,100000,0.31,375
idmap_r1,cancel,100000,0.311,375
idmap_r1,cancel,100000,0.312,375
idmap_r1,cancel,100000,0.313,375
idmap_r1,cancel,100000,0.314,375
idmap_r1,cancel,100000,0.315,375
idmap_r1,cancel,100000,0.316,375
idmap_r1,cancel,100000,0.317,375
idmap_r1,cancel,100000,0.318,416
idmap_r1,cancel,100000,0.319,416
idmap_r1,cancel,100000,0.32,416
idmap_r1,cancel,100000,0.321,416
idmap_r1,cancel,100000,0.322,416
idmap_r1,cancel,100000,0.323,416
idmap_r1,cancel,100000,0.324,416
idmap_r1,cancel,100000,0.325,416
idmap_r1,cancel,100000,0.326,416
idmap_r1,cancel,100000,0.327,416
idmap_r1,cancel,100000,0.328,416
idmap_r1,cancel,100000,0.329,416
idmap_r1,cancel,100000,0.33,416
idmap_r1,cancel,100000,0.331,416
idmap_r1,cancel,100000,0.332,416
idmap_r1,cancel,100000,0.333,416
idmap_r1,cancel,100000,0.334,416
idmap_r1,cancel,100000,0.335,416
idmap_r1,cancel,100000,0.336,416
idmap_r1,cancel,100000,0.337,416
idmap_r1,cancel,100000,0.338,416
idmap_r1,cancel,100000,0.339,416
idmap_r1,cancel,100000,0.34,416
idmap_r1,cancel,100000,0.341,416
idmap_r1,cancel,100000,0.342,416
idmap_r1,cancel,100000,0.343,416
idmap_r1,cancel,100000,0.344,416
idmap_r1,cancel,100000,0.345,416
idmap_r1,cancel,100000,0.346,416
idmap_r1,cancel,100000,0.347,416
idmap_r1,cancel,100000,0.348,416
idmap_r1,cancel,100000,0.349,416
idmap_r1,cancel,100000,0.35,416
idmap_r1,cancel,100000,0.351,416
idmap_r1,cancel,100000,0.352,416
idmap_r1,cancel,100000,0.353,416
idmap_r1,cancel,100000,0.354,416
idmap_r1,cancel,100000,0.355,417
idmap_r1,cancel,100000,0.356,417
idmap_r1,cancel,100000,0.357,417
idmap_r1,cancel,100000,0.358,417
idmap_r1,cancel,100000,0.359,417
idmap_r1,cancel,100000,0.36,417
idmap_r1,cancel,100000,0.361,417
idmap_r1,cancel,100000,0.362,417
idmap_r1,cancel,100000,0.363,417
idmap_r1,cancel,100000,0.364,417
idmap_r1,cancel,100000,0.365,417
idmap_r1,cancel,100000,0.366,417
idmap_r1,cancel,100000,0.367,417
idmap_r1,cancel,100000,0.368,417
idmap_r1,cancel,100000,0.369,417
idmap_r1,cancel,100000,0.37,417
idmap_r1,cancel,100000,0.371,417
idmap_r1,cancel,100000,0.372,417
idmap_r1,cancel,100000,0.373,417
idmap_r1,cancel,100000,0.374,417
idmap_r1,cancel,100000,0.375,417
idmap_r1,cancel,100000,0.376,417
idmap_r1,cancel,100000,0.377,417
idmap_r1,cancel,100000,0.378,417
idmap_r1,cancel,100000,0.379,417
idmap_r1,cancel,100000,0.38,417
idmap_r1,cancel,100000,0.381,417
idmap_r1,cancel,100000,0.382,417
idmap_r1,cancel,100000,0.383,417
idmap_r1,cancel,100000,0.384,417
idmap_r1,cancel,100000,0.385,417
idmap_r1,cancel,100000,0.386,417
idmap_r1,cancel,100000,0.387,417
idmap_r1,cancel,100000,0.388,417
idmap_r1,cancel,100000,0.389,417
idmap_r1,cancel,100000,0.39,417
idmap_r1,cancel,100000,0.391,417
idmap_r1,cancel,100000,0.392,417
idmap_r1,cancel,100000,0.393,417
idmap_r1,cancel,100000,0.394,417
idmap_r1,cancel,100000,0.395,417
idmap_r1,cancel,100000,0.396,417
idmap_r1,cancel,100000,0.397,417
idmap_r1,cancel,100000,0.398,417
idmap_r1,cancel,100000,0.399,417
idmap_r1,cancel,100000,0.4,417
idmap_r1,cancel,100000,0.401,417
idmap_r1,cancel,100000,0.402,417
idmap_r1,cancel,100000,0.403,417
idmap_r1,cancel,100000,0.404,417
idmap_r1,cancel,100000,0.405,417
idmap_r1,cancel,100000,0.406,417
idmap_r1,cancel,100000,0.407,417
idmap_r1,cancel,100000,0.408,417
idmap_r1,cancel,100000,0.409,417
idmap_r1,cancel,100000,0.41,417
idmap_r1,cancel,100000,0.411,417
idmap_r1,cancel,100000,0.412,417
idmap_r1,cancel,100000,0.413,417
idmap_r1,cancel,100000,0.414,417
idmap_r1,cancel,100000,0.415,417
idmap_r1,cancel,100000,0.416,417
idmap_r1,cancel,100000,0.417,417
idmap_r1,cancel,100000,0.418,417
idmap_r1,cancel,100000,0.419,417
idmap_r1,cancel,100000,0.42,417
idmap_r1,cancel,100000,0.421,417
idmap_r1,cancel,100000,0.422,417
idmap_r1,cancel,100000,0.423,417
idmap_r1,cancel,100000,0.424,417
idmap_r1,cancel,100000,0.425,417
idmap_r1,cancel,100000,0.426,417
idmap_r1,cancel,100000,0.427,417
idmap_r1,cancel,100000,0.428,417
idmap_r1,cancel,100000,0.429,417
idmap_r1,cancel,100000,0.43,458
idmap_r1,cancel,100000,0.431,458
idmap_r1,cancel,100000,0.432,458
idmap_r1,cancel,100000,0.433,458
idmap_r1,cancel,100000,0.434,458
idmap_r1,cancel,100000,0.435,458
idmap_r1,cancel,100000,0.436,458
idmap_r1,cancel,100000,0.437,458
idmap_r1,cancel,100000,0.438,458
idmap_r1,cancel,100000,0.439,458
idmap_r1,cancel,100000,0.44,458
idmap_r1,cancel,100000,0.441,458
idmap_r1,cancel,100000,0.442,458
idmap_r1,cancel,100000,0.443,458
idmap_r1,cancel,100000,0.444,458
idmap_r1,cancel,100000,0.445,458
idmap_r1,cancel,100000,0.446,458
idmap_r1,cancel,100000,0.447,458
idmap_r1,cancel,100000,0.448,458
idmap_r1,cancel,100000,0.449,458
idmap_r1,cancel,100000,0.45,458
idmap_r1,cancel,100000,0.451,458
idmap_r1,cancel,100000,0.452,458
idmap_r1,cancel,100000,0.453,458
idmap_r1,cancel,100000,0.454,458
idmap_r1,cancel,100000,0.455,458
idmap_r1,cancel,100000,0.456,458
idmap_r1,cancel,100000,0.457,458
idmap_r1,cancel,100000,0.458,458
idmap_r1,cancel,100000,0.459,458
idmap_r1,cancel,100000,0.46,458
idmap_r1,cancel,100000,0.461,458
idmap_r1,cancel,100000,0.462,458
idmap_r1,cancel,100000,0.463,458
idmap_r1,cancel,100000,0.464,458
idmap_r1,cancel,100000,0.465,458
idmap_r1,cancel,100000,0.466,458
idmap_r1,cancel,100000,0.467,458
idmap_r1,cancel,100000,0.468,458
idmap_r1,cancel,100000,0.469,458
idmap_r1,cancel,100000,0.47,458
idmap_r1,cancel,100000,0.471,458
idmap_r1,cancel,100000,0.472,458
idmap_r1,cancel,100000,0.473,458
idmap_r1,cancel,100000,0.474,458
idmap_r1,cancel,100000,0.475,458
idmap_r1,cancel,100000,0.476,458
idmap_r1,cancel,100000,0.477,458
idmap_r1,cancel,100000,0.478,458
idmap_r1,cancel,100000,0.479,458
idmap_r1,cancel,100000,0.48,458
idmap_r1,cancel,100000,0.481,458
idmap_r1,cancel,100000,0.482,458
idmap_r1,cancel,100000,0.483,458
idmap_r1,cancel,100000,0.484,458
idmap_r1,cancel,100000,0.485,458
idmap_r1,cancel,100000,0.486,458
idmap_r1,cancel,100000,0.487,458
idmap_r1,cancel,100000,0.488,458
idmap_r1,cancel,100000,0.489,458
idmap_r1,cancel,100000,0.49,458
idmap_r1,cancel,100000,0.491,458
idmap_r1,cancel,100000,0.492,458
idmap_r1,cancel,100000,0.493,458
idmap_r1,cancel,100000,0.494,458
idmap_r1,cancel,100000,0.495,458
idmap_r1,cancel,100000,0.496,458
idmap_r1,cancel,100000,0.497,458
idmap_r1,cancel,100000,0.498,458
idmap_r1,cancel,100000,0.499,458
idmap_r1,cancel,100000,0.5,458
idmap_r1,cancel,100000,0.501,458
idmap_r1,cancel,100000,0.502,458
idmap_r1,cancel,100000,0.503,458
idmap_r1,cancel,100000,0.504,458
idmap_r1,cancel,100000,0.505,458
idmap_r1,cancel,100000,0.506,458
idmap_r1,cancel,100000,0.507,458
idmap_r1,cancel,100000,0.508,458
idmap_r1,cancel,100000,0.509,458
idmap_r1,cancel,100000,0.51,458
idmap_r1,cancel,100000,0.511,458
idmap_r1,cancel,100000,0.512,458
idmap_r1,cancel,100000,0.513,458
idmap_r1,cancel,100000,0.514,458
idmap_r1,cancel,100000,0.515,458
idmap_r1,cancel,100000,0.516,458
idmap_r1,cancel,100000,0.517,458
idmap_r1,cancel,100000,0.518,458
idmap_r1,cancel,100000,0.519,458
idmap_r1,cancel,100000,0.52,458
idmap_r1,cancel,100000,0.521,458
idmap_r1,cancel,100000,0.522,458
idmap_r1,cancel,100000,0.523,458
idmap_r1,cancel,100000,0.524,458
idmap_r1,cancel,100000,0.525,458
idmap_r1,cancel,100000,0.526,458
idmap_r1,cancel,100000,0.527,458
idmap_r1,cancel,100000,0.528,458
idmap_r1,cancel,100000,0.529,458
idmap_r1,cancel,100000,0.53,458
idmap_r1,cancel,100000,0.531,459
idmap_r1,cancel,100000,0.532,459
idmap_r1,cancel,100000,0.533,459
idmap_r1,cancel,100000,0.534,459
idmap_r1,cancel,100000,0.535,459
idmap_r1,cancel,100000,0.536,459
idmap_r1,cancel,100000,0.537,459
idmap_r1,cancel,100000,0.538,459
idmap_r1,cancel,100000,0.539,459
idmap_r1,cancel,100000,0.54,459
idmap_r1,cancel,100000,0.541,459
idmap_r1,cancel,100000,0.542,459
idmap_r1,cancel,100000,0.543,459
idmap_r1,cancel,100000,0.544,459
idmap_r1,cancel,100000,0.545,459
idmap_r1,cancel,100000,0.546,459
idmap_r1,cancel,100000,0.547,459
idmap_r1,cancel,100000,0.548,459
idmap_r1,cancel,100000,0.549,459
idmap_r1,cancel,100000,0.55,459
idmap_r1,cancel,100000,0.551,459
idmap_r1,cancel,100000,0.552,459
idmap_r1,cancel,100000,0.553,459
idmap_r1,cancel,100000,0.554,459
idmap_r1,cancel,100000,0.555,459
idmap_r1,cancel,100000,0.556,459
idmap_r1,cancel,100000,0.557,459
idmap_r1,cancel,100000,0.558,459
idmap_r1,cancel,100000,0.559,459
idmap_r1,cancel,100000,0.56,459
idmap_r1,cancel,100000,0.561,459
idmap_r1,cancel,100000,0.562,459
idmap_r1,cancel,100000,0.563,459
idmap_r1,cancel,100000,0.564,459
idmap_r1,cancel,100000,0.565,459
idmap_r1,cancel,100000,0.566,459
idmap_r1,cancel,100000,0.567,459
idmap_r1,cancel,100000,0.568,459
idmap_r1,cancel,100000,0.569,459
idmap_r1,cancel,100000,0.57,459
idmap_r1,cancel,100000,0.571,459
idmap_r1,cancel,100000,0.572,459
idmap_r1,cancel,100000,0.573,459
idmap_r1,cancel,100000,0.574,459
idmap_r1,cancel,100000,0.575,459
idmap_r1,cancel,100000,0.576,459
idmap_r1,cancel,100000,0.577,459
idmap_r1,cancel,100000,0.578,459
idmap_r1,cancel,100000,0.579,459
idmap_r1,cancel,100000,0.58,459
idmap_r1,cancel,100000,0.581,500
idmap_r1,cancel,100000,0.582,500
idmap_r1,cancel,100000,0.583,500
idmap_r1,cancel,100000,0.584,500
idmap_r1,cancel,100000,0.585,500
idmap_r1,cancel,100000,0.586,500
idmap_r1,cancel,100000,0.587,500
idmap_r1,cancel,100000,0.588,500
idmap_r1,cancel,100000,0.589,500
idmap_r1,cancel,100000,0.59,500
idmap_r1,cancel,100000,0.591,500
idmap_r1,cancel,100000,0.592,500
idmap_r1,cancel,100000,0.593,500
idmap_r1,cancel,100000,0.594,500
idmap_r1,cancel,100000,0.595,500
idmap_r1,cancel,100000,0.596,500
idmap_r1,cancel,100000,0.597,500
idmap_r1,cancel,100000,0.598,500
idmap_r1,cancel,100000,0.599,500
idmap_r1,cancel,100000,0.6,500
idmap_r1,cancel,100000,0.601,500
idmap_r1,cancel,100000,0.602,500
idmap_r1,cancel,100000,0.603,500
idmap_r1,cancel,100000,0.604,500
idmap_r1,cancel,100000,0.605,500
idmap_r1,cancel,100000,0.606,500
idmap_r1,cancel,100000,0.607,500
idmap_r1,cancel,100000,0.608,500
idmap_r1,cancel,100000,0.609,500
idmap_r1,cancel,100000,0.61,500
idmap_r1,cancel,100000,0.611,500
idmap_r1,cancel,100000,0.612,500
idmap_r1,cancel,100000,0.613,500
idmap_r1,cancel,100000,0.614,500
idmap_r1,cancel,100000,0.615,500
idmap_r1,cancel,100000,0.616,500
idmap_r1,cancel,100000,0.617,500
idmap_r1,cancel,100000,0.618,500
idmap_r1,cancel,100000,0.619,500
idmap_r1,cancel,100000,0.62,500
idmap_r1,cancel,100000,0.621,500
idmap_r1,cancel,100000,0.622,500
idmap_r1,cancel,100000,0.623,500
idmap_r1,cancel,100000,0.624,500
idmap_r1,cancel,100000,0.625,500
idmap_r1,cancel,100000,0.626,500
idmap_r1,cancel,100000,0.627,500
idmap_r1,cancel,100000,0.628,500
idmap_r1,cancel,100000,0.629,500
idmap_r1,cancel,100000,0.63,500
idmap_r1,cancel,100000,0.631,500
idmap_r1,cancel,100000,0.632,500
idmap_r1,cancel,100000,0.633,500
idmap_r1,cancel,100000,0.634,500
idmap_r1,cancel,100000,0.635,500
idmap_r1,cancel,100000,0.636,500
idmap_r1,cancel,100000,0.637,500
idmap_r1,cancel,100000,0.638,500
idmap_r1,cancel,100000,0.639,500
idmap_r1,cancel,100000,0.64,500
idmap_r1,cancel,100000,0.641,500
idmap_r1,cancel,100000,0.642,500
idmap_r1,cancel,100000,0.643,500
idmap_r1,cancel,100000,0.644,500
idmap_r1,cancel,100000,0.645,500
idmap_r1,cancel,100000,0.646,500
idmap_r1,cancel,100000,0.647,500
idmap_r1,cancel,100000,0.648,500
idmap_r1,cancel,100000,0.649,500
idmap_r1,cancel,100000,0.65,500
idmap_r1,cancel,100000,0.651,500
idmap_r1,cancel,100000,0.652,500
idmap_r1,cancel,100000,0.653,500
idmap_r1,cancel,100000,0.654,500
idmap_r1,cancel,100000,0.655,500
idmap_r1,cancel,100000,0.656,500
idmap_r1,cancel,100000,0.657,500
idmap_r1,cancel,100000,0.658,500
idmap_r1,cancel,100000,0.659,500
idmap_r1,cancel,100000,0.66,500
idmap_r1,cancel,100000,0.661,500
idmap_r1,cancel,100000,0.662,500
idmap_r1,cancel,100000,0.663,500
idmap_r1,cancel,100000,0.664,500
idmap_r1,cancel,100000,0.665,500
idmap_r1,cancel,100000,0.666,500
idmap_r1,cancel,100000,0.667,500
idmap_r1,cancel,100000,0.668,500
idmap_r1,cancel,100000,0.669,500
idmap_r1,cancel,100000,0.67,500
idmap_r1,cancel,100000,0.671,500
idmap_r1,cancel,100000,0.672,500
idmap_r1,cancel,100000,0.673,500
idmap_r1,cancel,100000,0.674,500
idmap_r1,cancel,100000,0.675,500
idmap_r1,cancel,100000,0.676,500
idmap_r1,cancel,100000,0.677,500
idmap_r1,cancel,100000,0.678,500
idmap_r1,cancel,100000,0.679,500
idmap_r1,cancel,100000,0.68,500
idmap_r1,cancel,100000,0.681,500
idmap_r1,cancel,100000,0.682,500
idmap_r1,cancel,100000,0.683,500
idmap_r1,cancel,100000,0.684,500
idmap_r1,cancel,100000,0.685,500
idmap_r1,cancel,100000,0.686,500
idmap_r1,cancel,100000,0.687,500
idmap_r1,cancel,100000,0.688,500
idmap_r1,cancel,100000,0.689,500
idmap_r1,cancel,100000,0.69,500
idmap_r1,cancel,100000,0.691,500
idmap_r1,cancel,100000,0.692,500
idmap_r1,cancel,100000,0.693,500
idmap_r1,cancel,100000,0.694,500
idmap_r1,cancel,100000,0.695,500
idmap_r1,cancel,100000,0.696,500
idmap_r1,cancel,100000,0.697,500
idmap_r1,cancel,100000,0.698,500
idmap_r1,cancel,100000,0.699,500
idmap_r1,cancel,100000,0.7,500
idmap_r1,cancel,100000,0.701,500
idmap_r1,cancel,100000,0.702,500
idmap_r1,cancel,100000,0.703,500
idmap_r1,cancel,100000,0.704,500
idmap_r1,cancel,100000,0.705,500
idmap_r1,cancel,100000,0.706,500
idmap_r1,cancel,100000,0.707,500
idmap_r1,cancel,100000,0.708,500
idmap_r1,cancel,100000,0.709,500
idmap_r1,cancel,100000,0.71,541
idmap_r1,cancel,100000,0.711,541
idmap_r1,cancel,100000,0.712,541
idmap_r1,cancel,100000,0.713,541
idmap_r1,cancel,100000,0.714,541
idmap_r1,cancel,100000,0.715,541
idmap_r1,cancel,100000,0.716,541
idmap_r1,cancel,100000,0.717,541
idmap_r1,cancel,100000,0.718,541
idmap_r1,cancel,100000,0.719,541
idmap_r1,cancel,100000,0.72,541
idmap_r1,cancel,100000,0.721,541
idmap_r1,cancel,100000,0.722,541
idmap_r1,cancel,100000,0.723,541
idmap_r1,cancel,100000,0.724,541
idmap_r1,cancel,100000,0.725,541
idmap_r1,cancel,100000,0.726,541
idmap_r1,cancel,100000,0.727,541
idmap_r1,cancel,100000,0.728,541
idmap_r1,cancel,100000,0.729,541
idmap_r1,cancel,100000,0.73,541
idmap_r1,cancel,100000,0.731,541
idmap_r1,cancel,100000,0.732,541
idmap_r1,cancel,100000,0.733,541
idmap_r1,cancel,100000,0.734,541
idmap_r1,cancel,100000,0.735,541
idmap_r1,cancel,100000,0.736,541
idmap_r1,cancel,100000,0.737,541
idmap_r1,cancel,100000,0.738,541
idmap_r1,cancel,100000,0.739,542
idmap_r1,cancel,100000,0.74,542
idmap_r1,cancel,100000,0.741,542
idmap_r1,cancel,100000,0.742,542
idmap_r1,cancel,100000,0.743,542
idmap_r1,cancel,100000,0.744,542
idmap_r1,cancel,100000,0.745,542
idmap_r1,cancel,100000,0.746,542
idmap_r1,cancel,100000,0.747,542
idmap_r1,cancel,100000,0.748,542
idmap_r1,cancel,100000,0.749,542
idmap_r1,cancel,100000,0.75,542
idmap_r1,cancel,100000,0.751,542
idmap_r1,cancel,100000,0.752,542
idmap_r1,cancel,100000,0.753,542
idmap_r1,cancel,100000,0.754,542
idmap_r1,cancel,100000,0.755,542
idmap_r1,cancel,100000,0.756,542
idmap_r1,cancel,100000,0.757,542
idmap_r1,cancel,100000,0.758,542
idmap_r1,cancel,100000,0.759,542
idmap_r1,cancel,100000,0.76,542
idmap_r1,cancel,100000,0.761,542
idmap_r1,cancel,100000,0.762,542
idmap_r1,cancel,100000,0.763,542
idmap_r1,cancel,100000,0.764,542
idmap_r1,cancel,100000,0.765,542
idmap_r1,cancel,100000,0.766,542
idmap_r1,cancel,100000,0.767,542
idmap_r1,cancel,100000,0.768,542
idmap_r1,cancel,100000,0.769,542
idmap_r1,cancel,100000,0.77,542
idmap_r1,cancel,100000,0.771,542
idmap_r1,cancel,100000,0.772,542
idmap_r1,cancel,100000,0.773,542
idmap_r1,cancel,100000,0.774,542
idmap_r1,cancel,100000,0.775,542
idmap_r1,cancel,100000,0.776,542
idmap_r1,cancel,100000,0.777,542
idmap_r1,cancel,100000,0.778,542
idmap_r1,cancel,100000,0.779,542
idmap_r1,cancel,100000,0.78,542
idmap_r1,cancel,100000,0.781,542
idmap_r1,cancel,100000,0.782,542
idmap_r1,cancel,100000,0.783,542
idmap_r1,cancel,100000,0.784,542
idmap_r1,cancel,100000,0.785,542
idmap_r1,cancel,100000,0.786,542
idmap_r1,cancel,100000,0.787,542
idmap_r1,cancel,100000,0.788,542
idmap_r1,cancel,100000,0.789,542
idmap_r1,cancel,100000,0.79,542
idmap_r1,cancel,100000,0.791,542
idmap_r1,cancel,100000,0.792,542
idmap_r1,cancel,100000,0.793,542
idmap_r1,cancel,100000,0.794,542
idmap_r1,cancel,100000,0.795,542
idmap_r1,cancel,100000,0.796,542
idmap_r1,cancel,100000,0.797,583
idmap_r1,cancel,100000,0.798,583
idmap_r1,cancel,100000,0.799,583
idmap_r1,cancel,100000,0.8,583
idmap_r1,cancel,100000,0.801,583
idmap_r1,cancel,100000,0.802,583
idmap_r1,cancel,100000,0.803,583
idmap_r1,cancel,100000,0.804,583
idmap_r1,cancel,100000,0.805,583
idmap_r1,cancel,100000,0.806,583
idmap_r1,cancel,100000,0.807,583
idmap_r1,cancel,100000,0.808,583
idmap_r1,cancel,100000,0.809,583
idmap_r1,cancel,100000,0.81,583
idmap_r1,cancel,100000,0.811,583
idmap_r1,cancel,100000,0.812,583
idmap_r1,cancel,100000,0.813,583
idmap_r1,cancel,100000,0.814,583
idmap_r1,cancel,100000,0.815,583
idmap_r1,cancel,100000,0.816,583
idmap_r1,cancel,100000,0.817,583
idmap_r1,cancel,100000,0.818,583
idmap_r1,cancel,100000,0.819,583
idmap_r1,cancel,100000,0.82,583
idmap_r1,cancel,100000,0.821,583
idmap_r1,cancel,100000,0.822,583
idmap_r1,cancel,100000,0.823,583
idmap_r1,cancel,100000,0.824,583
idmap_r1,cancel,100000,0.825,583
idmap_r1,cancel,100000,0.826,583
idmap_r1,cancel,100000,0.827,583
idmap_r1,cancel,100000,0.828,583
idmap_r1,cancel,100000,0.829,583
idmap_r1,cancel,100000,0.83,584
idmap_r1,cancel,100000,0.831,584
idmap_r1,cancel,100000,0.832,584
idmap_r1,cancel,100000,0.833,584
idmap_r1,cancel,100000,0.834,584
idmap_r1,cancel,100000,0.835,584
idmap_r1,cancel,100000,0.836,584
idmap_r1,cancel,100000,0.837,584
idmap_r1,cancel,100000,0.838,584
idmap_r1,cancel,100000,0.839,584
idmap_r1,cancel,100000,0.84,584
idmap_r1,cancel,100000,0.841,584
idmap_r1,cancel,100000,0.842,584
idmap_r1,cancel,100000,0.843,584
idmap_r1,cancel,100000,0.844,584
idmap_r1,cancel,100000,0.845,584
idmap_r1,cancel,100000,0.846,625
idmap_r1,cancel,100000,0.847,625
idmap_r1,cancel,100000,0.848,625
idmap_r1,cancel,100000,0.849,625
idmap_r1,cancel,100000,0.85,625
idmap_r1,cancel,100000,0.851,625
idmap_r1,cancel,100000,0.852,625
idmap_r1,cancel,100000,0.853,625
idmap_r1,cancel,100000,0.854,625
idmap_r1,cancel,100000,0.855,625
idmap_r1,cancel,100000,0.856,625
idmap_r1,cancel,100000,0.857,625
idmap_r1,cancel,100000,0.858,625
idmap_r1,cancel,100000,0.859,625
idmap_r1,cancel,100000,0.86,625
idmap_r1,cancel,100000,0.861,625
idmap_r1,cancel,100000,0.862,625
idmap_r1,cancel,100000,0.863,625
idmap_r1,cancel,100000,0.864,625
idmap_r1,cancel,100000,0.865,625
idmap_r1,cancel,100000,0.866,625
idmap_r1,cancel,100000,0.867,625
idmap_r1,cancel,100000,0.868,625
idmap_r1,cancel,100000,0.869,625
idmap_r1,cancel,100000,0.87,625
idmap_r1,cancel,100000,0.871,625
idmap_r1,cancel,100000,0.872,625
idmap_r1,cancel,100000,0.873,625
idmap_r1,cancel,100000,0.874,625
idmap_r1,cancel,100000,0.875,625
idmap_r1,cancel,100000,0.876,625
idmap_r1,cancel,100000,0.877,625
idmap_r1,cancel,100000,0.878,625
idmap_r1,cancel,100000,0.879,625
idmap_r1,cancel,100000,0.88,625
idmap_r1,cancel,100000,0.881,666
idmap_r1,cancel,100000,0.882,666
idmap_r1,cancel,100000,0.883,666
idmap_r1,cancel,100000,0.884,666
idmap_r1,cancel,100000,0.885,666
idmap_r1,cancel,100000,0.886,666
idmap_r1,cancel,100000,0.887,666
idmap_r1,cancel,100000,0.888,667
idmap_r1,cancel,100000,0.889,667
idmap_r1,cancel,100000,0.89,667
idmap_r1,cancel,100000,0.891,667
idmap_r1,cancel,100000,0.892,667
idmap_r1,cancel,100000,0.893,667
idmap_r1,cancel,100000,0.894,667
idmap_r1,cancel,100000,0.895,667
idmap_r1,cancel,100000,0.896,667
idmap_r1,cancel,100000,0.897,667
idmap_r1,cancel,100000,0.898,667
idmap_r1,cancel,100000,0.899,667
idmap_r1,cancel,100000,0.9,708
idmap_r1,cancel,100000,0.901,708
idmap_r1,cancel,100000,0.902,708
idmap_r1,cancel,100000,0.903,708
idmap_r1,cancel,100000,0.904,708
idmap_r1,cancel,100000,0.905,708
idmap_r1,cancel,100000,0.906,708
idmap_r1,cancel,100000,0.907,709
idmap_r1,cancel,100000,0.908,709
idmap_r1,cancel,100000,0.909,709
idmap_r1,cancel,100000,0.91,709
idmap_r1,cancel,100000,0.911,750
idmap_r1,cancel,100000,0.912,750
idmap_r1,cancel,100000,0.913,750
idmap_r1,cancel,100000,0.914,750
idmap_r1,cancel,100000,0.915,750
idmap_r1,cancel,100000,0.916,750
idmap_r1,cancel,100000,0.917,750
idmap_r1,cancel,100000,0.918,750
idmap_r1,cancel,100000,0.919,750
idmap_r1,cancel,100000,0.92,750
idmap_r1,cancel,100000,0.921,791
idmap_r1,cancel,100000,0.922,791
idmap_r1,cancel,100000,0.923,791
idmap_r1,cancel,100000,0.924,791
idmap_r1,cancel,100000,0.925,792
idmap_r1,cancel,100000,0.926,792
idmap_r1,cancel,100000,0.927,792
idmap_r1,cancel,100000,0.928,792
idmap_r1,cancel,100000,0.929,792
idmap_r1,cancel,100000,0.93,792
idmap_r1,cancel,100000,0.931,792
idmap_r1,cancel,100000,0.932,833
idmap_r1,cancel,100000,0.933,833
idmap_r1,cancel,100000,0.934,833
idmap_r1,cancel,100000,0.935,833
idmap_r1,cancel,100000,0.936,833
idmap_r1,cancel,100000,0.937,833
idmap_r1,cancel,100000,0.938,833
idmap_r1,cancel,100000,0.939,834
idmap_r1,cancel,100000,0.94,834
idmap_r1,cancel,100000,0.941,834
idmap_r1,cancel,100000,0.942,834
idmap_r1,cancel,100000,0.943,875
idmap_r1,cancel,100000,0.944,875
idmap_r1,cancel,100000,0.945,875
idmap_r1,cancel,100000,0.946,875
idmap_r1,cancel,100000,0.947,875
idmap_r1,cancel,100000,0.948,875
idmap_r1,cancel,100000,0.949,875
idmap_r1,cancel,100000,0.95,875
idmap_r1,cancel,100000,0.951,875
idmap_r1,cancel,100000,0.952,875
idmap_r1,cancel,100000,0.953,916
idmap_r1,cancel,100000,0.954,916
idmap_r1,cancel,100000,0.955,916
idmap_r1,cancel,100000,0.956,917
idmap_r1,cancel,100000,0.957,917
idmap_r1,cancel,100000,0.958,917
idmap_r1,cancel,100000,0.959,917
idmap_r1,cancel,100000,0.96,917
idmap_r1,cancel,100000,0.961,917
idmap_r1,cancel,100000,0.962,958
idmap_r1,cancel,100000,0.963,958
idmap_r1,cancel,100000,0.964,958
idmap_r1,cancel,100000,0.965,958
idmap_r1,cancel,100000,0.966,959
idmap_r1,cancel,100000,0.967,959
idmap_r1,cancel,100000,0.968,1000
idmap_r1,cancel,100000,0.969,1000
idmap_r1,cancel,100000,0.97,1000
idmap_r1,cancel,100000,0.971,1000
idmap_r1,cancel,100000,0.972,1000
idmap_r1,cancel,100000,0.973,1000
idmap_r1,cancel,100000,0.974,1041
idmap_r1,cancel,100000,0.975,1042
idmap_r1,cancel,100000,0.976,1042
idmap_r1,cancel,100000,0.977,1042
idmap_r1,cancel,100000,0.978,1083
idmap_r1,cancel,100000,0.979,1083
idmap_r1,cancel,100000,0.98,1084
idmap_r1,cancel,100000,0.981,1084
idmap_r1,cancel,100000,0.982,1125
idmap_r1,cancel,100000,0.983,1125
idmap_r1,cancel,100000,0.984,1166
idmap_r1,cancel,100000,0.985,1167
idmap_r1,cancel,100000,0.986,1208
idmap_r1,cancel,100000,0.987,1208
idmap_r1,cancel,100000,0.988,1250
idmap_r1,cancel,100000,0.989,1250
idmap_r1,cancel,100000,0.99,1292
idmap_r1,cancel,100000,0.991,1375
idmap_r1,cancel,100000,0.992,1417
idmap_r1,cancel,100000,0.993,1500
idmap_r1,cancel,100000,0.994,1625
idmap_r1,cancel,100000,0.995,1875
idmap_r1,cancel,100000,0.996,2583
idmap_r1,cancel,100000,0.997,11875
idmap_r1,cancel,100000,0.998,26917
idmap_r1,cancel,100000,0.999,96417
idmap_r1,match,100000,0,41
idmap_r1,match,100000,0.001,42
idmap_r1,match,100000,0.002,83
idmap_r1,match,100000,0.003,83
idmap_r1,match,100000,0.004,83
idmap_r1,match,100000,0.005,83
idmap_r1,match,100000,0.006,83
idmap_r1,match,100000,0.007,83
idmap_r1,match,100000,0.008,83
idmap_r1,match,100000,0.009,83
idmap_r1,match,100000,0.01,83
idmap_r1,match,100000,0.011,83
idmap_r1,match,100000,0.012,83
idmap_r1,match,100000,0.013,83
idmap_r1,match,100000,0.014,83
idmap_r1,match,100000,0.015,83
idmap_r1,match,100000,0.016,83
idmap_r1,match,100000,0.017,83
idmap_r1,match,100000,0.018,83
idmap_r1,match,100000,0.019,83
idmap_r1,match,100000,0.02,83
idmap_r1,match,100000,0.021,83
idmap_r1,match,100000,0.022,83
idmap_r1,match,100000,0.023,83
idmap_r1,match,100000,0.024,83
idmap_r1,match,100000,0.025,83
idmap_r1,match,100000,0.026,83
idmap_r1,match,100000,0.027,83
idmap_r1,match,100000,0.028,83
idmap_r1,match,100000,0.029,83
idmap_r1,match,100000,0.03,83
idmap_r1,match,100000,0.031,83
idmap_r1,match,100000,0.032,83
idmap_r1,match,100000,0.033,83
idmap_r1,match,100000,0.034,83
idmap_r1,match,100000,0.035,83
idmap_r1,match,100000,0.036,83
idmap_r1,match,100000,0.037,83
idmap_r1,match,100000,0.038,83
idmap_r1,match,100000,0.039,83
idmap_r1,match,100000,0.04,83
idmap_r1,match,100000,0.041,83
idmap_r1,match,100000,0.042,83
idmap_r1,match,100000,0.043,83
idmap_r1,match,100000,0.044,83
idmap_r1,match,100000,0.045,83
idmap_r1,match,100000,0.046,83
idmap_r1,match,100000,0.047,83
idmap_r1,match,100000,0.048,83
idmap_r1,match,100000,0.049,83
idmap_r1,match,100000,0.05,83
idmap_r1,match,100000,0.051,83
idmap_r1,match,100000,0.052,83
idmap_r1,match,100000,0.053,83
idmap_r1,match,100000,0.054,83
idmap_r1,match,100000,0.055,83
idmap_r1,match,100000,0.056,83
idmap_r1,match,100000,0.057,83
idmap_r1,match,100000,0.058,83
idmap_r1,match,100000,0.059,83
idmap_r1,match,100000,0.06,83
idmap_r1,match,100000,0.061,83
idmap_r1,match,100000,0.062,83
idmap_r1,match,100000,0.063,83
idmap_r1,match,100000,0.064,83
idmap_r1,match,100000,0.065,83
idmap_r1,match,100000,0.066,83
idmap_r1,match,100000,0.067,83
idmap_r1,match,100000,0.068,83
idmap_r1,match,100000,0.069,83
idmap_r1,match,100000,0.07,84
idmap_r1,match,100000,0.071,84
idmap_r1,match,100000,0.072,84
idmap_r1,match,100000,0.073,84
idmap_r1,match,100000,0.074,84
idmap_r1,match,100000,0.075,84
idmap_r1,match,100000,0.076,84
idmap_r1,match,100000,0.077,84
idmap_r1,match,100000,0.078,84
idmap_r1,match,100000,0.079,84
idmap_r1,match,100000,0.08,84
idmap_r1,match,100000,0.081,84
idmap_r1,match,100000,0.082,84
idmap_r1,match,100000,0.083,84
idmap_r1,match,100000,0.084,84
idmap_r1,match,100000,0.085,84
idmap_r1,match,100000,0.086,84
idmap_r1,match,100000,0.087,84
idmap_r1,match,100000,0.088,84
idmap_r1,match,100000,0.089,84
idmap_r1,match,100000,0.09,84
idmap_r1,match,100000,0.091,84
idmap_r1,match,100000,0.092,84
idmap_r1,match,100000,0.093,84
idmap_r1,match,100000,0.094,84
idmap_r1,match,100000,0.095,84
idmap_r1,match,100000,0.096,84
idmap_r1,match,100000,0.097,84
idmap_r1,match,100000,0.098,84
idmap_r1,match,100000,0.099,84
idmap_r1,match,100000,0.1,84
idmap_r1,match,100000,0.101,84
idmap_r1,match,100000,0.102,84
idmap_r1,match,100000,0.103,125
idmap_r1,match,100000,0.104,125
idmap_r1,match,100000,0.105,125
idmap_r1,match,100000,0.106,125
idmap_r1,match,100000,0.107,125
idmap_r1,match,100000,0.108,125
idmap_r1,match,100000,0.109,125
idmap_r1,match,100000,0.11,125
idmap_r1,match,100000,0.111,125
idmap_r1,match,100000,0.112,125
idmap_r1,match,100000,0.113,125
idmap_r1,match,100000,0.114,125
idmap_r1,match,100000,0.115,125
idmap_r1,match,100000,0.116,125
idmap_r1,match,100000,0.117,125
idmap_r1,match,100000,0.118,125
idmap_r1,match,100000,0.119,125
idmap_r1,match,100000,0.12,125
idmap_r1,match,100000,0.121,125
idmap_r1,match,100000,0.122,125
idmap_r1,match,100000,0.123,125
idmap_r1,match,100000,0.124,125
idmap_r1,match,100000,0.125,125
idmap_r1,match,100000,0.126,125
idmap_r1,match,100000,0.127,125
idmap_r1,match,100000,0.128,125
idmap_r1,match,100000,0.129,125
idmap_r1,match,100000,0.13,125
idmap_r1,match,100000,0.131,125
idmap_r1,match,100000,0.132,125
idmap_r1,match,100000,0.133,125
idmap_r1,match,100000,0.134,125
idmap_r1,match,100000,0.135,125
idmap_r1,match,100000,0.136,125
idmap_r1,match,100000,0.137,125
idmap_r1,match,100000,0.138,125
idmap_r1,match,100000,0.139,125
idmap_r1,match,100000,0.14,125
idmap_r1,match,100000,0.141,125
idmap_r1,match,100000,0.142,125
idmap_r1,match,100000,0.143,125
idmap_r1,match,100000,0.144,125
idmap_r1,match,100000,0.145,125
idmap_r1,match,100000,0.146,125
idmap_r1,match,100000,0.147,125
idmap_r1,match,100000,0.148,125
idmap_r1,match,100000,0.149,125
idmap_r1,match,100000,0.15,125
idmap_r1,match,100000,0.151,125
idmap_r1,match,100000,0.152,125
idmap_r1,match,100000,0.153,125
idmap_r1,match,100000,0.154,166
idmap_r1,match,100000,0.155,166
idmap_r1,match,100000,0.156,166
idmap_r1,match,100000,0.157,166
idmap_r1,match,100000,0.158,166
idmap_r1,match,100000,0.159,166
idmap_r1,match,100000,0.16,166
idmap_r1,match,100000,0.161,166
idmap_r1,match,100000,0.162,166
idmap_r1,match,100000,0.163,166
idmap_r1,match,100000,0.164,166
idmap_r1,match,100000,0.165,166
idmap_r1,match,100000,0.166,166
idmap_r1,match,100000,0.167,166
idmap_r1,match,100000,0.168,166
idmap_r1,match,100000,0.169,166
idmap_r1,match,100000,0.17,166
idmap_r1,match,100000,0.171,166
idmap_r1,match,100000,0.172,166
idmap_r1,match,100000,0.173,166
idmap_r1,match,100000,0.174,166
idmap_r1,match,100000,0.175,166
idmap_r1,match,100000,0.176,166
idmap_r1,match,100000,0.177,166
idmap_r1,match,100000,0.178,166
idmap_r1,match,100000,0.179,166
idmap_r1,match,100000,0.18,166
idmap_r1,match,100000,0.181,166
idmap_r1,match,100000,0.182,166
idmap_r1,match,100000,0.183,166
idmap_r1,match,100000,0.184,166
idmap_r1,match,100000,0.185,166
idmap_r1,match,100000,0.186,166
idmap_r1,match,100000,0.187,166
idmap_r1,match,100000,0.188,166
idmap_r1,match,100000,0.189,166
idmap_r1,match,100000,0.19,166
idmap_r1,match,100000,0.191,166
idmap_r1,match,100000,0.192,166
idmap_r1,match,100000,0.193,166
idmap_r1,match,100000,0.194,166
idmap_r1,match,100000,0.195,166
idmap_r1,match,100000,0.196,167
idmap_r1,match,100000,0.197,167
idmap_r1,match,100000,0.198,167
idmap_r1,match,100000,0.199,167
idmap_r1,match,100000,0.2,167
idmap_r1,match,100000,0.201,167
idmap_r1,match,100000,0.202,167
idmap_r1,match,100000,0.203,167
idmap_r1,match,100000,0.204,167
idmap_r1,match,100000,0.205,167
idmap_r1,match,100000,0.206,167
idmap_r1,match,100000,0.207,167
idmap_r1,match,100000,0.208,167
idmap_r1,match,100000,0.209,167
idmap_r1,match,100000,0.21,167
idmap_r1,match,100000,0.211,167
idmap_r1,match,100000,0.212,167
idmap_r1,match,100000,0.213,167
idmap_r1,match,100000,0.214,167
idmap_r1,match,100000,0.215,167
idmap_r1,match,100000,0.216,167
idmap_r1,match,100000,0.217,167
idmap_r1,match,100000,0.218,167
idmap_r1,match,100000,0.219,167
idmap_r1,match,100000,0.22,167
idmap_r1,match,100000,0.221,167
idmap_r1,match,100000,0.222,167
idmap_r1,match,100000,0.223,167
idmap_r1,match,100000,0.224,167
idmap_r1,match,100000,0.225,167
idmap_r1,match,100000,0.226,167
idmap_r1,match,100000,0.227,167
idmap_r1,match,100000,0.228,167
idmap_r1,match,100000,0.229,167
idmap_r1,match,100000,0.23,167
idmap_r1,match,100000,0.231,167
idmap_r1,match,100000,0.232,167
idmap_r1,match,100000,0.233,167
idmap_r1,match,100000,0.234,167
idmap_r1,match,100000,0.235,167
idmap_r1,match,100000,0.236,167
idmap_r1,match,100000,0.237,167
idmap_r1,match,100000,0.238,167
idmap_r1,match,100000,0.239,167
idmap_r1,match,100000,0.24,167
idmap_r1,match,100000,0.241,167
idmap_r1,match,100000,0.242,167
idmap_r1,match,100000,0.243,167
idmap_r1,match,100000,0.244,167
idmap_r1,match,100000,0.245,167
idmap_r1,match,100000,0.246,167
idmap_r1,match,100000,0.247,167
idmap_r1,match,100000,0.248,167
idmap_r1,match,100000,0.249,167
idmap_r1,match,100000,0.25,167
idmap_r1,match,100000,0.251,167
idmap_r1,match,100000,0.252,167
idmap_r1,match,100000,0.253,167
idmap_r1,match,100000,0.254,167
idmap_r1,match,100000,0.255,167
idmap_r1,match,100000,0.256,167
idmap_r1,match,100000,0.257,167
idmap_r1,match,100000,0.258,167
idmap_r1,match,100000,0.259,167
idmap_r1,match,100000,0.26,167
idmap_r1,match,100000,0.261,167
idmap_r1,match,100000,0.262,167
idmap_r1,match,100000,0.263,167
idmap_r1,match,100000,0.264,167
idmap_r1,match,100000,0.265,167
idmap_r1,match,100000,0.266,167
idmap_r1,match,100000,0.267,167
idmap_r1,match,100000,0.268,167
idmap_r1,match,100000,0.269,167
idmap_r1,match,100000,0.27,167
idmap_r1,match,100000,0.271,167
idmap_r1,match,100000,0.272,167
idmap_r1,match,100000,0.273,167
idmap_r1,match,100000,0.274,167
idmap_r1,match,100000,0.275,167
idmap_r1,match,100000,0.276,167
idmap_r1,match,100000,0.277,167
idmap_r1,match,100000,0.278,167
idmap_r1,match,100000,0.279,167
idmap_r1,match,100000,0.28,167
idmap_r1,match,100000,0.281,167
idmap_r1,match,100000,0.282,208
idmap_r1,match,100000,0.283,208
idmap_r1,match,100000,0.284,208
idmap_r1,match,100000,0.285,208
idmap_r1,match,100000,0.286,208
idmap_r1,match,100000,0.287,208
idmap_r1,match,100000,0.288,208
idmap_r1,match,100000,0.289,208
idmap_r1,match,100000,0.29,208
idmap_r1,match,100000,0.291,208
idmap_r1,match,100000,0.292,208
idmap_r1,match,100000,0.293,208
idmap_r1,match,100000,0.294,208
idmap_r1,match,100000,0.295,208
idmap_r1,match,100000,0.296,208
idmap_r1,match,100000,0.297,208
idmap_r1,match,100000,0.298,208
idmap_r1,match,100000,0.299,208
idmap_r1,match,100000,0.3,208
idmap_r1,match,100000,0.301,208
idmap_r1,match,100000,0.302,208
idmap_r1,match,100000,0.303,208
idmap_r1,match,100000,0.304,208
idmap_r1,match,100000,0.305,208
idmap_r1,match,100000,0.306,208
idmap_r1,match,100000,0.307,208
idmap_r1,match,100000,0.308,208
idmap_r1,match,100000,0.309,208
idmap_r1,match,100000,0.31,208
idmap_r1,match,100000,0.311,208
idmap_r1,match,100000,0.312,208
idmap_r1,match,100000,0.313,208
idmap_r1,match,100000,0.314,208
idmap_r1,match,100000,0.315,208
idmap_r1,match,100000,0.316,208
idmap_r1,match,100000,0.317,208
idmap_r1,match,100000,0.318,208
idmap_r1,match,100000,0.319,208
idmap_r1,match,100000,0.32,208
idmap_r1,match,100000,0.321,208
idmap_r1,match,100000,0.322,208
idmap_r1,match,100000,0.323,208
idmap_r1,match,100000,0.324,208
idmap_r1,match,100000,0.325,208
idmap_r1,match,100000,0.326,208
idmap_r1,match,100000,0.327,208
idmap_r1,match,100000,0.328,208
idmap_r1,match,100000,0.329,208
idmap_r1,match,100000,0.33,208
idmap_r1,match,100000,0.331,208
idmap_r1,match,100000,0.332,208
idmap_r1,match,100000,0.333,208
idmap_r1,match,100000,0.334,208
idmap_r1,match,100000,0.335,208
idmap_r1,match,100000,0.336,208
idmap_r1,match,100000,0.337,208
idmap_r1,match,100000,0.338,208
idmap_r1,match,100000,0.339,208
idmap_r1,match,100000,0.34,208
idmap_r1,match,100000,0.341,208
idmap_r1,match,100000,0.342,208
idmap_r1,match,100000,0.343,208
idmap_r1,match,100000,0.344,208
idmap_r1,match,100000,0.345,208
idmap_r1,match,100000,0.346,208
idmap_r1,match,100000,0.347,208
idmap_r1,match,100000,0.348,208
idmap_r1,match,100000,0.349,208
idmap_r1,match,100000,0.35,208
idmap_r1,match,100000,0.351,208
idmap_r1,match,100000,0.352,208
idmap_r1,match,100000,0.353,208
idmap_r1,match,100000,0.354,208
idmap_r1,match,100000,0.355,208
idmap_r1,match,100000,0.356,208
idmap_r1,match,100000,0.357,208
idmap_r1,match,100000,0.358,208
idmap_r1,match,100000,0.359,208
idmap_r1,match,100000,0.36,208
idmap_r1,match,100000,0.361,208
idmap_r1,match,100000,0.362,208
idmap_r1,match,100000,0.363,208
idmap_r1,match,100000,0.364,208
idmap_r1,match,100000,0.365,208
idmap_r1,match,100000,0.366,208
idmap_r1,match,100000,0.367,208
idmap_r1,match,100000,0.368,208
idmap_r1,match,100000,0.369,208
idmap_r1,match,100000,0.37,208
idmap_r1,match,100000,0.371,208
idmap_r1,match,100000,0.372,208
idmap_r1,match,100000,0.373,208
idmap_r1,match,100000,0.374,208
idmap_r1,match,100000,0.375,208
idmap_r1,match,100000,0.376,208
idmap_r1,match,100000,0.377,208
idmap_r1,match,100000,0.378,208
idmap_r1,match,100000,0.379,208
idmap_r1,match,100000,0.38,208
idmap_r1,match,100000,0.381,208
idmap_r1,match,100000,0.382,208
idmap_r1,match,100000,0.383,208
idmap_r1,match,100000,0.384,208
idmap_r1,match,100000,0.385,208
idmap_r1,match,100000,0.386,208
idmap_r1,match,100000,0.387,208
idmap_r1,match,100000,0.388,208
idmap_r1,match,100000,0.389,208
idmap_r1,match,100000,0.39,208
idmap_r1,match,100000,0.391,208
idmap_r1,match,100000,0.392,208
idmap_r1,match,100000,0.393,208
idmap_r1,match,100000,0.394,208
idmap_r1,match,100000,0.395,208
idmap_r1,match,100000,0.396,208
idmap_r1,match,100000,0.397,208
idmap_r1,match,100000,0.398,208
idmap_r1,match,100000,0.399,208
idmap_r1,match,100000,0.4,208
idmap_r1,match,100000,0.401,208
idmap_r1,match,100000,0.402,208
idmap_r1,match,100000,0.403,208
idmap_r1,match,100000,0.404,208
idmap_r1,match,100000,0.405,208
idmap_r1,match,100000,0.406,208
idmap_r1,match,100000,0.407,208
idmap_r1,match,100000,0.408,208
idmap_r1,match,100000,0.409,208
idmap_r1,match,100000,0.41,208
idmap_r1,match,100000,0.411,208
idmap_r1,match,100000,0.412,208
idmap_r1,match,100000,0.413,208
idmap_r1,match,100000,0.414,208
idmap_r1,match,100000,0.415,208
idmap_r1,match,100000,0.416,208
idmap_r1,match,100000,0.417,208
idmap_r1,match,100000,0.418,208
idmap_r1,match,100000,0.419,208
idmap_r1,match,100000,0.42,208
idmap_r1,match,100000,0.421,208
idmap_r1,match,100000,0.422,208
idmap_r1,match,100000,0.423,208
idmap_r1,match,100000,0.424,208
idmap_r1,match,100000,0.425,208
idmap_r1,match,100000,0.426,208
idmap_r1,match,100000,0.427,208
idmap_r1,match,100000,0.428,208
idmap_r1,match,100000,0.429,208
idmap_r1,match,100000,0.43,208
idmap_r1,match,100000,0.431,208
idmap_r1,match,100000,0.432,208
idmap_r1,match,100000,0.433,208
idmap_r1,match,100000,0.434,208
idmap_r1,match,100000,0.435,208
idmap_r1,match,100000,0.436,208
idmap_r1,match,100000,0.437,208
idmap_r1,match,100000,0.438,208
idmap_r1,match,100000,0.439,208
idmap_r1,match,100000,0.44,208
idmap_r1,match,100000,0.441,208
idmap_r1,match,100000,0.442,208
idmap_r1,match,100000,0.443,208
idmap_r1,match,100000,0.444,208
idmap_r1,match,100000,0.445,208
idmap_r1,match,100000,0.446,208
idmap_r1,match,100000,0.447,208
idmap_r1,match,100000,0.448,208
idmap_r1,match,100000,0.449,208
idmap_r1,match,100000,0.45,208
idmap_r1,match,100000,0.451,208
idmap_r1,match,100000,0.452,209
idmap_r1,match,100000,0.453,209
idmap_r1,match,100000,0.454,209
idmap_r1,match,100000,0.455,209
idmap_r1,match,100000,0.456,209
idmap_r1,match,100000,0.457,209
idmap_r1,match,100000,0.458,209
idmap_r1,match,100000,0.459,209
idmap_r1,match,100000,0.46,209
idmap_r1,match,100000,0.461,209
idmap_r1,match,100000,0.462,209
idmap_r1,match,100000,0.463,209
idmap_r1,match,100000,0.464,209
idmap_r1,match,100000,0.465,209
idmap_r1,match,100000,0.466,209
idmap_r1,match,100000,0.467,209
idmap_r1,match,100000,0.468,209
idmap_r1,match,100000,0.469,209
idmap_r1,match,100000,0.47,209
idmap_r1,match,100000,0.471,209
idmap_r1,match,100000,0.472,209
idmap_r1,match,100000,0.473,209
idmap_r1,match,100000,0.474,209
idmap_r1,match,100000,0.475,209
idmap_r1,match,100000,0.476,209
idmap_r1,match,100000,0.477,209
idmap_r1,match,100000,0.478,209
idmap_r1,match,100000,0.479,209
idmap_r1,match,100000,0.48,209
idmap_r1,match,100000,0.481,209
idmap_r1,match,100000,0.482,209
idmap_r1,match,100000,0.483,209
idmap_r1,match,100000,0.484,209
idmap_r1,match,100000,0.485,209
idmap_r1,match,100000,0.486,209
idmap_r1,match,100000,0.487,209
idmap_r1,match,100000,0.488,209
idmap_r1,match,100000,0.489,209
idmap_r1,match,100000,0.49,209
idmap_r1,match,100000,0.491,209
idmap_r1,match,100000,0.492,209
idmap_r1,match,100000,0.493,209
idmap_r1,match,100000,0.494,209
idmap_r1,match,100000,0.495,209
idmap_r1,match,100000,0.496,209
idmap_r1,match,100000,0.497,209
idmap_r1,match,100000,0.498,209
idmap_r1,match,100000,0.499,209
idmap_r1,match,100000,0.5,209
idmap_r1,match,100000,0.501,209
idmap_r1,match,100000,0.502,209
idmap_r1,match,100000,0.503,209
idmap_r1,match,100000,0.504,209
idmap_r1,match,100000,0.505,209
idmap_r1,match,100000,0.506,209
idmap_r1,match,100000,0.507,209
idmap_r1,match,100000,0.508,209
idmap_r1,match,100000,0.509,209
idmap_r1,match,100000,0.51,209
idmap_r1,match,100000,0.511,209
idmap_r1,match,100000,0.512,209
idmap_r1,match,100000,0.513,209
idmap_r1,match,100000,0.514,209
idmap_r1,match,100000,0.515,209
idmap_r1,match,100000,0.516,209
idmap_r1,match,100000,0.517,209
idmap_r1,match,100000,0.518,209
idmap_r1,match,100000,0.519,209
idmap_r1,match,100000,0.52,209
idmap_r1,match,100000,0.521,209
idmap_r1,match,100000,0.522,209
idmap_r1,match,100000,0.523,209
idmap_r1,match,100000,0.524,209
idmap_r1,match,100000,0.525,209
idmap_r1,match,100000,0.526,209
idmap_r1,match,100000,0.527,209
idmap_r1,match,100000,0.528,209
idmap_r1,match,100000,0.529,209
idmap_r1,match,100000,0.53,209
idmap_r1,match,100000,0.531,209
idmap_r1,match,100000,0.532,209
idmap_r1,match,100000,0.533,209
idmap_r1,match,100000,0.534,209
idmap_r1,match,100000,0.535,209
idmap_r1,match,100000,0.536,209
idmap_r1,match,100000,0.537,250
idmap_r1,match,100000,0.538,250
idmap_r1,match,100000,0.539,250
idmap_r1,match,100000,0.54,250
idmap_r1,match,100000,0.541,250
idmap_r1,match,100000,0.542,250
idmap_r1,match,100000,0.543,250
idmap_r1,match,100000,0.544,250
idmap_r1,match,100000,0.545,250
idmap_r1,match,100000,0.546,250
idmap_r1,match,100000,0.547,250
idmap_r1,match,100000,0.548,250
idmap_r1,match,100000,0.549,250
idmap_r1,match,100000,0.55,250
idmap_r1,match,100000,0.551,250
idmap_r1,match,100000,0.552,250
idmap_r1,match,100000,0.553,250
idmap_r1,match,100000,0.554,250
idmap_r1,match,100000,0.555,250
idmap_r1,match,100000,0.556,250
idmap_r1,match,100000,0.557,250
idmap_r1,match,100000,0.558,250
idmap_r1,match,100000,0.559,250
idmap_r1,match,100000,0.56,250
idmap_r1,match,100000,0.561,250
idmap_r1,match,100000,0.562,250
idmap_r1,match,100000,0.563,250
idmap_r1,match,100000,0.564,250
idmap_r1,match,100000,0.565,250
idmap_r1,match,100000,0.566,250
idmap_r1,match,100000,0.567,250
idmap_r1,match,100000,0.568,250
idmap_r1,match,100000,0.569,250
idmap_r1,match,100000,0.57,250
idmap_r1,match,100000,0.571,250
idmap_r1,match,100000,0.572,250
idmap_r1,match,100000,0.573,250
idmap_r1,match,100000,0.574,250
idmap_r1,match,100000,0.575,250
idmap_r1,match,100000,0.576,250
idmap_r1,match,100000,0.577,250
idmap_r1,match,100000,0.578,250
idmap_r1,match,100000,0.579,250
idmap_r1,match,100000,0.58,250
idmap_r1,match,100000,0.581,250
idmap_r1,match,100000,0.582,250
idmap_r1,match,100000,0.583,250
idmap_r1,match,100000,0.584,250
idmap_r1,match,100000,0.585,250
idmap_r1,match,100000,0.586,250
idmap_r1,match,100000,0.587,250
idmap_r1,match,100000,0.588,250
idmap_r1,match,100000,0.589,250
idmap_r1,match,100000,0.59,250
idmap_r1,match,100000,0.591,250
idmap_r1,match,100000,0.592,250
idmap_r1,match,100000,0.593,250
idmap_r1,match,100000,0.594,250
idmap_r1,match,100000,0.595,250
idmap_r1,match,100000,0.596,250
idmap_r1,match,100000,0.597,250
idmap_r1,match,100000,0.598,250
idmap_r1,match,100000,0.599,250
idmap_r1,match,100000,0.6,250
idmap_r1,match,100000,0.601,250
idmap_r1,match,100000,0.602,250
idmap_r1,match,100000,0.603,250
idmap_r1,match,100000,0.604,250
idmap_r1,match,100000,0.605,250
idmap_r1,match,100000,0.606,250
idmap_r1,match,100000,0.607,250
idmap_r1,match,100000,0.608,250
idmap_r1,match,100000,0.609,250
idmap_r1,match,100000,0.61,250
idmap_r1,match,100000,0.611,250
idmap_r1,match,100000,0.612,250
idmap_r1,match,100000,0.613,250
idmap_r1,match,100000,0.614,250
idmap_r1,match,100000,0.615,250
idmap_r1,match,100000,0.616,250
idmap_r1,match,100000,0.617,250
idmap_r1,match,100000,0.618,250
idmap_r1,match,100000,0.619,250
idmap_r1,match,100000,0.62,250
idmap_r1,match,100000,0.621,250
idmap_r1,match,100000,0.622,250
idmap_r1,match,100000,0.623,250
idmap_r1,match,100000,0.624,250
idmap_r1,match,100000,0.625,250
idmap_r1,match,100000,0.626,250
idmap_r1,match,100000,0.627,250
idmap_r1,match,100000,0.628,250
idmap_r1,match,100000,0.629,250
idmap_r1,match,100000,0.63,250
idmap_r1,match,100000,0.631,250
idmap_r1,match,100000,0.632,250
idmap_r1,match,100000,0.633,250
idmap_r1,match,100000,0.634,250
idmap_r1,match,100000,0.635,250
idmap_r1,match,100000,0.636,250
idmap_r1,match,100000,0.637,250
idmap_r1,match,100000,0.638,250
idmap_r1,match,100000,0.639,250
idmap_r1,match,100000,0.64,250
idmap_r1,match,100000,0.641,250
idmap_r1,match,100000,0.642,250
idmap_r1,match,100000,0.643,250
idmap_r1,match,100000,0.644,250
idmap_r1,match,100000,0.645,250
idmap_r1,match,100000,0.646,250
idmap_r1,match,100000,0.647,250
idmap_r1,match,100000,0.648,250
idmap_r1,match,100000,0.649,250
idmap_r1,match,100000,0.65,250
idmap_r1,match,100000,0.651,250
idmap_r1,match,100000,0.652,250
idmap_r1,match,100000,0.653,250
idmap_r1,match,100000,0.654,250
idmap_r1,match,100000,0.655,250
idmap_r1,match,100000,0.656,250
idmap_r1,match,100000,0.657,250
idmap_r1,match,100000,0.658,250
idmap_r1,match,100000,0.659,291
idmap_r1,match,100000,0.66,291
idmap_r1,match,100000,0.661,291
idmap_r1,match,100000,0.662,291
idmap_r1,match,100000,0.663,291
idmap_r1,match,100000,0.664,291
idmap_r1,match,100000,0.665,291
idmap_r1,match,100000,0.666,291
idmap_r1,match,100000,0.667,291
idmap_r1,match,100000,0.668,291
idmap_r1,match,100000,0.669,291
idmap_r1,match,100000,0.67,291
idmap_r1,match,100000,0.671,291
idmap_r1,match,100000,0.672,291
idmap_r1,match,100000,0.673,291
idmap_r1,match,100000,0.674,291
idmap_r1,match,100000,0.675,291
idmap_r1,match,100000,0.676,291
idmap_r1,match,100000,0.677,291
idmap_r1,match,100000,0.678,291
idmap_r1,match,100000,0.679,291
idmap_r1,match,100000,0.68,291
idmap_r1,match,100000,0.681,291
idmap_r1,match,100000,0.682,291
idmap_r1,match,100000,0.683,291
idmap_r1,match,100000,0.684,291
idmap_r1,match,100000,0.685,291
idmap_r1,match,100000,0.686,291
idmap_r1,match,100000,0.687,291
idmap_r1,match,100000,0.688,292
idmap_r1,match,100000,0.689,292
idmap_r1,match,100000,0.69,292
idmap_r1,match,100000,0.691,292
idmap_r1,match,100000,0.692,292
idmap_r1,match,100000,0.693,292
idmap_r1,match,100000,0.694,292
idmap_r1,match,100000,0.695,292
idmap_r1,match,100000,0.696,292
idmap_r1,match,100000,0.697,292
idmap_r1,match,100000,0.698,292
idmap_r1,match,100000,0.699,292
idmap_r1,match,100000,0.7,292
idmap_r1,match,100000,0.701,292
idmap_r1,match,100000,0.702,292
idmap_r1,match,100000,0.703,292
idmap_r1,match,100000,0.704,292
idmap_r1,match,100000,0.705,292
idmap_r1,match,100000,0.706,292
idmap_r1,match,100000,0.707,292
idmap_r1,match,100000,0.708,292
idmap_r1,match,100000,0.709,292
idmap_r1,match,100000,0.71,292
idmap_r1,match,100000,0.711,292
idmap_r1,match,100000,0.712,292
idmap_r1,match,100000,0.713,292
idmap_r1,match,100000,0.714,292
idmap_r1,match,100000,0.715,292
idmap_r1,match,100000,0.716,292
idmap_r1,match,100000,0.717,292
idmap_r1,match,100000,0.718,292
idmap_r1,match,100000,0.719,292
idmap_r1,match,100000,0.72,292
idmap_r1,match,100000,0.721,292
idmap_r1,match,100000,0.722,292
idmap_r1,match,100000,0.723,292
idmap_r1,match,100000,0.724,292
idmap_r1,match,100000,0.725,292
idmap_r1,match,100000,0.726,292
idmap_r1,match,100000,0.727,292
idmap_r1,match,100000,0.728,292
idmap_r1,match,100000,0.729,292
idmap_r1,match,100000,0.73,292
idmap_r1,match,100000,0.731,292
idmap_r1,match,100000,0.732,292
idmap_r1,match,100000,0.733,292
idmap_r1,match,100000,0.734,292
idmap_r1,match,100000,0.735,292
idmap_r1,match,100000,0.736,292
idmap_r1,match,100000,0.737,292
idmap_r1,match,100000,0.738,292
idmap_r1,match,100000,0.739,292
idmap_r1,match,100000,0.74,292
idmap_r1,match,100000,0.741,292
idmap_r1,match,100000,0.742,292
idmap_r1,match,100000,0.743,292
idmap_r1,match,100000,0.744,333
idmap_r1,match,100000,0.745,333
idmap_r1,match,100000,0.746,333
idmap_r1,match,100000,0.747,333
idmap_r1,match,100000,0.748,333
idmap_r1,match,100000,0.749,333
idmap_r1,match,100000,0.75,333
idmap_r1,match,100000,0.751,333
idmap_r1,match,100000,0.752,333
idmap_r1,match,100000,0.753,333
idmap_r1,match,100000,0.754,333
idmap_r1,match,100000,0.755,333
idmap_r1,match,100000,0.756,333
idmap_r1,match,100000,0.757,333
idmap_r1,match,100000,0.758,333
idmap_r1,match,100000,0.759,333
idmap_r1,match,100000,0.76,333
idmap_r1,match,100000,0.761,333
idmap_r1,match,100000,0.762,333
idmap_r1,match,100000,0.763,333
idmap_r1,match,100000,0.764,333
idmap_r1,match,100000,0.765,333
idmap_r1,match,100000,0.766,333
idmap_r1,match,100000,0.767,333
idmap_r1,match,100000,0.768,333
idmap_r1,match,100000,0.769,333
idmap_r1,match,100000,0.77,333
idmap_r1,match,100000,0.771,333
idmap_r1,match,100000,0.772,333
idmap_r1,match,100000,0.773,333
idmap_r1,match,100000,0.774,333
idmap_r1,match,100000,0.775,333
idmap_r1,match,100000,0.776,333
idmap_r1,match,100000,0.777,333
idmap_r1,match,100000,0.778,333
idmap_r1,match,100000,0.779,333
idmap_r1,match,100000,0.78,333
idmap_r1,match,100000,0.781,333
idmap_r1,match,100000,0.782,333
idmap_r1,match,100000,0.783,333
idmap_r1,match,100000,0.784,333
idmap_r1,match,100000,0.785,333
idmap_r1,match,100000,0.786,333
idmap_r1,match,100000,0.787,333
idmap_r1,match,100000,0.788,333
idmap_r1,match,100000,0.789,333
idmap_r1,match,100000,0.79,333
idmap_r1,match,100000,0.791,333
idmap_r1,match,100000,0.792,333
idmap_r1,match,100000,0.793,333
idmap_r1,match,100000,0.794,333
idmap_r1,match,100000,0.795,333
idmap_r1,match,100000,0.796,333
idmap_r1,match,100000,0.797,333
idmap_r1,match,100000,0.798,333
idmap_r1,match,100000,0.799,333
idmap_r1,match,100000,0.8,333
idmap_r1,match,100000,0.801,333
idmap_r1,match,100000,0.802,333
idmap_r1,match,100000,0.803,333
idmap_r1,match,100000,0.804,333
idmap_r1,match,100000,0.805,333
idmap_r1,match,100000,0.806,333
idmap_r1,match,100000,0.807,334
idmap_r1,match,100000,0.808,334
idmap_r1,match,100000,0.809,334
idmap_r1,match,100000,0.81,334
idmap_r1,match,100000,0.811,334
idmap_r1,match,100000,0.812,334
idmap_r1,match,100000,0.813,334
idmap_r1,match,100000,0.814,334
idmap_r1,match,100000,0.815,334
idmap_r1,match,100000,0.816,334
idmap_r1,match,100000,0.817,334
idmap_r1,match,100000,0.818,334
idmap_r1,match,100000,0.819,334
idmap_r1,match,100000,0.82,334
idmap_r1,match,100000,0.821,334
idmap_r1,match,100000,0.822,334
idmap_r1,match,100000,0.823,334
idmap_r1,match,100000,0.824,334
idmap_r1,match,100000,0.825,334
idmap_r1,match,100000,0.826,334
idmap_r1,match,100000,0.827,334
idmap_r1,match,100000,0.828,334
idmap_r1,match,100000,0.829,334
idmap_r1,match,100000,0.83,334
idmap_r1,match,100000,0.831,334
idmap_r1,match,100000,0.832,334
idmap_r1,match,100000,0.833,334
idmap_r1,match,100000,0.834,334
idmap_r1,match,100000,0.835,334
idmap_r1,match,100000,0.836,334
idmap_r1,match,100000,0.837,334
idmap_r1,match,100000,0.838,375
idmap_r1,match,100000,0.839,375
idmap_r1,match,100000,0.84,375
idmap_r1,match,100000,0.841,375
idmap_r1,match,100000,0.842,375
idmap_r1,match,100000,0.843,375
idmap_r1,match,100000,0.844,375
idmap_r1,match,100000,0.845,375
idmap_r1,match,100000,0.846,375
idmap_r1,match,100000,0.847,375
idmap_r1,match,100000,0.848,375
idmap_r1,match,100000,0.849,375
idmap_r1,match,100000,0.85,375
idmap_r1,match,100000,0.851,375
idmap_r1,match,100000,0.852,375
idmap_r1,match,100000,0.853,375
idmap_r1,match,100000,0.854,375
idmap_r1,match,100000,0.855,375
idmap_r1,match,100000,0.856,375
idmap_r1,match,100000,0.857,375
idmap_r1,match,100000,0.858,375
idmap_r1,match,100000,0.859,375
idmap_r1,match,100000,0.86,375
idmap_r1,match,100000,0.861,375
idmap_r1,match,100000,0.862,375
idmap_r1,match,100000,0.863,375
idmap_r1,match,100000,0.864,375
idmap_r1,match,100000,0.865,375
idmap_r1,match,100000,0.866,375
idmap_r1,match,100000,0.867,375
idmap_r1,match,100000,0.868,375
idmap_r1,match,100000,0.869,375
idmap_r1,match,100000,0.87,375
idmap_r1,match,100000,0.871,375
idmap_r1,match,100000,0.872,375
idmap_r1,match,100000,0.873,375
idmap_r1,match,100000,0.874,375
idmap_r1,match,100000,0.875,375
idmap_r1,match,100000,0.876,375
idmap_r1,match,100000,0.877,375
idmap_r1,match,100000,0.878,375
idmap_r1,match,100000,0.879,375
idmap_r1,match,100000,0.88,375
idmap_r1,match,100000,0.881,375
idmap_r1,match,100000,0.882,375
idmap_r1,match,100000,0.883,375
idmap_r1,match,100000,0.884,375
idmap_r1,match,100000,0.885,375
idmap_r1,match,100000,0.886,375
idmap_r1,match,100000,0.887,375
idmap_r1,match,100000,0.888,375
idmap_r1,match,100000,0.889,375
idmap_r1,match,100000,0.89,375
idmap_r1,match,100000,0.891,416
idmap_r1,match,100000,0.892,416
idmap_r1,match,100000,0.893,416
idmap_r1,match,100000,0.894,416
idmap_r1,match,100000,0.895,416
idmap_r1,match,100000,0.896,416
idmap_r1,match,100000,0.897,416
idmap_r1,match,100000,0.898,416
idmap_r1,match,100000,0.899,416
idmap_r1,match,100000,0.9,416
idmap_r1,match,100000,0.901,417
idmap_r1,match,100000,0.902,417
idmap_r1,match,100000,0.903,417
idmap_r1,match,100000,0.904,417
idmap_r1,match,100000,0.905,417
idmap_r1,match,100000,0.906,417
idmap_r1,match,100000,0.907,417
idmap_r1,match,100000,0.908,417
idmap_r1,match,100000,0.909,417
idmap_r1,match,100000,0.91,417
idmap_r1,match,100000,0.911,417
idmap_r1,match,100000,0.912,417
idmap_r1,match,100000,0.913,417
idmap_r1,match,100000,0.914,417
idmap_r1,match,100000,0.915,417
idmap_r1,match,100000,0.916,417
idmap_r1,match,100000,0.917,417
idmap_r1,match,100000,0.918,417
idmap_r1,match,100000,0.919,417
idmap_r1,match,100000,0.92,458
idmap_r1,match,100000,0.921,458
idmap_r1,match,100000,0.922,458
idmap_r1,match,100000,0.923,458
idmap_r1,match,100000,0.924,458
idmap_r1,match,100000,0.925,458
idmap_r1,match,100000,0.926,458
idmap_r1,match,100000,0.927,458
idmap_r1,match,100000,0.928,458
idmap_r1,match,100000,0.929,458
idmap_r1,match,100000,0.93,458
idmap_r1,match,100000,0.931,458
idmap_r1,match,100000,0.932,458
idmap_r1,match,100000,0.933,458
idmap_r1,match,100000,0.934,459
idmap_r1,match,100000,0.935,459
idmap_r1,match,100000,0.936,459
idmap_r1,match,100000,0.937,459
idmap_r1,match,100000,0.938,459
idmap_r1,match,100000,0.939,459
idmap_r1,match,100000,0.94,459
idmap_r1,match,100000,0.941,500
idmap_r1,match,100000,0.942,500
idmap_r1,match,100000,0.943,500
idmap_r1,match,100000,0.944,500
idmap_r1,match,100000,0.945,500
idmap_r1,match,100000,0.946,500
idmap_r1,match,100000,0.947,500
idmap_r1,match,100000,0.948,500
idmap_r1,match,100000,0.949,500
idmap_r1,match,100000,0.95,500
idmap_r1,match,100000,0.951,500
idmap_r1,match,100000,0.952,500
idmap_r1,match,100000,0.953,500
idmap_r1,match,100000,0.954,500
idmap_r1,match,100000,0.955,541
idmap_r1,match,100000,0.956,541
idmap_r1,match,100000,0.957,541
idmap_r1,match,100000,0.958,542
idmap_r1,match,100000,0.959,542
idmap_r1,match,100000,0.96,542
idmap_r1,match,100000,0.961,542
idmap_r1,match,100000,0.962,542
idmap_r1,match,100000,0.963,542
idmap_r1,match,100000,0.964,542
idmap_r1,match,100000,0.965,583
idmap_r1,match,100000,0.966,583
idmap_r1,match,100000,0.967,583
idmap_r1,match,100000,0.968,583
idmap_r1,match,100000,0.969,584
idmap_r1,match,100000,0.97,584
idmap_r1,match,100000,0.971,625
idmap_r1,match,100000,0.972,625
idmap_r1,match,100000,0.973,625
idmap_r1,match,100000,0.974,625
idmap_r1,match,100000,0.975,666
idmap_r1,match,100000,0.976,666
idmap_r1,match,100000,0.977,667
idmap_r1,match,100000,0.978,667
idmap_r1,match,100000,0.979,667
idmap_r1,match,100000,0.98,667
idmap_r1,match,100000,0.981,708
idmap_r1,match,100000,0.982,708
idmap_r1,match,100000,0.983,708
idmap_r1,match,100000,0.984,708
idmap_r1,match,100000,0.985,709
idmap_r1,match,100000,0.986,709
idmap_r1,match,100000,0.987,750
idmap_r1,match,100000,0.988,750
idmap_r1,match,100000,0.989,750
idmap_r1,match,100000,0.99,750
idmap_r1,match,100000,0.991,792
idmap_r1,match,100000,0.992,833
idmap_r1,match,100000,0.993,834
idmap_r1,match,100000,0.994,916
idmap_r1,match,100000,0.995,958
idmap_r1,match,100000,0.996,1000
idmap_r1,match,100000,0.997,1042
idmap_r1,match,100000,0.998,1208
idmap_r1,match,100000,0.999,3292
idmap_r1,add,1000000,0,0
idmap_r1,add,1000000,0.001,41
idmap_r1,add,1000000,0.002,41
idmap_r1,add,1000000,0.003,41
idmap_r1,add,1000000,0.004,41
idmap_r1,add,1000000,0.005,41
idmap_r1,add,1000000,0.006,41
idmap_r1,add,1000000,0.007,41
idmap_r1,add,1000000,0.008,41
idmap_r1,add,1000000,0.009,41
idmap_r1,add,1000000,0.01,41
idmap_r1,add,1000000,0.011,42
idmap_r1,add,1000000,0.012,42
idmap_r1,add,1000000,0.013,42
idmap_r1,add,1000000,0.014,42
idmap_r1,add,1000000,0.015,42
idmap_r1,add,1000000,0.016,42
idmap_r1,add,1000000,0.017,42
idmap_r1,add,1000000,0.018,42
idmap_r1,add,1000000,0.019,42
idmap_r1,add,1000000,0.02,42
idmap_r1,add,1000000,0.021,42
idmap_r1,add,1000000,0.022,42
idmap_r1,add,1000000,0.023,42
idmap_r1,add,1000000,0.024,42
idmap_r1,add,1000000,0.025,42
idmap_r1,add,1000000,0.026,42
idmap_r1,add,1000000,0.027,42
idmap_r1,add,1000000,0.028,42
idmap_r1,add,1000000,0.029,42
idmap_r1,add,1000000,0.03,42
idmap_r1,add,1000000,0.031,42
idmap_r1,add,1000000,0.032,83
idmap_r1,add,1000000,0.033,83
idmap_r1,add,1000000,0.034,83
idmap_r1,add,1000000,0.035,83
idmap_r1,add,1000000,0.036,83
idmap_r1,add,1000000,0.037,83
idmap_r1,add,1000000,0.038,83
idmap_r1,add,1000000,0.039,83
idmap_r1,add,1000000,0.04,83
idmap_r1,add,1000000,0.041,83
idmap_r1,add,1000000,0.042,83
idmap_r1,add,1000000,0.043,83
idmap_r1,add,1000000,0.044,83
idmap_r1,add,1000000,0.045,83
idmap_r1,add,1000000,0.046,83
idmap_r1,add,1000000,0.047,83
idmap_r1,add,1000000,0.048,83
idmap_r1,add,1000000,0.049,83
idmap_r1,add,1000000,0.05,83
idmap_r1,add,1000000,0.051,83
idmap_r1,add,1000000,0.052,83
idmap_r1,add,1000000,0.053,83
idmap_r1,add,1000000,0.054,83
idmap_r1,add,1000000,0.055,83
idmap_r1,add,1000000,0.056,83
idmap_r1,add,1000000,0.057,83
idmap_r1,add,1000000,0.058,83
idmap_r1,add,1000000,0.059,83
idmap_r1,add,1000000,0.06,83
idmap_r1,add,1000000,0.061,83
idmap_r1,add,1000000,0.062,83
idmap_r1,add,1000000,0.063,83
idmap_r1,add,1000000,0.064,83
idmap_r1,add,1000000,0.065,83
idmap_r1,add,1000000,0.066,83
idmap_r1,add,1000000,0.067,83
idmap_r1,add,1000000,0.068,83
idmap_r1,add,1000000,0.069,83
idmap_r1,add,1000000,0.07,83
idmap_r1,add,1000000,0.071,83
idmap_r1,add,1000000,0.072,83
idmap_r1,add,1000000,0.073,83
idmap_r1,add,1000000,0.074,83
idmap_r1,add,1000000,0.075,83
idmap_r1,add,1000000,0.076,83
idmap_r1,add,1000000,0.077,83
idmap_r1,add,1000000,0.078,83
idmap_r1,add,1000000,0.079,83
idmap_r1,add,1000000,0.08,83
idmap_r1,add,1000000,0.081,83
idmap_r1,add,1000000,0.082,83
idmap_r1,add,1000000,0.083,83
idmap_r1,add,1000000,0.084,83
idmap_r1,add,1000000,0.085,83
idmap_r1,add,1000000,0.086,83
idmap_r1,add,1000000,0.087,83
idmap_r1,add,1000000,0.088,83
idmap_r1,add,1000000,0.089,83
idmap_r1,add,1000000,0.09,83
idmap_r1,add,1000000,0.091,83
idmap_r1,add,1000000,0.092,83
idmap_r1,add,1000000,0.093,83
idmap_r1,add,1000000,0.094,83
idmap_r1,add,1000000,0.095,83
idmap_r1,add,1000000,0.096,83
idmap_r1,add,1000000,0.097,83
idmap_r1,add,1000000,0.098,83
idmap_r1,add,1000000,0.099,83
idmap_r1,add,1000000,0.1,84
idmap_r1,add,1000000,0.101,84
idmap_r1,add,1000000,0.102,84
idmap_r1,add,1000000,0.103,84
idmap_r1,add,1000000,0.104,84
idmap_r1,add,1000000,0.105,84
idmap_r1,add,1000000,0.106,84
idmap_r1,add,1000000,0.107,84
idmap_r1,add,1000000,0.108,84
idmap_r1,add,1000000,0.109,84
idmap_r1,add,1000000,0.11,84
idmap_r1,add,1000000,0.111,84
idmap_r1,add,1000000,0.112,84
idmap_r1,add,1000000,0.113,84
idmap_r1,add,1000000,0.114,84
idmap_r1,add,1000000,0.115,84
idmap_r1,add,1000000,0.116,84
idmap_r1,add,1000000,0.117,84
idmap_r1,add,1000000,0.118,84
idmap_r1,add,1000000,0.119,84
idmap_r1,add,1000000,0.12,84
idmap_r1,add,1000000,0.121,84
idmap_r1,add,1000000,0.122,84
idmap_r1,add,1000000,0.123,84
idmap_r1,add,1000000,0.124,84
idmap_r1,add,1000000,0.125,84
idmap_r1,add,1000000,0.126,84
idmap_r1,add,1000000,0.127,84
idmap_r1,add,1000000,0.128,84
idmap_r1,add,1000000,0.129,84
idmap_r1,add,1000000,0.13,84
idmap_r1,add,1000000,0.131,84
idmap_r1,add,1000000,0.132,84
idmap_r1,add,1000000,0.133,84
idmap_r1,add,1000000,0.134,84
idmap_r1,add,1000000,0.135,125
idmap_r1,add,1000000,0.136,125
idmap_r1,add,1000000,0.137,125
idmap_r1,add,1000000,0.138,125
idmap_r1,add,1000000,0.139,125
idmap_r1,add,1000000,0.14,125
idmap_r1,add,1000000,0.141,125
idmap_r1,add,1000000,0.142,125
idmap_r1,add,1000000,0.143,125
idmap_r1,add,1000000,0.144,125
idmap_r1,add,1000000,0.145,125
idmap_r1,add,1000000,0.146,125
idmap_r1,add,1000000,0.147,125
idmap_r1,add,1000000,0.148,125
idmap_r1,add,1000000,0.149,125
idmap_r1,add,1000000,0.15,125
idmap_r1,add,1000000,0.151,125
idmap_r1,add,1000000,0.152,125
idmap_r1,add,1000000,0.153,125
idmap_r1,add,1000000,0.154,125
idmap_r1,add,1000000,0.155,125
idmap_r1,add,1000000,0.156,125
idmap_r1,add,1000000,0.157,125
idmap_r1,add,1000000,0.158,125
idmap_r1,add,1000000,0.159,125
idmap_r1,add,1000000,0.16,125
idmap_r1,add,1000000,0.161,125
idmap_r1,add,1000000,0.162,125
idmap_r1,add,1000000,0.163,125
idmap_r1,add,1000000,0.164,125
idmap_r1,add,1000000,0.165,125
idmap_r1,add,1000000,0.166,125
idmap_r1,add,1000000,0.167,125
idmap_r1,add,1000000,0.168,125
idmap_r1,add,1000000,0.169,125
idmap_r1,add,1000000,0.17,125
idmap_r1,add,1000000,0.171,125
idmap_r1,add,1000000,0.172,125
idmap_r1,add,1000000,0.173,125
idmap_r1,add,1000000,0.174,125
idmap_r1,add,1000000,0.175,125
idmap_r1,add,1000000,0.176,125
idmap_r1,add,1000000,0.177,125
idmap_r1,add,1000000,0.178,125
idmap_r1,add,1000000,0.179,125
idmap_r1,add,1000000,0.18,125
idmap_r1,add,1000000,0.181,125
idmap_r1,add,1000000,0.182,125
idmap_r1,add,1000000,0.183,125
idmap_r1,add,1000000,0.184,125
idmap_r1,add,1000000,0.185,125
idmap_r1,add,1000000,0.186,125
idmap_r1,add,1000000,0.187,125
idmap_r1,add,1000000,0.188,125
idmap_r1,add,1000000,0.189,125
idmap_r1,add,1000000,0.19,125
idmap_r1,add,1000000,0.191,125
idmap_r1,add,1000000,0.192,125
idmap_r1,add,1000000,0.193,125
idmap_r1,add,1000000,0.194,125
idmap_r1,add,1000000,0.195,125
idmap_r1,add,1000000,0.196,125
idmap_r1,add,1000000,0.197,125
idmap_r1,add,1000000,0.198,125
idmap_r1,add,1000000,0.199,125
idmap_r1,add,1000000,0.2,125
idmap_r1,add,1000000,0.201,125
idmap_r1,add,1000000,0.202,125
idmap_r1,add,1000000,0.203,125
idmap_r1,add,1000000,0.204,125
idmap_r1,add,1000000,0.205,125
idmap_r1,add,1000000,0.206,125
idmap_r1,add,1000000,0.207,125
idmap_r1,add,1000000,0.208,125
idmap_r1,add,1000000,0.209,125
idmap_r1,add,1000000,0.21,125
idmap_r1,add,1000000,0.211,125
idmap_r1,add,1000000,0.212,125
idmap_r1,add,1000000,0.213,125
idmap_r1,add,1000000,0.214,125
idmap_r1,add,1000000,0.215,125
idmap_r1,add,1000000,0.216,125
idmap_r1,add,1000000,0.217,125
idmap_r1,add,1000000,0.218,125
idmap_r1,add,1000000,0.219,125
idmap_r1,add,1000000,0.22,125
idmap_r1,add,1000000,0.221,125
idmap_r1,add,1000000,0.222,125
idmap_r1,add,1000000,0.223,125
idmap_r1,add,1000000,0.224,125
idmap_r1,add,1000000,0.225,125
idmap_r1,add,1000000,0.226,125
idmap_r1,add,1000000,0.227,125
idmap_r1,add,1000000,0.228,125
idmap_r1,add,1000000,0.229,125
idmap_r1,add,1000000,0.23,125
idmap_r1,add,1000000,0.231,125
idmap_r1,add,1000000,0.232,125
idmap_r1,add,1000000,0.233,125
idmap_r1,add,1000000,0.234,125
idmap_r1,add,1000000,0.235,125
idmap_r1,add,1000000,0.236,125
idmap_r1,add,1000000,0.237,125
idmap_r1,add,1000000,0.238,125
idmap_r1,add,1000000,0.239,125
idmap_r1,add,1000000,0.24,125
idmap_r1,add,1000000,0.241,125
idmap_r1,add,1000000,0.242,125
idmap_r1,add,1000000,0.243,125
idmap_r1,add,1000000,0.244,125
idmap_r1,add,1000000,0.245,125
idmap_r1,add,1000000,0.246,125
idmap_r1,add,1000000,0.247,125
idmap_r1,add,1000000,0.248,125
idmap_r1,add,1000000,0.249,125
idmap_r1,add,1000000,0.25,125
idmap_r1,add,1000000,0.251,125
idmap_r1,add,1000000,0.252,125
idmap_r1,add,1000000,0.253,125
idmap_r1,add,1000000,0.254,125
idmap_r1,add,1000000,0.255,125
idmap_r1,add,1000000,0.256,125
idmap_r1,add,1000000,0.257,125
idmap_r1,add,1000000,0.258,125
idmap_r1,add,1000000,0.259,125
idmap_r1,add,1000000,0.26,125
idmap_r1,add,1000000,0.261,125
idmap_r1,add,1000000,0.262,125
idmap_r1,add,1000000,0.263,125
idmap_r1,add,1000000,0.264,125
idmap_r1,add,1000000,0.265,125
idmap_r1,add,1000000,0.266,125
idmap_r1,add,1000000,0.267,125
idmap_r1,add,1000000,0.268,125
idmap_r1,add,1000000,0.269,125
idmap_r1,add,1000000,0.27,125
idmap_r1,add,1000000,0.271,125
idmap_r1,add,1000000,0.272,125
idmap_r1,add,1000000,0.273,125
idmap_r1,add,1000000,0.274,125
idmap_r1,add,1000000,0.275,125
idmap_r1,add,1000000,0.276,125
idmap_r1,add,1000000,0.277,125
idmap_r1,add,1000000,0.278,125
idmap_r1,add,1000000,0.279,125
idmap_r1,add,1000000,0.28,125
idmap_r1,add,1000000,0.281,125
idmap_r1,add,1000000,0.282,125
idmap_r1,add,1000000,0.283,125
idmap_r1,add,1000000,0.284,125
idmap_r1,add,1000000,0.285,125
idmap_r1,add,1000000,0.286,125
idmap_r1,add,1000000,0.287,125
idmap_r1,add,1000000,0.288,125
idmap_r1,add,1000000,0.289,125
idmap_r1,add,1000000,0.29,125
idmap_r1,add,1000000,0.291,125
idmap_r1,add,1000000,0.292,125
idmap_r1,add,1000000,0.293,125
idmap_r1,add,1000000,0.294,125
idmap_r1,add,1000000,0.295,125
idmap_r1,add,1000000,0.296,125
idmap_r1,add,1000000,0.297,125
idmap_r1,add,1000000,0.298,125
idmap_r1,add,1000000,0.299,125
idmap_r1,add,1000000,0.3,125
idmap_r1,add,1000000,0.301,125
idmap_r1,add,1000000,0.302,125
idmap_r1,add,1000000,0.303,125
idmap_r1,add,1000000,0.304,125
idmap_r1,add,1000000,0.305,125
idmap_r1,add,1000000,0.306,125
idmap_r1,add,1000000,0.307,125
idmap_r1,add,1000000,0.308,125
idmap_r1,add,1000000,0.309,125
idmap_r1,add,1000000,0.31,125
idmap_r1,add,1000000,0.311,125
idmap_r1,add,1000000,0.312,125
idmap_r1,add,1000000,0.313,125
idmap_r1,add,1000000,0.314,125
idmap_r1,add,1000000,0.315,125
idmap_r1,add,1000000,0.316,125
idmap_r1,add,1000000,0.317,125
idmap_r1,add,1000000,0.318,125
idmap_r1,add,1000000,0.319,125
idmap_r1,add,1000000,0.32,125
idmap_r1,add,1000000,0.321,125
idmap_r1,add,1000000,0.322,125
idmap_r1,add,1000000,0.323,125
idmap_r1,add,1000000,0.324,125
idmap_r1,add,1000000,0.325,125
idmap_r1,add,1000000,0.326,125
idmap_r1,add,1000000,0.327,125
idmap_r1,add,1000000,0.328,125
idmap_r1,add,1000000,0.329,125
idmap_r1,add,1000000,0.33,125
idmap_r1,add,1000000,0.331,125
idmap_r1,add,1000000,0.332,125
idmap_r1,add,1000000,0.333,125
idmap_r1,add,1000000,0.334,125
idmap_r1,add,1000000,0.335,125
idmap_r1,add,1000000,0.336,125
idmap_r1,add,1000000,0.337,125
idmap_r1,add,1000000,0.338,125
idmap_r1,add,1000000,0.339,125
idmap_r1,add,1000000,0.34,125
idmap_r1,add,1000000,0.341,125
idmap_r1,add,1000000,0.342,125
idmap_r1,add,1000000,0.343,125
idmap_r1,add,1000000,0.344,125
idmap_r1,add,1000000,0.345,125
idmap_r1,add,1000000,0.346,125
idmap_r1,add,1000000,0.347,125
idmap_r1,add,1000000,0.348,125
idmap_r1,add,1000000,0.349,125
idmap_r1,add,1000000,0.35,125
idmap_r1,add,1000000,0.351,125
idmap_r1,add,1000000,0.352,125
idmap_r1,add,1000000,0.353,125
idmap_r1,add,1000000,0.354,125
idmap_r1,add,1000000,0.355,125
idmap_r1,add,1000000,0.356,125
idmap_r1,add,1000000,0.357,125
idmap_r1,add,1000000,0.358,125
idmap_r1,add,1000000,0.359,125
idmap_r1,add,1000000,0.36,125
idmap_r1,add,1000000,0.361,125
idmap_r1,add,1000000,0.362,125
idmap_r1,add,1000000,0.363,125
idmap_r1,add,1000000,0.364,125
idmap_r1,add,1000000,0.365,125
idmap_r1,add,1000000,0.366,125
idmap_r1,add,1000000,0.367,125
idmap_r1,add,1000000,0.368,125
idmap_r1,add,1000000,0.369,125
idmap_r1,add,1000000,0.37,125
idmap_r1,add,1000000,0.371,125
idmap_r1,add,1000000,0.372,125
idmap_r1,add,1000000,0.373,125
idmap_r1,add,1000000,0.374,125
idmap_r1,add,1000000,0.375,125
idmap_r1,add,1000000,0.376,125
idmap_r1,add,1000000,0.377,125
idmap_r1,add,1000000,0.378,125
idmap_r1,add,1000000,0.379,125
idmap_r1,add,1000000,0.38,125
idmap_r1,add,1000000,0.381,125
idmap_r1,add,1000000,0.382,125
idmap_r1,add,1000000,0.383,125
idmap_r1,add,1000000,0.384,125
idmap_r1,add,1000000,0.385,125
idmap_r1,add,1000000,0.386,125
idmap_r1,add,1000000,0.387,125
idmap_r1,add,1000000,0.388,125
idmap_r1,add,1000000,0.389,125
idmap_r1,add,1000000,0.39,125
idmap_r1,add,1000000,0.391,125
idmap_r1,add,1000000,0.392,125
idmap_r1,add,1000000,0.393,125
idmap_r1,add,1000000,0.394,125
idmap_r1,add,1000000,0.395,125
idmap_r1,add,1000000,0.396,125
idmap_r1,add,1000000,0.397,125
idmap_r1,add,1000000,0.398,125
idmap_r1,add,1000000,0.399,125
idmap_r1,add,1000000,0.4,125
idmap_r1,add,1000000,0.401,125
idmap_r1,add,1000000,0.402,125
idmap_r1,add,1000000,0.403,125
idmap_r1,add,1000000,0.404,125
idmap_r1,add,1000000,0.405,125
idmap_r1,add,1000000,0.406,125
idmap_r1,add,1000000,0.407,125
idmap_r1,add,1000000,0.408,125
idmap_r1,add,1000000,0.409,125
idmap_r1,add,1000000,0.41,125
idmap_r1,add,1000000,0.411,125
idmap_r1,add,1000000,0.412,125
idmap_r1,add,1000000,0.413,125
idmap_r1,add,1000000,0.414,125
idmap_r1,add,1000000,0.415,125
idmap_r1,add,1000000,0.416,125
idmap_r1,add,1000000,0.417,125
idmap_r1,add,1000000,0.418,125
idmap_r1,add,1000000,0.419,125
idmap_r1,add,1000000,0.42,125
idmap_r1,add,1000000,0.421,125
idmap_r1,add,1000000,0.422,125
idmap_r1,add,1000000,0.423,125
idmap_r1,add,1000000,0.424,125
idmap_r1,add,1000000,0.425,125
idmap_r1,add,1000000,0.426,125
idmap_r1,add,1000000,0.427,125
idmap_r1,add,1000000,0.428,125
idmap_r1,add,1000000,0.429,125
idmap_r1,add,1000000,0.43,125
idmap_r1,add,1000000,0.431,125
idmap_r1,add,1000000,0.432,125
idmap_r1,add,1000000,0.433,125
idmap_r1,add,1000000,0.434,125
idmap_r1,add,1000000,0.435,125
idmap_r1,add,1000000,0.436,125
idmap_r1,add,1000000,0.437,125
idmap_r1,add,1000000,0.438,125
idmap_r1,add,1000000,0.439,125
idmap_r1,add,1000000,0.44,125
idmap_r1,add,1000000,0.441,125
idmap_r1,add,1000000,0.442,125
idmap_r1,add,1000000,0.443,125
idmap_r1,add,1000000,0.444,125
idmap_r1,add,1000000,0.445,125
idmap_r1,add,1000000,0.446,125
idmap_r1,add,1000000,0.447,125
idmap_r1,add,1000000,0.448,125
idmap_r1,add,1000000,0.449,125
idmap_r1,add,1000000,0.45,125
idmap_r1,add,1000000,0.451,125
idmap_r1,add,1000000,0.452,125
idmap_r1,add,1000000,0.453,125
idmap_r1,add,1000000,0.454,125
idmap_r1,add,1000000,0.455,125
idmap_r1,add,1000000,0.456,125
idmap_r1,add,1000000,0.457,125
idmap_r1,add,1000000,0.458,125
idmap_r1,add,1000000,0.459,125
idmap_r1,add,1000000,0.46,125
idmap_r1,add,1000000,0.461,125
idmap_r1,add,1000000,0.462,125
idmap_r1,add,1000000,0.463,125
idmap_r1,add,1000000,0.464,125
idmap_r1,add,1000000,0.465,125
idmap_r1,add,1000000,0.466,125
idmap_r1,add,1000000,0.467,125
idmap_r1,add,1000000,0.468,125
idmap_r1,add,1000000,0.469,125
idmap_r1,add,1000000,0.47,125
idmap_r1,add,1000000,0.471,125
idmap_r1,add,1000000,0.472,125
idmap_r1,add,1000000,0.473,125
idmap_r1,add,1000000,0.474,125
idmap_r1,add,1000000,0.475,125
idmap_r1,add,1000000,0.476,125
idmap_r1,add,1000000,0.477,125
idmap_r1,add,1000000,0.478,125
idmap_r1,add,1000000,0.479,125
idmap_r1,add,1000000,0.48,125
idmap_r1,add,1000000,0.481,125
idmap_r1,add,1000000,0.482,125
idmap_r1,add,1000000,0.483,125
idmap_r1,add,1000000,0.484,125
idmap_r1,add,1000000,0.485,125
idmap_r1,add,1000000,0.486,125
idmap_r1,add,1000000,0.487,125
idmap_r1,add,1000000,0.488,125
idmap_r1,add,1000000,0.489,125
idmap_r1,add,1000000,0.49,125
idmap_r1,add,1000000,0.491,125
idmap_r1,add,1000000,0.492,125
idmap_r1,add,1000000,0.493,125
idmap_r1,add,1000000,0.494,125
idmap_r1,add,1000000,0.495,125
idmap_r1,add,1000000,0.496,125
idmap_r1,add,1000000,0.497,125
idmap_r1,add,1000000,0.498,125
idmap_r1,add,1000000,0.499,125
idmap_r1,add,1000000,0.5,166
idmap_r1,add,1000000,0.501,166
idmap_r1,add,1000000,0.502,166
idmap_r1,add,1000000,0.503,166
idmap_r1,add,1000000,0.504,166
idmap_r1,add,1000000,0.505,166
idmap_r1,add,1000000,0.506,166
idmap_r1,add,1000000,0.507,166
idmap_r1,add,1000000,0.508,166
idmap_r1,add,1000000,0.509,166
idmap_r1,add,1000000,0.51,166
idmap_r1,add,1000000,0.511,166
idmap_r1,add,1000000,0.512,166
idmap_r1,add,1000000,0.513,166
idmap_r1,add,1000000,0.514,166
idmap_r1,add,1000000,0.515,166
idmap_r1,add,1000000,0.516,166
idmap_r1,add,1000000,0.517,166
idmap_r1,add,1000000,0.518,166
idmap_r1,add,1000000,0.519,166
idmap_r1,add,1000000,0.52,166
idmap_r1,add,1000000,0.521,166
idmap_r1,add,1000000,0.522,166
idmap_r1,add,1000000,0.523,166
idmap_r1,add,1000000,0.524,166
idmap_r1,add,1000000,0.525,166
idmap_r1,add,1000000,0.526,166
idmap_r1,add,1000000,0.527,166
idmap_r1,add,1000000,0.528,166
idmap_r1,add,1000000,0.529,166
idmap_r1,add,1000000,0.53,166
idmap_r1,add,1000000,0.531,166
idmap_r1,add,1000000,0.532,166
idmap_r1,add,1000000,0.533,166
idmap_r1,add,1000000,0.534,166
idmap_r1,add,1000000,0.535,166
idmap_r1,add,1000000,0.536,167
idmap_r1,add,1000000,0.537,167
idmap_r1,add,1000000,0.538,167
idmap_r1,add,1000000,0.539,167
idmap_r1,add,1000000,0.54,167
idmap_r1,add,1000000,0.541,167
idmap_r1,add,1000000,0.542,167
idmap_r1,add,1000000,0.543,167
idmap_r1,add,1000000,0.544,167
idmap_r1,add,1000000,0.545,167
idmap_r1,add,1000000,0.546,167
idmap_r1,add,1000000,0.547,167
idmap_r1,add,1000000,0.548,167
idmap_r1,add,1000000,0.549,167
idmap_r1,add,1000000,0.55,167
idmap_r1,add,1000000,0.551,167
idmap_r1,add,1000000,0.552,167
idmap_r1,add,1000000,0.553,167
idmap_r1,add,1000000,0.554,167
idmap_r1,add,1000000,0.555,167
idmap_r1,add,1000000,0.556,167
idmap_r1,add,1000000,0.557,167
idmap_r1,add,1000000,0.558,167
idmap_r1,add,1000000,0.559,167
idmap_r1,add,1000000,0.56,167
idmap_r1,add,1000000,0.561,167
idmap_r1,add,1000000,0.562,167
idmap_r1,add,1000000,0.563,167
idmap_r1,add,1000000,0.564,167
idmap_r1,add,1000000,0.565,167
idmap_r1,add,1000000,0.566,167
idmap_r1,add,1000000,0.567,167
idmap_r1,add,1000000,0.568,167
idmap_r1,add,1000000,0.569,167
idmap_r1,add,1000000,0.57,167
idmap_r1,add,1000000,0.571,167
idmap_r1,add,1000000,0.572,167
idmap_r1,add,1000000,0.573,167
idmap_r1,add,1000000,0.574,167
idmap_r1,add,1000000,0.575,167
idmap_r1,add,1000000,0.576,167
idmap_r1,add,1000000,0.577,167
idmap_r1,add,1000000,0.578,167
idmap_r1,add,1000000,0.579,167
idmap_r1,add,1000000,0.58,167
idmap_r1,add,1000000,0.581,167
idmap_r1,add,1000000,0.582,167
idmap_r1,add,1000000,0.583,167
idmap_r1,add,1000000,0.584,167
idmap_r1,add,1000000,0.585,167
idmap_r1,add,1000000,0.586,167
idmap_r1,add,1000000,0.587,167
idmap_r1,add,1000000,0.588,167
idmap_r1,add,1000000,0.589,167
idmap_r1,add,1000000,0.59,167
idmap_r1,add,1000000,0.591,167
idmap_r1,add,1000000,0.592,167
idmap_r1,add,1000000,0.593,167
idmap_r1,add,1000000,0.594,167
idmap_r1,add,1000000,0.595,167
idmap_r1,add,1000000,0.596,167
idmap_r1,add,1000000,0.597,167
idmap_r1,add,1000000,0.598,167
idmap_r1,add,1000000,0.599,167
idmap_r1,add,1000000,0.6,167
idmap_r1,add,1000000,0.601,167
idmap_r1,add,1000000,0.602,167
idmap_r1,add,1000000,0.603,167
idmap_r1,add,1000000,0.604,167
idmap_r1,add,1000000,0.605,167
idmap_r1,add,1000000,0.606,208
idmap_r1,add,1000000,0.607,208
idmap_r1,add,1000000,0.608,208
idmap_r1,add,1000000,0.609,208
idmap_r1,add,1000000,0.61,208
idmap_r1,add,1000000,0.611,208
idmap_r1,add,1000000,0.612,208
idmap_r1,add,1000000,0.613,208
idmap_r1,add,1000000,0.614,208
idmap_r1,add,1000000,0.615,208
idmap_r1,add,1000000,0.616,208
idmap_r1,add,1000000,0.617,208
idmap_r1,add,1000000,0.618,208
idmap_r1,add,1000000,0.619,208
idmap_r1,add,1000000,0.62,208
idmap_r1,add,1000000,0.621,208
idmap_r1,add,1000000,0.622,208
idmap_r1,add,1000000,0.623,208
idmap_r1,add,1000000,0.624,208
idmap_r1,add,1000000,0.625,208
idmap_r1,add,1000000,0.626,208
idmap_r1,add,1000000,0.627,208
idmap_r1,add,1000000,0.628,208
idmap_r1,add,1000000,0.629,208
idmap_r1,add,1000000,0.63,208
idmap_r1,add,1000000,0.631,208
idmap_r1,add,1000000,0.632,208
idmap_r1,add,1000000,0.633,208
idmap_r1,add,1000000,0.634,208
idmap_r1,add,1000000,0.635,208
idmap_r1,add,1000000,0.636,208
idmap_r1,add,1000000,0.637,208
idmap_r1,add,1000000,0.638,208
idmap_r1,add,1000000,0.639,208
idmap_r1,add,1000000,0.64,208
idmap_r1,add,1000000,0.641,208
idmap_r1,add,1000000,0.642,208
idmap_r1,add,1000000,0.643,208
idmap_r1,add,1000000,0.644,208
idmap_r1,add,1000000,0.645,208
idmap_r1,add,1000000,0.646,209
idmap_r1,add,1000000,0.647,209
idmap_r1,add,1000000,0.648,209
idmap_r1,add,1000000,0.649,209
idmap_r1,add,1000000,0.65,209
idmap_r1,add,1000000,0.651,209
idmap_r1,add,1000000,0.652,209
idmap_r1,add,1000000,0.653,209
idmap_r1,add,1000000,0.654,209
idmap_r1,add,1000000,0.655,209
idmap_r1,add,1000000,0.656,209
idmap_r1,add,1000000,0.657,209
idmap_r1,add,1000000,0.658,209
idmap_r1,add,1000000,0.659,209
idmap_r1,add,1000000,0.66,209
idmap_r1,add,1000000,0.661,209
idmap_r1,add,1000000,0.662,209
idmap_r1,add,1000000,0.663,209
idmap_r1,add,1000000,0.664,209
idmap_r1,add,1000000,0.665,250
idmap_r1,add,1000000,0.666,250
idmap_r1,add,1000000,0.667,250
idmap_r1,add,1000000,0.668,250
idmap_r1,add,1000000,0.669,250
idmap_r1,add,1000000,0.67,250
idmap_r1,add,1000000,0.671,250
idmap_r1,add,1000000,0.672,250
idmap_r1,add,1000000,0.673,250
idmap_r1,add,1000000,0.674,250
idmap_r1,add,1000000,0.675,250
idmap_r1,add,1000000,0.676,250
idmap_r1,add,1000000,0.677,250
idmap_r1,add,1000000,0.678,250
idmap_r1,add,1000000,0.679,250
idmap_r1,add,1000000,0.68,250
idmap_r1,add,1000000,0.681,250
idmap_r1,add,1000000,0.682,250
idmap_r1,add,1000000,0.683,250
idmap_r1,add,1000000,0.684,250
idmap_r1,add,1000000,0.685,250
idmap_r1,add,1000000,0.686,250
idmap_r1,add,1000000,0.687,250
idmap_r1,add,1000000,0.688,250
idmap_r1,add,1000000,0.689,250
idmap_r1,add,1000000,0.69,250
idmap_r1,add,1000000,0.691,250
idmap_r1,add,1000000,0.692,250
idmap_r1,add,1000000,0.693,250
idmap_r1,add,1000000,0.694,250
idmap_r1,add,1000000,0.695,250
idmap_r1,add,1000000,0.696,250
idmap_r1,add,1000000,0.697,250
idmap_r1,add,1000000,0.698,250
idmap_r1,add,1000000,0.699,250
idmap_r1,add,1000000,0.7,250
idmap_r1,add,1000000,0.701,250
idmap_r1,add,1000000,0.702,250
idmap_r1,add,1000000,0.703,250
idmap_r1,add,1000000,0.704,250
idmap_r1,add,1000000,0.705,250
idmap_r1,add,1000000,0.706,250
idmap_r1,add,1000000,0.707,250
idmap_r1,add,1000000,0.708,250
idmap_r1,add,1000000,0.709,250
idmap_r1,add,1000000,0.71,250
idmap_r1,add,1000000,0.711,250
idmap_r1,add,1000000,0.712,250
idmap_r1,add,1000000,0.713,250
idmap_r1,add,1000000,0.714,250
idmap_r1,add,1000000,0.715,250
idmap_r1,add,1000000,0.716,250
idmap_r1,add,1000000,0.717,250
idmap_r1,add,1000000,0.718,250
idmap_r1,add,1000000,0.719,250
idmap_r1,add,1000000,0.72,250
idmap_r1,add,1000000,0.721,250
idmap_r1,add,1000000,0.722,250
idmap_r1,add,1000000,0.723,250
idmap_r1,add,1000000,0.724,250
idmap_r1,add,1000000,0.725,250
idmap_r1,add,1000000,0.726,250
idmap_r1,add,1000000,0.727,250
idmap_r1,add,1000000,0.728,250
idmap_r1,add,1000000,0.729,250
idmap_r1,add,1000000,0.73,250
idmap_r1,add,1000000,0.731,250
idmap_r1,add,1000000,0.732,250
idmap_r1,add,1000000,0.733,250
idmap_r1,add,1000000,0.734,250
idmap_r1,add,1000000,0.735,250
idmap_r1,add,1000000,0.736,250
idmap_r1,add,1000000,0.737,250
idmap_r1,add,1000000,0.738,250
idmap_r1,add,1000000,0.739,250
idmap_r1,add,1000000,0.74,250
idmap_r1,add,1000000,0.741,250
idmap_r1,add,1000000,0.742,250
idmap_r1,add,1000000,0.743,250
idmap_r1,add,1000000,0.744,250
idmap_r1,add,1000000,0.745,250
idmap_r1,add,1000000,0.746,250
idmap_r1,add,1000000,0.747,250
idmap_r1,add,1000000,0.748,250
idmap_r1,add,1000000,0.749,250
idmap_r1,add,1000000,0.75,250
idmap_r1,add,1000000,0.751,250
idmap_r1,add,1000000,0.752,250
idmap_r1,add,1000000,0.753,250
idmap_r1,add,1000000,0.754,250
idmap_r1,add,1000000,0.755,250
idmap_r1,add,1000000,0.756,250
idmap_r1,add,1000000,0.757,250
idmap_r1,add,1000000,0.758,250
idmap_r1,add,1000000,0.759,250
idmap_r1,add,1000000,0.76,250
idmap_r1,add,1000000,0.761,250
idmap_r1,add,1000000,0.762,250
idmap_r1,add,1000000,0.763,250
idmap_r1,add,1000000,0.764,250
idmap_r1,add,1000000,0.765,250
idmap_r1,add,1000000,0.766,250
idmap_r1,add,1000000,0.767,250
idmap_r1,add,1000000,0.768,250
idmap_r1,add,1000000,0.769,250
idmap_r1,add,1000000,0.77,250
idmap_r1,add,1000000,0.771,250
idmap_r1,add,1000000,0.772,250
idmap_r1,add,1000000,0.773,250
idmap_r1,add,1000000,0.774,250
idmap_r1,add,1000000,0.775,250
idmap_r1,add,1000000,0.776,250
idmap_r1,add,1000000,0.777,250
idmap_r1,add,1000000,0.778,250
idmap_r1,add,1000000,0.779,250
idmap_r1,add,1000000,0.78,250
idmap_r1,add,1000000,0.781,250
idmap_r1,add,1000000,0.782,291
idmap_r1,add,1000000,0.783,291
idmap_r1,add,1000000,0.784,291
idmap_r1,add,1000000,0.785,291
idmap_r1,add,1000000,0.786,291
idmap_r1,add,1000000,0.787,291
idmap_r1,add,1000000,0.788,291
idmap_r1,add,1000000,0.789,291
idmap_r1,add,1000000,0.79,291
idmap_r1,add,1000000,0.791,291
idmap_r1,add,1000000,0.792,291
idmap_r1,add,1000000,0.793,291
idmap_r1,add,1000000,0.794,291
idmap_r1,add,1000000,0.795,291
idmap_r1,add,1000000,0.796,291
idmap_r1,add,1000000,0.797,291
idmap_r1,add,1000000,0.798,291
idmap_r1,add,1000000,0.799,291
idmap_r1,add,1000000,0.8,291
idmap_r1,add,1000000,0.801,291
idmap_r1,add,1000000,0.802,291
idmap_r1,add,1000000,0.803,291
idmap_r1,add,1000000,0.804,291
idmap_r1,add,1000000,0.805,291
idmap_r1,add,1000000,0.806,291
idmap_r1,add,1000000,0.807,291
idmap_r1,add,1000000,0.808,291
idmap_r1,add,1000000,0.809,292
idmap_r1,add,1000000,0.81,292
idmap_r1,add,1000000,0.811,292
idmap_r1,add,1000000,0.812,292
idmap_r1,add,1000000,0.813,292
idmap_r1,add,1000000,0.814,292
idmap_r1,add,1000000,0.815,292
idmap_r1,add,1000000,0.816,292
idmap_r1,add,1000000,0.817,292
idmap_r1,add,1000000,0.818,292
idmap_r1,add,1000000,0.819,292
idmap_r1,add,1000000,0.82,292
idmap_r1,add,1000000,0.821,292
idmap_r1,add,1000000,0.822,292
idmap_r1,add,1000000,0.823,292
idmap_r1,add,1000000,0.824,292
idmap_r1,add,1000000,0.825,292
idmap_r1,add,1000000,0.826,292
idmap_r1,add,1000000,0.827,292
idmap_r1,add,1000000,0.828,292
idmap_r1,add,1000000,0.829,292
idmap_r1,add,1000000,0.83,292
idmap_r1,add,1000000,0.831,292
idmap_r1,add,1000000,0.832,292
idmap_r1,add,1000000,0.833,292
idmap_r1,add,1000000,0.834,292
idmap_r1,add,1000000,0.835,292
idmap_r1,add,1000000,0.836,292
idmap_r1,add,1000000,0.837,292
idmap_r1,add,1000000,0.838,292
idmap_r1,add,1000000,0.839,292
idmap_r1,add,1000000,0.84,292
idmap_r1,add,1000000,0.841,292
idmap_r1,add,1000000,0.842,292
idmap_r1,add,1000000,0.843,292
idmap_r1,add,1000000,0.844,292
idmap_r1,add,1000000,0.845,292
idmap_r1,add,1000000,0.846,292
idmap_r1,add,1000000,0.847,292
idmap_r1,add,1000000,0.848,292
idmap_r1,add,1000000,0.849,292
idmap_r1,add,1000000,0.85,292
idmap_r1,add,1000000,0.851,292
idmap_r1,add,1000000,0.852,292
idmap_r1,add,1000000,0.853,292
idmap_r1,add,1000000,0.854,292
idmap_r1,add,1000000,0.855,292
idmap_r1,add,1000000,0.856,292
idmap_r1,add,1000000,0.857,292
idmap_r1,add,1000000,0.858,292
idmap_r1,add,1000000,0.859,292
idmap_r1,add,1000000,0.86,292
idmap_r1,add,1000000,0.861,292
idmap_r1,add,1000000,0.862,292
idmap_r1,add,1000000,0.863,292
idmap_r1,add,1000000,0.864,333
idmap_r1,add,1000000,0.865,333
idmap_r1,add,1000000,0.866,333
idmap_r1,add,1000000,0.867,333
idmap_r1,add,1000000,0.868,333
idmap_r1,add,1000000,0.869,333
idmap_r1,add,1000000,0.87,333
idmap_r1,add,1000000,0.871,333
idmap_r1,add,1000000,0.872,333
idmap_r1,add,1000000,0.873,333
idmap_r1,add,1000000,0.874,333
idmap_r1,add,1000000,0.875,333
idmap_r1,add,1000000,0.876,333
idmap_r1,add,1000000,0.877,333
idmap_r1,add,1000000,0.878,333
idmap_r1,add,1000000,0.879,333
idmap_r1,add,1000000,0.88,333
idmap_r1,add,1000000,0.881,333
idmap_r1,add,1000000,0.882,333
idmap_r1,add,1000000,0.883,333
idmap_r1,add,1000000,0.884,333
idmap_r1,add,1000000,0.885,333
idmap_r1,add,1000000,0.886,333
idmap_r1,add,1000000,0.887,333
idmap_r1,add,1000000,0.888,333
idmap_r1,add,1000000,0.889,333
idmap_r1,add,1000000,0.89,333
idmap_r1,add,1000000,0.891,333
idmap_r1,add,1000000,0.892,333
idmap_r1,add,1000000,0.893,333
idmap_r1,add,1000000,0.894,334
idmap_r1,add,1000000,0.895,334
idmap_r1,add,1000000,0.896,334
idmap_r1,add,1000000,0.897,334
idmap_r1,add,1000000,0.898,334
idmap_r1,add,1000000,0.899,334
idmap_r1,add,1000000,0.9,334
idmap_r1,add,1000000,0.901,334
idmap_r1,add,1000000,0.902,334
idmap_r1,add,1000000,0.903,334
idmap_r1,add,1000000,0.904,334
idmap_r1,add,1000000,0.905,334
idmap_r1,add,1000000,0.906,334
idmap_r1,add,1000000,0.907,334
idmap_r1,add,1000000,0.908,334
idmap_r1,add,1000000,0.909,375
idmap_r1,add,1000000,0.91,375
idmap_r1,add,1000000,0.911,375
idmap_r1,add,1000000,0.912,375
idmap_r1,add,1000000,0.913,375
idmap_r1,add,1000000,0.914,375
idmap_r1,add,1000000,0.915,375
idmap_r1,add,1000000,0.916,375
idmap_r1,add,1000000,0.917,375
idmap_r1,add,1000000,0.918,375
idmap_r1,add,1000000,0.919,375
idmap_r1,add,1000000,0.92,375
idmap_r1,add,1000000,0.921,375
idmap_r1,add,1000000,0.922,375
idmap_r1,add,1000000,0.923,375
idmap_r1,add,1000000,0.924,375
idmap_r1,add,1000000,0.925,375
idmap_r1,add,1000000,0.926,375
idmap_r1,add,1000000,0.927,375
idmap_r1,add,1000000,0.928,375
idmap_r1,add,1000000,0.929,375
idmap_r1,add,1000000,0.93,375
idmap_r1,add,1000000,0.931,375
idmap_r1,add,1000000,0.932,375
idmap_r1,add,1000000,0.933,375
idmap_r1,add,1000000,0.934,375
idmap_r1,add,1000000,0.935,375
idmap_r1,add,1000000,0.936,375
idmap_r1,add,1000000,0.937,375
idmap_r1,add,1000000,0.938,375
idmap_r1,add,1000000,0.939,375
idmap_r1,add,1000000,0.94,416
idmap_r1,add,1000000,0.941,416
idmap_r1,add,1000000,0.942,416
idmap_r1,add,1000000,0.943,416
idmap_r1,add,1000000,0.944,416
idmap_r1,add,1000000,0.945,416
idmap_r1,add,1000000,0.946,417
idmap_r1,add,1000000,0.947,417
idmap_r1,add,1000000,0.948,417
idmap_r1,add,1000000,0.949,417
idmap_r1,add,1000000,0.95,417
idmap_r1,add,1000000,0.951,417
idmap_r1,add,1000000,0.952,417
idmap_r1,add,1000000,0.953,417
idmap_r1,add,1000000,0.954,417
idmap_r1,add,1000000,0.955,417
idmap_r1,add,1000000,0.956,417
idmap_r1,add,1000000,0.957,417
idmap_r1,add,1000000,0.958,417
idmap_r1,add,1000000,0.959,458
idmap_r1,add,1000000,0.96,458
idmap_r1,add,1000000,0.961,458
idmap_r1,add,1000000,0.962,458
idmap_r1,add,1000000,0.963,458
idmap_r1,add,1000000,0.964,458
idmap_r1,add,1000000,0.965,458
idmap_r1,add,1000000,0.966,458
idmap_r1,add,1000000,0.967,458
idmap_r1,add,1000000,0.968,458
idmap_r1,add,1000000,0.969,459
idmap_r1,add,1000000,0.97,459
idmap_r1,add,1000000,0.971,459
idmap_r1,add,1000000,0.972,459
idmap_r1,add,1000000,0.973,459
idmap_r1,add,1000000,0.974,500
idmap_r1,add,1000000,0.975,500
idmap_r1,add,1000000,0.976,500
idmap_r1,add,1000000,0.977,500
idmap_r1,add,1000000,0.978,500
idmap_r1,add,1000000,0.979,500
idmap_r1,add,1000000,0.98,500
idmap_r1,add,1000000,0.981,500
idmap_r1,add,1000000,0.982,500
idmap_r1,add,1000000,0.983,541
idmap_r1,add,1000000,0.984,542
idmap_r1,add,1000000,0.985,542
idmap_r1,add,1000000,0.986,542
idmap_r1,add,1000000,0.987,542
idmap_r1,add,1000000,0.988,583
idmap_r1,add,1000000,0.989,583
idmap_r1,add,1000000,0.99,584
idmap_r1,add,1000000,0.991,625
idmap_r1,add,1000000,0.992,625
idmap_r1,add,1000000,0.993,667
idmap_r1,add,1000000,0.994,708
idmap_r1,add,1000000,0.995,750
idmap_r1,add,1000000,0.996,792
idmap_r1,add,1000000,0.997,916
idmap_r1,add,1000000,0.998,1208
idmap_r1,add,1000000,0.999,2292
idmap_r1,cancel,1000000,0,83
idmap_r1,cancel,1000000,0.001,250
idmap_r1,cancel,1000000,0.002,250
idmap_r1,cancel,1000000,0.003,291
idmap_r1,cancel,1000000,0.004,292
idmap_r1,cancel,1000000,0.005,292
idmap_r1,cancel,1000000,0.006,333
idmap_r1,cancel,1000000,0.007,333
idmap_r1,cancel,1000000,0.008,333
idmap_r1,cancel,1000000,0.009,333
idmap_r1,cancel,1000000,0.01,333
idmap_r1,cancel,1000000,0.011,333
idmap_r1,cancel,1000000,0.012,333
idmap_r1,cancel,1000000,0.013,333
idmap_r1,cancel,1000000,0.014,333
idmap_r1,cancel,1000000,0.015,333
idmap_r1,cancel,1000000,0.016,333
idmap_r1,cancel,1000000,0.017,333
idmap_r1,cancel,1000000,0.018,334
idmap_r1,cancel,1000000,0.019,334
idmap_r1,cancel,1000000,0.02,334
idmap_r1,cancel,1000000,0.021,334
idmap_r1,cancel,1000000,0.022,334
idmap_r1,cancel,1000000,0.023,334
idmap_r1,cancel,1000000,0.024,375
idmap_r1,cancel,1000000,0.025,375
idmap_r1,cancel,1000000,0.026,375
idmap_r1,cancel,1000000,0.027,375
idmap_r1,cancel,1000000,0.028,375
idmap_r1,cancel,1000000,0.029,375
idmap_r1,cancel,1000000,0.03,375
idmap_r1,cancel,1000000,0.031,375
idmap_r1,cancel,1000000,0.032,375
idmap_r1,cancel,1000000,0.033,375
idmap_r1,cancel,1000000,0.034,375
idmap_r1,cancel,1000000,0.035,375
idmap_r1,cancel,1000000,0.036,375
idmap_r1,cancel,1000000,0.037,375
idmap_r1,cancel,1000000,0.038,375
idmap_r1,cancel,1000000,0.039,375
idmap_r1,cancel,1000000,0.04,375
idmap_r1,cancel,1000000,0.041,375
idmap_r1,cancel,1000000,0.042,375
idmap_r1,cancel,1000000,0.043,375
idmap_r1,cancel,1000000,0.044,375
idmap_r1,cancel,1000000,0.045,375
idmap_r1,cancel,1000000,0.046,375
idmap_r1,cancel,1000000,0.047,375
idmap_r1,cancel,1000000,0.048,375
idmap_r1,cancel,1000000,0.049,375
idmap_r1,cancel,1000000,0.05,375
idmap_r1,cancel,1000000,0.051,375
idmap_r1,cancel,1000000,0.052,416
idmap_r1,cancel,1000000,0.053,416
idmap_r1,cancel,1000000,0.054,416
idmap_r1,cancel,1000000,0.055,416
idmap_r1,cancel,1000000,0.056,416
idmap_r1,cancel,1000000,0.057,416
idmap_r1,cancel,1000000,0.058,416
idmap_r1,cancel,1000000,0.059,416
idmap_r1,cancel,1000000,0.06,416
idmap_r1,cancel,1000000,0.061,416
idmap_r1,cancel,1000000,0.062,416
idmap_r1,cancel,1000000,0.063,416
idmap_r1,cancel,1000000,0.064,416
idmap_r1,cancel,1000000,0.065,416
idmap_r1,cancel,1000000,0.066,416
idmap_r1,cancel,1000000,0.067,416
idmap_r1,cancel,1000000,0.068,416
idmap_r1,cancel,1000000,0.069,416
idmap_r1,cancel,1000000,0.07,416
idmap_r1,cancel,1000000,0.071,416
idmap_r1,cancel,1000000,0.072,416
idmap_r1,cancel,1000000,0.073,416
idmap_r1,cancel,1000000,0.074,416
idmap_r1,cancel,1000000,0.075,416
idmap_r1,cancel,1000000,0.076,416
idmap_r1,cancel,1000000,0.077,416
idmap_r1,cancel,1000000,0.078,416
idmap_r1,cancel,1000000,0.079,416
idmap_r1,cancel,1000000,0.08,416
idmap_r1,cancel,1000000,0.081,416
idmap_r1,cancel,1000000,0.082,417
idmap_r1,cancel,1000000,0.083,417
idmap_r1,cancel,1000000,0.084,417
idmap_r1,cancel,1000000,0.085,417
idmap_r1,cancel,1000000,0.086,417
idmap_r1,cancel,1000000,0.087,417
idmap_r1,cancel,1000000,0.088,417
idmap_r1,cancel,1000000,0.089,417
idmap_r1,cancel,1000000,0.09,417
idmap_r1,cancel,1000000,0.091,417
idmap_r1,cancel,1000000,0.092,417
idmap_r1,cancel,1000000,0.093,417
idmap_r1,cancel,1000000,0.094,417
idmap_r1,cancel,1000000,0.095,417
idmap_r1,cancel,1000000,0.096,417
idmap_r1,cancel,1000000,0.097,417
idmap_r1,cancel,1000000,0.098,417
idmap_r1,cancel,1000000,0.099,417
idmap_r1,cancel,1000000,0.1,417
idmap_r1,cancel,1000000,0.101,417
idmap_r1,cancel,1000000,0.102,417
idmap_r1,cancel,1000000,0.103,417
idmap_r1,cancel,1000000,0.104,417
idmap_r1,cancel,1000000,0.105,417
idmap_r1,cancel,1000000,0.106,417
idmap_r1,cancel,1000000,0.107,417
idmap_r1,cancel,1000000,0.108,417
idmap_r1,cancel,1000000,0.109,417
idmap_r1,cancel,1000000,0.11,417
idmap_r1,cancel,1000000,0.111,417
idmap_r1,cancel,1000000,0.112,417
idmap_r1,cancel,1000000,0.113,417
idmap_r1,cancel,1000000,0.114,417
idmap_r1,cancel,1000000,0.115,417
idmap_r1,cancel,1000000,0.116,417
idmap_r1,cancel,1000000,0.117,417
idmap_r1,cancel,1000000,0.118,417
idmap_r1,cancel,1000000,0.119,417
idmap_r1,cancel,1000000,0.12,417
idmap_r1,cancel,1000000,0.121,417
idmap_r1,cancel,1000000,0.122,417
idmap_r1,cancel,1000000,0.123,417
idmap_r1,cancel,1000000,0.124,417
idmap_r1,cancel,1000000,0.125,417
idmap_r1,cancel,1000000,0.126,417
idmap_r1,cancel,1000000,0.127,417
idmap_r1,cancel,1000000,0.128,417
idmap_r1,cancel,1000000,0.129,417
idmap_r1,cancel,1000000,0.13,417
idmap_r1,cancel,1000000,0.131,417
idmap_r1,cancel,1000000,0.132,417
idmap_r1,cancel,1000000,0.133,417
idmap_r1,cancel,1000000,0.134,417
idmap_r1,cancel,1000000,0.135,417
idmap_r1,cancel,1000000,0.136,417
idmap_r1,cancel,1000000,0.137,417
idmap_r1,cancel,1000000,0.138,417
idmap_r1,cancel,1000000,0.139,417
idmap_r1,cancel,1000000,0.14,417
idmap_r1,cancel,1000000,0.141,417
idmap_r1,cancel,1000000,0.142,417
idmap_r1,cancel,1000000,0.143,458
idmap_r1,cancel,1000000,0.144,458
idmap_r1,cancel,1000000,0.145,458
idmap_r1,cancel,1000000,0.146,458
idmap_r1,cancel,1000000,0.147,458
idmap_r1,cancel,1000000,0.148,458
idmap_r1,cancel,1000000,0.149,458
idmap_r1,cancel,1000000,0.15,458
idmap_r1,cancel,1000000,0.151,458
idmap_r1,cancel,1000000,0.152,458
idmap_r1,cancel,1000000,0.153,458
idmap_r1,cancel,1000000,0.154,458
idmap_r1,cancel,1000000,0.155,458
idmap_r1,cancel,1000000,0.156,458
idmap_r1,cancel,1000000,0.157,458
idmap_r1,cancel,1000000,0.158,458
idmap_r1,cancel,1000000,0.159,458
idmap_r1,cancel,1000000,0.16,458
idmap_r1,cancel,1000000,0.161,458
idmap_r1,cancel,1000000,0.162,458
idmap_r1,cancel,1000000,0.163,458
idmap_r1,cancel,1000000,0.164,458
idmap_r1,cancel,1000000,0.165,458
idmap_r1,cancel,1000000,0.166,458
idmap_r1,cancel,1000000,0.167,458
idmap_r1,cancel,1000000,0.168,458
idmap_r1,cancel,1000000,0.169,458
idmap_r1,cancel,1000000,0.17,458
idmap_r1,cancel,1000000,0.171,458
idmap_r1,cancel,1000000,0.172,458
idmap_r1,cancel,1000000,0.173,458
idmap_r1,cancel,1000000,0.174,458
idmap_r1,cancel,1000000,0.175,458
idmap_r1,cancel,1000000,0.176,458
idmap_r1,cancel,1000000,0.177,458
idmap_r1,cancel,1000000,0.178,458
idmap_r1,cancel,1000000,0.179,458
idmap_r1,cancel,1000000,0.18,458
idmap_r1,cancel,1000000,0.181,458
idmap_r1,cancel,1000000,0.182,458
idmap_r1,cancel,1000000,0.183,458
idmap_r1,cancel,1000000,0.184,458
idmap_r1,cancel,1000000,0.185,458
idmap_r1,cancel,1000000,0.186,458
idmap_r1,cancel,1000000,0.187,458
idmap_r1,cancel,1000000,0.188,458
idmap_r1,cancel,1000000,0.189,458
idmap_r1,cancel,1000000,0.19,458
idmap_r1,cancel,1000000,0.191,458
idmap_r1,cancel,1000000,0.192,458
idmap_r1,cancel,1000000,0.193,458
idmap_r1,cancel,1000000,0.194,458
idmap_r1,cancel,1000000,0.195,458
idmap_r1,cancel,1000000,0.196,458
idmap_r1,cancel,1000000,0.197,458
idmap_r1,cancel,1000000,0.198,458
idmap_r1,cancel,1000000,0.199,458
idmap_r1,cancel,1000000,0.2,458
idmap_r1,cancel,1000000,0.201,458
idmap_r1,cancel,1000000,0.202,458
idmap_r1,cancel,1000000,0.203,458
idmap_r1,cancel,1000000,0.204,458
idmap_r1,cancel,1000000,0.205,458
idmap_r1,cancel,1000000,0.206,458
idmap_r1,cancel,1000000,0.207,458
idmap_r1,cancel,1000000,0.208,458
idmap_r1,cancel,1000000,0.209,458
idmap_r1,cancel,1000000,0.21,458
idmap_r1,cancel,1000000,0.211,458
idmap_r1,cancel,1000000,0.212,458
idmap_r1,cancel,1000000,0.213,458
idmap_r1,cancel,1000000,0.214,458
idmap_r1,cancel,1000000,0.215,458
idmap_r1,cancel,1000000,0.216,458
idmap_r1,cancel,1000000,0.217,458
idmap_r1,cancel,1000000,0.218,458
idmap_r1,cancel,1000000,0.219,458
idmap_r1,cancel,1000000,0.22,458
idmap_r1,cancel,1000000,0.221,458
idmap_r1,cancel,1000000,0.222,458
idmap_r1,cancel,1000000,0.223,458
idmap_r1,cancel,1000000,0.224,458
idmap_r1,cancel,1000000,0.225,458
idmap_r1,cancel,1000000,0.226,458
idmap_r1,cancel,1000000,0.227,458
idmap_r1,cancel,1000000,0.228,458
idmap_r1,cancel,1000000,0.229,458
idmap_r1,cancel,1000000,0.23,458
idmap_r1,cancel,1000000,0.231,458
idmap_r1,cancel,1000000,0.232,458
idmap_r1,cancel,1000000,0.233,458
idmap_r1,cancel,1000000,0.234,458
idmap_r1,cancel,1000000,0.235,458
idmap_r1,cancel,1000000,0.236,458
idmap_r1,cancel,1000000,0.237,458
idmap_r1,cancel,1000000,0.238,458
idmap_r1,cancel,1000000,0.239,458
idmap_r1,cancel,1000000,0.24,458
idmap_r1,cancel,1000000,0.241,458
idmap_r1,cancel,1000000,0.242,458
idmap_r1,cancel,1000000,0.243,458
idmap_r1,cancel,1000000,0.244,458
idmap_r1,cancel,1000000,0.245,458
idmap_r1,cancel,1000000,0.246,458
idmap_r1,cancel,1000000,0.247,458
idmap_r1,cancel,1000000,0.248,458
idmap_r1,cancel,1000000,0.249,458
idmap_r1,cancel,1000000,0.25,458
idmap_r1,cancel,1000000,0.251,458
idmap_r1,cancel,1000000,0.252,458
idmap_r1,cancel,1000000,0.253,458
idmap_r1,cancel,1000000,0.254,458
idmap_r1,cancel,1000000,0.255,458
idmap_r1,cancel,1000000,0.256,458
idmap_r1,cancel,1000000,0.257,458
idmap_r1,cancel,1000000,0.258,458
idmap_r1,cancel,1000000,0.259,458
idmap_r1,cancel,1000000,0.26,458
idmap_r1,cancel,1000000,0.261,458
idmap_r1,cancel,1000000,0.262,458
idmap_r1,cancel,1000000,0.263,458
idmap_r1,cancel,1000000,0.264,458
idmap_r1,cancel,1000000,0.265,458
idmap_r1,cancel,1000000,0.266,458
idmap_r1,cancel,1000000,0.267,458
idmap_r1,cancel,1000000,0.268,458
idmap_r1,cancel,1000000,0.269,458
idmap_r1,cancel,1000000,0.27,458
idmap_r1,cancel,1000000,0.271,458
idmap_r1,cancel,1000000,0.272,458
idmap_r1,cancel,1000000,0.273,458
idmap_r1,cancel,1000000,0.274,458
idmap_r1,cancel,1000000,0.275,458
idmap_r1,cancel,1000000,0.276,458
idmap_r1,cancel,1000000,0.277,458
idmap_r1,cancel,1000000,0.278,458
idmap_r1,cancel,1000000,0.279,458
idmap_r1,cancel,1000000,0.28,458
idmap_r1,cancel,1000000,0.281,458
idmap_r1,cancel,1000000,0.282,458
idmap_r1,cancel,1000000,0.283,458
idmap_r1,cancel,1000000,0.284,458
idmap_r1,cancel,1000000,0.285,458
idmap_r1,cancel,1000000,0.286,458
idmap_r1,cancel,1000000,0.287,458
idmap_r1,cancel,1000000,0.288,458
idmap_r1,cancel,1000000,0.289,458
idmap_r1,cancel,1000000,0.29,458
idmap_r1,cancel,1000000,0.291,458
idmap_r1,cancel,1000000,0.292,458
idmap_r1,cancel,1000000,0.293,459
idmap_r1,cancel,1000000,0.294,459
idmap_r1,cancel,1000000,0.295,459
idmap_r1,cancel,1000000,0.296,459
idmap_r1,cancel,1000000,0.297,459
idmap_r1,cancel,1000000,0.298,459
idmap_r1,cancel,1000000,0.299,459
idmap_r1,cancel,1000000,0.3,459
idmap_r1,cancel,1000000,0.301,459
idmap_r1,cancel,1000000,0.302,459
idmap_r1,cancel,1000000,0.303,459
idmap_r1,cancel,1000000,0.304,459
idmap_r1,cancel,1000000,0.305,459
idmap_r1,cancel,1000000,0.306,459
idmap_r1,cancel,1000000,0.307,459
idmap_r1,cancel,1000000,0.308,459
idmap_r1,cancel,1000000,0.309,459
idmap_r1,cancel,1000000,0.31,459
idmap_r1,cancel,1000000,0.311,459
idmap_r1,cancel,1000000,0.312,459
idmap_r1,cancel,1000000,0.313,459
idmap_r1,cancel,1000000,0.314,459
idmap_r1,cancel,1000000,0.315,459
idmap_r1,cancel,1000000,0.316,459
idmap_r1,cancel,1000000,0.317,459
idmap_r1,cancel,1000000,0.318,459
idmap_r1,cancel,1000000,0.319,459
idmap_r1,cancel,1000000,0.32,459
idmap_r1,cancel,1000000,0.321,459
idmap_r1,cancel,1000000,0.322,459
idmap_r1,cancel,1000000,0.323,459
idmap_r1,cancel,1000000,0.324,459
idmap_r1,cancel,1000000,0.325,459
idmap_r1,cancel,1000000,0.326,459
idmap_r1,cancel,1000000,0.327,459
idmap_r1,cancel,1000000,0.328,459
idmap_r1,cancel,1000000,0.329,459
idmap_r1,cancel,1000000,0.33,459
idmap_r1,cancel,1000000,0.331,459
idmap_r1,cancel,1000000,0.332,459
idmap_r1,cancel,1000000,0.333,459
idmap_r1,cancel,1000000,0.334,459
idmap_r1,cancel,1000000,0.335,459
idmap_r1,cancel,1000000,0.336,459
idmap_r1,cancel,1000000,0.337,459
idmap_r1,cancel,1000000,0.338,459
idmap_r1,cancel,1000000,0.339,459
idmap_r1,cancel,1000000,0.34,459
idmap_r1,cancel,1000000,0.341,459
idmap_r1,cancel,1000000,0.342,459
idmap_r1,cancel,1000000,0.343,459
idmap_r1,cancel,1000000,0.344,459
idmap_r1,cancel,1000000,0.345,459
idmap_r1,cancel,1000000,0.346,459
idmap_r1,cancel,1000000,0.347,459
idmap_r1,cancel,1000000,0.348,459
idmap_r1,cancel,1000000,0.349,459
idmap_r1,cancel,1000000,0.35,459
idmap_r1,cancel,1000000,0.351,459
idmap_r1,cancel,1000000,0.352,459
idmap_r1,cancel,1000000,0.353,459
idmap_r1,cancel,1000000,0.354,459
idmap_r1,cancel,1000000,0.355,459
idmap_r1,cancel,1000000,0.356,459
idmap_r1,cancel,1000000,0.357,459
idmap_r1,cancel,1000000,0.358,459
idmap_r1,cancel,1000000,0.359,459
idmap_r1,cancel,1000000,0.36,459
idmap_r1,cancel,1000000,0.361,459
idmap_r1,cancel,1000000,0.362,459
idmap_r1,cancel,1000000,0.363,459
idmap_r1,cancel,1000000,0.364,459
idmap_r1,cancel,1000000,0.365,459
idmap_r1,cancel,1000000,0.366,459
idmap_r1,cancel,1000000,0.367,459
idmap_r1,cancel,1000000,0.368,459
idmap_r1,cancel,1000000,0.369,500
idmap_r1,cancel,1000000,0.37,500
idmap_r1,cancel,1000000,0.371,500
idmap_r1,cancel,1000000,0.372,500
idmap_r1,cancel,1000000,0.373,500
idmap_r1,cancel,1000000,0.374,500
idmap_r1,cancel,1000000,0.375,500
idmap_r1,cancel,1000000,0.376,500
idmap_r1,cancel,1000000,0.377,500
idmap_r1,cancel,1000000,0.378,500
idmap_r1,cancel,1000000,0.379,500
idmap_r1,cancel,1000000,0.38,500
idmap_r1,cancel,1000000,0.381,500
idmap_r1,cancel,1000000,0.382,500
idmap_r1,cancel,1000000,0.383,500
idmap_r1,cancel,1000000,0.384,500
idmap_r1,cancel,1000000,0.385,500
idmap_r1,cancel,1000000,0.386,500
idmap_r1,cancel,1000000,0.387,500
idmap_r1,cancel,1000000,0.388,500
idmap_r1,cancel,1000000,0.389,500
idmap_r1,cancel,1000000,0.39,500
idmap_r1,cancel,1000000,0.391,500
idmap_r1,cancel,1000000,0.392,500
idmap_r1,cancel,1000000,0.393,500
idmap_r1,cancel,1000000,0.394,500
idmap_r1,cancel,1000000,0.395,500
idmap_r1,cancel,1000000,0.396,500
idmap_r1,cancel,1000000,0.397,500
idmap_r1,cancel,1000000,0.398,500
idmap_r1,cancel,1000000,0.399,500
idmap_r1,cancel,1000000,0.4,500
idmap_r1,cancel,1000000,0.401,500
idmap_r1,cancel,1000000,0.402,500
idmap_r1,cancel,1000000,0.403,500
idmap_r1,cancel,1000000,0.404,500
idmap_r1,cancel,1000000,0.405,500
idmap_r1,cancel,1000000,0.406,500
idmap_r1,cancel,1000000,0.407,500
idmap_r1,cancel,1000000,0.408,500
idmap_r1,cancel,1000000,0.409,500
idmap_r1,cancel,1000000,0.41,500
idmap_r1,cancel,1000000,0.411,500
idmap_r1,cancel,1000000,0.412,500
idmap_r1,cancel,1000000,0.413,500
idmap_r1,cancel,1000000,0.414,500
idmap_r1,cancel,1000000,0.415,500
idmap_r1,cancel,1000000,0.416,500
idmap_r1,cancel,1000000,0.417,500
idmap_r1,cancel,1000000,0.418,500
idmap_r1,cancel,1000000,0.419,500
idmap_r1,cancel,1000000,0.42,500
idmap_r1,cancel,1000000,0.421,500
idmap_r1,cancel,1000000,0.422,500
idmap_r1,cancel,1000000,0.423,500
idmap_r1,cancel,1000000,0.424,500
idmap_r1,cancel,1000000,0.425,500
idmap_r1,cancel,1000000,0.426,500
idmap_r1,cancel,1000000,0.427,500
idmap_r1,cancel,1000000,0.428,500
idmap_r1,cancel,1000000,0.429,500
idmap_r1,cancel,1000000,0.43,500
idmap_r1,cancel,1000000,0.431,500
idmap_r1,cancel,1000000,0.432,500
idmap_r1,cancel,1000000,0.433,500
idmap_r1,cancel,1000000,0.434,500
idmap_r1,cancel,1000000,0.435,500
idmap_r1,cancel,1000000,0.436,500
idmap_r1,cancel,1000000,0.437,500
idmap_r1,cancel,1000000,0.438,500
idmap_r1,cancel,1000000,0.439,500
idmap_r1,cancel,1000000,0.44,500
idmap_r1,cancel,1000000,0.441,500
idmap_r1,cancel,1000000,0.442,500
idmap_r1,cancel,1000000,0.443,500
idmap_r1,cancel,1000000,0.444,500
idmap_r1,cancel,1000000,0.445,500
idmap_r1,cancel,1000000,0.446,500
idmap_r1,cancel,1000000,0.447,500
idmap_r1,cancel,1000000,0.448,500
idmap_r1,cancel,1000000,0.449,500
idmap_r1,cancel,1000000,0.45,500
idmap_r1,cancel,1000000,0.451,500
idmap_r1,cancel,1000000,0.452,500
idmap_r1,cancel,1000000,0.453,500
idmap_r1,cancel,1000000,0.454,500
idmap_r1,cancel,1000000,0.455,500
idmap_r1,cancel,1000000,0.456,500
idmap_r1,cancel,1000000,0.457,500
idmap_r1,cancel,1000000,0.458,500
idmap_r1,cancel,1000000,0.459,500
idmap_r1,cancel,1000000,0.46,500
idmap_r1,cancel,1000000,0.461,500
idmap_r1,cancel,1000000,0.462,500
idmap_r1,cancel,1000000,0.463,500
idmap_r1,cancel,1000000,0.464,500
idmap_r1,cancel,1000000,0.465,500
idmap_r1,cancel,1000000,0.466,500
idmap_r1,cancel,1000000,0.467,500
idmap_r1,cancel,1000000,0.468,500
idmap_r1,cancel,1000000,0.469,500
idmap_r1,cancel,1000000,0.47,500
idmap_r1,cancel,1000000,0.471,500
idmap_r1,cancel,1000000,0.472,500
idmap_r1,cancel,1000000,0.473,500
idmap_r1,cancel,1000000,0.474,500
idmap_r1,cancel,1000000,0.475,500
idmap_r1,cancel,1000000,0.476,500
idmap_r1,cancel,1000000,0.477,500
idmap_r1,cancel,1000000,0.478,500
idmap_r1,cancel,1000000,0.479,500
idmap_r1,cancel,1000000,0.48,500
idmap_r1,cancel,1000000,0.481,500
idmap_r1,cancel,1000000,0.482,500
idmap_r1,cancel,1000000,0.483,500
idmap_r1,cancel,1000000,0.484,500
idmap_r1,cancel,1000000,0.485,500
idmap_r1,cancel,1000000,0.486,500
idmap_r1,cancel,1000000,0.487,500
idmap_r1,cancel,1000000,0.488,500
idmap_r1,cancel,1000000,0.489,500
idmap_r1,cancel,1000000,0.49,500
idmap_r1,cancel,1000000,0.491,500
idmap_r1,cancel,1000000,0.492,500
idmap_r1,cancel,1000000,0.493,500
idmap_r1,cancel,1000000,0.494,500
idmap_r1,cancel,1000000,0.495,500
idmap_r1,cancel,1000000,0.496,500
idmap_r1,cancel,1000000,0.497,500
idmap_r1,cancel,1000000,0.498,500
idmap_r1,cancel,1000000,0.499,500
idmap_r1,cancel,1000000,0.5,500
idmap_r1,cancel,1000000,0.501,500
idmap_r1,cancel,1000000,0.502,500
idmap_r1,cancel,1000000,0.503,500
idmap_r1,cancel,1000000,0.504,500
idmap_r1,cancel,1000000,0.505,500
idmap_r1,cancel,1000000,0.506,500
idmap_r1,cancel,1000000,0.507,500
idmap_r1,cancel,1000000,0.508,500
idmap_r1,cancel,1000000,0.509,500
idmap_r1,cancel,1000000,0.51,500
idmap_r1,cancel,1000000,0.511,500
idmap_r1,cancel,1000000,0.512,500
idmap_r1,cancel,1000000,0.513,500
idmap_r1,cancel,1000000,0.514,500
idmap_r1,cancel,1000000,0.515,500
idmap_r1,cancel,1000000,0.516,500
idmap_r1,cancel,1000000,0.517,500
idmap_r1,cancel,1000000,0.518,500
idmap_r1,cancel,1000000,0.519,500
idmap_r1,cancel,1000000,0.52,500
idmap_r1,cancel,1000000,0.521,500
idmap_r1,cancel,1000000,0.522,500
idmap_r1,cancel,1000000,0.523,500
idmap_r1,cancel,1000000,0.524,500
idmap_r1,cancel,1000000,0.525,500
idmap_r1,cancel,1000000,0.526,500
idmap_r1,cancel,1000000,0.527,500
idmap_r1,cancel,1000000,0.528,500
idmap_r1,cancel,1000000,0.529,500
idmap_r1,cancel,1000000,0.53,500
idmap_r1,cancel,1000000,0.531,500
idmap_r1,cancel,1000000,0.532,500
idmap_r1,cancel,1000000,0.533,500
idmap_r1,cancel,1000000,0.534,500
idmap_r1,cancel,1000000,0.535,500
idmap_r1,cancel,1000000,0.536,500
idmap_r1,cancel,1000000,0.537,500
idmap_r1,cancel,1000000,0.538,500
idmap_r1,cancel,1000000,0.539,500
idmap_r1,cancel,1000000,0.54,500
idmap_r1,cancel,1000000,0.541,541
idmap_r1,cancel,1000000,0.542,541
idmap_r1,cancel,1000000,0.543,541
idmap_r1,cancel,1000000,0.544,541
idmap_r1,cancel,1000000,0.545,541
idmap_r1,cancel,1000000,0.546,541
idmap_r1,cancel,1000000,0.547,541
idmap_r1,cancel,1000000,0.548,541
idmap_r1,cancel,1000000,0.549,541
idmap_r1,cancel,1000000,0.55,541
idmap_r1,cancel,1000000,0.551,541
idmap_r1,cancel,1000000,0.552,541
idmap_r1,cancel,1000000,0.553,541
idmap_r1,cancel,1000000,0.554,541
idmap_r1,cancel,1000000,0.555,541
idmap_r1,cancel,1000000,0.556,541
idmap_r1,cancel,1000000,0.557,541
idmap_r1,cancel,1000000,0.558,541
idmap_r1,cancel,1000000,0.559,541
idmap_r1,cancel,1000000,0.56,541
idmap_r1,cancel,1000000,0.561,541
idmap_r1,cancel,1000000,0.562,541
idmap_r1,cancel,1000000,0.563,541
idmap_r1,cancel,1000000,0.564,541
idmap_r1,cancel,1000000,0.565,541
idmap_r1,cancel,1000000,0.566,541
idmap_r1,cancel,1000000,0.567,541
idmap_r1,cancel,1000000,0.568,541
idmap_r1,cancel,1000000,0.569,541
idmap_r1,cancel,1000000,0.57,541
idmap_r1,cancel,1000000,0.571,541
idmap_r1,cancel,1000000,0.572,541
idmap_r1,cancel,1000000,0.573,541
idmap_r1,cancel,1000000,0.574,541
idmap_r1,cancel,1000000,0.575,541
idmap_r1,cancel,1000000,0.576,541
idmap_r1,cancel,1000000,0.577,541
idmap_r1,cancel,1000000,0.578,541
idmap_r1,cancel,1000000,0.579,541
idmap_r1,cancel,1000000,0.58,541
idmap_r1,cancel,1000000,0.581,541
idmap_r1,cancel,1000000,0.582,541
idmap_r1,cancel,1000000,0.583,541
idmap_r1,cancel,1000000,0.584,541
idmap_r1,cancel,1000000,0.585,542
idmap_r1,cancel,1000000,0.586,542
idmap_r1,cancel,1000000,0.587,542
idmap_r1,cancel,1000000,0.588,542
idmap_r1,cancel,1000000,0.589,542
idmap_r1,cancel,1000000,0.59,542
idmap_r1,cancel,1000000,0.591,542
idmap_r1,cancel,1000000,0.592,542
idmap_r1,cancel,1000000,0.593,542
idmap_r1,cancel,1000000,0.594,542
idmap_r1,cancel,1000000,0.595,542
idmap_r1,cancel,1000000,0.596,542
idmap_r1,cancel,1000000,0.597,542
idmap_r1,cancel,1000000,0.598,542
idmap_r1,cancel,1000000,0.599,542
idmap_r1,cancel,1000000,0.6,542
idmap_r1,cancel,1000000,0.601,542
idmap_r1,cancel,1000000,0.602,542
idmap_r1,cancel,1000000,0.603,542
idmap_r1,cancel,1000000,0.604,542
idmap_r1,cancel,1000000,0.605,542
idmap_r1,cancel,1000000,0.606,542
idmap_r1,cancel,1000000,0.607,542
idmap_r1,cancel,1000000,0.608,542
idmap_r1,cancel,1000000,0.609,542
idmap_r1,cancel,1000000,0.61,542
idmap_r1,cancel,1000000,0.611,542
idmap_r1,cancel,1000000,0.612,542
idmap_r1,cancel,1000000,0.613,542
idmap_r1,cancel,1000000,0.614,542
idmap_r1,cancel,1000000,0.615,542
idmap_r1,cancel,1000000,0.616,542
idmap_r1,cancel,1000000,0.617,542
idmap_r1,cancel,1000000,0.618,542
idmap_r1,cancel,1000000,0.619,542
idmap_r1,cancel,1000000,0.62,542
idmap_r1,cancel,1000000,0.621,542
idmap_r1,cancel,1000000,0.622,542
idmap_r1,cancel,1000000,0.623,542
idmap_r1,cancel,1000000,0.624,542
idmap_r1,cancel,1000000,0.625,542
idmap_r1,cancel,1000000,0.626,542
idmap_r1,cancel,1000000,0.627,542
idmap_r1,cancel,1000000,0.628,542
idmap_r1,cancel,1000000,0.629,542
idmap_r1,cancel,1000000,0.63,542
idmap_r1,cancel,1000000,0.631,542
idmap_r1,cancel,1000000,0.632,542
idmap_r1,cancel,1000000,0.633,542
idmap_r1,cancel,1000000,0.634,542
idmap_r1,cancel,1000000,0.635,542
idmap_r1,cancel,1000000,0.636,542
idmap_r1,cancel,1000000,0.637,542
idmap_r1,cancel,1000000,0.638,542
idmap_r1,cancel,1000000,0.639,542
idmap_r1,cancel,1000000,0.64,542
idmap_r1,cancel,1000000,0.641,542
idmap_r1,cancel,1000000,0.642,542
idmap_r1,cancel,1000000,0.643,542
idmap_r1,cancel,1000000,0.644,542
idmap_r1,cancel,1000000,0.645,542
idmap_r1,cancel,1000000,0.646,542
idmap_r1,cancel,1000000,0.647,542
idmap_r1,cancel,1000000,0.648,542
idmap_r1,cancel,1000000,0.649,542
idmap_r1,cancel,1000000,0.65,542
idmap_r1,cancel,1000000,0.651,542
idmap_r1,cancel,1000000,0.652,542
idmap_r1,cancel,1000000,0.653,542
idmap_r1,cancel,1000000,0.654,542
idmap_r1,cancel,1000000,0.655,542
idmap_r1,cancel,1000000,0.656,542
idmap_r1,cancel,1000000,0.657,542
idmap_r1,cancel,1000000,0.658,542
idmap_r1,cancel,1000000,0.659,542
idmap_r1,cancel,1000000,0.66,542
idmap_r1,cancel,1000000,0.661,542
idmap_r1,cancel,1000000,0.662,542
idmap_r1,cancel,1000000,0.663,542
idmap_r1,cancel,1000000,0.664,542
idmap_r1,cancel,1000000,0.665,542
idmap_r1,cancel,1000000,0.666,542
idmap_r1,cancel,1000000,0.667,542
idmap_r1,cancel,1000000,0.668,542
idmap_r1,cancel,1000000,0.669,542
idmap_r1,cancel,1000000,0.67,542
idmap_r1,cancel,1000000,0.671,542
idmap_r1,cancel,1000000,0.672,542
idmap_r1,cancel,1000000,0.673,542
idmap_r1,cancel,1000000,0.674,542
idmap_r1,cancel,1000000,0.675,542
idmap_r1,cancel,1000000,0.676,583
idmap_r1,cancel,1000000,0.677,583
idmap_r1,cancel,1000000,0.678,583
idmap_r1,cancel,1000000,0.679,583
idmap_r1,cancel,1000000,0.68,583
idmap_r1,cancel,1000000,0.681,583
idmap_r1,cancel,1000000,0.682,583
idmap_r1,cancel,1000000,0.683,583
idmap_r1,cancel,1000000,0.684,583
idmap_r1,cancel,1000000,0.685,583
idmap_r1,cancel,1000000,0.686,583
idmap_r1,cancel,1000000,0.687,583
idmap_r1,cancel,1000000,0.688,583
idmap_r1,cancel,1000000,0.689,583
idmap_r1,cancel,1000000,0.69,583
idmap_r1,cancel,1000000,0.691,583
idmap_r1,cancel,1000000,0.692,583
idmap_r1,cancel,1000000,0.693,583
idmap_r1,cancel,1000000,0.694,583
idmap_r1,cancel,1000000,0.695,583
idmap_r1,cancel,1000000,0.696,583
idmap_r1,cancel,1000000,0.697,583
idmap_r1,cancel,1000000,0.698,583
idmap_r1,cancel,1000000,0.699,583
idmap_r1,cancel,1000000,0.7,583
idmap_r1,cancel,1000000,0.701,583
idmap_r1,cancel,1000000,0.702,583
idmap_r1,cancel,1000000,0.703,583
idmap_r1,cancel,1000000,0.704,583
idmap_r1,cancel,1000000,0.705,583
idmap_r1,cancel,1000000,0.706,583
idmap_r1,cancel,1000000,0.707,583
idmap_r1,cancel,1000000,0.708,583
idmap_r1,cancel,1000000,0.709,583
idmap_r1,cancel,1000000,0.71,583
idmap_r1,cancel,1000000,0.711,583
idmap_r1,cancel,1000000,0.712,583
idmap_r1,cancel,1000000,0.713,583
idmap_r1,cancel,1000000,0.714,583
idmap_r1,cancel,1000000,0.715,583
idmap_r1,cancel,1000000,0.716,583
idmap_r1,cancel,1000000,0.717,583
idmap_r1,cancel,1000000,0.718,583
idmap_r1,cancel,1000000,0.719,583
idmap_r1,cancel,1000000,0.72,583
idmap_r1,cancel,1000000,0.721,583
idmap_r1,cancel,1000000,0.722,583
idmap_r1,cancel,1000000,0.723,583
idmap_r1,cancel,1000000,0.724,583
idmap_r1,cancel,1000000,0.725,583
idmap_r1,cancel,1000000,0.726,583
idmap_r1,cancel,1000000,0.727,583
idmap_r1,cancel,1000000,0.728,583
idmap_r1,cancel,1000000,0.729,583
idmap_r1,cancel,1000000,0.73,583
idmap_r1,cancel,1000000,0.731,583
idmap_r1,cancel,1000000,0.732,583
idmap_r1,cancel,1000000,0.733,583
idmap_r1,cancel,1000000,0.734,583
idmap_r1,cancel,1000000,0.735,583
idmap_r1,cancel,1000000,0.736,583
idmap_r1,cancel,1000000,0.737,583
idmap_r1,cancel,1000000,0.738,584
idmap_r1,cancel,1000000,0.739,584
idmap_r1,cancel,1000000,0.74,584
idmap_r1,cancel,1000000,0.741,584
idmap_r1,cancel,1000000,0.742,584
idmap_r1,cancel,1000000,0.743,584
idmap_r1,cancel,1000000,0.744,584
idmap_r1,cancel,1000000,0.745,584
idmap_r1,cancel,1000000,0.746,584
idmap_r1,cancel,1000000,0.747,584
idmap_r1,cancel,1000000,0.748,584
idmap_r1,cancel,1000000,0.749,584
idmap_r1,cancel,1000000,0.75,584
idmap_r1,cancel,1000000,0.751,584
idmap_r1,cancel,1000000,0.752,584
idmap_r1,cancel,1000000,0.753,584
idmap_r1,cancel,1000000,0.754,584
idmap_r1,cancel,1000000,0.755,584
idmap_r1,cancel,1000000,0.756,584
idmap_r1,cancel,1000000,0.757,584
idmap_r1,cancel,1000000,0.758,584
idmap_r1,cancel,1000000,0.759,584
idmap_r1,cancel,1000000,0.76,584
idmap_r1,cancel,1000000,0.761,584
idmap_r1,cancel,1000000,0.762,584
idmap_r1,cancel,1000000,0.763,584
idmap_r1,cancel,1000000,0.764,584
idmap_r1,cancel,1000000,0.765,584
idmap_r1,cancel,1000000,0.766,584
idmap_r1,cancel,1000000,0.767,584
idmap_r1,cancel,1000000,0.768,584
idmap_r1,cancel,1000000,0.769,584
idmap_r1,cancel,1000000,0.77,625
idmap_r1,cancel,1000000,0.771,625
idmap_r1,cancel,1000000,0.772,625
idmap_r1,cancel,1000000,0.773,625
idmap_r1,cancel,1000000,0.774,625
idmap_r1,cancel,1000000,0.775,625
idmap_r1,cancel,1000000,0.776,625
idmap_r1,cancel,1000000,0.777,625
idmap_r1,cancel,1000000,0.778,625
idmap_r1,cancel,1000000,0.779,625
idmap_r1,cancel,1000000,0.78,625
idmap_r1,cancel,1000000,0.781,625
idmap_r1,cancel,1000000,0.782,625
idmap_r1,cancel,1000000,0.783,625
idmap_r1,cancel,1000000,0.784,625
idmap_r1,cancel,1000000,0.785,625
idmap_r1,cancel,1000000,0.786,625
idmap_r1,cancel,1000000,0.787,625
idmap_r1,cancel,1000000,0.788,625
idmap_r1,cancel,1000000,0.789,625
idmap_r1,cancel,1000000,0.79,625
idmap_r1,cancel,1000000,0.791,625
idmap_r1,cancel,1000000,0.792,625
idmap_r1,cancel,1000000,0.793,625
idmap_r1,cancel,1000000,0.794,625
idmap_r1,cancel,1000000,0.795,625
idmap_r1,cancel,1000000,0.796,625
idmap_r1,cancel,1000000,0.797,625
idmap_r1,cancel,1000000,0.798,625
idmap_r1,cancel,1000000,0.799,625
idmap_r1,cancel,1000000,0.8,625
idmap_r1,cancel,1000000,0.801,625
idmap_r1,cancel,1000000,0.802,625
idmap_r1,cancel,1000000,0.803,625
idmap_r1,cancel,1000000,0.804,625
idmap_r1,cancel,1000000,0.805,625
idmap_r1,cancel,1000000,0.806,625
idmap_r1,cancel,1000000,0.807,625
idmap_r1,cancel,1000000,0.808,625
idmap_r1,cancel,1000000,0.809,625
idmap_r1,cancel,1000000,0.81,625
idmap_r1,cancel,1000000,0.811,625
idmap_r1,cancel,1000000,0.812,625
idmap_r1,cancel,1000000,0.813,625
idmap_r1,cancel,1000000,0.814,625
idmap_r1,cancel,1000000,0.815,625
idmap_r1,cancel,1000000,0.816,625
idmap_r1,cancel,1000000,0.817,625
idmap_r1,cancel,1000000,0.818,625
idmap_r1,cancel,1000000,0.819,625
idmap_r1,cancel,1000000,0.82,625
idmap_r1,cancel,1000000,0.821,625
idmap_r1,cancel,1000000,0.822,625
idmap_r1,cancel,1000000,0.823,625
idmap_r1,cancel,1000000,0.824,625
idmap_r1,cancel,1000000,0.825,625
idmap_r1,cancel,1000000,0.826,625
idmap_r1,cancel,1000000,0.827,625
idmap_r1,cancel,1000000,0.828,625
idmap_r1,cancel,1000000,0.829,625
idmap_r1,cancel,1000000,0.83,625
idmap_r1,cancel,1000000,0.831,625
idmap_r1,cancel,1000000,0.832,625
idmap_r1,cancel,1000000,0.833,625
idmap_r1,cancel,1000000,0.834,666
idmap_r1,cancel,1000000,0.835,666
idmap_r1,cancel,1000000,0.836,666
idmap_r1,cancel,1000000,0.837,666
idmap_r1,cancel,1000000,0.838,666
idmap_r1,cancel,1000000,0.839,666
idmap_r1,cancel,1000000,0.84,666
idmap_r1,cancel,1000000,0.841,666
idmap_r1,cancel,1000000,0.842,666
idmap_r1,cancel,1000000,0.843,666
idmap_r1,cancel,1000000,0.844,666
idmap_r1,cancel,1000000,0.845,666
idmap_r1,cancel,1000000,0.846,666
idmap_r1,cancel,1000000,0.847,666
idmap_r1,cancel,1000000,0.848,667
idmap_r1,cancel,1000000,0.849,667
idmap_r1,cancel,1000000,0.85,667
idmap_r1,cancel,1000000,0.851,667
idmap_r1,cancel,1000000,0.852,667
idmap_r1,cancel,1000000,0.853,667
idmap_r1,cancel,1000000,0.854,667
idmap_r1,cancel,1000000,0.855,667
idmap_r1,cancel,1000000,0.856,667
idmap_r1,cancel,1000000,0.857,667
idmap_r1,cancel,1000000,0.858,667
idmap_r1,cancel,1000000,0.859,667
idmap_r1,cancel,1000000,0.86,667
idmap_r1,cancel,1000000,0.861,667
idmap_r1,cancel,1000000,0.862,667
idmap_r1,cancel,1000000,0.863,667
idmap_r1,cancel,1000000,0.864,667
idmap_r1,cancel,1000000,0.865,667
idmap_r1,cancel,1000000,0.866,667
idmap_r1,cancel,1000000,0.867,667
idmap_r1,cancel,1000000,0.868,667
idmap_r1,cancel,1000000,0.869,667
idmap_r1,cancel,1000000,0.87,667
idmap_r1,cancel,1000000,0.871,667
idmap_r1,cancel,1000000,0.872,667
idmap_r1,cancel,1000000,0.873,667
idmap_r1,cancel,1000000,0.874,667
idmap_r1,cancel,1000000,0.875,667
idmap_r1,cancel,1000000,0.876,667
idmap_r1,cancel,1000000,0.877,708
idmap_r1,cancel,1000000,0.878,708
idmap_r1,cancel,1000000,0.879,708
idmap_r1,cancel,1000000,0.88,708
idmap_r1,cancel,1000000,0.881,708
idmap_r1,cancel,1000000,0.882,708
idmap_r1,cancel,1000000,0.883,708
idmap_r1,cancel,1000000,0.884,708
idmap_r1,cancel,1000000,0.885,708
idmap_r1,cancel,1000000,0.886,708
idmap_r1,cancel,1000000,0.887,708
idmap_r1,cancel,1000000,0.888,708
idmap_r1,cancel,1000000,0.889,708
idmap_r1,cancel,1000000,0.89,708
idmap_r1,cancel,1000000,0.891,708
idmap_r1,cancel,1000000,0.892,708
idmap_r1,cancel,1000000,0.893,708
idmap_r1,cancel,1000000,0.894,708
idmap_r1,cancel,1000000,0.895,709
idmap_r1,cancel,1000000,0.896,709
idmap_r1,cancel,1000000,0.897,709
idmap_r1,cancel,1000000,0.898,709
idmap_r1,cancel,1000000,0.899,709
idmap_r1,cancel,1000000,0.9,709
idmap_r1,cancel,1000000,0.901,709
idmap_r1,cancel,1000000,0.902,709
idmap_r1,cancel,1000000,0.903,750
idmap_r1,cancel,1000000,0.904,750
idmap_r1,cancel,1000000,0.905,750
idmap_r1,cancel,1000000,0.906,750
idmap_r1,cancel,1000000,0.907,750
idmap_r1,cancel,1000000,0.908,750
idmap_r1,cancel,1000000,0.909,750
idmap_r1,cancel,1000000,0.91,750
idmap_r1,cancel,1000000,0.911,750
idmap_r1,cancel,1000000,0.912,750
idmap_r1,cancel,1000000,0.913,750
idmap_r1,cancel,1000000,0.914,750
idmap_r1,cancel,1000000,0.915,750
idmap_r1,cancel,1000000,0.916,750
idmap_r1,cancel,1000000,0.917,750
idmap_r1,cancel,1000000,0.918,750
idmap_r1,cancel,1000000,0.919,750
idmap_r1,cancel,1000000,0.92,750
idmap_r1,cancel,1000000,0.921,750
idmap_r1,cancel,1000000,0.922,791
idmap_r1,cancel,1000000,0.923,791
idmap_r1,cancel,1000000,0.924,791
idmap_r1,cancel,1000000,0.925,791
idmap_r1,cancel,1000000,0.926,792
idmap_r1,cancel,1000000,0.927,792
idmap_r1,cancel,1000000,0.928,792
idmap_r1,cancel,1000000,0.929,792
idmap_r1,cancel,1000000,0.93,792
idmap_r1,cancel,1000000,0.931,792
idmap_r1,cancel,1000000,0.932,792
idmap_r1,cancel,1000000,0.933,792
idmap_r1,cancel,1000000,0.934,792
idmap_r1,cancel,1000000,0.935,833
idmap_r1,cancel,1000000,0.936,833
idmap_r1,cancel,1000000,0.937,833
idmap_r1,cancel,1000000,0.938,833
idmap_r1,cancel,1000000,0.939,833
idmap_r1,cancel,1000000,0.94,833
idmap_r1,cancel,1000000,0.941,834
idmap_r1,cancel,1000000,0.942,834
idmap_r1,cancel,1000000,0.943,875
idmap_r1,cancel,1000000,0.944,875
idmap_r1,cancel,1000000,0.945,875
idmap_r1,cancel,1000000,0.946,875
idmap_r1,cancel,1000000,0.947,875
idmap_r1,cancel,1000000,0.948,875
idmap_r1,cancel,1000000,0.949,916
idmap_r1,cancel,1000000,0.95,916
idmap_r1,cancel,1000000,0.951,917
idmap_r1,cancel,1000000,0.952,917
idmap_r1,cancel,1000000,0.953,917
idmap_r1,cancel,1000000,0.954,958
idmap_r1,cancel,1000000,0.955,958
idmap_r1,cancel,1000000,0.956,959
idmap_r1,cancel,1000000,0.957,1000
idmap_r1,cancel,1000000,0.958,1000
idmap_r1,cancel,1000000,0.959,1000
idmap_r1,cancel,1000000,0.96,1041
idmap_r1,cancel,1000000,0.961,1042
idmap_r1,cancel,1000000,0.962,1042
idmap_r1,cancel,1000000,0.963,1042
idmap_r1,cancel,1000000,0.964,1083
idmap_r1,cancel,1000000,0.965,1083
idmap_r1,cancel,1000000,0.966,1084
idmap_r1,cancel,1000000,0.967,1125
idmap_r1,cancel,1000000,0.968,1125
idmap_r1,cancel,1000000,0.969,1125
idmap_r1,cancel,1000000,0.97,1125
idmap_r1,cancel,1000000,0.971,1166
idmap_r1,cancel,1000000,0.972,1167
idmap_r1,cancel,1000000,0.973,1167
idmap_r1,cancel,1000000,0.974,1208
idmap_r1,cancel,1000000,0.975,1208
idmap_r1,cancel,1000000,0.976,1208
idmap_r1,cancel,1000000,0.977,1209
idmap_r1,cancel,1000000,0.978,1250
idmap_r1,cancel,1000000,0.979,1250
idmap_r1,cancel,1000000,0.98,1250
idmap_r1,cancel,1000000,0.981,1291
idmap_r1,cancel,1000000,0.982,1292
idmap_r1,cancel,1000000,0.983,1292
idmap_r1,cancel,1000000,0.984,1333
idmap_r1,cancel,1000000,0.985,1333
idmap_r1,cancel,1000000,0.986,1334
idmap_r1,cancel,1000000,0.987,1375
idmap_r1,cancel,1000000,0.988,1375
idmap_r1,cancel,1000000,0.989,1417
idmap_r1,cancel,1000000,0.99,1458
idmap_r1,cancel,1000000,0.991,1459
idmap_r1,cancel,1000000,0.992,1500
idmap_r1,cancel,1000000,0.993,1542
idmap_r1,cancel,1000000,0.994,1625
idmap_r1,cancel,1000000,0.995,1709
idmap_r1,cancel,1000000,0.996,1875
idmap_r1,cancel,1000000,0.997,2375
idmap_r1,cancel,1000000,0.998,9459
idmap_r1,cancel,1000000,0.999,53167
idmap_r1,match,1000000,0,41
idmap_r1,match,1000000,0.001,42
idmap_r1,match,1000000,0.002,42
idmap_r1,match,1000000,0.003,83
idmap_r1,match,1000000,0.004,83
idmap_r1,match,1000000,0.005,83
idmap_r1,match,1000000,0.006,83
idmap_r1,match,1000000,0.007,83
idmap_r1,match,1000000,0.008,83
idmap_r1,match,1000000,0.009,83
idmap_r1,match,1000000,0.01,84
idmap_r1,match,1000000,0.011,84
idmap_r1,match,1000000,0.012,84
idmap_r1,match,1000000,0.013,84
idmap_r1,match,1000000,0.014,125
idmap_r1,match,1000000,0.015,125
idmap_r1,match,1000000,0.016,125
idmap_r1,match,1000000,0.017,125
idmap_r1,match,1000000,0.018,125
idmap_r1,match,1000000,0.019,125
idmap_r1,match,1000000,0.02,125
idmap_r1,match,1000000,0.021,125
idmap_r1,match,1000000,0.022,125
idmap_r1,match,1000000,0.023,125
idmap_r1,match,1000000,0.024,125
idmap_r1,match,1000000,0.025,125
idmap_r1,match,1000000,0.026,125
idmap_r1,match,1000000,0.027,125
idmap_r1,match,1000000,0.028,125
idmap_r1,match,1000000,0.029,125
idmap_r1,match,1000000,0.03,125
idmap_r1,match,1000000,0.031,125
idmap_r1,match,1000000,0.032,125
idmap_r1,match,1000000,0.033,125
idmap_r1,match,1000000,0.034,125
idmap_r1,match,1000000,0.035,125
idmap_r1,match,1000000,0.036,125
idmap_r1,match,1000000,0.037,125
idmap_r1,match,1000000,0.038,166
idmap_r1,match,1000000,0.039,166
idmap_r1,match,1000000,0.04,166
idmap_r1,match,1000000,0.041,166
idmap_r1,match,1000000,0.042,166
idmap_r1,match,1000000,0.043,166
idmap_r1,match,1000000,0.044,166
idmap_r1,match,1000000,0.045,166
idmap_r1,match,1000000,0.046,166
idmap_r1,match,1000000,0.047,166
idmap_r1,match,1000000,0.048,166
idmap_r1,match,1000000,0.049,166
idmap_r1,match,1000000,0.05,166
idmap_r1,match,1000000,0.051,166
idmap_r1,match,1000000,0.052,166
idmap_r1,match,1000000,0.053,166
idmap_r1,match,1000000,0.054,166
idmap_r1,match,1000000,0.055,166
idmap_r1,match,1000000,0.056,166
idmap_r1,match,1000000,0.057,166
idmap_r1,match,1000000,0.058,166
idmap_r1,match,1000000,0.059,166
idmap_r1,match,1000000,0.06,166
idmap_r1,match,1000000,0.061,166
idmap_r1,match,1000000,0.062,166
idmap_r1,match,1000000,0.063,166
idmap_r1,match,1000000,0.064,166
idmap_r1,match,1000000,0.065,166
idmap_r1,match,1000000,0.066,166
idmap_r1,match,1000000,0.067,166
idmap_r1,match,1000000,0.068,166
idmap_r1,match,1000000,0.069,166
idmap_r1,match,1000000,0.07,166
idmap_r1,match,1000000,0.071,166
idmap_r1,match,1000000,0.072,166
idmap_r1,match,1000000,0.073,166
idmap_r1,match,1000000,0.074,166
idmap_r1,match,1000000,0.075,166
idmap_r1,match,1000000,0.076,166
idmap_r1,match,1000000,0.077,166
idmap_r1,match,1000000,0.078,166
idmap_r1,match,1000000,0.079,166
idmap_r1,match,1000000,0.08,166
idmap_r1,match,1000000,0.081,166
idmap_r1,match,1000000,0.082,166
idmap_r1,match,1000000,0.083,166
idmap_r1,match,1000000,0.084,166
idmap_r1,match,1000000,0.085,166
idmap_r1,match,1000000,0.086,166
idmap_r1,match,1000000,0.087,166
idmap_r1,match,1000000,0.088,166
idmap_r1,match,1000000,0.089,167
idmap_r1,match,1000000,0.09,167
idmap_r1,match,1000000,0.091,167
idmap_r1,match,1000000,0.092,167
idmap_r1,match,1000000,0.093,167
idmap_r1,match,1000000,0.094,167
idmap_r1,match,1000000,0.095,167
idmap_r1,match,1000000,0.096,167
idmap_r1,match,1000000,0.097,167
idmap_r1,match,1000000,0.098,167
idmap_r1,match,1000000,0.099,167
idmap_r1,match,1000000,0.1,167
idmap_r1,match,1000000,0.101,167
idmap_r1,match,1000000,0.102,167
idmap_r1,match,1000000,0.103,167
idmap_r1,match,1000000,0.104,167
idmap_r1,match,1000000,0.105,167
idmap_r1,match,1000000,0.106,167
idmap_r1,match,1000000,0.107,167
idmap_r1,match,1000000,0.108,167
idmap_r1,match,1000000,0.109,167
idmap_r1,match,1000000,0.11,167
idmap_r1,match,1000000,0.111,167
idmap_r1,match,1000000,0.112,167
idmap_r1,match,1000000,0.113,167
idmap_r1,match,1000000,0.114,167
idmap_r1,match,1000000,0.115,167
idmap_r1,match,1000000,0.116,167
idmap_r1,match,1000000,0.117,167
idmap_r1,match,1000000,0.118,167
idmap_r1,match,1000000,0.119,167
idmap_r1,match,1000000,0.12,167
idmap_r1,match,1000000,0.121,167
idmap_r1,match,1000000,0.122,167
idmap_r1,match,1000000,0.123,167
idmap_r1,match,1000000,0.124,167
idmap_r1,match,1000000,0.125,167
idmap_r1,match,1000000,0.126,167
idmap_r1,match,1000000,0.127,167
idmap_r1,match,1000000,0.128,167
idmap_r1,match,1000000,0.129,167
idmap_r1,match,1000000,0.13,167
idmap_r1,match,1000000,0.131,167
idmap_r1,match,1000000,0.132,167
idmap_r1,match,1000000,0.133,167
idmap_r1,match,1000000,0.134,167
idmap_r1,match,1000000,0.135,167
idmap_r1,match,1000000,0.136,167
idmap_r1,match,1000000,0.137,167
idmap_r1,match,1000000,0.138,167
idmap_r1,match,1000000,0.139,167
idmap_r1,match,1000000,0.14,167
idmap_r1,match,1000000,0.141,167
idmap_r1,match,1000000,0.142,167
idmap_r1,match,1000000,0.143,167
idmap_r1,match,1000000,0.144,167
idmap_r1,match,1000000,0.145,167
idmap_r1,match,1000000,0.146,167
idmap_r1,match,1000000,0.147,167
idmap_r1,match,1000000,0.148,167
idmap_r1,match,1000000,0.149,167
idmap_r1,match,1000000,0.15,167
idmap_r1,match,1000000,0.151,167
idmap_r1,match,1000000,0.152,167
idmap_r1,match,1000000,0.153,167
idmap_r1,match,1000000,0.154,167
idmap_r1,match,1000000,0.155,167
idmap_r1,match,1000000,0.156,167
idmap_r1,match,1000000,0.157,167
idmap_r1,match,1000000,0.158,167
idmap_r1,match,1000000,0.159,167
idmap_r1,match,1000000,0.16,167
idmap_r1,match,1000000,0.161,167
idmap_r1,match,1000000,0.162,167
idmap_r1,match,1000000,0.163,167
idmap_r1,match,1000000,0.164,167
idmap_r1,match,1000000,0.165,167
idmap_r1,match,1000000,0.166,167
idmap_r1,match,1000000,0.167,167
idmap_r1,match,1000000,0.168,167
idmap_r1,match,1000000,0.169,167
idmap_r1,match,1000000,0.17,167
idmap_r1,match,1000000,0.171,167
idmap_r1,match,1000000,0.172,167
idmap_r1,match,1000000,0.173,167
idmap_r1,match,1000000,0.174,167
idmap_r1,match,1000000,0.175,167
idmap_r1,match,1000000,0.176,167
idmap_r1,match,1000000,0.177,167
idmap_r1,match,1000000,0.178,167
idmap_r1,match,1000000,0.179,167
idmap_r1,match,1000000,0.18,167
idmap_r1,match,1000000,0.181,167
idmap_r1,match,1000000,0.182,167
idmap_r1,match,1000000,0.183,167
idmap_r1,match,1000000,0.184,167
idmap_r1,match,1000000,0.185,167
idmap_r1,match,1000000,0.186,167
idmap_r1,match,1000000,0.187,167
idmap_r1,match,1000000,0.188,167
idmap_r1,match,1000000,0.189,167
idmap_r1,match,1000000,0.19,167
idmap_r1,match,1000000,0.191,167
idmap_r1,match,1000000,0.192,167
idmap_r1,match,1000000,0.193,167
idmap_r1,match,1000000,0.194,208
idmap_r1,match,1000000,0.195,208
idmap_r1,match,1000000,0.196,208
idmap_r1,match,1000000,0.197,208
idmap_r1,match,1000000,0.198,208
idmap_r1,match,1000000,0.199,208
idmap_r1,match,1000000,0.2,208
idmap_r1,match,1000000,0.201,208
idmap_r1,match,1000000,0.202,208
idmap_r1,match,1000000,0.203,208
idmap_r1,match,1000000,0.204,208
idmap_r1,match,1000000,0.205,208
idmap_r1,match,1000000,0.206,208
idmap_r1,match,1000000,0.207,208
idmap_r1,match,1000000,0.208,208
idmap_r1,match,1000000,0.209,208
idmap_r1,match,1000000,0.21,208
idmap_r1,match,1000000,0.211,208
idmap_r1,match,1000000,0.212,208
idmap_r1,match,1000000,0.213,208
idmap_r1,match,1000000,0.214,208
idmap_r1,match,1000000,0.215,208
idmap_r1,match,1000000,0.216,208
idmap_r1,match,1000000,0.217,208
idmap_r1,match,1000000,0.218,208
idmap_r1,match,1000000,0.219,208
idmap_r1,match,1000000,0.22,208
idmap_r1,match,1000000,0.221,208
idmap_r1,match,1000000,0.222,208
idmap_r1,match,1000000,0.223,208
idmap_r1,match,1000000,0.224,208
idmap_r1,match,1000000,0.225,208
idmap_r1,match,1000000,0.226,208
idmap_r1,match,1000000,0.227,208
idmap_r1,match,1000000,0.228,208
idmap_r1,match,1000000,0.229,208
idmap_r1,match,1000000,0.23,208
idmap_r1,match,1000000,0.231,208
idmap_r1,match,1000000,0.232,208
idmap_r1,match,1000000,0.233,208
idmap_r1,match,1000000,0.234,208
idmap_r1,match,1000000,0.235,208
idmap_r1,match,1000000,0.236,208
idmap_r1,match,1000000,0.237,208
idmap_r1,match,1000000,0.238,208
idmap_r1,match,1000000,0.239,208
idmap_r1,match,1000000,0.24,208
idmap_r1,match,1000000,0.241,208
idmap_r1,match,1000000,0.242,208
idmap_r1,match,1000000,0.243,208
idmap_r1,match,1000000,0.244,208
idmap_r1,match,1000000,0.245,208
idmap_r1,match,1000000,0.246,208
idmap_r1,match,1000000,0.247,208
idmap_r1,match,1000000,0.248,208
idmap_r1,match,1000000,0.249,208
idmap_r1,match,1000000,0.25,208
idmap_r1,match,1000000,0.251,208
idmap_r1,match,1000000,0.252,208
idmap_r1,match,1000000,0.253,208
idmap_r1,match,1000000,0.254,208
idmap_r1,match,1000000,0.255,208
idmap_r1,match,1000000,0.256,208
idmap_r1,match,1000000,0.257,208
idmap_r1,match,1000000,0.258,208
idmap_r1,match,1000000,0.259,208
idmap_r1,match,1000000,0.26,208
idmap_r1,match,1000000,0.261,208
idmap_r1,match,1000000,0.262,208
idmap_r1,match,1000000,0.263,208
idmap_r1,match,1000000,0.264,208
idmap_r1,match,1000000,0.265,208
idmap_r1,match,1000000,0.266,208
idmap_r1,match,1000000,0.267,208
idmap_r1,match,1000000,0.268,208
idmap_r1,match,1000000,0.269,208
idmap_r1,match,1000000,0.27,208
idmap_r1,match,1000000,0.271,208
idmap_r1,match,1000000,0.272,208
idmap_r1,match,1000000,0.273,208
idmap_r1,match,1000000,0.274,208
idmap_r1,match,1000000,0.275,208
idmap_r1,match,1000000,0.276,208
idmap_r1,match,1000000,0.277,208
idmap_r1,match,1000000,0.278,208
idmap_r1,match,1000000,0.279,208
idmap_r1,match,1000000,0.28,208
idmap_r1,match,1000000,0.281,208
idmap_r1,match,1000000,0.282,208
idmap_r1,match,1000000,0.283,208
idmap_r1,match,1000000,0.284,208
idmap_r1,match,1000000,0.285,208
idmap_r1,match,1000000,0.286,208
idmap_r1,match,1000000,0.287,208
idmap_r1,match,1000000,0.288,208
idmap_r1,match,1000000,0.289,208
idmap_r1,match,1000000,0.29,208
idmap_r1,match,1000000,0.291,208
idmap_r1,match,1000000,0.292,208
idmap_r1,match,1000000,0.293,208
idmap_r1,match,1000000,0.294,208
idmap_r1,match,1000000,0.295,208
idmap_r1,match,1000000,0.296,208
idmap_r1,match,1000000,0.297,208
idmap_r1,match,1000000,0.298,208
idmap_r1,match,1000000,0.299,208
idmap_r1,match,1000000,0.3,208
idmap_r1,match,1000000,0.301,208
idmap_r1,match,1000000,0.302,208
idmap_r1,match,1000000,0.303,208
idmap_r1,match,1000000,0.304,208
idmap_r1,match,1000000,0.305,208
idmap_r1,match,1000000,0.306,208
idmap_r1,match,1000000,0.307,208
idmap_r1,match,1000000,0.308,208
idmap_r1,match,1000000,0.309,208
idmap_r1,match,1000000,0.31,208
idmap_r1,match,1000000,0.311,208
idmap_r1,match,1000000,0.312,208
idmap_r1,match,1000000,0.313,208
idmap_r1,match,1000000,0.314,208
idmap_r1,match,1000000,0.315,208
idmap_r1,match,1000000,0.316,208
idmap_r1,match,1000000,0.317,208
idmap_r1,match,1000000,0.318,208
idmap_r1,match,1000000,0.319,208
idmap_r1,match,1000000,0.32,208
idmap_r1,match,1000000,0.321,208
idmap_r1,match,1000000,0.322,208
idmap_r1,match,1000000,0.323,208
idmap_r1,match,1000000,0.324,208
idmap_r1,match,1000000,0.325,208
idmap_r1,match,1000000,0.326,208
idmap_r1,match,1000000,0.327,208
idmap_r1,match,1000000,0.328,208
idmap_r1,match,1000000,0.329,208
idmap_r1,match,1000000,0.33,208
idmap_r1,match,1000000,0.331,208
idmap_r1,match,1000000,0.332,208
idmap_r1,match,1000000,0.333,209
idmap_r1,match,1000000,0.334,209
idmap_r1,match,1000000,0.335,209
idmap_r1,match,1000000,0.336,209
idmap_r1,match,1000000,0.337,209
idmap_r1,match,1000000,0.338,209
idmap_r1,match,1000000,0.339,209
idmap_r1,match,1000000,0.34,209
idmap_r1,match,1000000,0.341,209
idmap_r1,match,1000000,0.342,209
idmap_r1,match,1000000,0.343,209
idmap_r1,match,1000000,0.344,209
idmap_r1,match,1000000,0.345,209
idmap_r1,match,1000000,0.346,209
idmap_r1,match,1000000,0.347,209
idmap_r1,match,1000000,0.348,209
idmap_r1,match,1000000,0.349,209
idmap_r1,match,1000000,0.35,209
idmap_r1,match,1000000,0.351,209
idmap_r1,match,1000000,0.352,209
idmap_r1,match,1000000,0.353,209
idmap_r1,match,1000000,0.354,209
idmap_r1,match,1000000,0.355,209
idmap_r1,match,1000000,0.356,209
idmap_r1,match,1000000,0.357,209
idmap_r1,match,1000000,0.358,209
idmap_r1,match,1000000,0.359,209
idmap_r1,match,1000000,0.36,209
idmap_r1,match,1000000,0.361,209
idmap_r1,match,1000000,0.362,209
idmap_r1,match,1000000,0.363,209
idmap_r1,match,1000000,0.364,209
idmap_r1,match,1000000,0.365,209
idmap_r1,match,1000000,0.366,209
idmap_r1,match,1000000,0.367,209
idmap_r1,match,1000000,0.368,209
idmap_r1,match,1000000,0.369,209
idmap_r1,match,1000000,0.37,209
idmap_r1,match,1000000,0.371,209
idmap_r1,match,1000000,0.372,209
idmap_r1,match,1000000,0.373,209
idmap_r1,match,1000000,0.374,209
idmap_r1,match,1000000,0.375,209
idmap_r1,match,1000000,0.376,209
idmap_r1,match,1000000,0.377,209
idmap_r1,match,1000000,0.378,209
idmap_r1,match,1000000,0.379,209
idmap_r1,match,1000000,0.38,209
idmap_r1,match,1000000,0.381,209
idmap_r1,match,1000000,0.382,209
idmap_r1,match,1000000,0.383,209
idmap_r1,match,1000000,0.384,209
idmap_r1,match,1000000,0.385,209
idmap_r1,match,1000000,0.386,209
idmap_r1,match,1000000,0.387,209
idmap_r1,match,1000000,0.388,209
idmap_r1,match,1000000,0.389,209
idmap_r1,match,1000000,0.39,209
idmap_r1,match,1000000,0.391,209
idmap_r1,match,1000000,0.392,209
idmap_r1,match,1000000,0.393,209
idmap_r1,match,1000000,0.394,209
idmap_r1,match,1000000,0.395,209
idmap_r1,match,1000000,0.396,209
idmap_r1,match,1000000,0.397,209
idmap_r1,match,1000000,0.398,209
idmap_r1,match,1000000,0.399,209
idmap_r1,match,1000000,0.4,209
idmap_r1,match,1000000,0.401,209
idmap_r1,match,1000000,0.402,209
idmap_r1,match,1000000,0.403,250
idmap_r1,match,1000000,0.404,250
idmap_r1,match,1000000,0.405,250
idmap_r1,match,1000000,0.406,250
idmap_r1,match,1000000,0.407,250
idmap_r1,match,1000000,0.408,250
idmap_r1,match,1000000,0.409,250
idmap_r1,match,1000000,0.41,250
idmap_r1,match,1000000,0.411,250
idmap_r1,match,1000000,0.412,250
idmap_r1,match,1000000,0.413,250
idmap_r1,match,1000000,0.414,250
idmap_r1,match,1000000,0.415,250
idmap_r1,match,1000000,0.416,250
idmap_r1,match,1000000,0.417,250
idmap_r1,match,1000000,0.418,250
idmap_r1,match,1000000,0.419,250
idmap_r1,match,1000000,0.42,250
idmap_r1,match,1000000,0.421,250
idmap_r1,match,1000000,0.422,250
idmap_r1,match,1000000,0.423,250
idmap_r1,match,1000000,0.424,250
idmap_r1,match,1000000,0.425,250
idmap_r1,match,1000000,0.426,250
idmap_r1,match,1000000,0.427,250
idmap_r1,match,1000000,0.428,250
idmap_r1,match,1000000,0.429,250
idmap_r1,match,1000000,0.43,250
idmap_r1,match,1000000,0.431,250
idmap_r1,match,1000000,0.432,250
idmap_r1,match,1000000,0.433,250
idmap_r1,match,1000000,0.434,250
idmap_r1,match,1000000,0.435,250
idmap_r1,match,1000000,0.436,250
idmap_r1,match,1000000,0.437,250
idmap_r1,match,1000000,0.438,250
idmap_r1,match,1000000,0.439,250
idmap_r1,match,1000000,0.44,250
idmap_r1,match,1000000,0.441,250
idmap_r1,match,1000000,0.442,250
idmap_r1,match,1000000,0.443,250
idmap_r1,match,1000000,0.444,250
idmap_r1,match,1000000,0.445,250
idmap_r1,match,1000000,0.446,250
idmap_r1,match,1000000,0.447,250
idmap_r1,match,1000000,0.448,250
idmap_r1,match,1000000,0.449,250
idmap_r1,match,1000000,0.45,250
idmap_r1,match,1000000,0.451,250
idmap_r1,match,1000000,0.452,250
idmap_r1,match,1000000,0.453,250
idmap_r1,match,1000000,0.454,250
idmap_r1,match,1000000,0.455,250
idmap_r1,match,1000000,0.456,250
idmap_r1,match,1000000,0.457,250
idmap_r1,match,1000000,0.458,250
idmap_r1,match,1000000,0.459,250
idmap_r1,match,1000000,0.46,250
idmap_r1,match,1000000,0.461,250
idmap_r1,match,1000000,0.462,250
idmap_r1,match,1000000,0.463,250
idmap_r1,match,1000000,0.464,250
idmap_r1,match,1000000,0.465,250
idmap_r1,match,1000000,0.466,250
idmap_r1,match,1000000,0.467,250
idmap_r1,match,1000000,0.468,250
idmap_r1,match,1000000,0.469,250
idmap_r1,match,1000000,0.47,250
idmap_r1,match,1000000,0.471,250
idmap_r1,match,1000000,0.472,250
idmap_r1,match,1000000,0.473,250
idmap_r1,match,1000000,0.474,250
idmap_r1,match,1000000,0.475,250
idmap_r1,match,1000000,0.476,250
idmap_r1,match,1000000,0.477,250
idmap_r1,match,1000000,0.478,250
idmap_r1,match,1000000,0.479,250
idmap_r1,match,1000000,0.48,250
idmap_r1,match,1000000,0.481,250
idmap_r1,match,1000000,0.482,250
idmap_r1,match,1000000,0.483,250
idmap_r1,match,1000000,0.484,250
idmap_r1,match,1000000,0.485,250
idmap_r1,match,1000000,0.486,250
idmap_r1,match,1000000,0.487,250
idmap_r1,match,1000000,0.488,250
idmap_r1,match,1000000,0.489,250
idmap_r1,match,1000000,0.49,250
idmap_r1,match,1000000,0.491,250
idmap_r1,match,1000000,0.492,250
idmap_r1,match,1000000,0.493,250
idmap_r1,match,1000000,0.494,250
idmap_r1,match,1000000,0.495,250
idmap_r1,match,1000000,0.496,250
idmap_r1,match,1000000,0.497,250
idmap_r1,match,1000000,0.498,250
idmap_r1,match,1000000,0.499,250
idmap_r1,match,1000000,0.5,250
idmap_r1,match,1000000,0.501,250
idmap_r1,match,1000000,0.502,250
idmap_r1,match,1000000,0.503,250
idmap_r1,match,1000000,0.504,250
idmap_r1,match,1000000,0.505,250
idmap_r1,match,1000000,0.506,250
idmap_r1,match,1000000,0.507,250
idmap_r1,match,1000000,0.508,250
idmap_r1,match,1000000,0.509,250
idmap_r1,match,1000000,0.51,250
idmap_r1,match,1000000,0.511,250
idmap_r1,match,1000000,0.512,250
idmap_r1,match,1000000,0.513,250
idmap_r1,match,1000000,0.514,250
idmap_r1,match,1000000,0.515,250
idmap_r1,match,1000000,0.516,250
idmap_r1,match,1000000,0.517,250
idmap_r1,match,1000000,0.518,250
idmap_r1,match,1000000,0.519,250
idmap_r1,match,1000000,0.52,250
idmap_r1,match,1000000,0.521,250
idmap_r1,match,1000000,0.522,250
idmap_r1,match,1000000,0.523,250
idmap_r1,match,1000000,0.524,250
idmap_r1,match,1000000,0.525,250
idmap_r1,match,1000000,0.526,250
idmap_r1,match,1000000,0.527,250
idmap_r1,match,1000000,0.528,250
idmap_r1,match,1000000,0.529,250
idmap_r1,match,1000000,0.53,250
idmap_r1,match,1000000,0.531,250
idmap_r1,match,1000000,0.532,250
idmap_r1,match,1000000,0.533,250
idmap_r1,match,1000000,0.534,250
idmap_r1,match,1000000,0.535,250
idmap_r1,match,1000000,0.536,250
idmap_r1,match,1000000,0.537,250
idmap_r1,match,1000000,0.538,250
idmap_r1,match,1000000,0.539,250
idmap_r1,match,1000000,0.54,250
idmap_r1,match,1000000,0.541,250
idmap_r1,match,1000000,0.542,250
idmap_r1,match,1000000,0.543,250
idmap_r1,match,1000000,0.544,250
idmap_r1,match,1000000,0.545,250
idmap_r1,match,1000000,0.546,250
idmap_r1,match,1000000,0.547,250
idmap_r1,match,1000000,0.548,291
idmap_r1,match,1000000,0.549,291
idmap_r1,match,1000000,0.55,291
idmap_r1,match,1000000,0.551,291
idmap_r1,match,1000000,0.552,291
idmap_r1,match,1000000,0.553,291
idmap_r1,match,1000000,0.554,291
idmap_r1,match,1000000,0.555,291
idmap_r1,match,1000000,0.556,291
idmap_r1,match,1000000,0.557,291
idmap_r1,match,1000000,0.558,291
idmap_r1,match,1000000,0.559,291
idmap_r1,match,1000000,0.56,291
idmap_r1,match,1000000,0.561,291
idmap_r1,match,1000000,0.562,291
idmap_r1,match,1000000,0.563,291
idmap_r1,match,1000000,0.564,291
idmap_r1,match,1000000,0.565,291
idmap_r1,match,1000000,0.566,291
idmap_r1,match,1000000,0.567,291
idmap_r1,match,1000000,0.568,291
idmap_r1,match,1000000,0.569,291
idmap_r1,match,1000000,0.57,291
idmap_r1,match,1000000,0.571,291
idmap_r1,match,1000000,0.572,291
idmap_r1,match,1000000,0.573,291
idmap_r1,match,1000000,0.574,291
idmap_r1,match,1000000,0.575,291
idmap_r1,match,1000000,0.576,291
idmap_r1,match,1000000,0.577,291
idmap_r1,match,1000000,0.578,292
idmap_r1,match,1000000,0.579,292
idmap_r1,match,1000000,0.58,292
idmap_r1,match,1000000,0.581,292
idmap_r1,match,1000000,0.582,292
idmap_r1,match,1000000,0.583,292
idmap_r1,match,1000000,0.584,292
idmap_r1,match,1000000,0.585,292
idmap_r1,match,1000000,0.586,292
idmap_r1,match,1000000,0.587,292
idmap_r1,match,1000000,0.588,292
idmap_r1,match,1000000,0.589,292
idmap_r1,match,1000000,0.59,292
idmap_r1,match,1000000,0.591,292
idmap_r1,match,1000000,0.592,292
idmap_r1,match,1000000,0.593,292
idmap_r1,match,1000000,0.594,292
idmap_r1,match,1000000,0.595,292
idmap_r1,match,1000000,0.596,292
idmap_r1,match,1000000,0.597,292
idmap_r1,match,1000000,0.598,292
idmap_r1,match,1000000,0.599,292
idmap_r1,match,1000000,0.6,292
idmap_r1,match,1000000,0.601,292
idmap_r1,match,1000000,0.602,292
idmap_r1,match,1000000,0.603,292
idmap_r1,match,1000000,0.604,292
idmap_r1,match,1000000,0.605,292
idmap_r1,match,1000000,0.606,292
idmap_r1,match,1000000,0.607,292
idmap_r1,match,1000000,0.608,292
idmap_r1,match,1000000,0.609,292
idmap_r1,match,1000000,0.61,292
idmap_r1,match,1000000,0.611,292
idmap_r1,match,1000000,0.612,292
idmap_r1,match,1000000,0.613,292
idmap_r1,match,1000000,0.614,292
idmap_r1,match,1000000,0.615,292
idmap_r1,match,1000000,0.616,292
idmap_r1,match,1000000,0.617,292
idmap_r1,match,1000000,0.618,292
idmap_r1,match,1000000,0.619,292
idmap_r1,match,1000000,0.62,292
idmap_r1,match,1000000,0.621,292
idmap_r1,match,1000000,0.622,292
idmap_r1,match,1000000,0.623,292
idmap_r1,match,1000000,0.624,292
idmap_r1,match,1000000,0.625,292
idmap_r1,match,1000000,0.626,292
idmap_r1,match,1000000,0.627,292
idmap_r1,match,1000000,0.628,292
idmap_r1,match,1000000,0.629,292
idmap_r1,match,1000000,0.63,292
idmap_r1,match,1000000,0.631,292
idmap_r1,match,1000000,0.632,292
idmap_r1,match,1000000,0.633,292
idmap_r1,match,1000000,0.634,292
idmap_r1,match,1000000,0.635,333
idmap_r1,match,1000000,0.636,333
idmap_r1,match,1000000,0.637,333
idmap_r1,match,1000000,0.638,333
idmap_r1,match,1000000,0.639,333
idmap_r1,match,1000000,0.64,333
idmap_r1,match,1000000,0.641,333
idmap_r1,match,1000000,0.642,333
idmap_r1,match,1000000,0.643,333
idmap_r1,match,1000000,0.644,333
idmap_r1,match,1000000,0.645,333
idmap_r1,match,1000000,0.646,333
idmap_r1,match,1000000,0.647,333
idmap_r1,match,1000000,0.648,333
idmap_r1,match,1000000,0.649,333
idmap_r1,match,1000000,0.65,333
idmap_r1,match,1000000,0.651,333
idmap_r1,match,1000000,0.652,333
idmap_r1,match,1000000,0.653,333
idmap_r1,match,1000000,0.654,333
idmap_r1,match,1000000,0.655,333
idmap_r1,match,1000000,0.656,333
idmap_r1,match,1000000,0.657,333
idmap_r1,match,1000000,0.658,333
idmap_r1,match,1000000,0.659,333
idmap_r1,match,1000000,0.66,333
idmap_r1,match,1000000,0.661,333
idmap_r1,match,1000000,0.662,333
idmap_r1,match,1000000,0.663,333
idmap_r1,match,1000000,0.664,333
idmap_r1,match,1000000,0.665,333
idmap_r1,match,1000000,0.666,333
idmap_r1,match,1000000,0.667,333
idmap_r1,match,1000000,0.668,333
idmap_r1,match,1000000,0.669,333
idmap_r1,match,1000000,0.67,333
idmap_r1,match,1000000,0.671,333
idmap_r1,match,1000000,0.672,333
idmap_r1,match,1000000,0.673,333
idmap_r1,match,1000000,0.674,333
idmap_r1,match,1000000,0.675,333
idmap_r1,match,1000000,0.676,333
idmap_r1,match,1000000,0.677,333
idmap_r1,match,1000000,0.678,333
idmap_r1,match,1000000,0.679,333
idmap_r1,match,1000000,0.68,333
idmap_r1,match,1000000,0.681,333
idmap_r1,match,1000000,0.682,333
idmap_r1,match,1000000,0.683,333
idmap_r1,match,1000000,0.684,333
idmap_r1,match,1000000,0.685,333
idmap_r1,match,1000000,0.686,333
idmap_r1,match,1000000,0.687,333
idmap_r1,match,1000000,0.688,333
idmap_r1,match,1000000,0.689,333
idmap_r1,match,1000000,0.69,333
idmap_r1,match,1000000,0.691,333
idmap_r1,match,1000000,0.692,333
idmap_r1,match,1000000,0.693,333
idmap_r1,match,1000000,0.694,333
idmap_r1,match,1000000,0.695,333
idmap_r1,match,1000000,0.696,333
idmap_r1,match,1000000,0.697,333
idmap_r1,match,1000000,0.698,333
idmap_r1,match,1000000,0.699,333
idmap_r1,match,1000000,0.7,333
idmap_r1,match,1000000,0.701,333
idmap_r1,match,1000000,0.702,333
idmap_r1,match,1000000,0.703,333
idmap_r1,match,1000000,0.704,333
idmap_r1,match,1000000,0.705,333
idmap_r1,match,1000000,0.706,333
idmap_r1,match,1000000,0.707,333
idmap_r1,match,1000000,0.708,333
idmap_r1,match,1000000,0.709,333
idmap_r1,match,1000000,0.71,333
idmap_r1,match,1000000,0.711,333
idmap_r1,match,1000000,0.712,333
idmap_r1,match,1000000,0.713,334
idmap_r1,match,1000000,0.714,334
idmap_r1,match,1000000,0.715,334
idmap_r1,match,1000000,0.716,334
idmap_r1,match,1000000,0.717,334
idmap_r1,match,1000000,0.718,334
idmap_r1,match,1000000,0.719,334
idmap_r1,match,1000000,0.72,334
idmap_r1,match,1000000,0.721,334
idmap_r1,match,1000000,0.722,334
idmap_r1,match,1000000,0.723,334
idmap_r1,match,1000000,0.724,334
idmap_r1,match,1000000,0.725,334
idmap_r1,match,1000000,0.726,334
idmap_r1,match,1000000,0.727,334
idmap_r1,match,1000000,0.728,334
idmap_r1,match,1000000,0.729,334
idmap_r1,match,1000000,0.73,334
idmap_r1,match,1000000,0.731,334
idmap_r1,match,1000000,0.732,334
idmap_r1,match,1000000,0.733,334
idmap_r1,match,1000000,0.734,334
idmap_r1,match,1000000,0.735,334
idmap_r1,match,1000000,0.736,334
idmap_r1,match,1000000,0.737,334
idmap_r1,match,1000000,0.738,334
idmap_r1,match,1000000,0.739,334
idmap_r1,match,1000000,0.74,334
idmap_r1,match,1000000,0.741,334
idmap_r1,match,1000000,0.742,334
idmap_r1,match,1000000,0.743,334
idmap_r1,match,1000000,0.744,334
idmap_r1,match,1000000,0.745,334
idmap_r1,match,1000000,0.746,334
idmap_r1,match,1000000,0.747,334
idmap_r1,match,1000000,0.748,334
idmap_r1,match,1000000,0.749,334
idmap_r1,match,1000000,0.75,334
idmap_r1,match,1000000,0.751,334
idmap_r1,match,1000000,0.752,375
idmap_r1,match,1000000,0.753,375
idmap_r1,match,1000000,0.754,375
idmap_r1,match,1000000,0.755,375
idmap_r1,match,1000000,0.756,375
idmap_r1,match,1000000,0.757,375
idmap_r1,match,1000000,0.758,375
idmap_r1,match,1000000,0.759,375
idmap_r1,match,1000000,0.76,375
idmap_r1,match,1000000,0.761,375
idmap_r1,match,1000000,0.762,375
idmap_r1,match,1000000,0.763,375
idmap_r1,match,1000000,0.764,375
idmap_r1,match,1000000,0.765,375
idmap_r1,match,1000000,0.766,375
idmap_r1,match,1000000,0.767,375
idmap_r1,match,1000000,0.768,375
idmap_r1,match,1000000,0.769,375
idmap_r1,match,1000000,0.77,375
idmap_r1,match,1000000,0.771,375
idmap_r1,match,1000000,0.772,375
idmap_r1,match,1000000,0.773,375
idmap_r1,match,1000000,0.774,375
idmap_r1,match,1000000,0.775,375
idmap_r1,match,1000000,0.776,375
idmap_r1,match,1000000,0.777,375
idmap_r1,match,1000000,0.778,375
idmap_r1,match,1000000,0.779,375
idmap_r1,match,1000000,0.78,375
idmap_r1,match,1000000,0.781,375
idmap_r1,match,1000000,0.782,375
idmap_r1,match,1000000,0.783,375
idmap_r1,match,1000000,0.784,375
idmap_r1,match,1000000,0.785,375
idmap_r1,match,1000000,0.786,375
idmap_r1,match,1000000,0.787,375
idmap_r1,match,1000000,0.788,375
idmap_r1,match,1000000,0.789,375
idmap_r1,match,1000000,0.79,375
idmap_r1,match,1000000,0.791,375
idmap_r1,match,1000000,0.792,375
idmap_r1,match,1000000,0.793,375
idmap_r1,match,1000000,0.794,375
idmap_r1,match,1000000,0.795,375
idmap_r1,match,1000000,0.796,375
idmap_r1,match,1000000,0.797,375
idmap_r1,match,1000000,0.798,375
idmap_r1,match,1000000,0.799,375
idmap_r1,match,1000000,0.8,375
idmap_r1,match,1000000,0.801,375
idmap_r1,match,1000000,0.802,375
idmap_r1,match,1000000,0.803,375
idmap_r1,match,1000000,0.804,375
idmap_r1,match,1000000,0.805,375
idmap_r1,match,1000000,0.806,375
idmap_r1,match,1000000,0.807,375
idmap_r1,match,1000000,0.808,375
idmap_r1,match,1000000,0.809,375
idmap_r1,match,1000000,0.81,375
idmap_r1,match,1000000,0.811,375
idmap_r1,match,1000000,0.812,375
idmap_r1,match,1000000,0.813,375
idmap_r1,match,1000000,0.814,375
idmap_r1,match,1000000,0.815,375
idmap_r1,match,1000000,0.816,375
idmap_r1,match,1000000,0.817,375
idmap_r1,match,1000000,0.818,375
idmap_r1,match,1000000,0.819,375
idmap_r1,match,1000000,0.82,375
idmap_r1,match,1000000,0.821,375
idmap_r1,match,1000000,0.822,375
idmap_r1,match,1000000,0.823,375
idmap_r1,match,1000000,0.824,375
idmap_r1,match,1000000,0.825,375
idmap_r1,match,1000000,0.826,375
idmap_r1,match,1000000,0.827,375
idmap_r1,match,1000000,0.828,375
idmap_r1,match,1000000,0.829,375
idmap_r1,match,1000000,0.83,375
idmap_r1,match,1000000,0.831,416
idmap_r1,match,1000000,0.832,416
idmap_r1,match,1000000,0.833,416
idmap_r1,match,1000000,0.834,416
idmap_r1,match,1000000,0.835,416
idmap_r1,match,1000000,0.836,416
idmap_r1,match,1000000,0.837,416
idmap_r1,match,1000000,0.838,416
idmap_r1,match,1000000,0.839,416
idmap_r1,match,1000000,0.84,416
idmap_r1,match,1000000,0.841,416
idmap_r1,match,1000000,0.842,416
idmap_r1,match,1000000,0.843,416
idmap_r1,match,1000000,0.844,416
idmap_r1,match,1000000,0.845,416
idmap_r1,match,1000000,0.846,417
idmap_r1,match,1000000,0.847,417
idmap_r1,match,1000000,0.848,417
idmap_r1,match,1000000,0.849,417
idmap_r1,match,1000000,0.85,417
idmap_r1,match,1000000,0.851,417
idmap_r1,match,1000000,0.852,417
idmap_r1,match,1000000,0.853,417
idmap_r1,match,1000000,0.854,417
idmap_r1,match,1000000,0.855,417
idmap_r1,match,1000000,0.856,417
idmap_r1,match,1000000,0.857,417
idmap_r1,match,1000000,0.858,417
idmap_r1,match,1000000,0.859,417
idmap_r1,match,1000000,0.86,417
idmap_r1,match,1000000,0.861,417
idmap_r1,match,1000000,0.862,417
idmap_r1,match,1000000,0.863,417
idmap_r1,match,1000000,0.864,417
idmap_r1,match,1000000,0.865,417
idmap_r1,match,1000000,0.866,417
idmap_r1,match,1000000,0.867,417
idmap_r1,match,1000000,0.868,417
idmap_r1,match,1000000,0.869,417
idmap_r1,match,1000000,0.87,417
idmap_r1,match,1000000,0.871,417
idmap_r1,match,1000000,0.872,417
idmap_r1,match,1000000,0.873,417
idmap_r1,match,1000000,0.874,417
idmap_r1,match,1000000,0.875,417
idmap_r1,match,1000000,0.876,417
idmap_r1,match,1000000,0.877,458
idmap_r1,match,1000000,0.878,458
idmap_r1,match,1000000,0.879,458
idmap_r1,match,1000000,0.88,458
idmap_r1,match,1000000,0.881,458
idmap_r1,match,1000000,0.882,458
idmap_r1,match,1000000,0.883,458
idmap_r1,match,1000000,0.884,458
idmap_r1,match,1000000,0.885,458
idmap_r1,match,1000000,0.886,458
idmap_r1,match,1000000,0.887,458
idmap_r1,match,1000000,0.888,458
idmap_r1,match,1000000,0.889,458
idmap_r1,match,1000000,0.89,458
idmap_r1,match,1000000,0.891,458
idmap_r1,match,1000000,0.892,458
idmap_r1,match,1000000,0.893,458
idmap_r1,match,1000000,0.894,458
idmap_r1,match,1000000,0.895,458
idmap_r1,match,1000000,0.896,458
idmap_r1,match,1000000,0.897,458
idmap_r1,match,1000000,0.898,458
idmap_r1,match,1000000,0.899,458
idmap_r1,match,1000000,0.9,458
idmap_r1,match,1000000,0.901,458
idmap_r1,match,1000000,0.902,458
idmap_r1,match,1000000,0.903,458
idmap_r1,match,1000000,0.904,458
idmap_r1,match,1000000,0.905,459
idmap_r1,match,1000000,0.906,459
idmap_r1,match,1000000,0.907,459
idmap_r1,match,1000000,0.908,459
idmap_r1,match,1000000,0.909,459
idmap_r1,match,1000000,0.91,459
idmap_r1,match,1000000,0.911,459
idmap_r1,match,1000000,0.912,459
idmap_r1,match,1000000,0.913,459
idmap_r1,match,1000000,0.914,459
idmap_r1,match,1000000,0.915,459
idmap_r1,match,1000000,0.916,459
idmap_r1,match,1000000,0.917,459
idmap_r1,match,1000000,0.918,459
idmap_r1,match,1000000,0.919,500
idmap_r1,match,1000000,0.92,500
idmap_r1,match,1000000,0.921,500
idmap_r1,match,1000000,0.922,500
idmap_r1,match,1000000,0.923,500
idmap_r1,match,1000000,0.924,500
idmap_r1,match,1000000,0.925,500
idmap_r1,match,1000000,0.926,500
idmap_r1,match,1000000,0.927,500
idmap_r1,match,1000000,0.928,500
idmap_r1,match,1000000,0.929,500
idmap_r1,match,1000000,0.93,500
idmap_r1,match,1000000,0.931,500
idmap_r1,match,1000000,0.932,500
idmap_r1,match,1000000,0.933,500
idmap_r1,match,1000000,0.934,500
idmap_r1,match,1000000,0.935,500
idmap_r1,match,1000000,0.936,500
idmap_r1,match,1000000,0.937,500
idmap_r1,match,1000000,0.938,500
idmap_r1,match,1000000,0.939,500
idmap_r1,match,1000000,0.94,500
idmap_r1,match,1000000,0.941,500
idmap_r1,match,1000000,0.942,500
idmap_r1,match,1000000,0.943,500
idmap_r1,match,1000000,0.944,500
idmap_r1,match,1000000,0.945,500
idmap_r1,match,1000000,0.946,500
idmap_r1,match,1000000,0.947,541
idmap_r1,match,1000000,0.948,541
idmap_r1,match,1000000,0.949,541
idmap_r1,match,1000000,0.95,541
idmap_r1,match,1000000,0.951,541
idmap_r1,match,1000000,0.952,542
idmap_r1,match,1000000,0.953,542
idmap_r1,match,1000000,0.954,542
idmap_r1,match,1000000,0.955,542
idmap_r1,match,1000000,0.956,542
idmap_r1,match,1000000,0.957,542
idmap_r1,match,1000000,0.958,542
idmap_r1,match,1000000,0.959,542
idmap_r1,match,1000000,0.96,542
idmap_r1,match,1000000,0.961,542
idmap_r1,match,1000000,0.962,542
idmap_r1,match,1000000,0.963,542
idmap_r1,match,1000000,0.964,583
idmap_r1,match,1000000,0.965,583
idmap_r1,match,1000000,0.966,583
idmap_r1,match,1000000,0.967,583
idmap_r1,match,1000000,0.968,583
idmap_r1,match,1000000,0.969,583
idmap_r1,match,1000000,0.97,583
idmap_r1,match,1000000,0.971,583
idmap_r1,match,1000000,0.972,584
idmap_r1,match,1000000,0.973,584
idmap_r1,match,1000000,0.974,584
idmap_r1,match,1000000,0.975,584
idmap_r1,match,1000000,0.976,625
idmap_r1,match,1000000,0.977,625
idmap_r1,match,1000000,0.978,625
idmap_r1,match,1000000,0.979,625
idmap_r1,match,1000000,0.98,625
idmap_r1,match,1000000,0.981,625
idmap_r1,match,1000000,0.982,625
idmap_r1,match,1000000,0.983,625
idmap_r1,match,1000000,0.984,666
idmap_r1,match,1000000,0.985,667
idmap_r1,match,1000000,0.986,667
idmap_r1,match,1000000,0.987,667
idmap_r1,match,1000000,0.988,667
idmap_r1,match,1000000,0.989,708
idmap_r1,match,1000000,0.99,708
idmap_r1,match,1000000,0.991,709
idmap_r1,match,1000000,0.992,750
idmap_r1,match,1000000,0.993,750
idmap_r1,match,1000000,0.994,792
idmap_r1,match,1000000,0.995,834
idmap_r1,match,1000000,0.996,917
idmap_r1,match,1000000,0.997,1000
idmap_r1,match,1000000,0.998,1209
idmap_r1,match,1000000,0.999,8250
