seq,side,price,qty
0,S,9990,47
1,B,10017,41
1,S,9990,0
2,B,10011,68
3,B,10017,0
4,B,9991,56
5,B,10006,92
7,B,10011,61
8,B,10011,0
9,B,10015,41
10,S,10019,37
11,B,10015,5
12,B,9993,2
15,B,10020,58
15,S,10019,0
17,B,10020,0
17,S,10020,9
18,B,10006,0
18,B,10015,0
18,S,9996,2
19,S,10005,62
20,S,10020,93
21,B,10002,45
21,S,9996,0
22,B,9993,0
23,B,10002,0
24,S,10005,11
26,S,10020,9
30,S,10001,96
31,S,10001,34
32,B,9991,0
32,S,9980,3
33,B,10000,18
33,S,9980,0
35,S,10005,0
36,B,10000,14
39,S,10007,28
41,S,10001,25
42,B,9982,33
43,B,10000,5
45,B,10000,1
48,S,10001,0
48,S,10009,10
49,S,10007,120
51,S,10005,60
52,S,10018,28
53,B,9981,72
54,B,10002,71
55,S,10020,0
56,B,10002,32
58,B,10000,0
58,B,10002,0
58,S,9989,4
59,B,9982,22
63,S,9989,0
64,S,10005,0
65,B,9998,35
66,B,9998,0
67,S,10004,85
68,S,9989,47
70,S,10019,95
72,B,9990,33
72,S,9989,0
73,B,9987,56
74,B,9987,7
74,B,9990,0
76,S,10004,0
77,S,10005,59
77,S,10018,0
78,S,10019,0
81,S,10005,0
81,S,10007,87
82,S,9997,87
84,S,9997,65
86,S,9993,41
88,B,9981,66
88,B,9982,0
88,B,9987,0
89,S,9993,0
89,S,9997,15
90,B,9981,16
93,S,9985,11
96,S,10001,34
97,B,9996,46
97,S,9985,0
98,S,10001,0
99,B,9981,0
99,B,9987,93
100,S,10011,25
101,S,10005,76
102,B,9996,0
103,S,9997,7
104,B,9987,0
104,B,9992,44
106,B,9992,0
106,S,9980,31
108,S,10013,41
109,S,9991,14
110,S,9980,20
112,S,10016,33
113,S,9980,0
113,S,9991,0
113,S,9997,0
113,S,10005,46
114,S,10005,1
115,B,9983,76
117,S,10013,30
118,S,10013,0
119,B,10006,67
119,S,10005,0
122,B,10006,51
123,B,10006,38
124,S,10020,99
126,B,9995,77
128,B,9995,20
128,B,10006,0
129,S,10007,0
132,S,9997,97
133,S,10009,0
135,S,10010,14
136,S,9997,14
139,S,10007,79
140,S,9996,11
140,S,10020,0
142,B,9995,0
142,S,9987,32
144,S,9987,8
145,B,9995,19
145,S,9987,0
146,S,10011,75
150,B,9995,0
150,S,9987,4
151,S,9985,85
152,S,10000,33
153,S,9985,0
153,S,9987,3
154,S,10011,50
155,S,9985,19
157,B,9983,61
158,B,9979,76
159,B,9995,46
159,S,9985,0
159,S,9987,0
160,S,10002,13
161,S,10015,34
162,B,10002,12
162,S,9996,0
162,S,9997,0
162,S,10000,0
162,S,10002,0
163,B,9995,0
163,B,10002,0
163,S,9988,22
164,S,9988,0
165,B,10003,81
166,S,10019,32
168,B,10003,1
171,B,10003,0
173,S,10010,0
173,S,10019,107
174,S,9999,78
174,S,10019,75
175,B,9988,53
177,B,9990,15
178,B,9988,101
179,B,9988,152
180,B,9996,65
182,B,9983,72
183,S,9999,70
184,B,9997,60
185,S,9999,0
185,S,10007,78
186,B,9984,94
187,B,10004,54
188,B,9997,41
188,B,10004,0
189,B,9981,9
190,B,9982,12
191,B,9997,34
193,S,10002,34
194,B,9981,0
196,B,9996,49
196,B,9997,0
197,B,9990,14
197,B,9996,0
200,S,9997,92
201,S,9999,79
202,S,9997,63
204,S,9997,13
205,S,9997,0
205,S,9999,0
205,S,10002,32
206,S,10002,0
206,S,10007,41
207,S,10014,12
208,S,10007,38
210,B,9980,46
212,B,9994,5
213,B,9988,144
213,B,9990,0
213,B,9994,0
214,S,9993,66
216,S,9999,22
218,B,9988,71
219,B,9988,51
219,S,9993,0
219,S,9999,0
219,S,10007,28
220,B,9992,81
222,B,9984,0
222,B,9998,43
223,S,10007,0
223,S,10011,33
224,S,10001,22
225,B,9984,6
227,B,9998,21
229,B,9994,38
230,S,10001,0
230,S,10011,18
232,B,9992,46
232,B,9994,0
232,B,9998,0
233,S,10011,0
233,S,10014,8
236,S,9999,44
240,S,10015,0
241,B,10001,30
241,S,9999,0
242,S,10007,68
246,B,10001,0
247,B,9988,42
247,B,9992,0
248,B,9983,83
249,S,9991,8
250,B,10000,4
250,S,9991,0
251,B,10001,71
252,B,9980,0
252,S,10007,46
255,B,9988,0
255,S,10007,36
257,B,10000,0
258,B,9984,0
258,B,10001,0
258,S,9984,4
261,S,9984,0
261,S,10007,0
264,S,10014,0
264,S,10016,0
264,S,10019,71
265,S,9984,80
267,S,9996,74
268,S,9985,59
270,S,9984,69
272,S,10001,39
273,S,9984,134
274,S,10007,77
275,S,9991,89
276,S,9984,126
277,S,9984,70
278,S,9996,92
279,S,9984,0
279,S,9985,32
282,S,10002,53
283,S,9985,0
283,S,9991,60
285,B,9984,3
286,S,9991,6
288,S,10004,65
290,B,9979,0
290,S,9991,0
290,S,9996,72
291,S,10015,95
292,S,9996,63
294,S,10006,87
298,S,9994,8
300,S,9994,0
301,S,9996,49
302,S,10002,95
303,S,9997,84
304,S,9996,33
307,S,9997,79
308,S,9996,11
309,S,10006,173
311,S,10014,36
312,S,9993,63
313,S,9993,0
313,S,9996,0
313,S,9997,59
316,B,9983,55
316,B,9984,0
317,S,9984,65
318,S,10003,50
320,S,10019,0
321,S,9984,0
325,B,9990,12
326,S,9997,0
326,S,10001,8
327,S,10001,0
327,S,10002,71
330,B,9981,10
332,B,9980,36
333,S,9996,19
336,B,9990,0
336,S,9985,2
337,S,9985,0
337,S,9996,0
337,S,10002,31
338,S,10004,101
340,B,9994,45
347,S,10002,0
347,S,10003,2
348,S,9998,57
351,S,10014,0
352,S,10006,253
355,B,9991,10
357,B,9982,26
359,S,10017,85
362,S,10008,73
363,S,9998,0
363,S,10003,0
364,S,10016,14
366,B,9991,0
366,B,9994,0
366,S,9989,2
367,S,9989,0
367,S,10004,52
368,B,9983,20
369,B,9983,5
370,B,9982,14
371,S,10004,0
371,S,10006,249
372,B,9993,63
373,B,9981,52
374,S,10010,21
375,S,10011,50
376,B,9991,50
379,B,10005,26
380,B,10005,0
380,S,10006,187
381,S,9998,71
382,B,9993,0
384,S,10012,84
385,B,9987,87
386,S,10015,0
388,S,10016,58
389,B,9981,115
391,B,9991,6
392,S,9998,0
392,S,10006,175
393,S,9997,99
394,B,9996,64
395,B,9996,0
399,S,9997,92
400,S,10006,195
401,B,9982,35
402,S,9997,64
404,B,9987,0
405,S,9997,20
407,S,9998,63
408,S,10003,91
409,S,9998,0
410,S,9997,10
412,B,9991,0
412,S,9989,51
413,B,9978,29
415,B,9981,71
415,B,9982,0
415,B,9983,0
418,S,10006,290
421,S,9989,32
422,B,9986,68
423,S,10014,56
424,S,10009,10
425,S,10013,17
426,S,10012,145
427,S,9999,82
429,S,9989,0
429,S,9997,0
429,S,9999,32
431,S,9999,26
432,B,9988,57
433,B,9992,85
434,B,9978,0
435,B,9990,52
437,B,9992,50
440,B,9981,8
441,S,9999,5
443,S,9999,0
447,S,10003,57
448,B,9991,71
450,B,9983,66
451,S,10000,88
451,S,10017,0
452,B,9989,97
453,S,10011,112
454,S,10012,61
455,S,10000,29
457,B,9991,48
457,B,9992,0
458,B,9991,28
460,S,10000,21
462,S,10006,204
463,B,9992,58
464,S,10014,153
465,B,9981,84
468,B,9991,13
468,B,9992,0
469,B,9991,70
470,B,9994,36
471,B,9991,50
471,B,9994,0
474,S,10002,46
475,S,10006,109
476,S,10000,0
476,S,10002,0
476,S,10003,26
477,B,9982,57
478,S,10001,43
479,B,9983,70
480,S,10001,0
480,S,10003,0
480,S,10006,98
481,S,9999,65
482,B,9990,20
482,B,9991,0
484,S,9991,85
485,S,10007,160
486,S,10014,231
487,B,9989,92
487,B,9990,0
488,S,9991,63
489,S,10016,112
491,B,9978,68
492,S,9991,0
492,S,9999,28
497,S,10017,59
498,B,10002,68
498,S,9999,0
500,B,9996,52
502,S,10006,40
504,S,10015,51
505,B,9979,14
507,B,9981,182
508,B,9996,32
508,B,10002,0
510,B,9993,94
511,B,9993,84
511,B,9996,0
512,S,9998,32
512,S,10015,0
514,S,10004,84
515,S,9998,130
517,S,10016,140
518,S,9999,15
519,S,9998,94
521,S,10014,272
522,S,9998,91
523,B,9994,93
525,S,10011,198
526,S,10008,144
529,S,9998,43
530,B,9994,30
532,B,9993,65
532,B,9994,0
533,S,10009,25
535,S,9998,0
535,S,9999,0
536,B,9989,152
538,S,10008,229
542,S,10004,49
544,B,9989,129
544,B,9993,0
545,B,9989,71
546,B,9989,43
547,S,10004,75
548,S,10006,41
549,B,9989,21
550,S,10004,133
551,S,10016,169
552,S,10014,194
553,B,9989,66
554,B,9982,0
555,B,9978,0
557,S,9994,69
558,B,9981,196
560,S,9992,26
561,S,9992,0
561,S,9994,66
563,B,9986,125
564,S,10014,138
567,S,9995,16
570,S,10011,249
570,S,10016,125
571,S,9997,32
571,S,10008,158
572,S,10013,41
573,S,10007,77
574,S,9991,90
576,S,9991,47
577,S,9991,21
580,S,10009,10
581,B,9991,63
581,S,9991,0
582,S,9994,5
583,B,9979,70
585,B,9988,136
587,S,10009,0
588,S,10012,89
589,B,9991,39
590,B,9991,20
595,S,9994,0
595,S,9995,0
595,S,9997,14
598,S,9997,0
598,S,10004,110
599,B,9975,51
600,B,9998,71
601,B,9991,13
601,B,9998,0
603,S,10007,0
605,S,10004,158
608,B,9988,169
609,B,9980,52
610,B,9981,188
611,S,10004,104
613,S,10004,13
615,B,9983,72
616,B,9993,6
618,B,9977,89
619,B,9989,33
619,B,9991,0
619,B,9993,0
620,S,10011,302
621,S,10013,139
622,B,9988,126
622,B,9989,0
623,S,10014,41
624,S,10005,79
627,S,9995,72
627,S,10012,28
628,S,10007,11
629,B,9995,18
629,S,9995,0
630,B,9988,198
631,S,10000,22
632,S,10014,131
633,B,9995,10
635,B,9988,216
636,B,9994,22
638,S,10000,0
639,B,9996,49
641,B,9995,0
641,B,9996,0
641,S,9995,3
642,S,10010,0
643,B,9994,0
643,S,9991,14
644,B,9988,122
646,B,9996,61
646,S,9991,0
646,S,9995,0
648,B,9996,41
650,S,10013,41
651,S,10008,223
653,B,9998,87
654,B,9998,39
656,B,9985,44
660,B,10003,49
665,S,10015,67
666,B,9996,36
666,B,9998,0
666,B,10003,0
668,S,10004,0
668,S,10005,74
669,B,9997,62
670,B,9980,87
671,S,10004,18
673,S,10008,227
674,B,10000,26
675,B,10000,0
676,B,9997,22
680,S,10004,0
680,S,10005,43
683,B,9997,8
686,B,9996,0
686,B,9997,0
686,S,9995,34
690,S,10010,55
691,S,9995,0
693,S,10006,40
694,B,9979,56
696,S,10013,128
697,S,10003,95
698,B,9992,96
699,B,9992,75
700,S,10013,149
701,B,9999,71
704,B,9996,84
705,S,10003,29
707,S,10008,231
708,S,10003,0
708,S,10005,23
711,B,9999,58
713,B,9999,25
714,S,10014,204
715,B,9988,50
717,S,10005,0
717,S,10006,0
717,S,10007,0
717,S,10008,209
718,S,10008,191
719,B,9996,62
719,B,9999,0
720,B,9992,70
720,B,9996,0
721,B,10004,48
722,S,10011,387
728,B,10004,5
730,S,10015,111
731,S,10011,475
732,S,10008,197
733,S,10011,425
736,S,10015,152
737,B,9994,52
738,B,9981,191
741,B,9979,85
742,B,9993,7
744,B,9998,65
745,B,9977,138
747,B,10004,0
747,S,10002,91
749,S,10000,59
750,B,9994,50
750,B,9998,0
751,B,9997,55
753,S,10000,41
754,B,9981,115
755,B,9989,87
757,B,9986,161
758,S,10000,0
758,S,10002,52
760,B,9983,129
763,B,9999,17
768,S,10000,38
769,S,10016,96
770,B,9997,6
770,B,9999,0
771,B,9994,76
774,B,9979,178
776,B,9994,65
776,B,9997,0
778,S,10007,62
778,S,10014,131
779,S,10000,0
779,S,10002,50
780,S,10014,165
781,B,9989,127
782,B,9994,53
783,S,10009,70
784,B,9994,100
785,B,9985,53
786,S,9999,84
787,S,10010,82
788,S,10004,89
789,S,10010,152
790,S,9999,80
793,B,9994,89
794,B,9995,49
796,S,10006,93
798,S,9999,53
799,B,9986,125
800,B,9991,32
801,B,9994,46
801,B,9995,0
805,B,9996,8
806,B,9994,22
806,B,9996,0
808,B,9992,63
808,B,9993,0
808,B,9994,0
810,B,9993,47
813,B,9992,18
813,B,9993,0
816,S,10006,0
817,B,9977,185
817,B,9989,87
818,B,9986,57
818,S,9999,1
819,S,9998,8
822,S,10014,231
823,S,10013,204
824,S,10009,0
827,B,9998,36
827,S,9998,0
828,S,10010,224
831,B,9994,45
832,B,9994,26
832,B,9998,0
833,B,9998,11
835,S,10005,67
836,B,9995,28
837,S,10000,97
838,B,9988,72
839,S,9999,0
839,S,10000,49
840,B,9995,16
840,B,9998,0
841,B,9994,0
841,B,9995,0
841,S,9993,42
842,S,9996,52
843,S,10012,74
844,B,9979,85
844,S,9993,13
848,S,9993,0
848,S,9996,32
849,S,10005,71
850,B,9989,40
850,B,9991,0
850,B,9992,0
851,B,9985,44
852,S,9996,0
852,S,10000,9
853,S,10000,0
853,S,10002,40
855,S,10002,16
858,B,9982,27
858,B,9989,0
859,B,9989,96
860,S,10014,232
862,B,9989,70
863,B,9984,11
865,S,10002,0
865,S,10004,35
868,S,10010,300
870,B,9989,47
871,B,9988,112
872,S,10004,0
872,S,10005,40
873,B,9999,56
874,B,9982,0
876,B,9999,0
876,S,9990,38
877,S,10014,268
879,S,9994,34
881,S,9990,0
881,S,9994,0
881,S,10005,35
882,B,9991,48
883,S,9996,20
886,B,9996,76
886,S,9996,0
887,S,10017,127
888,S,10017,203
890,S,10004,3
890,S,10008,112
891,B,10003,82
892,B,9975,0
892,B,10000,76
893,B,10003,3
894,S,10004,0
894,S,10005,0
894,S,10007,3
895,B,9990,15
899,B,9982,56
900,S,10007,0
901,B,10000,52
901,B,10003,0
902,S,10008,91
904,S,10014,318
905,B,10000,41
906,S,10008,33
908,B,9977,136
910,S,10011,372
911,S,10008,0
911,S,10010,249
913,B,10000,34
915,B,9992,64
916,B,9989,0
917,B,9996,61
917,B,10000,0
918,S,10012,46
919,B,9991,0
920,S,10009,43
922,B,9999,36
923,B,9996,29
923,B,9999,0
923,S,10011,310
924,S,10011,225
925,S,10009,0
925,S,10010,234
927,S,10017,144
930,S,10007,27
931,S,10007,9
932,B,9992,0
933,B,9988,92
933,B,9990,0
933,B,9996,0
936,B,9986,145
937,S,10007,0
937,S,10010,186
938,S,10011,139
939,B,9983,63
940,B,9985,0
941,B,10005,44
942,B,10007,47
943,S,10010,127
944,B,9983,139
946,B,9988,97
947,B,10008,76
948,S,10017,76
949,B,10008,7
950,B,9981,167
951,B,10007,20
951,B,10008,0
952,B,9981,153
953,S,10013,285
954,B,10009,62
955,B,10009,1
956,B,10007,18
956,B,10009,0
957,B,10004,93
958,B,9995,51
959,B,9999,66
961,B,10000,58
962,B,10007,3
963,B,9985,59
965,B,9998,26
966,B,10004,46
966,B,10005,0
966,B,10007,0
968,S,10017,172
969,B,10004,5
971,B,9988,85
973,B,9986,57
974,B,10007,17
976,B,10004,0
976,B,10007,0
976,S,10003,12
977,S,10003,0
977,S,10010,50
978,S,10018,25
979,B,10009,29
980,S,10010,0
980,S,10011,121
981,B,10008,48
983,S,10011,120
984,B,10009,0
984,S,10009,40
986,B,9999,67
987,S,10009,0
987,S,10011,86
988,S,10010,73
989,B,9982,70
992,B,9985,104
993,B,9998,0
994,B,10010,18
994,S,10010,0
995,B,10008,38
995,B,10010,0
996,B,10008,0
996,S,10006,20
997,S,10006,0
997,S,10011,69
998,B,10010,12
999,B,10010,0
999,S,10009,35
1001,S,10019,99
1002,B,9993,49
1003,B,9999,51
1003,B,10000,0
1004,B,9989,56
1005,B,9999,38
1006,B,10001,71
1007,B,10007,27
1008,B,10001,57
1008,B,10007,0
1010,B,9992,50
1011,B,10001,40
1012,B,9980,109
1014,B,9984,51
1015,S,10007,73
1019,B,10006,49
1020,S,10015,221
1021,S,10007,45
1023,B,10006,17
1023,S,10015,177
1024,S,10008,17
1025,B,10004,47
1026,B,9993,146
1030,B,10004,22
1030,B,10006,0
1031,B,10004,16
1032,S,10007,0
1032,S,10008,0
1032,S,10009,8
1033,B,9992,90
1035,B,9989,95
1036,B,9995,104
1037,B,9985,151
1038,S,10009,4
1040,B,10001,14
1040,B,10004,0
1042,B,10001,0
1042,S,10000,18
1045,B,9995,53
1046,B,9983,82
1046,B,9986,133
1048,B,9989,56
1050,B,10001,72
1050,S,10000,0
1051,B,10001,30
1052,B,9999,7
1052,B,10001,0
1053,B,10003,60
1054,B,9985,104
1056,B,9995,23
1056,B,9999,0
1056,B,10003,0
1058,S,10014,406
1059,B,9979,160
1060,S,10001,30
1064,B,9993,144
1064,B,9995,0
1066,B,9993,139
1067,B,9997,91
1069,B,9983,80
1070,S,10001,0
1070,S,10009,0
1070,S,10011,22
1073,S,10001,32
1074,S,10011,0
1075,B,9983,139
1076,B,9993,42
1076,B,9997,175
1078,B,9997,117
1083,S,10001,0
1083,S,10012,11
1085,B,9990,68
1086,B,10009,51
1087,B,10004,5
1088,B,9988,105
1091,S,10016,141
1092,B,9985,45
1093,S,10012,0
1093,S,10013,260
1094,B,9993,107
1095,B,9981,55
1095,B,9985,78
1096,S,10013,237
1097,B,10007,82
1098,S,10016,87
1101,B,10009,22
1104,B,10009,19
1105,B,9991,51
1106,B,10009,0
1106,S,10009,19
1109,B,10007,114
1111,S,10009,0
1112,B,9980,87
1113,B,10007,39
1114,B,10004,3
1114,B,10007,0
1116,B,9988,85
1116,B,10004,91
1117,B,10004,38
1118,S,10013,202
1119,B,10004,0
1120,B,9990,165
1121,B,9997,63
1122,S,9998,57
1124,S,9998,10
1127,S,10017,219
1128,S,9998,0
1128,S,10013,165
1134,S,10017,123
1136,B,9997,0
1137,B,9993,42
1138,S,10013,138
1139,S,10001,4
1140,S,10001,0
1140,S,10013,71
1142,B,9992,68
1142,B,9993,0
1143,B,9991,43
1143,B,9992,0
1144,S,10013,44
1145,S,10007,19
1146,S,10007,0
1149,B,9990,112
1149,B,9991,0
1150,B,9994,60
1151,S,10013,30
1152,S,10014,318
1153,B,9984,11
1157,B,9990,81
1157,B,9994,0
1158,B,9990,53
1164,S,10000,80
1167,S,10000,61
1169,B,9990,21
1171,S,10014,284
1172,B,9989,27
1172,B,9990,0
1174,S,10016,59
1177,S,10005,63
1178,B,9977,89
1179,S,10013,75
1180,S,10003,53
1182,B,9982,112
1183,B,9988,65
1183,B,9989,0
1185,B,9981,3
1186,B,9988,28
1187,B,9988,0
1188,B,9990,72
1189,S,10008,41
1190,B,9993,43
1191,B,9991,7
1194,S,10004,46
1196,S,10014,331
1197,S,10000,57
1198,B,9990,39
1198,B,9991,0
1198,B,9993,0
1201,B,9986,157
1202,B,9996,6
1203,S,10010,5
1205,B,9996,57
1210,S,10000,0
1210,S,10003,36
1211,B,9996,0
1211,S,9991,28
1212,B,10002,66
1212,S,9991,0
1213,S,10006,39
1213,S,10014,330
1214,S,10003,0
1214,S,10004,13
1217,B,9984,25
1218,B,10002,54
1219,B,9980,179
1220,B,10002,0
1220,S,10000,29
1221,B,9979,210
1223,B,10000,34
1223,S,10000,0
1224,B,10000,28
1227,B,9985,107
1229,B,9999,20
1231,B,9990,10
1231,B,9999,0
1231,B,10000,0
1232,B,9988,61
1233,B,9988,22
1233,B,9990,0
1234,S,10004,9
1236,S,10004,0
1236,S,10005,0
1236,S,10006,16
1237,B,9989,93
1240,S,10001,94
1241,B,9989,8
1242,S,9999,25
1244,B,9986,130
1244,B,9988,0
1244,B,9989,0
1245,S,9999,0
1245,S,10001,71
1247,B,9986,38
1251,B,9987,84
1254,S,9995,64
1257,B,9986,30
1257,B,9987,0
1259,S,9995,28
1262,S,9995,16
1263,B,9991,74
1264,B,9997,60
1264,S,9995,0
1268,B,9979,239
1269,B,9991,50
1269,B,9997,0
1271,S,10011,30
1272,B,9991,7
1275,B,9979,164
1275,B,9982,153
1276,S,9996,71
1277,B,9991,0
1277,S,9988,43
1278,S,10002,60
1280,S,9988,0
1280,S,9996,57
1281,S,10008,129
1282,S,10000,17
1282,S,10008,41
1283,B,9989,68
1284,S,9996,6
1287,B,9989,23
1288,B,9989,93
1290,B,9979,197
1291,B,9996,39
1291,S,9996,0
1293,B,9984,69
1294,S,10004,73
1295,S,10000,0
1295,S,10001,13
1296,S,10011,105
1296,S,10014,283
1298,S,10008,0
1300,B,9995,23
1301,B,9981,74
1302,B,9995,6
1302,B,9996,0
1303,B,9989,29
1303,B,9995,0
1305,B,9984,25
1305,B,9991,25
1307,B,9996,18
1308,S,10001,0
1308,S,10002,0
1308,S,10004,68
1310,B,9987,97
1312,S,10004,30
1313,B,9977,164
1316,B,9977,260
1317,B,9977,277
1318,B,9991,0
1318,B,9996,0
1321,B,9995,80
1323,S,10007,92
1324,S,10000,54
1325,S,10017,216
1326,B,9995,6
1327,B,9987,95
1327,B,9989,0
1327,B,9995,0
1330,B,9987,31
1331,S,10000,8
1332,B,9980,247
1333,B,9980,253
1334,S,10000,7
1336,B,10006,1
1336,S,10000,0
1336,S,10004,0
1336,S,10006,0
1341,B,9991,87
1342,B,9987,28
1342,B,9991,0
1342,B,10006,0
1343,S,9989,83
1344,S,9989,9
1347,S,9996,41
1348,B,9997,16
1348,S,9989,0
1348,S,9996,0
1350,S,10012,6
1352,S,10007,0
1352,S,10010,0
1352,S,10011,104
1353,B,9979,243
1354,S,10011,96
1355,B,9982,97
1355,B,10002,2
1358,S,10007,81
1360,B,9997,56
1362,B,9997,36
1362,B,10002,0
1363,B,9987,102
1364,S,10004,46
1365,S,10004,0
1365,S,10007,47
1366,S,10017,309
1368,S,10007,0
1368,S,10011,94
1369,B,9997,34
1370,S,10015,110
1371,B,9986,126
1372,B,10003,50
1373,B,9985,74
1377,B,9981,126
1378,S,10017,353
1379,B,9999,75
1383,B,10005,50
1384,B,10005,39
1387,S,10011,24
1388,B,10008,60
1389,B,9993,36
1391,B,10008,51
1392,B,10008,43
1393,S,10011,0
1393,S,10012,0
1393,S,10013,46
1394,B,9985,29
1397,S,10017,365
1399,B,10005,41
1403,B,10008,37
1404,B,10011,34
1405,B,10010,82
1407,B,9995,36
1410,B,10010,69
1410,B,10011,0
1411,B,10004,37
1412,B,10010,8
1413,B,9996,14
1417,B,10005,37
1417,B,10008,0
1417,B,10010,0
1419,B,9990,96
1423,S,10013,1
1424,S,10013,0
1424,S,10014,238
1427,B,9981,194
1428,B,9996,109
1429,B,9977,202
1429,B,10007,9
1430,B,9985,34
1431,S,10014,282
1435,B,9985,74
1438,B,10003,47
1438,B,10004,0
1438,B,10005,0
1438,B,10007,0
1440,B,10008,20
1442,S,10014,183
1443,B,9992,87
1445,B,9980,217
1446,B,10004,72
1448,B,9993,132
1450,B,10004,17
1450,B,10008,0
1453,B,10003,14
1453,B,10004,0
1456,S,10014,98
1460,B,10003,12
1462,B,9999,52
1462,B,10003,0
1463,S,10006,1
1464,B,9996,205
1465,B,9997,2
1465,B,9999,0
1467,B,9996,184
1467,B,9997,0
1468,B,9987,136
1469,S,10010,43
1470,B,9996,257
1471,S,10004,90
1472,S,10004,16
1473,B,9996,213
1474,B,9980,149
1475,S,10016,69
1480,B,9996,145
1481,B,9996,80
1483,S,10009,47
1484,B,9982,169
1485,S,10017,373
1486,B,9996,67
1487,B,9996,31
1488,B,9992,121
1489,S,10004,0
1489,S,10006,0
1489,S,10009,0
1489,S,10010,10
1493,S,10010,0
1493,S,10014,31
1495,S,10004,62
1496,B,9991,36
1497,B,9981,223
1498,S,10004,40
1499,B,9996,8
1501,B,9984,62
1502,B,9983,63
1503,S,10012,83
1504,B,10005,46
1504,S,10004,0
1506,S,10012,70
1508,B,9987,206
1509,S,10014,46
1512,B,9995,18
1512,B,9996,0
1512,B,10005,0
1514,B,10013,21
1514,S,10012,0
1515,B,10013,16
1516,B,10013,0
1516,S,10005,15
1517,S,10013,96
1518,S,10016,119
1519,B,10002,61
1520,S,10008,98
1521,B,10007,30
1521,S,10005,0
1524,S,10016,215
1525,B,9978,49
1526,B,10007,16
1527,B,10007,0
1527,S,10007,71
1528,B,9997,86
1529,B,9992,217
1533,S,10007,0
1533,S,10008,77
1538,B,10002,10
1540,B,9999,96
1541,B,9999,53
1541,B,10002,0
1542,B,9997,40
1542,B,9999,0
1543,B,9997,3
1544,B,9999,49
1545,S,10008,31
1547,B,10004,30
1548,B,9999,29
1548,B,10004,0
1549,B,9993,92
1549,B,9995,0
1549,B,9997,0
1549,B,9999,0
1550,B,9993,32
1552,S,10008,0
1552,S,10013,30
1553,B,9992,201
1553,B,9993,0
1553,S,10016,119
1554,B,9978,109
1556,S,10004,1
1557,S,10009,20
1558,S,10004,0
1558,S,10009,0
1558,S,10013,0
1558,S,10014,35
1559,B,9999,7
1561,B,9999,0
1561,S,9995,17
1562,S,9995,0
1562,S,10014,0
1562,S,10015,85
1564,B,9980,203
1566,B,9992,193
1568,S,10016,155
1572,B,9986,184
1573,B,9991,115
1574,B,9984,81
1575,B,9992,114
1579,B,9980,212
1580,B,10012,69
1582,B,10009,37
1584,B,10000,80
1585,B,10012,24
1586,B,9991,196
1588,B,10009,16
1588,B,10012,0
1589,S,10019,0
1590,B,9980,243
1591,B,9989,33
1592,B,10000,22
1592,B,10009,0
1594,S,10004,46
1595,S,10006,44
1599,S,10008,46
1603,S,10004,7
1605,B,9986,229
1606,B,10000,0
1606,S,9997,25
1607,S,9997,23
1608,B,9991,115
1609,B,9977,266
1609,B,9985,45
1610,B,9992,44
1611,S,9997,0
1611,S,10004,0
1611,S,10006,0
1611,S,10008,33
1613,B,9992,38
1614,S,10008,0
1614,S,10015,29
1615,S,10002,12
1616,B,9984,128
1616,B,9986,223
1617,S,9997,98
1618,S,9997,91
1619,B,9991,53
1619,B,9992,0
1620,B,9991,52
1621,B,9987,209
1622,S,10001,90
1623,S,9997,33
1624,S,9997,18
1625,B,9985,59
1626,B,9977,202
1626,B,9990,110
1627,B,9991,48
1628,S,9997,105
1629,S,10015,109
1630,S,9997,92
1631,B,9992,77
1632,B,9980,268
1633,S,9997,89
1634,B,9978,183
1635,S,9997,0
1635,S,10001,89
1638,B,9998,37
1639,B,9988,88
1641,S,10006,54
1643,S,10001,146
1644,B,9998,22
1645,B,9986,256
1647,B,9983,111
1648,B,9977,185
1648,B,9999,94
1649,B,9999,67
1649,S,10006,0
1652,S,10005,91
1655,B,9996,40
1656,S,10001,94
1658,B,9996,29
1658,B,9998,0
1658,B,9999,0
1659,S,9998,10
1661,B,9996,5
1661,S,10016,105
1662,B,9996,55
1667,B,9977,96
1667,B,9997,13
1668,S,10006,30
1669,B,9981,317
1670,B,9996,38
1670,B,9997,0
1671,B,9992,71
1671,B,9996,0
1672,B,9992,2
1674,S,10013,54
1675,B,9991,23
1675,B,9992,0
1676,B,9996,77
1678,B,9991,22
1678,B,9996,0
1679,S,9993,1
1681,B,9979,270
1682,S,9993,85
1683,S,9993,75
1684,B,9991,8
1685,B,9990,30
1685,B,9991,0
1686,S,9993,59
1688,S,9993,40
1689,S,10001,118
1690,S,9993,0
1690,S,9998,0
1690,S,10001,85
1691,B,9986,316
1692,B,9989,0
1693,S,9995,58
1694,S,9992,29
1696,S,10007,94
1698,S,9992,0
1698,S,9995,38
1699,B,9984,117
1700,S,9995,84
1701,B,9990,19
1702,S,10008,93
1703,B,9992,92
1704,S,10007,137
1704,S,10017,365
1705,S,9995,12
1707,S,10002,0
1708,B,9992,74
1710,S,9995,0
1710,S,10001,67
1711,B,9982,127
1715,B,9978,185
1716,S,10001,0
1716,S,10005,80
1717,B,9990,14
1718,B,9992,52
1720,S,10013,151
1721,B,9998,82
1722,B,9991,25
1727,S,10001,62
1727,S,10017,272
1730,S,10001,48
1732,B,9998,50
1734,B,9986,347
1735,B,9998,48
1737,S,10015,116
1741,S,10001,0
1741,S,10005,54
1742,B,9981,223
1742,B,9986,350
1743,B,9984,205
1744,B,9998,43
1747,B,9992,140
1752,B,9992,95
1752,B,9998,0
1753,B,9992,20
1754,B,9978,253
1755,B,9992,2
1756,B,9991,22
1756,B,9992,0
1757,S,10009,38
1759,S,10005,0
1759,S,10006,0
1759,S,10007,122
1760,S,10007,94
1762,B,9988,87
1762,B,9990,0
1762,B,9991,0
1764,S,10005,73
1765,S,10005,10
1767,S,10002,62
1769,S,10004,31
1770,S,10002,40
1772,S,9994,62
1773,S,9994,0
1773,S,10002,9
1774,S,10011,56
1776,B,9984,281
1779,B,9981,312
1782,B,9988,74
1783,S,10016,91
1785,B,9986,254
1786,B,9978,263
1787,B,9975,97
1788,B,9987,195
1788,B,9988,0
1791,S,9998,24
1792,B,9977,105
1793,B,9994,62
1797,B,9987,177
1797,B,9994,0
1798,B,9987,124
1800,B,9987,194
1801,B,9983,197
1802,S,10015,188
1803,S,10017,196
1807,S,10001,69
1808,B,9984,267
1808,S,9998,0
1808,S,10001,36
1813,B,9987,154
1814,S,10004,112
1818,B,9979,241
1820,B,9987,147
1822,B,9980,362
1825,S,10010,96
1826,S,9999,10
1828,S,10006,53
1829,S,10017,149
1830,B,9987,209
1833,S,9999,0
1833,S,10001,0
1833,S,10002,0
1833,S,10004,99
1837,B,9996,49
1838,S,10005,78
1840,S,10013,180
1841,B,9980,337
1842,B,10001,22
1843,B,9987,187
1843,B,9996,0
1843,B,10001,0
1845,S,10000,74
1847,B,9981,244
1848,S,10001,14
1850,S,9992,21
1852,S,9995,54
1853,S,10010,128
1855,B,9979,262
1858,S,9996,66
1861,S,9992,0
1861,S,9995,24
1863,S,10002,30
1864,B,9981,287
1867,B,9987,175
1868,B,9980,283
1870,S,9988,46
1873,B,9987,140
1877,S,10010,186
1879,B,9976,57
1879,B,9980,277
1880,S,10009,80
1882,B,9986,275
1883,S,9988,7
1884,S,9989,23
1885,B,9987,132
1885,S,10015,159
1886,S,9988,0
1886,S,9989,0
1886,S,9995,0
1886,S,9996,63
1887,S,9996,41
1888,S,10003,54
1890,S,10015,178
1891,B,9979,216
1893,S,9996,0
1893,S,10000,17
1896,S,10000,0
1896,S,10001,0
1896,S,10002,0
1898,B,9982,86
1900,S,10004,141
1901,S,10003,31
1902,B,9982,152
1902,B,9986,217
1903,S,10003,46
1904,S,10003,0
1904,S,10004,127
1905,B,10001,23
1907,B,10001,0
1907,S,9997,64
1908,B,9978,253
1908,S,9997,7
1909,B,9977,201
1910,S,9997,19
1911,B,9984,270
1916,B,9982,80
1917,B,9987,95
1922,S,10011,99
1923,S,10013,210
1924,S,9997,0
1926,S,10004,107
1929,S,10010,199
1932,B,9988,52
1933,S,10007,43
1934,S,10004,48
1935,B,9987,73
1935,B,9988,0
1936,S,10004,0
1936,S,10005,39
1937,S,10006,97
1939,B,9994,34
1941,B,9986,290
1942,S,10009,95
1943,S,10015,216
1944,S,9997,97
1946,S,9997,43
1947,B,9984,330
1948,B,9987,37
1948,B,9994,0
1949,S,9997,37
1950,S,10003,68
1959,S,9993,55
1961,B,9987,9
1962,S,10015,230
1964,S,9993,29
1966,B,9991,83
1968,S,9993,0
1968,S,9997,0
1968,S,10003,39
1969,B,9991,0
1969,S,9991,7
1971,B,9981,235
1972,B,9996,26
1972,S,9991,0
1975,S,10003,12
1976,B,9996,0
1976,S,9989,59
1977,B,9979,237
1978,S,9989,12
1979,S,9989,0
1979,S,10003,0
1979,S,10005,18
1981,B,9984,416
1985,S,9997,50
1987,S,10013,257
1988,B,9987,47
1989,B,9993,20
1990,S,10013,228
1994,S,10005,114
1995,S,9997,9
1996,B,9978,320
1999,B,9983,138
2003,S,9997,0
2003,S,10005,36
2004,B,9995,3
2005,B,9987,121
2006,B,9981,232
2009,B,9979,331
2012,S,10005,1
2014,B,10001,25
2018,S,10013,231
2019,S,10005,0
2019,S,10006,77
2021,S,10013,184
2022,B,9993,0
2022,B,9995,0
2022,B,10001,0
2022,S,9992,36
2023,S,9992,16
2024,S,9995,57
2028,B,9980,347
2030,B,9980,363
2031,B,10001,27
2031,S,9992,0
2031,S,9995,0
2035,S,10007,62
2036,B,10001,6
2039,B,10001,0
2039,S,10000,62
2040,S,10007,93
2044,S,10015,249
2045,S,10000,37
2046,S,10009,106
2047,B,9987,106
2048,B,9981,161
2048,B,9988,72
2051,S,10000,10
2053,S,10008,130
2055,B,9980,435
2056,B,9981,235
2058,B,9994,73
2059,S,10012,62
2060,S,10000,0
2060,S,10006,61
2063,B,9980,343
2063,B,9982,164
2066,S,10012,154
2068,S,10016,117
2069,B,9980,439
2071,B,9986,370
2072,B,10006,36
2072,S,10006,0
2073,B,10006,0
2073,S,9998,31
2074,B,9992,55
2075,B,9994,32
2076,B,9994,35
2077,S,9998,30
2079,S,9998,2
2080,B,9992,4
2080,B,9994,0
2084,B,9981,323
2085,S,9998,0
2087,B,9985,69
2088,S,10007,69
2090,S,10012,167
2091,S,10013,268
2092,B,9988,115
2096,B,9991,5
2097,B,9992,1
2100,S,10018,89
2101,B,9996,24
2102,B,9977,105
2104,B,9988,88
2104,B,9991,0
2104,B,9992,0
2104,B,9996,0
2107,B,9995,28
2108,B,10005,82
2109,B,10005,38
2110,S,10017,56
2111,S,10019,6
2115,B,9980,404
2121,S,10012,236
2124,S,10007,42
2125,B,9998,81
2127,B,9986,455
2129,B,9988,97
2130,S,10019,15
2131,B,9983,169
2132,B,9987,160
2133,S,10016,81
2136,B,9986,460
2137,B,10003,43
2142,B,10005,0
2143,B,9999,63
2145,S,10012,266
2147,S,10007,11
2148,B,10004,21
2150,B,10003,0
2150,B,10004,0
2150,S,10001,34
2152,B,9999,9
2156,B,9980,477
2159,S,10010,141
2160,B,9976,0
2162,B,9998,58
2162,B,9999,0
2163,B,9983,83
2165,S,10001,0
2165,S,10007,0
2165,S,10008,89
2166,S,10005,54
2166,S,10016,71
2167,B,9979,298
2167,B,9998,127
2168,B,9998,76
2169,S,10015,235
2172,B,9995,37
2174,B,9998,58
2175,S,10015,216
2176,S,10003,35
2177,B,9995,0
2177,B,9998,0
2178,S,10016,167
2181,S,10012,336
2183,S,10017,126
2184,B,9988,75
2185,B,9983,99
2186,S,9995,76
2187,B,9980,446
2188,S,10000,15
2191,B,9986,554
2192,S,9995,43
2196,B,9988,19
2198,S,9990,70
2199,S,9990,0
2199,S,9995,17
2200,S,10010,181
2202,S,10019,82
2203,S,9995,0
2203,S,10000,4
2204,S,10015,248
2206,B,9981,408
2207,S,10001,20
2209,B,9999,88
2210,S,10000,0
2210,S,10001,0
2210,S,10003,0
2210,S,10005,30
2211,S,10005,0
2211,S,10008,71
2212,S,10003,29
2213,B,9999,41
2214,S,10007,83
2215,S,10007,128
2216,S,10016,122
2217,B,9999,0
2217,S,9995,7
2218,S,10015,216
2222,S,10009,146
2223,B,9986,615
2225,S,9995,0
2226,S,10007,181
2227,S,10003,0
2227,S,10007,167
2229,S,10004,8
2230,B,9987,129
2230,B,9988,0
2231,B,9987,65
2232,B,9996,48
2233,S,9997,17
2235,S,9997,0
2235,S,10004,0
2235,S,10007,135
2236,S,10014,75
2238,S,10007,114
2239,S,10007,53
2242,S,10016,26
2243,B,9987,86
2245,S,10004,21
2246,B,9996,30
2247,B,9996,7
2247,S,10011,56
2248,S,10004,0
2248,S,10007,34
2250,S,10007,0
2250,S,10008,21
2251,B,9988,35
2252,B,9994,20
2255,S,10008,74
2256,S,10011,108
2257,S,10010,200
2258,B,9984,356
2259,B,9994,0
2259,B,9996,0
2259,S,9993,20
2261,B,10002,24
2261,S,9993,0
2262,B,9986,521
2263,B,9983,148
2265,B,10000,82
2270,B,9985,158
2272,B,10000,63
2272,B,10002,0
2273,B,9980,352
2275,S,10006,60
2280,B,9992,88
2283,S,10007,75
2283,S,10009,131
2284,B,10000,61
2289,B,10003,94
2292,B,10003,62
2296,B,10003,52
2299,S,10017,198
2301,S,10020,98
2302,S,10015,136
2305,B,9986,531
2307,B,9981,334
2308,B,9984,402
2309,B,9983,187
2311,B,10000,20
2311,B,10003,0
2312,S,10012,323
2312,S,10013,364
2314,S,10006,53
2316,B,10000,0
2316,S,9993,40
2318,S,10017,228
2322,S,9993,21
2323,B,9988,31
2323,B,9992,0
2324,B,9986,528
2325,B,9986,468
2326,B,9984,356
2327,S,10003,37
2329,S,9993,6
2331,S,10002,47
2332,S,10015,235
2334,B,9999,90
2334,S,9993,0
2337,B,9999,0
2337,S,9995,4
2338,S,10009,222
2340,S,9989,54
2342,B,9977,9
2342,S,9989,48
2344,B,9987,38
2344,B,9988,0
2347,S,9996,10
2348,S,10012,254
2351,S,9989,10
2354,S,9989,4
2356,S,9989,0
2356,S,9995,0
2356,S,9996,0
2356,S,10002,0
2356,S,10003,27
2358,B,9986,466
2358,B,9987,0
2361,B,9986,455
2362,B,9985,223
2365,B,9985,209
2369,S,10013,267
2371,S,9998,52
2372,S,10006,86
2374,S,10008,53
2378,B,9978,252
2378,B,9992,43
2379,S,10006,105
2380,B,9992,0
2380,S,9989,30
2381,B,9986,365
2383,S,10000,45
2384,S,9997,60
2386,S,9989,0
2386,S,9997,29
2388,B,9986,287
2391,S,10013,361
2392,S,10015,163
2394,B,9979,271
2398,S,9997,0
2398,S,9998,0
2398,S,10000,37
2399,B,9983,183
2399,B,9985,221
2400,S,10000,0
2400,S,10003,0
2400,S,10006,79
2401,S,10019,107
2402,S,9992,97
2404,B,9982,165
2407,B,9984,414
2408,S,10021,1
2410,B,9986,231
2411,S,10009,302
2413,S,9992,59
2415,B,9986,141
2417,S,10012,328
2419,B,9977,0
2421,S,9992,39
2423,S,10013,307
2424,B,9993,15
2424,S,9992,0
2425,S,9995,82
2426,S,9995,79
2427,S,10015,64
2428,S,9995,13
2432,S,10001,28
2435,S,10014,163
2438,B,9992,2
2439,B,9993,30
2442,B,9993,15
2443,S,10006,52
2444,S,10016,102
2446,B,9998,32
2446,S,9995,0
2449,S,10011,141
2453,B,9998,105
2454,B,9981,291
2455,B,9998,19
2457,B,9986,136
2458,S,10001,0
2458,S,10006,37
2464,B,10002,88
2466,B,10002,30
2470,B,10002,19
2472,S,10007,101
2473,B,9992,0
2473,B,9993,0
2473,B,9998,0
2473,B,10002,0
2473,S,9990,31
2476,B,9989,70
2478,S,10003,55
2479,B,9978,203
2480,S,9990,0
2480,S,10003,11
2482,B,10006,40
2482,S,10003,0
2482,S,10006,0
2487,B,9985,132
2488,B,9994,36
2491,B,9994,9
2491,B,10006,0
2493,B,9980,336
2493,B,9994,39
2494,B,9992,61
2495,S,10007,83
2498,S,10009,345
2499,S,10007,41
2503,B,9992,44
2503,B,9994,0
2504,B,10005,36
2512,S,10007,0
2512,S,10008,0
2512,S,10009,342
2514,S,10020,0
2515,S,10012,371
2518,B,9984,491
2519,S,10009,250
2521,B,10002,87
2523,S,10015,45
2523,S,10020,93
2524,B,10005,29
2525,B,10005,12
2526,B,10002,31
2526,B,10005,0
2530,B,9992,38
2530,B,10002,0
2534,B,9986,75
2535,S,10013,405
2537,S,10009,221
2538,S,10009,139
2540,S,10010,211
2541,S,10010,287
2542,S,10019,118
2545,S,10008,95
2547,B,10002,20
2549,S,10016,113
2550,B,9979,215
2551,B,9989,59
2551,B,9992,0
2551,B,10002,0
2552,S,10018,25
2554,S,10013,457
2556,S,10000,47
2557,S,10000,29
2558,B,10007,32
2558,S,10000,0
2559,S,10017,216
2560,B,10007,0
2560,S,10004,27
2562,B,9978,143
2566,S,10010,343
2567,S,10020,152
2568,B,9984,589
2570,B,9999,76
2574,B,9984,512
2574,S,10004,10
2576,S,10018,81
2579,S,10018,151
2580,S,10004,13
2581,B,9990,96
2582,S,10008,131
2586,S,10021,98
2589,B,9990,84
2589,B,9999,0
2590,B,9984,493
2591,B,9998,68
2593,B,9985,154
2596,B,9990,69
2596,B,9998,0
2597,B,9992,46
2598,S,10009,169
2604,B,9991,37
2605,S,10011,108
2606,S,10004,0
2606,S,10008,69
2607,B,9991,0
2607,B,9992,0
2609,B,9985,114
2611,B,9994,96
2613,S,10022,92
2614,S,10014,260
2616,B,9994,74
2617,B,9984,435
2618,S,10008,0
2618,S,10009,151
2623,B,9994,0
2623,S,9994,24
2626,S,9994,15
2627,S,9994,0
2627,S,10009,71
2629,S,9996,65
2631,B,9990,0
2631,S,9990,3
2632,S,10022,0
2634,S,10005,44
2640,S,10009,86
2641,B,9989,75
2643,S,10010,428
2644,B,9978,141
2645,S,9990,0
2645,S,9996,6
2647,S,9996,0
2647,S,10005,38
2648,B,9992,77
2653,S,10005,0
2653,S,10009,26
2654,B,10007,32
2655,S,10009,0
2655,S,10010,414
2658,B,9984,359
2659,B,9996,40
2660,S,10010,340
2662,B,10007,12
2663,B,9981,262
2664,B,10003,57
2665,B,10006,14
2667,B,9982,235
2669,S,10018,213
2671,B,10006,12
2671,B,10007,0
2672,S,10014,172
2673,B,10003,36
2673,B,10006,0
2676,B,9996,21
2676,B,10003,0
2677,S,10011,52
2678,B,9992,2
2678,B,9996,0
2679,S,10010,288
2680,B,9981,173
2681,S,9998,1
2686,S,9998,0
2686,S,10010,265
2687,B,9992,17
2689,S,10010,174
2691,S,10010,103
2693,B,9989,144
2694,S,10010,90
2697,S,10021,135
2698,S,10017,298
2699,B,9987,89
2700,S,10015,109
2702,B,9985,159
2704,B,9989,120
2704,B,9992,0
2706,B,9985,147
2707,S,10004,39
2708,B,9984,271
2709,B,9992,17
2710,B,9992,0
2710,S,9992,18
2715,S,9992,11
2718,B,9989,86
2719,S,10017,216
2721,S,9997,3
2723,S,10008,25
2724,B,9993,60
2724,S,9992,0
2726,S,10019,107
2728,B,9985,102
2728,B,9990,72
2729,B,9990,60
2729,B,9993,0
2731,B,9994,97
2732,S,9997,0
2732,S,10004,0
2732,S,10008,0
2732,S,10010,81
2733,S,10010,28
2737,B,9990,157
2738,S,10017,146
2740,B,9994,81
2740,S,10021,134
2742,B,10001,53
2744,B,9989,115
2746,B,9994,0
2747,S,10010,0
2749,B,9988,90
2752,S,10005,48
2754,S,10005,0
2754,S,10011,28
2756,S,10020,236
2758,S,10012,301
2759,S,10020,322
2761,S,10008,66
2762,S,10013,363
2764,B,9981,88
2764,S,10008,0
2764,S,10011,20
2770,B,10010,45
2771,B,10010,27
2775,B,10001,0
2775,B,10010,0
2775,S,9997,8
2781,B,9975,0
2782,B,10001,87
2782,S,9997,0
2783,B,10001,64
2784,B,9981,134
2785,S,10011,0
2785,S,10012,283
2786,S,10013,265
2787,B,10001,0
2787,S,10001,35
2788,B,9990,94
2790,S,10014,75
2791,S,10020,340
2795,B,9990,162
2796,B,9986,151
2797,S,10013,296
2798,B,10001,19
2798,S,10001,0
2799,B,10010,88
2800,B,9983,236
2802,S,10012,236
2804,B,10001,13
2804,B,10010,0
2806,B,9983,188
2807,B,9982,165
2808,S,10004,94
2809,B,9998,45
2810,B,9982,164
2811,B,10000,50
2812,S,10004,90
2818,S,10004,80
2822,B,9998,30
2822,B,10000,0
2822,B,10001,0
2823,B,9999,95
2826,B,9999,87
2829,B,9999,40
2830,S,10001,26
2832,S,10001,0
2832,S,10004,45
2833,B,9999,12
2835,S,10011,32
2836,B,9984,185
2837,B,9990,122
2837,B,9998,0
2837,B,9999,0
2837,S,10018,143
2838,B,9990,120
2842,S,10008,31
2843,B,9982,220
2844,S,10004,33
2845,B,9989,46
2848,S,10007,68
2849,S,9992,85
2852,B,9990,24
2853,S,10010,56
2855,S,10019,201
2860,S,10002,88
2861,B,9988,85
2861,B,9989,0
2861,B,9990,0
2864,B,9988,175
2866,S,9990,53
2868,S,9990,0
2868,S,9992,78
2871,B,9986,245
2872,S,10007,107
2874,S,9992,31
2876,S,9992,72
2878,B,9988,90
2879,S,9994,25
2880,B,9988,49
2882,B,9987,48
2882,B,9988,0
2883,S,10021,37
2884,S,9997,34
2886,S,9992,64
2888,S,10017,191
2890,S,9997,40
2893,S,9995,81
2894,S,9998,80
2897,S,10000,8
2898,B,9980,327
2899,S,9994,49
2900,B,9983,139
2902,B,9986,194
2902,B,9987,0
2905,S,10014,174
2906,S,9992,2
2908,S,10003,80
2911,S,9987,90
2915,S,10020,427
2916,S,9993,93
2918,S,9987,59
2920,S,9992,102
2922,S,9987,0
2922,S,9992,70
2924,S,10009,74
2926,S,9992,26
2927,S,10009,0
2929,S,9989,38
2930,S,9996,35
2931,S,10013,293
2932,S,9989,0
2932,S,9992,0
2932,S,9993,60
2936,B,9986,150
2937,S,9993,0
2937,S,9994,35
2939,S,9988,58
2940,S,10004,43
2940,S,10012,162
2945,S,10018,169
2946,S,10012,73
2948,S,9995,150
2949,S,9988,23
2950,S,10013,338
2951,S,10002,163
2952,S,9988,0
2952,S,9994,26
2954,B,9990,62
2956,S,9994,0
2956,S,9995,141
2960,S,9995,85
2961,B,9980,257
2962,S,9995,16
2967,B,9989,64
2970,B,9990,22
2972,S,9994,36
2973,S,10013,242
2974,S,9996,80
2975,S,9994,0
2975,S,9995,0
2975,S,9996,47
2979,S,10016,195
2983,S,9996,0
2983,S,9997,4
2985,S,9997,40
2988,S,9997,5
2991,S,10013,158
2993,S,10016,243
2995,S,9997,0
2995,S,9998,48
2996,B,9995,82
2999,S,9998,28
3001,S,10020,452
3005,S,9998,27
3010,S,10020,473
3013,B,9985,124
3014,B,9984,230
3016,B,9984,321
3017,S,10021,109
3018,S,10002,198
3024,S,10007,143
3026,B,9997,78
3030,B,9997,15
3031,B,9995,54
3031,B,9997,0
3032,S,9998,0
3032,S,10000,0
3032,S,10002,143
3033,S,9999,87
3036,S,10014,243
3038,S,10014,272
3039,B,9988,55
3040,B,9995,46
3041,B,9991,54
3042,S,9999,31
3044,B,9999,42
3044,S,9999,0
3046,S,10002,69
3047,S,10018,143
3048,S,10013,165
3050,S,10002,0
3050,S,10003,69
3053,S,10003,5
3057,S,10003,0
3057,S,10004,0
3057,S,10007,128
3058,S,10023,63
3064,B,9988,57
3065,B,9990,109
3066,S,10007,46
3068,B,9994,54
3071,S,10007,27
3073,B,9999,130
3074,B,9995,77
3076,B,9999,51
3078,S,10010,153
3080,B,9993,64
3085,B,9995,32
3085,B,9999,0
3086,B,9987,97
3087,B,9994,17
3087,B,9995,0
3088,B,9979,165
3088,B,9998,92
3089,B,9998,4
3092,B,9987,147
3094,B,9992,99
3095,B,9996,63
3097,S,10015,176
3099,B,9994,16
3099,B,9996,0
3099,B,9998,0
3101,B,9992,84
3101,B,9993,0
3101,B,9994,0
3103,S,10013,245
3107,B,10002,77
3112,B,9997,34
3113,B,9980,185
3121,B,10002,48
3124,B,10002,113
3125,S,10023,96
3129,S,10024,36
3130,B,10002,93
3134,B,9990,120
3137,B,9991,126
3138,B,9991,215
3139,S,10007,0
3139,S,10008,0
3139,S,10010,152
3141,B,10002,87
3143,B,10002,46
3143,S,10021,72
3144,B,9996,28
3145,S,10010,56
3146,B,10002,9
3147,S,10010,37
3148,B,9996,23
3148,B,9997,0
3148,B,10002,0
3150,S,10014,197
3153,S,10010,97
3154,B,10005,45
3155,B,10005,0
3155,S,10002,51
3158,B,9978,74
3159,B,9983,123
3160,S,10008,24
3161,S,10002,42
3163,B,9986,56
3164,S,10002,101
3167,B,9996,0
3167,S,9993,50
3168,S,10023,63
3170,S,9993,72
3172,B,9978,0
3172,S,9993,16
3174,S,9993,0
3174,S,10002,65
3175,B,9982,136
3177,S,10002,30
3178,S,10018,221
3180,S,10002,0
3180,S,10008,14
3182,B,9988,131
3183,B,9992,69
3185,S,10019,219
3187,B,9993,93
3188,S,10008,0
3188,S,10010,47
3190,B,9993,185
3191,B,9987,216
3195,B,9985,102
3197,S,10011,88
3199,B,9993,97
3201,S,10010,0
3201,S,10011,84
3202,S,10016,304
3206,B,9983,150
3208,B,9990,220
3209,B,9980,89
3211,B,10004,5
3212,S,10019,311
3214,S,10017,287
3218,S,10018,292
3220,S,10011,72
3222,B,9983,182
3224,S,10011,29
3225,B,10001,5
3227,S,10011,0
3227,S,10012,60
3230,B,9993,170
3232,S,10022,91
3234,B,10001,0
3234,B,10004,0
3234,S,9998,47
3238,S,9997,97
3239,S,10002,35
3241,B,9996,11
3243,S,9997,39
3245,S,10023,67
3246,B,9979,136
3248,S,9997,0
3248,S,9998,9
3251,B,9993,102
3251,B,9996,0
3252,S,10019,305
3253,B,9993,89
3257,B,9987,284
3259,B,9990,284
3263,S,10016,373
3264,S,9998,0
3266,S,10013,215
3268,S,10004,21
3270,S,10017,257
3271,B,10009,7
3271,S,10002,0
3271,S,10004,0
3272,B,9984,230
3274,S,10017,284
3275,S,10021,0
3278,S,10012,0
3278,S,10013,199
3279,S,10024,78
3281,B,9992,134
3282,S,10018,304
3285,S,10013,194
3286,S,10013,186
3288,B,10007,58
3290,B,10011,71
3292,B,10011,31
3294,B,10007,29
3294,B,10009,0
3294,B,10011,0
3297,B,9983,249
3299,B,9999,10
3301,S,10014,168
3303,S,10013,108
3307,B,9986,142
3308,B,10010,94
3311,B,10010,5
3313,S,10013,90
3314,B,10007,2
3314,B,10010,0
3315,S,10024,36
3316,B,9994,95
3317,B,9992,69
3318,B,10012,66
3320,S,10019,344
3322,B,9992,123
3323,S,10020,414
3325,S,10013,64
3328,S,10015,260
3330,B,10012,19
3331,B,9990,312
3334,B,9986,210
3335,S,10023,129
3337,S,10013,23
3338,B,9990,225
3339,S,10013,0
3339,S,10014,141
3342,B,10012,15
3344,B,10012,0
3345,B,10003,45
3346,B,9991,143
3347,B,10010,75
3348,B,9990,203
3349,S,10014,122
3352,B,9990,175
3354,S,10014,46
3355,B,9991,89
3356,S,10014,0
3356,S,10015,248
3358,B,9994,176
3359,S,10011,21
3361,S,10011,0
3361,S,10015,247
3363,B,10010,58
3364,B,9986,254
3370,S,10018,226
3371,B,10010,53
3373,B,10010,1
3374,B,10004,46
3375,B,10003,2
3375,B,10004,0
3375,B,10007,0
3375,B,10010,0
3377,B,9999,0
3377,B,10003,0
3377,S,9997,15
3378,S,10017,188
3379,S,10021,24
3380,B,9991,148
3381,S,9997,33
3387,B,10004,53
3387,S,9997,0
3389,B,10004,40
3391,B,9989,162
3393,B,9984,319
3397,S,10015,234
3398,B,9984,341
3399,B,9984,430
3402,B,9994,160
3402,B,10004,0
3404,B,10005,29
3407,S,10015,221
3408,B,10005,2
3411,B,10008,32
3413,S,10015,153
3415,B,9984,341
3416,S,10022,164
3417,B,9994,99
3417,B,10005,0
3417,B,10008,0
3418,S,9998,61
3419,B,9994,21
3421,B,9993,26
3421,B,9994,0
3423,S,10011,5
3425,B,9992,134
3427,B,9996,37
3428,S,10020,330
3429,S,9997,10
3431,S,9999,57
3435,B,9996,24
3439,S,10006,23
3442,S,9997,0
3442,S,9998,47
3443,S,10012,45
3444,S,9998,37
3446,S,10022,73
3447,B,9989,174
3448,B,9996,5
3450,S,9998,33
3452,S,9998,0
3452,S,9999,24
3454,B,9989,76
3454,B,9993,60
3459,S,10001,78
3460,S,9999,12
3461,S,10018,170
3462,S,9999,11
3466,S,10004,99
3468,S,10022,109
3471,S,10012,100
3473,S,9999,0
3473,S,10001,61
3474,S,10015,86
3478,B,9992,197
3479,B,9993,39
3479,B,9996,0
3479,S,10020,237
3481,S,10001,17
3482,S,10001,14
3483,B,9991,172
3485,B,9996,50
3486,S,10011,97
3487,B,10001,35
3487,S,10001,0
3488,B,10001,26
3491,B,10001,6
3493,B,10001,0
3493,S,10000,12
3494,B,10000,30
3494,S,10000,0
3495,B,9987,187
3497,S,10020,333
3502,B,9996,44
3502,B,10000,0
3504,S,10012,45
3505,S,10004,21
3506,S,10004,0
3506,S,10006,2
3508,B,10003,73
3511,B,10003,38
3513,S,10006,0
3513,S,10011,42
3515,S,10020,338
3517,S,10017,143
3518,S,10005,12
3519,S,10005,0
3519,S,10011,22
3520,S,10016,291
3521,S,10017,239
3524,S,10019,277
3525,S,10016,328
3529,B,9996,22
3529,B,10003,0
3530,B,9999,18
3532,B,10009,10
3535,S,10011,0
3535,S,10012,35
3539,S,10012,0
3539,S,10015,50
3540,B,9998,24
3541,B,9993,26
3541,B,9996,0
3541,B,9998,0
3541,B,9999,0
3541,B,10009,0
3541,S,10022,36
3542,S,10023,194
3545,S,10009,37
3547,S,10000,2
3547,S,10016,259
3549,B,9993,0
3551,B,9992,135
3553,S,10000,0
3555,S,10004,68
3556,S,10004,62
3559,S,10009,133
3560,S,10023,190
3561,S,10004,26
3564,S,9999,46
3567,S,10005,2
3570,S,9999,0
3570,S,10004,2
3574,S,9994,24
3576,B,9987,265
3577,B,9992,59
3578,B,9987,312
3580,B,9998,63
3580,S,9994,0
3581,S,10016,300
3582,B,9998,49
3583,S,10004,0
3583,S,10005,0
3583,S,10009,116
3584,B,9982,70
3585,S,10007,35
3589,S,10002,36
3590,B,10001,45
3591,B,10001,44
3596,S,10002,0
3596,S,10007,24
3598,S,10021,101
3599,B,9991,249
3603,B,9989,83
3604,B,9998,28
3604,B,10001,0
3605,S,10022,126
3607,B,9992,29
3607,B,9998,0
3608,B,9991,274
3612,S,10018,216
3613,B,9992,28
3615,S,10020,432
3617,S,10007,0
3618,B,10004,73
3622,B,9989,19
3625,B,10004,5
3628,B,9982,56
3630,B,9991,265
3630,B,9992,0
3630,B,10004,0
3631,S,10009,95
3633,S,10022,185
3634,B,9996,93
3637,B,9985,130
3638,S,10009,27
3639,B,9995,82
3641,S,9997,93
3642,S,9997,57
3643,B,10007,15
3643,S,9997,0
3646,S,10009,0
3646,S,10015,11
3647,S,10016,399
3648,S,10013,89
3652,S,10013,83
3653,B,9984,294
3654,B,10007,0
3654,S,10003,17
3655,B,9996,190
3659,S,10003,0
3659,S,10013,42
3660,S,10022,211
3662,B,9986,288
3664,S,10014,12
3666,B,9995,170
3668,S,10018,220
3670,B,9996,145
3672,S,10004,40
3673,S,10018,158
3674,S,10022,121
3675,S,10019,300
3678,S,10000,38
3679,S,10003,47
3681,S,10000,0
3681,S,10003,39
3682,S,10016,401
3684,S,10004,100
3685,S,10019,277
3686,S,10024,63
3687,B,9991,206
3688,B,9984,291
3688,S,10003,0
3688,S,10004,49
3689,S,10016,390
3690,S,10004,0
3690,S,10013,16
3691,B,9985,230
3694,B,9984,269
3695,S,10004,48
3696,B,10004,12
3696,S,10004,0
3697,B,9993,87
3699,S,10022,194
3701,S,10022,158
3702,B,10010,87
3703,B,9999,39
3705,B,9990,250
3709,B,9984,232
3709,B,10011,98
3711,B,9989,12
3712,B,10011,2
3714,B,10010,69
3714,B,10011,0
3717,B,10001,70
3720,B,9996,160
3721,B,10010,2
3723,S,10013,0
3723,S,10014,1
3724,S,10014,78
3725,B,9987,340
3728,B,10011,84
3731,B,9992,82
3732,S,10020,411
3734,S,10022,201
3735,B,9985,202
3736,B,10011,42
3738,B,10011,13
3740,S,10020,480
3742,S,10012,57
3744,S,10016,329
3745,B,10004,6
3745,B,10010,0
3745,B,10011,0
3747,S,10012,5
3750,B,9995,193
3751,B,9980,16
3753,S,10012,0
3753,S,10014,76
3756,S,10008,21
3759,B,9991,291
3760,B,9984,288
3761,S,10023,255
3762,B,9999,15
3762,B,10001,0
3762,B,10004,0
3765,B,10007,31
3768,B,9984,199
3771,B,9990,329
3772,S,10022,219
3773,B,9999,11
3773,B,10007,0
3777,S,10003,25
3780,B,9986,310
3782,B,9999,0
3782,S,9997,69
3783,S,10002,85
3785,S,10013,55
3787,S,9997,0
3787,S,10002,62
3789,S,10002,31
3790,S,10002,0
3790,S,10003,19
3792,S,10003,42
3796,S,10023,299
3798,S,10003,82
3800,S,10003,39
3803,S,10017,268
3807,S,10003,9
3808,B,9988,172
3812,S,10022,245
3813,B,9986,354
3814,S,10002,85
3816,B,9984,258
3817,B,9979,115
3818,S,10002,39
3820,B,9995,287
3822,S,10002,13
3829,B,9996,73
3831,S,10005,27
3833,B,9996,68
3834,B,9996,53
3835,B,9996,8
3837,S,10016,428
3842,B,10009,10
3842,S,10002,0
3842,S,10003,0
3842,S,10005,0
3842,S,10008,0
3843,S,10018,212
3845,S,10011,25
3848,B,10009,98
3849,B,10009,9
3851,B,9995,249
3851,B,9996,0
3851,B,10009,0
3854,S,10019,308
3856,S,9996,31
3857,B,9995,191
3857,S,10019,290
3858,B,9995,130
3859,S,9996,0
3860,B,9995,53
3864,S,10023,374
3865,S,10004,28
3866,B,9986,268
3869,S,10004,16
3870,S,10009,2
3873,B,9995,19
3874,B,10004,57
3874,S,10004,0
3875,B,9993,78
3875,B,9995,0
3875,B,10004,0
3877,S,10009,0
3877,S,10011,1
3879,S,10017,322
3883,B,10001,94
3885,B,9988,214
3887,B,9990,399
3888,S,10022,219
3890,S,10003,75
3891,S,10016,430
3892,B,10000,57
3893,B,10001,88
3895,S,10016,382
3896,B,10003,1
3896,S,10003,0
3898,B,10001,75
3898,B,10003,0
3900,B,9990,320
3901,S,10011,0
3901,S,10013,19
3902,S,10004,16
3903,S,10022,201
3904,B,9985,102
3905,B,10001,8
3906,S,10004,0
3906,S,10013,0
3906,S,10014,64
3909,S,10005,12
3913,S,10009,3
3915,B,10010,55
3915,S,10005,0
3915,S,10009,0
3916,B,10010,37
3918,S,10011,96
3921,B,10010,0
3921,S,10004,42
3922,B,10000,5
3922,B,10001,0
3924,B,9983,218
3927,B,9994,98
3928,B,9994,40
3928,B,10000,0
3930,S,10017,268
3930,S,10028,98
3931,S,10004,34
3932,S,10015,0
3933,S,10004,0
3933,S,10011,90
3934,B,10001,42
3935,B,9986,234
3938,B,10001,36
3941,B,10010,72
3942,S,10020,569
3944,B,10001,25
3944,B,10010,0
3947,S,10009,3
3949,B,9994,13
3949,B,10001,0
3950,B,10007,43
3953,B,9994,6
3953,B,10007,0
3954,S,10009,0
3954,S,10011,34
3955,B,10005,9
3957,B,9993,157
3959,B,10005,4
3960,B,9991,266
3962,S,10011,26
3963,B,9992,128
3967,S,10011,0
3967,S,10014,4
3968,S,10014,0
3968,S,10016,288
3970,B,9992,82
3970,B,10010,23
3971,B,9999,43
3974,B,10006,21
3975,S,10015,39
3979,B,10006,14
3979,B,10010,0
3981,B,9994,2
3981,B,9999,0
3981,B,10005,0
3981,B,10006,0
3981,S,10020,483
3983,B,9991,276
3984,S,10011,56
3986,S,10011,0
3986,S,10015,0
3986,S,10016,285
3988,B,9993,97
3988,B,9994,0
3989,S,10002,62
3990,B,9987,272
3991,S,10009,80
3993,B,9987,291
3997,S,10009,171
4000,S,10005,76
4001,S,10002,10
4003,S,10002,0
4003,S,10005,9
4005,B,9987,344
4006,B,9989,0
4007,S,10003,47
4008,B,9984,199
4010,B,9996,68
4012,S,10003,26
4013,B,9990,365
4014,B,9997,19
4016,S,10017,357
4019,B,9997,8
4022,B,9988,140
4024,B,9996,50
4024,B,9997,0
4027,B,9987,297
4028,S,10012,83
4029,B,9991,370
4030,S,10008,78
4032,S,9998,21
4034,B,9998,31
4034,S,9998,0
4035,B,9991,346
4037,S,10003,0
4037,S,10005,0
4037,S,10008,59
4038,S,10017,396
4040,S,10022,242
4041,B,9987,278
4042,B,9998,0
4045,S,10008,0
4045,S,10009,150
4048,S,10009,78
4049,B,10007,13
4052,B,10007,0
4052,S,10002,37
4054,S,10025,10
4056,S,10002,13
4058,B,9995,98
4059,S,10010,35
4061,S,10002,0
4061,S,10009,68
4062,S,10018,187
4063,B,9996,46
4064,S,10017,307
4066,S,10009,0
4066,S,10010,30
4068,B,9999,51
4072,S,10010,0
4072,S,10012,31
4073,B,9986,212
4075,S,10015,46
4076,S,10012,1
4077,S,10012,0
4077,S,10015,5
4079,S,10015,0
4079,S,10016,207
4083,S,10016,188
4084,S,10019,198
4085,S,10011,32
4086,B,9999,12
4087,S,10019,159
4088,B,9997,77
4090,S,10019,168
4091,B,9987,228
4092,B,9990,432
4094,B,10007,38
4096,B,10007,134
4098,B,10000,95
4100,B,10013,25
4100,S,10011,0
4101,B,9984,154
4104,S,10016,186
4105,S,10016,145
4106,B,10007,129
4106,B,10013,0
4107,B,10007,33
4108,B,9988,207
4113,S,10016,63
4115,S,10017,381
4117,B,9990,436
4119,S,10011,32
4121,B,10007,25
4123,B,10007,0
4123,S,10006,15
4126,B,10000,25
4127,B,9983,191
4127,B,9988,285
4128,S,10015,46
4139,S,10006,93
4140,S,10023,394
4143,S,10006,50
4146,S,10025,81
4147,B,10000,19
4148,S,10006,0
4148,S,10011,0
4148,S,10015,28
4149,S,10012,18
4151,B,9997,74
4151,B,9999,0
4151,B,10000,0
4154,S,10019,159
4155,S,10012,0
4155,S,10015,0
4155,S,10016,62
4157,B,9997,71
4158,B,10007,80
4159,S,10015,9
4161,B,9990,366
4163,B,9989,1
4164,S,10026,4
4166,B,9998,27
4167,S,10015,0
4167,S,10016,2
4169,B,9998,19
4169,B,10007,0
4171,B,9988,207
4172,S,10014,59
4174,B,9991,353
4176,B,9997,28
4176,B,9998,0
4177,S,10014,0
4177,S,10016,0
4177,S,10017,373
4180,B,10008,35
4182,S,10014,12
4183,B,10008,6
4185,S,10011,45
4189,S,10011,0
4189,S,10014,0
4189,S,10017,366
4193,B,10008,0
4193,S,10007,94
4194,S,10017,292
4195,S,10007,35
4197,S,10007,8
4199,S,10006,82
4201,B,10003,90
4203,S,10009,20
4204,S,10022,201
4205,S,10006,81
4207,B,10003,61
4212,S,10019,212
4215,S,10006,4
4216,S,10024,130
4219,B,9998,11
4221,S,10006,0
4221,S,10007,0
4221,S,10009,0
4221,S,10017,291
4222,S,10017,264
4223,S,10009,29
4225,S,10007,95
4227,S,10015,84
4229,S,10029,41
4233,B,9992,90
4234,S,10017,340
4235,B,9992,82
4236,B,9998,0
4236,B,10003,0
4236,S,9998,14
4236,S,10020,396
4237,B,10006,4
4237,S,9998,0
4240,B,9995,97
4240,B,9996,0
4240,B,9997,0
4240,B,10006,0
4241,S,10007,74
4242,S,10020,378
4243,S,10014,81
4244,S,10020,309
4249,S,10007,40
4250,S,9996,73
4253,B,9983,159
4254,S,9996,0
4254,S,10007,21
4257,S,10007,0
4257,S,10009,0
4257,S,10014,32
4261,S,10023,329
4262,B,10013,14
4263,B,9999,38
4264,S,10019,282
4265,B,10001,6
4266,S,10014,0
4266,S,10015,17
4267,B,9985,92
4275,B,10015,50
4275,S,10015,0
4276,B,10007,46
4277,B,10006,38
4280,B,10015,31
4281,S,10017,292
4282,B,10007,34
4282,B,10013,0
4282,B,10015,0
4283,S,10017,278
4284,S,10017,197
4285,S,10017,254
4288,B,10007,7
4290,S,10012,95
4291,B,9998,92
4293,S,10032,94
4295,S,10012,59
4298,B,10006,13
4298,B,10007,0
4300,S,10020,338
4305,S,10012,31
4307,S,10012,29
4309,B,9990,321
4309,B,10006,104
4310,S,10025,141
4312,B,10007,49
4313,S,10018,175
4314,S,10012,0
4314,S,10017,212
4319,S,10017,188
4320,S,10029,83
4322,B,10007,32
4323,S,10026,73
4324,B,10000,17
4328,S,10018,185
4330,S,10017,117
4331,B,9984,98
4334,S,10023,418
4338,S,10023,430
4339,S,10017,91
4341,S,10017,69
4345,B,9993,153
4346,S,10017,0
4346,S,10018,163
4347,B,10007,17
4349,B,9988,205
4349,B,10015,6
4352,B,9999,130
4353,B,10007,3
4353,B,10015,0
4354,B,10001,29
4357,S,10025,145
4359,B,10016,1
4360,S,10018,104
4361,S,10018,14
4362,S,10018,0
4362,S,10019,279
4363,B,10007,0
4363,B,10016,0
4365,S,10028,144
4368,S,10011,94
4372,B,10006,71
4373,S,10030,2
4375,B,10010,7
4377,B,9983,106
4379,B,10006,0
4379,B,10010,0
4379,S,10003,18
4381,B,10000,6
4381,B,10001,0
4383,S,10003,0
4383,S,10011,34
4384,B,9990,221
4386,B,9999,118
4386,B,10000,0
4390,S,10013,51
4394,S,10014,27
4398,S,10021,156
4399,S,10029,154
4401,S,10011,0
4401,S,10013,50
4402,B,10007,15
4403,B,9999,82
4403,B,10007,0
4405,B,10000,76
4406,S,10013,0
4406,S,10014,25
4407,B,9993,97
4408,S,10014,3
4409,B,9997,53
4411,S,10018,76
4412,S,10032,178
4415,S,10014,0
4415,S,10018,0
4415,S,10019,263
4416,B,10013,84
4417,S,10019,232
4418,B,10013,8
4420,B,10012,34
4423,B,9993,139
4426,S,10033,52
4428,B,10012,26
4428,B,10013,0
4431,S,10029,160
4432,S,10020,249
4434,B,10016,74
4436,B,10016,6
4437,B,9989,0
4438,B,10012,0
4438,B,10016,0
4438,S,10007,51
4442,S,10007,0
4442,S,10019,216
4445,S,10004,31
4446,S,10004,0
4450,B,10009,52
4452,B,10009,3
4452,S,10023,341
4453,B,10006,18
4454,B,10000,34
4454,B,10006,0
4454,B,10009,0
4455,S,10022,285
4458,S,10030,81
4459,S,10010,38
4460,S,10025,159
4461,S,10010,28
4463,B,10018,46
4463,S,10010,0
4465,S,10019,141
4467,S,10019,66
4471,B,10002,3
4474,S,10022,307
4477,S,10019,0
4477,S,10020,223
4478,S,10027,21
4479,S,10022,264
4480,B,9996,84
4484,B,10003,51
4486,B,10017,99
4488,B,10017,88
4488,B,10018,0
4491,S,10023,407
4493,B,9993,231
4495,B,10012,59
4496,S,10023,344
4498,S,10020,167
4499,B,10008,30
4503,B,10001,40
4505,B,9987,159
4506,B,10017,65
4507,S,10020,121
4508,B,9998,186
4509,S,10019,78
4514,S,10032,215
4516,B,10010,99
4518,B,10017,0
4518,S,10017,8
4520,S,10017,0
4520,S,10019,20
4522,B,10010,185
4529,B,9998,200
4532,S,10031,4
4534,S,10017,46
4535,B,10012,20
4536,S,10017,0
4536,S,10019,0
4536,S,10020,117
4540,B,10010,114
4540,B,10012,0
4540,S,10021,132
4541,B,10010,58
4542,S,10012,73
4543,B,10010,18
4544,S,10015,11
4548,B,9998,106
4549,S,10012,43
4550,B,10010,0
4550,S,10009,76
4551,S,10009,7
4553,B,9983,67
4554,S,10009,0
4554,S,10012,0
4554,S,10015,0
4554,S,10020,105
4562,B,10008,7
4565,S,10024,94
4567,B,10014,100
4570,S,10020,28
4579,S,10020,10
4580,B,10020,87
4580,S,10020,0
4581,S,10034,4
4583,B,10020,148
4585,B,10015,78
4592,B,10004,62
4593,S,10031,92
4595,B,10020,65
4598,B,10020,57
4598,S,10026,4
4599,S,10021,44
4600,B,10015,40
4600,B,10020,0
4606,B,10005,12
4608,S,10028,181
4609,S,10021,0
4609,S,10022,255
4611,S,10026,66
4616,B,10015,83
4617,S,10025,88
4618,S,10030,174
4622,B,9997,74
4623,S,10022,229
4626,S,10023,278
4627,B,10010,39
4628,B,9998,176
4629,B,10015,23
4630,S,10022,157
4631,B,10014,59
4631,B,10015,0
4635,S,10033,96
4636,S,10015,90
4637,B,9997,123
4638,S,10015,0
4639,S,10024,161
4641,S,10022,98
4643,S,10025,161
4645,B,10001,92
4647,S,10022,64
4650,B,10014,58
4655,S,10022,41
4656,B,10010,34
4656,B,10014,0
4658,S,10022,0
4658,S,10023,236
4660,S,10029,203
4662,B,10022,3
4664,B,10004,92
4667,B,10010,31
4667,B,10022,0
4669,B,10013,7
4673,B,10010,0
4673,B,10013,0
4673,S,10009,19
4674,S,10009,0
4674,S,10023,186
4675,S,10023,139
4681,S,10023,50
4682,B,10003,83
4685,S,10012,55
4689,S,10012,2
4692,S,10022,36
4693,B,10004,41
4693,B,10005,0
4693,B,10008,0
4694,B,10018,31
4694,S,10012,0
4697,B,10018,0
4697,S,10010,58
4699,S,10010,39
4700,B,10001,122
4701,B,9987,131
4707,B,9990,154
4708,B,10021,59
4708,S,10010,0
4709,S,10031,144
4711,B,10015,69
4712,B,10003,96
4713,B,9990,79
4714,B,10015,49
4714,B,10021,0
4716,B,10012,39
4717,B,9993,213
4719,S,10034,81
4720,B,10011,93
4722,B,10011,92
4722,B,10012,0
4722,B,10015,0
4724,B,10006,43
4726,S,10021,11
4728,B,10017,28
4732,S,10021,0
4732,S,10022,0
4732,S,10023,46
4736,S,10033,99
4737,B,10011,82
4737,B,10017,0
4739,B,10020,12
4741,B,10020,0
4741,S,10013,16
4744,S,10025,216
4749,B,10011,3
4750,S,10021,14
4758,S,10019,88
4760,B,9995,157
4761,B,9987,78
4764,B,10008,86
4765,S,10013,0
4768,S,10024,251
4769,B,10008,0
4769,B,10011,0
4771,S,10033,47
4773,S,10019,60
4774,S,10019,47
4775,S,10025,279
4776,S,10019,109
4778,S,10019,54
4780,B,10004,117
4782,S,10019,38
4783,B,10006,27
4785,B,10016,80
4787,B,10011,69
4789,B,9997,142
4792,B,10016,75
4793,S,10034,91
4795,B,10002,54
4799,B,10016,59
4800,B,10016,21
4805,B,9999,93
4806,B,10010,37
4807,S,10019,0
4807,S,10021,0
4807,S,10023,17
4810,S,10027,93
4810,S,10029,161
4811,B,10011,98
4812,B,10009,79
4813,B,10011,24
4813,B,10016,0
4814,B,9998,106
4816,S,10020,46
4817,S,10035,80
4819,S,10026,62
4821,S,10024,184
4822,B,10009,53
4822,B,10010,0
4822,B,10011,0
4823,S,10010,8
4824,S,10029,225
4825,B,10002,149
4826,S,10024,117
4828,S,10029,154
4829,B,9994,64
4830,S,10029,148
4831,B,10004,112
4831,B,10006,0
4831,B,10009,0
4833,B,10004,21
4835,B,9998,151
4838,S,10014,5
4842,S,10010,0
4842,S,10014,0
4842,S,10020,0
4842,S,10023,0
4842,S,10024,116
4846,B,9999,152
4847,S,10024,90
4848,S,10020,72
4849,S,10020,8
4853,B,10003,46
4853,B,10004,0
4854,S,10030,272
4856,S,10006,7
4859,S,10006,0
4859,S,10020,0
4859,S,10024,43
4860,B,9999,232
4862,B,9998,106
4865,S,10024,0
4865,S,10025,251
4866,B,10019,45
4867,S,10035,81
4871,B,9985,27
4873,B,10010,66
4876,B,10002,229
4878,B,10019,32
4880,B,10016,35
4882,B,9998,121
4884,S,10025,152
4885,B,10008,29
4889,B,10006,17
4891,S,10025,215
4893,B,10020,76
4894,B,10001,82
4895,S,10025,140
4897,B,10020,67
4899,S,10031,161
4901,B,9987,0
4908,B,10019,30
4908,B,10020,0
4910,B,10010,44
4910,B,10016,0
4910,B,10019,0
4911,S,10013,80
4913,S,10013,1
4915,B,10010,0
4915,S,10010,31
4918,S,10010,14
4919,B,9979,21
4919,B,10021,63
4919,S,10010,0
4919,S,10013,0
4924,B,10010,96
4926,B,10008,86
4928,S,10025,49
4929,S,10032,121
4930,S,10025,28
4932,S,10031,73
4935,B,10012,96
4936,B,10008,97
4937,B,10021,41
4938,B,10021,18
4940,S,10028,135
4942,B,10020,2
4943,B,10008,147
4945,S,10037,25
4947,B,10002,309
4949,B,10021,7
4952,B,9997,89
4956,B,10021,5
4959,B,9988,150
4961,B,9999,254
4964,S,10027,193
4965,S,10025,0
4965,S,10026,47
4966,B,10011,29
4967,S,10032,143
4969,B,10012,40
4969,B,10020,0
4969,B,10021,0
4974,S,10033,143
4976,S,10031,168
4977,S,10026,0
4977,S,10027,148
4979,B,10012,33
4981,S,10027,136
4982,S,10027,135
4986,B,10012,0
4986,S,10012,40
4987,S,10012,22
4988,S,10016,57
4989,S,10024,43
4992,B,10000,62
4994,B,10016,9
4994,S,10012,0
4994,S,10016,0
4995,S,10036,70
4996,B,10025,55
4996,S,10024,0
4997,S,10031,164
4999,S,10031,195
5000,S,10036,77
5001,S,10033,99
5003,B,10025,11
5008,B,10016,5
5008,B,10025,0
5010,B,10016,0
5011,S,10031,164
5015,B,10026,2
5016,B,10010,70
5016,B,10011,0
5016,B,10026,0
5017,B,10021,98
5018,S,10027,71
5020,S,10027,22
5021,S,10027,0
5021,S,10028,84
5022,B,10000,34
5023,B,10021,46
5027,S,10034,127
5030,B,9998,186
5031,S,10030,340
5032,B,9998,239
5033,B,10002,214
5034,S,10028,0
5034,S,10029,133
5036,S,10032,154
5039,B,10013,2
5041,B,10021,57
5043,S,10029,65
5045,B,10010,39
5045,B,10013,0
5045,B,10021,0
5048,B,10010,14
5049,B,10007,87
5058,B,9985,22
5059,B,10008,182
5061,B,10008,272
5062,B,10008,246
5062,B,10010,0
5064,S,10031,185
5067,B,10010,12
5068,S,10026,73
5070,S,10016,44
5072,S,10016,18
5074,B,10006,80
5076,B,10008,232
5076,B,10010,0
5078,S,10015,91
5079,S,10015,55
5080,B,10008,225
5085,B,9997,68
5085,S,10015,43
5088,S,10023,81
5089,S,10015,11
5091,S,10035,80
5098,S,10015,0
5098,S,10016,8
5099,B,10009,12
5101,B,10008,162
5101,B,10009,0
5108,S,10016,0
5108,S,10023,1
5110,S,10015,2
5111,S,10033,182
5112,B,10008,99
5115,B,10016,14
5115,S,10015,0
5117,B,10016,0
5117,S,10012,76
5118,B,10019,14
5118,S,10012,0
5119,B,10018,54
5122,B,10018,24
5122,B,10019,0
5123,S,10033,99
5125,B,10001,105
5126,B,10021,78
5127,B,10022,13
5128,B,9998,147
5129,S,10036,7
5130,B,10017,23
5132,B,10022,3
5135,B,10021,26
5135,B,10022,0
5136,B,10003,33
5138,B,9999,324
5139,S,10023,0
5139,S,10026,44
5141,B,10001,75
5142,B,10016,75
5143,B,9986,144
5144,B,10025,2
5146,B,10010,81
5149,B,10016,53
5149,B,10017,0
5149,B,10018,0
5149,B,10021,0
5149,B,10025,0
5150,S,10026,0
5150,S,10029,49
5153,B,10015,92
5156,B,10001,106
5157,S,10022,21
5159,S,10022,0
5159,S,10029,0
5159,S,10030,311
5162,B,10006,135
5163,S,10036,87
5164,S,10030,298
5166,S,10022,52
5167,B,10012,74
5168,B,10012,110
5170,B,10010,0
5172,B,10016,35
5173,S,10036,80
5178,B,10010,27
5180,S,10017,66
5182,B,9999,396
5188,S,10017,0
5188,S,10022,32
5190,S,10017,37
5192,S,10017,0
5192,S,10022,9
5195,B,9995,60
5196,B,10004,19
5197,B,10003,88
5198,B,10010,47
5199,B,10013,27
5200,B,10024,68
5200,S,10022,0
5201,B,10023,95
5204,B,10003,87
5206,S,10030,242
5207,B,10024,47
5208,S,10030,185
5210,S,10032,243
5211,B,10008,9
5212,B,10002,237
5213,B,10002,157
5214,B,10023,90
5214,B,10024,0
5218,B,9988,108
5218,B,10008,93
5220,B,9999,314
5221,S,10030,177
5223,B,10023,82
5225,B,10008,152
5228,B,9998,176
5230,S,10030,77
5232,B,10023,33
5234,B,10027,57
5241,B,10023,20
5241,B,10027,0
5242,B,10024,7
5243,B,10028,16
5244,S,10031,133
5245,B,10010,27
5247,B,10018,75
5248,B,10020,6
5250,B,10009,30
5252,B,10028,39
5255,B,10018,59
5255,B,10020,0
5255,B,10023,0
5255,B,10024,0
5255,B,10028,0
5256,B,10029,18
5257,B,9999,292
5258,B,10018,26
5258,B,10029,0
5260,B,10012,202
5262,S,10027,48
5264,S,10023,42
5267,B,9990,75
5268,S,10023,0
5268,S,10027,6
5269,B,10018,0
5271,B,10004,26
5272,S,10019,99
5279,B,10009,0
5280,B,9988,67
5280,B,9996,141
5281,S,10024,66
5282,S,10019,56
5283,B,10017,93
5285,S,10027,39
5286,B,10003,170
5289,S,10019,26
5290,B,10018,89
5292,S,10020,27
5294,B,9986,88
5295,S,10027,127
5296,B,10011,92
5299,B,10018,24
5301,B,10018,12
5304,B,9996,220
5305,B,10017,73
5305,B,10018,0
5307,B,9982,0
5307,S,10019,0
5307,S,10020,25
5308,B,10016,79
5311,S,10025,85
5312,B,10016,57
5312,B,10017,0
5313,B,10000,97
5314,B,9997,19
5315,B,10015,73
5315,B,10016,0
5316,B,10015,0
5317,B,10005,88
5319,B,10013,24
5322,B,10001,123
5323,S,10020,1
5326,S,10019,92
5327,B,9999,392
5329,B,10008,68
5331,S,10019,34
5332,B,10012,154
5332,B,10013,0
5334,B,10012,142
5335,S,10035,0
5337,S,10019,0
5337,S,10020,0
5337,S,10024,14
5338,B,10001,92
5339,B,10012,43
5340,B,10003,189
5341,B,9996,136
5346,S,10026,78
5347,B,9995,0
5348,S,10017,19
5351,S,10030,115
5353,S,10017,18
5355,B,9990,11
5357,B,10012,7
5358,S,10017,11
5360,B,9998,256
5362,S,10017,34
5364,B,10011,81
5364,B,10012,0
5367,S,10017,19
5369,B,10014,26
5370,B,9993,171
5373,S,10020,81
5375,B,10001,106
5376,S,10029,29
5381,S,10017,0
5381,S,10020,28
5384,B,10011,36
5384,B,10014,0
5386,B,10008,46
5386,B,10010,0
5386,B,10011,0
5387,B,10022,43
5387,S,10020,0
5389,B,10007,80
5389,B,10008,0
5389,B,10022,0
5390,S,10020,32
5392,S,10028,84
5394,S,10014,12
5396,B,9986,44
5398,S,10019,31
5399,B,10007,26
5401,S,10014,0
5402,B,10006,72
5402,S,10019,0
5402,S,10020,23
5403,S,10020,0
5403,S,10024,0
5403,S,10025,61
5405,B,10017,54
5406,B,9981,46
5406,S,10025,59
5407,B,10003,264
5411,S,10025,95
5412,S,10022,51
5413,S,10026,0
5415,B,10015,33
5416,B,10015,64
5420,S,10029,0
5421,B,9998,191
5422,S,10022,13
5423,B,10012,56
5425,B,10014,77
5426,S,10026,62
5428,B,10000,160
5431,B,10021,73
5433,B,10021,0
5433,S,10020,14
5435,B,10019,4
5437,S,10021,48
5438,S,10032,206
5439,B,10017,37
5439,B,10019,0
5441,B,9996,149
5442,S,10020,0
5442,S,10021,37
5444,B,10021,7
5444,S,10021,0
5446,S,10025,100
5448,B,10016,36
5452,B,10017,0
5453,B,10015,23
5453,B,10016,0
5453,B,10021,0
5454,B,10014,74
5454,B,10015,0
5455,S,10023,65
5457,S,10022,0
5457,S,10023,0
5457,S,10025,83
5458,B,10002,106
5459,S,10028,103
5460,S,10028,84
5461,S,10025,33
5462,S,10033,96
5467,B,10011,82
5468,S,10031,229
5469,S,10025,0
5469,S,10026,9
5470,S,10026,0
5470,S,10027,39
5471,B,10000,194
5474,S,10020,15
5476,S,10020,0
5476,S,10027,18
5478,B,10014,46
5481,B,10012,7
5481,B,10014,0
5482,B,10006,96
5485,S,10027,0
5485,S,10028,27
5486,B,10007,31
5487,S,10028,0
5487,S,10030,59
5489,S,10017,7
5491,B,10013,5
5493,B,10007,65
5494,B,10005,0
5495,B,9991,273
5497,B,10011,72
5497,B,10012,0
5497,B,10013,0
5499,B,10019,5
5499,S,10017,0
5500,B,9996,70
5503,B,9999,292
5504,B,10019,0
5504,S,10014,66
5505,S,10014,28
5506,B,9998,198
5510,B,10011,0
5510,S,10010,24
5512,B,10007,27
5513,S,10030,69
5516,B,10006,63
5516,B,10007,0
5517,B,10006,14
5518,B,10004,7
5520,B,10003,221
5520,B,10004,0
5520,B,10006,0
5523,S,10013,84
5524,B,10003,177
5525,S,10006,34
5526,S,10006,0
5526,S,10010,0
5526,S,10013,65
5527,S,10022,69
5529,B,10003,147
5532,B,9997,86
5534,S,10013,49
5538,B,10011,17
5540,S,10013,21
5541,B,9999,220
5542,B,9996,95
5544,B,9984,0
5546,S,10013,18
5547,B,10003,103
5547,B,10011,0
5550,S,10013,0
5550,S,10014,24
5553,B,10008,57
5554,S,10014,0
5554,S,10022,63
5557,S,10026,94
5559,S,10022,0
5559,S,10026,82
5561,B,9996,38
5561,B,10008,150
5562,B,9997,178
5565,S,10034,117
5566,B,9999,228
5567,S,10026,26
5569,S,10020,43
5570,B,10008,140
5575,S,10020,0
5575,S,10026,11
5576,B,10016,21
5577,B,10016,0
5577,S,10013,55
5579,B,10008,109
5580,B,10011,79
5582,S,10013,0
5582,S,10026,0
5582,S,10030,43
5583,B,9990,0
5587,B,10026,16
5589,B,10026,0
5589,S,10022,33
5594,B,10023,67
5594,S,10022,0
5598,B,10025,91
5599,S,10030,10
5602,S,10033,137
5603,B,10025,2
5604,B,10001,92
5605,B,10006,90
5608,S,10032,278
5610,B,10023,38
5610,B,10025,0
5612,B,9999,261
5615,S,10030,0
5615,S,10031,222
5619,B,9998,218
5622,B,10011,24
5622,B,10023,0
5623,B,9997,220
5627,B,10002,83
5629,B,10011,7
5630,S,10024,70
5631,B,10000,131
5633,S,10020,52
5635,B,10015,29
5636,S,10020,39
5637,S,10033,201
5640,B,10015,25
5641,B,10002,154
5647,S,10020,7
5648,B,10015,14
5649,S,10021,56
5651,B,10008,127
5652,B,10018,84
5656,B,10009,22
5660,B,10001,136
5661,S,10024,161
5663,S,10027,23
5664,B,9999,307
5668,B,10017,31
5670,B,10018,54
5671,B,9995,82
5676,S,10020,0
5676,S,10021,55
5678,S,10020,33
5680,B,9988,0
5680,S,10020,0
5680,S,10021,0
5680,S,10024,158
5681,S,10024,123
5682,S,10031,127
5684,S,10024,89
5686,S,10023,9
5690,B,10001,145
5692,B,10017,3
5692,B,10018,0
5693,B,10002,232
5694,B,10015,7
5694,B,10017,0
5696,S,10023,0
5696,S,10024,57
5699,S,10033,266
5701,S,10032,281
5702,B,10008,93
5702,B,10009,0
5702,B,10011,0
5702,B,10015,0
5705,B,10008,86
5707,S,10023,63
5710,B,10008,21
5714,S,10023,56
5715,S,10023,11
5716,S,10023,0
5716,S,10024,47
5718,S,10018,6
5722,B,10006,89
5722,B,10008,0
5725,S,10012,36
5728,B,10006,85
5729,B,9995,0
5730,S,10012,0
5734,B,10006,58
5738,B,10030,4
5738,S,10018,0
5738,S,10024,0
5738,S,10027,0
5741,B,10028,7
5745,B,10025,43
5746,B,10002,241
5747,B,9997,299
5748,B,10028,0
5748,B,10030,0
5748,S,10026,8
5749,S,10032,278
5752,S,10034,81
5753,B,10007,29
5754,B,10020,20
5756,B,10019,58
5757,S,10026,89
5758,B,9998,228
5760,B,10025,0
5760,S,10023,32
5761,S,10026,8
5763,B,10003,84
5763,S,10023,0
5763,S,10026,0
5763,S,10031,67
5765,B,10020,4
5768,B,10007,16
5768,B,10019,0
5768,B,10020,0
5769,B,10017,34
5770,B,10006,46
5770,B,10007,0
5770,B,10017,0
5772,B,10008,70
5773,S,10011,24
5775,B,9997,280
5775,B,10009,87
5777,B,10027,21
5777,S,10011,0
5778,B,10027,10
5780,B,10001,243
5784,B,10002,232
5785,B,10004,37
5786,B,10027,0
5786,S,10027,52
5787,B,10003,159
5788,B,10000,97
5789,B,9996,62
5789,B,9999,296
5791,B,10009,31
5793,B,9983,0
5795,B,10025,80
5796,B,10025,0
5797,S,10021,53
5799,S,10018,93
5801,S,10032,289
5805,S,10018,73
5807,B,10016,13
5813,S,10018,27
5815,B,9996,91
5816,B,10009,29
5816,B,10016,0
5817,S,10018,0
5817,S,10021,36
5819,S,10024,7
5820,S,10033,314
5823,B,10008,39
5823,B,10009,0
5825,B,10019,90
5826,S,10023,7
5827,B,10005,7
5830,B,9994,155
5832,S,10026,75
5835,B,10019,32
5836,B,10002,233
5837,B,10002,153
5839,S,10021,0
5839,S,10023,2
5840,S,10023,0
5840,S,10024,0
5842,B,10019,30
5843,S,10026,56
5846,S,10026,0
5846,S,10027,20
5847,B,10023,89
5849,B,10023,8
5851,B,10008,38
5851,B,10019,0
5851,B,10023,0
5854,B,10015,56
5856,S,10027,0
5856,S,10031,16
5857,S,10020,62
5859,S,10022,62
5861,S,10020,0
5861,S,10022,32
5862,B,10015,55
5866,B,10015,30
5867,S,10033,266
5868,B,10012,96
5869,B,10011,49
5870,S,10025,49
5872,B,10003,199
5875,B,10012,68
5875,B,10015,0
5877,B,10012,3
5878,B,10003,240
5882,S,10022,0
5882,S,10025,20
5883,S,10025,0
5883,S,10031,0
5883,S,10032,249
5884,B,10012,0
5884,S,10012,90
5886,B,10006,52
5890,B,10009,36
5892,B,10003,275
5894,B,10002,195
5896,S,10024,70
5898,S,10012,84
5899,S,10012,18
5901,S,10012,6
5902,B,10018,94
5902,S,10012,0
5903,B,10002,117
5904,B,10003,314
5906,B,10030,29
5906,S,10024,0
5910,B,10011,102
5911,B,10027,18
5913,B,10030,2
5915,B,10024,9
5917,B,10013,83
5920,B,10024,4
5920,B,10027,0
5920,B,10030,0
5922,B,10016,15
5924,B,10024,0
5930,S,10032,280
5933,B,10031,82
5934,B,9999,322
5936,B,9995,54
5937,S,10034,175
5939,B,10018,85
5939,B,10031,0
5940,B,10006,46
5943,B,10005,97
5944,B,10003,305
5945,S,10023,65
5948,S,10019,23
5950,B,9999,350
5952,S,10019,6
5954,B,9998,214
5955,B,10017,6
5957,S,10021,57
5961,S,10023,0
5962,B,10018,74
5963,B,10018,84
5965,B,10018,64
5967,B,10013,101
5968,S,10019,0
5968,S,10021,0
5968,S,10032,255
5969,B,10003,314
5971,B,10004,99
5974,S,10035,47
5976,B,9998,229
5979,B,9999,280
5981,B,10022,63
5984,S,10032,301
5988,B,10022,57
5989,B,10017,0
5990,B,10018,27
5990,B,10022,0
5991,B,10013,78
5991,B,10016,0
5991,B,10018,0
5993,B,10025,43
5995,S,10029,23
5996,B,9997,290
5999,B,10025,0
5999,S,10024,17
6000,B,10017,4
6002,S,10024,8
6004,B,10008,108
6006,S,10032,229
6007,S,10021,67
6010,S,10030,27
6012,B,10011,95
6012,B,10013,0
6012,B,10017,0
6015,B,10018,2
6017,B,9994,64
6018,B,10008,182
6019,B,10011,78
6019,B,10018,0
6020,B,10011,56
6023,S,10021,38
6024,S,10018,98
6027,B,10009,128
6028,S,10018,13
6030,S,10028,38
6031,B,9996,67
6032,B,10009,123
6032,B,10011,0
6034,B,10003,323
6040,S,10018,0
6040,S,10021,0
6040,S,10024,0
6040,S,10028,10
6041,S,10016,94
6042,B,10009,25
6043,S,10010,14
6044,B,10002,114
6044,B,10007,14
6047,B,10009,0
6047,S,10009,14
6048,B,9998,219
6051,B,10008,179
6052,S,10009,0
6052,S,10010,6
6054,B,9996,120
6056,B,10004,62
6058,S,10010,0
6058,S,10016,58
6060,S,10030,40
6061,B,10000,34
6062,B,10011,55
6064,B,9999,340
6068,S,10033,323
6070,B,10009,15
6072,B,10006,0
6073,B,10001,278
6074,S,10024,5
6076,S,10028,72
6078,B,10011,27
6084,S,10027,1
6086,B,10008,168
6086,B,10009,0
6086,B,10011,0
6087,S,10015,18
6088,B,10008,134
6089,B,10020,21
6089,S,10015,0
6089,S,10016,0
6091,B,10008,72
6091,B,10020,0
6092,B,10003,282
6094,B,10008,6
6096,S,10011,21
6097,B,10003,332
6100,S,10035,142
6104,B,10005,166
6106,B,9991,188
6106,B,10002,160
6107,B,10017,5
6107,S,10011,0
6109,B,10017,0
6109,S,10014,19
6113,S,10014,18
6114,B,10003,336
6115,S,10024,0
6116,B,10008,62
6120,B,10008,30
6121,B,10011,56
6123,S,10014,0
6123,S,10027,0
6123,S,10028,0
6123,S,10029,15
6124,B,10003,301
6125,S,10030,129
6127,B,10001,344
6131,S,10029,0
6131,S,10030,46
6136,B,10010,89
6137,S,10016,93
6138,S,10032,252
6140,B,10003,226
6142,S,10016,10
6144,B,10010,80
6144,B,10011,0
6145,B,10008,49
6147,B,9994,0
6147,B,10007,102
6148,S,10011,95
6151,S,10011,45
6152,S,10033,259
6153,S,10021,90
6159,B,10005,245
6163,S,10032,301
6164,B,10016,3
6164,S,10011,0
6164,S,10016,0
6165,S,10032,325
6166,S,10021,18
6168,B,10010,15
6168,B,10016,0
6171,S,10035,234
6173,B,10008,137
6175,S,10021,11
6176,B,10008,89
6176,B,10010,0
6179,B,10029,5
6179,S,10021,0
6181,B,10006,67
6183,B,10008,1
6183,B,10029,0
6187,B,10017,68
6191,B,10017,64
6192,B,10007,14
6194,S,10028,27
6195,B,10026,54
6196,B,10028,47
6196,S,10028,0
6200,B,9997,198
6201,B,10028,0
6201,S,10027,52
6203,B,10026,0
6204,B,10006,59
6204,B,10007,0
6204,B,10008,0
6204,B,10017,0
6206,B,9999,346
6208,S,10010,24
6209,S,10010,0
6209,S,10027,20
6211,S,10010,63
6212,S,10010,0
6213,B,10001,278
6214,B,10025,15
6215,B,10017,14
6217,B,10017,0
6217,B,10025,0
6217,S,10015,1
6219,B,10005,221
6219,B,10006,0
6221,S,10020,65
6224,B,10005,177
6226,S,10032,328
6231,S,10024,18
6233,S,10026,83
6234,S,10033,218
6235,S,10015,0
6235,S,10020,2
6238,B,10003,267
6242,B,10005,128
6243,B,9999,375
6244,B,10018,98
6246,B,10018,76
6248,S,10021,17
6248,S,10032,239
6249,S,10020,0
6249,S,10021,0
6249,S,10024,0
6249,S,10026,67
6251,B,10018,0
6252,B,10005,51
6253,B,10023,69
6254,B,10003,217
6254,B,10008,46
6255,B,10014,46
6257,B,9998,212
6257,B,10008,52
6259,B,9999,402
6261,S,10026,46
6263,S,10029,29
6266,S,10026,36
6270,B,9999,343
6272,B,10023,65
6273,B,10001,297
6275,S,10036,0
6276,B,10023,60
6277,B,9998,268
6278,B,10014,41
6278,B,10023,0
6281,S,10026,11
6282,B,10003,208
6282,S,10026,0
6282,S,10027,0
6282,S,10029,0
6282,S,10030,28
6283,B,10008,39
6283,B,10014,0
6285,B,10006,31
6288,B,9980,0
6289,B,10015,98
6293,B,10015,21
6298,S,10033,219
6300,B,10015,9
6301,S,10036,47
6303,B,10015,0
6303,S,10012,50
6304,B,10008,63
6305,B,10008,40
6307,B,9998,292
6309,B,10008,10
6311,S,10028,51
6312,B,10006,15
6312,B,10008,0
6313,B,9995,0
6318,S,10010,80
6320,S,10010,57
6322,S,10027,15
6326,B,10002,212
6327,B,10001,303
6329,B,10007,92
6331,S,10010,0
6331,S,10012,19
6333,S,10017,77
6335,B,9979,0
6336,S,10013,84
6337,S,10012,0
6337,S,10013,46
6338,S,10032,208
6339,B,10010,15
6341,B,10007,40
6341,B,10010,0
6343,S,10013,28
6346,S,10013,0
6346,S,10017,24
6347,S,10017,0
6347,S,10027,0
6347,S,10028,35
6348,S,10036,134
6352,S,10022,30
6354,S,10010,28
6355,B,10007,3
6357,B,10001,280
6358,S,10010,0
6358,S,10022,15
6359,S,10022,0
6359,S,10028,0
6359,S,10030,25
6360,S,10030,68
6363,B,10000,77
6367,B,10005,109
6371,B,10029,38
6373,B,10029,0
6373,S,10010,16
6374,S,10033,218
6376,B,10005,59
6376,B,10006,0
6376,B,10007,0
6377,S,10036,138
6380,B,10017,14
6380,S,10010,0
6382,S,10030,32
6385,S,10030,0
6385,S,10032,189
6391,S,10034,268
6392,S,10032,118
6393,S,10032,74
6397,B,10020,34
6398,B,10020,126
6402,B,10003,169
6403,S,10026,75
6405,B,9998,333
6407,B,10020,42
6409,B,10020,41
6411,B,10005,29
6411,B,10017,0
6411,B,10020,0
6412,S,10034,289
6413,B,10003,160
6414,S,10026,68
6416,S,10026,0
6416,S,10032,53
6417,S,10032,0
6417,S,10033,178
6418,B,10020,43
6419,B,10001,375
6422,B,10004,43
6422,B,10005,0
6422,B,10020,0
6425,B,10029,90
6427,B,10014,12
6429,B,10029,7
6431,S,10035,139
6432,B,10001,358
6432,B,10032,76
6433,B,10032,37
6434,B,10023,20
6436,B,10032,12
6438,B,10004,34
6438,B,10014,0
6438,B,10023,0
6438,B,10029,0
6438,B,10032,0
6439,B,10022,16
6443,B,10004,0
6446,B,10006,29
6448,B,10022,0
6448,S,10011,59
6449,S,10011,4
6450,S,10038,31
6453,S,10032,90
6455,S,10013,50
6457,S,10011,0
6457,S,10013,17
6459,B,10018,51
6459,S,10013,0
6460,S,10038,44
6461,B,10018,0
6461,S,10009,32
6463,B,10000,34
6465,S,10037,116
6466,B,10007,46
6467,S,10033,121
6472,S,10024,14
6477,B,10022,4
6477,S,10009,0
6478,B,10006,57
6479,B,10009,75
6481,B,10022,0
6482,B,10006,148
6483,B,10009,14
6485,B,10011,22
6487,B,10012,14
6489,S,10034,359
6491,B,10012,0
6491,S,10012,63
6492,S,10016,30
6493,B,10011,14
6500,S,10019,67
6501,B,10006,120
6503,S,10028,89
6505,S,10031,74
6508,B,10009,28
6510,B,10007,0
6510,B,10009,0
6510,B,10011,0
6510,S,10007,11
6512,S,10007,0
6512,S,10012,47
6514,S,10012,28
6515,S,10013,65
6517,S,10038,50
6519,B,9991,181
6520,B,10003,192
6521,S,10014,26
6523,S,10012,127
6525,S,10035,203
6527,S,10037,91
6528,B,10007,33
6530,B,10007,0
6530,S,10012,81
6533,S,10012,43
6534,S,10012,0
6534,S,10013,48
6537,B,10003,117
6538,S,10013,0
6538,S,10014,18
6542,S,10014,3
6544,S,10031,169
6545,B,10006,85
6546,S,10033,206
6550,B,10002,252
6551,S,10037,113
6553,B,10007,42
6555,S,10035,212
6557,S,10014,0
6557,S,10016,0
6557,S,10019,5
6560,B,10003,205
6561,B,9993,92
6561,S,10019,0
6561,S,10024,0
6561,S,10028,84
6562,S,10023,18
6564,S,10012,68
6566,S,10037,165
6568,B,9998,318
6571,S,10012,58
6572,S,10035,264
6574,S,10023,0
6578,S,10025,91
6581,B,10006,174
6582,S,10022,24
6583,S,10037,214
6584,B,10008,74
6586,B,9999,337
6586,B,10008,85
6587,B,10001,306
6588,S,10037,222
6590,S,10027,14
6593,S,10012,55
6595,S,10036,168
6598,S,10018,23
6599,B,10004,26
6601,S,10029,44
6604,S,10013,93
6605,B,10008,59
6607,S,10033,150
6608,S,10012,0
6608,S,10013,79
6610,S,10034,282
6613,S,10013,78
6614,B,10010,20
6618,S,10013,62
6619,S,10016,83
6621,B,9998,265
6624,S,10014,15
6625,S,10014,44
6626,S,10013,0
6626,S,10014,32
6627,B,10001,300
6628,S,10035,325
6631,S,10014,18
6632,S,10028,177
6633,B,10006,85
6635,S,10028,212
6636,S,10037,266
6637,S,10014,0
6637,S,10016,82
6638,S,10037,222
6639,B,10010,0
6639,S,10010,68
6641,B,10012,23
6641,S,10010,0
6643,B,10008,57
6643,B,10012,0
6644,S,10034,261
6645,S,10016,4
6646,B,10008,11
6647,B,10008,0
6647,S,10008,14
6653,S,10016,63
6654,B,10003,164
6655,B,10009,53
6655,S,10008,0
6658,B,10009,22
6660,S,10016,54
6661,S,10035,413
6662,S,10025,0
6665,B,9998,236
6669,S,10040,91
6670,S,10016,0
6670,S,10018,9
6674,B,10004,37
6675,S,10027,79
6677,S,10015,63
6678,S,10026,94
6683,S,10015,19
6685,B,10019,16
6685,S,10015,0
6685,S,10018,0
6687,B,9999,310
6689,S,10022,0
6689,S,10026,71
6690,S,10029,56
6692,B,10024,44
6694,B,10024,25
6696,S,10026,51
6697,B,10000,0
6698,B,10009,0
6698,B,10019,0
6698,B,10024,0
6698,S,10008,9
6700,S,10008,2
6702,B,10006,42
6702,B,10007,0
6707,S,10036,172
6708,B,10006,123
6710,S,10008,0
6710,S,10026,0
6710,S,10027,70
6712,S,10027,12
6714,S,10040,168
6716,B,10017,21
6718,B,10017,0
6718,S,10013,76
6721,S,10019,72
6723,B,10003,132
6725,S,10013,30
6727,S,10040,91
6727,S,10041,23
6728,B,10010,2
6729,S,10031,216
6730,B,10006,96
6730,B,10010,0
6732,S,10025,56
6733,S,10034,257
6734,S,10020,73
6735,S,10020,0
6736,B,10018,53
6736,S,10013,0
6739,S,10019,12
6740,S,10019,0
6740,S,10025,0
6740,S,10027,0
6740,S,10028,204
6743,S,10028,130
6744,B,10022,14
6745,B,9991,87
6746,B,10004,128
6751,B,10022,0
6751,S,10021,52
6752,B,10018,9
6753,S,10037,271
6755,B,10008,70
6756,B,10001,202
6757,S,10030,51
6761,B,10010,32
6762,B,10018,0
6762,S,10013,44
6764,S,10023,79
6767,B,10004,37
6769,S,10013,8
6770,S,10030,115
6772,S,10038,19
6772,S,10040,169
6773,S,10026,9
6775,S,10039,15
6776,B,10003,128
6777,S,10038,81
6781,S,10013,0
6781,S,10021,12
6783,S,10019,35
6785,B,10010,4
6787,B,10008,6
6787,B,10010,0
6788,B,10005,13
6794,S,10019,0
6794,S,10021,0
6794,S,10023,46
6795,B,10013,55
6796,S,10024,68
6799,B,10009,48
6800,S,10038,127
6805,S,10024,122
6807,B,10013,73
6808,S,10024,183
6810,S,10026,44
6822,S,10023,0
6822,S,10024,140
6824,S,10033,155
6825,B,10002,181
6826,S,10016,67
6828,S,10025,48
6831,S,10016,0
6831,S,10024,133
6832,S,10020,12
6833,S,10033,212
6834,S,10020,0
6834,S,10024,99
6835,B,10003,40
6836,S,10027,77
6837,S,10037,219
6841,B,10003,68
6842,S,10024,48
6844,S,10024,0
6844,S,10025,3
6847,S,10018,57
6849,B,10025,3
6849,S,10018,0
6849,S,10025,0
6850,B,10013,10
6850,B,10025,0
6851,S,10034,348
6853,B,10025,95
6854,B,9999,284
6855,B,10025,2
6861,B,10025,0
6861,S,10018,9
6862,B,10001,211
6864,B,10006,114
6865,S,10018,0
6865,S,10026,0
6865,S,10027,57
6866,S,10015,18
6868,B,10013,0
6868,S,10013,33
6870,S,10013,0
6870,S,10015,0
6870,S,10027,24
6871,S,10035,321
6872,S,10036,222
6874,S,10031,312
6876,S,10027,0
6876,S,10028,83
6877,B,10022,27
6878,B,9997,119
6879,B,10009,33
6879,B,10022,0
6880,B,9997,109
6881,B,10018,14
6882,S,10036,172
6885,B,10018,0
6887,B,10016,78
6888,S,10022,52
6890,B,10016,47
6890,S,10038,121
6891,B,10005,50
6893,B,10017,73
6895,S,10028,133
6897,B,9996,67
6904,S,10022,42
6905,S,10022,0
6905,S,10028,114
6906,B,10020,27
6907,B,10012,37
6911,B,10017,0
6911,B,10020,0
6912,B,10022,57
6913,B,10022,35
6915,B,10022,0
6915,S,10019,41
6918,B,10016,27
6920,B,10006,136
6922,B,10021,56
6922,S,10019,0
6925,S,10028,99
6928,B,10012,51
6929,B,10022,23
6931,S,10023,17
6934,B,9999,224
6934,B,10018,63
6935,S,10038,59
6936,B,10023,7
6936,S,10023,0
6937,B,10022,15
6937,B,10023,0
6938,B,10005,88
6940,S,10028,54
6944,B,10024,78
6946,B,10024,31
6950,B,10011,70
6952,B,10008,12
6954,B,10012,127
6959,S,10028,0
6959,S,10029,55
6960,B,9999,196
6960,B,10012,206
6961,B,10024,23
6962,B,10022,0
6962,S,10029,0
6962,S,10030,114
6964,B,10018,55
6964,B,10021,0
6964,B,10024,0
6966,S,10030,77
6972,S,10031,265
6972,S,10034,383
6973,S,10028,25
6975,S,10028,0
6975,S,10030,73
6976,B,10028,68
6977,B,10012,246
6978,S,10031,282
6979,S,10029,34
6980,B,10006,229
6982,S,10034,390
6985,B,10028,3
6986,B,10018,17
6986,B,10028,0
6990,B,10002,278
6993,B,9999,163
6994,S,10029,0
6994,S,10030,45
6995,B,10016,10
6995,B,10018,0
6996,S,10022,63
6997,S,10030,86
6999,S,10023,2
7001,S,10029,33
7005,B,10008,16
7008,B,10008,10
7009,B,10020,55
7010,S,10033,253
7011,B,10005,89
7014,B,10014,44
7015,S,10038,117
7016,B,10012,170
7017,B,10010,13
7019,B,9998,212
7019,S,10022,0
7019,S,10023,0
7019,S,10029,21
7020,B,10020,14
7025,B,10010,95
7028,S,10029,0
7028,S,10030,27
7029,B,10020,0
7029,S,10018,47
7030,S,10035,233
7031,S,10024,57
7033,S,10039,18
7035,S,10018,0
7035,S,10024,7
7038,B,10016,0
7038,S,10015,88
7040,B,10007,85
7043,S,10037,170
7046,B,10012,153
7046,B,10014,0
7048,B,10012,73
7055,S,10033,330
7056,S,10015,0
7056,S,10024,0
7057,B,10012,66
7058,B,10028,100
7059,B,10012,100
7060,S,10041,111
7061,S,10030,0
7061,S,10031,218
7062,B,10006,148
7063,B,10028,46
7066,S,10034,296
7067,B,10028,1
7069,S,10031,196
7071,S,10032,112
7073,B,10017,15
7078,S,10031,156
7079,B,9993,0
7080,B,10025,35
7081,B,10025,0
7081,B,10028,0
7081,S,10021,33
7083,B,10017,0
7083,S,10016,12
7086,S,10023,48
7091,S,10031,188
7092,S,10016,4
7093,B,10002,181
7095,S,10021,39
7096,B,10012,132
7098,S,10016,0
7098,S,10021,19
7100,B,10006,193
7102,B,10012,119
7102,S,10037,121
7105,S,10027,63
7106,S,10021,1
7108,S,10027,89
7110,B,10005,106
7111,S,10026,56
7112,S,10028,64
7113,B,10003,28
7114,S,10021,0
7114,S,10023,34
7116,B,10016,25
7120,S,10031,156
7121,S,10023,0
7121,S,10026,18
7124,S,10029,79
7125,B,10003,63
7127,S,10017,23
7128,S,10028,0
7132,B,10012,81
7132,B,10016,0
7136,S,10019,31
7139,S,10034,366
7140,B,10008,28
7144,B,10012,71
7147,B,10007,0
7147,S,10017,6
7148,S,10017,0
7148,S,10019,0
7148,S,10026,16
7149,B,10024,47
7150,B,10024,7
7152,S,10026,0
7152,S,10027,49
7155,S,10038,199
7156,B,9998,132
7157,B,10012,52
7157,B,10024,0
7158,S,10027,0
7158,S,10029,48
7160,S,10040,245
7165,B,10011,67
7165,B,10012,0
7166,S,10014,24
7167,B,10011,51
7171,S,10014,0
7171,S,10029,1
7172,B,10006,148
7173,S,10024,65
7174,S,10042,65
7180,B,10006,133
7180,S,10024,61
7183,S,10016,60
7185,B,10010,57
7185,B,10011,0
7186,S,10016,16
7187,S,10016,14
7188,S,10016,0
7188,S,10024,0
7188,S,10029,0
7188,S,10031,147
7189,B,10011,50
7190,S,10033,253
7194,B,10011,20
7195,S,10028,60
7198,S,10028,61
7199,B,10020,80
7200,S,10030,5
7200,S,10037,30
7201,S,10028,38
7202,B,10020,42
7206,B,10020,34
7207,S,10043,81
7208,B,9991,10
7210,B,10011,78
7212,S,10043,173
7213,B,10001,167
7215,B,10020,0
7215,S,10013,8
7218,B,9999,83
7218,S,10013,0
7218,S,10028,0
7218,S,10030,0
7218,S,10031,98
7219,S,10031,23
7220,S,10016,54
7225,S,10025,17
7226,B,10005,192
7229,B,10003,119
7230,S,10034,296
7231,S,10029,68
7233,B,10006,157
7234,S,10038,186
7240,S,10016,0
7240,S,10025,1
7241,S,10043,92
7242,B,10007,42
7244,S,10031,6
7247,S,10019,42
7248,S,10019,0
7248,S,10025,0
7248,S,10029,30
7249,B,10006,242
7251,B,10009,97
7254,B,10004,11
7254,B,10021,78
7256,B,10005,191
7257,B,10004,73
7258,B,10015,8
7259,B,10021,56
7260,S,10032,182
7260,S,10033,196
7265,B,10013,58
7266,B,10021,13
7269,S,10029,0
7269,S,10031,0
7269,S,10032,136
7275,B,10026,18
7276,B,10031,64
7278,B,10010,66
7279,B,10031,50
7280,S,10038,140
7282,B,10011,58
7284,B,10020,22
7285,B,10006,271
7286,S,10039,79
7287,B,10020,0
7288,S,10032,94
7289,B,10020,2
7291,B,10016,6
7292,S,10039,18
7293,S,10032,54
7294,B,10020,0
7294,B,10021,0
7294,B,10026,0
7294,B,10031,0
7294,S,10018,2
7296,B,10011,52
7296,B,10013,0
7296,B,10015,0
7296,B,10016,0
7297,B,10020,90
7297,S,10018,0
7299,S,10034,332
7300,B,10004,62
7303,B,10026,39
7307,B,10005,174
7311,B,10011,59
7313,S,10034,424
7316,S,10032,0
7316,S,10033,174
7318,S,10040,167
7319,S,10031,90
7321,B,10020,39
7321,B,10026,0
7323,B,10020,12
7324,S,10031,8
7325,S,10033,169
7325,S,10040,170
7326,S,10028,78
7327,S,10028,39
7330,S,10038,168
7332,S,10042,69
7336,B,10015,29
7337,S,10036,85
7338,B,10019,10
7339,S,10036,103
7340,B,10029,44
7340,S,10028,0
7344,B,10018,77
7345,S,10030,15
7348,S,10044,40
7350,S,10030,0
7350,S,10031,0
7350,S,10033,152
7351,B,10029,5
7353,B,10030,15
7355,B,10029,0
7355,B,10030,0
7355,S,10027,65
7356,B,10008,10
7357,B,10007,76
7358,B,10003,84
7360,S,10036,162
7363,B,9998,76
7364,B,10019,0
7364,B,10020,0
7364,S,10019,78
7367,B,10017,82
7368,S,10026,7
7370,S,10019,42
7372,S,10036,132
7374,S,10035,181
7375,B,10017,151
7376,S,10040,243
7377,S,10036,128
7378,S,10036,217
7381,S,10019,2
7382,B,9996,54
7383,S,10019,0
7383,S,10026,0
7383,S,10027,51
7385,B,10022,50
7386,B,10001,132
7388,S,10035,273
7391,B,10003,107
7395,B,10006,289
7397,B,10013,10
7398,B,10006,260
7399,B,10017,222
7403,B,10022,7
7404,B,10016,80
7413,B,10022,0
7413,S,10022,2
7416,S,10025,88
7418,S,10037,62
7420,B,10018,8
7421,S,10022,0
7421,S,10025,46
7422,B,10005,88
7423,S,10025,35
7424,S,10025,0
7424,S,10027,0
7424,S,10033,147
7425,B,10004,128
7432,B,10017,170
7432,B,10018,0
7433,S,10031,52
7434,B,9991,0
7436,S,10031,43
7438,S,10037,113
7439,B,10028,74
7441,B,10022,90
7442,B,10028,117
7444,B,10017,101
7445,B,10028,55
7446,B,10028,94
7448,B,10032,4
7448,S,10031,0
7449,B,10006,238
7451,S,10033,92
7452,B,10007,145
7454,B,10003,134
7457,B,10028,113
7458,S,10039,33
7460,S,10033,55
7462,B,10028,82
7462,B,10032,0
7464,S,10033,18
7466,B,10022,146
7469,S,10033,0
7469,S,10034,416
7470,B,9999,54
7471,B,10026,66
7473,S,10034,320
7474,S,10034,291
7479,S,10034,287
7480,S,10034,282
7481,B,10018,42
7484,B,10028,0
7484,S,10027,6
7485,B,10010,93
7488,B,10020,5
7489,B,10026,14
7492,B,10022,90
7492,B,10026,0
7494,B,10005,75
7495,B,10016,116
7496,B,10016,183
7498,S,10027,0
7498,S,10034,233
7502,B,10020,4
7502,B,10022,0
7505,B,10010,159
7508,S,10034,232
7510,B,10017,48
7510,B,10018,0
7510,B,10020,0
7511,S,10027,19
7511,S,10039,18
7512,S,10031,97
7514,B,10015,68
7516,S,10027,18
7518,B,10026,23
7523,S,10030,88
7524,B,10026,0
7524,S,10019,6
7525,S,10019,0
7525,S,10027,0
7525,S,10030,80
7527,S,10035,331
7528,B,10001,37
7529,B,10018,91
7532,B,10019,79
7533,S,10035,322
7534,S,10031,158
7537,B,10019,22
7539,B,9998,56
7539,S,10030,55
7540,S,10021,76
7543,B,10012,39
7544,B,10018,29
7544,B,10019,0
7545,B,10016,265
7548,B,10017,5
7548,B,10018,0
7550,B,10005,167
7552,S,10039,86
7555,B,10016,206
7555,B,10017,0
7556,B,10025,9
7556,S,10021,0
7559,B,10020,87
7560,B,10020,60
7560,B,10025,0
7562,B,10009,112
7565,S,10030,0
7565,S,10031,151
7566,S,10039,71
7567,S,10031,133
7568,B,10020,46
7569,B,10008,6
7570,B,10020,25
7572,S,10031,83
7574,B,10016,144
7574,B,10020,0
7576,S,10041,193
7581,S,10026,73
7582,S,10041,218
7584,B,10016,54
7587,B,10012,55
7590,B,10024,74
7592,S,10026,0
7592,S,10031,63
7594,B,10024,65
7596,S,10038,246
7599,B,10024,47
7601,B,10023,56
7604,B,10024,144
7605,B,10005,214
7607,S,10042,128
7609,B,10003,107
7612,B,10024,67
7614,B,10024,50
7615,B,10022,76
7616,B,10001,18
7618,B,10024,0
7619,S,10031,141
7620,B,10014,84
7622,S,10037,171
7623,B,10007,103
7624,B,10009,48
7624,B,10026,79
7627,S,10034,205
7628,S,10037,208
7629,B,10026,21
7633,B,10009,125
7636,S,10027,94
7639,S,10027,65
7640,S,10027,0
7640,S,10031,110
7641,S,10036,233
7644,S,10040,240
7646,B,10023,4
7646,B,10026,0
7649,B,10017,23
7650,S,10031,46
7651,B,10022,68
7651,B,10023,0
7655,S,10038,295
7657,S,10031,0
7657,S,10034,171
7658,B,10022,16
7662,B,10022,43
7663,S,10033,43
7665,B,9996,29
7669,B,10002,196
7671,S,10028,27
7674,B,10015,151
7676,S,10032,93
7679,B,10022,65
7683,B,10022,3
7684,B,10006,145
7685,B,10022,0
7685,S,10019,10
7686,B,10016,30
7686,B,10017,0
7687,B,10007,69
7688,S,10024,11
7689,S,10041,136
7690,B,10021,33
7690,S,10019,0
7694,B,10016,12
7694,B,10021,0
7696,S,10024,0
7697,B,10031,40
7697,S,10028,0
7698,B,10031,39
7699,B,10002,228
7702,B,10002,250
7704,S,10032,143
7706,S,10036,174
7708,S,10032,52
7709,B,10005,281
7710,B,10012,101
7712,B,10031,0
7712,S,10028,43
7713,S,10038,246
7714,B,10015,135
7714,B,10016,0
7715,S,10021,91
7717,B,10014,117
7720,B,9997,67
7721,B,10015,132
7722,B,10015,103
7724,B,10015,92
7725,S,10021,76
7726,B,10025,4
7726,S,10021,0
7729,B,10008,61
7730,B,10003,194
7733,S,10031,60
7739,S,10032,76
7743,S,10035,230
7744,S,10028,0
7744,S,10031,14
7745,B,10025,0
7745,S,10021,49
7746,S,10021,42
7749,B,10030,30
7749,S,10021,0
7753,B,9985,0
7754,B,10030,0
7754,S,10023,19
7756,S,10019,68
7756,S,10041,111
7757,S,10040,164
7758,B,10020,18
7758,S,10019,0
7759,S,10037,241
7760,S,10031,51
7764,S,10037,302
7765,S,10023,0
7765,S,10031,0
7765,S,10032,47
7767,B,10020,0
7767,S,10020,27
7770,S,10040,238
7770,S,10044,0
7771,B,10018,91
7776,B,10016,27
7778,B,10020,34
7778,S,10020,0
7779,B,10009,193
7780,B,10020,3
7782,B,10020,1
7784,S,10041,178
7785,S,10037,270
7791,B,10018,80
7791,B,10020,0
7796,B,10018,26
7797,B,10023,41
7799,S,10031,100
7800,S,10031,84
7801,B,10015,83
7803,B,10023,7
7804,S,10040,319
7808,S,10031,5
7810,S,10034,79
7812,S,10033,103
7813,B,10023,0
7813,S,10023,4
7814,S,10032,23
7815,S,10023,0
7815,S,10031,0
7815,S,10032,0
7815,S,10033,86
7819,B,10001,9
7820,B,10015,73
7820,B,10016,0
7820,B,10018,0
7821,B,10028,50
7823,S,10037,269
7824,B,10015,23
7824,B,10028,0
7826,S,10034,157
7831,B,10019,79
7832,B,10009,178
7832,S,10033,33
7833,B,10021,13
7835,B,10003,218
7836,B,10028,68
7837,B,10019,67
7837,B,10021,0
7837,B,10028,0
7838,S,10029,80
7844,S,10039,137
7845,S,10029,22
7846,B,10019,63
7847,B,10014,107
7847,B,10015,0
7847,B,10019,0
7848,B,10016,77
7849,B,10006,60
7851,B,10011,52
7852,S,10017,12
7855,S,10039,153
7859,B,10016,71
7860,S,10017,3
7862,S,10030,63
7863,S,10038,164
7864,B,10014,81
7864,B,10016,0
7865,B,10009,145
7868,S,10017,0
7868,S,10029,0
7868,S,10030,0
7868,S,10033,27
7869,S,10038,211
7871,B,10013,9
7871,B,10014,0
7875,S,10033,43
7877,S,10019,27
7878,S,10038,305
7881,S,10035,166
7884,B,10008,131
7887,B,10030,19
7887,S,10019,0
7890,S,10036,190
7896,B,10012,59
7896,B,10013,0
7896,B,10030,0
7897,S,10033,137
7898,B,10005,244
7899,S,10015,92
7900,B,10011,27
7900,B,10012,0
7901,S,10033,43
7902,S,10020,98
7903,S,10030,31
7904,B,10010,155
7904,B,10011,0
7905,B,9999,101
7907,B,10000,57
7913,B,10010,154
7915,S,10015,61
7920,S,10017,51
7922,S,10038,370
7924,S,10036,269
7928,B,10010,119
7929,B,10001,85
7931,S,10015,0
7931,S,10017,22
7933,B,10010,101
7936,B,10010,87
7937,B,10006,70
7940,B,10000,0
7940,S,10017,0
7940,S,10020,68
7942,S,10012,76
7943,S,10036,363
7948,S,10037,361
7949,S,10012,0
7949,S,10020,59
7950,S,10020,18
7951,S,10020,0
7951,S,10030,19
7953,B,10029,55
7954,B,10029,0
7955,B,10024,43
7959,B,9998,41
7961,B,10010,187
7962,B,10024,7
7964,B,10006,60
7964,B,10016,21
7965,B,10016,1
7965,B,10024,0
7968,B,10016,65
7969,B,10016,20
7970,S,10037,325
7973,B,10016,0
7973,S,10014,60
7978,S,10013,58
7980,B,10010,140
7981,B,10003,235
7982,B,10010,109
7983,S,10013,78
7984,B,10006,36
7987,S,10034,180
7989,S,10026,61
7990,S,10030,0
7992,B,10008,167
7995,B,10008,131
7997,B,10002,311
7999,B,10010,86
8000,S,10020,96
8001,S,10013,60
8003,B,10005,177
8004,B,10010,26
8005,S,10039,87
8006,S,10013,5
8008,S,10015,89
8010,S,10028,52
8013,S,10024,71
8014,S,10013,0
8014,S,10014,0
8014,S,10015,74
8016,B,10009,142
8016,B,10010,0
8018,S,10015,9
8020,S,10026,122
8022,B,9981,0
8023,S,10015,0
8023,S,10020,64
8024,B,10009,107
8025,S,10027,92
8028,B,10009,101
8030,S,10038,342
8032,S,10019,62
8033,S,10019,3
8034,B,10013,9
8035,S,10037,267
8036,B,10011,57
8037,B,9999,54
8038,B,9998,98
8041,B,10001,9
8042,S,10019,0
8042,S,10020,0
8042,S,10024,47
8044,B,10011,15
8044,B,10013,0
8045,S,10019,57
8046,S,10041,90
8047,B,10008,205
8048,S,10036,347
8051,S,10031,23
8052,B,10008,131
8055,B,10008,220
8059,B,10009,22
8059,B,10011,0
8060,S,10019,0
8060,S,10024,23
8061,S,10011,39
8064,S,10011,11
8066,S,10028,55
8070,S,10029,19
8071,S,10029,27
8073,S,10011,0
8073,S,10024,0
8073,S,10026,121
8075,B,10008,286
8076,B,9999,46
8078,S,10036,253
8083,S,10028,81
8084,S,10014,28
8087,S,10040,245
8088,B,9998,41
8088,B,10025,50
8088,S,10014,0
8089,B,10025,0
8089,S,10022,23
8090,B,10008,253
8090,B,10009,0
8092,B,10000,87
8094,B,10008,309
8095,S,10028,152
8096,B,10008,288
8098,B,10008,192
8101,B,10008,180
8101,S,10037,216
8102,B,10010,24
8103,S,10022,0
8106,B,10000,110
8108,B,10016,52
8110,B,10010,20
8110,B,10016,0
8111,B,10000,183
8115,S,10030,41
8120,S,10034,268
8121,S,10016,67
8123,S,10011,38
8124,B,10008,122
8125,B,10010,5
8127,S,10022,47
8129,B,10010,0
8129,S,10010,70
8131,S,10010,0
8131,S,10011,8
8134,S,10011,0
8134,S,10016,58
8135,S,10022,117
8137,B,10009,69
8139,S,10016,57
8143,B,10009,144
8144,B,10005,130
8146,S,10016,0
8146,S,10022,86
8147,B,10009,91
8149,S,10014,87
8151,B,10009,79
8152,B,9992,0
8156,S,10023,6
8158,S,10026,216
8160,S,10014,92
8163,S,10013,65
8165,S,10013,0
8165,S,10014,59
8166,B,9998,120
8168,S,10020,94
8169,B,10001,0
8171,B,9986,0
8172,B,10009,32
8174,S,10015,41
8175,S,10014,118
8176,B,10009,19
8177,B,10008,65
8177,B,10009,0
8182,S,10014,73
8184,S,10014,66
8185,B,10008,41
8187,S,10012,35
8189,B,10007,0
8191,S,10032,4
8192,B,10006,16
8192,B,10008,0
8193,B,10004,66
8195,S,10012,0
8195,S,10014,32
8197,S,10011,94
8199,B,10005,104
8199,B,10006,0
8202,S,10021,90
8205,B,10005,79
8208,S,10011,36
8209,B,10005,65
8211,B,10007,27
8217,S,10022,178
8218,S,10036,309
8221,B,10007,13
8224,S,10029,61
8226,S,10020,143
8227,S,10011,0
8227,S,10014,0
8227,S,10015,19
8229,B,10009,13
8231,S,10016,35
8233,B,10005,7
8233,B,10007,0
8233,B,10009,0
8235,B,10001,11
8237,B,9997,79
8238,S,10040,154
8239,B,10002,337
8241,S,10011,56
8243,S,10020,170
8245,S,10030,95
8246,S,10027,0
8249,S,10038,248
8250,S,10033,16
8251,S,10011,47
8252,B,10010,99
8253,B,10010,63
8255,B,10001,56
8256,S,10011,1
8258,S,10011,0
8258,S,10015,0
8258,S,10016,12
8261,B,10010,33
8262,S,10020,266
8268,B,10001,74
8271,B,10014,38
8273,B,10004,75
8274,S,10016,5
8276,S,10016,3
8279,S,10027,27
8280,B,10014,5
8280,S,10016,0
8282,B,10010,99
8283,S,10022,212
8289,S,10020,196
8290,B,10008,30
8292,B,10010,5
8292,B,10014,0
8295,B,10018,60
8297,S,10033,23
8304,S,10020,124
8309,S,10034,282
8312,S,10019,15
8314,S,10021,134
8317,B,10018,25
8318,S,10022,142
8319,S,10019,0
8319,S,10020,91
8322,B,10008,13
8322,B,10010,0
8322,B,10018,0
8323,S,10022,158
8324,S,10020,0
8324,S,10021,125
8325,S,10030,123
8325,S,10039,84
8327,B,10017,53
8329,B,10011,81
8330,B,10011,80
8330,B,10017,0
8335,B,10011,46
8336,S,10034,336
8337,S,10021,52
8340,B,10004,84
8345,S,10013,2
8346,S,10018,2
8348,B,10011,11
8349,S,10019,17
8350,S,10013,0
8350,S,10018,0
8350,S,10019,0
8350,S,10021,0
8350,S,10022,154
8351,S,10022,69
8352,S,10035,105
8355,B,10003,303
8358,S,10021,26
8359,S,10021,0
8359,S,10022,28
8361,B,10023,10
8361,S,10022,0
8361,S,10023,0
8365,B,10002,362
8366,B,10015,74
8370,S,10035,148
8371,S,10026,183
8374,B,10010,97
8375,S,10029,118
8377,B,10025,8
8378,B,10015,171
8380,B,10023,0
8380,B,10025,0
8382,B,10008,83
8383,B,10023,74
8384,B,10023,147
8385,B,10023,83
8387,B,10023,8
8388,S,10033,7
8390,S,10033,33
8391,B,9999,87
8393,B,10014,8
8394,B,10002,337
8395,B,10020,68
8396,S,10035,101
8397,S,10040,81
8398,B,10020,0
8398,B,10023,0
8398,S,10017,17
8399,B,9999,126
8402,B,10004,75
8402,B,10013,64
8403,S,10017,0
8403,S,10026,147
8405,S,10026,80
8406,B,10002,276
8409,S,10026,23
8410,B,10015,158
8411,B,10015,168
8413,B,10015,71
8415,B,10013,52
8415,B,10014,0
8415,B,10015,0
8417,S,10026,1
8418,B,10025,62
8420,B,10003,378
8422,B,10018,94
8423,B,10002,244
8425,B,10025,2
8426,S,10026,0
8426,S,10027,0
8426,S,10028,143
8428,B,10018,75
8428,B,10025,0
8430,S,10022,82
8432,S,10022,75
8433,S,10035,58
8437,B,10016,57
8438,B,10018,23
8440,B,10018,13
8441,B,9996,0
8442,B,10007,71
8445,B,10010,104
8447,B,10016,31
8447,B,10018,0
8454,B,10013,26
8454,B,10016,0
8455,B,10013,18
8456,S,10014,23
8457,S,10020,79
8459,B,10010,60
8459,B,10011,0
8459,B,10013,0
8459,S,10039,68
8464,B,10013,47
8466,B,10013,45
8468,B,9999,87
8471,S,10022,166
8474,B,10019,31
8474,S,10014,0
8475,S,10020,0
8476,B,10019,4
8477,B,10019,0
8477,S,10016,24
8480,B,10010,16
8480,B,10013,0
8481,S,10036,291
8482,B,10019,39
8482,S,10016,0
8483,S,10022,140
8484,B,10003,355
8485,B,10019,16
8487,S,10022,124
8489,B,10008,62
8489,B,10010,0
8489,B,10019,0
8492,S,10009,16
8493,B,10002,301
8495,B,10018,52
8495,S,10009,0
8496,B,10000,110
8498,S,10029,148
8500,B,10019,38
8503,S,10022,121
8504,S,10022,25
8505,S,10022,0
8505,S,10028,84
8509,B,9994,77
8512,B,10019,8
8514,B,10024,55
8516,B,9995,95
8518,S,10033,58
8520,B,10015,24
8523,B,10024,4
8524,B,10024,0
8524,S,10023,44
8527,B,10004,140
8528,B,9998,121
8530,B,9998,124
8531,B,10003,327
8534,S,10026,59
8535,S,10030,203
8536,B,10008,49
8536,B,10015,0
8536,B,10018,0
8536,B,10019,0
8538,B,10008,24
8541,S,10023,20
8542,B,10007,65
8542,B,10008,0
8543,B,10000,87
8544,B,10017,43
8545,B,10022,2
8549,B,10017,17
8549,B,10022,0
8551,B,10005,43
8552,S,10030,149
8553,B,10021,93
8554,S,10026,0
8557,S,10038,201
8559,S,10036,287
8560,B,10007,91
8561,B,10017,26
8563,B,10016,72
8566,B,10021,30
8567,B,10027,73
8567,S,10023,0
8568,S,10029,140
8570,B,10027,2
8571,S,10039,0
8572,B,10016,46
8572,B,10017,0
8572,B,10021,0
8572,B,10027,0
8573,S,10034,322
8574,S,10028,71
8577,S,10032,80
8579,B,10002,249
8579,S,10028,24
8580,B,10016,0
8580,S,10015,39
8581,B,10007,67
8585,S,10018,47
8586,S,10015,40
8589,S,10023,2
8593,B,10007,24
8595,B,10009,20
8598,B,9999,89
8600,B,10005,80
8602,B,10005,123
8602,B,10007,0
8604,S,10026,92
8607,S,10030,248
8609,S,10015,0
8609,S,10018,26
8611,B,10009,91
8612,B,10002,207
8616,S,10016,48
8620,B,10004,151
8622,B,10009,85
8624,S,10027,48
8625,S,10022,35
8626,S,10031,50
8628,B,9997,67
8631,S,10016,21
8633,S,10032,112
8637,S,10026,148
8638,B,10009,64
8640,S,10016,0
8640,S,10018,0
8640,S,10022,6
8641,S,10019,83
8642,B,10005,115
8642,B,10009,0
8645,B,10016,100
8647,B,10016,57
8649,B,10016,25
8651,B,10011,3
8654,S,10019,1
8656,S,10024,8
8657,B,10005,57
8657,B,10011,0
8657,B,10016,0
8660,S,10010,45
8662,S,10017,60
8666,S,10008,59
8668,S,10009,39
8669,S,10008,27
8672,B,10001,101
8675,B,10003,310
8677,B,10005,0
8677,S,10005,40
8681,S,10032,36
8682,S,10022,79
8683,S,10005,20
8684,S,10005,0
8684,S,10008,0
8684,S,10009,19
8686,S,10008,7
8687,S,10008,0
8687,S,10009,0
8687,S,10010,0
8687,S,10017,44
8689,B,10004,110
8690,B,10005,21
8691,S,10035,71
8693,S,10037,217
8695,B,10001,74
8696,B,10004,100
8696,B,10005,0
8697,B,10001,159
8698,S,10017,0
8699,B,10009,12
8701,S,10017,96
8702,B,10004,89
8703,S,10015,14
8706,B,10009,0
8706,S,10007,49
8707,S,10007,0
8707,S,10015,0
8707,S,10017,95
8710,B,10009,56
8714,B,9999,101
8715,S,10017,32
8717,B,10016,60
8718,B,10002,192
8719,S,10027,106
8721,B,9997,124
8723,S,10024,0
8723,S,10033,75
8725,S,10017,0
8725,S,10019,0
8725,S,10022,59
8726,S,10042,63
8729,S,10022,28
8730,S,10021,69
8730,S,10037,209
8732,S,10025,64
8733,S,10031,23
8734,B,10015,90
8735,S,10036,342
8736,B,10009,0
8737,B,9999,111
8741,S,10034,395
8744,B,10016,56
8745,S,10025,0
8746,S,10021,0
8746,S,10022,14
8747,S,10026,182
8749,B,10005,58
8752,B,9998,142
8753,S,10034,352
8754,B,10001,215
8756,B,10015,54
8756,B,10016,0
8758,B,10015,35
8759,S,10041,23
8763,S,10022,0
8763,S,10023,0
8763,S,10026,99
8764,S,10017,81
8764,S,10034,316
8765,B,9999,149
8766,S,10017,17
8767,S,10017,0
8767,S,10026,76
8772,S,10043,0
8774,B,10001,159
8775,S,10029,181
8778,S,10026,0
8779,S,10027,108
8782,B,10004,83
8782,B,10005,0
8782,B,10015,0
8785,B,9998,206
8786,S,10011,15
8789,B,10013,73
8789,S,10011,0
8791,B,10025,69
8793,S,10027,81
8796,S,10034,349
8797,S,10027,45
8799,S,10027,0
8799,S,10028,19
8803,B,10027,43
8806,B,10025,68
8806,B,10027,0
8808,B,10025,0
8808,S,10014,16
8809,S,10015,34
8810,B,10013,69
8812,B,9997,204
8814,B,10012,86
8817,S,10016,53
8818,B,10013,75
8822,B,10012,78
8822,B,10013,0
8824,S,10013,66
8825,S,10034,326
8832,B,9997,137
8832,S,10013,0
8832,S,10014,6
8835,S,10019,65
8839,B,9998,205
8841,S,10014,0
8841,S,10015,0
8841,S,10016,20
8842,S,10029,124
8843,S,10015,94
8845,S,10017,6
8846,B,10014,53
8849,S,10020,8
8850,S,10015,60
8851,B,10014,8
8852,S,10015,0
8852,S,10016,0
8854,B,10012,55
8854,B,10014,0
8855,B,10012,19
8856,B,10002,250
8857,B,10004,37
8857,B,10012,0
8859,B,10004,9
8860,S,10017,0
8860,S,10019,35
8863,S,10019,0
8863,S,10020,0
8863,S,10028,0
8863,S,10029,107
8868,S,10041,0
8869,B,10027,3
8870,B,10019,69
8872,S,10029,102
8876,B,10004,92
8877,B,10017,40
8879,B,10028,44
8880,B,10023,37
8881,B,10027,0
8881,B,10028,0
8881,S,10024,51
8883,S,10027,3
8887,B,10023,27
8889,S,10028,10
8890,B,10001,160
8891,B,9999,108
8892,B,10019,53
8892,B,10023,0
8895,S,10029,94
8896,B,10019,41
8898,S,10036,263
8900,B,10017,0
8900,B,10019,0
8900,S,10009,12
8901,S,10029,72
8904,B,9999,115
8905,S,10010,63
8907,S,10007,66
8909,B,9999,105
8911,S,10007,5
8912,B,10001,162
8913,S,10007,0
8913,S,10009,0
8913,S,10010,51
8915,S,10038,123
8918,B,10010,11
8918,S,10010,0
8920,B,10027,17
8920,S,10024,0
8920,S,10027,0
8922,B,10004,126
8923,B,10027,0
8923,S,10019,65
8924,B,10005,100
8927,S,10021,61
8929,B,10010,0
8929,S,10007,26
8931,S,10007,16
8933,B,10005,39
8936,S,10007,0
8936,S,10019,43
8938,B,9993,6
8940,B,10004,65
8940,B,10005,0
8943,S,10019,0
8943,S,10021,47
8945,B,10020,70
8947,S,10032,45
8949,B,10020,8
8950,B,10012,48
8953,B,9994,89
8956,B,10004,31
8956,B,10012,0
8956,B,10020,0
8957,B,10009,58
8959,B,10009,45
8962,B,10009,33
8963,B,9993,11
8965,B,10015,65
8966,B,9997,80
8967,B,10000,120
8970,B,10008,65
8972,B,10015,59
8975,B,10027,9
8975,S,10021,0
8976,S,10030,275
8979,B,9994,163
8980,B,10015,0
8980,B,10027,0
8980,S,10015,10
8981,B,10002,224
8983,S,10017,98
8987,B,10002,259
8988,B,10015,57
8988,S,10015,0
8991,S,10017,77
8995,B,10015,25
8995,S,10035,13
8996,B,10008,49
8996,B,10009,0
8996,B,10015,0
8997,B,10008,0
8997,S,10006,37
8999,S,10006,20
9002,B,9997,132
9003,S,10006,0
9003,S,10017,30
9004,S,10028,49
9005,S,10034,238
9006,S,10012,1
9006,S,10030,247
9007,S,10038,58
9010,B,9994,194
9011,S,10012,0
9011,S,10017,0
9011,S,10028,10
9014,B,10017,23
9015,B,10017,3
9019,B,9998,296
9020,B,10017,0
9020,S,10014,93
9025,S,10029,162
9027,B,10004,7
9030,S,10014,38
9031,B,10003,287
9031,B,10004,0
9032,B,10003,220
9034,S,10014,19
9035,B,10003,160
9038,B,10002,202
9038,B,10020,43
9038,S,10014,0
9039,B,10020,0
9039,S,10012,3
9042,S,10019,94
9044,B,10007,83
9046,S,10025,36
9048,S,10016,34
9050,B,10003,144
9050,B,10007,0
9053,B,10011,58
9056,S,10012,0
9056,S,10016,6
9057,B,10008,35
9059,B,10008,13
9059,B,10011,0
9060,B,9999,93
9061,S,10037,187
9062,S,10012,22
9067,B,10010,40
9069,S,10012,0
9069,S,10016,0
9069,S,10019,29
9070,S,10019,0
9070,S,10025,0
9070,S,10028,5
9072,S,10011,50
9074,S,10029,121
9075,B,10002,280
9076,B,10008,1
9076,B,10010,0
9078,B,10003,66
9078,B,10008,0
9080,S,10008,17
9083,S,10008,0
9083,S,10011,40
9084,S,10011,123
9085,B,9997,167
9089,S,10011,101
9090,S,10011,97
9092,S,10011,59
9094,S,10019,83
9097,B,10001,171
9099,S,10011,39
9103,B,10003,4
9104,S,10017,28
9105,S,10033,68
9106,S,10032,56
9108,S,10007,5
9110,S,10027,39
9112,B,9995,145
9114,S,10005,13
9118,S,10005,50
9120,S,10022,78
9123,B,10002,264
9123,B,10003,0
9125,B,10002,180
9127,B,9993,78
9134,B,10003,96
9135,B,10003,43
9136,B,10007,4
9136,S,10005,0
9136,S,10007,0
9138,B,10000,173
9141,S,10011,0
9141,S,10017,15
9142,S,10017,71
9145,S,10017,21
9146,S,10020,43
9150,B,10009,49
9151,B,9992,15
9152,S,10030,167
9155,B,10009,46
9156,S,10015,1
9159,S,10015,0
9159,S,10017,0
9159,S,10019,6
9161,B,10009,38
9161,S,10027,0
9162,B,10017,45
9164,B,10017,34
9165,B,9998,293
9166,S,10019,0
9166,S,10020,0
9166,S,10022,36
9167,B,9993,11
9168,B,10009,19
9168,B,10017,0
9170,B,10009,0
9170,S,10009,7
9171,B,10002,122
9173,S,10009,0
9173,S,10022,33
9175,B,10001,231
9178,S,10029,177
9183,S,10030,126
9184,S,10010,66
9185,S,10024,31
9187,S,10010,50
9191,S,10010,64
9192,B,10007,0
9192,S,10005,66
9194,S,10005,30
9195,S,10005,19
9196,S,10015,42
9203,S,10032,115
9204,B,9996,63
9205,S,10029,87
9206,S,10006,94
9208,S,10026,49
9210,S,10033,43
9211,S,10005,4
9212,S,10008,16
9213,B,9997,115
9214,B,9995,182
9216,S,10005,0
9216,S,10006,72
9220,S,10006,0
9221,S,10008,1
9222,B,10000,197
9224,B,9998,303
9229,S,10032,56
9231,S,10012,66
9232,B,10005,63
9233,S,10008,0
9233,S,10010,47
9234,B,10005,26
9235,S,10010,0
9235,S,10012,56
9236,B,9999,55
9237,B,10003,5
9237,B,10005,0
9238,S,10032,89
9239,S,10023,59
9241,S,10018,82
9243,B,10002,121
9243,B,10003,0
9246,B,10002,77
9252,S,10015,108
9253,S,10011,87
9255,B,10000,204
9256,B,9993,59
9257,B,10001,229
9258,B,10008,70
9260,B,9998,354
9262,B,10002,75
9262,B,10008,0
9264,S,10010,97
9266,B,10002,56
9268,S,10010,26
9271,S,10010,0
9271,S,10011,16
9274,S,10008,11
9276,S,10009,53
9277,B,9993,53
9278,S,10023,152
9280,S,10028,34
9283,S,10008,0
9283,S,10009,0
9283,S,10011,9
9285,S,10011,0
9285,S,10012,0
9285,S,10015,98
9287,S,10026,74
9289,S,10015,41
9290,S,10015,14
9291,S,10007,82
9294,S,10007,37
9296,S,10027,39
9298,S,10022,127
9300,B,10001,191
9300,B,10002,0
9302,S,10007,10
9304,S,10007,0
9304,S,10015,0
9304,S,10018,28
9306,B,10008,84
9307,S,10028,5
9308,S,10011,36
9312,S,10032,137
9317,S,10019,34
9318,S,10011,0
9318,S,10018,0
9318,S,10019,29
9319,B,10008,57
9323,B,10008,12
9324,B,10006,17
9327,S,10032,104
9328,B,10001,202
9329,B,9998,263
9329,B,10008,40
9330,S,10028,44
9332,S,10017,52
9333,S,10017,32
9335,B,10008,104
9337,S,10018,18
9339,B,10008,86
9341,B,10008,24
9343,B,9998,212
9344,B,10001,194
9344,B,10006,0
9344,B,10008,0
9347,S,10017,16
9349,B,9999,92
9350,S,10017,0
9350,S,10018,0
9352,S,10025,60
9353,S,10019,0
9353,S,10022,98
9354,B,10020,24
9356,S,10022,66
9358,S,10030,99
9359,S,10024,67
9362,B,10022,8
9362,S,10022,0
9363,B,10022,0
9363,S,10021,38
9363,S,10027,0
9366,S,10021,0
9366,S,10023,102
9368,B,10020,0
9368,S,10010,21
9369,B,9998,133
9371,B,10007,70
9372,B,9999,123
9374,S,10013,1
9375,B,10007,0
9376,B,10005,48
9377,S,10032,56
9378,B,10005,0
9378,S,10004,4
9380,S,10002,3
9382,S,10003,65
9383,S,10038,0
9384,S,10015,84
9388,S,10002,0
9388,S,10003,28
9389,B,10001,134
9391,S,10003,0
9391,S,10004,0
9391,S,10010,0
9391,S,10013,0
9391,S,10015,55
9393,S,10014,31
9399,S,10028,75
9403,B,10001,157
9406,B,10008,40
9407,B,10007,18
9413,S,10025,103
9415,B,10008,15
9416,S,10009,75
9418,B,9999,150
9419,S,10032,24
9421,B,10007,21
9422,S,10013,65
9423,S,10023,126
9432,S,10030,156
9434,S,10036,207
9435,S,10009,54
9436,B,10007,0
9436,B,10008,0
9436,S,10003,63
9437,S,10004,22
9438,S,10003,0
9438,S,10004,10
9439,B,9994,182
9440,S,10028,96
9441,S,10015,147
9443,S,10018,57
9447,B,9998,189
9449,S,10007,88
9452,S,10013,117
9456,S,10007,141
9457,S,10021,76
9459,B,9997,214
9461,S,10029,107
9463,S,10004,0
9463,S,10007,54
9464,B,10001,74
9466,S,10037,186
9468,B,10002,34
9470,S,10007,0
9470,S,10009,12
9471,B,10000,285
9473,B,10001,34
9474,S,10009,0
9474,S,10013,47
9475,S,10037,125
9476,S,10013,0
9476,S,10014,5
9477,S,10010,43
9478,B,10000,265
9478,B,10001,0
9478,B,10002,0
9482,B,10000,238
9483,S,10010,21
9485,B,9997,115
9486,S,10010,0
9486,S,10014,0
9486,S,10015,93
9491,B,10002,86
9495,S,10015,77
9496,S,10003,84
9498,S,10003,61
9500,S,10026,138
9501,S,10003,2
9502,S,10027,41
9504,B,10007,90
9504,S,10003,0
9505,S,10019,27
9510,S,10015,45
9511,S,10021,147
9512,B,10007,79
9514,S,10015,4
9516,B,10007,9
9520,S,10012,37
9522,B,9993,75
9524,B,10010,93
9526,S,10012,19
9527,S,10026,230
9531,S,10021,186
9534,B,9994,222
9534,B,10007,0
9535,B,10010,3
9537,B,10000,185
9538,S,10021,147
9541,S,10037,92
9543,B,10010,0
9543,S,10006,39
9544,B,10002,71
9545,B,10016,30
9545,S,10006,0
9545,S,10012,0
9545,S,10015,0
9551,B,10017,47
9553,S,10021,76
9556,S,10019,36
9557,B,10017,111
9558,B,10017,102
9559,B,10017,66
9559,S,10024,31
9561,B,10017,20
9562,B,9994,285
9564,B,10016,2
9564,B,10017,0
9567,B,10006,20
9569,B,10002,16
9569,B,10006,0
9569,B,10016,0
9570,B,9997,143
9575,B,10006,39
9576,B,10008,91
9577,S,10018,15
9579,S,10031,112
9581,B,10008,5
9584,S,10018,0
9584,S,10019,0
9584,S,10021,70
9587,B,10013,69
9588,S,10025,43
9590,S,10023,134
9591,S,10027,128
9594,B,10013,31
9595,B,10013,14
9597,B,10002,8
9597,B,10006,0
9597,B,10008,0
9597,B,10013,0
9599,B,10007,84
9601,B,10006,4
9603,B,9992,48
9604,B,9997,115
9605,B,10007,64
9609,B,10007,31
9611,B,10000,152
9611,B,10002,0
9611,B,10006,0
9611,B,10007,0
9613,B,10000,149
9616,B,10006,50
9619,B,10006,12
9620,S,10021,30
9621,B,10006,4
9625,B,10000,57
9625,B,10006,0
9626,B,9991,23
9628,B,10016,69
9630,B,10007,99
9635,B,10007,88
9635,B,10016,0
9636,B,9997,35
9637,B,9997,115
9640,B,10019,1
9641,B,10021,54
9641,S,10021,0
9643,B,10007,74
9643,B,10019,0
9643,B,10021,0
9644,S,10018,34
9646,B,10007,19
9647,B,9998,171
9648,B,10007,6
9650,S,10018,0
9651,B,9998,115
9654,S,10031,89
9655,B,10003,48
9656,S,10008,67
9662,B,9993,152
9664,S,10008,42
9665,S,10009,86
9666,S,10008,34
9670,S,10030,225
9670,S,10033,17
9671,S,10023,137
9672,B,10007,52
9673,B,9993,182
9676,S,10022,99
9678,B,10007,15
9680,S,10009,132
9682,S,10008,0
9682,S,10009,105
9683,B,10004,57
9686,B,10003,42
9686,B,10004,0
9686,B,10007,0
9689,B,10001,37
9690,B,10003,0
9692,S,10028,156
9696,S,10015,75
9697,S,10009,11
9699,S,10022,128
9701,S,10031,95
9703,S,10029,144
9705,S,10026,315
9707,S,10014,100
9710,B,10001,24
9713,S,10026,373
9715,S,10009,1
9716,B,9999,119
9717,B,10009,68
9717,S,10009,0
9719,S,10014,33
9720,S,10022,99
9723,B,9991,78
9725,B,10009,0
9725,S,10008,11
9728,S,10024,81
9731,B,10007,59
9732,S,10026,400
9733,B,10003,24
9734,S,10026,342
9738,S,10008,0
9738,S,10014,32
9740,S,10014,75
9742,B,10007,30
9743,B,9994,344
9748,B,10007,92
9754,B,9998,154
9756,B,9995,262
9758,B,9994,418
9760,B,10007,68
9760,S,10023,134
9765,S,10026,364
9766,S,10030,308
9767,B,9999,185
9768,S,10016,12
9769,S,10026,342
9770,S,10014,9
9773,S,10010,11
9778,S,10010,0
9778,S,10014,0
9778,S,10015,58
9779,B,10007,9
9780,S,10015,12
9781,B,9996,147
9782,B,10011,1
9783,B,9994,359
9784,B,10003,19
9784,B,10007,0
9784,B,10011,0
9790,B,10001,2
9790,B,10003,0
9792,B,10006,45
9794,S,10025,123
9796,S,10009,48
9799,B,10014,10
9799,S,10009,0
9801,B,10011,81
9804,B,9991,143
9806,B,9990,79
9808,B,10014,0
9808,S,10012,56
9809,S,10030,209
9810,B,10011,15
9813,S,10037,0
9814,B,10006,0
9814,B,10011,0
9814,S,10005,22
9815,S,10005,16
9818,S,10005,0
9818,S,10012,33
9819,B,9995,343
9820,S,10016,14
9822,B,9999,175
9822,B,10000,0
9822,B,10001,0
9824,S,10006,61
9826,S,10010,7
9828,S,10026,439
9830,S,10004,88
9831,S,10015,0
9832,B,10000,48
9835,S,10009,23
9836,S,10003,39
9839,S,10003,0
9839,S,10004,65
9840,S,10004,0
9840,S,10006,45
9843,B,9994,402
9845,S,10027,225
9846,S,10032,20
9848,B,10006,38
9848,S,10006,0
9851,S,10013,82
9852,S,10012,35
9856,B,9996,63
9857,B,10006,29
9859,S,10018,55
9860,S,10021,28
9862,B,10006,0
9862,S,10002,64
9863,S,10010,74
9866,S,10002,0
9866,S,10009,18
9867,S,10002,44
9870,B,10000,3
9873,S,10002,36
9875,S,10025,43
9877,S,10002,27
9879,S,10027,295
9880,S,10002,0
9880,S,10009,12
9882,S,10013,0
9885,S,10015,31
9888,S,10025,109
9889,B,10005,52
9890,B,9998,249
9891,S,10011,17
9891,S,10027,254
9893,B,10000,0
9893,B,10005,0
9893,S,10000,45
9895,S,10006,22
9896,S,10025,135
9898,S,10000,0
9898,S,10006,0
9898,S,10009,1
9900,S,10009,0
9900,S,10010,70
9901,B,9999,143
9903,S,10010,26
9905,S,10009,6
9907,B,9999,137
9909,S,10027,321
9910,S,10024,50
9911,S,10009,0
9911,S,10010,0
9911,S,10011,15
9915,S,10024,118
9917,S,10005,70
9918,B,9998,185
9919,B,10010,30
9919,S,10005,0
9920,S,10016,12
9921,S,10011,0
9921,S,10012,0
9921,S,10015,0
9921,S,10016,10
9924,B,10010,0
9924,S,10007,23
9926,B,9999,40
9927,S,10013,55
9930,B,9987,14
9931,B,9990,135
9932,B,10013,12
9932,S,10007,0
9932,S,10013,0
9934,B,9999,3
9934,B,10013,0
9936,B,9998,142
9936,B,9999,0
9940,S,10013,59
9941,S,10025,142
9942,B,9998,83
9943,B,9994,328
9944,B,10011,89
9949,S,10036,160
9951,S,10014,45
9952,B,10011,51
9954,B,9997,80
9955,B,10011,45
9957,S,10026,375
9958,B,9998,50
9958,B,10011,0
9960,S,10013,54
9962,S,10013,0
9962,S,10014,30
9963,B,10008,77
9965,B,9992,95
9967,S,10015,19
9970,B,9990,163
9972,B,10008,0
9972,S,10001,11
9974,S,10004,100
9978,S,10013,35
9980,B,9998,31
9980,S,10029,113
9982,S,10030,152
9984,B,9991,163
9985,S,10027,251
9986,S,10013,94
9987,S,10006,76
9988,S,10006,131
9989,S,10001,0
9989,S,10004,87
9991,B,9998,4
9993,B,9988,27
9995,S,10004,30
9997,S,10016,100
9999,S,10001,86
10001,S,10001,24
10002,B,10003,70
10002,S,10001,0
10004,S,10025,210
10007,S,10004,14
10009,B,10002,35
10012,S,10010,52
10014,S,10004,5
10016,B,9998,32
10018,S,10016,90
10019,B,9993,177
10019,S,10004,0
10019,S,10006,84
10020,S,10006,49
10021,B,10003,7
10023,S,10025,203
10025,S,10006,10
10026,S,10026,424
10029,S,10008,36
10032,B,9998,23
10032,B,10002,0
10032,B,10003,0
10034,S,10006,0
10034,S,10008,33
10037,S,10003,12
10038,S,9999,33
10041,S,9999,6
10045,S,9999,0
10045,S,10003,0
10045,S,10008,0
10045,S,10010,22
10046,B,9987,31
10050,S,10007,6
10051,B,9997,9
10051,B,9998,0
10052,B,9998,70
10053,S,10022,151
10055,B,9998,48
10057,B,9996,54
10057,B,9997,0
10057,B,9998,0
10061,S,10007,0
10061,S,10010,8
10063,B,9996,3
10064,B,9995,295
10064,B,9996,0
10068,S,10015,100
10070,B,9988,48
10072,B,10007,41
10073,B,10011,77
10073,S,10010,0
10076,B,9991,197
10077,S,10014,81
10077,S,10025,135
10079,B,10011,75
10082,B,10007,0
10083,B,9994,265
10085,S,10027,184
10088,S,10023,170
10089,B,10011,26
10089,S,10025,69
10092,B,10011,0
10100,B,9987,17
10100,S,10013,54
10102,S,10013,0
10102,S,10014,77
10104,B,9995,229
10105,B,10010,60
10107,B,9999,63
10108,B,10010,24
10109,S,10014,42
10110,B,9999,27
10110,B,10010,0
10111,S,10014,13
10112,B,9992,141
10113,B,9992,171
10115,S,10011,63
10118,S,10011,13
10119,S,10023,134
10119,S,10024,139
10120,S,10011,0
10120,S,10014,0
10120,S,10015,49
10122,B,9995,191
10122,B,9999,0
10123,B,9995,135
10126,B,10007,97
10129,B,10007,43
10131,B,10011,37
10132,B,10011,0
10133,S,10025,108
10136,S,10023,166
10137,S,10026,327
10138,B,9987,76
10139,S,10023,157
10141,B,10007,21
10142,B,9988,108
10143,B,10007,0
10143,S,9997,8
10145,B,9995,134
10146,B,9995,99
10148,S,9997,2
10149,B,10006,3
10149,S,9997,0
10151,S,10024,89
10152,B,9995,53
10152,B,10006,0
10153,B,9988,127
10156,S,10015,27
10158,B,10001,71
10163,B,10001,48
10165,S,10026,278
10166,S,10015,0
10166,S,10016,67
10167,S,10016,159
10167,S,10035,0
10170,S,10025,65
10171,B,9997,4
10173,B,10000,86
10174,B,9991,251
10175,B,10014,71
10178,B,9998,86
10179,B,10014,7
10181,B,9998,121
10183,B,10000,71
10183,B,10001,0
10183,B,10014,0
10186,S,10016,150
10187,B,10000,9
10189,B,9998,120
10189,B,10000,0
10190,B,10002,50
10191,B,10007,36
10192,S,10034,165
10193,B,10007,92
10195,B,9995,83
10197,B,10007,73
10199,B,10002,0
10200,S,10032,11
10201,S,10018,114
10203,S,10018,55
10204,B,10007,50
10206,S,10022,234
10207,S,10016,72
10212,S,10016,0
10212,S,10018,51
10214,B,9990,165
10215,S,10015,76
10216,B,9995,85
10217,B,10001,24
10221,S,10015,18
10222,B,10015,53
10222,S,10015,0
10224,B,10015,12
10225,S,10027,97
10226,S,10022,285
10227,S,10018,16
10229,B,9991,231
10231,B,9996,18
10237,B,10021,5
10237,S,10018,0
10237,S,10021,0
10238,B,10008,90
10239,B,10008,12
10239,B,10015,0
10239,B,10021,0
10240,B,10007,0
10241,B,10001,18
10241,B,10008,0
10243,S,10009,61
10245,B,9993,210
10247,B,10008,19
10249,S,10009,0
10249,S,10022,281
10250,B,9999,60
10254,B,9997,86
10256,B,10001,2
10256,B,10008,0
10259,S,10018,48
10260,B,9988,67
10261,B,10014,40
10262,S,10026,186
10263,S,10018,0
10263,S,10022,264
10266,B,10015,8
10267,B,9985,20
10269,B,9993,295
10273,B,10014,9
10273,B,10015,0
10274,B,9999,139
10275,B,10010,82
10276,S,10022,212
10277,B,9993,364
10278,B,9995,55
10282,S,10024,146
10283,B,10001,29
10285,B,10010,80
10285,B,10014,0
10287,B,9989,93
10288,B,9994,273
10291,S,10012,91
10292,B,9993,279
10293,B,9997,82
10293,B,9998,204
10294,B,9991,324
10295,B,10010,0
10295,S,10002,4
10297,B,10004,56
10297,S,10002,0
10299,S,10012,42
10300,B,9993,333
10304,S,10015,53
10309,S,10013,2
10310,S,10018,35
10313,B,9997,89
10314,S,10016,72
10314,S,10024,125
10318,S,10034,87
10319,S,10012,1
10320,S,10018,86
10321,B,10001,28
10321,B,10004,0
10322,S,10012,0
10322,S,10013,0
10322,S,10015,0
10322,S,10016,43
10324,B,9999,96
10324,B,10001,0
10326,B,9993,256
10326,B,9999,172
10328,S,10017,85
10330,B,9999,81
10332,S,10016,0
10332,S,10017,46
10333,S,10002,79
10334,B,9990,137
10336,S,10002,22
10337,B,9990,81
10338,S,10028,151
10341,B,9999,22
10343,B,9992,221
10344,S,10021,67
10345,B,9998,188
10345,B,9999,0
10346,B,9998,260
10347,S,10023,125
10351,B,9998,217
10352,B,9991,404
10354,S,10012,83
10355,B,9998,172
10356,B,10000,75
10358,S,10002,0
10358,S,10012,61
10360,B,10000,52
10361,S,10028,120
10363,B,10000,12
10365,B,10009,42
10368,B,9985,91
10369,B,9998,156
10369,B,10000,0
10369,B,10009,0
10372,S,10012,0
10372,S,10017,19
10373,B,9995,103
10376,B,9998,119
10377,S,10019,60
10379,B,10006,87
10383,S,10024,68
10386,B,10008,32
10387,B,9985,152
10388,B,9993,223
10390,B,9986,93
10395,B,10010,34
10397,B,9995,55
10398,B,10006,86
10398,B,10008,0
10398,B,10010,0
10399,B,10011,75
10402,B,10011,4
10405,B,10006,43
10405,B,10011,0
10409,B,10006,33
10411,S,10026,161
10413,S,10014,58
10414,S,10014,0
10414,S,10017,3
10415,B,9997,7
10417,S,10018,94
10418,B,9996,100
10420,B,9993,244
10421,B,9992,188
10424,B,10011,41
10425,S,10017,0
10425,S,10018,72
10427,B,9994,278
10429,B,10010,66
10430,B,10000,9
10432,B,10011,13
10436,B,10006,31
10436,B,10010,0
10436,B,10011,0
10437,B,9997,24
10440,B,9991,484
10441,B,9986,137
10443,B,10006,0
10443,S,10002,21
10443,S,10023,101
10444,B,10006,41
10444,S,10002,0
10446,B,10000,75
10448,S,10018,68
10449,B,9990,2
10450,B,10000,53
10450,B,10006,0
10454,S,10001,18
10455,B,10014,2
10455,S,10001,0
10457,B,10000,68
10459,B,10017,75
10461,S,10020,13
10464,B,10017,42
10465,B,10014,0
10465,B,10017,0
10465,S,10004,20
10466,B,9992,270
10471,B,9998,91
10471,B,10000,0
10474,S,9999,97
10475,S,10011,63
10478,S,10012,1
10479,S,9999,75
10481,B,9990,99
10483,S,9999,45
10485,B,9992,304
10487,B,9985,207
10491,B,9985,136
10491,S,9999,34
10492,S,10020,0
10493,B,9998,42
10495,S,9999,0
10495,S,10004,0
10495,S,10011,27
10496,S,10011,0
10496,S,10012,0
10496,S,10018,45
10497,B,10016,32
10498,B,9983,6
10501,B,10016,0
10501,S,10011,34
10502,B,9983,93
10508,S,10030,69
10509,B,9994,247
10509,B,10018,4
10509,S,10011,0
10509,S,10018,0
10510,B,10018,0
10510,S,10018,72
10512,B,10006,49
10513,B,9991,528
10514,B,9991,494
10515,B,10006,18
10518,B,9998,101
10519,B,9995,146
10521,B,10006,5
10522,S,10023,93
10524,B,9992,389
10525,B,9996,18
10527,B,9991,579
10529,B,9992,402
10534,B,9998,25
10534,B,10006,0
10537,B,10016,76
10539,B,10016,48
10541,B,10011,55
10542,B,9995,144
10543,B,10011,40
10543,B,10016,0
10545,B,10011,39
10548,B,10014,82
10549,B,10014,11
10551,B,10011,1
10551,B,10014,0
10554,B,10011,0
10554,S,10008,84
10554,S,10022,161
10555,B,9998,7
10556,B,10000,6
10559,S,10036,71
10560,S,10022,228
10562,B,9999,86
10564,S,10010,46
10568,S,10008,18
10569,B,9995,220
10571,B,10002,87
10572,S,10026,134
10573,B,10002,35
10574,B,9983,110
10576,B,10004,26
10579,S,10008,0
10579,S,10010,12
10580,B,10004,0
10580,S,10004,39
10582,B,9999,54
10582,B,10000,0
10582,B,10002,0
10583,B,10001,37
10585,B,10001,31
10589,S,10004,0
10589,S,10010,7
10590,B,9996,57
10591,S,10024,118
10597,B,9998,0
10597,B,9999,0
10597,B,10001,0
10597,S,9998,6
10598,B,9997,4
10599,S,9998,1
10600,S,10010,45
10603,S,10015,60
10604,S,10022,277
10606,B,9997,1
10607,B,9991,514
10609,B,9996,12
10609,B,9997,0
10611,B,9995,200
10611,B,9996,0
10613,S,10005,14
10615,B,9992,409
10617,S,9998,0
10617,S,10005,0
10617,S,10010,0
10617,S,10015,47
10620,B,9995,173
10621,S,10015,28
10623,B,10001,13
10626,S,10021,139
10627,B,10005,85
10629,S,10015,0
10629,S,10018,36
10631,B,9990,117
10635,B,10005,23
10636,B,10001,10
10636,B,10005,0
10637,B,10004,1
10638,B,10001,0
10638,B,10004,0
10638,S,10000,70
10638,S,10036,16
10639,S,10000,45
10641,B,9989,131
10643,B,9987,158
10645,B,9985,209
10648,B,10000,26
10648,S,10000,0
10649,B,10009,10
10651,B,10015,32
10653,B,9985,237
10655,B,9990,170
10658,B,10013,63
10659,B,10014,2
10661,B,10013,50
10661,B,10014,0
10661,B,10015,0
10662,B,10000,15
10662,B,10009,0
10662,B,10013,0
10663,B,9990,232
10668,B,10004,53
10670,B,9992,327
10670,B,10011,86
10671,B,10009,93
10675,B,10011,10
10676,S,10024,121
10678,B,10009,24
10678,B,10011,0
10680,B,9997,83
10683,B,9999,59
10685,B,9993,277
10687,B,10009,0
10687,S,10005,59
10692,B,10004,136
10693,B,10000,109
10694,S,10005,50
10696,B,9997,177
10697,B,10003,62
10700,B,10004,58
10700,S,10025,39
10701,B,10003,39
10701,B,10004,0
10704,B,10003,26
10711,S,10005,0
10711,S,10018,18
10712,B,9992,358
10713,B,10005,10
10716,S,10008,28
10718,B,10000,84
10718,B,10003,0
10718,B,10005,0
10719,S,10008,1
10720,B,10000,16
10721,S,10026,85
10723,B,10000,88
10726,S,10004,38
10729,B,9994,307
10731,B,9995,97
10732,B,10003,82
10733,S,10004,0
10733,S,10008,0
10733,S,10018,9
10734,B,9991,434
10734,S,10018,0
10734,S,10019,35
10735,B,9985,182
10737,S,10019,133
10738,B,9991,435
10738,B,9994,302
10739,B,10013,54
10740,B,10005,79
10741,B,10005,76
10741,B,10013,0
10742,B,9987,197
10744,S,10019,65
10745,B,9992,345
10750,S,10018,15
10751,S,10018,8
10752,B,10000,129
10753,S,10028,99
10756,S,10010,26
10758,B,10005,32
10759,S,10021,170
10760,B,9991,355
10761,B,10003,41
10761,B,10005,0
10763,B,9998,72
10765,B,10002,99
10767,S,10010,0
10767,S,10018,0
10767,S,10019,23
10771,B,10013,18
10773,B,9983,93
10774,B,10002,100
10775,B,10002,71
10775,B,10003,0
10775,B,10013,0
10776,B,10010,28
10779,B,10010,19
10780,S,10019,4
10781,B,10002,52
10781,B,10010,0
10783,B,10002,17
10785,B,9999,125
10790,S,10009,91
10791,B,9997,94
10793,B,9988,107
10793,B,9992,314
10794,S,10009,20
10795,S,10009,0
10795,S,10019,0
10795,S,10021,164
10796,S,10021,130
10798,B,10007,11
10802,B,10002,12
10802,B,10007,0
10803,B,10017,21
10804,S,10024,173
10805,S,10019,28
10807,S,10019,11
10809,B,10002,101
10810,B,10011,6
10812,B,9988,194
10812,B,9993,223
10813,S,10019,106
10814,B,9989,38
10815,B,10002,36
10815,B,10011,0
10815,B,10017,0
10820,S,10027,0
10821,S,10024,170
10822,B,10000,83
10822,B,10002,0
10823,S,10019,47
10825,B,9987,115
10828,B,10004,50
10829,S,10009,76
10830,B,10017,11
10830,S,10009,0
10831,S,10022,199
10833,B,10017,0
10833,S,10029,93
10835,S,10007,95
10840,S,10025,94
10841,B,9990,289
10842,B,10001,3
10843,S,10033,0
10844,B,10004,17
10845,S,10010,87
10846,S,10008,58
10848,B,10000,129
10850,S,10010,0
10851,S,10007,46
10854,S,10014,52
10857,B,9999,224
10858,S,10034,33
10862,S,10012,92
10864,B,9990,296
10865,B,10004,0
10865,S,10002,38
10869,B,9987,187
10871,B,10000,70
10871,B,10001,0
10875,B,9999,215
10875,B,10000,0
10876,B,9987,192
10877,S,10025,103
10881,S,10014,65
10884,B,9993,201
10885,S,10002,0
10885,S,10007,28
10887,B,9999,150
10888,B,9995,6
10890,S,10016,29
10891,S,10008,138
10894,B,9993,233
10897,S,10027,64
10898,B,10003,64
10901,S,10007,0
10901,S,10008,96
10902,B,9999,119
10902,B,10003,0
10904,S,10004,90
10908,B,10002,99
10909,S,10010,43
10912,S,10021,58
10913,B,9993,212
10914,S,10004,87
10916,S,10004,29
10917,S,10004,25
10919,B,9985,154
10919,S,10004,0
10919,S,10008,21
10920,S,10008,16
10922,S,10024,218
10924,B,10002,98
10926,B,10002,66
10928,B,10002,20
10931,B,9992,413
10932,B,9999,94
10932,B,10002,0
10932,S,10029,56
10933,S,10002,55
10934,B,9992,383
10935,B,10000,39
10938,S,10002,47
10939,B,9990,294
10940,B,9997,142
10942,S,10002,31
10944,S,10026,129
10946,B,10000,29
10947,B,9998,171
10949,B,10002,36
10949,S,10002,0
10953,B,9991,431
10957,B,9994,362
10959,B,9993,295
10961,B,9989,69
10962,B,9990,374
10964,B,10002,15
10965,S,10020,78
10967,S,10024,294
10968,B,9990,356
10970,S,10008,0
10970,S,10010,0
10970,S,10012,68
10973,S,10023,118
10975,S,10020,88
10976,B,9987,120
10977,S,10012,10
10980,S,10005,84
10981,S,10027,0
10982,B,9999,55
10982,B,10000,0
10982,B,10002,0
10984,S,10019,107
10988,S,10005,30
10989,B,9993,263
10992,S,10016,78
10993,S,10022,205
10995,B,9998,149
10995,B,9999,0
10997,S,10000,42
10998,S,10000,14
11001,S,10000,0
11001,S,10005,14
11002,B,9995,54
11007,S,10005,0
11007,S,10012,0
11007,S,10014,43
11008,S,10002,89
11010,B,9998,81
11011,S,10002,71
11012,B,9985,81
11013,S,10010,98
11015,S,10002,4
11016,B,9983,87
11018,B,9998,34
11019,B,9997,83
11019,B,9998,0
11020,B,9997,103
11022,B,9992,450
11024,S,10000,23
11025,S,10016,121
11027,S,10011,73
11029,B,9997,43
11030,B,9994,322
11032,S,10000,0
11032,S,10002,0
11032,S,10010,31
11033,B,9997,5
11034,B,9994,245
11037,S,10011,77
11038,B,9988,167
11039,S,10013,13
11041,B,10008,70
11043,B,10008,44
11044,S,10026,85
11045,S,10010,0
11045,S,10011,27
11047,B,9993,270
11052,B,10005,64
11053,S,10010,75
11054,B,9991,499
11055,S,10010,25
11056,B,9993,240
11057,S,10010,14
11058,B,9987,81
11059,S,10010,0
11059,S,10011,0
11059,S,10013,0
11059,S,10014,0
11061,B,10008,0
11061,S,10007,37
11063,B,9990,384
11065,S,10027,82
11066,B,9988,148
11069,B,10005,0
11069,S,10002,25
11070,S,10002,24
11073,B,10000,99
11075,S,10002,0
11076,S,10025,134
11078,S,10027,142
11081,S,10007,0
11081,S,10016,58
11083,B,10000,143
11085,B,9989,158
11087,S,10015,15
11088,S,10019,60
11089,B,10000,101
11090,S,10031,89
11091,B,9993,192
11091,S,10015,0
11091,S,10016,0
11091,S,10019,36
11092,S,10007,77
11096,S,10007,12
11099,S,10024,346
11101,B,9999,53
11104,S,10028,115
11105,B,9996,4
11108,S,10023,93
11110,S,10004,2
11114,S,10021,149
11116,S,10012,3
11117,B,10009,25
11117,S,10004,0
11117,S,10007,0
11119,B,10008,67
11123,B,9995,69
11124,S,10012,0
11124,S,10019,0
11124,S,10020,83
11125,B,9994,257
11127,B,10006,22
11128,S,10024,299
11129,S,10020,49
11131,S,10012,25
11132,B,9992,443
11133,B,10009,55
11138,B,10004,100
11139,S,10016,8
11140,S,10012,0
11140,S,10016,0
11140,S,10020,40
11142,B,9997,7
11144,B,10004,172
11150,B,9995,129
11152,B,9994,249
11153,B,10012,15
11155,S,10020,0
11155,S,10021,94
11157,B,10008,142
11158,B,9988,216
11158,B,9997,5
11159,B,10009,20
11159,B,10012,0
11159,S,10025,79
11161,B,10008,103
11161,B,10009,0
11167,B,10008,65
11168,B,10008,42
11169,B,9993,210
11171,S,10021,59
11173,S,10021,0
11173,S,10022,168
11175,B,10008,0
11175,S,10007,1
11176,S,10026,139
11180,B,10006,59
11181,S,10022,252
11184,S,10010,82
11187,B,10006,16
11188,B,10006,58
11190,B,9997,54
11192,B,9993,203
11192,S,10007,0
11192,S,10010,70
11193,B,10000,189
11194,S,10034,0
11196,B,9999,83
11199,S,10026,212
11201,S,10010,63
11205,S,10010,0
11205,S,10022,233
11206,B,9989,195
11208,B,9996,58
11209,B,10011,34
11212,B,10011,0
11212,S,10008,11
11213,S,10026,290
11215,B,9995,123
11215,B,10004,214
11216,B,9995,170
11217,B,9994,189
11218,B,10006,51
11221,B,10001,33
11222,B,10001,121
11225,B,10006,17
11226,S,10026,236
11228,B,10004,162
11228,B,10006,0
11229,B,10005,98
11233,S,10008,0
11233,S,10022,195
11234,S,10019,24
11235,B,9986,44
11237,B,9995,229
11239,S,10010,74
11242,B,10005,60
11243,B,9991,476
11244,S,10010,23
11246,B,9991,545
11247,S,10010,0
11247,S,10019,12
11249,B,10010,26
11251,B,10005,48
11251,B,10010,0
11253,B,9996,107
11257,S,10012,65
11259,S,10025,127
11260,B,9993,170
11260,B,10010,28
11261,B,10015,32
11261,S,10012,0
11262,B,10015,85
11265,S,10019,0
11265,S,10022,170
11266,S,10042,4
11267,B,9994,216
11270,B,10015,54
11272,S,10023,164
11274,B,10015,39
11277,B,10008,23
11279,S,10022,115
11280,B,10005,43
11280,B,10008,0
11280,B,10010,0
11280,B,10015,0
11282,B,9993,189
11284,B,10011,88
11288,B,10009,85
11293,S,10022,109
11294,B,10006,38
11295,B,9995,298
11296,S,10025,88
11299,B,10011,34
11302,B,10000,249
11303,B,9992,519
11304,S,10017,34
11310,S,10027,165
11312,B,10020,40
11312,S,10017,0
11313,B,10020,20
11314,B,10013,39
11315,B,10015,83
11316,B,10015,8
11316,B,10020,0
11327,B,9985,61
11327,B,10008,5
11328,S,10022,84
11330,B,10013,3
11330,B,10015,0
11331,B,9991,452
11334,B,10014,100
11335,B,10007,73
11336,S,10022,69
11337,B,9997,49
11341,B,10016,45
11342,B,10020,26
11344,B,10020,0
11344,S,10019,65
11345,B,10016,36
11346,B,9999,30
11347,B,10014,83
11347,B,10016,0
11351,S,10019,16
11352,B,10021,4
11352,S,10019,0
11353,B,10021,1
11354,S,10025,129
11355,B,10009,123
11357,B,10001,141
11358,B,9991,531
11359,B,10014,82
11359,B,10021,0
11361,B,10017,2
11363,B,9997,71
11364,B,10014,33
11364,B,10017,0
11365,S,10022,0
11365,S,10023,160
11366,B,10009,110
11366,B,10011,0
11366,B,10013,0
11366,B,10014,0
11367,B,10019,67
11368,B,10019,33
11369,B,10009,74
11369,B,10019,0
11370,B,10007,70
11370,B,10008,0
11370,B,10009,0
11371,B,10008,24
11372,B,9988,195
11376,S,10020,81
11377,B,9985,0
11378,B,10000,282
11379,B,10008,14
11380,B,10006,23
11380,B,10007,0
11380,B,10008,0
11384,B,9994,225
11386,B,10001,121
11388,B,9989,235
11390,S,10020,66
11391,S,10014,75
11392,B,9996,53
11395,B,9990,322
11397,B,10005,17
11397,B,10006,0
11400,S,10020,0
11403,B,9986,124
11403,B,9988,155
11404,B,10004,250
11405,B,9996,123
11406,B,9995,338
11407,B,9998,33
11408,B,10004,176
11408,B,10005,0
11411,B,10007,41
11413,B,10007,16
11415,S,10016,77
11416,S,10025,98
11421,B,9994,271
11424,B,10000,324
11425,S,10014,12
11426,B,10013,87
11431,S,10020,75
11435,B,9999,64
11436,B,10013,1
11437,B,10004,125
11437,B,10007,0
11437,B,10013,0
11438,B,10011,70
11439,S,10016,110
11440,B,10001,172
11442,S,10014,0
11442,S,10016,70
11443,B,9991,462
11444,B,9995,323
11445,B,9987,172
11447,B,10014,15
11450,B,10010,40
11455,S,10023,185
11456,S,10020,131
11457,B,10014,0
11458,B,10011,13
11460,B,10011,12
11465,B,10010,37
11465,B,10011,0
11466,S,10016,0
11466,S,10020,121
11467,B,10010,124
11470,S,10020,73
11473,B,10005,31
11474,B,9992,473
11475,B,9990,396
11477,B,10010,101
11478,B,10003,48
11480,S,10020,4
11481,B,9989,327
11485,B,10010,77
11486,S,10024,328
11491,S,10020,0
11491,S,10023,171
11492,B,9992,388
11493,B,10020,34
11494,B,10020,27
11495,B,9994,197
11498,S,10028,76
11500,S,10023,134
11505,B,10010,9
11505,B,10020,0
11506,S,10018,6
11507,B,10004,95
11507,B,10005,0
11507,B,10010,0
11509,B,10004,52
11510,B,10018,29
11510,S,10018,0
11511,B,10018,5
11515,S,10023,92
11516,B,10004,26
11516,B,10018,0
11517,B,10001,162
11517,B,10003,0
11517,B,10004,0
11519,B,9989,370
11520,B,10011,19
11521,B,10000,282
11524,B,10001,100
11524,B,10011,0
11525,S,10023,8
11526,B,10002,29
11528,B,10006,15
11531,S,10017,67
11533,B,10006,0
11533,S,10006,39
11535,B,9993,241
11537,B,10004,66
11540,S,10010,23
11541,B,10004,21
11542,B,9992,424
11544,B,10003,73
11546,B,9999,147
11547,B,10000,249
11548,S,10006,0
11548,S,10010,0
11548,S,10017,65
11550,S,10024,276
11551,B,9999,195
11554,B,10003,27
11554,B,10004,0
11556,S,10012,84
11559,S,10012,12
11563,B,10003,124
11565,S,10008,85
11566,S,10026,151
11567,B,10010,3
11567,S,10008,0
11569,B,10002,34
11571,B,9997,128
11573,B,9995,329
11577,B,10003,55
11577,B,10010,0
11577,S,10024,208
11578,B,9988,218
11579,S,10011,94
11581,S,10026,78
11585,B,9999,265
11586,B,9991,407
11586,S,10011,76
11587,S,10011,0
11587,S,10012,4
11590,B,10003,53
11591,S,10029,138
11592,S,10026,122
11594,B,9993,265
11596,S,10012,0
11596,S,10017,30
11597,B,9992,409
11602,S,10028,113
11604,S,10020,85
11606,B,9986,44
11607,B,10000,327
11609,S,10024,269
11611,S,10017,0
11611,S,10020,61
11612,B,9991,413
11616,S,10012,70
11617,S,10025,106
11620,B,10003,21
11621,B,10009,53
11622,B,9991,345
11623,S,10020,143
11625,B,10009,41
11626,B,9990,322
11628,B,9994,212
11630,B,10005,53
11631,B,9990,294
11634,S,10019,93
11639,B,10009,0
11639,S,10006,34
11642,B,9989,281
11645,B,10007,50
11645,S,10006,0
11647,S,10011,15
11648,B,10008,92
11650,B,10000,391
11652,S,10011,0
11652,S,10012,53
11653,B,10008,59
11655,B,9996,163
11656,B,9999,217
11656,B,10003,49
11658,B,10006,86
11659,B,9991,291
11660,S,10012,30
11661,B,9987,155
11662,B,10008,44
11664,B,10005,107
11668,S,10017,89
11672,B,10010,93
11674,S,10019,163
11677,S,10012,9
11678,S,10012,0
11678,S,10017,75
11679,S,10017,11
11681,B,9989,347
11685,S,10017,0
11685,S,10019,98
11687,B,9990,214
11688,S,10019,81
11690,S,10020,210
11691,S,10024,221
11692,B,10010,34
11693,S,10019,27
11695,B,10011,17
11699,B,10008,24
11699,B,10010,0
11699,B,10011,0
11701,B,9989,255
11702,S,10020,143
11703,B,10006,60
11703,B,10007,0
11703,B,10008,0
11704,S,10012,71
11706,B,10001,184
11707,S,10012,65
11708,B,9993,340
11709,B,9989,212
11709,B,9995,333
11710,B,9998,113
11711,S,10012,13
11712,B,10007,39
11713,B,9994,152
11714,S,10024,273
11716,B,10007,19
11720,S,10012,0
11720,S,10019,0
11720,S,10020,99
11722,S,10014,77
11723,B,9996,159
11724,B,10005,98
11724,B,10006,0
11724,B,10007,0
11725,S,10026,144
11730,S,10011,86
11730,S,10026,66
11731,S,10011,53
11732,B,9993,288
11736,B,10000,303
11741,B,9992,489
11742,B,10005,17
11746,B,10002,61
11749,B,9994,219
11750,B,10002,29
11750,B,10003,0
11750,B,10005,0
11751,B,10008,24
11754,B,10008,11
11756,B,9997,134
11761,B,9996,188
11762,S,10025,58
11764,B,9989,238
11765,B,9986,63
11767,B,9985,72
11768,B,9995,264
11769,S,10011,0
11769,S,10014,30
11770,S,10029,56
11771,B,9992,554
11773,B,10001,171
11773,B,10002,0
11773,B,10008,0
11778,S,10025,17
11779,B,10008,83
11780,B,9994,274
11781,B,10001,160
11781,B,10008,0
11782,S,10024,274
11783,B,9995,224
11784,S,10025,36
11784,S,10036,0
11785,B,10001,135
11787,S,10032,0
11788,S,10021,92
11793,S,10015,5
11794,B,10001,96
11795,S,10014,15
11796,B,9989,331
11797,B,9991,337
11799,S,10014,5
11800,B,9999,258
11802,B,10001,37
11806,S,10011,89
11807,S,10030,0
11808,S,10011,0
11808,S,10014,0
11808,S,10015,3
11809,S,10015,77
11811,S,10015,26
11813,S,10021,116
11818,S,10015,0
11818,S,10020,45
11819,B,10001,4
11820,B,9990,304
11821,B,9987,192
11822,B,10000,300
11822,B,10001,0
11823,B,9993,319
11828,S,10008,37
11829,S,10024,284
11830,S,10010,13
11834,B,10003,98
11836,B,10003,75
11837,B,10000,287
11837,B,10003,0
11839,S,10008,25
11841,B,10003,21
11843,S,10008,8
11846,B,10014,35
11846,S,10008,0
11846,S,10010,0
11847,B,9995,165
11850,S,10016,91
11851,S,10016,15
11852,B,10003,0
11852,B,10014,0
11852,S,10003,9
11854,S,10008,20
11855,B,9986,118
11857,B,10018,42
11857,S,10003,0
11857,S,10008,0
11857,S,10016,0
11860,S,10020,0
11860,S,10021,111
11861,B,10000,270
11861,B,10018,0
11865,B,10016,88
11868,B,9995,252
11869,B,10016,24
11870,B,9983,0
11871,B,10000,251
11871,B,10016,0
11873,B,10005,38
11875,S,10021,70
11876,B,10005,89
11878,S,10021,1
11880,B,10006,58
11882,B,10006,57
11883,B,9989,294
11885,S,10020,11
11886,B,10004,78
11888,S,10016,58
11890,B,10008,59
11892,B,10006,51
11892,B,10008,0
11893,B,9996,159
11894,S,10010,30
11895,S,10026,130
11899,B,9996,225
11900,S,10010,0
11900,S,10016,51
11903,B,10013,91
11904,B,10000,276
11905,S,10024,281
11906,S,10023,20
11911,S,10016,34
11912,B,10013,20
11914,B,10005,51
11919,B,9988,291
11920,B,10013,8
11922,B,10006,16
11922,B,10013,0
11922,S,10023,12
11924,B,9990,251
11925,B,9992,518
11926,B,10019,3
11926,S,10016,0
11928,B,9997,177
11929,B,10006,0
11929,B,10019,0
11929,S,10006,20
11930,B,9992,438
11933,B,10010,79
11933,S,10006,0
11936,B,10010,66
11938,S,10017,41
11940,B,10004,124
11942,S,10016,60
11943,B,10001,73
11944,B,10005,46
11944,B,10010,0
11945,S,10008,21
11946,S,10008,0
11946,S,10016,0
11946,S,10017,39
11947,B,10009,47
11948,S,10019,86
11950,B,10009,15
11953,B,10017,19
11953,S,10017,0
11955,B,9993,383
11958,S,10019,64
11959,S,10026,66
11962,B,10007,68
11963,B,10009,2
11963,B,10017,0
11965,B,10007,51
11965,B,10009,0
11966,B,10003,9
11968,B,9994,370
11970,S,10009,13
11971,B,9989,228
11973,S,10009,10
11974,S,10009,0
11974,S,10019,2
11975,S,10024,205
11976,S,10019,0
11976,S,10020,0
11976,S,10021,0
11976,S,10023,0
11976,S,10024,164
11978,B,9992,362
11979,B,10017,9
11980,B,10019,19
11981,B,10005,0
11983,B,10016,15
11985,B,10007,21
11985,B,10016,0
11985,B,10017,0
11985,B,10019,0
11987,B,10007,12
11989,S,10015,68
11992,S,10014,18
11994,B,10004,89
11994,B,10007,0
11995,S,10026,152
11998,B,10004,0
11999,B,10003,0
12000,B,9998,172
12002,B,10001,52
12003,B,9996,308
12005,B,9995,346
12006,B,9987,187
12008,B,10000,267
12008,B,10001,0
12010,S,10006,42
12012,B,9992,312
12013,S,10006,8
12014,B,10000,243
12015,B,9998,139
12016,B,9999,217
12017,B,9991,377
12020,B,9988,314
12022,B,10009,76
12022,S,10006,0
12023,B,10000,221
12023,B,10009,0
12024,B,10000,155
12026,B,10000,72
12029,B,9998,80
12030,B,9991,388
12032,S,10011,100
12033,S,10011,38
12034,B,10010,2
12037,S,10028,53
12040,B,10000,15
12040,B,10010,0
12044,B,10013,16
12044,S,10011,0
12047,B,10021,7
12047,S,10014,0
12047,S,10015,0
12048,S,10024,108
12049,B,10021,0
12049,S,10021,82
12052,B,9999,197
12052,B,10000,0
12052,B,10013,0
12053,B,10019,13
12054,S,10022,73
12056,B,9999,175
12056,B,10019,0
12058,S,10029,0
12059,B,9999,76
12063,S,10019,26
12065,S,10008,5
12066,B,9999,46
12069,S,10005,12
12071,S,10026,66
12073,S,10005,3
12074,B,10006,54
12074,S,10005,0
12076,B,10006,52
12079,B,9995,252
12080,B,10006,15
12081,S,10018,18
12083,S,10008,0
12083,S,10018,9
12084,S,10014,78
12085,S,10027,83
12086,B,9988,241
12088,B,9997,187
12089,S,10022,94
12091,B,9999,5
12091,B,10006,0
12093,B,9997,182
12093,B,9998,0
12093,B,9999,0
12095,B,9997,120
12096,S,10000,5
12098,S,10000,0
12098,S,10014,15
12100,B,9997,47
12101,B,9997,10
12104,B,10002,68
12105,B,10002,27
12108,B,9987,128
12109,S,10013,7
12110,B,10007,64
12111,B,10002,3
12111,B,10007,0
12116,B,10002,0
12118,B,9991,382
12119,S,10003,23
12121,B,9992,354
12123,B,10005,62
12123,S,10003,0
12126,S,10006,49
12130,S,10023,26
12131,B,9994,324
12133,S,10019,122
12135,B,9994,419
12138,B,10009,34
12138,S,10006,0
12141,S,10016,96
12145,B,10005,15
12145,B,10009,0
12149,S,10008,41
12151,B,9997,0
12151,B,10005,0
12151,S,9997,32
12152,S,9997,0
12152,S,10008,37
12154,B,9994,506
12156,S,10025,123
12157,B,9990,333
12158,S,10012,44
12159,S,10008,136
12162,B,9992,434
12164,B,9988,321
12166,B,9990,236
12170,B,9991,461
12171,B,9991,382
12172,B,10002,65
12173,B,9988,327
12174,B,9991,297
12174,B,9999,7
12175,B,9990,323
12176,S,10024,98
12177,B,9998,58
12179,B,10002,59
12181,S,10008,72
12182,B,9993,352
12186,S,10021,156
12187,S,10008,53
12189,S,10008,94
12191,S,10016,143
12193,S,10021,180
12194,B,9991,296
12196,B,9988,259
12197,B,9987,201
12198,S,10005,44
12201,S,10020,25
12202,S,10005,22
12203,S,10005,0
12203,S,10008,70
12204,S,10025,134
12206,B,9988,355
12206,B,9995,246
12207,S,10019,96
12207,S,10024,164
12211,S,10008,51
12212,B,10002,0
12212,S,10002,26
12213,S,10013,0
12215,B,9995,329
12218,S,10017,47
12220,B,9991,256
12222,S,10002,0
12222,S,10008,0
12222,S,10012,28
12224,S,10016,242
12225,B,9999,6
12226,B,9996,304
12226,B,9998,0
12226,B,9999,0
12227,S,10012,81
12229,B,9991,310
12232,B,10001,5
12234,S,10011,3
12237,B,10010,43
12240,S,10011,0
12240,S,10012,39
12242,B,10004,55
12243,B,10010,34
12246,B,10004,1
12246,B,10010,0
12247,S,10013,93
12250,S,10026,84
12252,S,10012,0
12252,S,10013,45
12253,S,10013,0
12253,S,10014,12
12254,B,9998,13
12256,B,9987,164
12259,B,10001,0
12259,B,10004,0
12259,S,9999,24
12260,B,9996,252
12260,B,9998,0
12262,B,9987,73
12263,S,10008,44
12265,S,9999,0
12265,S,10008,28
12266,B,10004,80
12269,S,10021,182
12270,B,9990,266
12271,B,10004,75
12278,S,10008,0
12278,S,10014,0
12278,S,10016,203
12279,B,10004,0
12279,S,9997,21
12280,S,10026,66
12281,B,10005,50
12281,S,9997,0
12283,S,10016,122
12285,S,10016,119
12286,B,9988,268
12287,B,10005,27
12288,B,9996,203
12288,B,10005,0
12289,S,10003,92
12290,B,9994,497
12291,S,9997,43
12292,S,10025,47
12296,S,9997,0
12296,S,10003,51
12297,B,9996,192
12298,S,10000,30
12299,S,10004,86
12301,B,10002,30
12301,S,10000,0
12303,S,10003,0
12303,S,10004,56
12305,B,10002,9
12307,B,9995,337
12312,B,9997,8
12314,B,9994,530
12315,B,9996,121
12315,B,9997,0
12315,B,10002,0
12317,B,10002,96
12319,S,10010,82
12321,S,10024,112
12323,S,10019,146
12324,S,10019,50
12326,S,10018,19
12327,B,9987,0
12328,B,10009,13
12328,S,10004,0
12332,B,9991,234
12333,B,10009,6
12334,B,10004,4
12335,B,10002,78
12335,B,10004,0
12335,B,10009,0
12337,S,10010,0
12337,S,10016,113
12340,S,10012,36
12340,S,10023,0
12342,B,9996,118
12342,B,10002,0
12343,B,9994,497
12345,B,9994,402
12346,S,10011,66
12349,S,10011,11
12351,S,10018,92
12356,B,9996,49
12357,S,10016,99
12358,S,9999,24
12361,B,9995,308
12361,B,9996,0
12362,B,9992,439
12363,S,9999,16
12364,B,10008,55
12364,S,9999,0
12368,S,10024,163
12371,B,9990,287
12372,B,10008,0
12373,B,9990,380
12375,B,10003,100
12376,B,9988,337
12378,B,9991,155
12380,B,10003,68
12383,B,10005,38
12386,S,10008,95
12387,S,10008,8
12389,B,10003,29
12389,B,10005,0
12391,B,9987,97
12394,B,9985,137
12394,B,9990,298
12401,B,9994,387
12406,S,10026,88
12411,S,10006,86
12415,S,10006,60
12417,B,9987,119
12417,B,9988,268
12418,B,9988,275
12422,S,10025,39
12426,S,10006,29
12427,B,9999,60
12432,B,9995,358
12433,S,10008,0
12434,B,9995,350
12434,B,9999,0
12434,B,10003,0
12436,B,9995,423
12437,B,9992,476
12438,S,10019,65
12439,S,10024,202
12440,S,10010,85
12441,S,10019,91
12443,S,9997,86
12444,B,9995,363
12446,S,9997,17
12449,B,10003,3
12449,S,9997,0
12450,S,10006,0
12450,S,10010,72
12452,B,10003,0
12452,S,10000,93
12453,S,9998,100
12454,S,10020,113
12460,S,9998,70
12461,S,10020,134
12462,B,9995,289
12464,S,10020,151
12466,S,9998,51
12468,B,9993,385
12472,B,9991,241
12473,S,9998,19
12474,B,9988,278
12475,S,10013,29
12476,B,9997,99
12479,S,10001,60
12480,S,10018,83
12482,S,10002,63
12484,S,9998,6
12486,S,10013,104
12487,B,9994,344
12488,S,10005,97
12490,S,10009,48
12491,B,9997,20
12492,S,9998,0
12492,S,10000,34
12493,S,10003,45
12494,B,9985,72
12495,S,10000,28
12498,B,9997,5
12500,S,10008,39
12505,S,9998,19
12507,S,9998,13
12510,S,9998,2
12512,S,9998,0
12512,S,10000,7
12514,B,9993,441
12515,S,10021,100
12517,B,9986,63
12517,B,9994,424
12519,S,10024,157
12520,S,10000,0
12520,S,10001,46
12521,B,9994,435
12522,S,10001,39
12523,S,10001,0
12523,S,10002,21
12525,S,10022,179
12527,S,10011,32
12530,S,10002,0
12530,S,10003,43
12531,S,10003,0
12531,S,10005,52
12532,B,9989,190
12533,S,10004,49
12535,B,9993,495
12536,B,9990,277
12539,S,10025,20
12540,B,9995,225
12540,B,9997,0
12541,B,9988,320
12542,S,10018,163
12543,S,10004,11
12544,B,9992,439
12545,S,10004,0
12545,S,10005,51
12546,S,10040,0
12547,B,10001,30
12549,B,10001,12
12550,B,9988,404
12555,S,10018,177
12557,B,10001,0
12557,S,9996,74
12560,S,10009,107
12561,S,10026,44
12562,S,10009,121
12564,B,9995,215
12569,S,10000,88
12572,B,9995,207
12573,S,9996,0
12573,S,10000,71
12574,B,9988,443
12575,B,9995,134
12576,B,9995,127
12577,S,9998,75
12580,S,10015,64
12582,S,10002,4
12585,B,9993,439
12585,S,9998,58
12586,S,9998,38
12587,S,10003,99
12589,B,9996,75
12591,S,9998,21
12593,B,9996,0
12594,B,9995,86
12596,S,10006,14
12597,S,10003,0
12599,B,9985,166
12601,S,10005,61
12604,B,9992,455
12606,B,9995,63
12606,S,10018,167
12607,S,9999,87
12608,S,9998,0
12608,S,9999,60
12610,S,9998,69
12611,S,10024,156
12615,S,9998,6
12616,S,9998,0
12616,S,9999,41
12619,B,9997,14
12627,S,9999,0
12627,S,10000,18
12628,B,9995,38
12628,B,9997,0
12629,S,10011,123
12630,S,10021,199
12633,B,9993,415
12634,B,9993,361
12634,S,10000,0
12634,S,10002,0
12634,S,10005,0
12634,S,10006,6
12636,S,10010,168
12637,S,10006,0
12637,S,10008,0
12637,S,10009,99
12638,B,9988,440
12639,B,9994,380
12642,B,10001,21
12643,B,9987,97
12643,S,10009,17
12645,S,10021,100
12646,S,10002,21
12647,B,9990,325
12648,S,10011,182
12650,B,9995,33
12650,B,10001,0
12651,S,10011,190
12652,S,10017,135
12652,S,10021,98
12654,S,10002,0
12654,S,10009,0
12654,S,10010,143
12655,S,10013,173
12657,B,9994,326
12657,B,9995,0
12658,B,9994,264
12659,S,9995,77
12661,S,9995,0
12661,S,10010,139
12662,B,9991,245
12663,B,9990,232
12664,B,9986,147
12665,B,9986,171
12667,B,9990,142
12668,B,9994,222
12669,B,9991,298
12671,S,10007,4
12672,B,9992,375
12673,B,10007,43
12673,S,10007,0
12677,B,10007,7
12678,S,10010,104
12682,B,9995,12
12686,B,10007,0
12686,S,9996,30
12687,S,10013,268
12689,B,9992,376
12693,B,9994,161
12693,B,9995,0
12696,B,9987,190
12699,S,9996,0
12702,B,9986,242
12703,S,10021,170
12704,S,10013,239
12708,S,10010,85
12709,S,10010,41
12710,B,9986,292
12714,S,10008,35
12715,S,10020,220
12717,B,9994,65
12719,S,10019,168
12720,S,10026,22
12721,S,10019,189
12724,S,9996,37
12725,S,9996,0
12725,S,10008,5
12727,B,9992,329
12728,S,10012,62
12730,S,10006,100
12732,S,10007,63
12734,B,9991,294
12734,S,10006,78
12735,S,10021,230
12737,S,10023,4
12740,B,9996,77
12741,B,9996,27
12743,S,10017,221
12746,S,10006,53
12748,S,10016,169
12749,S,10006,0
12749,S,10007,17
12751,S,10007,0
12751,S,10008,0
12751,S,10010,0
12751,S,10011,159
12752,B,9988,433
12753,B,9994,34
12753,B,9996,0
12756,S,10011,152
12758,B,9993,356
12758,B,9994,0
12760,S,10012,36
12761,B,9993,432
12762,S,10024,242
12764,S,10011,146
12766,S,10022,226
12767,B,9992,262
12768,S,10000,41
12770,B,9990,235
12772,B,9988,471
12775,S,10025,108
12777,B,9996,6
12778,S,10000,0
12778,S,10011,102
12780,S,10011,100
12782,S,10011,91
12783,S,10011,67
12785,B,9993,473
12787,B,10006,38
12788,B,9993,515
12790,S,10011,44
12794,B,10006,119
12795,B,9994,20
12799,B,10009,7
12800,B,10006,100
12800,B,10009,0
12802,B,10006,3
12802,S,10022,153
12804,B,10007,17
12806,B,10007,105
12807,B,9986,242
12808,B,10007,73
12809,B,9992,295
12811,B,9985,94
12812,B,10009,83
12813,B,10009,48
12815,S,10011,4
12816,B,9990,228
12817,B,10007,63
12817,B,10009,0
12817,S,10024,176
12818,B,10007,5
12819,B,9988,542
12821,S,10011,0
12821,S,10012,0
12821,S,10013,237
12822,B,10006,0
12823,B,10007,0
12823,S,10003,43
12825,B,9993,486
12825,B,9994,0
12825,B,9996,0
12827,S,10003,38
12829,B,9986,198
12830,B,9993,430
12831,B,9997,23
12832,B,9992,344
12834,B,9996,99
12836,S,10022,221
12839,B,9990,315
12840,S,10003,20
12842,S,10003,0
12844,B,10001,81
12845,S,10003,90
12848,S,10003,79
12850,S,10003,29
12852,S,10003,23
12853,B,9993,412
12854,S,10026,119
12856,S,10024,222
12858,B,9990,380
12859,S,10031,0
12865,B,10001,70
12867,B,9999,25
12868,S,10018,267
12869,B,10001,0
12869,S,10001,4
12870,B,9991,353
12872,S,10001,0
12872,S,10003,0
12872,S,10013,194
12874,S,10013,105
12875,S,10017,302
12877,S,10019,284
12879,B,9996,59
12879,B,9997,0
12879,B,9999,0
12881,S,10013,34
12883,S,10003,30
12884,B,9991,299
12891,B,9992,368
12894,S,10007,40
12895,S,10003,0
12895,S,10007,20
12897,S,10020,234
12899,S,9997,68
12901,B,9993,421
12903,S,9997,10
12904,S,10021,170
12906,B,10004,68
12906,S,9997,0
12908,B,10004,57
12912,S,10010,72
12914,S,10020,289
12916,S,10007,18
12918,B,10005,11
12921,S,10007,0
12921,S,10010,38
12922,B,9996,45
12922,B,10004,0
12922,B,10005,0
12926,B,10008,33
12929,B,9993,401
12929,B,9996,0
12929,B,10008,0
12931,S,10002,84
12934,B,9993,338
12935,B,9996,65
12937,S,10002,64
12939,B,9996,0
12939,S,9995,33
12939,S,10024,183
12940,S,9995,29
12941,S,10021,180
12943,S,9995,8
12946,S,9995,69
12948,S,10027,155
12948,S,10028,16
12949,B,9999,3
12949,S,9995,0
12951,S,10015,0
12954,S,10003,52
12955,S,10022,153
12957,S,10004,9
12959,B,10001,22
12963,B,10001,1
12966,S,10002,21
12967,S,10002,0
12967,S,10003,0
12967,S,10004,0
12967,S,10010,29
12970,B,10001,0
12970,S,10000,7
12972,B,9993,307
12972,B,9999,0
12973,B,9992,414
12974,S,10016,99
12975,B,9988,536
12976,S,10000,0
12976,S,10010,0
12976,S,10013,28
12978,S,10004,59
12980,B,9998,19
12982,B,9993,232
12982,B,9998,0
12983,S,10027,132
12984,S,10004,0
12985,B,10015,56
12985,S,10013,0
12987,B,10001,6
12990,S,10020,338
12995,B,10015,0
12995,S,10009,27
12996,B,9993,159
12996,B,10001,0
12998,B,9995,31
13001,S,10022,68
13002,B,9992,487
13003,S,10022,47
13004,S,10013,66
13005,B,10011,39
13005,S,10009,0
13006,B,9992,453
13006,B,10003,80
13008,B,10011,35
13009,B,10008,5
13012,B,9996,43
13016,B,9992,517
13018,B,10011,20
13019,B,10003,6
13019,B,10008,0
13019,B,10011,0
13020,S,10018,187
13022,B,10000,48
13023,S,10019,327
13024,S,10020,269
13026,B,10009,83
13031,B,10009,6
13032,B,10015,27
13032,S,10013,0
13035,S,10022,121
13036,B,10000,19
13036,B,10003,0
13036,B,10009,0
13036,B,10015,0
13038,B,9998,46
13043,B,10000,0
13043,S,10000,22
13045,S,10028,82
13050,S,10000,19
13052,B,10001,4
13052,S,10000,0
13053,S,10016,81
13054,B,9996,29
13054,B,9998,0
13054,B,10001,0
13057,S,10016,38
13060,S,10026,185
13062,S,10015,5
13066,B,9993,131
13066,B,9995,0
13066,B,9996,0
13067,S,10023,0
13068,S,10013,92
13070,S,10002,53
13071,S,10028,142
13073,S,10001,48
13074,B,9992,611
13076,B,9993,81
13079,S,10001,35
13081,S,10011,100
13083,B,9995,3
13085,S,10001,0
13085,S,10002,0
13087,S,10025,170
13089,S,10004,23
13091,S,10031,100
13093,B,10006,70
13093,S,10004,0
13095,S,10019,277
13097,S,10025,180
13098,S,10018,207
13100,S,10014,3
13102,S,10024,252
13106,B,10010,11
13107,S,10011,45
13108,S,10011,0
13108,S,10013,40
13110,B,10010,2
13114,B,10000,56
13117,B,10007,93
13119,B,9987,97
13122,B,10007,60
13122,B,10010,0
13123,S,10018,193
13127,B,10004,79
13129,S,10020,366
13131,S,10023,1
13132,B,10007,30
13134,S,10013,27
13135,B,9988,494
13135,S,10013,0
13135,S,10014,0
13135,S,10015,0
13135,S,10016,0
13135,S,10017,278
13136,S,10017,229
13138,S,10017,147
13139,S,10017,125
13140,B,10016,93
13142,S,10018,199
13146,S,10019,302
13147,B,10016,86
13150,S,10021,170
13151,B,10016,45
13152,B,9993,160
13153,B,10007,0
13153,B,10016,0
13153,S,10007,23
13156,B,9997,51
13157,B,9997,140
13159,B,9995,0
13164,S,10007,0
13164,S,10017,98
13167,S,10031,106
13168,B,10006,45
13169,B,9995,70
13171,B,9993,185
13172,B,9999,79
13173,B,10006,30
13174,B,10004,33
13174,B,10006,0
13176,S,10022,166
13178,S,10017,61
13180,S,10016,46
13181,S,10020,341
13182,B,9992,512
13183,B,9997,227
13184,S,10010,7
13186,S,10010,0
13186,S,10016,36
13188,B,9994,97
13189,S,10020,320
13190,S,10013,15
13193,S,10013,0
13193,S,10016,0
13193,S,10017,23
13195,B,10002,84
13197,S,10017,3
13200,B,10011,33
13202,B,10003,56
13203,S,10016,70
13206,S,10016,21
13207,S,10020,271
13210,B,10006,24
13212,S,10016,0
13212,S,10017,0
13212,S,10018,174
13214,B,10011,3
13215,B,10013,37
13217,S,10018,98
13218,B,10013,0
13218,S,10012,58
13221,B,10016,40
13221,S,10012,0
13222,B,10016,32
13223,B,10000,0
13226,B,10017,53
13227,B,10017,23
13229,B,10004,21
13229,B,10006,0
13229,B,10011,0
13229,B,10016,0
13229,B,10017,0
13231,S,10024,183
13234,S,10018,4
13236,S,10026,192
13239,S,10016,90
13240,S,10026,225
13240,S,10027,72
13241,B,9988,431
13243,B,10004,20
13245,S,10032,93
13248,S,10011,38
13251,S,10025,224
13254,B,10003,33
13254,B,10004,0
13256,B,10002,44
13256,B,10003,0
13257,S,10020,216
13259,S,10022,121
13261,S,10016,136
13263,S,10028,76
13264,S,10011,0
13265,S,10016,73
13267,B,10006,85
13268,S,10016,17
13271,S,10020,243
13272,S,10014,32
13273,S,10025,162
13274,B,10005,58
13276,S,10020,328
13277,B,9992,511
13278,S,10014,0
13278,S,10016,4
13279,B,10006,5
13281,S,10016,0
13281,S,10018,0
13281,S,10019,223
13283,S,10019,172
13284,B,9987,0
13285,S,10019,101
13288,S,10025,153
13290,S,10018,37
13293,B,10005,33
13293,B,10006,0
13296,S,10017,21
13297,B,10014,33
13299,B,10001,77
13302,S,10026,239
13304,S,10023,11
13308,B,10000,93
13309,B,10014,7
13310,B,10004,39
13312,S,10020,240
13314,B,9994,126
13316,S,10017,19
13317,B,10016,54
13318,B,10009,42
13319,B,9991,255
13320,B,10016,34
13323,B,10016,27
13325,B,10000,132
13327,B,10009,103
13329,B,10016,1
13334,B,10009,32
13334,B,10014,0
13334,B,10016,0
13336,B,10009,14
13338,B,10003,84
13340,B,10005,32
13340,B,10009,0
13341,B,10017,47
13341,S,10017,0
13348,B,10017,46
13351,B,9993,106
13357,B,10017,16
13358,B,10017,0
13359,B,9995,0
13364,S,10007,38
13365,S,10027,154
13366,B,9993,130
13367,B,10004,4
13367,B,10005,0
13368,S,10013,81
13369,S,10007,36
13372,S,10019,195
13373,B,10003,149
13374,S,10007,0
13374,S,10013,21
13376,S,10025,184
13378,S,10013,106
13382,B,10009,63
13383,B,10009,7
13385,B,10009,0
13385,S,10006,15
13387,B,9999,0
13388,S,10029,12
13389,B,10003,124
13389,B,10004,0
13392,S,10006,0
13392,S,10013,55
13393,S,10019,162
13394,B,10003,43
13395,B,9999,47
13396,S,10013,33
13398,S,10013,0
13398,S,10018,23
13401,S,10028,167
13403,S,10018,0
13403,S,10019,127
13406,S,10019,169
13411,B,10001,175
13412,B,9999,58
13414,B,10002,0
13415,S,10019,168
13416,B,10006,93
13418,S,10020,155
13420,B,10006,6
13421,S,10030,92
13422,S,10020,58
13423,B,10003,8
13423,B,10006,0
13426,S,10019,74
13429,B,9995,38
13430,B,9998,47
13433,B,10001,88
13433,B,10003,0
13434,S,10020,102
13434,S,10028,76
13436,S,10019,13
13437,B,10015,64
13439,S,10031,186
13444,B,9999,105
13446,B,10015,0
13446,S,10015,21
13447,B,10008,95
13449,B,9988,360
13450,B,10002,13
13452,S,10015,9
13453,B,10008,0
13454,S,10027,238
13455,B,10004,100
13456,B,10014,6
13458,B,10014,0
13458,S,10006,84
13463,B,9998,49
13464,B,9989,97
13467,B,9996,43
13468,B,10004,33
13470,S,10006,80
13471,B,10004,17
13473,B,10008,18
13473,S,10006,0
13474,B,9994,222
13476,B,9998,101
13477,S,10025,96
13483,B,10012,76
13484,S,10031,180
13485,B,9998,106
13486,B,9994,184
13488,S,10023,61
13489,B,10004,85
13492,B,10012,52
13495,B,9999,108
13496,S,10015,5
13498,S,10015,0
13498,S,10019,9
13501,S,10019,0
13501,S,10020,100
13502,B,9997,281
13504,B,10010,54
13505,B,9999,61
13506,B,10012,17
13508,S,10017,27
13509,B,9988,321
13512,B,10007,24
13513,S,10029,81
13514,S,10024,254
13515,S,10027,166
13516,S,10017,0
13516,S,10020,50
13518,B,10010,12
13518,B,10012,0
13519,S,10026,173
13521,B,10020,33
13521,S,10020,0
13522,B,10020,5
13523,B,10004,58
13523,B,10007,0
13523,B,10008,0
13523,B,10010,0
13523,B,10020,0
13525,B,9995,109
13527,S,10021,149
13528,B,10004,21
13530,S,10030,102
13532,B,10002,0
13532,B,10004,0
13532,S,10002,62
13536,S,10008,45
13537,S,10006,44
13539,B,9992,438
13541,B,10001,77
13542,S,10025,139
13546,S,10002,0
13547,B,10000,129
13547,B,10001,0
13551,B,9993,178
13555,S,10006,0
13555,S,10008,27
13558,S,10019,54
13561,S,10009,35
13562,S,10023,126
13563,S,10008,0
13563,S,10009,26
13564,B,9992,405
13565,B,9989,103
13566,B,9999,81
13567,S,10017,39
13569,S,10017,75
13571,S,10021,236
13573,S,10009,0
13573,S,10017,10
13578,B,10011,75
13579,B,10005,12
13581,S,10017,0
13581,S,10019,0
13581,S,10021,221
13584,B,10013,77
13586,S,10016,38
13592,S,10026,249
13596,S,10016,34
13598,B,10011,133
13601,B,10013,66
13602,B,10013,129
13603,B,10013,60
13605,B,10011,115
13605,B,10013,0
13606,B,10011,109
13607,S,10016,0
13608,B,10011,107
13609,S,10022,74
13610,B,10005,16
13613,B,10011,63
13615,S,10019,21
13617,B,10020,70
13617,S,10019,0
13619,B,9990,416
13620,B,9999,34
13621,B,10005,52
13623,B,10000,214
13624,S,10023,116
13625,B,10005,92
13627,B,10005,191
13629,B,10020,10
13634,B,10010,91
13639,B,10011,55
13639,B,10020,0
13640,B,10011,0
13640,S,10011,10
13641,S,10011,0
13641,S,10021,144
13642,S,10026,152
13650,B,10007,97
13653,S,10031,80
13654,B,9998,54
13654,S,10021,108
13655,S,10028,100
13658,B,10017,78
13659,B,10020,18
13660,B,10017,65
13660,B,10020,0
13662,B,10012,30
13663,B,10017,40
13666,S,10020,7
13667,S,10028,84
13668,B,10010,62
13668,B,10012,0
13668,B,10017,0
13669,B,10007,69
13669,B,10010,0
13670,B,9991,322
13671,S,10020,0
13671,S,10021,35
13672,B,9999,97
13673,B,10001,81
13674,S,10022,113
13676,B,9999,179
13677,S,10012,23
13680,S,10016,68
13681,S,10012,0
13681,S,10016,30
13682,S,10026,145
13683,B,10005,186
13683,B,10007,0
13686,S,10019,18
13687,B,10005,179
13688,S,10016,17
13690,B,10005,86
13692,B,9998,117
13694,S,10013,40
13696,B,9993,216
13698,B,9990,442
13699,S,10024,208
13701,B,9991,255
13701,B,10003,2
13702,S,10021,46
13704,B,10000,243
13706,B,9994,277
13710,B,10005,9
13712,S,10024,276
13714,S,10013,0
13714,S,10016,0
13714,S,10019,0
13714,S,10021,33
13716,S,10016,24
13717,B,9997,311
13717,B,10000,204
13718,B,10000,201
13718,B,10001,0
13718,B,10003,0
13718,B,10005,0
13721,S,10028,96
13723,B,10006,48
13725,S,10016,0
13725,S,10021,28
13728,S,10026,166
13733,S,10007,5
13734,B,10017,35
13734,S,10007,0
13737,B,9996,65
13738,B,10017,117
13740,B,9992,419
13743,S,10021,22
13745,S,10030,132
13746,S,10024,205
13747,B,10017,97
13748,B,9988,237
13749,S,10028,140
13753,B,10004,83
13754,S,10024,208
13755,S,10029,157
13757,B,9999,182
13760,B,10005,28
13762,B,10017,54
13763,B,9994,248
13765,S,10021,0
13765,S,10022,47
13766,B,9993,308
13767,B,10006,8
13767,B,10017,0
13769,S,10008,72
13771,B,9998,180
13774,B,9995,197
13777,B,10004,56
13777,B,10005,0
13777,B,10006,0
13779,B,9996,43
13780,S,10008,55
13783,B,9999,186
13784,S,10024,306
13785,S,10027,250
13786,S,10008,22
13789,B,10020,6
13789,S,10008,0
13793,B,10013,74
13796,B,9992,435
13797,S,10023,159
13798,B,10013,18
13798,B,10020,0
13800,S,10022,0
13800,S,10023,152
13801,B,10013,113
13803,S,10023,127
13804,B,9990,499
13806,B,10013,65
13808,B,10013,154
13810,B,9992,516
13816,B,10013,61
13817,B,10013,0
13818,S,10006,99
13821,B,9997,366
13823,S,10006,17
13826,B,10020,3
13826,S,10006,0
13827,B,10011,58
13828,B,9994,320
13830,B,10001,41
13831,B,9997,315
13834,B,10000,114
13834,S,10023,45
13835,B,10011,51
13835,B,10020,0
13838,B,10011,8
13839,B,9988,316
13841,B,9988,405
13842,B,9997,228
13844,B,9992,602
13846,B,10001,29
13846,B,10004,0
13846,B,10011,0
13848,B,10005,99
13850,S,10026,185
13851,B,9988,382
13852,B,10008,31
13854,B,10020,13
13855,B,9998,175
13856,B,9988,414
13858,B,9996,110
13860,B,10020,0
13860,S,10015,20
13863,B,10017,69
13863,S,10015,0
13864,B,9994,227
13865,S,10019,30
13866,B,10017,10
13868,B,10016,98
13871,B,10014,100
13872,B,9992,677
13874,B,9995,279
13876,B,10016,29
13876,B,10017,0
13878,B,10014,76
13878,B,10016,0
13881,B,9987,38
13882,B,9988,382
13883,S,10018,41
13885,B,9989,176
13887,B,10008,17
13887,B,10014,0
13888,B,9989,103
13889,B,10005,95
13889,B,10008,0
13891,B,10000,29
13893,S,10018,0
13893,S,10019,0
13893,S,10023,39
13894,B,9997,242
13895,B,9992,672
13896,B,9995,241
13897,B,10003,86
13898,B,10022,68
13899,S,10025,108
13900,B,10011,1
13902,B,10019,82
13903,S,10025,65
13905,B,10019,81
13905,B,10022,0
13907,B,10009,51
13909,B,10000,83
13911,B,10000,29
13912,B,10014,3
13913,B,10019,3
13914,B,9992,607
13915,B,10014,0
13915,B,10019,0
13915,S,10012,2
13916,B,9990,473
13917,B,10005,62
13917,B,10009,0
13917,B,10011,0
13918,B,9999,166
13919,B,9989,107
13924,B,9997,282
13925,S,10009,69
13929,S,10023,49
13930,B,9996,146
13932,B,9994,130
13935,B,10003,72
13935,B,10005,0
13935,S,10026,109
13936,S,10017,37
13937,B,9998,204
13938,S,10025,54
13939,S,10016,15
13942,B,10003,37
13943,S,10019,77
13945,B,9994,138
13947,S,10009,4
13950,S,10025,126
13951,B,10003,12
13953,B,9999,144
13953,B,10000,0
13953,B,10001,0
13953,B,10003,0
13960,S,10021,65
13962,B,9999,64
13963,B,10001,71
13964,B,9990,515
13965,S,10021,86
13968,S,10026,90
13970,B,10017,20
13970,S,10009,0
13970,S,10012,0
13970,S,10016,0
13970,S,10017,0
13971,S,10019,0
13971,S,10021,77
13972,B,10001,60
13972,B,10017,0
13973,B,9998,175
13975,S,10021,66
13976,S,10010,83
13978,B,10001,20
13980,S,10010,8
13981,S,10015,40
13982,S,10024,208
13984,B,9999,58
13984,B,10001,0
13985,B,9989,81
13985,B,9998,270
13987,B,10004,42
13988,S,10022,56
13989,B,9999,54
13992,S,10025,54
13994,B,9999,31
13994,B,10004,0
13995,B,9999,16
13996,B,9992,521
13997,B,10003,70
13999,S,10022,155
14001,B,9999,84
14004,S,10010,0
14006,S,10024,305
14007,B,9990,479
14008,B,10003,64
14011,S,10011,29
14012,S,10005,7
14014,B,10003,23
14017,B,9999,149
14019,B,10004,57
14022,B,10004,121
14023,B,10004,98
14024,B,9986,244
14027,S,10010,88
14028,B,10004,11
14030,B,9995,170
14030,S,10005,1
14031,B,9999,144
14031,B,10003,0
14031,B,10004,0
14035,B,9999,170
14039,S,10023,145
14040,S,10005,0
14040,S,10010,63
14041,B,9991,196
14043,S,10017,44
14044,B,10008,45
14048,B,9988,416
14049,S,10010,1
14050,B,10008,0
14050,S,10003,24
14051,B,9990,437
14052,S,10010,51
14054,S,10003,36
14055,B,10002,52
14056,B,9999,129
14056,B,10002,0
14057,B,9999,54
14061,B,9999,25
14062,S,10003,20
14064,S,10003,53
14065,S,10015,44
14066,B,9992,497
14069,S,10003,12
14071,B,10007,69
14071,S,10003,0
14074,B,10007,24
14076,S,10011,113
14078,S,10010,16
14080,S,10010,0
14080,S,10011,78
14081,B,9991,110
14087,B,9995,266
14090,B,9998,266
14090,B,9999,0
14090,B,10007,0
14092,S,10001,75
14093,S,10001,1
14094,B,9993,283
14096,S,10024,325
14097,B,9994,193
14098,S,10028,116
14100,S,10001,0
14100,S,10011,44
14101,S,10011,40
14104,B,9991,200
14105,B,9998,171
14106,S,10027,311
14107,B,9998,85
14108,B,9991,189
14115,S,10025,10
14116,S,10012,47
14117,B,10005,66
14121,B,9997,297
14123,B,9995,184
14126,B,10005,30
14127,S,10011,0
14127,S,10012,25
14128,S,10012,3
14129,B,9990,389
14134,B,9986,342
14135,B,10005,3
14137,B,10005,0
14137,S,10005,24
14138,B,9998,50
14139,B,9987,60
14141,B,10010,56
14141,S,10005,0
14143,B,9987,151
14144,S,10012,0
14145,B,10001,64
14147,B,10002,34
14148,B,9988,336
14149,B,9998,0
14150,B,10006,81
14151,B,10012,8
14155,B,10010,50
14155,B,10012,0
14156,S,10025,78
14160,B,10006,58
14160,B,10010,0
14160,S,10028,104
14162,S,10015,29
14163,B,9997,242
14165,S,10017,0
14166,B,10001,104
14167,S,10015,20
14168,B,10006,56
14170,S,10015,0
14170,S,10021,21
14171,S,10009,15
14173,B,10011,37
14173,S,10009,0
14176,B,9992,422
14178,B,10016,48
14179,B,9992,408
14179,B,10005,43
14181,B,10011,0
14181,B,10016,0
14181,S,10008,9
14182,B,10005,24
14182,B,10006,0
14183,B,10012,15
14183,S,10008,0
14185,B,10001,79
14185,B,10002,0
14185,B,10005,0
14185,B,10012,0
14187,S,10004,48
14189,S,10004,0
14189,S,10021,0
14189,S,10022,151
14190,S,10023,135
14192,S,10008,7
14193,B,9998,46
14195,S,10020,79
14198,S,10021,66
14199,B,9993,245
14200,B,10002,32
14201,B,9992,344
14202,S,10008,0
14203,B,10001,99
14205,S,10014,21
14208,B,10009,100
14210,B,10002,0
14210,B,10017,36
14210,S,10014,0
14211,B,10009,91
14211,B,10017,0
14213,B,10009,22
14215,B,10014,47
14216,B,9992,328
14217,B,10009,100
14219,B,10013,26
14220,S,10027,227
14221,B,10014,0
14221,S,10014,29
14223,B,10006,82
14226,S,10014,26
14228,S,10014,0
14228,S,10020,52
14231,B,9991,194
14232,S,10030,122
14233,B,10009,43
14233,B,10013,0
14235,B,10006,52
14235,B,10009,0
14237,B,10001,55
14237,B,10006,0
14240,B,10007,76
14241,S,10011,77
14242,B,9996,79
14246,B,10007,144
14247,S,10011,75
14249,B,9997,293
14251,B,10009,38
14255,B,9992,279
14256,B,9995,201
14257,S,10011,28
14258,B,10018,12
14258,S,10011,0
14259,B,10007,111
14259,B,10009,0
14259,B,10018,0
14260,S,10023,96
14261,S,10019,98
14265,B,10017,6
14268,B,10003,35
14269,B,9987,240
14270,B,9994,185
14272,S,10019,8
14273,B,10007,97
14273,B,10017,0
14275,S,10019,0
14275,S,10020,27
14276,B,10007,44
14280,B,10010,39
14281,B,9987,269
14282,S,10012,31
14283,S,10027,166
14284,B,10007,33
14284,B,10010,0
14286,S,10013,99
14288,S,10024,358
14291,B,9989,104
14293,B,10007,25
14295,S,10012,0
14295,S,10013,34
14296,S,10013,32
14298,B,10010,52
14300,B,10010,29
14301,S,10019,41
14305,B,10009,7
14307,S,10015,83
14308,B,10010,0
14308,S,10010,58
14310,B,10001,39
14310,B,10003,0
14310,B,10007,0
14310,B,10009,0
14313,B,9998,2
14313,B,10001,0
14314,B,9997,243
14314,B,9998,0
14318,S,10010,52
14319,S,10003,33
14321,S,10015,88
14324,S,10003,0
14324,S,10010,5
14325,S,10026,104
14327,S,10010,0
14327,S,10013,1
14328,B,9988,257
14329,S,10011,100
14332,B,10003,29
14333,S,10011,78
14335,S,10024,386
14337,S,10011,18
14338,S,10032,0
14339,S,10011,0
14339,S,10013,0
14339,S,10015,41
14342,S,10009,80
14345,B,9993,283
14346,B,9989,121
14348,S,10024,318
14349,S,10015,94
14350,S,10009,28
14353,S,10014,15
14354,S,10009,0
14354,S,10014,0
14354,S,10015,41
14355,B,9986,258
14357,S,10005,14
14359,B,9997,192
14359,B,10003,0
14362,S,10015,127
14363,S,10005,0
14363,S,10015,58
14364,B,10000,14
14366,S,10016,10
14368,S,10015,54
14370,S,10019,53
14372,B,10012,12
14373,B,9994,127
14376,B,9995,291
14378,B,10000,37
14380,B,9990,456
14382,B,9997,148
14382,B,10000,0
14382,B,10012,0
14385,S,10010,77
14388,B,9997,107
14390,S,10010,57
14395,S,10010,33
14396,S,10025,127
14397,S,10023,185
14399,S,10001,30
14400,S,9998,9
14403,S,9998,0
14403,S,10001,3
14405,B,9995,366
14406,B,9997,67
14407,S,10001,0
14407,S,10010,0
14407,S,10015,0
14407,S,10016,6
14411,B,9986,330
14414,B,9986,419
14415,S,10007,34
14418,S,10007,0
14419,S,10010,24
14422,S,10010,0
14422,S,10016,0
14422,S,10019,5
14423,B,10003,26
14425,S,10010,13
14429,S,10017,5
14430,B,10010,86
14430,S,10010,0
14433,B,10010,54
14437,B,10003,22
14437,B,10010,0
14438,B,9988,335
14439,S,10021,128
14439,S,10024,221
14440,B,10003,10
14442,B,10018,33
14442,S,10017,0
14444,B,9995,270
14447,B,10007,30
14448,B,10018,27
14450,B,10007,15
14450,B,10018,0
14454,B,9997,10
14454,B,10003,0
14454,B,10007,0
14457,B,9995,266
14457,B,9996,0
14457,B,9997,0
14460,B,9995,338
14462,B,9995,322
14463,S,10008,27
14464,S,10008,0
14466,B,10003,25
14468,B,10003,5
14469,B,9995,320
14469,B,10003,0
14473,S,10024,281
14474,S,10007,14
14475,B,10004,47
14477,B,10004,2
14479,B,10013,7
14479,S,10007,0
14481,S,10021,147
14483,B,9995,299
14483,B,10004,0
14483,B,10013,0
14486,S,10002,83
14488,S,10029,88
14489,B,9998,32
14490,B,9997,45
14494,B,9994,196
14495,B,10003,15
14495,S,10002,0
14496,B,9990,493
14498,B,10007,27
14501,B,10015,14
14503,B,10015,62
14507,B,10007,25
14507,B,10015,0
14510,S,10011,86
14512,B,9989,117
14516,B,10007,77
14519,B,10007,75
14520,B,9989,214
14521,S,10011,74
14522,B,9986,373
14523,B,10007,29
14529,S,10018,76
14530,B,9994,234
14531,B,10007,20
14534,B,9997,15
14534,B,9998,0
14534,B,10003,0
14534,B,10007,0
14536,B,9992,367
14538,S,10011,0
14538,S,10018,57
14540,S,10019,0
14541,B,9989,230
14542,B,9995,239
14542,B,9997,0
14544,B,10003,52
14546,B,10017,30
14550,B,10017,9
14553,S,10018,13
14555,S,10018,0
14555,S,10020,0
14555,S,10021,101
14557,S,10021,84
14558,B,10016,100
14559,B,10020,100
14560,S,10021,81
14561,B,9994,196
14563,B,9992,325
14563,B,10003,127
14564,B,10019,21
14565,B,10020,21
14567,B,9991,189
14572,S,10021,11
14573,B,10016,68
14573,B,10017,0
14573,B,10019,0
14573,B,10020,0
14574,B,9993,191
14574,B,9995,253
14579,B,9998,87
14580,B,10016,54
14582,B,10019,86
14583,B,9992,279
14583,B,10016,60
14586,S,10021,0
14586,S,10022,91
14587,B,10019,39
14588,B,10016,51
14588,B,10019,0
14589,B,10012,69
14593,S,10022,41
14596,B,10000,62
14599,B,10012,165
14602,S,10022,135
14604,B,10012,150
14604,B,10016,0
14606,S,10022,94
14607,S,10019,32
14608,B,9992,263
14612,B,10012,126
14614,B,10012,125
14615,B,10012,108
14619,B,10012,50
14624,S,10013,89
14625,B,10012,17
14626,B,9988,432
14627,S,10026,83
14628,S,10017,69
14630,B,9993,182
14631,B,9988,398
14632,S,10020,77
14634,S,10024,364
14637,S,10013,9
14638,B,10012,0
14638,S,10006,50
14639,B,9986,349
14641,B,9993,152
14642,B,10003,115
14643,S,10006,0
14643,S,10013,0
14643,S,10017,58
14645,B,9989,213
14650,S,10017,33
14651,B,10003,30
14655,B,10009,87
14657,B,10015,28
14660,B,10015,5
14661,B,10001,4
14663,B,10009,62
14663,B,10015,0
14665,B,10009,8
14667,S,10025,157
14668,B,9987,247
14669,S,10017,31
14670,B,10003,16
14670,B,10009,0
14672,S,10009,44
14673,S,10017,76
14676,S,10009,0
14676,S,10017,47
14679,B,9993,128
14680,B,9989,245
14682,S,10009,17
14683,B,10003,98
14684,S,10009,0
14684,S,10017,0
14684,S,10019,26
14685,B,10018,36
14687,B,9993,80
14688,B,10000,87
14689,B,10007,4
14692,B,10003,88
14692,B,10007,0
14692,B,10018,0
14694,S,10011,82
14696,S,10011,51
14699,S,10018,23
14703,B,10001,97
14704,B,10006,74
14708,B,9989,301
14710,B,10006,10
14714,B,10003,22
14714,B,10006,0
14716,B,10010,60
14718,B,9990,550
14719,S,10021,91
14720,S,10025,197
14721,B,10010,15
14722,S,10011,50
14724,B,10010,14
14730,S,10011,22
14731,B,10012,1
14731,S,10011,0
14732,B,9988,309
14733,B,10002,65
14734,S,10018,0
14734,S,10019,0
14734,S,10020,62
14735,B,9997,15
14740,B,10002,64
14740,B,10003,0
14740,B,10010,0
14740,B,10012,0
14741,B,9996,62
14743,S,10022,101
14745,S,10028,197
14749,S,10020,5
14752,S,10020,0
14752,S,10021,27
14754,B,9999,87
14759,B,10002,120
14760,B,10012,90
14761,S,10021,0
14761,S,10022,84
14762,B,9989,278
14764,S,10031,0
14766,S,10026,92
14767,S,10023,244
14769,B,10002,119
14769,B,10012,0
14770,S,10023,337
14771,S,10030,218
14772,B,10014,54
14773,S,10022,0
14773,S,10023,332
14775,B,10014,44
14778,B,10015,94
14779,B,10015,77
14783,S,10025,167
14785,S,10025,127
14786,B,9990,493
14788,B,10014,29
14788,B,10015,0
14789,S,10030,219
14792,B,10021,88
14793,S,10027,200
14795,B,10021,37
14796,B,9998,186
14799,B,9989,272
14801,S,10031,14
14803,B,10002,92
14803,B,10014,0
14803,B,10021,0
14806,S,10023,323
14807,B,10011,78
14808,B,10011,2
14809,S,10012,6
14810,S,10017,93
14818,B,10003,19
14819,B,9986,278
14820,B,10005,59
14822,B,9995,178
14823,S,10014,22
14824,B,10001,107
14829,S,10012,0
14829,S,10014,0
14829,S,10017,25
14830,S,10017,7
14835,S,10017,0
14835,S,10023,309
14838,B,10011,0
14838,S,10007,33
14839,B,9995,176
14840,S,10013,65
14841,B,9999,90
14843,S,10019,83
14844,B,9990,436
14846,B,10011,33
14846,S,10007,0
14848,S,10020,5
14850,B,10001,147
14852,B,10011,20
14853,B,10002,56
14854,B,10005,28
14854,B,10011,0
14858,S,10009,44
14859,B,10002,24
14859,B,10003,0
14859,B,10005,0
14860,B,10001,134
14860,B,10002,0
14862,B,10001,129
14866,B,9991,288
14867,B,10009,1
14867,S,10009,0
14868,S,10012,35
14873,S,10012,0
14873,S,10013,47
14874,S,10013,0
14874,S,10019,69
14876,B,10001,41
14876,B,10009,0
14878,B,10000,84
14878,B,10001,0
14879,S,10023,250
14881,B,9994,274
14882,B,9994,367
14885,B,10010,8
14886,S,10028,228
14888,B,9999,87
14888,B,10000,0
14888,B,10010,0
14890,S,10019,3
14893,S,10014,12
14895,B,9999,138
14897,S,10028,327
14899,B,9999,52
14901,B,9999,11
14904,S,10013,72
14906,B,9988,335
14908,S,10013,0
14908,S,10014,5
14913,B,10003,94
14914,S,10019,103
14915,B,10014,94
14915,S,10014,0
14917,B,10014,12
14918,B,10014,0
14921,S,10019,74
14922,B,10017,27
14923,S,10019,12
14924,S,10019,0
14924,S,10020,0
14924,S,10023,201
14926,B,9994,396
14929,B,10017,4
14930,B,10011,5
14933,B,10011,0
14933,B,10017,0
14933,S,10011,72
14934,S,10023,222
14936,S,10011,13
14938,B,9999,82
14940,B,10003,17
14942,B,9999,39
14942,B,10003,0
14943,B,10008,68
14945,S,10018,20
14947,S,10020,77
14948,B,9986,206
14950,B,9999,38
14950,B,10008,0
14952,S,10007,87
14954,S,10007,0
14954,S,10011,0
14955,S,10003,20
14957,B,9998,165
14957,B,9999,0
14961,S,10003,0
14962,S,10007,2
14965,B,10018,60
14965,S,10007,0
14965,S,10018,0
14966,S,10020,30
14969,B,10018,56
14971,B,10019,79
14972,B,10019,24
14975,B,10019,21
14976,B,10019,0
14979,B,10018,18
14980,S,10020,0
14980,S,10023,191
14981,B,9986,108
14984,B,10012,55
14986,B,10012,7
14986,B,10018,0
14989,B,10009,90
14991,B,9994,454
14992,B,10009,58
14992,B,10012,0
14994,S,10026,136
14997,S,10023,178
14998,B,9997,18
15001,B,9990,485
15003,B,10019,94
15006,B,10019,70
15007,B,10019,0
15007,S,10014,15
15009,B,9988,419
15010,B,9994,399
15011,B,9988,323
15012,B,9988,409
15014,B,9989,175
15015,B,10015,82
15015,S,10014,0
15016,S,10022,7
15019,B,10015,0
15019,S,10012,3
15021,S,10012,0
15021,S,10022,0
15021,S,10023,156
15022,B,10009,26
15022,S,10028,234
15025,B,10022,26
15027,B,9995,260
15029,B,10004,33
15031,B,10009,8
15031,B,10022,0
15034,B,9993,85
15035,S,10023,105
15038,B,9998,143
15038,B,10004,0
15038,B,10009,0
15039,B,9998,65
15039,S,10024,281
15040,B,9988,418
15043,B,10015,89
15049,B,10020,98
15052,B,10021,81
15053,B,9988,340
15055,B,10008,90
15056,B,10021,23
15058,B,9989,144
15059,B,10017,21
15060,B,10021,21
15062,B,9998,94
15064,B,10020,54
15064,B,10021,0
15066,B,10017,0
15066,B,10020,0
15066,S,10016,17
15068,B,10015,0
15068,S,10014,11
15071,B,9989,172
15073,B,9988,331
15073,B,9996,74
15074,B,10010,79
15076,S,10026,221
15080,B,10010,3
15083,B,10008,58
15083,B,10010,0
15084,B,9998,57
15084,B,10008,0
15090,S,10016,62
15091,S,10014,0
15091,S,10016,0
15092,B,9988,241
15093,B,9994,416
15096,S,10023,38
15097,B,9993,123
15100,B,10015,45
15104,B,9989,185
15106,B,9989,129
15106,S,10023,0
15106,S,10024,219
15107,S,10024,180
15108,S,10024,119
15109,B,9999,7
15111,B,10015,0
15111,S,10008,52
15112,S,10025,78
15114,B,9997,57
15115,S,10008,1
15118,B,9998,43
15118,B,9999,0
15120,B,9998,32
15121,B,9987,218
15125,S,10021,83
15126,B,9988,292
15127,B,9990,492
15128,B,9993,81
15128,B,10010,4
15128,S,10008,0
15129,B,10000,13
15130,S,10030,218
15131,B,10000,0
15131,B,10010,0
15131,S,9999,55
15136,S,10011,30
15138,S,10003,59
15141,B,9994,455
15144,B,9993,89
15146,B,9994,383
15146,S,9999,41
15148,S,9999,0
15148,S,10003,6
15149,B,9990,399
15150,B,9994,325
15151,S,10027,219
15152,S,10015,76
15153,B,9985,0
15156,B,9988,351
15156,B,9993,81
15157,S,10022,53
15160,B,10000,86
15161,S,10017,25
15165,B,10000,2
15167,B,9989,178
15168,B,9999,8
15169,S,10022,0
15171,B,10001,65
15173,B,9989,252
15175,B,10014,21
15175,S,10003,0
15175,S,10011,0
15177,B,10014,0
15177,S,10010,1
15181,B,10000,0
15181,B,10001,0
15181,S,10000,27
15183,B,9998,31
15183,B,9999,0
15187,S,10000,75
15188,S,10000,15
15191,B,9986,19
15191,S,10000,0
15191,S,10010,0
15191,S,10015,65
15193,B,10003,92
15195,S,10023,57
15196,B,10003,8
15198,S,10015,5
15200,B,10006,59
15203,B,10002,20
15204,S,10027,300
15206,B,10016,77
15206,S,10015,0
15208,B,10016,68
15210,S,10017,0
15210,S,10021,18
15212,B,10005,77
15216,S,10024,186
15217,B,9996,97
15219,B,10013,26
15220,B,10016,38
15220,S,10029,76
15221,B,10008,39
15222,B,10013,0
15223,B,9996,128
15226,B,10016,27
15230,S,10026,207
15232,B,10008,32
15232,B,10016,0
15232,S,10042,0
15233,B,10013,60
15235,B,10013,0
15235,S,10012,32
15235,S,10024,126
15238,B,10006,47
15238,B,10008,0
15238,S,10026,185
15240,S,10013,49
15241,B,9996,97
15241,S,10012,0
15241,S,10013,18
15243,B,9988,265
15244,S,10017,19
15246,S,10027,219
15247,S,10014,16
15248,B,10005,42
15248,B,10006,0
15251,B,10002,18
15251,B,10003,0
15251,B,10005,0
15252,B,9993,128
15255,S,10012,39
15257,S,10018,8
15258,B,10002,19
15259,B,9997,9
15259,B,9998,0
15259,B,10002,0
15260,B,9997,51
15261,B,9996,193
15262,B,9993,168
15266,S,10014,0
15270,S,10019,39
15271,S,10026,188
15272,B,9991,307
15274,S,10012,27
15275,B,10011,7
15276,S,10014,26
15277,S,10012,0
15277,S,10013,0
15277,S,10014,0
15277,S,10017,0
15277,S,10018,7
15281,B,9996,131
15283,S,10013,47
15286,B,10011,5
15287,B,10011,0
15287,S,10006,11
15288,S,10024,138
15289,B,9988,181
15289,B,9998,33
15290,S,10003,52
15292,B,9988,201
15293,S,10003,80
15297,S,10003,23
15298,S,10003,11
15302,B,10015,2
15302,S,10003,0
15302,S,10006,0
15302,S,10013,0
15303,B,9991,343
15304,B,10002,76
15306,B,10003,73
15307,S,10024,126
15308,B,10006,80
15310,B,9996,108
15312,S,10025,178
15314,B,10016,62
15315,S,10017,86
15318,B,10015,33
15320,B,10016,60
15321,S,10021,52
15323,B,10008,71
15326,S,10017,0
15326,S,10018,4
15327,B,9992,175
15329,B,9992,195
15330,B,10016,32
15331,B,10008,39
15331,B,10015,0
15331,B,10016,0
15334,B,9998,125
15336,B,10008,8
15339,B,10017,5
15341,S,10018,0
15341,S,10019,21
15343,S,10018,26
15350,B,9991,410
15351,B,10016,6
15354,B,10006,19
15354,B,10008,0
15354,B,10016,0
15354,B,10017,0
15356,B,10011,80
15357,B,9990,332
15358,S,10024,195
15360,B,9996,125
15362,B,10011,71
15364,S,10018,0
15364,S,10019,2
15366,S,10019,0
15366,S,10021,14
15368,B,10011,66
15370,S,10021,0
15370,S,10023,44
15373,S,10023,80
15374,B,10011,9
15375,B,10003,36
15375,B,10006,0
15375,B,10011,0
15377,B,10002,12
15377,B,10003,0
15379,B,9998,117
15379,B,10002,0
15380,B,9989,236
15381,B,9991,424
15383,S,10010,92
15384,B,9990,267
15385,S,10027,230
15387,S,10017,50
15390,B,9993,192
15392,B,9998,32
15394,B,9987,180
15395,B,10009,91
15397,S,10028,135
15398,S,10010,23
15401,B,9998,26
15401,B,10009,0
15404,B,9997,9
15404,B,10002,48
15407,S,10010,0
15407,S,10017,33
15408,S,10027,283
15410,B,9998,75
15411,B,10007,14
15413,S,10020,12
15416,S,10017,13
15418,B,10007,8
15421,B,10021,23
15421,S,10017,0
15421,S,10020,0
15422,B,10021,0
15422,S,10017,74
15424,B,9997,63
15428,S,10023,84
15429,B,10009,89
15432,B,10008,79
15434,B,9998,166
15436,B,10002,112
15437,B,9994,232
15438,B,10009,42
15440,B,10009,67
15441,S,10030,126
15442,S,10017,8
15443,S,10029,150
15444,S,10026,185
15446,S,10010,8
15447,B,10008,58
15447,B,10009,0
15451,B,10010,40
15451,S,10010,0
15452,B,10008,25
15452,B,10010,0
15453,B,10002,59
15453,B,10007,0
15453,B,10008,0
15458,S,10015,65
15459,B,9998,136
15459,B,10002,0
15461,B,10000,54
15462,S,10028,167
15463,S,10028,266
15465,S,10026,255
15467,B,10009,63
15470,S,10022,62
15471,S,10020,11
15471,S,10025,78
15472,B,10003,78
15474,B,10009,12
15475,B,9991,334
15477,B,9992,175
15479,B,10003,47
15479,B,10009,0
15480,S,10015,0
15480,S,10017,0
15480,S,10020,3
15485,B,10016,61
15486,B,10016,53
15487,B,10003,12
15487,B,10016,0
15489,S,10020,0
15489,S,10022,0
15492,B,10015,81
15493,B,10018,100
15497,B,10000,82
15499,S,10030,30
15500,S,10027,201
15503,B,9990,260
15504,S,10025,68
15507,B,10002,8
15509,B,9997,162
15510,B,10018,20
15510,S,10028,234
15514,S,10023,66
15515,S,10023,31
15516,B,10015,34
15516,B,10018,0
15518,B,10020,48
15519,B,10020,9
15520,S,10021,13
15525,B,10006,7
15526,B,10020,0
15527,B,10000,63
15527,B,10002,0
15527,B,10003,0
15527,B,10006,0
15527,B,10015,0
15529,S,10021,48
15536,S,10028,261
15538,S,10012,32
15544,B,9994,313
15545,S,10006,35
15546,S,10006,0
15546,S,10012,0
15546,S,10021,45
15547,S,10011,91
15548,B,10001,51
15550,S,10015,51
15552,B,9994,397
15554,B,9990,303
15555,S,10011,90
15557,B,10000,28
15559,S,10011,29
15560,S,10009,11
15562,S,10011,43
15564,S,10002,14
15565,S,10027,117
15566,B,9995,293
15568,B,10001,23
15570,B,10001,12
15574,S,10002,0
15574,S,10009,0
15574,S,10011,0
15574,S,10015,27
15576,B,9998,131
15576,B,10000,0
15576,B,10001,0
15577,B,9998,50
15579,B,9998,20
15581,B,10012,24
15584,B,10011,94
15585,S,10019,71
15587,B,10011,70
15587,B,10012,0
15588,S,10012,36
15591,S,10029,187
15592,S,10012,0
15592,S,10015,0
15592,S,10019,65
15596,S,10019,10
15597,B,10011,0
15597,S,9999,12
15599,B,10017,20
15599,S,9999,0
15600,S,10024,164
15602,S,10022,76
15603,B,9999,28
15607,B,10003,9
15608,S,10019,0
15608,S,10021,14
15609,S,10028,314
15610,S,10030,0
15611,S,10028,261
15612,S,10021,0
15612,S,10022,62
15614,B,10017,11
15615,S,10028,313
15616,B,10008,97
15617,B,9991,281
15620,S,10026,314
15622,S,10022,0
15623,B,10008,70
15623,B,10017,0
15625,S,10027,64
15627,B,10017,22
15630,B,10015,24
15631,B,9993,152
15631,S,10023,0
15631,S,10024,128
15633,S,10018,74
15634,B,10001,44
15635,B,10001,52
15636,B,9994,358
15636,S,10018,0
15636,S,10024,124
15637,S,10024,75
15639,B,10015,2
15639,B,10017,0
15640,B,10008,8
15640,B,10015,0
15642,B,9994,437
15644,S,10024,26
15645,B,9989,334
15648,S,10024,2
15649,B,9994,448
15651,B,10001,33
15651,B,10003,0
15651,B,10008,0
15656,S,10003,87
15656,S,10028,214
15659,S,10010,30
15660,B,10001,36
15661,S,10026,300
15662,B,9991,311
15663,B,9989,294
15663,S,10003,33
15664,S,10003,0
15664,S,10010,19
15666,B,9995,221
15666,B,10009,48
15667,S,10017,96
15668,B,10009,36
15670,B,10011,30
15670,S,10010,0
15672,B,9994,486
15673,B,10009,16
15673,B,10011,0
15675,B,10003,90
15677,B,10004,5
15682,B,10011,76
15685,B,10009,6
15685,B,10011,0
15686,S,10026,215
15687,S,10012,33
15689,B,9986,0
15690,S,10031,0
15692,B,10003,24
15692,B,10004,0
15692,B,10009,0
15695,S,10011,73
15696,B,9990,354
15697,B,10005,68
15698,B,10007,77
15699,B,10005,57
15699,B,10007,0
15704,B,9988,175
15705,B,9997,241
15709,B,10005,24
15711,B,9997,243
15712,S,10018,54
15713,B,10001,30
15713,B,10003,0
15713,B,10005,0
15714,B,9997,224
15714,B,9998,0
15714,B,9999,0
15714,B,10001,0
15716,S,10006,76
15717,S,10004,29
15717,S,10028,170
15721,B,10000,16
15724,S,10004,0
15724,S,10006,41
15725,B,9997,194
15725,B,10000,0
15726,S,10002,70
15728,S,10002,11
15731,B,10003,86
15731,S,10002,0
15733,B,10003,43
15734,B,9991,275
15735,S,10006,26
15736,B,9993,216
15737,B,9997,140
15737,B,10003,0
15738,B,9991,256
15740,B,9998,34
15741,B,9993,249
15742,B,9992,81
15743,B,9995,287
15747,S,10015,89
15748,B,9987,212
15750,B,10008,3
15750,S,10006,0
15752,B,9993,211
15753,B,9999,81
15754,S,10017,190
15756,B,9999,62
15756,B,10008,0
15758,S,10012,131
15761,B,9999,59
15762,B,9999,5
15763,B,10010,61
15767,B,10010,59
15768,B,9991,210
15768,B,10001,88
15769,S,10011,38
15771,S,10028,210
15773,B,10009,95
15775,S,10011,0
15775,S,10012,72
15777,B,10003,67
15779,S,10013,43
15780,S,10029,150
15782,S,10012,59
15784,B,10000,30
15786,B,10011,35
15790,B,10002,62
15792,B,9996,221
15795,B,9995,254
15796,B,10010,16
15796,B,10011,0
15800,S,10014,62
15803,B,10010,0
15803,S,10010,5
15805,B,10005,85
15807,B,10009,31
15808,B,9995,240
15809,B,10009,8
15810,B,9995,269
15811,B,10005,9
15811,B,10009,0
15813,S,10029,76
15814,S,10010,0
15814,S,10012,0
15814,S,10013,26
15815,S,10018,106
15816,B,10003,44
15816,B,10005,0
15816,S,10029,0
15817,S,10013,16
15818,B,9993,264
15819,S,10013,7
15821,B,9988,137
15823,B,10008,8
15824,S,10013,0
15824,S,10014,17
15826,S,10017,258
15827,B,9989,262
15828,B,9992,166
15830,B,9989,234
15831,S,10026,270
15833,B,10002,20
15833,B,10003,0
15833,B,10008,0
15835,S,10014,0
15835,S,10015,77
15838,S,10003,32
15840,B,10001,58
15840,B,10002,0
15843,S,10018,156
15846,S,10027,80
15848,B,10001,49
15851,S,10020,52
15853,S,10003,39
15856,S,10014,44
15859,S,10003,33
15861,S,10025,104
15863,S,10003,13
15865,S,10004,14
15867,B,10001,0
15868,B,9987,180
15869,B,9991,271
15870,S,10003,0
15871,B,10000,9
15874,S,10004,0
15874,S,10014,0
15874,S,10015,62
15876,B,9990,317
15879,B,9997,130
15879,B,9998,0
15879,B,9999,0
15879,B,10000,0
15881,B,10001,53
15885,S,10015,20
15886,S,10016,96
15887,B,9991,371
15891,B,10000,86
15893,B,9988,225
15894,B,10008,66
15895,B,10008,0
15895,S,10006,34
15896,S,10011,28
15897,B,10000,43
15897,B,10001,0
15900,B,9994,457
15902,S,10021,84
15903,B,9997,128
15903,B,10000,0
15904,S,10025,136
15905,S,10006,0
15905,S,10011,7
15907,B,9997,121
15909,B,9988,174
15909,S,10011,0
15909,S,10015,0
15909,S,10016,27
15910,B,9990,356
15911,S,10015,14
15916,S,10013,62
15917,S,10010,66
15918,S,10003,90
15922,S,10003,81
15925,B,9997,73
15927,S,10003,48
15930,B,9997,171
15931,B,9992,173
15933,S,10025,158
15934,B,9996,204
15935,S,10019,80
15937,B,9997,94
15938,B,9989,267
15940,B,9990,269
15942,S,10003,0
15942,S,10010,27
15943,B,10009,24
15945,S,10010,0
15945,S,10013,60
15949,S,10019,140
15951,B,9995,318
15953,S,10013,43
15955,B,10011,74
15958,S,10014,5
15959,B,9994,388
15959,B,9996,235
15960,S,10013,12
15961,S,10013,6
15962,B,10009,8
15962,B,10011,0
15966,B,9997,2
15966,B,10009,0
15969,B,10009,96
15971,S,10016,38
15975,B,10007,24
15977,S,10022,41
15978,B,9992,174
15980,B,10009,152
15982,S,10027,179
15983,S,10022,55
15985,B,9994,397
15986,B,10009,113
15988,B,10009,48
15990,B,10007,1
15990,B,10009,0
15992,B,10012,21
15998,S,10018,106
15999,S,10013,0
15999,S,10014,0
15999,S,10015,0
15999,S,10016,20
16000,S,10016,16
16001,B,9987,225
16005,S,10014,15
16007,B,9998,38
16008,B,9996,227
16008,B,9997,0
16008,B,9998,0
16008,B,10007,0
16008,B,10012,0
16010,S,10014,0
16010,S,10016,10
16012,B,10007,32
16015,B,9992,230
16017,B,9990,226
16018,B,10009,26
16019,B,10004,67
16021,B,9986,9
16023,B,10009,4
16024,S,10011,73
16027,B,10007,0
16027,B,10009,0
16027,S,10005,25
16031,B,10004,10
16032,S,10009,47
16035,B,9996,167
16035,B,10004,0
16036,S,10021,175
16038,S,10005,0
16038,S,10009,16
16040,B,9987,287
16042,S,10009,0
16042,S,10011,70
16046,S,10021,215
16047,B,9996,127
16048,B,9996,53
16051,S,10008,6
16052,B,9989,291
16058,S,10008,0
16058,S,10011,60
16059,S,10011,0
16059,S,10016,0
16059,S,10017,242
16061,B,9995,278
16061,B,9996,0
16063,S,10017,165
16065,S,10017,72
16066,B,9988,86
16067,B,9994,380
16068,B,9994,301
16072,B,10009,59
16073,S,10017,48
16074,B,10009,5
16077,S,10022,69
16082,S,10017,0
16082,S,10018,68
16083,B,10001,93
16084,B,9993,347
16085,B,9996,15
16088,B,10006,29
16094,B,9999,9
16098,B,10009,0
16102,B,10001,62
16102,B,10006,0
16104,B,10001,44
16107,S,10018,25
16109,S,10012,57
16110,B,10001,29
16111,B,9999,7
16111,B,10001,0
16112,B,9993,360
16113,B,9990,316
16113,B,9994,263
16114,S,10012,0
16114,S,10018,0
16114,S,10019,134
16115,S,10011,88
16116,S,10011,53
16117,B,9996,102
16119,S,10011,28
16120,S,10029,35
16122,S,10011,0
16122,S,10019,112
16126,S,10019,20
16129,S,10019,0
16129,S,10020,49
16134,S,10020,94
16136,B,9996,127
16137,S,10008,61
16138,B,9993,425
16139,B,9990,226
16142,B,9996,108
16142,B,9999,0
16145,S,10001,38
16146,S,10001,0
16146,S,10008,7
16147,B,9996,54
16149,S,10019,53
16151,S,10008,0
16151,S,10019,34
16152,S,10008,4
16157,S,10008,2
16159,S,10009,84
16161,S,10008,0
16161,S,10009,0
16161,S,10019,20
16162,S,10026,226
16163,S,9998,38
16166,B,9995,366
16167,S,10025,90
16170,S,10027,248
16172,S,9998,11
16176,B,9996,41
16177,S,10028,150
16180,S,10017,26
16183,S,10027,305
16184,S,10014,68
16185,B,10002,26
16185,S,9998,0
16187,B,9996,39
16187,B,10002,0
16188,S,10014,66
16190,S,10024,35
16192,B,10013,56
16195,B,10013,39
16196,S,10019,48
16197,B,9989,258
16199,B,9993,524
16201,B,10013,32
16202,B,9991,310
16203,B,10013,9
16204,S,10021,131
16206,S,10014,48
16207,S,10014,0
16207,S,10017,0
16207,S,10019,22
16215,B,10013,0
16215,S,10003,26
16217,S,10003,5
16218,S,10025,68
16219,S,10025,138
16220,B,9995,463
16222,B,9988,136
16226,S,9997,96
16227,B,9995,379
16230,S,9997,80
16233,S,9997,18
16234,B,9991,326
16236,B,9988,216
16240,B,10017,74
16240,S,9997,0
16240,S,10003,0
16242,B,9993,528
16243,S,10026,193
16244,S,10027,206
16247,B,10001,54
16249,B,9994,291
16251,B,10017,62
16253,B,10017,7
16255,S,10020,110
16257,B,9992,292
16258,B,9995,435
16263,B,10017,0
16263,S,10011,55
16264,S,10021,208
16265,S,10021,168
16267,S,10020,147
16268,B,9992,236
16269,B,10001,0
16269,S,9998,7
16276,S,9998,0
16276,S,10011,40
16278,S,10021,238
16279,S,10011,0
16279,S,10019,10
16280,B,9992,306
16281,B,9996,35
16285,B,9994,334
16287,S,10008,57
16290,S,10008,131
16291,B,9995,423
16291,B,9996,0
16293,S,10016,62
16295,S,10008,118
16296,S,10008,97
16298,B,9995,415
16300,S,9996,39
16302,S,10014,15
16303,B,9991,312
16307,B,9988,289
16308,S,10021,301
16310,S,10003,43
16311,S,9996,20
16312,B,9995,388
16316,S,10018,47
16318,S,9996,0
16318,S,10003,12
16319,B,10007,23
16319,S,10003,0
16322,S,10008,87
16323,B,9992,299
16324,B,9995,357
16324,B,10007,0
16325,S,10020,225
16327,S,10001,11
16330,S,10001,0
16330,S,10008,13
16332,S,10013,71
16335,B,9995,258
16338,S,9998,87
16339,S,10024,88
16341,B,9994,250
16342,S,10025,220
16343,S,9998,13
16347,B,9995,167
16350,B,9993,534
16351,S,10019,109
16352,S,10027,149
16353,B,9995,92
16355,B,10005,23
16355,S,9998,0
16356,S,10024,171
16370,B,10005,11
16372,B,10005,5
16373,B,10008,16
16373,S,10008,0
16377,B,9993,625
16378,S,10026,236
16380,B,9987,358
16382,B,10005,46
16384,S,10026,299
16385,S,10010,31
16388,B,10005,41
16389,B,9990,253
16390,B,9995,71
16390,B,10005,0
16390,B,10008,0
16391,S,10010,22
16392,B,9987,444
16394,S,9999,3
16396,S,10018,95
16401,B,9988,216
16402,B,9996,66
16405,B,9992,369
16406,B,9994,296
16407,B,9996,45
16412,S,10024,251
16414,B,9993,578
16414,S,9999,0
16414,S,10010,0
16414,S,10013,50
16415,S,10020,256
16416,B,9995,69
16416,B,9996,0
16418,S,10024,295
16418,S,10025,150
16419,S,10013,19
16420,S,10013,83
16421,S,10026,236
16423,B,9989,209
16423,B,10008,60
16424,S,10021,238
16425,S,10029,0
16426,B,10008,52
16427,S,10014,81
16428,S,10024,212
16429,B,10005,53
16430,B,10005,24
16430,B,10008,0
16432,B,9988,285
16434,S,10012,24
16437,B,9995,10
16437,B,10005,0
16438,S,10003,17
16439,S,10003,0
16439,S,10012,3
16444,S,10012,0
16444,S,10013,30
16445,S,9996,12
16447,S,10028,110
16451,S,10005,80
16452,S,9996,0
16452,S,10005,64
16454,S,10006,2
16459,S,10005,0
16459,S,10006,0
16459,S,10013,7
16460,B,10009,23
16461,B,9989,196
16463,S,10027,115
16466,S,10023,53
16467,B,10009,37
16468,S,10018,170
16469,B,9995,0
16469,B,10009,0
16469,S,9995,44
16472,S,10019,125
16474,B,9994,213
16475,B,10007,11
16475,S,9995,0
16479,B,9994,125
16479,B,10007,0
16480,B,9994,81
16481,S,9998,47
16482,B,9994,0
16483,S,10021,337
16486,S,9998,45
16487,B,9993,505
16489,B,9993,586
16490,B,9987,382
16493,S,9998,34
16494,B,9993,523
16497,S,10021,408
16499,S,9997,26
16501,B,9987,311
16502,S,9997,0
16502,S,9998,0
16502,S,10013,0
16502,S,10014,56
16503,S,10014,37
16504,B,9990,166
16505,B,10006,89
16508,S,10021,433
16512,S,10014,0
16512,S,10016,40
16513,B,10006,51
16516,S,10020,265
16518,S,10016,0
16520,S,10021,530
16521,B,9991,282
16522,B,9999,83
16523,B,9997,73
16524,B,9992,299
16525,S,10017,29
16527,B,9993,432
16528,B,9993,349
16531,S,10022,169
16532,B,10006,25
16533,S,10008,31
16536,S,10019,145
16537,B,9999,37
16537,B,10006,0
16540,S,10008,0
16540,S,10017,0
16540,S,10018,153
16541,S,10018,151
16543,B,10007,15
16544,B,9989,172
16545,S,10028,79
16546,B,9986,0
16546,S,10018,91
16549,B,10014,31
16551,S,10025,114
16553,B,10014,0
16553,S,10014,34
16554,B,9999,14
16554,B,10007,0
16557,B,9991,361
16558,B,9999,0
16559,B,9993,345
16560,S,10022,235
16561,B,9997,62
16563,S,10026,166
16564,S,10024,283
16566,B,10008,29
16567,S,10026,123
16568,B,9997,70
16570,S,10018,94
16573,S,10014,17
16574,B,9996,38
16582,B,9997,0
16582,B,10008,0
16583,B,9993,323
16583,B,9996,0
16587,S,10014,7
16590,B,9993,300
16592,S,10002,48
16594,B,9993,302
16595,S,10015,15
16596,B,9999,77
16598,S,10006,4
16600,S,10020,313
16601,B,9988,339
16602,B,9992,387
16604,B,9995,32
16605,S,10002,5
16607,B,9988,379
16609,S,10006,74
16610,B,9992,302
16611,S,10002,0
16611,S,10006,70
16612,B,10004,43
16615,S,10021,605
16618,B,9997,52
16620,B,10001,100
16622,S,10006,43
16626,B,9995,102
16627,S,10026,130
16628,S,10014,0
16631,B,9991,388
16632,B,9995,32
16634,B,10004,28
16635,B,10001,71
16635,B,10004,0
16636,B,10001,1
16638,B,10001,0
16638,S,10006,0
16638,S,10015,3
16643,B,9993,289
16645,B,10011,64
16648,S,10015,0
16648,S,10018,59
16649,B,9991,417
16651,B,9999,42
16651,B,10011,0
16653,B,9985,71
16655,S,10018,3
16656,B,9991,350
16658,S,10018,1
16660,S,10025,136
16661,S,10018,0
16661,S,10019,67
16662,B,9996,57
16663,B,10014,81
16665,S,10017,56
16667,B,10005,84
16669,S,10021,643
16671,B,9991,392
16674,S,10017,0
16674,S,10019,32
16676,S,10022,264
16677,S,10021,566
16679,B,10014,18
16681,S,10024,297
16682,S,10020,297
16683,B,10009,22
16685,B,9995,70
16689,B,10005,35
16689,B,10009,0
16689,B,10014,0
16690,B,10013,20
16692,B,9999,0
16694,B,10007,71
16695,B,9987,323
16697,B,10005,28
16697,B,10007,0
16697,B,10013,0
16699,S,10019,0
16699,S,10020,250
16701,B,9996,119
16704,S,10019,42
16706,B,9996,102
16706,B,9997,0
16706,B,10005,0
16707,B,9991,350
16708,B,10016,92
16710,B,10016,26
16711,B,9996,69
16711,B,10016,0
16714,B,9996,59
16715,B,10015,99
16717,B,9988,458
16719,B,10015,93
16721,S,10025,54
16722,B,10015,28
16725,B,9997,62
16726,S,10019,35
16728,B,9996,51
16728,B,9997,0
16728,B,10015,0
16731,B,9993,335
16732,B,10013,15
16734,S,10018,10
16736,B,9996,16
16736,B,10013,0
16739,B,9994,83
16742,B,10004,41
16743,B,9989,98
16744,B,10004,12
16745,S,10020,328
16747,B,9995,52
16747,B,9996,0
16747,B,10004,0
16751,S,10023,120
16752,B,9995,40
16753,B,9995,1
16755,B,9990,139
16756,S,10000,79
16757,S,10017,53
16760,S,10021,469
16762,S,10000,64
16764,S,10000,5
16765,S,10000,93
16767,S,10000,0
16767,S,10017,51
16770,B,9999,26
16773,B,9992,221
16775,B,10017,12
16775,S,10017,0
16776,B,10017,0
16777,B,10012,6
16780,S,10018,0
16780,S,10019,0
16780,S,10020,286
16781,B,9994,66
16781,B,9995,0
16781,B,9999,0
16781,B,10012,0
16784,S,10014,18
16786,B,9992,306
16787,B,10004,97
16788,B,10004,0
16790,B,9998,90
16794,B,9997,92
16796,S,10023,194
16798,B,10015,3
16798,S,10014,0
16800,S,10018,97
16802,S,10018,131
16803,S,10028,27
16804,B,9998,10
16804,B,10015,0
16805,S,10014,17
16809,S,10002,13
16812,B,9997,9
16812,B,9998,0
16814,B,9994,30
16814,B,9997,0
16816,S,10015,45
16822,B,9993,334
16822,B,9994,0
16824,S,10008,17
16828,S,10002,0
16828,S,10008,0
16828,S,10014,3
16830,B,10003,56
16831,B,10000,52
16836,B,10004,56
16839,S,10026,172
16841,B,10004,26
16844,B,10003,42
16844,B,10004,0
16845,S,10024,387
16847,S,10004,52
16847,S,10026,165
16848,S,10004,1
16850,S,10016,83
16852,B,9991,410
16854,S,10004,0
16854,S,10014,0
16854,S,10015,0
16854,S,10016,45
16856,B,9998,43
16857,B,10000,40
16857,B,10003,0
16859,B,10000,23
16862,S,10007,22
16863,B,9995,26
16866,S,10007,0
16866,S,10016,0
16866,S,10018,103
16867,S,10018,94
16869,B,9993,332
16869,B,9995,0
16869,B,9998,0
16869,B,10000,0
16871,B,9987,311
16872,B,10015,96
16875,S,10018,79
16876,B,9988,438
16878,S,10018,36
16879,B,10015,59
16882,S,10018,0
16882,S,10020,267
16883,B,10014,74
16885,B,9987,266
16886,B,10014,36
16886,B,10015,0
16887,S,10020,174
16889,B,9993,349
16893,S,10021,476
16899,B,10014,23
16900,S,10016,53
16901,S,10020,126
16902,S,10020,95
16904,S,10021,532
16905,B,10015,7
16906,B,9993,446
16909,S,10016,18
16911,S,10016,0
16911,S,10020,45
16913,B,10015,6
16915,B,9992,331
16921,B,10014,1
16921,B,10015,0
16923,B,10014,0
16923,S,10005,98
16924,S,10024,307
16927,B,9989,111
16928,S,9999,82
16929,S,10023,268
16930,B,9993,365
16931,B,9993,272
16933,S,9994,3
16937,S,10012,33
16939,B,9997,87
16939,S,9994,0
16940,B,9997,70
16941,S,9999,0
16942,B,10004,71
16945,S,10021,614
16948,S,10005,26
16950,B,9991,431
16951,S,10015,17
16953,S,10021,543
16954,B,9991,415
16954,S,10005,0
16954,S,10012,6
16958,B,10004,19
16960,B,9988,384
16961,S,10026,156
16962,S,10026,97
16963,B,9997,0
16963,B,10004,0
16963,S,9997,7
16967,B,10008,75
16967,S,9997,0
16969,S,10014,66
16972,S,10012,0
16972,S,10014,0
16973,S,10015,5
16974,B,10016,6
16974,S,10015,0
16977,B,9993,265
16977,B,10008,0
16977,B,10016,0
16978,B,10000,28
16979,B,10012,72
16981,B,10009,23
16983,S,10020,37
16984,B,10013,94
16986,S,10020,13
16987,B,9992,246
16988,B,10020,24
16988,S,10020,0
16990,B,10013,111
16992,B,10014,97
16993,S,10021,473
16994,B,10020,11
16997,B,10020,5
17000,B,10005,95
17001,S,10021,458
17002,B,10014,15
17002,B,10020,0
17004,B,9991,445
17007,B,10017,33
17010,B,9989,98
17011,B,10013,82
17011,B,10014,0
17011,B,10017,0
17012,B,10013,87
17016,B,9994,59
17020,B,9997,40
17021,B,9991,345
17023,S,10017,82
17024,B,9994,135
17026,B,10000,49
17029,B,9992,221
17031,B,10006,60
17034,B,10013,54
17035,B,10013,6
17036,B,10013,0
17041,B,10015,70
17043,B,9998,37
17044,B,9992,151
17046,B,10015,14
17048,B,10012,28
17048,B,10015,0
17049,B,9991,246
17051,S,10017,2
17053,B,10002,81
17055,S,10023,194
17056,S,10017,0
17056,S,10021,397
17057,B,10012,63
17060,S,10021,341
17062,B,9988,429
17063,B,10002,128
17064,B,10009,10
17064,B,10012,0
17066,B,10005,83
17066,B,10006,0
17066,B,10009,0
17067,B,10000,129
17068,B,9990,88
17070,S,10008,42
17071,S,10020,49
17075,S,10008,0
17075,S,10020,0
17075,S,10021,335
17079,B,10005,73
17080,B,10011,50
17083,S,10016,98
17085,B,9988,389
17087,B,9995,13
17089,S,10027,46
17091,B,10005,67
17091,B,10011,0
17092,B,10012,87
17093,S,10016,40
17094,B,10012,0
17094,S,10009,1
17096,B,10003,59
17099,B,10013,84
17099,S,10009,0
17100,B,10013,58
17101,B,10006,72
17102,B,10013,27
17104,B,9997,0
17105,B,9995,67
17109,B,10013,0
17109,S,10012,50
17110,S,10015,41
17111,S,10012,115
17112,B,10006,30
17113,B,10003,56
17113,B,10005,0
17113,B,10006,0
17114,S,10024,313
17116,S,10012,42
17119,S,10012,35
17120,B,9987,267
17123,B,9995,82
17124,B,10003,0
17124,S,10003,22
17125,S,10003,0
17125,S,10012,5
17128,S,10015,88
17129,B,9996,1
17134,S,10015,145
17135,B,9985,130
17138,B,9992,250
17139,B,10006,2
17140,B,10012,46
17140,S,10012,0
17142,B,10002,120
17142,B,10006,0
17142,B,10012,0
17144,B,10002,44
17145,B,10000,179
17146,S,10021,260
17147,S,10023,268
17149,B,10000,136
17149,B,10002,0
17155,S,10022,361
17157,B,9987,181
17159,S,10018,35
17160,B,10000,41
17160,S,10015,104
17162,S,10025,32
17164,B,9998,10
17164,B,10000,0
17165,S,10015,49
17166,S,10004,1
17167,S,10011,18
17168,S,10002,88
17169,S,10015,119
17171,B,9994,133
17171,B,9995,0
17171,B,9996,0
17171,B,9998,0
17173,B,9987,262
17174,S,10002,21
17176,B,9994,87
17177,B,9985,59
17178,S,10000,100
17180,S,10018,39
17184,S,9997,19
17186,B,9996,48
17188,B,9993,274
17189,S,9997,0
17189,S,10000,85
17190,S,10021,305
17191,S,10000,25
17193,S,10017,10
17194,S,10024,280
17195,S,9999,30
17197,S,9999,0
17197,S,10000,0
17197,S,10002,0
17197,S,10004,0
17197,S,10011,0
17199,S,10017,72
17200,B,9988,309
17201,S,10022,405
17203,S,10015,71
17204,S,10015,0
17204,S,10016,30
17207,B,9988,230
17208,B,9986,99
17209,S,10016,0
17209,S,10017,56
17211,S,10018,100
17213,B,10004,3
17215,S,10021,322
17218,B,9993,265
17218,S,10017,0
17218,S,10018,65
17219,B,9986,0
17223,B,9986,5
17225,S,10024,333
17227,B,10004,0
17229,S,10000,28
17231,B,9999,58
17232,S,10007,52
17233,S,10000,0
17233,S,10007,36
17234,B,9999,45
17235,S,10007,16
17238,B,9999,35
17241,S,10023,269
17242,B,9995,13
17245,B,10000,98
17246,S,10019,74
17249,B,10000,77
17250,S,10007,5
17252,B,10017,70
17252,S,10007,0
17255,B,10017,30
17257,B,9991,312
17259,B,9988,296
17263,S,10022,364
17265,B,10001,35
17267,B,9990,125
17268,B,10012,72
17269,S,10018,53
17271,B,9999,0
17272,B,10017,18
17275,B,9985,0
17276,B,9998,41
17278,B,10012,51
17278,B,10017,0
17280,B,10000,131
17284,B,10015,27
17285,B,9995,22
17287,B,9990,76
17288,B,10015,83
17289,S,10018,50
17291,S,10018,0
17291,S,10019,59
17293,B,9986,72
17294,B,9997,87
17296,B,10015,22
17299,B,10012,45
17299,B,10015,0
17301,B,10012,0
17301,S,10007,32
17302,S,10007,10
17305,S,10024,280
17306,B,10000,101
17306,B,10001,0
17309,B,10000,105
17310,S,10016,97
17310,S,10021,305
17311,B,9987,312
17313,B,10014,40
17313,S,10007,0
17315,B,9996,0
17316,B,10000,68
17316,B,10014,0
17318,S,10001,20
17321,S,10026,42
17322,B,9994,89
17323,B,10000,108
17325,B,10000,77
17326,B,9987,231
17327,B,10001,76
17327,S,10001,0
17331,B,9997,147
17332,B,9986,162
17334,B,10006,13
17335,S,10017,6
17337,S,10016,143
17342,B,10006,10
17343,S,10016,121
17346,S,10021,223
17348,B,9997,190
17349,S,10019,89
17350,S,10014,47
17351,B,10000,67
17351,B,10001,0
17351,B,10006,0
17354,S,10018,1
17356,B,10010,72
17361,B,10010,42
17363,B,9998,56
17366,B,9993,168
17366,B,10015,47
17366,S,10014,0
17369,S,10022,335
17370,B,10015,3
17371,B,10010,28
17371,B,10015,0
17374,B,9993,211
17375,B,9992,274
17378,S,10016,21
17380,S,10022,370
17381,B,9988,338
17383,S,10016,11
17384,B,9991,405
17387,B,9993,209
17388,S,10016,0
17388,S,10017,0
17388,S,10018,0
17388,S,10019,16
17390,B,10010,0
17390,S,10003,26
17391,S,10003,17
17394,S,10023,332
17397,B,9997,288
17397,B,9998,15
17398,B,9989,143
17399,B,9998,0
17399,B,10000,0
17399,S,9998,16
17402,S,10001,49
17403,S,10024,295
17406,S,10021,253
17408,S,9998,0
17408,S,10001,0
17408,S,10003,0
17409,B,9997,278
17411,S,10021,347
17414,S,10019,0
17414,S,10021,292
17415,S,10028,0
17416,S,10009,53
17417,B,9997,206
17419,B,9998,40
17420,S,10024,293
17421,S,10011,46
17423,S,10017,6
17424,S,10021,198
17425,B,9997,159
17425,B,9998,0
17427,B,9997,120
17430,S,10009,50
17432,B,9990,37
17434,B,9993,252
17436,S,10009,0
17436,S,10011,30
17438,S,10011,0
17438,S,10017,0
17438,S,10021,139
17439,S,10026,129
17440,S,10026,214
17443,B,10008,17
17447,S,10023,351
17448,B,9992,308
17449,S,10018,20
17453,S,10010,80
17456,B,10000,58
17458,S,10010,58
17459,B,10003,83
17463,B,10003,0
17463,B,10008,0
17463,S,10010,0
17464,B,10017,61
17466,B,10011,79
17477,B,10017,18
17478,B,10016,86
17479,B,10006,3
17480,S,10027,30
17482,S,10022,356
17483,B,9999,15
17486,B,10016,77
17486,B,10017,0
17487,B,9988,387
17488,B,9991,480
17490,B,10007,39
17492,B,9991,507
17496,S,10024,337
17498,S,10021,181
17500,B,10016,1
17502,B,10011,76
17502,B,10016,0
17502,S,10018,0
17503,B,10011,24
17503,S,10021,151
17504,B,10006,0
17504,B,10007,0
17504,B,10011,0
17505,B,9988,328
17507,B,10001,100
17509,B,9999,83
17512,B,10001,14
17514,B,10001,34
17515,S,10021,77
17518,B,9986,157
17522,B,10014,42
17523,B,10002,53
17526,B,10014,32
17527,B,9994,131
17530,B,9991,486
17533,B,10000,108
17537,B,10002,36
17537,B,10014,0
17539,B,10000,101
17539,B,10001,0
17539,B,10002,0
17542,S,10014,83
17543,S,10014,71
17544,B,10003,48
17547,B,10001,26
17548,B,9994,133
17548,B,9997,98
17549,B,10003,23
17550,B,9989,212
17552,B,9997,165
17555,S,10010,77
17557,S,10008,65
17559,S,10023,394
17561,S,10008,0
17561,S,10010,55
17562,B,9996,13
17563,S,10010,27
17564,B,9992,343
17566,B,10006,54
17568,S,10025,96
17572,S,10015,60
17574,S,10022,290
17575,B,10007,30
17576,B,9995,70
17580,S,10024,411
17581,B,10006,9
17581,B,10007,0
17584,B,10000,61
17584,B,10001,0
17584,B,10003,0
17584,B,10006,0
17585,S,10016,56
17587,B,9988,386
17589,B,10000,47
17593,S,10022,338
17594,B,10000,125
17596,B,9990,0
17597,B,9997,216
17598,B,9999,158
17602,S,10008,32
17609,S,10019,49
17611,S,10008,0
17611,S,10010,0
17611,S,10014,30
17612,S,10014,0
17612,S,10015,49
17617,B,9988,344
17618,B,9999,193
17619,B,10007,89
17621,B,10013,21
17622,B,10007,168
17623,B,10003,52
17624,S,10015,0
17624,S,10016,46
17627,S,10016,0
17627,S,10019,8
17628,B,9991,560
17629,B,9997,252
17630,B,9991,533
17635,S,10020,37
17637,B,10007,143
17637,B,10013,0
17640,S,10021,104
17643,B,10007,87
17644,S,10011,75
17645,S,10013,19
17647,B,10007,61
17647,S,10023,375
17649,B,10004,88
17650,S,10011,26
17651,B,9994,180
17652,B,10007,43
17654,S,10011,0
17654,S,10013,6
17656,B,9998,52
17658,B,10010,9
17660,B,9988,421
17662,S,10013,0
17662,S,10019,0
17662,S,10020,13
17664,S,10020,0
17664,S,10021,41
17667,S,10021,34
17669,S,10021,21
17670,S,10027,45
17673,B,10007,16
17673,B,10010,0
17676,B,10004,7
17676,B,10007,0
17678,S,10021,0
17678,S,10022,260
17682,B,9991,440
17683,B,10003,0
17683,B,10004,0
17684,B,9992,244
17685,S,10016,77
17686,S,10003,13
17687,S,10025,108
17688,S,10023,308
17691,S,10027,92
17693,B,9991,493
17694,B,10005,4
17694,S,10003,0
17697,B,9991,589
17700,B,9988,459
17701,B,9998,0
17702,S,10016,0
17702,S,10022,246
17704,S,10012,16
17708,S,10017,47
17709,B,9988,401
17714,S,10018,12
17715,B,10000,96
17715,B,10005,0
17717,B,9997,254
17718,B,9994,178
17718,B,10014,5
17718,S,10012,0
17719,B,9988,356
17720,S,10017,0
17720,S,10018,3
17721,B,10001,50
17722,B,10014,3
17723,S,10023,403
17725,S,10025,138
17726,B,9986,90
17726,B,10012,40
17728,S,10018,0
17728,S,10022,197
17729,S,10016,13
17735,B,10012,31
17735,B,10014,0
17736,S,10024,340
17738,B,9989,285
17739,B,10000,111
17740,B,10001,35
17740,B,10012,0
17745,B,10007,58
17746,B,10007,0
17746,S,10002,24
17747,B,10000,91
17747,B,10001,0
17749,B,10006,48
17749,S,10002,0
17752,S,10016,0
17752,S,10022,118
17753,S,10022,50
17756,B,9991,671
17757,B,10006,25
17758,B,10000,61
17758,B,10006,0
17759,S,10016,39
17760,S,10026,127
17763,B,10008,77
17764,S,10022,114
17764,S,10025,106
17765,B,9988,441
17767,S,10025,42
17768,B,10005,88
17769,S,10011,98
17771,S,10010,69
17773,B,9991,618
17778,B,9995,166
17779,B,9995,153
17780,S,10027,77
17782,S,10010,0
17782,S,10011,95
17783,B,10001,37
17785,S,10009,73
17787,S,10009,0
17787,S,10011,68
17789,B,9988,514
17791,B,10008,25
17793,B,10008,17
17795,B,9999,255
17796,B,10010,86
17797,B,10010,125
17798,B,9995,205
17799,S,10024,371
17800,B,10010,42
17801,B,10010,65
17802,B,10004,46
17805,B,10008,8
17805,B,10010,0
17810,B,10008,4
17811,B,10005,74
17811,B,10008,0
17813,S,10011,43
17819,B,10005,70
17822,S,10013,12
17824,B,10010,7
17825,B,10006,12
17827,S,10011,35
17830,S,10018,12
17831,S,10011,0
17831,S,10013,4
17832,S,10018,0
17833,S,10013,0
17833,S,10016,33
17836,B,10005,14
17836,B,10006,0
17836,B,10010,0
17838,S,10016,0
17838,S,10022,110
17840,B,10021,60
17843,B,10021,46
17844,B,10021,12
17846,S,10027,100
17850,B,9990,8
17852,B,10007,68
17853,S,10022,104
17855,B,9996,109
17856,S,10023,329
17858,B,10001,110
17861,B,10003,18
17863,B,10007,113
17864,B,10009,54
17866,B,9988,448
17867,B,10012,28
17868,S,10027,193
17871,S,10028,8
17873,B,10021,0
17874,B,10001,113
17875,B,9997,304
17877,B,9996,13
17880,B,10018,66
17881,B,10018,15
17882,B,9991,544
17883,S,10027,199
17886,B,10012,14
17886,B,10018,0
17889,B,10012,10
17893,B,10018,48
17895,S,10028,74
17896,S,10027,176
17898,B,10018,0
17898,S,10017,11
17899,B,10009,7
17899,B,10012,0
17900,B,10007,24
17900,B,10009,0
17902,B,10007,0
17904,B,9993,235
17905,S,10024,408
17906,S,10024,334
17907,B,10007,18
17908,B,10019,61
17908,S,10017,0
17910,B,10017,94
17911,B,10019,34
17913,S,10026,131
17914,B,10020,99
17916,B,10015,62
17918,B,10018,89
17920,S,10026,46
17921,B,10019,33
17921,B,10020,0
17923,B,10009,16
17925,B,10019,25
17927,B,10018,14
17927,B,10019,0
17928,B,10000,124
17930,B,9999,303
17934,S,10021,94
17935,B,9995,254
17936,S,10024,303
17938,B,10018,6
17939,B,9996,88
17940,S,10021,31
17942,B,10017,22
17942,B,10018,0
17943,B,10015,22
17943,B,10017,0
17945,B,10004,103
17948,B,10015,0
17948,S,10015,74
17950,B,10000,172
17953,B,9998,2
17954,B,10005,0
17954,B,10007,0
17954,B,10009,0
17954,S,10005,1
17955,B,9988,379
17956,S,10005,0
17956,S,10015,40
17960,B,10004,46
17962,S,10015,0
17962,S,10021,0
17963,B,10014,29
17964,B,10004,1
17964,B,10014,0
17966,S,10022,81
17968,B,10018,99
17971,B,9993,273
17973,B,9989,240
17974,S,10023,276
17978,B,10018,18
17979,B,9991,462
17979,B,10021,26
17980,B,10021,9
17981,B,10018,10
17981,B,10021,0
17985,S,10022,40
17986,B,10001,47
17986,B,10003,0
17986,B,10004,0
17986,B,10018,0
17987,S,10012,7
17988,B,9991,549
17989,S,10012,0
17989,S,10022,0
17989,S,10023,268
17991,B,10010,23
17992,S,10023,241
17994,B,10009,45
17995,B,10009,13
17995,B,10010,0
17997,B,10008,33
17998,B,10000,124
18000,S,10010,30
18001,B,9992,209
18002,S,10010,0
18002,S,10023,198
18003,B,10001,45
18003,B,10008,0
18003,B,10009,0
18004,S,10027,157
18006,B,9996,143
18007,S,10023,191
18011,B,10000,82
18011,B,10001,0
18015,S,10023,184
18016,B,10008,90
18017,B,9992,208
18018,B,9991,602
18020,S,10030,15
18022,B,10007,82
18026,B,10008,89
18027,B,10009,64
18031,B,10009,27
18032,S,10013,65
18033,B,9996,88
18034,B,10008,117
18037,B,10016,27
18037,S,10013,0
18038,S,10023,137
18039,B,9993,230
18040,S,10023,102
18041,S,10018,90
18042,S,10028,8
18045,B,10003,51
18046,B,10016,0
18046,S,10013,37
18049,B,9993,287
18050,B,9995,270
18052,B,10008,115
18052,B,10009,0
18053,B,9989,171
18055,S,10014,9
18056,S,10029,69
18059,B,10008,78
18060,B,10008,85
18062,B,9992,305
18064,S,10013,0
18064,S,10014,0
18064,S,10018,41
18067,B,9993,342
18068,B,10008,63
18070,B,10007,64
18070,B,10008,0
18072,S,10011,55
18074,B,10007,24
18075,B,10012,1
18075,S,10011,0
18078,S,10018,0
18078,S,10023,65
18080,B,10006,21
18085,B,10012,39
18086,B,9997,356
18088,B,10003,61
18089,S,10030,114
18091,B,10006,98
18092,S,10024,266
18095,S,10018,30
18096,S,10016,90
18098,B,10007,18
18098,B,10012,0
18100,S,10010,96
18102,B,9990,19
18104,S,10027,184
18105,B,9992,217
18107,B,9990,77
18109,B,10006,21
18110,S,10010,10
18111,B,10007,0
18111,S,10007,19
18113,S,10011,6
18118,B,10003,40
18118,B,10006,0
18119,B,10000,33
18119,B,10003,0
18121,B,9995,174
18122,B,9994,225
18123,B,9987,140
18124,S,10005,80
18125,S,10005,0
18125,S,10007,7
18128,B,9997,389
18129,S,10007,0
18129,S,10010,0
18129,S,10011,0
18129,S,10016,77
18135,B,9999,262
18135,B,10000,0
18137,B,9992,317
18138,B,9998,34
18140,B,9995,126
18140,B,10001,23
18141,B,9996,135
18144,S,10016,17
18145,S,10016,0
18145,S,10018,0
18145,S,10023,62
18147,S,10018,96
18150,B,9999,187
18150,B,10001,0
18151,B,9999,139
18152,S,10003,77
18153,B,9991,515
18156,S,10003,50
18157,S,10003,22
18158,S,10003,0
18158,S,10018,43
18162,B,9997,339
18164,B,10010,63
18167,B,10010,81
18168,B,9991,539
18170,B,9995,186
18172,S,10018,2
18173,B,10018,77
18173,S,10018,0
18174,B,10018,0
18174,S,10017,3
18176,B,10011,85
18179,B,10011,28
18180,B,10000,59
18181,S,10025,12
18182,S,10017,0
18182,S,10023,41
18187,S,10029,142
18190,B,9997,343
18194,B,9996,201
18195,S,10023,0
18195,S,10024,226
18197,S,10024,156
18199,S,10024,122
18201,B,10006,22
18202,B,9994,298
18203,S,10024,40
18204,B,10022,13
18205,B,10010,64
18205,B,10011,0
18205,B,10022,0
18207,B,10005,18
18208,B,10001,95
18209,S,10027,178
18211,B,10010,62
18211,S,10027,167
18212,S,10025,53
18217,B,10010,51
18218,S,10016,54
18220,B,9993,336
18221,S,10023,21
18222,B,10010,1
18223,S,10018,58
18224,B,9994,222
18226,S,10028,91
18227,B,9996,255
18228,B,9987,139
18229,B,10001,81
18229,B,10005,0
18229,B,10006,0
18229,B,10010,0
18231,S,10016,0
18231,S,10018,50
18233,S,10026,120
18234,B,9993,293
18235,S,10014,84
18237,S,10032,76
18238,B,9999,211
18241,S,10025,80
18243,B,10013,46
18244,B,10000,0
18246,B,10013,2
18248,B,9997,291
18250,B,10000,35
18251,S,10014,29
18252,B,10012,18
18253,B,9990,19
18255,B,9992,387
18259,B,10012,12
18259,B,10013,0
18260,B,10012,20
18261,B,10001,18
18261,B,10012,0
18263,S,10025,98
18265,B,9993,354
18267,B,10005,18
18268,B,9997,287
18269,S,10026,116
18273,B,10000,15
18273,B,10001,0
18273,B,10005,0
18274,S,10020,83
18276,B,9999,176
18276,B,10000,0
18278,B,10000,44
18279,B,10007,50
18281,B,9999,243
18283,S,10018,94
18285,B,10007,48
18286,B,10007,0
18286,S,10006,12
18292,S,10008,79
18295,S,10031,71
18297,S,10025,159
18299,B,10003,42
18300,B,9993,308
18301,S,10006,0
18301,S,10008,73
18303,B,9993,380
18305,S,10007,88
18308,S,10005,10
18310,S,10014,103
18313,S,10005,7
18314,B,9997,285
18315,S,10005,0
18315,S,10007,66
18316,S,10029,202
18318,S,10007,53
18319,B,9999,236
18321,S,10007,42
18323,S,10025,190
18325,S,10010,18
18328,S,10007,13
18333,S,10017,92
18338,S,10012,54
18341,S,10007,6
18342,B,9995,170
18342,B,10001,42
18344,S,10007,0
18344,S,10008,65
18345,B,9993,478
18347,S,10020,139
18349,B,9992,437
18353,S,10020,215
18355,S,10018,157
18358,B,10000,40
18358,B,10001,0
18358,B,10003,0
18359,S,10005,7
18362,S,10014,104
18363,B,10000,17
18365,B,9999,278
18367,B,9994,295
18375,B,10003,27
18377,S,10023,23
18380,B,10002,100
18381,S,10005,0
18381,S,10008,41
18383,S,10008,0
18383,S,10010,0
18383,S,10012,17
18386,B,10002,155
18390,B,10002,104
18390,B,10003,0
18393,S,10012,0
18393,S,10014,98
18396,B,10003,98
18399,S,10023,26
18401,B,9992,450
18402,S,10017,0
18406,B,10000,87
18407,B,9997,319
18409,S,10030,99
18410,B,9992,416
18411,S,10025,203
18414,B,10008,39
18416,S,10014,70
18417,S,10014,0
18417,S,10018,137
18418,B,9997,337
18421,S,10026,145
18422,B,9997,371
18424,B,9992,476
18427,B,10005,95
18428,S,10031,0
18429,S,10018,65
18430,B,10005,90
18430,B,10008,0
18432,B,10008,13
18434,S,10025,162
18436,S,10025,233
18437,S,10030,199
18438,B,9994,248
18439,B,9993,492
18441,B,10003,150
18443,S,10018,2
18446,S,10018,0
18446,S,10020,117
18447,B,10005,81
18447,B,10008,0
18448,B,9994,164
18449,S,10020,20
18451,S,10020,0
18455,B,10003,145
18455,B,10005,0
18457,B,10007,62
18458,S,10014,79
18460,B,10007,46
18463,B,10007,26
18464,S,10014,0
18464,S,10023,16
18466,S,10019,94
18468,S,10019,93
18469,B,9992,463
18470,S,10017,55
18472,S,10029,252
18474,S,10017,99
18477,S,10023,58
18481,B,10010,99
18482,B,10015,100
18484,B,9995,234
18486,B,10015,90
18487,S,10023,47
18490,B,9995,170
18490,B,10001,71
18492,B,10015,40
18494,S,10017,23
18495,S,10016,58
18499,S,10025,172
18501,B,10010,65
18501,B,10015,0
18503,B,10003,229
18505,B,9996,352
18510,S,10022,83
18514,B,9990,8
18514,B,9995,236
18515,S,10016,33
18516,B,9997,406
18518,B,10010,6
18521,B,10008,36
18522,S,10023,45
18524,S,10030,251
18525,S,10027,176
18526,B,10003,214
18526,B,10007,0
18526,B,10008,0
18526,B,10010,0
18527,B,10003,149
18528,B,10007,15
18529,B,9998,89
18531,S,10009,84
18532,S,10009,54
18536,B,9989,73
18536,B,9991,598
18538,S,10009,0
18538,S,10016,8
18541,B,9988,372
18543,S,10028,139
18544,S,10012,18
18545,S,10025,141
18546,S,10026,177
18547,S,10020,32
18549,B,10003,89
18549,B,10007,0
18551,S,10025,70
18552,B,10006,84
18553,B,9991,616
18555,S,10012,0
18555,S,10016,0
18555,S,10017,8
18558,S,10017,0
18558,S,10019,51
18559,B,10005,20
18561,S,10010,51
18562,S,10015,75
18564,S,10010,19
18566,B,10002,173
18568,S,10010,0
18568,S,10015,64
18570,B,10015,32
18570,S,10015,0
18572,B,10006,16
18572,B,10015,0
18574,S,10019,6
18576,S,10010,39
18578,S,10010,0
18578,S,10019,0
18578,S,10020,27
18579,B,9992,366
18580,B,9996,286
18581,S,10025,168
18582,S,10009,69
18584,B,10001,111
18589,B,10003,79
18589,B,10005,0
18589,B,10006,0
18590,B,10003,33
18591,B,10003,0
18591,S,10003,2
18593,B,10003,23
18593,S,10003,0
18595,B,10003,4
18598,S,10009,67
18601,B,9997,498
18602,S,10009,65
18604,B,9991,592
18605,S,10012,65
18606,S,10007,38
18608,B,10003,1
18612,S,10007,0
18612,S,10009,33
18614,S,10009,22
18615,B,10002,92
18615,B,10003,0
18616,B,9995,184
18617,S,10009,0
18617,S,10012,33
18621,B,10013,61
18621,S,10012,0
18623,S,10019,22
18624,S,10023,142
18628,B,10002,81
18628,B,10013,0
18629,B,9993,478
18630,B,10016,31
18633,B,10003,11
18634,S,10019,0
18634,S,10020,0
18634,S,10022,70
18635,B,10018,94
18637,B,10018,6
18638,B,9993,417
18640,S,10022,51
18641,B,9992,296
18642,B,10003,3
18642,B,10016,0
18642,B,10018,0
18645,B,10021,49
18648,B,10021,0
18649,S,10022,26
18652,S,10024,50
18653,S,10013,82
18657,B,10000,94
18658,S,10011,75
18659,S,10020,7
18660,B,9991,565
18661,S,10013,111
18666,S,10011,7
18669,B,10002,64
18669,B,10003,0
18670,S,10028,56
18671,S,10011,57
18672,S,10011,15
18673,S,10030,331
18675,B,9988,287
18676,S,10011,0
18676,S,10013,39
18677,S,10024,56
18678,B,9993,362
18680,B,9992,246
18680,B,9996,356
18681,S,10026,231
18684,B,10021,37
18684,S,10013,0
18684,S,10020,0
18686,B,10021,9
18687,B,10021,0
18689,B,10018,28
18691,B,9993,452
18693,S,10030,417
18696,B,9993,502
18697,B,10001,104
18697,B,10002,0
18697,B,10018,0
18700,S,10008,48
18702,B,9991,581
18704,B,10019,12
18704,S,10008,0
18705,B,9991,506
18706,S,10026,264
18708,B,10001,85
18708,B,10019,0
18711,B,9999,346
18712,B,10000,186
18713,B,9988,249
18714,B,9998,156
18715,S,10030,317
18716,B,9997,464
18717,B,9993,546
18719,S,10025,249
18720,S,10025,265
18722,S,10021,71
18725,S,10015,25
18726,B,9990,44
18728,B,10016,40
18728,S,10015,0
18729,B,9993,456
18730,S,10017,80
18731,B,9993,412
18732,B,9991,477
18732,B,10003,57
18735,S,10028,92
18736,S,10030,393
18737,S,10017,62
18739,S,10023,213
18743,B,9995,124
18744,B,9991,568
18746,S,10019,46
18747,B,9994,264
18748,B,10001,45
18748,S,10017,0
18748,S,10019,27
18749,B,10014,1
18752,B,9999,378
18754,B,10014,0
18754,B,10016,0
18754,S,10011,8
18755,B,9994,191
18756,B,10009,54
18758,B,10009,11
18759,B,9997,430
18761,S,10019,84
18763,S,10011,2
18765,S,10011,0
18765,S,10019,62
18766,B,9991,647
18769,S,10019,0
18769,S,10021,57
18770,S,10017,79
18772,B,10009,0
18772,S,10008,32
18775,B,9998,101
18776,S,10010,41
18778,S,10028,84
18780,S,10020,8
18781,B,10000,94
18783,S,10008,0
18783,S,10010,0
18783,S,10017,66
18784,B,10003,17
18787,S,10017,0
18787,S,10020,0
18787,S,10021,51
18788,B,9991,712
18789,S,10023,142
18790,B,10012,80
18793,B,10020,11
18795,B,10012,4
18795,B,10020,0
18798,B,10012,0
18798,S,10006,48
18801,B,10001,34
18801,B,10003,0
18802,S,10010,77
18804,S,10004,47
18806,S,10029,192
18809,B,10000,46
18809,B,10001,0
18812,S,10004,45
18815,B,9998,99
18816,S,10004,25
18819,S,10011,95
18821,S,10004,9
18822,B,9991,764
18823,S,10004,0
18823,S,10006,2
18824,B,9999,342
18824,B,10000,0
18827,S,10024,132
18828,B,9993,488
18829,B,9990,36
18831,S,10026,338
18832,S,10003,72
18834,B,9999,290
18835,S,10003,56
18836,S,10025,319
18838,S,10003,0
18838,S,10006,0
18838,S,10010,46
18839,S,10024,126
18840,S,10010,0
18840,S,10011,92
18841,S,10025,307
18843,S,10011,31
18844,B,9999,333
18846,S,10011,10
18847,B,9991,685
18848,S,10011,0
18848,S,10021,28
18853,B,10000,62
18856,B,9995,58
18857,B,9991,594
18858,S,10016,54
18860,S,10016,107
18861,S,10031,76
18862,B,9993,431
18863,S,10016,72
18865,B,9999,359
18866,S,10025,209
18869,S,10016,35
18872,B,9996,302
18874,B,10000,56
18876,B,9998,125
18877,S,10026,309
18879,B,9998,182
18882,B,9991,528
18882,S,10016,7
18884,S,10018,97
18885,S,10010,49
18889,S,10016,47
18890,B,10000,32
18892,B,9999,342
18892,B,10000,0
18893,S,10004,18
18894,B,9998,115
18895,S,10022,90
18897,S,10029,215
18898,S,10016,7
18899,S,10006,16
18900,S,10004,0
18900,S,10006,0
18900,S,10010,40
18901,S,10010,0
18901,S,10016,0
18901,S,10018,81
18902,S,10016,70
18904,S,10016,40
18905,B,10013,80
18906,B,9999,325
18906,B,10013,0
18907,B,9988,200
18910,B,9998,184
18911,S,10016,113
18912,B,10004,84
18913,B,10004,80
18914,B,9991,475
18915,B,9986,0
18916,S,10029,165
18917,B,10014,1
18919,S,10025,306
18919,S,10028,36
18922,B,9992,341
18923,B,10014,0
18923,S,10008,91
18925,S,10008,10
18926,S,10008,4
18928,B,10004,0
18928,S,10004,1
18929,S,10024,50
18930,S,10003,59
18931,S,10026,276
18932,B,9999,286
18935,S,10003,0
18935,S,10004,0
18935,S,10008,0
18935,S,10016,100
18936,S,10026,202
18939,B,9999,261
18939,S,10030,313
18941,B,9999,177
18942,B,9998,127
18943,S,10016,50
18944,B,9993,359
18946,S,10016,30
18947,B,10010,26
18949,B,10015,75
18952,B,10015,26
18952,S,10025,290
18954,S,10016,9
18955,B,10005,91
18956,B,9998,138
18958,S,10024,81
18961,S,10021,35
18962,S,10016,0
18962,S,10018,2
18964,B,10011,71
18965,B,9998,127
18968,B,10020,24
18968,S,10018,0
18970,S,10021,0
18970,S,10022,41
18971,S,10025,384
18973,S,10022,0
18973,S,10023,99
18975,B,9997,412
18975,B,10019,57
18976,B,10019,48
18976,B,10020,0
18978,B,10015,10
18978,B,10019,0
18981,S,10016,65
18982,S,10016,54
18985,B,10011,47
18985,B,10015,0
18987,B,9996,338
18989,S,10029,142
18991,B,9994,284
18992,S,10025,459
18994,B,10014,36
18995,S,10029,73
18996,B,10014,68
18998,S,10022,1
19000,S,10015,11
19002,B,9991,410
19004,B,10014,34
19006,S,10015,0
19006,S,10016,30
19007,S,10015,77
19008,S,10015,44
19010,B,10011,141
19012,S,10019,97
19015,S,10028,75
19017,B,10011,138
19017,B,10014,0
19020,S,10030,318
19023,B,10011,68
19024,S,10015,40
19025,S,10015,0
19025,S,10016,0
19025,S,10019,88
19026,B,10013,24
19028,S,10025,362
19029,B,10011,15
19029,B,10013,0
19030,S,10022,0
19031,B,10010,20
19031,B,10011,0
19032,B,9998,199
19036,B,10017,60
19038,S,10025,365
19040,B,9991,331
19041,S,10023,123
19043,B,10004,50
19046,S,10019,0
19046,S,10023,121
19051,S,10025,460
19052,S,10031,138
19053,S,10027,129
19055,S,10027,171
19056,B,10013,20
19057,S,10020,25
19059,B,10017,0
19059,S,10017,23
19060,B,10013,7
19063,B,10014,65
19074,B,10014,32
19075,B,10011,14
19076,S,10027,207
19079,B,9994,282
19082,B,10013,4
19082,B,10014,0
19084,B,10015,26
19085,S,10017,0
19085,S,10020,19
19086,B,10007,56
19089,S,10020,0
19089,S,10023,70
19091,S,10034,17
19092,S,10023,28
19094,S,10030,390
19096,B,10003,22
19098,S,10023,0
19098,S,10024,42
19101,B,9992,317
19107,B,10014,11
19109,B,10023,96
19110,B,10023,6
19111,B,9991,315
19111,S,10024,0
19111,S,10025,454
19113,B,10015,0
19113,B,10023,0
19113,S,10015,9
19114,B,10010,19
19114,B,10011,0
19114,B,10013,0
19114,B,10014,0
19115,S,10016,68
19118,S,10020,14
19119,B,10010,6
19122,B,9996,411
19123,S,10027,257
19126,B,9998,205
19127,B,10006,63
19128,S,10015,0
19128,S,10016,67
19130,B,10001,38
19132,B,10011,56
19134,S,10026,215
19137,S,10014,14
19139,S,10014,0
19139,S,10016,51
19142,B,10007,37
19142,B,10010,0
19142,B,10011,0
19144,S,10016,0
19144,S,10020,11
19145,B,9996,341
19147,B,9999,216
19150,S,10009,15
19151,B,10007,15
19153,B,10010,18
19153,S,10009,0
19154,B,9998,133
19156,B,9995,130
19157,B,10012,9
19158,B,10010,5
19158,B,10012,0
19161,B,10010,7
19162,B,10013,43
19165,B,10013,21
19167,B,9991,297
19167,B,10006,134
19168,S,10020,0
19168,S,10025,405
19169,S,10025,355
19171,S,10016,18
19172,S,10030,314
19173,B,10010,88
19177,B,9996,368
19179,B,9991,267
19179,S,10016,3
19183,B,10013,14
19185,B,9999,253
19194,S,10023,61
19196,B,10003,53
19198,S,10016,0
19198,S,10023,20
19201,B,10019,33
19204,S,10028,144
19205,B,10010,124
19207,B,10010,87
19207,B,10013,0
19207,B,10019,0
19208,S,10021,19
19210,B,10010,62
19212,B,9991,207
19212,S,10021,18
19214,B,10008,79
19215,S,10024,35
19217,B,10008,47
19217,B,10010,0
19219,S,10015,82
19222,B,10001,0
19222,S,10015,31
19225,B,10008,10
19226,B,9996,386
19228,B,9997,314
19230,B,9996,359
19231,B,10006,92
19231,B,10007,0
19231,B,10008,0
19232,B,10006,20
19235,B,10017,12
19235,S,10015,0
19236,B,10017,3
19239,B,10009,37
19242,B,10018,8
19245,B,10018,3
19247,B,10017,0
19247,B,10018,0
19247,S,10017,67
19249,S,10017,54
19250,B,9996,284
19251,B,10011,18
19253,S,10021,96
19255,B,10011,0
19255,S,10017,32
19256,S,10022,19
19261,S,10028,207
19262,S,10033,24
19263,B,9996,375
19264,S,10035,7
19269,B,10015,92
19270,S,10017,0
19270,S,10021,30
19271,S,10033,96
19274,B,9994,235
19275,B,10015,54
19277,B,10015,12
19278,S,10029,99
19280,S,10021,0
19280,S,10022,0
19280,S,10023,0
19280,S,10024,29
19282,B,10002,7
19283,B,9996,395
19285,S,10020,69
19285,S,10025,261
19287,B,10009,0
19287,B,10015,0
19287,S,10007,1
19288,S,10028,168
19293,B,9997,278
19295,B,10015,75
19295,S,10007,0
19296,S,10022,97
19298,S,10036,26
19299,B,10006,97
19301,S,10019,82
19303,B,10006,92
19303,B,10015,0
19304,S,10033,24
19307,B,10004,119
19309,B,10002,0
19310,S,10019,0
19310,S,10020,57
19312,B,10003,74
19314,S,10035,0
19315,B,10002,2
19317,B,10003,111
19320,S,10031,146
19325,S,10028,173
19329,B,10015,89
19336,S,10020,3
19338,S,10020,0
19338,S,10022,76
19339,B,10015,14
19340,B,10006,56
19340,B,10015,0
19341,B,9997,245
19341,S,10022,9
19342,S,10012,47
19343,B,9988,123
19344,B,10005,76
19344,B,10006,0
19346,S,10012,0
19346,S,10022,0
19346,S,10024,16
19347,B,10020,57
19349,B,10018,3
19350,S,10026,141
19352,B,10005,53
19352,B,10018,0
19352,B,10020,0
19354,B,10016,8
19356,B,10016,0
19356,S,10008,81
19357,S,10030,215
19360,B,9997,330
19362,S,10017,7
19364,B,9992,217
19364,S,10008,73
19365,B,9999,298
19366,S,10029,73
19368,S,10008,22
19369,S,10027,333
19371,S,10008,13
19373,S,10008,0
19373,S,10017,0
19373,S,10024,0
19373,S,10025,206
19375,B,10004,79
19375,B,10005,0
19378,B,10009,87
19379,B,10001,49
19380,S,10025,131
19382,S,10030,298
19384,B,10008,12
19389,S,10035,95
19393,S,10016,37
19395,S,10016,7
19397,S,10016,0
19397,S,10025,116
19398,B,9999,255
19400,B,10017,27
19401,B,10000,83
19402,S,10019,45
19404,B,10009,66
19404,B,10017,0
19406,S,10019,20
19407,B,10006,74
19410,S,10032,135
19411,B,10011,95
19413,B,10018,63
19416,B,10011,79
19416,B,10018,0
19420,S,10012,70
19422,S,10012,62
19423,B,9995,171
19425,S,10024,14
19427,B,9991,148
19430,B,10006,148
19431,S,10024,32
19432,B,10011,50
19433,S,10012,0
19433,S,10019,14
19434,S,10013,43
19436,B,10008,0
19438,S,10020,3
19441,B,9997,387
19442,B,10011,141
19444,S,10027,412
19445,S,10028,104
19447,B,9997,330
19448,S,10033,75
19455,S,10017,3
19455,S,10036,0
19457,B,10011,123
19458,S,10026,211
19459,B,10016,25
19459,S,10013,0
19460,B,9996,403
19461,B,10011,213
19464,B,10000,182
19467,B,10016,12
19469,B,9998,206
19470,S,10025,207
19477,S,10025,189
19479,B,10024,37
19479,S,10017,0
19479,S,10019,0
19479,S,10020,0
19479,S,10024,0
19481,B,10024,21
19482,B,10011,187
19482,B,10016,0
19482,B,10024,0
19484,B,10004,10
19486,B,10011,106
19490,B,10022,2
19491,B,10022,0
19491,S,10020,72
19492,S,10026,294
19493,S,10020,13
19496,B,10011,76
19497,B,9996,312
19499,B,10009,47
19499,B,10011,0
19501,B,10000,221
19502,S,10014,17
19503,S,10026,281
19504,B,9994,319
19505,S,10030,332
19506,S,10030,343
19508,B,10009,4
19509,B,9996,299
19513,S,10014,0
19513,S,10020,0
19514,B,10006,117
19514,B,10009,0
19515,B,10012,24
19516,B,10022,9
19518,B,10022,0
19519,S,10025,91
19520,B,10012,4
19522,B,10004,89
19523,B,9996,202
19525,S,10030,260
19526,S,10025,65
19527,B,10010,60
19529,B,10010,37
19529,B,10012,0
19534,B,10010,0
19534,S,10009,4
19535,S,10009,0
19539,B,10001,63
19542,B,10005,50
19543,S,10031,242
19544,S,10014,43
19545,S,10023,28
19546,B,10006,111
19551,B,9995,182
19552,B,10000,243
19553,B,9997,238
19553,B,10009,81
19556,B,10003,171
19558,B,10006,127
19561,S,10016,56
19562,B,9987,89
19564,S,10030,265
19566,S,10020,51
19568,S,10011,51
19569,B,10009,16
19570,S,10023,125
19572,B,10006,51
19572,B,10009,0
19573,B,10006,35
19577,B,9997,203
19580,B,10002,0
19581,B,10006,4
19582,B,10004,65
19582,B,10005,0
19582,B,10006,0
19583,B,9994,396
19584,S,10019,50
19586,B,10001,133
19588,S,10011,134
19590,B,10003,162
19590,B,10004,0
19591,S,10028,41
19592,S,10029,104
19595,S,10032,158
19597,B,9997,118
19597,B,10000,288
19601,B,10003,159
19604,S,10011,78
19607,S,10011,0
19607,S,10014,34
19611,S,10023,155
19612,B,10003,102
19614,S,10022,41
19616,S,10014,0
19616,S,10016,9
19620,S,10024,53
19621,S,10016,6
19622,B,10003,31
19623,B,10000,189
19626,S,10026,294
19628,B,10018,21
19628,S,10016,0
19629,B,10009,59
19631,B,10003,42
19632,S,10024,0
19635,S,10031,166
19636,B,10018,1
19637,S,10022,98
19638,S,10019,8
19640,B,10004,96
19642,S,10019,0
19642,S,10020,0
19642,S,10022,75
19648,B,10009,53
19648,B,10018,0
19649,S,10030,213
19650,B,9999,313
19651,B,10004,79
19651,B,10009,0
19652,B,9999,268
19653,S,10027,333
19654,S,10022,46
19657,B,9995,133
19658,S,10021,53
19660,S,10030,269
19661,S,10028,104
19662,B,10000,106
19663,S,10032,232
19665,B,10000,175
19667,B,10004,29
19668,B,9996,184
19669,S,10021,0
19669,S,10022,29
19672,S,10029,186
19673,B,10006,3
19677,S,10029,104
19678,S,10012,75
19679,S,10018,94
19680,S,10017,57
19683,B,10003,19
19683,B,10004,0
19683,B,10006,0
19684,S,10012,45
19686,S,10012,0
19686,S,10017,29
19689,B,9999,278
19693,S,10011,11
19694,S,10011,0
19694,S,10017,0
19694,S,10018,63
19696,S,10018,31
19697,S,10028,68
19700,S,10027,414
19703,B,10022,28
19703,S,10018,0
19703,S,10022,0
19704,S,10028,158
19709,B,10018,59
19710,S,10023,141
19711,B,9999,285
19713,S,10023,43
19717,B,10018,0
19717,B,10022,0
19717,S,10006,5
19718,S,10006,0
19718,S,10023,0
19718,S,10025,42
19719,B,10003,8
19725,B,9998,230
19726,B,10009,73
19727,S,10031,158
19728,B,10001,119
19728,B,10003,0
19728,B,10009,0
19729,S,10004,74
19730,B,9992,155
19732,S,10004,61
19733,B,10009,17
19733,S,10004,0
19736,S,10010,86
19738,B,9997,67
19742,S,10030,333
19743,B,10001,72
19743,B,10009,0
19745,B,10001,2
19746,B,9998,206
19747,B,10000,112
19747,B,10001,0
19748,B,10000,154
19749,S,10010,84
19751,S,10010,0
19751,S,10025,40
19753,S,10025,17
19755,S,10030,269
19757,B,10000,61
19759,B,9999,259
19760,S,10025,0
19760,S,10026,289
19761,B,10000,25
19762,B,9999,206
19762,B,10000,0
19763,B,10016,42
19766,B,10020,20
19768,S,10026,270
19769,S,10024,79
19770,S,10027,321
19771,B,9995,182
19773,S,10023,26
19774,B,9996,148
19775,B,10020,1
19777,S,10033,158
19779,S,10023,0
19779,S,10024,41
19780,S,10026,238
19782,S,10022,3
19783,S,10028,68
19784,B,10020,0
19784,S,10017,7
19786,S,10021,41
19788,S,10017,0
19788,S,10021,0
19788,S,10022,0
19788,S,10024,39
19790,S,10024,6
19792,B,10016,0
19792,S,10014,12
19794,S,10014,4
19797,B,9998,303
19798,B,9996,75
19799,S,10004,64
19801,B,9999,125
19804,S,10011,93
19806,S,10027,279
19807,S,10004,43
19809,S,10004,50
19810,S,10022,64
19813,S,10016,37
19815,S,10004,0
19815,S,10011,66
19820,S,10026,278
19821,S,10011,11
19825,S,10011,0
19825,S,10014,3
19826,S,10014,0
19826,S,10016,8
19827,S,10002,9
19828,B,9999,59
19829,S,10002,0
19830,B,9999,11
19832,S,10030,264
19833,B,9995,141
19834,B,10025,7
19834,S,10016,0
19834,S,10022,0
19834,S,10024,0
19835,B,9998,297
19836,B,10025,0
19836,S,10010,66
19838,S,10020,89
19839,S,10010,30
19840,S,10013,35
19844,S,10033,244
19846,S,10010,0
19846,S,10013,7
19847,S,10023,46
19848,S,10014,7
19850,S,10035,180
19852,S,10032,240
19854,S,10013,0
19854,S,10014,0
19854,S,10020,56
19856,B,10004,41
19858,S,10020,8
19860,B,10022,31
19860,S,10020,0
19863,S,10023,21
19864,B,10022,0
19864,S,10015,16
19866,B,9996,126
19870,B,10004,0
19870,S,10004,35
19872,S,10009,98
19876,S,10004,0
19876,S,10009,54
19877,S,10009,0
19877,S,10015,0
19877,S,10023,0
19878,B,10009,7
19881,S,10030,353
19884,S,10033,344
19886,S,10034,87
19888,B,10020,68
19892,S,10033,320
19895,S,10030,267
19897,B,10016,31
19898,B,10016,28
19898,B,10020,0
19901,S,10026,201
19903,B,10010,25
19904,B,9993,321
19904,B,9995,238
19906,S,10033,418
19907,S,10026,118
19908,B,10003,61
19909,B,10013,37
19911,S,10034,105
19913,B,9999,87
19915,S,10026,75
19916,B,10013,27
19916,B,10016,0
19920,S,10028,101
19923,B,10010,12
19923,B,10013,0
19924,B,10003,108
19925,S,10033,367
19926,B,10004,23
19929,B,9994,463
19931,S,10019,69
19933,S,10017,21
19936,B,10009,4
19936,B,10010,0
19938,B,9988,73
19940,B,10004,3
19940,B,10009,0
19941,S,10017,0
19941,S,10019,42
19944,S,10033,386
19947,B,10013,53
19949,B,10013,47
19950,S,10019,0
19950,S,10026,58
19951,B,10012,68
19953,S,10026,0
19953,S,10027,243
19959,S,10016,83
19961,B,10012,0
19962,S,10034,134
19964,S,10016,145
19966,B,10013,4
19966,S,10033,288
19972,S,10034,116
19975,B,10013,0
19975,S,10009,64
19978,S,10029,188
19983,S,10024,88
19984,B,10014,28
19984,S,10009,0
19985,S,10016,199
19986,S,10016,182
19987,S,10016,119
19988,B,10007,82
19991,B,9999,126
19993,S,10016,100
19994,B,10007,167
19997,B,9999,215
19998,S,10015,6
19999,S,10017,80
