seq,trade_id,aggressor,price,qty
1,1,B,9990,47
3,2,S,10017,41
7,3,S,10011,7
11,4,S,10015,36
15,5,B,10019,37
17,6,S,10020,58
18,7,S,10015,5
18,8,S,10006,92
21,9,B,9996,2
24,10,B,10005,51
31,11,B,10001,62
32,12,S,9991,56
33,13,B,9980,3
36,14,S,10000,4
41,15,B,10001,9
43,16,S,10000,9
45,17,S,10000,4
56,18,S,10002,39
58,19,S,10002,32
58,20,S,10000,1
59,21,S,9982,11
72,22,B,9989,47
74,23,S,9990,33
74,24,S,9987,49
81,25,B,10005,59
81,26,B,10007,28
81,27,B,10007,5
84,28,B,9997,22
88,29,S,9987,7
88,30,S,9982,22
88,31,S,9981,6
89,32,B,9993,41
89,33,B,9997,50
90,34,S,9981,50
97,35,B,9985,11
103,36,B,9997,8
106,37,S,9992,44
110,38,B,9980,11
113,39,B,9980,20
113,40,B,9991,14
113,41,B,9997,7
113,42,B,10005,30
114,43,B,10005,45
119,44,B,10005,1
122,45,S,10006,16
123,46,S,10006,13
128,47,S,10006,38
128,48,S,9995,57
136,49,B,9997,83
142,50,S,9995,20
144,51,B,9987,24
145,52,B,9987,8
150,53,S,9995,19
153,54,B,9985,85
153,55,B,9987,1
157,56,S,9983,15
159,57,B,9985,19
159,58,B,9987,3
162,59,B,9996,11
162,60,B,9997,14
162,61,B,10000,33
162,62,B,10002,13
163,63,S,10002,12
163,64,S,9995,46
164,65,B,9988,22
168,66,S,10003,80
171,67,S,10003,1
183,68,B,9999,8
185,69,B,9999,70
185,70,B,10007,1
188,71,S,10004,54
188,72,S,9997,19
191,73,S,9997,7
196,74,S,9997,34
196,75,S,9996,16
197,76,S,9996,49
197,77,S,9990,1
202,78,B,9997,29
204,79,B,9997,50
205,80,B,9997,13
205,81,B,9999,79
205,82,B,10002,2
206,83,B,10002,32
206,84,B,10007,37
208,85,B,10007,3
213,86,S,9994,5
213,87,S,9990,14
213,88,S,9988,8
218,89,S,9988,45
218,90,S,9988,28
219,91,B,9993,66
219,92,B,9999,22
219,93,B,10007,10
223,94,B,10007,28
223,95,B,10011,17
227,96,S,9998,22
230,97,B,10001,22
230,98,B,10011,15
232,99,S,9998,21
232,100,S,9994,38
232,101,S,9992,35
233,102,B,10011,18
233,103,B,10014,4
241,104,B,9999,44
247,105,S,9992,46
247,106,S,9988,9
250,107,B,9991,8
252,108,B,10007,22
255,109,B,10007,10
258,110,S,10001,71
258,111,S,9984,6
261,112,B,9984,4
261,113,B,10007,36
264,114,B,10014,8
264,115,B,10016,33
264,116,B,10019,4
270,117,B,9984,11
276,118,B,9984,8
277,119,B,9984,56
279,120,B,9984,5
279,121,B,9984,65
279,122,B,9985,27
283,123,B,9985,32
283,124,B,9991,29
286,125,B,9991,54
290,126,B,9991,6
290,127,B,9996,20
292,128,B,9996,9
301,129,B,9996,14
304,130,B,9996,16
308,131,B,9996,15
308,132,B,9996,7
313,133,B,9993,63
313,134,B,9996,11
313,135,B,9997,20
316,136,S,9984,3
316,137,S,9983,28
326,138,B,9997,59
326,139,B,10001,31
327,140,B,10001,8
327,141,B,10002,24
336,142,S,9990,12
337,143,B,9985,2
337,144,B,9996,19
337,145,B,10002,29
337,146,B,10002,11
347,147,B,10002,31
347,148,B,10003,48
363,149,B,9998,57
363,150,B,10003,2
366,151,S,9994,45
366,152,S,9991,10
367,153,B,9989,2
367,154,B,10004,49
368,155,S,9983,33
368,156,S,9983,2
369,157,S,9983,9
369,158,S,9983,6
371,159,B,10004,16
371,160,B,10004,36
371,161,B,10006,4
380,162,B,10006,62
391,163,S,9991,44
392,164,B,9998,71
392,165,B,10006,12
399,166,B,9997,7
402,167,B,9997,28
405,168,B,9997,44
410,169,B,9997,10
412,170,S,9991,6
415,171,S,9983,5
415,172,S,9982,14
415,173,S,9982,21
415,174,S,9981,10
415,175,S,9981,34
421,176,B,9989,19
429,177,B,9989,32
429,178,B,9997,10
429,179,B,9999,50
431,180,B,9999,6
437,181,S,9992,35
441,182,B,9999,21
443,183,B,9999,5
447,184,B,10003,34
455,185,B,10000,59
457,186,S,9992,50
457,187,S,9991,23
458,188,S,9991,20
460,189,B,10000,8
468,190,S,9992,58
468,191,S,9991,15
471,192,S,9994,36
471,193,S,9991,13
471,194,S,9991,7
476,195,B,10000,21
476,196,B,10002,46
476,197,B,10003,31
480,198,B,10001,43
480,199,B,10003,26
480,200,B,10006,9
480,201,B,10006,2
482,202,S,9991,50
482,203,S,9990,32
487,204,S,9990,20
487,205,S,9989,5
488,206,B,9991,22
492,207,B,9991,63
492,208,B,9999,37
498,209,B,9999,28
502,210,B,10006,58
508,211,S,10002,68
508,212,S,9996,20
511,213,S,9996,32
511,214,S,9993,10
519,215,B,9998,32
519,216,B,9998,4
522,217,B,9998,3
529,218,B,9998,48
530,219,S,9994,63
532,220,S,9994,30
532,221,S,9993,19
535,222,B,9998,43
535,223,B,9999,15
542,224,B,10004,35
544,225,S,9993,65
544,226,S,9989,23
545,227,S,9989,58
546,228,S,9989,11
546,229,S,9989,17
549,230,S,9989,22
561,231,B,9992,26
561,232,B,9994,3
576,233,B,9991,43
577,234,B,9991,26
581,235,B,9991,21
582,236,B,9994,61
589,237,S,9991,24
590,238,S,9991,19
595,239,B,9994,5
595,240,B,9995,16
595,241,B,9997,18
598,242,B,9997,14
598,243,B,10004,23
601,244,S,9998,71
601,245,S,9991,7
611,246,B,10004,26
611,247,B,10004,26
611,248,B,10004,2
613,249,B,10004,56
613,250,B,10004,35
619,251,S,9993,6
619,252,S,9991,13
619,253,S,9989,21
619,254,S,9989,12
622,255,S,9989,33
622,256,S,9988,43
629,257,B,9995,72
633,258,S,9995,8
638,259,B,10000,22
641,260,S,9996,49
641,261,S,9995,10
643,262,S,9994,22
644,263,S,9988,14
644,264,S,9988,79
644,265,S,9988,1
646,266,B,9991,14
646,267,B,9995,3
648,268,S,9996,20
654,269,S,9998,48
666,270,S,10003,49
666,271,S,9998,39
666,272,S,9996,5
668,273,B,10004,13
668,274,B,10005,5
675,275,S,10000,26
676,276,S,9997,40
680,277,B,10004,18
680,278,B,10005,31
683,279,S,9997,14
686,280,S,9997,8
686,281,S,9996,36
691,282,B,9995,34
699,283,S,9992,21
705,284,B,10003,66
708,285,B,10003,29
708,286,B,10005,20
711,287,S,9999,13
713,288,S,9999,33
717,289,B,10005,23
717,290,B,10006,20
717,291,B,10006,20
717,292,B,10007,11
717,293,B,10008,22
718,294,B,10008,18
719,295,S,9999,25
719,296,S,9996,22
720,297,S,9996,62
720,298,S,9992,5
728,299,S,10004,43
747,300,S,10004,5
750,301,S,9998,65
750,302,S,9994,2
753,303,B,10000,18
758,304,B,10000,41
758,305,B,10002,39
770,306,S,9999,17
770,307,S,9997,49
776,308,S,9997,6
776,309,S,9994,11
779,310,B,10000,38
779,311,B,10002,2
782,312,S,9994,12
790,313,B,9999,4
793,314,S,9994,11
798,315,B,9999,27
801,316,S,9995,49
801,317,S,9994,16
801,318,S,9994,26
801,319,S,9994,1
806,320,S,9996,8
806,321,S,9994,24
808,322,S,9994,22
808,323,S,9993,7
808,324,S,9992,7
813,325,S,9993,47
813,326,S,9992,45
818,327,B,9999,52
827,328,B,9998,8
832,329,S,9998,36
832,330,S,9994,19
839,331,B,9999,1
839,332,B,10000,48
840,333,S,9998,11
840,334,S,9995,12
841,335,S,9995,16
841,336,S,9994,26
844,337,B,9993,29
848,338,B,9993,13
848,339,B,9996,20
850,340,S,9992,18
850,341,S,9991,32
850,342,S,9989,47
852,343,B,9996,32
852,344,B,10000,40
853,345,B,10000,9
853,346,B,10002,10
855,347,B,10002,24
862,348,S,9989,26
865,349,B,10002,16
865,350,B,10004,54
870,351,S,9989,23
872,352,B,10004,35
872,353,B,10005,31
876,354,S,9999,56
881,355,B,9990,38
881,356,B,9994,34
881,357,B,10005,5
886,358,B,9996,20
893,359,S,10003,79
894,360,B,10004,3
894,361,B,10005,31
894,362,B,10005,4
894,363,B,10007,59
901,364,S,10003,3
901,365,S,10000,24
902,366,B,10008,21
905,367,S,10000,11
906,368,B,10008,12
906,369,B,10008,46
911,370,B,10008,19
911,371,B,10008,4
911,372,B,10008,4
911,373,B,10008,6
911,374,B,10010,51
913,375,S,10000,7
917,376,S,10000,34
917,377,S,9996,15
923,378,S,9999,36
923,379,S,9996,32
925,380,B,10009,43
925,381,B,10010,4
925,382,B,10010,11
931,383,B,10007,18
933,384,S,9996,29
933,385,S,9990,15
933,386,S,9988,20
937,387,B,10007,9
937,388,B,10010,16
937,389,B,10010,32
943,390,B,10010,38
943,391,B,10010,21
949,392,S,10008,69
951,393,S,10008,7
951,394,S,10007,27
955,395,S,10009,61
956,396,S,10009,1
956,397,S,10007,2
962,398,S,10007,15
966,399,S,10007,3
966,400,S,10005,44
966,401,S,10004,47
969,402,S,10004,41
976,403,S,10007,17
976,404,S,10004,5
977,405,B,10003,12
977,406,B,10010,51
977,407,B,10010,26
980,408,B,10010,50
980,409,B,10011,18
983,410,B,10011,1
984,411,S,10009,29
987,412,B,10009,40
987,413,B,10011,32
987,414,B,10011,2
994,415,B,10010,73
995,416,S,10010,18
995,417,S,10008,10
996,418,S,10008,38
997,419,B,10006,20
997,420,B,10011,17
999,421,S,10010,12
1003,422,S,10000,58
1003,423,S,9999,16
1005,424,S,9999,13
1008,425,S,10007,27
1008,426,S,10001,14
1011,427,S,10001,17
1021,428,B,10007,28
1023,429,S,10006,32
1030,430,S,10006,17
1030,431,S,10004,25
1031,432,S,10004,6
1032,433,B,10007,45
1032,434,B,10008,17
1032,435,B,10009,27
1038,436,B,10009,4
1040,437,S,10004,16
1040,438,S,10001,26
1042,439,S,10001,14
1050,440,B,10000,18
1051,441,S,10001,42
1052,442,S,10001,30
1052,443,S,9999,31
1056,444,S,10003,60
1056,445,S,9999,6
1056,446,S,9999,1
1056,447,S,9995,30
1064,448,S,9995,23
1064,449,S,9993,2
1066,450,S,9993,5
1070,451,B,10001,30
1070,452,B,10009,4
1070,453,B,10011,47
1078,454,S,9997,58
1083,455,B,10001,32
1083,456,B,10012,35
1093,457,B,10012,11
1093,458,B,10013,17
1093,459,B,10013,8
1096,460,B,10013,16
1096,461,B,10013,7
1101,462,S,10009,29
1104,463,S,10009,3
1106,464,S,10009,19
1111,465,B,10009,19
1113,466,S,10007,75
1114,467,S,10007,7
1114,468,S,10007,32
1114,469,S,10004,2
1117,470,S,10004,3
1117,471,S,10004,50
1118,472,B,10013,35
1121,473,S,9997,33
1121,474,S,9997,21
1124,475,B,9998,47
1128,476,B,9998,10
1128,477,B,10013,37
1136,478,S,9997,63
1138,479,B,10013,8
1138,480,B,10013,19
1140,481,B,10001,4
1140,482,B,10013,2
1140,483,B,10013,55
1140,484,B,10013,10
1142,485,S,9993,42
1142,486,S,9992,22
1143,487,S,9992,28
1143,488,S,9992,40
1143,489,S,9991,8
1144,490,B,10013,27
1149,491,S,9991,43
1149,492,S,9990,53
1151,493,B,10013,14
1157,494,S,9994,60
1157,495,S,9990,15
1157,496,S,9990,16
1158,497,S,9990,28
1167,498,B,10000,19
1169,499,S,9990,32
1172,500,S,9990,21
1172,501,S,9989,29
1183,502,S,9989,27
1183,503,S,9988,18
1183,504,S,9988,2
1186,505,S,9988,20
1186,506,S,9988,17
1187,507,S,9988,23
1187,508,S,9988,5
1197,509,B,10000,4
1198,510,S,9993,43
1198,511,S,9991,7
1198,512,S,9990,33
1210,513,B,10000,57
1210,514,B,10003,17
1211,515,S,9996,6
1211,516,S,9996,51
1212,517,B,9991,28
1214,518,B,10003,36
1214,519,B,10004,33
1218,520,S,10002,12
1220,521,S,10002,54
1223,522,B,10000,29
1224,523,S,10000,6
1231,524,S,10000,28
1231,525,S,9999,20
1231,526,S,9990,29
1233,527,S,9990,10
1233,528,S,9988,39
1234,529,B,10004,4
1236,530,B,10004,9
1236,531,B,10005,63
1236,532,B,10006,23
1241,533,S,9989,85
1244,534,S,9989,8
1244,535,S,9988,22
1244,536,S,9986,27
1245,537,B,9999,25
1245,538,B,10001,23
1247,539,S,9986,30
1247,540,S,9986,62
1257,541,S,9987,84
1257,542,S,9986,8
1259,543,B,9995,36
1262,544,B,9995,12
1264,545,B,9995,16
1269,546,S,9997,60
1269,547,S,9991,24
1272,548,S,9991,43
1277,549,S,9991,7
1280,550,B,9988,43
1280,551,B,9996,14
1284,552,B,9996,51
1287,553,S,9989,45
1291,554,B,9996,6
1295,555,B,10000,17
1295,556,B,10001,58
1302,557,S,9996,39
1302,558,S,9995,17
1303,559,S,9995,6
1303,560,S,9989,23
1303,561,S,9989,41
1308,562,B,10001,13
1308,563,B,10002,60
1308,564,B,10004,5
1312,565,B,10004,38
1318,566,S,9996,18
1318,567,S,9991,25
1326,568,S,9995,74
1327,569,S,9995,6
1327,570,S,9989,29
1327,571,S,9987,2
1330,572,S,9987,64
1331,573,B,10000,46
1334,574,B,10000,1
1336,575,B,10000,7
1336,576,B,10004,30
1336,577,B,10006,16
1342,578,S,10006,1
1342,579,S,9991,87
1342,580,S,9987,3
1344,581,B,9989,74
1348,582,B,9989,9
1348,583,B,9996,41
1352,584,B,10007,92
1352,585,B,10010,5
1352,586,B,10011,1
1354,587,B,10011,8
1362,588,S,10002,2
1362,589,S,9997,16
1362,590,S,9997,4
1365,591,B,10004,46
1365,592,B,10007,34
1368,593,B,10007,47
1368,594,B,10011,2
1369,595,S,9997,2
1384,596,S,10005,11
1387,597,B,10011,19
1387,598,B,10011,51
1391,599,S,10008,9
1392,600,S,10008,8
1393,601,B,10011,24
1393,602,B,10012,6
1393,603,B,10013,29
1403,604,S,10008,6
1410,605,S,10011,34
1410,606,S,10010,13
1412,607,S,10010,61
1417,608,S,10010,8
1417,609,S,10008,37
1417,610,S,10005,4
1424,611,B,10013,1
1424,612,B,10014,41
1424,613,B,10014,4
1438,614,S,10007,9
1438,615,S,10005,35
1438,616,S,10005,2
1438,617,S,10004,37
1438,618,S,10003,3
1442,619,B,10014,86
1442,620,B,10014,13
1450,621,S,10008,20
1450,622,S,10004,55
1453,623,S,10004,17
1453,624,S,10003,33
1456,625,B,10014,53
1456,626,B,10014,32
1460,627,S,10003,2
1462,628,S,10003,12
1462,629,S,9999,23
1465,630,S,9999,52
1465,631,S,9997,32
1467,632,S,9997,2
1467,633,S,9996,14
1467,634,S,9996,7
1472,635,B,10004,74
1473,636,S,9996,44
1480,637,S,9996,44
1480,638,S,9996,24
1481,639,S,9996,65
1486,640,S,9996,7
1486,641,S,9996,6
1487,642,S,9996,36
1489,643,B,10004,16
1489,644,B,10006,1
1489,645,B,10009,47
1489,646,B,10010,33
1493,647,B,10010,10
1493,648,B,10014,4
1493,649,B,10014,50
1493,650,B,10014,13
1498,651,B,10004,22
1499,652,S,9996,23
1504,653,B,10004,40
1506,654,B,10012,13
1512,655,S,10005,46
1512,656,S,9996,8
1512,657,S,9995,18
1514,658,B,10012,70
1515,659,S,10013,5
1516,660,S,10013,16
1521,661,B,10005,15
1526,662,S,10007,14
1527,663,S,10007,16
1533,664,B,10007,71
1533,665,B,10008,21
1538,666,S,10002,51
1541,667,S,10002,10
1541,668,S,9999,43
1542,669,S,9999,53
1542,670,S,9997,46
1543,671,S,9997,37
1545,672,B,10008,46
1548,673,S,10004,30
1548,674,S,9999,20
1549,675,S,9999,29
1549,676,S,9997,3
1549,677,S,9995,18
1549,678,S,9993,36
1549,679,S,9993,4
1550,680,S,9993,60
1552,681,B,10008,31
1552,682,B,10013,66
1553,683,S,9993,32
1553,684,S,9992,16
1558,685,B,10004,1
1558,686,B,10009,20
1558,687,B,10013,30
1558,688,B,10014,11
1561,689,S,9999,7
1562,690,B,9995,17
1562,691,B,10014,20
1562,692,B,10014,15
1562,693,B,10015,25
1566,694,S,9992,8
1575,695,S,9992,63
1575,696,S,9992,16
1585,697,S,10012,45
1588,698,S,10012,24
1588,699,S,10009,21
1592,700,S,10009,16
1592,701,S,10000,58
1603,702,B,10004,39
1606,703,S,10000,22
1607,704,B,9997,2
1610,705,S,9992,18
1610,706,S,9992,52
1611,707,B,9997,23
1611,708,B,10004,7
1611,709,B,10006,44
1611,710,B,10008,13
1613,711,S,9992,6
1614,712,B,10008,33
1614,713,B,10015,16
1614,714,B,10015,40
1618,715,B,9997,7
1619,716,S,9992,38
1619,717,S,9991,36
1619,718,S,9991,26
1620,719,S,9991,1
1623,720,B,9997,58
1624,721,B,9997,15
1627,722,S,9991,4
1630,723,B,9997,13
1633,724,B,9997,3
1635,725,B,9997,2
1635,726,B,9997,87
1635,727,B,10001,1
1644,728,S,9998,15
1649,729,S,9999,27
1656,730,B,10001,52
1658,731,S,9999,67
1658,732,S,9998,22
1658,733,S,9996,11
1661,734,S,9996,24
1670,735,S,9997,13
1670,736,S,9996,5
1670,737,S,9996,12
1671,738,S,9996,38
1671,739,S,9992,6
1672,740,S,9992,69
1675,741,S,9992,2
1675,742,S,9991,25
1678,743,S,9996,77
1678,744,S,9991,1
1683,745,B,9993,1
1683,746,B,9993,9
1684,747,S,9991,14
1685,748,S,9991,8
1685,749,S,9990,80
1686,750,B,9993,16
1688,751,B,9993,19
1690,752,B,9993,40
1690,753,B,9998,10
1690,754,B,10001,33
1698,755,B,9992,29
1698,756,B,9995,20
1701,757,S,9990,11
1705,758,B,9995,38
1705,759,B,9995,34
1708,760,S,9992,18
1710,761,B,9995,12
1710,762,B,10001,4
1710,763,B,10001,14
1716,764,B,10001,43
1716,765,B,10001,24
1716,766,B,10005,11
1718,767,S,9992,22
1730,768,B,10001,14
1732,769,S,9998,32
1735,770,S,9998,2
1741,771,B,10001,48
1741,772,B,10005,26
1744,773,S,9998,5
1752,774,S,9998,43
1752,775,S,9992,45
1753,776,S,9992,7
1753,777,S,9992,68
1755,778,S,9992,18
1756,779,S,9992,2
1756,780,S,9991,3
1759,781,B,10005,54
1759,782,B,10006,30
1759,783,B,10007,15
1760,784,B,10007,28
1762,785,S,9991,22
1762,786,S,9990,14
1762,787,S,9988,1
1765,788,B,10005,63
1770,789,B,10002,22
1773,790,B,9994,62
1773,791,B,10002,31
1782,792,S,9988,13
1788,793,S,9988,74
1788,794,S,9987,14
1797,795,S,9994,62
1797,796,S,9987,14
1797,797,S,9987,4
1798,798,S,9987,53
1808,799,B,9998,24
1808,800,B,10001,33
1813,801,S,9987,17
1813,802,S,9987,23
1820,803,S,9987,7
1833,804,B,9999,10
1833,805,B,10001,36
1833,806,B,10002,9
1833,807,B,10004,13
1843,808,S,10001,22
1843,809,S,9996,49
1843,810,S,9987,4
1843,811,S,9987,18
1861,812,B,9992,21
1861,813,B,9995,30
1867,814,S,9987,12
1873,815,S,9987,35
1883,816,B,9988,39
1885,817,S,9987,5
1885,818,S,9987,3
1886,819,B,9988,7
1886,820,B,9989,23
1886,821,B,9995,24
1886,822,B,9996,3
1887,823,B,9996,22
1893,824,B,9996,41
1893,825,B,10000,57
1896,826,B,10000,17
1896,827,B,10001,14
1896,828,B,10002,30
1901,829,B,10003,23
1904,830,B,10003,31
1904,831,B,10003,15
1904,832,B,10004,14
1907,833,S,10001,23
1908,834,B,9997,57
1917,835,S,9987,37
1924,836,B,9997,7
1924,837,B,9997,12
1926,838,B,10004,4
1926,839,B,10004,16
1934,840,B,10004,59
1935,841,S,9988,52
1935,842,S,9987,22
1936,843,B,10004,6
1936,844,B,10004,42
1936,845,B,10005,10
1936,846,B,10005,29
1946,847,B,9997,54
1948,848,S,9994,34
1948,849,S,9987,11
1948,850,S,9987,25
1949,851,B,9997,6
1961,852,S,9987,28
1964,853,B,9993,26
1968,854,B,9993,29
1968,855,B,9997,37
1968,856,B,10003,29
1969,857,S,9991,83
1972,858,B,9991,7
1975,859,B,10003,27
1976,860,S,9996,26
1978,861,B,9989,47
1979,862,B,9989,12
1979,863,B,10003,12
1979,864,B,10005,21
1995,865,B,9997,41
2003,866,B,9997,9
2003,867,B,10005,18
2003,868,B,10005,60
2012,869,B,10005,35
2019,870,B,10005,1
2019,871,B,10006,20
2022,872,S,10001,25
2022,873,S,9995,3
2022,874,S,9993,20
2023,875,B,9992,20
2031,876,B,9992,16
2031,877,B,9995,57
2036,878,S,10001,21
2039,879,S,10001,6
2045,880,B,10000,25
2047,881,S,9987,9
2047,882,S,9987,6
2051,883,B,10000,27
2060,884,B,10000,10
2060,885,B,10006,16
2072,886,B,10006,17
2072,887,B,10006,44
2073,888,S,10006,36
2075,889,S,9994,41
2077,890,B,9998,1
2079,891,B,9998,28
2080,892,S,9994,32
2080,893,S,9994,3
2080,894,S,9992,51
2088,895,B,10007,24
2097,896,S,9992,3
2104,897,S,9996,24
2104,898,S,9992,1
2104,899,S,9991,5
2104,900,S,9988,27
2109,901,S,10005,44
2124,902,B,10007,19
2124,903,B,10007,8
2142,904,S,10005,38
2147,905,B,10007,11
2147,906,B,10007,20
2150,907,S,10004,21
2150,908,S,10003,43
2152,909,S,9999,54
2162,910,S,9999,9
2162,911,S,9998,23
2165,912,B,10001,34
2165,913,B,10007,11
2165,914,B,10008,41
2168,915,S,9998,51
2174,916,S,9998,7
2174,917,S,9998,11
2177,918,S,9998,58
2177,919,S,9995,28
2177,920,S,9995,9
2184,921,S,9988,22
2192,922,B,9995,33
2196,923,S,9988,23
2196,924,S,9988,33
2199,925,B,9990,70
2199,926,B,9995,26
2203,927,B,9995,17
2203,928,B,10000,11
2210,929,B,10000,4
2210,930,B,10001,20
2210,931,B,10003,35
2210,932,B,10005,24
2211,933,B,10005,30
2211,934,B,10008,18
2213,935,S,9999,47
2217,936,S,9999,41
2225,937,B,9995,7
2227,938,B,10003,29
2227,939,B,10007,14
2230,940,S,9988,10
2230,941,S,9988,9
2230,942,S,9987,31
2231,943,S,9987,1
2231,944,S,9987,63
2235,945,B,9997,17
2235,946,B,10004,8
2235,947,B,10007,32
2238,948,B,10007,21
2239,949,B,10007,16
2239,950,B,10007,45
2246,951,S,9996,18
2247,952,S,9996,23
2248,953,B,10004,21
2248,954,B,10007,19
2250,955,B,10007,34
2250,956,B,10008,34
2250,957,B,10008,16
2259,958,S,9996,7
2259,959,S,9994,20
2261,960,B,9993,20
2272,961,S,10002,24
2272,962,S,10000,19
2284,963,S,10000,2
2292,964,S,10003,32
2296,965,S,10003,10
2311,966,S,10003,52
2311,967,S,10000,41
2314,968,B,10006,7
2316,969,S,10000,20
2322,970,B,9993,19
2323,971,S,9992,88
2323,972,S,9988,4
2329,973,B,9993,15
2334,974,B,9993,6
2337,975,S,9999,90
2342,976,B,9989,6
2344,977,S,9988,31
2344,978,S,9987,11
2344,979,S,9987,37
2351,980,B,9989,38
2354,981,B,9989,6
2356,982,B,9989,4
2356,983,B,9995,4
2356,984,B,9996,10
2356,985,B,10002,47
2356,986,B,10003,10
2358,987,S,9987,17
2358,988,S,9987,21
2358,989,S,9986,2
2361,990,S,9986,11
2380,991,S,9992,43
2381,992,S,9986,11
2381,993,S,9986,45
2381,994,S,9986,33
2381,995,S,9986,1
2386,996,B,9989,30
2386,997,B,9997,31
2388,998,S,9986,30
2388,999,S,9986,21
2388,1000,S,9986,27
2398,1001,B,9997,29
2398,1002,B,9998,52
2398,1003,B,10000,8
2400,1004,B,10000,37
2400,1005,B,10003,27
2400,1006,B,10006,26
2410,1007,S,9986,46
2410,1008,S,9986,10
2413,1009,B,9992,38
2415,1010,S,9986,70
2415,1011,S,9986,20
2421,1012,B,9992,20
2424,1013,B,9992,39
2426,1014,B,9995,3
2428,1015,B,9995,66
2446,1016,B,9995,13
2455,1017,S,9998,32
2455,1018,S,9998,54
2458,1019,B,10001,28
2458,1020,B,10006,15
2466,1021,S,10002,58
2470,1022,S,10002,11
2473,1023,S,10002,19
2473,1024,S,9998,19
2473,1025,S,9993,15
2473,1026,S,9992,2
2480,1027,B,9990,31
2480,1028,B,10003,44
2482,1029,B,10003,11
2482,1030,B,10006,18
2482,1031,B,10006,19
2491,1032,S,10006,40
2491,1033,S,9994,27
2495,1034,B,10007,18
2499,1035,B,10007,42
2503,1036,S,9994,9
2503,1037,S,9994,30
2503,1038,S,9992,17
2512,1039,B,10007,15
2512,1040,B,10007,26
2512,1041,B,10008,53
2512,1042,B,10009,3
2519,1043,B,10009,35
2519,1044,B,10009,42
2519,1045,B,10009,11
2519,1046,B,10009,4
2524,1047,S,10005,7
2525,1048,S,10005,17
2526,1049,S,10005,12
2526,1050,S,10002,56
2530,1051,S,10002,31
2530,1052,S,9992,6
2537,1053,B,10009,29
2538,1054,B,10009,7
2538,1055,B,10009,75
2551,1056,S,10002,20
2551,1057,S,9992,38
2551,1058,S,9989,11
2557,1059,B,10000,18
2558,1060,B,10000,29
2560,1061,S,10007,32
2574,1062,B,10004,17
2589,1063,S,9999,76
2589,1064,S,9990,12
2596,1065,S,9998,68
2596,1066,S,9990,15
2606,1067,B,10004,10
2606,1068,B,10004,3
2606,1069,B,10008,62
2607,1070,S,9992,46
2607,1071,S,9991,37
2616,1072,S,9994,22
2618,1073,B,10008,33
2618,1074,B,10008,36
2618,1075,B,10009,16
2618,1076,B,10009,2
2623,1077,S,9994,74
2626,1078,B,9994,9
2627,1079,B,9994,15
2627,1080,B,10009,78
2627,1081,B,10009,2
2631,1082,S,9990,69
2645,1083,B,9990,3
2645,1084,B,9996,59
2647,1085,B,9996,6
2647,1086,B,10005,6
2653,1087,B,10005,38
2653,1088,B,10009,41
2653,1089,B,10009,19
2655,1090,B,10009,11
2655,1091,B,10009,15
2655,1092,B,10010,14
2660,1093,B,10010,74
2662,1094,S,10007,20
2671,1095,S,10007,12
2671,1096,S,10006,2
2673,1097,S,10006,12
2673,1098,S,10003,21
2676,1099,S,10003,36
2676,1100,S,9996,19
2678,1101,S,9996,21
2678,1102,S,9992,75
2679,1103,B,10010,8
2679,1104,B,10010,32
2679,1105,B,10010,12
2686,1106,B,9998,1
2686,1107,B,10010,1
2686,1108,B,10010,22
2689,1109,B,10010,18
2689,1110,B,10010,19
2689,1111,B,10010,11
2689,1112,B,10010,43
2691,1113,B,10010,33
2691,1114,B,10010,38
2694,1115,B,10010,13
2704,1116,S,9992,2
2704,1117,S,9992,15
2704,1118,S,9989,24
2710,1119,S,9992,17
2715,1120,B,9992,7
2718,1121,S,9989,34
2724,1122,B,9992,11
2729,1123,S,9993,60
2729,1124,S,9990,12
2732,1125,B,9997,3
2732,1126,B,10004,39
2732,1127,B,10008,25
2732,1128,B,10010,5
2732,1129,B,10010,4
2733,1130,B,10010,53
2740,1131,S,9994,16
2747,1132,B,10010,28
2754,1133,B,10005,48
2754,1134,B,10011,24
2764,1135,B,10008,66
2764,1136,B,10011,8
2771,1137,S,10010,18
2775,1138,S,10010,27
2775,1139,S,10001,53
2782,1140,B,9997,8
2783,1141,S,10001,23
2785,1142,B,10011,20
2785,1143,B,10012,18
2787,1144,S,10001,64
2788,1145,S,9990,60
2788,1146,S,9990,3
2798,1147,B,10001,35
2802,1148,B,10012,44
2802,1149,B,10012,3
2804,1150,S,10010,88
2804,1151,S,10001,6
2812,1152,B,10004,4
2818,1153,B,10004,10
2822,1154,S,10001,13
2822,1155,S,10000,50
2822,1156,S,9998,15
2826,1157,S,9999,8
2829,1158,S,9999,47
2832,1159,B,10001,26
2832,1160,B,10004,35
2833,1161,S,9999,28
2837,1162,S,9999,12
2837,1163,S,9998,30
2837,1164,S,9990,40
2838,1165,S,9990,2
2844,1166,B,10004,12
2852,1167,S,9990,52
2852,1168,S,9990,44
2861,1169,S,9990,24
2861,1170,S,9989,1
2861,1171,S,9989,16
2861,1172,S,9989,29
2861,1173,S,9988,5
2868,1174,B,9990,53
2868,1175,B,9992,7
2874,1176,B,9992,47
2880,1177,S,9988,41
2882,1178,S,9988,49
2882,1179,S,9987,41
2886,1180,B,9992,8
2902,1181,S,9987,48
2902,1182,S,9986,51
2906,1183,B,9992,23
2906,1184,B,9992,39
2918,1185,B,9987,31
2922,1186,B,9987,59
2922,1187,B,9992,2
2922,1188,B,9992,30
2926,1189,B,9992,44
2932,1190,B,9989,38
2932,1191,B,9992,26
2932,1192,B,9993,33
2936,1193,S,9986,14
2936,1194,S,9986,10
2936,1195,S,9986,20
2937,1196,B,9993,60
2937,1197,B,9994,14
2949,1198,B,9988,35
2952,1199,B,9988,23
2952,1200,B,9994,9
2956,1201,B,9994,2
2956,1202,B,9994,24
2956,1203,B,9995,9
2960,1204,B,9995,56
2962,1205,B,9995,16
2962,1206,B,9995,53
2970,1207,S,9990,40
2975,1208,B,9994,36
2975,1209,B,9995,16
2975,1210,B,9996,33
2983,1211,B,9996,2
2983,1212,B,9996,45
2983,1213,B,9997,34
2983,1214,B,9997,2
2988,1215,B,9997,4
2988,1216,B,9997,31
2995,1217,B,9997,5
2995,1218,B,9998,32
2999,1219,B,9998,20
3005,1220,B,9998,1
3030,1221,S,9997,63
3031,1222,S,9997,15
3031,1223,S,9995,28
3032,1224,B,9998,27
3032,1225,B,10000,8
3032,1226,B,10002,55
3040,1227,S,9995,8
3042,1228,B,9999,56
3044,1229,B,9999,31
3046,1230,B,10002,33
3046,1231,B,10002,41
3050,1232,B,10002,34
3050,1233,B,10002,35
3050,1234,B,10003,11
3053,1235,B,10003,64
3057,1236,B,10003,5
3057,1237,B,10004,33
3057,1238,B,10004,10
3057,1239,B,10007,15
3066,1240,B,10007,53
3066,1241,B,10007,29
3071,1242,B,10007,10
3071,1243,B,10007,9
3076,1244,S,9999,42
3076,1245,S,9999,37
3085,1246,S,9999,51
3085,1247,S,9995,45
3087,1248,S,9995,1
3087,1249,S,9995,31
3087,1250,S,9994,37
3089,1251,S,9998,88
3099,1252,S,9998,4
3099,1253,S,9996,63
3099,1254,S,9994,1
3101,1255,S,9994,16
3101,1256,S,9993,64
3101,1257,S,9992,15
3121,1258,S,10002,29
3130,1259,S,10002,20
3139,1260,B,10007,27
3139,1261,B,10008,31
3139,1262,B,10010,1
3141,1263,S,10002,6
3143,1264,S,10002,22
3143,1265,S,10002,19
3145,1266,B,10010,55
3145,1267,B,10010,41
3146,1268,S,10002,37
3147,1269,B,10010,19
3148,1270,S,10002,9
3148,1271,S,9997,34
3148,1272,S,9996,5
3155,1273,S,10005,45
3161,1274,B,10002,9
3167,1275,S,9996,23
3172,1276,B,9993,50
3172,1277,B,9993,6
3174,1278,B,9993,16
3174,1279,B,10002,36
3177,1280,B,10002,6
3177,1281,B,10002,29
3180,1282,B,10002,30
3180,1283,B,10008,10
3183,1284,S,9992,15
3188,1285,B,10008,14
3188,1286,B,10010,37
3188,1287,B,10010,13
3199,1288,S,9993,88
3201,1289,B,10010,47
3201,1290,B,10011,4
3220,1291,B,10011,12
3224,1292,B,10011,16
3224,1293,B,10011,27
3227,1294,B,10011,29
3227,1295,B,10012,13
3234,1296,S,10004,5
3234,1297,S,10001,5
3243,1298,B,9997,58
3248,1299,B,9997,39
3248,1300,B,9998,38
3251,1301,S,9996,11
3251,1302,S,9993,5
3251,1303,S,9993,63
3253,1304,S,9993,13
3264,1305,B,9998,9
3271,1306,B,10002,35
3271,1307,B,10004,21
3278,1308,B,10012,17
3278,1309,B,10012,43
3278,1310,B,10013,16
3285,1311,B,10013,5
3286,1312,B,10013,8
3292,1313,S,10011,40
3294,1314,S,10011,31
3294,1315,S,10009,7
3294,1316,S,10007,29
3303,1317,B,10013,23
3303,1318,B,10013,31
3303,1319,B,10013,24
3311,1320,S,10010,89
3313,1321,B,10013,18
3314,1322,S,10010,5
3314,1323,S,10007,27
3325,1324,B,10013,3
3325,1325,B,10013,7
3325,1326,B,10013,16
3330,1327,S,10012,47
3337,1328,B,10013,41
3339,1329,B,10013,23
3339,1330,B,10014,27
3342,1331,S,10012,4
3344,1332,S,10012,15
3349,1333,B,10014,19
3354,1334,B,10014,53
3354,1335,B,10014,23
3356,1336,B,10014,46
3356,1337,B,10015,7
3356,1338,B,10015,5
3361,1339,B,10011,21
3361,1340,B,10015,1
3363,1341,S,10010,17
3371,1342,S,10010,5
3373,1343,S,10010,52
3375,1344,S,10010,1
3375,1345,S,10007,2
3375,1346,S,10004,46
3375,1347,S,10003,43
3377,1348,S,10003,2
3377,1349,S,9999,10
3387,1350,B,9997,15
3387,1351,B,9997,18
3389,1352,S,10004,13
3397,1353,B,10015,13
3402,1354,S,10004,40
3402,1355,S,9994,16
3407,1356,B,10015,13
3408,1357,S,10005,27
3413,1358,B,10015,6
3413,1359,B,10015,62
3417,1360,S,10008,32
3417,1361,S,10005,2
3417,1362,S,9994,61
3419,1363,S,9994,18
3419,1364,S,9994,60
3421,1365,S,9994,21
3421,1366,S,9993,16
3421,1367,S,9993,47
3435,1368,S,9996,13
3442,1369,B,9997,10
3442,1370,B,9998,14
3444,1371,B,9998,10
3448,1372,S,9996,19
3450,1373,B,9998,4
3452,1374,B,9998,33
3452,1375,B,9999,33
3460,1376,B,9999,12
3462,1377,B,9999,1
3473,1378,B,9999,11
3473,1379,B,10001,17
3479,1380,S,9996,5
3479,1381,S,9993,21
3481,1382,B,10001,44
3482,1383,B,10001,3
3487,1384,B,10001,14
3488,1385,S,10001,9
3491,1386,S,10001,20
3493,1387,S,10001,6
3494,1388,B,10000,12
3502,1389,S,10000,30
3502,1390,S,9996,6
3505,1391,B,10004,78
3506,1392,B,10004,21
3506,1393,B,10006,21
3511,1394,S,10003,35
3513,1395,B,10006,2
3513,1396,B,10011,5
3513,1397,B,10011,50
3519,1398,B,10005,12
3519,1399,B,10011,20
3529,1400,S,10003,38
3529,1401,S,9996,22
3535,1402,B,10011,22
3535,1403,B,10012,10
3539,1404,B,10012,35
3539,1405,B,10015,2
3539,1406,B,10015,34
3541,1407,S,10009,10
3541,1408,S,9999,18
3541,1409,S,9998,24
3541,1410,S,9996,22
3541,1411,S,9993,5
3541,1412,S,9993,8
3549,1413,S,9993,26
3551,1414,S,9992,62
3553,1415,B,10000,2
3556,1416,B,10004,6
3561,1417,B,10004,36
3570,1418,B,9999,46
3570,1419,B,10004,24
3577,1420,S,9992,7
3577,1421,S,9992,54
3577,1422,S,9992,11
3577,1423,S,9992,4
3580,1424,B,9994,24
3582,1425,S,9998,14
3583,1426,B,10004,2
3583,1427,B,10005,2
3583,1428,B,10009,17
3591,1429,S,10001,1
3596,1430,B,10002,36
3596,1431,B,10007,11
3604,1432,S,10001,44
3604,1433,S,9998,21
3607,1434,S,9998,28
3607,1435,S,9992,30
3613,1436,S,9992,1
3617,1437,B,10007,24
3625,1438,S,10004,68
3630,1439,S,10004,5
3630,1440,S,9992,28
3630,1441,S,9991,9
3631,1442,B,10009,20
3631,1443,B,10009,1
3638,1444,B,10009,68
3642,1445,B,9997,36
3643,1446,B,9997,57
3646,1447,B,10009,27
3646,1448,B,10015,39
3652,1449,B,10013,6
3654,1450,S,10007,15
3659,1451,B,10003,17
3659,1452,B,10013,41
3670,1453,S,9996,45
3681,1454,B,10000,38
3681,1455,B,10003,8
3688,1456,B,10003,39
3688,1457,B,10004,40
3688,1458,B,10004,11
3690,1459,B,10004,49
3690,1460,B,10013,26
3696,1461,B,10004,48
3712,1462,S,10011,96
3714,1463,S,10011,2
3714,1464,S,10010,18
3721,1465,S,10010,67
3723,1466,B,10013,16
3723,1467,B,10014,11
3736,1468,S,10011,42
3738,1469,S,10011,29
3745,1470,S,10011,13
3745,1471,S,10010,2
3745,1472,S,10004,6
3747,1473,B,10012,52
3753,1474,B,10012,5
3753,1475,B,10014,1
3753,1476,B,10014,1
3762,1477,S,10004,6
3762,1478,S,10001,70
3762,1479,S,9999,24
3773,1480,S,10007,31
3773,1481,S,9999,4
3782,1482,S,9999,11
3787,1483,B,9997,69
3787,1484,B,10002,23
3789,1485,B,10002,31
3790,1486,B,10002,31
3790,1487,B,10003,6
3800,1488,B,10003,19
3800,1489,B,10003,23
3800,1490,B,10003,1
3807,1491,B,10003,30
3818,1492,B,10002,46
3822,1493,B,10002,26
3829,1494,S,9996,48
3829,1495,S,9996,39
3833,1496,S,9996,5
3835,1497,S,9996,45
3842,1498,B,10002,13
3842,1499,B,10003,9
3842,1500,B,10005,27
3842,1501,B,10008,21
3849,1502,S,10009,10
3849,1503,S,10009,79
3851,1504,S,10009,9
3851,1505,S,9996,8
3851,1506,S,9995,38
3857,1507,S,9995,44
3857,1508,S,9995,14
3858,1509,S,9995,61
3859,1510,B,9996,31
3860,1511,S,9995,13
3860,1512,S,9995,23
3860,1513,S,9995,41
3869,1514,B,10004,12
3873,1515,S,9995,34
3874,1516,B,10004,16
3875,1517,S,10004,57
3875,1518,S,9995,19
3875,1519,S,9993,9
3877,1520,B,10009,2
3877,1521,B,10011,24
3893,1522,S,10001,6
3896,1523,B,10003,75
3898,1524,S,10003,1
3898,1525,S,10001,13
3901,1526,B,10011,1
3901,1527,B,10013,36
3905,1528,S,10001,67
3906,1529,B,10004,16
3906,1530,B,10013,19
3906,1531,B,10014,12
3915,1532,B,10005,12
3915,1533,B,10009,3
3916,1534,S,10010,18
3921,1535,S,10010,37
3922,1536,S,10001,8
3922,1537,S,10000,52
3928,1538,S,10000,5
3928,1539,S,9994,58
3931,1540,B,10004,8
3933,1541,B,10004,34
3933,1542,B,10011,6
3938,1543,S,10001,6
3944,1544,S,10010,72
3944,1545,S,10001,11
3949,1546,S,10001,25
3949,1547,S,9994,27
3953,1548,S,10007,43
3953,1549,S,9994,7
3954,1550,B,10009,3
3954,1551,B,10011,56
3959,1552,S,10005,5
3962,1553,B,10011,8
3967,1554,B,10011,26
3967,1555,B,10014,60
3968,1556,B,10014,4
3968,1557,B,10016,26
3968,1558,B,10016,68
3979,1559,S,10010,23
3979,1560,S,10006,7
3981,1561,S,10006,14
3981,1562,S,10005,4
3981,1563,S,9999,43
3981,1564,S,9994,4
3986,1565,B,10011,56
3986,1566,B,10015,39
3986,1567,B,10016,3
3988,1568,S,9994,2
3988,1569,S,9993,60
4001,1570,B,10002,52
4003,1571,B,10002,10
4003,1572,B,10005,67
4012,1573,B,10003,21
4019,1574,S,9997,11
4024,1575,S,9997,8
4024,1576,S,9996,18
4034,1577,B,9998,21
4037,1578,B,10003,26
4037,1579,B,10005,9
4037,1580,B,10008,19
4042,1581,S,9998,31
4045,1582,B,10008,59
4045,1583,B,10009,21
4048,1584,B,10009,59
4048,1585,B,10009,13
4052,1586,S,10007,13
4056,1587,B,10002,24
4061,1588,B,10002,13
4061,1589,B,10009,10
4063,1590,S,9996,4
4066,1591,B,10009,68
4066,1592,B,10010,5
4072,1593,B,10010,30
4072,1594,B,10012,52
4076,1595,B,10012,30
4077,1596,B,10012,1
4077,1597,B,10015,41
4079,1598,B,10015,5
4079,1599,B,10016,5
4079,1600,B,10016,37
4079,1601,B,10016,36
4083,1602,B,10016,5
4083,1603,B,10016,14
4086,1604,S,9999,39
4100,1605,B,10011,32
4105,1606,B,10016,41
4106,1607,S,10013,25
4106,1608,S,10007,5
4107,1609,S,10007,33
4107,1610,S,10007,63
4113,1611,B,10016,44
4113,1612,B,10016,38
4121,1613,S,10007,8
4123,1614,S,10007,25
4126,1615,S,10000,70
4143,1616,B,10006,15
4143,1617,B,10006,28
4147,1618,S,10000,6
4148,1619,B,10006,50
4148,1620,B,10011,32
4148,1621,B,10015,18
4151,1622,S,10000,19
4151,1623,S,9999,12
4151,1624,S,9997,3
4155,1625,B,10012,18
4155,1626,B,10015,28
4155,1627,B,10016,1
4157,1628,S,9997,3
4167,1629,B,10015,9
4167,1630,B,10016,60
4169,1631,S,10007,80
4169,1632,S,9998,8
4176,1633,S,9998,19
4176,1634,S,9997,43
4177,1635,B,10014,59
4177,1636,B,10016,2
4177,1637,B,10017,8
4183,1638,S,10008,29
4189,1639,B,10011,45
4189,1640,B,10014,12
4189,1641,B,10017,7
4193,1642,S,10008,6
4195,1643,B,10007,59
4197,1644,B,10007,27
4205,1645,B,10006,1
4207,1646,S,10003,29
4215,1647,B,10006,77
4221,1648,B,10006,4
4221,1649,B,10007,8
4221,1650,B,10009,20
4221,1651,B,10017,1
4236,1652,S,10003,61
4236,1653,S,9998,11
4237,1654,B,9998,14
4240,1655,S,10006,4
4240,1656,S,9997,28
4240,1657,S,9996,46
4240,1658,S,9995,1
4241,1659,B,10007,21
4249,1660,B,10007,34
4254,1661,B,9996,73
4254,1662,B,10007,19
4257,1663,B,10007,21
4257,1664,B,10009,29
4257,1665,B,10014,49
4266,1666,B,10014,32
4266,1667,B,10015,67
4275,1668,B,10015,17
4280,1669,S,10015,19
4281,1670,B,10017,28
4281,1671,B,10017,20
4282,1672,S,10015,31
4282,1673,S,10013,14
4282,1674,S,10007,12
4283,1675,B,10017,14
4284,1676,B,10017,38
4284,1677,B,10017,43
4288,1678,S,10007,27
4295,1679,B,10012,36
4298,1680,S,10007,7
4298,1681,S,10006,25
4305,1682,B,10012,28
4307,1683,B,10012,2
4314,1684,B,10012,29
4314,1685,B,10017,42
4319,1686,B,10017,11
4319,1687,B,10017,13
4322,1688,S,10007,17
4330,1689,B,10017,16
4330,1690,B,10017,39
4330,1691,B,10017,16
4339,1692,B,10017,26
4341,1693,B,10017,22
4346,1694,B,10017,12
4346,1695,B,10017,57
4346,1696,B,10018,22
4347,1697,S,10007,15
4353,1698,S,10015,6
4353,1699,S,10007,14
4360,1700,B,10018,49
4360,1701,B,10018,10
4361,1702,B,10018,36
4361,1703,B,10018,4
4361,1704,B,10018,50
4362,1705,B,10018,4
4362,1706,B,10018,10
4362,1707,B,10019,3
4363,1708,S,10016,1
4363,1709,S,10007,3
4372,1710,S,10006,13
4372,1711,S,10006,20
4379,1712,S,10010,7
4379,1713,S,10006,71
4381,1714,S,10001,6
4381,1715,S,10001,23
4381,1716,S,10000,11
4383,1717,B,10003,18
4383,1718,B,10011,60
4386,1719,S,10000,6
4386,1720,S,9999,12
4401,1721,B,10011,34
4401,1722,B,10013,1
4403,1723,S,10007,15
4403,1724,S,9999,26
4403,1725,S,9999,10
4406,1726,B,10013,50
4406,1727,B,10014,2
4408,1728,B,10014,22
4415,1729,B,10014,3
4415,1730,B,10018,76
4415,1731,B,10019,6
4415,1732,B,10019,10
4417,1733,B,10019,15
4417,1734,B,10019,16
4418,1735,S,10013,76
4428,1736,S,10013,8
4428,1737,S,10012,8
4436,1738,S,10016,68
4438,1739,S,10016,6
4438,1740,S,10012,26
4442,1741,B,10007,51
4442,1742,B,10019,16
4452,1743,S,10009,49
4454,1744,S,10009,3
4454,1745,S,10006,18
4454,1746,S,10000,42
4461,1747,B,10010,10
4463,1748,B,10010,28
4465,1749,B,10019,62
4465,1750,B,10019,13
4467,1751,B,10019,18
4467,1752,B,10019,53
4467,1753,B,10019,4
4477,1754,B,10019,66
4477,1755,B,10020,25
4477,1756,B,10020,1
4488,1757,S,10018,46
4488,1758,S,10017,11
4498,1759,B,10020,56
4506,1760,S,10017,23
4507,1761,B,10020,39
4507,1762,B,10020,5
4507,1763,B,10020,2
4518,1764,S,10017,65
4520,1765,B,10017,8
4520,1766,B,10019,58
4535,1767,S,10012,39
4536,1768,B,10017,46
4536,1769,B,10019,20
4536,1770,B,10020,4
4540,1771,S,10012,20
4540,1772,S,10010,71
4541,1773,S,10010,28
4541,1774,S,10010,28
4543,1775,S,10010,40
4549,1776,B,10012,30
4550,1777,S,10010,18
4551,1778,B,10009,69
4554,1779,B,10009,7
4554,1780,B,10012,43
4554,1781,B,10015,11
4554,1782,B,10020,12
4562,1783,S,10008,23
4570,1784,B,10020,76
4570,1785,B,10020,1
4579,1786,B,10020,18
4580,1787,B,10020,10
4595,1788,S,10020,83
4598,1789,S,10020,4
4598,1790,S,10020,4
4599,1791,B,10021,77
4599,1792,B,10021,11
4600,1793,S,10020,57
4600,1794,S,10015,38
4609,1795,B,10021,44
4609,1796,B,10022,9
4623,1797,B,10022,26
4629,1798,S,10015,40
4629,1799,S,10015,20
4630,1800,B,10022,24
4630,1801,B,10022,26
4630,1802,B,10022,22
4631,1803,S,10015,23
4631,1804,S,10014,41
4638,1805,B,10015,90
4641,1806,B,10022,51
4641,1807,B,10022,8
4647,1808,B,10022,34
4650,1809,S,10014,1
4655,1810,B,10022,23
4656,1811,S,10014,58
4656,1812,S,10010,5
4658,1813,B,10022,19
4658,1814,B,10022,22
4658,1815,B,10023,42
4667,1816,S,10022,3
4667,1817,S,10010,3
4673,1818,S,10013,7
4673,1819,S,10010,31
4674,1820,B,10009,19
4674,1821,B,10023,20
4674,1822,B,10023,30
4675,1823,B,10023,35
4675,1824,B,10023,12
4681,1825,B,10023,32
4681,1826,B,10023,57
4689,1827,B,10012,53
4693,1828,S,10008,7
4693,1829,S,10005,12
4693,1830,S,10004,51
4694,1831,B,10012,2
4697,1832,S,10018,31
4699,1833,B,10010,19
4708,1834,B,10010,39
4714,1835,S,10021,59
4714,1836,S,10015,20
4722,1837,S,10015,49
4722,1838,S,10012,39
4722,1839,S,10011,1
4732,1840,B,10021,11
4732,1841,B,10022,36
4732,1842,B,10023,4
4737,1843,S,10017,28
4737,1844,S,10011,10
4741,1845,S,10020,12
4749,1846,S,10011,79
4765,1847,B,10013,16
4769,1848,S,10011,3
4769,1849,S,10008,86
4773,1850,B,10019,28
4774,1851,B,10019,13
4778,1852,B,10019,47
4778,1853,B,10019,8
4782,1854,B,10019,16
4783,1855,S,10006,16
4792,1856,S,10016,5
4799,1857,S,10016,16
4800,1858,S,10016,38
4807,1859,B,10019,38
4807,1860,B,10021,14
4807,1861,B,10023,14
4807,1862,B,10023,15
4813,1863,S,10016,21
4813,1864,S,10011,69
4813,1865,S,10011,5
4822,1866,S,10011,24
4822,1867,S,10010,37
4822,1868,S,10009,26
4831,1869,S,10009,53
4831,1870,S,10006,27
4831,1871,S,10004,5
4833,1872,S,10004,6
4833,1873,S,10004,30
4833,1874,S,10004,55
4842,1875,B,10010,8
4842,1876,B,10014,5
4842,1877,B,10020,46
4842,1878,B,10023,5
4842,1879,B,10023,12
4842,1880,B,10024,1
4847,1881,B,10024,26
4849,1882,B,10020,64
4853,1883,S,10004,21
4853,1884,S,10003,50
4859,1885,B,10006,7
4859,1886,B,10020,8
4859,1887,B,10024,47
4865,1888,B,10024,43
4865,1889,B,10025,10
4865,1890,B,10025,18
4878,1891,S,10019,13
4884,1892,B,10025,42
4884,1893,B,10025,4
4884,1894,B,10025,14
4884,1895,B,10025,39
4895,1896,B,10025,34
4895,1897,B,10025,41
4897,1898,S,10020,9
4908,1899,S,10020,67
4908,1900,S,10019,2
4910,1901,S,10019,30
4910,1902,S,10016,35
4910,1903,S,10010,22
4913,1904,B,10013,79
4915,1905,S,10010,44
4918,1906,B,10010,17
4919,1907,B,10010,14
4919,1908,B,10013,1
4928,1909,B,10025,14
4928,1910,B,10025,63
4928,1911,B,10025,14
4930,1912,B,10025,21
4937,1913,S,10021,22
4938,1914,S,10021,23
4949,1915,S,10021,11
4956,1916,S,10021,2
4965,1917,B,10025,28
4965,1918,B,10026,15
4969,1919,S,10021,5
4969,1920,S,10020,2
4969,1921,S,10012,56
4977,1922,B,10026,47
4977,1923,B,10027,21
4977,1924,B,10027,24
4979,1925,S,10012,7
4981,1926,B,10027,12
4982,1927,B,10027,1
4986,1928,S,10012,33
4987,1929,B,10012,18
4994,1930,B,10012,22
4994,1931,B,10016,57
4996,1932,B,10024,43
5003,1933,S,10025,44
5008,1934,S,10025,11
5008,1935,S,10016,4
5010,1936,S,10016,5
5016,1937,S,10026,2
5016,1938,S,10011,29
5016,1939,S,10010,26
5018,1940,B,10027,35
5018,1941,B,10027,29
5020,1942,B,10027,49
5021,1943,B,10027,22
5021,1944,B,10028,51
5023,1945,S,10021,52
5034,1946,B,10028,47
5034,1947,B,10028,37
5034,1948,B,10029,15
5043,1949,B,10029,26
5043,1950,B,10029,42
5045,1951,S,10021,46
5045,1952,S,10021,11
5045,1953,S,10013,2
5045,1954,S,10010,31
5048,1955,S,10010,25
5062,1956,S,10010,14
5062,1957,S,10008,26
5072,1958,B,10016,26
5076,1959,S,10010,12
5076,1960,S,10008,3
5076,1961,S,10008,11
5079,1962,B,10015,36
5080,1963,S,10008,7
5085,1964,B,10015,12
5089,1965,B,10015,32
5098,1966,B,10015,11
5098,1967,B,10016,10
5101,1968,S,10009,12
5101,1969,S,10008,39
5101,1970,S,10008,11
5101,1971,S,10008,13
5108,1972,B,10016,8
5108,1973,B,10023,80
5112,1974,S,10008,37
5112,1975,S,10008,26
5115,1976,B,10015,2
5117,1977,S,10016,14
5118,1978,B,10012,76
5122,1979,S,10019,14
5122,1980,S,10018,30
5132,1981,S,10022,10
5135,1982,S,10022,3
5135,1983,S,10021,52
5139,1984,B,10023,1
5139,1985,B,10026,29
5149,1986,S,10025,2
5149,1987,S,10021,26
5149,1988,S,10018,24
5149,1989,S,10017,23
5149,1990,S,10016,22
5150,1991,B,10026,44
5150,1992,B,10029,1
5150,1993,B,10029,15
5159,1994,B,10022,21
5159,1995,B,10029,49
5159,1996,B,10030,2
5159,1997,B,10030,27
5164,1998,B,10030,13
5172,1999,S,10016,18
5188,2000,B,10017,66
5188,2001,B,10022,20
5192,2002,B,10017,37
5192,2003,B,10022,23
5200,2004,B,10022,9
5206,2005,B,10030,39
5206,2006,B,10030,17
5207,2007,S,10024,21
5208,2008,B,10030,57
5214,2009,S,10024,47
5214,2010,S,10023,5
5221,2011,B,10030,8
5223,2012,S,10023,8
5230,2013,B,10030,11
5230,2014,B,10030,89
5232,2015,S,10023,49
5241,2016,S,10027,57
5241,2017,S,10023,13
5255,2018,S,10028,16
5255,2019,S,10028,23
5255,2020,S,10024,7
5255,2021,S,10023,20
5255,2022,S,10020,6
5255,2023,S,10018,16
5258,2024,S,10029,18
5258,2025,S,10018,33
5268,2026,B,10023,42
5268,2027,B,10027,42
5269,2028,S,10018,26
5282,2029,B,10019,43
5289,2030,B,10019,30
5299,2031,S,10018,65
5301,2032,S,10018,12
5305,2033,S,10018,12
5305,2034,S,10017,20
5307,2035,B,10019,26
5307,2036,B,10020,2
5312,2037,S,10017,73
5312,2038,S,10016,22
5315,2039,S,10016,13
5315,2040,S,10016,44
5315,2041,S,10015,19
5319,2042,S,10013,3
5323,2043,B,10020,24
5331,2044,B,10019,58
5332,2045,S,10013,24
5332,2046,S,10012,48
5334,2047,S,10012,12
5337,2048,B,10019,34
5337,2049,B,10020,1
5337,2050,B,10024,52
5339,2051,S,10012,14
5339,2052,S,10012,36
5339,2053,S,10012,49
5353,2054,B,10017,1
5357,2055,S,10012,36
5358,2056,B,10017,7
5364,2057,S,10012,7
5364,2058,S,10011,11
5367,2059,B,10017,11
5367,2060,B,10017,4
5381,2061,B,10017,19
5381,2062,B,10020,53
5384,2063,S,10014,26
5384,2064,S,10011,45
5386,2065,S,10011,36
5386,2066,S,10010,27
5386,2067,S,10008,9
5386,2068,S,10008,13
5387,2069,B,10020,28
5389,2070,S,10022,43
5389,2071,S,10008,46
5389,2072,S,10007,7
5399,2073,S,10007,54
5401,2074,B,10014,12
5402,2075,B,10019,31
5402,2076,B,10020,9
5403,2077,B,10020,23
5403,2078,B,10024,14
5403,2079,B,10025,24
5406,2080,B,10025,2
5422,2081,B,10022,38
5433,2082,S,10021,73
5439,2083,S,10019,4
5439,2084,S,10017,17
5442,2085,B,10020,14
5442,2086,B,10021,11
5444,2087,B,10021,37
5453,2088,S,10021,7
5453,2089,S,10016,36
5453,2090,S,10015,33
5453,2091,S,10015,8
5454,2092,S,10015,23
5454,2093,S,10014,3
5457,2094,B,10022,13
5457,2095,B,10023,65
5457,2096,B,10025,17
5461,2097,B,10025,42
5461,2098,B,10025,8
5469,2099,B,10025,28
5469,2100,B,10025,5
5469,2101,B,10026,53
5470,2102,B,10026,9
5470,2103,B,10027,6
5470,2104,B,10027,33
5470,2105,B,10027,49
5476,2106,B,10020,15
5476,2107,B,10027,21
5478,2108,S,10014,28
5481,2109,S,10014,46
5481,2110,S,10012,49
5485,2111,B,10027,18
5485,2112,B,10028,57
5487,2113,B,10028,27
5487,2114,B,10030,9
5487,2115,B,10030,47
5497,2116,S,10013,5
5497,2117,S,10012,7
5497,2118,S,10011,10
5499,2119,B,10017,7
5504,2120,S,10019,5
5505,2121,B,10014,38
5510,2122,S,10011,72
5512,2123,S,10007,26
5512,2124,S,10007,5
5512,2125,S,10007,7
5516,2126,S,10007,27
5516,2127,S,10006,17
5516,2128,S,10006,16
5517,2129,S,10006,39
5517,2130,S,10006,10
5520,2131,S,10006,14
5520,2132,S,10004,7
5520,2133,S,10003,32
5520,2134,S,10003,11
5524,2135,S,10003,44
5526,2136,B,10006,34
5526,2137,B,10010,24
5526,2138,B,10013,19
5529,2139,S,10003,30
5534,2140,B,10013,16
5540,2141,B,10013,28
5546,2142,B,10013,3
5547,2143,S,10011,17
5547,2144,S,10003,44
5550,2145,B,10013,18
5550,2146,B,10014,4
5554,2147,B,10014,24
5554,2148,B,10022,6
5559,2149,B,10022,63
5559,2150,B,10026,12
5567,2151,B,10026,56
5570,2152,S,10008,10
5575,2153,B,10020,43
5575,2154,B,10026,15
5577,2155,S,10016,21
5579,2156,S,10008,31
5582,2157,B,10013,55
5582,2158,B,10026,11
5582,2159,B,10030,21
5582,2160,B,10030,5
5589,2161,S,10026,16
5594,2162,B,10022,33
5599,2163,B,10030,33
5603,2164,S,10025,89
5610,2165,S,10025,2
5610,2166,S,10023,29
5615,2167,B,10030,10
5615,2168,B,10031,7
5622,2169,S,10023,38
5622,2170,S,10011,55
5629,2171,S,10011,17
5636,2172,B,10020,13
5640,2173,S,10015,4
5647,2174,B,10020,32
5648,2175,S,10015,11
5670,2176,S,10018,30
5676,2177,B,10020,7
5676,2178,B,10021,1
5680,2179,B,10020,33
5680,2180,B,10021,55
5680,2181,B,10024,3
5681,2182,B,10024,35
5684,2183,B,10024,32
5684,2184,B,10024,2
5692,2185,S,10018,54
5692,2186,S,10017,28
5694,2187,S,10017,3
5694,2188,S,10015,7
5696,2189,B,10023,9
5696,2190,B,10024,32
5702,2191,S,10015,7
5702,2192,S,10011,7
5702,2193,S,10009,22
5702,2194,S,10008,16
5702,2195,S,10008,18
5705,2196,S,10008,7
5710,2197,S,10008,65
5714,2198,B,10023,7
5715,2199,B,10023,45
5716,2200,B,10023,11
5716,2201,B,10024,10
5722,2202,S,10008,3
5722,2203,S,10008,18
5722,2204,S,10006,1
5728,2205,S,10006,4
5730,2206,B,10012,36
5734,2207,S,10006,27
5738,2208,B,10018,6
5738,2209,B,10024,47
5738,2210,B,10027,23
5748,2211,S,10030,4
5748,2212,S,10028,7
5760,2213,S,10025,43
5763,2214,B,10023,32
5763,2215,B,10026,8
5763,2216,B,10031,10
5763,2217,B,10031,21
5763,2218,B,10031,29
5765,2219,S,10020,16
5768,2220,S,10020,4
5768,2221,S,10019,58
5768,2222,S,10007,13
5770,2223,S,10017,34
5770,2224,S,10007,16
5770,2225,S,10006,12
5777,2226,B,10011,24
5778,2227,S,10027,11
5786,2228,S,10027,10
5791,2229,S,10009,56
5796,2230,S,10025,80
5805,2231,B,10018,20
5813,2232,B,10018,46
5816,2233,S,10016,13
5816,2234,S,10009,2
5817,2235,B,10018,27
5817,2236,B,10021,17
5823,2237,S,10009,29
5823,2238,S,10008,31
5835,2239,S,10019,58
5839,2240,B,10021,36
5839,2241,B,10023,5
5840,2242,B,10023,2
5840,2243,B,10024,7
5842,2244,S,10019,2
5843,2245,B,10026,19
5846,2246,B,10026,56
5846,2247,B,10027,32
5849,2248,S,10023,81
5851,2249,S,10023,8
5851,2250,S,10019,30
5851,2251,S,10008,1
5856,2252,B,10027,20
5856,2253,B,10031,51
5861,2254,B,10020,62
5861,2255,B,10022,30
5862,2256,S,10015,1
5866,2257,S,10015,25
5875,2258,S,10015,30
5875,2259,S,10012,28
5877,2260,S,10012,65
5882,2261,B,10022,32
5882,2262,B,10025,29
5883,2263,B,10025,20
5883,2264,B,10031,16
5883,2265,B,10032,40
5884,2266,S,10012,3
5898,2267,B,10012,6
5899,2268,B,10012,66
5901,2269,B,10012,12
5902,2270,B,10012,6
5906,2271,B,10024,70
5913,2272,S,10030,27
5920,2273,S,10030,2
5920,2274,S,10027,18
5920,2275,S,10024,5
5924,2276,S,10024,4
5939,2277,S,10031,82
5939,2278,S,10018,9
5952,2279,B,10019,17
5962,2280,S,10018,11
5965,2281,S,10018,20
5968,2282,B,10019,6
5968,2283,B,10021,57
5968,2284,B,10032,25
5988,2285,S,10022,6
5990,2286,S,10022,57
5990,2287,S,10018,37
5991,2288,S,10018,17
5991,2289,S,10018,10
5991,2290,S,10016,15
5991,2291,S,10013,23
5999,2292,S,10025,43
6002,2293,B,10024,9
6012,2294,S,10017,4
6012,2295,S,10013,60
6012,2296,S,10013,18
6012,2297,S,10011,7
6019,2298,S,10018,2
6019,2299,S,10011,17
6020,2300,S,10011,22
6023,2301,B,10021,29
6028,2302,B,10018,85
6032,2303,S,10011,3
6032,2304,S,10011,53
6032,2305,S,10009,5
6040,2306,B,10018,13
6040,2307,B,10021,38
6040,2308,B,10024,8
6040,2309,B,10028,28
6042,2310,S,10009,31
6042,2311,S,10009,67
6047,2312,S,10009,25
6051,2313,S,10008,3
6052,2314,B,10009,14
6052,2315,B,10010,8
6058,2316,B,10010,6
6058,2317,B,10016,36
6078,2318,S,10011,28
6086,2319,S,10011,27
6086,2320,S,10009,15
6086,2321,S,10008,11
6088,2322,S,10008,24
6088,2323,S,10008,10
6089,2324,B,10015,18
6089,2325,B,10016,58
6091,2326,S,10020,21
6091,2327,S,10008,60
6091,2328,S,10008,2
6094,2329,S,10008,66
6107,2330,B,10011,21
6109,2331,S,10017,5
6113,2332,B,10014,1
6120,2333,S,10008,6
6120,2334,S,10008,26
6123,2335,B,10014,18
6123,2336,B,10027,1
6123,2337,B,10028,10
6123,2338,B,10028,62
6123,2339,B,10029,8
6131,2340,B,10029,15
6131,2341,B,10030,27
6131,2342,B,10030,13
6131,2343,B,10030,43
6142,2344,B,10016,83
6144,2345,S,10011,56
6144,2346,S,10010,9
6151,2347,B,10011,50
6164,2348,B,10011,45
6164,2349,B,10016,10
6166,2350,B,10021,72
6168,2351,S,10016,3
6168,2352,S,10010,65
6175,2353,B,10021,7
6176,2354,S,10010,15
6176,2355,S,10008,30
6176,2356,S,10008,18
6179,2357,B,10021,11
6183,2358,S,10029,5
6183,2359,S,10008,1
6183,2360,S,10008,87
6191,2361,S,10017,4
6196,2362,B,10028,27
6201,2363,S,10028,47
6204,2364,S,10017,64
6204,2365,S,10008,1
6204,2366,S,10007,14
6204,2367,S,10006,8
6209,2368,B,10010,24
6209,2369,B,10027,32
6217,2370,S,10025,15
6217,2371,S,10017,14
6219,2372,S,10006,59
6219,2373,S,10005,7
6219,2374,S,10005,17
6224,2375,S,10005,44
6235,2376,B,10015,1
6235,2377,B,10020,63
6242,2378,S,10005,29
6242,2379,S,10005,20
6246,2380,S,10018,22
6249,2381,B,10020,2
6249,2382,B,10021,17
6249,2383,B,10024,18
6249,2384,B,10026,16
6252,2385,S,10005,49
6252,2386,S,10005,28
6261,2387,B,10026,21
6266,2388,B,10026,10
6272,2389,S,10023,4
6276,2390,S,10023,5
6278,2391,S,10023,60
6278,2392,S,10014,5
6281,2393,B,10026,25
6282,2394,B,10026,11
6282,2395,B,10027,20
6282,2396,B,10029,29
6282,2397,B,10030,18
6283,2398,S,10014,41
6283,2399,S,10008,13
6293,2400,S,10015,77
6300,2401,S,10015,12
6303,2402,S,10015,9
6305,2403,S,10008,23
6309,2404,S,10008,10
6309,2405,S,10008,6
6309,2406,S,10008,14
6312,2407,S,10008,10
6312,2408,S,10006,16
6320,2409,B,10010,23
6331,2410,B,10010,57
6331,2411,B,10012,31
6337,2412,B,10012,19
6337,2413,B,10013,38
6341,2414,S,10010,15
6341,2415,S,10007,52
6343,2416,B,10013,18
6346,2417,B,10013,28
6346,2418,B,10017,53
6347,2419,B,10017,24
6347,2420,B,10027,15
6347,2421,B,10028,16
6355,2422,S,10007,37
6358,2423,B,10010,28
6358,2424,B,10022,15
6359,2425,B,10022,15
6359,2426,B,10028,35
6359,2427,B,10030,3
6373,2428,S,10029,38
6376,2429,S,10007,3
6376,2430,S,10006,15
6376,2431,S,10005,50
6380,2432,B,10010,16
6382,2433,B,10030,25
6382,2434,B,10030,11
6385,2435,B,10030,32
6385,2436,B,10032,19
6392,2437,B,10032,22
6392,2438,B,10032,11
6392,2439,B,10032,11
6392,2440,B,10032,27
6393,2441,B,10032,19
6393,2442,B,10032,23
6393,2443,B,10032,2
6407,2444,S,10020,34
6407,2445,S,10020,50
6409,2446,S,10020,1
6411,2447,S,10020,41
6411,2448,S,10017,14
6411,2449,S,10005,1
6411,2450,S,10005,29
6414,2451,B,10026,7
6416,2452,B,10026,68
6416,2453,B,10032,21
6417,2454,B,10032,26
6417,2455,B,10032,24
6417,2456,B,10032,3
6417,2457,B,10033,40
6422,2458,S,10020,43
6422,2459,S,10005,29
6422,2460,S,10004,19
6429,2461,S,10029,83
6433,2462,S,10032,39
6436,2463,S,10032,25
6438,2464,S,10032,12
6438,2465,S,10029,7
6438,2466,S,10023,20
6438,2467,S,10014,12
6438,2468,S,10004,9
6448,2469,S,10022,16
6449,2470,B,10011,55
6457,2471,B,10011,4
6457,2472,B,10013,33
6459,2473,B,10013,17
6461,2474,S,10018,51
6477,2475,B,10009,32
6481,2476,S,10022,4
6483,2477,S,10009,61
6491,2478,S,10012,14
6493,2479,S,10011,8
6510,2480,S,10011,14
6510,2481,S,10009,14
6510,2482,S,10009,14
6510,2483,S,10007,46
6512,2484,B,10007,11
6512,2485,B,10012,16
6514,2486,B,10012,19
6530,2487,B,10012,28
6530,2488,B,10012,18
6533,2489,B,10012,38
6534,2490,B,10012,43
6534,2491,B,10013,17
6538,2492,B,10013,48
6538,2493,B,10014,8
6542,2494,B,10014,15
6545,2495,S,10006,29
6545,2496,S,10006,6
6557,2497,B,10014,3
6557,2498,B,10016,30
6557,2499,B,10019,62
6561,2500,B,10019,5
6561,2501,B,10024,14
6561,2502,B,10028,5
6571,2503,B,10012,10
6593,2504,B,10012,3
6605,2505,S,10008,26
6608,2506,B,10012,55
6608,2507,B,10013,14
6613,2508,B,10013,1
6618,2509,B,10013,16
6626,2510,B,10013,62
6626,2511,B,10014,12
6631,2512,B,10014,3
6631,2513,B,10014,11
6637,2514,B,10014,18
6637,2515,B,10016,1
6639,2516,S,10010,20
6641,2517,B,10010,68
6643,2518,S,10012,23
6643,2519,S,10008,2
6645,2520,B,10016,78
6647,2521,S,10008,11
6655,2522,B,10008,14
6658,2523,S,10009,31
6660,2524,B,10016,4
6660,2525,B,10016,5
6670,2526,B,10016,54
6670,2527,B,10018,14
6683,2528,B,10015,44
6685,2529,B,10015,19
6685,2530,B,10018,9
6689,2531,B,10022,24
6689,2532,B,10026,23
6694,2533,S,10024,19
6696,2534,B,10026,20
6698,2535,S,10024,25
6698,2536,S,10019,16
6698,2537,S,10009,22
6700,2538,B,10008,7
6702,2539,S,10007,42
6702,2540,S,10006,43
6710,2541,B,10008,2
6710,2542,B,10026,51
6710,2543,B,10027,9
6712,2544,B,10027,5
6712,2545,B,10027,53
6718,2546,S,10017,21
6725,2547,B,10013,46
6730,2548,S,10010,2
6730,2549,S,10006,27
6736,2550,B,10013,30
6739,2551,B,10019,60
6740,2552,B,10019,12
6740,2553,B,10025,56
6740,2554,B,10027,12
6740,2555,B,10028,8
6743,2556,B,10028,74
6751,2557,S,10022,14
6752,2558,S,10018,44
6762,2559,S,10018,9
6769,2560,B,10013,36
6781,2561,B,10013,8
6781,2562,B,10021,40
6785,2563,S,10010,28
6787,2564,S,10010,4
6787,2565,S,10008,64
6794,2566,B,10019,35
6794,2567,B,10021,12
6794,2568,B,10023,33
6822,2569,B,10023,46
6822,2570,B,10024,43
6831,2571,B,10016,67
6831,2572,B,10024,7
6834,2573,B,10020,12
6834,2574,B,10024,18
6834,2575,B,10024,16
6842,2576,B,10024,38
6842,2577,B,10024,13
6844,2578,B,10024,48
6844,2579,B,10025,45
6849,2580,B,10018,57
6849,2581,B,10025,3
6850,2582,S,10025,3
6850,2583,S,10013,55
6850,2584,S,10013,8
6855,2585,S,10025,93
6861,2586,S,10025,2
6865,2587,B,10018,9
6865,2588,B,10026,9
6865,2589,B,10026,35
6865,2590,B,10027,20
6868,2591,S,10013,10
6870,2592,B,10013,33
6870,2593,B,10015,18
6870,2594,B,10027,33
6876,2595,B,10027,24
6876,2596,B,10028,2
6876,2597,B,10028,45
6879,2598,S,10022,27
6879,2599,S,10009,15
6885,2600,S,10018,14
6890,2601,S,10016,31
6904,2602,B,10022,10
6905,2603,B,10022,42
6905,2604,B,10028,19
6911,2605,S,10020,27
6911,2606,S,10017,73
6913,2607,S,10022,22
6915,2608,S,10022,35
6918,2609,S,10016,20
6922,2610,B,10019,41
6925,2611,B,10028,15
6936,2612,B,10023,17
6937,2613,S,10023,7
6937,2614,S,10022,8
6940,2615,B,10028,14
6940,2616,B,10028,31
6946,2617,S,10024,47
6959,2618,B,10028,4
6959,2619,B,10028,50
6959,2620,B,10029,1
6961,2621,S,10024,8
6962,2622,B,10029,43
6962,2623,B,10029,12
6962,2624,B,10030,1
6964,2625,S,10024,23
6964,2626,S,10021,56
6964,2627,S,10018,8
6966,2628,B,10030,37
6975,2629,B,10028,25
6975,2630,B,10030,4
6985,2631,S,10028,65
6986,2632,S,10028,3
6986,2633,S,10018,38
6994,2634,B,10029,34
6994,2635,B,10030,9
6994,2636,B,10030,19
6995,2637,S,10018,17
6995,2638,S,10016,17
7019,2639,B,10022,63
7019,2640,B,10023,2
7019,2641,B,10029,12
7020,2642,S,10020,41
7028,2643,B,10029,21
7028,2644,B,10030,45
7028,2645,B,10030,14
7029,2646,S,10020,14
7035,2647,B,10018,47
7035,2648,B,10024,50
7038,2649,S,10016,10
7046,2650,S,10014,44
7046,2651,S,10012,17
7048,2652,S,10012,20
7048,2653,S,10012,14
7048,2654,S,10012,46
7056,2655,B,10015,88
7056,2656,B,10024,7
7057,2657,S,10012,7
7061,2658,B,10030,27
7061,2659,B,10031,64
7063,2660,S,10028,54
7067,2661,S,10028,45
7069,2662,B,10031,10
7069,2663,B,10031,12
7078,2664,B,10031,40
7081,2665,S,10028,1
7081,2666,S,10025,35
7083,2667,S,10017,15
7092,2668,B,10016,8
7098,2669,B,10016,4
7098,2670,B,10021,20
7102,2671,S,10012,13
7106,2672,B,10021,13
7106,2673,B,10021,5
7114,2674,B,10021,1
7114,2675,B,10023,14
7121,2676,B,10023,34
7121,2677,B,10026,38
7132,2678,S,10016,25
7132,2679,S,10012,13
7132,2680,S,10012,25
7144,2681,S,10012,10
7147,2682,B,10017,17
7148,2683,B,10017,6
7148,2684,B,10019,31
7148,2685,B,10026,2
7150,2686,S,10024,40
7152,2687,B,10026,16
7152,2688,B,10027,40
7157,2689,S,10024,7
7157,2690,S,10012,5
7157,2691,S,10012,14
7158,2692,B,10027,23
7158,2693,B,10027,26
7158,2694,B,10029,31
7165,2695,S,10012,20
7165,2696,S,10012,32
7165,2697,S,10011,3
7167,2698,S,10011,16
7171,2699,B,10014,24
7171,2700,B,10029,47
7180,2701,B,10024,4
7185,2702,S,10011,51
7185,2703,S,10010,13
7185,2704,S,10010,25
7186,2705,B,10016,44
7187,2706,B,10016,2
7188,2707,B,10016,14
7188,2708,B,10024,61
7188,2709,B,10029,1
7188,2710,B,10031,9
7194,2711,S,10011,30
7201,2712,B,10028,23
7202,2713,S,10020,38
7206,2714,S,10020,8
7215,2715,S,10020,34
7218,2716,B,10013,8
7218,2717,B,10028,37
7218,2718,B,10028,1
7218,2719,B,10030,5
7218,2720,B,10031,34
7218,2721,B,10031,15
7219,2722,B,10031,75
7240,2723,B,10016,54
7240,2724,B,10025,16
7248,2725,B,10019,42
7248,2726,B,10025,1
7248,2727,B,10029,38
7259,2728,S,10021,22
7266,2729,S,10021,43
7269,2730,B,10029,30
7269,2731,B,10031,6
7269,2732,B,10032,46
7279,2733,S,10031,14
7288,2734,B,10032,42
7293,2735,B,10032,2
7293,2736,B,10032,22
7293,2737,B,10032,16
7294,2738,S,10031,50
7294,2739,S,10026,18
7294,2740,S,10021,13
7294,2741,S,10020,2
7296,2742,S,10016,6
7296,2743,S,10015,8
7296,2744,S,10013,58
7296,2745,S,10011,6
7297,2746,B,10018,2
7316,2747,B,10032,54
7316,2748,B,10033,22
7321,2749,S,10026,39
7321,2750,S,10020,51
7323,2751,S,10020,27
7324,2752,B,10031,82
7327,2753,B,10028,39
7340,2754,B,10028,39
7350,2755,B,10030,15
7350,2756,B,10031,8
7350,2757,B,10033,17
7351,2758,S,10029,39
7355,2759,S,10030,15
7355,2760,S,10029,5
7364,2761,S,10020,12
7364,2762,S,10019,10
7370,2763,B,10019,36
7381,2764,B,10019,40
7383,2765,B,10019,2
7383,2766,B,10026,7
7383,2767,B,10027,14
7403,2768,S,10022,43
7413,2769,S,10022,7
7420,2770,S,10018,69
7421,2771,B,10022,2
7421,2772,B,10025,42
7423,2773,B,10025,11
7424,2774,B,10025,35
7424,2775,B,10027,51
7424,2776,B,10033,5
7432,2777,S,10018,8
7432,2778,S,10017,52
7436,2779,B,10031,9
7445,2780,S,10028,62
7448,2781,B,10031,43
7451,2782,B,10033,21
7451,2783,B,10033,34
7460,2784,B,10033,37
7462,2785,S,10032,4
7462,2786,S,10028,12
7462,2787,S,10028,19
7464,2788,B,10033,14
7464,2789,B,10033,23
7469,2790,B,10033,18
7469,2791,B,10034,8
7473,2792,B,10034,85
7473,2793,B,10034,11
7474,2794,B,10034,29
7479,2795,B,10034,4
7480,2796,B,10034,5
7484,2797,S,10028,24
7484,2798,S,10028,39
7484,2799,S,10028,19
7489,2800,S,10026,52
7492,2801,S,10026,14
7492,2802,S,10022,56
7498,2803,B,10027,6
7498,2804,B,10034,42
7498,2805,B,10034,7
7502,2806,S,10022,34
7502,2807,S,10022,56
7502,2808,S,10020,1
7508,2809,B,10034,1
7510,2810,S,10020,4
7510,2811,S,10018,42
7510,2812,S,10017,30
7510,2813,S,10017,23
7516,2814,B,10027,1
7524,2815,S,10026,23
7525,2816,B,10019,6
7525,2817,B,10027,18
7525,2818,B,10030,8
7537,2819,S,10019,57
7539,2820,B,10030,25
7544,2821,S,10019,22
7544,2822,S,10018,62
7548,2823,S,10018,29
7548,2824,S,10017,43
7555,2825,S,10017,5
7555,2826,S,10016,59
7556,2827,B,10021,76
7560,2828,S,10025,9
7560,2829,S,10020,27
7565,2830,B,10030,55
7565,2831,B,10031,7
7567,2832,B,10031,18
7568,2833,S,10020,14
7570,2834,S,10020,21
7572,2835,B,10031,50
7574,2836,S,10020,25
7574,2837,S,10016,21
7574,2838,S,10016,36
7574,2839,S,10016,5
7584,2840,S,10016,62
7584,2841,S,10016,28
7592,2842,B,10026,73
7592,2843,B,10031,20
7594,2844,S,10024,9
7599,2845,S,10024,18
7612,2846,S,10024,47
7612,2847,S,10024,30
7614,2848,S,10024,17
7618,2849,S,10024,50
7629,2850,S,10026,58
7639,2851,B,10027,29
7640,2852,B,10027,65
7640,2853,B,10031,2
7640,2854,B,10031,29
7646,2855,S,10026,21
7646,2856,S,10023,52
7650,2857,B,10031,32
7650,2858,B,10031,32
7651,2859,S,10023,4
7651,2860,S,10022,8
7657,2861,B,10031,46
7657,2862,B,10034,7
7657,2863,B,10034,27
7658,2864,S,10022,52
7683,2865,S,10022,16
7683,2866,S,10022,27
7683,2867,S,10022,19
7685,2868,S,10022,3
7686,2869,S,10017,23
7686,2870,S,10016,24
7690,2871,B,10019,10
7694,2872,S,10021,33
7694,2873,S,10016,18
7697,2874,B,10028,27
7698,2875,S,10031,1
7708,2876,B,10032,91
7712,2877,S,10031,39
7714,2878,S,10016,12
7714,2879,S,10015,16
7721,2880,S,10015,3
7722,2881,S,10015,10
7722,2882,S,10015,19
7724,2883,S,10015,11
7725,2884,B,10021,15
7726,2885,B,10021,76
7744,2886,B,10028,43
7744,2887,B,10031,46
7745,2888,S,10025,4
7746,2889,B,10021,7
7749,2890,B,10021,42
7754,2891,S,10030,30
7758,2892,B,10019,68
7765,2893,B,10023,19
7765,2894,B,10031,14
7765,2895,B,10031,37
7765,2896,B,10032,2
7765,2897,B,10032,27
7767,2898,S,10020,18
7778,2899,B,10020,27
7780,2900,S,10020,31
7782,2901,S,10020,2
7791,2902,S,10020,1
7791,2903,S,10018,11
7796,2904,S,10018,54
7800,2905,B,10031,16
7803,2906,S,10023,34
7808,2907,B,10031,79
7813,2908,S,10023,7
7815,2909,B,10023,4
7815,2910,B,10031,5
7815,2911,B,10032,23
7815,2912,B,10033,17
7820,2913,S,10018,26
7820,2914,S,10016,27
7820,2915,S,10015,10
7824,2916,S,10028,50
7824,2917,S,10015,50
7832,2918,B,10033,26
7832,2919,B,10033,27
7837,2920,S,10028,68
7837,2921,S,10021,13
7837,2922,S,10019,12
7845,2923,B,10029,58
7846,2924,S,10019,4
7847,2925,S,10019,63
7847,2926,S,10015,23
7847,2927,S,10014,10
7859,2928,S,10016,6
7860,2929,B,10017,9
7864,2930,S,10016,71
7864,2931,S,10014,26
7868,2932,B,10017,3
7868,2933,B,10029,22
7868,2934,B,10030,63
7868,2935,B,10033,6
7871,2936,S,10014,48
7871,2937,S,10014,33
7871,2938,S,10013,1
7887,2939,B,10019,27
7896,2940,S,10030,19
7896,2941,S,10013,9
7896,2942,S,10012,39
7896,2943,S,10012,3
7900,2944,S,10012,13
7900,2945,S,10012,46
7900,2946,S,10011,25
7904,2947,S,10011,27
7904,2948,S,10010,4
7913,2949,S,10010,1
7915,2950,B,10015,31
7928,2951,S,10010,35
7931,2952,B,10015,61
7931,2953,B,10017,29
7933,2954,S,10010,17
7933,2955,S,10010,1
7936,2956,S,10010,8
7936,2957,S,10010,6
7940,2958,B,10017,22
7940,2959,B,10020,30
7949,2960,B,10012,76
7949,2961,B,10020,9
7950,2962,B,10020,41
7951,2963,B,10020,18
7951,2964,B,10030,12
7962,2965,S,10024,36
7965,2966,S,10024,7
7965,2967,S,10016,20
7969,2968,S,10016,1
7969,2969,S,10016,44
7973,2970,S,10016,20
7980,2971,S,10010,21
7980,2972,S,10010,26
7982,2973,S,10010,31
7999,2974,S,10010,9
7999,2975,S,10010,14
8001,2976,B,10013,18
8004,2977,S,10010,60
8006,2978,B,10013,40
8006,2979,B,10013,15
8014,2980,B,10013,5
8014,2981,B,10014,60
8014,2982,B,10015,15
8016,2983,S,10010,26
8016,2984,S,10009,3
8018,2985,B,10015,65
8023,2986,B,10015,9
8023,2987,B,10020,32
8024,2988,S,10009,35
8028,2989,S,10009,6
8033,2990,B,10019,59
8042,2991,B,10019,3
8042,2992,B,10020,64
8042,2993,B,10024,24
8044,2994,S,10013,9
8044,2995,S,10011,42
8059,2996,S,10011,15
8059,2997,S,10009,33
8059,2998,S,10009,46
8060,2999,B,10019,57
8060,3000,B,10024,24
8064,3001,B,10011,28
8073,3002,B,10011,11
8073,3003,B,10024,23
8073,3004,B,10026,1
8088,3005,B,10014,28
8089,3006,S,10025,50
8090,3007,S,10009,22
8090,3008,S,10008,6
8090,3009,S,10008,27
8096,3010,S,10008,21
8098,3011,S,10008,7
8098,3012,S,10008,70
8098,3013,S,10008,19
8101,3014,S,10008,12
8110,3015,S,10016,52
8110,3016,S,10010,4
8125,3017,S,10010,15
8129,3018,S,10010,5
8131,3019,B,10010,70
8131,3020,B,10011,30
8134,3021,B,10011,8
8134,3022,B,10016,9
8139,3023,B,10016,1
8146,3024,B,10016,57
8146,3025,B,10022,31
8147,3026,S,10009,53
8151,3027,S,10009,12
8165,3028,B,10013,65
8165,3029,B,10014,33
8172,3030,S,10009,4
8172,3031,S,10009,43
8176,3032,S,10009,13
8177,3033,S,10009,19
8177,3034,S,10008,57
8182,3035,B,10014,45
8184,3036,B,10014,7
8185,3037,S,10008,9
8185,3038,S,10008,15
8192,3039,S,10008,41
8192,3040,S,10006,18
8192,3041,S,10006,2
8195,3042,B,10012,35
8195,3043,B,10014,2
8195,3044,B,10014,5
8195,3045,B,10014,27
8199,3046,S,10006,16
8199,3047,S,10005,26
8205,3048,S,10005,12
8205,3049,S,10005,13
8208,3050,B,10011,58
8209,3051,S,10005,14
8221,3052,S,10007,14
8227,3053,B,10011,36
8227,3054,B,10014,32
8227,3055,B,10015,22
8233,3056,S,10009,13
8233,3057,S,10007,13
8233,3058,S,10005,58
8251,3059,B,10011,9
8253,3060,S,10010,36
8256,3061,B,10011,46
8258,3062,B,10011,1
8258,3063,B,10015,19
8258,3064,B,10016,23
8261,3065,S,10010,30
8274,3066,B,10016,7
8276,3067,B,10016,2
8280,3068,S,10014,33
8289,3069,B,10020,70
8292,3070,S,10014,5
8292,3071,S,10010,33
8292,3072,S,10010,61
8304,3073,B,10020,24
8304,3074,B,10020,48
8317,3075,S,10018,35
8319,3076,B,10019,15
8319,3077,B,10020,1
8319,3078,B,10020,27
8319,3079,B,10020,5
8322,3080,S,10018,25
8322,3081,S,10010,5
8322,3082,S,10008,17
8324,3083,B,10020,91
8324,3084,B,10021,9
8330,3085,S,10017,53
8330,3086,S,10011,1
8335,3087,S,10011,34
8337,3088,B,10021,73
8348,3089,S,10011,35
8350,3090,B,10013,2
8350,3091,B,10018,2
8350,3092,B,10019,17
8350,3093,B,10021,8
8350,3094,B,10021,44
8350,3095,B,10022,4
8351,3096,B,10022,12
8351,3097,B,10022,73
8359,3098,B,10021,26
8359,3099,B,10022,19
8359,3100,B,10022,22
8361,3101,B,10022,12
8361,3102,B,10022,16
8361,3103,B,10023,6
8371,3104,B,10026,33
8380,3105,S,10025,8
8380,3106,S,10023,10
8385,3107,S,10023,64
8387,3108,S,10023,10
8387,3109,S,10023,65
8398,3110,S,10023,8
8398,3111,S,10020,68
8403,3112,B,10017,17
8403,3113,B,10026,27
8403,3114,B,10026,9
8405,3115,B,10026,52
8405,3116,B,10026,15
8409,3117,B,10026,57
8410,3118,S,10015,13
8413,3119,S,10015,61
8413,3120,S,10015,36
8415,3121,S,10015,61
8415,3122,S,10015,10
8415,3123,S,10014,8
8415,3124,S,10013,12
8417,3125,B,10026,22
8425,3126,S,10025,60
8426,3127,B,10026,1
8426,3128,B,10027,27
8426,3129,B,10028,9
8428,3130,S,10025,2
8428,3131,S,10018,19
8432,3132,B,10022,7
8438,3133,S,10018,52
8440,3134,S,10018,10
8447,3135,S,10018,13
8447,3136,S,10016,26
8454,3137,S,10016,31
8454,3138,S,10013,26
8455,3139,S,10013,8
8459,3140,S,10013,18
8459,3141,S,10011,11
8459,3142,S,10010,44
8466,3143,S,10013,2
8474,3144,B,10014,23
8475,3145,B,10020,79
8476,3146,S,10019,27
8477,3147,S,10019,4
8480,3148,S,10013,45
8480,3149,S,10010,44
8482,3150,B,10016,24
8483,3151,B,10022,26
8485,3152,S,10019,23
8487,3153,B,10022,16
8489,3154,S,10019,16
8489,3155,S,10010,9
8489,3156,S,10010,7
8489,3157,S,10008,13
8489,3158,S,10008,8
8495,3159,B,10009,16
8503,3160,B,10022,3
8504,3161,B,10022,30
8504,3162,B,10022,66
8505,3163,B,10022,25
8505,3164,B,10028,43
8505,3165,B,10028,3
8505,3166,B,10028,13
8512,3167,S,10019,30
8523,3168,S,10024,51
8524,3169,S,10024,4
8536,3170,S,10019,8
8536,3171,S,10018,52
8536,3172,S,10015,24
8536,3173,S,10008,13
8538,3174,S,10008,25
8541,3175,B,10023,24
8542,3176,S,10008,24
8542,3177,S,10007,6
8549,3178,S,10022,2
8549,3179,S,10017,26
8566,3180,S,10021,63
8567,3181,B,10023,20
8570,3182,S,10027,71
8572,3183,S,10027,2
8572,3184,S,10021,30
8572,3185,S,10017,17
8572,3186,S,10017,9
8572,3187,S,10016,26
8574,3188,B,10028,13
8579,3189,B,10028,47
8580,3190,S,10016,46
8581,3191,S,10007,24
8593,3192,S,10007,41
8593,3193,S,10007,2
8609,3194,B,10015,39
8609,3195,B,10015,1
8609,3196,B,10018,21
8622,3197,S,10009,6
8631,3198,B,10016,27
8638,3199,S,10009,14
8638,3200,S,10009,7
8640,3201,B,10016,21
8640,3202,B,10018,26
8640,3203,B,10022,29
8642,3204,S,10009,64
8642,3205,S,10005,7
8642,3206,S,10005,1
8647,3207,S,10016,43
8649,3208,S,10016,32
8654,3209,B,10019,82
8657,3210,S,10016,25
8657,3211,S,10011,3
8657,3212,S,10005,35
8657,3213,S,10005,23
8669,3214,B,10008,32
8677,3215,S,10005,14
8677,3216,S,10005,43
8683,3217,B,10005,20
8684,3218,B,10005,20
8684,3219,B,10008,27
8684,3220,B,10009,20
8687,3221,B,10008,7
8687,3222,B,10009,19
8687,3223,B,10010,45
8687,3224,B,10017,16
8689,3225,S,10004,41
8696,3226,S,10005,21
8696,3227,S,10004,10
8706,3228,S,10009,12
8707,3229,B,10007,49
8707,3230,B,10015,14
8707,3231,B,10017,1
8715,3232,B,10017,63
8725,3233,B,10017,32
8725,3234,B,10019,1
8725,3235,B,10022,6
8725,3236,B,10022,14
8729,3237,B,10022,31
8744,3238,S,10016,4
8746,3239,B,10021,69
8746,3240,B,10022,14
8756,3241,S,10016,56
8756,3242,S,10015,36
8758,3243,S,10015,19
8763,3244,B,10022,14
8763,3245,B,10023,2
8763,3246,B,10026,83
8766,3247,B,10017,64
8767,3248,B,10017,17
8767,3249,B,10026,9
8767,3250,B,10026,14
8778,3251,B,10026,42
8778,3252,B,10026,34
8782,3253,S,10015,35
8782,3254,S,10005,58
8782,3255,S,10004,6
8789,3256,B,10011,15
8793,3257,B,10027,27
8797,3258,B,10027,21
8797,3259,B,10027,15
8799,3260,B,10027,43
8799,3261,B,10027,2
8799,3262,B,10028,5
8806,3263,S,10027,43
8806,3264,S,10025,1
8808,3265,S,10025,68
8810,3266,S,10013,4
8822,3267,S,10013,69
8822,3268,S,10013,6
8822,3269,S,10012,8
8832,3270,B,10013,66
8832,3271,B,10014,10
8841,3272,B,10014,6
8841,3273,B,10015,34
8841,3274,B,10016,33
8850,3275,B,10015,34
8851,3276,S,10014,45
8852,3277,B,10015,60
8852,3278,B,10016,20
8854,3279,S,10014,8
8854,3280,S,10012,23
8855,3281,S,10012,36
8857,3282,S,10012,19
8857,3283,S,10004,9
8857,3284,S,10004,9
8857,3285,S,10004,28
8859,3286,S,10004,28
8860,3287,B,10017,6
8860,3288,B,10019,30
8863,3289,B,10019,35
8863,3290,B,10020,8
8863,3291,B,10028,19
8863,3292,B,10029,17
8872,3293,B,10029,2
8872,3294,B,10029,3
8881,3295,S,10028,44
8881,3296,S,10027,3
8887,3297,S,10023,10
8892,3298,S,10023,27
8892,3299,S,10019,16
8896,3300,S,10019,12
8900,3301,S,10019,41
8900,3302,S,10017,40
8911,3303,B,10007,61
8913,3304,B,10007,5
8913,3305,B,10009,12
8913,3306,B,10010,12
8918,3307,B,10010,51
8920,3308,B,10024,51
8920,3309,B,10027,3
8923,3310,S,10027,17
8929,3311,S,10010,11
8931,3312,B,10007,10
8933,3313,S,10005,61
8936,3314,B,10007,16
8936,3315,B,10019,22
8940,3316,S,10005,39
8940,3317,S,10004,9
8940,3318,S,10004,52
8943,3319,B,10019,43
8943,3320,B,10021,14
8949,3321,S,10020,62
8956,3322,S,10020,8
8956,3323,S,10012,48
8956,3324,S,10004,31
8956,3325,S,10004,3
8959,3326,S,10009,13
8962,3327,S,10009,12
8972,3328,S,10015,6
8975,3329,B,10021,47
8980,3330,S,10027,9
8980,3331,S,10015,59
8988,3332,B,10015,10
8991,3333,B,10017,21
8995,3334,S,10015,32
8996,3335,S,10015,25
8996,3336,S,10009,33
8996,3337,S,10008,16
8997,3338,S,10008,49
8999,3339,B,10006,17
9003,3340,B,10006,20
9003,3341,B,10017,47
9011,3342,B,10012,1
9011,3343,B,10017,30
9011,3344,B,10028,10
9011,3345,B,10028,29
9015,3346,S,10017,20
9020,3347,S,10017,3
9027,3348,S,10004,24
9030,3349,B,10014,55
9031,3350,S,10004,7
9031,3351,S,10003,23
9032,3352,S,10003,33
9032,3353,S,10003,34
9034,3354,B,10014,19
9035,3355,S,10003,53
9035,3356,S,10003,7
9038,3357,B,10014,19
9039,3358,S,10020,43
9050,3359,S,10007,83
9050,3360,S,10003,16
9056,3361,B,10012,3
9056,3362,B,10016,28
9059,3363,S,10011,58
9059,3364,S,10008,22
9069,3365,B,10012,22
9069,3366,B,10016,6
9069,3367,B,10019,65
9070,3368,B,10019,29
9070,3369,B,10025,36
9070,3370,B,10028,5
9076,3371,S,10010,40
9076,3372,S,10008,12
9078,3373,S,10008,1
9078,3374,S,10003,1
9078,3375,S,10003,68
9078,3376,S,10003,9
9083,3377,B,10008,17
9083,3378,B,10011,10
9089,3379,B,10011,22
9090,3380,B,10011,4
9092,3381,B,10011,14
9092,3382,B,10011,24
9099,3383,B,10011,20
9103,3384,S,10003,62
9123,3385,S,10003,4
9123,3386,S,10002,1
9123,3387,S,10002,15
9125,3388,S,10002,31
9125,3389,S,10002,40
9125,3390,S,10002,13
9135,3391,S,10003,53
9136,3392,B,10005,13
9136,3393,B,10005,37
9136,3394,B,10007,5
9141,3395,B,10011,39
9141,3396,B,10017,13
9145,3397,B,10017,15
9145,3398,B,10017,35
9155,3399,S,10009,3
9159,3400,B,10015,1
9159,3401,B,10017,21
9159,3402,B,10019,77
9161,3403,S,10009,8
9164,3404,S,10017,11
9166,3405,B,10019,6
9166,3406,B,10020,43
9166,3407,B,10022,42
9168,3408,S,10017,34
9168,3409,S,10009,19
9170,3410,S,10009,19
9173,3411,B,10009,7
9173,3412,B,10022,3
9187,3413,B,10010,16
9192,3414,S,10007,4
9194,3415,B,10005,36
9195,3416,B,10005,11
9211,3417,B,10005,15
9216,3418,B,10005,4
9216,3419,B,10006,22
9221,3420,B,10008,15
9233,3421,B,10008,1
9233,3422,B,10010,17
9234,3423,S,10005,37
9235,3424,B,10010,33
9235,3425,B,10010,14
9235,3426,B,10012,10
9237,3427,S,10005,26
9237,3428,S,10003,38
9243,3429,S,10003,5
9243,3430,S,10002,1
9246,3431,S,10002,8
9246,3432,S,10002,35
9246,3433,S,10002,1
9262,3434,S,10008,70
9262,3435,S,10002,2
9266,3436,S,10002,19
9268,3437,B,10010,71
9271,3438,B,10010,26
9271,3439,B,10011,71
9283,3440,B,10008,11
9283,3441,B,10009,53
9283,3442,B,10011,7
9285,3443,B,10011,9
9285,3444,B,10012,56
9285,3445,B,10015,10
9289,3446,B,10015,32
9289,3447,B,10015,25
9290,3448,B,10015,27
9294,3449,B,10007,45
9300,3450,S,10002,56
9300,3451,S,10001,11
9300,3452,S,10001,27
9302,3453,B,10007,27
9304,3454,B,10007,10
9304,3455,B,10015,14
9304,3456,B,10018,54
9318,3457,B,10011,36
9318,3458,B,10018,28
9318,3459,B,10019,5
9319,3460,S,10008,27
9323,3461,S,10008,45
9333,3462,B,10017,20
9339,3463,S,10008,12
9339,3464,S,10008,6
9341,3465,S,10008,22
9341,3466,S,10008,40
9344,3467,S,10008,24
9344,3468,S,10006,17
9344,3469,S,10001,8
9347,3470,B,10017,16
9350,3471,B,10017,16
9350,3472,B,10018,18
9353,3473,B,10019,29
9353,3474,B,10022,29
9356,3475,B,10022,4
9356,3476,B,10022,28
9362,3477,B,10022,66
9363,3478,S,10022,8
9366,3479,B,10021,38
9366,3480,B,10023,50
9368,3481,S,10020,24
9378,3482,S,10005,48
9388,3483,B,10002,3
9388,3484,B,10003,37
9389,3485,S,10001,10
9389,3486,S,10001,18
9389,3487,S,10001,32
9391,3488,B,10003,28
9391,3489,B,10004,4
9391,3490,B,10010,21
9391,3491,B,10013,1
9391,3492,B,10015,29
9415,3493,S,10008,25
9435,3494,B,10009,21
9436,3495,S,10008,15
9436,3496,S,10007,18
9436,3497,S,10007,3
9438,3498,B,10003,63
9438,3499,B,10004,12
9463,3500,B,10004,10
9463,3501,B,10007,87
9464,3502,S,10001,53
9464,3503,S,10001,1
9464,3504,S,10001,9
9464,3505,S,10001,20
9470,3506,B,10007,1
9470,3507,B,10007,53
9470,3508,B,10009,42
9474,3509,B,10009,12
9474,3510,B,10013,65
9474,3511,B,10013,5
9476,3512,B,10013,47
9476,3513,B,10014,26
9478,3514,S,10002,34
9478,3515,S,10001,11
9478,3516,S,10001,23
9478,3517,S,10000,20
9482,3518,S,10000,27
9483,3519,B,10010,22
9486,3520,B,10010,21
9486,3521,B,10014,5
9486,3522,B,10015,54
9495,3523,B,10015,1
9495,3524,B,10015,15
9498,3525,B,10003,23
9501,3526,B,10003,59
9504,3527,B,10003,2
9510,3528,B,10015,32
9512,3529,S,10007,11
9514,3530,B,10015,41
9516,3531,S,10007,70
9526,3532,B,10012,18
9535,3533,S,10010,90
9543,3534,S,10010,3
9544,3535,S,10002,15
9545,3536,B,10006,39
9545,3537,B,10012,19
9545,3538,B,10015,4
9558,3539,S,10017,9
9559,3540,S,10017,36
9561,3541,S,10017,2
9561,3542,S,10017,44
9564,3543,S,10017,20
9564,3544,S,10016,28
9569,3545,S,10016,2
9569,3546,S,10006,20
9569,3547,S,10002,55
9577,3548,B,10018,42
9581,3549,S,10008,86
9584,3550,B,10018,15
9584,3551,B,10019,27
9584,3552,B,10019,9
9584,3553,B,10021,6
9594,3554,S,10013,38
9595,3555,S,10013,17
9597,3556,S,10013,14
9597,3557,S,10008,5
9597,3558,S,10006,39
9597,3559,S,10002,8
9605,3560,S,10007,20
9609,3561,S,10007,33
9611,3562,S,10007,31
9611,3563,S,10006,4
9611,3564,S,10002,8
9611,3565,S,10000,33
9613,3566,S,10000,3
9619,3567,S,10006,38
9620,3568,B,10021,40
9621,3569,S,10006,8
9625,3570,S,10006,4
9625,3571,S,10000,4
9625,3572,S,10000,33
9625,3573,S,10000,24
9625,3574,S,10000,7
9625,3575,S,10000,24
9635,3576,S,10016,69
9635,3577,S,10007,11
9641,3578,B,10021,30
9643,3579,S,10021,54
9643,3580,S,10019,1
9643,3581,S,10007,14
9646,3582,S,10007,55
9648,3583,S,10007,13
9650,3584,B,10018,34
9664,3585,B,10008,25
9666,3586,B,10008,8
9678,3587,S,10007,6
9678,3588,S,10007,31
9682,3589,B,10008,34
9682,3590,B,10009,27
9686,3591,S,10007,15
9686,3592,S,10004,57
9686,3593,S,10003,6
9697,3594,B,10009,59
9697,3595,B,10009,35
9710,3596,S,10001,13
9715,3597,B,10009,10
9717,3598,B,10009,1
9719,3599,B,10014,67
9725,3600,S,10009,68
9738,3601,B,10008,11
9738,3602,B,10014,1
9742,3603,S,10007,29
9760,3604,S,10007,24
9770,3605,B,10014,32
9770,3606,B,10014,34
9778,3607,B,10010,11
9778,3608,B,10014,9
9778,3609,B,10015,17
9779,3610,S,10007,6
9779,3611,S,10007,53
9780,3612,B,10015,46
9784,3613,S,10011,1
9784,3614,S,10007,9
9784,3615,S,10003,5
9790,3616,S,10003,19
9790,3617,S,10001,22
9799,3618,B,10009,48
9808,3619,S,10014,10
9810,3620,S,10011,66
9814,3621,S,10011,15
9814,3622,S,10006,45
9815,3623,B,10005,6
9818,3624,B,10005,16
9818,3625,B,10012,23
9822,3626,S,10001,2
9822,3627,S,10000,57
9822,3628,S,9999,10
9839,3629,B,10003,39
9839,3630,B,10004,23
9840,3631,B,10004,65
9840,3632,B,10006,16
9848,3633,B,10006,45
9857,3634,S,10006,9
9862,3635,S,10006,29
9866,3636,B,10002,64
9866,3637,B,10009,5
9870,3638,S,10000,45
9873,3639,B,10002,8
9877,3640,B,10002,9
9880,3641,B,10002,27
9880,3642,B,10009,6
9893,3643,S,10005,52
9893,3644,S,10000,3
9898,3645,B,10000,45
9898,3646,B,10006,22
9898,3647,B,10009,11
9900,3648,B,10009,1
9900,3649,B,10010,4
9901,3650,S,9999,32
9903,3651,B,10010,3
9903,3652,B,10010,41
9907,3653,S,9999,4
9907,3654,S,9999,2
9911,3655,B,10009,6
9911,3656,B,10010,26
9911,3657,B,10011,2
9919,3658,B,10005,70
9921,3659,B,10011,15
9921,3660,B,10012,33
9921,3661,B,10012,2
9921,3662,B,10015,31
9921,3663,B,10016,2
9924,3664,S,10010,30
9926,3665,S,9999,7
9926,3666,S,9999,37
9926,3667,S,9999,27
9926,3668,S,9999,26
9932,3669,B,10007,23
9932,3670,B,10013,55
9934,3671,S,10013,12
9934,3672,S,9999,37
9936,3673,S,9999,3
9936,3674,S,9998,41
9936,3675,S,9998,2
9942,3676,S,9998,8
9942,3677,S,9998,39
9942,3678,S,9998,12
9952,3679,S,10011,38
9955,3680,S,10011,6
9958,3681,S,10011,45
9958,3682,S,9998,33
9960,3683,B,10013,5
9962,3684,B,10013,54
9962,3685,B,10014,15
9972,3686,S,10008,77
9980,3687,S,9998,19
9989,3688,B,10001,11
9989,3689,B,10004,13
9991,3690,S,9998,27
9995,3691,B,10004,57
10001,3692,B,10001,62
10002,3693,B,10001,24
10007,3694,B,10004,16
10014,3695,B,10004,9
10019,3696,B,10004,5
10019,3697,B,10006,47
10020,3698,B,10006,29
10020,3699,B,10006,6
10021,3700,S,10003,63
10025,3701,B,10006,39
10032,3702,S,10003,7
10032,3703,S,10002,35
10032,3704,S,9998,4
10032,3705,S,9998,5
10034,3706,B,10006,10
10034,3707,B,10008,3
10041,3708,B,9999,27
10045,3709,B,9999,6
10045,3710,B,10003,12
10045,3711,B,10008,33
10045,3712,B,10010,30
10051,3713,S,9998,23
10051,3714,S,9997,71
10055,3715,S,9998,22
10057,3716,S,9998,48
10057,3717,S,9997,9
10057,3718,S,9996,9
10061,3719,B,10007,6
10061,3720,B,10010,14
10063,3721,S,9996,51
10064,3722,S,9996,3
10064,3723,S,9995,48
10073,3724,B,10010,8
10079,3725,S,10011,2
10089,3726,S,10011,49
10092,3727,S,10011,26
10100,3728,B,10013,35
10100,3729,B,10013,5
10102,3730,B,10013,54
10102,3731,B,10014,4
10104,3732,S,9995,47
10104,3733,S,9995,19
10108,3734,S,10010,36
10109,3735,B,10014,26
10109,3736,B,10014,9
10110,3737,S,10010,24
10110,3738,S,9999,36
10111,3739,B,10014,29
10118,3740,B,10011,50
10120,3741,B,10011,13
10120,3742,B,10014,13
10120,3743,B,10015,19
10120,3744,B,10015,32
10122,3745,S,9999,27
10122,3746,S,9995,31
10122,3747,S,9995,7
10123,3748,S,9995,30
10123,3749,S,9995,26
10129,3750,S,10007,54
10141,3751,S,10007,22
10143,3752,S,10007,21
10145,3753,S,9995,1
10146,3754,S,9995,35
10148,3755,B,9997,6
10149,3756,B,9997,2
10152,3757,S,10006,3
10152,3758,S,9995,18
10152,3759,S,9995,28
10156,3760,B,10015,22
10163,3761,S,10001,23
10166,3762,B,10015,27
10166,3763,B,10016,23
10179,3764,S,10014,64
10183,3765,S,10014,7
10183,3766,S,10001,48
10183,3767,S,10000,15
10186,3768,B,10016,9
10187,3769,S,10000,62
10189,3770,S,10000,9
10189,3771,S,9998,1
10197,3772,S,10007,19
10204,3773,S,10007,17
10204,3774,S,10007,6
10207,3775,B,10016,58
10207,3776,B,10016,20
10212,3777,B,10016,72
10212,3778,B,10018,4
10221,3779,B,10015,58
10222,3780,B,10015,18
10224,3781,S,10015,41
10227,3782,B,10018,35
10237,3783,B,10018,16
10237,3784,B,10021,28
10239,3785,S,10021,5
10239,3786,S,10015,12
10239,3787,S,10008,78
10241,3788,S,10008,12
10241,3789,S,10001,6
10249,3790,B,10009,61
10249,3791,B,10022,4
10256,3792,S,10008,19
10256,3793,S,10001,16
10263,3794,B,10018,48
10263,3795,B,10022,17
10273,3796,S,10015,8
10273,3797,S,10014,31
10285,3798,S,10014,9
10285,3799,S,10010,2
10295,3800,S,10010,80
10297,3801,B,10002,4
10299,3802,B,10012,49
10319,3803,B,10012,41
10321,3804,S,10004,56
10321,3805,S,10001,1
10322,3806,B,10012,1
10322,3807,B,10013,2
10322,3808,B,10015,53
10322,3809,B,10016,29
10324,3810,S,10001,1
10324,3811,S,10001,27
10324,3812,S,9999,43
10330,3813,S,9999,17
10330,3814,S,9999,74
10332,3815,B,10016,43
10332,3816,B,10017,39
10336,3817,B,10002,57
10341,3818,S,9999,5
10341,3819,S,9999,54
10345,3820,S,9999,22
10345,3821,S,9998,16
10351,3822,S,9998,43
10355,3823,S,9998,26
10355,3824,S,9998,19
10358,3825,B,10002,22
10358,3826,B,10012,22
10360,3827,S,10000,23
10363,3828,S,10000,40
10369,3829,S,10009,42
10369,3830,S,10000,12
10369,3831,S,9998,16
10372,3832,B,10012,61
10372,3833,B,10017,27
10376,3834,S,9998,37
10398,3835,S,10010,34
10398,3836,S,10008,32
10398,3837,S,10006,1
10402,3838,S,10011,71
10405,3839,S,10011,4
10405,3840,S,10006,43
10409,3841,S,10006,10
10414,3842,B,10014,58
10414,3843,B,10017,16
10425,3844,B,10017,3
10425,3845,B,10018,22
10432,3846,S,10011,28
10436,3847,S,10011,13
10436,3848,S,10010,66
10436,3849,S,10006,2
10443,3850,S,10006,31
10444,3851,B,10002,21
10448,3852,B,10018,4
10450,3853,S,10006,41
10450,3854,S,10000,9
10450,3855,S,10000,13
10455,3856,B,10001,18
10464,3857,S,10017,33
10465,3858,S,10017,42
10465,3859,S,10014,2
10471,3860,S,10000,53
10471,3861,S,10000,15
10471,3862,S,9998,28
10479,3863,B,9999,22
10483,3864,B,9999,30
10491,3865,B,9999,11
10493,3866,S,9998,19
10493,3867,S,9998,30
10495,3868,B,9999,34
10495,3869,B,10004,20
10495,3870,B,10011,36
10496,3871,B,10011,27
10496,3872,B,10012,1
10496,3873,B,10018,9
10496,3874,B,10018,14
10501,3875,S,10016,32
10509,3876,B,10011,34
10509,3877,B,10018,37
10509,3878,B,10018,8
10510,3879,S,10018,4
10515,3880,S,10006,31
10521,3881,S,10006,13
10534,3882,S,10006,5
10534,3883,S,9998,42
10534,3884,S,9998,34
10539,3885,S,10016,28
10543,3886,S,10016,48
10543,3887,S,10011,15
10545,3888,S,10011,1
10549,3889,S,10014,71
10551,3890,S,10014,11
10551,3891,S,10011,38
10554,3892,S,10011,1
10555,3893,S,9998,18
10568,3894,B,10008,66
10573,3895,S,10002,52
10579,3896,B,10008,18
10579,3897,B,10010,34
10580,3898,S,10004,26
10582,3899,S,10002,35
10582,3900,S,10000,6
10582,3901,S,9999,32
10585,3902,S,10001,6
10589,3903,B,10004,39
10589,3904,B,10010,5
10597,3905,S,10001,31
10597,3906,S,9999,54
10597,3907,S,9998,7
10598,3908,S,9997,7
10598,3909,S,9997,13
10599,3910,B,9998,5
10606,3911,S,9997,3
10609,3912,S,9997,1
10609,3913,S,9996,18
10609,3914,S,9996,27
10611,3915,S,9996,12
10611,3916,S,9995,20
10617,3917,B,9998,1
10617,3918,B,10005,14
10617,3919,B,10010,7
10617,3920,B,10010,38
10617,3921,B,10015,13
10620,3922,S,9995,27
10621,3923,B,10015,19
10629,3924,B,10015,28
10629,3925,B,10018,36
10635,3926,S,10005,62
10636,3927,S,10005,23
10636,3928,S,10001,3
10638,3929,S,10004,1
10638,3930,S,10001,10
10639,3931,B,10000,25
10648,3932,B,10000,45
10661,3933,S,10015,32
10661,3934,S,10014,2
10661,3935,S,10013,13
10662,3936,S,10013,50
10662,3937,S,10009,10
10662,3938,S,10000,11
10675,3939,S,10011,76
10678,3940,S,10011,10
10678,3941,S,10009,69
10687,3942,S,10009,24
10694,3943,B,10005,9
10700,3944,S,10004,53
10700,3945,S,10004,25
10701,3946,S,10004,58
10701,3947,S,10003,23
10704,3948,S,10003,13
10711,3949,B,10005,50
10711,3950,B,10018,18
10718,3951,S,10005,10
10718,3952,S,10003,26
10718,3953,S,10000,15
10718,3954,S,10000,10
10719,3955,B,10008,27
10720,3956,S,10000,68
10733,3957,B,10004,38
10733,3958,B,10008,1
10733,3959,B,10018,9
10734,3960,B,10018,9
10734,3961,B,10019,25
10741,3962,S,10013,54
10741,3963,S,10005,3
10744,3964,B,10019,35
10744,3965,B,10019,33
10751,3966,B,10018,7
10758,3967,S,10005,44
10761,3968,S,10005,32
10761,3969,S,10003,41
10767,3970,B,10010,26
10767,3971,B,10018,8
10767,3972,B,10019,42
10775,3973,S,10013,18
10775,3974,S,10003,41
10775,3975,S,10002,29
10779,3976,S,10010,9
10780,3977,B,10019,19
10781,3978,S,10010,19
10781,3979,S,10002,19
10783,3980,S,10002,35
10794,3981,B,10009,71
10795,3982,B,10009,20
10795,3983,B,10019,4
10795,3984,B,10021,6
10796,3985,B,10021,34
10802,3986,S,10007,11
10802,3987,S,10002,5
10807,3988,B,10019,17
10815,3989,S,10017,21
10815,3990,S,10011,6
10815,3991,S,10002,11
10815,3992,S,10002,1
10815,3993,S,10002,53
10822,3994,S,10002,36
10822,3995,S,10000,16
10822,3996,S,10000,30
10823,3997,B,10019,11
10823,3998,B,10019,48
10830,3999,B,10009,76
10833,4000,S,10017,11
10844,4001,S,10004,33
10851,4002,B,10007,49
10865,4003,S,10004,17
10871,4004,S,10001,3
10871,4005,S,10000,42
10871,4006,S,10000,17
10875,4007,S,10000,24
10875,4008,S,10000,46
10875,4009,S,9999,9
10885,4010,B,10002,38
10885,4011,B,10007,18
10887,4012,S,9999,50
10887,4013,S,9999,15
10901,4014,B,10007,28
10901,4015,B,10008,42
10902,4016,S,10003,64
10902,4017,S,9999,31
10914,4018,B,10004,3
10916,4019,B,10004,58
10917,4020,B,10004,4
10919,4021,B,10004,25
10919,4022,B,10008,16
10919,4023,B,10008,59
10920,4024,B,10008,5
10924,4025,S,10002,1
10926,4026,S,10002,32
10928,4027,S,10002,46
10932,4028,S,10002,20
10932,4029,S,9999,20
10932,4030,S,9999,5
10938,4031,B,10002,8
10942,4032,B,10002,16
10946,4033,S,10000,10
10949,4034,B,10002,31
10964,4035,S,10002,21
10970,4036,B,10008,16
10970,4037,B,10010,43
10970,4038,B,10012,24
10977,4039,B,10012,58
10982,4040,S,10002,15
10982,4041,S,10000,29
10982,4042,S,9999,39
10988,4043,B,10005,54
10995,4044,S,9999,55
10995,4045,S,9998,22
10998,4046,B,10000,28
11001,4047,B,10000,14
11001,4048,B,10005,16
11007,4049,B,10005,14
11007,4050,B,10012,10
11007,4051,B,10014,22
11010,4052,S,9998,50
11010,4053,S,9998,18
11011,4054,B,10002,18
11015,4055,B,10002,67
11018,4056,S,9998,47
11019,4057,S,9998,34
11019,4058,S,9997,59
11029,4059,S,9997,35
11029,4060,S,9997,25
11032,4061,B,10000,23
11032,4062,B,10002,4
11032,4063,B,10010,67
11033,4064,S,9997,23
11033,4065,S,9997,15
11043,4066,S,10008,26
11045,4067,B,10010,31
11045,4068,B,10011,50
11055,4069,B,10010,50
11057,4070,B,10010,11
11059,4071,B,10010,14
11059,4072,B,10011,23
11059,4073,B,10011,4
11059,4074,B,10013,13
11059,4075,B,10014,30
11059,4076,B,10014,13
11061,4077,S,10008,44
11069,4078,S,10005,64
11070,4079,B,10002,1
11075,4080,B,10002,24
11081,4081,B,10007,37
11081,4082,B,10016,29
11081,4083,B,10016,34
11089,4084,S,10000,42
11091,4085,B,10015,15
11091,4086,B,10016,15
11091,4087,B,10016,43
11091,4088,B,10019,24
11096,4089,B,10007,65
11117,4090,B,10004,2
11117,4091,B,10007,12
11124,4092,B,10012,3
11124,4093,B,10019,36
11124,4094,B,10020,5
11129,4095,B,10020,34
11140,4096,B,10012,25
11140,4097,B,10016,8
11140,4098,B,10020,9
11155,4099,B,10020,30
11155,4100,B,10020,10
11155,4101,B,10021,27
11155,4102,B,10021,28
11159,4103,S,10012,15
11159,4104,S,10009,25
11159,4105,S,10009,10
11161,4106,S,10009,20
11161,4107,S,10008,39
11167,4108,S,10008,28
11167,4109,S,10008,10
11168,4110,S,10008,23
11171,4111,B,10021,3
11171,4112,B,10021,32
11173,4113,B,10021,59
11173,4114,B,10022,37
11175,4115,S,10008,42
11187,4116,S,10006,22
11187,4117,S,10006,21
11192,4118,B,10007,1
11192,4119,B,10010,12
11201,4120,B,10010,7
11205,4121,B,10010,63
11205,4122,B,10022,19
11212,4123,S,10011,34
11218,4124,S,10006,7
11225,4125,S,10006,9
11225,4126,S,10006,25
11228,4127,S,10006,17
11228,4128,S,10004,52
11233,4129,B,10008,11
11233,4130,B,10022,27
11233,4131,B,10022,11
11242,4132,S,10005,38
11244,4133,B,10010,51
11247,4134,B,10010,23
11247,4135,B,10019,12
11251,4136,S,10010,26
11251,4137,S,10005,12
11261,4138,B,10012,65
11265,4139,B,10019,12
11265,4140,B,10022,25
11270,4141,S,10015,31
11274,4142,S,10015,1
11274,4143,S,10015,14
11279,4144,B,10022,31
11279,4145,B,10022,24
11280,4146,S,10015,39
11280,4147,S,10010,28
11280,4148,S,10008,23
11280,4149,S,10005,5
11299,4150,S,10011,54
11312,4151,B,10017,34
11313,4152,S,10020,20
11316,4153,S,10020,20
11316,4154,S,10015,75
11328,4155,B,10022,25
11330,4156,S,10015,8
11330,4157,S,10013,36
11336,4158,B,10022,15
11344,4159,S,10020,26
11345,4160,S,10016,9
11347,4161,S,10016,36
11347,4162,S,10014,17
11351,4163,B,10019,49
11352,4164,B,10019,16
11353,4165,S,10021,3
11359,4166,S,10021,1
11359,4167,S,10014,1
11364,4168,S,10017,2
11364,4169,S,10014,49
11365,4170,B,10022,69
11365,4171,B,10023,4
11366,4172,S,10014,33
11366,4173,S,10013,3
11366,4174,S,10011,34
11366,4175,S,10009,13
11368,4176,S,10019,34
11369,4177,S,10019,33
11369,4178,S,10009,36
11370,4179,S,10009,36
11370,4180,S,10009,38
11370,4181,S,10008,5
11370,4182,S,10007,3
11379,4183,S,10008,10
11380,4184,S,10008,14
11380,4185,S,10007,70
11380,4186,S,10006,15
11390,4187,B,10020,15
11397,4188,S,10006,23
11397,4189,S,10005,26
11408,4190,S,10005,17
11408,4191,S,10004,48
11408,4192,S,10004,26
11413,4193,S,10007,25
11425,4194,B,10014,63
11436,4195,S,10013,86
11437,4196,S,10013,1
11437,4197,S,10007,16
11437,4198,S,10004,46
11437,4199,S,10004,5
11442,4200,B,10014,12
11442,4201,B,10016,40
11457,4202,S,10014,15
11458,4203,S,10011,57
11460,4204,S,10011,1
11465,4205,S,10011,12
11465,4206,S,10010,3
11466,4207,B,10016,37
11466,4208,B,10016,33
11466,4209,B,10020,10
11470,4210,B,10020,48
11477,4211,S,10010,23
11480,4212,B,10020,17
11480,4213,B,10020,52
11485,4214,S,10010,14
11485,4215,S,10010,10
11491,4216,B,10020,4
11491,4217,B,10023,14
11494,4218,S,10020,7
11500,4219,B,10023,37
11505,4220,S,10020,27
11505,4221,S,10010,68
11507,4222,S,10010,9
11507,4223,S,10005,31
11507,4224,S,10004,30
11509,4225,S,10004,7
11509,4226,S,10004,36
11510,4227,B,10018,6
11511,4228,S,10018,24
11515,4229,B,10023,38
11515,4230,B,10023,4
11516,4231,S,10018,5
11516,4232,S,10004,26
11517,4233,S,10004,26
11517,4234,S,10003,48
11517,4235,S,10001,10
11524,4236,S,10011,19
11524,4237,S,10001,23
11524,4238,S,10001,39
11525,4239,B,10023,67
11525,4240,B,10023,17
11533,4241,S,10006,15
11541,4242,S,10004,45
11548,4243,B,10006,39
11548,4244,B,10010,23
11548,4245,B,10017,2
11554,4246,S,10004,21
11554,4247,S,10003,46
11559,4248,B,10012,72
11567,4249,B,10008,85
11577,4250,S,10010,3
11577,4251,S,10003,27
11577,4252,S,10003,42
11586,4253,B,10011,18
11587,4254,B,10011,76
11587,4255,B,10012,8
11590,4256,S,10003,2
11596,4257,B,10012,4
11596,4258,B,10017,35
11611,4259,B,10017,30
11611,4260,B,10020,24
11620,4261,S,10003,32
11625,4262,S,10009,12
11639,4263,S,10009,41
11645,4264,B,10006,34
11652,4265,B,10011,15
11652,4266,B,10012,17
11653,4267,S,10008,33
11660,4268,B,10012,23
11662,4269,S,10008,15
11677,4270,B,10012,21
11678,4271,B,10012,9
11678,4272,B,10017,14
11679,4273,B,10017,64
11685,4274,B,10017,11
11685,4275,B,10019,65
11688,4276,B,10019,17
11692,4277,S,10010,59
11693,4278,B,10019,11
11693,4279,B,10019,43
11699,4280,S,10011,17
11699,4281,S,10010,34
11699,4282,S,10008,20
11703,4283,S,10008,24
11703,4284,S,10007,50
11703,4285,S,10006,26
11707,4286,B,10012,6
11711,4287,B,10012,52
11716,4288,S,10007,20
11720,4289,B,10012,13
11720,4290,B,10019,27
11720,4291,B,10020,44
11724,4292,S,10007,19
11724,4293,S,10006,60
11724,4294,S,10005,9
11731,4295,B,10011,33
11742,4296,S,10005,44
11742,4297,S,10005,37
11750,4298,S,10005,17
11750,4299,S,10003,21
11750,4300,S,10003,28
11750,4301,S,10002,29
11750,4302,S,10002,3
11754,4303,S,10008,13
11769,4304,B,10011,53
11769,4305,B,10014,47
11773,4306,S,10008,11
11773,4307,S,10002,2
11773,4308,S,10002,27
11773,4309,S,10001,13
11781,4310,S,10008,83
11781,4311,S,10001,11
11794,4312,S,10001,39
11795,4313,B,10014,15
11799,4314,B,10014,10
11802,4315,S,10001,12
11802,4316,S,10001,47
11808,4317,B,10011,89
11808,4318,B,10014,5
11808,4319,B,10015,2
11811,4320,B,10015,3
11811,4321,B,10015,48
11818,4322,B,10015,26
11818,4323,B,10020,17
11818,4324,B,10020,37
11819,4325,S,10001,33
11822,4326,S,10001,4
11822,4327,S,10000,3
11836,4328,S,10003,23
11837,4329,S,10003,75
11837,4330,S,10000,13
11839,4331,B,10008,12
11843,4332,B,10008,17
11846,4333,B,10008,8
11846,4334,B,10010,13
11851,4335,B,10016,76
11852,4336,S,10014,35
11852,4337,S,10003,21
11857,4338,B,10003,9
11857,4339,B,10008,20
11857,4340,B,10016,15
11860,4341,B,10020,45
11860,4342,B,10021,5
11861,4343,S,10018,42
11861,4344,S,10000,17
11869,4345,S,10016,64
11871,4346,S,10016,24
11871,4347,S,10000,19
11875,4348,B,10021,41
11878,4349,B,10021,46
11878,4350,B,10021,23
11882,4351,S,10006,1
11892,4352,S,10008,59
11892,4353,S,10006,6
11900,4354,B,10010,30
11900,4355,B,10016,7
11911,4356,B,10016,17
11912,4357,S,10013,71
11920,4358,S,10013,12
11922,4359,S,10013,8
11922,4360,S,10006,35
11926,4361,B,10016,34
11929,4362,S,10019,3
11929,4363,S,10006,16
11933,4364,B,10006,20
11936,4365,S,10010,13
11944,4366,S,10010,66
11944,4367,S,10005,5
11946,4368,B,10008,21
11946,4369,B,10016,60
11946,4370,B,10017,2
11950,4371,S,10009,32
11953,4372,B,10017,39
11958,4373,B,10019,22
11963,4374,S,10017,19
11963,4375,S,10009,13
11965,4376,S,10009,2
11965,4377,S,10007,17
11973,4378,B,10009,3
11974,4379,B,10009,10
11974,4380,B,10019,62
11976,4381,B,10019,2
11976,4382,B,10020,11
11976,4383,B,10021,1
11976,4384,B,10023,12
11976,4385,B,10024,41
11985,4386,S,10019,19
11985,4387,S,10017,9
11985,4388,S,10016,15
11985,4389,S,10007,30
11987,4390,S,10007,9
11994,4391,S,10007,12
11994,4392,S,10004,35
11998,4393,S,10004,43
11998,4394,S,10004,46
12002,4395,S,10001,21
12008,4396,S,10001,52
12008,4397,S,10000,5
12008,4398,S,10000,4
12013,4399,B,10006,34
12014,4400,S,10000,24
12022,4401,B,10006,8
12023,4402,S,10009,76
12023,4403,S,10000,16
12023,4404,S,10000,6
12024,4405,S,10000,54
12024,4406,S,10000,12
12026,4407,S,10000,66
12026,4408,S,10000,17
12033,4409,B,10011,62
12040,4410,S,10010,2
12040,4411,S,10000,47
12040,4412,S,10000,10
12044,4413,B,10011,38
12047,4414,B,10014,18
12047,4415,B,10015,68
12048,4416,B,10024,11
12048,4417,B,10024,29
12048,4418,B,10024,16
12049,4419,S,10021,7
12052,4420,S,10013,16
12052,4421,S,10000,15
12052,4422,S,9999,20
12056,4423,S,10019,13
12056,4424,S,9999,10
12056,4425,S,9999,12
12059,4426,S,9999,22
12059,4427,S,9999,77
12066,4428,S,9999,6
12066,4429,S,9999,24
12073,4430,B,10005,9
12074,4431,B,10005,3
12076,4432,S,10006,2
12080,4433,S,10006,37
12083,4434,B,10008,5
12083,4435,B,10018,9
12091,4436,S,10006,15
12091,4437,S,9999,41
12093,4438,S,9999,5
12093,4439,S,9998,80
12093,4440,S,9997,5
12095,4441,S,9997,44
12095,4442,S,9997,18
12098,4443,B,10000,5
12098,4444,B,10014,63
12100,4445,S,9997,4
12100,4446,S,9997,57
12100,4447,S,9997,6
12100,4448,S,9997,6
12105,4449,S,10002,41
12111,4450,S,10007,64
12111,4451,S,10002,24
12116,4452,S,10002,3
12123,4453,B,10003,23
12138,4454,B,10006,49
12145,4455,S,10009,34
12145,4456,S,10005,47
12151,4457,S,10005,15
12151,4458,S,9997,10
12152,4459,B,9997,32
12152,4460,B,10008,4
12179,4461,S,10002,6
12181,4462,B,10008,37
12181,4463,B,10008,27
12187,4464,B,10008,19
12202,4465,B,10005,22
12203,4466,B,10005,22
12203,4467,B,10008,24
12211,4468,B,10008,19
12212,4469,S,10002,59
12222,4470,B,10002,26
12222,4471,B,10008,10
12222,4472,B,10008,41
12222,4473,B,10012,16
12225,4474,S,9999,1
12226,4475,S,9999,6
12226,4476,S,9998,58
12226,4477,S,9996,4
12240,4478,B,10011,3
12240,4479,B,10012,28
12240,4480,B,10012,14
12243,4481,S,10010,9
12246,4482,S,10010,34
12246,4483,S,10004,54
12252,4484,B,10012,39
12252,4485,B,10013,48
12253,4486,B,10013,45
12253,4487,B,10014,3
12259,4488,S,10004,1
12259,4489,S,10001,5
12260,4490,S,9998,13
12260,4491,S,9996,45
12260,4492,S,9996,7
12265,4493,B,9999,24
12265,4494,B,10008,16
12271,4495,S,10004,5
12278,4496,B,10008,28
12278,4497,B,10014,12
12278,4498,B,10016,39
12279,4499,S,10004,75
12281,4500,B,9997,21
12283,4501,B,10016,57
12283,4502,B,10016,24
12285,4503,B,10016,3
12287,4504,S,10005,23
12288,4505,S,10005,27
12288,4506,S,9996,49
12296,4507,B,9997,43
12296,4508,B,10003,41
12297,4509,S,9996,11
12301,4510,B,10000,30
12303,4511,B,10003,51
12303,4512,B,10004,30
12305,4513,S,10002,21
12315,4514,S,10002,9
12315,4515,S,9997,8
12315,4516,S,9996,3
12315,4517,S,9996,40
12315,4518,S,9996,28
12328,4519,B,10004,56
12333,4520,S,10009,7
12335,4521,S,10009,6
12335,4522,S,10004,4
12335,4523,S,10002,18
12337,4524,B,10010,82
12337,4525,B,10016,6
12342,4526,S,10002,78
12342,4527,S,9996,3
12349,4528,B,10011,55
12356,4529,S,9996,35
12356,4530,S,9996,34
12361,4531,S,9996,49
12361,4532,S,9995,29
12363,4533,B,9999,8
12364,4534,B,9999,16
12372,4535,S,10008,55
12380,4536,S,10003,32
12387,4537,B,10008,87
12389,4538,S,10005,38
12389,4539,S,10003,39
12415,4540,B,10006,26
12426,4541,B,10006,31
12434,4542,S,10003,29
12434,4543,S,9999,60
12434,4544,S,9995,8
12444,4545,S,9995,11
12444,4546,S,9995,49
12446,4547,B,9997,69
12449,4548,B,9997,17
12450,4549,B,10006,29
12450,4550,B,10010,13
12452,4551,S,10003,3
12460,4552,B,9998,30
12462,4553,S,9995,11
12462,4554,S,9995,47
12462,4555,S,9995,4
12462,4556,S,9995,12
12466,4557,B,9998,19
12473,4558,B,9998,32
12484,4559,B,9998,13
12491,4560,S,9997,79
12492,4561,B,9998,6
12492,4562,B,10000,59
12495,4563,B,10000,6
12498,4564,S,9997,15
12507,4565,B,9998,6
12510,4566,B,9998,11
12512,4567,B,9998,2
12512,4568,B,10000,21
12520,4569,B,10000,7
12520,4570,B,10001,14
12522,4571,B,10001,7
12523,4572,B,10001,39
12523,4573,B,10002,42
12530,4574,B,10002,21
12530,4575,B,10003,2
12531,4576,B,10003,43
12531,4577,B,10005,45
12540,4578,S,9997,5
12540,4579,S,9995,64
12543,4580,B,10004,38
12545,4581,B,10004,11
12545,4582,B,10005,1
12549,4583,S,10001,18
12557,4584,S,10001,12
12564,4585,S,9995,10
12573,4586,B,9996,74
12573,4587,B,10000,17
12575,4588,S,9995,1
12575,4589,S,9995,72
12576,4590,S,9995,7
12585,4591,B,9998,17
12586,4592,B,9998,20
12591,4593,B,9998,17
12593,4594,S,9996,75
12594,4595,S,9995,4
12594,4596,S,9995,37
12606,4597,S,9995,13
12606,4598,S,9995,10
12608,4599,B,9998,21
12608,4600,B,9999,27
12615,4601,B,9998,63
12616,4602,B,9998,6
12616,4603,B,9999,19
12627,4604,B,9999,41
12627,4605,B,10000,53
12628,4606,S,9997,14
12628,4607,S,9995,25
12634,4608,B,10000,18
12634,4609,B,10002,4
12634,4610,B,10005,51
12634,4611,B,10005,10
12634,4612,B,10006,8
12637,4613,B,10006,6
12637,4614,B,10008,39
12637,4615,B,10009,22
12643,4616,B,10009,26
12643,4617,B,10009,56
12650,4618,S,10001,21
12650,4619,S,9995,5
12654,4620,B,10002,21
12654,4621,B,10009,3
12654,4622,B,10009,14
12654,4623,B,10010,25
12657,4624,S,9995,33
12657,4625,S,9994,12
12657,4626,S,9994,27
12657,4627,S,9994,15
12658,4628,S,9994,52
12658,4629,S,9994,10
12661,4630,B,9995,77
12661,4631,B,10010,4
12668,4632,S,9994,42
12673,4633,B,10007,4
12677,4634,S,10007,36
12678,4635,B,10010,35
12686,4636,S,10007,7
12693,4637,S,9995,12
12693,4638,S,9994,44
12693,4639,S,9994,17
12699,4640,B,9996,30
12708,4641,B,10010,8
12708,4642,B,10010,11
12709,4643,B,10010,44
12717,4644,S,9994,70
12717,4645,S,9994,26
12725,4646,B,9996,37
12725,4647,B,10008,30
12734,4648,B,10006,22
12741,4649,S,9996,50
12746,4650,B,10006,25
12749,4651,B,10006,53
12749,4652,B,10007,46
12751,4653,B,10007,17
12751,4654,B,10008,5
12751,4655,B,10010,41
12751,4656,B,10011,11
12751,4657,B,10011,20
12753,4658,S,9996,27
12753,4659,S,9994,31
12756,4660,B,10011,1
12756,4661,B,10011,6
12758,4662,S,9994,23
12758,4663,S,9994,11
12758,4664,S,9993,5
12764,4665,B,10011,6
12778,4666,B,10000,41
12778,4667,B,10011,44
12780,4668,B,10011,2
12782,4669,B,10011,9
12790,4670,B,10011,23
12800,4671,S,10009,7
12800,4672,S,10006,19
12802,4673,S,10006,19
12802,4674,S,10006,78
12808,4675,S,10007,17
12808,4676,S,10007,15
12813,4677,S,10009,35
12815,4678,B,10011,36
12815,4679,B,10011,4
12817,4680,S,10009,48
12817,4681,S,10007,10
12818,4682,S,10007,58
12821,4683,B,10011,4
12821,4684,B,10012,36
12821,4685,B,10013,2
12823,4686,S,10007,5
12825,4687,S,9996,6
12825,4688,S,9994,20
12825,4689,S,9993,29
12827,4690,B,10003,5
12830,4691,S,9993,35
12830,4692,S,9993,21
12840,4693,B,10003,18
12842,4694,B,10003,20
12848,4695,B,10003,11
12850,4696,B,10003,50
12852,4697,B,10003,6
12865,4698,S,10001,11
12869,4699,S,10001,70
12872,4700,B,10001,4
12872,4701,B,10003,23
12872,4702,B,10013,43
12874,4703,B,10013,30
12874,4704,B,10013,59
12879,4705,S,9999,25
12879,4706,S,9997,23
12879,4707,S,9996,40
12881,4708,B,10013,10
12881,4709,B,10013,61
12895,4710,B,10003,30
12895,4711,B,10007,20
12903,4712,B,9997,58
12906,4713,B,9997,10
12908,4714,S,10004,11
12916,4715,B,10007,2
12921,4716,B,10007,18
12921,4717,B,10010,34
12922,4718,S,10005,11
12922,4719,S,10004,57
12922,4720,S,9996,14
12929,4721,S,10008,33
12929,4722,S,9996,45
12929,4723,S,9993,20
12934,4724,S,9993,42
12934,4725,S,9993,19
12934,4726,S,9993,2
12937,4727,B,10002,20
12939,4728,S,9996,65
12940,4729,B,9995,4
12943,4730,B,9995,21
12949,4731,B,9995,8
12949,4732,B,9995,61
12963,4733,S,10001,21
12966,4734,B,10002,43
12967,4735,B,10002,21
12967,4736,B,10003,52
12967,4737,B,10004,9
12967,4738,B,10010,9
12970,4739,S,10001,1
12972,4740,S,9999,3
12972,4741,S,9993,31
12976,4742,B,10000,7
12976,4743,B,10010,29
12976,4744,B,10013,6
12982,4745,S,9998,19
12982,4746,S,9993,42
12982,4747,S,9993,33
12984,4748,B,10004,59
12985,4749,B,10013,28
12995,4750,S,10015,56
12996,4751,S,10001,6
12996,4752,S,9993,31
12996,4753,S,9993,33
12996,4754,S,9993,9
13005,4755,B,10009,27
13008,4756,S,10011,4
13018,4757,S,10011,15
13019,4758,S,10011,20
13019,4759,S,10008,5
13019,4760,S,10003,74
13031,4761,S,10009,77
13032,4762,B,10013,66
13036,4763,S,10015,27
13036,4764,S,10009,6
13036,4765,S,10003,6
13036,4766,S,10000,29
13043,4767,S,10000,19
13050,4768,B,10000,3
13052,4769,B,10000,19
13053,4770,B,10016,18
13054,4771,S,10001,4
13054,4772,S,9998,46
13054,4773,S,9996,14
13057,4774,B,10016,43
13066,4775,S,9996,29
13066,4776,S,9995,31
13066,4777,S,9993,28
13076,4778,S,9993,39
13076,4779,S,9993,11
13079,4780,B,10001,13
13085,4781,B,10001,35
13085,4782,B,10002,53
13093,4783,B,10004,23
13107,4784,B,10011,55
13108,4785,B,10011,45
13108,4786,B,10013,52
13110,4787,S,10010,9
13122,4788,S,10010,2
13122,4789,S,10007,33
13132,4790,S,10007,30
13134,4791,B,10013,13
13135,4792,B,10013,27
13135,4793,B,10014,3
13135,4794,B,10015,5
13135,4795,B,10016,38
13135,4796,B,10017,24
13136,4797,B,10017,23
13136,4798,B,10017,26
13138,4799,B,10017,62
13138,4800,B,10017,20
13139,4801,B,10017,22
13147,4802,S,10016,7
13151,4803,S,10016,41
13153,4804,S,10016,45
13153,4805,S,10007,30
13164,4806,B,10007,23
13164,4807,B,10017,27
13168,4808,S,10006,25
13173,4809,S,10006,15
13174,4810,S,10006,30
13174,4811,S,10004,46
13178,4812,B,10017,17
13178,4813,B,10017,20
13186,4814,B,10010,7
13186,4815,B,10016,10
13193,4816,B,10013,15
13193,4817,B,10016,36
13193,4818,B,10017,38
13197,4819,B,10017,20
13206,4820,B,10016,49
13212,4821,B,10016,21
13212,4822,B,10017,3
13212,4823,B,10018,25
13214,4824,S,10011,30
13217,4825,B,10018,48
13217,4826,B,10018,28
13218,4827,S,10013,37
13221,4828,B,10012,58
13222,4829,S,10016,8
13227,4830,S,10017,30
13229,4831,S,10017,23
13229,4832,S,10016,32
13229,4833,S,10011,3
13229,4834,S,10006,24
13229,4835,S,10004,12
13234,4836,B,10018,72
13234,4837,B,10018,20
13234,4838,B,10018,2
13243,4839,S,10004,1
13254,4840,S,10004,20
13254,4841,S,10003,23
13256,4842,S,10003,33
13256,4843,S,10002,40
13264,4844,B,10011,38
13265,4845,B,10016,63
13268,4846,B,10016,27
13268,4847,B,10016,29
13278,4848,B,10014,32
13278,4849,B,10016,13
13279,4850,S,10006,80
13281,4851,B,10016,4
13281,4852,B,10018,4
13281,4853,B,10019,15
13281,4854,B,10019,26
13281,4855,B,10019,38
13283,4856,B,10019,39
13283,4857,B,10019,12
13285,4858,B,10019,9
13285,4859,B,10019,62
13293,4860,S,10006,5
13293,4861,S,10005,25
13309,4862,S,10014,26
13316,4863,B,10017,2
13320,4864,S,10016,20
13323,4865,S,10016,7
13329,4866,S,10016,26
13334,4867,S,10016,1
13334,4868,S,10014,7
13334,4869,S,10009,42
13334,4870,S,10009,29
13336,4871,S,10009,18
13340,4872,S,10009,14
13340,4873,S,10005,1
13341,4874,B,10017,19
13348,4875,S,10017,1
13357,4876,S,10017,30
13358,4877,S,10017,16
13367,4878,S,10005,32
13367,4879,S,10004,35
13369,4880,B,10007,2
13374,4881,B,10007,36
13374,4882,B,10013,60
13383,4883,S,10009,56
13385,4884,S,10009,7
13389,4885,S,10004,4
13389,4886,S,10003,25
13392,4887,B,10006,15
13392,4888,B,10013,21
13392,4889,B,10013,30
13394,4890,S,10003,59
13394,4891,S,10003,22
13396,4892,B,10013,22
13398,4893,B,10013,33
13398,4894,B,10018,14
13403,4895,B,10018,23
13403,4896,B,10019,35
13415,4897,B,10019,1
13420,4898,S,10006,87
13423,4899,S,10006,6
13423,4900,S,10003,35
13426,4901,B,10019,7
13426,4902,B,10019,25
13426,4903,B,10019,62
13433,4904,S,10003,8
13433,4905,S,10001,77
13433,4906,S,10001,10
13436,4907,B,10019,32
13436,4908,B,10019,29
13446,4909,S,10015,64
13452,4910,B,10015,12
13458,4911,S,10014,6
13468,4912,S,10004,67
13470,4913,B,10006,4
13471,4914,S,10004,16
13473,4915,B,10006,80
13492,4916,S,10012,24
13496,4917,B,10015,4
13498,4918,B,10015,5
13498,4919,B,10019,4
13501,4920,B,10019,9
13501,4921,B,10020,2
13506,4922,S,10012,35
13516,4923,B,10017,27
13516,4924,B,10020,15
13516,4925,B,10020,14
13516,4926,B,10020,21
13518,4927,S,10012,17
13518,4928,S,10010,42
13521,4929,B,10020,6
13521,4930,B,10020,44
13522,4931,S,10020,28
13523,4932,S,10020,5
13523,4933,S,10010,12
13523,4934,S,10008,18
13523,4935,S,10007,24
13523,4936,S,10004,17
13523,4937,S,10004,10
13527,4938,B,10021,21
13528,4939,S,10004,37
13532,4940,S,10004,21
13532,4941,S,10002,13
13541,4942,S,10001,11
13546,4943,B,10002,62
13547,4944,S,10001,77
13547,4945,S,10000,3
13555,4946,B,10006,44
13555,4947,B,10008,18
13563,4948,B,10008,27
13563,4949,B,10009,9
13573,4950,B,10009,26
13573,4951,B,10017,39
13573,4952,B,10017,26
13581,4953,B,10017,10
13581,4954,B,10019,54
13581,4955,B,10021,15
13596,4956,B,10016,4
13601,4957,S,10013,11
13603,4958,S,10013,66
13603,4959,S,10013,3
13605,4960,S,10013,60
13605,4961,S,10011,18
13606,4962,S,10011,6
13608,4963,S,10011,2
13613,4964,S,10011,44
13617,4965,B,10019,21
13629,4966,S,10020,60
13639,4967,S,10020,10
13639,4968,S,10011,5
13639,4969,S,10011,3
13640,4970,S,10011,55
13641,4971,B,10011,10
13641,4972,B,10021,38
13641,4973,B,10021,24
13641,4974,B,10021,15
13654,4975,B,10021,36
13660,4976,S,10020,18
13660,4977,S,10017,13
13663,4978,S,10017,25
13668,4979,S,10017,40
13668,4980,S,10012,30
13668,4981,S,10010,29
13669,4982,S,10010,62
13669,4983,S,10007,28
13671,4984,B,10020,7
13671,4985,B,10021,21
13671,4986,B,10021,52
13681,4987,B,10012,23
13681,4988,B,10016,38
13683,4989,S,10007,69
13683,4990,S,10005,5
13688,4991,B,10016,13
13690,4992,S,10005,4
13690,4993,S,10005,36
13690,4994,S,10005,40
13690,4995,S,10005,13
13710,4996,S,10005,77
13714,4997,B,10013,40
13714,4998,B,10016,17
13714,4999,B,10019,18
13714,5000,B,10021,13
13718,5001,S,10005,9
13718,5002,S,10003,2
13718,5003,S,10001,81
13718,5004,S,10000,3
13725,5005,B,10016,24
13725,5006,B,10021,5
13734,5007,B,10007,5
13743,5008,B,10021,6
13747,5009,S,10017,20
13762,5010,S,10017,15
13762,5011,S,10017,28
13765,5012,B,10021,11
13765,5013,B,10021,11
13765,5014,B,10022,66
13767,5015,S,10017,54
13767,5016,S,10006,40
13777,5017,S,10006,8
13777,5018,S,10005,28
13777,5019,S,10004,27
13780,5020,B,10008,17
13786,5021,B,10008,33
13789,5022,B,10008,22
13798,5023,S,10020,6
13798,5024,S,10013,56
13800,5025,B,10022,8
13800,5026,B,10022,39
13800,5027,B,10023,1
13800,5028,B,10023,6
13803,5029,B,10023,25
13806,5030,S,10013,18
13806,5031,S,10013,30
13816,5032,S,10013,65
13816,5033,S,10013,28
13817,5034,S,10013,61
13823,5035,B,10006,82
13826,5036,B,10006,17
13834,5037,B,10023,19
13834,5038,B,10023,63
13835,5039,S,10020,3
13835,5040,S,10011,7
13838,5041,S,10011,43
13846,5042,S,10011,8
13846,5043,S,10004,56
13846,5044,S,10001,12
13860,5045,S,10020,13
13863,5046,B,10015,20
13866,5047,S,10017,59
13876,5048,S,10017,10
13876,5049,S,10016,69
13878,5050,S,10016,29
13878,5051,S,10014,24
13887,5052,S,10014,76
13887,5053,S,10008,14
13889,5054,S,10008,17
13889,5055,S,10005,4
13893,5056,B,10018,41
13893,5057,B,10019,30
13893,5058,B,10023,2
13893,5059,B,10023,4
13905,5060,S,10022,68
13905,5061,S,10019,1
13913,5062,S,10019,78
13915,5063,S,10019,3
13915,5064,S,10014,3
13917,5065,S,10011,1
13917,5066,S,10009,51
13917,5067,S,10005,33
13935,5068,S,10005,62
13935,5069,S,10003,14
13942,5070,S,10003,35
13947,5071,B,10009,65
13951,5072,S,10003,25
13953,5073,S,10003,12
13953,5074,S,10001,29
13953,5075,S,10000,29
13953,5076,S,9999,11
13953,5077,S,9999,3
13953,5078,S,9999,8
13962,5079,S,9999,55
13962,5080,S,9999,25
13970,5081,B,10009,4
13970,5082,B,10012,2
13970,5083,B,10016,15
13970,5084,B,10017,37
13971,5085,B,10019,77
13971,5086,B,10021,9
13972,5087,S,10017,20
13972,5088,S,10001,11
13975,5089,B,10021,11
13978,5090,S,10001,40
13980,5091,B,10010,75
13984,5092,S,10001,20
13984,5093,S,9999,6
13994,5094,S,10004,42
13994,5095,S,9999,23
13995,5096,S,9999,15
14004,5097,B,10010,8
14008,5098,S,10003,6
14014,5099,S,10003,41
14023,5100,S,10004,23
14028,5101,S,10004,34
14028,5102,S,10004,53
14030,5103,B,10005,6
14031,5104,S,10004,11
14031,5105,S,10003,23
14031,5106,S,9999,5
14040,5107,B,10005,1
14040,5108,B,10010,25
14049,5109,B,10010,62
14050,5110,S,10008,45
14056,5111,S,10002,52
14056,5112,S,9999,8
14056,5113,S,9999,3
14056,5114,S,9999,30
14057,5115,S,9999,38
14057,5116,S,9999,37
14061,5117,S,9999,28
14061,5118,S,9999,1
14062,5119,B,10003,16
14069,5120,B,10003,8
14069,5121,B,10003,12
14069,5122,B,10003,21
14071,5123,B,10003,12
14074,5124,S,10007,45
14078,5125,B,10010,1
14078,5126,B,10010,34
14080,5127,B,10010,16
14080,5128,B,10011,29
14080,5129,B,10011,6
14090,5130,S,10007,24
14090,5131,S,9999,25
14090,5132,S,9998,4
14093,5133,B,10001,74
14100,5134,B,10001,1
14100,5135,B,10011,34
14101,5136,B,10011,4
14107,5137,S,9998,43
14107,5138,S,9998,2
14107,5139,S,9998,41
14126,5140,S,10005,36
14127,5141,B,10011,40
14127,5142,B,10012,22
14128,5143,B,10012,22
14135,5144,S,10005,27
14137,5145,S,10005,3
14138,5146,S,9998,22
14138,5147,S,9998,13
14141,5148,B,10005,24
14155,5149,S,10012,8
14155,5150,S,10010,6
14160,5151,S,10010,50
14160,5152,S,10006,23
14162,5153,B,10015,15
14167,5154,B,10015,9
14168,5155,S,10006,2
14170,5156,B,10015,16
14170,5157,B,10015,4
14170,5158,B,10021,45
14173,5159,B,10009,15
14181,5160,S,10016,48
14181,5161,S,10011,37
14182,5162,S,10006,56
14182,5163,S,10005,19
14183,5164,B,10008,9
14185,5165,S,10012,15
14185,5166,S,10005,24
14185,5167,S,10002,34
14185,5168,S,10001,25
14189,5169,B,10004,48
14189,5170,B,10021,21
14189,5171,B,10022,4
14202,5172,B,10008,7
14210,5173,B,10014,21
14211,5174,S,10017,36
14211,5175,S,10009,9
14213,5176,S,10009,69
14221,5177,S,10014,47
14226,5178,B,10014,3
14228,5179,B,10014,26
14228,5180,B,10020,27
14233,5181,S,10013,26
14233,5182,S,10009,22
14233,5183,S,10009,35
14235,5184,S,10009,43
14235,5185,S,10006,30
14237,5186,S,10006,52
14237,5187,S,10001,39
14237,5188,S,10001,5
14247,5189,B,10011,2
14257,5190,B,10011,47
14258,5191,B,10011,28
14259,5192,S,10018,12
14259,5193,S,10009,38
14259,5194,S,10007,33
14272,5195,B,10019,90
14273,5196,S,10017,6
14273,5197,S,10007,14
14275,5198,B,10019,8
14275,5199,B,10020,25
14276,5200,S,10007,29
14276,5201,S,10007,24
14284,5202,S,10010,39
14284,5203,S,10007,11
14293,5204,S,10007,8
14295,5205,B,10012,31
14295,5206,B,10013,65
14296,5207,B,10013,2
14300,5208,S,10010,23
14308,5209,S,10010,29
14310,5210,S,10009,7
14310,5211,S,10007,25
14310,5212,S,10003,35
14310,5213,S,10001,16
14313,5214,S,10001,19
14313,5215,S,10001,20
14313,5216,S,9998,44
14314,5217,S,9998,2
14314,5218,S,9997,50
14318,5219,B,10010,6
14324,5220,B,10003,33
14324,5221,B,10010,47
14327,5222,B,10010,5
14327,5223,B,10013,31
14333,5224,B,10011,22
14337,5225,B,10011,60
14339,5226,B,10011,18
14339,5227,B,10013,1
14339,5228,B,10015,47
14350,5229,B,10009,52
14354,5230,B,10009,28
14354,5231,B,10014,15
14354,5232,B,10015,36
14354,5233,B,10015,5
14354,5234,B,10015,12
14359,5235,S,10003,29
14359,5236,S,9997,39
14359,5237,S,9997,12
14363,5238,B,10005,14
14363,5239,B,10015,41
14363,5240,B,10015,28
14368,5241,B,10015,4
14382,5242,S,10012,12
14382,5243,S,10000,14
14382,5244,S,10000,23
14382,5245,S,9997,42
14382,5246,S,9997,2
14388,5247,S,9997,28
14388,5248,S,9997,13
14390,5249,B,10010,20
14395,5250,B,10010,24
14403,5251,B,9998,9
14403,5252,B,10001,27
14407,5253,B,10001,3
14407,5254,B,10010,33
14407,5255,B,10015,54
14407,5256,B,10016,4
14422,5257,B,10010,24
14422,5258,B,10016,6
14422,5259,B,10019,41
14422,5260,B,10019,7
14430,5261,B,10010,13
14433,5262,S,10010,32
14437,5263,S,10010,54
14437,5264,S,10003,4
14440,5265,S,10003,12
14442,5266,B,10017,5
14448,5267,S,10018,6
14450,5268,S,10018,27
14450,5269,S,10007,15
14454,5270,S,10007,15
14454,5271,S,10003,10
14454,5272,S,9997,1
14454,5273,S,9997,15
14454,5274,S,9997,41
14457,5275,S,9997,10
14457,5276,S,9996,43
14457,5277,S,9996,36
14457,5278,S,9995,4
14462,5279,S,9995,16
14464,5280,B,10008,27
14468,5281,S,10003,20
14469,5282,S,10003,5
14469,5283,S,9995,2
14477,5284,S,10004,45
14479,5285,B,10007,14
14483,5286,S,10013,7
14483,5287,S,10004,2
14483,5288,S,9995,21
14495,5289,B,10002,83
14507,5290,S,10015,14
14507,5291,S,10015,48
14507,5292,S,10007,2
14519,5293,S,10007,2
14521,5294,B,10011,12
14523,5295,S,10007,23
14523,5296,S,10007,23
14531,5297,S,10007,9
14534,5298,S,10007,20
14534,5299,S,10003,15
14534,5300,S,9998,32
14534,5301,S,9997,30
14538,5302,B,10011,74
14538,5303,B,10018,19
14542,5304,S,9997,15
14542,5305,S,9995,45
14542,5306,S,9995,15
14550,5307,S,10017,21
14553,5308,B,10018,44
14555,5309,B,10018,13
14555,5310,B,10020,27
14555,5311,B,10021,46
14557,5312,B,10021,17
14565,5313,S,10020,79
14572,5314,B,10021,62
14572,5315,B,10021,8
14573,5316,S,10020,21
14573,5317,S,10019,21
14573,5318,S,10017,9
14573,5319,S,10016,32
14580,5320,S,10016,14
14586,5321,B,10021,11
14586,5322,B,10022,52
14586,5323,B,10022,8
14587,5324,S,10019,47
14588,5325,S,10019,39
14588,5326,S,10016,9
14593,5327,B,10022,50
14604,5328,S,10016,45
14604,5329,S,10016,6
14604,5330,S,10012,15
14606,5331,B,10022,41
14612,5332,S,10012,24
14614,5333,S,10012,1
14615,5334,S,10012,17
14619,5335,S,10012,12
14619,5336,S,10012,46
14625,5337,S,10012,33
14637,5338,B,10013,80
14638,5339,S,10012,17
14642,5340,S,10003,12
14643,5341,B,10006,50
14643,5342,B,10013,9
14643,5343,B,10017,11
14650,5344,B,10017,25
14651,5345,S,10003,40
14651,5346,S,10003,45
14660,5347,S,10015,23
14663,5348,S,10015,5
14663,5349,S,10009,25
14665,5350,S,10009,54
14669,5351,B,10017,2
14670,5352,S,10009,8
14670,5353,S,10003,14
14676,5354,B,10009,44
14676,5355,B,10017,29
14684,5356,B,10009,17
14684,5357,B,10017,2
14684,5358,B,10017,45
14684,5359,B,10019,6
14692,5360,S,10018,36
14692,5361,S,10007,4
14692,5362,S,10003,10
14696,5363,B,10011,31
14710,5364,S,10006,64
14714,5365,S,10006,10
14714,5366,S,10003,6
14714,5367,S,10003,60
14721,5368,S,10010,45
14722,5369,B,10011,1
14724,5370,S,10010,1
14730,5371,B,10011,28
14731,5372,B,10011,22
14734,5373,B,10018,23
14734,5374,B,10019,26
14734,5375,B,10020,15
14740,5376,S,10012,1
14740,5377,S,10010,14
14740,5378,S,10003,22
14740,5379,S,10002,1
14749,5380,B,10020,57
14752,5381,B,10020,5
14752,5382,B,10021,64
14761,5383,B,10021,27
14761,5384,B,10022,17
14769,5385,S,10012,90
14769,5386,S,10002,1
14773,5387,B,10022,77
14773,5388,B,10022,7
14773,5389,B,10023,5
14775,5390,S,10014,10
14779,5391,S,10015,17
14788,5392,S,10015,77
14788,5393,S,10014,15
14795,5394,S,10021,51
14803,5395,S,10021,37
14803,5396,S,10014,29
14803,5397,S,10002,27
14806,5398,B,10023,9
14808,5399,S,10011,76
14829,5400,B,10012,6
14829,5401,B,10014,22
14829,5402,B,10017,68
14830,5403,B,10017,18
14835,5404,B,10017,7
14835,5405,B,10023,14
14838,5406,S,10011,2
14846,5407,B,10007,33
14852,5408,S,10011,13
14854,5409,S,10011,20
14854,5410,S,10005,31
14859,5411,S,10005,28
14859,5412,S,10003,19
14859,5413,S,10002,32
14860,5414,S,10002,24
14860,5415,S,10001,4
14860,5416,S,10001,9
14862,5417,S,10001,5
14867,5418,B,10009,44
14873,5419,B,10012,35
14873,5420,B,10013,18
14874,5421,B,10013,47
14874,5422,B,10019,14
14876,5423,S,10009,1
14876,5424,S,10001,79
14876,5425,S,10001,9
14878,5426,S,10001,1
14878,5427,S,10001,40
14878,5428,S,10000,3
14888,5429,S,10010,8
14888,5430,S,10000,59
14888,5431,S,10000,25
14888,5432,S,9999,3
14890,5433,B,10019,66
14899,5434,S,9999,84
14899,5435,S,9999,2
14901,5436,S,9999,41
14908,5437,B,10013,72
14908,5438,B,10014,7
14915,5439,B,10014,5
14917,5440,S,10014,82
14918,5441,S,10014,12
14921,5442,B,10019,3
14921,5443,B,10019,26
14923,5444,B,10019,62
14924,5445,B,10019,12
14924,5446,B,10020,5
14924,5447,B,10023,49
14929,5448,S,10017,23
14933,5449,S,10017,4
14933,5450,S,10011,5
14936,5451,B,10011,59
14940,5452,S,10003,77
14942,5453,S,10003,17
14942,5454,S,9999,11
14942,5455,S,9999,32
14950,5456,S,10008,68
14950,5457,S,9999,1
14954,5458,B,10007,87
14954,5459,B,10011,13
14957,5460,S,9999,38
14957,5461,S,9998,21
14961,5462,B,10003,20
14965,5463,B,10007,2
14965,5464,B,10018,20
14966,5465,B,10020,47
14969,5466,S,10018,4
14972,5467,S,10019,55
14975,5468,S,10019,3
14979,5469,S,10018,38
14980,5470,B,10020,30
14980,5471,B,10023,19
14980,5472,B,10023,12
14986,5473,S,10018,18
14986,5474,S,10012,48
14992,5475,S,10012,7
14992,5476,S,10009,32
14997,5477,B,10023,13
15006,5478,S,10019,24
15007,5479,S,10019,70
15015,5480,B,10014,15
15019,5481,S,10015,82
15021,5482,B,10012,3
15021,5483,B,10022,7
15021,5484,B,10023,22
15022,5485,S,10009,32
15031,5486,S,10022,26
15031,5487,S,10009,18
15035,5488,B,10023,42
15035,5489,B,10023,9
15038,5490,S,10009,8
15038,5491,S,10004,33
15038,5492,S,9998,22
15039,5493,S,9998,44
15039,5494,S,9998,34
15056,5495,S,10021,58
15060,5496,S,10021,2
15064,5497,S,10021,21
15064,5498,S,10020,44
15066,5499,S,10020,54
15066,5500,S,10017,21
15068,5501,S,10015,89
15080,5502,S,10010,76
15083,5503,S,10010,3
15083,5504,S,10008,32
15084,5505,S,10008,58
15084,5506,S,9998,37
15091,5507,B,10014,11
15091,5508,B,10016,17
15091,5509,B,10016,45
15096,5510,B,10023,67
15106,5511,B,10023,17
15106,5512,B,10023,21
15106,5513,B,10024,51
15106,5514,B,10024,11
15107,5515,B,10024,39
15108,5516,B,10024,36
15108,5517,B,10024,3
15108,5518,B,10024,20
15108,5519,B,10024,2
15111,5520,S,10015,45
15115,5521,B,10008,51
15118,5522,S,9999,7
15118,5523,S,9998,14
15120,5524,S,9998,11
15128,5525,B,10008,1
15131,5526,S,10010,4
15131,5527,S,10000,13
15146,5528,B,9999,14
15148,5529,B,9999,41
15148,5530,B,10003,53
15165,5531,S,10000,84
15175,5532,B,10003,6
15175,5533,B,10011,30
15177,5534,S,10014,21
15181,5535,S,10001,65
15181,5536,S,10000,2
15183,5537,S,9999,8
15183,5538,S,9998,1
15188,5539,B,10000,27
15188,5540,B,10000,33
15191,5541,B,10000,15
15191,5542,B,10010,1
15191,5543,B,10015,11
15196,5544,S,10003,84
15198,5545,B,10015,60
15206,5546,B,10015,5
15208,5547,S,10016,9
15210,5548,B,10017,25
15210,5549,B,10021,65
15220,5550,S,10016,30
15226,5551,S,10016,11
15232,5552,S,10016,27
15232,5553,S,10008,7
15235,5554,S,10013,60
15238,5555,S,10008,32
15238,5556,S,10006,12
15241,5557,B,10012,32
15241,5558,B,10013,31
15248,5559,S,10006,47
15248,5560,S,10005,35
15251,5561,S,10005,42
15251,5562,S,10003,8
15251,5563,S,10002,2
15259,5564,S,10002,18
15259,5565,S,10002,1
15259,5566,S,9998,2
15259,5567,S,9998,29
15259,5568,S,9997,15
15259,5569,S,9997,3
15259,5570,S,9997,30
15274,5571,B,10012,12
15277,5572,B,10012,27
15277,5573,B,10013,18
15277,5574,B,10014,26
15277,5575,B,10017,19
15277,5576,B,10018,1
15286,5577,S,10011,2
15287,5578,S,10011,5
15297,5579,B,10003,52
15297,5580,B,10003,5
15298,5581,B,10003,12
15302,5582,B,10003,11
15302,5583,B,10006,11
15302,5584,B,10013,47
15320,5585,S,10016,2
15326,5586,B,10017,86
15326,5587,B,10018,3
15330,5588,S,10016,28
15331,5589,S,10016,32
15331,5590,S,10015,2
15331,5591,S,10015,31
15331,5592,S,10008,32
15336,5593,S,10008,31
15341,5594,B,10018,4
15341,5595,B,10019,18
15354,5596,S,10017,5
15354,5597,S,10016,6
15354,5598,S,10008,8
15354,5599,S,10006,61
15362,5600,S,10011,9
15364,5601,B,10018,26
15364,5602,B,10019,19
15366,5603,B,10019,2
15366,5604,B,10021,18
15366,5605,B,10021,20
15368,5606,S,10011,5
15370,5607,B,10021,14
15370,5608,B,10023,13
15374,5609,S,10011,57
15375,5610,S,10011,9
15375,5611,S,10006,19
15375,5612,S,10003,37
15377,5613,S,10003,36
15377,5614,S,10002,64
15379,5615,S,10002,12
15379,5616,S,9998,8
15392,5617,S,9998,25
15392,5618,S,9998,60
15398,5619,B,10010,69
15401,5620,S,10009,91
15401,5621,S,9998,6
15407,5622,B,10010,23
15407,5623,B,10017,17
15416,5624,B,10017,20
15418,5625,S,10007,6
15421,5626,B,10017,13
15421,5627,B,10020,12
15422,5628,S,10021,23
15438,5629,S,10009,47
15442,5630,B,10017,66
15447,5631,S,10009,42
15447,5632,S,10009,25
15447,5633,S,10008,21
15451,5634,B,10010,8
15452,5635,S,10010,40
15452,5636,S,10008,33
15453,5637,S,10008,25
15453,5638,S,10007,8
15453,5639,S,10002,48
15453,5640,S,10002,5
15459,5641,S,10002,59
15459,5642,S,9998,26
15459,5643,S,9998,4
15474,5644,S,10009,51
15479,5645,S,10009,12
15479,5646,S,10003,31
15480,5647,B,10015,65
15480,5648,B,10017,8
15480,5649,B,10020,8
15486,5650,S,10016,8
15487,5651,S,10016,53
15487,5652,S,10003,35
15489,5653,B,10020,3
15489,5654,B,10022,62
15510,5655,S,10018,80
15514,5656,B,10023,18
15515,5657,B,10023,26
15515,5658,B,10023,9
15516,5659,S,10018,20
15516,5660,S,10015,47
15519,5661,S,10020,39
15526,5662,S,10020,9
15527,5663,S,10015,34
15527,5664,S,10006,7
15527,5665,S,10003,12
15527,5666,S,10002,8
15527,5667,S,10000,19
15546,5668,B,10006,35
15546,5669,B,10012,32
15546,5670,B,10021,3
15555,5671,B,10011,1
15559,5672,B,10011,61
15568,5673,S,10001,28
15570,5674,S,10001,11
15574,5675,B,10002,14
15574,5676,B,10009,11
15574,5677,B,10011,29
15574,5678,B,10011,14
15574,5679,B,10015,24
15576,5680,S,10001,12
15576,5681,S,10000,28
15576,5682,S,9998,5
15577,5683,S,9998,40
15577,5684,S,9998,41
15579,5685,S,9998,30
15587,5686,S,10012,24
15587,5687,S,10011,24
15592,5688,B,10012,36
15592,5689,B,10015,27
15592,5690,B,10019,6
15596,5691,B,10019,55
15597,5692,S,10011,70
15599,5693,B,9999,12
15608,5694,B,10019,10
15608,5695,B,10021,10
15608,5696,B,10021,21
15612,5697,B,10021,14
15612,5698,B,10022,14
15614,5699,S,10017,9
15622,5700,B,10022,62
15623,5701,S,10017,11
15623,5702,S,10008,27
15631,5703,B,10023,27
15631,5704,B,10023,4
15631,5705,B,10024,28
15631,5706,B,10024,8
15636,5707,B,10018,74
15636,5708,B,10024,4
15637,5709,B,10024,49
15639,5710,S,10017,22
15639,5711,S,10015,22
15640,5712,S,10015,2
15640,5713,S,10008,62
15644,5714,B,10024,6
15644,5715,B,10024,43
15648,5716,B,10024,24
15651,5717,S,10008,8
15651,5718,S,10003,9
15651,5719,S,10001,19
15663,5720,B,10003,54
15664,5721,B,10003,33
15664,5722,B,10010,11
15668,5723,S,10009,12
15670,5724,B,10010,19
15673,5725,S,10011,30
15673,5726,S,10009,20
15685,5727,S,10011,76
15685,5728,S,10009,10
15692,5729,S,10009,6
15692,5730,S,10004,5
15692,5731,S,10003,66
15699,5732,S,10007,77
15699,5733,S,10005,11
15709,5734,S,10005,33
15713,5735,S,10005,24
15713,5736,S,10003,24
15713,5737,S,10001,6
15714,5738,S,10001,19
15714,5739,S,10001,8
15714,5740,S,10001,3
15714,5741,S,9999,28
15714,5742,S,9998,20
15714,5743,S,9997,9
15714,5744,S,9997,10
15724,5745,B,10004,29
15724,5746,B,10006,35
15725,5747,S,10000,16
15725,5748,S,9997,30
15728,5749,B,10002,59
15731,5750,B,10002,11
15733,5751,S,10003,43
15735,5752,B,10006,15
15737,5753,S,10003,43
15737,5754,S,9997,14
15737,5755,S,9997,40
15750,5756,B,10006,26
15756,5757,S,10008,3
15756,5758,S,9999,19
15761,5759,S,9999,3
15762,5760,S,9999,54
15767,5761,S,10010,2
15769,5762,B,10011,35
15775,5763,B,10011,38
15775,5764,B,10012,33
15775,5765,B,10012,26
15782,5766,B,10012,13
15796,5767,S,10011,35
15796,5768,S,10010,43
15803,5769,S,10010,16
15807,5770,S,10009,64
15809,5771,S,10009,23
15811,5772,S,10009,8
15811,5773,S,10005,76
15814,5774,B,10010,5
15814,5775,B,10012,59
15814,5776,B,10013,17
15816,5777,S,10005,9
15816,5778,S,10003,23
15817,5779,B,10013,10
15819,5780,B,10013,9
15824,5781,B,10013,7
15824,5782,B,10014,45
15833,5783,S,10008,8
15833,5784,S,10003,44
15833,5785,S,10002,42
15835,5786,B,10014,17
15835,5787,B,10015,12
15840,5788,S,10002,20
15840,5789,S,10001,30
15848,5790,S,10001,9
15859,5791,B,10003,6
15863,5792,B,10003,20
15870,5793,B,10003,6
15870,5794,B,10003,7
15871,5795,S,10000,21
15874,5796,B,10004,14
15874,5797,B,10014,44
15874,5798,B,10015,15
15879,5799,S,10000,9
15879,5800,S,9999,5
15879,5801,S,9998,34
15879,5802,S,9997,10
15885,5803,B,10015,42
15895,5804,S,10008,66
15897,5805,S,10001,53
15897,5806,S,10000,43
15903,5807,S,10000,43
15903,5808,S,9997,2
15905,5809,B,10006,34
15905,5810,B,10011,21
15907,5811,S,9997,7
15909,5812,B,10011,7
15909,5813,B,10015,20
15909,5814,B,10016,69
15922,5815,B,10003,9
15925,5816,S,9997,40
15925,5817,S,9997,8
15927,5818,B,10003,33
15937,5819,S,9997,71
15937,5820,S,9997,2
15937,5821,S,9997,4
15942,5822,B,10003,48
15942,5823,B,10010,39
15945,5824,B,10010,27
15945,5825,B,10013,2
15953,5826,B,10013,17
15960,5827,B,10013,31
15961,5828,B,10013,6
15962,5829,S,10011,74
15962,5830,S,10009,16
15966,5831,S,10009,8
15966,5832,S,9997,92
15986,5833,S,10009,39
15988,5834,S,10009,57
15988,5835,S,10009,8
15990,5836,S,10009,48
15990,5837,S,10007,23
15999,5838,B,10013,6
15999,5839,B,10014,5
15999,5840,B,10015,14
15999,5841,B,10016,18
16000,5842,B,10016,4
16008,5843,S,10012,21
16008,5844,S,10007,1
16008,5845,S,9998,38
16008,5846,S,9997,2
16008,5847,S,9996,8
16010,5848,B,10014,15
16010,5849,B,10016,5
16010,5850,B,10016,1
16023,5851,S,10009,22
16027,5852,S,10009,4
16027,5853,S,10007,32
16031,5854,S,10004,57
16035,5855,S,10004,10
16035,5856,S,9996,4
16035,5857,S,9996,56
16038,5858,B,10005,25
16038,5859,B,10009,31
16042,5860,B,10009,16
16042,5861,B,10011,3
16047,5862,S,9996,40
16048,5863,S,9996,74
16058,5864,B,10008,6
16058,5865,B,10011,10
16059,5866,B,10011,60
16059,5867,B,10016,10
16059,5868,B,10017,16
16061,5869,S,9996,22
16061,5870,S,9996,31
16061,5871,S,9995,40
16063,5872,B,10017,77
16065,5873,B,10017,3
16065,5874,B,10017,90
16073,5875,B,10017,4
16073,5876,B,10017,20
16074,5877,S,10009,54
16082,5878,B,10017,48
16082,5879,B,10018,38
16098,5880,S,10009,5
16102,5881,S,10006,29
16102,5882,S,10001,31
16104,5883,S,10001,18
16107,5884,B,10018,16
16107,5885,B,10018,27
16110,5886,S,10001,15
16111,5887,S,10001,29
16111,5888,S,9999,2
16114,5889,B,10012,57
16114,5890,B,10018,25
16114,5891,B,10019,6
16116,5892,B,10011,35
16119,5893,B,10011,25
16122,5894,B,10011,28
16122,5895,B,10019,22
16126,5896,B,10019,52
16126,5897,B,10019,40
16129,5898,B,10019,20
16129,5899,B,10020,3
16142,5900,S,9999,7
16142,5901,S,9996,15
16142,5902,S,9996,4
16146,5903,B,10001,38
16146,5904,B,10008,54
16147,5905,S,9996,54
16151,5906,B,10008,7
16151,5907,B,10019,19
16157,5908,B,10008,2
16161,5909,B,10008,2
16161,5910,B,10009,84
16161,5911,B,10019,14
16172,5912,B,9998,27
16176,5913,S,9996,13
16185,5914,B,9998,11
16187,5915,S,10002,26
16187,5916,S,9996,2
16188,5917,B,10014,2
16195,5918,S,10013,17
16201,5919,S,10013,7
16203,5920,S,10013,23
16206,5921,B,10014,18
16207,5922,B,10014,48
16207,5923,B,10017,26
16207,5924,B,10019,20
16207,5925,B,10019,6
16215,5926,S,10013,9
16217,5927,B,10003,21
16230,5928,B,9997,16
16233,5929,B,9997,62
16240,5930,B,9997,18
16240,5931,B,10003,5
16251,5932,S,10017,12
16253,5933,S,10017,55
16263,5934,S,10017,7
16269,5935,S,10001,54
16276,5936,B,9998,7
16276,5937,B,10011,15
16279,5938,B,10011,40
16279,5939,B,10019,12
16281,5940,S,9996,4
16291,5941,S,9996,10
16291,5942,S,9996,25
16291,5943,S,9995,12
16295,5944,B,10008,13
16296,5945,B,10008,21
16298,5946,S,9995,8
16311,5947,B,9996,19
16312,5948,S,9995,27
16318,5949,B,9996,20
16318,5950,B,10003,31
16319,5951,B,10003,12
16322,5952,B,10008,10
16324,5953,S,10007,23
16324,5954,S,9995,3
16324,5955,S,9995,28
16330,5956,B,10001,11
16330,5957,B,10008,13
16330,5958,B,10008,61
16335,5959,S,9995,38
16335,5960,S,9995,29
16335,5961,S,9995,32
16343,5962,B,9998,74
16347,5963,S,9995,17
16347,5964,S,9995,74
16353,5965,S,9995,14
16353,5966,S,9995,61
16355,5967,B,9998,13
16370,5968,S,10005,12
16372,5969,S,10005,6
16373,5970,B,10008,13
16390,5971,S,10008,16
16390,5972,S,10005,41
16390,5973,S,9995,21
16391,5974,B,10010,9
16407,5975,S,9996,21
16414,5976,B,9999,3
16414,5977,B,10010,22
16414,5978,B,10013,21
16416,5979,S,9996,45
16416,5980,S,9995,2
16419,5981,B,10013,31
16426,5982,S,10008,8
16430,5983,S,10008,52
16430,5984,S,10005,29
16437,5985,S,10005,24
16437,5986,S,9995,13
16437,5987,S,9995,46
16439,5988,B,10003,17
16439,5989,B,10012,21
16444,5990,B,10012,3
16444,5991,B,10013,19
16444,5992,B,10013,34
16452,5993,B,9996,12
16452,5994,B,10005,16
16459,5995,B,10005,64
16459,5996,B,10006,2
16459,5997,B,10013,23
16469,5998,S,10009,23
16469,5999,S,10009,14
16469,6000,S,9995,10
16474,6001,S,9994,78
16474,6002,S,9994,5
16475,6003,B,9995,44
16479,6004,S,10007,11
16479,6005,S,9994,76
16479,6006,S,9994,11
16479,6007,S,9994,1
16480,6008,S,9994,8
16480,6009,S,9994,28
16480,6010,S,9994,8
16482,6011,S,9994,35
16482,6012,S,9994,46
16486,6013,B,9998,2
16487,6014,S,9993,5
16487,6015,S,9993,38
16487,6016,S,9993,24
16487,6017,S,9993,6
16493,6018,B,9998,11
16494,6019,S,9993,58
16494,6020,S,9993,5
16502,6021,B,9997,26
16502,6022,B,9998,34
16502,6023,B,10013,7
16502,6024,B,10014,15
16502,6025,B,10014,10
16503,6026,B,10014,19
16512,6027,B,10014,37
16512,6028,B,10016,22
16513,6029,S,10006,38
16518,6030,B,10016,40
16532,6031,S,10006,26
16537,6032,S,10006,25
16537,6033,S,9999,46
16540,6034,B,10008,31
16540,6035,B,10017,29
16540,6036,B,10018,17
16541,6037,B,10018,2
16546,6038,B,10018,28
16546,6039,B,10018,32
16553,6040,S,10014,31
16554,6041,S,10007,15
16554,6042,S,9999,23
16558,6043,S,9999,14
16561,6044,S,9997,11
16573,6045,B,10014,17
16582,6046,S,10008,29
16582,6047,S,9997,62
16582,6048,S,9997,8
16583,6049,S,9996,38
16583,6050,S,9993,22
16587,6051,B,10014,10
16590,6052,S,9993,6
16590,6053,S,9993,17
16605,6054,B,10002,43
16611,6055,B,10002,5
16611,6056,B,10006,4
16622,6057,B,10006,27
16634,6058,S,10004,15
16635,6059,S,10004,28
16635,6060,S,10001,29
16636,6061,S,10001,70
16638,6062,B,10006,43
16638,6063,B,10015,12
16648,6064,B,10015,3
16648,6065,B,10018,16
16648,6066,B,10018,19
16651,6067,S,10011,64
16651,6068,S,9999,35
16658,6069,B,10018,2
16661,6070,B,10018,1
16661,6071,B,10019,10
16661,6072,B,10019,68
16674,6073,B,10017,56
16674,6074,B,10019,31
16674,6075,B,10019,4
16679,6076,S,10014,63
16689,6077,S,10014,18
16689,6078,S,10009,22
16689,6079,S,10005,49
16697,6080,S,10013,20
16697,6081,S,10007,71
16697,6082,S,10005,7
16699,6083,B,10019,12
16699,6084,B,10019,20
16699,6085,B,10020,47
16706,6086,S,10005,28
16706,6087,S,9997,52
16706,6088,S,9996,17
16710,6089,S,10016,66
16711,6090,S,10016,26
16711,6091,S,9996,33
16714,6092,S,9996,7
16714,6093,S,9996,3
16719,6094,S,10015,6
16722,6095,S,10015,65
16726,6096,B,10019,7
16728,6097,S,10015,28
16728,6098,S,9997,62
16728,6099,S,9996,8
16736,6100,S,10013,15
16736,6101,S,9996,35
16744,6102,S,10004,29
16747,6103,S,10004,12
16747,6104,S,9996,16
16747,6105,S,9995,18
16752,6106,S,9995,12
16753,6107,S,9995,2
16753,6108,S,9995,37
16762,6109,B,10000,15
16764,6110,B,10000,59
16767,6111,B,10000,5
16767,6112,B,10000,88
16767,6113,B,10017,2
16775,6114,B,10017,51
16776,6115,S,10017,12
16780,6116,B,10018,10
16780,6117,B,10019,35
16780,6118,B,10020,2
16780,6119,B,10020,40
16781,6120,S,10012,6
16781,6121,S,9999,26
16781,6122,S,9995,1
16781,6123,S,9994,17
16798,6124,B,10014,18
16804,6125,S,10015,3
16804,6126,S,9998,80
16812,6127,S,9998,10
16812,6128,S,9997,83
16814,6129,S,9997,9
16814,6130,S,9994,36
16822,6131,S,9994,30
16822,6132,S,9993,1
16828,6133,B,10002,13
16828,6134,B,10008,17
16828,6135,B,10014,14
16841,6136,S,10004,30
16844,6137,S,10004,26
16844,6138,S,10003,14
16848,6139,B,10004,51
16854,6140,B,10004,1
16854,6141,B,10014,3
16854,6142,B,10015,45
16854,6143,B,10016,38
16857,6144,S,10003,42
16857,6145,S,10000,12
16859,6146,S,10000,17
16866,6147,B,10007,22
16866,6148,B,10016,45
16866,6149,B,10018,28
16867,6150,B,10018,9
16869,6151,S,10000,23
16869,6152,S,9998,43
16869,6153,S,9995,26
16869,6154,S,9993,2
16875,6155,B,10018,15
16878,6156,B,10018,43
16879,6157,S,10015,37
16882,6158,B,10018,2
16882,6159,B,10018,34
16882,6160,B,10020,5
16882,6161,B,10020,14
16886,6162,S,10015,59
16886,6163,S,10014,38
16887,6164,B,10020,23
16887,6165,B,10020,70
16899,6166,S,10014,13
16909,6167,B,10016,35
16911,6168,B,10016,18
16911,6169,B,10020,8
16911,6170,B,10020,9
16911,6171,B,10020,33
16913,6172,S,10015,1
16921,6173,S,10015,6
16921,6174,S,10014,22
16923,6175,S,10014,1
16931,6176,S,9993,33
16931,6177,S,9993,60
16939,6178,B,9994,3
16940,6179,S,9997,17
16948,6180,B,10005,72
16954,6181,B,10005,26
16954,6182,B,10012,27
16958,6183,S,10004,52
16963,6184,S,10004,19
16963,6185,S,9997,70
16967,6186,B,9997,7
16972,6187,B,10012,6
16972,6188,B,10014,66
16973,6189,B,10015,12
16974,6190,B,10015,5
16977,6191,S,10016,6
16977,6192,S,10008,75
16977,6193,S,9993,5
16977,6194,S,9993,2
16983,6195,B,10020,8
16986,6196,B,10020,24
16988,6197,B,10020,13
16994,6198,S,10020,13
16997,6199,S,10020,6
17001,6200,B,10021,15
17002,6201,S,10020,5
17002,6202,S,10014,82
17011,6203,S,10017,33
17011,6204,S,10014,15
17011,6205,S,10013,29
17034,6206,S,10013,33
17035,6207,S,10013,32
17035,6208,S,10013,16
17036,6209,S,10013,1
17036,6210,S,10013,5
17046,6211,S,10015,56
17048,6212,S,10015,14
17048,6213,S,10012,44
17051,6214,B,10017,80
17056,6215,B,10017,2
17056,6216,B,10021,61
17064,6217,S,10012,28
17064,6218,S,10012,35
17064,6219,S,10009,13
17066,6220,S,10009,10
17066,6221,S,10006,60
17066,6222,S,10005,12
17075,6223,B,10008,42
17075,6224,B,10020,49
17075,6225,B,10021,6
17079,6226,S,10005,10
17091,6227,S,10011,50
17091,6228,S,10005,6
17093,6229,B,10016,58
17094,6230,S,10012,87
17099,6231,B,10009,1
17100,6232,S,10013,26
17102,6233,S,10013,31
17109,6234,S,10013,27
17112,6235,S,10006,42
17113,6236,S,10006,30
17113,6237,S,10005,67
17113,6238,S,10003,3
17116,6239,B,10012,50
17116,6240,B,10012,23
17119,6241,B,10012,7
17124,6242,S,10003,56
17125,6243,B,10003,22
17125,6244,B,10012,30
17140,6245,B,10012,5
17142,6246,S,10012,46
17142,6247,S,10006,2
17142,6248,S,10002,8
17144,6249,S,10002,73
17144,6250,S,10002,3
17149,6251,S,10002,44
17149,6252,S,10000,28
17149,6253,S,10000,15
17160,6254,S,10000,6
17160,6255,S,10000,80
17160,6256,S,10000,9
17164,6257,S,10000,41
17164,6258,S,9998,27
17165,6259,B,10015,47
17165,6260,B,10015,8
17171,6261,S,9998,10
17171,6262,S,9996,1
17171,6263,S,9995,13
17171,6264,S,9995,54
17171,6265,S,9995,15
17171,6266,S,9994,2
17174,6267,B,10002,67
17176,6268,S,9994,46
17189,6269,B,9997,19
17189,6270,B,10000,15
17191,6271,B,10000,60
17197,6272,B,9999,30
17197,6273,B,10000,25
17197,6274,B,10002,21
17197,6275,B,10004,1
17197,6276,B,10011,18
17203,6277,B,10015,48
17204,6278,B,10015,1
17204,6279,B,10015,70
17204,6280,B,10016,10
17209,6281,B,10016,30
17209,6282,B,10017,10
17209,6283,B,10017,6
17218,6284,B,10017,56
17218,6285,B,10018,35
17227,6286,S,10004,3
17233,6287,B,10000,28
17233,6288,B,10007,16
17234,6289,S,9999,13
17235,6290,B,10007,20
17238,6291,S,9999,10
17249,6292,S,10000,21
17250,6293,B,10007,11
17252,6294,B,10007,5
17255,6295,S,10017,40
17269,6296,B,10018,4
17269,6297,B,10018,8
17272,6298,S,10017,12
17278,6299,S,10017,18
17278,6300,S,10012,21
17289,6301,B,10018,3
17291,6302,B,10018,50
17291,6303,B,10019,15
17296,6304,S,10015,27
17296,6305,S,10015,34
17299,6306,S,10015,22
17299,6307,S,10012,6
17301,6308,S,10012,45
17302,6309,B,10007,22
17306,6310,S,10001,35
17306,6311,S,10000,30
17313,6312,B,10007,10
17316,6313,S,10014,40
17316,6314,S,10000,37
17325,6315,S,10000,10
17325,6316,S,10000,21
17327,6317,B,10001,20
17342,6318,S,10006,3
17343,6319,B,10016,22
17351,6320,S,10006,10
17351,6321,S,10001,76
17351,6322,S,10000,10
17361,6323,S,10010,30
17366,6324,B,10014,47
17370,6325,S,10015,44
17371,6326,S,10015,3
17371,6327,S,10010,14
17378,6328,B,10016,75
17378,6329,B,10016,25
17383,6330,B,10016,10
17388,6331,B,10016,11
17388,6332,B,10017,6
17388,6333,B,10018,1
17388,6334,B,10019,59
17388,6335,B,10019,14
17390,6336,S,10010,28
17391,6337,B,10003,9
17399,6338,S,10000,23
17399,6339,S,10000,4
17399,6340,S,10000,40
17399,6341,S,9998,15
17408,6342,B,9998,16
17408,6343,B,10001,49
17408,6344,B,10003,17
17409,6345,S,9997,10
17414,6346,B,10019,16
17414,6347,B,10021,9
17414,6348,B,10021,46
17417,6349,S,9997,72
17425,6350,S,9998,40
17425,6351,S,9997,5
17425,6352,S,9997,42
17427,6353,S,9997,18
17427,6354,S,9997,21
17430,6355,B,10009,3
17436,6356,B,10009,50
17436,6357,B,10011,16
17438,6358,B,10011,30
17438,6359,B,10017,6
17438,6360,B,10021,53
17438,6361,B,10021,6
17458,6362,B,10010,22
17463,6363,S,10008,17
17463,6364,S,10003,83
17477,6365,S,10017,43
17486,6366,S,10017,18
17486,6367,S,10016,9
17500,6368,S,10016,76
17502,6369,S,10016,1
17502,6370,S,10011,3
17503,6371,S,10011,52
17504,6372,S,10011,24
17504,6373,S,10007,39
17504,6374,S,10006,3
17512,6375,S,10001,86
17515,6376,B,10021,19
17515,6377,B,10021,38
17515,6378,B,10021,7
17515,6379,B,10021,10
17526,6380,S,10014,10
17537,6381,S,10014,32
17537,6382,S,10002,17
17539,6383,S,10002,36
17539,6384,S,10001,14
17539,6385,S,10001,20
17539,6386,S,10000,7
17543,6387,B,10014,12
17549,6388,S,10003,25
17561,6389,B,10008,65
17561,6390,B,10010,22
17563,6391,B,10010,28
17581,6392,S,10007,30
17581,6393,S,10006,45
17584,6394,S,10006,9
17584,6395,S,10003,23
17584,6396,S,10001,26
17584,6397,S,10000,40
17589,6398,S,10000,11
17589,6399,S,10000,3
17611,6400,B,10008,32
17611,6401,B,10010,27
17611,6402,B,10014,41
17612,6403,B,10014,30
17612,6404,B,10015,11
17624,6405,B,10015,49
17624,6406,B,10016,10
17627,6407,B,10016,46
17627,6408,B,10019,41
17637,6409,S,10013,21
17637,6410,S,10007,25
17643,6411,S,10007,56
17647,6412,S,10007,8
17647,6413,S,10007,18
17650,6414,B,10011,49
17652,6415,S,10007,18
17654,6416,B,10011,26
17654,6417,B,10013,13
17662,6418,B,10013,6
17662,6419,B,10019,8
17662,6420,B,10020,24
17664,6421,B,10020,13
17664,6422,B,10021,35
17664,6423,B,10021,28
17667,6424,B,10021,7
17669,6425,B,10021,7
17669,6426,B,10021,6
17673,6427,S,10010,9
17673,6428,S,10007,27
17676,6429,S,10007,16
17676,6430,S,10004,81
17678,6431,B,10021,21
17678,6432,B,10022,14
17678,6433,B,10022,64
17683,6434,S,10004,7
17683,6435,S,10003,52
17694,6436,B,10003,13
17702,6437,B,10016,77
17702,6438,B,10022,14
17715,6439,S,10005,4
17715,6440,S,10000,29
17718,6441,B,10012,16
17720,6442,B,10017,47
17720,6443,B,10018,9
17722,6444,S,10014,2
17728,6445,B,10018,3
17728,6446,B,10022,22
17728,6447,B,10022,27
17735,6448,S,10014,3
17735,6449,S,10012,9
17740,6450,S,10012,31
17740,6451,S,10001,15
17746,6452,S,10007,58
17747,6453,S,10001,35
17747,6454,S,10000,18
17747,6455,S,10000,2
17749,6456,B,10002,24
17752,6457,B,10016,13
17752,6458,B,10022,70
17752,6459,B,10022,9
17753,6460,B,10022,35
17753,6461,B,10022,33
17757,6462,S,10006,23
17758,6463,S,10006,25
17758,6464,S,10000,30
17782,6465,B,10010,69
17782,6466,B,10011,3
17787,6467,B,10009,73
17787,6468,B,10011,27
17791,6469,S,10008,52
17793,6470,S,10008,8
17800,6471,S,10010,83
17805,6472,S,10010,3
17805,6473,S,10010,39
17805,6474,S,10010,23
17805,6475,S,10008,9
17810,6476,S,10008,4
17811,6477,S,10008,4
17811,6478,S,10005,14
17813,6479,B,10011,25
17819,6480,S,10005,4
17827,6481,B,10011,8
17831,6482,B,10011,35
17831,6483,B,10013,8
17833,6484,B,10013,4
17833,6485,B,10016,6
17836,6486,S,10010,7
17836,6487,S,10006,12
17836,6488,S,10005,56
17838,6489,B,10016,33
17838,6490,B,10022,2
17838,6491,B,10022,2
17843,6492,S,10021,14
17844,6493,S,10021,34
17853,6494,B,10022,6
17873,6495,S,10021,12
17881,6496,S,10018,51
17886,6497,S,10018,15
17886,6498,S,10012,14
17889,6499,S,10012,4
17898,6500,S,10018,48
17899,6501,S,10012,10
17899,6502,S,10009,47
17900,6503,S,10009,7
17900,6504,S,10007,68
17900,6505,S,10007,21
17908,6506,B,10017,11
17911,6507,S,10019,27
17921,6508,S,10020,99
17921,6509,S,10019,1
17925,6510,S,10019,8
17927,6511,S,10019,25
17927,6512,S,10018,75
17938,6513,S,10018,8
17940,6514,B,10021,63
17942,6515,S,10018,6
17942,6516,S,10017,72
17943,6517,S,10017,22
17943,6518,S,10015,40
17948,6519,S,10015,22
17954,6520,S,10009,16
17954,6521,S,10007,18
17954,6522,S,10005,14
17956,6523,B,10005,1
17956,6524,B,10015,34
17960,6525,S,10004,46
17960,6526,S,10004,11
17962,6527,B,10015,40
17962,6528,B,10021,31
17964,6529,S,10014,29
17964,6530,S,10004,45
17966,6531,B,10022,23
17978,6532,S,10018,81
17980,6533,S,10021,17
17981,6534,S,10021,9
17981,6535,S,10018,8
17985,6536,B,10022,17
17985,6537,B,10022,24
17986,6538,S,10018,10
17986,6539,S,10004,1
17986,6540,S,10003,18
17986,6541,S,10001,37
17986,6542,S,10001,29
17989,6543,B,10012,7
17989,6544,B,10022,40
17989,6545,B,10023,8
17992,6546,B,10023,27
17995,6547,S,10010,23
17995,6548,S,10009,32
18002,6549,B,10010,30
18002,6550,B,10023,39
18002,6551,B,10023,1
18002,6552,B,10023,3
18003,6553,S,10009,13
18003,6554,S,10008,33
18003,6555,S,10001,2
18007,6556,B,10023,7
18011,6557,S,10001,42
18011,6558,S,10001,3
18011,6559,S,10000,42
18015,6560,B,10023,7
18026,6561,S,10008,1
18031,6562,S,10009,37
18037,6563,B,10013,65
18038,6564,B,10023,46
18038,6565,B,10023,1
18040,6566,B,10023,35
18046,6567,S,10016,27
18052,6568,S,10009,27
18052,6569,S,10008,2
18059,6570,S,10008,37
18064,6571,B,10013,37
18064,6572,B,10014,9
18064,6573,B,10018,49
18068,6574,S,10008,22
18070,6575,S,10008,28
18070,6576,S,10008,28
18070,6577,S,10008,7
18070,6578,S,10007,18
18074,6579,S,10007,40
18075,6580,B,10011,55
18078,6581,B,10018,41
18078,6582,B,10023,7
18078,6583,B,10023,30
18098,6584,S,10012,1
18098,6585,S,10012,38
18098,6586,S,10007,6
18110,6587,B,10010,86
18111,6588,S,10007,18
18118,6589,S,10006,21
18118,6590,S,10003,21
18119,6591,S,10003,30
18119,6592,S,10003,10
18119,6593,S,10000,4
18119,6594,S,10000,15
18119,6595,S,10000,30
18125,6596,B,10005,80
18125,6597,B,10007,12
18129,6598,B,10007,7
18129,6599,B,10010,10
18129,6600,B,10011,6
18129,6601,B,10016,13
18135,6602,S,10000,33
18135,6603,S,9999,15
18135,6604,S,9999,26
18144,6605,B,10016,60
18145,6606,B,10016,17
18145,6607,B,10018,30
18145,6608,B,10023,3
18150,6609,S,10001,23
18150,6610,S,9999,42
18150,6611,S,9999,33
18156,6612,B,10003,27
18157,6613,B,10003,28
18158,6614,B,10003,22
18158,6615,B,10018,53
18172,6616,B,10018,41
18173,6617,B,10018,2
18174,6618,S,10018,77
18179,6619,S,10011,57
18182,6620,B,10017,3
18182,6621,B,10023,21
18195,6622,B,10023,41
18195,6623,B,10024,40
18197,6624,B,10024,13
18197,6625,B,10024,44
18197,6626,B,10024,13
18199,6627,B,10024,1
18199,6628,B,10024,33
18203,6629,B,10024,57
18203,6630,B,10024,6
18203,6631,B,10024,15
18203,6632,B,10024,4
18205,6633,S,10022,13
18205,6634,S,10011,28
18205,6635,S,10010,17
18211,6636,S,10010,2
18217,6637,S,10010,11
18222,6638,S,10010,33
18222,6639,S,10010,17
18229,6640,S,10010,1
18229,6641,S,10006,22
18229,6642,S,10005,18
18229,6643,S,10001,14
18231,6644,B,10016,54
18231,6645,B,10018,8
18246,6646,S,10013,44
18251,6647,B,10014,55
18259,6648,S,10013,2
18259,6649,S,10012,6
18261,6650,S,10012,12
18261,6651,S,10012,8
18261,6652,S,10001,63
18273,6653,S,10005,18
18273,6654,S,10001,18
18273,6655,S,10000,20
18276,6656,S,10000,15
18276,6657,S,9999,35
18285,6658,S,10007,2
18286,6659,S,10007,48
18301,6660,B,10006,12
18301,6661,B,10008,6
18313,6662,B,10005,3
18315,6663,B,10005,7
18315,6664,B,10007,22
18318,6665,B,10007,13
18321,6666,B,10007,11
18328,6667,B,10007,29
18341,6668,B,10007,7
18344,6669,B,10007,6
18344,6670,B,10008,8
18358,6671,S,10003,42
18358,6672,S,10001,42
18358,6673,S,10000,4
18363,6674,S,10000,23
18381,6675,B,10005,7
18381,6676,B,10008,24
18383,6677,B,10008,41
18383,6678,B,10010,18
18383,6679,B,10012,37
18390,6680,S,10003,27
18390,6681,S,10002,51
18393,6682,B,10012,17
18393,6683,B,10014,6
18416,6684,B,10014,23
18416,6685,B,10014,5
18417,6686,B,10014,69
18417,6687,B,10014,1
18417,6688,B,10018,20
18429,6689,B,10018,30
18429,6690,B,10018,42
18430,6691,S,10008,39
18430,6692,S,10005,5
18443,6693,B,10018,2
18443,6694,B,10018,61
18446,6695,B,10018,2
18446,6696,B,10020,83
18446,6697,B,10020,15
18447,6698,S,10008,13
18447,6699,S,10005,9
18449,6700,B,10020,41
18449,6701,B,10020,56
18451,6702,B,10020,20
18455,6703,S,10005,81
18455,6704,S,10003,5
18460,6705,S,10007,16
18463,6706,S,10007,20
18464,6707,B,10014,79
18464,6708,B,10023,10
18468,6709,B,10019,1
18486,6710,S,10015,10
18492,6711,S,10015,50
18494,6712,B,10017,55
18494,6713,B,10017,21
18501,6714,S,10015,40
18501,6715,S,10010,34
18515,6716,B,10016,25
18518,6717,S,10010,59
18526,6718,S,10010,6
18526,6719,S,10008,36
18526,6720,S,10007,26
18526,6721,S,10003,15
18527,6722,S,10003,65
18532,6723,B,10009,30
18538,6724,B,10009,54
18538,6725,B,10016,25
18549,6726,S,10007,15
18549,6727,S,10003,13
18549,6728,S,10003,47
18555,6729,B,10012,18
18555,6730,B,10016,8
18555,6731,B,10017,15
18558,6732,B,10017,8
18558,6733,B,10019,42
18564,6734,B,10010,32
18568,6735,B,10010,19
18568,6736,B,10015,11
18570,6737,B,10015,64
18572,6738,S,10015,32
18572,6739,S,10006,68
18574,6740,B,10019,45
18578,6741,B,10010,39
18578,6742,B,10019,6
18578,6743,B,10020,5
18589,6744,S,10006,16
18589,6745,S,10005,20
18589,6746,S,10003,5
18589,6747,S,10003,5
18590,6748,S,10003,46
18591,6749,S,10003,33
18593,6750,B,10003,2
18595,6751,S,10003,19
18598,6752,B,10009,2
18602,6753,B,10009,2
18608,6754,S,10003,3
18612,6755,B,10007,38
18612,6756,B,10009,32
18614,6757,B,10009,11
18615,6758,S,10003,1
18615,6759,S,10002,49
18615,6760,S,10002,32
18617,6761,B,10009,22
18617,6762,B,10012,32
18621,6763,B,10012,33
18628,6764,S,10013,61
18628,6765,S,10002,11
18634,6766,B,10019,22
18634,6767,B,10020,27
18634,6768,B,10022,13
18637,6769,S,10018,88
18640,6770,B,10022,19
18642,6771,S,10018,6
18642,6772,S,10016,31
18642,6773,S,10003,8
18648,6774,S,10021,49
18649,6775,B,10022,25
18666,6776,B,10011,68
18669,6777,S,10003,3
18669,6778,S,10002,12
18669,6779,S,10002,5
18672,6780,B,10011,7
18672,6781,B,10011,35
18676,6782,B,10011,15
18676,6783,B,10013,72
18684,6784,B,10013,10
18684,6785,B,10013,29
18684,6786,B,10020,7
18686,6787,S,10021,28
18687,6788,S,10021,9
18697,6789,S,10018,28
18697,6790,S,10002,64
18697,6791,S,10001,7
18704,6792,B,10008,48
18708,6793,S,10019,12
18708,6794,S,10001,19
18728,6795,B,10015,25
18737,6796,B,10017,18
18748,6797,B,10017,62
18748,6798,B,10019,19
18754,6799,S,10016,40
18754,6800,S,10014,1
18758,6801,S,10009,43
18763,6802,B,10011,6
18765,6803,B,10011,2
18765,6804,B,10019,22
18769,6805,B,10019,5
18769,6806,B,10019,57
18769,6807,B,10021,14
18772,6808,S,10009,11
18783,6809,B,10008,32
18783,6810,B,10010,41
18783,6811,B,10017,13
18784,6812,S,10003,40
18787,6813,B,10017,66
18787,6814,B,10020,8
18787,6815,B,10021,6
18795,6816,S,10020,11
18795,6817,S,10012,76
18798,6818,S,10012,4
18801,6819,S,10003,17
18801,6820,S,10001,11
18809,6821,S,10001,34
18809,6822,S,10000,17
18809,6823,S,10000,31
18812,6824,B,10004,2
18816,6825,B,10004,20
18821,6826,B,10004,16
18823,6827,B,10004,9
18823,6828,B,10006,46
18824,6829,S,10000,39
18824,6830,S,10000,7
18824,6831,S,9999,35
18824,6832,S,9999,1
18834,6833,S,9999,52
18835,6834,B,10003,16
18838,6835,B,10003,56
18838,6836,B,10006,2
18838,6837,B,10010,31
18840,6838,B,10010,46
18840,6839,B,10011,3
18843,6840,B,10011,61
18846,6841,B,10011,21
18848,6842,B,10011,10
18848,6843,B,10021,23
18863,6844,B,10016,35
18869,6845,B,10016,19
18869,6846,B,10016,18
18874,6847,S,10000,6
18882,6848,B,10016,28
18890,6849,S,10000,24
18892,6850,S,10000,32
18892,6851,S,9999,9
18892,6852,S,9999,8
18900,6853,B,10004,18
18900,6854,B,10006,16
18900,6855,B,10010,9
18901,6856,B,10010,40
18901,6857,B,10016,7
18901,6858,B,10018,16
18904,6859,B,10016,30
18906,6860,S,10013,80
18906,6861,S,9999,17
18913,6862,S,10004,4
18923,6863,S,10014,1
18925,6864,B,10008,81
18926,6865,B,10008,6
18928,6866,S,10004,80
18932,6867,S,9999,39
18935,6868,B,10003,59
18935,6869,B,10004,1
18935,6870,B,10008,4
18935,6871,B,10016,13
18939,6872,S,9999,8
18939,6873,S,9999,17
18941,6874,S,9999,50
18941,6875,S,9999,34
18943,6876,B,10016,27
18943,6877,B,10016,23
18946,6878,B,10016,20
18952,6879,S,10015,49
18954,6880,B,10016,21
18962,6881,B,10016,9
18962,6882,B,10018,79
18968,6883,B,10018,2
18970,6884,B,10021,28
18970,6885,B,10021,7
18970,6886,B,10022,26
18970,6887,B,10022,23
18973,6888,B,10022,41
18973,6889,B,10023,3
18973,6890,B,10023,40
18976,6891,S,10020,24
18976,6892,S,10019,9
18978,6893,S,10019,48
18978,6894,S,10015,16
18982,6895,B,10016,11
18985,6896,S,10015,10
18985,6897,S,10011,24
19004,6898,S,10014,34
19006,6899,B,10015,11
19006,6900,B,10016,24
19008,6901,B,10015,33
19017,6902,S,10014,2
19017,6903,S,10014,32
19017,6904,S,10011,3
19023,6905,S,10011,44
19023,6906,S,10011,26
19024,6907,B,10015,4
19025,6908,B,10015,40
19025,6909,B,10016,30
19025,6910,B,10019,9
19029,6911,S,10013,24
19029,6912,S,10011,53
19031,6913,S,10011,15
19031,6914,S,10010,6
19046,6915,B,10019,88
19046,6916,B,10023,2
19059,6917,S,10017,60
19060,6918,S,10013,13
19074,6919,S,10014,33
19082,6920,S,10014,32
19082,6921,S,10013,3
19085,6922,B,10017,23
19085,6923,B,10020,6
19089,6924,B,10020,19
19089,6925,B,10023,51
19092,6926,B,10023,42
19098,6927,B,10023,4
19098,6928,B,10023,24
19098,6929,B,10024,39
19110,6930,S,10023,90
19111,6931,B,10024,1
19111,6932,B,10024,10
19111,6933,B,10024,31
19111,6934,B,10025,6
19113,6935,S,10023,6
19113,6936,S,10015,26
19114,6937,S,10014,11
19114,6938,S,10013,4
19114,6939,S,10011,14
19114,6940,S,10010,1
19119,6941,S,10010,13
19128,6942,B,10015,9
19128,6943,B,10016,1
19139,6944,B,10014,14
19139,6945,B,10016,16
19142,6946,S,10011,56
19142,6947,S,10010,6
19142,6948,S,10007,19
19144,6949,B,10016,51
19144,6950,B,10020,3
19151,6951,S,10007,22
19153,6952,B,10009,15
19158,6953,S,10012,9
19158,6954,S,10010,13
19165,6955,S,10013,22
19168,6956,B,10020,11
19168,6957,B,10025,21
19168,6958,B,10025,18
19168,6959,B,10025,10
19169,6960,B,10025,3
19169,6961,B,10025,47
19179,6962,B,10016,15
19183,6963,S,10013,7
19198,6964,B,10016,3
19198,6965,B,10023,41
19207,6966,S,10019,33
19207,6967,S,10013,14
19207,6968,S,10010,5
19207,6969,S,10010,2
19207,6970,S,10010,30
19210,6971,S,10010,25
19212,6972,B,10021,1
19217,6973,S,10010,26
19217,6974,S,10010,36
19217,6975,S,10008,32
19222,6976,B,10015,51
19225,6977,S,10008,37
19231,6978,S,10008,10
19231,6979,S,10007,15
19231,6980,S,10006,42
19232,6981,S,10006,21
19232,6982,S,10006,51
19235,6983,B,10015,31
19236,6984,S,10017,9
19245,6985,S,10018,5
19247,6986,S,10018,3
19247,6987,S,10017,3
19249,6988,B,10017,13
19255,6989,B,10017,22
19270,6990,B,10017,32
19270,6991,B,10021,18
19270,6992,B,10021,48
19275,6993,S,10015,38
19277,6994,S,10015,42
19280,6995,B,10021,30
19280,6996,B,10022,19
19280,6997,B,10023,20
19280,6998,B,10024,6
19287,6999,S,10015,12
19287,7000,S,10009,37
19295,7001,B,10007,1
19303,7002,S,10015,75
19303,7003,S,10006,5
19310,7004,B,10019,82
19310,7005,B,10020,12
19336,7006,B,10020,54
19338,7007,B,10020,3
19338,7008,B,10022,21
19339,7009,S,10015,75
19340,7010,S,10015,14
19340,7011,S,10006,15
19340,7012,S,10006,21
19341,7013,B,10022,67
19344,7014,S,10006,56
19344,7015,S,10005,15
19346,7016,B,10012,47
19346,7017,B,10022,9
19346,7018,B,10024,13
19352,7019,S,10020,57
19352,7020,S,10018,3
19352,7021,S,10005,23
19356,7022,S,10016,8
19364,7023,B,10008,8
19368,7024,B,10008,51
19371,7025,B,10008,9
19373,7026,B,10008,13
19373,7027,B,10017,7
19373,7028,B,10024,16
19373,7029,B,10025,34
19373,7030,B,10025,21
19375,7031,S,10005,53
19375,7032,S,10004,40
19395,7033,B,10016,30
19397,7034,B,10016,7
19397,7035,B,10025,15
19404,7036,S,10017,27
19404,7037,S,10009,21
19406,7038,B,10019,25
19416,7039,S,10018,63
19416,7040,S,10011,16
19422,7041,B,10012,8
19432,7042,S,10011,29
19433,7043,B,10012,62
19433,7044,B,10019,6
19457,7045,S,10011,18
19459,7046,B,10013,43
19467,7047,S,10016,13
19479,7048,B,10017,3
19479,7049,B,10019,14
19479,7050,B,10020,3
19479,7051,B,10024,14
19479,7052,B,10024,18
19481,7053,S,10024,16
19482,7054,S,10024,21
19482,7055,S,10016,12
19482,7056,S,10011,26
19486,7057,S,10011,6
19486,7058,S,10011,75
19491,7059,S,10022,2
19493,7060,B,10020,59
19496,7061,S,10011,16
19496,7062,S,10011,14
19499,7063,S,10011,76
19499,7064,S,10009,19
19508,7065,S,10009,43
19513,7066,B,10014,17
19513,7067,B,10020,13
19514,7068,S,10009,4
19514,7069,S,10006,31
19518,7070,S,10022,9
19519,7071,B,10025,3
19519,7072,B,10025,95
19520,7073,S,10012,20
19526,7074,B,10025,26
19529,7075,S,10012,4
19529,7076,S,10010,23
19534,7077,S,10010,37
19535,7078,B,10009,4
19546,7079,S,10006,6
19569,7080,S,10009,65
19572,7081,S,10009,16
19572,7082,S,10006,37
19572,7083,S,10006,39
19581,7084,S,10006,31
19582,7085,S,10006,4
19582,7086,S,10005,50
19582,7087,S,10004,10
19582,7088,S,10004,14
19590,7089,S,10004,65
19590,7090,S,10003,9
19601,7091,S,10003,3
19604,7092,B,10011,51
19604,7093,B,10011,5
19607,7094,B,10011,78
19607,7095,B,10014,9
19612,7096,S,10003,10
19612,7097,S,10003,31
19612,7098,S,10003,16
19616,7099,B,10014,34
19616,7100,B,10016,47
19621,7101,B,10016,3
19622,7102,S,10003,5
19622,7103,S,10003,37
19622,7104,S,10003,29
19628,7105,B,10016,6
19636,7106,S,10018,20
19638,7107,B,10019,42
19642,7108,B,10019,8
19642,7109,B,10020,51
19642,7110,B,10022,23
19648,7111,S,10018,1
19648,7112,S,10009,6
19651,7113,S,10009,53
19651,7114,S,10004,17
19654,7115,B,10022,18
19654,7116,B,10022,11
19667,7117,S,10004,50
19669,7118,B,10021,53
19669,7119,B,10022,17
19683,7120,S,10006,3
19683,7121,S,10004,29
19683,7122,S,10003,23
19684,7123,B,10012,30
19686,7124,B,10012,45
19686,7125,B,10017,28
19694,7126,B,10011,11
19694,7127,B,10017,29
19694,7128,B,10018,31
19696,7129,B,10018,32
19703,7130,B,10018,31
19703,7131,B,10022,29
19710,7132,B,10023,14
19713,7133,B,10023,14
19713,7134,B,10023,84
19717,7135,S,10022,28
19717,7136,S,10018,59
19718,7137,B,10006,5
19718,7138,B,10023,13
19718,7139,B,10023,30
19718,7140,B,10025,23
19728,7141,S,10009,73
19728,7142,S,10003,8
19728,7143,S,10001,14
19732,7144,B,10004,13
19733,7145,B,10004,61
19743,7146,S,10009,17
19743,7147,S,10001,35
19743,7148,S,10001,12
19747,7149,S,10001,2
19747,7150,S,10000,39
19747,7151,S,10000,22
19747,7152,S,10000,2
19749,7153,B,10010,2
19751,7154,B,10010,84
19751,7155,B,10025,2
19753,7156,B,10025,23
19757,7157,S,10000,43
19757,7158,S,10000,50
19760,7159,B,10025,17
19760,7160,B,10026,5
19761,7161,S,10000,19
19761,7162,S,10000,17
19762,7163,S,10000,25
19762,7164,S,9999,8
19762,7165,S,9999,45
19768,7166,B,10026,19
19775,7167,S,10020,19
19779,7168,B,10023,26
19779,7169,B,10024,38
19784,7170,S,10020,1
19788,7171,B,10017,7
19788,7172,B,10021,41
19788,7173,B,10022,3
19788,7174,B,10024,2
19790,7175,B,10024,33
19792,7176,S,10016,42
19794,7177,B,10014,8
19801,7178,S,9999,23
19801,7179,S,9999,32
19801,7180,S,9999,26
19807,7181,B,10004,21
19815,7182,B,10004,43
19815,7183,B,10004,7
19815,7184,B,10011,27
19821,7185,B,10011,55
19825,7186,B,10011,11
19825,7187,B,10014,1
19826,7188,B,10014,3
19826,7189,B,10016,29
19828,7190,S,9999,13
19828,7191,S,9999,37
19828,7192,S,9999,16
19829,7193,B,10002,9
19830,7194,S,9999,42
19830,7195,S,9999,6
19834,7196,B,10016,8
19834,7197,B,10022,64
19834,7198,B,10024,6
19836,7199,S,10025,7
19839,7200,B,10010,36
19846,7201,B,10010,30
19846,7202,B,10013,28
19854,7203,B,10013,7
19854,7204,B,10014,7
19854,7205,B,10020,33
19858,7206,B,10020,48
19860,7207,B,10020,8
19863,7208,B,10023,25
19864,7209,S,10022,31
19870,7210,S,10004,41
19876,7211,B,10004,35
19876,7212,B,10009,44
19877,7213,B,10009,54
19877,7214,B,10015,16
19877,7215,B,10023,21
19898,7216,S,10020,68
19898,7217,S,10016,3
19901,7218,B,10026,18
19901,7219,B,10026,54
19901,7220,B,10026,5
19915,7221,B,10026,43
19916,7222,S,10016,28
19916,7223,S,10013,10
19923,7224,S,10013,27
19923,7225,S,10010,13
19936,7226,S,10010,12
19936,7227,S,10009,3
19940,7228,S,10009,4
19940,7229,S,10004,20
19941,7230,B,10017,21
19941,7231,B,10019,27
19949,7232,S,10013,6
19950,7233,B,10019,42
19950,7234,B,10026,17
19953,7235,B,10026,5
19953,7236,B,10026,13
19953,7237,B,10026,40
19953,7238,B,10027,27
19953,7239,B,10027,9
19966,7240,S,10013,43
19975,7241,S,10013,4
19984,7242,B,10009,64
19986,7243,B,10016,17
19987,7244,B,10016,63
19993,7245,B,10016,3
19993,7246,B,10016,16
