variant,scenario,book_orders,quantile,latency_ns
identity_r2,add,1000,0,0
identity_r2,add,1000,0.001,0
identity_r2,add,1000,0.002,0
identity_r2,add,1000,0.003,0
identity_r2,add,1000,0.004,0
identity_r2,add,1000,0.005,0
identity_r2,add,1000,0.006,0
identity_r2,add,1000,0.007,0
identity_r2,add,1000,0.008,0
identity_r2,add,1000,0.009,0
identity_r2,add,1000,0.01,41
identity_r2,add,1000,0.011,41
identity_r2,add,1000,0.012,41
identity_r2,add,1000,0.013,41
identity_r2,add,1000,0.014,41
identity_r2,add,1000,0.015,41
identity_r2,add,1000,0.016,41
identity_r2,add,1000,0.017,41
identity_r2,add,1000,0.018,41
identity_r2,add,1000,0.019,41
identity_r2,add,1000,0.02,41
identity_r2,add,1000,0.021,41
identity_r2,add,1000,0.022,41
identity_r2,add,1000,0.023,41
identity_r2,add,1000,0.024,41
identity_r2,add,1000,0.025,41
identity_r2,add,1000,0.026,41
identity_r2,add,1000,0.027,41
identity_r2,add,1000,0.028,41
identity_r2,add,1000,0.029,41
identity_r2,add,1000,0.03,41
identity_r2,add,1000,0.031,41
identity_r2,add,1000,0.032,41
identity_r2,add,1000,0.033,41
identity_r2,add,1000,0.034,41
identity_r2,add,1000,0.035,41
identity_r2,add,1000,0.036,41
identity_r2,add,1000,0.037,41
identity_r2,add,1000,0.038,41
identity_r2,add,1000,0.039,41
identity_r2,add,1000,0.04,41
identity_r2,add,1000,0.041,41
identity_r2,add,1000,0.042,41
identity_r2,add,1000,0.043,41
identity_r2,add,1000,0.044,42
identity_r2,add,1000,0.045,42
identity_r2,add,1000,0.046,42
identity_r2,add,1000,0.047,42
identity_r2,add,1000,0.048,42
identity_r2,add,1000,0.049,42
identity_r2,add,1000,0.05,42
identity_r2,add,1000,0.051,42
identity_r2,add,1000,0.052,42
identity_r2,add,1000,0.053,42
identity_r2,add,1000,0.054,42
identity_r2,add,1000,0.055,42
identity_r2,add,1000,0.056,42
identity_r2,add,1000,0.057,42
identity_r2,add,1000,0.058,42
identity_r2,add,1000,0.059,42
identity_r2,add,1000,0.06,42
identity_r2,add,1000,0.061,42
identity_r2,add,1000,0.062,42
identity_r2,add,1000,0.063,42
identity_r2,add,1000,0.064,42
identity_r2,add,1000,0.065,42
identity_r2,add,1000,0.066,42
identity_r2,add,1000,0.067,42
identity_r2,add,1000,0.068,42
identity_r2,add,1000,0.069,42
identity_r2,add,1000,0.07,42
identity_r2,add,1000,0.071,42
identity_r2,add,1000,0.072,42
identity_r2,add,1000,0.073,42
identity_r2,add,1000,0.074,42
identity_r2,add,1000,0.075,42
identity_r2,add,1000,0.076,42
identity_r2,add,1000,0.077,42
identity_r2,add,1000,0.078,42
identity_r2,add,1000,0.079,42
identity_r2,add,1000,0.08,42
identity_r2,add,1000,0.081,42
identity_r2,add,1000,0.082,42
identity_r2,add,1000,0.083,42
identity_r2,add,1000,0.084,42
identity_r2,add,1000,0.085,42
identity_r2,add,1000,0.086,42
identity_r2,add,1000,0.087,42
identity_r2,add,1000,0.088,42
identity_r2,add,1000,0.089,42
identity_r2,add,1000,0.09,42
identity_r2,add,1000,0.091,42
identity_r2,add,1000,0.092,42
identity_r2,add,1000,0.093,42
identity_r2,add,1000,0.094,42
identity_r2,add,1000,0.095,42
identity_r2,add,1000,0.096,42
identity_r2,add,1000,0.097,42
identity_r2,add,1000,0.098,42
identity_r2,add,1000,0.099,42
identity_r2,add,1000,0.1,42
identity_r2,add,1000,0.101,42
identity_r2,add,1000,0.102,42
identity_r2,add,1000,0.103,42
identity_r2,add,1000,0.104,42
identity_r2,add,1000,0.105,42
identity_r2,add,1000,0.106,42
identity_r2,add,1000,0.107,42
identity_r2,add,1000,0.108,42
identity_r2,add,1000,0.109,42
identity_r2,add,1000,0.11,83
identity_r2,add,1000,0.111,83
identity_r2,add,1000,0.112,83
identity_r2,add,1000,0.113,83
identity_r2,add,1000,0.114,83
identity_r2,add,1000,0.115,83
identity_r2,add,1000,0.116,83
identity_r2,add,1000,0.117,83
identity_r2,add,1000,0.118,83
identity_r2,add,1000,0.119,83
identity_r2,add,1000,0.12,83
identity_r2,add,1000,0.121,83
identity_r2,add,1000,0.122,83
identity_r2,add,1000,0.123,83
identity_r2,add,1000,0.124,83
identity_r2,add,1000,0.125,83
identity_r2,add,1000,0.126,83
identity_r2,add,1000,0.127,83
identity_r2,add,1000,0.128,83
identity_r2,add,1000,0.129,83
identity_r2,add,1000,0.13,83
identity_r2,add,1000,0.131,83
identity_r2,add,1000,0.132,83
identity_r2,add,1000,0.133,83
identity_r2,add,1000,0.134,83
identity_r2,add,1000,0.135,83
identity_r2,add,1000,0.136,83
identity_r2,add,1000,0.137,83
identity_r2,add,1000,0.138,83
identity_r2,add,1000,0.139,83
identity_r2,add,1000,0.14,83
identity_r2,add,1000,0.141,83
identity_r2,add,1000,0.142,83
identity_r2,add,1000,0.143,83
identity_r2,add,1000,0.144,83
identity_r2,add,1000,0.145,83
identity_r2,add,1000,0.146,83
identity_r2,add,1000,0.147,83
identity_r2,add,1000,0.148,83
identity_r2,add,1000,0.149,83
identity_r2,add,1000,0.15,83
identity_r2,add,1000,0.151,83
identity_r2,add,1000,0.152,83
identity_r2,add,1000,0.153,83
identity_r2,add,1000,0.154,83
identity_r2,add,1000,0.155,83
identity_r2,add,1000,0.156,83
identity_r2,add,1000,0.157,83
identity_r2,add,1000,0.158,83
identity_r2,add,1000,0.159,83
identity_r2,add,1000,0.16,83
identity_r2,add,1000,0.161,83
identity_r2,add,1000,0.162,83
identity_r2,add,1000,0.163,83
identity_r2,add,1000,0.164,83
identity_r2,add,1000,0.165,83
identity_r2,add,1000,0.166,83
identity_r2,add,1000,0.167,83
identity_r2,add,1000,0.168,83
identity_r2,add,1000,0.169,83
identity_r2,add,1000,0.17,83
identity_r2,add,1000,0.171,83
identity_r2,add,1000,0.172,83
identity_r2,add,1000,0.173,83
identity_r2,add,1000,0.174,83
identity_r2,add,1000,0.175,83
identity_r2,add,1000,0.176,83
identity_r2,add,1000,0.177,83
identity_r2,add,1000,0.178,83
identity_r2,add,1000,0.179,83
identity_r2,add,1000,0.18,83
identity_r2,add,1000,0.181,83
identity_r2,add,1000,0.182,83
identity_r2,add,1000,0.183,83
identity_r2,add,1000,0.184,83
identity_r2,add,1000,0.185,83
identity_r2,add,1000,0.186,83
identity_r2,add,1000,0.187,83
identity_r2,add,1000,0.188,83
identity_r2,add,1000,0.189,83
identity_r2,add,1000,0.19,83
identity_r2,add,1000,0.191,83
identity_r2,add,1000,0.192,83
identity_r2,add,1000,0.193,83
identity_r2,add,1000,0.194,83
identity_r2,add,1000,0.195,83
identity_r2,add,1000,0.196,83
identity_r2,add,1000,0.197,83
identity_r2,add,1000,0.198,83
identity_r2,add,1000,0.199,83
identity_r2,add,1000,0.2,83
identity_r2,add,1000,0.201,83
identity_r2,add,1000,0.202,83
identity_r2,add,1000,0.203,83
identity_r2,add,1000,0.204,83
identity_r2,add,1000,0.205,83
identity_r2,add,1000,0.206,83
identity_r2,add,1000,0.207,83
identity_r2,add,1000,0.208,83
identity_r2,add,1000,0.209,83
identity_r2,add,1000,0.21,83
identity_r2,add,1000,0.211,83
identity_r2,add,1000,0.212,83
identity_r2,add,1000,0.213,83
identity_r2,add,1000,0.214,83
identity_r2,add,1000,0.215,83
identity_r2,add,1000,0.216,83
identity_r2,add,1000,0.217,83
identity_r2,add,1000,0.218,83
identity_r2,add,1000,0.219,83
identity_r2,add,1000,0.22,83
identity_r2,add,1000,0.221,83
identity_r2,add,1000,0.222,83
identity_r2,add,1000,0.223,83
identity_r2,add,1000,0.224,83
identity_r2,add,1000,0.225,83
identity_r2,add,1000,0.226,83
identity_r2,add,1000,0.227,83
identity_r2,add,1000,0.228,83
identity_r2,add,1000,0.229,83
identity_r2,add,1000,0.23,83
identity_r2,add,1000,0.231,83
identity_r2,add,1000,0.232,83
identity_r2,add,1000,0.233,83
identity_r2,add,1000,0.234,83
identity_r2,add,1000,0.235,83
identity_r2,add,1000,0.236,83
identity_r2,add,1000,0.237,83
identity_r2,add,1000,0.238,83
identity_r2,add,1000,0.239,83
identity_r2,add,1000,0.24,83
identity_r2,add,1000,0.241,83
identity_r2,add,1000,0.242,83
identity_r2,add,1000,0.243,83
identity_r2,add,1000,0.244,83
identity_r2,add,1000,0.245,83
identity_r2,add,1000,0.246,83
identity_r2,add,1000,0.247,83
identity_r2,add,1000,0.248,83
identity_r2,add,1000,0.249,83
identity_r2,add,1000,0.25,83
identity_r2,add,1000,0.251,83
identity_r2,add,1000,0.252,83
identity_r2,add,1000,0.253,83
identity_r2,add,1000,0.254,83
identity_r2,add,1000,0.255,83
identity_r2,add,1000,0.256,83
identity_r2,add,1000,0.257,83
identity_r2,add,1000,0.258,83
identity_r2,add,1000,0.259,83
identity_r2,add,1000,0.26,83
identity_r2,add,1000,0.261,83
identity_r2,add,1000,0.262,83
identity_r2,add,1000,0.263,83
identity_r2,add,1000,0.264,83
identity_r2,add,1000,0.265,83
identity_r2,add,1000,0.266,83
identity_r2,add,1000,0.267,83
identity_r2,add,1000,0.268,83
identity_r2,add,1000,0.269,83
identity_r2,add,1000,0.27,83
identity_r2,add,1000,0.271,83
identity_r2,add,1000,0.272,83
identity_r2,add,1000,0.273,83
identity_r2,add,1000,0.274,83
identity_r2,add,1000,0.275,83
identity_r2,add,1000,0.276,83
identity_r2,add,1000,0.277,83
identity_r2,add,1000,0.278,83
identity_r2,add,1000,0.279,83
identity_r2,add,1000,0.28,83
identity_r2,add,1000,0.281,83
identity_r2,add,1000,0.282,83
identity_r2,add,1000,0.283,83
identity_r2,add,1000,0.284,83
identity_r2,add,1000,0.285,83
identity_r2,add,1000,0.286,83
identity_r2,add,1000,0.287,83
identity_r2,add,1000,0.288,83
identity_r2,add,1000,0.289,83
identity_r2,add,1000,0.29,83
identity_r2,add,1000,0.291,83
identity_r2,add,1000,0.292,83
identity_r2,add,1000,0.293,83
identity_r2,add,1000,0.294,83
identity_r2,add,1000,0.295,83
identity_r2,add,1000,0.296,83
identity_r2,add,1000,0.297,83
identity_r2,add,1000,0.298,83
identity_r2,add,1000,0.299,83
identity_r2,add,1000,0.3,83
identity_r2,add,1000,0.301,83
identity_r2,add,1000,0.302,83
identity_r2,add,1000,0.303,83
identity_r2,add,1000,0.304,83
identity_r2,add,1000,0.305,83
identity_r2,add,1000,0.306,83
identity_r2,add,1000,0.307,83
identity_r2,add,1000,0.308,83
identity_r2,add,1000,0.309,83
identity_r2,add,1000,0.31,83
identity_r2,add,1000,0.311,83
identity_r2,add,1000,0.312,83
identity_r2,add,1000,0.313,83
identity_r2,add,1000,0.314,83
identity_r2,add,1000,0.315,83
identity_r2,add,1000,0.316,83
identity_r2,add,1000,0.317,83
identity_r2,add,1000,0.318,83
identity_r2,add,1000,0.319,83
identity_r2,add,1000,0.32,83
identity_r2,add,1000,0.321,83
identity_r2,add,1000,0.322,83
identity_r2,add,1000,0.323,83
identity_r2,add,1000,0.324,83
identity_r2,add,1000,0.325,83
identity_r2,add,1000,0.326,83
identity_r2,add,1000,0.327,83
identity_r2,add,1000,0.328,83
identity_r2,add,1000,0.329,83
identity_r2,add,1000,0.33,83
identity_r2,add,1000,0.331,83
identity_r2,add,1000,0.332,83
identity_r2,add,1000,0.333,83
identity_r2,add,1000,0.334,83
identity_r2,add,1000,0.335,83
identity_r2,add,1000,0.336,83
identity_r2,add,1000,0.337,83
identity_r2,add,1000,0.338,83
identity_r2,add,1000,0.339,83
identity_r2,add,1000,0.34,83
identity_r2,add,1000,0.341,83
identity_r2,add,1000,0.342,83
identity_r2,add,1000,0.343,83
identity_r2,add,1000,0.344,83
identity_r2,add,1000,0.345,83
identity_r2,add,1000,0.346,83
identity_r2,add,1000,0.347,83
identity_r2,add,1000,0.348,83
identity_r2,add,1000,0.349,83
identity_r2,add,1000,0.35,83
identity_r2,add,1000,0.351,83
identity_r2,add,1000,0.352,83
identity_r2,add,1000,0.353,83
identity_r2,add,1000,0.354,83
identity_r2,add,1000,0.355,83
identity_r2,add,1000,0.356,83
identity_r2,add,1000,0.357,83
identity_r2,add,1000,0.358,83
identity_r2,add,1000,0.359,83
identity_r2,add,1000,0.36,83
identity_r2,add,1000,0.361,83
identity_r2,add,1000,0.362,83
identity_r2,add,1000,0.363,83
identity_r2,add,1000,0.364,83
identity_r2,add,1000,0.365,83
identity_r2,add,1000,0.366,83
identity_r2,add,1000,0.367,83
identity_r2,add,1000,0.368,83
identity_r2,add,1000,0.369,83
identity_r2,add,1000,0.37,83
identity_r2,add,1000,0.371,83
identity_r2,add,1000,0.372,83
identity_r2,add,1000,0.373,83
identity_r2,add,1000,0.374,83
identity_r2,add,1000,0.375,83
identity_r2,add,1000,0.376,83
identity_r2,add,1000,0.377,83
identity_r2,add,1000,0.378,83
identity_r2,add,1000,0.379,83
identity_r2,add,1000,0.38,83
identity_r2,add,1000,0.381,83
identity_r2,add,1000,0.382,83
identity_r2,add,1000,0.383,83
identity_r2,add,1000,0.384,83
identity_r2,add,1000,0.385,83
identity_r2,add,1000,0.386,83
identity_r2,add,1000,0.387,83
identity_r2,add,1000,0.388,83
identity_r2,add,1000,0.389,83
identity_r2,add,1000,0.39,83
identity_r2,add,1000,0.391,83
identity_r2,add,1000,0.392,83
identity_r2,add,1000,0.393,83
identity_r2,add,1000,0.394,83
identity_r2,add,1000,0.395,83
identity_r2,add,1000,0.396,83
identity_r2,add,1000,0.397,83
identity_r2,add,1000,0.398,83
identity_r2,add,1000,0.399,83
identity_r2,add,1000,0.4,83
identity_r2,add,1000,0.401,83
identity_r2,add,1000,0.402,83
identity_r2,add,1000,0.403,83
identity_r2,add,1000,0.404,83
identity_r2,add,1000,0.405,83
identity_r2,add,1000,0.406,83
identity_r2,add,1000,0.407,83
identity_r2,add,1000,0.408,83
identity_r2,add,1000,0.409,83
identity_r2,add,1000,0.41,83
identity_r2,add,1000,0.411,83
identity_r2,add,1000,0.412,83
identity_r2,add,1000,0.413,83
identity_r2,add,1000,0.414,83
identity_r2,add,1000,0.415,83
identity_r2,add,1000,0.416,83
identity_r2,add,1000,0.417,83
identity_r2,add,1000,0.418,83
identity_r2,add,1000,0.419,83
identity_r2,add,1000,0.42,83
identity_r2,add,1000,0.421,83
identity_r2,add,1000,0.422,83
identity_r2,add,1000,0.423,83
identity_r2,add,1000,0.424,83
identity_r2,add,1000,0.425,83
identity_r2,add,1000,0.426,83
identity_r2,add,1000,0.427,83
identity_r2,add,1000,0.428,83
identity_r2,add,1000,0.429,83
identity_r2,add,1000,0.43,83
identity_r2,add,1000,0.431,83
identity_r2,add,1000,0.432,83
identity_r2,add,1000,0.433,83
identity_r2,add,1000,0.434,83
identity_r2,add,1000,0.435,83
identity_r2,add,1000,0.436,83
identity_r2,add,1000,0.437,83
identity_r2,add,1000,0.438,83
identity_r2,add,1000,0.439,83
identity_r2,add,1000,0.44,83
identity_r2,add,1000,0.441,83
identity_r2,add,1000,0.442,83
identity_r2,add,1000,0.443,83
identity_r2,add,1000,0.444,83
identity_r2,add,1000,0.445,83
identity_r2,add,1000,0.446,83
identity_r2,add,1000,0.447,83
identity_r2,add,1000,0.448,83
identity_r2,add,1000,0.449,83
identity_r2,add,1000,0.45,83
identity_r2,add,1000,0.451,83
identity_r2,add,1000,0.452,83
identity_r2,add,1000,0.453,83
identity_r2,add,1000,0.454,83
identity_r2,add,1000,0.455,83
identity_r2,add,1000,0.456,83
identity_r2,add,1000,0.457,83
identity_r2,add,1000,0.458,83
identity_r2,add,1000,0.459,83
identity_r2,add,1000,0.46,83
identity_r2,add,1000,0.461,83
identity_r2,add,1000,0.462,83
identity_r2,add,1000,0.463,83
identity_r2,add,1000,0.464,83
identity_r2,add,1000,0.465,83
identity_r2,add,1000,0.466,83
identity_r2,add,1000,0.467,83
identity_r2,add,1000,0.468,83
identity_r2,add,1000,0.469,83
identity_r2,add,1000,0.47,83
identity_r2,add,1000,0.471,83
identity_r2,add,1000,0.472,83
identity_r2,add,1000,0.473,83
identity_r2,add,1000,0.474,83
identity_r2,add,1000,0.475,83
identity_r2,add,1000,0.476,83
identity_r2,add,1000,0.477,83
identity_r2,add,1000,0.478,83
identity_r2,add,1000,0.479,83
identity_r2,add,1000,0.48,83
identity_r2,add,1000,0.481,83
identity_r2,add,1000,0.482,83
identity_r2,add,1000,0.483,83
identity_r2,add,1000,0.484,83
identity_r2,add,1000,0.485,83
identity_r2,add,1000,0.486,83
identity_r2,add,1000,0.487,83
identity_r2,add,1000,0.488,83
identity_r2,add,1000,0.489,83
identity_r2,add,1000,0.49,83
identity_r2,add,1000,0.491,83
identity_r2,add,1000,0.492,83
identity_r2,add,1000,0.493,83
identity_r2,add,1000,0.494,83
identity_r2,add,1000,0.495,83
identity_r2,add,1000,0.496,83
identity_r2,add,1000,0.497,83
identity_r2,add,1000,0.498,83
identity_r2,add,1000,0.499,83
identity_r2,add,1000,0.5,83
identity_r2,add,1000,0.501,83
identity_r2,add,1000,0.502,83
identity_r2,add,1000,0.503,83
identity_r2,add,1000,0.504,83
identity_r2,add,1000,0.505,83
identity_r2,add,1000,0.506,83
identity_r2,add,1000,0.507,83
identity_r2,add,1000,0.508,83
identity_r2,add,1000,0.509,83
identity_r2,add,1000,0.51,83
identity_r2,add,1000,0.511,83
identity_r2,add,1000,0.512,83
identity_r2,add,1000,0.513,83
identity_r2,add,1000,0.514,83
identity_r2,add,1000,0.515,83
identity_r2,add,1000,0.516,83
identity_r2,add,1000,0.517,83
identity_r2,add,1000,0.518,83
identity_r2,add,1000,0.519,83
identity_r2,add,1000,0.52,83
identity_r2,add,1000,0.521,83
identity_r2,add,1000,0.522,83
identity_r2,add,1000,0.523,83
identity_r2,add,1000,0.524,83
identity_r2,add,1000,0.525,83
identity_r2,add,1000,0.526,83
identity_r2,add,1000,0.527,84
identity_r2,add,1000,0.528,84
identity_r2,add,1000,0.529,84
identity_r2,add,1000,0.53,84
identity_r2,add,1000,0.531,84
identity_r2,add,1000,0.532,84
identity_r2,add,1000,0.533,84
identity_r2,add,1000,0.534,84
identity_r2,add,1000,0.535,84
identity_r2,add,1000,0.536,84
identity_r2,add,1000,0.537,84
identity_r2,add,1000,0.538,84
identity_r2,add,1000,0.539,84
identity_r2,add,1000,0.54,84
identity_r2,add,1000,0.541,84
identity_r2,add,1000,0.542,84
identity_r2,add,1000,0.543,84
identity_r2,add,1000,0.544,84
identity_r2,add,1000,0.545,84
identity_r2,add,1000,0.546,84
identity_r2,add,1000,0.547,84
identity_r2,add,1000,0.548,84
identity_r2,add,1000,0.549,84
identity_r2,add,1000,0.55,84
identity_r2,add,1000,0.551,84
identity_r2,add,1000,0.552,84
identity_r2,add,1000,0.553,84
identity_r2,add,1000,0.554,84
identity_r2,add,1000,0.555,84
identity_r2,add,1000,0.556,84
identity_r2,add,1000,0.557,84
identity_r2,add,1000,0.558,84
identity_r2,add,1000,0.559,84
identity_r2,add,1000,0.56,84
identity_r2,add,1000,0.561,84
identity_r2,add,1000,0.562,84
identity_r2,add,1000,0.563,84
identity_r2,add,1000,0.564,84
identity_r2,add,1000,0.565,84
identity_r2,add,1000,0.566,84
identity_r2,add,1000,0.567,84
identity_r2,add,1000,0.568,84
identity_r2,add,1000,0.569,84
identity_r2,add,1000,0.57,84
identity_r2,add,1000,0.571,84
identity_r2,add,1000,0.572,84
identity_r2,add,1000,0.573,84
identity_r2,add,1000,0.574,84
identity_r2,add,1000,0.575,84
identity_r2,add,1000,0.576,84
identity_r2,add,1000,0.577,84
identity_r2,add,1000,0.578,84
identity_r2,add,1000,0.579,84
identity_r2,add,1000,0.58,84
identity_r2,add,1000,0.581,84
identity_r2,add,1000,0.582,84
identity_r2,add,1000,0.583,84
identity_r2,add,1000,0.584,84
identity_r2,add,1000,0.585,84
identity_r2,add,1000,0.586,84
identity_r2,add,1000,0.587,84
identity_r2,add,1000,0.588,84
identity_r2,add,1000,0.589,84
identity_r2,add,1000,0.59,84
identity_r2,add,1000,0.591,84
identity_r2,add,1000,0.592,84
identity_r2,add,1000,0.593,84
identity_r2,add,1000,0.594,84
identity_r2,add,1000,0.595,84
identity_r2,add,1000,0.596,84
identity_r2,add,1000,0.597,84
identity_r2,add,1000,0.598,84
identity_r2,add,1000,0.599,84
identity_r2,add,1000,0.6,84
identity_r2,add,1000,0.601,84
identity_r2,add,1000,0.602,84
identity_r2,add,1000,0.603,84
identity_r2,add,1000,0.604,84
identity_r2,add,1000,0.605,84
identity_r2,add,1000,0.606,84
identity_r2,add,1000,0.607,84
identity_r2,add,1000,0.608,84
identity_r2,add,1000,0.609,84
identity_r2,add,1000,0.61,84
identity_r2,add,1000,0.611,84
identity_r2,add,1000,0.612,84
identity_r2,add,1000,0.613,84
identity_r2,add,1000,0.614,84
identity_r2,add,1000,0.615,84
identity_r2,add,1000,0.616,84
identity_r2,add,1000,0.617,84
identity_r2,add,1000,0.618,84
identity_r2,add,1000,0.619,84
identity_r2,add,1000,0.62,84
identity_r2,add,1000,0.621,84
identity_r2,add,1000,0.622,84
identity_r2,add,1000,0.623,84
identity_r2,add,1000,0.624,84
identity_r2,add,1000,0.625,84
identity_r2,add,1000,0.626,84
identity_r2,add,1000,0.627,84
identity_r2,add,1000,0.628,84
identity_r2,add,1000,0.629,84
identity_r2,add,1000,0.63,84
identity_r2,add,1000,0.631,84
identity_r2,add,1000,0.632,84
identity_r2,add,1000,0.633,84
identity_r2,add,1000,0.634,84
identity_r2,add,1000,0.635,84
identity_r2,add,1000,0.636,84
identity_r2,add,1000,0.637,84
identity_r2,add,1000,0.638,84
identity_r2,add,1000,0.639,84
identity_r2,add,1000,0.64,84
identity_r2,add,1000,0.641,84
identity_r2,add,1000,0.642,84
identity_r2,add,1000,0.643,84
identity_r2,add,1000,0.644,84
identity_r2,add,1000,0.645,84
identity_r2,add,1000,0.646,84
identity_r2,add,1000,0.647,84
identity_r2,add,1000,0.648,84
identity_r2,add,1000,0.649,84
identity_r2,add,1000,0.65,84
identity_r2,add,1000,0.651,84
identity_r2,add,1000,0.652,84
identity_r2,add,1000,0.653,84
identity_r2,add,1000,0.654,84
identity_r2,add,1000,0.655,84
identity_r2,add,1000,0.656,84
identity_r2,add,1000,0.657,84
identity_r2,add,1000,0.658,84
identity_r2,add,1000,0.659,84
identity_r2,add,1000,0.66,84
identity_r2,add,1000,0.661,84
identity_r2,add,1000,0.662,84
identity_r2,add,1000,0.663,84
identity_r2,add,1000,0.664,84
identity_r2,add,1000,0.665,84
identity_r2,add,1000,0.666,84
identity_r2,add,1000,0.667,84
identity_r2,add,1000,0.668,84
identity_r2,add,1000,0.669,84
identity_r2,add,1000,0.67,84
identity_r2,add,1000,0.671,84
identity_r2,add,1000,0.672,84
identity_r2,add,1000,0.673,84
identity_r2,add,1000,0.674,84
identity_r2,add,1000,0.675,84
identity_r2,add,1000,0.676,84
identity_r2,add,1000,0.677,84
identity_r2,add,1000,0.678,84
identity_r2,add,1000,0.679,84
identity_r2,add,1000,0.68,84
identity_r2,add,1000,0.681,84
identity_r2,add,1000,0.682,84
identity_r2,add,1000,0.683,84
identity_r2,add,1000,0.684,84
identity_r2,add,1000,0.685,84
identity_r2,add,1000,0.686,84
identity_r2,add,1000,0.687,84
identity_r2,add,1000,0.688,84
identity_r2,add,1000,0.689,84
identity_r2,add,1000,0.69,84
identity_r2,add,1000,0.691,84
identity_r2,add,1000,0.692,84
identity_r2,add,1000,0.693,84
identity_r2,add,1000,0.694,84
identity_r2,add,1000,0.695,84
identity_r2,add,1000,0.696,84
identity_r2,add,1000,0.697,84
identity_r2,add,1000,0.698,84
identity_r2,add,1000,0.699,84
identity_r2,add,1000,0.7,84
identity_r2,add,1000,0.701,84
identity_r2,add,1000,0.702,84
identity_r2,add,1000,0.703,84
identity_r2,add,1000,0.704,84
identity_r2,add,1000,0.705,84
identity_r2,add,1000,0.706,84
identity_r2,add,1000,0.707,84
identity_r2,add,1000,0.708,84
identity_r2,add,1000,0.709,84
identity_r2,add,1000,0.71,84
identity_r2,add,1000,0.711,84
identity_r2,add,1000,0.712,84
identity_r2,add,1000,0.713,84
identity_r2,add,1000,0.714,84
identity_r2,add,1000,0.715,84
identity_r2,add,1000,0.716,84
identity_r2,add,1000,0.717,84
identity_r2,add,1000,0.718,84
identity_r2,add,1000,0.719,84
identity_r2,add,1000,0.72,84
identity_r2,add,1000,0.721,84
identity_r2,add,1000,0.722,84
identity_r2,add,1000,0.723,84
identity_r2,add,1000,0.724,84
identity_r2,add,1000,0.725,84
identity_r2,add,1000,0.726,84
identity_r2,add,1000,0.727,84
identity_r2,add,1000,0.728,84
identity_r2,add,1000,0.729,84
identity_r2,add,1000,0.73,84
identity_r2,add,1000,0.731,84
identity_r2,add,1000,0.732,84
identity_r2,add,1000,0.733,84
identity_r2,add,1000,0.734,125
identity_r2,add,1000,0.735,125
identity_r2,add,1000,0.736,125
identity_r2,add,1000,0.737,125
identity_r2,add,1000,0.738,125
identity_r2,add,1000,0.739,125
identity_r2,add,1000,0.74,125
identity_r2,add,1000,0.741,125
identity_r2,add,1000,0.742,125
identity_r2,add,1000,0.743,125
identity_r2,add,1000,0.744,125
identity_r2,add,1000,0.745,125
identity_r2,add,1000,0.746,125
identity_r2,add,1000,0.747,125
identity_r2,add,1000,0.748,125
identity_r2,add,1000,0.749,125
identity_r2,add,1000,0.75,125
identity_r2,add,1000,0.751,125
identity_r2,add,1000,0.752,125
identity_r2,add,1000,0.753,125
identity_r2,add,1000,0.754,125
identity_r2,add,1000,0.755,125
identity_r2,add,1000,0.756,125
identity_r2,add,1000,0.757,125
identity_r2,add,1000,0.758,125
identity_r2,add,1000,0.759,125
identity_r2,add,1000,0.76,125
identity_r2,add,1000,0.761,125
identity_r2,add,1000,0.762,125
identity_r2,add,1000,0.763,125
identity_r2,add,1000,0.764,125
identity_r2,add,1000,0.765,125
identity_r2,add,1000,0.766,125
identity_r2,add,1000,0.767,125
identity_r2,add,1000,0.768,125
identity_r2,add,1000,0.769,125
identity_r2,add,1000,0.77,125
identity_r2,add,1000,0.771,125
identity_r2,add,1000,0.772,125
identity_r2,add,1000,0.773,125
identity_r2,add,1000,0.774,125
identity_r2,add,1000,0.775,125
identity_r2,add,1000,0.776,125
identity_r2,add,1000,0.777,125
identity_r2,add,1000,0.778,125
identity_r2,add,1000,0.779,125
identity_r2,add,1000,0.78,125
identity_r2,add,1000,0.781,125
identity_r2,add,1000,0.782,125
identity_r2,add,1000,0.783,125
identity_r2,add,1000,0.784,125
identity_r2,add,1000,0.785,125
identity_r2,add,1000,0.786,125
identity_r2,add,1000,0.787,125
identity_r2,add,1000,0.788,125
identity_r2,add,1000,0.789,125
identity_r2,add,1000,0.79,125
identity_r2,add,1000,0.791,125
identity_r2,add,1000,0.792,125
identity_r2,add,1000,0.793,125
identity_r2,add,1000,0.794,125
identity_r2,add,1000,0.795,125
identity_r2,add,1000,0.796,125
identity_r2,add,1000,0.797,125
identity_r2,add,1000,0.798,125
identity_r2,add,1000,0.799,125
identity_r2,add,1000,0.8,125
identity_r2,add,1000,0.801,125
identity_r2,add,1000,0.802,125
identity_r2,add,1000,0.803,125
identity_r2,add,1000,0.804,125
identity_r2,add,1000,0.805,125
identity_r2,add,1000,0.806,125
identity_r2,add,1000,0.807,125
identity_r2,add,1000,0.808,125
identity_r2,add,1000,0.809,125
identity_r2,add,1000,0.81,125
identity_r2,add,1000,0.811,125
identity_r2,add,1000,0.812,125
identity_r2,add,1000,0.813,125
identity_r2,add,1000,0.814,125
identity_r2,add,1000,0.815,125
identity_r2,add,1000,0.816,125
identity_r2,add,1000,0.817,125
identity_r2,add,1000,0.818,125
identity_r2,add,1000,0.819,125
identity_r2,add,1000,0.82,125
identity_r2,add,1000,0.821,125
identity_r2,add,1000,0.822,125
identity_r2,add,1000,0.823,125
identity_r2,add,1000,0.824,125
identity_r2,add,1000,0.825,125
identity_r2,add,1000,0.826,125
identity_r2,add,1000,0.827,125
identity_r2,add,1000,0.828,125
identity_r2,add,1000,0.829,125
identity_r2,add,1000,0.83,125
identity_r2,add,1000,0.831,125
identity_r2,add,1000,0.832,125
identity_r2,add,1000,0.833,125
identity_r2,add,1000,0.834,125
identity_r2,add,1000,0.835,125
identity_r2,add,1000,0.836,125
identity_r2,add,1000,0.837,125
identity_r2,add,1000,0.838,125
identity_r2,add,1000,0.839,125
identity_r2,add,1000,0.84,125
identity_r2,add,1000,0.841,125
identity_r2,add,1000,0.842,125
identity_r2,add,1000,0.843,125
identity_r2,add,1000,0.844,125
identity_r2,add,1000,0.845,125
identity_r2,add,1000,0.846,125
identity_r2,add,1000,0.847,125
identity_r2,add,1000,0.848,125
identity_r2,add,1000,0.849,125
identity_r2,add,1000,0.85,125
identity_r2,add,1000,0.851,125
identity_r2,add,1000,0.852,125
identity_r2,add,1000,0.853,125
identity_r2,add,1000,0.854,125
identity_r2,add,1000,0.855,125
identity_r2,add,1000,0.856,125
identity_r2,add,1000,0.857,125
identity_r2,add,1000,0.858,125
identity_r2,add,1000,0.859,125
identity_r2,add,1000,0.86,125
identity_r2,add,1000,0.861,125
identity_r2,add,1000,0.862,125
identity_r2,add,1000,0.863,125
identity_r2,add,1000,0.864,125
identity_r2,add,1000,0.865,125
identity_r2,add,1000,0.866,125
identity_r2,add,1000,0.867,125
identity_r2,add,1000,0.868,125
identity_r2,add,1000,0.869,125
identity_r2,add,1000,0.87,125
identity_r2,add,1000,0.871,125
identity_r2,add,1000,0.872,125
identity_r2,add,1000,0.873,125
identity_r2,add,1000,0.874,125
identity_r2,add,1000,0.875,125
identity_r2,add,1000,0.876,125
identity_r2,add,1000,0.877,125
identity_r2,add,1000,0.878,125
identity_r2,add,1000,0.879,125
identity_r2,add,1000,0.88,125
identity_r2,add,1000,0.881,125
identity_r2,add,1000,0.882,125
identity_r2,add,1000,0.883,125
identity_r2,add,1000,0.884,125
identity_r2,add,1000,0.885,125
identity_r2,add,1000,0.886,125
identity_r2,add,1000,0.887,125
identity_r2,add,1000,0.888,125
identity_r2,add,1000,0.889,125
identity_r2,add,1000,0.89,125
identity_r2,add,1000,0.891,125
identity_r2,add,1000,0.892,125
identity_r2,add,1000,0.893,125
identity_r2,add,1000,0.894,125
identity_r2,add,1000,0.895,125
identity_r2,add,1000,0.896,125
identity_r2,add,1000,0.897,125
identity_r2,add,1000,0.898,125
identity_r2,add,1000,0.899,125
identity_r2,add,1000,0.9,125
identity_r2,add,1000,0.901,125
identity_r2,add,1000,0.902,125
identity_r2,add,1000,0.903,125
identity_r2,add,1000,0.904,125
identity_r2,add,1000,0.905,125
identity_r2,add,1000,0.906,125
identity_r2,add,1000,0.907,125
identity_r2,add,1000,0.908,125
identity_r2,add,1000,0.909,125
identity_r2,add,1000,0.91,125
identity_r2,add,1000,0.911,125
identity_r2,add,1000,0.912,125
identity_r2,add,1000,0.913,125
identity_r2,add,1000,0.914,125
identity_r2,add,1000,0.915,125
identity_r2,add,1000,0.916,125
identity_r2,add,1000,0.917,125
identity_r2,add,1000,0.918,125
identity_r2,add,1000,0.919,125
identity_r2,add,1000,0.92,125
identity_r2,add,1000,0.921,125
identity_r2,add,1000,0.922,125
identity_r2,add,1000,0.923,125
identity_r2,add,1000,0.924,125
identity_r2,add,1000,0.925,125
identity_r2,add,1000,0.926,125
identity_r2,add,1000,0.927,125
identity_r2,add,1000,0.928,125
identity_r2,add,1000,0.929,125
identity_r2,add,1000,0.93,125
identity_r2,add,1000,0.931,125
identity_r2,add,1000,0.932,125
identity_r2,add,1000,0.933,125
identity_r2,add,1000,0.934,125
identity_r2,add,1000,0.935,125
identity_r2,add,1000,0.936,125
identity_r2,add,1000,0.937,125
identity_r2,add,1000,0.938,125
identity_r2,add,1000,0.939,125
identity_r2,add,1000,0.94,125
identity_r2,add,1000,0.941,125
identity_r2,add,1000,0.942,125
identity_r2,add,1000,0.943,125
identity_r2,add,1000,0.944,125
identity_r2,add,1000,0.945,125
identity_r2,add,1000,0.946,125
identity_r2,add,1000,0.947,125
identity_r2,add,1000,0.948,125
identity_r2,add,1000,0.949,125
identity_r2,add,1000,0.95,125
identity_r2,add,1000,0.951,125
identity_r2,add,1000,0.952,125
identity_r2,add,1000,0.953,125
identity_r2,add,1000,0.954,125
identity_r2,add,1000,0.955,125
identity_r2,add,1000,0.956,125
identity_r2,add,1000,0.957,125
identity_r2,add,1000,0.958,125
identity_r2,add,1000,0.959,125
identity_r2,add,1000,0.96,125
identity_r2,add,1000,0.961,125
identity_r2,add,1000,0.962,125
identity_r2,add,1000,0.963,125
identity_r2,add,1000,0.964,125
identity_r2,add,1000,0.965,125
identity_r2,add,1000,0.966,125
identity_r2,add,1000,0.967,125
identity_r2,add,1000,0.968,125
identity_r2,add,1000,0.969,125
identity_r2,add,1000,0.97,125
identity_r2,add,1000,0.971,125
identity_r2,add,1000,0.972,125
identity_r2,add,1000,0.973,125
identity_r2,add,1000,0.974,125
identity_r2,add,1000,0.975,125
identity_r2,add,1000,0.976,125
identity_r2,add,1000,0.977,125
identity_r2,add,1000,0.978,125
identity_r2,add,1000,0.979,125
identity_r2,add,1000,0.98,166
identity_r2,add,1000,0.981,166
identity_r2,add,1000,0.982,166
identity_r2,add,1000,0.983,166
identity_r2,add,1000,0.984,166
identity_r2,add,1000,0.985,166
identity_r2,add,1000,0.986,167
identity_r2,add,1000,0.987,167
identity_r2,add,1000,0.988,167
identity_r2,add,1000,0.989,167
identity_r2,add,1000,0.99,167
identity_r2,add,1000,0.991,167
identity_r2,add,1000,0.992,167
identity_r2,add,1000,0.993,167
identity_r2,add,1000,0.994,167
identity_r2,add,1000,0.995,167
identity_r2,add,1000,0.996,167
identity_r2,add,1000,0.997,167
identity_r2,add,1000,0.998,208
identity_r2,add,1000,0.999,250
identity_r2,cancel,1000,0,0
identity_r2,cancel,1000,0.001,41
identity_r2,cancel,1000,0.002,41
identity_r2,cancel,1000,0.003,41
identity_r2,cancel,1000,0.004,41
identity_r2,cancel,1000,0.005,41
identity_r2,cancel,1000,0.006,41
identity_r2,cancel,1000,0.007,41
identity_r2,cancel,1000,0.008,41
identity_r2,cancel,1000,0.009,41
identity_r2,cancel,1000,0.01,41
identity_r2,cancel,1000,0.011,41
identity_r2,cancel,1000,0.012,41
identity_r2,cancel,1000,0.013,41
identity_r2,cancel,1000,0.014,42
identity_r2,cancel,1000,0.015,42
identity_r2,cancel,1000,0.016,42
identity_r2,cancel,1000,0.017,42
identity_r2,cancel,1000,0.018,42
identity_r2,cancel,1000,0.019,42
identity_r2,cancel,1000,0.02,42
identity_r2,cancel,1000,0.021,42
identity_r2,cancel,1000,0.022,42
identity_r2,cancel,1000,0.023,42
identity_r2,cancel,1000,0.024,42
identity_r2,cancel,1000,0.025,42
identity_r2,cancel,1000,0.026,42
identity_r2,cancel,1000,0.027,42
identity_r2,cancel,1000,0.028,42
identity_r2,cancel,1000,0.029,42
identity_r2,cancel,1000,0.03,42
identity_r2,cancel,1000,0.031,42
identity_r2,cancel,1000,0.032,42
identity_r2,cancel,1000,0.033,42
identity_r2,cancel,1000,0.034,42
identity_r2,cancel,1000,0.035,42
identity_r2,cancel,1000,0.036,42
identity_r2,cancel,1000,0.037,42
identity_r2,cancel,1000,0.038,42
identity_r2,cancel,1000,0.039,83
identity_r2,cancel,1000,0.04,83
identity_r2,cancel,1000,0.041,83
identity_r2,cancel,1000,0.042,83
identity_r2,cancel,1000,0.043,83
identity_r2,cancel,1000,0.044,83
identity_r2,cancel,1000,0.045,83
identity_r2,cancel,1000,0.046,83
identity_r2,cancel,1000,0.047,83
identity_r2,cancel,1000,0.048,83
identity_r2,cancel,1000,0.049,83
identity_r2,cancel,1000,0.05,83
identity_r2,cancel,1000,0.051,83
identity_r2,cancel,1000,0.052,83
identity_r2,cancel,1000,0.053,83
identity_r2,cancel,1000,0.054,83
identity_r2,cancel,1000,0.055,83
identity_r2,cancel,1000,0.056,83
identity_r2,cancel,1000,0.057,83
identity_r2,cancel,1000,0.058,83
identity_r2,cancel,1000,0.059,83
identity_r2,cancel,1000,0.06,83
identity_r2,cancel,1000,0.061,83
identity_r2,cancel,1000,0.062,83
identity_r2,cancel,1000,0.063,83
identity_r2,cancel,1000,0.064,83
identity_r2,cancel,1000,0.065,83
identity_r2,cancel,1000,0.066,83
identity_r2,cancel,1000,0.067,83
identity_r2,cancel,1000,0.068,83
identity_r2,cancel,1000,0.069,83
identity_r2,cancel,1000,0.07,83
identity_r2,cancel,1000,0.071,83
identity_r2,cancel,1000,0.072,83
identity_r2,cancel,1000,0.073,83
identity_r2,cancel,1000,0.074,83
identity_r2,cancel,1000,0.075,83
identity_r2,cancel,1000,0.076,83
identity_r2,cancel,1000,0.077,83
identity_r2,cancel,1000,0.078,83
identity_r2,cancel,1000,0.079,83
identity_r2,cancel,1000,0.08,83
identity_r2,cancel,1000,0.081,83
identity_r2,cancel,1000,0.082,83
identity_r2,cancel,1000,0.083,83
identity_r2,cancel,1000,0.084,83
identity_r2,cancel,1000,0.085,83
identity_r2,cancel,1000,0.086,83
identity_r2,cancel,1000,0.087,83
identity_r2,cancel,1000,0.088,83
identity_r2,cancel,1000,0.089,83
identity_r2,cancel,1000,0.09,83
identity_r2,cancel,1000,0.091,83
identity_r2,cancel,1000,0.092,83
identity_r2,cancel,1000,0.093,83
identity_r2,cancel,1000,0.094,83
identity_r2,cancel,1000,0.095,83
identity_r2,cancel,1000,0.096,83
identity_r2,cancel,1000,0.097,83
identity_r2,cancel,1000,0.098,83
identity_r2,cancel,1000,0.099,83
identity_r2,cancel,1000,0.1,83
identity_r2,cancel,1000,0.101,83
identity_r2,cancel,1000,0.102,83
identity_r2,cancel,1000,0.103,83
identity_r2,cancel,1000,0.104,83
identity_r2,cancel,1000,0.105,83
identity_r2,cancel,1000,0.106,83
identity_r2,cancel,1000,0.107,83
identity_r2,cancel,1000,0.108,83
identity_r2,cancel,1000,0.109,83
identity_r2,cancel,1000,0.11,83
identity_r2,cancel,1000,0.111,83
identity_r2,cancel,1000,0.112,83
identity_r2,cancel,1000,0.113,83
identity_r2,cancel,1000,0.114,83
identity_r2,cancel,1000,0.115,83
identity_r2,cancel,1000,0.116,83
identity_r2,cancel,1000,0.117,83
identity_r2,cancel,1000,0.118,83
identity_r2,cancel,1000,0.119,83
identity_r2,cancel,1000,0.12,83
identity_r2,cancel,1000,0.121,83
identity_r2,cancel,1000,0.122,83
identity_r2,cancel,1000,0.123,83
identity_r2,cancel,1000,0.124,83
identity_r2,cancel,1000,0.125,83
identity_r2,cancel,1000,0.126,83
identity_r2,cancel,1000,0.127,83
identity_r2,cancel,1000,0.128,83
identity_r2,cancel,1000,0.129,83
identity_r2,cancel,1000,0.13,83
identity_r2,cancel,1000,0.131,83
identity_r2,cancel,1000,0.132,83
identity_r2,cancel,1000,0.133,83
identity_r2,cancel,1000,0.134,83
identity_r2,cancel,1000,0.135,83
identity_r2,cancel,1000,0.136,83
identity_r2,cancel,1000,0.137,83
identity_r2,cancel,1000,0.138,83
identity_r2,cancel,1000,0.139,83
identity_r2,cancel,1000,0.14,83
identity_r2,cancel,1000,0.141,83
identity_r2,cancel,1000,0.142,83
identity_r2,cancel,1000,0.143,83
identity_r2,cancel,1000,0.144,83
identity_r2,cancel,1000,0.145,83
identity_r2,cancel,1000,0.146,83
identity_r2,cancel,1000,0.147,83
identity_r2,cancel,1000,0.148,83
identity_r2,cancel,1000,0.149,83
identity_r2,cancel,1000,0.15,83
identity_r2,cancel,1000,0.151,83
identity_r2,cancel,1000,0.152,83
identity_r2,cancel,1000,0.153,83
identity_r2,cancel,1000,0.154,83
identity_r2,cancel,1000,0.155,83
identity_r2,cancel,1000,0.156,83
identity_r2,cancel,1000,0.157,83
identity_r2,cancel,1000,0.158,83
identity_r2,cancel,1000,0.159,83
identity_r2,cancel,1000,0.16,83
identity_r2,cancel,1000,0.161,83
identity_r2,cancel,1000,0.162,83
identity_r2,cancel,1000,0.163,83
identity_r2,cancel,1000,0.164,83
identity_r2,cancel,1000,0.165,83
identity_r2,cancel,1000,0.166,83
identity_r2,cancel,1000,0.167,83
identity_r2,cancel,1000,0.168,83
identity_r2,cancel,1000,0.169,83
identity_r2,cancel,1000,0.17,83
identity_r2,cancel,1000,0.171,83
identity_r2,cancel,1000,0.172,83
identity_r2,cancel,1000,0.173,83
identity_r2,cancel,1000,0.174,83
identity_r2,cancel,1000,0.175,83
identity_r2,cancel,1000,0.176,83
identity_r2,cancel,1000,0.177,83
identity_r2,cancel,1000,0.178,83
identity_r2,cancel,1000,0.179,83
identity_r2,cancel,1000,0.18,83
identity_r2,cancel,1000,0.181,83
identity_r2,cancel,1000,0.182,83
identity_r2,cancel,1000,0.183,83
identity_r2,cancel,1000,0.184,83
identity_r2,cancel,1000,0.185,83
identity_r2,cancel,1000,0.186,83
identity_r2,cancel,1000,0.187,83
identity_r2,cancel,1000,0.188,83
identity_r2,cancel,1000,0.189,83
identity_r2,cancel,1000,0.19,83
identity_r2,cancel,1000,0.191,83
identity_r2,cancel,1000,0.192,83
identity_r2,cancel,1000,0.193,83
identity_r2,cancel,1000,0.194,83
identity_r2,cancel,1000,0.195,83
identity_r2,cancel,1000,0.196,83
identity_r2,cancel,1000,0.197,83
identity_r2,cancel,1000,0.198,83
identity_r2,cancel,1000,0.199,83
identity_r2,cancel,1000,0.2,83
identity_r2,cancel,1000,0.201,83
identity_r2,cancel,1000,0.202,83
identity_r2,cancel,1000,0.203,83
identity_r2,cancel,1000,0.204,83
identity_r2,cancel,1000,0.205,83
identity_r2,cancel,1000,0.206,83
identity_r2,cancel,1000,0.207,83
identity_r2,cancel,1000,0.208,83
identity_r2,cancel,1000,0.209,83
identity_r2,cancel,1000,0.21,83
identity_r2,cancel,1000,0.211,83
identity_r2,cancel,1000,0.212,83
identity_r2,cancel,1000,0.213,83
identity_r2,cancel,1000,0.214,83
identity_r2,cancel,1000,0.215,83
identity_r2,cancel,1000,0.216,83
identity_r2,cancel,1000,0.217,83
identity_r2,cancel,1000,0.218,83
identity_r2,cancel,1000,0.219,83
identity_r2,cancel,1000,0.22,83
identity_r2,cancel,1000,0.221,83
identity_r2,cancel,1000,0.222,83
identity_r2,cancel,1000,0.223,83
identity_r2,cancel,1000,0.224,83
identity_r2,cancel,1000,0.225,83
identity_r2,cancel,1000,0.226,83
identity_r2,cancel,1000,0.227,83
identity_r2,cancel,1000,0.228,83
identity_r2,cancel,1000,0.229,83
identity_r2,cancel,1000,0.23,83
identity_r2,cancel,1000,0.231,83
identity_r2,cancel,1000,0.232,83
identity_r2,cancel,1000,0.233,83
identity_r2,cancel,1000,0.234,83
identity_r2,cancel,1000,0.235,83
identity_r2,cancel,1000,0.236,83
identity_r2,cancel,1000,0.237,83
identity_r2,cancel,1000,0.238,83
identity_r2,cancel,1000,0.239,83
identity_r2,cancel,1000,0.24,83
identity_r2,cancel,1000,0.241,83
identity_r2,cancel,1000,0.242,83
identity_r2,cancel,1000,0.243,83
identity_r2,cancel,1000,0.244,83
identity_r2,cancel,1000,0.245,83
identity_r2,cancel,1000,0.246,83
identity_r2,cancel,1000,0.247,83
identity_r2,cancel,1000,0.248,83
identity_r2,cancel,1000,0.249,83
identity_r2,cancel,1000,0.25,83
identity_r2,cancel,1000,0.251,83
identity_r2,cancel,1000,0.252,83
identity_r2,cancel,1000,0.253,83
identity_r2,cancel,1000,0.254,83
identity_r2,cancel,1000,0.255,83
identity_r2,cancel,1000,0.256,83
identity_r2,cancel,1000,0.257,83
identity_r2,cancel,1000,0.258,83
identity_r2,cancel,1000,0.259,83
identity_r2,cancel,1000,0.26,83
identity_r2,cancel,1000,0.261,83
identity_r2,cancel,1000,0.262,83
identity_r2,cancel,1000,0.263,83
identity_r2,cancel,1000,0.264,83
identity_r2,cancel,1000,0.265,83
identity_r2,cancel,1000,0.266,84
identity_r2,cancel,1000,0.267,84
identity_r2,cancel,1000,0.268,84
identity_r2,cancel,1000,0.269,84
identity_r2,cancel,1000,0.27,84
identity_r2,cancel,1000,0.271,84
identity_r2,cancel,1000,0.272,84
identity_r2,cancel,1000,0.273,84
identity_r2,cancel,1000,0.274,84
identity_r2,cancel,1000,0.275,84
identity_r2,cancel,1000,0.276,84
identity_r2,cancel,1000,0.277,84
identity_r2,cancel,1000,0.278,84
identity_r2,cancel,1000,0.279,84
identity_r2,cancel,1000,0.28,84
identity_r2,cancel,1000,0.281,84
identity_r2,cancel,1000,0.282,84
identity_r2,cancel,1000,0.283,84
identity_r2,cancel,1000,0.284,84
identity_r2,cancel,1000,0.285,84
identity_r2,cancel,1000,0.286,84
identity_r2,cancel,1000,0.287,84
identity_r2,cancel,1000,0.288,84
identity_r2,cancel,1000,0.289,84
identity_r2,cancel,1000,0.29,84
identity_r2,cancel,1000,0.291,84
identity_r2,cancel,1000,0.292,84
identity_r2,cancel,1000,0.293,84
identity_r2,cancel,1000,0.294,84
identity_r2,cancel,1000,0.295,84
identity_r2,cancel,1000,0.296,84
identity_r2,cancel,1000,0.297,84
identity_r2,cancel,1000,0.298,84
identity_r2,cancel,1000,0.299,84
identity_r2,cancel,1000,0.3,84
identity_r2,cancel,1000,0.301,84
identity_r2,cancel,1000,0.302,84
identity_r2,cancel,1000,0.303,84
identity_r2,cancel,1000,0.304,84
identity_r2,cancel,1000,0.305,84
identity_r2,cancel,1000,0.306,84
identity_r2,cancel,1000,0.307,84
identity_r2,cancel,1000,0.308,84
identity_r2,cancel,1000,0.309,84
identity_r2,cancel,1000,0.31,84
identity_r2,cancel,1000,0.311,84
identity_r2,cancel,1000,0.312,84
identity_r2,cancel,1000,0.313,84
identity_r2,cancel,1000,0.314,84
identity_r2,cancel,1000,0.315,84
identity_r2,cancel,1000,0.316,84
identity_r2,cancel,1000,0.317,84
identity_r2,cancel,1000,0.318,84
identity_r2,cancel,1000,0.319,84
identity_r2,cancel,1000,0.32,84
identity_r2,cancel,1000,0.321,84
identity_r2,cancel,1000,0.322,84
identity_r2,cancel,1000,0.323,84
identity_r2,cancel,1000,0.324,84
identity_r2,cancel,1000,0.325,84
identity_r2,cancel,1000,0.326,84
identity_r2,cancel,1000,0.327,84
identity_r2,cancel,1000,0.328,84
identity_r2,cancel,1000,0.329,84
identity_r2,cancel,1000,0.33,84
identity_r2,cancel,1000,0.331,84
identity_r2,cancel,1000,0.332,84
identity_r2,cancel,1000,0.333,84
identity_r2,cancel,1000,0.334,84
identity_r2,cancel,1000,0.335,84
identity_r2,cancel,1000,0.336,84
identity_r2,cancel,1000,0.337,84
identity_r2,cancel,1000,0.338,84
identity_r2,cancel,1000,0.339,84
identity_r2,cancel,1000,0.34,84
identity_r2,cancel,1000,0.341,84
identity_r2,cancel,1000,0.342,84
identity_r2,cancel,1000,0.343,84
identity_r2,cancel,1000,0.344,84
identity_r2,cancel,1000,0.345,84
identity_r2,cancel,1000,0.346,84
identity_r2,cancel,1000,0.347,84
identity_r2,cancel,1000,0.348,84
identity_r2,cancel,1000,0.349,84
identity_r2,cancel,1000,0.35,84
identity_r2,cancel,1000,0.351,84
identity_r2,cancel,1000,0.352,84
identity_r2,cancel,1000,0.353,84
identity_r2,cancel,1000,0.354,84
identity_r2,cancel,1000,0.355,84
identity_r2,cancel,1000,0.356,84
identity_r2,cancel,1000,0.357,84
identity_r2,cancel,1000,0.358,84
identity_r2,cancel,1000,0.359,84
identity_r2,cancel,1000,0.36,84
identity_r2,cancel,1000,0.361,84
identity_r2,cancel,1000,0.362,84
identity_r2,cancel,1000,0.363,84
identity_r2,cancel,1000,0.364,84
identity_r2,cancel,1000,0.365,84
identity_r2,cancel,1000,0.366,84
identity_r2,cancel,1000,0.367,84
identity_r2,cancel,1000,0.368,84
identity_r2,cancel,1000,0.369,84
identity_r2,cancel,1000,0.37,84
identity_r2,cancel,1000,0.371,84
identity_r2,cancel,1000,0.372,84
identity_r2,cancel,1000,0.373,84
identity_r2,cancel,1000,0.374,84
identity_r2,cancel,1000,0.375,84
identity_r2,cancel,1000,0.376,84
identity_r2,cancel,1000,0.377,84
identity_r2,cancel,1000,0.378,84
identity_r2,cancel,1000,0.379,125
identity_r2,cancel,1000,0.38,125
identity_r2,cancel,1000,0.381,125
identity_r2,cancel,1000,0.382,125
identity_r2,cancel,1000,0.383,125
identity_r2,cancel,1000,0.384,125
identity_r2,cancel,1000,0.385,125
identity_r2,cancel,1000,0.386,125
identity_r2,cancel,1000,0.387,125
identity_r2,cancel,1000,0.388,125
identity_r2,cancel,1000,0.389,125
identity_r2,cancel,1000,0.39,125
identity_r2,cancel,1000,0.391,125
identity_r2,cancel,1000,0.392,125
identity_r2,cancel,1000,0.393,125
identity_r2,cancel,1000,0.394,125
identity_r2,cancel,1000,0.395,125
identity_r2,cancel,1000,0.396,125
identity_r2,cancel,1000,0.397,125
identity_r2,cancel,1000,0.398,125
identity_r2,cancel,1000,0.399,125
identity_r2,cancel,1000,0.4,125
identity_r2,cancel,1000,0.401,125
identity_r2,cancel,1000,0.402,125
identity_r2,cancel,1000,0.403,125
identity_r2,cancel,1000,0.404,125
identity_r2,cancel,1000,0.405,125
identity_r2,cancel,1000,0.406,125
identity_r2,cancel,1000,0.407,125
identity_r2,cancel,1000,0.408,125
identity_r2,cancel,1000,0.409,125
identity_r2,cancel,1000,0.41,125
identity_r2,cancel,1000,0.411,125
identity_r2,cancel,1000,0.412,125
identity_r2,cancel,1000,0.413,125
identity_r2,cancel,1000,0.414,125
identity_r2,cancel,1000,0.415,125
identity_r2,cancel,1000,0.416,125
identity_r2,cancel,1000,0.417,125
identity_r2,cancel,1000,0.418,125
identity_r2,cancel,1000,0.419,125
identity_r2,cancel,1000,0.42,125
identity_r2,cancel,1000,0.421,125
identity_r2,cancel,1000,0.422,125
identity_r2,cancel,1000,0.423,125
identity_r2,cancel,1000,0.424,125
identity_r2,cancel,1000,0.425,125
identity_r2,cancel,1000,0.426,125
identity_r2,cancel,1000,0.427,125
identity_r2,cancel,1000,0.428,125
identity_r2,cancel,1000,0.429,125
identity_r2,cancel,1000,0.43,125
identity_r2,cancel,1000,0.431,125
identity_r2,cancel,1000,0.432,125
identity_r2,cancel,1000,0.433,125
identity_r2,cancel,1000,0.434,125
identity_r2,cancel,1000,0.435,125
identity_r2,cancel,1000,0.436,125
identity_r2,cancel,1000,0.437,125
identity_r2,cancel,1000,0.438,125
identity_r2,cancel,1000,0.439,125
identity_r2,cancel,1000,0.44,125
identity_r2,cancel,1000,0.441,125
identity_r2,cancel,1000,0.442,125
identity_r2,cancel,1000,0.443,125
identity_r2,cancel,1000,0.444,125
identity_r2,cancel,1000,0.445,125
identity_r2,cancel,1000,0.446,125
identity_r2,cancel,1000,0.447,125
identity_r2,cancel,1000,0.448,125
identity_r2,cancel,1000,0.449,125
identity_r2,cancel,1000,0.45,125
identity_r2,cancel,1000,0.451,125
identity_r2,cancel,1000,0.452,125
identity_r2,cancel,1000,0.453,125
identity_r2,cancel,1000,0.454,125
identity_r2,cancel,1000,0.455,125
identity_r2,cancel,1000,0.456,125
identity_r2,cancel,1000,0.457,125
identity_r2,cancel,1000,0.458,125
identity_r2,cancel,1000,0.459,125
identity_r2,cancel,1000,0.46,125
identity_r2,cancel,1000,0.461,125
identity_r2,cancel,1000,0.462,125
identity_r2,cancel,1000,0.463,125
identity_r2,cancel,1000,0.464,125
identity_r2,cancel,1000,0.465,125
identity_r2,cancel,1000,0.466,125
identity_r2,cancel,1000,0.467,125
identity_r2,cancel,1000,0.468,125
identity_r2,cancel,1000,0.469,125
identity_r2,cancel,1000,0.47,125
identity_r2,cancel,1000,0.471,125
identity_r2,cancel,1000,0.472,125
identity_r2,cancel,1000,0.473,125
identity_r2,cancel,1000,0.474,125
identity_r2,cancel,1000,0.475,125
identity_r2,cancel,1000,0.476,125
identity_r2,cancel,1000,0.477,125
identity_r2,cancel,1000,0.478,125
identity_r2,cancel,1000,0.479,125
identity_r2,cancel,1000,0.48,125
identity_r2,cancel,1000,0.481,125
identity_r2,cancel,1000,0.482,125
identity_r2,cancel,1000,0.483,125
identity_r2,cancel,1000,0.484,125
identity_r2,cancel,1000,0.485,125
identity_r2,cancel,1000,0.486,125
identity_r2,cancel,1000,0.487,125
identity_r2,cancel,1000,0.488,125
identity_r2,cancel,1000,0.489,125
identity_r2,cancel,1000,0.49,125
identity_r2,cancel,1000,0.491,125
identity_r2,cancel,1000,0.492,125
identity_r2,cancel,1000,0.493,125
identity_r2,cancel,1000,0.494,125
identity_r2,cancel,1000,0.495,125
identity_r2,cancel,1000,0.496,125
identity_r2,cancel,1000,0.497,125
identity_r2,cancel,1000,0.498,125
identity_r2,cancel,1000,0.499,125
identity_r2,cancel,1000,0.5,125
identity_r2,cancel,1000,0.501,125
identity_r2,cancel,1000,0.502,125
identity_r2,cancel,1000,0.503,125
identity_r2,cancel,1000,0.504,125
identity_r2,cancel,1000,0.505,125
identity_r2,cancel,1000,0.506,125
identity_r2,cancel,1000,0.507,125
identity_r2,cancel,1000,0.508,125
identity_r2,cancel,1000,0.509,125
identity_r2,cancel,1000,0.51,125
identity_r2,cancel,1000,0.511,125
identity_r2,cancel,1000,0.512,125
identity_r2,cancel,1000,0.513,125
identity_r2,cancel,1000,0.514,125
identity_r2,cancel,1000,0.515,125
identity_r2,cancel,1000,0.516,125
identity_r2,cancel,1000,0.517,125
identity_r2,cancel,1000,0.518,125
identity_r2,cancel,1000,0.519,125
identity_r2,cancel,1000,0.52,125
identity_r2,cancel,1000,0.521,125
identity_r2,cancel,1000,0.522,125
identity_r2,cancel,1000,0.523,125
identity_r2,cancel,1000,0.524,125
identity_r2,cancel,1000,0.525,125
identity_r2,cancel,1000,0.526,125
identity_r2,cancel,1000,0.527,125
identity_r2,cancel,1000,0.528,125
identity_r2,cancel,1000,0.529,125
identity_r2,cancel,1000,0.53,125
identity_r2,cancel,1000,0.531,125
identity_r2,cancel,1000,0.532,125
identity_r2,cancel,1000,0.533,125
identity_r2,cancel,1000,0.534,125
identity_r2,cancel,1000,0.535,125
identity_r2,cancel,1000,0.536,125
identity_r2,cancel,1000,0.537,125
identity_r2,cancel,1000,0.538,125
identity_r2,cancel,1000,0.539,125
identity_r2,cancel,1000,0.54,125
identity_r2,cancel,1000,0.541,125
identity_r2,cancel,1000,0.542,125
identity_r2,cancel,1000,0.543,125
identity_r2,cancel,1000,0.544,125
identity_r2,cancel,1000,0.545,125
identity_r2,cancel,1000,0.546,125
identity_r2,cancel,1000,0.547,125
identity_r2,cancel,1000,0.548,125
identity_r2,cancel,1000,0.549,125
identity_r2,cancel,1000,0.55,125
identity_r2,cancel,1000,0.551,125
identity_r2,cancel,1000,0.552,125
identity_r2,cancel,1000,0.553,125
identity_r2,cancel,1000,0.554,125
identity_r2,cancel,1000,0.555,125
identity_r2,cancel,1000,0.556,125
identity_r2,cancel,1000,0.557,125
identity_r2,cancel,1000,0.558,125
identity_r2,cancel,1000,0.559,125
identity_r2,cancel,1000,0.56,125
identity_r2,cancel,1000,0.561,125
identity_r2,cancel,1000,0.562,125
identity_r2,cancel,1000,0.563,125
identity_r2,cancel,1000,0.564,125
identity_r2,cancel,1000,0.565,125
identity_r2,cancel,1000,0.566,125
identity_r2,cancel,1000,0.567,125
identity_r2,cancel,1000,0.568,125
identity_r2,cancel,1000,0.569,125
identity_r2,cancel,1000,0.57,125
identity_r2,cancel,1000,0.571,125
identity_r2,cancel,1000,0.572,125
identity_r2,cancel,1000,0.573,125
identity_r2,cancel,1000,0.574,125
identity_r2,cancel,1000,0.575,125
identity_r2,cancel,1000,0.576,125
identity_r2,cancel,1000,0.577,125
identity_r2,cancel,1000,0.578,125
identity_r2,cancel,1000,0.579,125
identity_r2,cancel,1000,0.58,125
identity_r2,cancel,1000,0.581,125
identity_r2,cancel,1000,0.582,125
identity_r2,cancel,1000,0.583,125
identity_r2,cancel,1000,0.584,125
identity_r2,cancel,1000,0.585,125
identity_r2,cancel,1000,0.586,125
identity_r2,cancel,1000,0.587,125
identity_r2,cancel,1000,0.588,125
identity_r2,cancel,1000,0.589,125
identity_r2,cancel,1000,0.59,125
identity_r2,cancel,1000,0.591,125
identity_r2,cancel,1000,0.592,125
identity_r2,cancel,1000,0.593,125
identity_r2,cancel,1000,0.594,125
identity_r2,cancel,1000,0.595,125
identity_r2,cancel,1000,0.596,125
identity_r2,cancel,1000,0.597,125
identity_r2,cancel,1000,0.598,125
identity_r2,cancel,1000,0.599,125
identity_r2,cancel,1000,0.6,125
identity_r2,cancel,1000,0.601,125
identity_r2,cancel,1000,0.602,125
identity_r2,cancel,1000,0.603,125
identity_r2,cancel,1000,0.604,125
identity_r2,cancel,1000,0.605,125
identity_r2,cancel,1000,0.606,125
identity_r2,cancel,1000,0.607,125
identity_r2,cancel,1000,0.608,125
identity_r2,cancel,1000,0.609,125
identity_r2,cancel,1000,0.61,125
identity_r2,cancel,1000,0.611,125
identity_r2,cancel,1000,0.612,125
identity_r2,cancel,1000,0.613,125
identity_r2,cancel,1000,0.614,125
identity_r2,cancel,1000,0.615,125
identity_r2,cancel,1000,0.616,125
identity_r2,cancel,1000,0.617,125
identity_r2,cancel,1000,0.618,125
identity_r2,cancel,1000,0.619,125
identity_r2,cancel,1000,0.62,125
identity_r2,cancel,1000,0.621,125
identity_r2,cancel,1000,0.622,125
identity_r2,cancel,1000,0.623,125
identity_r2,cancel,1000,0.624,125
identity_r2,cancel,1000,0.625,125
identity_r2,cancel,1000,0.626,125
identity_r2,cancel,1000,0.627,125
identity_r2,cancel,1000,0.628,125
identity_r2,cancel,1000,0.629,125
identity_r2,cancel,1000,0.63,125
identity_r2,cancel,1000,0.631,125
identity_r2,cancel,1000,0.632,125
identity_r2,cancel,1000,0.633,125
identity_r2,cancel,1000,0.634,125
identity_r2,cancel,1000,0.635,125
identity_r2,cancel,1000,0.636,125
identity_r2,cancel,1000,0.637,125
identity_r2,cancel,1000,0.638,125
identity_r2,cancel,1000,0.639,125
identity_r2,cancel,1000,0.64,125
identity_r2,cancel,1000,0.641,125
identity_r2,cancel,1000,0.642,125
identity_r2,cancel,1000,0.643,125
identity_r2,cancel,1000,0.644,125
identity_r2,cancel,1000,0.645,125
identity_r2,cancel,1000,0.646,125
identity_r2,cancel,1000,0.647,125
identity_r2,cancel,1000,0.648,125
identity_r2,cancel,1000,0.649,125
identity_r2,cancel,1000,0.65,125
identity_r2,cancel,1000,0.651,125
identity_r2,cancel,1000,0.652,125
identity_r2,cancel,1000,0.653,125
identity_r2,cancel,1000,0.654,125
identity_r2,cancel,1000,0.655,125
identity_r2,cancel,1000,0.656,125
identity_r2,cancel,1000,0.657,125
identity_r2,cancel,1000,0.658,125
identity_r2,cancel,1000,0.659,125
identity_r2,cancel,1000,0.66,125
identity_r2,cancel,1000,0.661,125
identity_r2,cancel,1000,0.662,125
identity_r2,cancel,1000,0.663,125
identity_r2,cancel,1000,0.664,125
identity_r2,cancel,1000,0.665,125
identity_r2,cancel,1000,0.666,125
identity_r2,cancel,1000,0.667,125
identity_r2,cancel,1000,0.668,125
identity_r2,cancel,1000,0.669,125
identity_r2,cancel,1000,0.67,125
identity_r2,cancel,1000,0.671,125
identity_r2,cancel,1000,0.672,125
identity_r2,cancel,1000,0.673,125
identity_r2,cancel,1000,0.674,125
identity_r2,cancel,1000,0.675,125
identity_r2,cancel,1000,0.676,125
identity_r2,cancel,1000,0.677,125
identity_r2,cancel,1000,0.678,125
identity_r2,cancel,1000,0.679,125
identity_r2,cancel,1000,0.68,125
identity_r2,cancel,1000,0.681,125
identity_r2,cancel,1000,0.682,125
identity_r2,cancel,1000,0.683,125
identity_r2,cancel,1000,0.684,125
identity_r2,cancel,1000,0.685,125
identity_r2,cancel,1000,0.686,125
identity_r2,cancel,1000,0.687,125
identity_r2,cancel,1000,0.688,125
identity_r2,cancel,1000,0.689,125
identity_r2,cancel,1000,0.69,125
identity_r2,cancel,1000,0.691,125
identity_r2,cancel,1000,0.692,125
identity_r2,cancel,1000,0.693,125
identity_r2,cancel,1000,0.694,125
identity_r2,cancel,1000,0.695,125
identity_r2,cancel,1000,0.696,125
identity_r2,cancel,1000,0.697,125
identity_r2,cancel,1000,0.698,125
identity_r2,cancel,1000,0.699,125
identity_r2,cancel,1000,0.7,125
identity_r2,cancel,1000,0.701,125
identity_r2,cancel,1000,0.702,125
identity_r2,cancel,1000,0.703,125
identity_r2,cancel,1000,0.704,125
identity_r2,cancel,1000,0.705,125
identity_r2,cancel,1000,0.706,125
identity_r2,cancel,1000,0.707,125
identity_r2,cancel,1000,0.708,125
identity_r2,cancel,1000,0.709,125
identity_r2,cancel,1000,0.71,125
identity_r2,cancel,1000,0.711,125
identity_r2,cancel,1000,0.712,125
identity_r2,cancel,1000,0.713,125
identity_r2,cancel,1000,0.714,125
identity_r2,cancel,1000,0.715,125
identity_r2,cancel,1000,0.716,125
identity_r2,cancel,1000,0.717,125
identity_r2,cancel,1000,0.718,125
identity_r2,cancel,1000,0.719,125
identity_r2,cancel,1000,0.72,125
identity_r2,cancel,1000,0.721,125
identity_r2,cancel,1000,0.722,125
identity_r2,cancel,1000,0.723,125
identity_r2,cancel,1000,0.724,125
identity_r2,cancel,1000,0.725,125
identity_r2,cancel,1000,0.726,125
identity_r2,cancel,1000,0.727,125
identity_r2,cancel,1000,0.728,125
identity_r2,cancel,1000,0.729,125
identity_r2,cancel,1000,0.73,125
identity_r2,cancel,1000,0.731,125
identity_r2,cancel,1000,0.732,125
identity_r2,cancel,1000,0.733,125
identity_r2,cancel,1000,0.734,125
identity_r2,cancel,1000,0.735,125
identity_r2,cancel,1000,0.736,125
identity_r2,cancel,1000,0.737,125
identity_r2,cancel,1000,0.738,125
identity_r2,cancel,1000,0.739,125
identity_r2,cancel,1000,0.74,125
identity_r2,cancel,1000,0.741,125
identity_r2,cancel,1000,0.742,125
identity_r2,cancel,1000,0.743,125
identity_r2,cancel,1000,0.744,125
identity_r2,cancel,1000,0.745,125
identity_r2,cancel,1000,0.746,125
identity_r2,cancel,1000,0.747,125
identity_r2,cancel,1000,0.748,125
identity_r2,cancel,1000,0.749,125
identity_r2,cancel,1000,0.75,125
identity_r2,cancel,1000,0.751,125
identity_r2,cancel,1000,0.752,125
identity_r2,cancel,1000,0.753,125
identity_r2,cancel,1000,0.754,125
identity_r2,cancel,1000,0.755,125
identity_r2,cancel,1000,0.756,125
identity_r2,cancel,1000,0.757,125
identity_r2,cancel,1000,0.758,125
identity_r2,cancel,1000,0.759,125
identity_r2,cancel,1000,0.76,125
identity_r2,cancel,1000,0.761,125
identity_r2,cancel,1000,0.762,125
identity_r2,cancel,1000,0.763,125
identity_r2,cancel,1000,0.764,125
identity_r2,cancel,1000,0.765,125
identity_r2,cancel,1000,0.766,125
identity_r2,cancel,1000,0.767,125
identity_r2,cancel,1000,0.768,125
identity_r2,cancel,1000,0.769,125
identity_r2,cancel,1000,0.77,125
identity_r2,cancel,1000,0.771,125
identity_r2,cancel,1000,0.772,125
identity_r2,cancel,1000,0.773,125
identity_r2,cancel,1000,0.774,125
identity_r2,cancel,1000,0.775,125
identity_r2,cancel,1000,0.776,125
identity_r2,cancel,1000,0.777,125
identity_r2,cancel,1000,0.778,125
identity_r2,cancel,1000,0.779,125
identity_r2,cancel,1000,0.78,125
identity_r2,cancel,1000,0.781,125
identity_r2,cancel,1000,0.782,125
identity_r2,cancel,1000,0.783,125
identity_r2,cancel,1000,0.784,125
identity_r2,cancel,1000,0.785,125
identity_r2,cancel,1000,0.786,125
identity_r2,cancel,1000,0.787,125
identity_r2,cancel,1000,0.788,125
identity_r2,cancel,1000,0.789,125
identity_r2,cancel,1000,0.79,125
identity_r2,cancel,1000,0.791,125
identity_r2,cancel,1000,0.792,125
identity_r2,cancel,1000,0.793,125
identity_r2,cancel,1000,0.794,125
identity_r2,cancel,1000,0.795,125
identity_r2,cancel,1000,0.796,125
identity_r2,cancel,1000,0.797,125
identity_r2,cancel,1000,0.798,125
identity_r2,cancel,1000,0.799,125
identity_r2,cancel,1000,0.8,125
identity_r2,cancel,1000,0.801,125
identity_r2,cancel,1000,0.802,125
identity_r2,cancel,1000,0.803,125
identity_r2,cancel,1000,0.804,125
identity_r2,cancel,1000,0.805,125
identity_r2,cancel,1000,0.806,125
identity_r2,cancel,1000,0.807,125
identity_r2,cancel,1000,0.808,125
identity_r2,cancel,1000,0.809,125
identity_r2,cancel,1000,0.81,125
identity_r2,cancel,1000,0.811,125
identity_r2,cancel,1000,0.812,125
identity_r2,cancel,1000,0.813,125
identity_r2,cancel,1000,0.814,125
identity_r2,cancel,1000,0.815,125
identity_r2,cancel,1000,0.816,125
identity_r2,cancel,1000,0.817,125
identity_r2,cancel,1000,0.818,125
identity_r2,cancel,1000,0.819,125
identity_r2,cancel,1000,0.82,125
identity_r2,cancel,1000,0.821,125
identity_r2,cancel,1000,0.822,125
identity_r2,cancel,1000,0.823,125
identity_r2,cancel,1000,0.824,125
identity_r2,cancel,1000,0.825,125
identity_r2,cancel,1000,0.826,125
identity_r2,cancel,1000,0.827,125
identity_r2,cancel,1000,0.828,125
identity_r2,cancel,1000,0.829,125
identity_r2,cancel,1000,0.83,125
identity_r2,cancel,1000,0.831,125
identity_r2,cancel,1000,0.832,125
identity_r2,cancel,1000,0.833,125
identity_r2,cancel,1000,0.834,125
identity_r2,cancel,1000,0.835,125
identity_r2,cancel,1000,0.836,125
identity_r2,cancel,1000,0.837,125
identity_r2,cancel,1000,0.838,125
identity_r2,cancel,1000,0.839,125
identity_r2,cancel,1000,0.84,125
identity_r2,cancel,1000,0.841,125
identity_r2,cancel,1000,0.842,125
identity_r2,cancel,1000,0.843,125
identity_r2,cancel,1000,0.844,125
identity_r2,cancel,1000,0.845,125
identity_r2,cancel,1000,0.846,125
identity_r2,cancel,1000,0.847,125
identity_r2,cancel,1000,0.848,125
identity_r2,cancel,1000,0.849,166
identity_r2,cancel,1000,0.85,166
identity_r2,cancel,1000,0.851,166
identity_r2,cancel,1000,0.852,166
identity_r2,cancel,1000,0.853,166
identity_r2,cancel,1000,0.854,166
identity_r2,cancel,1000,0.855,166
identity_r2,cancel,1000,0.856,166
identity_r2,cancel,1000,0.857,166
identity_r2,cancel,1000,0.858,166
identity_r2,cancel,1000,0.859,166
identity_r2,cancel,1000,0.86,166
identity_r2,cancel,1000,0.861,166
identity_r2,cancel,1000,0.862,166
identity_r2,cancel,1000,0.863,166
identity_r2,cancel,1000,0.864,166
identity_r2,cancel,1000,0.865,166
identity_r2,cancel,1000,0.866,166
identity_r2,cancel,1000,0.867,166
identity_r2,cancel,1000,0.868,166
identity_r2,cancel,1000,0.869,166
identity_r2,cancel,1000,0.87,166
identity_r2,cancel,1000,0.871,166
identity_r2,cancel,1000,0.872,166
identity_r2,cancel,1000,0.873,166
identity_r2,cancel,1000,0.874,166
identity_r2,cancel,1000,0.875,166
identity_r2,cancel,1000,0.876,166
identity_r2,cancel,1000,0.877,166
identity_r2,cancel,1000,0.878,166
identity_r2,cancel,1000,0.879,166
identity_r2,cancel,1000,0.88,166
identity_r2,cancel,1000,0.881,166
identity_r2,cancel,1000,0.882,166
identity_r2,cancel,1000,0.883,166
identity_r2,cancel,1000,0.884,166
identity_r2,cancel,1000,0.885,166
identity_r2,cancel,1000,0.886,166
identity_r2,cancel,1000,0.887,167
identity_r2,cancel,1000,0.888,167
identity_r2,cancel,1000,0.889,167
identity_r2,cancel,1000,0.89,167
identity_r2,cancel,1000,0.891,167
identity_r2,cancel,1000,0.892,167
identity_r2,cancel,1000,0.893,167
identity_r2,cancel,1000,0.894,167
identity_r2,cancel,1000,0.895,167
identity_r2,cancel,1000,0.896,167
identity_r2,cancel,1000,0.897,167
identity_r2,cancel,1000,0.898,167
identity_r2,cancel,1000,0.899,167
identity_r2,cancel,1000,0.9,167
identity_r2,cancel,1000,0.901,167
identity_r2,cancel,1000,0.902,167
identity_r2,cancel,1000,0.903,167
identity_r2,cancel,1000,0.904,167
identity_r2,cancel,1000,0.905,167
identity_r2,cancel,1000,0.906,167
identity_r2,cancel,1000,0.907,167
identity_r2,cancel,1000,0.908,167
identity_r2,cancel,1000,0.909,167
identity_r2,cancel,1000,0.91,167
identity_r2,cancel,1000,0.911,167
identity_r2,cancel,1000,0.912,167
identity_r2,cancel,1000,0.913,167
identity_r2,cancel,1000,0.914,167
identity_r2,cancel,1000,0.915,167
identity_r2,cancel,1000,0.916,167
identity_r2,cancel,1000,0.917,167
identity_r2,cancel,1000,0.918,167
identity_r2,cancel,1000,0.919,167
identity_r2,cancel,1000,0.92,167
identity_r2,cancel,1000,0.921,167
identity_r2,cancel,1000,0.922,167
identity_r2,cancel,1000,0.923,167
identity_r2,cancel,1000,0.924,167
identity_r2,cancel,1000,0.925,167
identity_r2,cancel,1000,0.926,167
identity_r2,cancel,1000,0.927,167
identity_r2,cancel,1000,0.928,167
identity_r2,cancel,1000,0.929,167
identity_r2,cancel,1000,0.93,167
identity_r2,cancel,1000,0.931,167
identity_r2,cancel,1000,0.932,167
identity_r2,cancel,1000,0.933,167
identity_r2,cancel,1000,0.934,167
identity_r2,cancel,1000,0.935,167
identity_r2,cancel,1000,0.936,167
identity_r2,cancel,1000,0.937,167
identity_r2,cancel,1000,0.938,167
identity_r2,cancel,1000,0.939,167
identity_r2,cancel,1000,0.94,167
identity_r2,cancel,1000,0.941,167
identity_r2,cancel,1000,0.942,167
identity_r2,cancel,1000,0.943,167
identity_r2,cancel,1000,0.944,167
identity_r2,cancel,1000,0.945,167
identity_r2,cancel,1000,0.946,167
identity_r2,cancel,1000,0.947,167
identity_r2,cancel,1000,0.948,167
identity_r2,cancel,1000,0.949,167
identity_r2,cancel,1000,0.95,167
identity_r2,cancel,1000,0.951,167
identity_r2,cancel,1000,0.952,167
identity_r2,cancel,1000,0.953,167
identity_r2,cancel,1000,0.954,167
identity_r2,cancel,1000,0.955,167
identity_r2,cancel,1000,0.956,167
identity_r2,cancel,1000,0.957,167
identity_r2,cancel,1000,0.958,167
identity_r2,cancel,1000,0.959,167
identity_r2,cancel,1000,0.96,167
identity_r2,cancel,1000,0.961,167
identity_r2,cancel,1000,0.962,167
identity_r2,cancel,1000,0.963,167
identity_r2,cancel,1000,0.964,208
identity_r2,cancel,1000,0.965,208
identity_r2,cancel,1000,0.966,208
identity_r2,cancel,1000,0.967,208
identity_r2,cancel,1000,0.968,208
identity_r2,cancel,1000,0.969,208
identity_r2,cancel,1000,0.97,208
identity_r2,cancel,1000,0.971,208
identity_r2,cancel,1000,0.972,208
identity_r2,cancel,1000,0.973,208
identity_r2,cancel,1000,0.974,208
identity_r2,cancel,1000,0.975,208
identity_r2,cancel,1000,0.976,208
identity_r2,cancel,1000,0.977,208
identity_r2,cancel,1000,0.978,209
identity_r2,cancel,1000,0.979,209
identity_r2,cancel,1000,0.98,209
identity_r2,cancel,1000,0.981,209
identity_r2,cancel,1000,0.982,209
identity_r2,cancel,1000,0.983,209
identity_r2,cancel,1000,0.984,250
identity_r2,cancel,1000,0.985,250
identity_r2,cancel,1000,0.986,250
identity_r2,cancel,1000,0.987,250
identity_r2,cancel,1000,0.988,250
identity_r2,cancel,1000,0.989,250
identity_r2,cancel,1000,0.99,250
identity_r2,cancel,1000,0.991,250
identity_r2,cancel,1000,0.992,250
identity_r2,cancel,1000,0.993,291
identity_r2,cancel,1000,0.994,292
identity_r2,cancel,1000,0.995,292
identity_r2,cancel,1000,0.996,333
identity_r2,cancel,1000,0.997,334
identity_r2,cancel,1000,0.998,375
identity_r2,cancel,1000,0.999,500
identity_r2,match,1000,0,0
identity_r2,match,1000,0.001,0
identity_r2,match,1000,0.002,0
identity_r2,match,1000,0.003,0
identity_r2,match,1000,0.004,0
identity_r2,match,1000,0.005,0
identity_r2,match,1000,0.006,0
identity_r2,match,1000,0.007,0
identity_r2,match,1000,0.008,0
identity_r2,match,1000,0.009,0
identity_r2,match,1000,0.01,0
identity_r2,match,1000,0.011,0
identity_r2,match,1000,0.012,0
identity_r2,match,1000,0.013,0
identity_r2,match,1000,0.014,0
identity_r2,match,1000,0.015,0
identity_r2,match,1000,0.016,0
identity_r2,match,1000,0.017,0
identity_r2,match,1000,0.018,0
identity_r2,match,1000,0.019,0
identity_r2,match,1000,0.02,0
identity_r2,match,1000,0.021,0
identity_r2,match,1000,0.022,0
identity_r2,match,1000,0.023,0
identity_r2,match,1000,0.024,0
identity_r2,match,1000,0.025,0
identity_r2,match,1000,0.026,0
identity_r2,match,1000,0.027,0
identity_r2,match,1000,0.028,0
identity_r2,match,1000,0.029,0
identity_r2,match,1000,0.03,0
identity_r2,match,1000,0.031,0
identity_r2,match,1000,0.032,0
identity_r2,match,1000,0.033,0
identity_r2,match,1000,0.034,0
identity_r2,match,1000,0.035,0
identity_r2,match,1000,0.036,0
identity_r2,match,1000,0.037,0
identity_r2,match,1000,0.038,0
identity_r2,match,1000,0.039,0
identity_r2,match,1000,0.04,0
identity_r2,match,1000,0.041,0
identity_r2,match,1000,0.042,0
identity_r2,match,1000,0.043,0
identity_r2,match,1000,0.044,0
identity_r2,match,1000,0.045,0
identity_r2,match,1000,0.046,0
identity_r2,match,1000,0.047,0
identity_r2,match,1000,0.048,0
identity_r2,match,1000,0.049,0
identity_r2,match,1000,0.05,0
identity_r2,match,1000,0.051,0
identity_r2,match,1000,0.052,0
identity_r2,match,1000,0.053,0
identity_r2,match,1000,0.054,0
identity_r2,match,1000,0.055,0
identity_r2,match,1000,0.056,0
identity_r2,match,1000,0.057,0
identity_r2,match,1000,0.058,0
identity_r2,match,1000,0.059,0
identity_r2,match,1000,0.06,0
identity_r2,match,1000,0.061,0
identity_r2,match,1000,0.062,0
identity_r2,match,1000,0.063,0
identity_r2,match,1000,0.064,0
identity_r2,match,1000,0.065,0
identity_r2,match,1000,0.066,0
identity_r2,match,1000,0.067,0
identity_r2,match,1000,0.068,0
identity_r2,match,1000,0.069,0
identity_r2,match,1000,0.07,0
identity_r2,match,1000,0.071,0
identity_r2,match,1000,0.072,0
identity_r2,match,1000,0.073,0
identity_r2,match,1000,0.074,0
identity_r2,match,1000,0.075,0
identity_r2,match,1000,0.076,0
identity_r2,match,1000,0.077,0
identity_r2,match,1000,0.078,0
identity_r2,match,1000,0.079,0
identity_r2,match,1000,0.08,0
identity_r2,match,1000,0.081,0
identity_r2,match,1000,0.082,41
identity_r2,match,1000,0.083,41
identity_r2,match,1000,0.084,41
identity_r2,match,1000,0.085,41
identity_r2,match,1000,0.086,41
identity_r2,match,1000,0.087,41
identity_r2,match,1000,0.088,41
identity_r2,match,1000,0.089,41
identity_r2,match,1000,0.09,41
identity_r2,match,1000,0.091,41
identity_r2,match,1000,0.092,41
identity_r2,match,1000,0.093,41
identity_r2,match,1000,0.094,41
identity_r2,match,1000,0.095,41
identity_r2,match,1000,0.096,41
identity_r2,match,1000,0.097,41
identity_r2,match,1000,0.098,41
identity_r2,match,1000,0.099,41
identity_r2,match,1000,0.1,41
identity_r2,match,1000,0.101,41
identity_r2,match,1000,0.102,41
identity_r2,match,1000,0.103,41
identity_r2,match,1000,0.104,41
identity_r2,match,1000,0.105,41
identity_r2,match,1000,0.106,41
identity_r2,match,1000,0.107,41
identity_r2,match,1000,0.108,41
identity_r2,match,1000,0.109,41
identity_r2,match,1000,0.11,41
identity_r2,match,1000,0.111,41
identity_r2,match,1000,0.112,41
identity_r2,match,1000,0.113,41
identity_r2,match,1000,0.114,41
identity_r2,match,1000,0.115,41
identity_r2,match,1000,0.116,41
identity_r2,match,1000,0.117,41
identity_r2,match,1000,0.118,41
identity_r2,match,1000,0.119,41
identity_r2,match,1000,0.12,41
identity_r2,match,1000,0.121,41
identity_r2,match,1000,0.122,41
identity_r2,match,1000,0.123,41
identity_r2,match,1000,0.124,41
identity_r2,match,1000,0.125,41
identity_r2,match,1000,0.126,41
identity_r2,match,1000,0.127,41
identity_r2,match,1000,0.128,41
identity_r2,match,1000,0.129,41
identity_r2,match,1000,0.13,41
identity_r2,match,1000,0.131,41
identity_r2,match,1000,0.132,41
identity_r2,match,1000,0.133,41
identity_r2,match,1000,0.134,41
identity_r2,match,1000,0.135,41
identity_r2,match,1000,0.136,41
identity_r2,match,1000,0.137,41
identity_r2,match,1000,0.138,41
identity_r2,match,1000,0.139,41
identity_r2,match,1000,0.14,41
identity_r2,match,1000,0.141,41
identity_r2,match,1000,0.142,41
identity_r2,match,1000,0.143,41
identity_r2,match,1000,0.144,41
identity_r2,match,1000,0.145,41
identity_r2,match,1000,0.146,41
identity_r2,match,1000,0.147,41
identity_r2,match,1000,0.148,41
identity_r2,match,1000,0.149,41
identity_r2,match,1000,0.15,41
identity_r2,match,1000,0.151,41
identity_r2,match,1000,0.152,41
identity_r2,match,1000,0.153,41
identity_r2,match,1000,0.154,41
identity_r2,match,1000,0.155,41
identity_r2,match,1000,0.156,41
identity_r2,match,1000,0.157,41
identity_r2,match,1000,0.158,41
identity_r2,match,1000,0.159,41
identity_r2,match,1000,0.16,41
identity_r2,match,1000,0.161,41
identity_r2,match,1000,0.162,41
identity_r2,match,1000,0.163,41
identity_r2,match,1000,0.164,41
identity_r2,match,1000,0.165,41
identity_r2,match,1000,0.166,41
identity_r2,match,1000,0.167,41
identity_r2,match,1000,0.168,41
identity_r2,match,1000,0.169,41
identity_r2,match,1000,0.17,41
identity_r2,match,1000,0.171,41
identity_r2,match,1000,0.172,41
identity_r2,match,1000,0.173,41
identity_r2,match,1000,0.174,41
identity_r2,match,1000,0.175,41
identity_r2,match,1000,0.176,41
identity_r2,match,1000,0.177,41
identity_r2,match,1000,0.178,41
identity_r2,match,1000,0.179,41
identity_r2,match,1000,0.18,41
identity_r2,match,1000,0.181,41
identity_r2,match,1000,0.182,41
identity_r2,match,1000,0.183,41
identity_r2,match,1000,0.184,41
identity_r2,match,1000,0.185,41
identity_r2,match,1000,0.186,41
identity_r2,match,1000,0.187,41
identity_r2,match,1000,0.188,41
identity_r2,match,1000,0.189,41
identity_r2,match,1000,0.19,41
identity_r2,match,1000,0.191,41
identity_r2,match,1000,0.192,41
identity_r2,match,1000,0.193,41
identity_r2,match,1000,0.194,41
identity_r2,match,1000,0.195,41
identity_r2,match,1000,0.196,41
identity_r2,match,1000,0.197,41
identity_r2,match,1000,0.198,41
identity_r2,match,1000,0.199,41
identity_r2,match,1000,0.2,41
identity_r2,match,1000,0.201,41
identity_r2,match,1000,0.202,41
identity_r2,match,1000,0.203,41
identity_r2,match,1000,0.204,41
identity_r2,match,1000,0.205,41
identity_r2,match,1000,0.206,41
identity_r2,match,1000,0.207,41
identity_r2,match,1000,0.208,41
identity_r2,match,1000,0.209,41
identity_r2,match,1000,0.21,41
identity_r2,match,1000,0.211,41
identity_r2,match,1000,0.212,41
identity_r2,match,1000,0.213,41
identity_r2,match,1000,0.214,41
identity_r2,match,1000,0.215,41
identity_r2,match,1000,0.216,41
identity_r2,match,1000,0.217,41
identity_r2,match,1000,0.218,41
identity_r2,match,1000,0.219,41
identity_r2,match,1000,0.22,41
identity_r2,match,1000,0.221,41
identity_r2,match,1000,0.222,41
identity_r2,match,1000,0.223,41
identity_r2,match,1000,0.224,41
identity_r2,match,1000,0.225,41
identity_r2,match,1000,0.226,41
identity_r2,match,1000,0.227,41
identity_r2,match,1000,0.228,41
identity_r2,match,1000,0.229,41
identity_r2,match,1000,0.23,41
identity_r2,match,1000,0.231,41
identity_r2,match,1000,0.232,41
identity_r2,match,1000,0.233,41
identity_r2,match,1000,0.234,41
identity_r2,match,1000,0.235,41
identity_r2,match,1000,0.236,41
identity_r2,match,1000,0.237,41
identity_r2,match,1000,0.238,41
identity_r2,match,1000,0.239,41
identity_r2,match,1000,0.24,41
identity_r2,match,1000,0.241,41
identity_r2,match,1000,0.242,41
identity_r2,match,1000,0.243,41
identity_r2,match,1000,0.244,41
identity_r2,match,1000,0.245,41
identity_r2,match,1000,0.246,41
identity_r2,match,1000,0.247,41
identity_r2,match,1000,0.248,41
identity_r2,match,1000,0.249,41
identity_r2,match,1000,0.25,41
identity_r2,match,1000,0.251,41
identity_r2,match,1000,0.252,41
identity_r2,match,1000,0.253,41
identity_r2,match,1000,0.254,41
identity_r2,match,1000,0.255,41
identity_r2,match,1000,0.256,41
identity_r2,match,1000,0.257,41
identity_r2,match,1000,0.258,41
identity_r2,match,1000,0.259,41
identity_r2,match,1000,0.26,41
identity_r2,match,1000,0.261,41
identity_r2,match,1000,0.262,41
identity_r2,match,1000,0.263,41
identity_r2,match,1000,0.264,41
identity_r2,match,1000,0.265,41
identity_r2,match,1000,0.266,41
identity_r2,match,1000,0.267,41
identity_r2,match,1000,0.268,41
identity_r2,match,1000,0.269,41
identity_r2,match,1000,0.27,41
identity_r2,match,1000,0.271,41
identity_r2,match,1000,0.272,41
identity_r2,match,1000,0.273,41
identity_r2,match,1000,0.274,41
identity_r2,match,1000,0.275,41
identity_r2,match,1000,0.276,41
identity_r2,match,1000,0.277,41
identity_r2,match,1000,0.278,41
identity_r2,match,1000,0.279,41
identity_r2,match,1000,0.28,41
identity_r2,match,1000,0.281,41
identity_r2,match,1000,0.282,41
identity_r2,match,1000,0.283,41
identity_r2,match,1000,0.284,41
identity_r2,match,1000,0.285,41
identity_r2,match,1000,0.286,41
identity_r2,match,1000,0.287,41
identity_r2,match,1000,0.288,41
identity_r2,match,1000,0.289,41
identity_r2,match,1000,0.29,41
identity_r2,match,1000,0.291,41
identity_r2,match,1000,0.292,41
identity_r2,match,1000,0.293,41
identity_r2,match,1000,0.294,41
identity_r2,match,1000,0.295,41
identity_r2,match,1000,0.296,41
identity_r2,match,1000,0.297,41
identity_r2,match,1000,0.298,41
identity_r2,match,1000,0.299,41
identity_r2,match,1000,0.3,41
identity_r2,match,1000,0.301,41
identity_r2,match,1000,0.302,41
identity_r2,match,1000,0.303,41
identity_r2,match,1000,0.304,41
identity_r2,match,1000,0.305,41
identity_r2,match,1000,0.306,41
identity_r2,match,1000,0.307,41
identity_r2,match,1000,0.308,41
identity_r2,match,1000,0.309,41
identity_r2,match,1000,0.31,41
identity_r2,match,1000,0.311,41
identity_r2,match,1000,0.312,41
identity_r2,match,1000,0.313,41
identity_r2,match,1000,0.314,41
identity_r2,match,1000,0.315,41
identity_r2,match,1000,0.316,41
identity_r2,match,1000,0.317,41
identity_r2,match,1000,0.318,41
identity_r2,match,1000,0.319,41
identity_r2,match,1000,0.32,41
identity_r2,match,1000,0.321,41
identity_r2,match,1000,0.322,41
identity_r2,match,1000,0.323,41
identity_r2,match,1000,0.324,41
identity_r2,match,1000,0.325,41
identity_r2,match,1000,0.326,41
identity_r2,match,1000,0.327,41
identity_r2,match,1000,0.328,41
identity_r2,match,1000,0.329,41
identity_r2,match,1000,0.33,41
identity_r2,match,1000,0.331,41
identity_r2,match,1000,0.332,41
identity_r2,match,1000,0.333,41
identity_r2,match,1000,0.334,41
identity_r2,match,1000,0.335,41
identity_r2,match,1000,0.336,41
identity_r2,match,1000,0.337,41
identity_r2,match,1000,0.338,41
identity_r2,match,1000,0.339,41
identity_r2,match,1000,0.34,41
identity_r2,match,1000,0.341,41
identity_r2,match,1000,0.342,41
identity_r2,match,1000,0.343,41
identity_r2,match,1000,0.344,41
identity_r2,match,1000,0.345,41
identity_r2,match,1000,0.346,41
identity_r2,match,1000,0.347,41
identity_r2,match,1000,0.348,41
identity_r2,match,1000,0.349,41
identity_r2,match,1000,0.35,41
identity_r2,match,1000,0.351,41
identity_r2,match,1000,0.352,41
identity_r2,match,1000,0.353,41
identity_r2,match,1000,0.354,41
identity_r2,match,1000,0.355,41
identity_r2,match,1000,0.356,42
identity_r2,match,1000,0.357,42
identity_r2,match,1000,0.358,42
identity_r2,match,1000,0.359,42
identity_r2,match,1000,0.36,42
identity_r2,match,1000,0.361,42
identity_r2,match,1000,0.362,42
identity_r2,match,1000,0.363,42
identity_r2,match,1000,0.364,42
identity_r2,match,1000,0.365,42
identity_r2,match,1000,0.366,42
identity_r2,match,1000,0.367,42
identity_r2,match,1000,0.368,42
identity_r2,match,1000,0.369,42
identity_r2,match,1000,0.37,42
identity_r2,match,1000,0.371,42
identity_r2,match,1000,0.372,42
identity_r2,match,1000,0.373,42
identity_r2,match,1000,0.374,42
identity_r2,match,1000,0.375,42
identity_r2,match,1000,0.376,42
identity_r2,match,1000,0.377,42
identity_r2,match,1000,0.378,42
identity_r2,match,1000,0.379,42
identity_r2,match,1000,0.38,42
identity_r2,match,1000,0.381,42
identity_r2,match,1000,0.382,42
identity_r2,match,1000,0.383,42
identity_r2,match,1000,0.384,42
identity_r2,match,1000,0.385,42
identity_r2,match,1000,0.386,42
identity_r2,match,1000,0.387,42
identity_r2,match,1000,0.388,42
identity_r2,match,1000,0.389,42
identity_r2,match,1000,0.39,42
identity_r2,match,1000,0.391,42
identity_r2,match,1000,0.392,42
identity_r2,match,1000,0.393,42
identity_r2,match,1000,0.394,42
identity_r2,match,1000,0.395,42
identity_r2,match,1000,0.396,42
identity_r2,match,1000,0.397,42
identity_r2,match,1000,0.398,42
identity_r2,match,1000,0.399,42
identity_r2,match,1000,0.4,42
identity_r2,match,1000,0.401,42
identity_r2,match,1000,0.402,42
identity_r2,match,1000,0.403,42
identity_r2,match,1000,0.404,42
identity_r2,match,1000,0.405,42
identity_r2,match,1000,0.406,42
identity_r2,match,1000,0.407,42
identity_r2,match,1000,0.408,42
identity_r2,match,1000,0.409,42
identity_r2,match,1000,0.41,42
identity_r2,match,1000,0.411,42
identity_r2,match,1000,0.412,42
identity_r2,match,1000,0.413,42
identity_r2,match,1000,0.414,42
identity_r2,match,1000,0.415,42
identity_r2,match,1000,0.416,42
identity_r2,match,1000,0.417,42
identity_r2,match,1000,0.418,42
identity_r2,match,1000,0.419,42
identity_r2,match,1000,0.42,42
identity_r2,match,1000,0.421,42
identity_r2,match,1000,0.422,42
identity_r2,match,1000,0.423,42
identity_r2,match,1000,0.424,42
identity_r2,match,1000,0.425,42
identity_r2,match,1000,0.426,42
identity_r2,match,1000,0.427,42
identity_r2,match,1000,0.428,42
identity_r2,match,1000,0.429,42
identity_r2,match,1000,0.43,42
identity_r2,match,1000,0.431,42
identity_r2,match,1000,0.432,42
identity_r2,match,1000,0.433,42
identity_r2,match,1000,0.434,42
identity_r2,match,1000,0.435,42
identity_r2,match,1000,0.436,42
identity_r2,match,1000,0.437,42
identity_r2,match,1000,0.438,42
identity_r2,match,1000,0.439,42
identity_r2,match,1000,0.44,42
identity_r2,match,1000,0.441,42
identity_r2,match,1000,0.442,42
identity_r2,match,1000,0.443,42
identity_r2,match,1000,0.444,42
identity_r2,match,1000,0.445,42
identity_r2,match,1000,0.446,42
identity_r2,match,1000,0.447,42
identity_r2,match,1000,0.448,42
identity_r2,match,1000,0.449,42
identity_r2,match,1000,0.45,42
identity_r2,match,1000,0.451,42
identity_r2,match,1000,0.452,42
identity_r2,match,1000,0.453,42
identity_r2,match,1000,0.454,42
identity_r2,match,1000,0.455,42
identity_r2,match,1000,0.456,42
identity_r2,match,1000,0.457,42
identity_r2,match,1000,0.458,42
identity_r2,match,1000,0.459,42
identity_r2,match,1000,0.46,42
identity_r2,match,1000,0.461,42
identity_r2,match,1000,0.462,42
identity_r2,match,1000,0.463,42
identity_r2,match,1000,0.464,42
identity_r2,match,1000,0.465,42
identity_r2,match,1000,0.466,42
identity_r2,match,1000,0.467,42
identity_r2,match,1000,0.468,42
identity_r2,match,1000,0.469,42
identity_r2,match,1000,0.47,42
identity_r2,match,1000,0.471,42
identity_r2,match,1000,0.472,42
identity_r2,match,1000,0.473,42
identity_r2,match,1000,0.474,42
identity_r2,match,1000,0.475,42
identity_r2,match,1000,0.476,42
identity_r2,match,1000,0.477,42
identity_r2,match,1000,0.478,42
identity_r2,match,1000,0.479,42
identity_r2,match,1000,0.48,42
identity_r2,match,1000,0.481,42
identity_r2,match,1000,0.482,42
identity_r2,match,1000,0.483,42
identity_r2,match,1000,0.484,42
identity_r2,match,1000,0.485,42
identity_r2,match,1000,0.486,42
identity_r2,match,1000,0.487,42
identity_r2,match,1000,0.488,42
identity_r2,match,1000,0.489,42
identity_r2,match,1000,0.49,42
identity_r2,match,1000,0.491,42
identity_r2,match,1000,0.492,42
identity_r2,match,1000,0.493,42
identity_r2,match,1000,0.494,42
identity_r2,match,1000,0.495,42
identity_r2,match,1000,0.496,42
identity_r2,match,1000,0.497,42
identity_r2,match,1000,0.498,42
identity_r2,match,1000,0.499,42
identity_r2,match,1000,0.5,42
identity_r2,match,1000,0.501,42
identity_r2,match,1000,0.502,42
identity_r2,match,1000,0.503,42
identity_r2,match,1000,0.504,42
identity_r2,match,1000,0.505,42
identity_r2,match,1000,0.506,42
identity_r2,match,1000,0.507,42
identity_r2,match,1000,0.508,42
identity_r2,match,1000,0.509,42
identity_r2,match,1000,0.51,42
identity_r2,match,1000,0.511,42
identity_r2,match,1000,0.512,42
identity_r2,match,1000,0.513,42
identity_r2,match,1000,0.514,42
identity_r2,match,1000,0.515,42
identity_r2,match,1000,0.516,42
identity_r2,match,1000,0.517,42
identity_r2,match,1000,0.518,42
identity_r2,match,1000,0.519,42
identity_r2,match,1000,0.52,42
identity_r2,match,1000,0.521,42
identity_r2,match,1000,0.522,42
identity_r2,match,1000,0.523,42
identity_r2,match,1000,0.524,42
identity_r2,match,1000,0.525,42
identity_r2,match,1000,0.526,42
identity_r2,match,1000,0.527,42
identity_r2,match,1000,0.528,42
identity_r2,match,1000,0.529,42
identity_r2,match,1000,0.53,42
identity_r2,match,1000,0.531,42
identity_r2,match,1000,0.532,42
identity_r2,match,1000,0.533,42
identity_r2,match,1000,0.534,42
identity_r2,match,1000,0.535,42
identity_r2,match,1000,0.536,42
identity_r2,match,1000,0.537,42
identity_r2,match,1000,0.538,42
identity_r2,match,1000,0.539,42
identity_r2,match,1000,0.54,42
identity_r2,match,1000,0.541,42
identity_r2,match,1000,0.542,42
identity_r2,match,1000,0.543,42
identity_r2,match,1000,0.544,42
identity_r2,match,1000,0.545,42
identity_r2,match,1000,0.546,42
identity_r2,match,1000,0.547,42
identity_r2,match,1000,0.548,42
identity_r2,match,1000,0.549,42
identity_r2,match,1000,0.55,42
identity_r2,match,1000,0.551,42
identity_r2,match,1000,0.552,42
identity_r2,match,1000,0.553,42
identity_r2,match,1000,0.554,42
identity_r2,match,1000,0.555,42
identity_r2,match,1000,0.556,42
identity_r2,match,1000,0.557,42
identity_r2,match,1000,0.558,42
identity_r2,match,1000,0.559,42
identity_r2,match,1000,0.56,42
identity_r2,match,1000,0.561,42
identity_r2,match,1000,0.562,42
identity_r2,match,1000,0.563,42
identity_r2,match,1000,0.564,42
identity_r2,match,1000,0.565,42
identity_r2,match,1000,0.566,42
identity_r2,match,1000,0.567,42
identity_r2,match,1000,0.568,42
identity_r2,match,1000,0.569,42
identity_r2,match,1000,0.57,42
identity_r2,match,1000,0.571,42
identity_r2,match,1000,0.572,42
identity_r2,match,1000,0.573,42
identity_r2,match,1000,0.574,42
identity_r2,match,1000,0.575,42
identity_r2,match,1000,0.576,42
identity_r2,match,1000,0.577,42
identity_r2,match,1000,0.578,42
identity_r2,match,1000,0.579,42
identity_r2,match,1000,0.58,42
identity_r2,match,1000,0.581,42
identity_r2,match,1000,0.582,42
identity_r2,match,1000,0.583,42
identity_r2,match,1000,0.584,42
identity_r2,match,1000,0.585,42
identity_r2,match,1000,0.586,42
identity_r2,match,1000,0.587,42
identity_r2,match,1000,0.588,42
identity_r2,match,1000,0.589,42
identity_r2,match,1000,0.59,42
identity_r2,match,1000,0.591,42
identity_r2,match,1000,0.592,42
identity_r2,match,1000,0.593,42
identity_r2,match,1000,0.594,42
identity_r2,match,1000,0.595,42
identity_r2,match,1000,0.596,42
identity_r2,match,1000,0.597,42
identity_r2,match,1000,0.598,42
identity_r2,match,1000,0.599,42
identity_r2,match,1000,0.6,42
identity_r2,match,1000,0.601,42
identity_r2,match,1000,0.602,42
identity_r2,match,1000,0.603,42
identity_r2,match,1000,0.604,42
identity_r2,match,1000,0.605,42
identity_r2,match,1000,0.606,42
identity_r2,match,1000,0.607,42
identity_r2,match,1000,0.608,42
identity_r2,match,1000,0.609,42
identity_r2,match,1000,0.61,42
identity_r2,match,1000,0.611,42
identity_r2,match,1000,0.612,42
identity_r2,match,1000,0.613,42
identity_r2,match,1000,0.614,42
identity_r2,match,1000,0.615,42
identity_r2,match,1000,0.616,42
identity_r2,match,1000,0.617,42
identity_r2,match,1000,0.618,42
identity_r2,match,1000,0.619,42
identity_r2,match,1000,0.62,42
identity_r2,match,1000,0.621,42
identity_r2,match,1000,0.622,42
identity_r2,match,1000,0.623,42
identity_r2,match,1000,0.624,42
identity_r2,match,1000,0.625,42
identity_r2,match,1000,0.626,42
identity_r2,match,1000,0.627,42
identity_r2,match,1000,0.628,42
identity_r2,match,1000,0.629,42
identity_r2,match,1000,0.63,42
identity_r2,match,1000,0.631,42
identity_r2,match,1000,0.632,42
identity_r2,match,1000,0.633,42
identity_r2,match,1000,0.634,42
identity_r2,match,1000,0.635,42
identity_r2,match,1000,0.636,42
identity_r2,match,1000,0.637,42
identity_r2,match,1000,0.638,42
identity_r2,match,1000,0.639,42
identity_r2,match,1000,0.64,42
identity_r2,match,1000,0.641,42
identity_r2,match,1000,0.642,42
identity_r2,match,1000,0.643,42
identity_r2,match,1000,0.644,42
identity_r2,match,1000,0.645,42
identity_r2,match,1000,0.646,42
identity_r2,match,1000,0.647,42
identity_r2,match,1000,0.648,42
identity_r2,match,1000,0.649,42
identity_r2,match,1000,0.65,42
identity_r2,match,1000,0.651,42
identity_r2,match,1000,0.652,42
identity_r2,match,1000,0.653,42
identity_r2,match,1000,0.654,42
identity_r2,match,1000,0.655,42
identity_r2,match,1000,0.656,42
identity_r2,match,1000,0.657,42
identity_r2,match,1000,0.658,42
identity_r2,match,1000,0.659,42
identity_r2,match,1000,0.66,42
identity_r2,match,1000,0.661,42
identity_r2,match,1000,0.662,42
identity_r2,match,1000,0.663,42
identity_r2,match,1000,0.664,42
identity_r2,match,1000,0.665,42
identity_r2,match,1000,0.666,42
identity_r2,match,1000,0.667,42
identity_r2,match,1000,0.668,42
identity_r2,match,1000,0.669,42
identity_r2,match,1000,0.67,42
identity_r2,match,1000,0.671,42
identity_r2,match,1000,0.672,42
identity_r2,match,1000,0.673,42
identity_r2,match,1000,0.674,42
identity_r2,match,1000,0.675,42
identity_r2,match,1000,0.676,42
identity_r2,match,1000,0.677,42
identity_r2,match,1000,0.678,42
identity_r2,match,1000,0.679,42
identity_r2,match,1000,0.68,42
identity_r2,match,1000,0.681,42
identity_r2,match,1000,0.682,42
identity_r2,match,1000,0.683,42
identity_r2,match,1000,0.684,42
identity_r2,match,1000,0.685,42
identity_r2,match,1000,0.686,42
identity_r2,match,1000,0.687,42
identity_r2,match,1000,0.688,42
identity_r2,match,1000,0.689,42
identity_r2,match,1000,0.69,42
identity_r2,match,1000,0.691,42
identity_r2,match,1000,0.692,42
identity_r2,match,1000,0.693,42
identity_r2,match,1000,0.694,42
identity_r2,match,1000,0.695,42
identity_r2,match,1000,0.696,42
identity_r2,match,1000,0.697,42
identity_r2,match,1000,0.698,42
identity_r2,match,1000,0.699,42
identity_r2,match,1000,0.7,42
identity_r2,match,1000,0.701,42
identity_r2,match,1000,0.702,42
identity_r2,match,1000,0.703,42
identity_r2,match,1000,0.704,42
identity_r2,match,1000,0.705,42
identity_r2,match,1000,0.706,42
identity_r2,match,1000,0.707,42
identity_r2,match,1000,0.708,42
identity_r2,match,1000,0.709,42
identity_r2,match,1000,0.71,42
identity_r2,match,1000,0.711,42
identity_r2,match,1000,0.712,42
identity_r2,match,1000,0.713,42
identity_r2,match,1000,0.714,42
identity_r2,match,1000,0.715,42
identity_r2,match,1000,0.716,42
identity_r2,match,1000,0.717,42
identity_r2,match,1000,0.718,42
identity_r2,match,1000,0.719,42
identity_r2,match,1000,0.72,42
identity_r2,match,1000,0.721,42
identity_r2,match,1000,0.722,42
identity_r2,match,1000,0.723,42
identity_r2,match,1000,0.724,42
identity_r2,match,1000,0.725,42
identity_r2,match,1000,0.726,42
identity_r2,match,1000,0.727,42
identity_r2,match,1000,0.728,42
identity_r2,match,1000,0.729,42
identity_r2,match,1000,0.73,42
identity_r2,match,1000,0.731,42
identity_r2,match,1000,0.732,42
identity_r2,match,1000,0.733,42
identity_r2,match,1000,0.734,42
identity_r2,match,1000,0.735,42
identity_r2,match,1000,0.736,42
identity_r2,match,1000,0.737,42
identity_r2,match,1000,0.738,42
identity_r2,match,1000,0.739,42
identity_r2,match,1000,0.74,42
identity_r2,match,1000,0.741,42
identity_r2,match,1000,0.742,42
identity_r2,match,1000,0.743,42
identity_r2,match,1000,0.744,42
identity_r2,match,1000,0.745,42
identity_r2,match,1000,0.746,42
identity_r2,match,1000,0.747,42
identity_r2,match,1000,0.748,42
identity_r2,match,1000,0.749,42
identity_r2,match,1000,0.75,42
identity_r2,match,1000,0.751,42
identity_r2,match,1000,0.752,42
identity_r2,match,1000,0.753,42
identity_r2,match,1000,0.754,42
identity_r2,match,1000,0.755,42
identity_r2,match,1000,0.756,42
identity_r2,match,1000,0.757,42
identity_r2,match,1000,0.758,42
identity_r2,match,1000,0.759,42
identity_r2,match,1000,0.76,42
identity_r2,match,1000,0.761,42
identity_r2,match,1000,0.762,42
identity_r2,match,1000,0.763,42
identity_r2,match,1000,0.764,42
identity_r2,match,1000,0.765,42
identity_r2,match,1000,0.766,42
identity_r2,match,1000,0.767,42
identity_r2,match,1000,0.768,42
identity_r2,match,1000,0.769,42
identity_r2,match,1000,0.77,42
identity_r2,match,1000,0.771,42
identity_r2,match,1000,0.772,42
identity_r2,match,1000,0.773,42
identity_r2,match,1000,0.774,42
identity_r2,match,1000,0.775,42
identity_r2,match,1000,0.776,42
identity_r2,match,1000,0.777,42
identity_r2,match,1000,0.778,42
identity_r2,match,1000,0.779,42
identity_r2,match,1000,0.78,42
identity_r2,match,1000,0.781,42
identity_r2,match,1000,0.782,42
identity_r2,match,1000,0.783,42
identity_r2,match,1000,0.784,42
identity_r2,match,1000,0.785,42
identity_r2,match,1000,0.786,42
identity_r2,match,1000,0.787,42
identity_r2,match,1000,0.788,42
identity_r2,match,1000,0.789,42
identity_r2,match,1000,0.79,42
identity_r2,match,1000,0.791,42
identity_r2,match,1000,0.792,42
identity_r2,match,1000,0.793,42
identity_r2,match,1000,0.794,42
identity_r2,match,1000,0.795,42
identity_r2,match,1000,0.796,42
identity_r2,match,1000,0.797,42
identity_r2,match,1000,0.798,42
identity_r2,match,1000,0.799,42
identity_r2,match,1000,0.8,42
identity_r2,match,1000,0.801,42
identity_r2,match,1000,0.802,42
identity_r2,match,1000,0.803,42
identity_r2,match,1000,0.804,42
identity_r2,match,1000,0.805,42
identity_r2,match,1000,0.806,42
identity_r2,match,1000,0.807,42
identity_r2,match,1000,0.808,42
identity_r2,match,1000,0.809,42
identity_r2,match,1000,0.81,42
identity_r2,match,1000,0.811,42
identity_r2,match,1000,0.812,42
identity_r2,match,1000,0.813,42
identity_r2,match,1000,0.814,42
identity_r2,match,1000,0.815,42
identity_r2,match,1000,0.816,42
identity_r2,match,1000,0.817,42
identity_r2,match,1000,0.818,42
identity_r2,match,1000,0.819,42
identity_r2,match,1000,0.82,42
identity_r2,match,1000,0.821,42
identity_r2,match,1000,0.822,42
identity_r2,match,1000,0.823,42
identity_r2,match,1000,0.824,42
identity_r2,match,1000,0.825,42
identity_r2,match,1000,0.826,42
identity_r2,match,1000,0.827,42
identity_r2,match,1000,0.828,42
identity_r2,match,1000,0.829,42
identity_r2,match,1000,0.83,42
identity_r2,match,1000,0.831,42
identity_r2,match,1000,0.832,42
identity_r2,match,1000,0.833,42
identity_r2,match,1000,0.834,42
identity_r2,match,1000,0.835,42
identity_r2,match,1000,0.836,42
identity_r2,match,1000,0.837,42
identity_r2,match,1000,0.838,42
identity_r2,match,1000,0.839,42
identity_r2,match,1000,0.84,42
identity_r2,match,1000,0.841,42
identity_r2,match,1000,0.842,42
identity_r2,match,1000,0.843,42
identity_r2,match,1000,0.844,42
identity_r2,match,1000,0.845,42
identity_r2,match,1000,0.846,42
identity_r2,match,1000,0.847,42
identity_r2,match,1000,0.848,42
identity_r2,match,1000,0.849,42
identity_r2,match,1000,0.85,42
identity_r2,match,1000,0.851,42
identity_r2,match,1000,0.852,42
identity_r2,match,1000,0.853,42
identity_r2,match,1000,0.854,42
identity_r2,match,1000,0.855,42
identity_r2,match,1000,0.856,42
identity_r2,match,1000,0.857,42
identity_r2,match,1000,0.858,42
identity_r2,match,1000,0.859,42
identity_r2,match,1000,0.86,42
identity_r2,match,1000,0.861,42
identity_r2,match,1000,0.862,42
identity_r2,match,1000,0.863,42
identity_r2,match,1000,0.864,42
identity_r2,match,1000,0.865,42
identity_r2,match,1000,0.866,42
identity_r2,match,1000,0.867,42
identity_r2,match,1000,0.868,42
identity_r2,match,1000,0.869,42
identity_r2,match,1000,0.87,42
identity_r2,match,1000,0.871,42
identity_r2,match,1000,0.872,42
identity_r2,match,1000,0.873,42
identity_r2,match,1000,0.874,42
identity_r2,match,1000,0.875,42
identity_r2,match,1000,0.876,42
identity_r2,match,1000,0.877,42
identity_r2,match,1000,0.878,42
identity_r2,match,1000,0.879,42
identity_r2,match,1000,0.88,42
identity_r2,match,1000,0.881,42
identity_r2,match,1000,0.882,42
identity_r2,match,1000,0.883,42
identity_r2,match,1000,0.884,42
identity_r2,match,1000,0.885,42
identity_r2,match,1000,0.886,42
identity_r2,match,1000,0.887,42
identity_r2,match,1000,0.888,42
identity_r2,match,1000,0.889,42
identity_r2,match,1000,0.89,42
identity_r2,match,1000,0.891,42
identity_r2,match,1000,0.892,42
identity_r2,match,1000,0.893,42
identity_r2,match,1000,0.894,42
identity_r2,match,1000,0.895,42
identity_r2,match,1000,0.896,42
identity_r2,match,1000,0.897,42
identity_r2,match,1000,0.898,42
identity_r2,match,1000,0.899,42
identity_r2,match,1000,0.9,42
identity_r2,match,1000,0.901,42
identity_r2,match,1000,0.902,42
identity_r2,match,1000,0.903,42
identity_r2,match,1000,0.904,83
identity_r2,match,1000,0.905,83
identity_r2,match,1000,0.906,83
identity_r2,match,1000,0.907,83
identity_r2,match,1000,0.908,83
identity_r2,match,1000,0.909,83
identity_r2,match,1000,0.91,83
identity_r2,match,1000,0.911,83
identity_r2,match,1000,0.912,83
identity_r2,match,1000,0.913,83
identity_r2,match,1000,0.914,83
identity_r2,match,1000,0.915,83
identity_r2,match,1000,0.916,83
identity_r2,match,1000,0.917,83
identity_r2,match,1000,0.918,83
identity_r2,match,1000,0.919,83
identity_r2,match,1000,0.92,83
identity_r2,match,1000,0.921,83
identity_r2,match,1000,0.922,83
identity_r2,match,1000,0.923,83
identity_r2,match,1000,0.924,83
identity_r2,match,1000,0.925,83
identity_r2,match,1000,0.926,83
identity_r2,match,1000,0.927,83
identity_r2,match,1000,0.928,83
identity_r2,match,1000,0.929,83
identity_r2,match,1000,0.93,83
identity_r2,match,1000,0.931,83
identity_r2,match,1000,0.932,83
identity_r2,match,1000,0.933,83
identity_r2,match,1000,0.934,83
identity_r2,match,1000,0.935,83
identity_r2,match,1000,0.936,83
identity_r2,match,1000,0.937,83
identity_r2,match,1000,0.938,83
identity_r2,match,1000,0.939,83
identity_r2,match,1000,0.94,83
identity_r2,match,1000,0.941,83
identity_r2,match,1000,0.942,83
identity_r2,match,1000,0.943,83
identity_r2,match,1000,0.944,83
identity_r2,match,1000,0.945,83
identity_r2,match,1000,0.946,83
identity_r2,match,1000,0.947,83
identity_r2,match,1000,0.948,83
identity_r2,match,1000,0.949,83
identity_r2,match,1000,0.95,83
identity_r2,match,1000,0.951,83
identity_r2,match,1000,0.952,83
identity_r2,match,1000,0.953,83
identity_r2,match,1000,0.954,83
identity_r2,match,1000,0.955,83
identity_r2,match,1000,0.956,83
identity_r2,match,1000,0.957,83
identity_r2,match,1000,0.958,83
identity_r2,match,1000,0.959,83
identity_r2,match,1000,0.96,83
identity_r2,match,1000,0.961,83
identity_r2,match,1000,0.962,83
identity_r2,match,1000,0.963,83
identity_r2,match,1000,0.964,84
identity_r2,match,1000,0.965,84
identity_r2,match,1000,0.966,84
identity_r2,match,1000,0.967,84
identity_r2,match,1000,0.968,84
identity_r2,match,1000,0.969,84
identity_r2,match,1000,0.97,84
identity_r2,match,1000,0.971,84
identity_r2,match,1000,0.972,84
identity_r2,match,1000,0.973,84
identity_r2,match,1000,0.974,84
identity_r2,match,1000,0.975,84
identity_r2,match,1000,0.976,84
identity_r2,match,1000,0.977,84
identity_r2,match,1000,0.978,84
identity_r2,match,1000,0.979,84
identity_r2,match,1000,0.98,84
identity_r2,match,1000,0.981,84
identity_r2,match,1000,0.982,84
identity_r2,match,1000,0.983,84
identity_r2,match,1000,0.984,84
identity_r2,match,1000,0.985,84
identity_r2,match,1000,0.986,84
identity_r2,match,1000,0.987,84
identity_r2,match,1000,0.988,84
identity_r2,match,1000,0.989,84
identity_r2,match,1000,0.99,84
identity_r2,match,1000,0.991,84
identity_r2,match,1000,0.992,84
identity_r2,match,1000,0.993,125
identity_r2,match,1000,0.994,125
identity_r2,match,1000,0.995,125
identity_r2,match,1000,0.996,125
identity_r2,match,1000,0.997,125
identity_r2,match,1000,0.998,167
identity_r2,match,1000,0.999,208
identity_r2,add,10000,0,0
identity_r2,add,10000,0.001,0
identity_r2,add,10000,0.002,0
identity_r2,add,10000,0.003,0
identity_r2,add,10000,0.004,0
identity_r2,add,10000,0.005,0
identity_r2,add,10000,0.006,0
identity_r2,add,10000,0.007,0
identity_r2,add,10000,0.008,0
identity_r2,add,10000,0.009,0
identity_r2,add,10000,0.01,41
identity_r2,add,10000,0.011,41
identity_r2,add,10000,0.012,41
identity_r2,add,10000,0.013,41
identity_r2,add,10000,0.014,41
identity_r2,add,10000,0.015,41
identity_r2,add,10000,0.016,41
identity_r2,add,10000,0.017,41
identity_r2,add,10000,0.018,41
identity_r2,add,10000,0.019,41
identity_r2,add,10000,0.02,41
identity_r2,add,10000,0.021,41
identity_r2,add,10000,0.022,41
identity_r2,add,10000,0.023,41
identity_r2,add,10000,0.024,41
identity_r2,add,10000,0.025,41
identity_r2,add,10000,0.026,41
identity_r2,add,10000,0.027,41
identity_r2,add,10000,0.028,41
identity_r2,add,10000,0.029,41
identity_r2,add,10000,0.03,41
identity_r2,add,10000,0.031,41
identity_r2,add,10000,0.032,41
identity_r2,add,10000,0.033,41
identity_r2,add,10000,0.034,41
identity_r2,add,10000,0.035,41
identity_r2,add,10000,0.036,41
identity_r2,add,10000,0.037,41
identity_r2,add,10000,0.038,41
identity_r2,add,10000,0.039,41
identity_r2,add,10000,0.04,41
identity_r2,add,10000,0.041,41
identity_r2,add,10000,0.042,41
identity_r2,add,10000,0.043,41
identity_r2,add,10000,0.044,41
identity_r2,add,10000,0.045,41
identity_r2,add,10000,0.046,41
identity_r2,add,10000,0.047,41
identity_r2,add,10000,0.048,41
identity_r2,add,10000,0.049,41
identity_r2,add,10000,0.05,41
identity_r2,add,10000,0.051,41
identity_r2,add,10000,0.052,41
identity_r2,add,10000,0.053,41
identity_r2,add,10000,0.054,41
identity_r2,add,10000,0.055,41
identity_r2,add,10000,0.056,41
identity_r2,add,10000,0.057,41
identity_r2,add,10000,0.058,41
identity_r2,add,10000,0.059,41
identity_r2,add,10000,0.06,42
identity_r2,add,10000,0.061,42
identity_r2,add,10000,0.062,42
identity_r2,add,10000,0.063,42
identity_r2,add,10000,0.064,42
identity_r2,add,10000,0.065,42
identity_r2,add,10000,0.066,42
identity_r2,add,10000,0.067,42
identity_r2,add,10000,0.068,42
identity_r2,add,10000,0.069,42
identity_r2,add,10000,0.07,42
identity_r2,add,10000,0.071,42
identity_r2,add,10000,0.072,42
identity_r2,add,10000,0.073,42
identity_r2,add,10000,0.074,42
identity_r2,add,10000,0.075,42
identity_r2,add,10000,0.076,42
identity_r2,add,10000,0.077,42
identity_r2,add,10000,0.078,42
identity_r2,add,10000,0.079,42
identity_r2,add,10000,0.08,42
identity_r2,add,10000,0.081,42
identity_r2,add,10000,0.082,42
identity_r2,add,10000,0.083,42
identity_r2,add,10000,0.084,42
identity_r2,add,10000,0.085,42
identity_r2,add,10000,0.086,42
identity_r2,add,10000,0.087,42
identity_r2,add,10000,0.088,42
identity_r2,add,10000,0.089,42
identity_r2,add,10000,0.09,42
identity_r2,add,10000,0.091,42
identity_r2,add,10000,0.092,42
identity_r2,add,10000,0.093,42
identity_r2,add,10000,0.094,42
identity_r2,add,10000,0.095,42
identity_r2,add,10000,0.096,42
identity_r2,add,10000,0.097,42
identity_r2,add,10000,0.098,42
identity_r2,add,10000,0.099,42
identity_r2,add,10000,0.1,42
identity_r2,add,10000,0.101,42
identity_r2,add,10000,0.102,42
identity_r2,add,10000,0.103,42
identity_r2,add,10000,0.104,42
identity_r2,add,10000,0.105,42
identity_r2,add,10000,0.106,42
identity_r2,add,10000,0.107,42
identity_r2,add,10000,0.108,42
identity_r2,add,10000,0.109,42
identity_r2,add,10000,0.11,42
identity_r2,add,10000,0.111,42
identity_r2,add,10000,0.112,42
identity_r2,add,10000,0.113,42
identity_r2,add,10000,0.114,42
identity_r2,add,10000,0.115,42
identity_r2,add,10000,0.116,42
identity_r2,add,10000,0.117,42
identity_r2,add,10000,0.118,42
identity_r2,add,10000,0.119,42
identity_r2,add,10000,0.12,42
identity_r2,add,10000,0.121,42
identity_r2,add,10000,0.122,42
identity_r2,add,10000,0.123,42
identity_r2,add,10000,0.124,42
identity_r2,add,10000,0.125,42
identity_r2,add,10000,0.126,42
identity_r2,add,10000,0.127,42
identity_r2,add,10000,0.128,42
identity_r2,add,10000,0.129,42
identity_r2,add,10000,0.13,42
identity_r2,add,10000,0.131,42
identity_r2,add,10000,0.132,42
identity_r2,add,10000,0.133,42
identity_r2,add,10000,0.134,42
identity_r2,add,10000,0.135,42
identity_r2,add,10000,0.136,42
identity_r2,add,10000,0.137,42
identity_r2,add,10000,0.138,42
identity_r2,add,10000,0.139,42
identity_r2,add,10000,0.14,42
identity_r2,add,10000,0.141,42
identity_r2,add,10000,0.142,42
identity_r2,add,10000,0.143,42
identity_r2,add,10000,0.144,42
identity_r2,add,10000,0.145,42
identity_r2,add,10000,0.146,42
identity_r2,add,10000,0.147,42
identity_r2,add,10000,0.148,42
identity_r2,add,10000,0.149,42
identity_r2,add,10000,0.15,42
identity_r2,add,10000,0.151,42
identity_r2,add,10000,0.152,42
identity_r2,add,10000,0.153,42
identity_r2,add,10000,0.154,42
identity_r2,add,10000,0.155,42
identity_r2,add,10000,0.156,42
identity_r2,add,10000,0.157,42
identity_r2,add,10000,0.158,42
identity_r2,add,10000,0.159,42
identity_r2,add,10000,0.16,83
identity_r2,add,10000,0.161,83
identity_r2,add,10000,0.162,83
identity_r2,add,10000,0.163,83
identity_r2,add,10000,0.164,83
identity_r2,add,10000,0.165,83
identity_r2,add,10000,0.166,83
identity_r2,add,10000,0.167,83
identity_r2,add,10000,0.168,83
identity_r2,add,10000,0.169,83
identity_r2,add,10000,0.17,83
identity_r2,add,10000,0.171,83
identity_r2,add,10000,0.172,83
identity_r2,add,10000,0.173,83
identity_r2,add,10000,0.174,83
identity_r2,add,10000,0.175,83
identity_r2,add,10000,0.176,83
identity_r2,add,10000,0.177,83
identity_r2,add,10000,0.178,83
identity_r2,add,10000,0.179,83
identity_r2,add,10000,0.18,83
identity_r2,add,10000,0.181,83
identity_r2,add,10000,0.182,83
identity_r2,add,10000,0.183,83
identity_r2,add,10000,0.184,83
identity_r2,add,10000,0.185,83
identity_r2,add,10000,0.186,83
identity_r2,add,10000,0.187,83
identity_r2,add,10000,0.188,83
identity_r2,add,10000,0.189,83
identity_r2,add,10000,0.19,83
identity_r2,add,10000,0.191,83
identity_r2,add,10000,0.192,83
identity_r2,add,10000,0.193,83
identity_r2,add,10000,0.194,83
identity_r2,add,10000,0.195,83
identity_r2,add,10000,0.196,83
identity_r2,add,10000,0.197,83
identity_r2,add,10000,0.198,83
identity_r2,add,10000,0.199,83
identity_r2,add,10000,0.2,83
identity_r2,add,10000,0.201,83
identity_r2,add,10000,0.202,83
identity_r2,add,10000,0.203,83
identity_r2,add,10000,0.204,83
identity_r2,add,10000,0.205,83
identity_r2,add,10000,0.206,83
identity_r2,add,10000,0.207,83
identity_r2,add,10000,0.208,83
identity_r2,add,10000,0.209,83
identity_r2,add,10000,0.21,83
identity_r2,add,10000,0.211,83
identity_r2,add,10000,0.212,83
identity_r2,add,10000,0.213,83
identity_r2,add,10000,0.214,83
identity_r2,add,10000,0.215,83
identity_r2,add,10000,0.216,83
identity_r2,add,10000,0.217,83
identity_r2,add,10000,0.218,83
identity_r2,add,10000,0.219,83
identity_r2,add,10000,0.22,83
identity_r2,add,10000,0.221,83
identity_r2,add,10000,0.222,83
identity_r2,add,10000,0.223,83
identity_r2,add,10000,0.224,83
identity_r2,add,10000,0.225,83
identity_r2,add,10000,0.226,83
identity_r2,add,10000,0.227,83
identity_r2,add,10000,0.228,83
identity_r2,add,10000,0.229,83
identity_r2,add,10000,0.23,83
identity_r2,add,10000,0.231,83
identity_r2,add,10000,0.232,83
identity_r2,add,10000,0.233,83
identity_r2,add,10000,0.234,83
identity_r2,add,10000,0.235,83
identity_r2,add,10000,0.236,83
identity_r2,add,10000,0.237,83
identity_r2,add,10000,0.238,83
identity_r2,add,10000,0.239,83
identity_r2,add,10000,0.24,83
identity_r2,add,10000,0.241,83
identity_r2,add,10000,0.242,83
identity_r2,add,10000,0.243,83
identity_r2,add,10000,0.244,83
identity_r2,add,10000,0.245,83
identity_r2,add,10000,0.246,83
identity_r2,add,10000,0.247,83
identity_r2,add,10000,0.248,83
identity_r2,add,10000,0.249,83
identity_r2,add,10000,0.25,83
identity_r2,add,10000,0.251,83
identity_r2,add,10000,0.252,83
identity_r2,add,10000,0.253,83
identity_r2,add,10000,0.254,83
identity_r2,add,10000,0.255,83
identity_r2,add,10000,0.256,83
identity_r2,add,10000,0.257,83
identity_r2,add,10000,0.258,83
identity_r2,add,10000,0.259,83
identity_r2,add,10000,0.26,83
identity_r2,add,10000,0.261,83
identity_r2,add,10000,0.262,83
identity_r2,add,10000,0.263,83
identity_r2,add,10000,0.264,83
identity_r2,add,10000,0.265,83
identity_r2,add,10000,0.266,83
identity_r2,add,10000,0.267,83
identity_r2,add,10000,0.268,83
identity_r2,add,10000,0.269,83
identity_r2,add,10000,0.27,83
identity_r2,add,10000,0.271,83
identity_r2,add,10000,0.272,83
identity_r2,add,10000,0.273,83
identity_r2,add,10000,0.274,83
identity_r2,add,10000,0.275,83
identity_r2,add,10000,0.276,83
identity_r2,add,10000,0.277,83
identity_r2,add,10000,0.278,83
identity_r2,add,10000,0.279,83
identity_r2,add,10000,0.28,83
identity_r2,add,10000,0.281,83
identity_r2,add,10000,0.282,83
identity_r2,add,10000,0.283,83
identity_r2,add,10000,0.284,83
identity_r2,add,10000,0.285,83
identity_r2,add,10000,0.286,83
identity_r2,add,10000,0.287,83
identity_r2,add,10000,0.288,83
identity_r2,add,10000,0.289,83
identity_r2,add,10000,0.29,83
identity_r2,add,10000,0.291,83
identity_r2,add,10000,0.292,83
identity_r2,add,10000,0.293,83
identity_r2,add,10000,0.294,83
identity_r2,add,10000,0.295,83
identity_r2,add,10000,0.296,83
identity_r2,add,10000,0.297,83
identity_r2,add,10000,0.298,83
identity_r2,add,10000,0.299,83
identity_r2,add,10000,0.3,83
identity_r2,add,10000,0.301,83
identity_r2,add,10000,0.302,83
identity_r2,add,10000,0.303,83
identity_r2,add,10000,0.304,83
identity_r2,add,10000,0.305,83
identity_r2,add,10000,0.306,83
identity_r2,add,10000,0.307,83
identity_r2,add,10000,0.308,83
identity_r2,add,10000,0.309,83
identity_r2,add,10000,0.31,83
identity_r2,add,10000,0.311,83
identity_r2,add,10000,0.312,83
identity_r2,add,10000,0.313,83
identity_r2,add,10000,0.314,83
identity_r2,add,10000,0.315,83
identity_r2,add,10000,0.316,83
identity_r2,add,10000,0.317,83
identity_r2,add,10000,0.318,83
identity_r2,add,10000,0.319,83
identity_r2,add,10000,0.32,83
identity_r2,add,10000,0.321,83
identity_r2,add,10000,0.322,83
identity_r2,add,10000,0.323,83
identity_r2,add,10000,0.324,83
identity_r2,add,10000,0.325,83
identity_r2,add,10000,0.326,83
identity_r2,add,10000,0.327,83
identity_r2,add,10000,0.328,83
identity_r2,add,10000,0.329,83
identity_r2,add,10000,0.33,83
identity_r2,add,10000,0.331,83
identity_r2,add,10000,0.332,83
identity_r2,add,10000,0.333,83
identity_r2,add,10000,0.334,83
identity_r2,add,10000,0.335,83
identity_r2,add,10000,0.336,83
identity_r2,add,10000,0.337,83
identity_r2,add,10000,0.338,83
identity_r2,add,10000,0.339,83
identity_r2,add,10000,0.34,83
identity_r2,add,10000,0.341,83
identity_r2,add,10000,0.342,83
identity_r2,add,10000,0.343,83
identity_r2,add,10000,0.344,83
identity_r2,add,10000,0.345,83
identity_r2,add,10000,0.346,83
identity_r2,add,10000,0.347,83
identity_r2,add,10000,0.348,83
identity_r2,add,10000,0.349,83
identity_r2,add,10000,0.35,83
identity_r2,add,10000,0.351,83
identity_r2,add,10000,0.352,83
identity_r2,add,10000,0.353,83
identity_r2,add,10000,0.354,83
identity_r2,add,10000,0.355,83
identity_r2,add,10000,0.356,83
identity_r2,add,10000,0.357,83
identity_r2,add,10000,0.358,83
identity_r2,add,10000,0.359,83
identity_r2,add,10000,0.36,83
identity_r2,add,10000,0.361,83
identity_r2,add,10000,0.362,83
identity_r2,add,10000,0.363,83
identity_r2,add,10000,0.364,83
identity_r2,add,10000,0.365,83
identity_r2,add,10000,0.366,83
identity_r2,add,10000,0.367,83
identity_r2,add,10000,0.368,83
identity_r2,add,10000,0.369,83
identity_r2,add,10000,0.37,83
identity_r2,add,10000,0.371,83
identity_r2,add,10000,0.372,83
identity_r2,add,10000,0.373,83
identity_r2,add,10000,0.374,83
identity_r2,add,10000,0.375,83
identity_r2,add,10000,0.376,83
identity_r2,add,10000,0.377,83
identity_r2,add,10000,0.378,83
identity_r2,add,10000,0.379,83
identity_r2,add,10000,0.38,83
identity_r2,add,10000,0.381,83
identity_r2,add,10000,0.382,83
identity_r2,add,10000,0.383,83
identity_r2,add,10000,0.384,83
identity_r2,add,10000,0.385,83
identity_r2,add,10000,0.386,83
identity_r2,add,10000,0.387,83
identity_r2,add,10000,0.388,83
identity_r2,add,10000,0.389,83
identity_r2,add,10000,0.39,83
identity_r2,add,10000,0.391,83
identity_r2,add,10000,0.392,83
identity_r2,add,10000,0.393,83
identity_r2,add,10000,0.394,83
identity_r2,add,10000,0.395,83
identity_r2,add,10000,0.396,83
identity_r2,add,10000,0.397,83
identity_r2,add,10000,0.398,83
identity_r2,add,10000,0.399,83
identity_r2,add,10000,0.4,83
identity_r2,add,10000,0.401,83
identity_r2,add,10000,0.402,83
identity_r2,add,10000,0.403,83
identity_r2,add,10000,0.404,83
identity_r2,add,10000,0.405,83
identity_r2,add,10000,0.406,83
identity_r2,add,10000,0.407,83
identity_r2,add,10000,0.408,83
identity_r2,add,10000,0.409,83
identity_r2,add,10000,0.41,83
identity_r2,add,10000,0.411,83
identity_r2,add,10000,0.412,83
identity_r2,add,10000,0.413,83
identity_r2,add,10000,0.414,83
identity_r2,add,10000,0.415,83
identity_r2,add,10000,0.416,83
identity_r2,add,10000,0.417,83
identity_r2,add,10000,0.418,83
identity_r2,add,10000,0.419,83
identity_r2,add,10000,0.42,83
identity_r2,add,10000,0.421,83
identity_r2,add,10000,0.422,83
identity_r2,add,10000,0.423,83
identity_r2,add,10000,0.424,83
identity_r2,add,10000,0.425,83
identity_r2,add,10000,0.426,83
identity_r2,add,10000,0.427,83
identity_r2,add,10000,0.428,83
identity_r2,add,10000,0.429,83
identity_r2,add,10000,0.43,83
identity_r2,add,10000,0.431,83
identity_r2,add,10000,0.432,83
identity_r2,add,10000,0.433,83
identity_r2,add,10000,0.434,83
identity_r2,add,10000,0.435,83
identity_r2,add,10000,0.436,83
identity_r2,add,10000,0.437,83
identity_r2,add,10000,0.438,83
identity_r2,add,10000,0.439,83
identity_r2,add,10000,0.44,83
identity_r2,add,10000,0.441,83
identity_r2,add,10000,0.442,83
identity_r2,add,10000,0.443,83
identity_r2,add,10000,0.444,83
identity_r2,add,10000,0.445,83
identity_r2,add,10000,0.446,83
identity_r2,add,10000,0.447,83
identity_r2,add,10000,0.448,83
identity_r2,add,10000,0.449,83
identity_r2,add,10000,0.45,83
identity_r2,add,10000,0.451,83
identity_r2,add,10000,0.452,83
identity_r2,add,10000,0.453,83
identity_r2,add,10000,0.454,83
identity_r2,add,10000,0.455,83
identity_r2,add,10000,0.456,83
identity_r2,add,10000,0.457,83
identity_r2,add,10000,0.458,83
identity_r2,add,10000,0.459,83
identity_r2,add,10000,0.46,83
identity_r2,add,10000,0.461,83
identity_r2,add,10000,0.462,83
identity_r2,add,10000,0.463,83
identity_r2,add,10000,0.464,83
identity_r2,add,10000,0.465,83
identity_r2,add,10000,0.466,83
identity_r2,add,10000,0.467,83
identity_r2,add,10000,0.468,83
identity_r2,add,10000,0.469,83
identity_r2,add,10000,0.47,83
identity_r2,add,10000,0.471,83
identity_r2,add,10000,0.472,83
identity_r2,add,10000,0.473,83
identity_r2,add,10000,0.474,83
identity_r2,add,10000,0.475,83
identity_r2,add,10000,0.476,83
identity_r2,add,10000,0.477,83
identity_r2,add,10000,0.478,83
identity_r2,add,10000,0.479,83
identity_r2,add,10000,0.48,83
identity_r2,add,10000,0.481,83
identity_r2,add,10000,0.482,83
identity_r2,add,10000,0.483,83
identity_r2,add,10000,0.484,83
identity_r2,add,10000,0.485,83
identity_r2,add,10000,0.486,83
identity_r2,add,10000,0.487,83
identity_r2,add,10000,0.488,83
identity_r2,add,10000,0.489,83
identity_r2,add,10000,0.49,83
identity_r2,add,10000,0.491,83
identity_r2,add,10000,0.492,83
identity_r2,add,10000,0.493,83
identity_r2,add,10000,0.494,83
identity_r2,add,10000,0.495,83
identity_r2,add,10000,0.496,83
identity_r2,add,10000,0.497,83
identity_r2,add,10000,0.498,83
identity_r2,add,10000,0.499,83
identity_r2,add,10000,0.5,83
identity_r2,add,10000,0.501,83
identity_r2,add,10000,0.502,83
identity_r2,add,10000,0.503,83
identity_r2,add,10000,0.504,83
identity_r2,add,10000,0.505,83
identity_r2,add,10000,0.506,83
identity_r2,add,10000,0.507,83
identity_r2,add,10000,0.508,84
identity_r2,add,10000,0.509,84
identity_r2,add,10000,0.51,84
identity_r2,add,10000,0.511,84
identity_r2,add,10000,0.512,84
identity_r2,add,10000,0.513,84
identity_r2,add,10000,0.514,84
identity_r2,add,10000,0.515,84
identity_r2,add,10000,0.516,84
identity_r2,add,10000,0.517,84
identity_r2,add,10000,0.518,84
identity_r2,add,10000,0.519,84
identity_r2,add,10000,0.52,84
identity_r2,add,10000,0.521,84
identity_r2,add,10000,0.522,84
identity_r2,add,10000,0.523,84
identity_r2,add,10000,0.524,84
identity_r2,add,10000,0.525,84
identity_r2,add,10000,0.526,84
identity_r2,add,10000,0.527,84
identity_r2,add,10000,0.528,84
identity_r2,add,10000,0.529,84
identity_r2,add,10000,0.53,84
identity_r2,add,10000,0.531,84
identity_r2,add,10000,0.532,84
identity_r2,add,10000,0.533,84
identity_r2,add,10000,0.534,84
identity_r2,add,10000,0.535,84
identity_r2,add,10000,0.536,84
identity_r2,add,10000,0.537,84
identity_r2,add,10000,0.538,84
identity_r2,add,10000,0.539,84
identity_r2,add,10000,0.54,84
identity_r2,add,10000,0.541,84
identity_r2,add,10000,0.542,84
identity_r2,add,10000,0.543,84
identity_r2,add,10000,0.544,84
identity_r2,add,10000,0.545,84
identity_r2,add,10000,0.546,84
identity_r2,add,10000,0.547,84
identity_r2,add,10000,0.548,84
identity_r2,add,10000,0.549,84
identity_r2,add,10000,0.55,84
identity_r2,add,10000,0.551,84
identity_r2,add,10000,0.552,84
identity_r2,add,10000,0.553,84
identity_r2,add,10000,0.554,84
identity_r2,add,10000,0.555,84
identity_r2,add,10000,0.556,84
identity_r2,add,10000,0.557,84
identity_r2,add,10000,0.558,84
identity_r2,add,10000,0.559,84
identity_r2,add,10000,0.56,84
identity_r2,add,10000,0.561,84
identity_r2,add,10000,0.562,84
identity_r2,add,10000,0.563,84
identity_r2,add,10000,0.564,84
identity_r2,add,10000,0.565,84
identity_r2,add,10000,0.566,84
identity_r2,add,10000,0.567,84
identity_r2,add,10000,0.568,84
identity_r2,add,10000,0.569,84
identity_r2,add,10000,0.57,84
identity_r2,add,10000,0.571,84
identity_r2,add,10000,0.572,84
identity_r2,add,10000,0.573,84
identity_r2,add,10000,0.574,84
identity_r2,add,10000,0.575,84
identity_r2,add,10000,0.576,84
identity_r2,add,10000,0.577,84
identity_r2,add,10000,0.578,84
identity_r2,add,10000,0.579,84
identity_r2,add,10000,0.58,84
identity_r2,add,10000,0.581,84
identity_r2,add,10000,0.582,84
identity_r2,add,10000,0.583,84
identity_r2,add,10000,0.584,84
identity_r2,add,10000,0.585,84
identity_r2,add,10000,0.586,84
identity_r2,add,10000,0.587,84
identity_r2,add,10000,0.588,84
identity_r2,add,10000,0.589,84
identity_r2,add,10000,0.59,84
identity_r2,add,10000,0.591,84
identity_r2,add,10000,0.592,84
identity_r2,add,10000,0.593,84
identity_r2,add,10000,0.594,84
identity_r2,add,10000,0.595,84
identity_r2,add,10000,0.596,84
identity_r2,add,10000,0.597,84
identity_r2,add,10000,0.598,84
identity_r2,add,10000,0.599,84
identity_r2,add,10000,0.6,84
identity_r2,add,10000,0.601,84
identity_r2,add,10000,0.602,84
identity_r2,add,10000,0.603,84
identity_r2,add,10000,0.604,84
identity_r2,add,10000,0.605,84
identity_r2,add,10000,0.606,84
identity_r2,add,10000,0.607,84
identity_r2,add,10000,0.608,84
identity_r2,add,10000,0.609,84
identity_r2,add,10000,0.61,84
identity_r2,add,10000,0.611,84
identity_r2,add,10000,0.612,84
identity_r2,add,10000,0.613,84
identity_r2,add,10000,0.614,84
identity_r2,add,10000,0.615,84
identity_r2,add,10000,0.616,84
identity_r2,add,10000,0.617,84
identity_r2,add,10000,0.618,84
identity_r2,add,10000,0.619,84
identity_r2,add,10000,0.62,84
identity_r2,add,10000,0.621,84
identity_r2,add,10000,0.622,84
identity_r2,add,10000,0.623,84
identity_r2,add,10000,0.624,84
identity_r2,add,10000,0.625,84
identity_r2,add,10000,0.626,84
identity_r2,add,10000,0.627,84
identity_r2,add,10000,0.628,84
identity_r2,add,10000,0.629,84
identity_r2,add,10000,0.63,84
identity_r2,add,10000,0.631,84
identity_r2,add,10000,0.632,84
identity_r2,add,10000,0.633,84
identity_r2,add,10000,0.634,84
identity_r2,add,10000,0.635,84
identity_r2,add,10000,0.636,84
identity_r2,add,10000,0.637,84
identity_r2,add,10000,0.638,84
identity_r2,add,10000,0.639,84
identity_r2,add,10000,0.64,84
identity_r2,add,10000,0.641,84
identity_r2,add,10000,0.642,84
identity_r2,add,10000,0.643,84
identity_r2,add,10000,0.644,84
identity_r2,add,10000,0.645,84
identity_r2,add,10000,0.646,84
identity_r2,add,10000,0.647,84
identity_r2,add,10000,0.648,84
identity_r2,add,10000,0.649,84
identity_r2,add,10000,0.65,84
identity_r2,add,10000,0.651,84
identity_r2,add,10000,0.652,84
identity_r2,add,10000,0.653,84
identity_r2,add,10000,0.654,84
identity_r2,add,10000,0.655,84
identity_r2,add,10000,0.656,84
identity_r2,add,10000,0.657,84
identity_r2,add,10000,0.658,84
identity_r2,add,10000,0.659,84
identity_r2,add,10000,0.66,84
identity_r2,add,10000,0.661,84
identity_r2,add,10000,0.662,84
identity_r2,add,10000,0.663,84
identity_r2,add,10000,0.664,84
identity_r2,add,10000,0.665,84
identity_r2,add,10000,0.666,84
identity_r2,add,10000,0.667,84
identity_r2,add,10000,0.668,84
identity_r2,add,10000,0.669,84
identity_r2,add,10000,0.67,84
identity_r2,add,10000,0.671,84
identity_r2,add,10000,0.672,84
identity_r2,add,10000,0.673,84
identity_r2,add,10000,0.674,84
identity_r2,add,10000,0.675,84
identity_r2,add,10000,0.676,84
identity_r2,add,10000,0.677,84
identity_r2,add,10000,0.678,84
identity_r2,add,10000,0.679,84
identity_r2,add,10000,0.68,84
identity_r2,add,10000,0.681,84
identity_r2,add,10000,0.682,125
identity_r2,add,10000,0.683,125
identity_r2,add,10000,0.684,125
identity_r2,add,10000,0.685,125
identity_r2,add,10000,0.686,125
identity_r2,add,10000,0.687,125
identity_r2,add,10000,0.688,125
identity_r2,add,10000,0.689,125
identity_r2,add,10000,0.69,125
identity_r2,add,10000,0.691,125
identity_r2,add,10000,0.692,125
identity_r2,add,10000,0.693,125
identity_r2,add,10000,0.694,125
identity_r2,add,10000,0.695,125
identity_r2,add,10000,0.696,125
identity_r2,add,10000,0.697,125
identity_r2,add,10000,0.698,125
identity_r2,add,10000,0.699,125
identity_r2,add,10000,0.7,125
identity_r2,add,10000,0.701,125
identity_r2,add,10000,0.702,125
identity_r2,add,10000,0.703,125
identity_r2,add,10000,0.704,125
identity_r2,add,10000,0.705,125
identity_r2,add,10000,0.706,125
identity_r2,add,10000,0.707,125
identity_r2,add,10000,0.708,125
identity_r2,add,10000,0.709,125
identity_r2,add,10000,0.71,125
identity_r2,add,10000,0.711,125
identity_r2,add,10000,0.712,125
identity_r2,add,10000,0.713,125
identity_r2,add,10000,0.714,125
identity_r2,add,10000,0.715,125
identity_r2,add,10000,0.716,125
identity_r2,add,10000,0.717,125
identity_r2,add,10000,0.718,125
identity_r2,add,10000,0.719,125
identity_r2,add,10000,0.72,125
identity_r2,add,10000,0.721,125
identity_r2,add,10000,0.722,125
identity_r2,add,10000,0.723,125
identity_r2,add,10000,0.724,125
identity_r2,add,10000,0.725,125
identity_r2,add,10000,0.726,125
identity_r2,add,10000,0.727,125
identity_r2,add,10000,0.728,125
identity_r2,add,10000,0.729,125
identity_r2,add,10000,0.73,125
identity_r2,add,10000,0.731,125
identity_r2,add,10000,0.732,125
identity_r2,add,10000,0.733,125
identity_r2,add,10000,0.734,125
identity_r2,add,10000,0.735,125
identity_r2,add,10000,0.736,125
identity_r2,add,10000,0.737,125
identity_r2,add,10000,0.738,125
identity_r2,add,10000,0.739,125
identity_r2,add,10000,0.74,125
identity_r2,add,10000,0.741,125
identity_r2,add,10000,0.742,125
identity_r2,add,10000,0.743,125
identity_r2,add,10000,0.744,125
identity_r2,add,10000,0.745,125
identity_r2,add,10000,0.746,125
identity_r2,add,10000,0.747,125
identity_r2,add,10000,0.748,125
identity_r2,add,10000,0.749,125
identity_r2,add,10000,0.75,125
identity_r2,add,10000,0.751,125
identity_r2,add,10000,0.752,125
identity_r2,add,10000,0.753,125
identity_r2,add,10000,0.754,125
identity_r2,add,10000,0.755,125
identity_r2,add,10000,0.756,125
identity_r2,add,10000,0.757,125
identity_r2,add,10000,0.758,125
identity_r2,add,10000,0.759,125
identity_r2,add,10000,0.76,125
identity_r2,add,10000,0.761,125
identity_r2,add,10000,0.762,125
identity_r2,add,10000,0.763,125
identity_r2,add,10000,0.764,125
identity_r2,add,10000,0.765,125
identity_r2,add,10000,0.766,125
identity_r2,add,10000,0.767,125
identity_r2,add,10000,0.768,125
identity_r2,add,10000,0.769,125
identity_r2,add,10000,0.77,125
identity_r2,add,10000,0.771,125
identity_r2,add,10000,0.772,125
identity_r2,add,10000,0.773,125
identity_r2,add,10000,0.774,125
identity_r2,add,10000,0.775,125
identity_r2,add,10000,0.776,125
identity_r2,add,10000,0.777,125
identity_r2,add,10000,0.778,125
identity_r2,add,10000,0.779,125
identity_r2,add,10000,0.78,125
identity_r2,add,10000,0.781,125
identity_r2,add,10000,0.782,125
identity_r2,add,10000,0.783,125
identity_r2,add,10000,0.784,125
identity_r2,add,10000,0.785,125
identity_r2,add,10000,0.786,125
identity_r2,add,10000,0.787,125
identity_r2,add,10000,0.788,125
identity_r2,add,10000,0.789,125
identity_r2,add,10000,0.79,125
identity_r2,add,10000,0.791,125
identity_r2,add,10000,0.792,125
identity_r2,add,10000,0.793,125
identity_r2,add,10000,0.794,125
identity_r2,add,10000,0.795,125
identity_r2,add,10000,0.796,125
identity_r2,add,10000,0.797,125
identity_r2,add,10000,0.798,125
identity_r2,add,10000,0.799,125
identity_r2,add,10000,0.8,125
identity_r2,add,10000,0.801,125
identity_r2,add,10000,0.802,125
identity_r2,add,10000,0.803,125
identity_r2,add,10000,0.804,125
identity_r2,add,10000,0.805,125
identity_r2,add,10000,0.806,125
identity_r2,add,10000,0.807,125
identity_r2,add,10000,0.808,125
identity_r2,add,10000,0.809,125
identity_r2,add,10000,0.81,125
identity_r2,add,10000,0.811,125
identity_r2,add,10000,0.812,125
identity_r2,add,10000,0.813,125
identity_r2,add,10000,0.814,125
identity_r2,add,10000,0.815,125
identity_r2,add,10000,0.816,125
identity_r2,add,10000,0.817,125
identity_r2,add,10000,0.818,125
identity_r2,add,10000,0.819,125
identity_r2,add,10000,0.82,125
identity_r2,add,10000,0.821,125
identity_r2,add,10000,0.822,125
identity_r2,add,10000,0.823,125
identity_r2,add,10000,0.824,125
identity_r2,add,10000,0.825,125
identity_r2,add,10000,0.826,125
identity_r2,add,10000,0.827,125
identity_r2,add,10000,0.828,125
identity_r2,add,10000,0.829,125
identity_r2,add,10000,0.83,125
identity_r2,add,10000,0.831,125
identity_r2,add,10000,0.832,125
identity_r2,add,10000,0.833,125
identity_r2,add,10000,0.834,125
identity_r2,add,10000,0.835,125
identity_r2,add,10000,0.836,125
identity_r2,add,10000,0.837,125
identity_r2,add,10000,0.838,125
identity_r2,add,10000,0.839,125
identity_r2,add,10000,0.84,125
identity_r2,add,10000,0.841,125
identity_r2,add,10000,0.842,125
identity_r2,add,10000,0.843,125
identity_r2,add,10000,0.844,125
identity_r2,add,10000,0.845,125
identity_r2,add,10000,0.846,125
identity_r2,add,10000,0.847,125
identity_r2,add,10000,0.848,125
identity_r2,add,10000,0.849,125
identity_r2,add,10000,0.85,125
identity_r2,add,10000,0.851,125
identity_r2,add,10000,0.852,125
identity_r2,add,10000,0.853,125
identity_r2,add,10000,0.854,125
identity_r2,add,10000,0.855,125
identity_r2,add,10000,0.856,125
identity_r2,add,10000,0.857,125
identity_r2,add,10000,0.858,125
identity_r2,add,10000,0.859,125
identity_r2,add,10000,0.86,125
identity_r2,add,10000,0.861,125
identity_r2,add,10000,0.862,125
identity_r2,add,10000,0.863,125
identity_r2,add,10000,0.864,125
identity_r2,add,10000,0.865,125
identity_r2,add,10000,0.866,125
identity_r2,add,10000,0.867,125
identity_r2,add,10000,0.868,125
identity_r2,add,10000,0.869,125
identity_r2,add,10000,0.87,125
identity_r2,add,10000,0.871,125
identity_r2,add,10000,0.872,125
identity_r2,add,10000,0.873,125
identity_r2,add,10000,0.874,125
identity_r2,add,10000,0.875,125
identity_r2,add,10000,0.876,125
identity_r2,add,10000,0.877,125
identity_r2,add,10000,0.878,125
identity_r2,add,10000,0.879,125
identity_r2,add,10000,0.88,125
identity_r2,add,10000,0.881,125
identity_r2,add,10000,0.882,125
identity_r2,add,10000,0.883,125
identity_r2,add,10000,0.884,125
identity_r2,add,10000,0.885,125
identity_r2,add,10000,0.886,125
identity_r2,add,10000,0.887,125
identity_r2,add,10000,0.888,125
identity_r2,add,10000,0.889,125
identity_r2,add,10000,0.89,125
identity_r2,add,10000,0.891,125
identity_r2,add,10000,0.892,125
identity_r2,add,10000,0.893,125
identity_r2,add,10000,0.894,125
identity_r2,add,10000,0.895,125
identity_r2,add,10000,0.896,125
identity_r2,add,10000,0.897,125
identity_r2,add,10000,0.898,125
identity_r2,add,10000,0.899,125
identity_r2,add,10000,0.9,125
identity_r2,add,10000,0.901,125
identity_r2,add,10000,0.902,125
identity_r2,add,10000,0.903,125
identity_r2,add,10000,0.904,125
identity_r2,add,10000,0.905,125
identity_r2,add,10000,0.906,125
identity_r2,add,10000,0.907,125
identity_r2,add,10000,0.908,125
identity_r2,add,10000,0.909,125
identity_r2,add,10000,0.91,125
identity_r2,add,10000,0.911,125
identity_r2,add,10000,0.912,125
identity_r2,add,10000,0.913,166
identity_r2,add,10000,0.914,166
identity_r2,add,10000,0.915,166
identity_r2,add,10000,0.916,166
identity_r2,add,10000,0.917,166
identity_r2,add,10000,0.918,166
identity_r2,add,10000,0.919,166
identity_r2,add,10000,0.92,166
identity_r2,add,10000,0.921,166
identity_r2,add,10000,0.922,166
identity_r2,add,10000,0.923,166
identity_r2,add,10000,0.924,166
identity_r2,add,10000,0.925,166
identity_r2,add,10000,0.926,166
identity_r2,add,10000,0.927,166
identity_r2,add,10000,0.928,166
identity_r2,add,10000,0.929,166
identity_r2,add,10000,0.93,166
identity_r2,add,10000,0.931,166
identity_r2,add,10000,0.932,166
identity_r2,add,10000,0.933,166
identity_r2,add,10000,0.934,166
identity_r2,add,10000,0.935,166
identity_r2,add,10000,0.936,167
identity_r2,add,10000,0.937,167
identity_r2,add,10000,0.938,167
identity_r2,add,10000,0.939,167
identity_r2,add,10000,0.94,167
identity_r2,add,10000,0.941,167
identity_r2,add,10000,0.942,167
identity_r2,add,10000,0.943,167
identity_r2,add,10000,0.944,167
identity_r2,add,10000,0.945,167
identity_r2,add,10000,0.946,167
identity_r2,add,10000,0.947,167
identity_r2,add,10000,0.948,167
identity_r2,add,10000,0.949,167
identity_r2,add,10000,0.95,167
identity_r2,add,10000,0.951,167
identity_r2,add,10000,0.952,167
identity_r2,add,10000,0.953,167
identity_r2,add,10000,0.954,167
identity_r2,add,10000,0.955,167
identity_r2,add,10000,0.956,167
identity_r2,add,10000,0.957,167
identity_r2,add,10000,0.958,167
identity_r2,add,10000,0.959,167
identity_r2,add,10000,0.96,167
identity_r2,add,10000,0.961,167
identity_r2,add,10000,0.962,167
identity_r2,add,10000,0.963,167
identity_r2,add,10000,0.964,167
identity_r2,add,10000,0.965,167
identity_r2,add,10000,0.966,167
identity_r2,add,10000,0.967,167
identity_r2,add,10000,0.968,167
identity_r2,add,10000,0.969,167
identity_r2,add,10000,0.97,167
identity_r2,add,10000,0.971,167
identity_r2,add,10000,0.972,167
identity_r2,add,10000,0.973,167
identity_r2,add,10000,0.974,167
identity_r2,add,10000,0.975,167
identity_r2,add,10000,0.976,167
identity_r2,add,10000,0.977,167
identity_r2,add,10000,0.978,167
identity_r2,add,10000,0.979,167
identity_r2,add,10000,0.98,167
identity_r2,add,10000,0.981,167
identity_r2,add,10000,0.982,167
identity_r2,add,10000,0.983,167
identity_r2,add,10000,0.984,208
identity_r2,add,10000,0.985,208
identity_r2,add,10000,0.986,208
identity_r2,add,10000,0.987,208
identity_r2,add,10000,0.988,208
identity_r2,add,10000,0.989,208
identity_r2,add,10000,0.99,209
identity_r2,add,10000,0.991,209
identity_r2,add,10000,0.992,209
identity_r2,add,10000,0.993,250
identity_r2,add,10000,0.994,250
identity_r2,add,10000,0.995,250
identity_r2,add,10000,0.996,250
identity_r2,add,10000,0.997,292
identity_r2,add,10000,0.998,375
identity_r2,add,10000,0.999,542
identity_r2,cancel,10000,0,0
identity_r2,cancel,10000,0.001,41
identity_r2,cancel,10000,0.002,41
identity_r2,cancel,10000,0.003,41
identity_r2,cancel,10000,0.004,41
identity_r2,cancel,10000,0.005,41
identity_r2,cancel,10000,0.006,41
identity_r2,cancel,10000,0.007,41
identity_r2,cancel,10000,0.008,41
identity_r2,cancel,10000,0.009,42
identity_r2,cancel,10000,0.01,42
identity_r2,cancel,10000,0.011,42
identity_r2,cancel,10000,0.012,42
identity_r2,cancel,10000,0.013,42
identity_r2,cancel,10000,0.014,42
identity_r2,cancel,10000,0.015,42
identity_r2,cancel,10000,0.016,42
identity_r2,cancel,10000,0.017,42
identity_r2,cancel,10000,0.018,42
identity_r2,cancel,10000,0.019,42
identity_r2,cancel,10000,0.02,42
identity_r2,cancel,10000,0.021,42
identity_r2,cancel,10000,0.022,42
identity_r2,cancel,10000,0.023,42
identity_r2,cancel,10000,0.024,42
identity_r2,cancel,10000,0.025,83
identity_r2,cancel,10000,0.026,83
identity_r2,cancel,10000,0.027,83
identity_r2,cancel,10000,0.028,83
identity_r2,cancel,10000,0.029,83
identity_r2,cancel,10000,0.03,83
identity_r2,cancel,10000,0.031,83
identity_r2,cancel,10000,0.032,83
identity_r2,cancel,10000,0.033,83
identity_r2,cancel,10000,0.034,83
identity_r2,cancel,10000,0.035,83
identity_r2,cancel,10000,0.036,83
identity_r2,cancel,10000,0.037,83
identity_r2,cancel,10000,0.038,83
identity_r2,cancel,10000,0.039,83
identity_r2,cancel,10000,0.04,83
identity_r2,cancel,10000,0.041,83
identity_r2,cancel,10000,0.042,83
identity_r2,cancel,10000,0.043,83
identity_r2,cancel,10000,0.044,83
identity_r2,cancel,10000,0.045,83
identity_r2,cancel,10000,0.046,83
identity_r2,cancel,10000,0.047,83
identity_r2,cancel,10000,0.048,83
identity_r2,cancel,10000,0.049,83
identity_r2,cancel,10000,0.05,83
identity_r2,cancel,10000,0.051,83
identity_r2,cancel,10000,0.052,83
identity_r2,cancel,10000,0.053,83
identity_r2,cancel,10000,0.054,83
identity_r2,cancel,10000,0.055,83
identity_r2,cancel,10000,0.056,83
identity_r2,cancel,10000,0.057,83
identity_r2,cancel,10000,0.058,83
identity_r2,cancel,10000,0.059,83
identity_r2,cancel,10000,0.06,83
identity_r2,cancel,10000,0.061,83
identity_r2,cancel,10000,0.062,83
identity_r2,cancel,10000,0.063,83
identity_r2,cancel,10000,0.064,83
identity_r2,cancel,10000,0.065,83
identity_r2,cancel,10000,0.066,83
identity_r2,cancel,10000,0.067,83
identity_r2,cancel,10000,0.068,83
identity_r2,cancel,10000,0.069,83
identity_r2,cancel,10000,0.07,83
identity_r2,cancel,10000,0.071,83
identity_r2,cancel,10000,0.072,83
identity_r2,cancel,10000,0.073,83
identity_r2,cancel,10000,0.074,83
identity_r2,cancel,10000,0.075,83
identity_r2,cancel,10000,0.076,83
identity_r2,cancel,10000,0.077,83
identity_r2,cancel,10000,0.078,83
identity_r2,cancel,10000,0.079,83
identity_r2,cancel,10000,0.08,83
identity_r2,cancel,10000,0.081,83
identity_r2,cancel,10000,0.082,83
identity_r2,cancel,10000,0.083,83
identity_r2,cancel,10000,0.084,83
identity_r2,cancel,10000,0.085,83
identity_r2,cancel,10000,0.086,83
identity_r2,cancel,10000,0.087,83
identity_r2,cancel,10000,0.088,83
identity_r2,cancel,10000,0.089,83
identity_r2,cancel,10000,0.09,83
identity_r2,cancel,10000,0.091,83
identity_r2,cancel,10000,0.092,83
identity_r2,cancel,10000,0.093,83
identity_r2,cancel,10000,0.094,83
identity_r2,cancel,10000,0.095,83
identity_r2,cancel,10000,0.096,83
identity_r2,cancel,10000,0.097,83
identity_r2,cancel,10000,0.098,83
identity_r2,cancel,10000,0.099,83
identity_r2,cancel,10000,0.1,83
identity_r2,cancel,10000,0.101,83
identity_r2,cancel,10000,0.102,83
identity_r2,cancel,10000,0.103,83
identity_r2,cancel,10000,0.104,83
identity_r2,cancel,10000,0.105,83
identity_r2,cancel,10000,0.106,83
identity_r2,cancel,10000,0.107,83
identity_r2,cancel,10000,0.108,83
identity_r2,cancel,10000,0.109,83
identity_r2,cancel,10000,0.11,83
identity_r2,cancel,10000,0.111,83
identity_r2,cancel,10000,0.112,83
identity_r2,cancel,10000,0.113,83
identity_r2,cancel,10000,0.114,83
identity_r2,cancel,10000,0.115,83
identity_r2,cancel,10000,0.116,83
identity_r2,cancel,10000,0.117,83
identity_r2,cancel,10000,0.118,83
identity_r2,cancel,10000,0.119,83
identity_r2,cancel,10000,0.12,83
identity_r2,cancel,10000,0.121,84
identity_r2,cancel,10000,0.122,84
identity_r2,cancel,10000,0.123,84
identity_r2,cancel,10000,0.124,84
identity_r2,cancel,10000,0.125,84
identity_r2,cancel,10000,0.126,84
identity_r2,cancel,10000,0.127,84
identity_r2,cancel,10000,0.128,84
identity_r2,cancel,10000,0.129,84
identity_r2,cancel,10000,0.13,84
identity_r2,cancel,10000,0.131,84
identity_r2,cancel,10000,0.132,84
identity_r2,cancel,10000,0.133,84
identity_r2,cancel,10000,0.134,84
identity_r2,cancel,10000,0.135,84
identity_r2,cancel,10000,0.136,84
identity_r2,cancel,10000,0.137,84
identity_r2,cancel,10000,0.138,84
identity_r2,cancel,10000,0.139,84
identity_r2,cancel,10000,0.14,84
identity_r2,cancel,10000,0.141,84
identity_r2,cancel,10000,0.142,84
identity_r2,cancel,10000,0.143,84
identity_r2,cancel,10000,0.144,84
identity_r2,cancel,10000,0.145,84
identity_r2,cancel,10000,0.146,84
identity_r2,cancel,10000,0.147,84
identity_r2,cancel,10000,0.148,84
identity_r2,cancel,10000,0.149,84
identity_r2,cancel,10000,0.15,84
identity_r2,cancel,10000,0.151,84
identity_r2,cancel,10000,0.152,84
identity_r2,cancel,10000,0.153,84
identity_r2,cancel,10000,0.154,84
identity_r2,cancel,10000,0.155,84
identity_r2,cancel,10000,0.156,84
identity_r2,cancel,10000,0.157,84
identity_r2,cancel,10000,0.158,84
identity_r2,cancel,10000,0.159,84
identity_r2,cancel,10000,0.16,84
identity_r2,cancel,10000,0.161,84
identity_r2,cancel,10000,0.162,84
identity_r2,cancel,10000,0.163,84
identity_r2,cancel,10000,0.164,84
identity_r2,cancel,10000,0.165,84
identity_r2,cancel,10000,0.166,84
identity_r2,cancel,10000,0.167,84
identity_r2,cancel,10000,0.168,84
identity_r2,cancel,10000,0.169,125
identity_r2,cancel,10000,0.17,125
identity_r2,cancel,10000,0.171,125
identity_r2,cancel,10000,0.172,125
identity_r2,cancel,10000,0.173,125
identity_r2,cancel,10000,0.174,125
identity_r2,cancel,10000,0.175,125
identity_r2,cancel,10000,0.176,125
identity_r2,cancel,10000,0.177,125
identity_r2,cancel,10000,0.178,125
identity_r2,cancel,10000,0.179,125
identity_r2,cancel,10000,0.18,125
identity_r2,cancel,10000,0.181,125
identity_r2,cancel,10000,0.182,125
identity_r2,cancel,10000,0.183,125
identity_r2,cancel,10000,0.184,125
identity_r2,cancel,10000,0.185,125
identity_r2,cancel,10000,0.186,125
identity_r2,cancel,10000,0.187,125
identity_r2,cancel,10000,0.188,125
identity_r2,cancel,10000,0.189,125
identity_r2,cancel,10000,0.19,125
identity_r2,cancel,10000,0.191,125
identity_r2,cancel,10000,0.192,125
identity_r2,cancel,10000,0.193,125
identity_r2,cancel,10000,0.194,125
identity_r2,cancel,10000,0.195,125
identity_r2,cancel,10000,0.196,125
identity_r2,cancel,10000,0.197,125
identity_r2,cancel,10000,0.198,125
identity_r2,cancel,10000,0.199,125
identity_r2,cancel,10000,0.2,125
identity_r2,cancel,10000,0.201,125
identity_r2,cancel,10000,0.202,125
identity_r2,cancel,10000,0.203,125
identity_r2,cancel,10000,0.204,125
identity_r2,cancel,10000,0.205,125
identity_r2,cancel,10000,0.206,125
identity_r2,cancel,10000,0.207,125
identity_r2,cancel,10000,0.208,125
identity_r2,cancel,10000,0.209,125
identity_r2,cancel,10000,0.21,125
identity_r2,cancel,10000,0.211,125
identity_r2,cancel,10000,0.212,125
identity_r2,cancel,10000,0.213,125
identity_r2,cancel,10000,0.214,125
identity_r2,cancel,10000,0.215,125
identity_r2,cancel,10000,0.216,125
identity_r2,cancel,10000,0.217,125
identity_r2,cancel,10000,0.218,125
identity_r2,cancel,10000,0.219,125
identity_r2,cancel,10000,0.22,125
identity_r2,cancel,10000,0.221,125
identity_r2,cancel,10000,0.222,125
identity_r2,cancel,10000,0.223,125
identity_r2,cancel,10000,0.224,125
identity_r2,cancel,10000,0.225,125
identity_r2,cancel,10000,0.226,125
identity_r2,cancel,10000,0.227,125
identity_r2,cancel,10000,0.228,125
identity_r2,cancel,10000,0.229,125
identity_r2,cancel,10000,0.23,125
identity_r2,cancel,10000,0.231,125
identity_r2,cancel,10000,0.232,125
identity_r2,cancel,10000,0.233,125
identity_r2,cancel,10000,0.234,125
identity_r2,cancel,10000,0.235,125
identity_r2,cancel,10000,0.236,125
identity_r2,cancel,10000,0.237,125
identity_r2,cancel,10000,0.238,125
identity_r2,cancel,10000,0.239,125
identity_r2,cancel,10000,0.24,125
identity_r2,cancel,10000,0.241,125
identity_r2,cancel,10000,0.242,125
identity_r2,cancel,10000,0.243,125
identity_r2,cancel,10000,0.244,125
identity_r2,cancel,10000,0.245,125
identity_r2,cancel,10000,0.246,125
identity_r2,cancel,10000,0.247,125
identity_r2,cancel,10000,0.248,125
identity_r2,cancel,10000,0.249,125
identity_r2,cancel,10000,0.25,125
identity_r2,cancel,10000,0.251,125
identity_r2,cancel,10000,0.252,125
identity_r2,cancel,10000,0.253,125
identity_r2,cancel,10000,0.254,125
identity_r2,cancel,10000,0.255,125
identity_r2,cancel,10000,0.256,125
identity_r2,cancel,10000,0.257,125
identity_r2,cancel,10000,0.258,125
identity_r2,cancel,10000,0.259,125
identity_r2,cancel,10000,0.26,125
identity_r2,cancel,10000,0.261,125
identity_r2,cancel,10000,0.262,125
identity_r2,cancel,10000,0.263,125
identity_r2,cancel,10000,0.264,125
identity_r2,cancel,10000,0.265,125
identity_r2,cancel,10000,0.266,125
identity_r2,cancel,10000,0.267,125
identity_r2,cancel,10000,0.268,125
identity_r2,cancel,10000,0.269,125
identity_r2,cancel,10000,0.27,125
identity_r2,cancel,10000,0.271,125
identity_r2,cancel,10000,0.272,125
identity_r2,cancel,10000,0.273,125
identity_r2,cancel,10000,0.274,125
identity_r2,cancel,10000,0.275,125
identity_r2,cancel,10000,0.276,125
identity_r2,cancel,10000,0.277,125
identity_r2,cancel,10000,0.278,125
identity_r2,cancel,10000,0.279,125
identity_r2,cancel,10000,0.28,125
identity_r2,cancel,10000,0.281,125
identity_r2,cancel,10000,0.282,125
identity_r2,cancel,10000,0.283,125
identity_r2,cancel,10000,0.284,125
identity_r2,cancel,10000,0.285,125
identity_r2,cancel,10000,0.286,125
identity_r2,cancel,10000,0.287,125
identity_r2,cancel,10000,0.288,125
identity_r2,cancel,10000,0.289,125
identity_r2,cancel,10000,0.29,125
identity_r2,cancel,10000,0.291,125
identity_r2,cancel,10000,0.292,125
identity_r2,cancel,10000,0.293,125
identity_r2,cancel,10000,0.294,125
identity_r2,cancel,10000,0.295,125
identity_r2,cancel,10000,0.296,125
identity_r2,cancel,10000,0.297,125
identity_r2,cancel,10000,0.298,125
identity_r2,cancel,10000,0.299,125
identity_r2,cancel,10000,0.3,125
identity_r2,cancel,10000,0.301,125
identity_r2,cancel,10000,0.302,125
identity_r2,cancel,10000,0.303,125
identity_r2,cancel,10000,0.304,125
identity_r2,cancel,10000,0.305,125
identity_r2,cancel,10000,0.306,125
identity_r2,cancel,10000,0.307,125
identity_r2,cancel,10000,0.308,125
identity_r2,cancel,10000,0.309,125
identity_r2,cancel,10000,0.31,125
identity_r2,cancel,10000,0.311,125
identity_r2,cancel,10000,0.312,125
identity_r2,cancel,10000,0.313,125
identity_r2,cancel,10000,0.314,125
identity_r2,cancel,10000,0.315,125
identity_r2,cancel,10000,0.316,125
identity_r2,cancel,10000,0.317,125
identity_r2,cancel,10000,0.318,125
identity_r2,cancel,10000,0.319,125
identity_r2,cancel,10000,0.32,125
identity_r2,cancel,10000,0.321,125
identity_r2,cancel,10000,0.322,125
identity_r2,cancel,10000,0.323,125
identity_r2,cancel,10000,0.324,125
identity_r2,cancel,10000,0.325,125
identity_r2,cancel,10000,0.326,125
identity_r2,cancel,10000,0.327,125
identity_r2,cancel,10000,0.328,125
identity_r2,cancel,10000,0.329,125
identity_r2,cancel,10000,0.33,125
identity_r2,cancel,10000,0.331,125
identity_r2,cancel,10000,0.332,125
identity_r2,cancel,10000,0.333,125
identity_r2,cancel,10000,0.334,125
identity_r2,cancel,10000,0.335,125
identity_r2,cancel,10000,0.336,125
identity_r2,cancel,10000,0.337,125
identity_r2,cancel,10000,0.338,125
identity_r2,cancel,10000,0.339,125
identity_r2,cancel,10000,0.34,125
identity_r2,cancel,10000,0.341,125
identity_r2,cancel,10000,0.342,125
identity_r2,cancel,10000,0.343,125
identity_r2,cancel,10000,0.344,125
identity_r2,cancel,10000,0.345,125
identity_r2,cancel,10000,0.346,125
identity_r2,cancel,10000,0.347,125
identity_r2,cancel,10000,0.348,125
identity_r2,cancel,10000,0.349,125
identity_r2,cancel,10000,0.35,125
identity_r2,cancel,10000,0.351,125
identity_r2,cancel,10000,0.352,125
identity_r2,cancel,10000,0.353,125
identity_r2,cancel,10000,0.354,125
identity_r2,cancel,10000,0.355,125
identity_r2,cancel,10000,0.356,125
identity_r2,cancel,10000,0.357,125
identity_r2,cancel,10000,0.358,125
identity_r2,cancel,10000,0.359,125
identity_r2,cancel,10000,0.36,125
identity_r2,cancel,10000,0.361,125
identity_r2,cancel,10000,0.362,125
identity_r2,cancel,10000,0.363,125
identity_r2,cancel,10000,0.364,125
identity_r2,cancel,10000,0.365,125
identity_r2,cancel,10000,0.366,125
identity_r2,cancel,10000,0.367,125
identity_r2,cancel,10000,0.368,125
identity_r2,cancel,10000,0.369,125
identity_r2,cancel,10000,0.37,125
identity_r2,cancel,10000,0.371,125
identity_r2,cancel,10000,0.372,125
identity_r2,cancel,10000,0.373,125
identity_r2,cancel,10000,0.374,125
identity_r2,cancel,10000,0.375,125
identity_r2,cancel,10000,0.376,125
identity_r2,cancel,10000,0.377,125
identity_r2,cancel,10000,0.378,125
identity_r2,cancel,10000,0.379,125
identity_r2,cancel,10000,0.38,125
identity_r2,cancel,10000,0.381,125
identity_r2,cancel,10000,0.382,125
identity_r2,cancel,10000,0.383,125
identity_r2,cancel,10000,0.384,125
identity_r2,cancel,10000,0.385,125
identity_r2,cancel,10000,0.386,125
identity_r2,cancel,10000,0.387,125
identity_r2,cancel,10000,0.388,125
identity_r2,cancel,10000,0.389,125
identity_r2,cancel,10000,0.39,125
identity_r2,cancel,10000,0.391,125
identity_r2,cancel,10000,0.392,125
identity_r2,cancel,10000,0.393,125
identity_r2,cancel,10000,0.394,125
identity_r2,cancel,10000,0.395,125
identity_r2,cancel,10000,0.396,125
identity_r2,cancel,10000,0.397,125
identity_r2,cancel,10000,0.398,125
identity_r2,cancel,10000,0.399,125
identity_r2,cancel,10000,0.4,125
identity_r2,cancel,10000,0.401,125
identity_r2,cancel,10000,0.402,125
identity_r2,cancel,10000,0.403,125
identity_r2,cancel,10000,0.404,125
identity_r2,cancel,10000,0.405,125
identity_r2,cancel,10000,0.406,125
identity_r2,cancel,10000,0.407,125
identity_r2,cancel,10000,0.408,125
identity_r2,cancel,10000,0.409,125
identity_r2,cancel,10000,0.41,125
identity_r2,cancel,10000,0.411,125
identity_r2,cancel,10000,0.412,125
identity_r2,cancel,10000,0.413,125
identity_r2,cancel,10000,0.414,125
identity_r2,cancel,10000,0.415,125
identity_r2,cancel,10000,0.416,125
identity_r2,cancel,10000,0.417,125
identity_r2,cancel,10000,0.418,125
identity_r2,cancel,10000,0.419,125
identity_r2,cancel,10000,0.42,125
identity_r2,cancel,10000,0.421,125
identity_r2,cancel,10000,0.422,125
identity_r2,cancel,10000,0.423,125
identity_r2,cancel,10000,0.424,125
identity_r2,cancel,10000,0.425,125
identity_r2,cancel,10000,0.426,125
identity_r2,cancel,10000,0.427,125
identity_r2,cancel,10000,0.428,125
identity_r2,cancel,10000,0.429,125
identity_r2,cancel,10000,0.43,125
identity_r2,cancel,10000,0.431,125
identity_r2,cancel,10000,0.432,125
identity_r2,cancel,10000,0.433,125
identity_r2,cancel,10000,0.434,125
identity_r2,cancel,10000,0.435,125
identity_r2,cancel,10000,0.436,125
identity_r2,cancel,10000,0.437,125
identity_r2,cancel,10000,0.438,125
identity_r2,cancel,10000,0.439,125
identity_r2,cancel,10000,0.44,125
identity_r2,cancel,10000,0.441,125
identity_r2,cancel,10000,0.442,125
identity_r2,cancel,10000,0.443,125
identity_r2,cancel,10000,0.444,125
identity_r2,cancel,10000,0.445,125
identity_r2,cancel,10000,0.446,125
identity_r2,cancel,10000,0.447,125
identity_r2,cancel,10000,0.448,125
identity_r2,cancel,10000,0.449,125
identity_r2,cancel,10000,0.45,125
identity_r2,cancel,10000,0.451,125
identity_r2,cancel,10000,0.452,125
identity_r2,cancel,10000,0.453,125
identity_r2,cancel,10000,0.454,125
identity_r2,cancel,10000,0.455,125
identity_r2,cancel,10000,0.456,125
identity_r2,cancel,10000,0.457,125
identity_r2,cancel,10000,0.458,125
identity_r2,cancel,10000,0.459,125
identity_r2,cancel,10000,0.46,125
identity_r2,cancel,10000,0.461,125
identity_r2,cancel,10000,0.462,125
identity_r2,cancel,10000,0.463,125
identity_r2,cancel,10000,0.464,125
identity_r2,cancel,10000,0.465,125
identity_r2,cancel,10000,0.466,125
identity_r2,cancel,10000,0.467,125
identity_r2,cancel,10000,0.468,125
identity_r2,cancel,10000,0.469,125
identity_r2,cancel,10000,0.47,125
identity_r2,cancel,10000,0.471,125
identity_r2,cancel,10000,0.472,125
identity_r2,cancel,10000,0.473,125
identity_r2,cancel,10000,0.474,125
identity_r2,cancel,10000,0.475,125
identity_r2,cancel,10000,0.476,125
identity_r2,cancel,10000,0.477,125
identity_r2,cancel,10000,0.478,125
identity_r2,cancel,10000,0.479,125
identity_r2,cancel,10000,0.48,125
identity_r2,cancel,10000,0.481,125
identity_r2,cancel,10000,0.482,125
identity_r2,cancel,10000,0.483,125
identity_r2,cancel,10000,0.484,125
identity_r2,cancel,10000,0.485,125
identity_r2,cancel,10000,0.486,125
identity_r2,cancel,10000,0.487,125
identity_r2,cancel,10000,0.488,125
identity_r2,cancel,10000,0.489,125
identity_r2,cancel,10000,0.49,125
identity_r2,cancel,10000,0.491,125
identity_r2,cancel,10000,0.492,125
identity_r2,cancel,10000,0.493,125
identity_r2,cancel,10000,0.494,125
identity_r2,cancel,10000,0.495,125
identity_r2,cancel,10000,0.496,125
identity_r2,cancel,10000,0.497,125
identity_r2,cancel,10000,0.498,125
identity_r2,cancel,10000,0.499,125
identity_r2,cancel,10000,0.5,125
identity_r2,cancel,10000,0.501,125
identity_r2,cancel,10000,0.502,125
identity_r2,cancel,10000,0.503,125
identity_r2,cancel,10000,0.504,125
identity_r2,cancel,10000,0.505,125
identity_r2,cancel,10000,0.506,125
identity_r2,cancel,10000,0.507,125
identity_r2,cancel,10000,0.508,125
identity_r2,cancel,10000,0.509,125
identity_r2,cancel,10000,0.51,125
identity_r2,cancel,10000,0.511,125
identity_r2,cancel,10000,0.512,125
identity_r2,cancel,10000,0.513,125
identity_r2,cancel,10000,0.514,125
identity_r2,cancel,10000,0.515,125
identity_r2,cancel,10000,0.516,125
identity_r2,cancel,10000,0.517,125
identity_r2,cancel,10000,0.518,125
identity_r2,cancel,10000,0.519,125
identity_r2,cancel,10000,0.52,125
identity_r2,cancel,10000,0.521,125
identity_r2,cancel,10000,0.522,125
identity_r2,cancel,10000,0.523,125
identity_r2,cancel,10000,0.524,125
identity_r2,cancel,10000,0.525,125
identity_r2,cancel,10000,0.526,125
identity_r2,cancel,10000,0.527,125
identity_r2,cancel,10000,0.528,125
identity_r2,cancel,10000,0.529,125
identity_r2,cancel,10000,0.53,125
identity_r2,cancel,10000,0.531,125
identity_r2,cancel,10000,0.532,125
identity_r2,cancel,10000,0.533,125
identity_r2,cancel,10000,0.534,125
identity_r2,cancel,10000,0.535,125
identity_r2,cancel,10000,0.536,125
identity_r2,cancel,10000,0.537,125
identity_r2,cancel,10000,0.538,125
identity_r2,cancel,10000,0.539,125
identity_r2,cancel,10000,0.54,125
identity_r2,cancel,10000,0.541,125
identity_r2,cancel,10000,0.542,125
identity_r2,cancel,10000,0.543,125
identity_r2,cancel,10000,0.544,125
identity_r2,cancel,10000,0.545,125
identity_r2,cancel,10000,0.546,125
identity_r2,cancel,10000,0.547,125
identity_r2,cancel,10000,0.548,125
identity_r2,cancel,10000,0.549,125
identity_r2,cancel,10000,0.55,125
identity_r2,cancel,10000,0.551,125
identity_r2,cancel,10000,0.552,125
identity_r2,cancel,10000,0.553,125
identity_r2,cancel,10000,0.554,125
identity_r2,cancel,10000,0.555,125
identity_r2,cancel,10000,0.556,125
identity_r2,cancel,10000,0.557,125
identity_r2,cancel,10000,0.558,125
identity_r2,cancel,10000,0.559,125
identity_r2,cancel,10000,0.56,125
identity_r2,cancel,10000,0.561,125
identity_r2,cancel,10000,0.562,125
identity_r2,cancel,10000,0.563,125
identity_r2,cancel,10000,0.564,125
identity_r2,cancel,10000,0.565,125
identity_r2,cancel,10000,0.566,125
identity_r2,cancel,10000,0.567,125
identity_r2,cancel,10000,0.568,125
identity_r2,cancel,10000,0.569,125
identity_r2,cancel,10000,0.57,125
identity_r2,cancel,10000,0.571,125
identity_r2,cancel,10000,0.572,125
identity_r2,cancel,10000,0.573,125
identity_r2,cancel,10000,0.574,125
identity_r2,cancel,10000,0.575,125
identity_r2,cancel,10000,0.576,125
identity_r2,cancel,10000,0.577,125
identity_r2,cancel,10000,0.578,125
identity_r2,cancel,10000,0.579,125
identity_r2,cancel,10000,0.58,125
identity_r2,cancel,10000,0.581,125
identity_r2,cancel,10000,0.582,125
identity_r2,cancel,10000,0.583,125
identity_r2,cancel,10000,0.584,125
identity_r2,cancel,10000,0.585,125
identity_r2,cancel,10000,0.586,125
identity_r2,cancel,10000,0.587,125
identity_r2,cancel,10000,0.588,125
identity_r2,cancel,10000,0.589,125
identity_r2,cancel,10000,0.59,125
identity_r2,cancel,10000,0.591,125
identity_r2,cancel,10000,0.592,125
identity_r2,cancel,10000,0.593,125
identity_r2,cancel,10000,0.594,125
identity_r2,cancel,10000,0.595,125
identity_r2,cancel,10000,0.596,125
identity_r2,cancel,10000,0.597,125
identity_r2,cancel,10000,0.598,125
identity_r2,cancel,10000,0.599,125
identity_r2,cancel,10000,0.6,125
identity_r2,cancel,10000,0.601,125
identity_r2,cancel,10000,0.602,125
identity_r2,cancel,10000,0.603,125
identity_r2,cancel,10000,0.604,125
identity_r2,cancel,10000,0.605,125
identity_r2,cancel,10000,0.606,125
identity_r2,cancel,10000,0.607,125
identity_r2,cancel,10000,0.608,125
identity_r2,cancel,10000,0.609,125
identity_r2,cancel,10000,0.61,125
identity_r2,cancel,10000,0.611,125
identity_r2,cancel,10000,0.612,125
identity_r2,cancel,10000,0.613,125
identity_r2,cancel,10000,0.614,125
identity_r2,cancel,10000,0.615,125
identity_r2,cancel,10000,0.616,125
identity_r2,cancel,10000,0.617,125
identity_r2,cancel,10000,0.618,125
identity_r2,cancel,10000,0.619,125
identity_r2,cancel,10000,0.62,125
identity_r2,cancel,10000,0.621,125
identity_r2,cancel,10000,0.622,125
identity_r2,cancel,10000,0.623,125
identity_r2,cancel,10000,0.624,125
identity_r2,cancel,10000,0.625,125
identity_r2,cancel,10000,0.626,125
identity_r2,cancel,10000,0.627,125
identity_r2,cancel,10000,0.628,125
identity_r2,cancel,10000,0.629,125
identity_r2,cancel,10000,0.63,125
identity_r2,cancel,10000,0.631,125
identity_r2,cancel,10000,0.632,125
identity_r2,cancel,10000,0.633,125
identity_r2,cancel,10000,0.634,125
identity_r2,cancel,10000,0.635,125
identity_r2,cancel,10000,0.636,166
identity_r2,cancel,10000,0.637,166
identity_r2,cancel,10000,0.638,166
identity_r2,cancel,10000,0.639,166
identity_r2,cancel,10000,0.64,166
identity_r2,cancel,10000,0.641,166
identity_r2,cancel,10000,0.642,166
identity_r2,cancel,10000,0.643,166
identity_r2,cancel,10000,0.644,166
identity_r2,cancel,10000,0.645,166
identity_r2,cancel,10000,0.646,166
identity_r2,cancel,10000,0.647,166
identity_r2,cancel,10000,0.648,166
identity_r2,cancel,10000,0.649,166
identity_r2,cancel,10000,0.65,166
identity_r2,cancel,10000,0.651,166
identity_r2,cancel,10000,0.652,166
identity_r2,cancel,10000,0.653,166
identity_r2,cancel,10000,0.654,166
identity_r2,cancel,10000,0.655,166
identity_r2,cancel,10000,0.656,166
identity_r2,cancel,10000,0.657,166
identity_r2,cancel,10000,0.658,166
identity_r2,cancel,10000,0.659,166
identity_r2,cancel,10000,0.66,166
identity_r2,cancel,10000,0.661,166
identity_r2,cancel,10000,0.662,166
identity_r2,cancel,10000,0.663,166
identity_r2,cancel,10000,0.664,166
identity_r2,cancel,10000,0.665,166
identity_r2,cancel,10000,0.666,166
identity_r2,cancel,10000,0.667,166
identity_r2,cancel,10000,0.668,166
identity_r2,cancel,10000,0.669,166
identity_r2,cancel,10000,0.67,166
identity_r2,cancel,10000,0.671,166
identity_r2,cancel,10000,0.672,166
identity_r2,cancel,10000,0.673,166
identity_r2,cancel,10000,0.674,166
identity_r2,cancel,10000,0.675,166
identity_r2,cancel,10000,0.676,166
identity_r2,cancel,10000,0.677,166
identity_r2,cancel,10000,0.678,166
identity_r2,cancel,10000,0.679,166
identity_r2,cancel,10000,0.68,166
identity_r2,cancel,10000,0.681,166
identity_r2,cancel,10000,0.682,166
identity_r2,cancel,10000,0.683,166
identity_r2,cancel,10000,0.684,166
identity_r2,cancel,10000,0.685,166
identity_r2,cancel,10000,0.686,166
identity_r2,cancel,10000,0.687,166
identity_r2,cancel,10000,0.688,166
identity_r2,cancel,10000,0.689,166
identity_r2,cancel,10000,0.69,166
identity_r2,cancel,10000,0.691,166
identity_r2,cancel,10000,0.692,166
identity_r2,cancel,10000,0.693,166
identity_r2,cancel,10000,0.694,166
identity_r2,cancel,10000,0.695,166
identity_r2,cancel,10000,0.696,166
identity_r2,cancel,10000,0.697,166
identity_r2,cancel,10000,0.698,166
identity_r2,cancel,10000,0.699,166
identity_r2,cancel,10000,0.7,166
identity_r2,cancel,10000,0.701,166
identity_r2,cancel,10000,0.702,166
identity_r2,cancel,10000,0.703,166
identity_r2,cancel,10000,0.704,166
identity_r2,cancel,10000,0.705,166
identity_r2,cancel,10000,0.706,166
identity_r2,cancel,10000,0.707,167
identity_r2,cancel,10000,0.708,167
identity_r2,cancel,10000,0.709,167
identity_r2,cancel,10000,0.71,167
identity_r2,cancel,10000,0.711,167
identity_r2,cancel,10000,0.712,167
identity_r2,cancel,10000,0.713,167
identity_r2,cancel,10000,0.714,167
identity_r2,cancel,10000,0.715,167
identity_r2,cancel,10000,0.716,167
identity_r2,cancel,10000,0.717,167
identity_r2,cancel,10000,0.718,167
identity_r2,cancel,10000,0.719,167
identity_r2,cancel,10000,0.72,167
identity_r2,cancel,10000,0.721,167
identity_r2,cancel,10000,0.722,167
identity_r2,cancel,10000,0.723,167
identity_r2,cancel,10000,0.724,167
identity_r2,cancel,10000,0.725,167
identity_r2,cancel,10000,0.726,167
identity_r2,cancel,10000,0.727,167
identity_r2,cancel,10000,0.728,167
identity_r2,cancel,10000,0.729,167
identity_r2,cancel,10000,0.73,167
identity_r2,cancel,10000,0.731,167
identity_r2,cancel,10000,0.732,167
identity_r2,cancel,10000,0.733,167
identity_r2,cancel,10000,0.734,167
identity_r2,cancel,10000,0.735,167
identity_r2,cancel,10000,0.736,167
identity_r2,cancel,10000,0.737,167
identity_r2,cancel,10000,0.738,167
identity_r2,cancel,10000,0.739,167
identity_r2,cancel,10000,0.74,167
identity_r2,cancel,10000,0.741,167
identity_r2,cancel,10000,0.742,167
identity_r2,cancel,10000,0.743,167
identity_r2,cancel,10000,0.744,167
identity_r2,cancel,10000,0.745,167
identity_r2,cancel,10000,0.746,167
identity_r2,cancel,10000,0.747,167
identity_r2,cancel,10000,0.748,167
identity_r2,cancel,10000,0.749,167
identity_r2,cancel,10000,0.75,167
identity_r2,cancel,10000,0.751,167
identity_r2,cancel,10000,0.752,167
identity_r2,cancel,10000,0.753,167
identity_r2,cancel,10000,0.754,167
identity_r2,cancel,10000,0.755,167
identity_r2,cancel,10000,0.756,167
identity_r2,cancel,10000,0.757,167
identity_r2,cancel,10000,0.758,167
identity_r2,cancel,10000,0.759,167
identity_r2,cancel,10000,0.76,167
identity_r2,cancel,10000,0.761,167
identity_r2,cancel,10000,0.762,167
identity_r2,cancel,10000,0.763,167
identity_r2,cancel,10000,0.764,167
identity_r2,cancel,10000,0.765,167
identity_r2,cancel,10000,0.766,167
identity_r2,cancel,10000,0.767,167
identity_r2,cancel,10000,0.768,167
identity_r2,cancel,10000,0.769,167
identity_r2,cancel,10000,0.77,167
identity_r2,cancel,10000,0.771,167
identity_r2,cancel,10000,0.772,167
identity_r2,cancel,10000,0.773,167
identity_r2,cancel,10000,0.774,167
identity_r2,cancel,10000,0.775,167
identity_r2,cancel,10000,0.776,167
identity_r2,cancel,10000,0.777,167
identity_r2,cancel,10000,0.778,167
identity_r2,cancel,10000,0.779,167
identity_r2,cancel,10000,0.78,167
identity_r2,cancel,10000,0.781,167
identity_r2,cancel,10000,0.782,167
identity_r2,cancel,10000,0.783,167
identity_r2,cancel,10000,0.784,167
identity_r2,cancel,10000,0.785,167
identity_r2,cancel,10000,0.786,167
identity_r2,cancel,10000,0.787,167
identity_r2,cancel,10000,0.788,167
identity_r2,cancel,10000,0.789,167
identity_r2,cancel,10000,0.79,167
identity_r2,cancel,10000,0.791,167
identity_r2,cancel,10000,0.792,167
identity_r2,cancel,10000,0.793,167
identity_r2,cancel,10000,0.794,167
identity_r2,cancel,10000,0.795,167
identity_r2,cancel,10000,0.796,167
identity_r2,cancel,10000,0.797,167
identity_r2,cancel,10000,0.798,167
identity_r2,cancel,10000,0.799,167
identity_r2,cancel,10000,0.8,167
identity_r2,cancel,10000,0.801,167
identity_r2,cancel,10000,0.802,167
identity_r2,cancel,10000,0.803,167
identity_r2,cancel,10000,0.804,167
identity_r2,cancel,10000,0.805,167
identity_r2,cancel,10000,0.806,167
identity_r2,cancel,10000,0.807,167
identity_r2,cancel,10000,0.808,167
identity_r2,cancel,10000,0.809,167
identity_r2,cancel,10000,0.81,167
identity_r2,cancel,10000,0.811,167
identity_r2,cancel,10000,0.812,167
identity_r2,cancel,10000,0.813,167
identity_r2,cancel,10000,0.814,167
identity_r2,cancel,10000,0.815,167
identity_r2,cancel,10000,0.816,167
identity_r2,cancel,10000,0.817,167
identity_r2,cancel,10000,0.818,167
identity_r2,cancel,10000,0.819,167
identity_r2,cancel,10000,0.82,167
identity_r2,cancel,10000,0.821,167
identity_r2,cancel,10000,0.822,167
identity_r2,cancel,10000,0.823,167
identity_r2,cancel,10000,0.824,167
identity_r2,cancel,10000,0.825,167
identity_r2,cancel,10000,0.826,167
identity_r2,cancel,10000,0.827,167
identity_r2,cancel,10000,0.828,167
identity_r2,cancel,10000,0.829,167
identity_r2,cancel,10000,0.83,167
identity_r2,cancel,10000,0.831,167
identity_r2,cancel,10000,0.832,167
identity_r2,cancel,10000,0.833,167
identity_r2,cancel,10000,0.834,167
identity_r2,cancel,10000,0.835,167
identity_r2,cancel,10000,0.836,167
identity_r2,cancel,10000,0.837,167
identity_r2,cancel,10000,0.838,167
identity_r2,cancel,10000,0.839,167
identity_r2,cancel,10000,0.84,167
identity_r2,cancel,10000,0.841,167
identity_r2,cancel,10000,0.842,167
identity_r2,cancel,10000,0.843,167
identity_r2,cancel,10000,0.844,167
identity_r2,cancel,10000,0.845,167
identity_r2,cancel,10000,0.846,167
identity_r2,cancel,10000,0.847,167
identity_r2,cancel,10000,0.848,208
identity_r2,cancel,10000,0.849,208
identity_r2,cancel,10000,0.85,208
identity_r2,cancel,10000,0.851,208
identity_r2,cancel,10000,0.852,208
identity_r2,cancel,10000,0.853,208
identity_r2,cancel,10000,0.854,208
identity_r2,cancel,10000,0.855,208
identity_r2,cancel,10000,0.856,208
identity_r2,cancel,10000,0.857,208
identity_r2,cancel,10000,0.858,208
identity_r2,cancel,10000,0.859,208
identity_r2,cancel,10000,0.86,208
identity_r2,cancel,10000,0.861,208
identity_r2,cancel,10000,0.862,208
identity_r2,cancel,10000,0.863,208
identity_r2,cancel,10000,0.864,208
identity_r2,cancel,10000,0.865,208
identity_r2,cancel,10000,0.866,208
identity_r2,cancel,10000,0.867,208
identity_r2,cancel,10000,0.868,208
identity_r2,cancel,10000,0.869,208
identity_r2,cancel,10000,0.87,208
identity_r2,cancel,10000,0.871,208
identity_r2,cancel,10000,0.872,208
identity_r2,cancel,10000,0.873,208
identity_r2,cancel,10000,0.874,208
identity_r2,cancel,10000,0.875,208
identity_r2,cancel,10000,0.876,208
identity_r2,cancel,10000,0.877,208
identity_r2,cancel,10000,0.878,208
identity_r2,cancel,10000,0.879,208
identity_r2,cancel,10000,0.88,208
identity_r2,cancel,10000,0.881,209
identity_r2,cancel,10000,0.882,209
identity_r2,cancel,10000,0.883,209
identity_r2,cancel,10000,0.884,209
identity_r2,cancel,10000,0.885,209
identity_r2,cancel,10000,0.886,209
identity_r2,cancel,10000,0.887,209
identity_r2,cancel,10000,0.888,209
identity_r2,cancel,10000,0.889,209
identity_r2,cancel,10000,0.89,209
identity_r2,cancel,10000,0.891,209
identity_r2,cancel,10000,0.892,209
identity_r2,cancel,10000,0.893,209
identity_r2,cancel,10000,0.894,209
identity_r2,cancel,10000,0.895,209
identity_r2,cancel,10000,0.896,209
identity_r2,cancel,10000,0.897,250
identity_r2,cancel,10000,0.898,250
identity_r2,cancel,10000,0.899,250
identity_r2,cancel,10000,0.9,250
identity_r2,cancel,10000,0.901,250
identity_r2,cancel,10000,0.902,250
identity_r2,cancel,10000,0.903,250
identity_r2,cancel,10000,0.904,250
identity_r2,cancel,10000,0.905,250
identity_r2,cancel,10000,0.906,250
identity_r2,cancel,10000,0.907,250
identity_r2,cancel,10000,0.908,250
identity_r2,cancel,10000,0.909,250
identity_r2,cancel,10000,0.91,250
identity_r2,cancel,10000,0.911,250
identity_r2,cancel,10000,0.912,250
identity_r2,cancel,10000,0.913,250
identity_r2,cancel,10000,0.914,250
identity_r2,cancel,10000,0.915,250
identity_r2,cancel,10000,0.916,250
identity_r2,cancel,10000,0.917,250
identity_r2,cancel,10000,0.918,250
identity_r2,cancel,10000,0.919,250
identity_r2,cancel,10000,0.92,250
identity_r2,cancel,10000,0.921,250
identity_r2,cancel,10000,0.922,250
identity_r2,cancel,10000,0.923,250
identity_r2,cancel,10000,0.924,250
identity_r2,cancel,10000,0.925,250
identity_r2,cancel,10000,0.926,291
identity_r2,cancel,10000,0.927,291
identity_r2,cancel,10000,0.928,291
identity_r2,cancel,10000,0.929,291
identity_r2,cancel,10000,0.93,291
identity_r2,cancel,10000,0.931,291
identity_r2,cancel,10000,0.932,292
identity_r2,cancel,10000,0.933,292
identity_r2,cancel,10000,0.934,292
identity_r2,cancel,10000,0.935,292
identity_r2,cancel,10000,0.936,292
identity_r2,cancel,10000,0.937,292
identity_r2,cancel,10000,0.938,292
identity_r2,cancel,10000,0.939,292
identity_r2,cancel,10000,0.94,292
identity_r2,cancel,10000,0.941,292
identity_r2,cancel,10000,0.942,292
identity_r2,cancel,10000,0.943,292
identity_r2,cancel,10000,0.944,333
identity_r2,cancel,10000,0.945,333
identity_r2,cancel,10000,0.946,333
identity_r2,cancel,10000,0.947,333
identity_r2,cancel,10000,0.948,333
identity_r2,cancel,10000,0.949,333
identity_r2,cancel,10000,0.95,333
identity_r2,cancel,10000,0.951,333
identity_r2,cancel,10000,0.952,333
identity_r2,cancel,10000,0.953,333
identity_r2,cancel,10000,0.954,334
identity_r2,cancel,10000,0.955,334
identity_r2,cancel,10000,0.956,334
identity_r2,cancel,10000,0.957,334
identity_r2,cancel,10000,0.958,375
identity_r2,cancel,10000,0.959,375
identity_r2,cancel,10000,0.96,375
identity_r2,cancel,10000,0.961,375
identity_r2,cancel,10000,0.962,375
identity_r2,cancel,10000,0.963,375
identity_r2,cancel,10000,0.964,375
identity_r2,cancel,10000,0.965,375
identity_r2,cancel,10000,0.966,375
identity_r2,cancel,10000,0.967,375
identity_r2,cancel,10000,0.968,375
identity_r2,cancel,10000,0.969,375
identity_r2,cancel,10000,0.97,416
identity_r2,cancel,10000,0.971,416
identity_r2,cancel,10000,0.972,416
identity_r2,cancel,10000,0.973,417
identity_r2,cancel,10000,0.974,417
identity_r2,cancel,10000,0.975,417
identity_r2,cancel,10000,0.976,417
identity_r2,cancel,10000,0.977,417
identity_r2,cancel,10000,0.978,458
identity_r2,cancel,10000,0.979,458
identity_r2,cancel,10000,0.98,458
identity_r2,cancel,10000,0.981,458
identity_r2,cancel,10000,0.982,459
identity_r2,cancel,10000,0.983,459
identity_r2,cancel,10000,0.984,500
identity_r2,cancel,10000,0.985,500
identity_r2,cancel,10000,0.986,500
identity_r2,cancel,10000,0.987,500
identity_r2,cancel,10000,0.988,500
identity_r2,cancel,10000,0.989,541
identity_r2,cancel,10000,0.99,542
identity_r2,cancel,10000,0.991,542
identity_r2,cancel,10000,0.992,583
identity_r2,cancel,10000,0.993,583
identity_r2,cancel,10000,0.994,625
identity_r2,cancel,10000,0.995,625
identity_r2,cancel,10000,0.996,667
identity_r2,cancel,10000,0.997,750
identity_r2,cancel,10000,0.998,875
identity_r2,cancel,10000,0.999,1209
identity_r2,match,10000,0,0
identity_r2,match,10000,0.001,0
identity_r2,match,10000,0.002,0
identity_r2,match,10000,0.003,0
identity_r2,match,10000,0.004,0
identity_r2,match,10000,0.005,0
identity_r2,match,10000,0.006,0
identity_r2,match,10000,0.007,0
identity_r2,match,10000,0.008,0
identity_r2,match,10000,0.009,0
identity_r2,match,10000,0.01,0
identity_r2,match,10000,0.011,0
identity_r2,match,10000,0.012,0
identity_r2,match,10000,0.013,0
identity_r2,match,10000,0.014,0
identity_r2,match,10000,0.015,0
identity_r2,match,10000,0.016,0
identity_r2,match,10000,0.017,0
identity_r2,match,10000,0.018,0
identity_r2,match,10000,0.019,0
identity_r2,match,10000,0.02,0
identity_r2,match,10000,0.021,0
identity_r2,match,10000,0.022,0
identity_r2,match,10000,0.023,0
identity_r2,match,10000,0.024,0
identity_r2,match,10000,0.025,0
identity_r2,match,10000,0.026,0
identity_r2,match,10000,0.027,0
identity_r2,match,10000,0.028,0
identity_r2,match,10000,0.029,0
identity_r2,match,10000,0.03,0
identity_r2,match,10000,0.031,0
identity_r2,match,10000,0.032,0
identity_r2,match,10000,0.033,0
identity_r2,match,10000,0.034,0
identity_r2,match,10000,0.035,0
identity_r2,match,10000,0.036,0
identity_r2,match,10000,0.037,0
identity_r2,match,10000,0.038,0
identity_r2,match,10000,0.039,0
identity_r2,match,10000,0.04,0
identity_r2,match,10000,0.041,0
identity_r2,match,10000,0.042,0
identity_r2,match,10000,0.043,0
identity_r2,match,10000,0.044,0
identity_r2,match,10000,0.045,0
identity_r2,match,10000,0.046,41
identity_r2,match,10000,0.047,41
identity_r2,match,10000,0.048,41
identity_r2,match,10000,0.049,41
identity_r2,match,10000,0.05,41
identity_r2,match,10000,0.051,41
identity_r2,match,10000,0.052,41
identity_r2,match,10000,0.053,41
identity_r2,match,10000,0.054,41
identity_r2,match,10000,0.055,41
identity_r2,match,10000,0.056,41
identity_r2,match,10000,0.057,41
identity_r2,match,10000,0.058,41
identity_r2,match,10000,0.059,41
identity_r2,match,10000,0.06,41
identity_r2,match,10000,0.061,41
identity_r2,match,10000,0.062,41
identity_r2,match,10000,0.063,41
identity_r2,match,10000,0.064,41
identity_r2,match,10000,0.065,41
identity_r2,match,10000,0.066,41
identity_r2,match,10000,0.067,41
identity_r2,match,10000,0.068,41
identity_r2,match,10000,0.069,41
identity_r2,match,10000,0.07,41
identity_r2,match,10000,0.071,41
identity_r2,match,10000,0.072,41
identity_r2,match,10000,0.073,41
identity_r2,match,10000,0.074,41
identity_r2,match,10000,0.075,41
identity_r2,match,10000,0.076,41
identity_r2,match,10000,0.077,41
identity_r2,match,10000,0.078,41
identity_r2,match,10000,0.079,41
identity_r2,match,10000,0.08,41
identity_r2,match,10000,0.081,41
identity_r2,match,10000,0.082,41
identity_r2,match,10000,0.083,41
identity_r2,match,10000,0.084,41
identity_r2,match,10000,0.085,41
identity_r2,match,10000,0.086,41
identity_r2,match,10000,0.087,41
identity_r2,match,10000,0.088,41
identity_r2,match,10000,0.089,41
identity_r2,match,10000,0.09,41
identity_r2,match,10000,0.091,41
identity_r2,match,10000,0.092,41
identity_r2,match,10000,0.093,41
identity_r2,match,10000,0.094,41
identity_r2,match,10000,0.095,41
identity_r2,match,10000,0.096,41
identity_r2,match,10000,0.097,41
identity_r2,match,10000,0.098,41
identity_r2,match,10000,0.099,41
identity_r2,match,10000,0.1,41
identity_r2,match,10000,0.101,41
identity_r2,match,10000,0.102,41
identity_r2,match,10000,0.103,41
identity_r2,match,10000,0.104,41
identity_r2,match,10000,0.105,41
identity_r2,match,10000,0.106,41
identity_r2,match,10000,0.107,41
identity_r2,match,10000,0.108,41
identity_r2,match,10000,0.109,41
identity_r2,match,10000,0.11,41
identity_r2,match,10000,0.111,41
identity_r2,match,10000,0.112,41
identity_r2,match,10000,0.113,41
identity_r2,match,10000,0.114,41
identity_r2,match,10000,0.115,41
identity_r2,match,10000,0.116,41
identity_r2,match,10000,0.117,41
identity_r2,match,10000,0.118,41
identity_r2,match,10000,0.119,41
identity_r2,match,10000,0.12,41
identity_r2,match,10000,0.121,41
identity_r2,match,10000,0.122,41
identity_r2,match,10000,0.123,41
identity_r2,match,10000,0.124,41
identity_r2,match,10000,0.125,41
identity_r2,match,10000,0.126,41
identity_r2,match,10000,0.127,41
identity_r2,match,10000,0.128,41
identity_r2,match,10000,0.129,41
identity_r2,match,10000,0.13,41
identity_r2,match,10000,0.131,41
identity_r2,match,10000,0.132,41
identity_r2,match,10000,0.133,41
identity_r2,match,10000,0.134,41
identity_r2,match,10000,0.135,41
identity_r2,match,10000,0.136,41
identity_r2,match,10000,0.137,41
identity_r2,match,10000,0.138,41
identity_r2,match,10000,0.139,41
identity_r2,match,10000,0.14,41
identity_r2,match,10000,0.141,41
identity_r2,match,10000,0.142,41
identity_r2,match,10000,0.143,41
identity_r2,match,10000,0.144,41
identity_r2,match,10000,0.145,41
identity_r2,match,10000,0.146,41
identity_r2,match,10000,0.147,41
identity_r2,match,10000,0.148,41
identity_r2,match,10000,0.149,41
identity_r2,match,10000,0.15,41
identity_r2,match,10000,0.151,41
identity_r2,match,10000,0.152,41
identity_r2,match,10000,0.153,41
identity_r2,match,10000,0.154,41
identity_r2,match,10000,0.155,41
identity_r2,match,10000,0.156,41
identity_r2,match,10000,0.157,41
identity_r2,match,10000,0.158,41
identity_r2,match,10000,0.159,41
identity_r2,match,10000,0.16,41
identity_r2,match,10000,0.161,41
identity_r2,match,10000,0.162,41
identity_r2,match,10000,0.163,41
identity_r2,match,10000,0.164,41
identity_r2,match,10000,0.165,41
identity_r2,match,10000,0.166,41
identity_r2,match,10000,0.167,41
identity_r2,match,10000,0.168,41
identity_r2,match,10000,0.169,41
identity_r2,match,10000,0.17,41
identity_r2,match,10000,0.171,41
identity_r2,match,10000,0.172,41
identity_r2,match,10000,0.173,41
identity_r2,match,10000,0.174,41
identity_r2,match,10000,0.175,41
identity_r2,match,10000,0.176,41
identity_r2,match,10000,0.177,41
identity_r2,match,10000,0.178,41
identity_r2,match,10000,0.179,41
identity_r2,match,10000,0.18,41
identity_r2,match,10000,0.181,41
identity_r2,match,10000,0.182,41
identity_r2,match,10000,0.183,41
identity_r2,match,10000,0.184,41
identity_r2,match,10000,0.185,41
identity_r2,match,10000,0.186,41
identity_r2,match,10000,0.187,41
identity_r2,match,10000,0.188,41
identity_r2,match,10000,0.189,41
identity_r2,match,10000,0.19,41
identity_r2,match,10000,0.191,41
identity_r2,match,10000,0.192,41
identity_r2,match,10000,0.193,41
identity_r2,match,10000,0.194,41
identity_r2,match,10000,0.195,41
identity_r2,match,10000,0.196,41
identity_r2,match,10000,0.197,41
identity_r2,match,10000,0.198,41
identity_r2,match,10000,0.199,41
identity_r2,match,10000,0.2,41
identity_r2,match,10000,0.201,41
identity_r2,match,10000,0.202,41
identity_r2,match,10000,0.203,41
identity_r2,match,10000,0.204,41
identity_r2,match,10000,0.205,41
identity_r2,match,10000,0.206,41
identity_r2,match,10000,0.207,41
identity_r2,match,10000,0.208,41
identity_r2,match,10000,0.209,41
identity_r2,match,10000,0.21,41
identity_r2,match,10000,0.211,41
identity_r2,match,10000,0.212,41
identity_r2,match,10000,0.213,41
identity_r2,match,10000,0.214,41
identity_r2,match,10000,0.215,41
identity_r2,match,10000,0.216,41
identity_r2,match,10000,0.217,41
identity_r2,match,10000,0.218,41
identity_r2,match,10000,0.219,41
identity_r2,match,10000,0.22,41
identity_r2,match,10000,0.221,41
identity_r2,match,10000,0.222,41
identity_r2,match,10000,0.223,41
identity_r2,match,10000,0.224,41
identity_r2,match,10000,0.225,41
identity_r2,match,10000,0.226,41
identity_r2,match,10000,0.227,41
identity_r2,match,10000,0.228,41
identity_r2,match,10000,0.229,41
identity_r2,match,10000,0.23,41
identity_r2,match,10000,0.231,41
identity_r2,match,10000,0.232,41
identity_r2,match,10000,0.233,41
identity_r2,match,10000,0.234,41
identity_r2,match,10000,0.235,41
identity_r2,match,10000,0.236,41
identity_r2,match,10000,0.237,41
identity_r2,match,10000,0.238,41
identity_r2,match,10000,0.239,41
identity_r2,match,10000,0.24,41
identity_r2,match,10000,0.241,41
identity_r2,match,10000,0.242,41
identity_r2,match,10000,0.243,41
identity_r2,match,10000,0.244,41
identity_r2,match,10000,0.245,41
identity_r2,match,10000,0.246,41
identity_r2,match,10000,0.247,41
identity_r2,match,10000,0.248,41
identity_r2,match,10000,0.249,41
identity_r2,match,10000,0.25,41
identity_r2,match,10000,0.251,41
identity_r2,match,10000,0.252,41
identity_r2,match,10000,0.253,41
identity_r2,match,10000,0.254,41
identity_r2,match,10000,0.255,41
identity_r2,match,10000,0.256,41
identity_r2,match,10000,0.257,41
identity_r2,match,10000,0.258,41
identity_r2,match,10000,0.259,41
identity_r2,match,10000,0.26,41
identity_r2,match,10000,0.261,41
identity_r2,match,10000,0.262,41
identity_r2,match,10000,0.263,41
identity_r2,match,10000,0.264,41
identity_r2,match,10000,0.265,41
identity_r2,match,10000,0.266,41
identity_r2,match,10000,0.267,41
identity_r2,match,10000,0.268,41
identity_r2,match,10000,0.269,41
identity_r2,match,10000,0.27,41
identity_r2,match,10000,0.271,41
identity_r2,match,10000,0.272,41
identity_r2,match,10000,0.273,41
identity_r2,match,10000,0.274,41
identity_r2,match,10000,0.275,41
identity_r2,match,10000,0.276,41
identity_r2,match,10000,0.277,41
identity_r2,match,10000,0.278,41
identity_r2,match,10000,0.279,41
identity_r2,match,10000,0.28,41
identity_r2,match,10000,0.281,41
identity_r2,match,10000,0.282,41
identity_r2,match,10000,0.283,41
identity_r2,match,10000,0.284,41
identity_r2,match,10000,0.285,41
identity_r2,match,10000,0.286,41
identity_r2,match,10000,0.287,41
identity_r2,match,10000,0.288,41
identity_r2,match,10000,0.289,41
identity_r2,match,10000,0.29,41
identity_r2,match,10000,0.291,41
identity_r2,match,10000,0.292,41
identity_r2,match,10000,0.293,41
identity_r2,match,10000,0.294,41
identity_r2,match,10000,0.295,41
identity_r2,match,10000,0.296,41
identity_r2,match,10000,0.297,42
identity_r2,match,10000,0.298,42
identity_r2,match,10000,0.299,42
identity_r2,match,10000,0.3,42
identity_r2,match,10000,0.301,42
identity_r2,match,10000,0.302,42
identity_r2,match,10000,0.303,42
identity_r2,match,10000,0.304,42
identity_r2,match,10000,0.305,42
identity_r2,match,10000,0.306,42
identity_r2,match,10000,0.307,42
identity_r2,match,10000,0.308,42
identity_r2,match,10000,0.309,42
identity_r2,match,10000,0.31,42
identity_r2,match,10000,0.311,42
identity_r2,match,10000,0.312,42
identity_r2,match,10000,0.313,42
identity_r2,match,10000,0.314,42
identity_r2,match,10000,0.315,42
identity_r2,match,10000,0.316,42
identity_r2,match,10000,0.317,42
identity_r2,match,10000,0.318,42
identity_r2,match,10000,0.319,42
identity_r2,match,10000,0.32,42
identity_r2,match,10000,0.321,42
identity_r2,match,10000,0.322,42
identity_r2,match,10000,0.323,42
identity_r2,match,10000,0.324,42
identity_r2,match,10000,0.325,42
identity_r2,match,10000,0.326,42
identity_r2,match,10000,0.327,42
identity_r2,match,10000,0.328,42
identity_r2,match,10000,0.329,42
identity_r2,match,10000,0.33,42
identity_r2,match,10000,0.331,42
identity_r2,match,10000,0.332,42
identity_r2,match,10000,0.333,42
identity_r2,match,10000,0.334,42
identity_r2,match,10000,0.335,42
identity_r2,match,10000,0.336,42
identity_r2,match,10000,0.337,42
identity_r2,match,10000,0.338,42
identity_r2,match,10000,0.339,42
identity_r2,match,10000,0.34,42
identity_r2,match,10000,0.341,42
identity_r2,match,10000,0.342,42
identity_r2,match,10000,0.343,42
identity_r2,match,10000,0.344,42
identity_r2,match,10000,0.345,42
identity_r2,match,10000,0.346,42
identity_r2,match,10000,0.347,42
identity_r2,match,10000,0.348,42
identity_r2,match,10000,0.349,42
identity_r2,match,10000,0.35,42
identity_r2,match,10000,0.351,42
identity_r2,match,10000,0.352,42
identity_r2,match,10000,0.353,42
identity_r2,match,10000,0.354,42
identity_r2,match,10000,0.355,42
identity_r2,match,10000,0.356,42
identity_r2,match,10000,0.357,42
identity_r2,match,10000,0.358,42
identity_r2,match,10000,0.359,42
identity_r2,match,10000,0.36,42
identity_r2,match,10000,0.361,42
identity_r2,match,10000,0.362,42
identity_r2,match,10000,0.363,42
identity_r2,match,10000,0.364,42
identity_r2,match,10000,0.365,42
identity_r2,match,10000,0.366,42
identity_r2,match,10000,0.367,42
identity_r2,match,10000,0.368,42
identity_r2,match,10000,0.369,42
identity_r2,match,10000,0.37,42
identity_r2,match,10000,0.371,42
identity_r2,match,10000,0.372,42
identity_r2,match,10000,0.373,42
identity_r2,match,10000,0.374,42
identity_r2,match,10000,0.375,42
identity_r2,match,10000,0.376,42
identity_r2,match,10000,0.377,42
identity_r2,match,10000,0.378,42
identity_r2,match,10000,0.379,42
identity_r2,match,10000,0.38,42
identity_r2,match,10000,0.381,42
identity_r2,match,10000,0.382,42
identity_r2,match,10000,0.383,42
identity_r2,match,10000,0.384,42
identity_r2,match,10000,0.385,42
identity_r2,match,10000,0.386,42
identity_r2,match,10000,0.387,42
identity_r2,match,10000,0.388,42
identity_r2,match,10000,0.389,42
identity_r2,match,10000,0.39,42
identity_r2,match,10000,0.391,42
identity_r2,match,10000,0.392,42
identity_r2,match,10000,0.393,42
identity_r2,match,10000,0.394,42
identity_r2,match,10000,0.395,42
identity_r2,match,10000,0.396,42
identity_r2,match,10000,0.397,42
identity_r2,match,10000,0.398,42
identity_r2,match,10000,0.399,42
identity_r2,match,10000,0.4,42
identity_r2,match,10000,0.401,42
identity_r2,match,10000,0.402,42
identity_r2,match,10000,0.403,42
identity_r2,match,10000,0.404,42
identity_r2,match,10000,0.405,42
identity_r2,match,10000,0.406,42
identity_r2,match,10000,0.407,42
identity_r2,match,10000,0.408,42
identity_r2,match,10000,0.409,42
identity_r2,match,10000,0.41,42
identity_r2,match,10000,0.411,42
identity_r2,match,10000,0.412,42
identity_r2,match,10000,0.413,42
identity_r2,match,10000,0.414,42
identity_r2,match,10000,0.415,42
identity_r2,match,10000,0.416,42
identity_r2,match,10000,0.417,42
identity_r2,match,10000,0.418,42
identity_r2,match,10000,0.419,42
identity_r2,match,10000,0.42,42
identity_r2,match,10000,0.421,42
identity_r2,match,10000,0.422,42
identity_r2,match,10000,0.423,42
identity_r2,match,10000,0.424,42
identity_r2,match,10000,0.425,42
identity_r2,match,10000,0.426,42
identity_r2,match,10000,0.427,42
identity_r2,match,10000,0.428,42
identity_r2,match,10000,0.429,42
identity_r2,match,10000,0.43,42
identity_r2,match,10000,0.431,42
identity_r2,match,10000,0.432,42
identity_r2,match,10000,0.433,42
identity_r2,match,10000,0.434,42
identity_r2,match,10000,0.435,42
identity_r2,match,10000,0.436,42
identity_r2,match,10000,0.437,42
identity_r2,match,10000,0.438,42
identity_r2,match,10000,0.439,42
identity_r2,match,10000,0.44,42
identity_r2,match,10000,0.441,42
identity_r2,match,10000,0.442,42
identity_r2,match,10000,0.443,42
identity_r2,match,10000,0.444,42
identity_r2,match,10000,0.445,42
identity_r2,match,10000,0.446,42
identity_r2,match,10000,0.447,42
identity_r2,match,10000,0.448,42
identity_r2,match,10000,0.449,42
identity_r2,match,10000,0.45,42
identity_r2,match,10000,0.451,42
identity_r2,match,10000,0.452,42
identity_r2,match,10000,0.453,42
identity_r2,match,10000,0.454,42
identity_r2,match,10000,0.455,42
identity_r2,match,10000,0.456,42
identity_r2,match,10000,0.457,42
identity_r2,match,10000,0.458,42
identity_r2,match,10000,0.459,42
identity_r2,match,10000,0.46,42
identity_r2,match,10000,0.461,42
identity_r2,match,10000,0.462,42
identity_r2,match,10000,0.463,42
identity_r2,match,10000,0.464,42
identity_r2,match,10000,0.465,42
identity_r2,match,10000,0.466,42
identity_r2,match,10000,0.467,42
identity_r2,match,10000,0.468,42
identity_r2,match,10000,0.469,42
identity_r2,match,10000,0.47,42
identity_r2,match,10000,0.471,42
identity_r2,match,10000,0.472,42
identity_r2,match,10000,0.473,42
identity_r2,match,10000,0.474,42
identity_r2,match,10000,0.475,42
identity_r2,match,10000,0.476,42
identity_r2,match,10000,0.477,42
identity_r2,match,10000,0.478,42
identity_r2,match,10000,0.479,42
identity_r2,match,10000,0.48,42
identity_r2,match,10000,0.481,42
identity_r2,match,10000,0.482,42
identity_r2,match,10000,0.483,42
identity_r2,match,10000,0.484,42
identity_r2,match,10000,0.485,42
identity_r2,match,10000,0.486,42
identity_r2,match,10000,0.487,42
identity_r2,match,10000,0.488,42
identity_r2,match,10000,0.489,42
identity_r2,match,10000,0.49,42
identity_r2,match,10000,0.491,42
identity_r2,match,10000,0.492,42
identity_r2,match,10000,0.493,42
identity_r2,match,10000,0.494,42
identity_r2,match,10000,0.495,42
identity_r2,match,10000,0.496,42
identity_r2,match,10000,0.497,42
identity_r2,match,10000,0.498,42
identity_r2,match,10000,0.499,42
identity_r2,match,10000,0.5,42
identity_r2,match,10000,0.501,42
identity_r2,match,10000,0.502,42
identity_r2,match,10000,0.503,42
identity_r2,match,10000,0.504,42
identity_r2,match,10000,0.505,42
identity_r2,match,10000,0.506,42
identity_r2,match,10000,0.507,42
identity_r2,match,10000,0.508,42
identity_r2,match,10000,0.509,42
identity_r2,match,10000,0.51,42
identity_r2,match,10000,0.511,42
identity_r2,match,10000,0.512,42
identity_r2,match,10000,0.513,42
identity_r2,match,10000,0.514,42
identity_r2,match,10000,0.515,42
identity_r2,match,10000,0.516,42
identity_r2,match,10000,0.517,42
identity_r2,match,10000,0.518,42
identity_r2,match,10000,0.519,42
identity_r2,match,10000,0.52,42
identity_r2,match,10000,0.521,42
identity_r2,match,10000,0.522,42
identity_r2,match,10000,0.523,42
identity_r2,match,10000,0.524,42
identity_r2,match,10000,0.525,42
identity_r2,match,10000,0.526,42
identity_r2,match,10000,0.527,42
identity_r2,match,10000,0.528,42
identity_r2,match,10000,0.529,42
identity_r2,match,10000,0.53,42
identity_r2,match,10000,0.531,42
identity_r2,match,10000,0.532,42
identity_r2,match,10000,0.533,42
identity_r2,match,10000,0.534,42
identity_r2,match,10000,0.535,42
identity_r2,match,10000,0.536,42
identity_r2,match,10000,0.537,42
identity_r2,match,10000,0.538,42
identity_r2,match,10000,0.539,42
identity_r2,match,10000,0.54,42
identity_r2,match,10000,0.541,42
identity_r2,match,10000,0.542,42
identity_r2,match,10000,0.543,42
identity_r2,match,10000,0.544,42
identity_r2,match,10000,0.545,42
identity_r2,match,10000,0.546,42
identity_r2,match,10000,0.547,42
identity_r2,match,10000,0.548,42
identity_r2,match,10000,0.549,42
identity_r2,match,10000,0.55,42
identity_r2,match,10000,0.551,42
identity_r2,match,10000,0.552,42
identity_r2,match,10000,0.553,42
identity_r2,match,10000,0.554,42
identity_r2,match,10000,0.555,42
identity_r2,match,10000,0.556,42
identity_r2,match,10000,0.557,42
identity_r2,match,10000,0.558,42
identity_r2,match,10000,0.559,42
identity_r2,match,10000,0.56,42
identity_r2,match,10000,0.561,42
identity_r2,match,10000,0.562,42
identity_r2,match,10000,0.563,42
identity_r2,match,10000,0.564,42
identity_r2,match,10000,0.565,42
identity_r2,match,10000,0.566,42
identity_r2,match,10000,0.567,42
identity_r2,match,10000,0.568,42
identity_r2,match,10000,0.569,42
identity_r2,match,10000,0.57,42
identity_r2,match,10000,0.571,42
identity_r2,match,10000,0.572,42
identity_r2,match,10000,0.573,42
identity_r2,match,10000,0.574,42
identity_r2,match,10000,0.575,42
identity_r2,match,10000,0.576,42
identity_r2,match,10000,0.577,42
identity_r2,match,10000,0.578,42
identity_r2,match,10000,0.579,42
identity_r2,match,10000,0.58,42
identity_r2,match,10000,0.581,42
identity_r2,match,10000,0.582,42
identity_r2,match,10000,0.583,42
identity_r2,match,10000,0.584,42
identity_r2,match,10000,0.585,42
identity_r2,match,10000,0.586,42
identity_r2,match,10000,0.587,42
identity_r2,match,10000,0.588,42
identity_r2,match,10000,0.589,42
identity_r2,match,10000,0.59,42
identity_r2,match,10000,0.591,42
identity_r2,match,10000,0.592,42
identity_r2,match,10000,0.593,42
identity_r2,match,10000,0.594,42
identity_r2,match,10000,0.595,42
identity_r2,match,10000,0.596,42
identity_r2,match,10000,0.597,42
identity_r2,match,10000,0.598,42
identity_r2,match,10000,0.599,42
identity_r2,match,10000,0.6,42
identity_r2,match,10000,0.601,42
identity_r2,match,10000,0.602,42
identity_r2,match,10000,0.603,42
identity_r2,match,10000,0.604,42
identity_r2,match,10000,0.605,42
identity_r2,match,10000,0.606,42
identity_r2,match,10000,0.607,42
identity_r2,match,10000,0.608,42
identity_r2,match,10000,0.609,42
identity_r2,match,10000,0.61,42
identity_r2,match,10000,0.611,42
identity_r2,match,10000,0.612,42
identity_r2,match,10000,0.613,42
identity_r2,match,10000,0.614,42
identity_r2,match,10000,0.615,42
identity_r2,match,10000,0.616,42
identity_r2,match,10000,0.617,42
identity_r2,match,10000,0.618,42
identity_r2,match,10000,0.619,42
identity_r2,match,10000,0.62,42
identity_r2,match,10000,0.621,42
identity_r2,match,10000,0.622,42
identity_r2,match,10000,0.623,42
identity_r2,match,10000,0.624,42
identity_r2,match,10000,0.625,42
identity_r2,match,10000,0.626,42
identity_r2,match,10000,0.627,42
identity_r2,match,10000,0.628,42
identity_r2,match,10000,0.629,42
identity_r2,match,10000,0.63,42
identity_r2,match,10000,0.631,42
identity_r2,match,10000,0.632,42
identity_r2,match,10000,0.633,42
identity_r2,match,10000,0.634,42
identity_r2,match,10000,0.635,42
identity_r2,match,10000,0.636,42
identity_r2,match,10000,0.637,42
identity_r2,match,10000,0.638,42
identity_r2,match,10000,0.639,42
identity_r2,match,10000,0.64,42
identity_r2,match,10000,0.641,42
identity_r2,match,10000,0.642,42
identity_r2,match,10000,0.643,42
identity_r2,match,10000,0.644,42
identity_r2,match,10000,0.645,42
identity_r2,match,10000,0.646,42
identity_r2,match,10000,0.647,42
identity_r2,match,10000,0.648,42
identity_r2,match,10000,0.649,42
identity_r2,match,10000,0.65,42
identity_r2,match,10000,0.651,42
identity_r2,match,10000,0.652,42
identity_r2,match,10000,0.653,42
identity_r2,match,10000,0.654,42
identity_r2,match,10000,0.655,42
identity_r2,match,10000,0.656,42
identity_r2,match,10000,0.657,42
identity_r2,match,10000,0.658,42
identity_r2,match,10000,0.659,42
identity_r2,match,10000,0.66,42
identity_r2,match,10000,0.661,42
identity_r2,match,10000,0.662,42
identity_r2,match,10000,0.663,42
identity_r2,match,10000,0.664,42
identity_r2,match,10000,0.665,42
identity_r2,match,10000,0.666,42
identity_r2,match,10000,0.667,42
identity_r2,match,10000,0.668,42
identity_r2,match,10000,0.669,42
identity_r2,match,10000,0.67,42
identity_r2,match,10000,0.671,42
identity_r2,match,10000,0.672,42
identity_r2,match,10000,0.673,42
identity_r2,match,10000,0.674,42
identity_r2,match,10000,0.675,42
identity_r2,match,10000,0.676,42
identity_r2,match,10000,0.677,42
identity_r2,match,10000,0.678,42
identity_r2,match,10000,0.679,42
identity_r2,match,10000,0.68,42
identity_r2,match,10000,0.681,42
identity_r2,match,10000,0.682,42
identity_r2,match,10000,0.683,42
identity_r2,match,10000,0.684,42
identity_r2,match,10000,0.685,42
identity_r2,match,10000,0.686,42
identity_r2,match,10000,0.687,42
identity_r2,match,10000,0.688,42
identity_r2,match,10000,0.689,42
identity_r2,match,10000,0.69,42
identity_r2,match,10000,0.691,42
identity_r2,match,10000,0.692,42
identity_r2,match,10000,0.693,42
identity_r2,match,10000,0.694,42
identity_r2,match,10000,0.695,42
identity_r2,match,10000,0.696,42
identity_r2,match,10000,0.697,42
identity_r2,match,10000,0.698,42
identity_r2,match,10000,0.699,42
identity_r2,match,10000,0.7,42
identity_r2,match,10000,0.701,42
identity_r2,match,10000,0.702,42
identity_r2,match,10000,0.703,42
identity_r2,match,10000,0.704,42
identity_r2,match,10000,0.705,42
identity_r2,match,10000,0.706,42
identity_r2,match,10000,0.707,42
identity_r2,match,10000,0.708,42
identity_r2,match,10000,0.709,42
identity_r2,match,10000,0.71,42
identity_r2,match,10000,0.711,42
identity_r2,match,10000,0.712,42
identity_r2,match,10000,0.713,42
identity_r2,match,10000,0.714,42
identity_r2,match,10000,0.715,42
identity_r2,match,10000,0.716,42
identity_r2,match,10000,0.717,42
identity_r2,match,10000,0.718,42
identity_r2,match,10000,0.719,42
identity_r2,match,10000,0.72,42
identity_r2,match,10000,0.721,42
identity_r2,match,10000,0.722,42
identity_r2,match,10000,0.723,42
identity_r2,match,10000,0.724,42
identity_r2,match,10000,0.725,42
identity_r2,match,10000,0.726,42
identity_r2,match,10000,0.727,42
identity_r2,match,10000,0.728,42
identity_r2,match,10000,0.729,42
identity_r2,match,10000,0.73,42
identity_r2,match,10000,0.731,42
identity_r2,match,10000,0.732,42
identity_r2,match,10000,0.733,42
identity_r2,match,10000,0.734,42
identity_r2,match,10000,0.735,42
identity_r2,match,10000,0.736,42
identity_r2,match,10000,0.737,42
identity_r2,match,10000,0.738,42
identity_r2,match,10000,0.739,42
identity_r2,match,10000,0.74,42
identity_r2,match,10000,0.741,42
identity_r2,match,10000,0.742,42
identity_r2,match,10000,0.743,42
identity_r2,match,10000,0.744,42
identity_r2,match,10000,0.745,42
identity_r2,match,10000,0.746,42
identity_r2,match,10000,0.747,42
identity_r2,match,10000,0.748,42
identity_r2,match,10000,0.749,42
identity_r2,match,10000,0.75,42
identity_r2,match,10000,0.751,42
identity_r2,match,10000,0.752,42
identity_r2,match,10000,0.753,42
identity_r2,match,10000,0.754,42
identity_r2,match,10000,0.755,42
identity_r2,match,10000,0.756,42
identity_r2,match,10000,0.757,42
identity_r2,match,10000,0.758,42
identity_r2,match,10000,0.759,42
identity_r2,match,10000,0.76,42
identity_r2,match,10000,0.761,42
identity_r2,match,10000,0.762,42
identity_r2,match,10000,0.763,42
identity_r2,match,10000,0.764,42
identity_r2,match,10000,0.765,42
identity_r2,match,10000,0.766,42
identity_r2,match,10000,0.767,42
identity_r2,match,10000,0.768,42
identity_r2,match,10000,0.769,42
identity_r2,match,10000,0.77,42
identity_r2,match,10000,0.771,42
identity_r2,match,10000,0.772,42
identity_r2,match,10000,0.773,42
identity_r2,match,10000,0.774,42
identity_r2,match,10000,0.775,42
identity_r2,match,10000,0.776,42
identity_r2,match,10000,0.777,42
identity_r2,match,10000,0.778,42
identity_r2,match,10000,0.779,42
identity_r2,match,10000,0.78,42
identity_r2,match,10000,0.781,42
identity_r2,match,10000,0.782,42
identity_r2,match,10000,0.783,42
identity_r2,match,10000,0.784,42
identity_r2,match,10000,0.785,42
identity_r2,match,10000,0.786,42
identity_r2,match,10000,0.787,42
identity_r2,match,10000,0.788,42
identity_r2,match,10000,0.789,42
identity_r2,match,10000,0.79,42
identity_r2,match,10000,0.791,42
identity_r2,match,10000,0.792,42
identity_r2,match,10000,0.793,42
identity_r2,match,10000,0.794,42
identity_r2,match,10000,0.795,42
identity_r2,match,10000,0.796,42
identity_r2,match,10000,0.797,42
identity_r2,match,10000,0.798,42
identity_r2,match,10000,0.799,42
identity_r2,match,10000,0.8,42
identity_r2,match,10000,0.801,42
identity_r2,match,10000,0.802,42
identity_r2,match,10000,0.803,83
identity_r2,match,10000,0.804,83
identity_r2,match,10000,0.805,83
identity_r2,match,10000,0.806,83
identity_r2,match,10000,0.807,83
identity_r2,match,10000,0.808,83
identity_r2,match,10000,0.809,83
identity_r2,match,10000,0.81,83
identity_r2,match,10000,0.811,83
identity_r2,match,10000,0.812,83
identity_r2,match,10000,0.813,83
identity_r2,match,10000,0.814,83
identity_r2,match,10000,0.815,83
identity_r2,match,10000,0.816,83
identity_r2,match,10000,0.817,83
identity_r2,match,10000,0.818,83
identity_r2,match,10000,0.819,83
identity_r2,match,10000,0.82,83
identity_r2,match,10000,0.821,83
identity_r2,match,10000,0.822,83
identity_r2,match,10000,0.823,83
identity_r2,match,10000,0.824,83
identity_r2,match,10000,0.825,83
identity_r2,match,10000,0.826,83
identity_r2,match,10000,0.827,83
identity_r2,match,10000,0.828,83
identity_r2,match,10000,0.829,83
identity_r2,match,10000,0.83,83
identity_r2,match,10000,0.831,83
identity_r2,match,10000,0.832,83
identity_r2,match,10000,0.833,83
identity_r2,match,10000,0.834,83
identity_r2,match,10000,0.835,83
identity_r2,match,10000,0.836,83
identity_r2,match,10000,0.837,83
identity_r2,match,10000,0.838,83
identity_r2,match,10000,0.839,83
identity_r2,match,10000,0.84,83
identity_r2,match,10000,0.841,83
identity_r2,match,10000,0.842,83
identity_r2,match,10000,0.843,83
identity_r2,match,10000,0.844,83
identity_r2,match,10000,0.845,83
identity_r2,match,10000,0.846,83
identity_r2,match,10000,0.847,83
identity_r2,match,10000,0.848,83
identity_r2,match,10000,0.849,83
identity_r2,match,10000,0.85,83
identity_r2,match,10000,0.851,83
identity_r2,match,10000,0.852,83
identity_r2,match,10000,0.853,83
identity_r2,match,10000,0.854,83
identity_r2,match,10000,0.855,83
identity_r2,match,10000,0.856,83
identity_r2,match,10000,0.857,83
identity_r2,match,10000,0.858,83
identity_r2,match,10000,0.859,83
identity_r2,match,10000,0.86,83
identity_r2,match,10000,0.861,83
identity_r2,match,10000,0.862,83
identity_r2,match,10000,0.863,83
identity_r2,match,10000,0.864,83
identity_r2,match,10000,0.865,83
identity_r2,match,10000,0.866,83
identity_r2,match,10000,0.867,83
identity_r2,match,10000,0.868,83
identity_r2,match,10000,0.869,83
identity_r2,match,10000,0.87,83
identity_r2,match,10000,0.871,83
identity_r2,match,10000,0.872,83
identity_r2,match,10000,0.873,83
identity_r2,match,10000,0.874,83
identity_r2,match,10000,0.875,83
identity_r2,match,10000,0.876,83
identity_r2,match,10000,0.877,83
identity_r2,match,10000,0.878,83
identity_r2,match,10000,0.879,83
identity_r2,match,10000,0.88,83
identity_r2,match,10000,0.881,83
identity_r2,match,10000,0.882,83
identity_r2,match,10000,0.883,83
identity_r2,match,10000,0.884,83
identity_r2,match,10000,0.885,83
identity_r2,match,10000,0.886,83
identity_r2,match,10000,0.887,83
identity_r2,match,10000,0.888,83
identity_r2,match,10000,0.889,83
identity_r2,match,10000,0.89,83
identity_r2,match,10000,0.891,83
identity_r2,match,10000,0.892,83
identity_r2,match,10000,0.893,83
identity_r2,match,10000,0.894,83
identity_r2,match,10000,0.895,83
identity_r2,match,10000,0.896,83
identity_r2,match,10000,0.897,83
identity_r2,match,10000,0.898,83
identity_r2,match,10000,0.899,84
identity_r2,match,10000,0.9,84
identity_r2,match,10000,0.901,84
identity_r2,match,10000,0.902,84
identity_r2,match,10000,0.903,84
identity_r2,match,10000,0.904,84
identity_r2,match,10000,0.905,84
identity_r2,match,10000,0.906,84
identity_r2,match,10000,0.907,84
identity_r2,match,10000,0.908,84
identity_r2,match,10000,0.909,84
identity_r2,match,10000,0.91,84
identity_r2,match,10000,0.911,84
identity_r2,match,10000,0.912,84
identity_r2,match,10000,0.913,84
identity_r2,match,10000,0.914,84
identity_r2,match,10000,0.915,84
identity_r2,match,10000,0.916,84
identity_r2,match,10000,0.917,84
identity_r2,match,10000,0.918,84
identity_r2,match,10000,0.919,84
identity_r2,match,10000,0.92,84
identity_r2,match,10000,0.921,84
identity_r2,match,10000,0.922,84
identity_r2,match,10000,0.923,84
identity_r2,match,10000,0.924,84
identity_r2,match,10000,0.925,84
identity_r2,match,10000,0.926,84
identity_r2,match,10000,0.927,84
identity_r2,match,10000,0.928,84
identity_r2,match,10000,0.929,84
identity_r2,match,10000,0.93,84
identity_r2,match,10000,0.931,84
identity_r2,match,10000,0.932,84
identity_r2,match,10000,0.933,84
identity_r2,match,10000,0.934,84
identity_r2,match,10000,0.935,84
identity_r2,match,10000,0.936,84
identity_r2,match,10000,0.937,84
identity_r2,match,10000,0.938,84
identity_r2,match,10000,0.939,84
identity_r2,match,10000,0.94,84
identity_r2,match,10000,0.941,84
identity_r2,match,10000,0.942,84
identity_r2,match,10000,0.943,84
identity_r2,match,10000,0.944,84
identity_r2,match,10000,0.945,84
identity_r2,match,10000,0.946,84
identity_r2,match,10000,0.947,125
identity_r2,match,10000,0.948,125
identity_r2,match,10000,0.949,125
identity_r2,match,10000,0.95,125
identity_r2,match,10000,0.951,125
identity_r2,match,10000,0.952,125
identity_r2,match,10000,0.953,125
identity_r2,match,10000,0.954,125
identity_r2,match,10000,0.955,125
identity_r2,match,10000,0.956,125
identity_r2,match,10000,0.957,125
identity_r2,match,10000,0.958,125
identity_r2,match,10000,0.959,125
identity_r2,match,10000,0.96,125
identity_r2,match,10000,0.961,125
identity_r2,match,10000,0.962,125
identity_r2,match,10000,0.963,166
identity_r2,match,10000,0.964,166
identity_r2,match,10000,0.965,166
identity_r2,match,10000,0.966,166
identity_r2,match,10000,0.967,166
identity_r2,match,10000,0.968,166
identity_r2,match,10000,0.969,167
identity_r2,match,10000,0.97,167
identity_r2,match,10000,0.971,167
identity_r2,match,10000,0.972,167
identity_r2,match,10000,0.973,167
identity_r2,match,10000,0.974,167
identity_r2,match,10000,0.975,167
identity_r2,match,10000,0.976,167
identity_r2,match,10000,0.977,167
identity_r2,match,10000,0.978,208
identity_r2,match,10000,0.979,208
identity_r2,match,10000,0.98,208
identity_r2,match,10000,0.981,208
identity_r2,match,10000,0.982,208
identity_r2,match,10000,0.983,208
identity_r2,match,10000,0.984,208
identity_r2,match,10000,0.985,209
identity_r2,match,10000,0.986,209
identity_r2,match,10000,0.987,209
identity_r2,match,10000,0.988,250
identity_r2,match,10000,0.989,250
identity_r2,match,10000,0.99,250
identity_r2,match,10000,0.991,250
identity_r2,match,10000,0.992,291
identity_r2,match,10000,0.993,292
identity_r2,match,10000,0.994,292
identity_r2,match,10000,0.995,333
identity_r2,match,10000,0.996,334
identity_r2,match,10000,0.997,375
identity_r2,match,10000,0.998,417
identity_r2,match,10000,0.999,500
identity_r2,add,100000,0,0
identity_r2,add,100000,0.001,0
identity_r2,add,100000,0.002,0
identity_r2,add,100000,0.003,0
identity_r2,add,100000,0.004,0
identity_r2,add,100000,0.005,0
identity_r2,add,100000,0.006,0
identity_r2,add,100000,0.007,0
identity_r2,add,100000,0.008,0
identity_r2,add,100000,0.009,0
identity_r2,add,100000,0.01,0
identity_r2,add,100000,0.011,41
identity_r2,add,100000,0.012,41
identity_r2,add,100000,0.013,41
identity_r2,add,100000,0.014,41
identity_r2,add,100000,0.015,41
identity_r2,add,100000,0.016,41
identity_r2,add,100000,0.017,41
identity_r2,add,100000,0.018,41
identity_r2,add,100000,0.019,41
identity_r2,add,100000,0.02,41
identity_r2,add,100000,0.021,41
identity_r2,add,100000,0.022,41
identity_r2,add,100000,0.023,41
identity_r2,add,100000,0.024,41
identity_r2,add,100000,0.025,41
identity_r2,add,100000,0.026,41
identity_r2,add,100000,0.027,41
identity_r2,add,100000,0.028,41
identity_r2,add,100000,0.029,41
identity_r2,add,100000,0.03,41
identity_r2,add,100000,0.031,41
identity_r2,add,100000,0.032,41
identity_r2,add,100000,0.033,41
identity_r2,add,100000,0.034,41
identity_r2,add,100000,0.035,41
identity_r2,add,100000,0.036,41
identity_r2,add,100000,0.037,41
identity_r2,add,100000,0.038,41
identity_r2,add,100000,0.039,41
identity_r2,add,100000,0.04,41
identity_r2,add,100000,0.041,41
identity_r2,add,100000,0.042,41
identity_r2,add,100000,0.043,41
identity_r2,add,100000,0.044,41
identity_r2,add,100000,0.045,41
identity_r2,add,100000,0.046,41
identity_r2,add,100000,0.047,41
identity_r2,add,100000,0.048,41
identity_r2,add,100000,0.049,41
identity_r2,add,100000,0.05,41
identity_r2,add,100000,0.051,41
identity_r2,add,100000,0.052,41
identity_r2,add,100000,0.053,41
identity_r2,add,100000,0.054,41
identity_r2,add,100000,0.055,41
identity_r2,add,100000,0.056,41
identity_r2,add,100000,0.057,41
identity_r2,add,100000,0.058,41
identity_r2,add,100000,0.059,41
identity_r2,add,100000,0.06,41
identity_r2,add,100000,0.061,41
identity_r2,add,100000,0.062,41
identity_r2,add,100000,0.063,41
identity_r2,add,100000,0.064,41
identity_r2,add,100000,0.065,41
identity_r2,add,100000,0.066,41
identity_r2,add,100000,0.067,41
identity_r2,add,100000,0.068,41
identity_r2,add,100000,0.069,41
identity_r2,add,100000,0.07,41
identity_r2,add,100000,0.071,41
identity_r2,add,100000,0.072,41
identity_r2,add,100000,0.073,41
identity_r2,add,100000,0.074,42
identity_r2,add,100000,0.075,42
identity_r2,add,100000,0.076,42
identity_r2,add,100000,0.077,42
identity_r2,add,100000,0.078,42
identity_r2,add,100000,0.079,42
identity_r2,add,100000,0.08,42
identity_r2,add,100000,0.081,42
identity_r2,add,100000,0.082,42
identity_r2,add,100000,0.083,42
identity_r2,add,100000,0.084,42
identity_r2,add,100000,0.085,42
identity_r2,add,100000,0.086,42
identity_r2,add,100000,0.087,42
identity_r2,add,100000,0.088,42
identity_r2,add,100000,0.089,42
identity_r2,add,100000,0.09,42
identity_r2,add,100000,0.091,42
identity_r2,add,100000,0.092,42
identity_r2,add,100000,0.093,42
identity_r2,add,100000,0.094,42
identity_r2,add,100000,0.095,42
identity_r2,add,100000,0.096,42
identity_r2,add,100000,0.097,42
identity_r2,add,100000,0.098,42
identity_r2,add,100000,0.099,42
identity_r2,add,100000,0.1,42
identity_r2,add,100000,0.101,42
identity_r2,add,100000,0.102,42
identity_r2,add,100000,0.103,42
identity_r2,add,100000,0.104,42
identity_r2,add,100000,0.105,42
identity_r2,add,100000,0.106,42
identity_r2,add,100000,0.107,42
identity_r2,add,100000,0.108,42
identity_r2,add,100000,0.109,42
identity_r2,add,100000,0.11,42
identity_r2,add,100000,0.111,42
identity_r2,add,100000,0.112,42
identity_r2,add,100000,0.113,42
identity_r2,add,100000,0.114,42
identity_r2,add,100000,0.115,42
identity_r2,add,100000,0.116,42
identity_r2,add,100000,0.117,42
identity_r2,add,100000,0.118,42
identity_r2,add,100000,0.119,42
identity_r2,add,100000,0.12,42
identity_r2,add,100000,0.121,42
identity_r2,add,100000,0.122,42
identity_r2,add,100000,0.123,42
identity_r2,add,100000,0.124,42
identity_r2,add,100000,0.125,42
identity_r2,add,100000,0.126,42
identity_r2,add,100000,0.127,42
identity_r2,add,100000,0.128,42
identity_r2,add,100000,0.129,42
identity_r2,add,100000,0.13,42
identity_r2,add,100000,0.131,42
identity_r2,add,100000,0.132,42
identity_r2,add,100000,0.133,42
identity_r2,add,100000,0.134,42
identity_r2,add,100000,0.135,42
identity_r2,add,100000,0.136,42
identity_r2,add,100000,0.137,42
identity_r2,add,100000,0.138,42
identity_r2,add,100000,0.139,42
identity_r2,add,100000,0.14,42
identity_r2,add,100000,0.141,42
identity_r2,add,100000,0.142,42
identity_r2,add,100000,0.143,42
identity_r2,add,100000,0.144,42
identity_r2,add,100000,0.145,42
identity_r2,add,100000,0.146,42
identity_r2,add,100000,0.147,42
identity_r2,add,100000,0.148,42
identity_r2,add,100000,0.149,42
identity_r2,add,100000,0.15,42
identity_r2,add,100000,0.151,42
identity_r2,add,100000,0.152,42
identity_r2,add,100000,0.153,42
identity_r2,add,100000,0.154,42
identity_r2,add,100000,0.155,42
identity_r2,add,100000,0.156,42
identity_r2,add,100000,0.157,42
identity_r2,add,100000,0.158,42
identity_r2,add,100000,0.159,42
identity_r2,add,100000,0.16,42
identity_r2,add,100000,0.161,42
identity_r2,add,100000,0.162,42
identity_r2,add,100000,0.163,42
identity_r2,add,100000,0.164,42
identity_r2,add,100000,0.165,42
identity_r2,add,100000,0.166,42
identity_r2,add,100000,0.167,42
identity_r2,add,100000,0.168,42
identity_r2,add,100000,0.169,42
identity_r2,add,100000,0.17,42
identity_r2,add,100000,0.171,42
identity_r2,add,100000,0.172,42
identity_r2,add,100000,0.173,42
identity_r2,add,100000,0.174,42
identity_r2,add,100000,0.175,42
identity_r2,add,100000,0.176,42
identity_r2,add,100000,0.177,42
identity_r2,add,100000,0.178,42
identity_r2,add,100000,0.179,42
identity_r2,add,100000,0.18,42
identity_r2,add,100000,0.181,42
identity_r2,add,100000,0.182,42
identity_r2,add,100000,0.183,42
identity_r2,add,100000,0.184,42
identity_r2,add,100000,0.185,42
identity_r2,add,100000,0.186,42
identity_r2,add,100000,0.187,42
identity_r2,add,100000,0.188,42
identity_r2,add,100000,0.189,42
identity_r2,add,100000,0.19,42
identity_r2,add,100000,0.191,42
identity_r2,add,100000,0.192,42
identity_r2,add,100000,0.193,42
identity_r2,add,100000,0.194,42
identity_r2,add,100000,0.195,42
identity_r2,add,100000,0.196,42
identity_r2,add,100000,0.197,42
identity_r2,add,100000,0.198,42
identity_r2,add,100000,0.199,42
identity_r2,add,100000,0.2,42
identity_r2,add,100000,0.201,83
identity_r2,add,100000,0.202,83
identity_r2,add,100000,0.203,83
identity_r2,add,100000,0.204,83
identity_r2,add,100000,0.205,83
identity_r2,add,100000,0.206,83
identity_r2,add,100000,0.207,83
identity_r2,add,100000,0.208,83
identity_r2,add,100000,0.209,83
identity_r2,add,100000,0.21,83
identity_r2,add,100000,0.211,83
identity_r2,add,100000,0.212,83
identity_r2,add,100000,0.213,83
identity_r2,add,100000,0.214,83
identity_r2,add,100000,0.215,83
identity_r2,add,100000,0.216,83
identity_r2,add,100000,0.217,83
identity_r2,add,100000,0.218,83
identity_r2,add,100000,0.219,83
identity_r2,add,100000,0.22,83
identity_r2,add,100000,0.221,83
identity_r2,add,100000,0.222,83
identity_r2,add,100000,0.223,83
identity_r2,add,100000,0.224,83
identity_r2,add,100000,0.225,83
identity_r2,add,100000,0.226,83
identity_r2,add,100000,0.227,83
identity_r2,add,100000,0.228,83
identity_r2,add,100000,0.229,83
identity_r2,add,100000,0.23,83
identity_r2,add,100000,0.231,83
identity_r2,add,100000,0.232,83
identity_r2,add,100000,0.233,83
identity_r2,add,100000,0.234,83
identity_r2,add,100000,0.235,83
identity_r2,add,100000,0.236,83
identity_r2,add,100000,0.237,83
identity_r2,add,100000,0.238,83
identity_r2,add,100000,0.239,83
identity_r2,add,100000,0.24,83
identity_r2,add,100000,0.241,83
identity_r2,add,100000,0.242,83
identity_r2,add,100000,0.243,83
identity_r2,add,100000,0.244,83
identity_r2,add,100000,0.245,83
identity_r2,add,100000,0.246,83
identity_r2,add,100000,0.247,83
identity_r2,add,100000,0.248,83
identity_r2,add,100000,0.249,83
identity_r2,add,100000,0.25,83
identity_r2,add,100000,0.251,83
identity_r2,add,100000,0.252,83
identity_r2,add,100000,0.253,83
identity_r2,add,100000,0.254,83
identity_r2,add,100000,0.255,83
identity_r2,add,100000,0.256,83
identity_r2,add,100000,0.257,83
identity_r2,add,100000,0.258,83
identity_r2,add,100000,0.259,83
identity_r2,add,100000,0.26,83
identity_r2,add,100000,0.261,83
identity_r2,add,100000,0.262,83
identity_r2,add,100000,0.263,83
identity_r2,add,100000,0.264,83
identity_r2,add,100000,0.265,83
identity_r2,add,100000,0.266,83
identity_r2,add,100000,0.267,83
identity_r2,add,100000,0.268,83
identity_r2,add,100000,0.269,83
identity_r2,add,100000,0.27,83
identity_r2,add,100000,0.271,83
identity_r2,add,100000,0.272,83
identity_r2,add,100000,0.273,83
identity_r2,add,100000,0.274,83
identity_r2,add,100000,0.275,83
identity_r2,add,100000,0.276,83
identity_r2,add,100000,0.277,83
identity_r2,add,100000,0.278,83
identity_r2,add,100000,0.279,83
identity_r2,add,100000,0.28,83
identity_r2,add,100000,0.281,83
identity_r2,add,100000,0.282,83
identity_r2,add,100000,0.283,83
identity_r2,add,100000,0.284,83
identity_r2,add,100000,0.285,83
identity_r2,add,100000,0.286,83
identity_r2,add,100000,0.287,83
identity_r2,add,100000,0.288,83
identity_r2,add,100000,0.289,83
identity_r2,add,100000,0.29,83
identity_r2,add,100000,0.291,83
identity_r2,add,100000,0.292,83
identity_r2,add,100000,0.293,83
identity_r2,add,100000,0.294,83
identity_r2,add,100000,0.295,83
identity_r2,add,100000,0.296,83
identity_r2,add,100000,0.297,83
identity_r2,add,100000,0.298,83
identity_r2,add,100000,0.299,83
identity_r2,add,100000,0.3,83
identity_r2,add,100000,0.301,83
identity_r2,add,100000,0.302,83
identity_r2,add,100000,0.303,83
identity_r2,add,100000,0.304,83
identity_r2,add,100000,0.305,83
identity_r2,add,100000,0.306,83
identity_r2,add,100000,0.307,83
identity_r2,add,100000,0.308,83
identity_r2,add,100000,0.309,83
identity_r2,add,100000,0.31,83
identity_r2,add,100000,0.311,83
identity_r2,add,100000,0.312,83
identity_r2,add,100000,0.313,83
identity_r2,add,100000,0.314,83
identity_r2,add,100000,0.315,83
identity_r2,add,100000,0.316,83
identity_r2,add,100000,0.317,83
identity_r2,add,100000,0.318,83
identity_r2,add,100000,0.319,83
identity_r2,add,100000,0.32,83
identity_r2,add,100000,0.321,83
identity_r2,add,100000,0.322,83
identity_r2,add,100000,0.323,83
identity_r2,add,100000,0.324,83
identity_r2,add,100000,0.325,83
identity_r2,add,100000,0.326,83
identity_r2,add,100000,0.327,83
identity_r2,add,100000,0.328,83
identity_r2,add,100000,0.329,83
identity_r2,add,100000,0.33,83
identity_r2,add,100000,0.331,83
identity_r2,add,100000,0.332,83
identity_r2,add,100000,0.333,83
identity_r2,add,100000,0.334,83
identity_r2,add,100000,0.335,83
identity_r2,add,100000,0.336,83
identity_r2,add,100000,0.337,83
identity_r2,add,100000,0.338,83
identity_r2,add,100000,0.339,83
identity_r2,add,100000,0.34,83
identity_r2,add,100000,0.341,83
identity_r2,add,100000,0.342,83
identity_r2,add,100000,0.343,83
identity_r2,add,100000,0.344,83
identity_r2,add,100000,0.345,83
identity_r2,add,100000,0.346,83
identity_r2,add,100000,0.347,83
identity_r2,add,100000,0.348,83
identity_r2,add,100000,0.349,83
identity_r2,add,100000,0.35,83
identity_r2,add,100000,0.351,83
identity_r2,add,100000,0.352,83
identity_r2,add,100000,0.353,83
identity_r2,add,100000,0.354,83
identity_r2,add,100000,0.355,83
identity_r2,add,100000,0.356,83
identity_r2,add,100000,0.357,83
identity_r2,add,100000,0.358,83
identity_r2,add,100000,0.359,83
identity_r2,add,100000,0.36,83
identity_r2,add,100000,0.361,83
identity_r2,add,100000,0.362,83
identity_r2,add,100000,0.363,83
identity_r2,add,100000,0.364,83
identity_r2,add,100000,0.365,83
identity_r2,add,100000,0.366,83
identity_r2,add,100000,0.367,83
identity_r2,add,100000,0.368,83
identity_r2,add,100000,0.369,83
identity_r2,add,100000,0.37,83
identity_r2,add,100000,0.371,83
identity_r2,add,100000,0.372,83
identity_r2,add,100000,0.373,83
identity_r2,add,100000,0.374,83
identity_r2,add,100000,0.375,83
identity_r2,add,100000,0.376,83
identity_r2,add,100000,0.377,83
identity_r2,add,100000,0.378,83
identity_r2,add,100000,0.379,83
identity_r2,add,100000,0.38,83
identity_r2,add,100000,0.381,83
identity_r2,add,100000,0.382,83
identity_r2,add,100000,0.383,83
identity_r2,add,100000,0.384,83
identity_r2,add,100000,0.385,83
identity_r2,add,100000,0.386,83
identity_r2,add,100000,0.387,83
identity_r2,add,100000,0.388,83
identity_r2,add,100000,0.389,83
identity_r2,add,100000,0.39,83
identity_r2,add,100000,0.391,83
identity_r2,add,100000,0.392,83
identity_r2,add,100000,0.393,83
identity_r2,add,100000,0.394,83
identity_r2,add,100000,0.395,83
identity_r2,add,100000,0.396,83
identity_r2,add,100000,0.397,83
identity_r2,add,100000,0.398,83
identity_r2,add,100000,0.399,83
identity_r2,add,100000,0.4,83
identity_r2,add,100000,0.401,83
identity_r2,add,100000,0.402,83
identity_r2,add,100000,0.403,83
identity_r2,add,100000,0.404,83
identity_r2,add,100000,0.405,83
identity_r2,add,100000,0.406,83
identity_r2,add,100000,0.407,83
identity_r2,add,100000,0.408,83
identity_r2,add,100000,0.409,83
identity_r2,add,100000,0.41,83
identity_r2,add,100000,0.411,83
identity_r2,add,100000,0.412,83
identity_r2,add,100000,0.413,83
identity_r2,add,100000,0.414,83
identity_r2,add,100000,0.415,83
identity_r2,add,100000,0.416,83
identity_r2,add,100000,0.417,83
identity_r2,add,100000,0.418,83
identity_r2,add,100000,0.419,83
identity_r2,add,100000,0.42,83
identity_r2,add,100000,0.421,83
identity_r2,add,100000,0.422,83
identity_r2,add,100000,0.423,83
identity_r2,add,100000,0.424,83
identity_r2,add,100000,0.425,83
identity_r2,add,100000,0.426,83
identity_r2,add,100000,0.427,83
identity_r2,add,100000,0.428,83
identity_r2,add,100000,0.429,83
identity_r2,add,100000,0.43,83
identity_r2,add,100000,0.431,83
identity_r2,add,100000,0.432,83
identity_r2,add,100000,0.433,83
identity_r2,add,100000,0.434,83
identity_r2,add,100000,0.435,83
identity_r2,add,100000,0.436,83
identity_r2,add,100000,0.437,83
identity_r2,add,100000,0.438,83
identity_r2,add,100000,0.439,83
identity_r2,add,100000,0.44,83
identity_r2,add,100000,0.441,83
identity_r2,add,100000,0.442,83
identity_r2,add,100000,0.443,83
identity_r2,add,100000,0.444,83
identity_r2,add,100000,0.445,83
identity_r2,add,100000,0.446,83
identity_r2,add,100000,0.447,83
identity_r2,add,100000,0.448,83
identity_r2,add,100000,0.449,83
identity_r2,add,100000,0.45,83
identity_r2,add,100000,0.451,83
identity_r2,add,100000,0.452,83
identity_r2,add,100000,0.453,83
identity_r2,add,100000,0.454,83
identity_r2,add,100000,0.455,83
identity_r2,add,100000,0.456,83
identity_r2,add,100000,0.457,83
identity_r2,add,100000,0.458,83
identity_r2,add,100000,0.459,83
identity_r2,add,100000,0.46,83
identity_r2,add,100000,0.461,83
identity_r2,add,100000,0.462,83
identity_r2,add,100000,0.463,83
identity_r2,add,100000,0.464,83
identity_r2,add,100000,0.465,83
identity_r2,add,100000,0.466,83
identity_r2,add,100000,0.467,83
identity_r2,add,100000,0.468,83
identity_r2,add,100000,0.469,83
identity_r2,add,100000,0.47,83
identity_r2,add,100000,0.471,83
identity_r2,add,100000,0.472,83
identity_r2,add,100000,0.473,83
identity_r2,add,100000,0.474,83
identity_r2,add,100000,0.475,83
identity_r2,add,100000,0.476,83
identity_r2,add,100000,0.477,83
identity_r2,add,100000,0.478,83
identity_r2,add,100000,0.479,83
identity_r2,add,100000,0.48,83
identity_r2,add,100000,0.481,83
identity_r2,add,100000,0.482,83
identity_r2,add,100000,0.483,83
identity_r2,add,100000,0.484,83
identity_r2,add,100000,0.485,83
identity_r2,add,100000,0.486,83
identity_r2,add,100000,0.487,83
identity_r2,add,100000,0.488,83
identity_r2,add,100000,0.489,83
identity_r2,add,100000,0.49,83
identity_r2,add,100000,0.491,83
identity_r2,add,100000,0.492,83
identity_r2,add,100000,0.493,83
identity_r2,add,100000,0.494,83
identity_r2,add,100000,0.495,83
identity_r2,add,100000,0.496,83
identity_r2,add,100000,0.497,83
identity_r2,add,100000,0.498,83
identity_r2,add,100000,0.499,83
identity_r2,add,100000,0.5,83
identity_r2,add,100000,0.501,83
identity_r2,add,100000,0.502,83
identity_r2,add,100000,0.503,83
identity_r2,add,100000,0.504,83
identity_r2,add,100000,0.505,83
identity_r2,add,100000,0.506,83
identity_r2,add,100000,0.507,83
identity_r2,add,100000,0.508,83
identity_r2,add,100000,0.509,83
identity_r2,add,100000,0.51,83
identity_r2,add,100000,0.511,83
identity_r2,add,100000,0.512,83
identity_r2,add,100000,0.513,84
identity_r2,add,100000,0.514,84
identity_r2,add,100000,0.515,84
identity_r2,add,100000,0.516,84
identity_r2,add,100000,0.517,84
identity_r2,add,100000,0.518,84
identity_r2,add,100000,0.519,84
identity_r2,add,100000,0.52,84
identity_r2,add,100000,0.521,84
identity_r2,add,100000,0.522,84
identity_r2,add,100000,0.523,84
identity_r2,add,100000,0.524,84
identity_r2,add,100000,0.525,84
identity_r2,add,100000,0.526,84
identity_r2,add,100000,0.527,84
identity_r2,add,100000,0.528,84
identity_r2,add,100000,0.529,84
identity_r2,add,100000,0.53,84
identity_r2,add,100000,0.531,84
identity_r2,add,100000,0.532,84
identity_r2,add,100000,0.533,84
identity_r2,add,100000,0.534,84
identity_r2,add,100000,0.535,84
identity_r2,add,100000,0.536,84
identity_r2,add,100000,0.537,84
identity_r2,add,100000,0.538,84
identity_r2,add,100000,0.539,84
identity_r2,add,100000,0.54,84
identity_r2,add,100000,0.541,84
identity_r2,add,100000,0.542,84
identity_r2,add,100000,0.543,84
identity_r2,add,100000,0.544,84
identity_r2,add,100000,0.545,84
identity_r2,add,100000,0.546,84
identity_r2,add,100000,0.547,84
identity_r2,add,100000,0.548,84
identity_r2,add,100000,0.549,84
identity_r2,add,100000,0.55,84
identity_r2,add,100000,0.551,84
identity_r2,add,100000,0.552,84
identity_r2,add,100000,0.553,84
identity_r2,add,100000,0.554,84
identity_r2,add,100000,0.555,84
identity_r2,add,100000,0.556,84
identity_r2,add,100000,0.557,84
identity_r2,add,100000,0.558,84
identity_r2,add,100000,0.559,84
identity_r2,add,100000,0.56,84
identity_r2,add,100000,0.561,84
identity_r2,add,100000,0.562,84
identity_r2,add,100000,0.563,84
identity_r2,add,100000,0.564,84
identity_r2,add,100000,0.565,84
identity_r2,add,100000,0.566,84
identity_r2,add,100000,0.567,84
identity_r2,add,100000,0.568,84
identity_r2,add,100000,0.569,84
identity_r2,add,100000,0.57,84
identity_r2,add,100000,0.571,84
identity_r2,add,100000,0.572,84
identity_r2,add,100000,0.573,84
identity_r2,add,100000,0.574,84
identity_r2,add,100000,0.575,84
identity_r2,add,100000,0.576,84
identity_r2,add,100000,0.577,84
identity_r2,add,100000,0.578,84
identity_r2,add,100000,0.579,84
identity_r2,add,100000,0.58,84
identity_r2,add,100000,0.581,84
identity_r2,add,100000,0.582,84
identity_r2,add,100000,0.583,84
identity_r2,add,100000,0.584,84
identity_r2,add,100000,0.585,84
identity_r2,add,100000,0.586,84
identity_r2,add,100000,0.587,84
identity_r2,add,100000,0.588,84
identity_r2,add,100000,0.589,84
identity_r2,add,100000,0.59,84
identity_r2,add,100000,0.591,84
identity_r2,add,100000,0.592,84
identity_r2,add,100000,0.593,84
identity_r2,add,100000,0.594,84
identity_r2,add,100000,0.595,84
identity_r2,add,100000,0.596,84
identity_r2,add,100000,0.597,84
identity_r2,add,100000,0.598,84
identity_r2,add,100000,0.599,84
identity_r2,add,100000,0.6,84
identity_r2,add,100000,0.601,84
identity_r2,add,100000,0.602,84
identity_r2,add,100000,0.603,84
identity_r2,add,100000,0.604,84
identity_r2,add,100000,0.605,84
identity_r2,add,100000,0.606,84
identity_r2,add,100000,0.607,84
identity_r2,add,100000,0.608,84
identity_r2,add,100000,0.609,84
identity_r2,add,100000,0.61,84
identity_r2,add,100000,0.611,84
identity_r2,add,100000,0.612,84
identity_r2,add,100000,0.613,84
identity_r2,add,100000,0.614,84
identity_r2,add,100000,0.615,84
identity_r2,add,100000,0.616,84
identity_r2,add,100000,0.617,84
identity_r2,add,100000,0.618,84
identity_r2,add,100000,0.619,84
identity_r2,add,100000,0.62,84
identity_r2,add,100000,0.621,84
identity_r2,add,100000,0.622,84
identity_r2,add,100000,0.623,84
identity_r2,add,100000,0.624,84
identity_r2,add,100000,0.625,84
identity_r2,add,100000,0.626,84
identity_r2,add,100000,0.627,84
identity_r2,add,100000,0.628,84
identity_r2,add,100000,0.629,84
identity_r2,add,100000,0.63,84
identity_r2,add,100000,0.631,84
identity_r2,add,100000,0.632,84
identity_r2,add,100000,0.633,84
identity_r2,add,100000,0.634,84
identity_r2,add,100000,0.635,84
identity_r2,add,100000,0.636,84
identity_r2,add,100000,0.637,84
identity_r2,add,100000,0.638,84
identity_r2,add,100000,0.639,84
identity_r2,add,100000,0.64,84
identity_r2,add,100000,0.641,84
identity_r2,add,100000,0.642,84
identity_r2,add,100000,0.643,84
identity_r2,add,100000,0.644,84
identity_r2,add,100000,0.645,84
identity_r2,add,100000,0.646,84
identity_r2,add,100000,0.647,84
identity_r2,add,100000,0.648,84
identity_r2,add,100000,0.649,84
identity_r2,add,100000,0.65,84
identity_r2,add,100000,0.651,84
identity_r2,add,100000,0.652,84
identity_r2,add,100000,0.653,84
identity_r2,add,100000,0.654,84
identity_r2,add,100000,0.655,84
identity_r2,add,100000,0.656,84
identity_r2,add,100000,0.657,84
identity_r2,add,100000,0.658,84
identity_r2,add,100000,0.659,84
identity_r2,add,100000,0.66,84
identity_r2,add,100000,0.661,84
identity_r2,add,100000,0.662,84
identity_r2,add,100000,0.663,84
identity_r2,add,100000,0.664,84
identity_r2,add,100000,0.665,84
identity_r2,add,100000,0.666,84
identity_r2,add,100000,0.667,84
identity_r2,add,100000,0.668,125
identity_r2,add,100000,0.669,125
identity_r2,add,100000,0.67,125
identity_r2,add,100000,0.671,125
identity_r2,add,100000,0.672,125
identity_r2,add,100000,0.673,125
identity_r2,add,100000,0.674,125
identity_r2,add,100000,0.675,125
identity_r2,add,100000,0.676,125
identity_r2,add,100000,0.677,125
identity_r2,add,100000,0.678,125
identity_r2,add,100000,0.679,125
identity_r2,add,100000,0.68,125
identity_r2,add,100000,0.681,125
identity_r2,add,100000,0.682,125
identity_r2,add,100000,0.683,125
identity_r2,add,100000,0.684,125
identity_r2,add,100000,0.685,125
identity_r2,add,100000,0.686,125
identity_r2,add,100000,0.687,125
identity_r2,add,100000,0.688,125
identity_r2,add,100000,0.689,125
identity_r2,add,100000,0.69,125
identity_r2,add,100000,0.691,125
identity_r2,add,100000,0.692,125
identity_r2,add,100000,0.693,125
identity_r2,add,100000,0.694,125
identity_r2,add,100000,0.695,125
identity_r2,add,100000,0.696,125
identity_r2,add,100000,0.697,125
identity_r2,add,100000,0.698,125
identity_r2,add,100000,0.699,125
identity_r2,add,100000,0.7,125
identity_r2,add,100000,0.701,125
identity_r2,add,100000,0.702,125
identity_r2,add,100000,0.703,125
identity_r2,add,100000,0.704,125
identity_r2,add,100000,0.705,125
identity_r2,add,100000,0.706,125
identity_r2,add,100000,0.707,125
identity_r2,add,100000,0.708,125
identity_r2,add,100000,0.709,125
identity_r2,add,100000,0.71,125
identity_r2,add,100000,0.711,125
identity_r2,add,100000,0.712,125
identity_r2,add,100000,0.713,125
identity_r2,add,100000,0.714,125
identity_r2,add,100000,0.715,125
identity_r2,add,100000,0.716,125
identity_r2,add,100000,0.717,125
identity_r2,add,100000,0.718,125
identity_r2,add,100000,0.719,125
identity_r2,add,100000,0.72,125
identity_r2,add,100000,0.721,125
identity_r2,add,100000,0.722,125
identity_r2,add,100000,0.723,125
identity_r2,add,100000,0.724,125
identity_r2,add,100000,0.725,125
identity_r2,add,100000,0.726,125
identity_r2,add,100000,0.727,125
identity_r2,add,100000,0.728,125
identity_r2,add,100000,0.729,125
identity_r2,add,100000,0.73,125
identity_r2,add,100000,0.731,125
identity_r2,add,100000,0.732,125
identity_r2,add,100000,0.733,125
identity_r2,add,100000,0.734,125
identity_r2,add,100000,0.735,125
identity_r2,add,100000,0.736,125
identity_r2,add,100000,0.737,125
identity_r2,add,100000,0.738,125
identity_r2,add,100000,0.739,125
identity_r2,add,100000,0.74,125
identity_r2,add,100000,0.741,125
identity_r2,add,100000,0.742,125
identity_r2,add,100000,0.743,125
identity_r2,add,100000,0.744,125
identity_r2,add,100000,0.745,125
identity_r2,add,100000,0.746,125
identity_r2,add,100000,0.747,125
identity_r2,add,100000,0.748,125
identity_r2,add,100000,0.749,125
identity_r2,add,100000,0.75,125
identity_r2,add,100000,0.751,125
identity_r2,add,100000,0.752,125
identity_r2,add,100000,0.753,125
identity_r2,add,100000,0.754,125
identity_r2,add,100000,0.755,125
identity_r2,add,100000,0.756,125
identity_r2,add,100000,0.757,125
identity_r2,add,100000,0.758,125
identity_r2,add,100000,0.759,125
identity_r2,add,100000,0.76,125
identity_r2,add,100000,0.761,125
identity_r2,add,100000,0.762,125
identity_r2,add,100000,0.763,125
identity_r2,add,100000,0.764,125
identity_r2,add,100000,0.765,125
identity_r2,add,100000,0.766,125
identity_r2,add,100000,0.767,125
identity_r2,add,100000,0.768,125
identity_r2,add,100000,0.769,125
identity_r2,add,100000,0.77,125
identity_r2,add,100000,0.771,125
identity_r2,add,100000,0.772,125
identity_r2,add,100000,0.773,125
identity_r2,add,100000,0.774,125
identity_r2,add,100000,0.775,125
identity_r2,add,100000,0.776,125
identity_r2,add,100000,0.777,125
identity_r2,add,100000,0.778,125
identity_r2,add,100000,0.779,125
identity_r2,add,100000,0.78,125
identity_r2,add,100000,0.781,125
identity_r2,add,100000,0.782,125
identity_r2,add,100000,0.783,125
identity_r2,add,100000,0.784,125
identity_r2,add,100000,0.785,125
identity_r2,add,100000,0.786,125
identity_r2,add,100000,0.787,125
identity_r2,add,100000,0.788,125
identity_r2,add,100000,0.789,125
identity_r2,add,100000,0.79,125
identity_r2,add,100000,0.791,125
identity_r2,add,100000,0.792,125
identity_r2,add,100000,0.793,125
identity_r2,add,100000,0.794,125
identity_r2,add,100000,0.795,125
identity_r2,add,100000,0.796,125
identity_r2,add,100000,0.797,125
identity_r2,add,100000,0.798,125
identity_r2,add,100000,0.799,125
identity_r2,add,100000,0.8,125
identity_r2,add,100000,0.801,125
identity_r2,add,100000,0.802,125
identity_r2,add,100000,0.803,125
identity_r2,add,100000,0.804,125
identity_r2,add,100000,0.805,125
identity_r2,add,100000,0.806,125
identity_r2,add,100000,0.807,125
identity_r2,add,100000,0.808,125
identity_r2,add,100000,0.809,125
identity_r2,add,100000,0.81,125
identity_r2,add,100000,0.811,125
identity_r2,add,100000,0.812,125
identity_r2,add,100000,0.813,125
identity_r2,add,100000,0.814,125
identity_r2,add,100000,0.815,125
identity_r2,add,100000,0.816,125
identity_r2,add,100000,0.817,125
identity_r2,add,100000,0.818,125
identity_r2,add,100000,0.819,125
identity_r2,add,100000,0.82,125
identity_r2,add,100000,0.821,125
identity_r2,add,100000,0.822,125
identity_r2,add,100000,0.823,125
identity_r2,add,100000,0.824,125
identity_r2,add,100000,0.825,125
identity_r2,add,100000,0.826,125
identity_r2,add,100000,0.827,125
identity_r2,add,100000,0.828,125
identity_r2,add,100000,0.829,125
identity_r2,add,100000,0.83,125
identity_r2,add,100000,0.831,125
identity_r2,add,100000,0.832,125
identity_r2,add,100000,0.833,125
identity_r2,add,100000,0.834,125
identity_r2,add,100000,0.835,125
identity_r2,add,100000,0.836,125
identity_r2,add,100000,0.837,125
identity_r2,add,100000,0.838,125
identity_r2,add,100000,0.839,125
identity_r2,add,100000,0.84,125
identity_r2,add,100000,0.841,125
identity_r2,add,100000,0.842,125
identity_r2,add,100000,0.843,125
identity_r2,add,100000,0.844,125
identity_r2,add,100000,0.845,125
identity_r2,add,100000,0.846,125
identity_r2,add,100000,0.847,125
identity_r2,add,100000,0.848,125
identity_r2,add,100000,0.849,125
identity_r2,add,100000,0.85,125
identity_r2,add,100000,0.851,125
identity_r2,add,100000,0.852,125
identity_r2,add,100000,0.853,125
identity_r2,add,100000,0.854,125
identity_r2,add,100000,0.855,125
identity_r2,add,100000,0.856,125
identity_r2,add,100000,0.857,125
identity_r2,add,100000,0.858,125
identity_r2,add,100000,0.859,125
identity_r2,add,100000,0.86,125
identity_r2,add,100000,0.861,125
identity_r2,add,100000,0.862,125
identity_r2,add,100000,0.863,125
identity_r2,add,100000,0.864,125
identity_r2,add,100000,0.865,125
identity_r2,add,100000,0.866,125
identity_r2,add,100000,0.867,125
identity_r2,add,100000,0.868,125
identity_r2,add,100000,0.869,125
identity_r2,add,100000,0.87,125
identity_r2,add,100000,0.871,125
identity_r2,add,100000,0.872,125
identity_r2,add,100000,0.873,125
identity_r2,add,100000,0.874,125
identity_r2,add,100000,0.875,125
identity_r2,add,100000,0.876,125
identity_r2,add,100000,0.877,125
identity_r2,add,100000,0.878,125
identity_r2,add,100000,0.879,125
identity_r2,add,100000,0.88,125
identity_r2,add,100000,0.881,125
identity_r2,add,100000,0.882,125
identity_r2,add,100000,0.883,125
identity_r2,add,100000,0.884,125
identity_r2,add,100000,0.885,125
identity_r2,add,100000,0.886,125
identity_r2,add,100000,0.887,125
identity_r2,add,100000,0.888,125
identity_r2,add,100000,0.889,125
identity_r2,add,100000,0.89,125
identity_r2,add,100000,0.891,125
identity_r2,add,100000,0.892,125
identity_r2,add,100000,0.893,125
identity_r2,add,100000,0.894,125
identity_r2,add,100000,0.895,125
identity_r2,add,100000,0.896,125
identity_r2,add,100000,0.897,125
identity_r2,add,100000,0.898,125
identity_r2,add,100000,0.899,125
identity_r2,add,100000,0.9,125
identity_r2,add,100000,0.901,125
identity_r2,add,100000,0.902,125
identity_r2,add,100000,0.903,166
identity_r2,add,100000,0.904,166
identity_r2,add,100000,0.905,166
identity_r2,add,100000,0.906,166
identity_r2,add,100000,0.907,166
identity_r2,add,100000,0.908,166
identity_r2,add,100000,0.909,166
identity_r2,add,100000,0.91,166
identity_r2,add,100000,0.911,166
identity_r2,add,100000,0.912,166
identity_r2,add,100000,0.913,166
identity_r2,add,100000,0.914,166
identity_r2,add,100000,0.915,166
identity_r2,add,100000,0.916,166
identity_r2,add,100000,0.917,166
identity_r2,add,100000,0.918,166
identity_r2,add,100000,0.919,166
identity_r2,add,100000,0.92,166
identity_r2,add,100000,0.921,166
identity_r2,add,100000,0.922,166
identity_r2,add,100000,0.923,166
identity_r2,add,100000,0.924,166
identity_r2,add,100000,0.925,166
identity_r2,add,100000,0.926,166
identity_r2,add,100000,0.927,166
identity_r2,add,100000,0.928,167
identity_r2,add,100000,0.929,167
identity_r2,add,100000,0.93,167
identity_r2,add,100000,0.931,167
identity_r2,add,100000,0.932,167
identity_r2,add,100000,0.933,167
identity_r2,add,100000,0.934,167
identity_r2,add,100000,0.935,167
identity_r2,add,100000,0.936,167
identity_r2,add,100000,0.937,167
identity_r2,add,100000,0.938,167
identity_r2,add,100000,0.939,167
identity_r2,add,100000,0.94,167
identity_r2,add,100000,0.941,167
identity_r2,add,100000,0.942,167
identity_r2,add,100000,0.943,167
identity_r2,add,100000,0.944,167
identity_r2,add,100000,0.945,167
identity_r2,add,100000,0.946,167
identity_r2,add,100000,0.947,167
identity_r2,add,100000,0.948,167
identity_r2,add,100000,0.949,167
identity_r2,add,100000,0.95,167
identity_r2,add,100000,0.951,167
identity_r2,add,100000,0.952,167
identity_r2,add,100000,0.953,167
identity_r2,add,100000,0.954,167
identity_r2,add,100000,0.955,167
identity_r2,add,100000,0.956,167
identity_r2,add,100000,0.957,167
identity_r2,add,100000,0.958,167
identity_r2,add,100000,0.959,167
identity_r2,add,100000,0.96,167
identity_r2,add,100000,0.961,167
identity_r2,add,100000,0.962,167
identity_r2,add,100000,0.963,167
identity_r2,add,100000,0.964,167
identity_r2,add,100000,0.965,167
identity_r2,add,100000,0.966,167
identity_r2,add,100000,0.967,167
identity_r2,add,100000,0.968,167
identity_r2,add,100000,0.969,167
identity_r2,add,100000,0.97,167
identity_r2,add,100000,0.971,167
identity_r2,add,100000,0.972,167
identity_r2,add,100000,0.973,167
identity_r2,add,100000,0.974,167
identity_r2,add,100000,0.975,167
identity_r2,add,100000,0.976,167
identity_r2,add,100000,0.977,167
identity_r2,add,100000,0.978,208
identity_r2,add,100000,0.979,208
identity_r2,add,100000,0.98,208
identity_r2,add,100000,0.981,208
identity_r2,add,100000,0.982,208
identity_r2,add,100000,0.983,208
identity_r2,add,100000,0.984,209
identity_r2,add,100000,0.985,209
identity_r2,add,100000,0.986,209
identity_r2,add,100000,0.987,250
identity_r2,add,100000,0.988,250
identity_r2,add,100000,0.989,250
identity_r2,add,100000,0.99,250
identity_r2,add,100000,0.991,250
identity_r2,add,100000,0.992,291
identity_r2,add,100000,0.993,292
identity_r2,add,100000,0.994,333
identity_r2,add,100000,0.995,375
identity_r2,add,100000,0.996,417
identity_r2,add,100000,0.997,500
identity_r2,add,100000,0.998,834
identity_r2,add,100000,0.999,2375
identity_r2,cancel,100000,0,0
identity_r2,cancel,100000,0.001,41
identity_r2,cancel,100000,0.002,42
identity_r2,cancel,100000,0.003,83
identity_r2,cancel,100000,0.004,83
identity_r2,cancel,100000,0.005,83
identity_r2,cancel,100000,0.006,83
identity_r2,cancel,100000,0.007,83
identity_r2,cancel,100000,0.008,83
identity_r2,cancel,100000,0.009,83
identity_r2,cancel,100000,0.01,83
identity_r2,cancel,100000,0.011,84
identity_r2,cancel,100000,0.012,84
identity_r2,cancel,100000,0.013,84
identity_r2,cancel,100000,0.014,125
identity_r2,cancel,100000,0.015,125
identity_r2,cancel,100000,0.016,125
identity_r2,cancel,100000,0.017,125
identity_r2,cancel,100000,0.018,125
identity_r2,cancel,100000,0.019,125
identity_r2,cancel,100000,0.02,125
identity_r2,cancel,100000,0.021,125
identity_r2,cancel,100000,0.022,125
identity_r2,cancel,100000,0.023,125
identity_r2,cancel,100000,0.024,125
identity_r2,cancel,100000,0.025,125
identity_r2,cancel,100000,0.026,125
identity_r2,cancel,100000,0.027,125
identity_r2,cancel,100000,0.028,125
identity_r2,cancel,100000,0.029,125
identity_r2,cancel,100000,0.03,125
identity_r2,cancel,100000,0.031,125
identity_r2,cancel,100000,0.032,125
identity_r2,cancel,100000,0.033,125
identity_r2,cancel,100000,0.034,125
identity_r2,cancel,100000,0.035,125
identity_r2,cancel,100000,0.036,125
identity_r2,cancel,100000,0.037,125
identity_r2,cancel,100000,0.038,125
identity_r2,cancel,100000,0.039,125
identity_r2,cancel,100000,0.04,125
identity_r2,cancel,100000,0.041,125
identity_r2,cancel,100000,0.042,125
identity_r2,cancel,100000,0.043,125
identity_r2,cancel,100000,0.044,125
identity_r2,cancel,100000,0.045,125
identity_r2,cancel,100000,0.046,125
identity_r2,cancel,100000,0.047,125
identity_r2,cancel,100000,0.048,125
identity_r2,cancel,100000,0.049,125
identity_r2,cancel,100000,0.05,125
identity_r2,cancel,100000,0.051,125
identity_r2,cancel,100000,0.052,125
identity_r2,cancel,100000,0.053,166
identity_r2,cancel,100000,0.054,166
identity_r2,cancel,100000,0.055,166
identity_r2,cancel,100000,0.056,166
identity_r2,cancel,100000,0.057,166
identity_r2,cancel,100000,0.058,166
identity_r2,cancel,100000,0.059,166
identity_r2,cancel,100000,0.06,166
identity_r2,cancel,100000,0.061,166
identity_r2,cancel,100000,0.062,167
identity_r2,cancel,100000,0.063,167
identity_r2,cancel,100000,0.064,167
identity_r2,cancel,100000,0.065,167
identity_r2,cancel,100000,0.066,167
identity_r2,cancel,100000,0.067,167
identity_r2,cancel,100000,0.068,167
identity_r2,cancel,100000,0.069,167
identity_r2,cancel,100000,0.07,167
identity_r2,cancel,100000,0.071,167
identity_r2,cancel,100000,0.072,167
identity_r2,cancel,100000,0.073,167
identity_r2,cancel,100000,0.074,167
identity_r2,cancel,100000,0.075,167
identity_r2,cancel,100000,0.076,167
identity_r2,cancel,100000,0.077,167
identity_r2,cancel,100000,0.078,208
identity_r2,cancel,100000,0.079,208
identity_r2,cancel,100000,0.08,208
identity_r2,cancel,100000,0.081,208
identity_r2,cancel,100000,0.082,208
identity_r2,cancel,100000,0.083,208
identity_r2,cancel,100000,0.084,208
identity_r2,cancel,100000,0.085,208
identity_r2,cancel,100000,0.086,208
identity_r2,cancel,100000,0.087,208
identity_r2,cancel,100000,0.088,208
identity_r2,cancel,100000,0.089,208
identity_r2,cancel,100000,0.09,208
identity_r2,cancel,100000,0.091,208
identity_r2,cancel,100000,0.092,208
identity_r2,cancel,100000,0.093,208
identity_r2,cancel,100000,0.094,208
identity_r2,cancel,100000,0.095,208
identity_r2,cancel,100000,0.096,208
identity_r2,cancel,100000,0.097,208
identity_r2,cancel,100000,0.098,208
identity_r2,cancel,100000,0.099,208
identity_r2,cancel,100000,0.1,208
identity_r2,cancel,100000,0.101,208
identity_r2,cancel,100000,0.102,208
identity_r2,cancel,100000,0.103,208
identity_r2,cancel,100000,0.104,208
identity_r2,cancel,100000,0.105,208
identity_r2,cancel,100000,0.106,208
identity_r2,cancel,100000,0.107,208
identity_r2,cancel,100000,0.108,208
identity_r2,cancel,100000,0.109,208
identity_r2,cancel,100000,0.11,208
identity_r2,cancel,100000,0.111,208
identity_r2,cancel,100000,0.112,208
identity_r2,cancel,100000,0.113,208
identity_r2,cancel,100000,0.114,208
identity_r2,cancel,100000,0.115,208
identity_r2,cancel,100000,0.116,208
identity_r2,cancel,100000,0.117,208
identity_r2,cancel,100000,0.118,208
identity_r2,cancel,100000,0.119,208
identity_r2,cancel,100000,0.12,208
identity_r2,cancel,100000,0.121,208
identity_r2,cancel,100000,0.122,209
identity_r2,cancel,100000,0.123,209
identity_r2,cancel,100000,0.124,209
identity_r2,cancel,100000,0.125,209
identity_r2,cancel,100000,0.126,209
identity_r2,cancel,100000,0.127,209
identity_r2,cancel,100000,0.128,209
identity_r2,cancel,100000,0.129,209
identity_r2,cancel,100000,0.13,209
identity_r2,cancel,100000,0.131,209
identity_r2,cancel,100000,0.132,209
identity_r2,cancel,100000,0.133,209
identity_r2,cancel,100000,0.134,209
identity_r2,cancel,100000,0.135,209
identity_r2,cancel,100000,0.136,209
identity_r2,cancel,100000,0.137,209
identity_r2,cancel,100000,0.138,209
identity_r2,cancel,100000,0.139,209
identity_r2,cancel,100000,0.14,209
identity_r2,cancel,100000,0.141,209
identity_r2,cancel,100000,0.142,209
identity_r2,cancel,100000,0.143,250
identity_r2,cancel,100000,0.144,250
identity_r2,cancel,100000,0.145,250
identity_r2,cancel,100000,0.146,250
identity_r2,cancel,100000,0.147,250
identity_r2,cancel,100000,0.148,250
identity_r2,cancel,100000,0.149,250
identity_r2,cancel,100000,0.15,250
identity_r2,cancel,100000,0.151,250
identity_r2,cancel,100000,0.152,250
identity_r2,cancel,100000,0.153,250
identity_r2,cancel,100000,0.154,250
identity_r2,cancel,100000,0.155,250
identity_r2,cancel,100000,0.156,250
identity_r2,cancel,100000,0.157,250
identity_r2,cancel,100000,0.158,250
identity_r2,cancel,100000,0.159,250
identity_r2,cancel,100000,0.16,250
identity_r2,cancel,100000,0.161,250
identity_r2,cancel,100000,0.162,250
identity_r2,cancel,100000,0.163,250
identity_r2,cancel,100000,0.164,250
identity_r2,cancel,100000,0.165,250
identity_r2,cancel,100000,0.166,250
identity_r2,cancel,100000,0.167,250
identity_r2,cancel,100000,0.168,250
identity_r2,cancel,100000,0.169,250
identity_r2,cancel,100000,0.17,250
identity_r2,cancel,100000,0.171,250
identity_r2,cancel,100000,0.172,250
identity_r2,cancel,100000,0.173,250
identity_r2,cancel,100000,0.174,250
identity_r2,cancel,100000,0.175,250
identity_r2,cancel,100000,0.176,250
identity_r2,cancel,100000,0.177,250
identity_r2,cancel,100000,0.178,250
identity_r2,cancel,100000,0.179,250
identity_r2,cancel,100000,0.18,250
identity_r2,cancel,100000,0.181,250
identity_r2,cancel,100000,0.182,250
identity_r2,cancel,100000,0.183,250
identity_r2,cancel,100000,0.184,250
identity_r2,cancel,100000,0.185,250
identity_r2,cancel,100000,0.186,250
identity_r2,cancel,100000,0.187,250
identity_r2,cancel,100000,0.188,250
identity_r2,cancel,100000,0.189,250
identity_r2,cancel,100000,0.19,250
identity_r2,cancel,100000,0.191,250
identity_r2,cancel,100000,0.192,250
identity_r2,cancel,100000,0.193,250
identity_r2,cancel,100000,0.194,250
identity_r2,cancel,100000,0.195,250
identity_r2,cancel,100000,0.196,250
identity_r2,cancel,100000,0.197,250
identity_r2,cancel,100000,0.198,250
identity_r2,cancel,100000,0.199,250
identity_r2,cancel,100000,0.2,250
identity_r2,cancel,100000,0.201,250
identity_r2,cancel,100000,0.202,250
identity_r2,cancel,100000,0.203,250
identity_r2,cancel,100000,0.204,250
identity_r2,cancel,100000,0.205,250
identity_r2,cancel,100000,0.206,250
identity_r2,cancel,100000,0.207,250
identity_r2,cancel,100000,0.208,250
identity_r2,cancel,100000,0.209,250
identity_r2,cancel,100000,0.21,250
identity_r2,cancel,100000,0.211,250
identity_r2,cancel,100000,0.212,250
identity_r2,cancel,100000,0.213,250
identity_r2,cancel,100000,0.214,250
identity_r2,cancel,100000,0.215,250
identity_r2,cancel,100000,0.216,250
identity_r2,cancel,100000,0.217,250
identity_r2,cancel,100000,0.218,250
identity_r2,cancel,100000,0.219,250
identity_r2,cancel,100000,0.22,250
identity_r2,cancel,100000,0.221,250
identity_r2,cancel,100000,0.222,250
identity_r2,cancel,100000,0.223,250
identity_r2,cancel,100000,0.224,250
identity_r2,cancel,100000,0.225,250
identity_r2,cancel,100000,0.226,250
identity_r2,cancel,100000,0.227,291
identity_r2,cancel,100000,0.228,291
identity_r2,cancel,100000,0.229,291
identity_r2,cancel,100000,0.23,291
identity_r2,cancel,100000,0.231,291
identity_r2,cancel,100000,0.232,291
identity_r2,cancel,100000,0.233,291
identity_r2,cancel,100000,0.234,291
identity_r2,cancel,100000,0.235,291
identity_r2,cancel,100000,0.236,291
identity_r2,cancel,100000,0.237,291
identity_r2,cancel,100000,0.238,291
identity_r2,cancel,100000,0.239,291
identity_r2,cancel,100000,0.24,291
identity_r2,cancel,100000,0.241,291
identity_r2,cancel,100000,0.242,291
identity_r2,cancel,100000,0.243,291
identity_r2,cancel,100000,0.244,291
identity_r2,cancel,100000,0.245,291
identity_r2,cancel,100000,0.246,291
identity_r2,cancel,100000,0.247,291
identity_r2,cancel,100000,0.248,291
identity_r2,cancel,100000,0.249,291
identity_r2,cancel,100000,0.25,291
identity_r2,cancel,100000,0.251,291
identity_r2,cancel,100000,0.252,292
identity_r2,cancel,100000,0.253,292
identity_r2,cancel,100000,0.254,292
identity_r2,cancel,100000,0.255,292
identity_r2,cancel,100000,0.256,292
identity_r2,cancel,100000,0.257,292
identity_r2,cancel,100000,0.258,292
identity_r2,cancel,100000,0.259,292
identity_r2,cancel,100000,0.26,292
identity_r2,cancel,100000,0.261,292
identity_r2,cancel,100000,0.262,292
identity_r2,cancel,100000,0.263,292
identity_r2,cancel,100000,0.264,292
identity_r2,cancel,100000,0.265,292
identity_r2,cancel,100000,0.266,292
identity_r2,cancel,100000,0.267,292
identity_r2,cancel,100000,0.268,292
identity_r2,cancel,100000,0.269,292
identity_r2,cancel,100000,0.27,292
identity_r2,cancel,100000,0.271,292
identity_r2,cancel,100000,0.272,292
identity_r2,cancel,100000,0.273,292
identity_r2,cancel,100000,0.274,292
identity_r2,cancel,100000,0.275,292
identity_r2,cancel,100000,0.276,292
identity_r2,cancel,100000,0.277,292
identity_r2,cancel,100000,0.278,292
identity_r2,cancel,100000,0.279,292
identity_r2,cancel,100000,0.28,292
identity_r2,cancel,100000,0.281,292
identity_r2,cancel,100000,0.282,292
identity_r2,cancel,100000,0.283,292
identity_r2,cancel,100000,0.284,292
identity_r2,cancel,100000,0.285,292
identity_r2,cancel,100000,0.286,292
identity_r2,cancel,100000,0.287,292
identity_r2,cancel,100000,0.288,292
identity_r2,cancel,100000,0.289,292
identity_r2,cancel,100000,0.29,292
identity_r2,cancel,100000,0.291,292
identity_r2,cancel,100000,0.292,292
identity_r2,cancel,100000,0.293,292
identity_r2,cancel,100000,0.294,292
identity_r2,cancel,100000,0.295,292
identity_r2,cancel,100000,0.296,292
identity_r2,cancel,100000,0.297,292
identity_r2,cancel,100000,0.298,292
identity_r2,cancel,100000,0.299,292
identity_r2,cancel,100000,0.3,292
identity_r2,cancel,100000,0.301,292
identity_r2,cancel,100000,0.302,292
identity_r2,cancel,100000,0.303,292
identity_r2,cancel,100000,0.304,333
identity_r2,cancel,100000,0.305,333
identity_r2,cancel,100000,0.306,333
identity_r2,cancel,100000,0.307,333
identity_r2,cancel,100000,0.308,333
identity_r2,cancel,100000,0.309,333
identity_r2,cancel,100000,0.31,333
identity_r2,cancel,100000,0.311,333
identity_r2,cancel,100000,0.312,333
identity_r2,cancel,100000,0.313,333
identity_r2,cancel,100000,0.314,333
identity_r2,cancel,100000,0.315,333
identity_r2,cancel,100000,0.316,333
identity_r2,cancel,100000,0.317,333
identity_r2,cancel,100000,0.318,333
identity_r2,cancel,100000,0.319,333
identity_r2,cancel,100000,0.32,333
identity_r2,cancel,100000,0.321,333
identity_r2,cancel,100000,0.322,333
identity_r2,cancel,100000,0.323,333
identity_r2,cancel,100000,0.324,333
identity_r2,cancel,100000,0.325,333
identity_r2,cancel,100000,0.326,333
identity_r2,cancel,100000,0.327,333
identity_r2,cancel,100000,0.328,333
identity_r2,cancel,100000,0.329,333
identity_r2,cancel,100000,0.33,333
identity_r2,cancel,100000,0.331,333
identity_r2,cancel,100000,0.332,333
identity_r2,cancel,100000,0.333,333
identity_r2,cancel,100000,0.334,333
identity_r2,cancel,100000,0.335,333
identity_r2,cancel,100000,0.336,333
identity_r2,cancel,100000,0.337,333
identity_r2,cancel,100000,0.338,333
identity_r2,cancel,100000,0.339,333
identity_r2,cancel,100000,0.34,333
identity_r2,cancel,100000,0.341,333
identity_r2,cancel,100000,0.342,333
identity_r2,cancel,100000,0.343,333
identity_r2,cancel,100000,0.344,333
identity_r2,cancel,100000,0.345,333
identity_r2,cancel,100000,0.346,333
identity_r2,cancel,100000,0.347,333
identity_r2,cancel,100000,0.348,333
identity_r2,cancel,100000,0.349,333
identity_r2,cancel,100000,0.35,333
identity_r2,cancel,100000,0.351,333
identity_r2,cancel,100000,0.352,333
identity_r2,cancel,100000,0.353,333
identity_r2,cancel,100000,0.354,333
identity_r2,cancel,100000,0.355,333
identity_r2,cancel,100000,0.356,333
identity_r2,cancel,100000,0.357,333
identity_r2,cancel,100000,0.358,333
identity_r2,cancel,100000,0.359,333
identity_r2,cancel,100000,0.36,333
identity_r2,cancel,100000,0.361,333
identity_r2,cancel,100000,0.362,333
identity_r2,cancel,100000,0.363,333
identity_r2,cancel,100000,0.364,333
identity_r2,cancel,100000,0.365,333
identity_r2,cancel,100000,0.366,333
identity_r2,cancel,100000,0.367,333
identity_r2,cancel,100000,0.368,333
identity_r2,cancel,100000,0.369,333
identity_r2,cancel,100000,0.37,333
identity_r2,cancel,100000,0.371,333
identity_r2,cancel,100000,0.372,333
identity_r2,cancel,100000,0.373,333
identity_r2,cancel,100000,0.374,333
identity_r2,cancel,100000,0.375,333
identity_r2,cancel,100000,0.376,333
identity_r2,cancel,100000,0.377,333
identity_r2,cancel,100000,0.378,333
identity_r2,cancel,100000,0.379,333
identity_r2,cancel,100000,0.38,333
identity_r2,cancel,100000,0.381,333
identity_r2,cancel,100000,0.382,333
identity_r2,cancel,100000,0.383,333
identity_r2,cancel,100000,0.384,333
identity_r2,cancel,100000,0.385,333
identity_r2,cancel,100000,0.386,333
identity_r2,cancel,100000,0.387,333
identity_r2,cancel,100000,0.388,333
identity_r2,cancel,100000,0.389,333
identity_r2,cancel,100000,0.39,333
identity_r2,cancel,100000,0.391,334
identity_r2,cancel,100000,0.392,334
identity_r2,cancel,100000,0.393,334
identity_r2,cancel,100000,0.394,334
identity_r2,cancel,100000,0.395,334
identity_r2,cancel,100000,0.396,334
identity_r2,cancel,100000,0.397,334
identity_r2,cancel,100000,0.398,334
identity_r2,cancel,100000,0.399,334
identity_r2,cancel,100000,0.4,334
identity_r2,cancel,100000,0.401,334
identity_r2,cancel,100000,0.402,334
identity_r2,cancel,100000,0.403,334
identity_r2,cancel,100000,0.404,334
identity_r2,cancel,100000,0.405,334
identity_r2,cancel,100000,0.406,334
identity_r2,cancel,100000,0.407,334
identity_r2,cancel,100000,0.408,334
identity_r2,cancel,100000,0.409,334
identity_r2,cancel,100000,0.41,334
identity_r2,cancel,100000,0.411,334
identity_r2,cancel,100000,0.412,334
identity_r2,cancel,100000,0.413,334
identity_r2,cancel,100000,0.414,334
identity_r2,cancel,100000,0.415,334
identity_r2,cancel,100000,0.416,334
identity_r2,cancel,100000,0.417,334
identity_r2,cancel,100000,0.418,334
identity_r2,cancel,100000,0.419,334
identity_r2,cancel,100000,0.42,334
identity_r2,cancel,100000,0.421,334
identity_r2,cancel,100000,0.422,334
identity_r2,cancel,100000,0.423,334
identity_r2,cancel,100000,0.424,334
identity_r2,cancel,100000,0.425,334
identity_r2,cancel,100000,0.426,334
identity_r2,cancel,100000,0.427,334
identity_r2,cancel,100000,0.428,334
identity_r2,cancel,100000,0.429,334
identity_r2,cancel,100000,0.43,334
identity_r2,cancel,100000,0.431,334
identity_r2,cancel,100000,0.432,334
identity_r2,cancel,100000,0.433,375
identity_r2,cancel,100000,0.434,375
identity_r2,cancel,100000,0.435,375
identity_r2,cancel,100000,0.436,375
identity_r2,cancel,100000,0.437,375
identity_r2,cancel,100000,0.438,375
identity_r2,cancel,100000,0.439,375
identity_r2,cancel,100000,0.44,375
identity_r2,cancel,100000,0.441,375
identity_r2,cancel,100000,0.442,375
identity_r2,cancel,100000,0.443,375
identity_r2,cancel,100000,0.444,375
identity_r2,cancel,100000,0.445,375
identity_r2,cancel,100000,0.446,375
identity_r2,cancel,100000,0.447,375
identity_r2,cancel,100000,0.448,375
identity_r2,cancel,100000,0.449,375
identity_r2,cancel,100000,0.45,375
identity_r2,cancel,100000,0.451,375
identity_r2,cancel,100000,0.452,375
identity_r2,cancel,100000,0.453,375
identity_r2,cancel,100000,0.454,375
identity_r2,cancel,100000,0.455,375
identity_r2,cancel,100000,0.456,375
identity_r2,cancel,100000,0.457,375
identity_r2,cancel,100000,0.458,375
identity_r2,cancel,100000,0.459,375
identity_r2,cancel,100000,0.46,375
identity_r2,cancel,100000,0.461,375
identity_r2,cancel,100000,0.462,375
identity_r2,cancel,100000,0.463,375
identity_r2,cancel,100000,0.464,375
identity_r2,cancel,100000,0.465,375
identity_r2,cancel,100000,0.466,375
identity_r2,cancel,100000,0.467,375
identity_r2,cancel,100000,0.468,375
identity_r2,cancel,100000,0.469,375
identity_r2,cancel,100000,0.47,375
identity_r2,cancel,100000,0.471,375
identity_r2,cancel,100000,0.472,375
identity_r2,cancel,100000,0.473,375
identity_r2,cancel,100000,0.474,375
identity_r2,cancel,100000,0.475,375
identity_r2,cancel,100000,0.476,375
identity_r2,cancel,100000,0.477,375
identity_r2,cancel,100000,0.478,375
identity_r2,cancel,100000,0.479,375
identity_r2,cancel,100000,0.48,375
identity_r2,cancel,100000,0.481,375
identity_r2,cancel,100000,0.482,375
identity_r2,cancel,100000,0.483,375
identity_r2,cancel,100000,0.484,375
identity_r2,cancel,100000,0.485,375
identity_r2,cancel,100000,0.486,375
identity_r2,cancel,100000,0.487,375
identity_r2,cancel,100000,0.488,375
identity_r2,cancel,100000,0.489,375
identity_r2,cancel,100000,0.49,375
identity_r2,cancel,100000,0.491,375
identity_r2,cancel,100000,0.492,375
identity_r2,cancel,100000,0.493,375
identity_r2,cancel,100000,0.494,375
identity_r2,cancel,100000,0.495,375
identity_r2,cancel,100000,0.496,375
identity_r2,cancel,100000,0.497,375
identity_r2,cancel,100000,0.498,375
identity_r2,cancel,100000,0.499,375
identity_r2,cancel,100000,0.5,375
identity_r2,cancel,100000,0.501,375
identity_r2,cancel,100000,0.502,375
identity_r2,cancel,100000,0.503,375
identity_r2,cancel,100000,0.504,375
identity_r2,cancel,100000,0.505,375
identity_r2,cancel,100000,0.506,375
identity_r2,cancel,100000,0.507,375
identity_r2,cancel,100000,0.508,375
identity_r2,cancel,100000,0.509,375
identity_r2,cancel,100000,0.51,375
identity_r2,cancel,100000,0.511,375
identity_r2,cancel,100000,0.512,375
identity_r2,cancel,100000,0.513,375
identity_r2,cancel,100000,0.514,375
identity_r2,cancel,100000,0.515,375
identity_r2,cancel,100000,0.516,375
identity_r2,cancel,100000,0.517,375
identity_r2,cancel,100000,0.518,375
identity_r2,cancel,100000,0.519,375
identity_r2,cancel,100000,0.52,375
identity_r2,cancel,100000,0.521,375
identity_r2,cancel,100000,0.522,375
identity_r2,cancel,100000,0.523,375
identity_r2,cancel,100000,0.524,375
identity_r2,cancel,100000,0.525,375
identity_r2,cancel,100000,0.526,375
identity_r2,cancel,100000,0.527,375
identity_r2,cancel,100000,0.528,375
identity_r2,cancel,100000,0.529,375
identity_r2,cancel,100000,0.53,375
identity_r2,cancel,100000,0.531,375
identity_r2,cancel,100000,0.532,375
identity_r2,cancel,100000,0.533,375
identity_r2,cancel,100000,0.534,375
identity_r2,cancel,100000,0.535,375
identity_r2,cancel,100000,0.536,375
identity_r2,cancel,100000,0.537,375
identity_r2,cancel,100000,0.538,416
identity_r2,cancel,100000,0.539,416
identity_r2,cancel,100000,0.54,416
identity_r2,cancel,100000,0.541,416
identity_r2,cancel,100000,0.542,416
identity_r2,cancel,100000,0.543,416
identity_r2,cancel,100000,0.544,416
identity_r2,cancel,100000,0.545,416
identity_r2,cancel,100000,0.546,416
identity_r2,cancel,100000,0.547,416
identity_r2,cancel,100000,0.548,416
identity_r2,cancel,100000,0.549,416
identity_r2,cancel,100000,0.55,416
identity_r2,cancel,100000,0.551,416
identity_r2,cancel,100000,0.552,416
identity_r2,cancel,100000,0.553,416
identity_r2,cancel,100000,0.554,416
identity_r2,cancel,100000,0.555,416
identity_r2,cancel,100000,0.556,416
identity_r2,cancel,100000,0.557,416
identity_r2,cancel,100000,0.558,416
identity_r2,cancel,100000,0.559,416
identity_r2,cancel,100000,0.56,416
identity_r2,cancel,100000,0.561,416
identity_r2,cancel,100000,0.562,416
identity_r2,cancel,100000,0.563,417
identity_r2,cancel,100000,0.564,417
identity_r2,cancel,100000,0.565,417
identity_r2,cancel,100000,0.566,417
identity_r2,cancel,100000,0.567,417
identity_r2,cancel,100000,0.568,417
identity_r2,cancel,100000,0.569,417
identity_r2,cancel,100000,0.57,417
identity_r2,cancel,100000,0.571,417
identity_r2,cancel,100000,0.572,417
identity_r2,cancel,100000,0.573,417
identity_r2,cancel,100000,0.574,417
identity_r2,cancel,100000,0.575,417
identity_r2,cancel,100000,0.576,417
identity_r2,cancel,100000,0.577,417
identity_r2,cancel,100000,0.578,417
identity_r2,cancel,100000,0.579,417
identity_r2,cancel,100000,0.58,417
identity_r2,cancel,100000,0.581,417
identity_r2,cancel,100000,0.582,417
identity_r2,cancel,100000,0.583,417
identity_r2,cancel,100000,0.584,417
identity_r2,cancel,100000,0.585,417
identity_r2,cancel,100000,0.586,417
identity_r2,cancel,100000,0.587,417
identity_r2,cancel,100000,0.588,417
identity_r2,cancel,100000,0.589,417
identity_r2,cancel,100000,0.59,417
identity_r2,cancel,100000,0.591,417
identity_r2,cancel,100000,0.592,417
identity_r2,cancel,100000,0.593,417
identity_r2,cancel,100000,0.594,417
identity_r2,cancel,100000,0.595,417
identity_r2,cancel,100000,0.596,417
identity_r2,cancel,100000,0.597,417
identity_r2,cancel,100000,0.598,417
identity_r2,cancel,100000,0.599,417
identity_r2,cancel,100000,0.6,417
identity_r2,cancel,100000,0.601,417
identity_r2,cancel,100000,0.602,417
identity_r2,cancel,100000,0.603,417
identity_r2,cancel,100000,0.604,417
identity_r2,cancel,100000,0.605,417
identity_r2,cancel,100000,0.606,417
identity_r2,cancel,100000,0.607,417
identity_r2,cancel,100000,0.608,417
identity_r2,cancel,100000,0.609,417
identity_r2,cancel,100000,0.61,417
identity_r2,cancel,100000,0.611,417
identity_r2,cancel,100000,0.612,417
identity_r2,cancel,100000,0.613,417
identity_r2,cancel,100000,0.614,458
identity_r2,cancel,100000,0.615,458
identity_r2,cancel,100000,0.616,458
identity_r2,cancel,100000,0.617,458
identity_r2,cancel,100000,0.618,458
identity_r2,cancel,100000,0.619,458
identity_r2,cancel,100000,0.62,458
identity_r2,cancel,100000,0.621,458
identity_r2,cancel,100000,0.622,458
identity_r2,cancel,100000,0.623,458
identity_r2,cancel,100000,0.624,458
identity_r2,cancel,100000,0.625,458
identity_r2,cancel,100000,0.626,458
identity_r2,cancel,100000,0.627,458
identity_r2,cancel,100000,0.628,458
identity_r2,cancel,100000,0.629,458
identity_r2,cancel,100000,0.63,458
identity_r2,cancel,100000,0.631,458
identity_r2,cancel,100000,0.632,458
identity_r2,cancel,100000,0.633,458
identity_r2,cancel,100000,0.634,458
identity_r2,cancel,100000,0.635,458
identity_r2,cancel,100000,0.636,458
identity_r2,cancel,100000,0.637,458
identity_r2,cancel,100000,0.638,458
identity_r2,cancel,100000,0.639,458
identity_r2,cancel,100000,0.64,458
identity_r2,cancel,100000,0.641,458
identity_r2,cancel,100000,0.642,458
identity_r2,cancel,100000,0.643,458
identity_r2,cancel,100000,0.644,458
identity_r2,cancel,100000,0.645,458
identity_r2,cancel,100000,0.646,458
identity_r2,cancel,100000,0.647,458
identity_r2,cancel,100000,0.648,458
identity_r2,cancel,100000,0.649,458
identity_r2,cancel,100000,0.65,458
identity_r2,cancel,100000,0.651,458
identity_r2,cancel,100000,0.652,458
identity_r2,cancel,100000,0.653,458
identity_r2,cancel,100000,0.654,458
identity_r2,cancel,100000,0.655,458
identity_r2,cancel,100000,0.656,458
identity_r2,cancel,100000,0.657,458
identity_r2,cancel,100000,0.658,459
identity_r2,cancel,100000,0.659,459
identity_r2,cancel,100000,0.66,459
identity_r2,cancel,100000,0.661,459
identity_r2,cancel,100000,0.662,459
identity_r2,cancel,100000,0.663,459
identity_r2,cancel,100000,0.664,459
identity_r2,cancel,100000,0.665,459
identity_r2,cancel,100000,0.666,459
identity_r2,cancel,100000,0.667,459
identity_r2,cancel,100000,0.668,459
identity_r2,cancel,100000,0.669,459
identity_r2,cancel,100000,0.67,459
identity_r2,cancel,100000,0.671,459
identity_r2,cancel,100000,0.672,459
identity_r2,cancel,100000,0.673,459
identity_r2,cancel,100000,0.674,459
identity_r2,cancel,100000,0.675,459
identity_r2,cancel,100000,0.676,459
identity_r2,cancel,100000,0.677,459
identity_r2,cancel,100000,0.678,459
identity_r2,cancel,100000,0.679,459
identity_r2,cancel,100000,0.68,500
identity_r2,cancel,100000,0.681,500
identity_r2,cancel,100000,0.682,500
identity_r2,cancel,100000,0.683,500
identity_r2,cancel,100000,0.684,500
identity_r2,cancel,100000,0.685,500
identity_r2,cancel,100000,0.686,500
identity_r2,cancel,100000,0.687,500
identity_r2,cancel,100000,0.688,500
identity_r2,cancel,100000,0.689,500
identity_r2,cancel,100000,0.69,500
identity_r2,cancel,100000,0.691,500
identity_r2,cancel,100000,0.692,500
identity_r2,cancel,100000,0.693,500
identity_r2,cancel,100000,0.694,500
identity_r2,cancel,100000,0.695,500
identity_r2,cancel,100000,0.696,500
identity_r2,cancel,100000,0.697,500
identity_r2,cancel,100000,0.698,500
identity_r2,cancel,100000,0.699,500
identity_r2,cancel,100000,0.7,500
identity_r2,cancel,100000,0.701,500
identity_r2,cancel,100000,0.702,500
identity_r2,cancel,100000,0.703,500
identity_r2,cancel,100000,0.704,500
identity_r2,cancel,100000,0.705,500
identity_r2,cancel,100000,0.706,500
identity_r2,cancel,100000,0.707,500
identity_r2,cancel,100000,0.708,500
identity_r2,cancel,100000,0.709,500
identity_r2,cancel,100000,0.71,500
identity_r2,cancel,100000,0.711,500
identity_r2,cancel,100000,0.712,500
identity_r2,cancel,100000,0.713,500
identity_r2,cancel,100000,0.714,500
identity_r2,cancel,100000,0.715,500
identity_r2,cancel,100000,0.716,500
identity_r2,cancel,100000,0.717,500
identity_r2,cancel,100000,0.718,500
identity_r2,cancel,100000,0.719,500
identity_r2,cancel,100000,0.72,500
identity_r2,cancel,100000,0.721,500
identity_r2,cancel,100000,0.722,500
identity_r2,cancel,100000,0.723,500
identity_r2,cancel,100000,0.724,500
identity_r2,cancel,100000,0.725,500
identity_r2,cancel,100000,0.726,500
identity_r2,cancel,100000,0.727,500
identity_r2,cancel,100000,0.728,500
identity_r2,cancel,100000,0.729,500
identity_r2,cancel,100000,0.73,500
identity_r2,cancel,100000,0.731,500
identity_r2,cancel,100000,0.732,500
identity_r2,cancel,100000,0.733,500
identity_r2,cancel,100000,0.734,500
identity_r2,cancel,100000,0.735,500
identity_r2,cancel,100000,0.736,500
identity_r2,cancel,100000,0.737,500
identity_r2,cancel,100000,0.738,500
identity_r2,cancel,100000,0.739,500
identity_r2,cancel,100000,0.74,500
identity_r2,cancel,100000,0.741,500
identity_r2,cancel,100000,0.742,500
identity_r2,cancel,100000,0.743,500
identity_r2,cancel,100000,0.744,500
identity_r2,cancel,100000,0.745,500
identity_r2,cancel,100000,0.746,500
identity_r2,cancel,100000,0.747,500
identity_r2,cancel,100000,0.748,500
identity_r2,cancel,100000,0.749,500
identity_r2,cancel,100000,0.75,500
identity_r2,cancel,100000,0.751,541
identity_r2,cancel,100000,0.752,541
identity_r2,cancel,100000,0.753,541
identity_r2,cancel,100000,0.754,541
identity_r2,cancel,100000,0.755,541
identity_r2,cancel,100000,0.756,541
identity_r2,cancel,100000,0.757,541
identity_r2,cancel,100000,0.758,541
identity_r2,cancel,100000,0.759,541
identity_r2,cancel,100000,0.76,541
identity_r2,cancel,100000,0.761,541
identity_r2,cancel,100000,0.762,541
identity_r2,cancel,100000,0.763,541
identity_r2,cancel,100000,0.764,541
identity_r2,cancel,100000,0.765,541
identity_r2,cancel,100000,0.766,541
identity_r2,cancel,100000,0.767,541
identity_r2,cancel,100000,0.768,541
identity_r2,cancel,100000,0.769,541
identity_r2,cancel,100000,0.77,541
identity_r2,cancel,100000,0.771,542
identity_r2,cancel,100000,0.772,542
identity_r2,cancel,100000,0.773,542
identity_r2,cancel,100000,0.774,542
identity_r2,cancel,100000,0.775,542
identity_r2,cancel,100000,0.776,542
identity_r2,cancel,100000,0.777,542
identity_r2,cancel,100000,0.778,542
identity_r2,cancel,100000,0.779,542
identity_r2,cancel,100000,0.78,542
identity_r2,cancel,100000,0.781,542
identity_r2,cancel,100000,0.782,542
identity_r2,cancel,100000,0.783,542
identity_r2,cancel,100000,0.784,542
identity_r2,cancel,100000,0.785,542
identity_r2,cancel,100000,0.786,542
identity_r2,cancel,100000,0.787,542
identity_r2,cancel,100000,0.788,542
identity_r2,cancel,100000,0.789,542
identity_r2,cancel,100000,0.79,542
identity_r2,cancel,100000,0.791,542
identity_r2,cancel,100000,0.792,542
identity_r2,cancel,100000,0.793,542
identity_r2,cancel,100000,0.794,542
identity_r2,cancel,100000,0.795,542
identity_r2,cancel,100000,0.796,542
identity_r2,cancel,100000,0.797,542
identity_r2,cancel,100000,0.798,542
identity_r2,cancel,100000,0.799,542
identity_r2,cancel,100000,0.8,542
identity_r2,cancel,100000,0.801,542
identity_r2,cancel,100000,0.802,542
identity_r2,cancel,100000,0.803,542
identity_r2,cancel,100000,0.804,542
identity_r2,cancel,100000,0.805,542
identity_r2,cancel,100000,0.806,542
identity_r2,cancel,100000,0.807,542
identity_r2,cancel,100000,0.808,542
identity_r2,cancel,100000,0.809,542
identity_r2,cancel,100000,0.81,583
identity_r2,cancel,100000,0.811,583
identity_r2,cancel,100000,0.812,583
identity_r2,cancel,100000,0.813,583
identity_r2,cancel,100000,0.814,583
identity_r2,cancel,100000,0.815,583
identity_r2,cancel,100000,0.816,583
identity_r2,cancel,100000,0.817,583
identity_r2,cancel,100000,0.818,583
identity_r2,cancel,100000,0.819,583
identity_r2,cancel,100000,0.82,583
identity_r2,cancel,100000,0.821,583
identity_r2,cancel,100000,0.822,583
identity_r2,cancel,100000,0.823,583
identity_r2,cancel,100000,0.824,583
identity_r2,cancel,100000,0.825,583
identity_r2,cancel,100000,0.826,583
identity_r2,cancel,100000,0.827,583
identity_r2,cancel,100000,0.828,583
identity_r2,cancel,100000,0.829,583
identity_r2,cancel,100000,0.83,583
identity_r2,cancel,100000,0.831,583
identity_r2,cancel,100000,0.832,583
identity_r2,cancel,100000,0.833,583
identity_r2,cancel,100000,0.834,583
identity_r2,cancel,100000,0.835,583
identity_r2,cancel,100000,0.836,583
identity_r2,cancel,100000,0.837,583
identity_r2,cancel,100000,0.838,583
identity_r2,cancel,100000,0.839,583
identity_r2,cancel,100000,0.84,583
identity_r2,cancel,100000,0.841,583
identity_r2,cancel,100000,0.842,584
identity_r2,cancel,100000,0.843,584
identity_r2,cancel,100000,0.844,584
identity_r2,cancel,100000,0.845,584
identity_r2,cancel,100000,0.846,584
identity_r2,cancel,100000,0.847,584
identity_r2,cancel,100000,0.848,584
identity_r2,cancel,100000,0.849,584
identity_r2,cancel,100000,0.85,584
identity_r2,cancel,100000,0.851,584
identity_r2,cancel,100000,0.852,584
identity_r2,cancel,100000,0.853,584
identity_r2,cancel,100000,0.854,584
identity_r2,cancel,100000,0.855,584
identity_r2,cancel,100000,0.856,584
identity_r2,cancel,100000,0.857,584
identity_r2,cancel,100000,0.858,625
identity_r2,cancel,100000,0.859,625
identity_r2,cancel,100000,0.86,625
identity_r2,cancel,100000,0.861,625
identity_r2,cancel,100000,0.862,625
identity_r2,cancel,100000,0.863,625
identity_r2,cancel,100000,0.864,625
identity_r2,cancel,100000,0.865,625
identity_r2,cancel,100000,0.866,625
identity_r2,cancel,100000,0.867,625
identity_r2,cancel,100000,0.868,625
identity_r2,cancel,100000,0.869,625
identity_r2,cancel,100000,0.87,625
identity_r2,cancel,100000,0.871,625
identity_r2,cancel,100000,0.872,625
identity_r2,cancel,100000,0.873,625
identity_r2,cancel,100000,0.874,625
identity_r2,cancel,100000,0.875,625
identity_r2,cancel,100000,0.876,625
identity_r2,cancel,100000,0.877,625
identity_r2,cancel,100000,0.878,625
identity_r2,cancel,100000,0.879,625
identity_r2,cancel,100000,0.88,625
identity_r2,cancel,100000,0.881,625
identity_r2,cancel,100000,0.882,625
identity_r2,cancel,100000,0.883,625
identity_r2,cancel,100000,0.884,625
identity_r2,cancel,100000,0.885,625
identity_r2,cancel,100000,0.886,625
identity_r2,cancel,100000,0.887,625
identity_r2,cancel,100000,0.888,625
identity_r2,cancel,100000,0.889,625
identity_r2,cancel,100000,0.89,625
identity_r2,cancel,100000,0.891,625
identity_r2,cancel,100000,0.892,666
identity_r2,cancel,100000,0.893,666
identity_r2,cancel,100000,0.894,666
identity_r2,cancel,100000,0.895,666
identity_r2,cancel,100000,0.896,666
identity_r2,cancel,100000,0.897,666
identity_r2,cancel,100000,0.898,666
identity_r2,cancel,100000,0.899,666
identity_r2,cancel,100000,0.9,667
identity_r2,cancel,100000,0.901,667
identity_r2,cancel,100000,0.902,667
identity_r2,cancel,100000,0.903,667
identity_r2,cancel,100000,0.904,667
identity_r2,cancel,100000,0.905,667
identity_r2,cancel,100000,0.906,667
identity_r2,cancel,100000,0.907,667
identity_r2,cancel,100000,0.908,667
identity_r2,cancel,100000,0.909,667
identity_r2,cancel,100000,0.91,667
identity_r2,cancel,100000,0.911,667
identity_r2,cancel,100000,0.912,667
identity_r2,cancel,100000,0.913,667
identity_r2,cancel,100000,0.914,667
identity_r2,cancel,100000,0.915,667
identity_r2,cancel,100000,0.916,708
identity_r2,cancel,100000,0.917,708
identity_r2,cancel,100000,0.918,708
identity_r2,cancel,100000,0.919,708
identity_r2,cancel,100000,0.92,708
identity_r2,cancel,100000,0.921,708
identity_r2,cancel,100000,0.922,708
identity_r2,cancel,100000,0.923,708
identity_r2,cancel,100000,0.924,708
identity_r2,cancel,100000,0.925,708
identity_r2,cancel,100000,0.926,708
identity_r2,cancel,100000,0.927,708
identity_r2,cancel,100000,0.928,709
identity_r2,cancel,100000,0.929,709
identity_r2,cancel,100000,0.93,709
identity_r2,cancel,100000,0.931,709
identity_r2,cancel,100000,0.932,709
identity_r2,cancel,100000,0.933,750
identity_r2,cancel,100000,0.934,750
identity_r2,cancel,100000,0.935,750
identity_r2,cancel,100000,0.936,750
identity_r2,cancel,100000,0.937,750
identity_r2,cancel,100000,0.938,750
identity_r2,cancel,100000,0.939,750
identity_r2,cancel,100000,0.94,750
identity_r2,cancel,100000,0.941,750
identity_r2,cancel,100000,0.942,750
identity_r2,cancel,100000,0.943,750
identity_r2,cancel,100000,0.944,750
identity_r2,cancel,100000,0.945,750
identity_r2,cancel,100000,0.946,791
identity_r2,cancel,100000,0.947,791
identity_r2,cancel,100000,0.948,791
identity_r2,cancel,100000,0.949,792
identity_r2,cancel,100000,0.95,792
identity_r2,cancel,100000,0.951,792
identity_r2,cancel,100000,0.952,792
identity_r2,cancel,100000,0.953,792
identity_r2,cancel,100000,0.954,792
identity_r2,cancel,100000,0.955,833
identity_r2,cancel,100000,0.956,833
identity_r2,cancel,100000,0.957,833
identity_r2,cancel,100000,0.958,833
identity_r2,cancel,100000,0.959,833
identity_r2,cancel,100000,0.96,834
identity_r2,cancel,100000,0.961,834
identity_r2,cancel,100000,0.962,834
identity_r2,cancel,100000,0.963,875
identity_r2,cancel,100000,0.964,875
identity_r2,cancel,100000,0.965,875
identity_r2,cancel,100000,0.966,875
identity_r2,cancel,100000,0.967,875
identity_r2,cancel,100000,0.968,875
identity_r2,cancel,100000,0.969,916
identity_r2,cancel,100000,0.97,916
identity_r2,cancel,100000,0.971,917
identity_r2,cancel,100000,0.972,917
identity_r2,cancel,100000,0.973,917
identity_r2,cancel,100000,0.974,958
identity_r2,cancel,100000,0.975,958
identity_r2,cancel,100000,0.976,958
identity_r2,cancel,100000,0.977,959
identity_r2,cancel,100000,0.978,1000
identity_r2,cancel,100000,0.979,1000
identity_r2,cancel,100000,0.98,1000
identity_r2,cancel,100000,0.981,1000
identity_r2,cancel,100000,0.982,1041
identity_r2,cancel,100000,0.983,1042
identity_r2,cancel,100000,0.984,1042
identity_r2,cancel,100000,0.985,1083
identity_r2,cancel,100000,0.986,1084
identity_r2,cancel,100000,0.987,1125
identity_r2,cancel,100000,0.988,1125
identity_r2,cancel,100000,0.989,1166
identity_r2,cancel,100000,0.99,1167
identity_r2,cancel,100000,0.991,1208
identity_r2,cancel,100000,0.992,1250
identity_r2,cancel,100000,0.993,1292
identity_r2,cancel,100000,0.994,1375
identity_r2,cancel,100000,0.995,1458
identity_r2,cancel,100000,0.996,1625
identity_r2,cancel,100000,0.997,2125
identity_r2,cancel,100000,0.998,6458
identity_r2,cancel,100000,0.999,18458
identity_r2,match,100000,0,0
identity_r2,match,100000,0.001,0
identity_r2,match,100000,0.002,0
identity_r2,match,100000,0.003,0
identity_r2,match,100000,0.004,0
identity_r2,match,100000,0.005,0
identity_r2,match,100000,0.006,0
identity_r2,match,100000,0.007,0
identity_r2,match,100000,0.008,0
identity_r2,match,100000,0.009,0
identity_r2,match,100000,0.01,0
identity_r2,match,100000,0.011,0
identity_r2,match,100000,0.012,0
identity_r2,match,100000,0.013,0
identity_r2,match,100000,0.014,0
identity_r2,match,100000,0.015,0
identity_r2,match,100000,0.016,0
identity_r2,match,100000,0.017,0
identity_r2,match,100000,0.018,0
identity_r2,match,100000,0.019,0
identity_r2,match,100000,0.02,0
identity_r2,match,100000,0.021,0
identity_r2,match,100000,0.022,0
identity_r2,match,100000,0.023,0
identity_r2,match,100000,0.024,0
identity_r2,match,100000,0.025,0
identity_r2,match,100000,0.026,0
identity_r2,match,100000,0.027,0
identity_r2,match,100000,0.028,0
identity_r2,match,100000,0.029,0
identity_r2,match,100000,0.03,0
identity_r2,match,100000,0.031,0
identity_r2,match,100000,0.032,0
identity_r2,match,100000,0.033,0
identity_r2,match,100000,0.034,0
identity_r2,match,100000,0.035,0
identity_r2,match,100000,0.036,0
identity_r2,match,100000,0.037,0
identity_r2,match,100000,0.038,0
identity_r2,match,100000,0.039,0
identity_r2,match,100000,0.04,41
identity_r2,match,100000,0.041,41
identity_r2,match,100000,0.042,41
identity_r2,match,100000,0.043,41
identity_r2,match,100000,0.044,41
identity_r2,match,100000,0.045,41
identity_r2,match,100000,0.046,41
identity_r2,match,100000,0.047,41
identity_r2,match,100000,0.048,41
identity_r2,match,100000,0.049,41
identity_r2,match,100000,0.05,41
identity_r2,match,100000,0.051,41
identity_r2,match,100000,0.052,41
identity_r2,match,100000,0.053,41
identity_r2,match,100000,0.054,41
identity_r2,match,100000,0.055,41
identity_r2,match,100000,0.056,41
identity_r2,match,100000,0.057,41
identity_r2,match,100000,0.058,41
identity_r2,match,100000,0.059,41
identity_r2,match,100000,0.06,41
identity_r2,match,100000,0.061,41
identity_r2,match,100000,0.062,41
identity_r2,match,100000,0.063,41
identity_r2,match,100000,0.064,41
identity_r2,match,100000,0.065,41
identity_r2,match,100000,0.066,41
identity_r2,match,100000,0.067,41
identity_r2,match,100000,0.068,41
identity_r2,match,100000,0.069,41
identity_r2,match,100000,0.07,41
identity_r2,match,100000,0.071,41
identity_r2,match,100000,0.072,41
identity_r2,match,100000,0.073,41
identity_r2,match,100000,0.074,41
identity_r2,match,100000,0.075,41
identity_r2,match,100000,0.076,41
identity_r2,match,100000,0.077,41
identity_r2,match,100000,0.078,41
identity_r2,match,100000,0.079,41
identity_r2,match,100000,0.08,41
identity_r2,match,100000,0.081,41
identity_r2,match,100000,0.082,41
identity_r2,match,100000,0.083,41
identity_r2,match,100000,0.084,41
identity_r2,match,100000,0.085,41
identity_r2,match,100000,0.086,41
identity_r2,match,100000,0.087,41
identity_r2,match,100000,0.088,41
identity_r2,match,100000,0.089,41
identity_r2,match,100000,0.09,41
identity_r2,match,100000,0.091,41
identity_r2,match,100000,0.092,41
identity_r2,match,100000,0.093,41
identity_r2,match,100000,0.094,41
identity_r2,match,100000,0.095,41
identity_r2,match,100000,0.096,41
identity_r2,match,100000,0.097,41
identity_r2,match,100000,0.098,41
identity_r2,match,100000,0.099,41
identity_r2,match,100000,0.1,41
identity_r2,match,100000,0.101,41
identity_r2,match,100000,0.102,41
identity_r2,match,100000,0.103,41
identity_r2,match,100000,0.104,41
identity_r2,match,100000,0.105,41
identity_r2,match,100000,0.106,41
identity_r2,match,100000,0.107,41
identity_r2,match,100000,0.108,41
identity_r2,match,100000,0.109,41
identity_r2,match,100000,0.11,41
identity_r2,match,100000,0.111,41
identity_r2,match,100000,0.112,41
identity_r2,match,100000,0.113,41
identity_r2,match,100000,0.114,41
identity_r2,match,100000,0.115,41
identity_r2,match,100000,0.116,41
identity_r2,match,100000,0.117,41
identity_r2,match,100000,0.118,41
identity_r2,match,100000,0.119,41
identity_r2,match,100000,0.12,41
identity_r2,match,100000,0.121,41
identity_r2,match,100000,0.122,41
identity_r2,match,100000,0.123,41
identity_r2,match,100000,0.124,41
identity_r2,match,100000,0.125,41
identity_r2,match,100000,0.126,41
identity_r2,match,100000,0.127,41
identity_r2,match,100000,0.128,41
identity_r2,match,100000,0.129,41
identity_r2,match,100000,0.13,41
identity_r2,match,100000,0.131,41
identity_r2,match,100000,0.132,41
identity_r2,match,100000,0.133,41
identity_r2,match,100000,0.134,41
identity_r2,match,100000,0.135,41
identity_r2,match,100000,0.136,41
identity_r2,match,100000,0.137,41
identity_r2,match,100000,0.138,41
identity_r2,match,100000,0.139,41
identity_r2,match,100000,0.14,41
identity_r2,match,100000,0.141,41
identity_r2,match,100000,0.142,41
identity_r2,match,100000,0.143,41
identity_r2,match,100000,0.144,41
identity_r2,match,100000,0.145,41
identity_r2,match,100000,0.146,41
identity_r2,match,100000,0.147,41
identity_r2,match,100000,0.148,41
identity_r2,match,100000,0.149,41
identity_r2,match,100000,0.15,41
identity_r2,match,100000,0.151,41
identity_r2,match,100000,0.152,41
identity_r2,match,100000,0.153,41
identity_r2,match,100000,0.154,41
identity_r2,match,100000,0.155,41
identity_r2,match,100000,0.156,41
identity_r2,match,100000,0.157,41
identity_r2,match,100000,0.158,41
identity_r2,match,100000,0.159,41
identity_r2,match,100000,0.16,41
identity_r2,match,100000,0.161,41
identity_r2,match,100000,0.162,41
identity_r2,match,100000,0.163,41
identity_r2,match,100000,0.164,41
identity_r2,match,100000,0.165,41
identity_r2,match,100000,0.166,41
identity_r2,match,100000,0.167,41
identity_r2,match,100000,0.168,41
identity_r2,match,100000,0.169,41
identity_r2,match,100000,0.17,41
identity_r2,match,100000,0.171,41
identity_r2,match,100000,0.172,41
identity_r2,match,100000,0.173,41
identity_r2,match,100000,0.174,41
identity_r2,match,100000,0.175,41
identity_r2,match,100000,0.176,41
identity_r2,match,100000,0.177,42
identity_r2,match,100000,0.178,42
identity_r2,match,100000,0.179,42
identity_r2,match,100000,0.18,42
identity_r2,match,100000,0.181,42
identity_r2,match,100000,0.182,42
identity_r2,match,100000,0.183,42
identity_r2,match,100000,0.184,42
identity_r2,match,100000,0.185,42
identity_r2,match,100000,0.186,42
identity_r2,match,100000,0.187,42
identity_r2,match,100000,0.188,42
identity_r2,match,100000,0.189,42
identity_r2,match,100000,0.19,42
identity_r2,match,100000,0.191,42
identity_r2,match,100000,0.192,42
identity_r2,match,100000,0.193,42
identity_r2,match,100000,0.194,42
identity_r2,match,100000,0.195,42
identity_r2,match,100000,0.196,42
identity_r2,match,100000,0.197,42
identity_r2,match,100000,0.198,42
identity_r2,match,100000,0.199,42
identity_r2,match,100000,0.2,42
identity_r2,match,100000,0.201,42
identity_r2,match,100000,0.202,42
identity_r2,match,100000,0.203,42
identity_r2,match,100000,0.204,42
identity_r2,match,100000,0.205,42
identity_r2,match,100000,0.206,42
identity_r2,match,100000,0.207,42
identity_r2,match,100000,0.208,42
identity_r2,match,100000,0.209,42
identity_r2,match,100000,0.21,42
identity_r2,match,100000,0.211,42
identity_r2,match,100000,0.212,42
identity_r2,match,100000,0.213,42
identity_r2,match,100000,0.214,42
identity_r2,match,100000,0.215,42
identity_r2,match,100000,0.216,42
identity_r2,match,100000,0.217,42
identity_r2,match,100000,0.218,42
identity_r2,match,100000,0.219,42
identity_r2,match,100000,0.22,42
identity_r2,match,100000,0.221,42
identity_r2,match,100000,0.222,42
identity_r2,match,100000,0.223,42
identity_r2,match,100000,0.224,42
identity_r2,match,100000,0.225,42
identity_r2,match,100000,0.226,42
identity_r2,match,100000,0.227,42
identity_r2,match,100000,0.228,42
identity_r2,match,100000,0.229,42
identity_r2,match,100000,0.23,42
identity_r2,match,100000,0.231,42
identity_r2,match,100000,0.232,42
identity_r2,match,100000,0.233,42
identity_r2,match,100000,0.234,42
identity_r2,match,100000,0.235,42
identity_r2,match,100000,0.236,42
identity_r2,match,100000,0.237,42
identity_r2,match,100000,0.238,42
identity_r2,match,100000,0.239,42
identity_r2,match,100000,0.24,42
identity_r2,match,100000,0.241,42
identity_r2,match,100000,0.242,42
identity_r2,match,100000,0.243,42
identity_r2,match,100000,0.244,42
identity_r2,match,100000,0.245,42
identity_r2,match,100000,0.246,42
identity_r2,match,100000,0.247,42
identity_r2,match,100000,0.248,42
identity_r2,match,100000,0.249,42
identity_r2,match,100000,0.25,42
identity_r2,match,100000,0.251,42
identity_r2,match,100000,0.252,42
identity_r2,match,100000,0.253,42
identity_r2,match,100000,0.254,42
identity_r2,match,100000,0.255,42
identity_r2,match,100000,0.256,42
identity_r2,match,100000,0.257,42
identity_r2,match,100000,0.258,42
identity_r2,match,100000,0.259,42
identity_r2,match,100000,0.26,42
identity_r2,match,100000,0.261,42
identity_r2,match,100000,0.262,42
identity_r2,match,100000,0.263,42
identity_r2,match,100000,0.264,42
identity_r2,match,100000,0.265,42
identity_r2,match,100000,0.266,42
identity_r2,match,100000,0.267,42
identity_r2,match,100000,0.268,42
identity_r2,match,100000,0.269,42
identity_r2,match,100000,0.27,42
identity_r2,match,100000,0.271,42
identity_r2,match,100000,0.272,42
identity_r2,match,100000,0.273,42
identity_r2,match,100000,0.274,42
identity_r2,match,100000,0.275,42
identity_r2,match,100000,0.276,42
identity_r2,match,100000,0.277,42
identity_r2,match,100000,0.278,42
identity_r2,match,100000,0.279,42
identity_r2,match,100000,0.28,42
identity_r2,match,100000,0.281,42
identity_r2,match,100000,0.282,42
identity_r2,match,100000,0.283,42
identity_r2,match,100000,0.284,42
identity_r2,match,100000,0.285,42
identity_r2,match,100000,0.286,42
identity_r2,match,100000,0.287,42
identity_r2,match,100000,0.288,42
identity_r2,match,100000,0.289,42
identity_r2,match,100000,0.29,42
identity_r2,match,100000,0.291,42
identity_r2,match,100000,0.292,42
identity_r2,match,100000,0.293,42
identity_r2,match,100000,0.294,42
identity_r2,match,100000,0.295,42
identity_r2,match,100000,0.296,42
identity_r2,match,100000,0.297,42
identity_r2,match,100000,0.298,42
identity_r2,match,100000,0.299,42
identity_r2,match,100000,0.3,42
identity_r2,match,100000,0.301,42
identity_r2,match,100000,0.302,42
identity_r2,match,100000,0.303,42
identity_r2,match,100000,0.304,42
identity_r2,match,100000,0.305,42
identity_r2,match,100000,0.306,42
identity_r2,match,100000,0.307,42
identity_r2,match,100000,0.308,42
identity_r2,match,100000,0.309,42
identity_r2,match,100000,0.31,42
identity_r2,match,100000,0.311,42
identity_r2,match,100000,0.312,42
identity_r2,match,100000,0.313,42
identity_r2,match,100000,0.314,42
identity_r2,match,100000,0.315,42
identity_r2,match,100000,0.316,42
identity_r2,match,100000,0.317,42
identity_r2,match,100000,0.318,42
identity_r2,match,100000,0.319,42
identity_r2,match,100000,0.32,42
identity_r2,match,100000,0.321,42
identity_r2,match,100000,0.322,42
identity_r2,match,100000,0.323,42
identity_r2,match,100000,0.324,42
identity_r2,match,100000,0.325,42
identity_r2,match,100000,0.326,42
identity_r2,match,100000,0.327,42
identity_r2,match,100000,0.328,42
identity_r2,match,100000,0.329,42
identity_r2,match,100000,0.33,42
identity_r2,match,100000,0.331,42
identity_r2,match,100000,0.332,42
identity_r2,match,100000,0.333,42
identity_r2,match,100000,0.334,42
identity_r2,match,100000,0.335,42
identity_r2,match,100000,0.336,42
identity_r2,match,100000,0.337,42
identity_r2,match,100000,0.338,42
identity_r2,match,100000,0.339,42
identity_r2,match,100000,0.34,42
identity_r2,match,100000,0.341,42
identity_r2,match,100000,0.342,42
identity_r2,match,100000,0.343,42
identity_r2,match,100000,0.344,42
identity_r2,match,100000,0.345,42
identity_r2,match,100000,0.346,42
identity_r2,match,100000,0.347,42
identity_r2,match,100000,0.348,42
identity_r2,match,100000,0.349,42
identity_r2,match,100000,0.35,42
identity_r2,match,100000,0.351,42
identity_r2,match,100000,0.352,42
identity_r2,match,100000,0.353,42
identity_r2,match,100000,0.354,42
identity_r2,match,100000,0.355,42
identity_r2,match,100000,0.356,42
identity_r2,match,100000,0.357,42
identity_r2,match,100000,0.358,42
identity_r2,match,100000,0.359,42
identity_r2,match,100000,0.36,42
identity_r2,match,100000,0.361,42
identity_r2,match,100000,0.362,42
identity_r2,match,100000,0.363,42
identity_r2,match,100000,0.364,42
identity_r2,match,100000,0.365,42
identity_r2,match,100000,0.366,42
identity_r2,match,100000,0.367,42
identity_r2,match,100000,0.368,42
identity_r2,match,100000,0.369,42
identity_r2,match,100000,0.37,42
identity_r2,match,100000,0.371,42
identity_r2,match,100000,0.372,42
identity_r2,match,100000,0.373,42
identity_r2,match,100000,0.374,42
identity_r2,match,100000,0.375,42
identity_r2,match,100000,0.376,42
identity_r2,match,100000,0.377,42
identity_r2,match,100000,0.378,42
identity_r2,match,100000,0.379,42
identity_r2,match,100000,0.38,42
identity_r2,match,100000,0.381,42
identity_r2,match,100000,0.382,42
identity_r2,match,100000,0.383,42
identity_r2,match,100000,0.384,42
identity_r2,match,100000,0.385,42
identity_r2,match,100000,0.386,42
identity_r2,match,100000,0.387,42
identity_r2,match,100000,0.388,42
identity_r2,match,100000,0.389,42
identity_r2,match,100000,0.39,42
identity_r2,match,100000,0.391,42
identity_r2,match,100000,0.392,42
identity_r2,match,100000,0.393,42
identity_r2,match,100000,0.394,42
identity_r2,match,100000,0.395,42
identity_r2,match,100000,0.396,42
identity_r2,match,100000,0.397,42
identity_r2,match,100000,0.398,42
identity_r2,match,100000,0.399,42
identity_r2,match,100000,0.4,42
identity_r2,match,100000,0.401,42
identity_r2,match,100000,0.402,42
identity_r2,match,100000,0.403,42
identity_r2,match,100000,0.404,42
identity_r2,match,100000,0.405,42
identity_r2,match,100000,0.406,42
identity_r2,match,100000,0.407,42
identity_r2,match,100000,0.408,42
identity_r2,match,100000,0.409,42
identity_r2,match,100000,0.41,42
identity_r2,match,100000,0.411,42
identity_r2,match,100000,0.412,42
identity_r2,match,100000,0.413,42
identity_r2,match,100000,0.414,42
identity_r2,match,100000,0.415,42
identity_r2,match,100000,0.416,42
identity_r2,match,100000,0.417,42
identity_r2,match,100000,0.418,42
identity_r2,match,100000,0.419,42
identity_r2,match,100000,0.42,42
identity_r2,match,100000,0.421,42
identity_r2,match,100000,0.422,42
identity_r2,match,100000,0.423,42
identity_r2,match,100000,0.424,42
identity_r2,match,100000,0.425,42
identity_r2,match,100000,0.426,42
identity_r2,match,100000,0.427,42
identity_r2,match,100000,0.428,42
identity_r2,match,100000,0.429,42
identity_r2,match,100000,0.43,42
identity_r2,match,100000,0.431,42
identity_r2,match,100000,0.432,42
identity_r2,match,100000,0.433,42
identity_r2,match,100000,0.434,42
identity_r2,match,100000,0.435,42
identity_r2,match,100000,0.436,42
identity_r2,match,100000,0.437,42
identity_r2,match,100000,0.438,42
identity_r2,match,100000,0.439,42
identity_r2,match,100000,0.44,42
identity_r2,match,100000,0.441,42
identity_r2,match,100000,0.442,42
identity_r2,match,100000,0.443,42
identity_r2,match,100000,0.444,42
identity_r2,match,100000,0.445,42
identity_r2,match,100000,0.446,42
identity_r2,match,100000,0.447,42
identity_r2,match,100000,0.448,42
identity_r2,match,100000,0.449,42
identity_r2,match,100000,0.45,42
identity_r2,match,100000,0.451,42
identity_r2,match,100000,0.452,42
identity_r2,match,100000,0.453,42
identity_r2,match,100000,0.454,83
identity_r2,match,100000,0.455,83
identity_r2,match,100000,0.456,83
identity_r2,match,100000,0.457,83
identity_r2,match,100000,0.458,83
identity_r2,match,100000,0.459,83
identity_r2,match,100000,0.46,83
identity_r2,match,100000,0.461,83
identity_r2,match,100000,0.462,83
identity_r2,match,100000,0.463,83
identity_r2,match,100000,0.464,83
identity_r2,match,100000,0.465,83
identity_r2,match,100000,0.466,83
identity_r2,match,100000,0.467,83
identity_r2,match,100000,0.468,83
identity_r2,match,100000,0.469,83
identity_r2,match,100000,0.47,83
identity_r2,match,100000,0.471,83
identity_r2,match,100000,0.472,83
identity_r2,match,100000,0.473,83
identity_r2,match,100000,0.474,83
identity_r2,match,100000,0.475,83
identity_r2,match,100000,0.476,83
identity_r2,match,100000,0.477,83
identity_r2,match,100000,0.478,83
identity_r2,match,100000,0.479,83
identity_r2,match,100000,0.48,83
identity_r2,match,100000,0.481,83
identity_r2,match,100000,0.482,83
identity_r2,match,100000,0.483,83
identity_r2,match,100000,0.484,83
identity_r2,match,100000,0.485,83
identity_r2,match,100000,0.486,83
identity_r2,match,100000,0.487,83
identity_r2,match,100000,0.488,83
identity_r2,match,100000,0.489,83
identity_r2,match,100000,0.49,83
identity_r2,match,100000,0.491,83
identity_r2,match,100000,0.492,83
identity_r2,match,100000,0.493,83
identity_r2,match,100000,0.494,83
identity_r2,match,100000,0.495,83
identity_r2,match,100000,0.496,83
identity_r2,match,100000,0.497,83
identity_r2,match,100000,0.498,83
identity_r2,match,100000,0.499,83
identity_r2,match,100000,0.5,83
identity_r2,match,100000,0.501,83
identity_r2,match,100000,0.502,83
identity_r2,match,100000,0.503,83
identity_r2,match,100000,0.504,83
identity_r2,match,100000,0.505,83
identity_r2,match,100000,0.506,83
identity_r2,match,100000,0.507,83
identity_r2,match,100000,0.508,83
identity_r2,match,100000,0.509,83
identity_r2,match,100000,0.51,83
identity_r2,match,100000,0.511,83
identity_r2,match,100000,0.512,83
identity_r2,match,100000,0.513,83
identity_r2,match,100000,0.514,83
identity_r2,match,100000,0.515,83
identity_r2,match,100000,0.516,83
identity_r2,match,100000,0.517,83
identity_r2,match,100000,0.518,83
identity_r2,match,100000,0.519,83
identity_r2,match,100000,0.52,83
identity_r2,match,100000,0.521,83
identity_r2,match,100000,0.522,83
identity_r2,match,100000,0.523,83
identity_r2,match,100000,0.524,83
identity_r2,match,100000,0.525,83
identity_r2,match,100000,0.526,83
identity_r2,match,100000,0.527,83
identity_r2,match,100000,0.528,83
identity_r2,match,100000,0.529,83
identity_r2,match,100000,0.53,83
identity_r2,match,100000,0.531,83
identity_r2,match,100000,0.532,83
identity_r2,match,100000,0.533,83
identity_r2,match,100000,0.534,83
identity_r2,match,100000,0.535,83
identity_r2,match,100000,0.536,83
identity_r2,match,100000,0.537,83
identity_r2,match,100000,0.538,83
identity_r2,match,100000,0.539,83
identity_r2,match,100000,0.54,83
identity_r2,match,100000,0.541,83
identity_r2,match,100000,0.542,83
identity_r2,match,100000,0.543,83
identity_r2,match,100000,0.544,83
identity_r2,match,100000,0.545,83
identity_r2,match,100000,0.546,83
identity_r2,match,100000,0.547,83
identity_r2,match,100000,0.548,83
identity_r2,match,100000,0.549,83
identity_r2,match,100000,0.55,83
identity_r2,match,100000,0.551,83
identity_r2,match,100000,0.552,83
identity_r2,match,100000,0.553,83
identity_r2,match,100000,0.554,83
identity_r2,match,100000,0.555,83
identity_r2,match,100000,0.556,83
identity_r2,match,100000,0.557,83
identity_r2,match,100000,0.558,83
identity_r2,match,100000,0.559,83
identity_r2,match,100000,0.56,83
identity_r2,match,100000,0.561,83
identity_r2,match,100000,0.562,83
identity_r2,match,100000,0.563,83
identity_r2,match,100000,0.564,83
identity_r2,match,100000,0.565,83
identity_r2,match,100000,0.566,83
identity_r2,match,100000,0.567,83
identity_r2,match,100000,0.568,83
identity_r2,match,100000,0.569,83
identity_r2,match,100000,0.57,83
identity_r2,match,100000,0.571,83
identity_r2,match,100000,0.572,83
identity_r2,match,100000,0.573,83
identity_r2,match,100000,0.574,83
identity_r2,match,100000,0.575,83
identity_r2,match,100000,0.576,83
identity_r2,match,100000,0.577,83
identity_r2,match,100000,0.578,83
identity_r2,match,100000,0.579,83
identity_r2,match,100000,0.58,83
identity_r2,match,100000,0.581,83
identity_r2,match,100000,0.582,83
identity_r2,match,100000,0.583,83
identity_r2,match,100000,0.584,83
identity_r2,match,100000,0.585,84
identity_r2,match,100000,0.586,84
identity_r2,match,100000,0.587,84
identity_r2,match,100000,0.588,84
identity_r2,match,100000,0.589,84
identity_r2,match,100000,0.59,84
identity_r2,match,100000,0.591,84
identity_r2,match,100000,0.592,84
identity_r2,match,100000,0.593,84
identity_r2,match,100000,0.594,84
identity_r2,match,100000,0.595,84
identity_r2,match,100000,0.596,84
identity_r2,match,100000,0.597,84
identity_r2,match,100000,0.598,84
identity_r2,match,100000,0.599,84
identity_r2,match,100000,0.6,84
identity_r2,match,100000,0.601,84
identity_r2,match,100000,0.602,84
identity_r2,match,100000,0.603,84
identity_r2,match,100000,0.604,84
identity_r2,match,100000,0.605,84
identity_r2,match,100000,0.606,84
identity_r2,match,100000,0.607,84
identity_r2,match,100000,0.608,84
identity_r2,match,100000,0.609,84
identity_r2,match,100000,0.61,84
identity_r2,match,100000,0.611,84
identity_r2,match,100000,0.612,84
identity_r2,match,100000,0.613,84
identity_r2,match,100000,0.614,84
identity_r2,match,100000,0.615,84
identity_r2,match,100000,0.616,84
identity_r2,match,100000,0.617,84
identity_r2,match,100000,0.618,84
identity_r2,match,100000,0.619,84
identity_r2,match,100000,0.62,84
identity_r2,match,100000,0.621,84
identity_r2,match,100000,0.622,84
identity_r2,match,100000,0.623,84
identity_r2,match,100000,0.624,84
identity_r2,match,100000,0.625,84
identity_r2,match,100000,0.626,84
identity_r2,match,100000,0.627,84
identity_r2,match,100000,0.628,84
identity_r2,match,100000,0.629,84
identity_r2,match,100000,0.63,84
identity_r2,match,100000,0.631,84
identity_r2,match,100000,0.632,84
identity_r2,match,100000,0.633,84
identity_r2,match,100000,0.634,84
identity_r2,match,100000,0.635,84
identity_r2,match,100000,0.636,84
identity_r2,match,100000,0.637,84
identity_r2,match,100000,0.638,84
identity_r2,match,100000,0.639,84
identity_r2,match,100000,0.64,84
identity_r2,match,100000,0.641,84
identity_r2,match,100000,0.642,84
identity_r2,match,100000,0.643,84
identity_r2,match,100000,0.644,84
identity_r2,match,100000,0.645,84
identity_r2,match,100000,0.646,84
identity_r2,match,100000,0.647,84
identity_r2,match,100000,0.648,84
identity_r2,match,100000,0.649,84
identity_r2,match,100000,0.65,84
identity_r2,match,100000,0.651,125
identity_r2,match,100000,0.652,125
identity_r2,match,100000,0.653,125
identity_r2,match,100000,0.654,125
identity_r2,match,100000,0.655,125
identity_r2,match,100000,0.656,125
identity_r2,match,100000,0.657,125
identity_r2,match,100000,0.658,125
identity_r2,match,100000,0.659,125
identity_r2,match,100000,0.66,125
identity_r2,match,100000,0.661,125
identity_r2,match,100000,0.662,125
identity_r2,match,100000,0.663,125
identity_r2,match,100000,0.664,125
identity_r2,match,100000,0.665,125
identity_r2,match,100000,0.666,125
identity_r2,match,100000,0.667,125
identity_r2,match,100000,0.668,125
identity_r2,match,100000,0.669,125
identity_r2,match,100000,0.67,125
identity_r2,match,100000,0.671,125
identity_r2,match,100000,0.672,125
identity_r2,match,100000,0.673,125
identity_r2,match,100000,0.674,125
identity_r2,match,100000,0.675,125
identity_r2,match,100000,0.676,125
identity_r2,match,100000,0.677,125
identity_r2,match,100000,0.678,125
identity_r2,match,100000,0.679,125
identity_r2,match,100000,0.68,125
identity_r2,match,100000,0.681,125
identity_r2,match,100000,0.682,125
identity_r2,match,100000,0.683,125
identity_r2,match,100000,0.684,125
identity_r2,match,100000,0.685,125
identity_r2,match,100000,0.686,125
identity_r2,match,100000,0.687,125
identity_r2,match,100000,0.688,125
identity_r2,match,100000,0.689,125
identity_r2,match,100000,0.69,125
identity_r2,match,100000,0.691,125
identity_r2,match,100000,0.692,125
identity_r2,match,100000,0.693,125
identity_r2,match,100000,0.694,125
identity_r2,match,100000,0.695,125
identity_r2,match,100000,0.696,125
identity_r2,match,100000,0.697,125
identity_r2,match,100000,0.698,125
identity_r2,match,100000,0.699,125
identity_r2,match,100000,0.7,125
identity_r2,match,100000,0.701,125
identity_r2,match,100000,0.702,125
identity_r2,match,100000,0.703,125
identity_r2,match,100000,0.704,125
identity_r2,match,100000,0.705,125
identity_r2,match,100000,0.706,125
identity_r2,match,100000,0.707,125
identity_r2,match,100000,0.708,125
identity_r2,match,100000,0.709,125
identity_r2,match,100000,0.71,125
identity_r2,match,100000,0.711,125
identity_r2,match,100000,0.712,166
identity_r2,match,100000,0.713,166
identity_r2,match,100000,0.714,166
identity_r2,match,100000,0.715,166
identity_r2,match,100000,0.716,166
identity_r2,match,100000,0.717,166
identity_r2,match,100000,0.718,166
identity_r2,match,100000,0.719,166
identity_r2,match,100000,0.72,166
identity_r2,match,100000,0.721,166
identity_r2,match,100000,0.722,166
identity_r2,match,100000,0.723,166
identity_r2,match,100000,0.724,166
identity_r2,match,100000,0.725,166
identity_r2,match,100000,0.726,166
identity_r2,match,100000,0.727,166
identity_r2,match,100000,0.728,166
identity_r2,match,100000,0.729,166
identity_r2,match,100000,0.73,166
identity_r2,match,100000,0.731,166
identity_r2,match,100000,0.732,166
identity_r2,match,100000,0.733,166
identity_r2,match,100000,0.734,166
identity_r2,match,100000,0.735,166
identity_r2,match,100000,0.736,166
identity_r2,match,100000,0.737,166
identity_r2,match,100000,0.738,166
identity_r2,match,100000,0.739,166
identity_r2,match,100000,0.74,167
identity_r2,match,100000,0.741,167
identity_r2,match,100000,0.742,167
identity_r2,match,100000,0.743,167
identity_r2,match,100000,0.744,167
identity_r2,match,100000,0.745,167
identity_r2,match,100000,0.746,167
identity_r2,match,100000,0.747,167
identity_r2,match,100000,0.748,167
identity_r2,match,100000,0.749,167
identity_r2,match,100000,0.75,167
identity_r2,match,100000,0.751,167
identity_r2,match,100000,0.752,167
identity_r2,match,100000,0.753,167
identity_r2,match,100000,0.754,167
identity_r2,match,100000,0.755,167
identity_r2,match,100000,0.756,167
identity_r2,match,100000,0.757,167
identity_r2,match,100000,0.758,167
identity_r2,match,100000,0.759,167
identity_r2,match,100000,0.76,167
identity_r2,match,100000,0.761,167
identity_r2,match,100000,0.762,167
identity_r2,match,100000,0.763,167
identity_r2,match,100000,0.764,167
identity_r2,match,100000,0.765,167
identity_r2,match,100000,0.766,167
identity_r2,match,100000,0.767,167
identity_r2,match,100000,0.768,167
identity_r2,match,100000,0.769,167
identity_r2,match,100000,0.77,167
identity_r2,match,100000,0.771,167
identity_r2,match,100000,0.772,167
identity_r2,match,100000,0.773,167
identity_r2,match,100000,0.774,167
identity_r2,match,100000,0.775,167
identity_r2,match,100000,0.776,167
identity_r2,match,100000,0.777,167
identity_r2,match,100000,0.778,167
identity_r2,match,100000,0.779,167
identity_r2,match,100000,0.78,167
identity_r2,match,100000,0.781,167
identity_r2,match,100000,0.782,167
identity_r2,match,100000,0.783,167
identity_r2,match,100000,0.784,167
identity_r2,match,100000,0.785,167
identity_r2,match,100000,0.786,167
identity_r2,match,100000,0.787,167
identity_r2,match,100000,0.788,167
identity_r2,match,100000,0.789,167
identity_r2,match,100000,0.79,167
identity_r2,match,100000,0.791,167
identity_r2,match,100000,0.792,167
identity_r2,match,100000,0.793,167
identity_r2,match,100000,0.794,167
identity_r2,match,100000,0.795,167
identity_r2,match,100000,0.796,167
identity_r2,match,100000,0.797,167
identity_r2,match,100000,0.798,208
identity_r2,match,100000,0.799,208
identity_r2,match,100000,0.8,208
identity_r2,match,100000,0.801,208
identity_r2,match,100000,0.802,208
identity_r2,match,100000,0.803,208
identity_r2,match,100000,0.804,208
identity_r2,match,100000,0.805,208
identity_r2,match,100000,0.806,208
identity_r2,match,100000,0.807,208
identity_r2,match,100000,0.808,208
identity_r2,match,100000,0.809,208
identity_r2,match,100000,0.81,208
identity_r2,match,100000,0.811,208
identity_r2,match,100000,0.812,208
identity_r2,match,100000,0.813,208
identity_r2,match,100000,0.814,208
identity_r2,match,100000,0.815,208
identity_r2,match,100000,0.816,208
identity_r2,match,100000,0.817,208
identity_r2,match,100000,0.818,208
identity_r2,match,100000,0.819,208
identity_r2,match,100000,0.82,208
identity_r2,match,100000,0.821,208
identity_r2,match,100000,0.822,208
identity_r2,match,100000,0.823,208
identity_r2,match,100000,0.824,208
identity_r2,match,100000,0.825,208
identity_r2,match,100000,0.826,208
identity_r2,match,100000,0.827,208
identity_r2,match,100000,0.828,208
identity_r2,match,100000,0.829,208
identity_r2,match,100000,0.83,208
identity_r2,match,100000,0.831,208
identity_r2,match,100000,0.832,208
identity_r2,match,100000,0.833,208
identity_r2,match,100000,0.834,208
identity_r2,match,100000,0.835,208
identity_r2,match,100000,0.836,208
identity_r2,match,100000,0.837,208
identity_r2,match,100000,0.838,208
identity_r2,match,100000,0.839,208
identity_r2,match,100000,0.84,208
identity_r2,match,100000,0.841,208
identity_r2,match,100000,0.842,208
identity_r2,match,100000,0.843,208
identity_r2,match,100000,0.844,208
identity_r2,match,100000,0.845,208
identity_r2,match,100000,0.846,208
identity_r2,match,100000,0.847,208
identity_r2,match,100000,0.848,208
identity_r2,match,100000,0.849,209
identity_r2,match,100000,0.85,209
identity_r2,match,100000,0.851,209
identity_r2,match,100000,0.852,209
identity_r2,match,100000,0.853,209
identity_r2,match,100000,0.854,209
identity_r2,match,100000,0.855,209
identity_r2,match,100000,0.856,209
identity_r2,match,100000,0.857,209
identity_r2,match,100000,0.858,209
identity_r2,match,100000,0.859,209
identity_r2,match,100000,0.86,209
identity_r2,match,100000,0.861,209
identity_r2,match,100000,0.862,209
identity_r2,match,100000,0.863,209
identity_r2,match,100000,0.864,209
identity_r2,match,100000,0.865,209
identity_r2,match,100000,0.866,209
identity_r2,match,100000,0.867,209
identity_r2,match,100000,0.868,209
identity_r2,match,100000,0.869,209
identity_r2,match,100000,0.87,209
identity_r2,match,100000,0.871,209
identity_r2,match,100000,0.872,209
identity_r2,match,100000,0.873,209
identity_r2,match,100000,0.874,209
identity_r2,match,100000,0.875,250
identity_r2,match,100000,0.876,250
identity_r2,match,100000,0.877,250
identity_r2,match,100000,0.878,250
identity_r2,match,100000,0.879,250
identity_r2,match,100000,0.88,250
identity_r2,match,100000,0.881,250
identity_r2,match,100000,0.882,250
identity_r2,match,100000,0.883,250
identity_r2,match,100000,0.884,250
identity_r2,match,100000,0.885,250
identity_r2,match,100000,0.886,250
identity_r2,match,100000,0.887,250
identity_r2,match,100000,0.888,250
identity_r2,match,100000,0.889,250
identity_r2,match,100000,0.89,250
identity_r2,match,100000,0.891,250
identity_r2,match,100000,0.892,250
identity_r2,match,100000,0.893,250
identity_r2,match,100000,0.894,250
identity_r2,match,100000,0.895,250
identity_r2,match,100000,0.896,250
identity_r2,match,100000,0.897,250
identity_r2,match,100000,0.898,250
identity_r2,match,100000,0.899,250
identity_r2,match,100000,0.9,250
identity_r2,match,100000,0.901,250
identity_r2,match,100000,0.902,250
identity_r2,match,100000,0.903,250
identity_r2,match,100000,0.904,250
identity_r2,match,100000,0.905,250
identity_r2,match,100000,0.906,250
identity_r2,match,100000,0.907,250
identity_r2,match,100000,0.908,250
identity_r2,match,100000,0.909,250
identity_r2,match,100000,0.91,291
identity_r2,match,100000,0.911,291
identity_r2,match,100000,0.912,291
identity_r2,match,100000,0.913,291
identity_r2,match,100000,0.914,291
identity_r2,match,100000,0.915,291
identity_r2,match,100000,0.916,291
identity_r2,match,100000,0.917,291
identity_r2,match,100000,0.918,291
identity_r2,match,100000,0.919,292
identity_r2,match,100000,0.92,292
identity_r2,match,100000,0.921,292
identity_r2,match,100000,0.922,292
identity_r2,match,100000,0.923,292
identity_r2,match,100000,0.924,292
identity_r2,match,100000,0.925,292
identity_r2,match,100000,0.926,292
identity_r2,match,100000,0.927,292
identity_r2,match,100000,0.928,292
identity_r2,match,100000,0.929,292
identity_r2,match,100000,0.93,292
identity_r2,match,100000,0.931,292
identity_r2,match,100000,0.932,292
identity_r2,match,100000,0.933,292
identity_r2,match,100000,0.934,292
identity_r2,match,100000,0.935,292
identity_r2,match,100000,0.936,333
identity_r2,match,100000,0.937,333
identity_r2,match,100000,0.938,333
identity_r2,match,100000,0.939,333
identity_r2,match,100000,0.94,333
identity_r2,match,100000,0.941,333
identity_r2,match,100000,0.942,333
identity_r2,match,100000,0.943,333
identity_r2,match,100000,0.944,333
identity_r2,match,100000,0.945,333
identity_r2,match,100000,0.946,333
identity_r2,match,100000,0.947,333
identity_r2,match,100000,0.948,334
identity_r2,match,100000,0.949,334
identity_r2,match,100000,0.95,334
identity_r2,match,100000,0.951,334
identity_r2,match,100000,0.952,334
identity_r2,match,100000,0.953,334
identity_r2,match,100000,0.954,334
identity_r2,match,100000,0.955,375
identity_r2,match,100000,0.956,375
identity_r2,match,100000,0.957,375
identity_r2,match,100000,0.958,375
identity_r2,match,100000,0.959,375
identity_r2,match,100000,0.96,375
identity_r2,match,100000,0.961,375
identity_r2,match,100000,0.962,375
identity_r2,match,100000,0.963,375
identity_r2,match,100000,0.964,375
identity_r2,match,100000,0.965,375
identity_r2,match,100000,0.966,375
identity_r2,match,100000,0.967,375
identity_r2,match,100000,0.968,416
identity_r2,match,100000,0.969,416
identity_r2,match,100000,0.97,417
identity_r2,match,100000,0.971,417
identity_r2,match,100000,0.972,417
identity_r2,match,100000,0.973,417
identity_r2,match,100000,0.974,417
identity_r2,match,100000,0.975,417
identity_r2,match,100000,0.976,458
identity_r2,match,100000,0.977,458
identity_r2,match,100000,0.978,458
identity_r2,match,100000,0.979,458
identity_r2,match,100000,0.98,458
identity_r2,match,100000,0.981,459
identity_r2,match,100000,0.982,459
identity_r2,match,100000,0.983,500
identity_r2,match,100000,0.984,500
identity_r2,match,100000,0.985,500
identity_r2,match,100000,0.986,500
identity_r2,match,100000,0.987,541
identity_r2,match,100000,0.988,542
identity_r2,match,100000,0.989,542
identity_r2,match,100000,0.99,583
identity_r2,match,100000,0.991,583
identity_r2,match,100000,0.992,584
identity_r2,match,100000,0.993,625
identity_r2,match,100000,0.994,667
identity_r2,match,100000,0.995,708
identity_r2,match,100000,0.996,750
identity_r2,match,100000,0.997,875
identity_r2,match,100000,0.998,1083
identity_r2,match,100000,0.999,5625
identity_r2,add,1000000,0,0
identity_r2,add,1000000,0.001,0
identity_r2,add,1000000,0.002,0
identity_r2,add,1000000,0.003,0
identity_r2,add,1000000,0.004,0
identity_r2,add,1000000,0.005,0
identity_r2,add,1000000,0.006,0
identity_r2,add,1000000,0.007,0
identity_r2,add,1000000,0.008,0
identity_r2,add,1000000,0.009,0
identity_r2,add,1000000,0.01,0
identity_r2,add,1000000,0.011,41
identity_r2,add,1000000,0.012,41
identity_r2,add,1000000,0.013,41
identity_r2,add,1000000,0.014,41
identity_r2,add,1000000,0.015,41
identity_r2,add,1000000,0.016,41
identity_r2,add,1000000,0.017,41
identity_r2,add,1000000,0.018,41
identity_r2,add,1000000,0.019,41
identity_r2,add,1000000,0.02,41
identity_r2,add,1000000,0.021,41
identity_r2,add,1000000,0.022,41
identity_r2,add,1000000,0.023,41
identity_r2,add,1000000,0.024,41
identity_r2,add,1000000,0.025,41
identity_r2,add,1000000,0.026,41
identity_r2,add,1000000,0.027,41
identity_r2,add,1000000,0.028,41
identity_r2,add,1000000,0.029,41
identity_r2,add,1000000,0.03,41
identity_r2,add,1000000,0.031,41
identity_r2,add,1000000,0.032,41
identity_r2,add,1000000,0.033,41
identity_r2,add,1000000,0.034,41
identity_r2,add,1000000,0.035,41
identity_r2,add,1000000,0.036,41
identity_r2,add,1000000,0.037,41
identity_r2,add,1000000,0.038,41
identity_r2,add,1000000,0.039,41
identity_r2,add,1000000,0.04,41
identity_r2,add,1000000,0.041,41
identity_r2,add,1000000,0.042,41
identity_r2,add,1000000,0.043,41
identity_r2,add,1000000,0.044,41
identity_r2,add,1000000,0.045,41
identity_r2,add,1000000,0.046,41
identity_r2,add,1000000,0.047,41
identity_r2,add,1000000,0.048,41
identity_r2,add,1000000,0.049,41
identity_r2,add,1000000,0.05,41
identity_r2,add,1000000,0.051,41
identity_r2,add,1000000,0.052,41
identity_r2,add,1000000,0.053,41
identity_r2,add,1000000,0.054,41
identity_r2,add,1000000,0.055,41
identity_r2,add,1000000,0.056,41
identity_r2,add,1000000,0.057,41
identity_r2,add,1000000,0.058,41
identity_r2,add,1000000,0.059,41
identity_r2,add,1000000,0.06,41
identity_r2,add,1000000,0.061,41
identity_r2,add,1000000,0.062,41
identity_r2,add,1000000,0.063,41
identity_r2,add,1000000,0.064,41
identity_r2,add,1000000,0.065,41
identity_r2,add,1000000,0.066,41
identity_r2,add,1000000,0.067,41
identity_r2,add,1000000,0.068,41
identity_r2,add,1000000,0.069,41
identity_r2,add,1000000,0.07,41
identity_r2,add,1000000,0.071,41
identity_r2,add,1000000,0.072,41
identity_r2,add,1000000,0.073,41
identity_r2,add,1000000,0.074,41
identity_r2,add,1000000,0.075,41
identity_r2,add,1000000,0.076,41
identity_r2,add,1000000,0.077,41
identity_r2,add,1000000,0.078,41
identity_r2,add,1000000,0.079,41
identity_r2,add,1000000,0.08,41
identity_r2,add,1000000,0.081,41
identity_r2,add,1000000,0.082,42
identity_r2,add,1000000,0.083,42
identity_r2,add,1000000,0.084,42
identity_r2,add,1000000,0.085,42
identity_r2,add,1000000,0.086,42
identity_r2,add,1000000,0.087,42
identity_r2,add,1000000,0.088,42
identity_r2,add,1000000,0.089,42
identity_r2,add,1000000,0.09,42
identity_r2,add,1000000,0.091,42
identity_r2,add,1000000,0.092,42
identity_r2,add,1000000,0.093,42
identity_r2,add,1000000,0.094,42
identity_r2,add,1000000,0.095,42
identity_r2,add,1000000,0.096,42
identity_r2,add,1000000,0.097,42
identity_r2,add,1000000,0.098,42
identity_r2,add,1000000,0.099,42
identity_r2,add,1000000,0.1,42
identity_r2,add,1000000,0.101,42
identity_r2,add,1000000,0.102,42
identity_r2,add,1000000,0.103,42
identity_r2,add,1000000,0.104,42
identity_r2,add,1000000,0.105,42
identity_r2,add,1000000,0.106,42
identity_r2,add,1000000,0.107,42
identity_r2,add,1000000,0.108,42
identity_r2,add,1000000,0.109,42
identity_r2,add,1000000,0.11,42
identity_r2,add,1000000,0.111,42
identity_r2,add,1000000,0.112,42
identity_r2,add,1000000,0.113,42
identity_r2,add,1000000,0.114,42
identity_r2,add,1000000,0.115,42
identity_r2,add,1000000,0.116,42
identity_r2,add,1000000,0.117,42
identity_r2,add,1000000,0.118,42
identity_r2,add,1000000,0.119,42
identity_r2,add,1000000,0.12,42
identity_r2,add,1000000,0.121,42
identity_r2,add,1000000,0.122,42
identity_r2,add,1000000,0.123,42
identity_r2,add,1000000,0.124,42
identity_r2,add,1000000,0.125,42
identity_r2,add,1000000,0.126,42
identity_r2,add,1000000,0.127,42
identity_r2,add,1000000,0.128,42
identity_r2,add,1000000,0.129,42
identity_r2,add,1000000,0.13,42
identity_r2,add,1000000,0.131,42
identity_r2,add,1000000,0.132,42
identity_r2,add,1000000,0.133,42
identity_r2,add,1000000,0.134,42
identity_r2,add,1000000,0.135,42
identity_r2,add,1000000,0.136,42
identity_r2,add,1000000,0.137,42
identity_r2,add,1000000,0.138,42
identity_r2,add,1000000,0.139,42
identity_r2,add,1000000,0.14,42
identity_r2,add,1000000,0.141,42
identity_r2,add,1000000,0.142,42
identity_r2,add,1000000,0.143,42
identity_r2,add,1000000,0.144,42
identity_r2,add,1000000,0.145,42
identity_r2,add,1000000,0.146,42
identity_r2,add,1000000,0.147,42
identity_r2,add,1000000,0.148,42
identity_r2,add,1000000,0.149,42
identity_r2,add,1000000,0.15,42
identity_r2,add,1000000,0.151,42
identity_r2,add,1000000,0.152,42
identity_r2,add,1000000,0.153,42
identity_r2,add,1000000,0.154,42
identity_r2,add,1000000,0.155,42
identity_r2,add,1000000,0.156,42
identity_r2,add,1000000,0.157,42
identity_r2,add,1000000,0.158,42
identity_r2,add,1000000,0.159,42
identity_r2,add,1000000,0.16,42
identity_r2,add,1000000,0.161,42
identity_r2,add,1000000,0.162,42
identity_r2,add,1000000,0.163,42
identity_r2,add,1000000,0.164,42
identity_r2,add,1000000,0.165,42
identity_r2,add,1000000,0.166,42
identity_r2,add,1000000,0.167,42
identity_r2,add,1000000,0.168,42
identity_r2,add,1000000,0.169,42
identity_r2,add,1000000,0.17,42
identity_r2,add,1000000,0.171,42
identity_r2,add,1000000,0.172,42
identity_r2,add,1000000,0.173,42
identity_r2,add,1000000,0.174,42
identity_r2,add,1000000,0.175,42
identity_r2,add,1000000,0.176,42
identity_r2,add,1000000,0.177,42
identity_r2,add,1000000,0.178,42
identity_r2,add,1000000,0.179,42
identity_r2,add,1000000,0.18,42
identity_r2,add,1000000,0.181,42
identity_r2,add,1000000,0.182,42
identity_r2,add,1000000,0.183,42
identity_r2,add,1000000,0.184,42
identity_r2,add,1000000,0.185,42
identity_r2,add,1000000,0.186,42
identity_r2,add,1000000,0.187,42
identity_r2,add,1000000,0.188,42
identity_r2,add,1000000,0.189,42
identity_r2,add,1000000,0.19,42
identity_r2,add,1000000,0.191,42
identity_r2,add,1000000,0.192,42
identity_r2,add,1000000,0.193,42
identity_r2,add,1000000,0.194,42
identity_r2,add,1000000,0.195,42
identity_r2,add,1000000,0.196,42
identity_r2,add,1000000,0.197,42
identity_r2,add,1000000,0.198,42
identity_r2,add,1000000,0.199,42
identity_r2,add,1000000,0.2,42
identity_r2,add,1000000,0.201,42
identity_r2,add,1000000,0.202,42
identity_r2,add,1000000,0.203,42
identity_r2,add,1000000,0.204,42
identity_r2,add,1000000,0.205,42
identity_r2,add,1000000,0.206,42
identity_r2,add,1000000,0.207,42
identity_r2,add,1000000,0.208,42
identity_r2,add,1000000,0.209,42
identity_r2,add,1000000,0.21,42
identity_r2,add,1000000,0.211,42
identity_r2,add,1000000,0.212,42
identity_r2,add,1000000,0.213,42
identity_r2,add,1000000,0.214,42
identity_r2,add,1000000,0.215,42
identity_r2,add,1000000,0.216,42
identity_r2,add,1000000,0.217,42
identity_r2,add,1000000,0.218,42
identity_r2,add,1000000,0.219,42
identity_r2,add,1000000,0.22,42
identity_r2,add,1000000,0.221,42
identity_r2,add,1000000,0.222,42
identity_r2,add,1000000,0.223,83
identity_r2,add,1000000,0.224,83
identity_r2,add,1000000,0.225,83
identity_r2,add,1000000,0.226,83
identity_r2,add,1000000,0.227,83
identity_r2,add,1000000,0.228,83
identity_r2,add,1000000,0.229,83
identity_r2,add,1000000,0.23,83
identity_r2,add,1000000,0.231,83
identity_r2,add,1000000,0.232,83
identity_r2,add,1000000,0.233,83
identity_r2,add,1000000,0.234,83
identity_r2,add,1000000,0.235,83
identity_r2,add,1000000,0.236,83
identity_r2,add,1000000,0.237,83
identity_r2,add,1000000,0.238,83
identity_r2,add,1000000,0.239,83
identity_r2,add,1000000,0.24,83
identity_r2,add,1000000,0.241,83
identity_r2,add,1000000,0.242,83
identity_r2,add,1000000,0.243,83
identity_r2,add,1000000,0.244,83
identity_r2,add,1000000,0.245,83
identity_r2,add,1000000,0.246,83
identity_r2,add,1000000,0.247,83
identity_r2,add,1000000,0.248,83
identity_r2,add,1000000,0.249,83
identity_r2,add,1000000,0.25,83
identity_r2,add,1000000,0.251,83
identity_r2,add,1000000,0.252,83
identity_r2,add,1000000,0.253,83
identity_r2,add,1000000,0.254,83
identity_r2,add,1000000,0.255,83
identity_r2,add,1000000,0.256,83
identity_r2,add,1000000,0.257,83
identity_r2,add,1000000,0.258,83
identity_r2,add,1000000,0.259,83
identity_r2,add,1000000,0.26,83
identity_r2,add,1000000,0.261,83
identity_r2,add,1000000,0.262,83
identity_r2,add,1000000,0.263,83
identity_r2,add,1000000,0.264,83
identity_r2,add,1000000,0.265,83
identity_r2,add,1000000,0.266,83
identity_r2,add,1000000,0.267,83
identity_r2,add,1000000,0.268,83
identity_r2,add,1000000,0.269,83
identity_r2,add,1000000,0.27,83
identity_r2,add,1000000,0.271,83
identity_r2,add,1000000,0.272,83
identity_r2,add,1000000,0.273,83
identity_r2,add,1000000,0.274,83
identity_r2,add,1000000,0.275,83
identity_r2,add,1000000,0.276,83
identity_r2,add,1000000,0.277,83
identity_r2,add,1000000,0.278,83
identity_r2,add,1000000,0.279,83
identity_r2,add,1000000,0.28,83
identity_r2,add,1000000,0.281,83
identity_r2,add,1000000,0.282,83
identity_r2,add,1000000,0.283,83
identity_r2,add,1000000,0.284,83
identity_r2,add,1000000,0.285,83
identity_r2,add,1000000,0.286,83
identity_r2,add,1000000,0.287,83
identity_r2,add,1000000,0.288,83
identity_r2,add,1000000,0.289,83
identity_r2,add,1000000,0.29,83
identity_r2,add,1000000,0.291,83
identity_r2,add,1000000,0.292,83
identity_r2,add,1000000,0.293,83
identity_r2,add,1000000,0.294,83
identity_r2,add,1000000,0.295,83
identity_r2,add,1000000,0.296,83
identity_r2,add,1000000,0.297,83
identity_r2,add,1000000,0.298,83
identity_r2,add,1000000,0.299,83
identity_r2,add,1000000,0.3,83
identity_r2,add,1000000,0.301,83
identity_r2,add,1000000,0.302,83
identity_r2,add,1000000,0.303,83
identity_r2,add,1000000,0.304,83
identity_r2,add,1000000,0.305,83
identity_r2,add,1000000,0.306,83
identity_r2,add,1000000,0.307,83
identity_r2,add,1000000,0.308,83
identity_r2,add,1000000,0.309,83
identity_r2,add,1000000,0.31,83
identity_r2,add,1000000,0.311,83
identity_r2,add,1000000,0.312,83
identity_r2,add,1000000,0.313,83
identity_r2,add,1000000,0.314,83
identity_r2,add,1000000,0.315,83
identity_r2,add,1000000,0.316,83
identity_r2,add,1000000,0.317,83
identity_r2,add,1000000,0.318,83
identity_r2,add,1000000,0.319,83
identity_r2,add,1000000,0.32,83
identity_r2,add,1000000,0.321,83
identity_r2,add,1000000,0.322,83
identity_r2,add,1000000,0.323,83
identity_r2,add,1000000,0.324,83
identity_r2,add,1000000,0.325,83
identity_r2,add,1000000,0.326,83
identity_r2,add,1000000,0.327,83
identity_r2,add,1000000,0.328,83
identity_r2,add,1000000,0.329,83
identity_r2,add,1000000,0.33,83
identity_r2,add,1000000,0.331,83
identity_r2,add,1000000,0.332,83
identity_r2,add,1000000,0.333,83
identity_r2,add,1000000,0.334,83
identity_r2,add,1000000,0.335,83
identity_r2,add,1000000,0.336,83
identity_r2,add,1000000,0.337,83
identity_r2,add,1000000,0.338,83
identity_r2,add,1000000,0.339,83
identity_r2,add,1000000,0.34,83
identity_r2,add,1000000,0.341,83
identity_r2,add,1000000,0.342,83
identity_r2,add,1000000,0.343,83
identity_r2,add,1000000,0.344,83
identity_r2,add,1000000,0.345,83
identity_r2,add,1000000,0.346,83
identity_r2,add,1000000,0.347,83
identity_r2,add,1000000,0.348,83
identity_r2,add,1000000,0.349,83
identity_r2,add,1000000,0.35,83
identity_r2,add,1000000,0.351,83
identity_r2,add,1000000,0.352,83
identity_r2,add,1000000,0.353,83
identity_r2,add,1000000,0.354,83
identity_r2,add,1000000,0.355,83
identity_r2,add,1000000,0.356,83
identity_r2,add,1000000,0.357,83
identity_r2,add,1000000,0.358,83
identity_r2,add,1000000,0.359,83
identity_r2,add,1000000,0.36,83
identity_r2,add,1000000,0.361,83
identity_r2,add,1000000,0.362,83
identity_r2,add,1000000,0.363,83
identity_r2,add,1000000,0.364,83
identity_r2,add,1000000,0.365,83
identity_r2,add,1000000,0.366,83
identity_r2,add,1000000,0.367,83
identity_r2,add,1000000,0.368,83
identity_r2,add,1000000,0.369,83
identity_r2,add,1000000,0.37,83
identity_r2,add,1000000,0.371,83
identity_r2,add,1000000,0.372,83
identity_r2,add,1000000,0.373,83
identity_r2,add,1000000,0.374,83
identity_r2,add,1000000,0.375,83
identity_r2,add,1000000,0.376,83
identity_r2,add,1000000,0.377,83
identity_r2,add,1000000,0.378,83
identity_r2,add,1000000,0.379,83
identity_r2,add,1000000,0.38,83
identity_r2,add,1000000,0.381,83
identity_r2,add,1000000,0.382,83
identity_r2,add,1000000,0.383,83
identity_r2,add,1000000,0.384,83
identity_r2,add,1000000,0.385,83
identity_r2,add,1000000,0.386,83
identity_r2,add,1000000,0.387,83
identity_r2,add,1000000,0.388,83
identity_r2,add,1000000,0.389,83
identity_r2,add,1000000,0.39,83
identity_r2,add,1000000,0.391,83
identity_r2,add,1000000,0.392,83
identity_r2,add,1000000,0.393,83
identity_r2,add,1000000,0.394,83
identity_r2,add,1000000,0.395,83
identity_r2,add,1000000,0.396,83
identity_r2,add,1000000,0.397,83
identity_r2,add,1000000,0.398,83
identity_r2,add,1000000,0.399,83
identity_r2,add,1000000,0.4,83
identity_r2,add,1000000,0.401,83
identity_r2,add,1000000,0.402,83
identity_r2,add,1000000,0.403,83
identity_r2,add,1000000,0.404,83
identity_r2,add,1000000,0.405,83
identity_r2,add,1000000,0.406,83
identity_r2,add,1000000,0.407,83
identity_r2,add,1000000,0.408,83
identity_r2,add,1000000,0.409,83
identity_r2,add,1000000,0.41,83
identity_r2,add,1000000,0.411,83
identity_r2,add,1000000,0.412,83
identity_r2,add,1000000,0.413,83
identity_r2,add,1000000,0.414,83
identity_r2,add,1000000,0.415,83
identity_r2,add,1000000,0.416,83
identity_r2,add,1000000,0.417,83
identity_r2,add,1000000,0.418,83
identity_r2,add,1000000,0.419,83
identity_r2,add,1000000,0.42,83
identity_r2,add,1000000,0.421,83
identity_r2,add,1000000,0.422,83
identity_r2,add,1000000,0.423,83
identity_r2,add,1000000,0.424,83
identity_r2,add,1000000,0.425,83
identity_r2,add,1000000,0.426,83
identity_r2,add,1000000,0.427,83
identity_r2,add,1000000,0.428,83
identity_r2,add,1000000,0.429,83
identity_r2,add,1000000,0.43,83
identity_r2,add,1000000,0.431,83
identity_r2,add,1000000,0.432,83
identity_r2,add,1000000,0.433,83
identity_r2,add,1000000,0.434,83
identity_r2,add,1000000,0.435,83
identity_r2,add,1000000,0.436,83
identity_r2,add,1000000,0.437,83
identity_r2,add,1000000,0.438,83
identity_r2,add,1000000,0.439,83
identity_r2,add,1000000,0.44,83
identity_r2,add,1000000,0.441,83
identity_r2,add,1000000,0.442,83
identity_r2,add,1000000,0.443,83
identity_r2,add,1000000,0.444,83
identity_r2,add,1000000,0.445,83
identity_r2,add,1000000,0.446,83
identity_r2,add,1000000,0.447,83
identity_r2,add,1000000,0.448,83
identity_r2,add,1000000,0.449,83
identity_r2,add,1000000,0.45,83
identity_r2,add,1000000,0.451,83
identity_r2,add,1000000,0.452,83
identity_r2,add,1000000,0.453,83
identity_r2,add,1000000,0.454,83
identity_r2,add,1000000,0.455,83
identity_r2,add,1000000,0.456,83
identity_r2,add,1000000,0.457,83
identity_r2,add,1000000,0.458,83
identity_r2,add,1000000,0.459,83
identity_r2,add,1000000,0.46,83
identity_r2,add,1000000,0.461,83
identity_r2,add,1000000,0.462,83
identity_r2,add,1000000,0.463,83
identity_r2,add,1000000,0.464,83
identity_r2,add,1000000,0.465,83
identity_r2,add,1000000,0.466,83
identity_r2,add,1000000,0.467,83
identity_r2,add,1000000,0.468,83
identity_r2,add,1000000,0.469,83
identity_r2,add,1000000,0.47,83
identity_r2,add,1000000,0.471,83
identity_r2,add,1000000,0.472,83
identity_r2,add,1000000,0.473,83
identity_r2,add,1000000,0.474,83
identity_r2,add,1000000,0.475,83
identity_r2,add,1000000,0.476,83
identity_r2,add,1000000,0.477,83
identity_r2,add,1000000,0.478,83
identity_r2,add,1000000,0.479,83
identity_r2,add,1000000,0.48,83
identity_r2,add,1000000,0.481,83
identity_r2,add,1000000,0.482,83
identity_r2,add,1000000,0.483,83
identity_r2,add,1000000,0.484,83
identity_r2,add,1000000,0.485,83
identity_r2,add,1000000,0.486,83
identity_r2,add,1000000,0.487,83
identity_r2,add,1000000,0.488,84
identity_r2,add,1000000,0.489,84
identity_r2,add,1000000,0.49,84
identity_r2,add,1000000,0.491,84
identity_r2,add,1000000,0.492,84
identity_r2,add,1000000,0.493,84
identity_r2,add,1000000,0.494,84
identity_r2,add,1000000,0.495,84
identity_r2,add,1000000,0.496,84
identity_r2,add,1000000,0.497,84
identity_r2,add,1000000,0.498,84
identity_r2,add,1000000,0.499,84
identity_r2,add,1000000,0.5,84
identity_r2,add,1000000,0.501,84
identity_r2,add,1000000,0.502,84
identity_r2,add,1000000,0.503,84
identity_r2,add,1000000,0.504,84
identity_r2,add,1000000,0.505,84
identity_r2,add,1000000,0.506,84
identity_r2,add,1000000,0.507,84
identity_r2,add,1000000,0.508,84
identity_r2,add,1000000,0.509,84
identity_r2,add,1000000,0.51,84
identity_r2,add,1000000,0.511,84
identity_r2,add,1000000,0.512,84
identity_r2,add,1000000,0.513,84
identity_r2,add,1000000,0.514,84
identity_r2,add,1000000,0.515,84
identity_r2,add,1000000,0.516,84
identity_r2,add,1000000,0.517,84
identity_r2,add,1000000,0.518,84
identity_r2,add,1000000,0.519,84
identity_r2,add,1000000,0.52,84
identity_r2,add,1000000,0.521,84
identity_r2,add,1000000,0.522,84
identity_r2,add,1000000,0.523,84
identity_r2,add,1000000,0.524,84
identity_r2,add,1000000,0.525,84
identity_r2,add,1000000,0.526,84
identity_r2,add,1000000,0.527,84
identity_r2,add,1000000,0.528,84
identity_r2,add,1000000,0.529,84
identity_r2,add,1000000,0.53,84
identity_r2,add,1000000,0.531,84
identity_r2,add,1000000,0.532,84
identity_r2,add,1000000,0.533,84
identity_r2,add,1000000,0.534,84
identity_r2,add,1000000,0.535,84
identity_r2,add,1000000,0.536,84
identity_r2,add,1000000,0.537,84
identity_r2,add,1000000,0.538,84
identity_r2,add,1000000,0.539,84
identity_r2,add,1000000,0.54,84
identity_r2,add,1000000,0.541,84
identity_r2,add,1000000,0.542,84
identity_r2,add,1000000,0.543,84
identity_r2,add,1000000,0.544,84
identity_r2,add,1000000,0.545,84
identity_r2,add,1000000,0.546,84
identity_r2,add,1000000,0.547,84
identity_r2,add,1000000,0.548,84
identity_r2,add,1000000,0.549,84
identity_r2,add,1000000,0.55,84
identity_r2,add,1000000,0.551,84
identity_r2,add,1000000,0.552,84
identity_r2,add,1000000,0.553,84
identity_r2,add,1000000,0.554,84
identity_r2,add,1000000,0.555,84
identity_r2,add,1000000,0.556,84
identity_r2,add,1000000,0.557,84
identity_r2,add,1000000,0.558,84
identity_r2,add,1000000,0.559,84
identity_r2,add,1000000,0.56,84
identity_r2,add,1000000,0.561,84
identity_r2,add,1000000,0.562,84
identity_r2,add,1000000,0.563,84
identity_r2,add,1000000,0.564,84
identity_r2,add,1000000,0.565,84
identity_r2,add,1000000,0.566,84
identity_r2,add,1000000,0.567,84
identity_r2,add,1000000,0.568,84
identity_r2,add,1000000,0.569,84
identity_r2,add,1000000,0.57,84
identity_r2,add,1000000,0.571,84
identity_r2,add,1000000,0.572,84
identity_r2,add,1000000,0.573,84
identity_r2,add,1000000,0.574,84
identity_r2,add,1000000,0.575,84
identity_r2,add,1000000,0.576,84
identity_r2,add,1000000,0.577,84
identity_r2,add,1000000,0.578,84
identity_r2,add,1000000,0.579,84
identity_r2,add,1000000,0.58,84
identity_r2,add,1000000,0.581,84
identity_r2,add,1000000,0.582,84
identity_r2,add,1000000,0.583,84
identity_r2,add,1000000,0.584,84
identity_r2,add,1000000,0.585,84
identity_r2,add,1000000,0.586,84
identity_r2,add,1000000,0.587,84
identity_r2,add,1000000,0.588,84
identity_r2,add,1000000,0.589,84
identity_r2,add,1000000,0.59,84
identity_r2,add,1000000,0.591,84
identity_r2,add,1000000,0.592,84
identity_r2,add,1000000,0.593,84
identity_r2,add,1000000,0.594,84
identity_r2,add,1000000,0.595,84
identity_r2,add,1000000,0.596,84
identity_r2,add,1000000,0.597,84
identity_r2,add,1000000,0.598,84
identity_r2,add,1000000,0.599,84
identity_r2,add,1000000,0.6,84
identity_r2,add,1000000,0.601,84
identity_r2,add,1000000,0.602,84
identity_r2,add,1000000,0.603,84
identity_r2,add,1000000,0.604,84
identity_r2,add,1000000,0.605,84
identity_r2,add,1000000,0.606,84
identity_r2,add,1000000,0.607,84
identity_r2,add,1000000,0.608,84
identity_r2,add,1000000,0.609,84
identity_r2,add,1000000,0.61,84
identity_r2,add,1000000,0.611,84
identity_r2,add,1000000,0.612,84
identity_r2,add,1000000,0.613,84
identity_r2,add,1000000,0.614,84
identity_r2,add,1000000,0.615,84
identity_r2,add,1000000,0.616,84
identity_r2,add,1000000,0.617,84
identity_r2,add,1000000,0.618,84
identity_r2,add,1000000,0.619,84
identity_r2,add,1000000,0.62,84
identity_r2,add,1000000,0.621,125
identity_r2,add,1000000,0.622,125
identity_r2,add,1000000,0.623,125
identity_r2,add,1000000,0.624,125
identity_r2,add,1000000,0.625,125
identity_r2,add,1000000,0.626,125
identity_r2,add,1000000,0.627,125
identity_r2,add,1000000,0.628,125
identity_r2,add,1000000,0.629,125
identity_r2,add,1000000,0.63,125
identity_r2,add,1000000,0.631,125
identity_r2,add,1000000,0.632,125
identity_r2,add,1000000,0.633,125
identity_r2,add,1000000,0.634,125
identity_r2,add,1000000,0.635,125
identity_r2,add,1000000,0.636,125
identity_r2,add,1000000,0.637,125
identity_r2,add,1000000,0.638,125
identity_r2,add,1000000,0.639,125
identity_r2,add,1000000,0.64,125
identity_r2,add,1000000,0.641,125
identity_r2,add,1000000,0.642,125
identity_r2,add,1000000,0.643,125
identity_r2,add,1000000,0.644,125
identity_r2,add,1000000,0.645,125
identity_r2,add,1000000,0.646,125
identity_r2,add,1000000,0.647,125
identity_r2,add,1000000,0.648,125
identity_r2,add,1000000,0.649,125
identity_r2,add,1000000,0.65,125
identity_r2,add,1000000,0.651,125
identity_r2,add,1000000,0.652,125
identity_r2,add,1000000,0.653,125
identity_r2,add,1000000,0.654,125
identity_r2,add,1000000,0.655,125
identity_r2,add,1000000,0.656,125
identity_r2,add,1000000,0.657,125
identity_r2,add,1000000,0.658,125
identity_r2,add,1000000,0.659,125
identity_r2,add,1000000,0.66,125
identity_r2,add,1000000,0.661,125
identity_r2,add,1000000,0.662,125
identity_r2,add,1000000,0.663,125
identity_r2,add,1000000,0.664,125
identity_r2,add,1000000,0.665,125
identity_r2,add,1000000,0.666,125
identity_r2,add,1000000,0.667,125
identity_r2,add,1000000,0.668,125
identity_r2,add,1000000,0.669,125
identity_r2,add,1000000,0.67,125
identity_r2,add,1000000,0.671,125
identity_r2,add,1000000,0.672,125
identity_r2,add,1000000,0.673,125
identity_r2,add,1000000,0.674,125
identity_r2,add,1000000,0.675,125
identity_r2,add,1000000,0.676,125
identity_r2,add,1000000,0.677,125
identity_r2,add,1000000,0.678,125
identity_r2,add,1000000,0.679,125
identity_r2,add,1000000,0.68,125
identity_r2,add,1000000,0.681,125
identity_r2,add,1000000,0.682,125
identity_r2,add,1000000,0.683,125
identity_r2,add,1000000,0.684,125
identity_r2,add,1000000,0.685,125
identity_r2,add,1000000,0.686,125
identity_r2,add,1000000,0.687,125
identity_r2,add,1000000,0.688,125
identity_r2,add,1000000,0.689,125
identity_r2,add,1000000,0.69,125
identity_r2,add,1000000,0.691,125
identity_r2,add,1000000,0.692,125
identity_r2,add,1000000,0.693,125
identity_r2,add,1000000,0.694,125
identity_r2,add,1000000,0.695,125
identity_r2,add,1000000,0.696,125
identity_r2,add,1000000,0.697,125
identity_r2,add,1000000,0.698,125
identity_r2,add,1000000,0.699,125
identity_r2,add,1000000,0.7,125
identity_r2,add,1000000,0.701,125
identity_r2,add,1000000,0.702,125
identity_r2,add,1000000,0.703,125
identity_r2,add,1000000,0.704,125
identity_r2,add,1000000,0.705,125
identity_r2,add,1000000,0.706,125
identity_r2,add,1000000,0.707,125
identity_r2,add,1000000,0.708,125
identity_r2,add,1000000,0.709,125
identity_r2,add,1000000,0.71,125
identity_r2,add,1000000,0.711,125
identity_r2,add,1000000,0.712,125
identity_r2,add,1000000,0.713,125
identity_r2,add,1000000,0.714,125
identity_r2,add,1000000,0.715,125
identity_r2,add,1000000,0.716,125
identity_r2,add,1000000,0.717,125
identity_r2,add,1000000,0.718,125
identity_r2,add,1000000,0.719,125
identity_r2,add,1000000,0.72,125
identity_r2,add,1000000,0.721,125
identity_r2,add,1000000,0.722,125
identity_r2,add,1000000,0.723,125
identity_r2,add,1000000,0.724,125
identity_r2,add,1000000,0.725,125
identity_r2,add,1000000,0.726,125
identity_r2,add,1000000,0.727,125
identity_r2,add,1000000,0.728,125
identity_r2,add,1000000,0.729,125
identity_r2,add,1000000,0.73,125
identity_r2,add,1000000,0.731,125
identity_r2,add,1000000,0.732,125
identity_r2,add,1000000,0.733,125
identity_r2,add,1000000,0.734,125
identity_r2,add,1000000,0.735,125
identity_r2,add,1000000,0.736,125
identity_r2,add,1000000,0.737,125
identity_r2,add,1000000,0.738,125
identity_r2,add,1000000,0.739,125
identity_r2,add,1000000,0.74,125
identity_r2,add,1000000,0.741,125
identity_r2,add,1000000,0.742,125
identity_r2,add,1000000,0.743,125
identity_r2,add,1000000,0.744,125
identity_r2,add,1000000,0.745,125
identity_r2,add,1000000,0.746,125
identity_r2,add,1000000,0.747,125
identity_r2,add,1000000,0.748,125
identity_r2,add,1000000,0.749,125
identity_r2,add,1000000,0.75,125
identity_r2,add,1000000,0.751,125
identity_r2,add,1000000,0.752,125
identity_r2,add,1000000,0.753,125
identity_r2,add,1000000,0.754,125
identity_r2,add,1000000,0.755,125
identity_r2,add,1000000,0.756,125
identity_r2,add,1000000,0.757,125
identity_r2,add,1000000,0.758,125
identity_r2,add,1000000,0.759,125
identity_r2,add,1000000,0.76,125
identity_r2,add,1000000,0.761,125
identity_r2,add,1000000,0.762,125
identity_r2,add,1000000,0.763,125
identity_r2,add,1000000,0.764,125
identity_r2,add,1000000,0.765,125
identity_r2,add,1000000,0.766,125
identity_r2,add,1000000,0.767,125
identity_r2,add,1000000,0.768,125
identity_r2,add,1000000,0.769,125
identity_r2,add,1000000,0.77,125
identity_r2,add,1000000,0.771,125
identity_r2,add,1000000,0.772,125
identity_r2,add,1000000,0.773,125
identity_r2,add,1000000,0.774,125
identity_r2,add,1000000,0.775,125
identity_r2,add,1000000,0.776,125
identity_r2,add,1000000,0.777,125
identity_r2,add,1000000,0.778,125
identity_r2,add,1000000,0.779,125
identity_r2,add,1000000,0.78,125
identity_r2,add,1000000,0.781,125
identity_r2,add,1000000,0.782,125
identity_r2,add,1000000,0.783,125
identity_r2,add,1000000,0.784,125
identity_r2,add,1000000,0.785,125
identity_r2,add,1000000,0.786,125
identity_r2,add,1000000,0.787,125
identity_r2,add,1000000,0.788,125
identity_r2,add,1000000,0.789,125
identity_r2,add,1000000,0.79,125
identity_r2,add,1000000,0.791,125
identity_r2,add,1000000,0.792,125
identity_r2,add,1000000,0.793,125
identity_r2,add,1000000,0.794,125
identity_r2,add,1000000,0.795,125
identity_r2,add,1000000,0.796,125
identity_r2,add,1000000,0.797,125
identity_r2,add,1000000,0.798,125
identity_r2,add,1000000,0.799,125
identity_r2,add,1000000,0.8,125
identity_r2,add,1000000,0.801,125
identity_r2,add,1000000,0.802,125
identity_r2,add,1000000,0.803,125
identity_r2,add,1000000,0.804,125
identity_r2,add,1000000,0.805,125
identity_r2,add,1000000,0.806,125
identity_r2,add,1000000,0.807,125
identity_r2,add,1000000,0.808,125
identity_r2,add,1000000,0.809,125
identity_r2,add,1000000,0.81,125
identity_r2,add,1000000,0.811,125
identity_r2,add,1000000,0.812,125
identity_r2,add,1000000,0.813,125
identity_r2,add,1000000,0.814,125
identity_r2,add,1000000,0.815,125
identity_r2,add,1000000,0.816,125
identity_r2,add,1000000,0.817,125
identity_r2,add,1000000,0.818,125
identity_r2,add,1000000,0.819,125
identity_r2,add,1000000,0.82,125
identity_r2,add,1000000,0.821,125
identity_r2,add,1000000,0.822,125
identity_r2,add,1000000,0.823,125
identity_r2,add,1000000,0.824,125
identity_r2,add,1000000,0.825,125
identity_r2,add,1000000,0.826,125
identity_r2,add,1000000,0.827,125
identity_r2,add,1000000,0.828,125
identity_r2,add,1000000,0.829,125
identity_r2,add,1000000,0.83,125
identity_r2,add,1000000,0.831,125
identity_r2,add,1000000,0.832,125
identity_r2,add,1000000,0.833,166
identity_r2,add,1000000,0.834,166
identity_r2,add,1000000,0.835,166
identity_r2,add,1000000,0.836,166
identity_r2,add,1000000,0.837,166
identity_r2,add,1000000,0.838,166
identity_r2,add,1000000,0.839,166
identity_r2,add,1000000,0.84,166
identity_r2,add,1000000,0.841,166
identity_r2,add,1000000,0.842,166
identity_r2,add,1000000,0.843,166
identity_r2,add,1000000,0.844,166
identity_r2,add,1000000,0.845,166
identity_r2,add,1000000,0.846,166
identity_r2,add,1000000,0.847,166
identity_r2,add,1000000,0.848,166
identity_r2,add,1000000,0.849,166
identity_r2,add,1000000,0.85,166
identity_r2,add,1000000,0.851,166
identity_r2,add,1000000,0.852,166
identity_r2,add,1000000,0.853,166
identity_r2,add,1000000,0.854,166
identity_r2,add,1000000,0.855,166
identity_r2,add,1000000,0.856,166
identity_r2,add,1000000,0.857,166
identity_r2,add,1000000,0.858,166
identity_r2,add,1000000,0.859,166
identity_r2,add,1000000,0.86,166
identity_r2,add,1000000,0.861,166
identity_r2,add,1000000,0.862,166
identity_r2,add,1000000,0.863,166
identity_r2,add,1000000,0.864,166
identity_r2,add,1000000,0.865,166
identity_r2,add,1000000,0.866,166
identity_r2,add,1000000,0.867,166
identity_r2,add,1000000,0.868,166
identity_r2,add,1000000,0.869,166
identity_r2,add,1000000,0.87,166
identity_r2,add,1000000,0.871,166
identity_r2,add,1000000,0.872,167
identity_r2,add,1000000,0.873,167
identity_r2,add,1000000,0.874,167
identity_r2,add,1000000,0.875,167
identity_r2,add,1000000,0.876,167
identity_r2,add,1000000,0.877,167
identity_r2,add,1000000,0.878,167
identity_r2,add,1000000,0.879,167
identity_r2,add,1000000,0.88,167
identity_r2,add,1000000,0.881,167
identity_r2,add,1000000,0.882,167
identity_r2,add,1000000,0.883,167
identity_r2,add,1000000,0.884,167
identity_r2,add,1000000,0.885,167
identity_r2,add,1000000,0.886,167
identity_r2,add,1000000,0.887,167
identity_r2,add,1000000,0.888,167
identity_r2,add,1000000,0.889,167
identity_r2,add,1000000,0.89,167
identity_r2,add,1000000,0.891,167
identity_r2,add,1000000,0.892,167
identity_r2,add,1000000,0.893,167
identity_r2,add,1000000,0.894,167
identity_r2,add,1000000,0.895,167
identity_r2,add,1000000,0.896,167
identity_r2,add,1000000,0.897,167
identity_r2,add,1000000,0.898,167
identity_r2,add,1000000,0.899,167
identity_r2,add,1000000,0.9,167
identity_r2,add,1000000,0.901,167
identity_r2,add,1000000,0.902,167
identity_r2,add,1000000,0.903,167
identity_r2,add,1000000,0.904,167
identity_r2,add,1000000,0.905,167
identity_r2,add,1000000,0.906,167
identity_r2,add,1000000,0.907,167
identity_r2,add,1000000,0.908,167
identity_r2,add,1000000,0.909,167
identity_r2,add,1000000,0.91,167
identity_r2,add,1000000,0.911,167
identity_r2,add,1000000,0.912,167
identity_r2,add,1000000,0.913,167
identity_r2,add,1000000,0.914,167
identity_r2,add,1000000,0.915,167
identity_r2,add,1000000,0.916,167
identity_r2,add,1000000,0.917,167
identity_r2,add,1000000,0.918,167
identity_r2,add,1000000,0.919,167
identity_r2,add,1000000,0.92,167
identity_r2,add,1000000,0.921,167
identity_r2,add,1000000,0.922,167
identity_r2,add,1000000,0.923,167
identity_r2,add,1000000,0.924,167
identity_r2,add,1000000,0.925,167
identity_r2,add,1000000,0.926,167
identity_r2,add,1000000,0.927,167
identity_r2,add,1000000,0.928,167
identity_r2,add,1000000,0.929,167
identity_r2,add,1000000,0.93,167
identity_r2,add,1000000,0.931,167
identity_r2,add,1000000,0.932,167
identity_r2,add,1000000,0.933,167
identity_r2,add,1000000,0.934,167
identity_r2,add,1000000,0.935,167
identity_r2,add,1000000,0.936,167
identity_r2,add,1000000,0.937,167
identity_r2,add,1000000,0.938,167
identity_r2,add,1000000,0.939,167
identity_r2,add,1000000,0.94,167
identity_r2,add,1000000,0.941,167
identity_r2,add,1000000,0.942,167
identity_r2,add,1000000,0.943,167
identity_r2,add,1000000,0.944,167
identity_r2,add,1000000,0.945,167
identity_r2,add,1000000,0.946,167
identity_r2,add,1000000,0.947,208
identity_r2,add,1000000,0.948,208
identity_r2,add,1000000,0.949,208
identity_r2,add,1000000,0.95,208
identity_r2,add,1000000,0.951,208
identity_r2,add,1000000,0.952,208
identity_r2,add,1000000,0.953,208
identity_r2,add,1000000,0.954,208
identity_r2,add,1000000,0.955,208
identity_r2,add,1000000,0.956,208
identity_r2,add,1000000,0.957,208
identity_r2,add,1000000,0.958,208
identity_r2,add,1000000,0.959,208
identity_r2,add,1000000,0.96,208
identity_r2,add,1000000,0.961,208
identity_r2,add,1000000,0.962,209
identity_r2,add,1000000,0.963,209
identity_r2,add,1000000,0.964,209
identity_r2,add,1000000,0.965,209
identity_r2,add,1000000,0.966,209
identity_r2,add,1000000,0.967,209
identity_r2,add,1000000,0.968,209
identity_r2,add,1000000,0.969,250
identity_r2,add,1000000,0.97,250
identity_r2,add,1000000,0.971,250
identity_r2,add,1000000,0.972,250
identity_r2,add,1000000,0.973,250
identity_r2,add,1000000,0.974,250
identity_r2,add,1000000,0.975,250
identity_r2,add,1000000,0.976,250
identity_r2,add,1000000,0.977,250
identity_r2,add,1000000,0.978,250
identity_r2,add,1000000,0.979,250
identity_r2,add,1000000,0.98,250
identity_r2,add,1000000,0.981,250
identity_r2,add,1000000,0.982,250
identity_r2,add,1000000,0.983,250
identity_r2,add,1000000,0.984,291
identity_r2,add,1000000,0.985,291
identity_r2,add,1000000,0.986,292
identity_r2,add,1000000,0.987,292
identity_r2,add,1000000,0.988,292
identity_r2,add,1000000,0.989,333
identity_r2,add,1000000,0.99,333
identity_r2,add,1000000,0.991,333
identity_r2,add,1000000,0.992,375
identity_r2,add,1000000,0.993,375
identity_r2,add,1000000,0.994,416
identity_r2,add,1000000,0.995,458
identity_r2,add,1000000,0.996,500
identity_r2,add,1000000,0.997,583
identity_r2,add,1000000,0.998,791
identity_r2,add,1000000,0.999,2291
identity_r2,cancel,1000000,0,41
identity_r2,cancel,1000000,0.001,125
identity_r2,cancel,1000000,0.002,125
identity_r2,cancel,1000000,0.003,125
identity_r2,cancel,1000000,0.004,167
identity_r2,cancel,1000000,0.005,167
identity_r2,cancel,1000000,0.006,208
identity_r2,cancel,1000000,0.007,208
identity_r2,cancel,1000000,0.008,208
identity_r2,cancel,1000000,0.009,208
identity_r2,cancel,1000000,0.01,208
identity_r2,cancel,1000000,0.011,208
identity_r2,cancel,1000000,0.012,209
identity_r2,cancel,1000000,0.013,209
identity_r2,cancel,1000000,0.014,209
identity_r2,cancel,1000000,0.015,250
identity_r2,cancel,1000000,0.016,250
identity_r2,cancel,1000000,0.017,250
identity_r2,cancel,1000000,0.018,250
identity_r2,cancel,1000000,0.019,250
identity_r2,cancel,1000000,0.02,250
identity_r2,cancel,1000000,0.021,250
identity_r2,cancel,1000000,0.022,250
identity_r2,cancel,1000000,0.023,250
identity_r2,cancel,1000000,0.024,250
identity_r2,cancel,1000000,0.025,250
identity_r2,cancel,1000000,0.026,250
identity_r2,cancel,1000000,0.027,250
identity_r2,cancel,1000000,0.028,250
identity_r2,cancel,1000000,0.029,250
identity_r2,cancel,1000000,0.03,250
identity_r2,cancel,1000000,0.031,250
identity_r2,cancel,1000000,0.032,250
identity_r2,cancel,1000000,0.033,250
identity_r2,cancel,1000000,0.034,250
identity_r2,cancel,1000000,0.035,250
identity_r2,cancel,1000000,0.036,250
identity_r2,cancel,1000000,0.037,250
identity_r2,cancel,1000000,0.038,291
identity_r2,cancel,1000000,0.039,291
identity_r2,cancel,1000000,0.04,291
identity_r2,cancel,1000000,0.041,291
identity_r2,cancel,1000000,0.042,291
identity_r2,cancel,1000000,0.043,291
identity_r2,cancel,1000000,0.044,291
identity_r2,cancel,1000000,0.045,291
identity_r2,cancel,1000000,0.046,291
identity_r2,cancel,1000000,0.047,291
identity_r2,cancel,1000000,0.048,291
identity_r2,cancel,1000000,0.049,291
identity_r2,cancel,1000000,0.05,292
identity_r2,cancel,1000000,0.051,292
identity_r2,cancel,1000000,0.052,292
identity_r2,cancel,1000000,0.053,292
identity_r2,cancel,1000000,0.054,292
identity_r2,cancel,1000000,0.055,292
identity_r2,cancel,1000000,0.056,292
identity_r2,cancel,1000000,0.057,292
identity_r2,cancel,1000000,0.058,292
identity_r2,cancel,1000000,0.059,292
identity_r2,cancel,1000000,0.06,292
identity_r2,cancel,1000000,0.061,292
identity_r2,cancel,1000000,0.062,292
identity_r2,cancel,1000000,0.063,292
identity_r2,cancel,1000000,0.064,292
identity_r2,cancel,1000000,0.065,292
identity_r2,cancel,1000000,0.066,292
identity_r2,cancel,1000000,0.067,292
identity_r2,cancel,1000000,0.068,292
identity_r2,cancel,1000000,0.069,292
identity_r2,cancel,1000000,0.07,292
identity_r2,cancel,1000000,0.071,292
identity_r2,cancel,1000000,0.072,292
identity_r2,cancel,1000000,0.073,333
identity_r2,cancel,1000000,0.074,333
identity_r2,cancel,1000000,0.075,333
identity_r2,cancel,1000000,0.076,333
identity_r2,cancel,1000000,0.077,333
identity_r2,cancel,1000000,0.078,333
identity_r2,cancel,1000000,0.079,333
identity_r2,cancel,1000000,0.08,333
identity_r2,cancel,1000000,0.081,333
identity_r2,cancel,1000000,0.082,333
identity_r2,cancel,1000000,0.083,333
identity_r2,cancel,1000000,0.084,333
identity_r2,cancel,1000000,0.085,333
identity_r2,cancel,1000000,0.086,333
identity_r2,cancel,1000000,0.087,333
identity_r2,cancel,1000000,0.088,333
identity_r2,cancel,1000000,0.089,333
identity_r2,cancel,1000000,0.09,333
identity_r2,cancel,1000000,0.091,333
identity_r2,cancel,1000000,0.092,333
identity_r2,cancel,1000000,0.093,333
identity_r2,cancel,1000000,0.094,333
identity_r2,cancel,1000000,0.095,333
identity_r2,cancel,1000000,0.096,333
identity_r2,cancel,1000000,0.097,333
identity_r2,cancel,1000000,0.098,333
identity_r2,cancel,1000000,0.099,333
identity_r2,cancel,1000000,0.1,333
identity_r2,cancel,1000000,0.101,333
identity_r2,cancel,1000000,0.102,333
identity_r2,cancel,1000000,0.103,333
identity_r2,cancel,1000000,0.104,333
identity_r2,cancel,1000000,0.105,333
identity_r2,cancel,1000000,0.106,333
identity_r2,cancel,1000000,0.107,333
identity_r2,cancel,1000000,0.108,333
identity_r2,cancel,1000000,0.109,333
identity_r2,cancel,1000000,0.11,333
identity_r2,cancel,1000000,0.111,333
identity_r2,cancel,1000000,0.112,333
identity_r2,cancel,1000000,0.113,333
identity_r2,cancel,1000000,0.114,333
identity_r2,cancel,1000000,0.115,333
identity_r2,cancel,1000000,0.116,333
identity_r2,cancel,1000000,0.117,333
identity_r2,cancel,1000000,0.118,333
identity_r2,cancel,1000000,0.119,333
identity_r2,cancel,1000000,0.12,333
identity_r2,cancel,1000000,0.121,333
identity_r2,cancel,1000000,0.122,333
identity_r2,cancel,1000000,0.123,333
identity_r2,cancel,1000000,0.124,333
identity_r2,cancel,1000000,0.125,333
identity_r2,cancel,1000000,0.126,333
identity_r2,cancel,1000000,0.127,333
identity_r2,cancel,1000000,0.128,333
identity_r2,cancel,1000000,0.129,333
identity_r2,cancel,1000000,0.13,333
identity_r2,cancel,1000000,0.131,333
identity_r2,cancel,1000000,0.132,333
identity_r2,cancel,1000000,0.133,333
identity_r2,cancel,1000000,0.134,333
identity_r2,cancel,1000000,0.135,333
identity_r2,cancel,1000000,0.136,333
identity_r2,cancel,1000000,0.137,333
identity_r2,cancel,1000000,0.138,333
identity_r2,cancel,1000000,0.139,333
identity_r2,cancel,1000000,0.14,333
identity_r2,cancel,1000000,0.141,333
identity_r2,cancel,1000000,0.142,333
identity_r2,cancel,1000000,0.143,333
identity_r2,cancel,1000000,0.144,333
identity_r2,cancel,1000000,0.145,333
identity_r2,cancel,1000000,0.146,333
identity_r2,cancel,1000000,0.147,333
identity_r2,cancel,1000000,0.148,333
identity_r2,cancel,1000000,0.149,333
identity_r2,cancel,1000000,0.15,333
identity_r2,cancel,1000000,0.151,333
identity_r2,cancel,1000000,0.152,333
identity_r2,cancel,1000000,0.153,333
identity_r2,cancel,1000000,0.154,333
identity_r2,cancel,1000000,0.155,333
identity_r2,cancel,1000000,0.156,333
identity_r2,cancel,1000000,0.157,333
identity_r2,cancel,1000000,0.158,333
identity_r2,cancel,1000000,0.159,333
identity_r2,cancel,1000000,0.16,333
identity_r2,cancel,1000000,0.161,333
identity_r2,cancel,1000000,0.162,333
identity_r2,cancel,1000000,0.163,333
identity_r2,cancel,1000000,0.164,333
identity_r2,cancel,1000000,0.165,333
identity_r2,cancel,1000000,0.166,333
identity_r2,cancel,1000000,0.167,334
identity_r2,cancel,1000000,0.168,334
identity_r2,cancel,1000000,0.169,334
identity_r2,cancel,1000000,0.17,334
identity_r2,cancel,1000000,0.171,334
identity_r2,cancel,1000000,0.172,334
identity_r2,cancel,1000000,0.173,334
identity_r2,cancel,1000000,0.174,334
identity_r2,cancel,1000000,0.175,334
identity_r2,cancel,1000000,0.176,334
identity_r2,cancel,1000000,0.177,334
identity_r2,cancel,1000000,0.178,334
identity_r2,cancel,1000000,0.179,334
identity_r2,cancel,1000000,0.18,334
identity_r2,cancel,1000000,0.181,334
identity_r2,cancel,1000000,0.182,334
identity_r2,cancel,1000000,0.183,334
identity_r2,cancel,1000000,0.184,334
identity_r2,cancel,1000000,0.185,334
identity_r2,cancel,1000000,0.186,334
identity_r2,cancel,1000000,0.187,334
identity_r2,cancel,1000000,0.188,334
identity_r2,cancel,1000000,0.189,334
identity_r2,cancel,1000000,0.19,334
identity_r2,cancel,1000000,0.191,334
identity_r2,cancel,1000000,0.192,334
identity_r2,cancel,1000000,0.193,334
identity_r2,cancel,1000000,0.194,334
identity_r2,cancel,1000000,0.195,334
identity_r2,cancel,1000000,0.196,334
identity_r2,cancel,1000000,0.197,334
identity_r2,cancel,1000000,0.198,334
identity_r2,cancel,1000000,0.199,334
identity_r2,cancel,1000000,0.2,334
identity_r2,cancel,1000000,0.201,334
identity_r2,cancel,1000000,0.202,334
identity_r2,cancel,1000000,0.203,334
identity_r2,cancel,1000000,0.204,334
identity_r2,cancel,1000000,0.205,334
identity_r2,cancel,1000000,0.206,334
identity_r2,cancel,1000000,0.207,334
identity_r2,cancel,1000000,0.208,334
identity_r2,cancel,1000000,0.209,334
identity_r2,cancel,1000000,0.21,334
identity_r2,cancel,1000000,0.211,334
identity_r2,cancel,1000000,0.212,334
identity_r2,cancel,1000000,0.213,375
identity_r2,cancel,1000000,0.214,375
identity_r2,cancel,1000000,0.215,375
identity_r2,cancel,1000000,0.216,375
identity_r2,cancel,1000000,0.217,375
identity_r2,cancel,1000000,0.218,375
identity_r2,cancel,1000000,0.219,375
identity_r2,cancel,1000000,0.22,375
identity_r2,cancel,1000000,0.221,375
identity_r2,cancel,1000000,0.222,375
identity_r2,cancel,1000000,0.223,375
identity_r2,cancel,1000000,0.224,375
identity_r2,cancel,1000000,0.225,375
identity_r2,cancel,1000000,0.226,375
identity_r2,cancel,1000000,0.227,375
identity_r2,cancel,1000000,0.228,375
identity_r2,cancel,1000000,0.229,375
identity_r2,cancel,1000000,0.23,375
identity_r2,cancel,1000000,0.231,375
identity_r2,cancel,1000000,0.232,375
identity_r2,cancel,1000000,0.233,375
identity_r2,cancel,1000000,0.234,375
identity_r2,cancel,1000000,0.235,375
identity_r2,cancel,1000000,0.236,375
identity_r2,cancel,1000000,0.237,375
identity_r2,cancel,1000000,0.238,375
identity_r2,cancel,1000000,0.239,375
identity_r2,cancel,1000000,0.24,375
identity_r2,cancel,1000000,0.241,375
identity_r2,cancel,1000000,0.242,375
identity_r2,cancel,1000000,0.243,375
identity_r2,cancel,1000000,0.244,375
identity_r2,cancel,1000000,0.245,375
identity_r2,cancel,1000000,0.246,375
identity_r2,cancel,1000000,0.247,375
identity_r2,cancel,1000000,0.248,375
identity_r2,cancel,1000000,0.249,375
identity_r2,cancel,1000000,0.25,375
identity_r2,cancel,1000000,0.251,375
identity_r2,cancel,1000000,0.252,375
identity_r2,cancel,1000000,0.253,375
identity_r2,cancel,1000000,0.254,375
identity_r2,cancel,1000000,0.255,375
identity_r2,cancel,1000000,0.256,375
identity_r2,cancel,1000000,0.257,375
identity_r2,cancel,1000000,0.258,375
identity_r2,cancel,1000000,0.259,375
identity_r2,cancel,1000000,0.26,375
identity_r2,cancel,1000000,0.261,375
identity_r2,cancel,1000000,0.262,375
identity_r2,cancel,1000000,0.263,375
identity_r2,cancel,1000000,0.264,375
identity_r2,cancel,1000000,0.265,375
identity_r2,cancel,1000000,0.266,375
identity_r2,cancel,1000000,0.267,375
identity_r2,cancel,1000000,0.268,375
identity_r2,cancel,1000000,0.269,375
identity_r2,cancel,1000000,0.27,375
identity_r2,cancel,1000000,0.271,375
identity_r2,cancel,1000000,0.272,375
identity_r2,cancel,1000000,0.273,375
identity_r2,cancel,1000000,0.274,375
identity_r2,cancel,1000000,0.275,375
identity_r2,cancel,1000000,0.276,375
identity_r2,cancel,1000000,0.277,375
identity_r2,cancel,1000000,0.278,375
identity_r2,cancel,1000000,0.279,375
identity_r2,cancel,1000000,0.28,375
identity_r2,cancel,1000000,0.281,375
identity_r2,cancel,1000000,0.282,375
identity_r2,cancel,1000000,0.283,375
identity_r2,cancel,1000000,0.284,375
identity_r2,cancel,1000000,0.285,375
identity_r2,cancel,1000000,0.286,375
identity_r2,cancel,1000000,0.287,375
identity_r2,cancel,1000000,0.288,375
identity_r2,cancel,1000000,0.289,375
identity_r2,cancel,1000000,0.29,375
identity_r2,cancel,1000000,0.291,375
identity_r2,cancel,1000000,0.292,375
identity_r2,cancel,1000000,0.293,375
identity_r2,cancel,1000000,0.294,375
identity_r2,cancel,1000000,0.295,375
identity_r2,cancel,1000000,0.296,375
identity_r2,cancel,1000000,0.297,375
identity_r2,cancel,1000000,0.298,375
identity_r2,cancel,1000000,0.299,375
identity_r2,cancel,1000000,0.3,375
identity_r2,cancel,1000000,0.301,375
identity_r2,cancel,1000000,0.302,375
identity_r2,cancel,1000000,0.303,375
identity_r2,cancel,1000000,0.304,375
identity_r2,cancel,1000000,0.305,375
identity_r2,cancel,1000000,0.306,375
identity_r2,cancel,1000000,0.307,375
identity_r2,cancel,1000000,0.308,375
identity_r2,cancel,1000000,0.309,375
identity_r2,cancel,1000000,0.31,375
identity_r2,cancel,1000000,0.311,375
identity_r2,cancel,1000000,0.312,375
identity_r2,cancel,1000000,0.313,375
identity_r2,cancel,1000000,0.314,375
identity_r2,cancel,1000000,0.315,375
identity_r2,cancel,1000000,0.316,375
identity_r2,cancel,1000000,0.317,375
identity_r2,cancel,1000000,0.318,375
identity_r2,cancel,1000000,0.319,375
identity_r2,cancel,1000000,0.32,375
identity_r2,cancel,1000000,0.321,375
identity_r2,cancel,1000000,0.322,375
identity_r2,cancel,1000000,0.323,375
identity_r2,cancel,1000000,0.324,375
identity_r2,cancel,1000000,0.325,375
identity_r2,cancel,1000000,0.326,375
identity_r2,cancel,1000000,0.327,375
identity_r2,cancel,1000000,0.328,375
identity_r2,cancel,1000000,0.329,375
identity_r2,cancel,1000000,0.33,375
identity_r2,cancel,1000000,0.331,375
identity_r2,cancel,1000000,0.332,375
identity_r2,cancel,1000000,0.333,375
identity_r2,cancel,1000000,0.334,375
identity_r2,cancel,1000000,0.335,375
identity_r2,cancel,1000000,0.336,375
identity_r2,cancel,1000000,0.337,375
identity_r2,cancel,1000000,0.338,375
identity_r2,cancel,1000000,0.339,375
identity_r2,cancel,1000000,0.34,375
identity_r2,cancel,1000000,0.341,375
identity_r2,cancel,1000000,0.342,375
identity_r2,cancel,1000000,0.343,375
identity_r2,cancel,1000000,0.344,375
identity_r2,cancel,1000000,0.345,375
identity_r2,cancel,1000000,0.346,375
identity_r2,cancel,1000000,0.347,375
identity_r2,cancel,1000000,0.348,375
identity_r2,cancel,1000000,0.349,375
identity_r2,cancel,1000000,0.35,375
identity_r2,cancel,1000000,0.351,375
identity_r2,cancel,1000000,0.352,375
identity_r2,cancel,1000000,0.353,375
identity_r2,cancel,1000000,0.354,375
identity_r2,cancel,1000000,0.355,375
identity_r2,cancel,1000000,0.356,375
identity_r2,cancel,1000000,0.357,375
identity_r2,cancel,1000000,0.358,375
identity_r2,cancel,1000000,0.359,375
identity_r2,cancel,1000000,0.36,375
identity_r2,cancel,1000000,0.361,375
identity_r2,cancel,1000000,0.362,375
identity_r2,cancel,1000000,0.363,375
identity_r2,cancel,1000000,0.364,375
identity_r2,cancel,1000000,0.365,375
identity_r2,cancel,1000000,0.366,375
identity_r2,cancel,1000000,0.367,375
identity_r2,cancel,1000000,0.368,375
identity_r2,cancel,1000000,0.369,375
identity_r2,cancel,1000000,0.37,375
identity_r2,cancel,1000000,0.371,375
identity_r2,cancel,1000000,0.372,375
identity_r2,cancel,1000000,0.373,375
identity_r2,cancel,1000000,0.374,375
identity_r2,cancel,1000000,0.375,375
identity_r2,cancel,1000000,0.376,375
identity_r2,cancel,1000000,0.377,375
identity_r2,cancel,1000000,0.378,375
identity_r2,cancel,1000000,0.379,375
identity_r2,cancel,1000000,0.38,375
identity_r2,cancel,1000000,0.381,375
identity_r2,cancel,1000000,0.382,375
identity_r2,cancel,1000000,0.383,375
identity_r2,cancel,1000000,0.384,375
identity_r2,cancel,1000000,0.385,375
identity_r2,cancel,1000000,0.386,375
identity_r2,cancel,1000000,0.387,375
identity_r2,cancel,1000000,0.388,375
identity_r2,cancel,1000000,0.389,375
identity_r2,cancel,1000000,0.39,375
identity_r2,cancel,1000000,0.391,375
identity_r2,cancel,1000000,0.392,375
identity_r2,cancel,1000000,0.393,375
identity_r2,cancel,1000000,0.394,375
identity_r2,cancel,1000000,0.395,375
identity_r2,cancel,1000000,0.396,375
identity_r2,cancel,1000000,0.397,375
identity_r2,cancel,1000000,0.398,416
identity_r2,cancel,1000000,0.399,416
identity_r2,cancel,1000000,0.4,416
identity_r2,cancel,1000000,0.401,416
identity_r2,cancel,1000000,0.402,416
identity_r2,cancel,1000000,0.403,416
identity_r2,cancel,1000000,0.404,416
identity_r2,cancel,1000000,0.405,416
identity_r2,cancel,1000000,0.406,416
identity_r2,cancel,1000000,0.407,416
identity_r2,cancel,1000000,0.408,416
identity_r2,cancel,1000000,0.409,416
identity_r2,cancel,1000000,0.41,416
identity_r2,cancel,1000000,0.411,416
identity_r2,cancel,1000000,0.412,416
identity_r2,cancel,1000000,0.413,416
identity_r2,cancel,1000000,0.414,416
identity_r2,cancel,1000000,0.415,416
identity_r2,cancel,1000000,0.416,416
identity_r2,cancel,1000000,0.417,416
identity_r2,cancel,1000000,0.418,416
identity_r2,cancel,1000000,0.419,416
identity_r2,cancel,1000000,0.42,416
identity_r2,cancel,1000000,0.421,416
identity_r2,cancel,1000000,0.422,416
identity_r2,cancel,1000000,0.423,416
identity_r2,cancel,1000000,0.424,416
identity_r2,cancel,1000000,0.425,416
identity_r2,cancel,1000000,0.426,416
identity_r2,cancel,1000000,0.427,416
identity_r2,cancel,1000000,0.428,416
identity_r2,cancel,1000000,0.429,416
identity_r2,cancel,1000000,0.43,416
identity_r2,cancel,1000000,0.431,416
identity_r2,cancel,1000000,0.432,416
identity_r2,cancel,1000000,0.433,416
identity_r2,cancel,1000000,0.434,416
identity_r2,cancel,1000000,0.435,416
identity_r2,cancel,1000000,0.436,416
identity_r2,cancel,1000000,0.437,416
identity_r2,cancel,1000000,0.438,416
identity_r2,cancel,1000000,0.439,416
identity_r2,cancel,1000000,0.44,416
identity_r2,cancel,1000000,0.441,416
identity_r2,cancel,1000000,0.442,416
identity_r2,cancel,1000000,0.443,416
identity_r2,cancel,1000000,0.444,416
identity_r2,cancel,1000000,0.445,417
identity_r2,cancel,1000000,0.446,417
identity_r2,cancel,1000000,0.447,417
identity_r2,cancel,1000000,0.448,417
identity_r2,cancel,1000000,0.449,417
identity_r2,cancel,1000000,0.45,417
identity_r2,cancel,1000000,0.451,417
identity_r2,cancel,1000000,0.452,417
identity_r2,cancel,1000000,0.453,417
identity_r2,cancel,1000000,0.454,417
identity_r2,cancel,1000000,0.455,417
identity_r2,cancel,1000000,0.456,417
identity_r2,cancel,1000000,0.457,417
identity_r2,cancel,1000000,0.458,417
identity_r2,cancel,1000000,0.459,417
identity_r2,cancel,1000000,0.46,417
identity_r2,cancel,1000000,0.461,417
identity_r2,cancel,1000000,0.462,417
identity_r2,cancel,1000000,0.463,417
identity_r2,cancel,1000000,0.464,417
identity_r2,cancel,1000000,0.465,417
identity_r2,cancel,1000000,0.466,417
identity_r2,cancel,1000000,0.467,417
identity_r2,cancel,1000000,0.468,417
identity_r2,cancel,1000000,0.469,417
identity_r2,cancel,1000000,0.47,417
identity_r2,cancel,1000000,0.471,417
identity_r2,cancel,1000000,0.472,417
identity_r2,cancel,1000000,0.473,417
identity_r2,cancel,1000000,0.474,417
identity_r2,cancel,1000000,0.475,417
identity_r2,cancel,1000000,0.476,417
identity_r2,cancel,1000000,0.477,417
identity_r2,cancel,1000000,0.478,417
identity_r2,cancel,1000000,0.479,417
identity_r2,cancel,1000000,0.48,417
identity_r2,cancel,1000000,0.481,417
identity_r2,cancel,1000000,0.482,417
identity_r2,cancel,1000000,0.483,417
identity_r2,cancel,1000000,0.484,417
identity_r2,cancel,1000000,0.485,417
identity_r2,cancel,1000000,0.486,417
identity_r2,cancel,1000000,0.487,417
identity_r2,cancel,1000000,0.488,417
identity_r2,cancel,1000000,0.489,417
identity_r2,cancel,1000000,0.49,417
identity_r2,cancel,1000000,0.491,417
identity_r2,cancel,1000000,0.492,417
identity_r2,cancel,1000000,0.493,417
identity_r2,cancel,1000000,0.494,417
identity_r2,cancel,1000000,0.495,417
identity_r2,cancel,1000000,0.496,417
identity_r2,cancel,1000000,0.497,417
identity_r2,cancel,1000000,0.498,417
identity_r2,cancel,1000000,0.499,417
identity_r2,cancel,1000000,0.5,417
identity_r2,cancel,1000000,0.501,417
identity_r2,cancel,1000000,0.502,417
identity_r2,cancel,1000000,0.503,417
identity_r2,cancel,1000000,0.504,417
identity_r2,cancel,1000000,0.505,417
identity_r2,cancel,1000000,0.506,417
identity_r2,cancel,1000000,0.507,417
identity_r2,cancel,1000000,0.508,417
identity_r2,cancel,1000000,0.509,417
identity_r2,cancel,1000000,0.51,417
identity_r2,cancel,1000000,0.511,417
identity_r2,cancel,1000000,0.512,417
identity_r2,cancel,1000000,0.513,417
identity_r2,cancel,1000000,0.514,417
identity_r2,cancel,1000000,0.515,417
identity_r2,cancel,1000000,0.516,417
identity_r2,cancel,1000000,0.517,417
identity_r2,cancel,1000000,0.518,417
identity_r2,cancel,1000000,0.519,417
identity_r2,cancel,1000000,0.52,417
identity_r2,cancel,1000000,0.521,417
identity_r2,cancel,1000000,0.522,417
identity_r2,cancel,1000000,0.523,417
identity_r2,cancel,1000000,0.524,417
identity_r2,cancel,1000000,0.525,417
identity_r2,cancel,1000000,0.526,417
identity_r2,cancel,1000000,0.527,417
identity_r2,cancel,1000000,0.528,417
identity_r2,cancel,1000000,0.529,417
identity_r2,cancel,1000000,0.53,417
identity_r2,cancel,1000000,0.531,417
identity_r2,cancel,1000000,0.532,417
identity_r2,cancel,1000000,0.533,417
identity_r2,cancel,1000000,0.534,417
identity_r2,cancel,1000000,0.535,417
identity_r2,cancel,1000000,0.536,417
identity_r2,cancel,1000000,0.537,417
identity_r2,cancel,1000000,0.538,417
identity_r2,cancel,1000000,0.539,417
identity_r2,cancel,1000000,0.54,458
identity_r2,cancel,1000000,0.541,458
identity_r2,cancel,1000000,0.542,458
identity_r2,cancel,1000000,0.543,458
identity_r2,cancel,1000000,0.544,458
identity_r2,cancel,1000000,0.545,458
identity_r2,cancel,1000000,0.546,458
identity_r2,cancel,1000000,0.547,458
identity_r2,cancel,1000000,0.548,458
identity_r2,cancel,1000000,0.549,458
identity_r2,cancel,1000000,0.55,458
identity_r2,cancel,1000000,0.551,458
identity_r2,cancel,1000000,0.552,458
identity_r2,cancel,1000000,0.553,458
identity_r2,cancel,1000000,0.554,458
identity_r2,cancel,1000000,0.555,458
identity_r2,cancel,1000000,0.556,458
identity_r2,cancel,1000000,0.557,458
identity_r2,cancel,1000000,0.558,458
identity_r2,cancel,1000000,0.559,458
identity_r2,cancel,1000000,0.56,458
identity_r2,cancel,1000000,0.561,458
identity_r2,cancel,1000000,0.562,458
identity_r2,cancel,1000000,0.563,458
identity_r2,cancel,1000000,0.564,458
identity_r2,cancel,1000000,0.565,458
identity_r2,cancel,1000000,0.566,458
identity_r2,cancel,1000000,0.567,458
identity_r2,cancel,1000000,0.568,458
identity_r2,cancel,1000000,0.569,458
identity_r2,cancel,1000000,0.57,458
identity_r2,cancel,1000000,0.571,458
identity_r2,cancel,1000000,0.572,458
identity_r2,cancel,1000000,0.573,458
identity_r2,cancel,1000000,0.574,458
identity_r2,cancel,1000000,0.575,458
identity_r2,cancel,1000000,0.576,458
identity_r2,cancel,1000000,0.577,458
identity_r2,cancel,1000000,0.578,458
identity_r2,cancel,1000000,0.579,458
identity_r2,cancel,1000000,0.58,458
identity_r2,cancel,1000000,0.581,458
identity_r2,cancel,1000000,0.582,458
identity_r2,cancel,1000000,0.583,458
identity_r2,cancel,1000000,0.584,458
identity_r2,cancel,1000000,0.585,458
identity_r2,cancel,1000000,0.586,458
identity_r2,cancel,1000000,0.587,458
identity_r2,cancel,1000000,0.588,458
identity_r2,cancel,1000000,0.589,458
identity_r2,cancel,1000000,0.59,458
identity_r2,cancel,1000000,0.591,458
identity_r2,cancel,1000000,0.592,458
identity_r2,cancel,1000000,0.593,458
identity_r2,cancel,1000000,0.594,458
identity_r2,cancel,1000000,0.595,458
identity_r2,cancel,1000000,0.596,458
identity_r2,cancel,1000000,0.597,458
identity_r2,cancel,1000000,0.598,458
identity_r2,cancel,1000000,0.599,458
identity_r2,cancel,1000000,0.6,458
identity_r2,cancel,1000000,0.601,458
identity_r2,cancel,1000000,0.602,458
identity_r2,cancel,1000000,0.603,458
identity_r2,cancel,1000000,0.604,458
identity_r2,cancel,1000000,0.605,458
identity_r2,cancel,1000000,0.606,458
identity_r2,cancel,1000000,0.607,458
identity_r2,cancel,1000000,0.608,458
identity_r2,cancel,1000000,0.609,458
identity_r2,cancel,1000000,0.61,458
identity_r2,cancel,1000000,0.611,459
identity_r2,cancel,1000000,0.612,459
identity_r2,cancel,1000000,0.613,459
identity_r2,cancel,1000000,0.614,459
identity_r2,cancel,1000000,0.615,459
identity_r2,cancel,1000000,0.616,459
identity_r2,cancel,1000000,0.617,459
identity_r2,cancel,1000000,0.618,459
identity_r2,cancel,1000000,0.619,459
identity_r2,cancel,1000000,0.62,459
identity_r2,cancel,1000000,0.621,459
identity_r2,cancel,1000000,0.622,459
identity_r2,cancel,1000000,0.623,459
identity_r2,cancel,1000000,0.624,459
identity_r2,cancel,1000000,0.625,459
identity_r2,cancel,1000000,0.626,459
identity_r2,cancel,1000000,0.627,459
identity_r2,cancel,1000000,0.628,459
identity_r2,cancel,1000000,0.629,459
identity_r2,cancel,1000000,0.63,459
identity_r2,cancel,1000000,0.631,459
identity_r2,cancel,1000000,0.632,459
identity_r2,cancel,1000000,0.633,459
identity_r2,cancel,1000000,0.634,459
identity_r2,cancel,1000000,0.635,459
identity_r2,cancel,1000000,0.636,459
identity_r2,cancel,1000000,0.637,459
identity_r2,cancel,1000000,0.638,459
identity_r2,cancel,1000000,0.639,459
identity_r2,cancel,1000000,0.64,459
identity_r2,cancel,1000000,0.641,459
identity_r2,cancel,1000000,0.642,459
identity_r2,cancel,1000000,0.643,459
identity_r2,cancel,1000000,0.644,459
identity_r2,cancel,1000000,0.645,459
identity_r2,cancel,1000000,0.646,459
identity_r2,cancel,1000000,0.647,500
identity_r2,cancel,1000000,0.648,500
identity_r2,cancel,1000000,0.649,500
identity_r2,cancel,1000000,0.65,500
identity_r2,cancel,1000000,0.651,500
identity_r2,cancel,1000000,0.652,500
identity_r2,cancel,1000000,0.653,500
identity_r2,cancel,1000000,0.654,500
identity_r2,cancel,1000000,0.655,500
identity_r2,cancel,1000000,0.656,500
identity_r2,cancel,1000000,0.657,500
identity_r2,cancel,1000000,0.658,500
identity_r2,cancel,1000000,0.659,500
identity_r2,cancel,1000000,0.66,500
identity_r2,cancel,1000000,0.661,500
identity_r2,cancel,1000000,0.662,500
identity_r2,cancel,1000000,0.663,500
identity_r2,cancel,1000000,0.664,500
identity_r2,cancel,1000000,0.665,500
identity_r2,cancel,1000000,0.666,500
identity_r2,cancel,1000000,0.667,500
identity_r2,cancel,1000000,0.668,500
identity_r2,cancel,1000000,0.669,500
identity_r2,cancel,1000000,0.67,500
identity_r2,cancel,1000000,0.671,500
identity_r2,cancel,1000000,0.672,500
identity_r2,cancel,1000000,0.673,500
identity_r2,cancel,1000000,0.674,500
identity_r2,cancel,1000000,0.675,500
identity_r2,cancel,1000000,0.676,500
identity_r2,cancel,1000000,0.677,500
identity_r2,cancel,1000000,0.678,500
identity_r2,cancel,1000000,0.679,500
identity_r2,cancel,1000000,0.68,500
identity_r2,cancel,1000000,0.681,500
identity_r2,cancel,1000000,0.682,500
identity_r2,cancel,1000000,0.683,500
identity_r2,cancel,1000000,0.684,500
identity_r2,cancel,1000000,0.685,500
identity_r2,cancel,1000000,0.686,500
identity_r2,cancel,1000000,0.687,500
identity_r2,cancel,1000000,0.688,500
identity_r2,cancel,1000000,0.689,500
identity_r2,cancel,1000000,0.69,500
identity_r2,cancel,1000000,0.691,500
identity_r2,cancel,1000000,0.692,500
identity_r2,cancel,1000000,0.693,500
identity_r2,cancel,1000000,0.694,500
identity_r2,cancel,1000000,0.695,500
identity_r2,cancel,1000000,0.696,500
identity_r2,cancel,1000000,0.697,500
identity_r2,cancel,1000000,0.698,500
identity_r2,cancel,1000000,0.699,500
identity_r2,cancel,1000000,0.7,500
identity_r2,cancel,1000000,0.701,500
identity_r2,cancel,1000000,0.702,500
identity_r2,cancel,1000000,0.703,500
identity_r2,cancel,1000000,0.704,500
identity_r2,cancel,1000000,0.705,500
identity_r2,cancel,1000000,0.706,500
identity_r2,cancel,1000000,0.707,500
identity_r2,cancel,1000000,0.708,500
identity_r2,cancel,1000000,0.709,500
identity_r2,cancel,1000000,0.71,500
identity_r2,cancel,1000000,0.711,500
identity_r2,cancel,1000000,0.712,500
identity_r2,cancel,1000000,0.713,500
identity_r2,cancel,1000000,0.714,500
identity_r2,cancel,1000000,0.715,500
identity_r2,cancel,1000000,0.716,500
identity_r2,cancel,1000000,0.717,500
identity_r2,cancel,1000000,0.718,500
identity_r2,cancel,1000000,0.719,500
identity_r2,cancel,1000000,0.72,500
identity_r2,cancel,1000000,0.721,500
identity_r2,cancel,1000000,0.722,500
identity_r2,cancel,1000000,0.723,500
identity_r2,cancel,1000000,0.724,500
identity_r2,cancel,1000000,0.725,500
identity_r2,cancel,1000000,0.726,541
identity_r2,cancel,1000000,0.727,541
identity_r2,cancel,1000000,0.728,541
identity_r2,cancel,1000000,0.729,541
identity_r2,cancel,1000000,0.73,541
identity_r2,cancel,1000000,0.731,541
identity_r2,cancel,1000000,0.732,541
identity_r2,cancel,1000000,0.733,541
identity_r2,cancel,1000000,0.734,541
identity_r2,cancel,1000000,0.735,541
identity_r2,cancel,1000000,0.736,541
identity_r2,cancel,1000000,0.737,541
identity_r2,cancel,1000000,0.738,541
identity_r2,cancel,1000000,0.739,541
identity_r2,cancel,1000000,0.74,541
identity_r2,cancel,1000000,0.741,541
identity_r2,cancel,1000000,0.742,541
identity_r2,cancel,1000000,0.743,541
identity_r2,cancel,1000000,0.744,541
identity_r2,cancel,1000000,0.745,542
identity_r2,cancel,1000000,0.746,542
identity_r2,cancel,1000000,0.747,542
identity_r2,cancel,1000000,0.748,542
identity_r2,cancel,1000000,0.749,542
identity_r2,cancel,1000000,0.75,542
identity_r2,cancel,1000000,0.751,542
identity_r2,cancel,1000000,0.752,542
identity_r2,cancel,1000000,0.753,542
identity_r2,cancel,1000000,0.754,542
identity_r2,cancel,1000000,0.755,542
identity_r2,cancel,1000000,0.756,542
identity_r2,cancel,1000000,0.757,542
identity_r2,cancel,1000000,0.758,542
identity_r2,cancel,1000000,0.759,542
identity_r2,cancel,1000000,0.76,542
identity_r2,cancel,1000000,0.761,542
identity_r2,cancel,1000000,0.762,542
identity_r2,cancel,1000000,0.763,542
identity_r2,cancel,1000000,0.764,542
identity_r2,cancel,1000000,0.765,542
identity_r2,cancel,1000000,0.766,542
identity_r2,cancel,1000000,0.767,542
identity_r2,cancel,1000000,0.768,542
identity_r2,cancel,1000000,0.769,542
identity_r2,cancel,1000000,0.77,542
identity_r2,cancel,1000000,0.771,542
identity_r2,cancel,1000000,0.772,542
identity_r2,cancel,1000000,0.773,542
identity_r2,cancel,1000000,0.774,542
identity_r2,cancel,1000000,0.775,542
identity_r2,cancel,1000000,0.776,542
identity_r2,cancel,1000000,0.777,542
identity_r2,cancel,1000000,0.778,542
identity_r2,cancel,1000000,0.779,542
identity_r2,cancel,1000000,0.78,542
identity_r2,cancel,1000000,0.781,542
identity_r2,cancel,1000000,0.782,542
identity_r2,cancel,1000000,0.783,542
identity_r2,cancel,1000000,0.784,542
identity_r2,cancel,1000000,0.785,583
identity_r2,cancel,1000000,0.786,583
identity_r2,cancel,1000000,0.787,583
identity_r2,cancel,1000000,0.788,583
identity_r2,cancel,1000000,0.789,583
identity_r2,cancel,1000000,0.79,583
identity_r2,cancel,1000000,0.791,583
identity_r2,cancel,1000000,0.792,583
identity_r2,cancel,1000000,0.793,583
identity_r2,cancel,1000000,0.794,583
identity_r2,cancel,1000000,0.795,583
identity_r2,cancel,1000000,0.796,583
identity_r2,cancel,1000000,0.797,583
identity_r2,cancel,1000000,0.798,583
identity_r2,cancel,1000000,0.799,583
identity_r2,cancel,1000000,0.8,583
identity_r2,cancel,1000000,0.801,583
identity_r2,cancel,1000000,0.802,583
identity_r2,cancel,1000000,0.803,583
identity_r2,cancel,1000000,0.804,583
identity_r2,cancel,1000000,0.805,583
identity_r2,cancel,1000000,0.806,583
identity_r2,cancel,1000000,0.807,583
identity_r2,cancel,1000000,0.808,583
identity_r2,cancel,1000000,0.809,583
identity_r2,cancel,1000000,0.81,583
identity_r2,cancel,1000000,0.811,583
identity_r2,cancel,1000000,0.812,583
identity_r2,cancel,1000000,0.813,584
identity_r2,cancel,1000000,0.814,584
identity_r2,cancel,1000000,0.815,584
identity_r2,cancel,1000000,0.816,584
identity_r2,cancel,1000000,0.817,584
identity_r2,cancel,1000000,0.818,584
identity_r2,cancel,1000000,0.819,584
identity_r2,cancel,1000000,0.82,584
identity_r2,cancel,1000000,0.821,584
identity_r2,cancel,1000000,0.822,584
identity_r2,cancel,1000000,0.823,584
identity_r2,cancel,1000000,0.824,584
identity_r2,cancel,1000000,0.825,584
identity_r2,cancel,1000000,0.826,584
identity_r2,cancel,1000000,0.827,584
identity_r2,cancel,1000000,0.828,625
identity_r2,cancel,1000000,0.829,625
identity_r2,cancel,1000000,0.83,625
identity_r2,cancel,1000000,0.831,625
identity_r2,cancel,1000000,0.832,625
identity_r2,cancel,1000000,0.833,625
identity_r2,cancel,1000000,0.834,625
identity_r2,cancel,1000000,0.835,625
identity_r2,cancel,1000000,0.836,625
identity_r2,cancel,1000000,0.837,625
identity_r2,cancel,1000000,0.838,625
identity_r2,cancel,1000000,0.839,625
identity_r2,cancel,1000000,0.84,625
identity_r2,cancel,1000000,0.841,625
identity_r2,cancel,1000000,0.842,625
identity_r2,cancel,1000000,0.843,625
identity_r2,cancel,1000000,0.844,625
identity_r2,cancel,1000000,0.845,625
identity_r2,cancel,1000000,0.846,625
identity_r2,cancel,1000000,0.847,625
identity_r2,cancel,1000000,0.848,625
identity_r2,cancel,1000000,0.849,625
identity_r2,cancel,1000000,0.85,625
identity_r2,cancel,1000000,0.851,625
identity_r2,cancel,1000000,0.852,625
identity_r2,cancel,1000000,0.853,625
identity_r2,cancel,1000000,0.854,625
identity_r2,cancel,1000000,0.855,625
identity_r2,cancel,1000000,0.856,625
identity_r2,cancel,1000000,0.857,625
identity_r2,cancel,1000000,0.858,625
identity_r2,cancel,1000000,0.859,625
identity_r2,cancel,1000000,0.86,625
identity_r2,cancel,1000000,0.861,666
identity_r2,cancel,1000000,0.862,666
identity_r2,cancel,1000000,0.863,666
identity_r2,cancel,1000000,0.864,666
identity_r2,cancel,1000000,0.865,666
identity_r2,cancel,1000000,0.866,666
identity_r2,cancel,1000000,0.867,666
identity_r2,cancel,1000000,0.868,666
identity_r2,cancel,1000000,0.869,667
identity_r2,cancel,1000000,0.87,667
identity_r2,cancel,1000000,0.871,667
identity_r2,cancel,1000000,0.872,667
identity_r2,cancel,1000000,0.873,667
identity_r2,cancel,1000000,0.874,667
identity_r2,cancel,1000000,0.875,667
identity_r2,cancel,1000000,0.876,667
identity_r2,cancel,1000000,0.877,667
identity_r2,cancel,1000000,0.878,667
identity_r2,cancel,1000000,0.879,667
identity_r2,cancel,1000000,0.88,667
identity_r2,cancel,1000000,0.881,667
identity_r2,cancel,1000000,0.882,667
identity_r2,cancel,1000000,0.883,667
identity_r2,cancel,1000000,0.884,667
identity_r2,cancel,1000000,0.885,667
identity_r2,cancel,1000000,0.886,708
identity_r2,cancel,1000000,0.887,708
identity_r2,cancel,1000000,0.888,708
identity_r2,cancel,1000000,0.889,708
identity_r2,cancel,1000000,0.89,708
identity_r2,cancel,1000000,0.891,708
identity_r2,cancel,1000000,0.892,708
identity_r2,cancel,1000000,0.893,708
identity_r2,cancel,1000000,0.894,708
identity_r2,cancel,1000000,0.895,708
identity_r2,cancel,1000000,0.896,708
identity_r2,cancel,1000000,0.897,708
identity_r2,cancel,1000000,0.898,708
identity_r2,cancel,1000000,0.899,709
identity_r2,cancel,1000000,0.9,709
identity_r2,cancel,1000000,0.901,709
identity_r2,cancel,1000000,0.902,709
identity_r2,cancel,1000000,0.903,709
identity_r2,cancel,1000000,0.904,709
identity_r2,cancel,1000000,0.905,709
identity_r2,cancel,1000000,0.906,750
identity_r2,cancel,1000000,0.907,750
identity_r2,cancel,1000000,0.908,750
identity_r2,cancel,1000000,0.909,750
identity_r2,cancel,1000000,0.91,750
identity_r2,cancel,1000000,0.911,750
identity_r2,cancel,1000000,0.912,750
identity_r2,cancel,1000000,0.913,750
identity_r2,cancel,1000000,0.914,750
identity_r2,cancel,1000000,0.915,750
identity_r2,cancel,1000000,0.916,750
identity_r2,cancel,1000000,0.917,750
identity_r2,cancel,1000000,0.918,750
identity_r2,cancel,1000000,0.919,750
identity_r2,cancel,1000000,0.92,750
identity_r2,cancel,1000000,0.921,791
identity_r2,cancel,1000000,0.922,791
identity_r2,cancel,1000000,0.923,791
identity_r2,cancel,1000000,0.924,791
identity_r2,cancel,1000000,0.925,792
identity_r2,cancel,1000000,0.926,792
identity_r2,cancel,1000000,0.927,792
identity_r2,cancel,1000000,0.928,792
identity_r2,cancel,1000000,0.929,792
identity_r2,cancel,1000000,0.93,792
identity_r2,cancel,1000000,0.931,792
identity_r2,cancel,1000000,0.932,792
identity_r2,cancel,1000000,0.933,833
identity_r2,cancel,1000000,0.934,833
identity_r2,cancel,1000000,0.935,833
identity_r2,cancel,1000000,0.936,833
identity_r2,cancel,1000000,0.937,833
identity_r2,cancel,1000000,0.938,833
identity_r2,cancel,1000000,0.939,833
identity_r2,cancel,1000000,0.94,834
identity_r2,cancel,1000000,0.941,834
identity_r2,cancel,1000000,0.942,834
identity_r2,cancel,1000000,0.943,875
identity_r2,cancel,1000000,0.944,875
identity_r2,cancel,1000000,0.945,875
identity_r2,cancel,1000000,0.946,875
identity_r2,cancel,1000000,0.947,875
identity_r2,cancel,1000000,0.948,875
identity_r2,cancel,1000000,0.949,875
identity_r2,cancel,1000000,0.95,875
identity_r2,cancel,1000000,0.951,875
identity_r2,cancel,1000000,0.952,916
identity_r2,cancel,1000000,0.953,916
identity_r2,cancel,1000000,0.954,917
identity_r2,cancel,1000000,0.955,917
identity_r2,cancel,1000000,0.956,917
identity_r2,cancel,1000000,0.957,917
identity_r2,cancel,1000000,0.958,958
identity_r2,cancel,1000000,0.959,958
identity_r2,cancel,1000000,0.96,958
identity_r2,cancel,1000000,0.961,958
identity_r2,cancel,1000000,0.962,959
identity_r2,cancel,1000000,0.963,959
identity_r2,cancel,1000000,0.964,1000
identity_r2,cancel,1000000,0.965,1000
identity_r2,cancel,1000000,0.966,1000
identity_r2,cancel,1000000,0.967,1000
identity_r2,cancel,1000000,0.968,1000
identity_r2,cancel,1000000,0.969,1041
identity_r2,cancel,1000000,0.97,1041
identity_r2,cancel,1000000,0.971,1042
identity_r2,cancel,1000000,0.972,1042
identity_r2,cancel,1000000,0.973,1083
identity_r2,cancel,1000000,0.974,1083
identity_r2,cancel,1000000,0.975,1083
identity_r2,cancel,1000000,0.976,1084
identity_r2,cancel,1000000,0.977,1125
identity_r2,cancel,1000000,0.978,1125
identity_r2,cancel,1000000,0.979,1125
identity_r2,cancel,1000000,0.98,1166
identity_r2,cancel,1000000,0.981,1167
identity_r2,cancel,1000000,0.982,1208
identity_r2,cancel,1000000,0.983,1208
identity_r2,cancel,1000000,0.984,1250
identity_r2,cancel,1000000,0.985,1250
identity_r2,cancel,1000000,0.986,1291
identity_r2,cancel,1000000,0.987,1292
identity_r2,cancel,1000000,0.988,1333
identity_r2,cancel,1000000,0.989,1375
identity_r2,cancel,1000000,0.99,1417
identity_r2,cancel,1000000,0.991,1458
identity_r2,cancel,1000000,0.992,1541
identity_r2,cancel,1000000,0.993,1584
identity_r2,cancel,1000000,0.994,1708
identity_r2,cancel,1000000,0.995,1833
identity_r2,cancel,1000000,0.996,2000
identity_r2,cancel,1000000,0.997,2416
identity_r2,cancel,1000000,0.998,5583
identity_r2,cancel,1000000,0.999,15125
identity_r2,match,1000000,0,0
identity_r2,match,1000000,0.001,0
identity_r2,match,1000000,0.002,0
identity_r2,match,1000000,0.003,0
identity_r2,match,1000000,0.004,0
identity_r2,match,1000000,0.005,0
identity_r2,match,1000000,0.006,41
identity_r2,match,1000000,0.007,41
identity_r2,match,1000000,0.008,41
identity_r2,match,1000000,0.009,41
identity_r2,match,1000000,0.01,41
identity_r2,match,1000000,0.011,41
identity_r2,match,1000000,0.012,41
identity_r2,match,1000000,0.013,41
identity_r2,match,1000000,0.014,41
identity_r2,match,1000000,0.015,41
identity_r2,match,1000000,0.016,41
identity_r2,match,1000000,0.017,41
identity_r2,match,1000000,0.018,41
identity_r2,match,1000000,0.019,41
identity_r2,match,1000000,0.02,41
identity_r2,match,1000000,0.021,41
identity_r2,match,1000000,0.022,41
identity_r2,match,1000000,0.023,41
identity_r2,match,1000000,0.024,41
identity_r2,match,1000000,0.025,41
identity_r2,match,1000000,0.026,41
identity_r2,match,1000000,0.027,41
identity_r2,match,1000000,0.028,41
identity_r2,match,1000000,0.029,41
identity_r2,match,1000000,0.03,41
identity_r2,match,1000000,0.031,41
identity_r2,match,1000000,0.032,41
identity_r2,match,1000000,0.033,41
identity_r2,match,1000000,0.034,41
identity_r2,match,1000000,0.035,41
identity_r2,match,1000000,0.036,41
identity_r2,match,1000000,0.037,41
identity_r2,match,1000000,0.038,41
identity_r2,match,1000000,0.039,41
identity_r2,match,1000000,0.04,41
identity_r2,match,1000000,0.041,41
identity_r2,match,1000000,0.042,41
identity_r2,match,1000000,0.043,41
identity_r2,match,1000000,0.044,41
identity_r2,match,1000000,0.045,41
identity_r2,match,1000000,0.046,41
identity_r2,match,1000000,0.047,41
identity_r2,match,1000000,0.048,41
identity_r2,match,1000000,0.049,41
identity_r2,match,1000000,0.05,41
identity_r2,match,1000000,0.051,41
identity_r2,match,1000000,0.052,41
identity_r2,match,1000000,0.053,41
identity_r2,match,1000000,0.054,41
identity_r2,match,1000000,0.055,41
identity_r2,match,1000000,0.056,41
identity_r2,match,1000000,0.057,41
identity_r2,match,1000000,0.058,41
identity_r2,match,1000000,0.059,41
identity_r2,match,1000000,0.06,41
identity_r2,match,1000000,0.061,41
identity_r2,match,1000000,0.062,41
identity_r2,match,1000000,0.063,41
identity_r2,match,1000000,0.064,41
identity_r2,match,1000000,0.065,41
identity_r2,match,1000000,0.066,41
identity_r2,match,1000000,0.067,41
identity_r2,match,1000000,0.068,41
identity_r2,match,1000000,0.069,41
identity_r2,match,1000000,0.07,41
identity_r2,match,1000000,0.071,41
identity_r2,match,1000000,0.072,41
identity_r2,match,1000000,0.073,41
identity_r2,match,1000000,0.074,41
identity_r2,match,1000000,0.075,41
identity_r2,match,1000000,0.076,41
identity_r2,match,1000000,0.077,41
identity_r2,match,1000000,0.078,41
identity_r2,match,1000000,0.079,41
identity_r2,match,1000000,0.08,41
identity_r2,match,1000000,0.081,41
identity_r2,match,1000000,0.082,41
identity_r2,match,1000000,0.083,41
identity_r2,match,1000000,0.084,41
identity_r2,match,1000000,0.085,41
identity_r2,match,1000000,0.086,41
identity_r2,match,1000000,0.087,41
identity_r2,match,1000000,0.088,41
identity_r2,match,1000000,0.089,41
identity_r2,match,1000000,0.09,41
identity_r2,match,1000000,0.091,41
identity_r2,match,1000000,0.092,41
identity_r2,match,1000000,0.093,41
identity_r2,match,1000000,0.094,41
identity_r2,match,1000000,0.095,41
identity_r2,match,1000000,0.096,41
identity_r2,match,1000000,0.097,41
identity_r2,match,1000000,0.098,41
identity_r2,match,1000000,0.099,41
identity_r2,match,1000000,0.1,41
identity_r2,match,1000000,0.101,41
identity_r2,match,1000000,0.102,41
identity_r2,match,1000000,0.103,41
identity_r2,match,1000000,0.104,41
identity_r2,match,1000000,0.105,41
identity_r2,match,1000000,0.106,41
identity_r2,match,1000000,0.107,41
identity_r2,match,1000000,0.108,42
identity_r2,match,1000000,0.109,42
identity_r2,match,1000000,0.11,42
identity_r2,match,1000000,0.111,42
identity_r2,match,1000000,0.112,42
identity_r2,match,1000000,0.113,42
identity_r2,match,1000000,0.114,42
identity_r2,match,1000000,0.115,42
identity_r2,match,1000000,0.116,42
identity_r2,match,1000000,0.117,42
identity_r2,match,1000000,0.118,42
identity_r2,match,1000000,0.119,42
identity_r2,match,1000000,0.12,42
identity_r2,match,1000000,0.121,42
identity_r2,match,1000000,0.122,42
identity_r2,match,1000000,0.123,42
identity_r2,match,1000000,0.124,42
identity_r2,match,1000000,0.125,42
identity_r2,match,1000000,0.126,42
identity_r2,match,1000000,0.127,42
identity_r2,match,1000000,0.128,42
identity_r2,match,1000000,0.129,42
identity_r2,match,1000000,0.13,42
identity_r2,match,1000000,0.131,42
identity_r2,match,1000000,0.132,42
identity_r2,match,1000000,0.133,42
identity_r2,match,1000000,0.134,42
identity_r2,match,1000000,0.135,42
identity_r2,match,1000000,0.136,42
identity_r2,match,1000000,0.137,42
identity_r2,match,1000000,0.138,42
identity_r2,match,1000000,0.139,42
identity_r2,match,1000000,0.14,42
identity_r2,match,1000000,0.141,42
identity_r2,match,1000000,0.142,42
identity_r2,match,1000000,0.143,42
identity_r2,match,1000000,0.144,42
identity_r2,match,1000000,0.145,42
identity_r2,match,1000000,0.146,42
identity_r2,match,1000000,0.147,42
identity_r2,match,1000000,0.148,42
identity_r2,match,1000000,0.149,42
identity_r2,match,1000000,0.15,42
identity_r2,match,1000000,0.151,42
identity_r2,match,1000000,0.152,42
identity_r2,match,1000000,0.153,42
identity_r2,match,1000000,0.154,42
identity_r2,match,1000000,0.155,42
identity_r2,match,1000000,0.156,42
identity_r2,match,1000000,0.157,42
identity_r2,match,1000000,0.158,42
identity_r2,match,1000000,0.159,42
identity_r2,match,1000000,0.16,42
identity_r2,match,1000000,0.161,42
identity_r2,match,1000000,0.162,42
identity_r2,match,1000000,0.163,42
identity_r2,match,1000000,0.164,42
identity_r2,match,1000000,0.165,42
identity_r2,match,1000000,0.166,42
identity_r2,match,1000000,0.167,42
identity_r2,match,1000000,0.168,42
identity_r2,match,1000000,0.169,42
identity_r2,match,1000000,0.17,42
identity_r2,match,1000000,0.171,42
identity_r2,match,1000000,0.172,42
identity_r2,match,1000000,0.173,42
identity_r2,match,1000000,0.174,42
identity_r2,match,1000000,0.175,42
identity_r2,match,1000000,0.176,42
identity_r2,match,1000000,0.177,42
identity_r2,match,1000000,0.178,42
identity_r2,match,1000000,0.179,42
identity_r2,match,1000000,0.18,42
identity_r2,match,1000000,0.181,42
identity_r2,match,1000000,0.182,42
identity_r2,match,1000000,0.183,42
identity_r2,match,1000000,0.184,42
identity_r2,match,1000000,0.185,42
identity_r2,match,1000000,0.186,42
identity_r2,match,1000000,0.187,42
identity_r2,match,1000000,0.188,42
identity_r2,match,1000000,0.189,42
identity_r2,match,1000000,0.19,42
identity_r2,match,1000000,0.191,42
identity_r2,match,1000000,0.192,42
identity_r2,match,1000000,0.193,42
identity_r2,match,1000000,0.194,42
identity_r2,match,1000000,0.195,42
identity_r2,match,1000000,0.196,42
identity_r2,match,1000000,0.197,42
identity_r2,match,1000000,0.198,42
identity_r2,match,1000000,0.199,42
identity_r2,match,1000000,0.2,42
identity_r2,match,1000000,0.201,42
identity_r2,match,1000000,0.202,42
identity_r2,match,1000000,0.203,42
identity_r2,match,1000000,0.204,42
identity_r2,match,1000000,0.205,42
identity_r2,match,1000000,0.206,42
identity_r2,match,1000000,0.207,42
identity_r2,match,1000000,0.208,42
identity_r2,match,1000000,0.209,42
identity_r2,match,1000000,0.21,42
identity_r2,match,1000000,0.211,42
identity_r2,match,1000000,0.212,42
identity_r2,match,1000000,0.213,42
identity_r2,match,1000000,0.214,42
identity_r2,match,1000000,0.215,42
identity_r2,match,1000000,0.216,42
identity_r2,match,1000000,0.217,42
identity_r2,match,1000000,0.218,42
identity_r2,match,1000000,0.219,42
identity_r2,match,1000000,0.22,42
identity_r2,match,1000000,0.221,42
identity_r2,match,1000000,0.222,42
identity_r2,match,1000000,0.223,42
identity_r2,match,1000000,0.224,42
identity_r2,match,1000000,0.225,42
identity_r2,match,1000000,0.226,42
identity_r2,match,1000000,0.227,42
identity_r2,match,1000000,0.228,42
identity_r2,match,1000000,0.229,42
identity_r2,match,1000000,0.23,42
identity_r2,match,1000000,0.231,42
identity_r2,match,1000000,0.232,42
identity_r2,match,1000000,0.233,42
identity_r2,match,1000000,0.234,42
identity_r2,match,1000000,0.235,42
identity_r2,match,1000000,0.236,42
identity_r2,match,1000000,0.237,42
identity_r2,match,1000000,0.238,42
identity_r2,match,1000000,0.239,42
identity_r2,match,1000000,0.24,42
identity_r2,match,1000000,0.241,42
identity_r2,match,1000000,0.242,42
identity_r2,match,1000000,0.243,42
identity_r2,match,1000000,0.244,42
identity_r2,match,1000000,0.245,42
identity_r2,match,1000000,0.246,42
identity_r2,match,1000000,0.247,42
identity_r2,match,1000000,0.248,42
identity_r2,match,1000000,0.249,42
identity_r2,match,1000000,0.25,42
identity_r2,match,1000000,0.251,42
identity_r2,match,1000000,0.252,42
identity_r2,match,1000000,0.253,42
identity_r2,match,1000000,0.254,42
identity_r2,match,1000000,0.255,42
identity_r2,match,1000000,0.256,42
identity_r2,match,1000000,0.257,42
identity_r2,match,1000000,0.258,42
identity_r2,match,1000000,0.259,42
identity_r2,match,1000000,0.26,42
identity_r2,match,1000000,0.261,42
identity_r2,match,1000000,0.262,42
identity_r2,match,1000000,0.263,42
identity_r2,match,1000000,0.264,42
identity_r2,match,1000000,0.265,42
identity_r2,match,1000000,0.266,42
identity_r2,match,1000000,0.267,42
identity_r2,match,1000000,0.268,42
identity_r2,match,1000000,0.269,42
identity_r2,match,1000000,0.27,42
identity_r2,match,1000000,0.271,42
identity_r2,match,1000000,0.272,42
identity_r2,match,1000000,0.273,42
identity_r2,match,1000000,0.274,42
identity_r2,match,1000000,0.275,42
identity_r2,match,1000000,0.276,42
identity_r2,match,1000000,0.277,42
identity_r2,match,1000000,0.278,42
identity_r2,match,1000000,0.279,42
identity_r2,match,1000000,0.28,42
identity_r2,match,1000000,0.281,42
identity_r2,match,1000000,0.282,42
identity_r2,match,1000000,0.283,42
identity_r2,match,1000000,0.284,42
identity_r2,match,1000000,0.285,42
identity_r2,match,1000000,0.286,42
identity_r2,match,1000000,0.287,42
identity_r2,match,1000000,0.288,42
identity_r2,match,1000000,0.289,42
identity_r2,match,1000000,0.29,42
identity_r2,match,1000000,0.291,42
identity_r2,match,1000000,0.292,42
identity_r2,match,1000000,0.293,42
identity_r2,match,1000000,0.294,42
identity_r2,match,1000000,0.295,42
identity_r2,match,1000000,0.296,42
identity_r2,match,1000000,0.297,42
identity_r2,match,1000000,0.298,42
identity_r2,match,1000000,0.299,42
identity_r2,match,1000000,0.3,42
identity_r2,match,1000000,0.301,42
identity_r2,match,1000000,0.302,42
identity_r2,match,1000000,0.303,42
identity_r2,match,1000000,0.304,42
identity_r2,match,1000000,0.305,42
identity_r2,match,1000000,0.306,42
identity_r2,match,1000000,0.307,42
identity_r2,match,1000000,0.308,42
identity_r2,match,1000000,0.309,42
identity_r2,match,1000000,0.31,42
identity_r2,match,1000000,0.311,42
identity_r2,match,1000000,0.312,42
identity_r2,match,1000000,0.313,83
identity_r2,match,1000000,0.314,83
identity_r2,match,1000000,0.315,83
identity_r2,match,1000000,0.316,83
identity_r2,match,1000000,0.317,83
identity_r2,match,1000000,0.318,83
identity_r2,match,1000000,0.319,83
identity_r2,match,1000000,0.32,83
identity_r2,match,1000000,0.321,83
identity_r2,match,1000000,0.322,83
identity_r2,match,1000000,0.323,83
identity_r2,match,1000000,0.324,83
identity_r2,match,1000000,0.325,83
identity_r2,match,1000000,0.326,83
identity_r2,match,1000000,0.327,83
identity_r2,match,1000000,0.328,83
identity_r2,match,1000000,0.329,83
identity_r2,match,1000000,0.33,83
identity_r2,match,1000000,0.331,83
identity_r2,match,1000000,0.332,83
identity_r2,match,1000000,0.333,83
identity_r2,match,1000000,0.334,83
identity_r2,match,1000000,0.335,83
identity_r2,match,1000000,0.336,83
identity_r2,match,1000000,0.337,83
identity_r2,match,1000000,0.338,83
identity_r2,match,1000000,0.339,83
identity_r2,match,1000000,0.34,83
identity_r2,match,1000000,0.341,83
identity_r2,match,1000000,0.342,83
identity_r2,match,1000000,0.343,83
identity_r2,match,1000000,0.344,83
identity_r2,match,1000000,0.345,83
identity_r2,match,1000000,0.346,83
identity_r2,match,1000000,0.347,83
identity_r2,match,1000000,0.348,83
identity_r2,match,1000000,0.349,83
identity_r2,match,1000000,0.35,83
identity_r2,match,1000000,0.351,83
identity_r2,match,1000000,0.352,83
identity_r2,match,1000000,0.353,83
identity_r2,match,1000000,0.354,83
identity_r2,match,1000000,0.355,83
identity_r2,match,1000000,0.356,83
identity_r2,match,1000000,0.357,83
identity_r2,match,1000000,0.358,83
identity_r2,match,1000000,0.359,83
identity_r2,match,1000000,0.36,83
identity_r2,match,1000000,0.361,83
identity_r2,match,1000000,0.362,83
identity_r2,match,1000000,0.363,83
identity_r2,match,1000000,0.364,83
identity_r2,match,1000000,0.365,83
identity_r2,match,1000000,0.366,83
identity_r2,match,1000000,0.367,83
identity_r2,match,1000000,0.368,83
identity_r2,match,1000000,0.369,83
identity_r2,match,1000000,0.37,83
identity_r2,match,1000000,0.371,83
identity_r2,match,1000000,0.372,83
identity_r2,match,1000000,0.373,83
identity_r2,match,1000000,0.374,83
identity_r2,match,1000000,0.375,83
identity_r2,match,1000000,0.376,83
identity_r2,match,1000000,0.377,83
identity_r2,match,1000000,0.378,83
identity_r2,match,1000000,0.379,83
identity_r2,match,1000000,0.38,83
identity_r2,match,1000000,0.381,83
identity_r2,match,1000000,0.382,83
identity_r2,match,1000000,0.383,83
identity_r2,match,1000000,0.384,83
identity_r2,match,1000000,0.385,83
identity_r2,match,1000000,0.386,83
identity_r2,match,1000000,0.387,83
identity_r2,match,1000000,0.388,83
identity_r2,match,1000000,0.389,83
identity_r2,match,1000000,0.39,83
identity_r2,match,1000000,0.391,83
identity_r2,match,1000000,0.392,83
identity_r2,match,1000000,0.393,83
identity_r2,match,1000000,0.394,83
identity_r2,match,1000000,0.395,83
identity_r2,match,1000000,0.396,83
identity_r2,match,1000000,0.397,83
identity_r2,match,1000000,0.398,83
identity_r2,match,1000000,0.399,83
identity_r2,match,1000000,0.4,83
identity_r2,match,1000000,0.401,83
identity_r2,match,1000000,0.402,83
identity_r2,match,1000000,0.403,83
identity_r2,match,1000000,0.404,83
identity_r2,match,1000000,0.405,83
identity_r2,match,1000000,0.406,83
identity_r2,match,1000000,0.407,83
identity_r2,match,1000000,0.408,83
identity_r2,match,1000000,0.409,83
identity_r2,match,1000000,0.41,83
identity_r2,match,1000000,0.411,83
identity_r2,match,1000000,0.412,83
identity_r2,match,1000000,0.413,83
identity_r2,match,1000000,0.414,83
identity_r2,match,1000000,0.415,83
identity_r2,match,1000000,0.416,83
identity_r2,match,1000000,0.417,83
identity_r2,match,1000000,0.418,83
identity_r2,match,1000000,0.419,83
identity_r2,match,1000000,0.42,83
identity_r2,match,1000000,0.421,83
identity_r2,match,1000000,0.422,83
identity_r2,match,1000000,0.423,83
identity_r2,match,1000000,0.424,83
identity_r2,match,1000000,0.425,83
identity_r2,match,1000000,0.426,83
identity_r2,match,1000000,0.427,83
identity_r2,match,1000000,0.428,83
identity_r2,match,1000000,0.429,83
identity_r2,match,1000000,0.43,83
identity_r2,match,1000000,0.431,83
identity_r2,match,1000000,0.432,83
identity_r2,match,1000000,0.433,83
identity_r2,match,1000000,0.434,83
identity_r2,match,1000000,0.435,83
identity_r2,match,1000000,0.436,83
identity_r2,match,1000000,0.437,83
identity_r2,match,1000000,0.438,83
identity_r2,match,1000000,0.439,83
identity_r2,match,1000000,0.44,83
identity_r2,match,1000000,0.441,83
identity_r2,match,1000000,0.442,83
identity_r2,match,1000000,0.443,83
identity_r2,match,1000000,0.444,83
identity_r2,match,1000000,0.445,83
identity_r2,match,1000000,0.446,83
identity_r2,match,1000000,0.447,83
identity_r2,match,1000000,0.448,83
identity_r2,match,1000000,0.449,83
identity_r2,match,1000000,0.45,83
identity_r2,match,1000000,0.451,83
identity_r2,match,1000000,0.452,84
identity_r2,match,1000000,0.453,84
identity_r2,match,1000000,0.454,84
identity_r2,match,1000000,0.455,84
identity_r2,match,1000000,0.456,84
identity_r2,match,1000000,0.457,84
identity_r2,match,1000000,0.458,84
identity_r2,match,1000000,0.459,84
identity_r2,match,1000000,0.46,84
identity_r2,match,1000000,0.461,84
identity_r2,match,1000000,0.462,84
identity_r2,match,1000000,0.463,84
identity_r2,match,1000000,0.464,84
identity_r2,match,1000000,0.465,84
identity_r2,match,1000000,0.466,84
identity_r2,match,1000000,0.467,84
identity_r2,match,1000000,0.468,84
identity_r2,match,1000000,0.469,84
identity_r2,match,1000000,0.47,84
identity_r2,match,1000000,0.471,84
identity_r2,match,1000000,0.472,84
identity_r2,match,1000000,0.473,84
identity_r2,match,1000000,0.474,84
identity_r2,match,1000000,0.475,84
identity_r2,match,1000000,0.476,84
identity_r2,match,1000000,0.477,84
identity_r2,match,1000000,0.478,84
identity_r2,match,1000000,0.479,84
identity_r2,match,1000000,0.48,84
identity_r2,match,1000000,0.481,84
identity_r2,match,1000000,0.482,84
identity_r2,match,1000000,0.483,84
identity_r2,match,1000000,0.484,84
identity_r2,match,1000000,0.485,84
identity_r2,match,1000000,0.486,84
identity_r2,match,1000000,0.487,84
identity_r2,match,1000000,0.488,84
identity_r2,match,1000000,0.489,84
identity_r2,match,1000000,0.49,84
identity_r2,match,1000000,0.491,84
identity_r2,match,1000000,0.492,84
identity_r2,match,1000000,0.493,84
identity_r2,match,1000000,0.494,84
identity_r2,match,1000000,0.495,84
identity_r2,match,1000000,0.496,84
identity_r2,match,1000000,0.497,84
identity_r2,match,1000000,0.498,84
identity_r2,match,1000000,0.499,84
identity_r2,match,1000000,0.5,84
identity_r2,match,1000000,0.501,84
identity_r2,match,1000000,0.502,84
identity_r2,match,1000000,0.503,84
identity_r2,match,1000000,0.504,84
identity_r2,match,1000000,0.505,84
identity_r2,match,1000000,0.506,84
identity_r2,match,1000000,0.507,84
identity_r2,match,1000000,0.508,84
identity_r2,match,1000000,0.509,84
identity_r2,match,1000000,0.51,84
identity_r2,match,1000000,0.511,84
identity_r2,match,1000000,0.512,84
identity_r2,match,1000000,0.513,84
identity_r2,match,1000000,0.514,84
identity_r2,match,1000000,0.515,84
identity_r2,match,1000000,0.516,84
identity_r2,match,1000000,0.517,84
identity_r2,match,1000000,0.518,84
identity_r2,match,1000000,0.519,84
identity_r2,match,1000000,0.52,84
identity_r2,match,1000000,0.521,125
identity_r2,match,1000000,0.522,125
identity_r2,match,1000000,0.523,125
identity_r2,match,1000000,0.524,125
identity_r2,match,1000000,0.525,125
identity_r2,match,1000000,0.526,125
identity_r2,match,1000000,0.527,125
identity_r2,match,1000000,0.528,125
identity_r2,match,1000000,0.529,125
identity_r2,match,1000000,0.53,125
identity_r2,match,1000000,0.531,125
identity_r2,match,1000000,0.532,125
identity_r2,match,1000000,0.533,125
identity_r2,match,1000000,0.534,125
identity_r2,match,1000000,0.535,125
identity_r2,match,1000000,0.536,125
identity_r2,match,1000000,0.537,125
identity_r2,match,1000000,0.538,125
identity_r2,match,1000000,0.539,125
identity_r2,match,1000000,0.54,125
identity_r2,match,1000000,0.541,125
identity_r2,match,1000000,0.542,125
identity_r2,match,1000000,0.543,125
identity_r2,match,1000000,0.544,125
identity_r2,match,1000000,0.545,125
identity_r2,match,1000000,0.546,125
identity_r2,match,1000000,0.547,125
identity_r2,match,1000000,0.548,125
identity_r2,match,1000000,0.549,125
identity_r2,match,1000000,0.55,125
identity_r2,match,1000000,0.551,125
identity_r2,match,1000000,0.552,125
identity_r2,match,1000000,0.553,125
identity_r2,match,1000000,0.554,125
identity_r2,match,1000000,0.555,125
identity_r2,match,1000000,0.556,125
identity_r2,match,1000000,0.557,125
identity_r2,match,1000000,0.558,125
identity_r2,match,1000000,0.559,125
identity_r2,match,1000000,0.56,125
identity_r2,match,1000000,0.561,125
identity_r2,match,1000000,0.562,125
identity_r2,match,1000000,0.563,125
identity_r2,match,1000000,0.564,125
identity_r2,match,1000000,0.565,125
identity_r2,match,1000000,0.566,125
identity_r2,match,1000000,0.567,125
identity_r2,match,1000000,0.568,125
identity_r2,match,1000000,0.569,125
identity_r2,match,1000000,0.57,125
identity_r2,match,1000000,0.571,125
identity_r2,match,1000000,0.572,125
identity_r2,match,1000000,0.573,125
identity_r2,match,1000000,0.574,125
identity_r2,match,1000000,0.575,125
identity_r2,match,1000000,0.576,125
identity_r2,match,1000000,0.577,125
identity_r2,match,1000000,0.578,125
identity_r2,match,1000000,0.579,125
identity_r2,match,1000000,0.58,125
identity_r2,match,1000000,0.581,125
identity_r2,match,1000000,0.582,125
identity_r2,match,1000000,0.583,125
identity_r2,match,1000000,0.584,125
identity_r2,match,1000000,0.585,125
identity_r2,match,1000000,0.586,125
identity_r2,match,1000000,0.587,125
identity_r2,match,1000000,0.588,125
identity_r2,match,1000000,0.589,125
identity_r2,match,1000000,0.59,125
identity_r2,match,1000000,0.591,166
identity_r2,match,1000000,0.592,166
identity_r2,match,1000000,0.593,166
identity_r2,match,1000000,0.594,166
identity_r2,match,1000000,0.595,166
identity_r2,match,1000000,0.596,166
identity_r2,match,1000000,0.597,166
identity_r2,match,1000000,0.598,166
identity_r2,match,1000000,0.599,166
identity_r2,match,1000000,0.6,166
identity_r2,match,1000000,0.601,166
identity_r2,match,1000000,0.602,166
identity_r2,match,1000000,0.603,166
identity_r2,match,1000000,0.604,166
identity_r2,match,1000000,0.605,166
identity_r2,match,1000000,0.606,166
identity_r2,match,1000000,0.607,166
identity_r2,match,1000000,0.608,166
identity_r2,match,1000000,0.609,166
identity_r2,match,1000000,0.61,166
identity_r2,match,1000000,0.611,166
identity_r2,match,1000000,0.612,166
identity_r2,match,1000000,0.613,166
identity_r2,match,1000000,0.614,166
identity_r2,match,1000000,0.615,166
identity_r2,match,1000000,0.616,166
identity_r2,match,1000000,0.617,166
identity_r2,match,1000000,0.618,166
identity_r2,match,1000000,0.619,166
identity_r2,match,1000000,0.62,166
identity_r2,match,1000000,0.621,166
identity_r2,match,1000000,0.622,166
identity_r2,match,1000000,0.623,166
identity_r2,match,1000000,0.624,166
identity_r2,match,1000000,0.625,166
identity_r2,match,1000000,0.626,166
identity_r2,match,1000000,0.627,166
identity_r2,match,1000000,0.628,166
identity_r2,match,1000000,0.629,166
identity_r2,match,1000000,0.63,166
identity_r2,match,1000000,0.631,166
identity_r2,match,1000000,0.632,166
identity_r2,match,1000000,0.633,166
identity_r2,match,1000000,0.634,166
identity_r2,match,1000000,0.635,167
identity_r2,match,1000000,0.636,167
identity_r2,match,1000000,0.637,167
identity_r2,match,1000000,0.638,167
identity_r2,match,1000000,0.639,167
identity_r2,match,1000000,0.64,167
identity_r2,match,1000000,0.641,167
identity_r2,match,1000000,0.642,167
identity_r2,match,1000000,0.643,167
identity_r2,match,1000000,0.644,167
identity_r2,match,1000000,0.645,167
identity_r2,match,1000000,0.646,167
identity_r2,match,1000000,0.647,167
identity_r2,match,1000000,0.648,167
identity_r2,match,1000000,0.649,167
identity_r2,match,1000000,0.65,167
identity_r2,match,1000000,0.651,167
identity_r2,match,1000000,0.652,167
identity_r2,match,1000000,0.653,167
identity_r2,match,1000000,0.654,167
identity_r2,match,1000000,0.655,167
identity_r2,match,1000000,0.656,167
identity_r2,match,1000000,0.657,167
identity_r2,match,1000000,0.658,167
identity_r2,match,1000000,0.659,167
identity_r2,match,1000000,0.66,167
identity_r2,match,1000000,0.661,167
identity_r2,match,1000000,0.662,167
identity_r2,match,1000000,0.663,167
identity_r2,match,1000000,0.664,167
identity_r2,match,1000000,0.665,167
identity_r2,match,1000000,0.666,167
identity_r2,match,1000000,0.667,167
identity_r2,match,1000000,0.668,167
identity_r2,match,1000000,0.669,167
identity_r2,match,1000000,0.67,167
identity_r2,match,1000000,0.671,167
identity_r2,match,1000000,0.672,167
identity_r2,match,1000000,0.673,167
identity_r2,match,1000000,0.674,167
identity_r2,match,1000000,0.675,167
identity_r2,match,1000000,0.676,167
identity_r2,match,1000000,0.677,167
identity_r2,match,1000000,0.678,167
identity_r2,match,1000000,0.679,167
identity_r2,match,1000000,0.68,167
identity_r2,match,1000000,0.681,167
identity_r2,match,1000000,0.682,167
identity_r2,match,1000000,0.683,167
identity_r2,match,1000000,0.684,167
identity_r2,match,1000000,0.685,167
identity_r2,match,1000000,0.686,167
identity_r2,match,1000000,0.687,167
identity_r2,match,1000000,0.688,167
identity_r2,match,1000000,0.689,167
identity_r2,match,1000000,0.69,167
identity_r2,match,1000000,0.691,167
identity_r2,match,1000000,0.692,167
identity_r2,match,1000000,0.693,167
identity_r2,match,1000000,0.694,167
identity_r2,match,1000000,0.695,167
identity_r2,match,1000000,0.696,167
identity_r2,match,1000000,0.697,167
identity_r2,match,1000000,0.698,167
identity_r2,match,1000000,0.699,167
identity_r2,match,1000000,0.7,167
identity_r2,match,1000000,0.701,167
identity_r2,match,1000000,0.702,167
identity_r2,match,1000000,0.703,167
identity_r2,match,1000000,0.704,167
identity_r2,match,1000000,0.705,167
identity_r2,match,1000000,0.706,167
identity_r2,match,1000000,0.707,167
identity_r2,match,1000000,0.708,167
identity_r2,match,1000000,0.709,167
identity_r2,match,1000000,0.71,167
identity_r2,match,1000000,0.711,167
identity_r2,match,1000000,0.712,167
identity_r2,match,1000000,0.713,167
identity_r2,match,1000000,0.714,167
identity_r2,match,1000000,0.715,167
identity_r2,match,1000000,0.716,167
identity_r2,match,1000000,0.717,167
identity_r2,match,1000000,0.718,167
identity_r2,match,1000000,0.719,167
identity_r2,match,1000000,0.72,167
identity_r2,match,1000000,0.721,167
identity_r2,match,1000000,0.722,167
identity_r2,match,1000000,0.723,167
identity_r2,match,1000000,0.724,167
identity_r2,match,1000000,0.725,167
identity_r2,match,1000000,0.726,208
identity_r2,match,1000000,0.727,208
identity_r2,match,1000000,0.728,208
identity_r2,match,1000000,0.729,208
identity_r2,match,1000000,0.73,208
identity_r2,match,1000000,0.731,208
identity_r2,match,1000000,0.732,208
identity_r2,match,1000000,0.733,208
identity_r2,match,1000000,0.734,208
identity_r2,match,1000000,0.735,208
identity_r2,match,1000000,0.736,208
identity_r2,match,1000000,0.737,208
identity_r2,match,1000000,0.738,208
identity_r2,match,1000000,0.739,208
identity_r2,match,1000000,0.74,208
identity_r2,match,1000000,0.741,208
identity_r2,match,1000000,0.742,208
identity_r2,match,1000000,0.743,208
identity_r2,match,1000000,0.744,208
identity_r2,match,1000000,0.745,208
identity_r2,match,1000000,0.746,208
identity_r2,match,1000000,0.747,208
identity_r2,match,1000000,0.748,208
identity_r2,match,1000000,0.749,208
identity_r2,match,1000000,0.75,208
identity_r2,match,1000000,0.751,208
identity_r2,match,1000000,0.752,208
identity_r2,match,1000000,0.753,208
identity_r2,match,1000000,0.754,208
identity_r2,match,1000000,0.755,208
identity_r2,match,1000000,0.756,208
identity_r2,match,1000000,0.757,208
identity_r2,match,1000000,0.758,208
identity_r2,match,1000000,0.759,208
identity_r2,match,1000000,0.76,208
identity_r2,match,1000000,0.761,208
identity_r2,match,1000000,0.762,208
identity_r2,match,1000000,0.763,208
identity_r2,match,1000000,0.764,208
identity_r2,match,1000000,0.765,208
identity_r2,match,1000000,0.766,208
identity_r2,match,1000000,0.767,208
identity_r2,match,1000000,0.768,208
identity_r2,match,1000000,0.769,208
identity_r2,match,1000000,0.77,208
identity_r2,match,1000000,0.771,208
identity_r2,match,1000000,0.772,208
identity_r2,match,1000000,0.773,208
identity_r2,match,1000000,0.774,208
identity_r2,match,1000000,0.775,208
identity_r2,match,1000000,0.776,208
identity_r2,match,1000000,0.777,208
identity_r2,match,1000000,0.778,208
identity_r2,match,1000000,0.779,208
identity_r2,match,1000000,0.78,208
identity_r2,match,1000000,0.781,208
identity_r2,match,1000000,0.782,208
identity_r2,match,1000000,0.783,208
identity_r2,match,1000000,0.784,208
identity_r2,match,1000000,0.785,208
identity_r2,match,1000000,0.786,208
identity_r2,match,1000000,0.787,208
identity_r2,match,1000000,0.788,208
identity_r2,match,1000000,0.789,208
identity_r2,match,1000000,0.79,208
identity_r2,match,1000000,0.791,208
identity_r2,match,1000000,0.792,208
identity_r2,match,1000000,0.793,208
identity_r2,match,1000000,0.794,208
identity_r2,match,1000000,0.795,208
identity_r2,match,1000000,0.796,208
identity_r2,match,1000000,0.797,208
identity_r2,match,1000000,0.798,209
identity_r2,match,1000000,0.799,209
identity_r2,match,1000000,0.8,209
identity_r2,match,1000000,0.801,209
identity_r2,match,1000000,0.802,209
identity_r2,match,1000000,0.803,209
identity_r2,match,1000000,0.804,209
identity_r2,match,1000000,0.805,209
identity_r2,match,1000000,0.806,209
identity_r2,match,1000000,0.807,209
identity_r2,match,1000000,0.808,209
identity_r2,match,1000000,0.809,209
identity_r2,match,1000000,0.81,209
identity_r2,match,1000000,0.811,209
identity_r2,match,1000000,0.812,209
identity_r2,match,1000000,0.813,209
identity_r2,match,1000000,0.814,209
identity_r2,match,1000000,0.815,209
identity_r2,match,1000000,0.816,209
identity_r2,match,1000000,0.817,209
identity_r2,match,1000000,0.818,209
identity_r2,match,1000000,0.819,209
identity_r2,match,1000000,0.82,209
identity_r2,match,1000000,0.821,209
identity_r2,match,1000000,0.822,209
identity_r2,match,1000000,0.823,209
identity_r2,match,1000000,0.824,209
identity_r2,match,1000000,0.825,209
identity_r2,match,1000000,0.826,209
identity_r2,match,1000000,0.827,209
identity_r2,match,1000000,0.828,209
identity_r2,match,1000000,0.829,209
identity_r2,match,1000000,0.83,209
identity_r2,match,1000000,0.831,209
identity_r2,match,1000000,0.832,209
identity_r2,match,1000000,0.833,209
identity_r2,match,1000000,0.834,250
identity_r2,match,1000000,0.835,250
identity_r2,match,1000000,0.836,250
identity_r2,match,1000000,0.837,250
identity_r2,match,1000000,0.838,250
identity_r2,match,1000000,0.839,250
identity_r2,match,1000000,0.84,250
identity_r2,match,1000000,0.841,250
identity_r2,match,1000000,0.842,250
identity_r2,match,1000000,0.843,250
identity_r2,match,1000000,0.844,250
identity_r2,match,1000000,0.845,250
identity_r2,match,1000000,0.846,250
identity_r2,match,1000000,0.847,250
identity_r2,match,1000000,0.848,250
identity_r2,match,1000000,0.849,250
identity_r2,match,1000000,0.85,250
identity_r2,match,1000000,0.851,250
identity_r2,match,1000000,0.852,250
identity_r2,match,1000000,0.853,250
identity_r2,match,1000000,0.854,250
identity_r2,match,1000000,0.855,250
identity_r2,match,1000000,0.856,250
identity_r2,match,1000000,0.857,250
identity_r2,match,1000000,0.858,250
identity_r2,match,1000000,0.859,250
identity_r2,match,1000000,0.86,250
identity_r2,match,1000000,0.861,250
identity_r2,match,1000000,0.862,250
identity_r2,match,1000000,0.863,250
identity_r2,match,1000000,0.864,250
identity_r2,match,1000000,0.865,250
identity_r2,match,1000000,0.866,250
identity_r2,match,1000000,0.867,250
identity_r2,match,1000000,0.868,250
identity_r2,match,1000000,0.869,250
identity_r2,match,1000000,0.87,250
identity_r2,match,1000000,0.871,250
identity_r2,match,1000000,0.872,250
identity_r2,match,1000000,0.873,250
identity_r2,match,1000000,0.874,250
identity_r2,match,1000000,0.875,250
identity_r2,match,1000000,0.876,250
identity_r2,match,1000000,0.877,250
identity_r2,match,1000000,0.878,250
identity_r2,match,1000000,0.879,250
identity_r2,match,1000000,0.88,250
identity_r2,match,1000000,0.881,250
identity_r2,match,1000000,0.882,250
identity_r2,match,1000000,0.883,250
identity_r2,match,1000000,0.884,250
identity_r2,match,1000000,0.885,250
identity_r2,match,1000000,0.886,250
identity_r2,match,1000000,0.887,250
identity_r2,match,1000000,0.888,250
identity_r2,match,1000000,0.889,250
identity_r2,match,1000000,0.89,291
identity_r2,match,1000000,0.891,291
identity_r2,match,1000000,0.892,291
identity_r2,match,1000000,0.893,291
identity_r2,match,1000000,0.894,291
identity_r2,match,1000000,0.895,291
identity_r2,match,1000000,0.896,291
identity_r2,match,1000000,0.897,291
identity_r2,match,1000000,0.898,291
identity_r2,match,1000000,0.899,291
identity_r2,match,1000000,0.9,291
identity_r2,match,1000000,0.901,292
identity_r2,match,1000000,0.902,292
identity_r2,match,1000000,0.903,292
identity_r2,match,1000000,0.904,292
identity_r2,match,1000000,0.905,292
identity_r2,match,1000000,0.906,292
identity_r2,match,1000000,0.907,292
identity_r2,match,1000000,0.908,292
identity_r2,match,1000000,0.909,292
identity_r2,match,1000000,0.91,292
identity_r2,match,1000000,0.911,292
identity_r2,match,1000000,0.912,292
identity_r2,match,1000000,0.913,292
identity_r2,match,1000000,0.914,292
identity_r2,match,1000000,0.915,292
identity_r2,match,1000000,0.916,292
identity_r2,match,1000000,0.917,292
identity_r2,match,1000000,0.918,292
identity_r2,match,1000000,0.919,292
identity_r2,match,1000000,0.92,292
identity_r2,match,1000000,0.921,292
identity_r2,match,1000000,0.922,292
identity_r2,match,1000000,0.923,292
identity_r2,match,1000000,0.924,333
identity_r2,match,1000000,0.925,333
identity_r2,match,1000000,0.926,333
identity_r2,match,1000000,0.927,333
identity_r2,match,1000000,0.928,333
identity_r2,match,1000000,0.929,333
identity_r2,match,1000000,0.93,333
identity_r2,match,1000000,0.931,333
identity_r2,match,1000000,0.932,333
identity_r2,match,1000000,0.933,333
identity_r2,match,1000000,0.934,333
identity_r2,match,1000000,0.935,333
identity_r2,match,1000000,0.936,333
identity_r2,match,1000000,0.937,333
identity_r2,match,1000000,0.938,333
identity_r2,match,1000000,0.939,334
identity_r2,match,1000000,0.94,334
identity_r2,match,1000000,0.941,334
identity_r2,match,1000000,0.942,334
identity_r2,match,1000000,0.943,334
identity_r2,match,1000000,0.944,334
identity_r2,match,1000000,0.945,334
identity_r2,match,1000000,0.946,334
identity_r2,match,1000000,0.947,375
identity_r2,match,1000000,0.948,375
identity_r2,match,1000000,0.949,375
identity_r2,match,1000000,0.95,375
identity_r2,match,1000000,0.951,375
identity_r2,match,1000000,0.952,375
identity_r2,match,1000000,0.953,375
identity_r2,match,1000000,0.954,375
identity_r2,match,1000000,0.955,375
identity_r2,match,1000000,0.956,375
identity_r2,match,1000000,0.957,375
identity_r2,match,1000000,0.958,375
identity_r2,match,1000000,0.959,375
identity_r2,match,1000000,0.96,375
identity_r2,match,1000000,0.961,375
identity_r2,match,1000000,0.962,416
identity_r2,match,1000000,0.963,416
identity_r2,match,1000000,0.964,416
identity_r2,match,1000000,0.965,417
identity_r2,match,1000000,0.966,417
identity_r2,match,1000000,0.967,417
identity_r2,match,1000000,0.968,417
identity_r2,match,1000000,0.969,417
identity_r2,match,1000000,0.97,417
identity_r2,match,1000000,0.971,417
identity_r2,match,1000000,0.972,458
identity_r2,match,1000000,0.973,458
identity_r2,match,1000000,0.974,458
identity_r2,match,1000000,0.975,458
identity_r2,match,1000000,0.976,458
identity_r2,match,1000000,0.977,459
identity_r2,match,1000000,0.978,459
identity_r2,match,1000000,0.979,500
identity_r2,match,1000000,0.98,500
identity_r2,match,1000000,0.981,500
identity_r2,match,1000000,0.982,500
identity_r2,match,1000000,0.983,500
identity_r2,match,1000000,0.984,541
identity_r2,match,1000000,0.985,541
identity_r2,match,1000000,0.986,542
identity_r2,match,1000000,0.987,542
identity_r2,match,1000000,0.988,583
identity_r2,match,1000000,0.989,583
identity_r2,match,1000000,0.99,584
identity_r2,match,1000000,0.991,625
identity_r2,match,1000000,0.992,625
identity_r2,match,1000000,0.993,667
identity_r2,match,1000000,0.994,708
identity_r2,match,1000000,0.995,750
identity_r2,match,1000000,0.996,792
identity_r2,match,1000000,0.997,875
identity_r2,match,1000000,0.998,1000
identity_r2,match,1000000,0.999,1250
