variant,scenario,book_orders,quantile,latency_ns
stdmap_r1,add,1000,0,41
stdmap_r1,add,1000,0.001,42
stdmap_r1,add,1000,0.002,42
stdmap_r1,add,1000,0.003,83
stdmap_r1,add,1000,0.004,83
stdmap_r1,add,1000,0.005,83
stdmap_r1,add,1000,0.006,83
stdmap_r1,add,1000,0.007,83
stdmap_r1,add,1000,0.008,83
stdmap_r1,add,1000,0.009,83
stdmap_r1,add,1000,0.01,83
stdmap_r1,add,1000,0.011,83
stdmap_r1,add,1000,0.012,83
stdmap_r1,add,1000,0.013,83
stdmap_r1,add,1000,0.014,83
stdmap_r1,add,1000,0.015,83
stdmap_r1,add,1000,0.016,83
stdmap_r1,add,1000,0.017,83
stdmap_r1,add,1000,0.018,83
stdmap_r1,add,1000,0.019,83
stdmap_r1,add,1000,0.02,83
stdmap_r1,add,1000,0.021,83
stdmap_r1,add,1000,0.022,83
stdmap_r1,add,1000,0.023,83
stdmap_r1,add,1000,0.024,83
stdmap_r1,add,1000,0.025,83
stdmap_r1,add,1000,0.026,84
stdmap_r1,add,1000,0.027,84
stdmap_r1,add,1000,0.028,84
stdmap_r1,add,1000,0.029,84
stdmap_r1,add,1000,0.03,84
stdmap_r1,add,1000,0.031,84
stdmap_r1,add,1000,0.032,84
stdmap_r1,add,1000,0.033,84
stdmap_r1,add,1000,0.034,84
stdmap_r1,add,1000,0.035,84
stdmap_r1,add,1000,0.036,84
stdmap_r1,add,1000,0.037,84
stdmap_r1,add,1000,0.038,125
stdmap_r1,add,1000,0.039,125
stdmap_r1,add,1000,0.04,125
stdmap_r1,add,1000,0.041,125
stdmap_r1,add,1000,0.042,125
stdmap_r1,add,1000,0.043,125
stdmap_r1,add,1000,0.044,125
stdmap_r1,add,1000,0.045,125
stdmap_r1,add,1000,0.046,125
stdmap_r1,add,1000,0.047,125
stdmap_r1,add,1000,0.048,125
stdmap_r1,add,1000,0.049,125
stdmap_r1,add,1000,0.05,125
stdmap_r1,add,1000,0.051,125
stdmap_r1,add,1000,0.052,125
stdmap_r1,add,1000,0.053,125
stdmap_r1,add,1000,0.054,125
stdmap_r1,add,1000,0.055,125
stdmap_r1,add,1000,0.056,125
stdmap_r1,add,1000,0.057,125
stdmap_r1,add,1000,0.058,125
stdmap_r1,add,1000,0.059,125
stdmap_r1,add,1000,0.06,125
stdmap_r1,add,1000,0.061,125
stdmap_r1,add,1000,0.062,125
stdmap_r1,add,1000,0.063,125
stdmap_r1,add,1000,0.064,125
stdmap_r1,add,1000,0.065,125
stdmap_r1,add,1000,0.066,125
stdmap_r1,add,1000,0.067,125
stdmap_r1,add,1000,0.068,125
stdmap_r1,add,1000,0.069,125
stdmap_r1,add,1000,0.07,125
stdmap_r1,add,1000,0.071,125
stdmap_r1,add,1000,0.072,125
stdmap_r1,add,1000,0.073,125
stdmap_r1,add,1000,0.074,125
stdmap_r1,add,1000,0.075,125
stdmap_r1,add,1000,0.076,125
stdmap_r1,add,1000,0.077,125
stdmap_r1,add,1000,0.078,125
stdmap_r1,add,1000,0.079,125
stdmap_r1,add,1000,0.08,125
stdmap_r1,add,1000,0.081,125
stdmap_r1,add,1000,0.082,125
stdmap_r1,add,1000,0.083,125
stdmap_r1,add,1000,0.084,125
stdmap_r1,add,1000,0.085,125
stdmap_r1,add,1000,0.086,125
stdmap_r1,add,1000,0.087,125
stdmap_r1,add,1000,0.088,125
stdmap_r1,add,1000,0.089,125
stdmap_r1,add,1000,0.09,125
stdmap_r1,add,1000,0.091,125
stdmap_r1,add,1000,0.092,125
stdmap_r1,add,1000,0.093,125
stdmap_r1,add,1000,0.094,125
stdmap_r1,add,1000,0.095,125
stdmap_r1,add,1000,0.096,125
stdmap_r1,add,1000,0.097,125
stdmap_r1,add,1000,0.098,125
stdmap_r1,add,1000,0.099,125
stdmap_r1,add,1000,0.1,125
stdmap_r1,add,1000,0.101,125
stdmap_r1,add,1000,0.102,125
stdmap_r1,add,1000,0.103,125
stdmap_r1,add,1000,0.104,125
stdmap_r1,add,1000,0.105,125
stdmap_r1,add,1000,0.106,125
stdmap_r1,add,1000,0.107,125
stdmap_r1,add,1000,0.108,125
stdmap_r1,add,1000,0.109,125
stdmap_r1,add,1000,0.11,125
stdmap_r1,add,1000,0.111,125
stdmap_r1,add,1000,0.112,125
stdmap_r1,add,1000,0.113,125
stdmap_r1,add,1000,0.114,125
stdmap_r1,add,1000,0.115,125
stdmap_r1,add,1000,0.116,125
stdmap_r1,add,1000,0.117,125
stdmap_r1,add,1000,0.118,125
stdmap_r1,add,1000,0.119,125
stdmap_r1,add,1000,0.12,125
stdmap_r1,add,1000,0.121,125
stdmap_r1,add,1000,0.122,125
stdmap_r1,add,1000,0.123,125
stdmap_r1,add,1000,0.124,125
stdmap_r1,add,1000,0.125,125
stdmap_r1,add,1000,0.126,125
stdmap_r1,add,1000,0.127,125
stdmap_r1,add,1000,0.128,125
stdmap_r1,add,1000,0.129,125
stdmap_r1,add,1000,0.13,125
stdmap_r1,add,1000,0.131,125
stdmap_r1,add,1000,0.132,125
stdmap_r1,add,1000,0.133,125
stdmap_r1,add,1000,0.134,125
stdmap_r1,add,1000,0.135,125
stdmap_r1,add,1000,0.136,125
stdmap_r1,add,1000,0.137,125
stdmap_r1,add,1000,0.138,125
stdmap_r1,add,1000,0.139,125
stdmap_r1,add,1000,0.14,125
stdmap_r1,add,1000,0.141,125
stdmap_r1,add,1000,0.142,125
stdmap_r1,add,1000,0.143,125
stdmap_r1,add,1000,0.144,125
stdmap_r1,add,1000,0.145,125
stdmap_r1,add,1000,0.146,125
stdmap_r1,add,1000,0.147,125
stdmap_r1,add,1000,0.148,125
stdmap_r1,add,1000,0.149,125
stdmap_r1,add,1000,0.15,125
stdmap_r1,add,1000,0.151,125
stdmap_r1,add,1000,0.152,125
stdmap_r1,add,1000,0.153,125
stdmap_r1,add,1000,0.154,125
stdmap_r1,add,1000,0.155,125
stdmap_r1,add,1000,0.156,125
stdmap_r1,add,1000,0.157,125
stdmap_r1,add,1000,0.158,125
stdmap_r1,add,1000,0.159,125
stdmap_r1,add,1000,0.16,125
stdmap_r1,add,1000,0.161,125
stdmap_r1,add,1000,0.162,125
stdmap_r1,add,1000,0.163,125
stdmap_r1,add,1000,0.164,125
stdmap_r1,add,1000,0.165,125
stdmap_r1,add,1000,0.166,125
stdmap_r1,add,1000,0.167,125
stdmap_r1,add,1000,0.168,125
stdmap_r1,add,1000,0.169,125
stdmap_r1,add,1000,0.17,125
stdmap_r1,add,1000,0.171,125
stdmap_r1,add,1000,0.172,125
stdmap_r1,add,1000,0.173,125
stdmap_r1,add,1000,0.174,125
stdmap_r1,add,1000,0.175,125
stdmap_r1,add,1000,0.176,125
stdmap_r1,add,1000,0.177,125
stdmap_r1,add,1000,0.178,125
stdmap_r1,add,1000,0.179,125
stdmap_r1,add,1000,0.18,125
stdmap_r1,add,1000,0.181,125
stdmap_r1,add,1000,0.182,125
stdmap_r1,add,1000,0.183,125
stdmap_r1,add,1000,0.184,125
stdmap_r1,add,1000,0.185,125
stdmap_r1,add,1000,0.186,125
stdmap_r1,add,1000,0.187,125
stdmap_r1,add,1000,0.188,125
stdmap_r1,add,1000,0.189,125
stdmap_r1,add,1000,0.19,125
stdmap_r1,add,1000,0.191,125
stdmap_r1,add,1000,0.192,125
stdmap_r1,add,1000,0.193,125
stdmap_r1,add,1000,0.194,125
stdmap_r1,add,1000,0.195,125
stdmap_r1,add,1000,0.196,125
stdmap_r1,add,1000,0.197,125
stdmap_r1,add,1000,0.198,125
stdmap_r1,add,1000,0.199,125
stdmap_r1,add,1000,0.2,125
stdmap_r1,add,1000,0.201,125
stdmap_r1,add,1000,0.202,125
stdmap_r1,add,1000,0.203,125
stdmap_r1,add,1000,0.204,125
stdmap_r1,add,1000,0.205,125
stdmap_r1,add,1000,0.206,125
stdmap_r1,add,1000,0.207,125
stdmap_r1,add,1000,0.208,125
stdmap_r1,add,1000,0.209,125
stdmap_r1,add,1000,0.21,125
stdmap_r1,add,1000,0.211,125
stdmap_r1,add,1000,0.212,125
stdmap_r1,add,1000,0.213,125
stdmap_r1,add,1000,0.214,125
stdmap_r1,add,1000,0.215,125
stdmap_r1,add,1000,0.216,125
stdmap_r1,add,1000,0.217,125
stdmap_r1,add,1000,0.218,125
stdmap_r1,add,1000,0.219,125
stdmap_r1,add,1000,0.22,166
stdmap_r1,add,1000,0.221,166
stdmap_r1,add,1000,0.222,166
stdmap_r1,add,1000,0.223,166
stdmap_r1,add,1000,0.224,166
stdmap_r1,add,1000,0.225,166
stdmap_r1,add,1000,0.226,166
stdmap_r1,add,1000,0.227,166
stdmap_r1,add,1000,0.228,166
stdmap_r1,add,1000,0.229,166
stdmap_r1,add,1000,0.23,166
stdmap_r1,add,1000,0.231,166
stdmap_r1,add,1000,0.232,166
stdmap_r1,add,1000,0.233,166
stdmap_r1,add,1000,0.234,166
stdmap_r1,add,1000,0.235,166
stdmap_r1,add,1000,0.236,166
stdmap_r1,add,1000,0.237,166
stdmap_r1,add,1000,0.238,166
stdmap_r1,add,1000,0.239,166
stdmap_r1,add,1000,0.24,166
stdmap_r1,add,1000,0.241,166
stdmap_r1,add,1000,0.242,166
stdmap_r1,add,1000,0.243,166
stdmap_r1,add,1000,0.244,166
stdmap_r1,add,1000,0.245,166
stdmap_r1,add,1000,0.246,166
stdmap_r1,add,1000,0.247,166
stdmap_r1,add,1000,0.248,166
stdmap_r1,add,1000,0.249,166
stdmap_r1,add,1000,0.25,166
stdmap_r1,add,1000,0.251,166
stdmap_r1,add,1000,0.252,166
stdmap_r1,add,1000,0.253,166
stdmap_r1,add,1000,0.254,166
stdmap_r1,add,1000,0.255,166
stdmap_r1,add,1000,0.256,166
stdmap_r1,add,1000,0.257,166
stdmap_r1,add,1000,0.258,166
stdmap_r1,add,1000,0.259,166
stdmap_r1,add,1000,0.26,166
stdmap_r1,add,1000,0.261,166
stdmap_r1,add,1000,0.262,166
stdmap_r1,add,1000,0.263,166
stdmap_r1,add,1000,0.264,166
stdmap_r1,add,1000,0.265,166
stdmap_r1,add,1000,0.266,166
stdmap_r1,add,1000,0.267,166
stdmap_r1,add,1000,0.268,166
stdmap_r1,add,1000,0.269,166
stdmap_r1,add,1000,0.27,166
stdmap_r1,add,1000,0.271,166
stdmap_r1,add,1000,0.272,166
stdmap_r1,add,1000,0.273,166
stdmap_r1,add,1000,0.274,166
stdmap_r1,add,1000,0.275,166
stdmap_r1,add,1000,0.276,166
stdmap_r1,add,1000,0.277,166
stdmap_r1,add,1000,0.278,166
stdmap_r1,add,1000,0.279,166
stdmap_r1,add,1000,0.28,166
stdmap_r1,add,1000,0.281,166
stdmap_r1,add,1000,0.282,166
stdmap_r1,add,1000,0.283,166
stdmap_r1,add,1000,0.284,166
stdmap_r1,add,1000,0.285,166
stdmap_r1,add,1000,0.286,166
stdmap_r1,add,1000,0.287,166
stdmap_r1,add,1000,0.288,166
stdmap_r1,add,1000,0.289,166
stdmap_r1,add,1000,0.29,166
stdmap_r1,add,1000,0.291,166
stdmap_r1,add,1000,0.292,166
stdmap_r1,add,1000,0.293,166
stdmap_r1,add,1000,0.294,166
stdmap_r1,add,1000,0.295,166
stdmap_r1,add,1000,0.296,166
stdmap_r1,add,1000,0.297,166
stdmap_r1,add,1000,0.298,166
stdmap_r1,add,1000,0.299,166
stdmap_r1,add,1000,0.3,166
stdmap_r1,add,1000,0.301,166
stdmap_r1,add,1000,0.302,166
stdmap_r1,add,1000,0.303,166
stdmap_r1,add,1000,0.304,166
stdmap_r1,add,1000,0.305,166
stdmap_r1,add,1000,0.306,166
stdmap_r1,add,1000,0.307,166
stdmap_r1,add,1000,0.308,166
stdmap_r1,add,1000,0.309,166
stdmap_r1,add,1000,0.31,166
stdmap_r1,add,1000,0.311,166
stdmap_r1,add,1000,0.312,166
stdmap_r1,add,1000,0.313,166
stdmap_r1,add,1000,0.314,166
stdmap_r1,add,1000,0.315,166
stdmap_r1,add,1000,0.316,166
stdmap_r1,add,1000,0.317,166
stdmap_r1,add,1000,0.318,166
stdmap_r1,add,1000,0.319,166
stdmap_r1,add,1000,0.32,166
stdmap_r1,add,1000,0.321,166
stdmap_r1,add,1000,0.322,166
stdmap_r1,add,1000,0.323,166
stdmap_r1,add,1000,0.324,166
stdmap_r1,add,1000,0.325,166
stdmap_r1,add,1000,0.326,166
stdmap_r1,add,1000,0.327,166
stdmap_r1,add,1000,0.328,166
stdmap_r1,add,1000,0.329,166
stdmap_r1,add,1000,0.33,166
stdmap_r1,add,1000,0.331,166
stdmap_r1,add,1000,0.332,166
stdmap_r1,add,1000,0.333,166
stdmap_r1,add,1000,0.334,166
stdmap_r1,add,1000,0.335,166
stdmap_r1,add,1000,0.336,166
stdmap_r1,add,1000,0.337,166
stdmap_r1,add,1000,0.338,166
stdmap_r1,add,1000,0.339,166
stdmap_r1,add,1000,0.34,166
stdmap_r1,add,1000,0.341,166
stdmap_r1,add,1000,0.342,166
stdmap_r1,add,1000,0.343,166
stdmap_r1,add,1000,0.344,166
stdmap_r1,add,1000,0.345,166
stdmap_r1,add,1000,0.346,166
stdmap_r1,add,1000,0.347,166
stdmap_r1,add,1000,0.348,166
stdmap_r1,add,1000,0.349,166
stdmap_r1,add,1000,0.35,166
stdmap_r1,add,1000,0.351,166
stdmap_r1,add,1000,0.352,166
stdmap_r1,add,1000,0.353,166
stdmap_r1,add,1000,0.354,166
stdmap_r1,add,1000,0.355,166
stdmap_r1,add,1000,0.356,166
stdmap_r1,add,1000,0.357,166
stdmap_r1,add,1000,0.358,166
stdmap_r1,add,1000,0.359,166
stdmap_r1,add,1000,0.36,166
stdmap_r1,add,1000,0.361,166
stdmap_r1,add,1000,0.362,166
stdmap_r1,add,1000,0.363,166
stdmap_r1,add,1000,0.364,166
stdmap_r1,add,1000,0.365,166
stdmap_r1,add,1000,0.366,166
stdmap_r1,add,1000,0.367,166
stdmap_r1,add,1000,0.368,166
stdmap_r1,add,1000,0.369,166
stdmap_r1,add,1000,0.37,166
stdmap_r1,add,1000,0.371,166
stdmap_r1,add,1000,0.372,166
stdmap_r1,add,1000,0.373,166
stdmap_r1,add,1000,0.374,166
stdmap_r1,add,1000,0.375,166
stdmap_r1,add,1000,0.376,166
stdmap_r1,add,1000,0.377,166
stdmap_r1,add,1000,0.378,166
stdmap_r1,add,1000,0.379,166
stdmap_r1,add,1000,0.38,166
stdmap_r1,add,1000,0.381,166
stdmap_r1,add,1000,0.382,166
stdmap_r1,add,1000,0.383,166
stdmap_r1,add,1000,0.384,166
stdmap_r1,add,1000,0.385,166
stdmap_r1,add,1000,0.386,166
stdmap_r1,add,1000,0.387,166
stdmap_r1,add,1000,0.388,166
stdmap_r1,add,1000,0.389,166
stdmap_r1,add,1000,0.39,166
stdmap_r1,add,1000,0.391,166
stdmap_r1,add,1000,0.392,166
stdmap_r1,add,1000,0.393,166
stdmap_r1,add,1000,0.394,166
stdmap_r1,add,1000,0.395,166
stdmap_r1,add,1000,0.396,166
stdmap_r1,add,1000,0.397,166
stdmap_r1,add,1000,0.398,166
stdmap_r1,add,1000,0.399,166
stdmap_r1,add,1000,0.4,166
stdmap_r1,add,1000,0.401,166
stdmap_r1,add,1000,0.402,166
stdmap_r1,add,1000,0.403,166
stdmap_r1,add,1000,0.404,166
stdmap_r1,add,1000,0.405,166
stdmap_r1,add,1000,0.406,166
stdmap_r1,add,1000,0.407,166
stdmap_r1,add,1000,0.408,166
stdmap_r1,add,1000,0.409,166
stdmap_r1,add,1000,0.41,166
stdmap_r1,add,1000,0.411,166
stdmap_r1,add,1000,0.412,166
stdmap_r1,add,1000,0.413,167
stdmap_r1,add,1000,0.414,167
stdmap_r1,add,1000,0.415,167
stdmap_r1,add,1000,0.416,167
stdmap_r1,add,1000,0.417,167
stdmap_r1,add,1000,0.418,167
stdmap_r1,add,1000,0.419,167
stdmap_r1,add,1000,0.42,167
stdmap_r1,add,1000,0.421,167
stdmap_r1,add,1000,0.422,167
stdmap_r1,add,1000,0.423,167
stdmap_r1,add,1000,0.424,167
stdmap_r1,add,1000,0.425,167
stdmap_r1,add,1000,0.426,167
stdmap_r1,add,1000,0.427,167
stdmap_r1,add,1000,0.428,167
stdmap_r1,add,1000,0.429,167
stdmap_r1,add,1000,0.43,167
stdmap_r1,add,1000,0.431,167
stdmap_r1,add,1000,0.432,167
stdmap_r1,add,1000,0.433,167
stdmap_r1,add,1000,0.434,167
stdmap_r1,add,1000,0.435,167
stdmap_r1,add,1000,0.436,167
stdmap_r1,add,1000,0.437,167
stdmap_r1,add,1000,0.438,167
stdmap_r1,add,1000,0.439,167
stdmap_r1,add,1000,0.44,167
stdmap_r1,add,1000,0.441,167
stdmap_r1,add,1000,0.442,167
stdmap_r1,add,1000,0.443,167
stdmap_r1,add,1000,0.444,167
stdmap_r1,add,1000,0.445,167
stdmap_r1,add,1000,0.446,167
stdmap_r1,add,1000,0.447,167
stdmap_r1,add,1000,0.448,167
stdmap_r1,add,1000,0.449,167
stdmap_r1,add,1000,0.45,167
stdmap_r1,add,1000,0.451,167
stdmap_r1,add,1000,0.452,167
stdmap_r1,add,1000,0.453,167
stdmap_r1,add,1000,0.454,167
stdmap_r1,add,1000,0.455,167
stdmap_r1,add,1000,0.456,167
stdmap_r1,add,1000,0.457,167
stdmap_r1,add,1000,0.458,167
stdmap_r1,add,1000,0.459,167
stdmap_r1,add,1000,0.46,167
stdmap_r1,add,1000,0.461,167
stdmap_r1,add,1000,0.462,167
stdmap_r1,add,1000,0.463,167
stdmap_r1,add,1000,0.464,167
stdmap_r1,add,1000,0.465,167
stdmap_r1,add,1000,0.466,167
stdmap_r1,add,1000,0.467,167
stdmap_r1,add,1000,0.468,167
stdmap_r1,add,1000,0.469,167
stdmap_r1,add,1000,0.47,167
stdmap_r1,add,1000,0.471,167
stdmap_r1,add,1000,0.472,167
stdmap_r1,add,1000,0.473,167
stdmap_r1,add,1000,0.474,167
stdmap_r1,add,1000,0.475,167
stdmap_r1,add,1000,0.476,167
stdmap_r1,add,1000,0.477,167
stdmap_r1,add,1000,0.478,167
stdmap_r1,add,1000,0.479,167
stdmap_r1,add,1000,0.48,167
stdmap_r1,add,1000,0.481,167
stdmap_r1,add,1000,0.482,167
stdmap_r1,add,1000,0.483,167
stdmap_r1,add,1000,0.484,167
stdmap_r1,add,1000,0.485,167
stdmap_r1,add,1000,0.486,167
stdmap_r1,add,1000,0.487,167
stdmap_r1,add,1000,0.488,167
stdmap_r1,add,1000,0.489,167
stdmap_r1,add,1000,0.49,167
stdmap_r1,add,1000,0.491,167
stdmap_r1,add,1000,0.492,167
stdmap_r1,add,1000,0.493,167
stdmap_r1,add,1000,0.494,167
stdmap_r1,add,1000,0.495,167
stdmap_r1,add,1000,0.496,167
stdmap_r1,add,1000,0.497,167
stdmap_r1,add,1000,0.498,167
stdmap_r1,add,1000,0.499,167
stdmap_r1,add,1000,0.5,167
stdmap_r1,add,1000,0.501,167
stdmap_r1,add,1000,0.502,167
stdmap_r1,add,1000,0.503,167
stdmap_r1,add,1000,0.504,167
stdmap_r1,add,1000,0.505,167
stdmap_r1,add,1000,0.506,167
stdmap_r1,add,1000,0.507,167
stdmap_r1,add,1000,0.508,167
stdmap_r1,add,1000,0.509,167
stdmap_r1,add,1000,0.51,167
stdmap_r1,add,1000,0.511,167
stdmap_r1,add,1000,0.512,167
stdmap_r1,add,1000,0.513,167
stdmap_r1,add,1000,0.514,167
stdmap_r1,add,1000,0.515,167
stdmap_r1,add,1000,0.516,167
stdmap_r1,add,1000,0.517,167
stdmap_r1,add,1000,0.518,167
stdmap_r1,add,1000,0.519,167
stdmap_r1,add,1000,0.52,167
stdmap_r1,add,1000,0.521,167
stdmap_r1,add,1000,0.522,167
stdmap_r1,add,1000,0.523,167
stdmap_r1,add,1000,0.524,167
stdmap_r1,add,1000,0.525,167
stdmap_r1,add,1000,0.526,167
stdmap_r1,add,1000,0.527,167
stdmap_r1,add,1000,0.528,167
stdmap_r1,add,1000,0.529,167
stdmap_r1,add,1000,0.53,167
stdmap_r1,add,1000,0.531,167
stdmap_r1,add,1000,0.532,167
stdmap_r1,add,1000,0.533,167
stdmap_r1,add,1000,0.534,167
stdmap_r1,add,1000,0.535,167
stdmap_r1,add,1000,0.536,167
stdmap_r1,add,1000,0.537,167
stdmap_r1,add,1000,0.538,167
stdmap_r1,add,1000,0.539,167
stdmap_r1,add,1000,0.54,167
stdmap_r1,add,1000,0.541,167
stdmap_r1,add,1000,0.542,167
stdmap_r1,add,1000,0.543,167
stdmap_r1,add,1000,0.544,167
stdmap_r1,add,1000,0.545,167
stdmap_r1,add,1000,0.546,167
stdmap_r1,add,1000,0.547,167
stdmap_r1,add,1000,0.548,167
stdmap_r1,add,1000,0.549,167
stdmap_r1,add,1000,0.55,167
stdmap_r1,add,1000,0.551,167
stdmap_r1,add,1000,0.552,167
stdmap_r1,add,1000,0.553,167
stdmap_r1,add,1000,0.554,167
stdmap_r1,add,1000,0.555,167
stdmap_r1,add,1000,0.556,167
stdmap_r1,add,1000,0.557,167
stdmap_r1,add,1000,0.558,167
stdmap_r1,add,1000,0.559,167
stdmap_r1,add,1000,0.56,167
stdmap_r1,add,1000,0.561,167
stdmap_r1,add,1000,0.562,167
stdmap_r1,add,1000,0.563,167
stdmap_r1,add,1000,0.564,167
stdmap_r1,add,1000,0.565,167
stdmap_r1,add,1000,0.566,167
stdmap_r1,add,1000,0.567,167
stdmap_r1,add,1000,0.568,167
stdmap_r1,add,1000,0.569,167
stdmap_r1,add,1000,0.57,167
stdmap_r1,add,1000,0.571,167
stdmap_r1,add,1000,0.572,167
stdmap_r1,add,1000,0.573,167
stdmap_r1,add,1000,0.574,167
stdmap_r1,add,1000,0.575,167
stdmap_r1,add,1000,0.576,167
stdmap_r1,add,1000,0.577,167
stdmap_r1,add,1000,0.578,167
stdmap_r1,add,1000,0.579,167
stdmap_r1,add,1000,0.58,167
stdmap_r1,add,1000,0.581,167
stdmap_r1,add,1000,0.582,167
stdmap_r1,add,1000,0.583,167
stdmap_r1,add,1000,0.584,167
stdmap_r1,add,1000,0.585,167
stdmap_r1,add,1000,0.586,167
stdmap_r1,add,1000,0.587,167
stdmap_r1,add,1000,0.588,167
stdmap_r1,add,1000,0.589,167
stdmap_r1,add,1000,0.59,167
stdmap_r1,add,1000,0.591,167
stdmap_r1,add,1000,0.592,167
stdmap_r1,add,1000,0.593,167
stdmap_r1,add,1000,0.594,167
stdmap_r1,add,1000,0.595,167
stdmap_r1,add,1000,0.596,167
stdmap_r1,add,1000,0.597,167
stdmap_r1,add,1000,0.598,167
stdmap_r1,add,1000,0.599,167
stdmap_r1,add,1000,0.6,167
stdmap_r1,add,1000,0.601,167
stdmap_r1,add,1000,0.602,167
stdmap_r1,add,1000,0.603,167
stdmap_r1,add,1000,0.604,167
stdmap_r1,add,1000,0.605,167
stdmap_r1,add,1000,0.606,167
stdmap_r1,add,1000,0.607,167
stdmap_r1,add,1000,0.608,167
stdmap_r1,add,1000,0.609,167
stdmap_r1,add,1000,0.61,167
stdmap_r1,add,1000,0.611,167
stdmap_r1,add,1000,0.612,167
stdmap_r1,add,1000,0.613,167
stdmap_r1,add,1000,0.614,167
stdmap_r1,add,1000,0.615,167
stdmap_r1,add,1000,0.616,167
stdmap_r1,add,1000,0.617,167
stdmap_r1,add,1000,0.618,167
stdmap_r1,add,1000,0.619,167
stdmap_r1,add,1000,0.62,167
stdmap_r1,add,1000,0.621,167
stdmap_r1,add,1000,0.622,167
stdmap_r1,add,1000,0.623,167
stdmap_r1,add,1000,0.624,167
stdmap_r1,add,1000,0.625,167
stdmap_r1,add,1000,0.626,167
stdmap_r1,add,1000,0.627,167
stdmap_r1,add,1000,0.628,167
stdmap_r1,add,1000,0.629,167
stdmap_r1,add,1000,0.63,167
stdmap_r1,add,1000,0.631,167
stdmap_r1,add,1000,0.632,167
stdmap_r1,add,1000,0.633,167
stdmap_r1,add,1000,0.634,167
stdmap_r1,add,1000,0.635,167
stdmap_r1,add,1000,0.636,167
stdmap_r1,add,1000,0.637,167
stdmap_r1,add,1000,0.638,167
stdmap_r1,add,1000,0.639,167
stdmap_r1,add,1000,0.64,167
stdmap_r1,add,1000,0.641,167
stdmap_r1,add,1000,0.642,167
stdmap_r1,add,1000,0.643,167
stdmap_r1,add,1000,0.644,167
stdmap_r1,add,1000,0.645,167
stdmap_r1,add,1000,0.646,167
stdmap_r1,add,1000,0.647,167
stdmap_r1,add,1000,0.648,167
stdmap_r1,add,1000,0.649,167
stdmap_r1,add,1000,0.65,167
stdmap_r1,add,1000,0.651,167
stdmap_r1,add,1000,0.652,167
stdmap_r1,add,1000,0.653,167
stdmap_r1,add,1000,0.654,167
stdmap_r1,add,1000,0.655,167
stdmap_r1,add,1000,0.656,167
stdmap_r1,add,1000,0.657,167
stdmap_r1,add,1000,0.658,167
stdmap_r1,add,1000,0.659,167
stdmap_r1,add,1000,0.66,167
stdmap_r1,add,1000,0.661,167
stdmap_r1,add,1000,0.662,167
stdmap_r1,add,1000,0.663,167
stdmap_r1,add,1000,0.664,167
stdmap_r1,add,1000,0.665,167
stdmap_r1,add,1000,0.666,167
stdmap_r1,add,1000,0.667,167
stdmap_r1,add,1000,0.668,167
stdmap_r1,add,1000,0.669,167
stdmap_r1,add,1000,0.67,167
stdmap_r1,add,1000,0.671,167
stdmap_r1,add,1000,0.672,167
stdmap_r1,add,1000,0.673,167
stdmap_r1,add,1000,0.674,167
stdmap_r1,add,1000,0.675,167
stdmap_r1,add,1000,0.676,167
stdmap_r1,add,1000,0.677,167
stdmap_r1,add,1000,0.678,167
stdmap_r1,add,1000,0.679,167
stdmap_r1,add,1000,0.68,167
stdmap_r1,add,1000,0.681,167
stdmap_r1,add,1000,0.682,167
stdmap_r1,add,1000,0.683,167
stdmap_r1,add,1000,0.684,167
stdmap_r1,add,1000,0.685,167
stdmap_r1,add,1000,0.686,167
stdmap_r1,add,1000,0.687,167
stdmap_r1,add,1000,0.688,167
stdmap_r1,add,1000,0.689,167
stdmap_r1,add,1000,0.69,167
stdmap_r1,add,1000,0.691,167
stdmap_r1,add,1000,0.692,167
stdmap_r1,add,1000,0.693,167
stdmap_r1,add,1000,0.694,167
stdmap_r1,add,1000,0.695,167
stdmap_r1,add,1000,0.696,167
stdmap_r1,add,1000,0.697,167
stdmap_r1,add,1000,0.698,167
stdmap_r1,add,1000,0.699,167
stdmap_r1,add,1000,0.7,167
stdmap_r1,add,1000,0.701,167
stdmap_r1,add,1000,0.702,167
stdmap_r1,add,1000,0.703,167
stdmap_r1,add,1000,0.704,167
stdmap_r1,add,1000,0.705,167
stdmap_r1,add,1000,0.706,167
stdmap_r1,add,1000,0.707,167
stdmap_r1,add,1000,0.708,167
stdmap_r1,add,1000,0.709,167
stdmap_r1,add,1000,0.71,167
stdmap_r1,add,1000,0.711,167
stdmap_r1,add,1000,0.712,167
stdmap_r1,add,1000,0.713,167
stdmap_r1,add,1000,0.714,167
stdmap_r1,add,1000,0.715,167
stdmap_r1,add,1000,0.716,167
stdmap_r1,add,1000,0.717,167
stdmap_r1,add,1000,0.718,167
stdmap_r1,add,1000,0.719,167
stdmap_r1,add,1000,0.72,167
stdmap_r1,add,1000,0.721,167
stdmap_r1,add,1000,0.722,167
stdmap_r1,add,1000,0.723,167
stdmap_r1,add,1000,0.724,167
stdmap_r1,add,1000,0.725,167
stdmap_r1,add,1000,0.726,167
stdmap_r1,add,1000,0.727,167
stdmap_r1,add,1000,0.728,167
stdmap_r1,add,1000,0.729,167
stdmap_r1,add,1000,0.73,167
stdmap_r1,add,1000,0.731,167
stdmap_r1,add,1000,0.732,167
stdmap_r1,add,1000,0.733,167
stdmap_r1,add,1000,0.734,167
stdmap_r1,add,1000,0.735,167
stdmap_r1,add,1000,0.736,167
stdmap_r1,add,1000,0.737,167
stdmap_r1,add,1000,0.738,167
stdmap_r1,add,1000,0.739,167
stdmap_r1,add,1000,0.74,167
stdmap_r1,add,1000,0.741,167
stdmap_r1,add,1000,0.742,167
stdmap_r1,add,1000,0.743,167
stdmap_r1,add,1000,0.744,167
stdmap_r1,add,1000,0.745,167
stdmap_r1,add,1000,0.746,167
stdmap_r1,add,1000,0.747,167
stdmap_r1,add,1000,0.748,167
stdmap_r1,add,1000,0.749,167
stdmap_r1,add,1000,0.75,167
stdmap_r1,add,1000,0.751,167
stdmap_r1,add,1000,0.752,167
stdmap_r1,add,1000,0.753,167
stdmap_r1,add,1000,0.754,167
stdmap_r1,add,1000,0.755,167
stdmap_r1,add,1000,0.756,167
stdmap_r1,add,1000,0.757,167
stdmap_r1,add,1000,0.758,167
stdmap_r1,add,1000,0.759,167
stdmap_r1,add,1000,0.76,167
stdmap_r1,add,1000,0.761,167
stdmap_r1,add,1000,0.762,167
stdmap_r1,add,1000,0.763,167
stdmap_r1,add,1000,0.764,167
stdmap_r1,add,1000,0.765,167
stdmap_r1,add,1000,0.766,167
stdmap_r1,add,1000,0.767,167
stdmap_r1,add,1000,0.768,167
stdmap_r1,add,1000,0.769,167
stdmap_r1,add,1000,0.77,167
stdmap_r1,add,1000,0.771,167
stdmap_r1,add,1000,0.772,167
stdmap_r1,add,1000,0.773,167
stdmap_r1,add,1000,0.774,167
stdmap_r1,add,1000,0.775,167
stdmap_r1,add,1000,0.776,167
stdmap_r1,add,1000,0.777,167
stdmap_r1,add,1000,0.778,167
stdmap_r1,add,1000,0.779,167
stdmap_r1,add,1000,0.78,167
stdmap_r1,add,1000,0.781,167
stdmap_r1,add,1000,0.782,167
stdmap_r1,add,1000,0.783,167
stdmap_r1,add,1000,0.784,167
stdmap_r1,add,1000,0.785,167
stdmap_r1,add,1000,0.786,167
stdmap_r1,add,1000,0.787,167
stdmap_r1,add,1000,0.788,167
stdmap_r1,add,1000,0.789,167
stdmap_r1,add,1000,0.79,167
stdmap_r1,add,1000,0.791,167
stdmap_r1,add,1000,0.792,167
stdmap_r1,add,1000,0.793,167
stdmap_r1,add,1000,0.794,167
stdmap_r1,add,1000,0.795,167
stdmap_r1,add,1000,0.796,167
stdmap_r1,add,1000,0.797,167
stdmap_r1,add,1000,0.798,208
stdmap_r1,add,1000,0.799,208
stdmap_r1,add,1000,0.8,208
stdmap_r1,add,1000,0.801,208
stdmap_r1,add,1000,0.802,208
stdmap_r1,add,1000,0.803,208
stdmap_r1,add,1000,0.804,208
stdmap_r1,add,1000,0.805,208
stdmap_r1,add,1000,0.806,208
stdmap_r1,add,1000,0.807,208
stdmap_r1,add,1000,0.808,208
stdmap_r1,add,1000,0.809,208
stdmap_r1,add,1000,0.81,208
stdmap_r1,add,1000,0.811,208
stdmap_r1,add,1000,0.812,208
stdmap_r1,add,1000,0.813,208
stdmap_r1,add,1000,0.814,208
stdmap_r1,add,1000,0.815,208
stdmap_r1,add,1000,0.816,208
stdmap_r1,add,1000,0.817,208
stdmap_r1,add,1000,0.818,208
stdmap_r1,add,1000,0.819,208
stdmap_r1,add,1000,0.82,208
stdmap_r1,add,1000,0.821,208
stdmap_r1,add,1000,0.822,208
stdmap_r1,add,1000,0.823,208
stdmap_r1,add,1000,0.824,208
stdmap_r1,add,1000,0.825,208
stdmap_r1,add,1000,0.826,208
stdmap_r1,add,1000,0.827,208
stdmap_r1,add,1000,0.828,208
stdmap_r1,add,1000,0.829,208
stdmap_r1,add,1000,0.83,208
stdmap_r1,add,1000,0.831,208
stdmap_r1,add,1000,0.832,208
stdmap_r1,add,1000,0.833,208
stdmap_r1,add,1000,0.834,208
stdmap_r1,add,1000,0.835,208
stdmap_r1,add,1000,0.836,208
stdmap_r1,add,1000,0.837,208
stdmap_r1,add,1000,0.838,208
stdmap_r1,add,1000,0.839,208
stdmap_r1,add,1000,0.84,208
stdmap_r1,add,1000,0.841,208
stdmap_r1,add,1000,0.842,208
stdmap_r1,add,1000,0.843,208
stdmap_r1,add,1000,0.844,208
stdmap_r1,add,1000,0.845,208
stdmap_r1,add,1000,0.846,208
stdmap_r1,add,1000,0.847,208
stdmap_r1,add,1000,0.848,208
stdmap_r1,add,1000,0.849,208
stdmap_r1,add,1000,0.85,208
stdmap_r1,add,1000,0.851,208
stdmap_r1,add,1000,0.852,208
stdmap_r1,add,1000,0.853,208
stdmap_r1,add,1000,0.854,208
stdmap_r1,add,1000,0.855,208
stdmap_r1,add,1000,0.856,208
stdmap_r1,add,1000,0.857,208
stdmap_r1,add,1000,0.858,208
stdmap_r1,add,1000,0.859,208
stdmap_r1,add,1000,0.86,208
stdmap_r1,add,1000,0.861,208
stdmap_r1,add,1000,0.862,208
stdmap_r1,add,1000,0.863,208
stdmap_r1,add,1000,0.864,208
stdmap_r1,add,1000,0.865,208
stdmap_r1,add,1000,0.866,208
stdmap_r1,add,1000,0.867,208
stdmap_r1,add,1000,0.868,208
stdmap_r1,add,1000,0.869,208
stdmap_r1,add,1000,0.87,208
stdmap_r1,add,1000,0.871,208
stdmap_r1,add,1000,0.872,208
stdmap_r1,add,1000,0.873,208
stdmap_r1,add,1000,0.874,208
stdmap_r1,add,1000,0.875,208
stdmap_r1,add,1000,0.876,208
stdmap_r1,add,1000,0.877,208
stdmap_r1,add,1000,0.878,208
stdmap_r1,add,1000,0.879,208
stdmap_r1,add,1000,0.88,208
stdmap_r1,add,1000,0.881,208
stdmap_r1,add,1000,0.882,208
stdmap_r1,add,1000,0.883,208
stdmap_r1,add,1000,0.884,208
stdmap_r1,add,1000,0.885,208
stdmap_r1,add,1000,0.886,208
stdmap_r1,add,1000,0.887,208
stdmap_r1,add,1000,0.888,208
stdmap_r1,add,1000,0.889,208
stdmap_r1,add,1000,0.89,208
stdmap_r1,add,1000,0.891,208
stdmap_r1,add,1000,0.892,208
stdmap_r1,add,1000,0.893,208
stdmap_r1,add,1000,0.894,209
stdmap_r1,add,1000,0.895,209
stdmap_r1,add,1000,0.896,209
stdmap_r1,add,1000,0.897,209
stdmap_r1,add,1000,0.898,209
stdmap_r1,add,1000,0.899,209
stdmap_r1,add,1000,0.9,209
stdmap_r1,add,1000,0.901,209
stdmap_r1,add,1000,0.902,209
stdmap_r1,add,1000,0.903,209
stdmap_r1,add,1000,0.904,209
stdmap_r1,add,1000,0.905,209
stdmap_r1,add,1000,0.906,209
stdmap_r1,add,1000,0.907,209
stdmap_r1,add,1000,0.908,209
stdmap_r1,add,1000,0.909,209
stdmap_r1,add,1000,0.91,209
stdmap_r1,add,1000,0.911,209
stdmap_r1,add,1000,0.912,209
stdmap_r1,add,1000,0.913,209
stdmap_r1,add,1000,0.914,209
stdmap_r1,add,1000,0.915,209
stdmap_r1,add,1000,0.916,209
stdmap_r1,add,1000,0.917,209
stdmap_r1,add,1000,0.918,209
stdmap_r1,add,1000,0.919,209
stdmap_r1,add,1000,0.92,209
stdmap_r1,add,1000,0.921,209
stdmap_r1,add,1000,0.922,209
stdmap_r1,add,1000,0.923,209
stdmap_r1,add,1000,0.924,209
stdmap_r1,add,1000,0.925,209
stdmap_r1,add,1000,0.926,209
stdmap_r1,add,1000,0.927,209
stdmap_r1,add,1000,0.928,209
stdmap_r1,add,1000,0.929,209
stdmap_r1,add,1000,0.93,209
stdmap_r1,add,1000,0.931,209
stdmap_r1,add,1000,0.932,209
stdmap_r1,add,1000,0.933,209
stdmap_r1,add,1000,0.934,209
stdmap_r1,add,1000,0.935,209
stdmap_r1,add,1000,0.936,209
stdmap_r1,add,1000,0.937,209
stdmap_r1,add,1000,0.938,209
stdmap_r1,add,1000,0.939,209
stdmap_r1,add,1000,0.94,209
stdmap_r1,add,1000,0.941,209
stdmap_r1,add,1000,0.942,209
stdmap_r1,add,1000,0.943,250
stdmap_r1,add,1000,0.944,250
stdmap_r1,add,1000,0.945,250
stdmap_r1,add,1000,0.946,250
stdmap_r1,add,1000,0.947,250
stdmap_r1,add,1000,0.948,250
stdmap_r1,add,1000,0.949,250
stdmap_r1,add,1000,0.95,250
stdmap_r1,add,1000,0.951,250
stdmap_r1,add,1000,0.952,250
stdmap_r1,add,1000,0.953,250
stdmap_r1,add,1000,0.954,250
stdmap_r1,add,1000,0.955,250
stdmap_r1,add,1000,0.956,250
stdmap_r1,add,1000,0.957,250
stdmap_r1,add,1000,0.958,250
stdmap_r1,add,1000,0.959,250
stdmap_r1,add,1000,0.96,250
stdmap_r1,add,1000,0.961,250
stdmap_r1,add,1000,0.962,250
stdmap_r1,add,1000,0.963,250
stdmap_r1,add,1000,0.964,250
stdmap_r1,add,1000,0.965,250
stdmap_r1,add,1000,0.966,250
stdmap_r1,add,1000,0.967,250
stdmap_r1,add,1000,0.968,250
stdmap_r1,add,1000,0.969,250
stdmap_r1,add,1000,0.97,250
stdmap_r1,add,1000,0.971,250
stdmap_r1,add,1000,0.972,291
stdmap_r1,add,1000,0.973,291
stdmap_r1,add,1000,0.974,291
stdmap_r1,add,1000,0.975,291
stdmap_r1,add,1000,0.976,291
stdmap_r1,add,1000,0.977,292
stdmap_r1,add,1000,0.978,292
stdmap_r1,add,1000,0.979,292
stdmap_r1,add,1000,0.98,292
stdmap_r1,add,1000,0.981,292
stdmap_r1,add,1000,0.982,292
stdmap_r1,add,1000,0.983,292
stdmap_r1,add,1000,0.984,292
stdmap_r1,add,1000,0.985,292
stdmap_r1,add,1000,0.986,292
stdmap_r1,add,1000,0.987,292
stdmap_r1,add,1000,0.988,333
stdmap_r1,add,1000,0.989,333
stdmap_r1,add,1000,0.99,333
stdmap_r1,add,1000,0.991,334
stdmap_r1,add,1000,0.992,375
stdmap_r1,add,1000,0.993,375
stdmap_r1,add,1000,0.994,375
stdmap_r1,add,1000,0.995,417
stdmap_r1,add,1000,0.996,459
stdmap_r1,add,1000,0.997,542
stdmap_r1,add,1000,0.998,750
stdmap_r1,add,1000,0.999,1708
stdmap_r1,cancel,1000,0,41
stdmap_r1,cancel,1000,0.001,83
stdmap_r1,cancel,1000,0.002,83
stdmap_r1,cancel,1000,0.003,83
stdmap_r1,cancel,1000,0.004,84
stdmap_r1,cancel,1000,0.005,84
stdmap_r1,cancel,1000,0.006,125
stdmap_r1,cancel,1000,0.007,125
stdmap_r1,cancel,1000,0.008,125
stdmap_r1,cancel,1000,0.009,125
stdmap_r1,cancel,1000,0.01,125
stdmap_r1,cancel,1000,0.011,125
stdmap_r1,cancel,1000,0.012,125
stdmap_r1,cancel,1000,0.013,125
stdmap_r1,cancel,1000,0.014,125
stdmap_r1,cancel,1000,0.015,125
stdmap_r1,cancel,1000,0.016,125
stdmap_r1,cancel,1000,0.017,125
stdmap_r1,cancel,1000,0.018,125
stdmap_r1,cancel,1000,0.019,125
stdmap_r1,cancel,1000,0.02,125
stdmap_r1,cancel,1000,0.021,125
stdmap_r1,cancel,1000,0.022,125
stdmap_r1,cancel,1000,0.023,125
stdmap_r1,cancel,1000,0.024,125
stdmap_r1,cancel,1000,0.025,125
stdmap_r1,cancel,1000,0.026,125
stdmap_r1,cancel,1000,0.027,125
stdmap_r1,cancel,1000,0.028,125
stdmap_r1,cancel,1000,0.029,125
stdmap_r1,cancel,1000,0.03,125
stdmap_r1,cancel,1000,0.031,125
stdmap_r1,cancel,1000,0.032,125
stdmap_r1,cancel,1000,0.033,125
stdmap_r1,cancel,1000,0.034,125
stdmap_r1,cancel,1000,0.035,125
stdmap_r1,cancel,1000,0.036,125
stdmap_r1,cancel,1000,0.037,125
stdmap_r1,cancel,1000,0.038,125
stdmap_r1,cancel,1000,0.039,125
stdmap_r1,cancel,1000,0.04,125
stdmap_r1,cancel,1000,0.041,125
stdmap_r1,cancel,1000,0.042,125
stdmap_r1,cancel,1000,0.043,125
stdmap_r1,cancel,1000,0.044,125
stdmap_r1,cancel,1000,0.045,125
stdmap_r1,cancel,1000,0.046,125
stdmap_r1,cancel,1000,0.047,125
stdmap_r1,cancel,1000,0.048,125
stdmap_r1,cancel,1000,0.049,125
stdmap_r1,cancel,1000,0.05,125
stdmap_r1,cancel,1000,0.051,125
stdmap_r1,cancel,1000,0.052,125
stdmap_r1,cancel,1000,0.053,125
stdmap_r1,cancel,1000,0.054,125
stdmap_r1,cancel,1000,0.055,125
stdmap_r1,cancel,1000,0.056,125
stdmap_r1,cancel,1000,0.057,125
stdmap_r1,cancel,1000,0.058,125
stdmap_r1,cancel,1000,0.059,125
stdmap_r1,cancel,1000,0.06,125
stdmap_r1,cancel,1000,0.061,125
stdmap_r1,cancel,1000,0.062,125
stdmap_r1,cancel,1000,0.063,125
stdmap_r1,cancel,1000,0.064,125
stdmap_r1,cancel,1000,0.065,125
stdmap_r1,cancel,1000,0.066,125
stdmap_r1,cancel,1000,0.067,125
stdmap_r1,cancel,1000,0.068,125
stdmap_r1,cancel,1000,0.069,166
stdmap_r1,cancel,1000,0.07,166
stdmap_r1,cancel,1000,0.071,166
stdmap_r1,cancel,1000,0.072,166
stdmap_r1,cancel,1000,0.073,166
stdmap_r1,cancel,1000,0.074,166
stdmap_r1,cancel,1000,0.075,166
stdmap_r1,cancel,1000,0.076,166
stdmap_r1,cancel,1000,0.077,166
stdmap_r1,cancel,1000,0.078,166
stdmap_r1,cancel,1000,0.079,166
stdmap_r1,cancel,1000,0.08,166
stdmap_r1,cancel,1000,0.081,166
stdmap_r1,cancel,1000,0.082,166
stdmap_r1,cancel,1000,0.083,166
stdmap_r1,cancel,1000,0.084,166
stdmap_r1,cancel,1000,0.085,166
stdmap_r1,cancel,1000,0.086,166
stdmap_r1,cancel,1000,0.087,166
stdmap_r1,cancel,1000,0.088,166
stdmap_r1,cancel,1000,0.089,166
stdmap_r1,cancel,1000,0.09,166
stdmap_r1,cancel,1000,0.091,166
stdmap_r1,cancel,1000,0.092,166
stdmap_r1,cancel,1000,0.093,166
stdmap_r1,cancel,1000,0.094,166
stdmap_r1,cancel,1000,0.095,166
stdmap_r1,cancel,1000,0.096,166
stdmap_r1,cancel,1000,0.097,166
stdmap_r1,cancel,1000,0.098,166
stdmap_r1,cancel,1000,0.099,166
stdmap_r1,cancel,1000,0.1,166
stdmap_r1,cancel,1000,0.101,166
stdmap_r1,cancel,1000,0.102,166
stdmap_r1,cancel,1000,0.103,166
stdmap_r1,cancel,1000,0.104,166
stdmap_r1,cancel,1000,0.105,166
stdmap_r1,cancel,1000,0.106,166
stdmap_r1,cancel,1000,0.107,166
stdmap_r1,cancel,1000,0.108,166
stdmap_r1,cancel,1000,0.109,166
stdmap_r1,cancel,1000,0.11,166
stdmap_r1,cancel,1000,0.111,166
stdmap_r1,cancel,1000,0.112,166
stdmap_r1,cancel,1000,0.113,166
stdmap_r1,cancel,1000,0.114,166
stdmap_r1,cancel,1000,0.115,166
stdmap_r1,cancel,1000,0.116,166
stdmap_r1,cancel,1000,0.117,166
stdmap_r1,cancel,1000,0.118,166
stdmap_r1,cancel,1000,0.119,166
stdmap_r1,cancel,1000,0.12,166
stdmap_r1,cancel,1000,0.121,166
stdmap_r1,cancel,1000,0.122,166
stdmap_r1,cancel,1000,0.123,166
stdmap_r1,cancel,1000,0.124,166
stdmap_r1,cancel,1000,0.125,166
stdmap_r1,cancel,1000,0.126,166
stdmap_r1,cancel,1000,0.127,166
stdmap_r1,cancel,1000,0.128,166
stdmap_r1,cancel,1000,0.129,166
stdmap_r1,cancel,1000,0.13,166
stdmap_r1,cancel,1000,0.131,166
stdmap_r1,cancel,1000,0.132,166
stdmap_r1,cancel,1000,0.133,166
stdmap_r1,cancel,1000,0.134,166
stdmap_r1,cancel,1000,0.135,166
stdmap_r1,cancel,1000,0.136,166
stdmap_r1,cancel,1000,0.137,166
stdmap_r1,cancel,1000,0.138,166
stdmap_r1,cancel,1000,0.139,166
stdmap_r1,cancel,1000,0.14,166
stdmap_r1,cancel,1000,0.141,166
stdmap_r1,cancel,1000,0.142,166
stdmap_r1,cancel,1000,0.143,166
stdmap_r1,cancel,1000,0.144,166
stdmap_r1,cancel,1000,0.145,166
stdmap_r1,cancel,1000,0.146,166
stdmap_r1,cancel,1000,0.147,166
stdmap_r1,cancel,1000,0.148,166
stdmap_r1,cancel,1000,0.149,166
stdmap_r1,cancel,1000,0.15,166
stdmap_r1,cancel,1000,0.151,166
stdmap_r1,cancel,1000,0.152,166
stdmap_r1,cancel,1000,0.153,166
stdmap_r1,cancel,1000,0.154,166
stdmap_r1,cancel,1000,0.155,166
stdmap_r1,cancel,1000,0.156,166
stdmap_r1,cancel,1000,0.157,166
stdmap_r1,cancel,1000,0.158,166
stdmap_r1,cancel,1000,0.159,166
stdmap_r1,cancel,1000,0.16,166
stdmap_r1,cancel,1000,0.161,166
stdmap_r1,cancel,1000,0.162,166
stdmap_r1,cancel,1000,0.163,166
stdmap_r1,cancel,1000,0.164,166
stdmap_r1,cancel,1000,0.165,166
stdmap_r1,cancel,1000,0.166,166
stdmap_r1,cancel,1000,0.167,166
stdmap_r1,cancel,1000,0.168,166
stdmap_r1,cancel,1000,0.169,166
stdmap_r1,cancel,1000,0.17,166
stdmap_r1,cancel,1000,0.171,166
stdmap_r1,cancel,1000,0.172,166
stdmap_r1,cancel,1000,0.173,166
stdmap_r1,cancel,1000,0.174,166
stdmap_r1,cancel,1000,0.175,166
stdmap_r1,cancel,1000,0.176,166
stdmap_r1,cancel,1000,0.177,166
stdmap_r1,cancel,1000,0.178,166
stdmap_r1,cancel,1000,0.179,166
stdmap_r1,cancel,1000,0.18,166
stdmap_r1,cancel,1000,0.181,166
stdmap_r1,cancel,1000,0.182,166
stdmap_r1,cancel,1000,0.183,166
stdmap_r1,cancel,1000,0.184,166
stdmap_r1,cancel,1000,0.185,166
stdmap_r1,cancel,1000,0.186,166
stdmap_r1,cancel,1000,0.187,166
stdmap_r1,cancel,1000,0.188,166
stdmap_r1,cancel,1000,0.189,166
stdmap_r1,cancel,1000,0.19,166
stdmap_r1,cancel,1000,0.191,166
stdmap_r1,cancel,1000,0.192,166
stdmap_r1,cancel,1000,0.193,166
stdmap_r1,cancel,1000,0.194,166
stdmap_r1,cancel,1000,0.195,166
stdmap_r1,cancel,1000,0.196,166
stdmap_r1,cancel,1000,0.197,166
stdmap_r1,cancel,1000,0.198,166
stdmap_r1,cancel,1000,0.199,166
stdmap_r1,cancel,1000,0.2,166
stdmap_r1,cancel,1000,0.201,166
stdmap_r1,cancel,1000,0.202,166
stdmap_r1,cancel,1000,0.203,166
stdmap_r1,cancel,1000,0.204,166
stdmap_r1,cancel,1000,0.205,167
stdmap_r1,cancel,1000,0.206,167
stdmap_r1,cancel,1000,0.207,167
stdmap_r1,cancel,1000,0.208,167
stdmap_r1,cancel,1000,0.209,167
stdmap_r1,cancel,1000,0.21,167
stdmap_r1,cancel,1000,0.211,167
stdmap_r1,cancel,1000,0.212,167
stdmap_r1,cancel,1000,0.213,167
stdmap_r1,cancel,1000,0.214,167
stdmap_r1,cancel,1000,0.215,167
stdmap_r1,cancel,1000,0.216,167
stdmap_r1,cancel,1000,0.217,167
stdmap_r1,cancel,1000,0.218,167
stdmap_r1,cancel,1000,0.219,167
stdmap_r1,cancel,1000,0.22,167
stdmap_r1,cancel,1000,0.221,167
stdmap_r1,cancel,1000,0.222,167
stdmap_r1,cancel,1000,0.223,167
stdmap_r1,cancel,1000,0.224,167
stdmap_r1,cancel,1000,0.225,167
stdmap_r1,cancel,1000,0.226,167
stdmap_r1,cancel,1000,0.227,167
stdmap_r1,cancel,1000,0.228,167
stdmap_r1,cancel,1000,0.229,167
stdmap_r1,cancel,1000,0.23,167
stdmap_r1,cancel,1000,0.231,167
stdmap_r1,cancel,1000,0.232,167
stdmap_r1,cancel,1000,0.233,167
stdmap_r1,cancel,1000,0.234,167
stdmap_r1,cancel,1000,0.235,167
stdmap_r1,cancel,1000,0.236,167
stdmap_r1,cancel,1000,0.237,167
stdmap_r1,cancel,1000,0.238,167
stdmap_r1,cancel,1000,0.239,167
stdmap_r1,cancel,1000,0.24,167
stdmap_r1,cancel,1000,0.241,167
stdmap_r1,cancel,1000,0.242,167
stdmap_r1,cancel,1000,0.243,167
stdmap_r1,cancel,1000,0.244,167
stdmap_r1,cancel,1000,0.245,167
stdmap_r1,cancel,1000,0.246,167
stdmap_r1,cancel,1000,0.247,167
stdmap_r1,cancel,1000,0.248,167
stdmap_r1,cancel,1000,0.249,167
stdmap_r1,cancel,1000,0.25,167
stdmap_r1,cancel,1000,0.251,167
stdmap_r1,cancel,1000,0.252,167
stdmap_r1,cancel,1000,0.253,167
stdmap_r1,cancel,1000,0.254,167
stdmap_r1,cancel,1000,0.255,167
stdmap_r1,cancel,1000,0.256,167
stdmap_r1,cancel,1000,0.257,167
stdmap_r1,cancel,1000,0.258,167
stdmap_r1,cancel,1000,0.259,167
stdmap_r1,cancel,1000,0.26,167
stdmap_r1,cancel,1000,0.261,167
stdmap_r1,cancel,1000,0.262,167
stdmap_r1,cancel,1000,0.263,167
stdmap_r1,cancel,1000,0.264,167
stdmap_r1,cancel,1000,0.265,167
stdmap_r1,cancel,1000,0.266,167
stdmap_r1,cancel,1000,0.267,167
stdmap_r1,cancel,1000,0.268,167
stdmap_r1,cancel,1000,0.269,167
stdmap_r1,cancel,1000,0.27,167
stdmap_r1,cancel,1000,0.271,167
stdmap_r1,cancel,1000,0.272,167
stdmap_r1,cancel,1000,0.273,167
stdmap_r1,cancel,1000,0.274,167
stdmap_r1,cancel,1000,0.275,167
stdmap_r1,cancel,1000,0.276,167
stdmap_r1,cancel,1000,0.277,167
stdmap_r1,cancel,1000,0.278,167
stdmap_r1,cancel,1000,0.279,167
stdmap_r1,cancel,1000,0.28,167
stdmap_r1,cancel,1000,0.281,167
stdmap_r1,cancel,1000,0.282,167
stdmap_r1,cancel,1000,0.283,167
stdmap_r1,cancel,1000,0.284,167
stdmap_r1,cancel,1000,0.285,167
stdmap_r1,cancel,1000,0.286,167
stdmap_r1,cancel,1000,0.287,167
stdmap_r1,cancel,1000,0.288,167
stdmap_r1,cancel,1000,0.289,167
stdmap_r1,cancel,1000,0.29,167
stdmap_r1,cancel,1000,0.291,167
stdmap_r1,cancel,1000,0.292,167
stdmap_r1,cancel,1000,0.293,167
stdmap_r1,cancel,1000,0.294,167
stdmap_r1,cancel,1000,0.295,167
stdmap_r1,cancel,1000,0.296,167
stdmap_r1,cancel,1000,0.297,167
stdmap_r1,cancel,1000,0.298,167
stdmap_r1,cancel,1000,0.299,167
stdmap_r1,cancel,1000,0.3,167
stdmap_r1,cancel,1000,0.301,167
stdmap_r1,cancel,1000,0.302,167
stdmap_r1,cancel,1000,0.303,167
stdmap_r1,cancel,1000,0.304,167
stdmap_r1,cancel,1000,0.305,167
stdmap_r1,cancel,1000,0.306,167
stdmap_r1,cancel,1000,0.307,167
stdmap_r1,cancel,1000,0.308,167
stdmap_r1,cancel,1000,0.309,167
stdmap_r1,cancel,1000,0.31,167
stdmap_r1,cancel,1000,0.311,167
stdmap_r1,cancel,1000,0.312,167
stdmap_r1,cancel,1000,0.313,167
stdmap_r1,cancel,1000,0.314,167
stdmap_r1,cancel,1000,0.315,167
stdmap_r1,cancel,1000,0.316,167
stdmap_r1,cancel,1000,0.317,167
stdmap_r1,cancel,1000,0.318,167
stdmap_r1,cancel,1000,0.319,167
stdmap_r1,cancel,1000,0.32,167
stdmap_r1,cancel,1000,0.321,167
stdmap_r1,cancel,1000,0.322,167
stdmap_r1,cancel,1000,0.323,167
stdmap_r1,cancel,1000,0.324,167
stdmap_r1,cancel,1000,0.325,167
stdmap_r1,cancel,1000,0.326,167
stdmap_r1,cancel,1000,0.327,167
stdmap_r1,cancel,1000,0.328,167
stdmap_r1,cancel,1000,0.329,167
stdmap_r1,cancel,1000,0.33,167
stdmap_r1,cancel,1000,0.331,167
stdmap_r1,cancel,1000,0.332,167
stdmap_r1,cancel,1000,0.333,167
stdmap_r1,cancel,1000,0.334,167
stdmap_r1,cancel,1000,0.335,167
stdmap_r1,cancel,1000,0.336,167
stdmap_r1,cancel,1000,0.337,167
stdmap_r1,cancel,1000,0.338,167
stdmap_r1,cancel,1000,0.339,167
stdmap_r1,cancel,1000,0.34,167
stdmap_r1,cancel,1000,0.341,167
stdmap_r1,cancel,1000,0.342,167
stdmap_r1,cancel,1000,0.343,167
stdmap_r1,cancel,1000,0.344,167
stdmap_r1,cancel,1000,0.345,167
stdmap_r1,cancel,1000,0.346,167
stdmap_r1,cancel,1000,0.347,167
stdmap_r1,cancel,1000,0.348,167
stdmap_r1,cancel,1000,0.349,167
stdmap_r1,cancel,1000,0.35,167
stdmap_r1,cancel,1000,0.351,167
stdmap_r1,cancel,1000,0.352,167
stdmap_r1,cancel,1000,0.353,167
stdmap_r1,cancel,1000,0.354,167
stdmap_r1,cancel,1000,0.355,167
stdmap_r1,cancel,1000,0.356,167
stdmap_r1,cancel,1000,0.357,167
stdmap_r1,cancel,1000,0.358,167
stdmap_r1,cancel,1000,0.359,167
stdmap_r1,cancel,1000,0.36,167
stdmap_r1,cancel,1000,0.361,167
stdmap_r1,cancel,1000,0.362,167
stdmap_r1,cancel,1000,0.363,167
stdmap_r1,cancel,1000,0.364,167
stdmap_r1,cancel,1000,0.365,167
stdmap_r1,cancel,1000,0.366,167
stdmap_r1,cancel,1000,0.367,167
stdmap_r1,cancel,1000,0.368,167
stdmap_r1,cancel,1000,0.369,167
stdmap_r1,cancel,1000,0.37,167
stdmap_r1,cancel,1000,0.371,167
stdmap_r1,cancel,1000,0.372,167
stdmap_r1,cancel,1000,0.373,167
stdmap_r1,cancel,1000,0.374,167
stdmap_r1,cancel,1000,0.375,167
stdmap_r1,cancel,1000,0.376,167
stdmap_r1,cancel,1000,0.377,167
stdmap_r1,cancel,1000,0.378,167
stdmap_r1,cancel,1000,0.379,167
stdmap_r1,cancel,1000,0.38,167
stdmap_r1,cancel,1000,0.381,167
stdmap_r1,cancel,1000,0.382,167
stdmap_r1,cancel,1000,0.383,167
stdmap_r1,cancel,1000,0.384,167
stdmap_r1,cancel,1000,0.385,167
stdmap_r1,cancel,1000,0.386,167
stdmap_r1,cancel,1000,0.387,167
stdmap_r1,cancel,1000,0.388,167
stdmap_r1,cancel,1000,0.389,167
stdmap_r1,cancel,1000,0.39,167
stdmap_r1,cancel,1000,0.391,167
stdmap_r1,cancel,1000,0.392,167
stdmap_r1,cancel,1000,0.393,167
stdmap_r1,cancel,1000,0.394,167
stdmap_r1,cancel,1000,0.395,167
stdmap_r1,cancel,1000,0.396,167
stdmap_r1,cancel,1000,0.397,167
stdmap_r1,cancel,1000,0.398,167
stdmap_r1,cancel,1000,0.399,167
stdmap_r1,cancel,1000,0.4,167
stdmap_r1,cancel,1000,0.401,167
stdmap_r1,cancel,1000,0.402,167
stdmap_r1,cancel,1000,0.403,167
stdmap_r1,cancel,1000,0.404,167
stdmap_r1,cancel,1000,0.405,167
stdmap_r1,cancel,1000,0.406,167
stdmap_r1,cancel,1000,0.407,167
stdmap_r1,cancel,1000,0.408,167
stdmap_r1,cancel,1000,0.409,167
stdmap_r1,cancel,1000,0.41,167
stdmap_r1,cancel,1000,0.411,167
stdmap_r1,cancel,1000,0.412,167
stdmap_r1,cancel,1000,0.413,167
stdmap_r1,cancel,1000,0.414,167
stdmap_r1,cancel,1000,0.415,167
stdmap_r1,cancel,1000,0.416,167
stdmap_r1,cancel,1000,0.417,167
stdmap_r1,cancel,1000,0.418,167
stdmap_r1,cancel,1000,0.419,167
stdmap_r1,cancel,1000,0.42,167
stdmap_r1,cancel,1000,0.421,167
stdmap_r1,cancel,1000,0.422,167
stdmap_r1,cancel,1000,0.423,167
stdmap_r1,cancel,1000,0.424,167
stdmap_r1,cancel,1000,0.425,167
stdmap_r1,cancel,1000,0.426,167
stdmap_r1,cancel,1000,0.427,167
stdmap_r1,cancel,1000,0.428,167
stdmap_r1,cancel,1000,0.429,167
stdmap_r1,cancel,1000,0.43,167
stdmap_r1,cancel,1000,0.431,167
stdmap_r1,cancel,1000,0.432,167
stdmap_r1,cancel,1000,0.433,167
stdmap_r1,cancel,1000,0.434,167
stdmap_r1,cancel,1000,0.435,167
stdmap_r1,cancel,1000,0.436,167
stdmap_r1,cancel,1000,0.437,167
stdmap_r1,cancel,1000,0.438,167
stdmap_r1,cancel,1000,0.439,167
stdmap_r1,cancel,1000,0.44,167
stdmap_r1,cancel,1000,0.441,167
stdmap_r1,cancel,1000,0.442,167
stdmap_r1,cancel,1000,0.443,167
stdmap_r1,cancel,1000,0.444,167
stdmap_r1,cancel,1000,0.445,167
stdmap_r1,cancel,1000,0.446,167
stdmap_r1,cancel,1000,0.447,167
stdmap_r1,cancel,1000,0.448,167
stdmap_r1,cancel,1000,0.449,167
stdmap_r1,cancel,1000,0.45,167
stdmap_r1,cancel,1000,0.451,167
stdmap_r1,cancel,1000,0.452,167
stdmap_r1,cancel,1000,0.453,167
stdmap_r1,cancel,1000,0.454,167
stdmap_r1,cancel,1000,0.455,167
stdmap_r1,cancel,1000,0.456,167
stdmap_r1,cancel,1000,0.457,167
stdmap_r1,cancel,1000,0.458,167
stdmap_r1,cancel,1000,0.459,167
stdmap_r1,cancel,1000,0.46,167
stdmap_r1,cancel,1000,0.461,167
stdmap_r1,cancel,1000,0.462,167
stdmap_r1,cancel,1000,0.463,167
stdmap_r1,cancel,1000,0.464,167
stdmap_r1,cancel,1000,0.465,167
stdmap_r1,cancel,1000,0.466,167
stdmap_r1,cancel,1000,0.467,167
stdmap_r1,cancel,1000,0.468,167
stdmap_r1,cancel,1000,0.469,167
stdmap_r1,cancel,1000,0.47,167
stdmap_r1,cancel,1000,0.471,167
stdmap_r1,cancel,1000,0.472,167
stdmap_r1,cancel,1000,0.473,167
stdmap_r1,cancel,1000,0.474,167
stdmap_r1,cancel,1000,0.475,167
stdmap_r1,cancel,1000,0.476,208
stdmap_r1,cancel,1000,0.477,208
stdmap_r1,cancel,1000,0.478,208
stdmap_r1,cancel,1000,0.479,208
stdmap_r1,cancel,1000,0.48,208
stdmap_r1,cancel,1000,0.481,208
stdmap_r1,cancel,1000,0.482,208
stdmap_r1,cancel,1000,0.483,208
stdmap_r1,cancel,1000,0.484,208
stdmap_r1,cancel,1000,0.485,208
stdmap_r1,cancel,1000,0.486,208
stdmap_r1,cancel,1000,0.487,208
stdmap_r1,cancel,1000,0.488,208
stdmap_r1,cancel,1000,0.489,208
stdmap_r1,cancel,1000,0.49,208
stdmap_r1,cancel,1000,0.491,208
stdmap_r1,cancel,1000,0.492,208
stdmap_r1,cancel,1000,0.493,208
stdmap_r1,cancel,1000,0.494,208
stdmap_r1,cancel,1000,0.495,208
stdmap_r1,cancel,1000,0.496,208
stdmap_r1,cancel,1000,0.497,208
stdmap_r1,cancel,1000,0.498,208
stdmap_r1,cancel,1000,0.499,208
stdmap_r1,cancel,1000,0.5,208
stdmap_r1,cancel,1000,0.501,208
stdmap_r1,cancel,1000,0.502,208
stdmap_r1,cancel,1000,0.503,208
stdmap_r1,cancel,1000,0.504,208
stdmap_r1,cancel,1000,0.505,208
stdmap_r1,cancel,1000,0.506,208
stdmap_r1,cancel,1000,0.507,208
stdmap_r1,cancel,1000,0.508,208
stdmap_r1,cancel,1000,0.509,208
stdmap_r1,cancel,1000,0.51,208
stdmap_r1,cancel,1000,0.511,208
stdmap_r1,cancel,1000,0.512,208
stdmap_r1,cancel,1000,0.513,208
stdmap_r1,cancel,1000,0.514,208
stdmap_r1,cancel,1000,0.515,208
stdmap_r1,cancel,1000,0.516,208
stdmap_r1,cancel,1000,0.517,208
stdmap_r1,cancel,1000,0.518,208
stdmap_r1,cancel,1000,0.519,208
stdmap_r1,cancel,1000,0.52,208
stdmap_r1,cancel,1000,0.521,208
stdmap_r1,cancel,1000,0.522,208
stdmap_r1,cancel,1000,0.523,208
stdmap_r1,cancel,1000,0.524,208
stdmap_r1,cancel,1000,0.525,208
stdmap_r1,cancel,1000,0.526,208
stdmap_r1,cancel,1000,0.527,208
stdmap_r1,cancel,1000,0.528,208
stdmap_r1,cancel,1000,0.529,208
stdmap_r1,cancel,1000,0.53,208
stdmap_r1,cancel,1000,0.531,208
stdmap_r1,cancel,1000,0.532,208
stdmap_r1,cancel,1000,0.533,208
stdmap_r1,cancel,1000,0.534,208
stdmap_r1,cancel,1000,0.535,208
stdmap_r1,cancel,1000,0.536,208
stdmap_r1,cancel,1000,0.537,208
stdmap_r1,cancel,1000,0.538,208
stdmap_r1,cancel,1000,0.539,208
stdmap_r1,cancel,1000,0.54,208
stdmap_r1,cancel,1000,0.541,208
stdmap_r1,cancel,1000,0.542,208
stdmap_r1,cancel,1000,0.543,208
stdmap_r1,cancel,1000,0.544,208
stdmap_r1,cancel,1000,0.545,208
stdmap_r1,cancel,1000,0.546,208
stdmap_r1,cancel,1000,0.547,208
stdmap_r1,cancel,1000,0.548,208
stdmap_r1,cancel,1000,0.549,208
stdmap_r1,cancel,1000,0.55,208
stdmap_r1,cancel,1000,0.551,208
stdmap_r1,cancel,1000,0.552,208
stdmap_r1,cancel,1000,0.553,208
stdmap_r1,cancel,1000,0.554,208
stdmap_r1,cancel,1000,0.555,208
stdmap_r1,cancel,1000,0.556,208
stdmap_r1,cancel,1000,0.557,208
stdmap_r1,cancel,1000,0.558,208
stdmap_r1,cancel,1000,0.559,208
stdmap_r1,cancel,1000,0.56,208
stdmap_r1,cancel,1000,0.561,208
stdmap_r1,cancel,1000,0.562,208
stdmap_r1,cancel,1000,0.563,208
stdmap_r1,cancel,1000,0.564,208
stdmap_r1,cancel,1000,0.565,208
stdmap_r1,cancel,1000,0.566,208
stdmap_r1,cancel,1000,0.567,208
stdmap_r1,cancel,1000,0.568,208
stdmap_r1,cancel,1000,0.569,208
stdmap_r1,cancel,1000,0.57,208
stdmap_r1,cancel,1000,0.571,208
stdmap_r1,cancel,1000,0.572,208
stdmap_r1,cancel,1000,0.573,208
stdmap_r1,cancel,1000,0.574,208
stdmap_r1,cancel,1000,0.575,208
stdmap_r1,cancel,1000,0.576,208
stdmap_r1,cancel,1000,0.577,208
stdmap_r1,cancel,1000,0.578,208
stdmap_r1,cancel,1000,0.579,208
stdmap_r1,cancel,1000,0.58,208
stdmap_r1,cancel,1000,0.581,208
stdmap_r1,cancel,1000,0.582,208
stdmap_r1,cancel,1000,0.583,208
stdmap_r1,cancel,1000,0.584,208
stdmap_r1,cancel,1000,0.585,208
stdmap_r1,cancel,1000,0.586,208
stdmap_r1,cancel,1000,0.587,208
stdmap_r1,cancel,1000,0.588,208
stdmap_r1,cancel,1000,0.589,208
stdmap_r1,cancel,1000,0.59,208
stdmap_r1,cancel,1000,0.591,208
stdmap_r1,cancel,1000,0.592,208
stdmap_r1,cancel,1000,0.593,208
stdmap_r1,cancel,1000,0.594,208
stdmap_r1,cancel,1000,0.595,208
stdmap_r1,cancel,1000,0.596,208
stdmap_r1,cancel,1000,0.597,208
stdmap_r1,cancel,1000,0.598,208
stdmap_r1,cancel,1000,0.599,208
stdmap_r1,cancel,1000,0.6,208
stdmap_r1,cancel,1000,0.601,208
stdmap_r1,cancel,1000,0.602,208
stdmap_r1,cancel,1000,0.603,208
stdmap_r1,cancel,1000,0.604,208
stdmap_r1,cancel,1000,0.605,208
stdmap_r1,cancel,1000,0.606,208
stdmap_r1,cancel,1000,0.607,208
stdmap_r1,cancel,1000,0.608,208
stdmap_r1,cancel,1000,0.609,208
stdmap_r1,cancel,1000,0.61,208
stdmap_r1,cancel,1000,0.611,208
stdmap_r1,cancel,1000,0.612,208
stdmap_r1,cancel,1000,0.613,208
stdmap_r1,cancel,1000,0.614,208
stdmap_r1,cancel,1000,0.615,208
stdmap_r1,cancel,1000,0.616,208
stdmap_r1,cancel,1000,0.617,208
stdmap_r1,cancel,1000,0.618,208
stdmap_r1,cancel,1000,0.619,208
stdmap_r1,cancel,1000,0.62,208
stdmap_r1,cancel,1000,0.621,208
stdmap_r1,cancel,1000,0.622,208
stdmap_r1,cancel,1000,0.623,208
stdmap_r1,cancel,1000,0.624,208
stdmap_r1,cancel,1000,0.625,208
stdmap_r1,cancel,1000,0.626,208
stdmap_r1,cancel,1000,0.627,208
stdmap_r1,cancel,1000,0.628,208
stdmap_r1,cancel,1000,0.629,208
stdmap_r1,cancel,1000,0.63,208
stdmap_r1,cancel,1000,0.631,208
stdmap_r1,cancel,1000,0.632,208
stdmap_r1,cancel,1000,0.633,208
stdmap_r1,cancel,1000,0.634,208
stdmap_r1,cancel,1000,0.635,208
stdmap_r1,cancel,1000,0.636,208
stdmap_r1,cancel,1000,0.637,208
stdmap_r1,cancel,1000,0.638,208
stdmap_r1,cancel,1000,0.639,208
stdmap_r1,cancel,1000,0.64,208
stdmap_r1,cancel,1000,0.641,208
stdmap_r1,cancel,1000,0.642,208
stdmap_r1,cancel,1000,0.643,208
stdmap_r1,cancel,1000,0.644,208
stdmap_r1,cancel,1000,0.645,208
stdmap_r1,cancel,1000,0.646,208
stdmap_r1,cancel,1000,0.647,208
stdmap_r1,cancel,1000,0.648,208
stdmap_r1,cancel,1000,0.649,208
stdmap_r1,cancel,1000,0.65,208
stdmap_r1,cancel,1000,0.651,208
stdmap_r1,cancel,1000,0.652,208
stdmap_r1,cancel,1000,0.653,208
stdmap_r1,cancel,1000,0.654,208
stdmap_r1,cancel,1000,0.655,208
stdmap_r1,cancel,1000,0.656,208
stdmap_r1,cancel,1000,0.657,208
stdmap_r1,cancel,1000,0.658,208
stdmap_r1,cancel,1000,0.659,208
stdmap_r1,cancel,1000,0.66,208
stdmap_r1,cancel,1000,0.661,208
stdmap_r1,cancel,1000,0.662,208
stdmap_r1,cancel,1000,0.663,208
stdmap_r1,cancel,1000,0.664,208
stdmap_r1,cancel,1000,0.665,208
stdmap_r1,cancel,1000,0.666,208
stdmap_r1,cancel,1000,0.667,208
stdmap_r1,cancel,1000,0.668,208
stdmap_r1,cancel,1000,0.669,208
stdmap_r1,cancel,1000,0.67,208
stdmap_r1,cancel,1000,0.671,208
stdmap_r1,cancel,1000,0.672,208
stdmap_r1,cancel,1000,0.673,208
stdmap_r1,cancel,1000,0.674,208
stdmap_r1,cancel,1000,0.675,208
stdmap_r1,cancel,1000,0.676,208
stdmap_r1,cancel,1000,0.677,208
stdmap_r1,cancel,1000,0.678,208
stdmap_r1,cancel,1000,0.679,208
stdmap_r1,cancel,1000,0.68,208
stdmap_r1,cancel,1000,0.681,208
stdmap_r1,cancel,1000,0.682,208
stdmap_r1,cancel,1000,0.683,208
stdmap_r1,cancel,1000,0.684,208
stdmap_r1,cancel,1000,0.685,208
stdmap_r1,cancel,1000,0.686,208
stdmap_r1,cancel,1000,0.687,208
stdmap_r1,cancel,1000,0.688,208
stdmap_r1,cancel,1000,0.689,208
stdmap_r1,cancel,1000,0.69,208
stdmap_r1,cancel,1000,0.691,208
stdmap_r1,cancel,1000,0.692,208
stdmap_r1,cancel,1000,0.693,208
stdmap_r1,cancel,1000,0.694,208
stdmap_r1,cancel,1000,0.695,208
stdmap_r1,cancel,1000,0.696,208
stdmap_r1,cancel,1000,0.697,208
stdmap_r1,cancel,1000,0.698,208
stdmap_r1,cancel,1000,0.699,208
stdmap_r1,cancel,1000,0.7,208
stdmap_r1,cancel,1000,0.701,208
stdmap_r1,cancel,1000,0.702,208
stdmap_r1,cancel,1000,0.703,208
stdmap_r1,cancel,1000,0.704,208
stdmap_r1,cancel,1000,0.705,208
stdmap_r1,cancel,1000,0.706,208
stdmap_r1,cancel,1000,0.707,208
stdmap_r1,cancel,1000,0.708,209
stdmap_r1,cancel,1000,0.709,209
stdmap_r1,cancel,1000,0.71,209
stdmap_r1,cancel,1000,0.711,209
stdmap_r1,cancel,1000,0.712,209
stdmap_r1,cancel,1000,0.713,209
stdmap_r1,cancel,1000,0.714,209
stdmap_r1,cancel,1000,0.715,209
stdmap_r1,cancel,1000,0.716,209
stdmap_r1,cancel,1000,0.717,209
stdmap_r1,cancel,1000,0.718,209
stdmap_r1,cancel,1000,0.719,209
stdmap_r1,cancel,1000,0.72,209
stdmap_r1,cancel,1000,0.721,209
stdmap_r1,cancel,1000,0.722,209
stdmap_r1,cancel,1000,0.723,209
stdmap_r1,cancel,1000,0.724,209
stdmap_r1,cancel,1000,0.725,209
stdmap_r1,cancel,1000,0.726,209
stdmap_r1,cancel,1000,0.727,209
stdmap_r1,cancel,1000,0.728,209
stdmap_r1,cancel,1000,0.729,209
stdmap_r1,cancel,1000,0.73,209
stdmap_r1,cancel,1000,0.731,209
stdmap_r1,cancel,1000,0.732,209
stdmap_r1,cancel,1000,0.733,209
stdmap_r1,cancel,1000,0.734,209
stdmap_r1,cancel,1000,0.735,209
stdmap_r1,cancel,1000,0.736,209
stdmap_r1,cancel,1000,0.737,209
stdmap_r1,cancel,1000,0.738,209
stdmap_r1,cancel,1000,0.739,209
stdmap_r1,cancel,1000,0.74,209
stdmap_r1,cancel,1000,0.741,209
stdmap_r1,cancel,1000,0.742,209
stdmap_r1,cancel,1000,0.743,209
stdmap_r1,cancel,1000,0.744,209
stdmap_r1,cancel,1000,0.745,209
stdmap_r1,cancel,1000,0.746,209
stdmap_r1,cancel,1000,0.747,209
stdmap_r1,cancel,1000,0.748,209
stdmap_r1,cancel,1000,0.749,209
stdmap_r1,cancel,1000,0.75,209
stdmap_r1,cancel,1000,0.751,209
stdmap_r1,cancel,1000,0.752,209
stdmap_r1,cancel,1000,0.753,209
stdmap_r1,cancel,1000,0.754,209
stdmap_r1,cancel,1000,0.755,209
stdmap_r1,cancel,1000,0.756,209
stdmap_r1,cancel,1000,0.757,209
stdmap_r1,cancel,1000,0.758,209
stdmap_r1,cancel,1000,0.759,209
stdmap_r1,cancel,1000,0.76,209
stdmap_r1,cancel,1000,0.761,209
stdmap_r1,cancel,1000,0.762,209
stdmap_r1,cancel,1000,0.763,209
stdmap_r1,cancel,1000,0.764,209
stdmap_r1,cancel,1000,0.765,209
stdmap_r1,cancel,1000,0.766,209
stdmap_r1,cancel,1000,0.767,209
stdmap_r1,cancel,1000,0.768,209
stdmap_r1,cancel,1000,0.769,209
stdmap_r1,cancel,1000,0.77,209
stdmap_r1,cancel,1000,0.771,209
stdmap_r1,cancel,1000,0.772,209
stdmap_r1,cancel,1000,0.773,209
stdmap_r1,cancel,1000,0.774,209
stdmap_r1,cancel,1000,0.775,209
stdmap_r1,cancel,1000,0.776,209
stdmap_r1,cancel,1000,0.777,209
stdmap_r1,cancel,1000,0.778,209
stdmap_r1,cancel,1000,0.779,209
stdmap_r1,cancel,1000,0.78,209
stdmap_r1,cancel,1000,0.781,209
stdmap_r1,cancel,1000,0.782,209
stdmap_r1,cancel,1000,0.783,209
stdmap_r1,cancel,1000,0.784,209
stdmap_r1,cancel,1000,0.785,209
stdmap_r1,cancel,1000,0.786,209
stdmap_r1,cancel,1000,0.787,209
stdmap_r1,cancel,1000,0.788,209
stdmap_r1,cancel,1000,0.789,209
stdmap_r1,cancel,1000,0.79,209
stdmap_r1,cancel,1000,0.791,209
stdmap_r1,cancel,1000,0.792,209
stdmap_r1,cancel,1000,0.793,209
stdmap_r1,cancel,1000,0.794,209
stdmap_r1,cancel,1000,0.795,209
stdmap_r1,cancel,1000,0.796,209
stdmap_r1,cancel,1000,0.797,209
stdmap_r1,cancel,1000,0.798,209
stdmap_r1,cancel,1000,0.799,209
stdmap_r1,cancel,1000,0.8,209
stdmap_r1,cancel,1000,0.801,209
stdmap_r1,cancel,1000,0.802,209
stdmap_r1,cancel,1000,0.803,209
stdmap_r1,cancel,1000,0.804,209
stdmap_r1,cancel,1000,0.805,209
stdmap_r1,cancel,1000,0.806,209
stdmap_r1,cancel,1000,0.807,209
stdmap_r1,cancel,1000,0.808,209
stdmap_r1,cancel,1000,0.809,209
stdmap_r1,cancel,1000,0.81,209
stdmap_r1,cancel,1000,0.811,209
stdmap_r1,cancel,1000,0.812,209
stdmap_r1,cancel,1000,0.813,209
stdmap_r1,cancel,1000,0.814,209
stdmap_r1,cancel,1000,0.815,209
stdmap_r1,cancel,1000,0.816,209
stdmap_r1,cancel,1000,0.817,209
stdmap_r1,cancel,1000,0.818,209
stdmap_r1,cancel,1000,0.819,209
stdmap_r1,cancel,1000,0.82,209
stdmap_r1,cancel,1000,0.821,209
stdmap_r1,cancel,1000,0.822,209
stdmap_r1,cancel,1000,0.823,209
stdmap_r1,cancel,1000,0.824,250
stdmap_r1,cancel,1000,0.825,250
stdmap_r1,cancel,1000,0.826,250
stdmap_r1,cancel,1000,0.827,250
stdmap_r1,cancel,1000,0.828,250
stdmap_r1,cancel,1000,0.829,250
stdmap_r1,cancel,1000,0.83,250
stdmap_r1,cancel,1000,0.831,250
stdmap_r1,cancel,1000,0.832,250
stdmap_r1,cancel,1000,0.833,250
stdmap_r1,cancel,1000,0.834,250
stdmap_r1,cancel,1000,0.835,250
stdmap_r1,cancel,1000,0.836,250
stdmap_r1,cancel,1000,0.837,250
stdmap_r1,cancel,1000,0.838,250
stdmap_r1,cancel,1000,0.839,250
stdmap_r1,cancel,1000,0.84,250
stdmap_r1,cancel,1000,0.841,250
stdmap_r1,cancel,1000,0.842,250
stdmap_r1,cancel,1000,0.843,250
stdmap_r1,cancel,1000,0.844,250
stdmap_r1,cancel,1000,0.845,250
stdmap_r1,cancel,1000,0.846,250
stdmap_r1,cancel,1000,0.847,250
stdmap_r1,cancel,1000,0.848,250
stdmap_r1,cancel,1000,0.849,250
stdmap_r1,cancel,1000,0.85,250
stdmap_r1,cancel,1000,0.851,250
stdmap_r1,cancel,1000,0.852,250
stdmap_r1,cancel,1000,0.853,250
stdmap_r1,cancel,1000,0.854,250
stdmap_r1,cancel,1000,0.855,250
stdmap_r1,cancel,1000,0.856,250
stdmap_r1,cancel,1000,0.857,250
stdmap_r1,cancel,1000,0.858,250
stdmap_r1,cancel,1000,0.859,250
stdmap_r1,cancel,1000,0.86,250
stdmap_r1,cancel,1000,0.861,250
stdmap_r1,cancel,1000,0.862,250
stdmap_r1,cancel,1000,0.863,250
stdmap_r1,cancel,1000,0.864,250
stdmap_r1,cancel,1000,0.865,250
stdmap_r1,cancel,1000,0.866,250
stdmap_r1,cancel,1000,0.867,250
stdmap_r1,cancel,1000,0.868,250
stdmap_r1,cancel,1000,0.869,250
stdmap_r1,cancel,1000,0.87,250
stdmap_r1,cancel,1000,0.871,250
stdmap_r1,cancel,1000,0.872,250
stdmap_r1,cancel,1000,0.873,250
stdmap_r1,cancel,1000,0.874,250
stdmap_r1,cancel,1000,0.875,250
stdmap_r1,cancel,1000,0.876,250
stdmap_r1,cancel,1000,0.877,250
stdmap_r1,cancel,1000,0.878,250
stdmap_r1,cancel,1000,0.879,250
stdmap_r1,cancel,1000,0.88,250
stdmap_r1,cancel,1000,0.881,250
stdmap_r1,cancel,1000,0.882,250
stdmap_r1,cancel,1000,0.883,250
stdmap_r1,cancel,1000,0.884,250
stdmap_r1,cancel,1000,0.885,250
stdmap_r1,cancel,1000,0.886,250
stdmap_r1,cancel,1000,0.887,250
stdmap_r1,cancel,1000,0.888,250
stdmap_r1,cancel,1000,0.889,250
stdmap_r1,cancel,1000,0.89,250
stdmap_r1,cancel,1000,0.891,250
stdmap_r1,cancel,1000,0.892,250
stdmap_r1,cancel,1000,0.893,250
stdmap_r1,cancel,1000,0.894,250
stdmap_r1,cancel,1000,0.895,250
stdmap_r1,cancel,1000,0.896,250
stdmap_r1,cancel,1000,0.897,250
stdmap_r1,cancel,1000,0.898,250
stdmap_r1,cancel,1000,0.899,250
stdmap_r1,cancel,1000,0.9,250
stdmap_r1,cancel,1000,0.901,250
stdmap_r1,cancel,1000,0.902,250
stdmap_r1,cancel,1000,0.903,250
stdmap_r1,cancel,1000,0.904,250
stdmap_r1,cancel,1000,0.905,250
stdmap_r1,cancel,1000,0.906,250
stdmap_r1,cancel,1000,0.907,250
stdmap_r1,cancel,1000,0.908,250
stdmap_r1,cancel,1000,0.909,250
stdmap_r1,cancel,1000,0.91,250
stdmap_r1,cancel,1000,0.911,291
stdmap_r1,cancel,1000,0.912,291
stdmap_r1,cancel,1000,0.913,291
stdmap_r1,cancel,1000,0.914,291
stdmap_r1,cancel,1000,0.915,291
stdmap_r1,cancel,1000,0.916,291
stdmap_r1,cancel,1000,0.917,291
stdmap_r1,cancel,1000,0.918,291
stdmap_r1,cancel,1000,0.919,292
stdmap_r1,cancel,1000,0.92,292
stdmap_r1,cancel,1000,0.921,292
stdmap_r1,cancel,1000,0.922,292
stdmap_r1,cancel,1000,0.923,292
stdmap_r1,cancel,1000,0.924,292
stdmap_r1,cancel,1000,0.925,292
stdmap_r1,cancel,1000,0.926,292
stdmap_r1,cancel,1000,0.927,292
stdmap_r1,cancel,1000,0.928,292
stdmap_r1,cancel,1000,0.929,292
stdmap_r1,cancel,1000,0.93,292
stdmap_r1,cancel,1000,0.931,292
stdmap_r1,cancel,1000,0.932,292
stdmap_r1,cancel,1000,0.933,292
stdmap_r1,cancel,1000,0.934,292
stdmap_r1,cancel,1000,0.935,292
stdmap_r1,cancel,1000,0.936,292
stdmap_r1,cancel,1000,0.937,333
stdmap_r1,cancel,1000,0.938,333
stdmap_r1,cancel,1000,0.939,333
stdmap_r1,cancel,1000,0.94,333
stdmap_r1,cancel,1000,0.941,333
stdmap_r1,cancel,1000,0.942,333
stdmap_r1,cancel,1000,0.943,333
stdmap_r1,cancel,1000,0.944,333
stdmap_r1,cancel,1000,0.945,333
stdmap_r1,cancel,1000,0.946,333
stdmap_r1,cancel,1000,0.947,334
stdmap_r1,cancel,1000,0.948,334
stdmap_r1,cancel,1000,0.949,334
stdmap_r1,cancel,1000,0.95,334
stdmap_r1,cancel,1000,0.951,375
stdmap_r1,cancel,1000,0.952,375
stdmap_r1,cancel,1000,0.953,375
stdmap_r1,cancel,1000,0.954,375
stdmap_r1,cancel,1000,0.955,375
stdmap_r1,cancel,1000,0.956,375
stdmap_r1,cancel,1000,0.957,375
stdmap_r1,cancel,1000,0.958,375
stdmap_r1,cancel,1000,0.959,375
stdmap_r1,cancel,1000,0.96,375
stdmap_r1,cancel,1000,0.961,375
stdmap_r1,cancel,1000,0.962,416
stdmap_r1,cancel,1000,0.963,416
stdmap_r1,cancel,1000,0.964,417
stdmap_r1,cancel,1000,0.965,417
stdmap_r1,cancel,1000,0.966,417
stdmap_r1,cancel,1000,0.967,417
stdmap_r1,cancel,1000,0.968,417
stdmap_r1,cancel,1000,0.969,417
stdmap_r1,cancel,1000,0.97,458
stdmap_r1,cancel,1000,0.971,458
stdmap_r1,cancel,1000,0.972,458
stdmap_r1,cancel,1000,0.973,458
stdmap_r1,cancel,1000,0.974,459
stdmap_r1,cancel,1000,0.975,500
stdmap_r1,cancel,1000,0.976,500
stdmap_r1,cancel,1000,0.977,500
stdmap_r1,cancel,1000,0.978,500
stdmap_r1,cancel,1000,0.979,500
stdmap_r1,cancel,1000,0.98,541
stdmap_r1,cancel,1000,0.981,542
stdmap_r1,cancel,1000,0.982,542
stdmap_r1,cancel,1000,0.983,542
stdmap_r1,cancel,1000,0.984,583
stdmap_r1,cancel,1000,0.985,583
stdmap_r1,cancel,1000,0.986,584
stdmap_r1,cancel,1000,0.987,625
stdmap_r1,cancel,1000,0.988,625
stdmap_r1,cancel,1000,0.989,666
stdmap_r1,cancel,1000,0.99,667
stdmap_r1,cancel,1000,0.991,708
stdmap_r1,cancel,1000,0.992,709
stdmap_r1,cancel,1000,0.993,750
stdmap_r1,cancel,1000,0.994,792
stdmap_r1,cancel,1000,0.995,875
stdmap_r1,cancel,1000,0.996,958
stdmap_r1,cancel,1000,0.997,1083
stdmap_r1,cancel,1000,0.998,1292
stdmap_r1,cancel,1000,0.999,2375
stdmap_r1,match,1000,0,0
stdmap_r1,match,1000,0.001,41
stdmap_r1,match,1000,0.002,41
stdmap_r1,match,1000,0.003,41
stdmap_r1,match,1000,0.004,41
stdmap_r1,match,1000,0.005,41
stdmap_r1,match,1000,0.006,41
stdmap_r1,match,1000,0.007,41
stdmap_r1,match,1000,0.008,41
stdmap_r1,match,1000,0.009,41
stdmap_r1,match,1000,0.01,42
stdmap_r1,match,1000,0.011,42
stdmap_r1,match,1000,0.012,42
stdmap_r1,match,1000,0.013,42
stdmap_r1,match,1000,0.014,42
stdmap_r1,match,1000,0.015,42
stdmap_r1,match,1000,0.016,42
stdmap_r1,match,1000,0.017,42
stdmap_r1,match,1000,0.018,42
stdmap_r1,match,1000,0.019,42
stdmap_r1,match,1000,0.02,42
stdmap_r1,match,1000,0.021,42
stdmap_r1,match,1000,0.022,42
stdmap_r1,match,1000,0.023,42
stdmap_r1,match,1000,0.024,42
stdmap_r1,match,1000,0.025,42
stdmap_r1,match,1000,0.026,42
stdmap_r1,match,1000,0.027,42
stdmap_r1,match,1000,0.028,42
stdmap_r1,match,1000,0.029,42
stdmap_r1,match,1000,0.03,83
stdmap_r1,match,1000,0.031,83
stdmap_r1,match,1000,0.032,83
stdmap_r1,match,1000,0.033,83
stdmap_r1,match,1000,0.034,83
stdmap_r1,match,1000,0.035,83
stdmap_r1,match,1000,0.036,83
stdmap_r1,match,1000,0.037,83
stdmap_r1,match,1000,0.038,83
stdmap_r1,match,1000,0.039,83
stdmap_r1,match,1000,0.04,83
stdmap_r1,match,1000,0.041,83
stdmap_r1,match,1000,0.042,83
stdmap_r1,match,1000,0.043,83
stdmap_r1,match,1000,0.044,83
stdmap_r1,match,1000,0.045,83
stdmap_r1,match,1000,0.046,83
stdmap_r1,match,1000,0.047,83
stdmap_r1,match,1000,0.048,83
stdmap_r1,match,1000,0.049,83
stdmap_r1,match,1000,0.05,83
stdmap_r1,match,1000,0.051,83
stdmap_r1,match,1000,0.052,83
stdmap_r1,match,1000,0.053,83
stdmap_r1,match,1000,0.054,83
stdmap_r1,match,1000,0.055,83
stdmap_r1,match,1000,0.056,83
stdmap_r1,match,1000,0.057,83
stdmap_r1,match,1000,0.058,83
stdmap_r1,match,1000,0.059,83
stdmap_r1,match,1000,0.06,83
stdmap_r1,match,1000,0.061,83
stdmap_r1,match,1000,0.062,83
stdmap_r1,match,1000,0.063,83
stdmap_r1,match,1000,0.064,83
stdmap_r1,match,1000,0.065,83
stdmap_r1,match,1000,0.066,83
stdmap_r1,match,1000,0.067,83
stdmap_r1,match,1000,0.068,83
stdmap_r1,match,1000,0.069,83
stdmap_r1,match,1000,0.07,83
stdmap_r1,match,1000,0.071,83
stdmap_r1,match,1000,0.072,83
stdmap_r1,match,1000,0.073,83
stdmap_r1,match,1000,0.074,83
stdmap_r1,match,1000,0.075,83
stdmap_r1,match,1000,0.076,83
stdmap_r1,match,1000,0.077,83
stdmap_r1,match,1000,0.078,83
stdmap_r1,match,1000,0.079,83
stdmap_r1,match,1000,0.08,83
stdmap_r1,match,1000,0.081,83
stdmap_r1,match,1000,0.082,83
stdmap_r1,match,1000,0.083,83
stdmap_r1,match,1000,0.084,83
stdmap_r1,match,1000,0.085,83
stdmap_r1,match,1000,0.086,83
stdmap_r1,match,1000,0.087,83
stdmap_r1,match,1000,0.088,83
stdmap_r1,match,1000,0.089,83
stdmap_r1,match,1000,0.09,83
stdmap_r1,match,1000,0.091,83
stdmap_r1,match,1000,0.092,83
stdmap_r1,match,1000,0.093,83
stdmap_r1,match,1000,0.094,83
stdmap_r1,match,1000,0.095,83
stdmap_r1,match,1000,0.096,83
stdmap_r1,match,1000,0.097,83
stdmap_r1,match,1000,0.098,83
stdmap_r1,match,1000,0.099,83
stdmap_r1,match,1000,0.1,83
stdmap_r1,match,1000,0.101,83
stdmap_r1,match,1000,0.102,83
stdmap_r1,match,1000,0.103,83
stdmap_r1,match,1000,0.104,83
stdmap_r1,match,1000,0.105,83
stdmap_r1,match,1000,0.106,83
stdmap_r1,match,1000,0.107,83
stdmap_r1,match,1000,0.108,83
stdmap_r1,match,1000,0.109,83
stdmap_r1,match,1000,0.11,83
stdmap_r1,match,1000,0.111,83
stdmap_r1,match,1000,0.112,83
stdmap_r1,match,1000,0.113,83
stdmap_r1,match,1000,0.114,83
stdmap_r1,match,1000,0.115,83
stdmap_r1,match,1000,0.116,83
stdmap_r1,match,1000,0.117,83
stdmap_r1,match,1000,0.118,83
stdmap_r1,match,1000,0.119,83
stdmap_r1,match,1000,0.12,83
stdmap_r1,match,1000,0.121,83
stdmap_r1,match,1000,0.122,83
stdmap_r1,match,1000,0.123,83
stdmap_r1,match,1000,0.124,83
stdmap_r1,match,1000,0.125,83
stdmap_r1,match,1000,0.126,83
stdmap_r1,match,1000,0.127,83
stdmap_r1,match,1000,0.128,83
stdmap_r1,match,1000,0.129,83
stdmap_r1,match,1000,0.13,83
stdmap_r1,match,1000,0.131,83
stdmap_r1,match,1000,0.132,83
stdmap_r1,match,1000,0.133,83
stdmap_r1,match,1000,0.134,83
stdmap_r1,match,1000,0.135,83
stdmap_r1,match,1000,0.136,83
stdmap_r1,match,1000,0.137,83
stdmap_r1,match,1000,0.138,83
stdmap_r1,match,1000,0.139,83
stdmap_r1,match,1000,0.14,83
stdmap_r1,match,1000,0.141,83
stdmap_r1,match,1000,0.142,83
stdmap_r1,match,1000,0.143,83
stdmap_r1,match,1000,0.144,83
stdmap_r1,match,1000,0.145,83
stdmap_r1,match,1000,0.146,83
stdmap_r1,match,1000,0.147,83
stdmap_r1,match,1000,0.148,83
stdmap_r1,match,1000,0.149,83
stdmap_r1,match,1000,0.15,83
stdmap_r1,match,1000,0.151,83
stdmap_r1,match,1000,0.152,83
stdmap_r1,match,1000,0.153,83
stdmap_r1,match,1000,0.154,83
stdmap_r1,match,1000,0.155,83
stdmap_r1,match,1000,0.156,83
stdmap_r1,match,1000,0.157,83
stdmap_r1,match,1000,0.158,83
stdmap_r1,match,1000,0.159,83
stdmap_r1,match,1000,0.16,83
stdmap_r1,match,1000,0.161,83
stdmap_r1,match,1000,0.162,83
stdmap_r1,match,1000,0.163,83
stdmap_r1,match,1000,0.164,83
stdmap_r1,match,1000,0.165,83
stdmap_r1,match,1000,0.166,83
stdmap_r1,match,1000,0.167,83
stdmap_r1,match,1000,0.168,83
stdmap_r1,match,1000,0.169,83
stdmap_r1,match,1000,0.17,83
stdmap_r1,match,1000,0.171,83
stdmap_r1,match,1000,0.172,83
stdmap_r1,match,1000,0.173,83
stdmap_r1,match,1000,0.174,83
stdmap_r1,match,1000,0.175,83
stdmap_r1,match,1000,0.176,83
stdmap_r1,match,1000,0.177,83
stdmap_r1,match,1000,0.178,83
stdmap_r1,match,1000,0.179,83
stdmap_r1,match,1000,0.18,83
stdmap_r1,match,1000,0.181,83
stdmap_r1,match,1000,0.182,83
stdmap_r1,match,1000,0.183,83
stdmap_r1,match,1000,0.184,83
stdmap_r1,match,1000,0.185,83
stdmap_r1,match,1000,0.186,83
stdmap_r1,match,1000,0.187,83
stdmap_r1,match,1000,0.188,83
stdmap_r1,match,1000,0.189,83
stdmap_r1,match,1000,0.19,83
stdmap_r1,match,1000,0.191,83
stdmap_r1,match,1000,0.192,83
stdmap_r1,match,1000,0.193,83
stdmap_r1,match,1000,0.194,83
stdmap_r1,match,1000,0.195,83
stdmap_r1,match,1000,0.196,83
stdmap_r1,match,1000,0.197,83
stdmap_r1,match,1000,0.198,83
stdmap_r1,match,1000,0.199,83
stdmap_r1,match,1000,0.2,83
stdmap_r1,match,1000,0.201,83
stdmap_r1,match,1000,0.202,83
stdmap_r1,match,1000,0.203,83
stdmap_r1,match,1000,0.204,83
stdmap_r1,match,1000,0.205,83
stdmap_r1,match,1000,0.206,83
stdmap_r1,match,1000,0.207,83
stdmap_r1,match,1000,0.208,83
stdmap_r1,match,1000,0.209,83
stdmap_r1,match,1000,0.21,83
stdmap_r1,match,1000,0.211,83
stdmap_r1,match,1000,0.212,83
stdmap_r1,match,1000,0.213,83
stdmap_r1,match,1000,0.214,83
stdmap_r1,match,1000,0.215,83
stdmap_r1,match,1000,0.216,83
stdmap_r1,match,1000,0.217,83
stdmap_r1,match,1000,0.218,83
stdmap_r1,match,1000,0.219,83
stdmap_r1,match,1000,0.22,83
stdmap_r1,match,1000,0.221,83
stdmap_r1,match,1000,0.222,83
stdmap_r1,match,1000,0.223,83
stdmap_r1,match,1000,0.224,83
stdmap_r1,match,1000,0.225,83
stdmap_r1,match,1000,0.226,83
stdmap_r1,match,1000,0.227,83
stdmap_r1,match,1000,0.228,83
stdmap_r1,match,1000,0.229,83
stdmap_r1,match,1000,0.23,83
stdmap_r1,match,1000,0.231,83
stdmap_r1,match,1000,0.232,83
stdmap_r1,match,1000,0.233,83
stdmap_r1,match,1000,0.234,83
stdmap_r1,match,1000,0.235,83
stdmap_r1,match,1000,0.236,83
stdmap_r1,match,1000,0.237,83
stdmap_r1,match,1000,0.238,83
stdmap_r1,match,1000,0.239,83
stdmap_r1,match,1000,0.24,83
stdmap_r1,match,1000,0.241,83
stdmap_r1,match,1000,0.242,83
stdmap_r1,match,1000,0.243,83
stdmap_r1,match,1000,0.244,83
stdmap_r1,match,1000,0.245,83
stdmap_r1,match,1000,0.246,83
stdmap_r1,match,1000,0.247,83
stdmap_r1,match,1000,0.248,83
stdmap_r1,match,1000,0.249,83
stdmap_r1,match,1000,0.25,83
stdmap_r1,match,1000,0.251,83
stdmap_r1,match,1000,0.252,83
stdmap_r1,match,1000,0.253,83
stdmap_r1,match,1000,0.254,83
stdmap_r1,match,1000,0.255,83
stdmap_r1,match,1000,0.256,83
stdmap_r1,match,1000,0.257,83
stdmap_r1,match,1000,0.258,83
stdmap_r1,match,1000,0.259,83
stdmap_r1,match,1000,0.26,83
stdmap_r1,match,1000,0.261,83
stdmap_r1,match,1000,0.262,83
stdmap_r1,match,1000,0.263,83
stdmap_r1,match,1000,0.264,83
stdmap_r1,match,1000,0.265,83
stdmap_r1,match,1000,0.266,83
stdmap_r1,match,1000,0.267,83
stdmap_r1,match,1000,0.268,83
stdmap_r1,match,1000,0.269,83
stdmap_r1,match,1000,0.27,83
stdmap_r1,match,1000,0.271,83
stdmap_r1,match,1000,0.272,83
stdmap_r1,match,1000,0.273,83
stdmap_r1,match,1000,0.274,83
stdmap_r1,match,1000,0.275,83
stdmap_r1,match,1000,0.276,83
stdmap_r1,match,1000,0.277,83
stdmap_r1,match,1000,0.278,83
stdmap_r1,match,1000,0.279,83
stdmap_r1,match,1000,0.28,83
stdmap_r1,match,1000,0.281,83
stdmap_r1,match,1000,0.282,83
stdmap_r1,match,1000,0.283,83
stdmap_r1,match,1000,0.284,83
stdmap_r1,match,1000,0.285,83
stdmap_r1,match,1000,0.286,83
stdmap_r1,match,1000,0.287,83
stdmap_r1,match,1000,0.288,83
stdmap_r1,match,1000,0.289,83
stdmap_r1,match,1000,0.29,83
stdmap_r1,match,1000,0.291,83
stdmap_r1,match,1000,0.292,83
stdmap_r1,match,1000,0.293,83
stdmap_r1,match,1000,0.294,83
stdmap_r1,match,1000,0.295,83
stdmap_r1,match,1000,0.296,83
stdmap_r1,match,1000,0.297,83
stdmap_r1,match,1000,0.298,83
stdmap_r1,match,1000,0.299,83
stdmap_r1,match,1000,0.3,83
stdmap_r1,match,1000,0.301,83
stdmap_r1,match,1000,0.302,83
stdmap_r1,match,1000,0.303,83
stdmap_r1,match,1000,0.304,83
stdmap_r1,match,1000,0.305,83
stdmap_r1,match,1000,0.306,83
stdmap_r1,match,1000,0.307,83
stdmap_r1,match,1000,0.308,83
stdmap_r1,match,1000,0.309,83
stdmap_r1,match,1000,0.31,83
stdmap_r1,match,1000,0.311,83
stdmap_r1,match,1000,0.312,83
stdmap_r1,match,1000,0.313,83
stdmap_r1,match,1000,0.314,83
stdmap_r1,match,1000,0.315,83
stdmap_r1,match,1000,0.316,83
stdmap_r1,match,1000,0.317,83
stdmap_r1,match,1000,0.318,83
stdmap_r1,match,1000,0.319,83
stdmap_r1,match,1000,0.32,83
stdmap_r1,match,1000,0.321,83
stdmap_r1,match,1000,0.322,83
stdmap_r1,match,1000,0.323,83
stdmap_r1,match,1000,0.324,83
stdmap_r1,match,1000,0.325,83
stdmap_r1,match,1000,0.326,83
stdmap_r1,match,1000,0.327,83
stdmap_r1,match,1000,0.328,83
stdmap_r1,match,1000,0.329,83
stdmap_r1,match,1000,0.33,83
stdmap_r1,match,1000,0.331,83
stdmap_r1,match,1000,0.332,83
stdmap_r1,match,1000,0.333,83
stdmap_r1,match,1000,0.334,83
stdmap_r1,match,1000,0.335,83
stdmap_r1,match,1000,0.336,83
stdmap_r1,match,1000,0.337,83
stdmap_r1,match,1000,0.338,83
stdmap_r1,match,1000,0.339,83
stdmap_r1,match,1000,0.34,83
stdmap_r1,match,1000,0.341,83
stdmap_r1,match,1000,0.342,83
stdmap_r1,match,1000,0.343,83
stdmap_r1,match,1000,0.344,83
stdmap_r1,match,1000,0.345,83
stdmap_r1,match,1000,0.346,83
stdmap_r1,match,1000,0.347,83
stdmap_r1,match,1000,0.348,83
stdmap_r1,match,1000,0.349,83
stdmap_r1,match,1000,0.35,83
stdmap_r1,match,1000,0.351,83
stdmap_r1,match,1000,0.352,83
stdmap_r1,match,1000,0.353,83
stdmap_r1,match,1000,0.354,83
stdmap_r1,match,1000,0.355,83
stdmap_r1,match,1000,0.356,83
stdmap_r1,match,1000,0.357,83
stdmap_r1,match,1000,0.358,83
stdmap_r1,match,1000,0.359,83
stdmap_r1,match,1000,0.36,83
stdmap_r1,match,1000,0.361,83
stdmap_r1,match,1000,0.362,83
stdmap_r1,match,1000,0.363,83
stdmap_r1,match,1000,0.364,84
stdmap_r1,match,1000,0.365,84
stdmap_r1,match,1000,0.366,84
stdmap_r1,match,1000,0.367,84
stdmap_r1,match,1000,0.368,84
stdmap_r1,match,1000,0.369,84
stdmap_r1,match,1000,0.37,84
stdmap_r1,match,1000,0.371,84
stdmap_r1,match,1000,0.372,84
stdmap_r1,match,1000,0.373,84
stdmap_r1,match,1000,0.374,84
stdmap_r1,match,1000,0.375,84
stdmap_r1,match,1000,0.376,84
stdmap_r1,match,1000,0.377,84
stdmap_r1,match,1000,0.378,84
stdmap_r1,match,1000,0.379,84
stdmap_r1,match,1000,0.38,84
stdmap_r1,match,1000,0.381,84
stdmap_r1,match,1000,0.382,84
stdmap_r1,match,1000,0.383,84
stdmap_r1,match,1000,0.384,84
stdmap_r1,match,1000,0.385,84
stdmap_r1,match,1000,0.386,84
stdmap_r1,match,1000,0.387,84
stdmap_r1,match,1000,0.388,84
stdmap_r1,match,1000,0.389,84
stdmap_r1,match,1000,0.39,84
stdmap_r1,match,1000,0.391,84
stdmap_r1,match,1000,0.392,84
stdmap_r1,match,1000,0.393,84
stdmap_r1,match,1000,0.394,84
stdmap_r1,match,1000,0.395,84
stdmap_r1,match,1000,0.396,84
stdmap_r1,match,1000,0.397,84
stdmap_r1,match,1000,0.398,84
stdmap_r1,match,1000,0.399,84
stdmap_r1,match,1000,0.4,84
stdmap_r1,match,1000,0.401,84
stdmap_r1,match,1000,0.402,84
stdmap_r1,match,1000,0.403,84
stdmap_r1,match,1000,0.404,84
stdmap_r1,match,1000,0.405,84
stdmap_r1,match,1000,0.406,84
stdmap_r1,match,1000,0.407,84
stdmap_r1,match,1000,0.408,84
stdmap_r1,match,1000,0.409,84
stdmap_r1,match,1000,0.41,84
stdmap_r1,match,1000,0.411,84
stdmap_r1,match,1000,0.412,84
stdmap_r1,match,1000,0.413,84
stdmap_r1,match,1000,0.414,84
stdmap_r1,match,1000,0.415,84
stdmap_r1,match,1000,0.416,84
stdmap_r1,match,1000,0.417,84
stdmap_r1,match,1000,0.418,84
stdmap_r1,match,1000,0.419,84
stdmap_r1,match,1000,0.42,84
stdmap_r1,match,1000,0.421,84
stdmap_r1,match,1000,0.422,84
stdmap_r1,match,1000,0.423,84
stdmap_r1,match,1000,0.424,84
stdmap_r1,match,1000,0.425,84
stdmap_r1,match,1000,0.426,84
stdmap_r1,match,1000,0.427,84
stdmap_r1,match,1000,0.428,84
stdmap_r1,match,1000,0.429,84
stdmap_r1,match,1000,0.43,84
stdmap_r1,match,1000,0.431,84
stdmap_r1,match,1000,0.432,84
stdmap_r1,match,1000,0.433,84
stdmap_r1,match,1000,0.434,84
stdmap_r1,match,1000,0.435,84
stdmap_r1,match,1000,0.436,84
stdmap_r1,match,1000,0.437,84
stdmap_r1,match,1000,0.438,84
stdmap_r1,match,1000,0.439,84
stdmap_r1,match,1000,0.44,84
stdmap_r1,match,1000,0.441,84
stdmap_r1,match,1000,0.442,84
stdmap_r1,match,1000,0.443,84
stdmap_r1,match,1000,0.444,84
stdmap_r1,match,1000,0.445,84
stdmap_r1,match,1000,0.446,84
stdmap_r1,match,1000,0.447,84
stdmap_r1,match,1000,0.448,84
stdmap_r1,match,1000,0.449,84
stdmap_r1,match,1000,0.45,84
stdmap_r1,match,1000,0.451,84
stdmap_r1,match,1000,0.452,84
stdmap_r1,match,1000,0.453,84
stdmap_r1,match,1000,0.454,84
stdmap_r1,match,1000,0.455,84
stdmap_r1,match,1000,0.456,84
stdmap_r1,match,1000,0.457,84
stdmap_r1,match,1000,0.458,84
stdmap_r1,match,1000,0.459,84
stdmap_r1,match,1000,0.46,84
stdmap_r1,match,1000,0.461,84
stdmap_r1,match,1000,0.462,84
stdmap_r1,match,1000,0.463,84
stdmap_r1,match,1000,0.464,84
stdmap_r1,match,1000,0.465,84
stdmap_r1,match,1000,0.466,84
stdmap_r1,match,1000,0.467,84
stdmap_r1,match,1000,0.468,84
stdmap_r1,match,1000,0.469,84
stdmap_r1,match,1000,0.47,84
stdmap_r1,match,1000,0.471,84
stdmap_r1,match,1000,0.472,84
stdmap_r1,match,1000,0.473,84
stdmap_r1,match,1000,0.474,84
stdmap_r1,match,1000,0.475,84
stdmap_r1,match,1000,0.476,84
stdmap_r1,match,1000,0.477,84
stdmap_r1,match,1000,0.478,84
stdmap_r1,match,1000,0.479,84
stdmap_r1,match,1000,0.48,84
stdmap_r1,match,1000,0.481,84
stdmap_r1,match,1000,0.482,84
stdmap_r1,match,1000,0.483,84
stdmap_r1,match,1000,0.484,84
stdmap_r1,match,1000,0.485,84
stdmap_r1,match,1000,0.486,84
stdmap_r1,match,1000,0.487,84
stdmap_r1,match,1000,0.488,84
stdmap_r1,match,1000,0.489,84
stdmap_r1,match,1000,0.49,84
stdmap_r1,match,1000,0.491,84
stdmap_r1,match,1000,0.492,84
stdmap_r1,match,1000,0.493,84
stdmap_r1,match,1000,0.494,84
stdmap_r1,match,1000,0.495,84
stdmap_r1,match,1000,0.496,84
stdmap_r1,match,1000,0.497,84
stdmap_r1,match,1000,0.498,84
stdmap_r1,match,1000,0.499,84
stdmap_r1,match,1000,0.5,84
stdmap_r1,match,1000,0.501,84
stdmap_r1,match,1000,0.502,84
stdmap_r1,match,1000,0.503,84
stdmap_r1,match,1000,0.504,84
stdmap_r1,match,1000,0.505,84
stdmap_r1,match,1000,0.506,84
stdmap_r1,match,1000,0.507,84
stdmap_r1,match,1000,0.508,84
stdmap_r1,match,1000,0.509,84
stdmap_r1,match,1000,0.51,84
stdmap_r1,match,1000,0.511,84
stdmap_r1,match,1000,0.512,84
stdmap_r1,match,1000,0.513,84
stdmap_r1,match,1000,0.514,84
stdmap_r1,match,1000,0.515,84
stdmap_r1,match,1000,0.516,84
stdmap_r1,match,1000,0.517,84
stdmap_r1,match,1000,0.518,84
stdmap_r1,match,1000,0.519,84
stdmap_r1,match,1000,0.52,84
stdmap_r1,match,1000,0.521,84
stdmap_r1,match,1000,0.522,84
stdmap_r1,match,1000,0.523,84
stdmap_r1,match,1000,0.524,84
stdmap_r1,match,1000,0.525,84
stdmap_r1,match,1000,0.526,84
stdmap_r1,match,1000,0.527,84
stdmap_r1,match,1000,0.528,84
stdmap_r1,match,1000,0.529,84
stdmap_r1,match,1000,0.53,125
stdmap_r1,match,1000,0.531,125
stdmap_r1,match,1000,0.532,125
stdmap_r1,match,1000,0.533,125
stdmap_r1,match,1000,0.534,125
stdmap_r1,match,1000,0.535,125
stdmap_r1,match,1000,0.536,125
stdmap_r1,match,1000,0.537,125
stdmap_r1,match,1000,0.538,125
stdmap_r1,match,1000,0.539,125
stdmap_r1,match,1000,0.54,125
stdmap_r1,match,1000,0.541,125
stdmap_r1,match,1000,0.542,125
stdmap_r1,match,1000,0.543,125
stdmap_r1,match,1000,0.544,125
stdmap_r1,match,1000,0.545,125
stdmap_r1,match,1000,0.546,125
stdmap_r1,match,1000,0.547,125
stdmap_r1,match,1000,0.548,125
stdmap_r1,match,1000,0.549,125
stdmap_r1,match,1000,0.55,125
stdmap_r1,match,1000,0.551,125
stdmap_r1,match,1000,0.552,125
stdmap_r1,match,1000,0.553,125
stdmap_r1,match,1000,0.554,125
stdmap_r1,match,1000,0.555,125
stdmap_r1,match,1000,0.556,125
stdmap_r1,match,1000,0.557,125
stdmap_r1,match,1000,0.558,125
stdmap_r1,match,1000,0.559,125
stdmap_r1,match,1000,0.56,125
stdmap_r1,match,1000,0.561,125
stdmap_r1,match,1000,0.562,125
stdmap_r1,match,1000,0.563,125
stdmap_r1,match,1000,0.564,125
stdmap_r1,match,1000,0.565,125
stdmap_r1,match,1000,0.566,125
stdmap_r1,match,1000,0.567,125
stdmap_r1,match,1000,0.568,125
stdmap_r1,match,1000,0.569,125
stdmap_r1,match,1000,0.57,125
stdmap_r1,match,1000,0.571,125
stdmap_r1,match,1000,0.572,125
stdmap_r1,match,1000,0.573,125
stdmap_r1,match,1000,0.574,125
stdmap_r1,match,1000,0.575,125
stdmap_r1,match,1000,0.576,125
stdmap_r1,match,1000,0.577,125
stdmap_r1,match,1000,0.578,125
stdmap_r1,match,1000,0.579,125
stdmap_r1,match,1000,0.58,125
stdmap_r1,match,1000,0.581,125
stdmap_r1,match,1000,0.582,125
stdmap_r1,match,1000,0.583,125
stdmap_r1,match,1000,0.584,125
stdmap_r1,match,1000,0.585,125
stdmap_r1,match,1000,0.586,125
stdmap_r1,match,1000,0.587,125
stdmap_r1,match,1000,0.588,125
stdmap_r1,match,1000,0.589,125
stdmap_r1,match,1000,0.59,125
stdmap_r1,match,1000,0.591,125
stdmap_r1,match,1000,0.592,125
stdmap_r1,match,1000,0.593,125
stdmap_r1,match,1000,0.594,125
stdmap_r1,match,1000,0.595,125
stdmap_r1,match,1000,0.596,125
stdmap_r1,match,1000,0.597,125
stdmap_r1,match,1000,0.598,125
stdmap_r1,match,1000,0.599,125
stdmap_r1,match,1000,0.6,125
stdmap_r1,match,1000,0.601,125
stdmap_r1,match,1000,0.602,125
stdmap_r1,match,1000,0.603,125
stdmap_r1,match,1000,0.604,125
stdmap_r1,match,1000,0.605,125
stdmap_r1,match,1000,0.606,125
stdmap_r1,match,1000,0.607,125
stdmap_r1,match,1000,0.608,125
stdmap_r1,match,1000,0.609,125
stdmap_r1,match,1000,0.61,125
stdmap_r1,match,1000,0.611,125
stdmap_r1,match,1000,0.612,125
stdmap_r1,match,1000,0.613,125
stdmap_r1,match,1000,0.614,125
stdmap_r1,match,1000,0.615,125
stdmap_r1,match,1000,0.616,125
stdmap_r1,match,1000,0.617,125
stdmap_r1,match,1000,0.618,125
stdmap_r1,match,1000,0.619,125
stdmap_r1,match,1000,0.62,125
stdmap_r1,match,1000,0.621,125
stdmap_r1,match,1000,0.622,125
stdmap_r1,match,1000,0.623,125
stdmap_r1,match,1000,0.624,125
stdmap_r1,match,1000,0.625,125
stdmap_r1,match,1000,0.626,125
stdmap_r1,match,1000,0.627,125
stdmap_r1,match,1000,0.628,125
stdmap_r1,match,1000,0.629,125
stdmap_r1,match,1000,0.63,125
stdmap_r1,match,1000,0.631,125
stdmap_r1,match,1000,0.632,125
stdmap_r1,match,1000,0.633,125
stdmap_r1,match,1000,0.634,125
stdmap_r1,match,1000,0.635,125
stdmap_r1,match,1000,0.636,125
stdmap_r1,match,1000,0.637,125
stdmap_r1,match,1000,0.638,125
stdmap_r1,match,1000,0.639,125
stdmap_r1,match,1000,0.64,125
stdmap_r1,match,1000,0.641,125
stdmap_r1,match,1000,0.642,125
stdmap_r1,match,1000,0.643,125
stdmap_r1,match,1000,0.644,125
stdmap_r1,match,1000,0.645,125
stdmap_r1,match,1000,0.646,125
stdmap_r1,match,1000,0.647,125
stdmap_r1,match,1000,0.648,125
stdmap_r1,match,1000,0.649,125
stdmap_r1,match,1000,0.65,125
stdmap_r1,match,1000,0.651,125
stdmap_r1,match,1000,0.652,125
stdmap_r1,match,1000,0.653,125
stdmap_r1,match,1000,0.654,125
stdmap_r1,match,1000,0.655,125
stdmap_r1,match,1000,0.656,125
stdmap_r1,match,1000,0.657,125
stdmap_r1,match,1000,0.658,125
stdmap_r1,match,1000,0.659,125
stdmap_r1,match,1000,0.66,125
stdmap_r1,match,1000,0.661,125
stdmap_r1,match,1000,0.662,125
stdmap_r1,match,1000,0.663,125
stdmap_r1,match,1000,0.664,125
stdmap_r1,match,1000,0.665,125
stdmap_r1,match,1000,0.666,125
stdmap_r1,match,1000,0.667,125
stdmap_r1,match,1000,0.668,125
stdmap_r1,match,1000,0.669,125
stdmap_r1,match,1000,0.67,125
stdmap_r1,match,1000,0.671,125
stdmap_r1,match,1000,0.672,125
stdmap_r1,match,1000,0.673,125
stdmap_r1,match,1000,0.674,125
stdmap_r1,match,1000,0.675,125
stdmap_r1,match,1000,0.676,125
stdmap_r1,match,1000,0.677,125
stdmap_r1,match,1000,0.678,125
stdmap_r1,match,1000,0.679,125
stdmap_r1,match,1000,0.68,125
stdmap_r1,match,1000,0.681,125
stdmap_r1,match,1000,0.682,125
stdmap_r1,match,1000,0.683,125
stdmap_r1,match,1000,0.684,125
stdmap_r1,match,1000,0.685,125
stdmap_r1,match,1000,0.686,125
stdmap_r1,match,1000,0.687,125
stdmap_r1,match,1000,0.688,125
stdmap_r1,match,1000,0.689,125
stdmap_r1,match,1000,0.69,125
stdmap_r1,match,1000,0.691,125
stdmap_r1,match,1000,0.692,125
stdmap_r1,match,1000,0.693,125
stdmap_r1,match,1000,0.694,125
stdmap_r1,match,1000,0.695,125
stdmap_r1,match,1000,0.696,125
stdmap_r1,match,1000,0.697,125
stdmap_r1,match,1000,0.698,125
stdmap_r1,match,1000,0.699,125
stdmap_r1,match,1000,0.7,125
stdmap_r1,match,1000,0.701,125
stdmap_r1,match,1000,0.702,125
stdmap_r1,match,1000,0.703,125
stdmap_r1,match,1000,0.704,125
stdmap_r1,match,1000,0.705,125
stdmap_r1,match,1000,0.706,125
stdmap_r1,match,1000,0.707,125
stdmap_r1,match,1000,0.708,125
stdmap_r1,match,1000,0.709,125
stdmap_r1,match,1000,0.71,125
stdmap_r1,match,1000,0.711,125
stdmap_r1,match,1000,0.712,125
stdmap_r1,match,1000,0.713,125
stdmap_r1,match,1000,0.714,125
stdmap_r1,match,1000,0.715,125
stdmap_r1,match,1000,0.716,125
stdmap_r1,match,1000,0.717,125
stdmap_r1,match,1000,0.718,125
stdmap_r1,match,1000,0.719,125
stdmap_r1,match,1000,0.72,125
stdmap_r1,match,1000,0.721,125
stdmap_r1,match,1000,0.722,125
stdmap_r1,match,1000,0.723,125
stdmap_r1,match,1000,0.724,125
stdmap_r1,match,1000,0.725,125
stdmap_r1,match,1000,0.726,125
stdmap_r1,match,1000,0.727,125
stdmap_r1,match,1000,0.728,125
stdmap_r1,match,1000,0.729,125
stdmap_r1,match,1000,0.73,125
stdmap_r1,match,1000,0.731,125
stdmap_r1,match,1000,0.732,125
stdmap_r1,match,1000,0.733,125
stdmap_r1,match,1000,0.734,125
stdmap_r1,match,1000,0.735,125
stdmap_r1,match,1000,0.736,125
stdmap_r1,match,1000,0.737,125
stdmap_r1,match,1000,0.738,125
stdmap_r1,match,1000,0.739,125
stdmap_r1,match,1000,0.74,125
stdmap_r1,match,1000,0.741,125
stdmap_r1,match,1000,0.742,125
stdmap_r1,match,1000,0.743,125
stdmap_r1,match,1000,0.744,125
stdmap_r1,match,1000,0.745,125
stdmap_r1,match,1000,0.746,125
stdmap_r1,match,1000,0.747,125
stdmap_r1,match,1000,0.748,125
stdmap_r1,match,1000,0.749,125
stdmap_r1,match,1000,0.75,125
stdmap_r1,match,1000,0.751,125
stdmap_r1,match,1000,0.752,125
stdmap_r1,match,1000,0.753,125
stdmap_r1,match,1000,0.754,125
stdmap_r1,match,1000,0.755,125
stdmap_r1,match,1000,0.756,125
stdmap_r1,match,1000,0.757,125
stdmap_r1,match,1000,0.758,125
stdmap_r1,match,1000,0.759,125
stdmap_r1,match,1000,0.76,125
stdmap_r1,match,1000,0.761,125
stdmap_r1,match,1000,0.762,125
stdmap_r1,match,1000,0.763,125
stdmap_r1,match,1000,0.764,125
stdmap_r1,match,1000,0.765,125
stdmap_r1,match,1000,0.766,125
stdmap_r1,match,1000,0.767,125
stdmap_r1,match,1000,0.768,125
stdmap_r1,match,1000,0.769,125
stdmap_r1,match,1000,0.77,125
stdmap_r1,match,1000,0.771,125
stdmap_r1,match,1000,0.772,125
stdmap_r1,match,1000,0.773,125
stdmap_r1,match,1000,0.774,125
stdmap_r1,match,1000,0.775,125
stdmap_r1,match,1000,0.776,125
stdmap_r1,match,1000,0.777,125
stdmap_r1,match,1000,0.778,125
stdmap_r1,match,1000,0.779,125
stdmap_r1,match,1000,0.78,125
stdmap_r1,match,1000,0.781,125
stdmap_r1,match,1000,0.782,125
stdmap_r1,match,1000,0.783,125
stdmap_r1,match,1000,0.784,125
stdmap_r1,match,1000,0.785,125
stdmap_r1,match,1000,0.786,125
stdmap_r1,match,1000,0.787,125
stdmap_r1,match,1000,0.788,125
stdmap_r1,match,1000,0.789,125
stdmap_r1,match,1000,0.79,125
stdmap_r1,match,1000,0.791,125
stdmap_r1,match,1000,0.792,125
stdmap_r1,match,1000,0.793,125
stdmap_r1,match,1000,0.794,125
stdmap_r1,match,1000,0.795,125
stdmap_r1,match,1000,0.796,125
stdmap_r1,match,1000,0.797,125
stdmap_r1,match,1000,0.798,125
stdmap_r1,match,1000,0.799,125
stdmap_r1,match,1000,0.8,125
stdmap_r1,match,1000,0.801,125
stdmap_r1,match,1000,0.802,125
stdmap_r1,match,1000,0.803,125
stdmap_r1,match,1000,0.804,125
stdmap_r1,match,1000,0.805,125
stdmap_r1,match,1000,0.806,125
stdmap_r1,match,1000,0.807,125
stdmap_r1,match,1000,0.808,125
stdmap_r1,match,1000,0.809,125
stdmap_r1,match,1000,0.81,125
stdmap_r1,match,1000,0.811,125
stdmap_r1,match,1000,0.812,125
stdmap_r1,match,1000,0.813,125
stdmap_r1,match,1000,0.814,125
stdmap_r1,match,1000,0.815,125
stdmap_r1,match,1000,0.816,125
stdmap_r1,match,1000,0.817,125
stdmap_r1,match,1000,0.818,125
stdmap_r1,match,1000,0.819,125
stdmap_r1,match,1000,0.82,125
stdmap_r1,match,1000,0.821,125
stdmap_r1,match,1000,0.822,125
stdmap_r1,match,1000,0.823,125
stdmap_r1,match,1000,0.824,125
stdmap_r1,match,1000,0.825,125
stdmap_r1,match,1000,0.826,125
stdmap_r1,match,1000,0.827,125
stdmap_r1,match,1000,0.828,125
stdmap_r1,match,1000,0.829,125
stdmap_r1,match,1000,0.83,125
stdmap_r1,match,1000,0.831,125
stdmap_r1,match,1000,0.832,125
stdmap_r1,match,1000,0.833,125
stdmap_r1,match,1000,0.834,125
stdmap_r1,match,1000,0.835,125
stdmap_r1,match,1000,0.836,125
stdmap_r1,match,1000,0.837,125
stdmap_r1,match,1000,0.838,125
stdmap_r1,match,1000,0.839,125
stdmap_r1,match,1000,0.84,125
stdmap_r1,match,1000,0.841,125
stdmap_r1,match,1000,0.842,125
stdmap_r1,match,1000,0.843,125
stdmap_r1,match,1000,0.844,125
stdmap_r1,match,1000,0.845,125
stdmap_r1,match,1000,0.846,125
stdmap_r1,match,1000,0.847,125
stdmap_r1,match,1000,0.848,125
stdmap_r1,match,1000,0.849,125
stdmap_r1,match,1000,0.85,125
stdmap_r1,match,1000,0.851,125
stdmap_r1,match,1000,0.852,125
stdmap_r1,match,1000,0.853,125
stdmap_r1,match,1000,0.854,125
stdmap_r1,match,1000,0.855,125
stdmap_r1,match,1000,0.856,125
stdmap_r1,match,1000,0.857,125
stdmap_r1,match,1000,0.858,125
stdmap_r1,match,1000,0.859,125
stdmap_r1,match,1000,0.86,125
stdmap_r1,match,1000,0.861,125
stdmap_r1,match,1000,0.862,125
stdmap_r1,match,1000,0.863,125
stdmap_r1,match,1000,0.864,125
stdmap_r1,match,1000,0.865,125
stdmap_r1,match,1000,0.866,125
stdmap_r1,match,1000,0.867,125
stdmap_r1,match,1000,0.868,125
stdmap_r1,match,1000,0.869,125
stdmap_r1,match,1000,0.87,125
stdmap_r1,match,1000,0.871,125
stdmap_r1,match,1000,0.872,125
stdmap_r1,match,1000,0.873,125
stdmap_r1,match,1000,0.874,125
stdmap_r1,match,1000,0.875,125
stdmap_r1,match,1000,0.876,125
stdmap_r1,match,1000,0.877,125
stdmap_r1,match,1000,0.878,125
stdmap_r1,match,1000,0.879,125
stdmap_r1,match,1000,0.88,125
stdmap_r1,match,1000,0.881,125
stdmap_r1,match,1000,0.882,125
stdmap_r1,match,1000,0.883,125
stdmap_r1,match,1000,0.884,125
stdmap_r1,match,1000,0.885,125
stdmap_r1,match,1000,0.886,125
stdmap_r1,match,1000,0.887,125
stdmap_r1,match,1000,0.888,125
stdmap_r1,match,1000,0.889,125
stdmap_r1,match,1000,0.89,125
stdmap_r1,match,1000,0.891,125
stdmap_r1,match,1000,0.892,125
stdmap_r1,match,1000,0.893,125
stdmap_r1,match,1000,0.894,125
stdmap_r1,match,1000,0.895,125
stdmap_r1,match,1000,0.896,125
stdmap_r1,match,1000,0.897,125
stdmap_r1,match,1000,0.898,125
stdmap_r1,match,1000,0.899,125
stdmap_r1,match,1000,0.9,125
stdmap_r1,match,1000,0.901,125
stdmap_r1,match,1000,0.902,125
stdmap_r1,match,1000,0.903,125
stdmap_r1,match,1000,0.904,125
stdmap_r1,match,1000,0.905,125
stdmap_r1,match,1000,0.906,125
stdmap_r1,match,1000,0.907,125
stdmap_r1,match,1000,0.908,125
stdmap_r1,match,1000,0.909,125
stdmap_r1,match,1000,0.91,125
stdmap_r1,match,1000,0.911,125
stdmap_r1,match,1000,0.912,125
stdmap_r1,match,1000,0.913,125
stdmap_r1,match,1000,0.914,125
stdmap_r1,match,1000,0.915,125
stdmap_r1,match,1000,0.916,125
stdmap_r1,match,1000,0.917,125
stdmap_r1,match,1000,0.918,125
stdmap_r1,match,1000,0.919,125
stdmap_r1,match,1000,0.92,125
stdmap_r1,match,1000,0.921,125
stdmap_r1,match,1000,0.922,125
stdmap_r1,match,1000,0.923,166
stdmap_r1,match,1000,0.924,166
stdmap_r1,match,1000,0.925,166
stdmap_r1,match,1000,0.926,166
stdmap_r1,match,1000,0.927,166
stdmap_r1,match,1000,0.928,166
stdmap_r1,match,1000,0.929,166
stdmap_r1,match,1000,0.93,166
stdmap_r1,match,1000,0.931,166
stdmap_r1,match,1000,0.932,166
stdmap_r1,match,1000,0.933,166
stdmap_r1,match,1000,0.934,166
stdmap_r1,match,1000,0.935,166
stdmap_r1,match,1000,0.936,167
stdmap_r1,match,1000,0.937,167
stdmap_r1,match,1000,0.938,167
stdmap_r1,match,1000,0.939,167
stdmap_r1,match,1000,0.94,167
stdmap_r1,match,1000,0.941,167
stdmap_r1,match,1000,0.942,167
stdmap_r1,match,1000,0.943,167
stdmap_r1,match,1000,0.944,167
stdmap_r1,match,1000,0.945,167
stdmap_r1,match,1000,0.946,167
stdmap_r1,match,1000,0.947,167
stdmap_r1,match,1000,0.948,167
stdmap_r1,match,1000,0.949,167
stdmap_r1,match,1000,0.95,167
stdmap_r1,match,1000,0.951,167
stdmap_r1,match,1000,0.952,167
stdmap_r1,match,1000,0.953,167
stdmap_r1,match,1000,0.954,167
stdmap_r1,match,1000,0.955,167
stdmap_r1,match,1000,0.956,167
stdmap_r1,match,1000,0.957,167
stdmap_r1,match,1000,0.958,167
stdmap_r1,match,1000,0.959,167
stdmap_r1,match,1000,0.96,167
stdmap_r1,match,1000,0.961,208
stdmap_r1,match,1000,0.962,208
stdmap_r1,match,1000,0.963,208
stdmap_r1,match,1000,0.964,208
stdmap_r1,match,1000,0.965,208
stdmap_r1,match,1000,0.966,208
stdmap_r1,match,1000,0.967,208
stdmap_r1,match,1000,0.968,208
stdmap_r1,match,1000,0.969,208
stdmap_r1,match,1000,0.97,208
stdmap_r1,match,1000,0.971,208
stdmap_r1,match,1000,0.972,208
stdmap_r1,match,1000,0.973,209
stdmap_r1,match,1000,0.974,209
stdmap_r1,match,1000,0.975,209
stdmap_r1,match,1000,0.976,209
stdmap_r1,match,1000,0.977,209
stdmap_r1,match,1000,0.978,209
stdmap_r1,match,1000,0.979,250
stdmap_r1,match,1000,0.98,250
stdmap_r1,match,1000,0.981,250
stdmap_r1,match,1000,0.982,250
stdmap_r1,match,1000,0.983,250
stdmap_r1,match,1000,0.984,250
stdmap_r1,match,1000,0.985,250
stdmap_r1,match,1000,0.986,250
stdmap_r1,match,1000,0.987,291
stdmap_r1,match,1000,0.988,292
stdmap_r1,match,1000,0.989,292
stdmap_r1,match,1000,0.99,292
stdmap_r1,match,1000,0.991,333
stdmap_r1,match,1000,0.992,333
stdmap_r1,match,1000,0.993,334
stdmap_r1,match,1000,0.994,375
stdmap_r1,match,1000,0.995,375
stdmap_r1,match,1000,0.996,417
stdmap_r1,match,1000,0.997,500
stdmap_r1,match,1000,0.998,583
stdmap_r1,match,1000,0.999,792
stdmap_r1,add,10000,0,41
stdmap_r1,add,10000,0.001,42
stdmap_r1,add,10000,0.002,83
stdmap_r1,add,10000,0.003,83
stdmap_r1,add,10000,0.004,83
stdmap_r1,add,10000,0.005,83
stdmap_r1,add,10000,0.006,83
stdmap_r1,add,10000,0.007,83
stdmap_r1,add,10000,0.008,83
stdmap_r1,add,10000,0.009,83
stdmap_r1,add,10000,0.01,83
stdmap_r1,add,10000,0.011,83
stdmap_r1,add,10000,0.012,83
stdmap_r1,add,10000,0.013,83
stdmap_r1,add,10000,0.014,83
stdmap_r1,add,10000,0.015,83
stdmap_r1,add,10000,0.016,83
stdmap_r1,add,10000,0.017,83
stdmap_r1,add,10000,0.018,83
stdmap_r1,add,10000,0.019,84
stdmap_r1,add,10000,0.02,84
stdmap_r1,add,10000,0.021,84
stdmap_r1,add,10000,0.022,84
stdmap_r1,add,10000,0.023,84
stdmap_r1,add,10000,0.024,84
stdmap_r1,add,10000,0.025,84
stdmap_r1,add,10000,0.026,84
stdmap_r1,add,10000,0.027,125
stdmap_r1,add,10000,0.028,125
stdmap_r1,add,10000,0.029,125
stdmap_r1,add,10000,0.03,125
stdmap_r1,add,10000,0.031,125
stdmap_r1,add,10000,0.032,125
stdmap_r1,add,10000,0.033,125
stdmap_r1,add,10000,0.034,125
stdmap_r1,add,10000,0.035,125
stdmap_r1,add,10000,0.036,125
stdmap_r1,add,10000,0.037,125
stdmap_r1,add,10000,0.038,125
stdmap_r1,add,10000,0.039,125
stdmap_r1,add,10000,0.04,125
stdmap_r1,add,10000,0.041,125
stdmap_r1,add,10000,0.042,125
stdmap_r1,add,10000,0.043,125
stdmap_r1,add,10000,0.044,125
stdmap_r1,add,10000,0.045,125
stdmap_r1,add,10000,0.046,125
stdmap_r1,add,10000,0.047,125
stdmap_r1,add,10000,0.048,125
stdmap_r1,add,10000,0.049,125
stdmap_r1,add,10000,0.05,125
stdmap_r1,add,10000,0.051,125
stdmap_r1,add,10000,0.052,125
stdmap_r1,add,10000,0.053,125
stdmap_r1,add,10000,0.054,125
stdmap_r1,add,10000,0.055,125
stdmap_r1,add,10000,0.056,125
stdmap_r1,add,10000,0.057,125
stdmap_r1,add,10000,0.058,125
stdmap_r1,add,10000,0.059,125
stdmap_r1,add,10000,0.06,125
stdmap_r1,add,10000,0.061,125
stdmap_r1,add,10000,0.062,125
stdmap_r1,add,10000,0.063,125
stdmap_r1,add,10000,0.064,125
stdmap_r1,add,10000,0.065,125
stdmap_r1,add,10000,0.066,125
stdmap_r1,add,10000,0.067,125
stdmap_r1,add,10000,0.068,125
stdmap_r1,add,10000,0.069,125
stdmap_r1,add,10000,0.07,125
stdmap_r1,add,10000,0.071,125
stdmap_r1,add,10000,0.072,125
stdmap_r1,add,10000,0.073,125
stdmap_r1,add,10000,0.074,125
stdmap_r1,add,10000,0.075,125
stdmap_r1,add,10000,0.076,125
stdmap_r1,add,10000,0.077,125
stdmap_r1,add,10000,0.078,125
stdmap_r1,add,10000,0.079,125
stdmap_r1,add,10000,0.08,125
stdmap_r1,add,10000,0.081,125
stdmap_r1,add,10000,0.082,125
stdmap_r1,add,10000,0.083,125
stdmap_r1,add,10000,0.084,125
stdmap_r1,add,10000,0.085,125
stdmap_r1,add,10000,0.086,125
stdmap_r1,add,10000,0.087,125
stdmap_r1,add,10000,0.088,125
stdmap_r1,add,10000,0.089,125
stdmap_r1,add,10000,0.09,125
stdmap_r1,add,10000,0.091,125
stdmap_r1,add,10000,0.092,125
stdmap_r1,add,10000,0.093,125
stdmap_r1,add,10000,0.094,125
stdmap_r1,add,10000,0.095,125
stdmap_r1,add,10000,0.096,125
stdmap_r1,add,10000,0.097,125
stdmap_r1,add,10000,0.098,125
stdmap_r1,add,10000,0.099,125
stdmap_r1,add,10000,0.1,125
stdmap_r1,add,10000,0.101,125
stdmap_r1,add,10000,0.102,125
stdmap_r1,add,10000,0.103,125
stdmap_r1,add,10000,0.104,125
stdmap_r1,add,10000,0.105,125
stdmap_r1,add,10000,0.106,125
stdmap_r1,add,10000,0.107,125
stdmap_r1,add,10000,0.108,125
stdmap_r1,add,10000,0.109,125
stdmap_r1,add,10000,0.11,125
stdmap_r1,add,10000,0.111,125
stdmap_r1,add,10000,0.112,125
stdmap_r1,add,10000,0.113,125
stdmap_r1,add,10000,0.114,125
stdmap_r1,add,10000,0.115,125
stdmap_r1,add,10000,0.116,125
stdmap_r1,add,10000,0.117,125
stdmap_r1,add,10000,0.118,125
stdmap_r1,add,10000,0.119,125
stdmap_r1,add,10000,0.12,125
stdmap_r1,add,10000,0.121,125
stdmap_r1,add,10000,0.122,125
stdmap_r1,add,10000,0.123,125
stdmap_r1,add,10000,0.124,125
stdmap_r1,add,10000,0.125,125
stdmap_r1,add,10000,0.126,125
stdmap_r1,add,10000,0.127,125
stdmap_r1,add,10000,0.128,125
stdmap_r1,add,10000,0.129,125
stdmap_r1,add,10000,0.13,125
stdmap_r1,add,10000,0.131,125
stdmap_r1,add,10000,0.132,125
stdmap_r1,add,10000,0.133,125
stdmap_r1,add,10000,0.134,125
stdmap_r1,add,10000,0.135,125
stdmap_r1,add,10000,0.136,125
stdmap_r1,add,10000,0.137,125
stdmap_r1,add,10000,0.138,125
stdmap_r1,add,10000,0.139,125
stdmap_r1,add,10000,0.14,125
stdmap_r1,add,10000,0.141,125
stdmap_r1,add,10000,0.142,125
stdmap_r1,add,10000,0.143,125
stdmap_r1,add,10000,0.144,125
stdmap_r1,add,10000,0.145,125
stdmap_r1,add,10000,0.146,125
stdmap_r1,add,10000,0.147,125
stdmap_r1,add,10000,0.148,125
stdmap_r1,add,10000,0.149,125
stdmap_r1,add,10000,0.15,125
stdmap_r1,add,10000,0.151,125
stdmap_r1,add,10000,0.152,125
stdmap_r1,add,10000,0.153,125
stdmap_r1,add,10000,0.154,125
stdmap_r1,add,10000,0.155,125
stdmap_r1,add,10000,0.156,125
stdmap_r1,add,10000,0.157,125
stdmap_r1,add,10000,0.158,125
stdmap_r1,add,10000,0.159,125
stdmap_r1,add,10000,0.16,125
stdmap_r1,add,10000,0.161,125
stdmap_r1,add,10000,0.162,125
stdmap_r1,add,10000,0.163,125
stdmap_r1,add,10000,0.164,125
stdmap_r1,add,10000,0.165,125
stdmap_r1,add,10000,0.166,125
stdmap_r1,add,10000,0.167,125
stdmap_r1,add,10000,0.168,125
stdmap_r1,add,10000,0.169,125
stdmap_r1,add,10000,0.17,125
stdmap_r1,add,10000,0.171,125
stdmap_r1,add,10000,0.172,125
stdmap_r1,add,10000,0.173,125
stdmap_r1,add,10000,0.174,125
stdmap_r1,add,10000,0.175,125
stdmap_r1,add,10000,0.176,125
stdmap_r1,add,10000,0.177,125
stdmap_r1,add,10000,0.178,125
stdmap_r1,add,10000,0.179,125
stdmap_r1,add,10000,0.18,125
stdmap_r1,add,10000,0.181,125
stdmap_r1,add,10000,0.182,125
stdmap_r1,add,10000,0.183,125
stdmap_r1,add,10000,0.184,125
stdmap_r1,add,10000,0.185,125
stdmap_r1,add,10000,0.186,125
stdmap_r1,add,10000,0.187,125
stdmap_r1,add,10000,0.188,125
stdmap_r1,add,10000,0.189,125
stdmap_r1,add,10000,0.19,125
stdmap_r1,add,10000,0.191,125
stdmap_r1,add,10000,0.192,125
stdmap_r1,add,10000,0.193,125
stdmap_r1,add,10000,0.194,125
stdmap_r1,add,10000,0.195,125
stdmap_r1,add,10000,0.196,125
stdmap_r1,add,10000,0.197,125
stdmap_r1,add,10000,0.198,125
stdmap_r1,add,10000,0.199,125
stdmap_r1,add,10000,0.2,125
stdmap_r1,add,10000,0.201,125
stdmap_r1,add,10000,0.202,125
stdmap_r1,add,10000,0.203,125
stdmap_r1,add,10000,0.204,125
stdmap_r1,add,10000,0.205,125
stdmap_r1,add,10000,0.206,125
stdmap_r1,add,10000,0.207,166
stdmap_r1,add,10000,0.208,166
stdmap_r1,add,10000,0.209,166
stdmap_r1,add,10000,0.21,166
stdmap_r1,add,10000,0.211,166
stdmap_r1,add,10000,0.212,166
stdmap_r1,add,10000,0.213,166
stdmap_r1,add,10000,0.214,166
stdmap_r1,add,10000,0.215,166
stdmap_r1,add,10000,0.216,166
stdmap_r1,add,10000,0.217,166
stdmap_r1,add,10000,0.218,166
stdmap_r1,add,10000,0.219,166
stdmap_r1,add,10000,0.22,166
stdmap_r1,add,10000,0.221,166
stdmap_r1,add,10000,0.222,166
stdmap_r1,add,10000,0.223,166
stdmap_r1,add,10000,0.224,166
stdmap_r1,add,10000,0.225,166
stdmap_r1,add,10000,0.226,166
stdmap_r1,add,10000,0.227,166
stdmap_r1,add,10000,0.228,166
stdmap_r1,add,10000,0.229,166
stdmap_r1,add,10000,0.23,166
stdmap_r1,add,10000,0.231,166
stdmap_r1,add,10000,0.232,166
stdmap_r1,add,10000,0.233,166
stdmap_r1,add,10000,0.234,166
stdmap_r1,add,10000,0.235,166
stdmap_r1,add,10000,0.236,166
stdmap_r1,add,10000,0.237,166
stdmap_r1,add,10000,0.238,166
stdmap_r1,add,10000,0.239,166
stdmap_r1,add,10000,0.24,166
stdmap_r1,add,10000,0.241,166
stdmap_r1,add,10000,0.242,166
stdmap_r1,add,10000,0.243,166
stdmap_r1,add,10000,0.244,166
stdmap_r1,add,10000,0.245,166
stdmap_r1,add,10000,0.246,166
stdmap_r1,add,10000,0.247,166
stdmap_r1,add,10000,0.248,166
stdmap_r1,add,10000,0.249,166
stdmap_r1,add,10000,0.25,166
stdmap_r1,add,10000,0.251,166
stdmap_r1,add,10000,0.252,166
stdmap_r1,add,10000,0.253,166
stdmap_r1,add,10000,0.254,166
stdmap_r1,add,10000,0.255,166
stdmap_r1,add,10000,0.256,166
stdmap_r1,add,10000,0.257,166
stdmap_r1,add,10000,0.258,166
stdmap_r1,add,10000,0.259,166
stdmap_r1,add,10000,0.26,166
stdmap_r1,add,10000,0.261,166
stdmap_r1,add,10000,0.262,166
stdmap_r1,add,10000,0.263,166
stdmap_r1,add,10000,0.264,166
stdmap_r1,add,10000,0.265,166
stdmap_r1,add,10000,0.266,166
stdmap_r1,add,10000,0.267,166
stdmap_r1,add,10000,0.268,166
stdmap_r1,add,10000,0.269,166
stdmap_r1,add,10000,0.27,166
stdmap_r1,add,10000,0.271,166
stdmap_r1,add,10000,0.272,166
stdmap_r1,add,10000,0.273,166
stdmap_r1,add,10000,0.274,166
stdmap_r1,add,10000,0.275,166
stdmap_r1,add,10000,0.276,166
stdmap_r1,add,10000,0.277,166
stdmap_r1,add,10000,0.278,166
stdmap_r1,add,10000,0.279,166
stdmap_r1,add,10000,0.28,166
stdmap_r1,add,10000,0.281,166
stdmap_r1,add,10000,0.282,166
stdmap_r1,add,10000,0.283,166
stdmap_r1,add,10000,0.284,166
stdmap_r1,add,10000,0.285,166
stdmap_r1,add,10000,0.286,166
stdmap_r1,add,10000,0.287,166
stdmap_r1,add,10000,0.288,166
stdmap_r1,add,10000,0.289,166
stdmap_r1,add,10000,0.29,166
stdmap_r1,add,10000,0.291,166
stdmap_r1,add,10000,0.292,166
stdmap_r1,add,10000,0.293,166
stdmap_r1,add,10000,0.294,166
stdmap_r1,add,10000,0.295,166
stdmap_r1,add,10000,0.296,166
stdmap_r1,add,10000,0.297,166
stdmap_r1,add,10000,0.298,166
stdmap_r1,add,10000,0.299,166
stdmap_r1,add,10000,0.3,166
stdmap_r1,add,10000,0.301,166
stdmap_r1,add,10000,0.302,166
stdmap_r1,add,10000,0.303,166
stdmap_r1,add,10000,0.304,166
stdmap_r1,add,10000,0.305,166
stdmap_r1,add,10000,0.306,166
stdmap_r1,add,10000,0.307,166
stdmap_r1,add,10000,0.308,166
stdmap_r1,add,10000,0.309,166
stdmap_r1,add,10000,0.31,166
stdmap_r1,add,10000,0.311,166
stdmap_r1,add,10000,0.312,166
stdmap_r1,add,10000,0.313,166
stdmap_r1,add,10000,0.314,166
stdmap_r1,add,10000,0.315,166
stdmap_r1,add,10000,0.316,166
stdmap_r1,add,10000,0.317,166
stdmap_r1,add,10000,0.318,166
stdmap_r1,add,10000,0.319,166
stdmap_r1,add,10000,0.32,166
stdmap_r1,add,10000,0.321,166
stdmap_r1,add,10000,0.322,166
stdmap_r1,add,10000,0.323,166
stdmap_r1,add,10000,0.324,166
stdmap_r1,add,10000,0.325,166
stdmap_r1,add,10000,0.326,166
stdmap_r1,add,10000,0.327,166
stdmap_r1,add,10000,0.328,166
stdmap_r1,add,10000,0.329,166
stdmap_r1,add,10000,0.33,166
stdmap_r1,add,10000,0.331,166
stdmap_r1,add,10000,0.332,166
stdmap_r1,add,10000,0.333,166
stdmap_r1,add,10000,0.334,166
stdmap_r1,add,10000,0.335,166
stdmap_r1,add,10000,0.336,166
stdmap_r1,add,10000,0.337,166
stdmap_r1,add,10000,0.338,166
stdmap_r1,add,10000,0.339,166
stdmap_r1,add,10000,0.34,166
stdmap_r1,add,10000,0.341,167
stdmap_r1,add,10000,0.342,167
stdmap_r1,add,10000,0.343,167
stdmap_r1,add,10000,0.344,167
stdmap_r1,add,10000,0.345,167
stdmap_r1,add,10000,0.346,167
stdmap_r1,add,10000,0.347,167
stdmap_r1,add,10000,0.348,167
stdmap_r1,add,10000,0.349,167
stdmap_r1,add,10000,0.35,167
stdmap_r1,add,10000,0.351,167
stdmap_r1,add,10000,0.352,167
stdmap_r1,add,10000,0.353,167
stdmap_r1,add,10000,0.354,167
stdmap_r1,add,10000,0.355,167
stdmap_r1,add,10000,0.356,167
stdmap_r1,add,10000,0.357,167
stdmap_r1,add,10000,0.358,167
stdmap_r1,add,10000,0.359,167
stdmap_r1,add,10000,0.36,167
stdmap_r1,add,10000,0.361,167
stdmap_r1,add,10000,0.362,167
stdmap_r1,add,10000,0.363,167
stdmap_r1,add,10000,0.364,167
stdmap_r1,add,10000,0.365,167
stdmap_r1,add,10000,0.366,167
stdmap_r1,add,10000,0.367,167
stdmap_r1,add,10000,0.368,167
stdmap_r1,add,10000,0.369,167
stdmap_r1,add,10000,0.37,167
stdmap_r1,add,10000,0.371,167
stdmap_r1,add,10000,0.372,167
stdmap_r1,add,10000,0.373,167
stdmap_r1,add,10000,0.374,167
stdmap_r1,add,10000,0.375,167
stdmap_r1,add,10000,0.376,167
stdmap_r1,add,10000,0.377,167
stdmap_r1,add,10000,0.378,167
stdmap_r1,add,10000,0.379,167
stdmap_r1,add,10000,0.38,167
stdmap_r1,add,10000,0.381,167
stdmap_r1,add,10000,0.382,167
stdmap_r1,add,10000,0.383,167
stdmap_r1,add,10000,0.384,167
stdmap_r1,add,10000,0.385,167
stdmap_r1,add,10000,0.386,167
stdmap_r1,add,10000,0.387,167
stdmap_r1,add,10000,0.388,167
stdmap_r1,add,10000,0.389,167
stdmap_r1,add,10000,0.39,167
stdmap_r1,add,10000,0.391,167
stdmap_r1,add,10000,0.392,167
stdmap_r1,add,10000,0.393,167
stdmap_r1,add,10000,0.394,167
stdmap_r1,add,10000,0.395,167
stdmap_r1,add,10000,0.396,167
stdmap_r1,add,10000,0.397,167
stdmap_r1,add,10000,0.398,167
stdmap_r1,add,10000,0.399,167
stdmap_r1,add,10000,0.4,167
stdmap_r1,add,10000,0.401,167
stdmap_r1,add,10000,0.402,167
stdmap_r1,add,10000,0.403,167
stdmap_r1,add,10000,0.404,167
stdmap_r1,add,10000,0.405,167
stdmap_r1,add,10000,0.406,167
stdmap_r1,add,10000,0.407,167
stdmap_r1,add,10000,0.408,167
stdmap_r1,add,10000,0.409,167
stdmap_r1,add,10000,0.41,167
stdmap_r1,add,10000,0.411,167
stdmap_r1,add,10000,0.412,167
stdmap_r1,add,10000,0.413,167
stdmap_r1,add,10000,0.414,167
stdmap_r1,add,10000,0.415,167
stdmap_r1,add,10000,0.416,167
stdmap_r1,add,10000,0.417,167
stdmap_r1,add,10000,0.418,167
stdmap_r1,add,10000,0.419,167
stdmap_r1,add,10000,0.42,167
stdmap_r1,add,10000,0.421,167
stdmap_r1,add,10000,0.422,167
stdmap_r1,add,10000,0.423,167
stdmap_r1,add,10000,0.424,167
stdmap_r1,add,10000,0.425,167
stdmap_r1,add,10000,0.426,167
stdmap_r1,add,10000,0.427,167
stdmap_r1,add,10000,0.428,167
stdmap_r1,add,10000,0.429,167
stdmap_r1,add,10000,0.43,167
stdmap_r1,add,10000,0.431,167
stdmap_r1,add,10000,0.432,167
stdmap_r1,add,10000,0.433,167
stdmap_r1,add,10000,0.434,167
stdmap_r1,add,10000,0.435,167
stdmap_r1,add,10000,0.436,167
stdmap_r1,add,10000,0.437,167
stdmap_r1,add,10000,0.438,167
stdmap_r1,add,10000,0.439,167
stdmap_r1,add,10000,0.44,167
stdmap_r1,add,10000,0.441,167
stdmap_r1,add,10000,0.442,167
stdmap_r1,add,10000,0.443,167
stdmap_r1,add,10000,0.444,167
stdmap_r1,add,10000,0.445,167
stdmap_r1,add,10000,0.446,167
stdmap_r1,add,10000,0.447,167
stdmap_r1,add,10000,0.448,167
stdmap_r1,add,10000,0.449,167
stdmap_r1,add,10000,0.45,167
stdmap_r1,add,10000,0.451,167
stdmap_r1,add,10000,0.452,167
stdmap_r1,add,10000,0.453,167
stdmap_r1,add,10000,0.454,167
stdmap_r1,add,10000,0.455,167
stdmap_r1,add,10000,0.456,167
stdmap_r1,add,10000,0.457,167
stdmap_r1,add,10000,0.458,167
stdmap_r1,add,10000,0.459,167
stdmap_r1,add,10000,0.46,167
stdmap_r1,add,10000,0.461,167
stdmap_r1,add,10000,0.462,167
stdmap_r1,add,10000,0.463,167
stdmap_r1,add,10000,0.464,167
stdmap_r1,add,10000,0.465,167
stdmap_r1,add,10000,0.466,167
stdmap_r1,add,10000,0.467,167
stdmap_r1,add,10000,0.468,167
stdmap_r1,add,10000,0.469,167
stdmap_r1,add,10000,0.47,167
stdmap_r1,add,10000,0.471,167
stdmap_r1,add,10000,0.472,167
stdmap_r1,add,10000,0.473,167
stdmap_r1,add,10000,0.474,167
stdmap_r1,add,10000,0.475,167
stdmap_r1,add,10000,0.476,167
stdmap_r1,add,10000,0.477,167
stdmap_r1,add,10000,0.478,167
stdmap_r1,add,10000,0.479,167
stdmap_r1,add,10000,0.48,167
stdmap_r1,add,10000,0.481,167
stdmap_r1,add,10000,0.482,167
stdmap_r1,add,10000,0.483,167
stdmap_r1,add,10000,0.484,167
stdmap_r1,add,10000,0.485,167
stdmap_r1,add,10000,0.486,167
stdmap_r1,add,10000,0.487,167
stdmap_r1,add,10000,0.488,167
stdmap_r1,add,10000,0.489,167
stdmap_r1,add,10000,0.49,167
stdmap_r1,add,10000,0.491,167
stdmap_r1,add,10000,0.492,167
stdmap_r1,add,10000,0.493,167
stdmap_r1,add,10000,0.494,167
stdmap_r1,add,10000,0.495,167
stdmap_r1,add,10000,0.496,167
stdmap_r1,add,10000,0.497,167
stdmap_r1,add,10000,0.498,167
stdmap_r1,add,10000,0.499,167
stdmap_r1,add,10000,0.5,167
stdmap_r1,add,10000,0.501,167
stdmap_r1,add,10000,0.502,167
stdmap_r1,add,10000,0.503,167
stdmap_r1,add,10000,0.504,167
stdmap_r1,add,10000,0.505,167
stdmap_r1,add,10000,0.506,167
stdmap_r1,add,10000,0.507,167
stdmap_r1,add,10000,0.508,167
stdmap_r1,add,10000,0.509,167
stdmap_r1,add,10000,0.51,167
stdmap_r1,add,10000,0.511,167
stdmap_r1,add,10000,0.512,167
stdmap_r1,add,10000,0.513,167
stdmap_r1,add,10000,0.514,167
stdmap_r1,add,10000,0.515,167
stdmap_r1,add,10000,0.516,167
stdmap_r1,add,10000,0.517,167
stdmap_r1,add,10000,0.518,167
stdmap_r1,add,10000,0.519,167
stdmap_r1,add,10000,0.52,167
stdmap_r1,add,10000,0.521,167
stdmap_r1,add,10000,0.522,167
stdmap_r1,add,10000,0.523,167
stdmap_r1,add,10000,0.524,167
stdmap_r1,add,10000,0.525,167
stdmap_r1,add,10000,0.526,167
stdmap_r1,add,10000,0.527,167
stdmap_r1,add,10000,0.528,167
stdmap_r1,add,10000,0.529,167
stdmap_r1,add,10000,0.53,167
stdmap_r1,add,10000,0.531,167
stdmap_r1,add,10000,0.532,167
stdmap_r1,add,10000,0.533,167
stdmap_r1,add,10000,0.534,167
stdmap_r1,add,10000,0.535,167
stdmap_r1,add,10000,0.536,167
stdmap_r1,add,10000,0.537,167
stdmap_r1,add,10000,0.538,167
stdmap_r1,add,10000,0.539,167
stdmap_r1,add,10000,0.54,167
stdmap_r1,add,10000,0.541,167
stdmap_r1,add,10000,0.542,167
stdmap_r1,add,10000,0.543,167
stdmap_r1,add,10000,0.544,167
stdmap_r1,add,10000,0.545,167
stdmap_r1,add,10000,0.546,167
stdmap_r1,add,10000,0.547,167
stdmap_r1,add,10000,0.548,167
stdmap_r1,add,10000,0.549,167
stdmap_r1,add,10000,0.55,167
stdmap_r1,add,10000,0.551,167
stdmap_r1,add,10000,0.552,167
stdmap_r1,add,10000,0.553,167
stdmap_r1,add,10000,0.554,167
stdmap_r1,add,10000,0.555,167
stdmap_r1,add,10000,0.556,167
stdmap_r1,add,10000,0.557,167
stdmap_r1,add,10000,0.558,167
stdmap_r1,add,10000,0.559,167
stdmap_r1,add,10000,0.56,167
stdmap_r1,add,10000,0.561,167
stdmap_r1,add,10000,0.562,167
stdmap_r1,add,10000,0.563,167
stdmap_r1,add,10000,0.564,167
stdmap_r1,add,10000,0.565,167
stdmap_r1,add,10000,0.566,167
stdmap_r1,add,10000,0.567,167
stdmap_r1,add,10000,0.568,167
stdmap_r1,add,10000,0.569,167
stdmap_r1,add,10000,0.57,167
stdmap_r1,add,10000,0.571,167
stdmap_r1,add,10000,0.572,167
stdmap_r1,add,10000,0.573,167
stdmap_r1,add,10000,0.574,167
stdmap_r1,add,10000,0.575,167
stdmap_r1,add,10000,0.576,167
stdmap_r1,add,10000,0.577,167
stdmap_r1,add,10000,0.578,167
stdmap_r1,add,10000,0.579,167
stdmap_r1,add,10000,0.58,167
stdmap_r1,add,10000,0.581,167
stdmap_r1,add,10000,0.582,167
stdmap_r1,add,10000,0.583,167
stdmap_r1,add,10000,0.584,167
stdmap_r1,add,10000,0.585,167
stdmap_r1,add,10000,0.586,167
stdmap_r1,add,10000,0.587,167
stdmap_r1,add,10000,0.588,167
stdmap_r1,add,10000,0.589,167
stdmap_r1,add,10000,0.59,167
stdmap_r1,add,10000,0.591,167
stdmap_r1,add,10000,0.592,167
stdmap_r1,add,10000,0.593,167
stdmap_r1,add,10000,0.594,167
stdmap_r1,add,10000,0.595,167
stdmap_r1,add,10000,0.596,167
stdmap_r1,add,10000,0.597,167
stdmap_r1,add,10000,0.598,167
stdmap_r1,add,10000,0.599,167
stdmap_r1,add,10000,0.6,167
stdmap_r1,add,10000,0.601,167
stdmap_r1,add,10000,0.602,167
stdmap_r1,add,10000,0.603,167
stdmap_r1,add,10000,0.604,167
stdmap_r1,add,10000,0.605,167
stdmap_r1,add,10000,0.606,167
stdmap_r1,add,10000,0.607,208
stdmap_r1,add,10000,0.608,208
stdmap_r1,add,10000,0.609,208
stdmap_r1,add,10000,0.61,208
stdmap_r1,add,10000,0.611,208
stdmap_r1,add,10000,0.612,208
stdmap_r1,add,10000,0.613,208
stdmap_r1,add,10000,0.614,208
stdmap_r1,add,10000,0.615,208
stdmap_r1,add,10000,0.616,208
stdmap_r1,add,10000,0.617,208
stdmap_r1,add,10000,0.618,208
stdmap_r1,add,10000,0.619,208
stdmap_r1,add,10000,0.62,208
stdmap_r1,add,10000,0.621,208
stdmap_r1,add,10000,0.622,208
stdmap_r1,add,10000,0.623,208
stdmap_r1,add,10000,0.624,208
stdmap_r1,add,10000,0.625,208
stdmap_r1,add,10000,0.626,208
stdmap_r1,add,10000,0.627,208
stdmap_r1,add,10000,0.628,208
stdmap_r1,add,10000,0.629,208
stdmap_r1,add,10000,0.63,208
stdmap_r1,add,10000,0.631,208
stdmap_r1,add,10000,0.632,208
stdmap_r1,add,10000,0.633,208
stdmap_r1,add,10000,0.634,208
stdmap_r1,add,10000,0.635,208
stdmap_r1,add,10000,0.636,208
stdmap_r1,add,10000,0.637,208
stdmap_r1,add,10000,0.638,208
stdmap_r1,add,10000,0.639,208
stdmap_r1,add,10000,0.64,208
stdmap_r1,add,10000,0.641,208
stdmap_r1,add,10000,0.642,208
stdmap_r1,add,10000,0.643,208
stdmap_r1,add,10000,0.644,208
stdmap_r1,add,10000,0.645,208
stdmap_r1,add,10000,0.646,208
stdmap_r1,add,10000,0.647,208
stdmap_r1,add,10000,0.648,208
stdmap_r1,add,10000,0.649,208
stdmap_r1,add,10000,0.65,208
stdmap_r1,add,10000,0.651,208
stdmap_r1,add,10000,0.652,208
stdmap_r1,add,10000,0.653,208
stdmap_r1,add,10000,0.654,208
stdmap_r1,add,10000,0.655,208
stdmap_r1,add,10000,0.656,208
stdmap_r1,add,10000,0.657,208
stdmap_r1,add,10000,0.658,208
stdmap_r1,add,10000,0.659,208
stdmap_r1,add,10000,0.66,208
stdmap_r1,add,10000,0.661,208
stdmap_r1,add,10000,0.662,208
stdmap_r1,add,10000,0.663,208
stdmap_r1,add,10000,0.664,208
stdmap_r1,add,10000,0.665,208
stdmap_r1,add,10000,0.666,208
stdmap_r1,add,10000,0.667,208
stdmap_r1,add,10000,0.668,208
stdmap_r1,add,10000,0.669,208
stdmap_r1,add,10000,0.67,208
stdmap_r1,add,10000,0.671,208
stdmap_r1,add,10000,0.672,208
stdmap_r1,add,10000,0.673,208
stdmap_r1,add,10000,0.674,208
stdmap_r1,add,10000,0.675,208
stdmap_r1,add,10000,0.676,208
stdmap_r1,add,10000,0.677,208
stdmap_r1,add,10000,0.678,208
stdmap_r1,add,10000,0.679,208
stdmap_r1,add,10000,0.68,208
stdmap_r1,add,10000,0.681,208
stdmap_r1,add,10000,0.682,208
stdmap_r1,add,10000,0.683,208
stdmap_r1,add,10000,0.684,208
stdmap_r1,add,10000,0.685,208
stdmap_r1,add,10000,0.686,208
stdmap_r1,add,10000,0.687,208
stdmap_r1,add,10000,0.688,208
stdmap_r1,add,10000,0.689,208
stdmap_r1,add,10000,0.69,208
stdmap_r1,add,10000,0.691,208
stdmap_r1,add,10000,0.692,208
stdmap_r1,add,10000,0.693,208
stdmap_r1,add,10000,0.694,208
stdmap_r1,add,10000,0.695,208
stdmap_r1,add,10000,0.696,208
stdmap_r1,add,10000,0.697,208
stdmap_r1,add,10000,0.698,208
stdmap_r1,add,10000,0.699,208
stdmap_r1,add,10000,0.7,208
stdmap_r1,add,10000,0.701,208
stdmap_r1,add,10000,0.702,208
stdmap_r1,add,10000,0.703,208
stdmap_r1,add,10000,0.704,208
stdmap_r1,add,10000,0.705,208
stdmap_r1,add,10000,0.706,208
stdmap_r1,add,10000,0.707,208
stdmap_r1,add,10000,0.708,208
stdmap_r1,add,10000,0.709,208
stdmap_r1,add,10000,0.71,208
stdmap_r1,add,10000,0.711,208
stdmap_r1,add,10000,0.712,208
stdmap_r1,add,10000,0.713,208
stdmap_r1,add,10000,0.714,208
stdmap_r1,add,10000,0.715,208
stdmap_r1,add,10000,0.716,208
stdmap_r1,add,10000,0.717,208
stdmap_r1,add,10000,0.718,208
stdmap_r1,add,10000,0.719,208
stdmap_r1,add,10000,0.72,208
stdmap_r1,add,10000,0.721,208
stdmap_r1,add,10000,0.722,208
stdmap_r1,add,10000,0.723,208
stdmap_r1,add,10000,0.724,208
stdmap_r1,add,10000,0.725,208
stdmap_r1,add,10000,0.726,208
stdmap_r1,add,10000,0.727,208
stdmap_r1,add,10000,0.728,208
stdmap_r1,add,10000,0.729,208
stdmap_r1,add,10000,0.73,208
stdmap_r1,add,10000,0.731,208
stdmap_r1,add,10000,0.732,208
stdmap_r1,add,10000,0.733,208
stdmap_r1,add,10000,0.734,208
stdmap_r1,add,10000,0.735,208
stdmap_r1,add,10000,0.736,208
stdmap_r1,add,10000,0.737,208
stdmap_r1,add,10000,0.738,208
stdmap_r1,add,10000,0.739,208
stdmap_r1,add,10000,0.74,208
stdmap_r1,add,10000,0.741,208
stdmap_r1,add,10000,0.742,208
stdmap_r1,add,10000,0.743,208
stdmap_r1,add,10000,0.744,208
stdmap_r1,add,10000,0.745,208
stdmap_r1,add,10000,0.746,208
stdmap_r1,add,10000,0.747,208
stdmap_r1,add,10000,0.748,208
stdmap_r1,add,10000,0.749,208
stdmap_r1,add,10000,0.75,208
stdmap_r1,add,10000,0.751,208
stdmap_r1,add,10000,0.752,208
stdmap_r1,add,10000,0.753,208
stdmap_r1,add,10000,0.754,208
stdmap_r1,add,10000,0.755,208
stdmap_r1,add,10000,0.756,208
stdmap_r1,add,10000,0.757,208
stdmap_r1,add,10000,0.758,208
stdmap_r1,add,10000,0.759,208
stdmap_r1,add,10000,0.76,208
stdmap_r1,add,10000,0.761,208
stdmap_r1,add,10000,0.762,209
stdmap_r1,add,10000,0.763,209
stdmap_r1,add,10000,0.764,209
stdmap_r1,add,10000,0.765,209
stdmap_r1,add,10000,0.766,209
stdmap_r1,add,10000,0.767,209
stdmap_r1,add,10000,0.768,209
stdmap_r1,add,10000,0.769,209
stdmap_r1,add,10000,0.77,209
stdmap_r1,add,10000,0.771,209
stdmap_r1,add,10000,0.772,209
stdmap_r1,add,10000,0.773,209
stdmap_r1,add,10000,0.774,209
stdmap_r1,add,10000,0.775,209
stdmap_r1,add,10000,0.776,209
stdmap_r1,add,10000,0.777,209
stdmap_r1,add,10000,0.778,209
stdmap_r1,add,10000,0.779,209
stdmap_r1,add,10000,0.78,209
stdmap_r1,add,10000,0.781,209
stdmap_r1,add,10000,0.782,209
stdmap_r1,add,10000,0.783,209
stdmap_r1,add,10000,0.784,209
stdmap_r1,add,10000,0.785,209
stdmap_r1,add,10000,0.786,209
stdmap_r1,add,10000,0.787,209
stdmap_r1,add,10000,0.788,209
stdmap_r1,add,10000,0.789,209
stdmap_r1,add,10000,0.79,209
stdmap_r1,add,10000,0.791,209
stdmap_r1,add,10000,0.792,209
stdmap_r1,add,10000,0.793,209
stdmap_r1,add,10000,0.794,209
stdmap_r1,add,10000,0.795,209
stdmap_r1,add,10000,0.796,209
stdmap_r1,add,10000,0.797,209
stdmap_r1,add,10000,0.798,209
stdmap_r1,add,10000,0.799,209
stdmap_r1,add,10000,0.8,209
stdmap_r1,add,10000,0.801,209
stdmap_r1,add,10000,0.802,209
stdmap_r1,add,10000,0.803,209
stdmap_r1,add,10000,0.804,209
stdmap_r1,add,10000,0.805,209
stdmap_r1,add,10000,0.806,209
stdmap_r1,add,10000,0.807,209
stdmap_r1,add,10000,0.808,209
stdmap_r1,add,10000,0.809,209
stdmap_r1,add,10000,0.81,209
stdmap_r1,add,10000,0.811,209
stdmap_r1,add,10000,0.812,209
stdmap_r1,add,10000,0.813,209
stdmap_r1,add,10000,0.814,209
stdmap_r1,add,10000,0.815,209
stdmap_r1,add,10000,0.816,209
stdmap_r1,add,10000,0.817,209
stdmap_r1,add,10000,0.818,209
stdmap_r1,add,10000,0.819,209
stdmap_r1,add,10000,0.82,209
stdmap_r1,add,10000,0.821,209
stdmap_r1,add,10000,0.822,209
stdmap_r1,add,10000,0.823,209
stdmap_r1,add,10000,0.824,209
stdmap_r1,add,10000,0.825,209
stdmap_r1,add,10000,0.826,209
stdmap_r1,add,10000,0.827,209
stdmap_r1,add,10000,0.828,209
stdmap_r1,add,10000,0.829,209
stdmap_r1,add,10000,0.83,209
stdmap_r1,add,10000,0.831,209
stdmap_r1,add,10000,0.832,209
stdmap_r1,add,10000,0.833,209
stdmap_r1,add,10000,0.834,209
stdmap_r1,add,10000,0.835,209
stdmap_r1,add,10000,0.836,209
stdmap_r1,add,10000,0.837,209
stdmap_r1,add,10000,0.838,209
stdmap_r1,add,10000,0.839,209
stdmap_r1,add,10000,0.84,209
stdmap_r1,add,10000,0.841,250
stdmap_r1,add,10000,0.842,250
stdmap_r1,add,10000,0.843,250
stdmap_r1,add,10000,0.844,250
stdmap_r1,add,10000,0.845,250
stdmap_r1,add,10000,0.846,250
stdmap_r1,add,10000,0.847,250
stdmap_r1,add,10000,0.848,250
stdmap_r1,add,10000,0.849,250
stdmap_r1,add,10000,0.85,250
stdmap_r1,add,10000,0.851,250
stdmap_r1,add,10000,0.852,250
stdmap_r1,add,10000,0.853,250
stdmap_r1,add,10000,0.854,250
stdmap_r1,add,10000,0.855,250
stdmap_r1,add,10000,0.856,250
stdmap_r1,add,10000,0.857,250
stdmap_r1,add,10000,0.858,250
stdmap_r1,add,10000,0.859,250
stdmap_r1,add,10000,0.86,250
stdmap_r1,add,10000,0.861,250
stdmap_r1,add,10000,0.862,250
stdmap_r1,add,10000,0.863,250
stdmap_r1,add,10000,0.864,250
stdmap_r1,add,10000,0.865,250
stdmap_r1,add,10000,0.866,250
stdmap_r1,add,10000,0.867,250
stdmap_r1,add,10000,0.868,250
stdmap_r1,add,10000,0.869,250
stdmap_r1,add,10000,0.87,250
stdmap_r1,add,10000,0.871,250
stdmap_r1,add,10000,0.872,250
stdmap_r1,add,10000,0.873,250
stdmap_r1,add,10000,0.874,250
stdmap_r1,add,10000,0.875,250
stdmap_r1,add,10000,0.876,250
stdmap_r1,add,10000,0.877,250
stdmap_r1,add,10000,0.878,250
stdmap_r1,add,10000,0.879,250
stdmap_r1,add,10000,0.88,250
stdmap_r1,add,10000,0.881,250
stdmap_r1,add,10000,0.882,250
stdmap_r1,add,10000,0.883,250
stdmap_r1,add,10000,0.884,250
stdmap_r1,add,10000,0.885,250
stdmap_r1,add,10000,0.886,250
stdmap_r1,add,10000,0.887,250
stdmap_r1,add,10000,0.888,250
stdmap_r1,add,10000,0.889,250
stdmap_r1,add,10000,0.89,250
stdmap_r1,add,10000,0.891,250
stdmap_r1,add,10000,0.892,250
stdmap_r1,add,10000,0.893,250
stdmap_r1,add,10000,0.894,250
stdmap_r1,add,10000,0.895,250
stdmap_r1,add,10000,0.896,250
stdmap_r1,add,10000,0.897,250
stdmap_r1,add,10000,0.898,250
stdmap_r1,add,10000,0.899,250
stdmap_r1,add,10000,0.9,250
stdmap_r1,add,10000,0.901,250
stdmap_r1,add,10000,0.902,250
stdmap_r1,add,10000,0.903,250
stdmap_r1,add,10000,0.904,250
stdmap_r1,add,10000,0.905,250
stdmap_r1,add,10000,0.906,250
stdmap_r1,add,10000,0.907,250
stdmap_r1,add,10000,0.908,250
stdmap_r1,add,10000,0.909,250
stdmap_r1,add,10000,0.91,250
stdmap_r1,add,10000,0.911,250
stdmap_r1,add,10000,0.912,250
stdmap_r1,add,10000,0.913,250
stdmap_r1,add,10000,0.914,250
stdmap_r1,add,10000,0.915,250
stdmap_r1,add,10000,0.916,250
stdmap_r1,add,10000,0.917,250
stdmap_r1,add,10000,0.918,291
stdmap_r1,add,10000,0.919,291
stdmap_r1,add,10000,0.92,291
stdmap_r1,add,10000,0.921,291
stdmap_r1,add,10000,0.922,291
stdmap_r1,add,10000,0.923,291
stdmap_r1,add,10000,0.924,291
stdmap_r1,add,10000,0.925,291
stdmap_r1,add,10000,0.926,291
stdmap_r1,add,10000,0.927,291
stdmap_r1,add,10000,0.928,291
stdmap_r1,add,10000,0.929,291
stdmap_r1,add,10000,0.93,291
stdmap_r1,add,10000,0.931,292
stdmap_r1,add,10000,0.932,292
stdmap_r1,add,10000,0.933,292
stdmap_r1,add,10000,0.934,292
stdmap_r1,add,10000,0.935,292
stdmap_r1,add,10000,0.936,292
stdmap_r1,add,10000,0.937,292
stdmap_r1,add,10000,0.938,292
stdmap_r1,add,10000,0.939,292
stdmap_r1,add,10000,0.94,292
stdmap_r1,add,10000,0.941,292
stdmap_r1,add,10000,0.942,292
stdmap_r1,add,10000,0.943,292
stdmap_r1,add,10000,0.944,292
stdmap_r1,add,10000,0.945,292
stdmap_r1,add,10000,0.946,292
stdmap_r1,add,10000,0.947,292
stdmap_r1,add,10000,0.948,292
stdmap_r1,add,10000,0.949,292
stdmap_r1,add,10000,0.95,292
stdmap_r1,add,10000,0.951,292
stdmap_r1,add,10000,0.952,292
stdmap_r1,add,10000,0.953,292
stdmap_r1,add,10000,0.954,292
stdmap_r1,add,10000,0.955,292
stdmap_r1,add,10000,0.956,333
stdmap_r1,add,10000,0.957,333
stdmap_r1,add,10000,0.958,333
stdmap_r1,add,10000,0.959,333
stdmap_r1,add,10000,0.96,333
stdmap_r1,add,10000,0.961,333
stdmap_r1,add,10000,0.962,333
stdmap_r1,add,10000,0.963,333
stdmap_r1,add,10000,0.964,333
stdmap_r1,add,10000,0.965,333
stdmap_r1,add,10000,0.966,333
stdmap_r1,add,10000,0.967,333
stdmap_r1,add,10000,0.968,334
stdmap_r1,add,10000,0.969,334
stdmap_r1,add,10000,0.97,334
stdmap_r1,add,10000,0.971,334
stdmap_r1,add,10000,0.972,334
stdmap_r1,add,10000,0.973,334
stdmap_r1,add,10000,0.974,375
stdmap_r1,add,10000,0.975,375
stdmap_r1,add,10000,0.976,375
stdmap_r1,add,10000,0.977,375
stdmap_r1,add,10000,0.978,375
stdmap_r1,add,10000,0.979,375
stdmap_r1,add,10000,0.98,375
stdmap_r1,add,10000,0.981,375
stdmap_r1,add,10000,0.982,375
stdmap_r1,add,10000,0.983,416
stdmap_r1,add,10000,0.984,417
stdmap_r1,add,10000,0.985,417
stdmap_r1,add,10000,0.986,417
stdmap_r1,add,10000,0.987,417
stdmap_r1,add,10000,0.988,458
stdmap_r1,add,10000,0.989,458
stdmap_r1,add,10000,0.99,459
stdmap_r1,add,10000,0.991,500
stdmap_r1,add,10000,0.992,500
stdmap_r1,add,10000,0.993,542
stdmap_r1,add,10000,0.994,583
stdmap_r1,add,10000,0.995,625
stdmap_r1,add,10000,0.996,708
stdmap_r1,add,10000,0.997,792
stdmap_r1,add,10000,0.998,1167
stdmap_r1,add,10000,0.999,2291
stdmap_r1,cancel,10000,0,41
stdmap_r1,cancel,10000,0.001,125
stdmap_r1,cancel,10000,0.002,125
stdmap_r1,cancel,10000,0.003,125
stdmap_r1,cancel,10000,0.004,125
stdmap_r1,cancel,10000,0.005,125
stdmap_r1,cancel,10000,0.006,125
stdmap_r1,cancel,10000,0.007,166
stdmap_r1,cancel,10000,0.008,166
stdmap_r1,cancel,10000,0.009,166
stdmap_r1,cancel,10000,0.01,166
stdmap_r1,cancel,10000,0.011,166
stdmap_r1,cancel,10000,0.012,166
stdmap_r1,cancel,10000,0.013,166
stdmap_r1,cancel,10000,0.014,166
stdmap_r1,cancel,10000,0.015,166
stdmap_r1,cancel,10000,0.016,166
stdmap_r1,cancel,10000,0.017,166
stdmap_r1,cancel,10000,0.018,167
stdmap_r1,cancel,10000,0.019,167
stdmap_r1,cancel,10000,0.02,167
stdmap_r1,cancel,10000,0.021,167
stdmap_r1,cancel,10000,0.022,167
stdmap_r1,cancel,10000,0.023,167
stdmap_r1,cancel,10000,0.024,167
stdmap_r1,cancel,10000,0.025,167
stdmap_r1,cancel,10000,0.026,167
stdmap_r1,cancel,10000,0.027,167
stdmap_r1,cancel,10000,0.028,167
stdmap_r1,cancel,10000,0.029,167
stdmap_r1,cancel,10000,0.03,167
stdmap_r1,cancel,10000,0.031,167
stdmap_r1,cancel,10000,0.032,167
stdmap_r1,cancel,10000,0.033,167
stdmap_r1,cancel,10000,0.034,167
stdmap_r1,cancel,10000,0.035,167
stdmap_r1,cancel,10000,0.036,167
stdmap_r1,cancel,10000,0.037,167
stdmap_r1,cancel,10000,0.038,167
stdmap_r1,cancel,10000,0.039,208
stdmap_r1,cancel,10000,0.04,208
stdmap_r1,cancel,10000,0.041,208
stdmap_r1,cancel,10000,0.042,208
stdmap_r1,cancel,10000,0.043,208
stdmap_r1,cancel,10000,0.044,208
stdmap_r1,cancel,10000,0.045,208
stdmap_r1,cancel,10000,0.046,208
stdmap_r1,cancel,10000,0.047,208
stdmap_r1,cancel,10000,0.048,208
stdmap_r1,cancel,10000,0.049,208
stdmap_r1,cancel,10000,0.05,208
stdmap_r1,cancel,10000,0.051,208
stdmap_r1,cancel,10000,0.052,208
stdmap_r1,cancel,10000,0.053,208
stdmap_r1,cancel,10000,0.054,208
stdmap_r1,cancel,10000,0.055,208
stdmap_r1,cancel,10000,0.056,208
stdmap_r1,cancel,10000,0.057,208
stdmap_r1,cancel,10000,0.058,208
stdmap_r1,cancel,10000,0.059,208
stdmap_r1,cancel,10000,0.06,208
stdmap_r1,cancel,10000,0.061,208
stdmap_r1,cancel,10000,0.062,208
stdmap_r1,cancel,10000,0.063,208
stdmap_r1,cancel,10000,0.064,208
stdmap_r1,cancel,10000,0.065,208
stdmap_r1,cancel,10000,0.066,208
stdmap_r1,cancel,10000,0.067,208
stdmap_r1,cancel,10000,0.068,208
stdmap_r1,cancel,10000,0.069,208
stdmap_r1,cancel,10000,0.07,208
stdmap_r1,cancel,10000,0.071,208
stdmap_r1,cancel,10000,0.072,208
stdmap_r1,cancel,10000,0.073,208
stdmap_r1,cancel,10000,0.074,208
stdmap_r1,cancel,10000,0.075,208
stdmap_r1,cancel,10000,0.076,208
stdmap_r1,cancel,10000,0.077,208
stdmap_r1,cancel,10000,0.078,208
stdmap_r1,cancel,10000,0.079,208
stdmap_r1,cancel,10000,0.08,208
stdmap_r1,cancel,10000,0.081,208
stdmap_r1,cancel,10000,0.082,208
stdmap_r1,cancel,10000,0.083,208
stdmap_r1,cancel,10000,0.084,208
stdmap_r1,cancel,10000,0.085,208
stdmap_r1,cancel,10000,0.086,208
stdmap_r1,cancel,10000,0.087,208
stdmap_r1,cancel,10000,0.088,208
stdmap_r1,cancel,10000,0.089,208
stdmap_r1,cancel,10000,0.09,208
stdmap_r1,cancel,10000,0.091,208
stdmap_r1,cancel,10000,0.092,208
stdmap_r1,cancel,10000,0.093,208
stdmap_r1,cancel,10000,0.094,208
stdmap_r1,cancel,10000,0.095,208
stdmap_r1,cancel,10000,0.096,208
stdmap_r1,cancel,10000,0.097,208
stdmap_r1,cancel,10000,0.098,208
stdmap_r1,cancel,10000,0.099,208
stdmap_r1,cancel,10000,0.1,208
stdmap_r1,cancel,10000,0.101,208
stdmap_r1,cancel,10000,0.102,208
stdmap_r1,cancel,10000,0.103,208
stdmap_r1,cancel,10000,0.104,208
stdmap_r1,cancel,10000,0.105,208
stdmap_r1,cancel,10000,0.106,208
stdmap_r1,cancel,10000,0.107,208
stdmap_r1,cancel,10000,0.108,208
stdmap_r1,cancel,10000,0.109,208
stdmap_r1,cancel,10000,0.11,208
stdmap_r1,cancel,10000,0.111,208
stdmap_r1,cancel,10000,0.112,208
stdmap_r1,cancel,10000,0.113,208
stdmap_r1,cancel,10000,0.114,208
stdmap_r1,cancel,10000,0.115,208
stdmap_r1,cancel,10000,0.116,208
stdmap_r1,cancel,10000,0.117,208
stdmap_r1,cancel,10000,0.118,208
stdmap_r1,cancel,10000,0.119,208
stdmap_r1,cancel,10000,0.12,208
stdmap_r1,cancel,10000,0.121,208
stdmap_r1,cancel,10000,0.122,208
stdmap_r1,cancel,10000,0.123,208
stdmap_r1,cancel,10000,0.124,208
stdmap_r1,cancel,10000,0.125,208
stdmap_r1,cancel,10000,0.126,208
stdmap_r1,cancel,10000,0.127,208
stdmap_r1,cancel,10000,0.128,208
stdmap_r1,cancel,10000,0.129,208
stdmap_r1,cancel,10000,0.13,208
stdmap_r1,cancel,10000,0.131,208
stdmap_r1,cancel,10000,0.132,208
stdmap_r1,cancel,10000,0.133,208
stdmap_r1,cancel,10000,0.134,208
stdmap_r1,cancel,10000,0.135,208
stdmap_r1,cancel,10000,0.136,208
stdmap_r1,cancel,10000,0.137,208
stdmap_r1,cancel,10000,0.138,208
stdmap_r1,cancel,10000,0.139,208
stdmap_r1,cancel,10000,0.14,208
stdmap_r1,cancel,10000,0.141,208
stdmap_r1,cancel,10000,0.142,208
stdmap_r1,cancel,10000,0.143,208
stdmap_r1,cancel,10000,0.144,208
stdmap_r1,cancel,10000,0.145,208
stdmap_r1,cancel,10000,0.146,208
stdmap_r1,cancel,10000,0.147,208
stdmap_r1,cancel,10000,0.148,208
stdmap_r1,cancel,10000,0.149,209
stdmap_r1,cancel,10000,0.15,209
stdmap_r1,cancel,10000,0.151,209
stdmap_r1,cancel,10000,0.152,209
stdmap_r1,cancel,10000,0.153,209
stdmap_r1,cancel,10000,0.154,209
stdmap_r1,cancel,10000,0.155,209
stdmap_r1,cancel,10000,0.156,209
stdmap_r1,cancel,10000,0.157,209
stdmap_r1,cancel,10000,0.158,209
stdmap_r1,cancel,10000,0.159,209
stdmap_r1,cancel,10000,0.16,209
stdmap_r1,cancel,10000,0.161,209
stdmap_r1,cancel,10000,0.162,209
stdmap_r1,cancel,10000,0.163,209
stdmap_r1,cancel,10000,0.164,209
stdmap_r1,cancel,10000,0.165,209
stdmap_r1,cancel,10000,0.166,209
stdmap_r1,cancel,10000,0.167,209
stdmap_r1,cancel,10000,0.168,209
stdmap_r1,cancel,10000,0.169,209
stdmap_r1,cancel,10000,0.17,209
stdmap_r1,cancel,10000,0.171,209
stdmap_r1,cancel,10000,0.172,209
stdmap_r1,cancel,10000,0.173,209
stdmap_r1,cancel,10000,0.174,209
stdmap_r1,cancel,10000,0.175,209
stdmap_r1,cancel,10000,0.176,209
stdmap_r1,cancel,10000,0.177,209
stdmap_r1,cancel,10000,0.178,209
stdmap_r1,cancel,10000,0.179,209
stdmap_r1,cancel,10000,0.18,209
stdmap_r1,cancel,10000,0.181,209
stdmap_r1,cancel,10000,0.182,209
stdmap_r1,cancel,10000,0.183,209
stdmap_r1,cancel,10000,0.184,209
stdmap_r1,cancel,10000,0.185,209
stdmap_r1,cancel,10000,0.186,209
stdmap_r1,cancel,10000,0.187,209
stdmap_r1,cancel,10000,0.188,209
stdmap_r1,cancel,10000,0.189,209
stdmap_r1,cancel,10000,0.19,209
stdmap_r1,cancel,10000,0.191,209
stdmap_r1,cancel,10000,0.192,209
stdmap_r1,cancel,10000,0.193,209
stdmap_r1,cancel,10000,0.194,209
stdmap_r1,cancel,10000,0.195,209
stdmap_r1,cancel,10000,0.196,209
stdmap_r1,cancel,10000,0.197,209
stdmap_r1,cancel,10000,0.198,209
stdmap_r1,cancel,10000,0.199,209
stdmap_r1,cancel,10000,0.2,209
stdmap_r1,cancel,10000,0.201,209
stdmap_r1,cancel,10000,0.202,209
stdmap_r1,cancel,10000,0.203,209
stdmap_r1,cancel,10000,0.204,250
stdmap_r1,cancel,10000,0.205,250
stdmap_r1,cancel,10000,0.206,250
stdmap_r1,cancel,10000,0.207,250
stdmap_r1,cancel,10000,0.208,250
stdmap_r1,cancel,10000,0.209,250
stdmap_r1,cancel,10000,0.21,250
stdmap_r1,cancel,10000,0.211,250
stdmap_r1,cancel,10000,0.212,250
stdmap_r1,cancel,10000,0.213,250
stdmap_r1,cancel,10000,0.214,250
stdmap_r1,cancel,10000,0.215,250
stdmap_r1,cancel,10000,0.216,250
stdmap_r1,cancel,10000,0.217,250
stdmap_r1,cancel,10000,0.218,250
stdmap_r1,cancel,10000,0.219,250
stdmap_r1,cancel,10000,0.22,250
stdmap_r1,cancel,10000,0.221,250
stdmap_r1,cancel,10000,0.222,250
stdmap_r1,cancel,10000,0.223,250
stdmap_r1,cancel,10000,0.224,250
stdmap_r1,cancel,10000,0.225,250
stdmap_r1,cancel,10000,0.226,250
stdmap_r1,cancel,10000,0.227,250
stdmap_r1,cancel,10000,0.228,250
stdmap_r1,cancel,10000,0.229,250
stdmap_r1,cancel,10000,0.23,250
stdmap_r1,cancel,10000,0.231,250
stdmap_r1,cancel,10000,0.232,250
stdmap_r1,cancel,10000,0.233,250
stdmap_r1,cancel,10000,0.234,250
stdmap_r1,cancel,10000,0.235,250
stdmap_r1,cancel,10000,0.236,250
stdmap_r1,cancel,10000,0.237,250
stdmap_r1,cancel,10000,0.238,250
stdmap_r1,cancel,10000,0.239,250
stdmap_r1,cancel,10000,0.24,250
stdmap_r1,cancel,10000,0.241,250
stdmap_r1,cancel,10000,0.242,250
stdmap_r1,cancel,10000,0.243,250
stdmap_r1,cancel,10000,0.244,250
stdmap_r1,cancel,10000,0.245,250
stdmap_r1,cancel,10000,0.246,250
stdmap_r1,cancel,10000,0.247,250
stdmap_r1,cancel,10000,0.248,250
stdmap_r1,cancel,10000,0.249,250
stdmap_r1,cancel,10000,0.25,250
stdmap_r1,cancel,10000,0.251,250
stdmap_r1,cancel,10000,0.252,250
stdmap_r1,cancel,10000,0.253,250
stdmap_r1,cancel,10000,0.254,250
stdmap_r1,cancel,10000,0.255,250
stdmap_r1,cancel,10000,0.256,250
stdmap_r1,cancel,10000,0.257,250
stdmap_r1,cancel,10000,0.258,250
stdmap_r1,cancel,10000,0.259,250
stdmap_r1,cancel,10000,0.26,250
stdmap_r1,cancel,10000,0.261,250
stdmap_r1,cancel,10000,0.262,250
stdmap_r1,cancel,10000,0.263,250
stdmap_r1,cancel,10000,0.264,250
stdmap_r1,cancel,10000,0.265,250
stdmap_r1,cancel,10000,0.266,250
stdmap_r1,cancel,10000,0.267,250
stdmap_r1,cancel,10000,0.268,250
stdmap_r1,cancel,10000,0.269,250
stdmap_r1,cancel,10000,0.27,250
stdmap_r1,cancel,10000,0.271,250
stdmap_r1,cancel,10000,0.272,250
stdmap_r1,cancel,10000,0.273,250
stdmap_r1,cancel,10000,0.274,250
stdmap_r1,cancel,10000,0.275,250
stdmap_r1,cancel,10000,0.276,250
stdmap_r1,cancel,10000,0.277,250
stdmap_r1,cancel,10000,0.278,250
stdmap_r1,cancel,10000,0.279,250
stdmap_r1,cancel,10000,0.28,250
stdmap_r1,cancel,10000,0.281,250
stdmap_r1,cancel,10000,0.282,250
stdmap_r1,cancel,10000,0.283,250
stdmap_r1,cancel,10000,0.284,250
stdmap_r1,cancel,10000,0.285,250
stdmap_r1,cancel,10000,0.286,250
stdmap_r1,cancel,10000,0.287,250
stdmap_r1,cancel,10000,0.288,250
stdmap_r1,cancel,10000,0.289,250
stdmap_r1,cancel,10000,0.29,250
stdmap_r1,cancel,10000,0.291,250
stdmap_r1,cancel,10000,0.292,250
stdmap_r1,cancel,10000,0.293,250
stdmap_r1,cancel,10000,0.294,250
stdmap_r1,cancel,10000,0.295,250
stdmap_r1,cancel,10000,0.296,250
stdmap_r1,cancel,10000,0.297,250
stdmap_r1,cancel,10000,0.298,250
stdmap_r1,cancel,10000,0.299,250
stdmap_r1,cancel,10000,0.3,250
stdmap_r1,cancel,10000,0.301,250
stdmap_r1,cancel,10000,0.302,250
stdmap_r1,cancel,10000,0.303,250
stdmap_r1,cancel,10000,0.304,250
stdmap_r1,cancel,10000,0.305,250
stdmap_r1,cancel,10000,0.306,250
stdmap_r1,cancel,10000,0.307,250
stdmap_r1,cancel,10000,0.308,250
stdmap_r1,cancel,10000,0.309,250
stdmap_r1,cancel,10000,0.31,250
stdmap_r1,cancel,10000,0.311,250
stdmap_r1,cancel,10000,0.312,250
stdmap_r1,cancel,10000,0.313,250
stdmap_r1,cancel,10000,0.314,250
stdmap_r1,cancel,10000,0.315,250
stdmap_r1,cancel,10000,0.316,250
stdmap_r1,cancel,10000,0.317,250
stdmap_r1,cancel,10000,0.318,250
stdmap_r1,cancel,10000,0.319,250
stdmap_r1,cancel,10000,0.32,250
stdmap_r1,cancel,10000,0.321,250
stdmap_r1,cancel,10000,0.322,250
stdmap_r1,cancel,10000,0.323,250
stdmap_r1,cancel,10000,0.324,250
stdmap_r1,cancel,10000,0.325,250
stdmap_r1,cancel,10000,0.326,250
stdmap_r1,cancel,10000,0.327,250
stdmap_r1,cancel,10000,0.328,250
stdmap_r1,cancel,10000,0.329,250
stdmap_r1,cancel,10000,0.33,250
stdmap_r1,cancel,10000,0.331,250
stdmap_r1,cancel,10000,0.332,250
stdmap_r1,cancel,10000,0.333,250
stdmap_r1,cancel,10000,0.334,250
stdmap_r1,cancel,10000,0.335,250
stdmap_r1,cancel,10000,0.336,250
stdmap_r1,cancel,10000,0.337,250
stdmap_r1,cancel,10000,0.338,250
stdmap_r1,cancel,10000,0.339,250
stdmap_r1,cancel,10000,0.34,250
stdmap_r1,cancel,10000,0.341,250
stdmap_r1,cancel,10000,0.342,250
stdmap_r1,cancel,10000,0.343,250
stdmap_r1,cancel,10000,0.344,250
stdmap_r1,cancel,10000,0.345,250
stdmap_r1,cancel,10000,0.346,250
stdmap_r1,cancel,10000,0.347,250
stdmap_r1,cancel,10000,0.348,250
stdmap_r1,cancel,10000,0.349,250
stdmap_r1,cancel,10000,0.35,250
stdmap_r1,cancel,10000,0.351,250
stdmap_r1,cancel,10000,0.352,250
stdmap_r1,cancel,10000,0.353,250
stdmap_r1,cancel,10000,0.354,250
stdmap_r1,cancel,10000,0.355,250
stdmap_r1,cancel,10000,0.356,250
stdmap_r1,cancel,10000,0.357,250
stdmap_r1,cancel,10000,0.358,250
stdmap_r1,cancel,10000,0.359,250
stdmap_r1,cancel,10000,0.36,250
stdmap_r1,cancel,10000,0.361,250
stdmap_r1,cancel,10000,0.362,250
stdmap_r1,cancel,10000,0.363,250
stdmap_r1,cancel,10000,0.364,250
stdmap_r1,cancel,10000,0.365,250
stdmap_r1,cancel,10000,0.366,250
stdmap_r1,cancel,10000,0.367,250
stdmap_r1,cancel,10000,0.368,250
stdmap_r1,cancel,10000,0.369,250
stdmap_r1,cancel,10000,0.37,250
stdmap_r1,cancel,10000,0.371,250
stdmap_r1,cancel,10000,0.372,250
stdmap_r1,cancel,10000,0.373,250
stdmap_r1,cancel,10000,0.374,250
stdmap_r1,cancel,10000,0.375,250
stdmap_r1,cancel,10000,0.376,250
stdmap_r1,cancel,10000,0.377,250
stdmap_r1,cancel,10000,0.378,250
stdmap_r1,cancel,10000,0.379,250
stdmap_r1,cancel,10000,0.38,250
stdmap_r1,cancel,10000,0.381,250
stdmap_r1,cancel,10000,0.382,250
stdmap_r1,cancel,10000,0.383,250
stdmap_r1,cancel,10000,0.384,250
stdmap_r1,cancel,10000,0.385,250
stdmap_r1,cancel,10000,0.386,250
stdmap_r1,cancel,10000,0.387,250
stdmap_r1,cancel,10000,0.388,250
stdmap_r1,cancel,10000,0.389,250
stdmap_r1,cancel,10000,0.39,250
stdmap_r1,cancel,10000,0.391,250
stdmap_r1,cancel,10000,0.392,250
stdmap_r1,cancel,10000,0.393,250
stdmap_r1,cancel,10000,0.394,250
stdmap_r1,cancel,10000,0.395,250
stdmap_r1,cancel,10000,0.396,250
stdmap_r1,cancel,10000,0.397,250
stdmap_r1,cancel,10000,0.398,250
stdmap_r1,cancel,10000,0.399,250
stdmap_r1,cancel,10000,0.4,250
stdmap_r1,cancel,10000,0.401,250
stdmap_r1,cancel,10000,0.402,250
stdmap_r1,cancel,10000,0.403,250
stdmap_r1,cancel,10000,0.404,250
stdmap_r1,cancel,10000,0.405,250
stdmap_r1,cancel,10000,0.406,250
stdmap_r1,cancel,10000,0.407,250
stdmap_r1,cancel,10000,0.408,250
stdmap_r1,cancel,10000,0.409,250
stdmap_r1,cancel,10000,0.41,250
stdmap_r1,cancel,10000,0.411,250
stdmap_r1,cancel,10000,0.412,250
stdmap_r1,cancel,10000,0.413,250
stdmap_r1,cancel,10000,0.414,250
stdmap_r1,cancel,10000,0.415,250
stdmap_r1,cancel,10000,0.416,250
stdmap_r1,cancel,10000,0.417,250
stdmap_r1,cancel,10000,0.418,250
stdmap_r1,cancel,10000,0.419,250
stdmap_r1,cancel,10000,0.42,250
stdmap_r1,cancel,10000,0.421,250
stdmap_r1,cancel,10000,0.422,250
stdmap_r1,cancel,10000,0.423,250
stdmap_r1,cancel,10000,0.424,250
stdmap_r1,cancel,10000,0.425,250
stdmap_r1,cancel,10000,0.426,250
stdmap_r1,cancel,10000,0.427,250
stdmap_r1,cancel,10000,0.428,250
stdmap_r1,cancel,10000,0.429,250
stdmap_r1,cancel,10000,0.43,250
stdmap_r1,cancel,10000,0.431,250
stdmap_r1,cancel,10000,0.432,250
stdmap_r1,cancel,10000,0.433,250
stdmap_r1,cancel,10000,0.434,250
stdmap_r1,cancel,10000,0.435,250
stdmap_r1,cancel,10000,0.436,250
stdmap_r1,cancel,10000,0.437,250
stdmap_r1,cancel,10000,0.438,250
stdmap_r1,cancel,10000,0.439,250
stdmap_r1,cancel,10000,0.44,250
stdmap_r1,cancel,10000,0.441,250
stdmap_r1,cancel,10000,0.442,250
stdmap_r1,cancel,10000,0.443,250
stdmap_r1,cancel,10000,0.444,250
stdmap_r1,cancel,10000,0.445,250
stdmap_r1,cancel,10000,0.446,250
stdmap_r1,cancel,10000,0.447,250
stdmap_r1,cancel,10000,0.448,250
stdmap_r1,cancel,10000,0.449,250
stdmap_r1,cancel,10000,0.45,250
stdmap_r1,cancel,10000,0.451,250
stdmap_r1,cancel,10000,0.452,250
stdmap_r1,cancel,10000,0.453,250
stdmap_r1,cancel,10000,0.454,250
stdmap_r1,cancel,10000,0.455,250
stdmap_r1,cancel,10000,0.456,291
stdmap_r1,cancel,10000,0.457,291
stdmap_r1,cancel,10000,0.458,291
stdmap_r1,cancel,10000,0.459,291
stdmap_r1,cancel,10000,0.46,291
stdmap_r1,cancel,10000,0.461,291
stdmap_r1,cancel,10000,0.462,291
stdmap_r1,cancel,10000,0.463,291
stdmap_r1,cancel,10000,0.464,291
stdmap_r1,cancel,10000,0.465,291
stdmap_r1,cancel,10000,0.466,291
stdmap_r1,cancel,10000,0.467,291
stdmap_r1,cancel,10000,0.468,291
stdmap_r1,cancel,10000,0.469,291
stdmap_r1,cancel,10000,0.47,291
stdmap_r1,cancel,10000,0.471,291
stdmap_r1,cancel,10000,0.472,291
stdmap_r1,cancel,10000,0.473,291
stdmap_r1,cancel,10000,0.474,291
stdmap_r1,cancel,10000,0.475,291
stdmap_r1,cancel,10000,0.476,291
stdmap_r1,cancel,10000,0.477,291
stdmap_r1,cancel,10000,0.478,291
stdmap_r1,cancel,10000,0.479,291
stdmap_r1,cancel,10000,0.48,291
stdmap_r1,cancel,10000,0.481,291
stdmap_r1,cancel,10000,0.482,291
stdmap_r1,cancel,10000,0.483,291
stdmap_r1,cancel,10000,0.484,291
stdmap_r1,cancel,10000,0.485,291
stdmap_r1,cancel,10000,0.486,291
stdmap_r1,cancel,10000,0.487,291
stdmap_r1,cancel,10000,0.488,292
stdmap_r1,cancel,10000,0.489,292
stdmap_r1,cancel,10000,0.49,292
stdmap_r1,cancel,10000,0.491,292
stdmap_r1,cancel,10000,0.492,292
stdmap_r1,cancel,10000,0.493,292
stdmap_r1,cancel,10000,0.494,292
stdmap_r1,cancel,10000,0.495,292
stdmap_r1,cancel,10000,0.496,292
stdmap_r1,cancel,10000,0.497,292
stdmap_r1,cancel,10000,0.498,292
stdmap_r1,cancel,10000,0.499,292
stdmap_r1,cancel,10000,0.5,292
stdmap_r1,cancel,10000,0.501,292
stdmap_r1,cancel,10000,0.502,292
stdmap_r1,cancel,10000,0.503,292
stdmap_r1,cancel,10000,0.504,292
stdmap_r1,cancel,10000,0.505,292
stdmap_r1,cancel,10000,0.506,292
stdmap_r1,cancel,10000,0.507,292
stdmap_r1,cancel,10000,0.508,292
stdmap_r1,cancel,10000,0.509,292
stdmap_r1,cancel,10000,0.51,292
stdmap_r1,cancel,10000,0.511,292
stdmap_r1,cancel,10000,0.512,292
stdmap_r1,cancel,10000,0.513,292
stdmap_r1,cancel,10000,0.514,292
stdmap_r1,cancel,10000,0.515,292
stdmap_r1,cancel,10000,0.516,292
stdmap_r1,cancel,10000,0.517,292
stdmap_r1,cancel,10000,0.518,292
stdmap_r1,cancel,10000,0.519,292
stdmap_r1,cancel,10000,0.52,292
stdmap_r1,cancel,10000,0.521,292
stdmap_r1,cancel,10000,0.522,292
stdmap_r1,cancel,10000,0.523,292
stdmap_r1,cancel,10000,0.524,292
stdmap_r1,cancel,10000,0.525,292
stdmap_r1,cancel,10000,0.526,292
stdmap_r1,cancel,10000,0.527,292
stdmap_r1,cancel,10000,0.528,292
stdmap_r1,cancel,10000,0.529,292
stdmap_r1,cancel,10000,0.53,292
stdmap_r1,cancel,10000,0.531,292
stdmap_r1,cancel,10000,0.532,292
stdmap_r1,cancel,10000,0.533,292
stdmap_r1,cancel,10000,0.534,292
stdmap_r1,cancel,10000,0.535,292
stdmap_r1,cancel,10000,0.536,292
stdmap_r1,cancel,10000,0.537,292
stdmap_r1,cancel,10000,0.538,292
stdmap_r1,cancel,10000,0.539,292
stdmap_r1,cancel,10000,0.54,292
stdmap_r1,cancel,10000,0.541,292
stdmap_r1,cancel,10000,0.542,292
stdmap_r1,cancel,10000,0.543,292
stdmap_r1,cancel,10000,0.544,292
stdmap_r1,cancel,10000,0.545,292
stdmap_r1,cancel,10000,0.546,292
stdmap_r1,cancel,10000,0.547,292
stdmap_r1,cancel,10000,0.548,292
stdmap_r1,cancel,10000,0.549,292
stdmap_r1,cancel,10000,0.55,292
stdmap_r1,cancel,10000,0.551,292
stdmap_r1,cancel,10000,0.552,292
stdmap_r1,cancel,10000,0.553,292
stdmap_r1,cancel,10000,0.554,333
stdmap_r1,cancel,10000,0.555,333
stdmap_r1,cancel,10000,0.556,333
stdmap_r1,cancel,10000,0.557,333
stdmap_r1,cancel,10000,0.558,333
stdmap_r1,cancel,10000,0.559,333
stdmap_r1,cancel,10000,0.56,333
stdmap_r1,cancel,10000,0.561,333
stdmap_r1,cancel,10000,0.562,333
stdmap_r1,cancel,10000,0.563,333
stdmap_r1,cancel,10000,0.564,333
stdmap_r1,cancel,10000,0.565,333
stdmap_r1,cancel,10000,0.566,333
stdmap_r1,cancel,10000,0.567,333
stdmap_r1,cancel,10000,0.568,333
stdmap_r1,cancel,10000,0.569,333
stdmap_r1,cancel,10000,0.57,333
stdmap_r1,cancel,10000,0.571,333
stdmap_r1,cancel,10000,0.572,333
stdmap_r1,cancel,10000,0.573,333
stdmap_r1,cancel,10000,0.574,333
stdmap_r1,cancel,10000,0.575,333
stdmap_r1,cancel,10000,0.576,333
stdmap_r1,cancel,10000,0.577,333
stdmap_r1,cancel,10000,0.578,333
stdmap_r1,cancel,10000,0.579,333
stdmap_r1,cancel,10000,0.58,333
stdmap_r1,cancel,10000,0.581,333
stdmap_r1,cancel,10000,0.582,333
stdmap_r1,cancel,10000,0.583,334
stdmap_r1,cancel,10000,0.584,334
stdmap_r1,cancel,10000,0.585,334
stdmap_r1,cancel,10000,0.586,334
stdmap_r1,cancel,10000,0.587,334
stdmap_r1,cancel,10000,0.588,334
stdmap_r1,cancel,10000,0.589,334
stdmap_r1,cancel,10000,0.59,334
stdmap_r1,cancel,10000,0.591,334
stdmap_r1,cancel,10000,0.592,334
stdmap_r1,cancel,10000,0.593,334
stdmap_r1,cancel,10000,0.594,334
stdmap_r1,cancel,10000,0.595,334
stdmap_r1,cancel,10000,0.596,334
stdmap_r1,cancel,10000,0.597,375
stdmap_r1,cancel,10000,0.598,375
stdmap_r1,cancel,10000,0.599,375
stdmap_r1,cancel,10000,0.6,375
stdmap_r1,cancel,10000,0.601,375
stdmap_r1,cancel,10000,0.602,375
stdmap_r1,cancel,10000,0.603,375
stdmap_r1,cancel,10000,0.604,375
stdmap_r1,cancel,10000,0.605,375
stdmap_r1,cancel,10000,0.606,375
stdmap_r1,cancel,10000,0.607,375
stdmap_r1,cancel,10000,0.608,375
stdmap_r1,cancel,10000,0.609,375
stdmap_r1,cancel,10000,0.61,375
stdmap_r1,cancel,10000,0.611,375
stdmap_r1,cancel,10000,0.612,375
stdmap_r1,cancel,10000,0.613,375
stdmap_r1,cancel,10000,0.614,375
stdmap_r1,cancel,10000,0.615,375
stdmap_r1,cancel,10000,0.616,375
stdmap_r1,cancel,10000,0.617,375
stdmap_r1,cancel,10000,0.618,375
stdmap_r1,cancel,10000,0.619,375
stdmap_r1,cancel,10000,0.62,375
stdmap_r1,cancel,10000,0.621,375
stdmap_r1,cancel,10000,0.622,375
stdmap_r1,cancel,10000,0.623,375
stdmap_r1,cancel,10000,0.624,375
stdmap_r1,cancel,10000,0.625,375
stdmap_r1,cancel,10000,0.626,375
stdmap_r1,cancel,10000,0.627,375
stdmap_r1,cancel,10000,0.628,375
stdmap_r1,cancel,10000,0.629,375
stdmap_r1,cancel,10000,0.63,375
stdmap_r1,cancel,10000,0.631,375
stdmap_r1,cancel,10000,0.632,375
stdmap_r1,cancel,10000,0.633,375
stdmap_r1,cancel,10000,0.634,375
stdmap_r1,cancel,10000,0.635,416
stdmap_r1,cancel,10000,0.636,416
stdmap_r1,cancel,10000,0.637,416
stdmap_r1,cancel,10000,0.638,416
stdmap_r1,cancel,10000,0.639,416
stdmap_r1,cancel,10000,0.64,416
stdmap_r1,cancel,10000,0.641,416
stdmap_r1,cancel,10000,0.642,416
stdmap_r1,cancel,10000,0.643,416
stdmap_r1,cancel,10000,0.644,416
stdmap_r1,cancel,10000,0.645,417
stdmap_r1,cancel,10000,0.646,417
stdmap_r1,cancel,10000,0.647,417
stdmap_r1,cancel,10000,0.648,417
stdmap_r1,cancel,10000,0.649,417
stdmap_r1,cancel,10000,0.65,417
stdmap_r1,cancel,10000,0.651,417
stdmap_r1,cancel,10000,0.652,417
stdmap_r1,cancel,10000,0.653,417
stdmap_r1,cancel,10000,0.654,417
stdmap_r1,cancel,10000,0.655,417
stdmap_r1,cancel,10000,0.656,417
stdmap_r1,cancel,10000,0.657,417
stdmap_r1,cancel,10000,0.658,417
stdmap_r1,cancel,10000,0.659,417
stdmap_r1,cancel,10000,0.66,417
stdmap_r1,cancel,10000,0.661,417
stdmap_r1,cancel,10000,0.662,417
stdmap_r1,cancel,10000,0.663,417
stdmap_r1,cancel,10000,0.664,417
stdmap_r1,cancel,10000,0.665,417
stdmap_r1,cancel,10000,0.666,458
stdmap_r1,cancel,10000,0.667,458
stdmap_r1,cancel,10000,0.668,458
stdmap_r1,cancel,10000,0.669,458
stdmap_r1,cancel,10000,0.67,458
stdmap_r1,cancel,10000,0.671,458
stdmap_r1,cancel,10000,0.672,458
stdmap_r1,cancel,10000,0.673,458
stdmap_r1,cancel,10000,0.674,458
stdmap_r1,cancel,10000,0.675,458
stdmap_r1,cancel,10000,0.676,458
stdmap_r1,cancel,10000,0.677,458
stdmap_r1,cancel,10000,0.678,458
stdmap_r1,cancel,10000,0.679,458
stdmap_r1,cancel,10000,0.68,458
stdmap_r1,cancel,10000,0.681,458
stdmap_r1,cancel,10000,0.682,458
stdmap_r1,cancel,10000,0.683,458
stdmap_r1,cancel,10000,0.684,458
stdmap_r1,cancel,10000,0.685,458
stdmap_r1,cancel,10000,0.686,459
stdmap_r1,cancel,10000,0.687,459
stdmap_r1,cancel,10000,0.688,459
stdmap_r1,cancel,10000,0.689,459
stdmap_r1,cancel,10000,0.69,459
stdmap_r1,cancel,10000,0.691,459
stdmap_r1,cancel,10000,0.692,459
stdmap_r1,cancel,10000,0.693,459
stdmap_r1,cancel,10000,0.694,459
stdmap_r1,cancel,10000,0.695,459
stdmap_r1,cancel,10000,0.696,500
stdmap_r1,cancel,10000,0.697,500
stdmap_r1,cancel,10000,0.698,500
stdmap_r1,cancel,10000,0.699,500
stdmap_r1,cancel,10000,0.7,500
stdmap_r1,cancel,10000,0.701,500
stdmap_r1,cancel,10000,0.702,500
stdmap_r1,cancel,10000,0.703,500
stdmap_r1,cancel,10000,0.704,500
stdmap_r1,cancel,10000,0.705,500
stdmap_r1,cancel,10000,0.706,500
stdmap_r1,cancel,10000,0.707,500
stdmap_r1,cancel,10000,0.708,500
stdmap_r1,cancel,10000,0.709,500
stdmap_r1,cancel,10000,0.71,500
stdmap_r1,cancel,10000,0.711,500
stdmap_r1,cancel,10000,0.712,500
stdmap_r1,cancel,10000,0.713,500
stdmap_r1,cancel,10000,0.714,500
stdmap_r1,cancel,10000,0.715,500
stdmap_r1,cancel,10000,0.716,500
stdmap_r1,cancel,10000,0.717,500
stdmap_r1,cancel,10000,0.718,500
stdmap_r1,cancel,10000,0.719,500
stdmap_r1,cancel,10000,0.72,500
stdmap_r1,cancel,10000,0.721,500
stdmap_r1,cancel,10000,0.722,500
stdmap_r1,cancel,10000,0.723,500
stdmap_r1,cancel,10000,0.724,500
stdmap_r1,cancel,10000,0.725,500
stdmap_r1,cancel,10000,0.726,500
stdmap_r1,cancel,10000,0.727,500
stdmap_r1,cancel,10000,0.728,541
stdmap_r1,cancel,10000,0.729,541
stdmap_r1,cancel,10000,0.73,541
stdmap_r1,cancel,10000,0.731,541
stdmap_r1,cancel,10000,0.732,541
stdmap_r1,cancel,10000,0.733,541
stdmap_r1,cancel,10000,0.734,541
stdmap_r1,cancel,10000,0.735,541
stdmap_r1,cancel,10000,0.736,541
stdmap_r1,cancel,10000,0.737,541
stdmap_r1,cancel,10000,0.738,542
stdmap_r1,cancel,10000,0.739,542
stdmap_r1,cancel,10000,0.74,542
stdmap_r1,cancel,10000,0.741,542
stdmap_r1,cancel,10000,0.742,542
stdmap_r1,cancel,10000,0.743,542
stdmap_r1,cancel,10000,0.744,542
stdmap_r1,cancel,10000,0.745,542
stdmap_r1,cancel,10000,0.746,542
stdmap_r1,cancel,10000,0.747,542
stdmap_r1,cancel,10000,0.748,542
stdmap_r1,cancel,10000,0.749,542
stdmap_r1,cancel,10000,0.75,542
stdmap_r1,cancel,10000,0.751,542
stdmap_r1,cancel,10000,0.752,542
stdmap_r1,cancel,10000,0.753,542
stdmap_r1,cancel,10000,0.754,542
stdmap_r1,cancel,10000,0.755,542
stdmap_r1,cancel,10000,0.756,542
stdmap_r1,cancel,10000,0.757,542
stdmap_r1,cancel,10000,0.758,542
stdmap_r1,cancel,10000,0.759,583
stdmap_r1,cancel,10000,0.76,583
stdmap_r1,cancel,10000,0.761,583
stdmap_r1,cancel,10000,0.762,583
stdmap_r1,cancel,10000,0.763,583
stdmap_r1,cancel,10000,0.764,583
stdmap_r1,cancel,10000,0.765,583
stdmap_r1,cancel,10000,0.766,583
stdmap_r1,cancel,10000,0.767,583
stdmap_r1,cancel,10000,0.768,583
stdmap_r1,cancel,10000,0.769,583
stdmap_r1,cancel,10000,0.77,583
stdmap_r1,cancel,10000,0.771,583
stdmap_r1,cancel,10000,0.772,583
stdmap_r1,cancel,10000,0.773,583
stdmap_r1,cancel,10000,0.774,583
stdmap_r1,cancel,10000,0.775,583
stdmap_r1,cancel,10000,0.776,583
stdmap_r1,cancel,10000,0.777,583
stdmap_r1,cancel,10000,0.778,583
stdmap_r1,cancel,10000,0.779,583
stdmap_r1,cancel,10000,0.78,583
stdmap_r1,cancel,10000,0.781,584
stdmap_r1,cancel,10000,0.782,584
stdmap_r1,cancel,10000,0.783,584
stdmap_r1,cancel,10000,0.784,584
stdmap_r1,cancel,10000,0.785,584
stdmap_r1,cancel,10000,0.786,584
stdmap_r1,cancel,10000,0.787,584
stdmap_r1,cancel,10000,0.788,584
stdmap_r1,cancel,10000,0.789,584
stdmap_r1,cancel,10000,0.79,584
stdmap_r1,cancel,10000,0.791,625
stdmap_r1,cancel,10000,0.792,625
stdmap_r1,cancel,10000,0.793,625
stdmap_r1,cancel,10000,0.794,625
stdmap_r1,cancel,10000,0.795,625
stdmap_r1,cancel,10000,0.796,625
stdmap_r1,cancel,10000,0.797,625
stdmap_r1,cancel,10000,0.798,625
stdmap_r1,cancel,10000,0.799,625
stdmap_r1,cancel,10000,0.8,625
stdmap_r1,cancel,10000,0.801,625
stdmap_r1,cancel,10000,0.802,625
stdmap_r1,cancel,10000,0.803,625
stdmap_r1,cancel,10000,0.804,625
stdmap_r1,cancel,10000,0.805,625
stdmap_r1,cancel,10000,0.806,625
stdmap_r1,cancel,10000,0.807,625
stdmap_r1,cancel,10000,0.808,625
stdmap_r1,cancel,10000,0.809,625
stdmap_r1,cancel,10000,0.81,625
stdmap_r1,cancel,10000,0.811,625
stdmap_r1,cancel,10000,0.812,625
stdmap_r1,cancel,10000,0.813,625
stdmap_r1,cancel,10000,0.814,625
stdmap_r1,cancel,10000,0.815,625
stdmap_r1,cancel,10000,0.816,625
stdmap_r1,cancel,10000,0.817,625
stdmap_r1,cancel,10000,0.818,625
stdmap_r1,cancel,10000,0.819,625
stdmap_r1,cancel,10000,0.82,625
stdmap_r1,cancel,10000,0.821,625
stdmap_r1,cancel,10000,0.822,625
stdmap_r1,cancel,10000,0.823,666
stdmap_r1,cancel,10000,0.824,666
stdmap_r1,cancel,10000,0.825,666
stdmap_r1,cancel,10000,0.826,666
stdmap_r1,cancel,10000,0.827,666
stdmap_r1,cancel,10000,0.828,666
stdmap_r1,cancel,10000,0.829,666
stdmap_r1,cancel,10000,0.83,666
stdmap_r1,cancel,10000,0.831,666
stdmap_r1,cancel,10000,0.832,667
stdmap_r1,cancel,10000,0.833,667
stdmap_r1,cancel,10000,0.834,667
stdmap_r1,cancel,10000,0.835,667
stdmap_r1,cancel,10000,0.836,667
stdmap_r1,cancel,10000,0.837,667
stdmap_r1,cancel,10000,0.838,667
stdmap_r1,cancel,10000,0.839,667
stdmap_r1,cancel,10000,0.84,667
stdmap_r1,cancel,10000,0.841,667
stdmap_r1,cancel,10000,0.842,667
stdmap_r1,cancel,10000,0.843,667
stdmap_r1,cancel,10000,0.844,667
stdmap_r1,cancel,10000,0.845,667
stdmap_r1,cancel,10000,0.846,667
stdmap_r1,cancel,10000,0.847,667
stdmap_r1,cancel,10000,0.848,667
stdmap_r1,cancel,10000,0.849,667
stdmap_r1,cancel,10000,0.85,667
stdmap_r1,cancel,10000,0.851,667
stdmap_r1,cancel,10000,0.852,708
stdmap_r1,cancel,10000,0.853,708
stdmap_r1,cancel,10000,0.854,708
stdmap_r1,cancel,10000,0.855,708
stdmap_r1,cancel,10000,0.856,708
stdmap_r1,cancel,10000,0.857,708
stdmap_r1,cancel,10000,0.858,708
stdmap_r1,cancel,10000,0.859,708
stdmap_r1,cancel,10000,0.86,708
stdmap_r1,cancel,10000,0.861,708
stdmap_r1,cancel,10000,0.862,708
stdmap_r1,cancel,10000,0.863,708
stdmap_r1,cancel,10000,0.864,708
stdmap_r1,cancel,10000,0.865,708
stdmap_r1,cancel,10000,0.866,708
stdmap_r1,cancel,10000,0.867,708
stdmap_r1,cancel,10000,0.868,709
stdmap_r1,cancel,10000,0.869,709
stdmap_r1,cancel,10000,0.87,709
stdmap_r1,cancel,10000,0.871,709
stdmap_r1,cancel,10000,0.872,709
stdmap_r1,cancel,10000,0.873,709
stdmap_r1,cancel,10000,0.874,709
stdmap_r1,cancel,10000,0.875,709
stdmap_r1,cancel,10000,0.876,750
stdmap_r1,cancel,10000,0.877,750
stdmap_r1,cancel,10000,0.878,750
stdmap_r1,cancel,10000,0.879,750
stdmap_r1,cancel,10000,0.88,750
stdmap_r1,cancel,10000,0.881,750
stdmap_r1,cancel,10000,0.882,750
stdmap_r1,cancel,10000,0.883,750
stdmap_r1,cancel,10000,0.884,750
stdmap_r1,cancel,10000,0.885,750
stdmap_r1,cancel,10000,0.886,750
stdmap_r1,cancel,10000,0.887,750
stdmap_r1,cancel,10000,0.888,750
stdmap_r1,cancel,10000,0.889,750
stdmap_r1,cancel,10000,0.89,750
stdmap_r1,cancel,10000,0.891,750
stdmap_r1,cancel,10000,0.892,750
stdmap_r1,cancel,10000,0.893,750
stdmap_r1,cancel,10000,0.894,750
stdmap_r1,cancel,10000,0.895,750
stdmap_r1,cancel,10000,0.896,750
stdmap_r1,cancel,10000,0.897,750
stdmap_r1,cancel,10000,0.898,750
stdmap_r1,cancel,10000,0.899,750
stdmap_r1,cancel,10000,0.9,791
stdmap_r1,cancel,10000,0.901,791
stdmap_r1,cancel,10000,0.902,791
stdmap_r1,cancel,10000,0.903,791
stdmap_r1,cancel,10000,0.904,791
stdmap_r1,cancel,10000,0.905,791
stdmap_r1,cancel,10000,0.906,791
stdmap_r1,cancel,10000,0.907,791
stdmap_r1,cancel,10000,0.908,792
stdmap_r1,cancel,10000,0.909,792
stdmap_r1,cancel,10000,0.91,792
stdmap_r1,cancel,10000,0.911,792
stdmap_r1,cancel,10000,0.912,792
stdmap_r1,cancel,10000,0.913,792
stdmap_r1,cancel,10000,0.914,792
stdmap_r1,cancel,10000,0.915,792
stdmap_r1,cancel,10000,0.916,792
stdmap_r1,cancel,10000,0.917,792
stdmap_r1,cancel,10000,0.918,792
stdmap_r1,cancel,10000,0.919,792
stdmap_r1,cancel,10000,0.92,792
stdmap_r1,cancel,10000,0.921,792
stdmap_r1,cancel,10000,0.922,833
stdmap_r1,cancel,10000,0.923,833
stdmap_r1,cancel,10000,0.924,833
stdmap_r1,cancel,10000,0.925,833
stdmap_r1,cancel,10000,0.926,833
stdmap_r1,cancel,10000,0.927,833
stdmap_r1,cancel,10000,0.928,833
stdmap_r1,cancel,10000,0.929,833
stdmap_r1,cancel,10000,0.93,833
stdmap_r1,cancel,10000,0.931,833
stdmap_r1,cancel,10000,0.932,833
stdmap_r1,cancel,10000,0.933,834
stdmap_r1,cancel,10000,0.934,834
stdmap_r1,cancel,10000,0.935,834
stdmap_r1,cancel,10000,0.936,834
stdmap_r1,cancel,10000,0.937,834
stdmap_r1,cancel,10000,0.938,875
stdmap_r1,cancel,10000,0.939,875
stdmap_r1,cancel,10000,0.94,875
stdmap_r1,cancel,10000,0.941,875
stdmap_r1,cancel,10000,0.942,875
stdmap_r1,cancel,10000,0.943,875
stdmap_r1,cancel,10000,0.944,875
stdmap_r1,cancel,10000,0.945,875
stdmap_r1,cancel,10000,0.946,875
stdmap_r1,cancel,10000,0.947,875
stdmap_r1,cancel,10000,0.948,875
stdmap_r1,cancel,10000,0.949,875
stdmap_r1,cancel,10000,0.95,916
stdmap_r1,cancel,10000,0.951,916
stdmap_r1,cancel,10000,0.952,916
stdmap_r1,cancel,10000,0.953,917
stdmap_r1,cancel,10000,0.954,917
stdmap_r1,cancel,10000,0.955,917
stdmap_r1,cancel,10000,0.956,917
stdmap_r1,cancel,10000,0.957,917
stdmap_r1,cancel,10000,0.958,917
stdmap_r1,cancel,10000,0.959,958
stdmap_r1,cancel,10000,0.96,958
stdmap_r1,cancel,10000,0.961,958
stdmap_r1,cancel,10000,0.962,958
stdmap_r1,cancel,10000,0.963,958
stdmap_r1,cancel,10000,0.964,959
stdmap_r1,cancel,10000,0.965,959
stdmap_r1,cancel,10000,0.966,1000
stdmap_r1,cancel,10000,0.967,1000
stdmap_r1,cancel,10000,0.968,1000
stdmap_r1,cancel,10000,0.969,1000
stdmap_r1,cancel,10000,0.97,1000
stdmap_r1,cancel,10000,0.971,1041
stdmap_r1,cancel,10000,0.972,1041
stdmap_r1,cancel,10000,0.973,1042
stdmap_r1,cancel,10000,0.974,1042
stdmap_r1,cancel,10000,0.975,1042
stdmap_r1,cancel,10000,0.976,1083
stdmap_r1,cancel,10000,0.977,1083
stdmap_r1,cancel,10000,0.978,1084
stdmap_r1,cancel,10000,0.979,1125
stdmap_r1,cancel,10000,0.98,1125
stdmap_r1,cancel,10000,0.981,1125
stdmap_r1,cancel,10000,0.982,1166
stdmap_r1,cancel,10000,0.983,1167
stdmap_r1,cancel,10000,0.984,1167
stdmap_r1,cancel,10000,0.985,1208
stdmap_r1,cancel,10000,0.986,1209
stdmap_r1,cancel,10000,0.987,1250
stdmap_r1,cancel,10000,0.988,1250
stdmap_r1,cancel,10000,0.989,1291
stdmap_r1,cancel,10000,0.99,1292
stdmap_r1,cancel,10000,0.991,1334
stdmap_r1,cancel,10000,0.992,1375
stdmap_r1,cancel,10000,0.993,1417
stdmap_r1,cancel,10000,0.994,1500
stdmap_r1,cancel,10000,0.995,1583
stdmap_r1,cancel,10000,0.996,1708
stdmap_r1,cancel,10000,0.997,1958
stdmap_r1,cancel,10000,0.998,2666
stdmap_r1,cancel,10000,0.999,32250
stdmap_r1,match,10000,0,0
stdmap_r1,match,10000,0.001,41
stdmap_r1,match,10000,0.002,41
stdmap_r1,match,10000,0.003,41
stdmap_r1,match,10000,0.004,42
stdmap_r1,match,10000,0.005,42
stdmap_r1,match,10000,0.006,42
stdmap_r1,match,10000,0.007,42
stdmap_r1,match,10000,0.008,42
stdmap_r1,match,10000,0.009,42
stdmap_r1,match,10000,0.01,83
stdmap_r1,match,10000,0.011,83
stdmap_r1,match,10000,0.012,83
stdmap_r1,match,10000,0.013,83
stdmap_r1,match,10000,0.014,83
stdmap_r1,match,10000,0.015,83
stdmap_r1,match,10000,0.016,83
stdmap_r1,match,10000,0.017,83
stdmap_r1,match,10000,0.018,83
stdmap_r1,match,10000,0.019,83
stdmap_r1,match,10000,0.02,83
stdmap_r1,match,10000,0.021,83
stdmap_r1,match,10000,0.022,83
stdmap_r1,match,10000,0.023,83
stdmap_r1,match,10000,0.024,83
stdmap_r1,match,10000,0.025,83
stdmap_r1,match,10000,0.026,83
stdmap_r1,match,10000,0.027,83
stdmap_r1,match,10000,0.028,83
stdmap_r1,match,10000,0.029,83
stdmap_r1,match,10000,0.03,83
stdmap_r1,match,10000,0.031,83
stdmap_r1,match,10000,0.032,83
stdmap_r1,match,10000,0.033,83
stdmap_r1,match,10000,0.034,83
stdmap_r1,match,10000,0.035,83
stdmap_r1,match,10000,0.036,83
stdmap_r1,match,10000,0.037,83
stdmap_r1,match,10000,0.038,83
stdmap_r1,match,10000,0.039,83
stdmap_r1,match,10000,0.04,83
stdmap_r1,match,10000,0.041,83
stdmap_r1,match,10000,0.042,83
stdmap_r1,match,10000,0.043,83
stdmap_r1,match,10000,0.044,83
stdmap_r1,match,10000,0.045,83
stdmap_r1,match,10000,0.046,83
stdmap_r1,match,10000,0.047,83
stdmap_r1,match,10000,0.048,83
stdmap_r1,match,10000,0.049,83
stdmap_r1,match,10000,0.05,83
stdmap_r1,match,10000,0.051,83
stdmap_r1,match,10000,0.052,83
stdmap_r1,match,10000,0.053,83
stdmap_r1,match,10000,0.054,83
stdmap_r1,match,10000,0.055,83
stdmap_r1,match,10000,0.056,83
stdmap_r1,match,10000,0.057,83
stdmap_r1,match,10000,0.058,83
stdmap_r1,match,10000,0.059,83
stdmap_r1,match,10000,0.06,83
stdmap_r1,match,10000,0.061,83
stdmap_r1,match,10000,0.062,83
stdmap_r1,match,10000,0.063,83
stdmap_r1,match,10000,0.064,83
stdmap_r1,match,10000,0.065,83
stdmap_r1,match,10000,0.066,83
stdmap_r1,match,10000,0.067,83
stdmap_r1,match,10000,0.068,83
stdmap_r1,match,10000,0.069,83
stdmap_r1,match,10000,0.07,83
stdmap_r1,match,10000,0.071,83
stdmap_r1,match,10000,0.072,83
stdmap_r1,match,10000,0.073,83
stdmap_r1,match,10000,0.074,83
stdmap_r1,match,10000,0.075,83
stdmap_r1,match,10000,0.076,83
stdmap_r1,match,10000,0.077,83
stdmap_r1,match,10000,0.078,83
stdmap_r1,match,10000,0.079,83
stdmap_r1,match,10000,0.08,83
stdmap_r1,match,10000,0.081,83
stdmap_r1,match,10000,0.082,83
stdmap_r1,match,10000,0.083,83
stdmap_r1,match,10000,0.084,83
stdmap_r1,match,10000,0.085,83
stdmap_r1,match,10000,0.086,83
stdmap_r1,match,10000,0.087,83
stdmap_r1,match,10000,0.088,83
stdmap_r1,match,10000,0.089,83
stdmap_r1,match,10000,0.09,83
stdmap_r1,match,10000,0.091,83
stdmap_r1,match,10000,0.092,83
stdmap_r1,match,10000,0.093,83
stdmap_r1,match,10000,0.094,83
stdmap_r1,match,10000,0.095,83
stdmap_r1,match,10000,0.096,83
stdmap_r1,match,10000,0.097,83
stdmap_r1,match,10000,0.098,83
stdmap_r1,match,10000,0.099,83
stdmap_r1,match,10000,0.1,83
stdmap_r1,match,10000,0.101,83
stdmap_r1,match,10000,0.102,83
stdmap_r1,match,10000,0.103,83
stdmap_r1,match,10000,0.104,83
stdmap_r1,match,10000,0.105,83
stdmap_r1,match,10000,0.106,83
stdmap_r1,match,10000,0.107,83
stdmap_r1,match,10000,0.108,83
stdmap_r1,match,10000,0.109,83
stdmap_r1,match,10000,0.11,83
stdmap_r1,match,10000,0.111,83
stdmap_r1,match,10000,0.112,83
stdmap_r1,match,10000,0.113,83
stdmap_r1,match,10000,0.114,83
stdmap_r1,match,10000,0.115,83
stdmap_r1,match,10000,0.116,83
stdmap_r1,match,10000,0.117,83
stdmap_r1,match,10000,0.118,83
stdmap_r1,match,10000,0.119,83
stdmap_r1,match,10000,0.12,83
stdmap_r1,match,10000,0.121,83
stdmap_r1,match,10000,0.122,83
stdmap_r1,match,10000,0.123,83
stdmap_r1,match,10000,0.124,83
stdmap_r1,match,10000,0.125,83
stdmap_r1,match,10000,0.126,83
stdmap_r1,match,10000,0.127,83
stdmap_r1,match,10000,0.128,83
stdmap_r1,match,10000,0.129,83
stdmap_r1,match,10000,0.13,83
stdmap_r1,match,10000,0.131,83
stdmap_r1,match,10000,0.132,83
stdmap_r1,match,10000,0.133,83
stdmap_r1,match,10000,0.134,83
stdmap_r1,match,10000,0.135,83
stdmap_r1,match,10000,0.136,83
stdmap_r1,match,10000,0.137,83
stdmap_r1,match,10000,0.138,83
stdmap_r1,match,10000,0.139,83
stdmap_r1,match,10000,0.14,83
stdmap_r1,match,10000,0.141,83
stdmap_r1,match,10000,0.142,83
stdmap_r1,match,10000,0.143,83
stdmap_r1,match,10000,0.144,83
stdmap_r1,match,10000,0.145,83
stdmap_r1,match,10000,0.146,83
stdmap_r1,match,10000,0.147,83
stdmap_r1,match,10000,0.148,83
stdmap_r1,match,10000,0.149,83
stdmap_r1,match,10000,0.15,83
stdmap_r1,match,10000,0.151,83
stdmap_r1,match,10000,0.152,83
stdmap_r1,match,10000,0.153,83
stdmap_r1,match,10000,0.154,83
stdmap_r1,match,10000,0.155,83
stdmap_r1,match,10000,0.156,83
stdmap_r1,match,10000,0.157,83
stdmap_r1,match,10000,0.158,83
stdmap_r1,match,10000,0.159,83
stdmap_r1,match,10000,0.16,83
stdmap_r1,match,10000,0.161,83
stdmap_r1,match,10000,0.162,83
stdmap_r1,match,10000,0.163,83
stdmap_r1,match,10000,0.164,83
stdmap_r1,match,10000,0.165,83
stdmap_r1,match,10000,0.166,83
stdmap_r1,match,10000,0.167,83
stdmap_r1,match,10000,0.168,83
stdmap_r1,match,10000,0.169,83
stdmap_r1,match,10000,0.17,83
stdmap_r1,match,10000,0.171,83
stdmap_r1,match,10000,0.172,83
stdmap_r1,match,10000,0.173,83
stdmap_r1,match,10000,0.174,83
stdmap_r1,match,10000,0.175,83
stdmap_r1,match,10000,0.176,83
stdmap_r1,match,10000,0.177,83
stdmap_r1,match,10000,0.178,83
stdmap_r1,match,10000,0.179,83
stdmap_r1,match,10000,0.18,83
stdmap_r1,match,10000,0.181,83
stdmap_r1,match,10000,0.182,83
stdmap_r1,match,10000,0.183,83
stdmap_r1,match,10000,0.184,83
stdmap_r1,match,10000,0.185,83
stdmap_r1,match,10000,0.186,83
stdmap_r1,match,10000,0.187,83
stdmap_r1,match,10000,0.188,83
stdmap_r1,match,10000,0.189,84
stdmap_r1,match,10000,0.19,84
stdmap_r1,match,10000,0.191,84
stdmap_r1,match,10000,0.192,84
stdmap_r1,match,10000,0.193,84
stdmap_r1,match,10000,0.194,84
stdmap_r1,match,10000,0.195,84
stdmap_r1,match,10000,0.196,84
stdmap_r1,match,10000,0.197,84
stdmap_r1,match,10000,0.198,84
stdmap_r1,match,10000,0.199,84
stdmap_r1,match,10000,0.2,84
stdmap_r1,match,10000,0.201,84
stdmap_r1,match,10000,0.202,84
stdmap_r1,match,10000,0.203,84
stdmap_r1,match,10000,0.204,84
stdmap_r1,match,10000,0.205,84
stdmap_r1,match,10000,0.206,84
stdmap_r1,match,10000,0.207,84
stdmap_r1,match,10000,0.208,84
stdmap_r1,match,10000,0.209,84
stdmap_r1,match,10000,0.21,84
stdmap_r1,match,10000,0.211,84
stdmap_r1,match,10000,0.212,84
stdmap_r1,match,10000,0.213,84
stdmap_r1,match,10000,0.214,84
stdmap_r1,match,10000,0.215,84
stdmap_r1,match,10000,0.216,84
stdmap_r1,match,10000,0.217,84
stdmap_r1,match,10000,0.218,84
stdmap_r1,match,10000,0.219,84
stdmap_r1,match,10000,0.22,84
stdmap_r1,match,10000,0.221,84
stdmap_r1,match,10000,0.222,84
stdmap_r1,match,10000,0.223,84
stdmap_r1,match,10000,0.224,84
stdmap_r1,match,10000,0.225,84
stdmap_r1,match,10000,0.226,84
stdmap_r1,match,10000,0.227,84
stdmap_r1,match,10000,0.228,84
stdmap_r1,match,10000,0.229,84
stdmap_r1,match,10000,0.23,84
stdmap_r1,match,10000,0.231,84
stdmap_r1,match,10000,0.232,84
stdmap_r1,match,10000,0.233,84
stdmap_r1,match,10000,0.234,84
stdmap_r1,match,10000,0.235,84
stdmap_r1,match,10000,0.236,84
stdmap_r1,match,10000,0.237,84
stdmap_r1,match,10000,0.238,84
stdmap_r1,match,10000,0.239,84
stdmap_r1,match,10000,0.24,84
stdmap_r1,match,10000,0.241,84
stdmap_r1,match,10000,0.242,84
stdmap_r1,match,10000,0.243,84
stdmap_r1,match,10000,0.244,84
stdmap_r1,match,10000,0.245,84
stdmap_r1,match,10000,0.246,84
stdmap_r1,match,10000,0.247,84
stdmap_r1,match,10000,0.248,84
stdmap_r1,match,10000,0.249,84
stdmap_r1,match,10000,0.25,84
stdmap_r1,match,10000,0.251,84
stdmap_r1,match,10000,0.252,84
stdmap_r1,match,10000,0.253,84
stdmap_r1,match,10000,0.254,84
stdmap_r1,match,10000,0.255,84
stdmap_r1,match,10000,0.256,84
stdmap_r1,match,10000,0.257,84
stdmap_r1,match,10000,0.258,84
stdmap_r1,match,10000,0.259,84
stdmap_r1,match,10000,0.26,84
stdmap_r1,match,10000,0.261,84
stdmap_r1,match,10000,0.262,84
stdmap_r1,match,10000,0.263,84
stdmap_r1,match,10000,0.264,84
stdmap_r1,match,10000,0.265,84
stdmap_r1,match,10000,0.266,84
stdmap_r1,match,10000,0.267,84
stdmap_r1,match,10000,0.268,84
stdmap_r1,match,10000,0.269,84
stdmap_r1,match,10000,0.27,84
stdmap_r1,match,10000,0.271,84
stdmap_r1,match,10000,0.272,84
stdmap_r1,match,10000,0.273,84
stdmap_r1,match,10000,0.274,84
stdmap_r1,match,10000,0.275,84
stdmap_r1,match,10000,0.276,84
stdmap_r1,match,10000,0.277,125
stdmap_r1,match,10000,0.278,125
stdmap_r1,match,10000,0.279,125
stdmap_r1,match,10000,0.28,125
stdmap_r1,match,10000,0.281,125
stdmap_r1,match,10000,0.282,125
stdmap_r1,match,10000,0.283,125
stdmap_r1,match,10000,0.284,125
stdmap_r1,match,10000,0.285,125
stdmap_r1,match,10000,0.286,125
stdmap_r1,match,10000,0.287,125
stdmap_r1,match,10000,0.288,125
stdmap_r1,match,10000,0.289,125
stdmap_r1,match,10000,0.29,125
stdmap_r1,match,10000,0.291,125
stdmap_r1,match,10000,0.292,125
stdmap_r1,match,10000,0.293,125
stdmap_r1,match,10000,0.294,125
stdmap_r1,match,10000,0.295,125
stdmap_r1,match,10000,0.296,125
stdmap_r1,match,10000,0.297,125
stdmap_r1,match,10000,0.298,125
stdmap_r1,match,10000,0.299,125
stdmap_r1,match,10000,0.3,125
stdmap_r1,match,10000,0.301,125
stdmap_r1,match,10000,0.302,125
stdmap_r1,match,10000,0.303,125
stdmap_r1,match,10000,0.304,125
stdmap_r1,match,10000,0.305,125
stdmap_r1,match,10000,0.306,125
stdmap_r1,match,10000,0.307,125
stdmap_r1,match,10000,0.308,125
stdmap_r1,match,10000,0.309,125
stdmap_r1,match,10000,0.31,125
stdmap_r1,match,10000,0.311,125
stdmap_r1,match,10000,0.312,125
stdmap_r1,match,10000,0.313,125
stdmap_r1,match,10000,0.314,125
stdmap_r1,match,10000,0.315,125
stdmap_r1,match,10000,0.316,125
stdmap_r1,match,10000,0.317,125
stdmap_r1,match,10000,0.318,125
stdmap_r1,match,10000,0.319,125
stdmap_r1,match,10000,0.32,125
stdmap_r1,match,10000,0.321,125
stdmap_r1,match,10000,0.322,125
stdmap_r1,match,10000,0.323,125
stdmap_r1,match,10000,0.324,125
stdmap_r1,match,10000,0.325,125
stdmap_r1,match,10000,0.326,125
stdmap_r1,match,10000,0.327,125
stdmap_r1,match,10000,0.328,125
stdmap_r1,match,10000,0.329,125
stdmap_r1,match,10000,0.33,125
stdmap_r1,match,10000,0.331,125
stdmap_r1,match,10000,0.332,125
stdmap_r1,match,10000,0.333,125
stdmap_r1,match,10000,0.334,125
stdmap_r1,match,10000,0.335,125
stdmap_r1,match,10000,0.336,125
stdmap_r1,match,10000,0.337,125
stdmap_r1,match,10000,0.338,125
stdmap_r1,match,10000,0.339,125
stdmap_r1,match,10000,0.34,125
stdmap_r1,match,10000,0.341,125
stdmap_r1,match,10000,0.342,125
stdmap_r1,match,10000,0.343,125
stdmap_r1,match,10000,0.344,125
stdmap_r1,match,10000,0.345,125
stdmap_r1,match,10000,0.346,125
stdmap_r1,match,10000,0.347,125
stdmap_r1,match,10000,0.348,125
stdmap_r1,match,10000,0.349,125
stdmap_r1,match,10000,0.35,125
stdmap_r1,match,10000,0.351,125
stdmap_r1,match,10000,0.352,125
stdmap_r1,match,10000,0.353,125
stdmap_r1,match,10000,0.354,125
stdmap_r1,match,10000,0.355,125
stdmap_r1,match,10000,0.356,125
stdmap_r1,match,10000,0.357,125
stdmap_r1,match,10000,0.358,125
stdmap_r1,match,10000,0.359,125
stdmap_r1,match,10000,0.36,125
stdmap_r1,match,10000,0.361,125
stdmap_r1,match,10000,0.362,125
stdmap_r1,match,10000,0.363,125
stdmap_r1,match,10000,0.364,125
stdmap_r1,match,10000,0.365,125
stdmap_r1,match,10000,0.366,125
stdmap_r1,match,10000,0.367,125
stdmap_r1,match,10000,0.368,125
stdmap_r1,match,10000,0.369,125
stdmap_r1,match,10000,0.37,125
stdmap_r1,match,10000,0.371,125
stdmap_r1,match,10000,0.372,125
stdmap_r1,match,10000,0.373,125
stdmap_r1,match,10000,0.374,125
stdmap_r1,match,10000,0.375,125
stdmap_r1,match,10000,0.376,125
stdmap_r1,match,10000,0.377,125
stdmap_r1,match,10000,0.378,125
stdmap_r1,match,10000,0.379,125
stdmap_r1,match,10000,0.38,125
stdmap_r1,match,10000,0.381,125
stdmap_r1,match,10000,0.382,125
stdmap_r1,match,10000,0.383,125
stdmap_r1,match,10000,0.384,125
stdmap_r1,match,10000,0.385,125
stdmap_r1,match,10000,0.386,125
stdmap_r1,match,10000,0.387,125
stdmap_r1,match,10000,0.388,125
stdmap_r1,match,10000,0.389,125
stdmap_r1,match,10000,0.39,125
stdmap_r1,match,10000,0.391,125
stdmap_r1,match,10000,0.392,125
stdmap_r1,match,10000,0.393,125
stdmap_r1,match,10000,0.394,125
stdmap_r1,match,10000,0.395,125
stdmap_r1,match,10000,0.396,125
stdmap_r1,match,10000,0.397,125
stdmap_r1,match,10000,0.398,125
stdmap_r1,match,10000,0.399,125
stdmap_r1,match,10000,0.4,125
stdmap_r1,match,10000,0.401,125
stdmap_r1,match,10000,0.402,125
stdmap_r1,match,10000,0.403,125
stdmap_r1,match,10000,0.404,125
stdmap_r1,match,10000,0.405,125
stdmap_r1,match,10000,0.406,125
stdmap_r1,match,10000,0.407,125
stdmap_r1,match,10000,0.408,125
stdmap_r1,match,10000,0.409,125
stdmap_r1,match,10000,0.41,125
stdmap_r1,match,10000,0.411,125
stdmap_r1,match,10000,0.412,125
stdmap_r1,match,10000,0.413,125
stdmap_r1,match,10000,0.414,125
stdmap_r1,match,10000,0.415,125
stdmap_r1,match,10000,0.416,125
stdmap_r1,match,10000,0.417,125
stdmap_r1,match,10000,0.418,125
stdmap_r1,match,10000,0.419,125
stdmap_r1,match,10000,0.42,125
stdmap_r1,match,10000,0.421,125
stdmap_r1,match,10000,0.422,125
stdmap_r1,match,10000,0.423,125
stdmap_r1,match,10000,0.424,125
stdmap_r1,match,10000,0.425,125
stdmap_r1,match,10000,0.426,125
stdmap_r1,match,10000,0.427,125
stdmap_r1,match,10000,0.428,125
stdmap_r1,match,10000,0.429,125
stdmap_r1,match,10000,0.43,125
stdmap_r1,match,10000,0.431,125
stdmap_r1,match,10000,0.432,125
stdmap_r1,match,10000,0.433,125
stdmap_r1,match,10000,0.434,125
stdmap_r1,match,10000,0.435,125
stdmap_r1,match,10000,0.436,125
stdmap_r1,match,10000,0.437,125
stdmap_r1,match,10000,0.438,125
stdmap_r1,match,10000,0.439,125
stdmap_r1,match,10000,0.44,125
stdmap_r1,match,10000,0.441,125
stdmap_r1,match,10000,0.442,125
stdmap_r1,match,10000,0.443,125
stdmap_r1,match,10000,0.444,125
stdmap_r1,match,10000,0.445,125
stdmap_r1,match,10000,0.446,125
stdmap_r1,match,10000,0.447,125
stdmap_r1,match,10000,0.448,125
stdmap_r1,match,10000,0.449,125
stdmap_r1,match,10000,0.45,125
stdmap_r1,match,10000,0.451,125
stdmap_r1,match,10000,0.452,125
stdmap_r1,match,10000,0.453,125
stdmap_r1,match,10000,0.454,125
stdmap_r1,match,10000,0.455,125
stdmap_r1,match,10000,0.456,125
stdmap_r1,match,10000,0.457,125
stdmap_r1,match,10000,0.458,125
stdmap_r1,match,10000,0.459,125
stdmap_r1,match,10000,0.46,125
stdmap_r1,match,10000,0.461,125
stdmap_r1,match,10000,0.462,125
stdmap_r1,match,10000,0.463,125
stdmap_r1,match,10000,0.464,125
stdmap_r1,match,10000,0.465,125
stdmap_r1,match,10000,0.466,125
stdmap_r1,match,10000,0.467,125
stdmap_r1,match,10000,0.468,125
stdmap_r1,match,10000,0.469,125
stdmap_r1,match,10000,0.47,125
stdmap_r1,match,10000,0.471,125
stdmap_r1,match,10000,0.472,125
stdmap_r1,match,10000,0.473,125
stdmap_r1,match,10000,0.474,125
stdmap_r1,match,10000,0.475,125
stdmap_r1,match,10000,0.476,125
stdmap_r1,match,10000,0.477,125
stdmap_r1,match,10000,0.478,125
stdmap_r1,match,10000,0.479,125
stdmap_r1,match,10000,0.48,125
stdmap_r1,match,10000,0.481,125
stdmap_r1,match,10000,0.482,125
stdmap_r1,match,10000,0.483,125
stdmap_r1,match,10000,0.484,125
stdmap_r1,match,10000,0.485,125
stdmap_r1,match,10000,0.486,125
stdmap_r1,match,10000,0.487,125
stdmap_r1,match,10000,0.488,125
stdmap_r1,match,10000,0.489,125
stdmap_r1,match,10000,0.49,125
stdmap_r1,match,10000,0.491,125
stdmap_r1,match,10000,0.492,125
stdmap_r1,match,10000,0.493,125
stdmap_r1,match,10000,0.494,125
stdmap_r1,match,10000,0.495,125
stdmap_r1,match,10000,0.496,125
stdmap_r1,match,10000,0.497,125
stdmap_r1,match,10000,0.498,125
stdmap_r1,match,10000,0.499,125
stdmap_r1,match,10000,0.5,125
stdmap_r1,match,10000,0.501,125
stdmap_r1,match,10000,0.502,125
stdmap_r1,match,10000,0.503,125
stdmap_r1,match,10000,0.504,125
stdmap_r1,match,10000,0.505,125
stdmap_r1,match,10000,0.506,125
stdmap_r1,match,10000,0.507,125
stdmap_r1,match,10000,0.508,125
stdmap_r1,match,10000,0.509,125
stdmap_r1,match,10000,0.51,125
stdmap_r1,match,10000,0.511,125
stdmap_r1,match,10000,0.512,125
stdmap_r1,match,10000,0.513,125
stdmap_r1,match,10000,0.514,125
stdmap_r1,match,10000,0.515,125
stdmap_r1,match,10000,0.516,125
stdmap_r1,match,10000,0.517,125
stdmap_r1,match,10000,0.518,125
stdmap_r1,match,10000,0.519,125
stdmap_r1,match,10000,0.52,125
stdmap_r1,match,10000,0.521,125
stdmap_r1,match,10000,0.522,125
stdmap_r1,match,10000,0.523,125
stdmap_r1,match,10000,0.524,125
stdmap_r1,match,10000,0.525,125
stdmap_r1,match,10000,0.526,125
stdmap_r1,match,10000,0.527,125
stdmap_r1,match,10000,0.528,125
stdmap_r1,match,10000,0.529,125
stdmap_r1,match,10000,0.53,125
stdmap_r1,match,10000,0.531,125
stdmap_r1,match,10000,0.532,125
stdmap_r1,match,10000,0.533,125
stdmap_r1,match,10000,0.534,125
stdmap_r1,match,10000,0.535,125
stdmap_r1,match,10000,0.536,125
stdmap_r1,match,10000,0.537,125
stdmap_r1,match,10000,0.538,125
stdmap_r1,match,10000,0.539,125
stdmap_r1,match,10000,0.54,125
stdmap_r1,match,10000,0.541,125
stdmap_r1,match,10000,0.542,125
stdmap_r1,match,10000,0.543,125
stdmap_r1,match,10000,0.544,125
stdmap_r1,match,10000,0.545,125
stdmap_r1,match,10000,0.546,125
stdmap_r1,match,10000,0.547,125
stdmap_r1,match,10000,0.548,125
stdmap_r1,match,10000,0.549,125
stdmap_r1,match,10000,0.55,125
stdmap_r1,match,10000,0.551,125
stdmap_r1,match,10000,0.552,125
stdmap_r1,match,10000,0.553,125
stdmap_r1,match,10000,0.554,125
stdmap_r1,match,10000,0.555,125
stdmap_r1,match,10000,0.556,125
stdmap_r1,match,10000,0.557,125
stdmap_r1,match,10000,0.558,125
stdmap_r1,match,10000,0.559,125
stdmap_r1,match,10000,0.56,125
stdmap_r1,match,10000,0.561,125
stdmap_r1,match,10000,0.562,125
stdmap_r1,match,10000,0.563,125
stdmap_r1,match,10000,0.564,125
stdmap_r1,match,10000,0.565,125
stdmap_r1,match,10000,0.566,125
stdmap_r1,match,10000,0.567,125
stdmap_r1,match,10000,0.568,125
stdmap_r1,match,10000,0.569,125
stdmap_r1,match,10000,0.57,125
stdmap_r1,match,10000,0.571,125
stdmap_r1,match,10000,0.572,125
stdmap_r1,match,10000,0.573,125
stdmap_r1,match,10000,0.574,125
stdmap_r1,match,10000,0.575,125
stdmap_r1,match,10000,0.576,125
stdmap_r1,match,10000,0.577,125
stdmap_r1,match,10000,0.578,125
stdmap_r1,match,10000,0.579,125
stdmap_r1,match,10000,0.58,125
stdmap_r1,match,10000,0.581,125
stdmap_r1,match,10000,0.582,125
stdmap_r1,match,10000,0.583,125
stdmap_r1,match,10000,0.584,125
stdmap_r1,match,10000,0.585,125
stdmap_r1,match,10000,0.586,125
stdmap_r1,match,10000,0.587,125
stdmap_r1,match,10000,0.588,125
stdmap_r1,match,10000,0.589,125
stdmap_r1,match,10000,0.59,125
stdmap_r1,match,10000,0.591,125
stdmap_r1,match,10000,0.592,125
stdmap_r1,match,10000,0.593,125
stdmap_r1,match,10000,0.594,125
stdmap_r1,match,10000,0.595,125
stdmap_r1,match,10000,0.596,125
stdmap_r1,match,10000,0.597,125
stdmap_r1,match,10000,0.598,125
stdmap_r1,match,10000,0.599,125
stdmap_r1,match,10000,0.6,125
stdmap_r1,match,10000,0.601,125
stdmap_r1,match,10000,0.602,125
stdmap_r1,match,10000,0.603,125
stdmap_r1,match,10000,0.604,125
stdmap_r1,match,10000,0.605,125
stdmap_r1,match,10000,0.606,125
stdmap_r1,match,10000,0.607,125
stdmap_r1,match,10000,0.608,125
stdmap_r1,match,10000,0.609,125
stdmap_r1,match,10000,0.61,125
stdmap_r1,match,10000,0.611,125
stdmap_r1,match,10000,0.612,125
stdmap_r1,match,10000,0.613,125
stdmap_r1,match,10000,0.614,125
stdmap_r1,match,10000,0.615,125
stdmap_r1,match,10000,0.616,125
stdmap_r1,match,10000,0.617,125
stdmap_r1,match,10000,0.618,125
stdmap_r1,match,10000,0.619,125
stdmap_r1,match,10000,0.62,125
stdmap_r1,match,10000,0.621,125
stdmap_r1,match,10000,0.622,125
stdmap_r1,match,10000,0.623,125
stdmap_r1,match,10000,0.624,125
stdmap_r1,match,10000,0.625,125
stdmap_r1,match,10000,0.626,125
stdmap_r1,match,10000,0.627,125
stdmap_r1,match,10000,0.628,125
stdmap_r1,match,10000,0.629,125
stdmap_r1,match,10000,0.63,125
stdmap_r1,match,10000,0.631,125
stdmap_r1,match,10000,0.632,125
stdmap_r1,match,10000,0.633,125
stdmap_r1,match,10000,0.634,125
stdmap_r1,match,10000,0.635,125
stdmap_r1,match,10000,0.636,125
stdmap_r1,match,10000,0.637,125
stdmap_r1,match,10000,0.638,125
stdmap_r1,match,10000,0.639,125
stdmap_r1,match,10000,0.64,125
stdmap_r1,match,10000,0.641,125
stdmap_r1,match,10000,0.642,125
stdmap_r1,match,10000,0.643,125
stdmap_r1,match,10000,0.644,125
stdmap_r1,match,10000,0.645,125
stdmap_r1,match,10000,0.646,125
stdmap_r1,match,10000,0.647,125
stdmap_r1,match,10000,0.648,125
stdmap_r1,match,10000,0.649,125
stdmap_r1,match,10000,0.65,125
stdmap_r1,match,10000,0.651,125
stdmap_r1,match,10000,0.652,125
stdmap_r1,match,10000,0.653,125
stdmap_r1,match,10000,0.654,125
stdmap_r1,match,10000,0.655,125
stdmap_r1,match,10000,0.656,125
stdmap_r1,match,10000,0.657,125
stdmap_r1,match,10000,0.658,125
stdmap_r1,match,10000,0.659,125
stdmap_r1,match,10000,0.66,125
stdmap_r1,match,10000,0.661,125
stdmap_r1,match,10000,0.662,125
stdmap_r1,match,10000,0.663,125
stdmap_r1,match,10000,0.664,125
stdmap_r1,match,10000,0.665,125
stdmap_r1,match,10000,0.666,125
stdmap_r1,match,10000,0.667,125
stdmap_r1,match,10000,0.668,125
stdmap_r1,match,10000,0.669,125
stdmap_r1,match,10000,0.67,125
stdmap_r1,match,10000,0.671,125
stdmap_r1,match,10000,0.672,125
stdmap_r1,match,10000,0.673,125
stdmap_r1,match,10000,0.674,166
stdmap_r1,match,10000,0.675,166
stdmap_r1,match,10000,0.676,166
stdmap_r1,match,10000,0.677,166
stdmap_r1,match,10000,0.678,166
stdmap_r1,match,10000,0.679,166
stdmap_r1,match,10000,0.68,166
stdmap_r1,match,10000,0.681,166
stdmap_r1,match,10000,0.682,166
stdmap_r1,match,10000,0.683,166
stdmap_r1,match,10000,0.684,166
stdmap_r1,match,10000,0.685,166
stdmap_r1,match,10000,0.686,166
stdmap_r1,match,10000,0.687,166
stdmap_r1,match,10000,0.688,166
stdmap_r1,match,10000,0.689,166
stdmap_r1,match,10000,0.69,166
stdmap_r1,match,10000,0.691,166
stdmap_r1,match,10000,0.692,166
stdmap_r1,match,10000,0.693,166
stdmap_r1,match,10000,0.694,166
stdmap_r1,match,10000,0.695,166
stdmap_r1,match,10000,0.696,166
stdmap_r1,match,10000,0.697,166
stdmap_r1,match,10000,0.698,166
stdmap_r1,match,10000,0.699,166
stdmap_r1,match,10000,0.7,166
stdmap_r1,match,10000,0.701,166
stdmap_r1,match,10000,0.702,166
stdmap_r1,match,10000,0.703,166
stdmap_r1,match,10000,0.704,166
stdmap_r1,match,10000,0.705,167
stdmap_r1,match,10000,0.706,167
stdmap_r1,match,10000,0.707,167
stdmap_r1,match,10000,0.708,167
stdmap_r1,match,10000,0.709,167
stdmap_r1,match,10000,0.71,167
stdmap_r1,match,10000,0.711,167
stdmap_r1,match,10000,0.712,167
stdmap_r1,match,10000,0.713,167
stdmap_r1,match,10000,0.714,167
stdmap_r1,match,10000,0.715,167
stdmap_r1,match,10000,0.716,167
stdmap_r1,match,10000,0.717,167
stdmap_r1,match,10000,0.718,167
stdmap_r1,match,10000,0.719,167
stdmap_r1,match,10000,0.72,167
stdmap_r1,match,10000,0.721,167
stdmap_r1,match,10000,0.722,167
stdmap_r1,match,10000,0.723,167
stdmap_r1,match,10000,0.724,167
stdmap_r1,match,10000,0.725,167
stdmap_r1,match,10000,0.726,167
stdmap_r1,match,10000,0.727,167
stdmap_r1,match,10000,0.728,167
stdmap_r1,match,10000,0.729,167
stdmap_r1,match,10000,0.73,167
stdmap_r1,match,10000,0.731,167
stdmap_r1,match,10000,0.732,167
stdmap_r1,match,10000,0.733,167
stdmap_r1,match,10000,0.734,167
stdmap_r1,match,10000,0.735,167
stdmap_r1,match,10000,0.736,167
stdmap_r1,match,10000,0.737,167
stdmap_r1,match,10000,0.738,167
stdmap_r1,match,10000,0.739,167
stdmap_r1,match,10000,0.74,167
stdmap_r1,match,10000,0.741,167
stdmap_r1,match,10000,0.742,167
stdmap_r1,match,10000,0.743,167
stdmap_r1,match,10000,0.744,167
stdmap_r1,match,10000,0.745,167
stdmap_r1,match,10000,0.746,167
stdmap_r1,match,10000,0.747,167
stdmap_r1,match,10000,0.748,167
stdmap_r1,match,10000,0.749,167
stdmap_r1,match,10000,0.75,167
stdmap_r1,match,10000,0.751,167
stdmap_r1,match,10000,0.752,167
stdmap_r1,match,10000,0.753,167
stdmap_r1,match,10000,0.754,167
stdmap_r1,match,10000,0.755,167
stdmap_r1,match,10000,0.756,167
stdmap_r1,match,10000,0.757,167
stdmap_r1,match,10000,0.758,167
stdmap_r1,match,10000,0.759,167
stdmap_r1,match,10000,0.76,167
stdmap_r1,match,10000,0.761,167
stdmap_r1,match,10000,0.762,167
stdmap_r1,match,10000,0.763,167
stdmap_r1,match,10000,0.764,167
stdmap_r1,match,10000,0.765,208
stdmap_r1,match,10000,0.766,208
stdmap_r1,match,10000,0.767,208
stdmap_r1,match,10000,0.768,208
stdmap_r1,match,10000,0.769,208
stdmap_r1,match,10000,0.77,208
stdmap_r1,match,10000,0.771,208
stdmap_r1,match,10000,0.772,208
stdmap_r1,match,10000,0.773,208
stdmap_r1,match,10000,0.774,208
stdmap_r1,match,10000,0.775,208
stdmap_r1,match,10000,0.776,208
stdmap_r1,match,10000,0.777,208
stdmap_r1,match,10000,0.778,208
stdmap_r1,match,10000,0.779,208
stdmap_r1,match,10000,0.78,208
stdmap_r1,match,10000,0.781,208
stdmap_r1,match,10000,0.782,208
stdmap_r1,match,10000,0.783,208
stdmap_r1,match,10000,0.784,208
stdmap_r1,match,10000,0.785,208
stdmap_r1,match,10000,0.786,208
stdmap_r1,match,10000,0.787,208
stdmap_r1,match,10000,0.788,208
stdmap_r1,match,10000,0.789,208
stdmap_r1,match,10000,0.79,208
stdmap_r1,match,10000,0.791,208
stdmap_r1,match,10000,0.792,208
stdmap_r1,match,10000,0.793,208
stdmap_r1,match,10000,0.794,208
stdmap_r1,match,10000,0.795,208
stdmap_r1,match,10000,0.796,208
stdmap_r1,match,10000,0.797,208
stdmap_r1,match,10000,0.798,208
stdmap_r1,match,10000,0.799,208
stdmap_r1,match,10000,0.8,208
stdmap_r1,match,10000,0.801,208
stdmap_r1,match,10000,0.802,208
stdmap_r1,match,10000,0.803,208
stdmap_r1,match,10000,0.804,208
stdmap_r1,match,10000,0.805,208
stdmap_r1,match,10000,0.806,209
stdmap_r1,match,10000,0.807,209
stdmap_r1,match,10000,0.808,209
stdmap_r1,match,10000,0.809,209
stdmap_r1,match,10000,0.81,209
stdmap_r1,match,10000,0.811,209
stdmap_r1,match,10000,0.812,209
stdmap_r1,match,10000,0.813,209
stdmap_r1,match,10000,0.814,209
stdmap_r1,match,10000,0.815,209
stdmap_r1,match,10000,0.816,209
stdmap_r1,match,10000,0.817,209
stdmap_r1,match,10000,0.818,209
stdmap_r1,match,10000,0.819,209
stdmap_r1,match,10000,0.82,209
stdmap_r1,match,10000,0.821,209
stdmap_r1,match,10000,0.822,209
stdmap_r1,match,10000,0.823,209
stdmap_r1,match,10000,0.824,209
stdmap_r1,match,10000,0.825,209
stdmap_r1,match,10000,0.826,209
stdmap_r1,match,10000,0.827,250
stdmap_r1,match,10000,0.828,250
stdmap_r1,match,10000,0.829,250
stdmap_r1,match,10000,0.83,250
stdmap_r1,match,10000,0.831,250
stdmap_r1,match,10000,0.832,250
stdmap_r1,match,10000,0.833,250
stdmap_r1,match,10000,0.834,250
stdmap_r1,match,10000,0.835,250
stdmap_r1,match,10000,0.836,250
stdmap_r1,match,10000,0.837,250
stdmap_r1,match,10000,0.838,250
stdmap_r1,match,10000,0.839,250
stdmap_r1,match,10000,0.84,250
stdmap_r1,match,10000,0.841,250
stdmap_r1,match,10000,0.842,250
stdmap_r1,match,10000,0.843,250
stdmap_r1,match,10000,0.844,250
stdmap_r1,match,10000,0.845,250
stdmap_r1,match,10000,0.846,250
stdmap_r1,match,10000,0.847,250
stdmap_r1,match,10000,0.848,250
stdmap_r1,match,10000,0.849,250
stdmap_r1,match,10000,0.85,250
stdmap_r1,match,10000,0.851,250
stdmap_r1,match,10000,0.852,250
stdmap_r1,match,10000,0.853,250
stdmap_r1,match,10000,0.854,250
stdmap_r1,match,10000,0.855,250
stdmap_r1,match,10000,0.856,250
stdmap_r1,match,10000,0.857,250
stdmap_r1,match,10000,0.858,250
stdmap_r1,match,10000,0.859,250
stdmap_r1,match,10000,0.86,250
stdmap_r1,match,10000,0.861,250
stdmap_r1,match,10000,0.862,250
stdmap_r1,match,10000,0.863,250
stdmap_r1,match,10000,0.864,250
stdmap_r1,match,10000,0.865,250
stdmap_r1,match,10000,0.866,250
stdmap_r1,match,10000,0.867,250
stdmap_r1,match,10000,0.868,250
stdmap_r1,match,10000,0.869,250
stdmap_r1,match,10000,0.87,250
stdmap_r1,match,10000,0.871,250
stdmap_r1,match,10000,0.872,250
stdmap_r1,match,10000,0.873,250
stdmap_r1,match,10000,0.874,250
stdmap_r1,match,10000,0.875,250
stdmap_r1,match,10000,0.876,250
stdmap_r1,match,10000,0.877,250
stdmap_r1,match,10000,0.878,250
stdmap_r1,match,10000,0.879,250
stdmap_r1,match,10000,0.88,250
stdmap_r1,match,10000,0.881,250
stdmap_r1,match,10000,0.882,250
stdmap_r1,match,10000,0.883,291
stdmap_r1,match,10000,0.884,291
stdmap_r1,match,10000,0.885,291
stdmap_r1,match,10000,0.886,291
stdmap_r1,match,10000,0.887,291
stdmap_r1,match,10000,0.888,291
stdmap_r1,match,10000,0.889,291
stdmap_r1,match,10000,0.89,291
stdmap_r1,match,10000,0.891,291
stdmap_r1,match,10000,0.892,291
stdmap_r1,match,10000,0.893,292
stdmap_r1,match,10000,0.894,292
stdmap_r1,match,10000,0.895,292
stdmap_r1,match,10000,0.896,292
stdmap_r1,match,10000,0.897,292
stdmap_r1,match,10000,0.898,292
stdmap_r1,match,10000,0.899,292
stdmap_r1,match,10000,0.9,292
stdmap_r1,match,10000,0.901,292
stdmap_r1,match,10000,0.902,292
stdmap_r1,match,10000,0.903,292
stdmap_r1,match,10000,0.904,292
stdmap_r1,match,10000,0.905,292
stdmap_r1,match,10000,0.906,292
stdmap_r1,match,10000,0.907,292
stdmap_r1,match,10000,0.908,292
stdmap_r1,match,10000,0.909,292
stdmap_r1,match,10000,0.91,292
stdmap_r1,match,10000,0.911,333
stdmap_r1,match,10000,0.912,333
stdmap_r1,match,10000,0.913,333
stdmap_r1,match,10000,0.914,333
stdmap_r1,match,10000,0.915,333
stdmap_r1,match,10000,0.916,333
stdmap_r1,match,10000,0.917,333
stdmap_r1,match,10000,0.918,333
stdmap_r1,match,10000,0.919,333
stdmap_r1,match,10000,0.92,333
stdmap_r1,match,10000,0.921,334
stdmap_r1,match,10000,0.922,334
stdmap_r1,match,10000,0.923,334
stdmap_r1,match,10000,0.924,334
stdmap_r1,match,10000,0.925,334
stdmap_r1,match,10000,0.926,334
stdmap_r1,match,10000,0.927,375
stdmap_r1,match,10000,0.928,375
stdmap_r1,match,10000,0.929,375
stdmap_r1,match,10000,0.93,375
stdmap_r1,match,10000,0.931,375
stdmap_r1,match,10000,0.932,375
stdmap_r1,match,10000,0.933,375
stdmap_r1,match,10000,0.934,375
stdmap_r1,match,10000,0.935,375
stdmap_r1,match,10000,0.936,375
stdmap_r1,match,10000,0.937,375
stdmap_r1,match,10000,0.938,375
stdmap_r1,match,10000,0.939,375
stdmap_r1,match,10000,0.94,375
stdmap_r1,match,10000,0.941,375
stdmap_r1,match,10000,0.942,416
stdmap_r1,match,10000,0.943,416
stdmap_r1,match,10000,0.944,416
stdmap_r1,match,10000,0.945,416
stdmap_r1,match,10000,0.946,417
stdmap_r1,match,10000,0.947,417
stdmap_r1,match,10000,0.948,417
stdmap_r1,match,10000,0.949,417
stdmap_r1,match,10000,0.95,417
stdmap_r1,match,10000,0.951,417
stdmap_r1,match,10000,0.952,417
stdmap_r1,match,10000,0.953,458
stdmap_r1,match,10000,0.954,458
stdmap_r1,match,10000,0.955,458
stdmap_r1,match,10000,0.956,458
stdmap_r1,match,10000,0.957,458
stdmap_r1,match,10000,0.958,459
stdmap_r1,match,10000,0.959,459
stdmap_r1,match,10000,0.96,500
stdmap_r1,match,10000,0.961,500
stdmap_r1,match,10000,0.962,500
stdmap_r1,match,10000,0.963,500
stdmap_r1,match,10000,0.964,500
stdmap_r1,match,10000,0.965,500
stdmap_r1,match,10000,0.966,500
stdmap_r1,match,10000,0.967,541
stdmap_r1,match,10000,0.968,541
stdmap_r1,match,10000,0.969,542
stdmap_r1,match,10000,0.97,542
stdmap_r1,match,10000,0.971,542
stdmap_r1,match,10000,0.972,583
stdmap_r1,match,10000,0.973,583
stdmap_r1,match,10000,0.974,583
stdmap_r1,match,10000,0.975,584
stdmap_r1,match,10000,0.976,584
stdmap_r1,match,10000,0.977,625
stdmap_r1,match,10000,0.978,625
stdmap_r1,match,10000,0.979,625
stdmap_r1,match,10000,0.98,625
stdmap_r1,match,10000,0.981,666
stdmap_r1,match,10000,0.982,667
stdmap_r1,match,10000,0.983,667
stdmap_r1,match,10000,0.984,708
stdmap_r1,match,10000,0.985,708
stdmap_r1,match,10000,0.986,709
stdmap_r1,match,10000,0.987,750
stdmap_r1,match,10000,0.988,750
stdmap_r1,match,10000,0.989,791
stdmap_r1,match,10000,0.99,792
stdmap_r1,match,10000,0.991,833
stdmap_r1,match,10000,0.992,875
stdmap_r1,match,10000,0.993,916
stdmap_r1,match,10000,0.994,958
stdmap_r1,match,10000,0.995,1000
stdmap_r1,match,10000,0.996,1125
stdmap_r1,match,10000,0.997,1375
stdmap_r1,match,10000,0.998,2208
stdmap_r1,match,10000,0.999,14292
stdmap_r1,add,100000,0,41
stdmap_r1,add,100000,0.001,83
stdmap_r1,add,100000,0.002,83
stdmap_r1,add,100000,0.003,83
stdmap_r1,add,100000,0.004,83
stdmap_r1,add,100000,0.005,83
stdmap_r1,add,100000,0.006,83
stdmap_r1,add,100000,0.007,83
stdmap_r1,add,100000,0.008,83
stdmap_r1,add,100000,0.009,83
stdmap_r1,add,100000,0.01,84
stdmap_r1,add,100000,0.011,84
stdmap_r1,add,100000,0.012,84
stdmap_r1,add,100000,0.013,84
stdmap_r1,add,100000,0.014,84
stdmap_r1,add,100000,0.015,125
stdmap_r1,add,100000,0.016,125
stdmap_r1,add,100000,0.017,125
stdmap_r1,add,100000,0.018,125
stdmap_r1,add,100000,0.019,125
stdmap_r1,add,100000,0.02,125
stdmap_r1,add,100000,0.021,125
stdmap_r1,add,100000,0.022,125
stdmap_r1,add,100000,0.023,125
stdmap_r1,add,100000,0.024,125
stdmap_r1,add,100000,0.025,125
stdmap_r1,add,100000,0.026,125
stdmap_r1,add,100000,0.027,125
stdmap_r1,add,100000,0.028,125
stdmap_r1,add,100000,0.029,125
stdmap_r1,add,100000,0.03,125
stdmap_r1,add,100000,0.031,125
stdmap_r1,add,100000,0.032,125
stdmap_r1,add,100000,0.033,125
stdmap_r1,add,100000,0.034,125
stdmap_r1,add,100000,0.035,125
stdmap_r1,add,100000,0.036,125
stdmap_r1,add,100000,0.037,125
stdmap_r1,add,100000,0.038,125
stdmap_r1,add,100000,0.039,125
stdmap_r1,add,100000,0.04,125
stdmap_r1,add,100000,0.041,125
stdmap_r1,add,100000,0.042,125
stdmap_r1,add,100000,0.043,125
stdmap_r1,add,100000,0.044,125
stdmap_r1,add,100000,0.045,125
stdmap_r1,add,100000,0.046,125
stdmap_r1,add,100000,0.047,125
stdmap_r1,add,100000,0.048,125
stdmap_r1,add,100000,0.049,125
stdmap_r1,add,100000,0.05,125
stdmap_r1,add,100000,0.051,125
stdmap_r1,add,100000,0.052,125
stdmap_r1,add,100000,0.053,125
stdmap_r1,add,100000,0.054,125
stdmap_r1,add,100000,0.055,125
stdmap_r1,add,100000,0.056,125
stdmap_r1,add,100000,0.057,125
stdmap_r1,add,100000,0.058,125
stdmap_r1,add,100000,0.059,125
stdmap_r1,add,100000,0.06,125
stdmap_r1,add,100000,0.061,125
stdmap_r1,add,100000,0.062,125
stdmap_r1,add,100000,0.063,125
stdmap_r1,add,100000,0.064,125
stdmap_r1,add,100000,0.065,125
stdmap_r1,add,100000,0.066,125
stdmap_r1,add,100000,0.067,125
stdmap_r1,add,100000,0.068,125
stdmap_r1,add,100000,0.069,125
stdmap_r1,add,100000,0.07,125
stdmap_r1,add,100000,0.071,125
stdmap_r1,add,100000,0.072,125
stdmap_r1,add,100000,0.073,125
stdmap_r1,add,100000,0.074,125
stdmap_r1,add,100000,0.075,125
stdmap_r1,add,100000,0.076,125
stdmap_r1,add,100000,0.077,125
stdmap_r1,add,100000,0.078,125
stdmap_r1,add,100000,0.079,125
stdmap_r1,add,100000,0.08,125
stdmap_r1,add,100000,0.081,125
stdmap_r1,add,100000,0.082,125
stdmap_r1,add,100000,0.083,125
stdmap_r1,add,100000,0.084,125
stdmap_r1,add,100000,0.085,125
stdmap_r1,add,100000,0.086,125
stdmap_r1,add,100000,0.087,125
stdmap_r1,add,100000,0.088,125
stdmap_r1,add,100000,0.089,125
stdmap_r1,add,100000,0.09,125
stdmap_r1,add,100000,0.091,125
stdmap_r1,add,100000,0.092,125
stdmap_r1,add,100000,0.093,125
stdmap_r1,add,100000,0.094,125
stdmap_r1,add,100000,0.095,125
stdmap_r1,add,100000,0.096,125
stdmap_r1,add,100000,0.097,125
stdmap_r1,add,100000,0.098,125
stdmap_r1,add,100000,0.099,125
stdmap_r1,add,100000,0.1,125
stdmap_r1,add,100000,0.101,125
stdmap_r1,add,100000,0.102,125
stdmap_r1,add,100000,0.103,125
stdmap_r1,add,100000,0.104,125
stdmap_r1,add,100000,0.105,125
stdmap_r1,add,100000,0.106,125
stdmap_r1,add,100000,0.107,125
stdmap_r1,add,100000,0.108,125
stdmap_r1,add,100000,0.109,125
stdmap_r1,add,100000,0.11,125
stdmap_r1,add,100000,0.111,125
stdmap_r1,add,100000,0.112,125
stdmap_r1,add,100000,0.113,125
stdmap_r1,add,100000,0.114,125
stdmap_r1,add,100000,0.115,125
stdmap_r1,add,100000,0.116,125
stdmap_r1,add,100000,0.117,125
stdmap_r1,add,100000,0.118,125
stdmap_r1,add,100000,0.119,125
stdmap_r1,add,100000,0.12,125
stdmap_r1,add,100000,0.121,125
stdmap_r1,add,100000,0.122,166
stdmap_r1,add,100000,0.123,166
stdmap_r1,add,100000,0.124,166
stdmap_r1,add,100000,0.125,166
stdmap_r1,add,100000,0.126,166
stdmap_r1,add,100000,0.127,166
stdmap_r1,add,100000,0.128,166
stdmap_r1,add,100000,0.129,166
stdmap_r1,add,100000,0.13,166
stdmap_r1,add,100000,0.131,166
stdmap_r1,add,100000,0.132,166
stdmap_r1,add,100000,0.133,166
stdmap_r1,add,100000,0.134,166
stdmap_r1,add,100000,0.135,166
stdmap_r1,add,100000,0.136,166
stdmap_r1,add,100000,0.137,166
stdmap_r1,add,100000,0.138,166
stdmap_r1,add,100000,0.139,166
stdmap_r1,add,100000,0.14,166
stdmap_r1,add,100000,0.141,166
stdmap_r1,add,100000,0.142,166
stdmap_r1,add,100000,0.143,166
stdmap_r1,add,100000,0.144,166
stdmap_r1,add,100000,0.145,166
stdmap_r1,add,100000,0.146,166
stdmap_r1,add,100000,0.147,166
stdmap_r1,add,100000,0.148,166
stdmap_r1,add,100000,0.149,166
stdmap_r1,add,100000,0.15,166
stdmap_r1,add,100000,0.151,166
stdmap_r1,add,100000,0.152,166
stdmap_r1,add,100000,0.153,166
stdmap_r1,add,100000,0.154,166
stdmap_r1,add,100000,0.155,166
stdmap_r1,add,100000,0.156,166
stdmap_r1,add,100000,0.157,166
stdmap_r1,add,100000,0.158,166
stdmap_r1,add,100000,0.159,166
stdmap_r1,add,100000,0.16,166
stdmap_r1,add,100000,0.161,166
stdmap_r1,add,100000,0.162,166
stdmap_r1,add,100000,0.163,166
stdmap_r1,add,100000,0.164,166
stdmap_r1,add,100000,0.165,166
stdmap_r1,add,100000,0.166,166
stdmap_r1,add,100000,0.167,166
stdmap_r1,add,100000,0.168,166
stdmap_r1,add,100000,0.169,166
stdmap_r1,add,100000,0.17,166
stdmap_r1,add,100000,0.171,166
stdmap_r1,add,100000,0.172,166
stdmap_r1,add,100000,0.173,166
stdmap_r1,add,100000,0.174,166
stdmap_r1,add,100000,0.175,166
stdmap_r1,add,100000,0.176,166
stdmap_r1,add,100000,0.177,166
stdmap_r1,add,100000,0.178,166
stdmap_r1,add,100000,0.179,166
stdmap_r1,add,100000,0.18,166
stdmap_r1,add,100000,0.181,166
stdmap_r1,add,100000,0.182,166
stdmap_r1,add,100000,0.183,166
stdmap_r1,add,100000,0.184,166
stdmap_r1,add,100000,0.185,166
stdmap_r1,add,100000,0.186,166
stdmap_r1,add,100000,0.187,166
stdmap_r1,add,100000,0.188,166
stdmap_r1,add,100000,0.189,166
stdmap_r1,add,100000,0.19,166
stdmap_r1,add,100000,0.191,166
stdmap_r1,add,100000,0.192,166
stdmap_r1,add,100000,0.193,166
stdmap_r1,add,100000,0.194,166
stdmap_r1,add,100000,0.195,166
stdmap_r1,add,100000,0.196,166
stdmap_r1,add,100000,0.197,166
stdmap_r1,add,100000,0.198,166
stdmap_r1,add,100000,0.199,166
stdmap_r1,add,100000,0.2,166
stdmap_r1,add,100000,0.201,166
stdmap_r1,add,100000,0.202,166
stdmap_r1,add,100000,0.203,166
stdmap_r1,add,100000,0.204,166
stdmap_r1,add,100000,0.205,166
stdmap_r1,add,100000,0.206,166
stdmap_r1,add,100000,0.207,166
stdmap_r1,add,100000,0.208,166
stdmap_r1,add,100000,0.209,166
stdmap_r1,add,100000,0.21,166
stdmap_r1,add,100000,0.211,166
stdmap_r1,add,100000,0.212,166
stdmap_r1,add,100000,0.213,166
stdmap_r1,add,100000,0.214,166
stdmap_r1,add,100000,0.215,166
stdmap_r1,add,100000,0.216,166
stdmap_r1,add,100000,0.217,166
stdmap_r1,add,100000,0.218,166
stdmap_r1,add,100000,0.219,167
stdmap_r1,add,100000,0.22,167
stdmap_r1,add,100000,0.221,167
stdmap_r1,add,100000,0.222,167
stdmap_r1,add,100000,0.223,167
stdmap_r1,add,100000,0.224,167
stdmap_r1,add,100000,0.225,167
stdmap_r1,add,100000,0.226,167
stdmap_r1,add,100000,0.227,167
stdmap_r1,add,100000,0.228,167
stdmap_r1,add,100000,0.229,167
stdmap_r1,add,100000,0.23,167
stdmap_r1,add,100000,0.231,167
stdmap_r1,add,100000,0.232,167
stdmap_r1,add,100000,0.233,167
stdmap_r1,add,100000,0.234,167
stdmap_r1,add,100000,0.235,167
stdmap_r1,add,100000,0.236,167
stdmap_r1,add,100000,0.237,167
stdmap_r1,add,100000,0.238,167
stdmap_r1,add,100000,0.239,167
stdmap_r1,add,100000,0.24,167
stdmap_r1,add,100000,0.241,167
stdmap_r1,add,100000,0.242,167
stdmap_r1,add,100000,0.243,167
stdmap_r1,add,100000,0.244,167
stdmap_r1,add,100000,0.245,167
stdmap_r1,add,100000,0.246,167
stdmap_r1,add,100000,0.247,167
stdmap_r1,add,100000,0.248,167
stdmap_r1,add,100000,0.249,167
stdmap_r1,add,100000,0.25,167
stdmap_r1,add,100000,0.251,167
stdmap_r1,add,100000,0.252,167
stdmap_r1,add,100000,0.253,167
stdmap_r1,add,100000,0.254,167
stdmap_r1,add,100000,0.255,167
stdmap_r1,add,100000,0.256,167
stdmap_r1,add,100000,0.257,167
stdmap_r1,add,100000,0.258,167
stdmap_r1,add,100000,0.259,167
stdmap_r1,add,100000,0.26,167
stdmap_r1,add,100000,0.261,167
stdmap_r1,add,100000,0.262,167
stdmap_r1,add,100000,0.263,167
stdmap_r1,add,100000,0.264,167
stdmap_r1,add,100000,0.265,167
stdmap_r1,add,100000,0.266,167
stdmap_r1,add,100000,0.267,167
stdmap_r1,add,100000,0.268,167
stdmap_r1,add,100000,0.269,167
stdmap_r1,add,100000,0.27,167
stdmap_r1,add,100000,0.271,167
stdmap_r1,add,100000,0.272,167
stdmap_r1,add,100000,0.273,167
stdmap_r1,add,100000,0.274,167
stdmap_r1,add,100000,0.275,167
stdmap_r1,add,100000,0.276,167
stdmap_r1,add,100000,0.277,167
stdmap_r1,add,100000,0.278,167
stdmap_r1,add,100000,0.279,167
stdmap_r1,add,100000,0.28,167
stdmap_r1,add,100000,0.281,167
stdmap_r1,add,100000,0.282,167
stdmap_r1,add,100000,0.283,167
stdmap_r1,add,100000,0.284,167
stdmap_r1,add,100000,0.285,167
stdmap_r1,add,100000,0.286,167
stdmap_r1,add,100000,0.287,167
stdmap_r1,add,100000,0.288,167
stdmap_r1,add,100000,0.289,167
stdmap_r1,add,100000,0.29,167
stdmap_r1,add,100000,0.291,167
stdmap_r1,add,100000,0.292,167
stdmap_r1,add,100000,0.293,167
stdmap_r1,add,100000,0.294,167
stdmap_r1,add,100000,0.295,167
stdmap_r1,add,100000,0.296,167
stdmap_r1,add,100000,0.297,167
stdmap_r1,add,100000,0.298,167
stdmap_r1,add,100000,0.299,167
stdmap_r1,add,100000,0.3,167
stdmap_r1,add,100000,0.301,167
stdmap_r1,add,100000,0.302,167
stdmap_r1,add,100000,0.303,167
stdmap_r1,add,100000,0.304,167
stdmap_r1,add,100000,0.305,167
stdmap_r1,add,100000,0.306,167
stdmap_r1,add,100000,0.307,167
stdmap_r1,add,100000,0.308,167
stdmap_r1,add,100000,0.309,167
stdmap_r1,add,100000,0.31,167
stdmap_r1,add,100000,0.311,167
stdmap_r1,add,100000,0.312,167
stdmap_r1,add,100000,0.313,167
stdmap_r1,add,100000,0.314,167
stdmap_r1,add,100000,0.315,167
stdmap_r1,add,100000,0.316,167
stdmap_r1,add,100000,0.317,167
stdmap_r1,add,100000,0.318,167
stdmap_r1,add,100000,0.319,167
stdmap_r1,add,100000,0.32,167
stdmap_r1,add,100000,0.321,167
stdmap_r1,add,100000,0.322,167
stdmap_r1,add,100000,0.323,167
stdmap_r1,add,100000,0.324,167
stdmap_r1,add,100000,0.325,167
stdmap_r1,add,100000,0.326,167
stdmap_r1,add,100000,0.327,167
stdmap_r1,add,100000,0.328,167
stdmap_r1,add,100000,0.329,167
stdmap_r1,add,100000,0.33,167
stdmap_r1,add,100000,0.331,167
stdmap_r1,add,100000,0.332,167
stdmap_r1,add,100000,0.333,167
stdmap_r1,add,100000,0.334,167
stdmap_r1,add,100000,0.335,167
stdmap_r1,add,100000,0.336,167
stdmap_r1,add,100000,0.337,167
stdmap_r1,add,100000,0.338,167
stdmap_r1,add,100000,0.339,167
stdmap_r1,add,100000,0.34,167
stdmap_r1,add,100000,0.341,167
stdmap_r1,add,100000,0.342,167
stdmap_r1,add,100000,0.343,167
stdmap_r1,add,100000,0.344,167
stdmap_r1,add,100000,0.345,167
stdmap_r1,add,100000,0.346,167
stdmap_r1,add,100000,0.347,167
stdmap_r1,add,100000,0.348,167
stdmap_r1,add,100000,0.349,167
stdmap_r1,add,100000,0.35,167
stdmap_r1,add,100000,0.351,167
stdmap_r1,add,100000,0.352,167
stdmap_r1,add,100000,0.353,167
stdmap_r1,add,100000,0.354,167
stdmap_r1,add,100000,0.355,167
stdmap_r1,add,100000,0.356,167
stdmap_r1,add,100000,0.357,167
stdmap_r1,add,100000,0.358,167
stdmap_r1,add,100000,0.359,167
stdmap_r1,add,100000,0.36,167
stdmap_r1,add,100000,0.361,167
stdmap_r1,add,100000,0.362,167
stdmap_r1,add,100000,0.363,167
stdmap_r1,add,100000,0.364,167
stdmap_r1,add,100000,0.365,167
stdmap_r1,add,100000,0.366,167
stdmap_r1,add,100000,0.367,167
stdmap_r1,add,100000,0.368,167
stdmap_r1,add,100000,0.369,167
stdmap_r1,add,100000,0.37,167
stdmap_r1,add,100000,0.371,167
stdmap_r1,add,100000,0.372,167
stdmap_r1,add,100000,0.373,167
stdmap_r1,add,100000,0.374,167
stdmap_r1,add,100000,0.375,167
stdmap_r1,add,100000,0.376,167
stdmap_r1,add,100000,0.377,167
stdmap_r1,add,100000,0.378,167
stdmap_r1,add,100000,0.379,167
stdmap_r1,add,100000,0.38,167
stdmap_r1,add,100000,0.381,167
stdmap_r1,add,100000,0.382,167
stdmap_r1,add,100000,0.383,167
stdmap_r1,add,100000,0.384,167
stdmap_r1,add,100000,0.385,167
stdmap_r1,add,100000,0.386,167
stdmap_r1,add,100000,0.387,167
stdmap_r1,add,100000,0.388,167
stdmap_r1,add,100000,0.389,167
stdmap_r1,add,100000,0.39,167
stdmap_r1,add,100000,0.391,167
stdmap_r1,add,100000,0.392,167
stdmap_r1,add,100000,0.393,167
stdmap_r1,add,100000,0.394,167
stdmap_r1,add,100000,0.395,167
stdmap_r1,add,100000,0.396,167
stdmap_r1,add,100000,0.397,167
stdmap_r1,add,100000,0.398,167
stdmap_r1,add,100000,0.399,167
stdmap_r1,add,100000,0.4,167
stdmap_r1,add,100000,0.401,167
stdmap_r1,add,100000,0.402,167
stdmap_r1,add,100000,0.403,167
stdmap_r1,add,100000,0.404,167
stdmap_r1,add,100000,0.405,167
stdmap_r1,add,100000,0.406,167
stdmap_r1,add,100000,0.407,167
stdmap_r1,add,100000,0.408,167
stdmap_r1,add,100000,0.409,167
stdmap_r1,add,100000,0.41,167
stdmap_r1,add,100000,0.411,208
stdmap_r1,add,100000,0.412,208
stdmap_r1,add,100000,0.413,208
stdmap_r1,add,100000,0.414,208
stdmap_r1,add,100000,0.415,208
stdmap_r1,add,100000,0.416,208
stdmap_r1,add,100000,0.417,208
stdmap_r1,add,100000,0.418,208
stdmap_r1,add,100000,0.419,208
stdmap_r1,add,100000,0.42,208
stdmap_r1,add,100000,0.421,208
stdmap_r1,add,100000,0.422,208
stdmap_r1,add,100000,0.423,208
stdmap_r1,add,100000,0.424,208
stdmap_r1,add,100000,0.425,208
stdmap_r1,add,100000,0.426,208
stdmap_r1,add,100000,0.427,208
stdmap_r1,add,100000,0.428,208
stdmap_r1,add,100000,0.429,208
stdmap_r1,add,100000,0.43,208
stdmap_r1,add,100000,0.431,208
stdmap_r1,add,100000,0.432,208
stdmap_r1,add,100000,0.433,208
stdmap_r1,add,100000,0.434,208
stdmap_r1,add,100000,0.435,208
stdmap_r1,add,100000,0.436,208
stdmap_r1,add,100000,0.437,208
stdmap_r1,add,100000,0.438,208
stdmap_r1,add,100000,0.439,208
stdmap_r1,add,100000,0.44,208
stdmap_r1,add,100000,0.441,208
stdmap_r1,add,100000,0.442,208
stdmap_r1,add,100000,0.443,208
stdmap_r1,add,100000,0.444,208
stdmap_r1,add,100000,0.445,208
stdmap_r1,add,100000,0.446,208
stdmap_r1,add,100000,0.447,208
stdmap_r1,add,100000,0.448,208
stdmap_r1,add,100000,0.449,208
stdmap_r1,add,100000,0.45,208
stdmap_r1,add,100000,0.451,208
stdmap_r1,add,100000,0.452,208
stdmap_r1,add,100000,0.453,208
stdmap_r1,add,100000,0.454,208
stdmap_r1,add,100000,0.455,208
stdmap_r1,add,100000,0.456,208
stdmap_r1,add,100000,0.457,208
stdmap_r1,add,100000,0.458,208
stdmap_r1,add,100000,0.459,208
stdmap_r1,add,100000,0.46,208
stdmap_r1,add,100000,0.461,208
stdmap_r1,add,100000,0.462,208
stdmap_r1,add,100000,0.463,208
stdmap_r1,add,100000,0.464,208
stdmap_r1,add,100000,0.465,208
stdmap_r1,add,100000,0.466,208
stdmap_r1,add,100000,0.467,208
stdmap_r1,add,100000,0.468,208
stdmap_r1,add,100000,0.469,208
stdmap_r1,add,100000,0.47,208
stdmap_r1,add,100000,0.471,208
stdmap_r1,add,100000,0.472,208
stdmap_r1,add,100000,0.473,208
stdmap_r1,add,100000,0.474,208
stdmap_r1,add,100000,0.475,208
stdmap_r1,add,100000,0.476,208
stdmap_r1,add,100000,0.477,208
stdmap_r1,add,100000,0.478,208
stdmap_r1,add,100000,0.479,208
stdmap_r1,add,100000,0.48,208
stdmap_r1,add,100000,0.481,208
stdmap_r1,add,100000,0.482,208
stdmap_r1,add,100000,0.483,208
stdmap_r1,add,100000,0.484,208
stdmap_r1,add,100000,0.485,208
stdmap_r1,add,100000,0.486,208
stdmap_r1,add,100000,0.487,208
stdmap_r1,add,100000,0.488,208
stdmap_r1,add,100000,0.489,208
stdmap_r1,add,100000,0.49,208
stdmap_r1,add,100000,0.491,208
stdmap_r1,add,100000,0.492,208
stdmap_r1,add,100000,0.493,208
stdmap_r1,add,100000,0.494,208
stdmap_r1,add,100000,0.495,208
stdmap_r1,add,100000,0.496,208
stdmap_r1,add,100000,0.497,208
stdmap_r1,add,100000,0.498,208
stdmap_r1,add,100000,0.499,208
stdmap_r1,add,100000,0.5,208
stdmap_r1,add,100000,0.501,208
stdmap_r1,add,100000,0.502,208
stdmap_r1,add,100000,0.503,208
stdmap_r1,add,100000,0.504,208
stdmap_r1,add,100000,0.505,208
stdmap_r1,add,100000,0.506,208
stdmap_r1,add,100000,0.507,208
stdmap_r1,add,100000,0.508,208
stdmap_r1,add,100000,0.509,208
stdmap_r1,add,100000,0.51,208
stdmap_r1,add,100000,0.511,208
stdmap_r1,add,100000,0.512,208
stdmap_r1,add,100000,0.513,208
stdmap_r1,add,100000,0.514,208
stdmap_r1,add,100000,0.515,208
stdmap_r1,add,100000,0.516,208
stdmap_r1,add,100000,0.517,208
stdmap_r1,add,100000,0.518,208
stdmap_r1,add,100000,0.519,208
stdmap_r1,add,100000,0.52,208
stdmap_r1,add,100000,0.521,208
stdmap_r1,add,100000,0.522,208
stdmap_r1,add,100000,0.523,208
stdmap_r1,add,100000,0.524,208
stdmap_r1,add,100000,0.525,208
stdmap_r1,add,100000,0.526,208
stdmap_r1,add,100000,0.527,208
stdmap_r1,add,100000,0.528,208
stdmap_r1,add,100000,0.529,208
stdmap_r1,add,100000,0.53,208
stdmap_r1,add,100000,0.531,208
stdmap_r1,add,100000,0.532,208
stdmap_r1,add,100000,0.533,208
stdmap_r1,add,100000,0.534,208
stdmap_r1,add,100000,0.535,208
stdmap_r1,add,100000,0.536,208
stdmap_r1,add,100000,0.537,208
stdmap_r1,add,100000,0.538,208
stdmap_r1,add,100000,0.539,208
stdmap_r1,add,100000,0.54,208
stdmap_r1,add,100000,0.541,208
stdmap_r1,add,100000,0.542,208
stdmap_r1,add,100000,0.543,208
stdmap_r1,add,100000,0.544,208
stdmap_r1,add,100000,0.545,208
stdmap_r1,add,100000,0.546,208
stdmap_r1,add,100000,0.547,208
stdmap_r1,add,100000,0.548,208
stdmap_r1,add,100000,0.549,208
stdmap_r1,add,100000,0.55,208
stdmap_r1,add,100000,0.551,208
stdmap_r1,add,100000,0.552,208
stdmap_r1,add,100000,0.553,208
stdmap_r1,add,100000,0.554,208
stdmap_r1,add,100000,0.555,208
stdmap_r1,add,100000,0.556,208
stdmap_r1,add,100000,0.557,208
stdmap_r1,add,100000,0.558,208
stdmap_r1,add,100000,0.559,208
stdmap_r1,add,100000,0.56,208
stdmap_r1,add,100000,0.561,208
stdmap_r1,add,100000,0.562,208
stdmap_r1,add,100000,0.563,208
stdmap_r1,add,100000,0.564,208
stdmap_r1,add,100000,0.565,208
stdmap_r1,add,100000,0.566,208
stdmap_r1,add,100000,0.567,208
stdmap_r1,add,100000,0.568,208
stdmap_r1,add,100000,0.569,208
stdmap_r1,add,100000,0.57,208
stdmap_r1,add,100000,0.571,208
stdmap_r1,add,100000,0.572,208
stdmap_r1,add,100000,0.573,208
stdmap_r1,add,100000,0.574,208
stdmap_r1,add,100000,0.575,208
stdmap_r1,add,100000,0.576,208
stdmap_r1,add,100000,0.577,208
stdmap_r1,add,100000,0.578,208
stdmap_r1,add,100000,0.579,208
stdmap_r1,add,100000,0.58,208
stdmap_r1,add,100000,0.581,208
stdmap_r1,add,100000,0.582,208
stdmap_r1,add,100000,0.583,208
stdmap_r1,add,100000,0.584,208
stdmap_r1,add,100000,0.585,208
stdmap_r1,add,100000,0.586,208
stdmap_r1,add,100000,0.587,208
stdmap_r1,add,100000,0.588,208
stdmap_r1,add,100000,0.589,208
stdmap_r1,add,100000,0.59,208
stdmap_r1,add,100000,0.591,208
stdmap_r1,add,100000,0.592,208
stdmap_r1,add,100000,0.593,208
stdmap_r1,add,100000,0.594,208
stdmap_r1,add,100000,0.595,208
stdmap_r1,add,100000,0.596,209
stdmap_r1,add,100000,0.597,209
stdmap_r1,add,100000,0.598,209
stdmap_r1,add,100000,0.599,209
stdmap_r1,add,100000,0.6,209
stdmap_r1,add,100000,0.601,209
stdmap_r1,add,100000,0.602,209
stdmap_r1,add,100000,0.603,209
stdmap_r1,add,100000,0.604,209
stdmap_r1,add,100000,0.605,209
stdmap_r1,add,100000,0.606,209
stdmap_r1,add,100000,0.607,209
stdmap_r1,add,100000,0.608,209
stdmap_r1,add,100000,0.609,209
stdmap_r1,add,100000,0.61,209
stdmap_r1,add,100000,0.611,209
stdmap_r1,add,100000,0.612,209
stdmap_r1,add,100000,0.613,209
stdmap_r1,add,100000,0.614,209
stdmap_r1,add,100000,0.615,209
stdmap_r1,add,100000,0.616,209
stdmap_r1,add,100000,0.617,209
stdmap_r1,add,100000,0.618,209
stdmap_r1,add,100000,0.619,209
stdmap_r1,add,100000,0.62,209
stdmap_r1,add,100000,0.621,209
stdmap_r1,add,100000,0.622,209
stdmap_r1,add,100000,0.623,209
stdmap_r1,add,100000,0.624,209
stdmap_r1,add,100000,0.625,209
stdmap_r1,add,100000,0.626,209
stdmap_r1,add,100000,0.627,209
stdmap_r1,add,100000,0.628,209
stdmap_r1,add,100000,0.629,209
stdmap_r1,add,100000,0.63,209
stdmap_r1,add,100000,0.631,209
stdmap_r1,add,100000,0.632,209
stdmap_r1,add,100000,0.633,209
stdmap_r1,add,100000,0.634,209
stdmap_r1,add,100000,0.635,209
stdmap_r1,add,100000,0.636,209
stdmap_r1,add,100000,0.637,209
stdmap_r1,add,100000,0.638,209
stdmap_r1,add,100000,0.639,209
stdmap_r1,add,100000,0.64,209
stdmap_r1,add,100000,0.641,209
stdmap_r1,add,100000,0.642,209
stdmap_r1,add,100000,0.643,209
stdmap_r1,add,100000,0.644,209
stdmap_r1,add,100000,0.645,209
stdmap_r1,add,100000,0.646,209
stdmap_r1,add,100000,0.647,209
stdmap_r1,add,100000,0.648,209
stdmap_r1,add,100000,0.649,209
stdmap_r1,add,100000,0.65,209
stdmap_r1,add,100000,0.651,209
stdmap_r1,add,100000,0.652,209
stdmap_r1,add,100000,0.653,209
stdmap_r1,add,100000,0.654,209
stdmap_r1,add,100000,0.655,209
stdmap_r1,add,100000,0.656,209
stdmap_r1,add,100000,0.657,209
stdmap_r1,add,100000,0.658,209
stdmap_r1,add,100000,0.659,209
stdmap_r1,add,100000,0.66,209
stdmap_r1,add,100000,0.661,209
stdmap_r1,add,100000,0.662,209
stdmap_r1,add,100000,0.663,209
stdmap_r1,add,100000,0.664,209
stdmap_r1,add,100000,0.665,209
stdmap_r1,add,100000,0.666,209
stdmap_r1,add,100000,0.667,209
stdmap_r1,add,100000,0.668,209
stdmap_r1,add,100000,0.669,209
stdmap_r1,add,100000,0.67,209
stdmap_r1,add,100000,0.671,209
stdmap_r1,add,100000,0.672,209
stdmap_r1,add,100000,0.673,209
stdmap_r1,add,100000,0.674,209
stdmap_r1,add,100000,0.675,209
stdmap_r1,add,100000,0.676,209
stdmap_r1,add,100000,0.677,209
stdmap_r1,add,100000,0.678,209
stdmap_r1,add,100000,0.679,209
stdmap_r1,add,100000,0.68,209
stdmap_r1,add,100000,0.681,209
stdmap_r1,add,100000,0.682,209
stdmap_r1,add,100000,0.683,209
stdmap_r1,add,100000,0.684,209
stdmap_r1,add,100000,0.685,209
stdmap_r1,add,100000,0.686,209
stdmap_r1,add,100000,0.687,250
stdmap_r1,add,100000,0.688,250
stdmap_r1,add,100000,0.689,250
stdmap_r1,add,100000,0.69,250
stdmap_r1,add,100000,0.691,250
stdmap_r1,add,100000,0.692,250
stdmap_r1,add,100000,0.693,250
stdmap_r1,add,100000,0.694,250
stdmap_r1,add,100000,0.695,250
stdmap_r1,add,100000,0.696,250
stdmap_r1,add,100000,0.697,250
stdmap_r1,add,100000,0.698,250
stdmap_r1,add,100000,0.699,250
stdmap_r1,add,100000,0.7,250
stdmap_r1,add,100000,0.701,250
stdmap_r1,add,100000,0.702,250
stdmap_r1,add,100000,0.703,250
stdmap_r1,add,100000,0.704,250
stdmap_r1,add,100000,0.705,250
stdmap_r1,add,100000,0.706,250
stdmap_r1,add,100000,0.707,250
stdmap_r1,add,100000,0.708,250
stdmap_r1,add,100000,0.709,250
stdmap_r1,add,100000,0.71,250
stdmap_r1,add,100000,0.711,250
stdmap_r1,add,100000,0.712,250
stdmap_r1,add,100000,0.713,250
stdmap_r1,add,100000,0.714,250
stdmap_r1,add,100000,0.715,250
stdmap_r1,add,100000,0.716,250
stdmap_r1,add,100000,0.717,250
stdmap_r1,add,100000,0.718,250
stdmap_r1,add,100000,0.719,250
stdmap_r1,add,100000,0.72,250
stdmap_r1,add,100000,0.721,250
stdmap_r1,add,100000,0.722,250
stdmap_r1,add,100000,0.723,250
stdmap_r1,add,100000,0.724,250
stdmap_r1,add,100000,0.725,250
stdmap_r1,add,100000,0.726,250
stdmap_r1,add,100000,0.727,250
stdmap_r1,add,100000,0.728,250
stdmap_r1,add,100000,0.729,250
stdmap_r1,add,100000,0.73,250
stdmap_r1,add,100000,0.731,250
stdmap_r1,add,100000,0.732,250
stdmap_r1,add,100000,0.733,250
stdmap_r1,add,100000,0.734,250
stdmap_r1,add,100000,0.735,250
stdmap_r1,add,100000,0.736,250
stdmap_r1,add,100000,0.737,250
stdmap_r1,add,100000,0.738,250
stdmap_r1,add,100000,0.739,250
stdmap_r1,add,100000,0.74,250
stdmap_r1,add,100000,0.741,250
stdmap_r1,add,100000,0.742,250
stdmap_r1,add,100000,0.743,250
stdmap_r1,add,100000,0.744,250
stdmap_r1,add,100000,0.745,250
stdmap_r1,add,100000,0.746,250
stdmap_r1,add,100000,0.747,250
stdmap_r1,add,100000,0.748,250
stdmap_r1,add,100000,0.749,250
stdmap_r1,add,100000,0.75,250
stdmap_r1,add,100000,0.751,250
stdmap_r1,add,100000,0.752,250
stdmap_r1,add,100000,0.753,250
stdmap_r1,add,100000,0.754,250
stdmap_r1,add,100000,0.755,250
stdmap_r1,add,100000,0.756,250
stdmap_r1,add,100000,0.757,250
stdmap_r1,add,100000,0.758,250
stdmap_r1,add,100000,0.759,250
stdmap_r1,add,100000,0.76,250
stdmap_r1,add,100000,0.761,250
stdmap_r1,add,100000,0.762,250
stdmap_r1,add,100000,0.763,250
stdmap_r1,add,100000,0.764,250
stdmap_r1,add,100000,0.765,250
stdmap_r1,add,100000,0.766,250
stdmap_r1,add,100000,0.767,250
stdmap_r1,add,100000,0.768,250
stdmap_r1,add,100000,0.769,250
stdmap_r1,add,100000,0.77,250
stdmap_r1,add,100000,0.771,250
stdmap_r1,add,100000,0.772,250
stdmap_r1,add,100000,0.773,250
stdmap_r1,add,100000,0.774,250
stdmap_r1,add,100000,0.775,250
stdmap_r1,add,100000,0.776,250
stdmap_r1,add,100000,0.777,250
stdmap_r1,add,100000,0.778,250
stdmap_r1,add,100000,0.779,250
stdmap_r1,add,100000,0.78,250
stdmap_r1,add,100000,0.781,250
stdmap_r1,add,100000,0.782,250
stdmap_r1,add,100000,0.783,250
stdmap_r1,add,100000,0.784,250
stdmap_r1,add,100000,0.785,250
stdmap_r1,add,100000,0.786,250
stdmap_r1,add,100000,0.787,250
stdmap_r1,add,100000,0.788,250
stdmap_r1,add,100000,0.789,250
stdmap_r1,add,100000,0.79,250
stdmap_r1,add,100000,0.791,250
stdmap_r1,add,100000,0.792,250
stdmap_r1,add,100000,0.793,250
stdmap_r1,add,100000,0.794,250
stdmap_r1,add,100000,0.795,250
stdmap_r1,add,100000,0.796,250
stdmap_r1,add,100000,0.797,250
stdmap_r1,add,100000,0.798,250
stdmap_r1,add,100000,0.799,250
stdmap_r1,add,100000,0.8,250
stdmap_r1,add,100000,0.801,250
stdmap_r1,add,100000,0.802,250
stdmap_r1,add,100000,0.803,250
stdmap_r1,add,100000,0.804,250
stdmap_r1,add,100000,0.805,250
stdmap_r1,add,100000,0.806,291
stdmap_r1,add,100000,0.807,291
stdmap_r1,add,100000,0.808,291
stdmap_r1,add,100000,0.809,291
stdmap_r1,add,100000,0.81,291
stdmap_r1,add,100000,0.811,291
stdmap_r1,add,100000,0.812,291
stdmap_r1,add,100000,0.813,291
stdmap_r1,add,100000,0.814,291
stdmap_r1,add,100000,0.815,291
stdmap_r1,add,100000,0.816,291
stdmap_r1,add,100000,0.817,291
stdmap_r1,add,100000,0.818,291
stdmap_r1,add,100000,0.819,291
stdmap_r1,add,100000,0.82,291
stdmap_r1,add,100000,0.821,291
stdmap_r1,add,100000,0.822,291
stdmap_r1,add,100000,0.823,291
stdmap_r1,add,100000,0.824,291
stdmap_r1,add,100000,0.825,291
stdmap_r1,add,100000,0.826,291
stdmap_r1,add,100000,0.827,291
stdmap_r1,add,100000,0.828,291
stdmap_r1,add,100000,0.829,291
stdmap_r1,add,100000,0.83,291
stdmap_r1,add,100000,0.831,292
stdmap_r1,add,100000,0.832,292
stdmap_r1,add,100000,0.833,292
stdmap_r1,add,100000,0.834,292
stdmap_r1,add,100000,0.835,292
stdmap_r1,add,100000,0.836,292
stdmap_r1,add,100000,0.837,292
stdmap_r1,add,100000,0.838,292
stdmap_r1,add,100000,0.839,292
stdmap_r1,add,100000,0.84,292
stdmap_r1,add,100000,0.841,292
stdmap_r1,add,100000,0.842,292
stdmap_r1,add,100000,0.843,292
stdmap_r1,add,100000,0.844,292
stdmap_r1,add,100000,0.845,292
stdmap_r1,add,100000,0.846,292
stdmap_r1,add,100000,0.847,292
stdmap_r1,add,100000,0.848,292
stdmap_r1,add,100000,0.849,292
stdmap_r1,add,100000,0.85,292
stdmap_r1,add,100000,0.851,292
stdmap_r1,add,100000,0.852,292
stdmap_r1,add,100000,0.853,292
stdmap_r1,add,100000,0.854,292
stdmap_r1,add,100000,0.855,292
stdmap_r1,add,100000,0.856,292
stdmap_r1,add,100000,0.857,292
stdmap_r1,add,100000,0.858,292
stdmap_r1,add,100000,0.859,292
stdmap_r1,add,100000,0.86,292
stdmap_r1,add,100000,0.861,292
stdmap_r1,add,100000,0.862,292
stdmap_r1,add,100000,0.863,292
stdmap_r1,add,100000,0.864,292
stdmap_r1,add,100000,0.865,292
stdmap_r1,add,100000,0.866,292
stdmap_r1,add,100000,0.867,292
stdmap_r1,add,100000,0.868,292
stdmap_r1,add,100000,0.869,292
stdmap_r1,add,100000,0.87,292
stdmap_r1,add,100000,0.871,292
stdmap_r1,add,100000,0.872,292
stdmap_r1,add,100000,0.873,292
stdmap_r1,add,100000,0.874,292
stdmap_r1,add,100000,0.875,292
stdmap_r1,add,100000,0.876,292
stdmap_r1,add,100000,0.877,292
stdmap_r1,add,100000,0.878,292
stdmap_r1,add,100000,0.879,292
stdmap_r1,add,100000,0.88,292
stdmap_r1,add,100000,0.881,333
stdmap_r1,add,100000,0.882,333
stdmap_r1,add,100000,0.883,333
stdmap_r1,add,100000,0.884,333
stdmap_r1,add,100000,0.885,333
stdmap_r1,add,100000,0.886,333
stdmap_r1,add,100000,0.887,333
stdmap_r1,add,100000,0.888,333
stdmap_r1,add,100000,0.889,333
stdmap_r1,add,100000,0.89,333
stdmap_r1,add,100000,0.891,333
stdmap_r1,add,100000,0.892,333
stdmap_r1,add,100000,0.893,333
stdmap_r1,add,100000,0.894,333
stdmap_r1,add,100000,0.895,333
stdmap_r1,add,100000,0.896,333
stdmap_r1,add,100000,0.897,333
stdmap_r1,add,100000,0.898,333
stdmap_r1,add,100000,0.899,333
stdmap_r1,add,100000,0.9,333
stdmap_r1,add,100000,0.901,333
stdmap_r1,add,100000,0.902,333
stdmap_r1,add,100000,0.903,333
stdmap_r1,add,100000,0.904,333
stdmap_r1,add,100000,0.905,333
stdmap_r1,add,100000,0.906,333
stdmap_r1,add,100000,0.907,334
stdmap_r1,add,100000,0.908,334
stdmap_r1,add,100000,0.909,334
stdmap_r1,add,100000,0.91,334
stdmap_r1,add,100000,0.911,334
stdmap_r1,add,100000,0.912,334
stdmap_r1,add,100000,0.913,334
stdmap_r1,add,100000,0.914,334
stdmap_r1,add,100000,0.915,334
stdmap_r1,add,100000,0.916,334
stdmap_r1,add,100000,0.917,334
stdmap_r1,add,100000,0.918,334
stdmap_r1,add,100000,0.919,334
stdmap_r1,add,100000,0.92,334
stdmap_r1,add,100000,0.921,375
stdmap_r1,add,100000,0.922,375
stdmap_r1,add,100000,0.923,375
stdmap_r1,add,100000,0.924,375
stdmap_r1,add,100000,0.925,375
stdmap_r1,add,100000,0.926,375
stdmap_r1,add,100000,0.927,375
stdmap_r1,add,100000,0.928,375
stdmap_r1,add,100000,0.929,375
stdmap_r1,add,100000,0.93,375
stdmap_r1,add,100000,0.931,375
stdmap_r1,add,100000,0.932,375
stdmap_r1,add,100000,0.933,375
stdmap_r1,add,100000,0.934,375
stdmap_r1,add,100000,0.935,375
stdmap_r1,add,100000,0.936,375
stdmap_r1,add,100000,0.937,375
stdmap_r1,add,100000,0.938,375
stdmap_r1,add,100000,0.939,375
stdmap_r1,add,100000,0.94,375
stdmap_r1,add,100000,0.941,375
stdmap_r1,add,100000,0.942,375
stdmap_r1,add,100000,0.943,375
stdmap_r1,add,100000,0.944,375
stdmap_r1,add,100000,0.945,375
stdmap_r1,add,100000,0.946,416
stdmap_r1,add,100000,0.947,416
stdmap_r1,add,100000,0.948,416
stdmap_r1,add,100000,0.949,416
stdmap_r1,add,100000,0.95,417
stdmap_r1,add,100000,0.951,417
stdmap_r1,add,100000,0.952,417
stdmap_r1,add,100000,0.953,417
stdmap_r1,add,100000,0.954,417
stdmap_r1,add,100000,0.955,417
stdmap_r1,add,100000,0.956,417
stdmap_r1,add,100000,0.957,417
stdmap_r1,add,100000,0.958,417
stdmap_r1,add,100000,0.959,417
stdmap_r1,add,100000,0.96,458
stdmap_r1,add,100000,0.961,458
stdmap_r1,add,100000,0.962,458
stdmap_r1,add,100000,0.963,458
stdmap_r1,add,100000,0.964,458
stdmap_r1,add,100000,0.965,458
stdmap_r1,add,100000,0.966,459
stdmap_r1,add,100000,0.967,459
stdmap_r1,add,100000,0.968,500
stdmap_r1,add,100000,0.969,500
stdmap_r1,add,100000,0.97,500
stdmap_r1,add,100000,0.971,500
stdmap_r1,add,100000,0.972,500
stdmap_r1,add,100000,0.973,500
stdmap_r1,add,100000,0.974,541
stdmap_r1,add,100000,0.975,541
stdmap_r1,add,100000,0.976,542
stdmap_r1,add,100000,0.977,542
stdmap_r1,add,100000,0.978,542
stdmap_r1,add,100000,0.979,583
stdmap_r1,add,100000,0.98,583
stdmap_r1,add,100000,0.981,584
stdmap_r1,add,100000,0.982,584
stdmap_r1,add,100000,0.983,625
stdmap_r1,add,100000,0.984,625
stdmap_r1,add,100000,0.985,666
stdmap_r1,add,100000,0.986,667
stdmap_r1,add,100000,0.987,708
stdmap_r1,add,100000,0.988,750
stdmap_r1,add,100000,0.989,791
stdmap_r1,add,100000,0.99,833
stdmap_r1,add,100000,0.991,916
stdmap_r1,add,100000,0.992,1000
stdmap_r1,add,100000,0.993,1125
stdmap_r1,add,100000,0.994,1333
stdmap_r1,add,100000,0.995,1584
stdmap_r1,add,100000,0.996,2000
stdmap_r1,add,100000,0.997,2708
stdmap_r1,add,100000,0.998,5042
stdmap_r1,add,100000,0.999,57292
stdmap_r1,cancel,100000,0,83
stdmap_r1,cancel,100000,0.001,167
stdmap_r1,cancel,100000,0.002,208
stdmap_r1,cancel,100000,0.003,208
stdmap_r1,cancel,100000,0.004,209
stdmap_r1,cancel,100000,0.005,250
stdmap_r1,cancel,100000,0.006,250
stdmap_r1,cancel,100000,0.007,250
stdmap_r1,cancel,100000,0.008,250
stdmap_r1,cancel,100000,0.009,250
stdmap_r1,cancel,100000,0.01,250
stdmap_r1,cancel,100000,0.011,250
stdmap_r1,cancel,100000,0.012,250
stdmap_r1,cancel,100000,0.013,250
stdmap_r1,cancel,100000,0.014,250
stdmap_r1,cancel,100000,0.015,250
stdmap_r1,cancel,100000,0.016,250
stdmap_r1,cancel,100000,0.017,291
stdmap_r1,cancel,100000,0.018,291
stdmap_r1,cancel,100000,0.019,291
stdmap_r1,cancel,100000,0.02,291
stdmap_r1,cancel,100000,0.021,291
stdmap_r1,cancel,100000,0.022,292
stdmap_r1,cancel,100000,0.023,292
stdmap_r1,cancel,100000,0.024,292
stdmap_r1,cancel,100000,0.025,292
stdmap_r1,cancel,100000,0.026,292
stdmap_r1,cancel,100000,0.027,292
stdmap_r1,cancel,100000,0.028,292
stdmap_r1,cancel,100000,0.029,292
stdmap_r1,cancel,100000,0.03,292
stdmap_r1,cancel,100000,0.031,333
stdmap_r1,cancel,100000,0.032,333
stdmap_r1,cancel,100000,0.033,333
stdmap_r1,cancel,100000,0.034,333
stdmap_r1,cancel,100000,0.035,333
stdmap_r1,cancel,100000,0.036,333
stdmap_r1,cancel,100000,0.037,333
stdmap_r1,cancel,100000,0.038,333
stdmap_r1,cancel,100000,0.039,333
stdmap_r1,cancel,100000,0.04,334
stdmap_r1,cancel,100000,0.041,334
stdmap_r1,cancel,100000,0.042,334
stdmap_r1,cancel,100000,0.043,334
stdmap_r1,cancel,100000,0.044,334
stdmap_r1,cancel,100000,0.045,375
stdmap_r1,cancel,100000,0.046,375
stdmap_r1,cancel,100000,0.047,375
stdmap_r1,cancel,100000,0.048,375
stdmap_r1,cancel,100000,0.049,375
stdmap_r1,cancel,100000,0.05,375
stdmap_r1,cancel,100000,0.051,375
stdmap_r1,cancel,100000,0.052,375
stdmap_r1,cancel,100000,0.053,375
stdmap_r1,cancel,100000,0.054,375
stdmap_r1,cancel,100000,0.055,375
stdmap_r1,cancel,100000,0.056,375
stdmap_r1,cancel,100000,0.057,375
stdmap_r1,cancel,100000,0.058,375
stdmap_r1,cancel,100000,0.059,375
stdmap_r1,cancel,100000,0.06,375
stdmap_r1,cancel,100000,0.061,375
stdmap_r1,cancel,100000,0.062,375
stdmap_r1,cancel,100000,0.063,375
stdmap_r1,cancel,100000,0.064,375
stdmap_r1,cancel,100000,0.065,375
stdmap_r1,cancel,100000,0.066,375
stdmap_r1,cancel,100000,0.067,375
stdmap_r1,cancel,100000,0.068,375
stdmap_r1,cancel,100000,0.069,375
stdmap_r1,cancel,100000,0.07,375
stdmap_r1,cancel,100000,0.071,375
stdmap_r1,cancel,100000,0.072,375
stdmap_r1,cancel,100000,0.073,375
stdmap_r1,cancel,100000,0.074,375
stdmap_r1,cancel,100000,0.075,375
stdmap_r1,cancel,100000,0.076,375
stdmap_r1,cancel,100000,0.077,375
stdmap_r1,cancel,100000,0.078,375
stdmap_r1,cancel,100000,0.079,375
stdmap_r1,cancel,100000,0.08,375
stdmap_r1,cancel,100000,0.081,416
stdmap_r1,cancel,100000,0.082,416
stdmap_r1,cancel,100000,0.083,416
stdmap_r1,cancel,100000,0.084,416
stdmap_r1,cancel,100000,0.085,416
stdmap_r1,cancel,100000,0.086,416
stdmap_r1,cancel,100000,0.087,416
stdmap_r1,cancel,100000,0.088,416
stdmap_r1,cancel,100000,0.089,416
stdmap_r1,cancel,100000,0.09,416
stdmap_r1,cancel,100000,0.091,416
stdmap_r1,cancel,100000,0.092,417
stdmap_r1,cancel,100000,0.093,417
stdmap_r1,cancel,100000,0.094,417
stdmap_r1,cancel,100000,0.095,417
stdmap_r1,cancel,100000,0.096,417
stdmap_r1,cancel,100000,0.097,417
stdmap_r1,cancel,100000,0.098,417
stdmap_r1,cancel,100000,0.099,417
stdmap_r1,cancel,100000,0.1,417
stdmap_r1,cancel,100000,0.101,417
stdmap_r1,cancel,100000,0.102,417
stdmap_r1,cancel,100000,0.103,417
stdmap_r1,cancel,100000,0.104,417
stdmap_r1,cancel,100000,0.105,417
stdmap_r1,cancel,100000,0.106,417
stdmap_r1,cancel,100000,0.107,417
stdmap_r1,cancel,100000,0.108,417
stdmap_r1,cancel,100000,0.109,417
stdmap_r1,cancel,100000,0.11,417
stdmap_r1,cancel,100000,0.111,417
stdmap_r1,cancel,100000,0.112,417
stdmap_r1,cancel,100000,0.113,417
stdmap_r1,cancel,100000,0.114,417
stdmap_r1,cancel,100000,0.115,417
stdmap_r1,cancel,100000,0.116,458
stdmap_r1,cancel,100000,0.117,458
stdmap_r1,cancel,100000,0.118,458
stdmap_r1,cancel,100000,0.119,458
stdmap_r1,cancel,100000,0.12,458
stdmap_r1,cancel,100000,0.121,458
stdmap_r1,cancel,100000,0.122,458
stdmap_r1,cancel,100000,0.123,458
stdmap_r1,cancel,100000,0.124,458
stdmap_r1,cancel,100000,0.125,458
stdmap_r1,cancel,100000,0.126,458
stdmap_r1,cancel,100000,0.127,458
stdmap_r1,cancel,100000,0.128,458
stdmap_r1,cancel,100000,0.129,458
stdmap_r1,cancel,100000,0.13,458
stdmap_r1,cancel,100000,0.131,458
stdmap_r1,cancel,100000,0.132,458
stdmap_r1,cancel,100000,0.133,458
stdmap_r1,cancel,100000,0.134,458
stdmap_r1,cancel,100000,0.135,458
stdmap_r1,cancel,100000,0.136,458
stdmap_r1,cancel,100000,0.137,458
stdmap_r1,cancel,100000,0.138,458
stdmap_r1,cancel,100000,0.139,458
stdmap_r1,cancel,100000,0.14,458
stdmap_r1,cancel,100000,0.141,458
stdmap_r1,cancel,100000,0.142,458
stdmap_r1,cancel,100000,0.143,458
stdmap_r1,cancel,100000,0.144,459
stdmap_r1,cancel,100000,0.145,459
stdmap_r1,cancel,100000,0.146,459
stdmap_r1,cancel,100000,0.147,459
stdmap_r1,cancel,100000,0.148,459
stdmap_r1,cancel,100000,0.149,459
stdmap_r1,cancel,100000,0.15,459
stdmap_r1,cancel,100000,0.151,459
stdmap_r1,cancel,100000,0.152,459
stdmap_r1,cancel,100000,0.153,459
stdmap_r1,cancel,100000,0.154,459
stdmap_r1,cancel,100000,0.155,459
stdmap_r1,cancel,100000,0.156,459
stdmap_r1,cancel,100000,0.157,459
stdmap_r1,cancel,100000,0.158,500
stdmap_r1,cancel,100000,0.159,500
stdmap_r1,cancel,100000,0.16,500
stdmap_r1,cancel,100000,0.161,500
stdmap_r1,cancel,100000,0.162,500
stdmap_r1,cancel,100000,0.163,500
stdmap_r1,cancel,100000,0.164,500
stdmap_r1,cancel,100000,0.165,500
stdmap_r1,cancel,100000,0.166,500
stdmap_r1,cancel,100000,0.167,500
stdmap_r1,cancel,100000,0.168,500
stdmap_r1,cancel,100000,0.169,500
stdmap_r1,cancel,100000,0.17,500
stdmap_r1,cancel,100000,0.171,500
stdmap_r1,cancel,100000,0.172,500
stdmap_r1,cancel,100000,0.173,500
stdmap_r1,cancel,100000,0.174,500
stdmap_r1,cancel,100000,0.175,500
stdmap_r1,cancel,100000,0.176,500
stdmap_r1,cancel,100000,0.177,500
stdmap_r1,cancel,100000,0.178,500
stdmap_r1,cancel,100000,0.179,500
stdmap_r1,cancel,100000,0.18,500
stdmap_r1,cancel,100000,0.181,500
stdmap_r1,cancel,100000,0.182,500
stdmap_r1,cancel,100000,0.183,500
stdmap_r1,cancel,100000,0.184,500
stdmap_r1,cancel,100000,0.185,500
stdmap_r1,cancel,100000,0.186,500
stdmap_r1,cancel,100000,0.187,500
stdmap_r1,cancel,100000,0.188,500
stdmap_r1,cancel,100000,0.189,500
stdmap_r1,cancel,100000,0.19,500
stdmap_r1,cancel,100000,0.191,500
stdmap_r1,cancel,100000,0.192,500
stdmap_r1,cancel,100000,0.193,500
stdmap_r1,cancel,100000,0.194,500
stdmap_r1,cancel,100000,0.195,500
stdmap_r1,cancel,100000,0.196,500
stdmap_r1,cancel,100000,0.197,500
stdmap_r1,cancel,100000,0.198,500
stdmap_r1,cancel,100000,0.199,500
stdmap_r1,cancel,100000,0.2,500
stdmap_r1,cancel,100000,0.201,500
stdmap_r1,cancel,100000,0.202,500
stdmap_r1,cancel,100000,0.203,500
stdmap_r1,cancel,100000,0.204,500
stdmap_r1,cancel,100000,0.205,500
stdmap_r1,cancel,100000,0.206,500
stdmap_r1,cancel,100000,0.207,500
stdmap_r1,cancel,100000,0.208,500
stdmap_r1,cancel,100000,0.209,500
stdmap_r1,cancel,100000,0.21,500
stdmap_r1,cancel,100000,0.211,500
stdmap_r1,cancel,100000,0.212,500
stdmap_r1,cancel,100000,0.213,500
stdmap_r1,cancel,100000,0.214,500
stdmap_r1,cancel,100000,0.215,500
stdmap_r1,cancel,100000,0.216,500
stdmap_r1,cancel,100000,0.217,500
stdmap_r1,cancel,100000,0.218,500
stdmap_r1,cancel,100000,0.219,500
stdmap_r1,cancel,100000,0.22,500
stdmap_r1,cancel,100000,0.221,500
stdmap_r1,cancel,100000,0.222,500
stdmap_r1,cancel,100000,0.223,500
stdmap_r1,cancel,100000,0.224,500
stdmap_r1,cancel,100000,0.225,500
stdmap_r1,cancel,100000,0.226,500
stdmap_r1,cancel,100000,0.227,500
stdmap_r1,cancel,100000,0.228,500
stdmap_r1,cancel,100000,0.229,500
stdmap_r1,cancel,100000,0.23,500
stdmap_r1,cancel,100000,0.231,500
stdmap_r1,cancel,100000,0.232,500
stdmap_r1,cancel,100000,0.233,500
stdmap_r1,cancel,100000,0.234,500
stdmap_r1,cancel,100000,0.235,500
stdmap_r1,cancel,100000,0.236,500
stdmap_r1,cancel,100000,0.237,541
stdmap_r1,cancel,100000,0.238,541
stdmap_r1,cancel,100000,0.239,541
stdmap_r1,cancel,100000,0.24,541
stdmap_r1,cancel,100000,0.241,541
stdmap_r1,cancel,100000,0.242,541
stdmap_r1,cancel,100000,0.243,541
stdmap_r1,cancel,100000,0.244,541
stdmap_r1,cancel,100000,0.245,541
stdmap_r1,cancel,100000,0.246,541
stdmap_r1,cancel,100000,0.247,541
stdmap_r1,cancel,100000,0.248,541
stdmap_r1,cancel,100000,0.249,541
stdmap_r1,cancel,100000,0.25,541
stdmap_r1,cancel,100000,0.251,541
stdmap_r1,cancel,100000,0.252,541
stdmap_r1,cancel,100000,0.253,541
stdmap_r1,cancel,100000,0.254,541
stdmap_r1,cancel,100000,0.255,541
stdmap_r1,cancel,100000,0.256,541
stdmap_r1,cancel,100000,0.257,541
stdmap_r1,cancel,100000,0.258,541
stdmap_r1,cancel,100000,0.259,542
stdmap_r1,cancel,100000,0.26,542
stdmap_r1,cancel,100000,0.261,542
stdmap_r1,cancel,100000,0.262,542
stdmap_r1,cancel,100000,0.263,542
stdmap_r1,cancel,100000,0.264,542
stdmap_r1,cancel,100000,0.265,542
stdmap_r1,cancel,100000,0.266,542
stdmap_r1,cancel,100000,0.267,542
stdmap_r1,cancel,100000,0.268,542
stdmap_r1,cancel,100000,0.269,542
stdmap_r1,cancel,100000,0.27,542
stdmap_r1,cancel,100000,0.271,542
stdmap_r1,cancel,100000,0.272,542
stdmap_r1,cancel,100000,0.273,542
stdmap_r1,cancel,100000,0.274,542
stdmap_r1,cancel,100000,0.275,542
stdmap_r1,cancel,100000,0.276,542
stdmap_r1,cancel,100000,0.277,542
stdmap_r1,cancel,100000,0.278,542
stdmap_r1,cancel,100000,0.279,542
stdmap_r1,cancel,100000,0.28,542
stdmap_r1,cancel,100000,0.281,542
stdmap_r1,cancel,100000,0.282,542
stdmap_r1,cancel,100000,0.283,542
stdmap_r1,cancel,100000,0.284,542
stdmap_r1,cancel,100000,0.285,542
stdmap_r1,cancel,100000,0.286,542
stdmap_r1,cancel,100000,0.287,542
stdmap_r1,cancel,100000,0.288,542
stdmap_r1,cancel,100000,0.289,542
stdmap_r1,cancel,100000,0.29,542
stdmap_r1,cancel,100000,0.291,542
stdmap_r1,cancel,100000,0.292,542
stdmap_r1,cancel,100000,0.293,542
stdmap_r1,cancel,100000,0.294,542
stdmap_r1,cancel,100000,0.295,542
stdmap_r1,cancel,100000,0.296,542
stdmap_r1,cancel,100000,0.297,542
stdmap_r1,cancel,100000,0.298,542
stdmap_r1,cancel,100000,0.299,542
stdmap_r1,cancel,100000,0.3,542
stdmap_r1,cancel,100000,0.301,583
stdmap_r1,cancel,100000,0.302,583
stdmap_r1,cancel,100000,0.303,583
stdmap_r1,cancel,100000,0.304,583
stdmap_r1,cancel,100000,0.305,583
stdmap_r1,cancel,100000,0.306,583
stdmap_r1,cancel,100000,0.307,583
stdmap_r1,cancel,100000,0.308,583
stdmap_r1,cancel,100000,0.309,583
stdmap_r1,cancel,100000,0.31,583
stdmap_r1,cancel,100000,0.311,583
stdmap_r1,cancel,100000,0.312,583
stdmap_r1,cancel,100000,0.313,583
stdmap_r1,cancel,100000,0.314,583
stdmap_r1,cancel,100000,0.315,583
stdmap_r1,cancel,100000,0.316,583
stdmap_r1,cancel,100000,0.317,583
stdmap_r1,cancel,100000,0.318,583
stdmap_r1,cancel,100000,0.319,583
stdmap_r1,cancel,100000,0.32,583
stdmap_r1,cancel,100000,0.321,583
stdmap_r1,cancel,100000,0.322,583
stdmap_r1,cancel,100000,0.323,583
stdmap_r1,cancel,100000,0.324,583
stdmap_r1,cancel,100000,0.325,583
stdmap_r1,cancel,100000,0.326,583
stdmap_r1,cancel,100000,0.327,583
stdmap_r1,cancel,100000,0.328,583
stdmap_r1,cancel,100000,0.329,583
stdmap_r1,cancel,100000,0.33,583
stdmap_r1,cancel,100000,0.331,583
stdmap_r1,cancel,100000,0.332,583
stdmap_r1,cancel,100000,0.333,583
stdmap_r1,cancel,100000,0.334,583
stdmap_r1,cancel,100000,0.335,583
stdmap_r1,cancel,100000,0.336,583
stdmap_r1,cancel,100000,0.337,583
stdmap_r1,cancel,100000,0.338,583
stdmap_r1,cancel,100000,0.339,583
stdmap_r1,cancel,100000,0.34,583
stdmap_r1,cancel,100000,0.341,583
stdmap_r1,cancel,100000,0.342,583
stdmap_r1,cancel,100000,0.343,583
stdmap_r1,cancel,100000,0.344,583
stdmap_r1,cancel,100000,0.345,583
stdmap_r1,cancel,100000,0.346,583
stdmap_r1,cancel,100000,0.347,583
stdmap_r1,cancel,100000,0.348,583
stdmap_r1,cancel,100000,0.349,583
stdmap_r1,cancel,100000,0.35,583
stdmap_r1,cancel,100000,0.351,583
stdmap_r1,cancel,100000,0.352,583
stdmap_r1,cancel,100000,0.353,583
stdmap_r1,cancel,100000,0.354,583
stdmap_r1,cancel,100000,0.355,583
stdmap_r1,cancel,100000,0.356,583
stdmap_r1,cancel,100000,0.357,583
stdmap_r1,cancel,100000,0.358,584
stdmap_r1,cancel,100000,0.359,584
stdmap_r1,cancel,100000,0.36,584
stdmap_r1,cancel,100000,0.361,584
stdmap_r1,cancel,100000,0.362,584
stdmap_r1,cancel,100000,0.363,584
stdmap_r1,cancel,100000,0.364,584
stdmap_r1,cancel,100000,0.365,584
stdmap_r1,cancel,100000,0.366,584
stdmap_r1,cancel,100000,0.367,584
stdmap_r1,cancel,100000,0.368,584
stdmap_r1,cancel,100000,0.369,584
stdmap_r1,cancel,100000,0.37,584
stdmap_r1,cancel,100000,0.371,584
stdmap_r1,cancel,100000,0.372,584
stdmap_r1,cancel,100000,0.373,584
stdmap_r1,cancel,100000,0.374,584
stdmap_r1,cancel,100000,0.375,584
stdmap_r1,cancel,100000,0.376,584
stdmap_r1,cancel,100000,0.377,584
stdmap_r1,cancel,100000,0.378,584
stdmap_r1,cancel,100000,0.379,584
stdmap_r1,cancel,100000,0.38,584
stdmap_r1,cancel,100000,0.381,584
stdmap_r1,cancel,100000,0.382,584
stdmap_r1,cancel,100000,0.383,584
stdmap_r1,cancel,100000,0.384,584
stdmap_r1,cancel,100000,0.385,584
stdmap_r1,cancel,100000,0.386,584
stdmap_r1,cancel,100000,0.387,625
stdmap_r1,cancel,100000,0.388,625
stdmap_r1,cancel,100000,0.389,625
stdmap_r1,cancel,100000,0.39,625
stdmap_r1,cancel,100000,0.391,625
stdmap_r1,cancel,100000,0.392,625
stdmap_r1,cancel,100000,0.393,625
stdmap_r1,cancel,100000,0.394,625
stdmap_r1,cancel,100000,0.395,625
stdmap_r1,cancel,100000,0.396,625
stdmap_r1,cancel,100000,0.397,625
stdmap_r1,cancel,100000,0.398,625
stdmap_r1,cancel,100000,0.399,625
stdmap_r1,cancel,100000,0.4,625
stdmap_r1,cancel,100000,0.401,625
stdmap_r1,cancel,100000,0.402,625
stdmap_r1,cancel,100000,0.403,625
stdmap_r1,cancel,100000,0.404,625
stdmap_r1,cancel,100000,0.405,625
stdmap_r1,cancel,100000,0.406,625
stdmap_r1,cancel,100000,0.407,625
stdmap_r1,cancel,100000,0.408,625
stdmap_r1,cancel,100000,0.409,625
stdmap_r1,cancel,100000,0.41,625
stdmap_r1,cancel,100000,0.411,625
stdmap_r1,cancel,100000,0.412,625
stdmap_r1,cancel,100000,0.413,625
stdmap_r1,cancel,100000,0.414,625
stdmap_r1,cancel,100000,0.415,625
stdmap_r1,cancel,100000,0.416,625
stdmap_r1,cancel,100000,0.417,625
stdmap_r1,cancel,100000,0.418,625
stdmap_r1,cancel,100000,0.419,625
stdmap_r1,cancel,100000,0.42,625
stdmap_r1,cancel,100000,0.421,625
stdmap_r1,cancel,100000,0.422,625
stdmap_r1,cancel,100000,0.423,625
stdmap_r1,cancel,100000,0.424,625
stdmap_r1,cancel,100000,0.425,625
stdmap_r1,cancel,100000,0.426,625
stdmap_r1,cancel,100000,0.427,625
stdmap_r1,cancel,100000,0.428,625
stdmap_r1,cancel,100000,0.429,625
stdmap_r1,cancel,100000,0.43,625
stdmap_r1,cancel,100000,0.431,625
stdmap_r1,cancel,100000,0.432,625
stdmap_r1,cancel,100000,0.433,625
stdmap_r1,cancel,100000,0.434,625
stdmap_r1,cancel,100000,0.435,625
stdmap_r1,cancel,100000,0.436,625
stdmap_r1,cancel,100000,0.437,625
stdmap_r1,cancel,100000,0.438,625
stdmap_r1,cancel,100000,0.439,625
stdmap_r1,cancel,100000,0.44,625
stdmap_r1,cancel,100000,0.441,625
stdmap_r1,cancel,100000,0.442,625
stdmap_r1,cancel,100000,0.443,625
stdmap_r1,cancel,100000,0.444,625
stdmap_r1,cancel,100000,0.445,625
stdmap_r1,cancel,100000,0.446,625
stdmap_r1,cancel,100000,0.447,625
stdmap_r1,cancel,100000,0.448,625
stdmap_r1,cancel,100000,0.449,625
stdmap_r1,cancel,100000,0.45,625
stdmap_r1,cancel,100000,0.451,625
stdmap_r1,cancel,100000,0.452,625
stdmap_r1,cancel,100000,0.453,625
stdmap_r1,cancel,100000,0.454,625
stdmap_r1,cancel,100000,0.455,625
stdmap_r1,cancel,100000,0.456,625
stdmap_r1,cancel,100000,0.457,625
stdmap_r1,cancel,100000,0.458,625
stdmap_r1,cancel,100000,0.459,625
stdmap_r1,cancel,100000,0.46,625
stdmap_r1,cancel,100000,0.461,625
stdmap_r1,cancel,100000,0.462,625
stdmap_r1,cancel,100000,0.463,625
stdmap_r1,cancel,100000,0.464,625
stdmap_r1,cancel,100000,0.465,625
stdmap_r1,cancel,100000,0.466,625
stdmap_r1,cancel,100000,0.467,625
stdmap_r1,cancel,100000,0.468,625
stdmap_r1,cancel,100000,0.469,625
stdmap_r1,cancel,100000,0.47,625
stdmap_r1,cancel,100000,0.471,625
stdmap_r1,cancel,100000,0.472,625
stdmap_r1,cancel,100000,0.473,625
stdmap_r1,cancel,100000,0.474,625
stdmap_r1,cancel,100000,0.475,625
stdmap_r1,cancel,100000,0.476,625
stdmap_r1,cancel,100000,0.477,625
stdmap_r1,cancel,100000,0.478,625
stdmap_r1,cancel,100000,0.479,625
stdmap_r1,cancel,100000,0.48,625
stdmap_r1,cancel,100000,0.481,625
stdmap_r1,cancel,100000,0.482,625
stdmap_r1,cancel,100000,0.483,625
stdmap_r1,cancel,100000,0.484,625
stdmap_r1,cancel,100000,0.485,625
stdmap_r1,cancel,100000,0.486,625
stdmap_r1,cancel,100000,0.487,625
stdmap_r1,cancel,100000,0.488,625
stdmap_r1,cancel,100000,0.489,625
stdmap_r1,cancel,100000,0.49,625
stdmap_r1,cancel,100000,0.491,625
stdmap_r1,cancel,100000,0.492,625
stdmap_r1,cancel,100000,0.493,625
stdmap_r1,cancel,100000,0.494,625
stdmap_r1,cancel,100000,0.495,625
stdmap_r1,cancel,100000,0.496,625
stdmap_r1,cancel,100000,0.497,625
stdmap_r1,cancel,100000,0.498,625
stdmap_r1,cancel,100000,0.499,625
stdmap_r1,cancel,100000,0.5,625
stdmap_r1,cancel,100000,0.501,625
stdmap_r1,cancel,100000,0.502,625
stdmap_r1,cancel,100000,0.503,625
stdmap_r1,cancel,100000,0.504,625
stdmap_r1,cancel,100000,0.505,625
stdmap_r1,cancel,100000,0.506,625
stdmap_r1,cancel,100000,0.507,625
stdmap_r1,cancel,100000,0.508,625
stdmap_r1,cancel,100000,0.509,625
stdmap_r1,cancel,100000,0.51,666
stdmap_r1,cancel,100000,0.511,666
stdmap_r1,cancel,100000,0.512,666
stdmap_r1,cancel,100000,0.513,666
stdmap_r1,cancel,100000,0.514,666
stdmap_r1,cancel,100000,0.515,666
stdmap_r1,cancel,100000,0.516,666
stdmap_r1,cancel,100000,0.517,666
stdmap_r1,cancel,100000,0.518,666
stdmap_r1,cancel,100000,0.519,666
stdmap_r1,cancel,100000,0.52,666
stdmap_r1,cancel,100000,0.521,666
stdmap_r1,cancel,100000,0.522,666
stdmap_r1,cancel,100000,0.523,666
stdmap_r1,cancel,100000,0.524,666
stdmap_r1,cancel,100000,0.525,666
stdmap_r1,cancel,100000,0.526,666
stdmap_r1,cancel,100000,0.527,666
stdmap_r1,cancel,100000,0.528,666
stdmap_r1,cancel,100000,0.529,666
stdmap_r1,cancel,100000,0.53,666
stdmap_r1,cancel,100000,0.531,666
stdmap_r1,cancel,100000,0.532,666
stdmap_r1,cancel,100000,0.533,666
stdmap_r1,cancel,100000,0.534,666
stdmap_r1,cancel,100000,0.535,666
stdmap_r1,cancel,100000,0.536,666
stdmap_r1,cancel,100000,0.537,666
stdmap_r1,cancel,100000,0.538,666
stdmap_r1,cancel,100000,0.539,666
stdmap_r1,cancel,100000,0.54,667
stdmap_r1,cancel,100000,0.541,667
stdmap_r1,cancel,100000,0.542,667
stdmap_r1,cancel,100000,0.543,667
stdmap_r1,cancel,100000,0.544,667
stdmap_r1,cancel,100000,0.545,667
stdmap_r1,cancel,100000,0.546,667
stdmap_r1,cancel,100000,0.547,667
stdmap_r1,cancel,100000,0.548,667
stdmap_r1,cancel,100000,0.549,667
stdmap_r1,cancel,100000,0.55,667
stdmap_r1,cancel,100000,0.551,667
stdmap_r1,cancel,100000,0.552,667
stdmap_r1,cancel,100000,0.553,667
stdmap_r1,cancel,100000,0.554,667
stdmap_r1,cancel,100000,0.555,667
stdmap_r1,cancel,100000,0.556,667
stdmap_r1,cancel,100000,0.557,667
stdmap_r1,cancel,100000,0.558,667
stdmap_r1,cancel,100000,0.559,667
stdmap_r1,cancel,100000,0.56,667
stdmap_r1,cancel,100000,0.561,667
stdmap_r1,cancel,100000,0.562,667
stdmap_r1,cancel,100000,0.563,667
stdmap_r1,cancel,100000,0.564,667
stdmap_r1,cancel,100000,0.565,667
stdmap_r1,cancel,100000,0.566,667
stdmap_r1,cancel,100000,0.567,667
stdmap_r1,cancel,100000,0.568,667
stdmap_r1,cancel,100000,0.569,667
stdmap_r1,cancel,100000,0.57,667
stdmap_r1,cancel,100000,0.571,667
stdmap_r1,cancel,100000,0.572,667
stdmap_r1,cancel,100000,0.573,667
stdmap_r1,cancel,100000,0.574,667
stdmap_r1,cancel,100000,0.575,667
stdmap_r1,cancel,100000,0.576,667
stdmap_r1,cancel,100000,0.577,667
stdmap_r1,cancel,100000,0.578,667
stdmap_r1,cancel,100000,0.579,667
stdmap_r1,cancel,100000,0.58,667
stdmap_r1,cancel,100000,0.581,667
stdmap_r1,cancel,100000,0.582,667
stdmap_r1,cancel,100000,0.583,667
stdmap_r1,cancel,100000,0.584,667
stdmap_r1,cancel,100000,0.585,667
stdmap_r1,cancel,100000,0.586,667
stdmap_r1,cancel,100000,0.587,667
stdmap_r1,cancel,100000,0.588,667
stdmap_r1,cancel,100000,0.589,667
stdmap_r1,cancel,100000,0.59,667
stdmap_r1,cancel,100000,0.591,667
stdmap_r1,cancel,100000,0.592,667
stdmap_r1,cancel,100000,0.593,667
stdmap_r1,cancel,100000,0.594,667
stdmap_r1,cancel,100000,0.595,667
stdmap_r1,cancel,100000,0.596,667
stdmap_r1,cancel,100000,0.597,667
stdmap_r1,cancel,100000,0.598,667
stdmap_r1,cancel,100000,0.599,667
stdmap_r1,cancel,100000,0.6,708
stdmap_r1,cancel,100000,0.601,708
stdmap_r1,cancel,100000,0.602,708
stdmap_r1,cancel,100000,0.603,708
stdmap_r1,cancel,100000,0.604,708
stdmap_r1,cancel,100000,0.605,708
stdmap_r1,cancel,100000,0.606,708
stdmap_r1,cancel,100000,0.607,708
stdmap_r1,cancel,100000,0.608,708
stdmap_r1,cancel,100000,0.609,708
stdmap_r1,cancel,100000,0.61,708
stdmap_r1,cancel,100000,0.611,708
stdmap_r1,cancel,100000,0.612,708
stdmap_r1,cancel,100000,0.613,708
stdmap_r1,cancel,100000,0.614,708
stdmap_r1,cancel,100000,0.615,708
stdmap_r1,cancel,100000,0.616,708
stdmap_r1,cancel,100000,0.617,708
stdmap_r1,cancel,100000,0.618,708
stdmap_r1,cancel,100000,0.619,708
stdmap_r1,cancel,100000,0.62,708
stdmap_r1,cancel,100000,0.621,708
stdmap_r1,cancel,100000,0.622,708
stdmap_r1,cancel,100000,0.623,708
stdmap_r1,cancel,100000,0.624,708
stdmap_r1,cancel,100000,0.625,708
stdmap_r1,cancel,100000,0.626,708
stdmap_r1,cancel,100000,0.627,708
stdmap_r1,cancel,100000,0.628,708
stdmap_r1,cancel,100000,0.629,708
stdmap_r1,cancel,100000,0.63,708
stdmap_r1,cancel,100000,0.631,708
stdmap_r1,cancel,100000,0.632,708
stdmap_r1,cancel,100000,0.633,708
stdmap_r1,cancel,100000,0.634,708
stdmap_r1,cancel,100000,0.635,708
stdmap_r1,cancel,100000,0.636,708
stdmap_r1,cancel,100000,0.637,708
stdmap_r1,cancel,100000,0.638,708
stdmap_r1,cancel,100000,0.639,708
stdmap_r1,cancel,100000,0.64,708
stdmap_r1,cancel,100000,0.641,708
stdmap_r1,cancel,100000,0.642,708
stdmap_r1,cancel,100000,0.643,708
stdmap_r1,cancel,100000,0.644,708
stdmap_r1,cancel,100000,0.645,708
stdmap_r1,cancel,100000,0.646,708
stdmap_r1,cancel,100000,0.647,708
stdmap_r1,cancel,100000,0.648,708
stdmap_r1,cancel,100000,0.649,708
stdmap_r1,cancel,100000,0.65,709
stdmap_r1,cancel,100000,0.651,709
stdmap_r1,cancel,100000,0.652,709
stdmap_r1,cancel,100000,0.653,709
stdmap_r1,cancel,100000,0.654,709
stdmap_r1,cancel,100000,0.655,709
stdmap_r1,cancel,100000,0.656,709
stdmap_r1,cancel,100000,0.657,709
stdmap_r1,cancel,100000,0.658,709
stdmap_r1,cancel,100000,0.659,709
stdmap_r1,cancel,100000,0.66,709
stdmap_r1,cancel,100000,0.661,709
stdmap_r1,cancel,100000,0.662,709
stdmap_r1,cancel,100000,0.663,709
stdmap_r1,cancel,100000,0.664,709
stdmap_r1,cancel,100000,0.665,709
stdmap_r1,cancel,100000,0.666,709
stdmap_r1,cancel,100000,0.667,709
stdmap_r1,cancel,100000,0.668,709
stdmap_r1,cancel,100000,0.669,709
stdmap_r1,cancel,100000,0.67,709
stdmap_r1,cancel,100000,0.671,709
stdmap_r1,cancel,100000,0.672,709
stdmap_r1,cancel,100000,0.673,709
stdmap_r1,cancel,100000,0.674,709
stdmap_r1,cancel,100000,0.675,750
stdmap_r1,cancel,100000,0.676,750
stdmap_r1,cancel,100000,0.677,750
stdmap_r1,cancel,100000,0.678,750
stdmap_r1,cancel,100000,0.679,750
stdmap_r1,cancel,100000,0.68,750
stdmap_r1,cancel,100000,0.681,750
stdmap_r1,cancel,100000,0.682,750
stdmap_r1,cancel,100000,0.683,750
stdmap_r1,cancel,100000,0.684,750
stdmap_r1,cancel,100000,0.685,750
stdmap_r1,cancel,100000,0.686,750
stdmap_r1,cancel,100000,0.687,750
stdmap_r1,cancel,100000,0.688,750
stdmap_r1,cancel,100000,0.689,750
stdmap_r1,cancel,100000,0.69,750
stdmap_r1,cancel,100000,0.691,750
stdmap_r1,cancel,100000,0.692,750
stdmap_r1,cancel,100000,0.693,750
stdmap_r1,cancel,100000,0.694,750
stdmap_r1,cancel,100000,0.695,750
stdmap_r1,cancel,100000,0.696,750
stdmap_r1,cancel,100000,0.697,750
stdmap_r1,cancel,100000,0.698,750
stdmap_r1,cancel,100000,0.699,750
stdmap_r1,cancel,100000,0.7,750
stdmap_r1,cancel,100000,0.701,750
stdmap_r1,cancel,100000,0.702,750
stdmap_r1,cancel,100000,0.703,750
stdmap_r1,cancel,100000,0.704,750
stdmap_r1,cancel,100000,0.705,750
stdmap_r1,cancel,100000,0.706,750
stdmap_r1,cancel,100000,0.707,750
stdmap_r1,cancel,100000,0.708,750
stdmap_r1,cancel,100000,0.709,750
stdmap_r1,cancel,100000,0.71,750
stdmap_r1,cancel,100000,0.711,750
stdmap_r1,cancel,100000,0.712,750
stdmap_r1,cancel,100000,0.713,750
stdmap_r1,cancel,100000,0.714,750
stdmap_r1,cancel,100000,0.715,750
stdmap_r1,cancel,100000,0.716,750
stdmap_r1,cancel,100000,0.717,750
stdmap_r1,cancel,100000,0.718,750
stdmap_r1,cancel,100000,0.719,750
stdmap_r1,cancel,100000,0.72,750
stdmap_r1,cancel,100000,0.721,750
stdmap_r1,cancel,100000,0.722,750
stdmap_r1,cancel,100000,0.723,750
stdmap_r1,cancel,100000,0.724,750
stdmap_r1,cancel,100000,0.725,750
stdmap_r1,cancel,100000,0.726,750
stdmap_r1,cancel,100000,0.727,750
stdmap_r1,cancel,100000,0.728,750
stdmap_r1,cancel,100000,0.729,750
stdmap_r1,cancel,100000,0.73,750
stdmap_r1,cancel,100000,0.731,750
stdmap_r1,cancel,100000,0.732,750
stdmap_r1,cancel,100000,0.733,750
stdmap_r1,cancel,100000,0.734,750
stdmap_r1,cancel,100000,0.735,750
stdmap_r1,cancel,100000,0.736,750
stdmap_r1,cancel,100000,0.737,750
stdmap_r1,cancel,100000,0.738,750
stdmap_r1,cancel,100000,0.739,750
stdmap_r1,cancel,100000,0.74,750
stdmap_r1,cancel,100000,0.741,750
stdmap_r1,cancel,100000,0.742,750
stdmap_r1,cancel,100000,0.743,750
stdmap_r1,cancel,100000,0.744,750
stdmap_r1,cancel,100000,0.745,750
stdmap_r1,cancel,100000,0.746,750
stdmap_r1,cancel,100000,0.747,750
stdmap_r1,cancel,100000,0.748,750
stdmap_r1,cancel,100000,0.749,750
stdmap_r1,cancel,100000,0.75,750
stdmap_r1,cancel,100000,0.751,791
stdmap_r1,cancel,100000,0.752,791
stdmap_r1,cancel,100000,0.753,791
stdmap_r1,cancel,100000,0.754,791
stdmap_r1,cancel,100000,0.755,791
stdmap_r1,cancel,100000,0.756,791
stdmap_r1,cancel,100000,0.757,791
stdmap_r1,cancel,100000,0.758,791
stdmap_r1,cancel,100000,0.759,791
stdmap_r1,cancel,100000,0.76,791
stdmap_r1,cancel,100000,0.761,791
stdmap_r1,cancel,100000,0.762,791
stdmap_r1,cancel,100000,0.763,791
stdmap_r1,cancel,100000,0.764,791
stdmap_r1,cancel,100000,0.765,791
stdmap_r1,cancel,100000,0.766,791
stdmap_r1,cancel,100000,0.767,791
stdmap_r1,cancel,100000,0.768,791
stdmap_r1,cancel,100000,0.769,791
stdmap_r1,cancel,100000,0.77,791
stdmap_r1,cancel,100000,0.771,791
stdmap_r1,cancel,100000,0.772,791
stdmap_r1,cancel,100000,0.773,791
stdmap_r1,cancel,100000,0.774,792
stdmap_r1,cancel,100000,0.775,792
stdmap_r1,cancel,100000,0.776,792
stdmap_r1,cancel,100000,0.777,792
stdmap_r1,cancel,100000,0.778,792
stdmap_r1,cancel,100000,0.779,792
stdmap_r1,cancel,100000,0.78,792
stdmap_r1,cancel,100000,0.781,792
stdmap_r1,cancel,100000,0.782,792
stdmap_r1,cancel,100000,0.783,792
stdmap_r1,cancel,100000,0.784,792
stdmap_r1,cancel,100000,0.785,792
stdmap_r1,cancel,100000,0.786,792
stdmap_r1,cancel,100000,0.787,792
stdmap_r1,cancel,100000,0.788,792
stdmap_r1,cancel,100000,0.789,792
stdmap_r1,cancel,100000,0.79,792
stdmap_r1,cancel,100000,0.791,792
stdmap_r1,cancel,100000,0.792,792
stdmap_r1,cancel,100000,0.793,792
stdmap_r1,cancel,100000,0.794,792
stdmap_r1,cancel,100000,0.795,792
stdmap_r1,cancel,100000,0.796,792
stdmap_r1,cancel,100000,0.797,792
stdmap_r1,cancel,100000,0.798,792
stdmap_r1,cancel,100000,0.799,792
stdmap_r1,cancel,100000,0.8,792
stdmap_r1,cancel,100000,0.801,792
stdmap_r1,cancel,100000,0.802,792
stdmap_r1,cancel,100000,0.803,792
stdmap_r1,cancel,100000,0.804,792
stdmap_r1,cancel,100000,0.805,792
stdmap_r1,cancel,100000,0.806,792
stdmap_r1,cancel,100000,0.807,792
stdmap_r1,cancel,100000,0.808,792
stdmap_r1,cancel,100000,0.809,792
stdmap_r1,cancel,100000,0.81,792
stdmap_r1,cancel,100000,0.811,792
stdmap_r1,cancel,100000,0.812,792
stdmap_r1,cancel,100000,0.813,792
stdmap_r1,cancel,100000,0.814,792
stdmap_r1,cancel,100000,0.815,792
stdmap_r1,cancel,100000,0.816,792
stdmap_r1,cancel,100000,0.817,792
stdmap_r1,cancel,100000,0.818,792
stdmap_r1,cancel,100000,0.819,792
stdmap_r1,cancel,100000,0.82,833
stdmap_r1,cancel,100000,0.821,833
stdmap_r1,cancel,100000,0.822,833
stdmap_r1,cancel,100000,0.823,833
stdmap_r1,cancel,100000,0.824,833
stdmap_r1,cancel,100000,0.825,833
stdmap_r1,cancel,100000,0.826,833
stdmap_r1,cancel,100000,0.827,833
stdmap_r1,cancel,100000,0.828,833
stdmap_r1,cancel,100000,0.829,833
stdmap_r1,cancel,100000,0.83,833
stdmap_r1,cancel,100000,0.831,833
stdmap_r1,cancel,100000,0.832,833
stdmap_r1,cancel,100000,0.833,833
stdmap_r1,cancel,100000,0.834,833
stdmap_r1,cancel,100000,0.835,833
stdmap_r1,cancel,100000,0.836,833
stdmap_r1,cancel,100000,0.837,833
stdmap_r1,cancel,100000,0.838,833
stdmap_r1,cancel,100000,0.839,833
stdmap_r1,cancel,100000,0.84,833
stdmap_r1,cancel,100000,0.841,833
stdmap_r1,cancel,100000,0.842,833
stdmap_r1,cancel,100000,0.843,833
stdmap_r1,cancel,100000,0.844,833
stdmap_r1,cancel,100000,0.845,833
stdmap_r1,cancel,100000,0.846,833
stdmap_r1,cancel,100000,0.847,833
stdmap_r1,cancel,100000,0.848,833
stdmap_r1,cancel,100000,0.849,833
stdmap_r1,cancel,100000,0.85,833
stdmap_r1,cancel,100000,0.851,833
stdmap_r1,cancel,100000,0.852,834
stdmap_r1,cancel,100000,0.853,834
stdmap_r1,cancel,100000,0.854,834
stdmap_r1,cancel,100000,0.855,834
stdmap_r1,cancel,100000,0.856,834
stdmap_r1,cancel,100000,0.857,834
stdmap_r1,cancel,100000,0.858,834
stdmap_r1,cancel,100000,0.859,834
stdmap_r1,cancel,100000,0.86,834
stdmap_r1,cancel,100000,0.861,834
stdmap_r1,cancel,100000,0.862,834
stdmap_r1,cancel,100000,0.863,834
stdmap_r1,cancel,100000,0.864,834
stdmap_r1,cancel,100000,0.865,834
stdmap_r1,cancel,100000,0.866,834
stdmap_r1,cancel,100000,0.867,834
stdmap_r1,cancel,100000,0.868,875
stdmap_r1,cancel,100000,0.869,875
stdmap_r1,cancel,100000,0.87,875
stdmap_r1,cancel,100000,0.871,875
stdmap_r1,cancel,100000,0.872,875
stdmap_r1,cancel,100000,0.873,875
stdmap_r1,cancel,100000,0.874,875
stdmap_r1,cancel,100000,0.875,875
stdmap_r1,cancel,100000,0.876,875
stdmap_r1,cancel,100000,0.877,875
stdmap_r1,cancel,100000,0.878,875
stdmap_r1,cancel,100000,0.879,875
stdmap_r1,cancel,100000,0.88,875
stdmap_r1,cancel,100000,0.881,875
stdmap_r1,cancel,100000,0.882,875
stdmap_r1,cancel,100000,0.883,875
stdmap_r1,cancel,100000,0.884,875
stdmap_r1,cancel,100000,0.885,875
stdmap_r1,cancel,100000,0.886,875
stdmap_r1,cancel,100000,0.887,875
stdmap_r1,cancel,100000,0.888,875
stdmap_r1,cancel,100000,0.889,875
stdmap_r1,cancel,100000,0.89,875
stdmap_r1,cancel,100000,0.891,875
stdmap_r1,cancel,100000,0.892,875
stdmap_r1,cancel,100000,0.893,875
stdmap_r1,cancel,100000,0.894,875
stdmap_r1,cancel,100000,0.895,875
stdmap_r1,cancel,100000,0.896,875
stdmap_r1,cancel,100000,0.897,875
stdmap_r1,cancel,100000,0.898,875
stdmap_r1,cancel,100000,0.899,875
stdmap_r1,cancel,100000,0.9,875
stdmap_r1,cancel,100000,0.901,916
stdmap_r1,cancel,100000,0.902,916
stdmap_r1,cancel,100000,0.903,916
stdmap_r1,cancel,100000,0.904,916
stdmap_r1,cancel,100000,0.905,916
stdmap_r1,cancel,100000,0.906,916
stdmap_r1,cancel,100000,0.907,916
stdmap_r1,cancel,100000,0.908,916
stdmap_r1,cancel,100000,0.909,917
stdmap_r1,cancel,100000,0.91,917
stdmap_r1,cancel,100000,0.911,917
stdmap_r1,cancel,100000,0.912,917
stdmap_r1,cancel,100000,0.913,917
stdmap_r1,cancel,100000,0.914,917
stdmap_r1,cancel,100000,0.915,917
stdmap_r1,cancel,100000,0.916,917
stdmap_r1,cancel,100000,0.917,917
stdmap_r1,cancel,100000,0.918,917
stdmap_r1,cancel,100000,0.919,917
stdmap_r1,cancel,100000,0.92,917
stdmap_r1,cancel,100000,0.921,917
stdmap_r1,cancel,100000,0.922,917
stdmap_r1,cancel,100000,0.923,917
stdmap_r1,cancel,100000,0.924,917
stdmap_r1,cancel,100000,0.925,958
stdmap_r1,cancel,100000,0.926,958
stdmap_r1,cancel,100000,0.927,958
stdmap_r1,cancel,100000,0.928,958
stdmap_r1,cancel,100000,0.929,958
stdmap_r1,cancel,100000,0.93,958
stdmap_r1,cancel,100000,0.931,958
stdmap_r1,cancel,100000,0.932,958
stdmap_r1,cancel,100000,0.933,958
stdmap_r1,cancel,100000,0.934,958
stdmap_r1,cancel,100000,0.935,959
stdmap_r1,cancel,100000,0.936,959
stdmap_r1,cancel,100000,0.937,959
stdmap_r1,cancel,100000,0.938,959
stdmap_r1,cancel,100000,0.939,959
stdmap_r1,cancel,100000,0.94,959
stdmap_r1,cancel,100000,0.941,1000
stdmap_r1,cancel,100000,0.942,1000
stdmap_r1,cancel,100000,0.943,1000
stdmap_r1,cancel,100000,0.944,1000
stdmap_r1,cancel,100000,0.945,1000
stdmap_r1,cancel,100000,0.946,1000
stdmap_r1,cancel,100000,0.947,1000
stdmap_r1,cancel,100000,0.948,1000
stdmap_r1,cancel,100000,0.949,1000
stdmap_r1,cancel,100000,0.95,1000
stdmap_r1,cancel,100000,0.951,1041
stdmap_r1,cancel,100000,0.952,1041
stdmap_r1,cancel,100000,0.953,1041
stdmap_r1,cancel,100000,0.954,1042
stdmap_r1,cancel,100000,0.955,1042
stdmap_r1,cancel,100000,0.956,1042
stdmap_r1,cancel,100000,0.957,1042
stdmap_r1,cancel,100000,0.958,1042
stdmap_r1,cancel,100000,0.959,1083
stdmap_r1,cancel,100000,0.96,1083
stdmap_r1,cancel,100000,0.961,1083
stdmap_r1,cancel,100000,0.962,1083
stdmap_r1,cancel,100000,0.963,1084
stdmap_r1,cancel,100000,0.964,1084
stdmap_r1,cancel,100000,0.965,1125
stdmap_r1,cancel,100000,0.966,1125
stdmap_r1,cancel,100000,0.967,1125
stdmap_r1,cancel,100000,0.968,1125
stdmap_r1,cancel,100000,0.969,1166
stdmap_r1,cancel,100000,0.97,1167
stdmap_r1,cancel,100000,0.971,1167
stdmap_r1,cancel,100000,0.972,1208
stdmap_r1,cancel,100000,0.973,1208
stdmap_r1,cancel,100000,0.974,1209
stdmap_r1,cancel,100000,0.975,1250
stdmap_r1,cancel,100000,0.976,1250
stdmap_r1,cancel,100000,0.977,1250
stdmap_r1,cancel,100000,0.978,1292
stdmap_r1,cancel,100000,0.979,1292
stdmap_r1,cancel,100000,0.98,1333
stdmap_r1,cancel,100000,0.981,1334
stdmap_r1,cancel,100000,0.982,1375
stdmap_r1,cancel,100000,0.983,1375
stdmap_r1,cancel,100000,0.984,1417
stdmap_r1,cancel,100000,0.985,1458
stdmap_r1,cancel,100000,0.986,1500
stdmap_r1,cancel,100000,0.987,1541
stdmap_r1,cancel,100000,0.988,1583
stdmap_r1,cancel,100000,0.989,1625
stdmap_r1,cancel,100000,0.99,1666
stdmap_r1,cancel,100000,0.991,1708
stdmap_r1,cancel,100000,0.992,1791
stdmap_r1,cancel,100000,0.993,1875
stdmap_r1,cancel,100000,0.994,2000
stdmap_r1,cancel,100000,0.995,2167
stdmap_r1,cancel,100000,0.996,2541
stdmap_r1,cancel,100000,0.997,4250
stdmap_r1,cancel,100000,0.998,18416
stdmap_r1,cancel,100000,0.999,1386458
stdmap_r1,match,100000,0,41
stdmap_r1,match,100000,0.001,42
stdmap_r1,match,100000,0.002,42
stdmap_r1,match,100000,0.003,83
stdmap_r1,match,100000,0.004,83
stdmap_r1,match,100000,0.005,83
stdmap_r1,match,100000,0.006,83
stdmap_r1,match,100000,0.007,83
stdmap_r1,match,100000,0.008,83
stdmap_r1,match,100000,0.009,83
stdmap_r1,match,100000,0.01,83
stdmap_r1,match,100000,0.011,83
stdmap_r1,match,100000,0.012,83
stdmap_r1,match,100000,0.013,83
stdmap_r1,match,100000,0.014,83
stdmap_r1,match,100000,0.015,83
stdmap_r1,match,100000,0.016,83
stdmap_r1,match,100000,0.017,83
stdmap_r1,match,100000,0.018,83
stdmap_r1,match,100000,0.019,83
stdmap_r1,match,100000,0.02,83
stdmap_r1,match,100000,0.021,83
stdmap_r1,match,100000,0.022,83
stdmap_r1,match,100000,0.023,83
stdmap_r1,match,100000,0.024,83
stdmap_r1,match,100000,0.025,83
stdmap_r1,match,100000,0.026,83
stdmap_r1,match,100000,0.027,83
stdmap_r1,match,100000,0.028,83
stdmap_r1,match,100000,0.029,83
stdmap_r1,match,100000,0.03,83
stdmap_r1,match,100000,0.031,83
stdmap_r1,match,100000,0.032,83
stdmap_r1,match,100000,0.033,83
stdmap_r1,match,100000,0.034,83
stdmap_r1,match,100000,0.035,83
stdmap_r1,match,100000,0.036,83
stdmap_r1,match,100000,0.037,83
stdmap_r1,match,100000,0.038,83
stdmap_r1,match,100000,0.039,83
stdmap_r1,match,100000,0.04,83
stdmap_r1,match,100000,0.041,83
stdmap_r1,match,100000,0.042,83
stdmap_r1,match,100000,0.043,83
stdmap_r1,match,100000,0.044,83
stdmap_r1,match,100000,0.045,83
stdmap_r1,match,100000,0.046,83
stdmap_r1,match,100000,0.047,83
stdmap_r1,match,100000,0.048,83
stdmap_r1,match,100000,0.049,83
stdmap_r1,match,100000,0.05,83
stdmap_r1,match,100000,0.051,83
stdmap_r1,match,100000,0.052,83
stdmap_r1,match,100000,0.053,83
stdmap_r1,match,100000,0.054,83
stdmap_r1,match,100000,0.055,83
stdmap_r1,match,100000,0.056,83
stdmap_r1,match,100000,0.057,83
stdmap_r1,match,100000,0.058,83
stdmap_r1,match,100000,0.059,83
stdmap_r1,match,100000,0.06,83
stdmap_r1,match,100000,0.061,83
stdmap_r1,match,100000,0.062,83
stdmap_r1,match,100000,0.063,83
stdmap_r1,match,100000,0.064,83
stdmap_r1,match,100000,0.065,83
stdmap_r1,match,100000,0.066,83
stdmap_r1,match,100000,0.067,83
stdmap_r1,match,100000,0.068,83
stdmap_r1,match,100000,0.069,83
stdmap_r1,match,100000,0.07,83
stdmap_r1,match,100000,0.071,83
stdmap_r1,match,100000,0.072,83
stdmap_r1,match,100000,0.073,83
stdmap_r1,match,100000,0.074,83
stdmap_r1,match,100000,0.075,83
stdmap_r1,match,100000,0.076,83
stdmap_r1,match,100000,0.077,83
stdmap_r1,match,100000,0.078,83
stdmap_r1,match,100000,0.079,83
stdmap_r1,match,100000,0.08,83
stdmap_r1,match,100000,0.081,83
stdmap_r1,match,100000,0.082,83
stdmap_r1,match,100000,0.083,83
stdmap_r1,match,100000,0.084,83
stdmap_r1,match,100000,0.085,83
stdmap_r1,match,100000,0.086,83
stdmap_r1,match,100000,0.087,83
stdmap_r1,match,100000,0.088,83
stdmap_r1,match,100000,0.089,83
stdmap_r1,match,100000,0.09,83
stdmap_r1,match,100000,0.091,83
stdmap_r1,match,100000,0.092,83
stdmap_r1,match,100000,0.093,83
stdmap_r1,match,100000,0.094,83
stdmap_r1,match,100000,0.095,83
stdmap_r1,match,100000,0.096,83
stdmap_r1,match,100000,0.097,83
stdmap_r1,match,100000,0.098,83
stdmap_r1,match,100000,0.099,83
stdmap_r1,match,100000,0.1,83
stdmap_r1,match,100000,0.101,83
stdmap_r1,match,100000,0.102,83
stdmap_r1,match,100000,0.103,83
stdmap_r1,match,100000,0.104,83
stdmap_r1,match,100000,0.105,83
stdmap_r1,match,100000,0.106,83
stdmap_r1,match,100000,0.107,83
stdmap_r1,match,100000,0.108,83
stdmap_r1,match,100000,0.109,83
stdmap_r1,match,100000,0.11,83
stdmap_r1,match,100000,0.111,83
stdmap_r1,match,100000,0.112,83
stdmap_r1,match,100000,0.113,83
stdmap_r1,match,100000,0.114,83
stdmap_r1,match,100000,0.115,83
stdmap_r1,match,100000,0.116,83
stdmap_r1,match,100000,0.117,83
stdmap_r1,match,100000,0.118,83
stdmap_r1,match,100000,0.119,83
stdmap_r1,match,100000,0.12,83
stdmap_r1,match,100000,0.121,83
stdmap_r1,match,100000,0.122,83
stdmap_r1,match,100000,0.123,83
stdmap_r1,match,100000,0.124,83
stdmap_r1,match,100000,0.125,83
stdmap_r1,match,100000,0.126,83
stdmap_r1,match,100000,0.127,83
stdmap_r1,match,100000,0.128,83
stdmap_r1,match,100000,0.129,83
stdmap_r1,match,100000,0.13,83
stdmap_r1,match,100000,0.131,83
stdmap_r1,match,100000,0.132,83
stdmap_r1,match,100000,0.133,83
stdmap_r1,match,100000,0.134,83
stdmap_r1,match,100000,0.135,83
stdmap_r1,match,100000,0.136,83
stdmap_r1,match,100000,0.137,83
stdmap_r1,match,100000,0.138,83
stdmap_r1,match,100000,0.139,83
stdmap_r1,match,100000,0.14,83
stdmap_r1,match,100000,0.141,84
stdmap_r1,match,100000,0.142,84
stdmap_r1,match,100000,0.143,84
stdmap_r1,match,100000,0.144,84
stdmap_r1,match,100000,0.145,84
stdmap_r1,match,100000,0.146,84
stdmap_r1,match,100000,0.147,84
stdmap_r1,match,100000,0.148,84
stdmap_r1,match,100000,0.149,84
stdmap_r1,match,100000,0.15,84
stdmap_r1,match,100000,0.151,84
stdmap_r1,match,100000,0.152,84
stdmap_r1,match,100000,0.153,84
stdmap_r1,match,100000,0.154,84
stdmap_r1,match,100000,0.155,84
stdmap_r1,match,100000,0.156,84
stdmap_r1,match,100000,0.157,84
stdmap_r1,match,100000,0.158,84
stdmap_r1,match,100000,0.159,84
stdmap_r1,match,100000,0.16,84
stdmap_r1,match,100000,0.161,84
stdmap_r1,match,100000,0.162,84
stdmap_r1,match,100000,0.163,84
stdmap_r1,match,100000,0.164,84
stdmap_r1,match,100000,0.165,84
stdmap_r1,match,100000,0.166,84
stdmap_r1,match,100000,0.167,84
stdmap_r1,match,100000,0.168,84
stdmap_r1,match,100000,0.169,84
stdmap_r1,match,100000,0.17,84
stdmap_r1,match,100000,0.171,84
stdmap_r1,match,100000,0.172,84
stdmap_r1,match,100000,0.173,84
stdmap_r1,match,100000,0.174,84
stdmap_r1,match,100000,0.175,84
stdmap_r1,match,100000,0.176,84
stdmap_r1,match,100000,0.177,84
stdmap_r1,match,100000,0.178,84
stdmap_r1,match,100000,0.179,84
stdmap_r1,match,100000,0.18,84
stdmap_r1,match,100000,0.181,84
stdmap_r1,match,100000,0.182,84
stdmap_r1,match,100000,0.183,84
stdmap_r1,match,100000,0.184,84
stdmap_r1,match,100000,0.185,84
stdmap_r1,match,100000,0.186,84
stdmap_r1,match,100000,0.187,84
stdmap_r1,match,100000,0.188,84
stdmap_r1,match,100000,0.189,84
stdmap_r1,match,100000,0.19,84
stdmap_r1,match,100000,0.191,84
stdmap_r1,match,100000,0.192,84
stdmap_r1,match,100000,0.193,84
stdmap_r1,match,100000,0.194,84
stdmap_r1,match,100000,0.195,84
stdmap_r1,match,100000,0.196,84
stdmap_r1,match,100000,0.197,84
stdmap_r1,match,100000,0.198,84
stdmap_r1,match,100000,0.199,84
stdmap_r1,match,100000,0.2,84
stdmap_r1,match,100000,0.201,84
stdmap_r1,match,100000,0.202,84
stdmap_r1,match,100000,0.203,84
stdmap_r1,match,100000,0.204,84
stdmap_r1,match,100000,0.205,84
stdmap_r1,match,100000,0.206,84
stdmap_r1,match,100000,0.207,84
stdmap_r1,match,100000,0.208,84
stdmap_r1,match,100000,0.209,84
stdmap_r1,match,100000,0.21,125
stdmap_r1,match,100000,0.211,125
stdmap_r1,match,100000,0.212,125
stdmap_r1,match,100000,0.213,125
stdmap_r1,match,100000,0.214,125
stdmap_r1,match,100000,0.215,125
stdmap_r1,match,100000,0.216,125
stdmap_r1,match,100000,0.217,125
stdmap_r1,match,100000,0.218,125
stdmap_r1,match,100000,0.219,125
stdmap_r1,match,100000,0.22,125
stdmap_r1,match,100000,0.221,125
stdmap_r1,match,100000,0.222,125
stdmap_r1,match,100000,0.223,125
stdmap_r1,match,100000,0.224,125
stdmap_r1,match,100000,0.225,125
stdmap_r1,match,100000,0.226,125
stdmap_r1,match,100000,0.227,125
stdmap_r1,match,100000,0.228,125
stdmap_r1,match,100000,0.229,125
stdmap_r1,match,100000,0.23,125
stdmap_r1,match,100000,0.231,125
stdmap_r1,match,100000,0.232,125
stdmap_r1,match,100000,0.233,125
stdmap_r1,match,100000,0.234,125
stdmap_r1,match,100000,0.235,125
stdmap_r1,match,100000,0.236,125
stdmap_r1,match,100000,0.237,125
stdmap_r1,match,100000,0.238,125
stdmap_r1,match,100000,0.239,125
stdmap_r1,match,100000,0.24,125
stdmap_r1,match,100000,0.241,125
stdmap_r1,match,100000,0.242,125
stdmap_r1,match,100000,0.243,125
stdmap_r1,match,100000,0.244,125
stdmap_r1,match,100000,0.245,125
stdmap_r1,match,100000,0.246,125
stdmap_r1,match,100000,0.247,125
stdmap_r1,match,100000,0.248,125
stdmap_r1,match,100000,0.249,125
stdmap_r1,match,100000,0.25,125
stdmap_r1,match,100000,0.251,125
stdmap_r1,match,100000,0.252,125
stdmap_r1,match,100000,0.253,125
stdmap_r1,match,100000,0.254,125
stdmap_r1,match,100000,0.255,125
stdmap_r1,match,100000,0.256,125
stdmap_r1,match,100000,0.257,125
stdmap_r1,match,100000,0.258,125
stdmap_r1,match,100000,0.259,125
stdmap_r1,match,100000,0.26,125
stdmap_r1,match,100000,0.261,125
stdmap_r1,match,100000,0.262,125
stdmap_r1,match,100000,0.263,125
stdmap_r1,match,100000,0.264,125
stdmap_r1,match,100000,0.265,125
stdmap_r1,match,100000,0.266,125
stdmap_r1,match,100000,0.267,125
stdmap_r1,match,100000,0.268,125
stdmap_r1,match,100000,0.269,125
stdmap_r1,match,100000,0.27,125
stdmap_r1,match,100000,0.271,125
stdmap_r1,match,100000,0.272,125
stdmap_r1,match,100000,0.273,125
stdmap_r1,match,100000,0.274,125
stdmap_r1,match,100000,0.275,125
stdmap_r1,match,100000,0.276,125
stdmap_r1,match,100000,0.277,125
stdmap_r1,match,100000,0.278,125
stdmap_r1,match,100000,0.279,125
stdmap_r1,match,100000,0.28,125
stdmap_r1,match,100000,0.281,125
stdmap_r1,match,100000,0.282,125
stdmap_r1,match,100000,0.283,125
stdmap_r1,match,100000,0.284,125
stdmap_r1,match,100000,0.285,125
stdmap_r1,match,100000,0.286,125
stdmap_r1,match,100000,0.287,125
stdmap_r1,match,100000,0.288,125
stdmap_r1,match,100000,0.289,125
stdmap_r1,match,100000,0.29,125
stdmap_r1,match,100000,0.291,125
stdmap_r1,match,100000,0.292,125
stdmap_r1,match,100000,0.293,125
stdmap_r1,match,100000,0.294,125
stdmap_r1,match,100000,0.295,125
stdmap_r1,match,100000,0.296,125
stdmap_r1,match,100000,0.297,125
stdmap_r1,match,100000,0.298,125
stdmap_r1,match,100000,0.299,125
stdmap_r1,match,100000,0.3,125
stdmap_r1,match,100000,0.301,125
stdmap_r1,match,100000,0.302,125
stdmap_r1,match,100000,0.303,125
stdmap_r1,match,100000,0.304,125
stdmap_r1,match,100000,0.305,125
stdmap_r1,match,100000,0.306,125
stdmap_r1,match,100000,0.307,125
stdmap_r1,match,100000,0.308,125
stdmap_r1,match,100000,0.309,125
stdmap_r1,match,100000,0.31,125
stdmap_r1,match,100000,0.311,125
stdmap_r1,match,100000,0.312,125
stdmap_r1,match,100000,0.313,125
stdmap_r1,match,100000,0.314,125
stdmap_r1,match,100000,0.315,125
stdmap_r1,match,100000,0.316,125
stdmap_r1,match,100000,0.317,125
stdmap_r1,match,100000,0.318,125
stdmap_r1,match,100000,0.319,125
stdmap_r1,match,100000,0.32,125
stdmap_r1,match,100000,0.321,125
stdmap_r1,match,100000,0.322,125
stdmap_r1,match,100000,0.323,125
stdmap_r1,match,100000,0.324,125
stdmap_r1,match,100000,0.325,125
stdmap_r1,match,100000,0.326,125
stdmap_r1,match,100000,0.327,125
stdmap_r1,match,100000,0.328,125
stdmap_r1,match,100000,0.329,125
stdmap_r1,match,100000,0.33,125
stdmap_r1,match,100000,0.331,125
stdmap_r1,match,100000,0.332,125
stdmap_r1,match,100000,0.333,125
stdmap_r1,match,100000,0.334,125
stdmap_r1,match,100000,0.335,125
stdmap_r1,match,100000,0.336,125
stdmap_r1,match,100000,0.337,125
stdmap_r1,match,100000,0.338,125
stdmap_r1,match,100000,0.339,125
stdmap_r1,match,100000,0.34,125
stdmap_r1,match,100000,0.341,125
stdmap_r1,match,100000,0.342,125
stdmap_r1,match,100000,0.343,125
stdmap_r1,match,100000,0.344,125
stdmap_r1,match,100000,0.345,125
stdmap_r1,match,100000,0.346,125
stdmap_r1,match,100000,0.347,125
stdmap_r1,match,100000,0.348,125
stdmap_r1,match,100000,0.349,125
stdmap_r1,match,100000,0.35,125
stdmap_r1,match,100000,0.351,125
stdmap_r1,match,100000,0.352,125
stdmap_r1,match,100000,0.353,125
stdmap_r1,match,100000,0.354,125
stdmap_r1,match,100000,0.355,125
stdmap_r1,match,100000,0.356,125
stdmap_r1,match,100000,0.357,125
stdmap_r1,match,100000,0.358,125
stdmap_r1,match,100000,0.359,125
stdmap_r1,match,100000,0.36,125
stdmap_r1,match,100000,0.361,125
stdmap_r1,match,100000,0.362,125
stdmap_r1,match,100000,0.363,125
stdmap_r1,match,100000,0.364,125
stdmap_r1,match,100000,0.365,125
stdmap_r1,match,100000,0.366,125
stdmap_r1,match,100000,0.367,125
stdmap_r1,match,100000,0.368,125
stdmap_r1,match,100000,0.369,125
stdmap_r1,match,100000,0.37,125
stdmap_r1,match,100000,0.371,125
stdmap_r1,match,100000,0.372,125
stdmap_r1,match,100000,0.373,125
stdmap_r1,match,100000,0.374,125
stdmap_r1,match,100000,0.375,125
stdmap_r1,match,100000,0.376,125
stdmap_r1,match,100000,0.377,125
stdmap_r1,match,100000,0.378,125
stdmap_r1,match,100000,0.379,125
stdmap_r1,match,100000,0.38,125
stdmap_r1,match,100000,0.381,125
stdmap_r1,match,100000,0.382,125
stdmap_r1,match,100000,0.383,125
stdmap_r1,match,100000,0.384,125
stdmap_r1,match,100000,0.385,125
stdmap_r1,match,100000,0.386,125
stdmap_r1,match,100000,0.387,125
stdmap_r1,match,100000,0.388,125
stdmap_r1,match,100000,0.389,125
stdmap_r1,match,100000,0.39,125
stdmap_r1,match,100000,0.391,125
stdmap_r1,match,100000,0.392,125
stdmap_r1,match,100000,0.393,125
stdmap_r1,match,100000,0.394,125
stdmap_r1,match,100000,0.395,125
stdmap_r1,match,100000,0.396,125
stdmap_r1,match,100000,0.397,125
stdmap_r1,match,100000,0.398,125
stdmap_r1,match,100000,0.399,125
stdmap_r1,match,100000,0.4,125
stdmap_r1,match,100000,0.401,125
stdmap_r1,match,100000,0.402,125
stdmap_r1,match,100000,0.403,125
stdmap_r1,match,100000,0.404,125
stdmap_r1,match,100000,0.405,125
stdmap_r1,match,100000,0.406,125
stdmap_r1,match,100000,0.407,125
stdmap_r1,match,100000,0.408,125
stdmap_r1,match,100000,0.409,125
stdmap_r1,match,100000,0.41,125
stdmap_r1,match,100000,0.411,125
stdmap_r1,match,100000,0.412,125
stdmap_r1,match,100000,0.413,125
stdmap_r1,match,100000,0.414,125
stdmap_r1,match,100000,0.415,125
stdmap_r1,match,100000,0.416,125
stdmap_r1,match,100000,0.417,125
stdmap_r1,match,100000,0.418,125
stdmap_r1,match,100000,0.419,125
stdmap_r1,match,100000,0.42,125
stdmap_r1,match,100000,0.421,125
stdmap_r1,match,100000,0.422,125
stdmap_r1,match,100000,0.423,125
stdmap_r1,match,100000,0.424,125
stdmap_r1,match,100000,0.425,125
stdmap_r1,match,100000,0.426,125
stdmap_r1,match,100000,0.427,125
stdmap_r1,match,100000,0.428,125
stdmap_r1,match,100000,0.429,125
stdmap_r1,match,100000,0.43,125
stdmap_r1,match,100000,0.431,125
stdmap_r1,match,100000,0.432,125
stdmap_r1,match,100000,0.433,125
stdmap_r1,match,100000,0.434,125
stdmap_r1,match,100000,0.435,125
stdmap_r1,match,100000,0.436,125
stdmap_r1,match,100000,0.437,125
stdmap_r1,match,100000,0.438,125
stdmap_r1,match,100000,0.439,125
stdmap_r1,match,100000,0.44,125
stdmap_r1,match,100000,0.441,125
stdmap_r1,match,100000,0.442,125
stdmap_r1,match,100000,0.443,125
stdmap_r1,match,100000,0.444,125
stdmap_r1,match,100000,0.445,125
stdmap_r1,match,100000,0.446,125
stdmap_r1,match,100000,0.447,125
stdmap_r1,match,100000,0.448,125
stdmap_r1,match,100000,0.449,125
stdmap_r1,match,100000,0.45,125
stdmap_r1,match,100000,0.451,125
stdmap_r1,match,100000,0.452,125
stdmap_r1,match,100000,0.453,125
stdmap_r1,match,100000,0.454,125
stdmap_r1,match,100000,0.455,125
stdmap_r1,match,100000,0.456,125
stdmap_r1,match,100000,0.457,125
stdmap_r1,match,100000,0.458,125
stdmap_r1,match,100000,0.459,125
stdmap_r1,match,100000,0.46,125
stdmap_r1,match,100000,0.461,125
stdmap_r1,match,100000,0.462,125
stdmap_r1,match,100000,0.463,125
stdmap_r1,match,100000,0.464,125
stdmap_r1,match,100000,0.465,166
stdmap_r1,match,100000,0.466,166
stdmap_r1,match,100000,0.467,166
stdmap_r1,match,100000,0.468,166
stdmap_r1,match,100000,0.469,166
stdmap_r1,match,100000,0.47,166
stdmap_r1,match,100000,0.471,166
stdmap_r1,match,100000,0.472,166
stdmap_r1,match,100000,0.473,166
stdmap_r1,match,100000,0.474,166
stdmap_r1,match,100000,0.475,166
stdmap_r1,match,100000,0.476,166
stdmap_r1,match,100000,0.477,166
stdmap_r1,match,100000,0.478,166
stdmap_r1,match,100000,0.479,166
stdmap_r1,match,100000,0.48,166
stdmap_r1,match,100000,0.481,166
stdmap_r1,match,100000,0.482,166
stdmap_r1,match,100000,0.483,166
stdmap_r1,match,100000,0.484,166
stdmap_r1,match,100000,0.485,166
stdmap_r1,match,100000,0.486,166
stdmap_r1,match,100000,0.487,166
stdmap_r1,match,100000,0.488,166
stdmap_r1,match,100000,0.489,166
stdmap_r1,match,100000,0.49,166
stdmap_r1,match,100000,0.491,166
stdmap_r1,match,100000,0.492,166
stdmap_r1,match,100000,0.493,166
stdmap_r1,match,100000,0.494,167
stdmap_r1,match,100000,0.495,167
stdmap_r1,match,100000,0.496,167
stdmap_r1,match,100000,0.497,167
stdmap_r1,match,100000,0.498,167
stdmap_r1,match,100000,0.499,167
stdmap_r1,match,100000,0.5,167
stdmap_r1,match,100000,0.501,167
stdmap_r1,match,100000,0.502,167
stdmap_r1,match,100000,0.503,167
stdmap_r1,match,100000,0.504,167
stdmap_r1,match,100000,0.505,167
stdmap_r1,match,100000,0.506,167
stdmap_r1,match,100000,0.507,167
stdmap_r1,match,100000,0.508,167
stdmap_r1,match,100000,0.509,167
stdmap_r1,match,100000,0.51,167
stdmap_r1,match,100000,0.511,167
stdmap_r1,match,100000,0.512,167
stdmap_r1,match,100000,0.513,167
stdmap_r1,match,100000,0.514,167
stdmap_r1,match,100000,0.515,167
stdmap_r1,match,100000,0.516,167
stdmap_r1,match,100000,0.517,167
stdmap_r1,match,100000,0.518,167
stdmap_r1,match,100000,0.519,167
stdmap_r1,match,100000,0.52,167
stdmap_r1,match,100000,0.521,167
stdmap_r1,match,100000,0.522,167
stdmap_r1,match,100000,0.523,167
stdmap_r1,match,100000,0.524,167
stdmap_r1,match,100000,0.525,167
stdmap_r1,match,100000,0.526,167
stdmap_r1,match,100000,0.527,167
stdmap_r1,match,100000,0.528,167
stdmap_r1,match,100000,0.529,167
stdmap_r1,match,100000,0.53,167
stdmap_r1,match,100000,0.531,167
stdmap_r1,match,100000,0.532,167
stdmap_r1,match,100000,0.533,167
stdmap_r1,match,100000,0.534,167
stdmap_r1,match,100000,0.535,167
stdmap_r1,match,100000,0.536,167
stdmap_r1,match,100000,0.537,167
stdmap_r1,match,100000,0.538,167
stdmap_r1,match,100000,0.539,167
stdmap_r1,match,100000,0.54,167
stdmap_r1,match,100000,0.541,167
stdmap_r1,match,100000,0.542,167
stdmap_r1,match,100000,0.543,167
stdmap_r1,match,100000,0.544,167
stdmap_r1,match,100000,0.545,167
stdmap_r1,match,100000,0.546,167
stdmap_r1,match,100000,0.547,167
stdmap_r1,match,100000,0.548,167
stdmap_r1,match,100000,0.549,167
stdmap_r1,match,100000,0.55,167
stdmap_r1,match,100000,0.551,167
stdmap_r1,match,100000,0.552,208
stdmap_r1,match,100000,0.553,208
stdmap_r1,match,100000,0.554,208
stdmap_r1,match,100000,0.555,208
stdmap_r1,match,100000,0.556,208
stdmap_r1,match,100000,0.557,208
stdmap_r1,match,100000,0.558,208
stdmap_r1,match,100000,0.559,208
stdmap_r1,match,100000,0.56,208
stdmap_r1,match,100000,0.561,208
stdmap_r1,match,100000,0.562,208
stdmap_r1,match,100000,0.563,208
stdmap_r1,match,100000,0.564,208
stdmap_r1,match,100000,0.565,208
stdmap_r1,match,100000,0.566,208
stdmap_r1,match,100000,0.567,208
stdmap_r1,match,100000,0.568,208
stdmap_r1,match,100000,0.569,208
stdmap_r1,match,100000,0.57,208
stdmap_r1,match,100000,0.571,208
stdmap_r1,match,100000,0.572,208
stdmap_r1,match,100000,0.573,208
stdmap_r1,match,100000,0.574,208
stdmap_r1,match,100000,0.575,208
stdmap_r1,match,100000,0.576,208
stdmap_r1,match,100000,0.577,208
stdmap_r1,match,100000,0.578,208
stdmap_r1,match,100000,0.579,208
stdmap_r1,match,100000,0.58,208
stdmap_r1,match,100000,0.581,208
stdmap_r1,match,100000,0.582,208
stdmap_r1,match,100000,0.583,208
stdmap_r1,match,100000,0.584,208
stdmap_r1,match,100000,0.585,208
stdmap_r1,match,100000,0.586,208
stdmap_r1,match,100000,0.587,208
stdmap_r1,match,100000,0.588,208
stdmap_r1,match,100000,0.589,208
stdmap_r1,match,100000,0.59,208
stdmap_r1,match,100000,0.591,208
stdmap_r1,match,100000,0.592,208
stdmap_r1,match,100000,0.593,208
stdmap_r1,match,100000,0.594,208
stdmap_r1,match,100000,0.595,208
stdmap_r1,match,100000,0.596,208
stdmap_r1,match,100000,0.597,208
stdmap_r1,match,100000,0.598,208
stdmap_r1,match,100000,0.599,208
stdmap_r1,match,100000,0.6,208
stdmap_r1,match,100000,0.601,208
stdmap_r1,match,100000,0.602,208
stdmap_r1,match,100000,0.603,209
stdmap_r1,match,100000,0.604,209
stdmap_r1,match,100000,0.605,209
stdmap_r1,match,100000,0.606,209
stdmap_r1,match,100000,0.607,209
stdmap_r1,match,100000,0.608,209
stdmap_r1,match,100000,0.609,209
stdmap_r1,match,100000,0.61,209
stdmap_r1,match,100000,0.611,209
stdmap_r1,match,100000,0.612,209
stdmap_r1,match,100000,0.613,209
stdmap_r1,match,100000,0.614,209
stdmap_r1,match,100000,0.615,209
stdmap_r1,match,100000,0.616,209
stdmap_r1,match,100000,0.617,209
stdmap_r1,match,100000,0.618,209
stdmap_r1,match,100000,0.619,209
stdmap_r1,match,100000,0.62,209
stdmap_r1,match,100000,0.621,209
stdmap_r1,match,100000,0.622,209
stdmap_r1,match,100000,0.623,209
stdmap_r1,match,100000,0.624,209
stdmap_r1,match,100000,0.625,209
stdmap_r1,match,100000,0.626,209
stdmap_r1,match,100000,0.627,209
stdmap_r1,match,100000,0.628,209
stdmap_r1,match,100000,0.629,250
stdmap_r1,match,100000,0.63,250
stdmap_r1,match,100000,0.631,250
stdmap_r1,match,100000,0.632,250
stdmap_r1,match,100000,0.633,250
stdmap_r1,match,100000,0.634,250
stdmap_r1,match,100000,0.635,250
stdmap_r1,match,100000,0.636,250
stdmap_r1,match,100000,0.637,250
stdmap_r1,match,100000,0.638,250
stdmap_r1,match,100000,0.639,250
stdmap_r1,match,100000,0.64,250
stdmap_r1,match,100000,0.641,250
stdmap_r1,match,100000,0.642,250
stdmap_r1,match,100000,0.643,250
stdmap_r1,match,100000,0.644,250
stdmap_r1,match,100000,0.645,250
stdmap_r1,match,100000,0.646,250
stdmap_r1,match,100000,0.647,250
stdmap_r1,match,100000,0.648,250
stdmap_r1,match,100000,0.649,250
stdmap_r1,match,100000,0.65,250
stdmap_r1,match,100000,0.651,250
stdmap_r1,match,100000,0.652,250
stdmap_r1,match,100000,0.653,250
stdmap_r1,match,100000,0.654,250
stdmap_r1,match,100000,0.655,250
stdmap_r1,match,100000,0.656,250
stdmap_r1,match,100000,0.657,250
stdmap_r1,match,100000,0.658,250
stdmap_r1,match,100000,0.659,250
stdmap_r1,match,100000,0.66,250
stdmap_r1,match,100000,0.661,250
stdmap_r1,match,100000,0.662,250
stdmap_r1,match,100000,0.663,250
stdmap_r1,match,100000,0.664,250
stdmap_r1,match,100000,0.665,250
stdmap_r1,match,100000,0.666,250
stdmap_r1,match,100000,0.667,250
stdmap_r1,match,100000,0.668,250
stdmap_r1,match,100000,0.669,250
stdmap_r1,match,100000,0.67,250
stdmap_r1,match,100000,0.671,250
stdmap_r1,match,100000,0.672,250
stdmap_r1,match,100000,0.673,250
stdmap_r1,match,100000,0.674,250
stdmap_r1,match,100000,0.675,250
stdmap_r1,match,100000,0.676,250
stdmap_r1,match,100000,0.677,250
stdmap_r1,match,100000,0.678,250
stdmap_r1,match,100000,0.679,250
stdmap_r1,match,100000,0.68,250
stdmap_r1,match,100000,0.681,250
stdmap_r1,match,100000,0.682,250
stdmap_r1,match,100000,0.683,250
stdmap_r1,match,100000,0.684,250
stdmap_r1,match,100000,0.685,250
stdmap_r1,match,100000,0.686,291
stdmap_r1,match,100000,0.687,291
stdmap_r1,match,100000,0.688,291
stdmap_r1,match,100000,0.689,291
stdmap_r1,match,100000,0.69,291
stdmap_r1,match,100000,0.691,291
stdmap_r1,match,100000,0.692,291
stdmap_r1,match,100000,0.693,291
stdmap_r1,match,100000,0.694,291
stdmap_r1,match,100000,0.695,291
stdmap_r1,match,100000,0.696,291
stdmap_r1,match,100000,0.697,291
stdmap_r1,match,100000,0.698,291
stdmap_r1,match,100000,0.699,291
stdmap_r1,match,100000,0.7,291
stdmap_r1,match,100000,0.701,291
stdmap_r1,match,100000,0.702,291
stdmap_r1,match,100000,0.703,291
stdmap_r1,match,100000,0.704,291
stdmap_r1,match,100000,0.705,292
stdmap_r1,match,100000,0.706,292
stdmap_r1,match,100000,0.707,292
stdmap_r1,match,100000,0.708,292
stdmap_r1,match,100000,0.709,292
stdmap_r1,match,100000,0.71,292
stdmap_r1,match,100000,0.711,292
stdmap_r1,match,100000,0.712,292
stdmap_r1,match,100000,0.713,292
stdmap_r1,match,100000,0.714,292
stdmap_r1,match,100000,0.715,292
stdmap_r1,match,100000,0.716,292
stdmap_r1,match,100000,0.717,292
stdmap_r1,match,100000,0.718,292
stdmap_r1,match,100000,0.719,292
stdmap_r1,match,100000,0.72,292
stdmap_r1,match,100000,0.721,292
stdmap_r1,match,100000,0.722,292
stdmap_r1,match,100000,0.723,292
stdmap_r1,match,100000,0.724,292
stdmap_r1,match,100000,0.725,292
stdmap_r1,match,100000,0.726,292
stdmap_r1,match,100000,0.727,292
stdmap_r1,match,100000,0.728,292
stdmap_r1,match,100000,0.729,292
stdmap_r1,match,100000,0.73,292
stdmap_r1,match,100000,0.731,292
stdmap_r1,match,100000,0.732,292
stdmap_r1,match,100000,0.733,292
stdmap_r1,match,100000,0.734,292
stdmap_r1,match,100000,0.735,292
stdmap_r1,match,100000,0.736,292
stdmap_r1,match,100000,0.737,292
stdmap_r1,match,100000,0.738,292
stdmap_r1,match,100000,0.739,292
stdmap_r1,match,100000,0.74,292
stdmap_r1,match,100000,0.741,333
stdmap_r1,match,100000,0.742,333
stdmap_r1,match,100000,0.743,333
stdmap_r1,match,100000,0.744,333
stdmap_r1,match,100000,0.745,333
stdmap_r1,match,100000,0.746,333
stdmap_r1,match,100000,0.747,333
stdmap_r1,match,100000,0.748,333
stdmap_r1,match,100000,0.749,333
stdmap_r1,match,100000,0.75,333
stdmap_r1,match,100000,0.751,333
stdmap_r1,match,100000,0.752,333
stdmap_r1,match,100000,0.753,333
stdmap_r1,match,100000,0.754,333
stdmap_r1,match,100000,0.755,333
stdmap_r1,match,100000,0.756,333
stdmap_r1,match,100000,0.757,333
stdmap_r1,match,100000,0.758,333
stdmap_r1,match,100000,0.759,333
stdmap_r1,match,100000,0.76,333
stdmap_r1,match,100000,0.761,333
stdmap_r1,match,100000,0.762,333
stdmap_r1,match,100000,0.763,333
stdmap_r1,match,100000,0.764,333
stdmap_r1,match,100000,0.765,333
stdmap_r1,match,100000,0.766,333
stdmap_r1,match,100000,0.767,333
stdmap_r1,match,100000,0.768,333
stdmap_r1,match,100000,0.769,334
stdmap_r1,match,100000,0.77,334
stdmap_r1,match,100000,0.771,334
stdmap_r1,match,100000,0.772,334
stdmap_r1,match,100000,0.773,334
stdmap_r1,match,100000,0.774,334
stdmap_r1,match,100000,0.775,334
stdmap_r1,match,100000,0.776,334
stdmap_r1,match,100000,0.777,334
stdmap_r1,match,100000,0.778,334
stdmap_r1,match,100000,0.779,334
stdmap_r1,match,100000,0.78,334
stdmap_r1,match,100000,0.781,334
stdmap_r1,match,100000,0.782,334
stdmap_r1,match,100000,0.783,375
stdmap_r1,match,100000,0.784,375
stdmap_r1,match,100000,0.785,375
stdmap_r1,match,100000,0.786,375
stdmap_r1,match,100000,0.787,375
stdmap_r1,match,100000,0.788,375
stdmap_r1,match,100000,0.789,375
stdmap_r1,match,100000,0.79,375
stdmap_r1,match,100000,0.791,375
stdmap_r1,match,100000,0.792,375
stdmap_r1,match,100000,0.793,375
stdmap_r1,match,100000,0.794,375
stdmap_r1,match,100000,0.795,375
stdmap_r1,match,100000,0.796,375
stdmap_r1,match,100000,0.797,375
stdmap_r1,match,100000,0.798,375
stdmap_r1,match,100000,0.799,375
stdmap_r1,match,100000,0.8,375
stdmap_r1,match,100000,0.801,375
stdmap_r1,match,100000,0.802,375
stdmap_r1,match,100000,0.803,375
stdmap_r1,match,100000,0.804,375
stdmap_r1,match,100000,0.805,375
stdmap_r1,match,100000,0.806,375
stdmap_r1,match,100000,0.807,375
stdmap_r1,match,100000,0.808,375
stdmap_r1,match,100000,0.809,375
stdmap_r1,match,100000,0.81,375
stdmap_r1,match,100000,0.811,375
stdmap_r1,match,100000,0.812,375
stdmap_r1,match,100000,0.813,375
stdmap_r1,match,100000,0.814,375
stdmap_r1,match,100000,0.815,375
stdmap_r1,match,100000,0.816,375
stdmap_r1,match,100000,0.817,375
stdmap_r1,match,100000,0.818,375
stdmap_r1,match,100000,0.819,375
stdmap_r1,match,100000,0.82,375
stdmap_r1,match,100000,0.821,416
stdmap_r1,match,100000,0.822,416
stdmap_r1,match,100000,0.823,416
stdmap_r1,match,100000,0.824,416
stdmap_r1,match,100000,0.825,416
stdmap_r1,match,100000,0.826,416
stdmap_r1,match,100000,0.827,416
stdmap_r1,match,100000,0.828,416
stdmap_r1,match,100000,0.829,416
stdmap_r1,match,100000,0.83,416
stdmap_r1,match,100000,0.831,416
stdmap_r1,match,100000,0.832,416
stdmap_r1,match,100000,0.833,416
stdmap_r1,match,100000,0.834,417
stdmap_r1,match,100000,0.835,417
stdmap_r1,match,100000,0.836,417
stdmap_r1,match,100000,0.837,417
stdmap_r1,match,100000,0.838,417
stdmap_r1,match,100000,0.839,417
stdmap_r1,match,100000,0.84,417
stdmap_r1,match,100000,0.841,417
stdmap_r1,match,100000,0.842,417
stdmap_r1,match,100000,0.843,417
stdmap_r1,match,100000,0.844,417
stdmap_r1,match,100000,0.845,417
stdmap_r1,match,100000,0.846,417
stdmap_r1,match,100000,0.847,417
stdmap_r1,match,100000,0.848,417
stdmap_r1,match,100000,0.849,417
stdmap_r1,match,100000,0.85,417
stdmap_r1,match,100000,0.851,417
stdmap_r1,match,100000,0.852,417
stdmap_r1,match,100000,0.853,417
stdmap_r1,match,100000,0.854,417
stdmap_r1,match,100000,0.855,417
stdmap_r1,match,100000,0.856,417
stdmap_r1,match,100000,0.857,417
stdmap_r1,match,100000,0.858,417
stdmap_r1,match,100000,0.859,417
stdmap_r1,match,100000,0.86,458
stdmap_r1,match,100000,0.861,458
stdmap_r1,match,100000,0.862,458
stdmap_r1,match,100000,0.863,458
stdmap_r1,match,100000,0.864,458
stdmap_r1,match,100000,0.865,458
stdmap_r1,match,100000,0.866,458
stdmap_r1,match,100000,0.867,458
stdmap_r1,match,100000,0.868,458
stdmap_r1,match,100000,0.869,458
stdmap_r1,match,100000,0.87,458
stdmap_r1,match,100000,0.871,458
stdmap_r1,match,100000,0.872,458
stdmap_r1,match,100000,0.873,458
stdmap_r1,match,100000,0.874,458
stdmap_r1,match,100000,0.875,458
stdmap_r1,match,100000,0.876,458
stdmap_r1,match,100000,0.877,458
stdmap_r1,match,100000,0.878,458
stdmap_r1,match,100000,0.879,458
stdmap_r1,match,100000,0.88,459
stdmap_r1,match,100000,0.881,459
stdmap_r1,match,100000,0.882,459
stdmap_r1,match,100000,0.883,459
stdmap_r1,match,100000,0.884,459
stdmap_r1,match,100000,0.885,459
stdmap_r1,match,100000,0.886,459
stdmap_r1,match,100000,0.887,459
stdmap_r1,match,100000,0.888,459
stdmap_r1,match,100000,0.889,459
stdmap_r1,match,100000,0.89,500
stdmap_r1,match,100000,0.891,500
stdmap_r1,match,100000,0.892,500
stdmap_r1,match,100000,0.893,500
stdmap_r1,match,100000,0.894,500
stdmap_r1,match,100000,0.895,500
stdmap_r1,match,100000,0.896,500
stdmap_r1,match,100000,0.897,500
stdmap_r1,match,100000,0.898,500
stdmap_r1,match,100000,0.899,500
stdmap_r1,match,100000,0.9,500
stdmap_r1,match,100000,0.901,500
stdmap_r1,match,100000,0.902,500
stdmap_r1,match,100000,0.903,500
stdmap_r1,match,100000,0.904,500
stdmap_r1,match,100000,0.905,500
stdmap_r1,match,100000,0.906,500
stdmap_r1,match,100000,0.907,500
stdmap_r1,match,100000,0.908,500
stdmap_r1,match,100000,0.909,500
stdmap_r1,match,100000,0.91,500
stdmap_r1,match,100000,0.911,500
stdmap_r1,match,100000,0.912,500
stdmap_r1,match,100000,0.913,500
stdmap_r1,match,100000,0.914,541
stdmap_r1,match,100000,0.915,541
stdmap_r1,match,100000,0.916,541
stdmap_r1,match,100000,0.917,541
stdmap_r1,match,100000,0.918,541
stdmap_r1,match,100000,0.919,541
stdmap_r1,match,100000,0.92,541
stdmap_r1,match,100000,0.921,542
stdmap_r1,match,100000,0.922,542
stdmap_r1,match,100000,0.923,542
stdmap_r1,match,100000,0.924,542
stdmap_r1,match,100000,0.925,542
stdmap_r1,match,100000,0.926,542
stdmap_r1,match,100000,0.927,542
stdmap_r1,match,100000,0.928,542
stdmap_r1,match,100000,0.929,542
stdmap_r1,match,100000,0.93,542
stdmap_r1,match,100000,0.931,542
stdmap_r1,match,100000,0.932,542
stdmap_r1,match,100000,0.933,542
stdmap_r1,match,100000,0.934,542
stdmap_r1,match,100000,0.935,542
stdmap_r1,match,100000,0.936,583
stdmap_r1,match,100000,0.937,583
stdmap_r1,match,100000,0.938,583
stdmap_r1,match,100000,0.939,583
stdmap_r1,match,100000,0.94,583
stdmap_r1,match,100000,0.941,583
stdmap_r1,match,100000,0.942,583
stdmap_r1,match,100000,0.943,583
stdmap_r1,match,100000,0.944,583
stdmap_r1,match,100000,0.945,583
stdmap_r1,match,100000,0.946,584
stdmap_r1,match,100000,0.947,584
stdmap_r1,match,100000,0.948,584
stdmap_r1,match,100000,0.949,584
stdmap_r1,match,100000,0.95,584
stdmap_r1,match,100000,0.951,625
stdmap_r1,match,100000,0.952,625
stdmap_r1,match,100000,0.953,625
stdmap_r1,match,100000,0.954,625
stdmap_r1,match,100000,0.955,625
stdmap_r1,match,100000,0.956,625
stdmap_r1,match,100000,0.957,625
stdmap_r1,match,100000,0.958,625
stdmap_r1,match,100000,0.959,625
stdmap_r1,match,100000,0.96,625
stdmap_r1,match,100000,0.961,625
stdmap_r1,match,100000,0.962,666
stdmap_r1,match,100000,0.963,666
stdmap_r1,match,100000,0.964,666
stdmap_r1,match,100000,0.965,667
stdmap_r1,match,100000,0.966,667
stdmap_r1,match,100000,0.967,667
stdmap_r1,match,100000,0.968,667
stdmap_r1,match,100000,0.969,667
stdmap_r1,match,100000,0.97,667
stdmap_r1,match,100000,0.971,708
stdmap_r1,match,100000,0.972,708
stdmap_r1,match,100000,0.973,708
stdmap_r1,match,100000,0.974,708
stdmap_r1,match,100000,0.975,708
stdmap_r1,match,100000,0.976,709
stdmap_r1,match,100000,0.977,709
stdmap_r1,match,100000,0.978,750
stdmap_r1,match,100000,0.979,750
stdmap_r1,match,100000,0.98,750
stdmap_r1,match,100000,0.981,750
stdmap_r1,match,100000,0.982,750
stdmap_r1,match,100000,0.983,791
stdmap_r1,match,100000,0.984,792
stdmap_r1,match,100000,0.985,792
stdmap_r1,match,100000,0.986,792
stdmap_r1,match,100000,0.987,833
stdmap_r1,match,100000,0.988,834
stdmap_r1,match,100000,0.989,875
stdmap_r1,match,100000,0.99,875
stdmap_r1,match,100000,0.991,916
stdmap_r1,match,100000,0.992,917
stdmap_r1,match,100000,0.993,958
stdmap_r1,match,100000,0.994,1000
stdmap_r1,match,100000,0.995,1000
stdmap_r1,match,100000,0.996,1083
stdmap_r1,match,100000,0.997,1166
stdmap_r1,match,100000,0.998,1291
stdmap_r1,match,100000,0.999,1584
stdmap_r1,add,1000000,0,41
stdmap_r1,add,1000000,0.001,83
stdmap_r1,add,1000000,0.002,83
stdmap_r1,add,1000000,0.003,83
stdmap_r1,add,1000000,0.004,83
stdmap_r1,add,1000000,0.005,83
stdmap_r1,add,1000000,0.006,83
stdmap_r1,add,1000000,0.007,83
stdmap_r1,add,1000000,0.008,83
stdmap_r1,add,1000000,0.009,83
stdmap_r1,add,1000000,0.01,83
stdmap_r1,add,1000000,0.011,83
stdmap_r1,add,1000000,0.012,83
stdmap_r1,add,1000000,0.013,83
stdmap_r1,add,1000000,0.014,84
stdmap_r1,add,1000000,0.015,84
stdmap_r1,add,1000000,0.016,84
stdmap_r1,add,1000000,0.017,84
stdmap_r1,add,1000000,0.018,84
stdmap_r1,add,1000000,0.019,84
stdmap_r1,add,1000000,0.02,84
stdmap_r1,add,1000000,0.021,125
stdmap_r1,add,1000000,0.022,125
stdmap_r1,add,1000000,0.023,125
stdmap_r1,add,1000000,0.024,125
stdmap_r1,add,1000000,0.025,125
stdmap_r1,add,1000000,0.026,125
stdmap_r1,add,1000000,0.027,125
stdmap_r1,add,1000000,0.028,125
stdmap_r1,add,1000000,0.029,125
stdmap_r1,add,1000000,0.03,125
stdmap_r1,add,1000000,0.031,125
stdmap_r1,add,1000000,0.032,125
stdmap_r1,add,1000000,0.033,125
stdmap_r1,add,1000000,0.034,125
stdmap_r1,add,1000000,0.035,125
stdmap_r1,add,1000000,0.036,125
stdmap_r1,add,1000000,0.037,125
stdmap_r1,add,1000000,0.038,125
stdmap_r1,add,1000000,0.039,125
stdmap_r1,add,1000000,0.04,125
stdmap_r1,add,1000000,0.041,125
stdmap_r1,add,1000000,0.042,125
stdmap_r1,add,1000000,0.043,125
stdmap_r1,add,1000000,0.044,125
stdmap_r1,add,1000000,0.045,125
stdmap_r1,add,1000000,0.046,125
stdmap_r1,add,1000000,0.047,125
stdmap_r1,add,1000000,0.048,125
stdmap_r1,add,1000000,0.049,125
stdmap_r1,add,1000000,0.05,125
stdmap_r1,add,1000000,0.051,125
stdmap_r1,add,1000000,0.052,125
stdmap_r1,add,1000000,0.053,125
stdmap_r1,add,1000000,0.054,125
stdmap_r1,add,1000000,0.055,125
stdmap_r1,add,1000000,0.056,125
stdmap_r1,add,1000000,0.057,125
stdmap_r1,add,1000000,0.058,125
stdmap_r1,add,1000000,0.059,125
stdmap_r1,add,1000000,0.06,125
stdmap_r1,add,1000000,0.061,125
stdmap_r1,add,1000000,0.062,125
stdmap_r1,add,1000000,0.063,125
stdmap_r1,add,1000000,0.064,125
stdmap_r1,add,1000000,0.065,125
stdmap_r1,add,1000000,0.066,125
stdmap_r1,add,1000000,0.067,125
stdmap_r1,add,1000000,0.068,125
stdmap_r1,add,1000000,0.069,125
stdmap_r1,add,1000000,0.07,125
stdmap_r1,add,1000000,0.071,125
stdmap_r1,add,1000000,0.072,125
stdmap_r1,add,1000000,0.073,125
stdmap_r1,add,1000000,0.074,125
stdmap_r1,add,1000000,0.075,125
stdmap_r1,add,1000000,0.076,125
stdmap_r1,add,1000000,0.077,125
stdmap_r1,add,1000000,0.078,125
stdmap_r1,add,1000000,0.079,125
stdmap_r1,add,1000000,0.08,125
stdmap_r1,add,1000000,0.081,125
stdmap_r1,add,1000000,0.082,125
stdmap_r1,add,1000000,0.083,125
stdmap_r1,add,1000000,0.084,125
stdmap_r1,add,1000000,0.085,125
stdmap_r1,add,1000000,0.086,125
stdmap_r1,add,1000000,0.087,125
stdmap_r1,add,1000000,0.088,125
stdmap_r1,add,1000000,0.089,125
stdmap_r1,add,1000000,0.09,125
stdmap_r1,add,1000000,0.091,125
stdmap_r1,add,1000000,0.092,125
stdmap_r1,add,1000000,0.093,125
stdmap_r1,add,1000000,0.094,125
stdmap_r1,add,1000000,0.095,125
stdmap_r1,add,1000000,0.096,125
stdmap_r1,add,1000000,0.097,125
stdmap_r1,add,1000000,0.098,125
stdmap_r1,add,1000000,0.099,125
stdmap_r1,add,1000000,0.1,125
stdmap_r1,add,1000000,0.101,125
stdmap_r1,add,1000000,0.102,125
stdmap_r1,add,1000000,0.103,125
stdmap_r1,add,1000000,0.104,125
stdmap_r1,add,1000000,0.105,125
stdmap_r1,add,1000000,0.106,125
stdmap_r1,add,1000000,0.107,125
stdmap_r1,add,1000000,0.108,125
stdmap_r1,add,1000000,0.109,125
stdmap_r1,add,1000000,0.11,125
stdmap_r1,add,1000000,0.111,125
stdmap_r1,add,1000000,0.112,125
stdmap_r1,add,1000000,0.113,125
stdmap_r1,add,1000000,0.114,125
stdmap_r1,add,1000000,0.115,125
stdmap_r1,add,1000000,0.116,125
stdmap_r1,add,1000000,0.117,125
stdmap_r1,add,1000000,0.118,125
stdmap_r1,add,1000000,0.119,125
stdmap_r1,add,1000000,0.12,125
stdmap_r1,add,1000000,0.121,125
stdmap_r1,add,1000000,0.122,125
stdmap_r1,add,1000000,0.123,125
stdmap_r1,add,1000000,0.124,125
stdmap_r1,add,1000000,0.125,125
stdmap_r1,add,1000000,0.126,125
stdmap_r1,add,1000000,0.127,125
stdmap_r1,add,1000000,0.128,125
stdmap_r1,add,1000000,0.129,125
stdmap_r1,add,1000000,0.13,125
stdmap_r1,add,1000000,0.131,125
stdmap_r1,add,1000000,0.132,125
stdmap_r1,add,1000000,0.133,125
stdmap_r1,add,1000000,0.134,125
stdmap_r1,add,1000000,0.135,125
stdmap_r1,add,1000000,0.136,125
stdmap_r1,add,1000000,0.137,125
stdmap_r1,add,1000000,0.138,125
stdmap_r1,add,1000000,0.139,125
stdmap_r1,add,1000000,0.14,125
stdmap_r1,add,1000000,0.141,125
stdmap_r1,add,1000000,0.142,125
stdmap_r1,add,1000000,0.143,125
stdmap_r1,add,1000000,0.144,125
stdmap_r1,add,1000000,0.145,125
stdmap_r1,add,1000000,0.146,125
stdmap_r1,add,1000000,0.147,125
stdmap_r1,add,1000000,0.148,125
stdmap_r1,add,1000000,0.149,125
stdmap_r1,add,1000000,0.15,125
stdmap_r1,add,1000000,0.151,125
stdmap_r1,add,1000000,0.152,125
stdmap_r1,add,1000000,0.153,125
stdmap_r1,add,1000000,0.154,125
stdmap_r1,add,1000000,0.155,125
stdmap_r1,add,1000000,0.156,125
stdmap_r1,add,1000000,0.157,125
stdmap_r1,add,1000000,0.158,125
stdmap_r1,add,1000000,0.159,125
stdmap_r1,add,1000000,0.16,125
stdmap_r1,add,1000000,0.161,125
stdmap_r1,add,1000000,0.162,125
stdmap_r1,add,1000000,0.163,125
stdmap_r1,add,1000000,0.164,125
stdmap_r1,add,1000000,0.165,166
stdmap_r1,add,1000000,0.166,166
stdmap_r1,add,1000000,0.167,166
stdmap_r1,add,1000000,0.168,166
stdmap_r1,add,1000000,0.169,166
stdmap_r1,add,1000000,0.17,166
stdmap_r1,add,1000000,0.171,166
stdmap_r1,add,1000000,0.172,166
stdmap_r1,add,1000000,0.173,166
stdmap_r1,add,1000000,0.174,166
stdmap_r1,add,1000000,0.175,166
stdmap_r1,add,1000000,0.176,166
stdmap_r1,add,1000000,0.177,166
stdmap_r1,add,1000000,0.178,166
stdmap_r1,add,1000000,0.179,166
stdmap_r1,add,1000000,0.18,166
stdmap_r1,add,1000000,0.181,166
stdmap_r1,add,1000000,0.182,166
stdmap_r1,add,1000000,0.183,166
stdmap_r1,add,1000000,0.184,166
stdmap_r1,add,1000000,0.185,166
stdmap_r1,add,1000000,0.186,166
stdmap_r1,add,1000000,0.187,166
stdmap_r1,add,1000000,0.188,166
stdmap_r1,add,1000000,0.189,166
stdmap_r1,add,1000000,0.19,166
stdmap_r1,add,1000000,0.191,166
stdmap_r1,add,1000000,0.192,166
stdmap_r1,add,1000000,0.193,166
stdmap_r1,add,1000000,0.194,166
stdmap_r1,add,1000000,0.195,166
stdmap_r1,add,1000000,0.196,166
stdmap_r1,add,1000000,0.197,166
stdmap_r1,add,1000000,0.198,166
stdmap_r1,add,1000000,0.199,166
stdmap_r1,add,1000000,0.2,166
stdmap_r1,add,1000000,0.201,166
stdmap_r1,add,1000000,0.202,166
stdmap_r1,add,1000000,0.203,166
stdmap_r1,add,1000000,0.204,166
stdmap_r1,add,1000000,0.205,166
stdmap_r1,add,1000000,0.206,166
stdmap_r1,add,1000000,0.207,166
stdmap_r1,add,1000000,0.208,166
stdmap_r1,add,1000000,0.209,166
stdmap_r1,add,1000000,0.21,166
stdmap_r1,add,1000000,0.211,166
stdmap_r1,add,1000000,0.212,166
stdmap_r1,add,1000000,0.213,166
stdmap_r1,add,1000000,0.214,166
stdmap_r1,add,1000000,0.215,166
stdmap_r1,add,1000000,0.216,166
stdmap_r1,add,1000000,0.217,166
stdmap_r1,add,1000000,0.218,166
stdmap_r1,add,1000000,0.219,166
stdmap_r1,add,1000000,0.22,166
stdmap_r1,add,1000000,0.221,166
stdmap_r1,add,1000000,0.222,166
stdmap_r1,add,1000000,0.223,166
stdmap_r1,add,1000000,0.224,166
stdmap_r1,add,1000000,0.225,166
stdmap_r1,add,1000000,0.226,166
stdmap_r1,add,1000000,0.227,166
stdmap_r1,add,1000000,0.228,166
stdmap_r1,add,1000000,0.229,166
stdmap_r1,add,1000000,0.23,166
stdmap_r1,add,1000000,0.231,166
stdmap_r1,add,1000000,0.232,166
stdmap_r1,add,1000000,0.233,166
stdmap_r1,add,1000000,0.234,166
stdmap_r1,add,1000000,0.235,166
stdmap_r1,add,1000000,0.236,166
stdmap_r1,add,1000000,0.237,166
stdmap_r1,add,1000000,0.238,166
stdmap_r1,add,1000000,0.239,166
stdmap_r1,add,1000000,0.24,166
stdmap_r1,add,1000000,0.241,166
stdmap_r1,add,1000000,0.242,166
stdmap_r1,add,1000000,0.243,166
stdmap_r1,add,1000000,0.244,166
stdmap_r1,add,1000000,0.245,166
stdmap_r1,add,1000000,0.246,166
stdmap_r1,add,1000000,0.247,166
stdmap_r1,add,1000000,0.248,166
stdmap_r1,add,1000000,0.249,166
stdmap_r1,add,1000000,0.25,166
stdmap_r1,add,1000000,0.251,166
stdmap_r1,add,1000000,0.252,166
stdmap_r1,add,1000000,0.253,166
stdmap_r1,add,1000000,0.254,166
stdmap_r1,add,1000000,0.255,166
stdmap_r1,add,1000000,0.256,166
stdmap_r1,add,1000000,0.257,166
stdmap_r1,add,1000000,0.258,166
stdmap_r1,add,1000000,0.259,166
stdmap_r1,add,1000000,0.26,166
stdmap_r1,add,1000000,0.261,166
stdmap_r1,add,1000000,0.262,166
stdmap_r1,add,1000000,0.263,166
stdmap_r1,add,1000000,0.264,166
stdmap_r1,add,1000000,0.265,166
stdmap_r1,add,1000000,0.266,166
stdmap_r1,add,1000000,0.267,166
stdmap_r1,add,1000000,0.268,167
stdmap_r1,add,1000000,0.269,167
stdmap_r1,add,1000000,0.27,167
stdmap_r1,add,1000000,0.271,167
stdmap_r1,add,1000000,0.272,167
stdmap_r1,add,1000000,0.273,167
stdmap_r1,add,1000000,0.274,167
stdmap_r1,add,1000000,0.275,167
stdmap_r1,add,1000000,0.276,167
stdmap_r1,add,1000000,0.277,167
stdmap_r1,add,1000000,0.278,167
stdmap_r1,add,1000000,0.279,167
stdmap_r1,add,1000000,0.28,167
stdmap_r1,add,1000000,0.281,167
stdmap_r1,add,1000000,0.282,167
stdmap_r1,add,1000000,0.283,167
stdmap_r1,add,1000000,0.284,167
stdmap_r1,add,1000000,0.285,167
stdmap_r1,add,1000000,0.286,167
stdmap_r1,add,1000000,0.287,167
stdmap_r1,add,1000000,0.288,167
stdmap_r1,add,1000000,0.289,167
stdmap_r1,add,1000000,0.29,167
stdmap_r1,add,1000000,0.291,167
stdmap_r1,add,1000000,0.292,167
stdmap_r1,add,1000000,0.293,167
stdmap_r1,add,1000000,0.294,167
stdmap_r1,add,1000000,0.295,167
stdmap_r1,add,1000000,0.296,167
stdmap_r1,add,1000000,0.297,167
stdmap_r1,add,1000000,0.298,167
stdmap_r1,add,1000000,0.299,167
stdmap_r1,add,1000000,0.3,167
stdmap_r1,add,1000000,0.301,167
stdmap_r1,add,1000000,0.302,167
stdmap_r1,add,1000000,0.303,167
stdmap_r1,add,1000000,0.304,167
stdmap_r1,add,1000000,0.305,167
stdmap_r1,add,1000000,0.306,167
stdmap_r1,add,1000000,0.307,167
stdmap_r1,add,1000000,0.308,167
stdmap_r1,add,1000000,0.309,167
stdmap_r1,add,1000000,0.31,167
stdmap_r1,add,1000000,0.311,167
stdmap_r1,add,1000000,0.312,167
stdmap_r1,add,1000000,0.313,167
stdmap_r1,add,1000000,0.314,167
stdmap_r1,add,1000000,0.315,167
stdmap_r1,add,1000000,0.316,167
stdmap_r1,add,1000000,0.317,167
stdmap_r1,add,1000000,0.318,167
stdmap_r1,add,1000000,0.319,167
stdmap_r1,add,1000000,0.32,167
stdmap_r1,add,1000000,0.321,167
stdmap_r1,add,1000000,0.322,167
stdmap_r1,add,1000000,0.323,167
stdmap_r1,add,1000000,0.324,167
stdmap_r1,add,1000000,0.325,167
stdmap_r1,add,1000000,0.326,167
stdmap_r1,add,1000000,0.327,167
stdmap_r1,add,1000000,0.328,167
stdmap_r1,add,1000000,0.329,167
stdmap_r1,add,1000000,0.33,167
stdmap_r1,add,1000000,0.331,167
stdmap_r1,add,1000000,0.332,167
stdmap_r1,add,1000000,0.333,167
stdmap_r1,add,1000000,0.334,167
stdmap_r1,add,1000000,0.335,167
stdmap_r1,add,1000000,0.336,167
stdmap_r1,add,1000000,0.337,167
stdmap_r1,add,1000000,0.338,167
stdmap_r1,add,1000000,0.339,167
stdmap_r1,add,1000000,0.34,167
stdmap_r1,add,1000000,0.341,167
stdmap_r1,add,1000000,0.342,167
stdmap_r1,add,1000000,0.343,167
stdmap_r1,add,1000000,0.344,167
stdmap_r1,add,1000000,0.345,167
stdmap_r1,add,1000000,0.346,167
stdmap_r1,add,1000000,0.347,167
stdmap_r1,add,1000000,0.348,167
stdmap_r1,add,1000000,0.349,167
stdmap_r1,add,1000000,0.35,167
stdmap_r1,add,1000000,0.351,167
stdmap_r1,add,1000000,0.352,167
stdmap_r1,add,1000000,0.353,167
stdmap_r1,add,1000000,0.354,167
stdmap_r1,add,1000000,0.355,167
stdmap_r1,add,1000000,0.356,167
stdmap_r1,add,1000000,0.357,167
stdmap_r1,add,1000000,0.358,167
stdmap_r1,add,1000000,0.359,167
stdmap_r1,add,1000000,0.36,167
stdmap_r1,add,1000000,0.361,167
stdmap_r1,add,1000000,0.362,167
stdmap_r1,add,1000000,0.363,167
stdmap_r1,add,1000000,0.364,167
stdmap_r1,add,1000000,0.365,167
stdmap_r1,add,1000000,0.366,167
stdmap_r1,add,1000000,0.367,167
stdmap_r1,add,1000000,0.368,167
stdmap_r1,add,1000000,0.369,167
stdmap_r1,add,1000000,0.37,167
stdmap_r1,add,1000000,0.371,167
stdmap_r1,add,1000000,0.372,167
stdmap_r1,add,1000000,0.373,167
stdmap_r1,add,1000000,0.374,167
stdmap_r1,add,1000000,0.375,167
stdmap_r1,add,1000000,0.376,167
stdmap_r1,add,1000000,0.377,167
stdmap_r1,add,1000000,0.378,167
stdmap_r1,add,1000000,0.379,167
stdmap_r1,add,1000000,0.38,167
stdmap_r1,add,1000000,0.381,167
stdmap_r1,add,1000000,0.382,167
stdmap_r1,add,1000000,0.383,167
stdmap_r1,add,1000000,0.384,167
stdmap_r1,add,1000000,0.385,167
stdmap_r1,add,1000000,0.386,167
stdmap_r1,add,1000000,0.387,167
stdmap_r1,add,1000000,0.388,167
stdmap_r1,add,1000000,0.389,167
stdmap_r1,add,1000000,0.39,167
stdmap_r1,add,1000000,0.391,167
stdmap_r1,add,1000000,0.392,167
stdmap_r1,add,1000000,0.393,167
stdmap_r1,add,1000000,0.394,167
stdmap_r1,add,1000000,0.395,167
stdmap_r1,add,1000000,0.396,167
stdmap_r1,add,1000000,0.397,167
stdmap_r1,add,1000000,0.398,167
stdmap_r1,add,1000000,0.399,167
stdmap_r1,add,1000000,0.4,167
stdmap_r1,add,1000000,0.401,167
stdmap_r1,add,1000000,0.402,167
stdmap_r1,add,1000000,0.403,167
stdmap_r1,add,1000000,0.404,167
stdmap_r1,add,1000000,0.405,167
stdmap_r1,add,1000000,0.406,167
stdmap_r1,add,1000000,0.407,167
stdmap_r1,add,1000000,0.408,167
stdmap_r1,add,1000000,0.409,167
stdmap_r1,add,1000000,0.41,167
stdmap_r1,add,1000000,0.411,167
stdmap_r1,add,1000000,0.412,167
stdmap_r1,add,1000000,0.413,167
stdmap_r1,add,1000000,0.414,167
stdmap_r1,add,1000000,0.415,167
stdmap_r1,add,1000000,0.416,167
stdmap_r1,add,1000000,0.417,167
stdmap_r1,add,1000000,0.418,167
stdmap_r1,add,1000000,0.419,167
stdmap_r1,add,1000000,0.42,167
stdmap_r1,add,1000000,0.421,167
stdmap_r1,add,1000000,0.422,167
stdmap_r1,add,1000000,0.423,167
stdmap_r1,add,1000000,0.424,167
stdmap_r1,add,1000000,0.425,167
stdmap_r1,add,1000000,0.426,167
stdmap_r1,add,1000000,0.427,167
stdmap_r1,add,1000000,0.428,167
stdmap_r1,add,1000000,0.429,167
stdmap_r1,add,1000000,0.43,167
stdmap_r1,add,1000000,0.431,167
stdmap_r1,add,1000000,0.432,167
stdmap_r1,add,1000000,0.433,167
stdmap_r1,add,1000000,0.434,167
stdmap_r1,add,1000000,0.435,167
stdmap_r1,add,1000000,0.436,167
stdmap_r1,add,1000000,0.437,167
stdmap_r1,add,1000000,0.438,167
stdmap_r1,add,1000000,0.439,167
stdmap_r1,add,1000000,0.44,167
stdmap_r1,add,1000000,0.441,167
stdmap_r1,add,1000000,0.442,167
stdmap_r1,add,1000000,0.443,167
stdmap_r1,add,1000000,0.444,167
stdmap_r1,add,1000000,0.445,167
stdmap_r1,add,1000000,0.446,167
stdmap_r1,add,1000000,0.447,167
stdmap_r1,add,1000000,0.448,167
stdmap_r1,add,1000000,0.449,167
stdmap_r1,add,1000000,0.45,167
stdmap_r1,add,1000000,0.451,167
stdmap_r1,add,1000000,0.452,167
stdmap_r1,add,1000000,0.453,167
stdmap_r1,add,1000000,0.454,167
stdmap_r1,add,1000000,0.455,167
stdmap_r1,add,1000000,0.456,167
stdmap_r1,add,1000000,0.457,167
stdmap_r1,add,1000000,0.458,167
stdmap_r1,add,1000000,0.459,167
stdmap_r1,add,1000000,0.46,167
stdmap_r1,add,1000000,0.461,167
stdmap_r1,add,1000000,0.462,167
stdmap_r1,add,1000000,0.463,167
stdmap_r1,add,1000000,0.464,167
stdmap_r1,add,1000000,0.465,167
stdmap_r1,add,1000000,0.466,167
stdmap_r1,add,1000000,0.467,167
stdmap_r1,add,1000000,0.468,167
stdmap_r1,add,1000000,0.469,167
stdmap_r1,add,1000000,0.47,167
stdmap_r1,add,1000000,0.471,167
stdmap_r1,add,1000000,0.472,167
stdmap_r1,add,1000000,0.473,167
stdmap_r1,add,1000000,0.474,208
stdmap_r1,add,1000000,0.475,208
stdmap_r1,add,1000000,0.476,208
stdmap_r1,add,1000000,0.477,208
stdmap_r1,add,1000000,0.478,208
stdmap_r1,add,1000000,0.479,208
stdmap_r1,add,1000000,0.48,208
stdmap_r1,add,1000000,0.481,208
stdmap_r1,add,1000000,0.482,208
stdmap_r1,add,1000000,0.483,208
stdmap_r1,add,1000000,0.484,208
stdmap_r1,add,1000000,0.485,208
stdmap_r1,add,1000000,0.486,208
stdmap_r1,add,1000000,0.487,208
stdmap_r1,add,1000000,0.488,208
stdmap_r1,add,1000000,0.489,208
stdmap_r1,add,1000000,0.49,208
stdmap_r1,add,1000000,0.491,208
stdmap_r1,add,1000000,0.492,208
stdmap_r1,add,1000000,0.493,208
stdmap_r1,add,1000000,0.494,208
stdmap_r1,add,1000000,0.495,208
stdmap_r1,add,1000000,0.496,208
stdmap_r1,add,1000000,0.497,208
stdmap_r1,add,1000000,0.498,208
stdmap_r1,add,1000000,0.499,208
stdmap_r1,add,1000000,0.5,208
stdmap_r1,add,1000000,0.501,208
stdmap_r1,add,1000000,0.502,208
stdmap_r1,add,1000000,0.503,208
stdmap_r1,add,1000000,0.504,208
stdmap_r1,add,1000000,0.505,208
stdmap_r1,add,1000000,0.506,208
stdmap_r1,add,1000000,0.507,208
stdmap_r1,add,1000000,0.508,208
stdmap_r1,add,1000000,0.509,208
stdmap_r1,add,1000000,0.51,208
stdmap_r1,add,1000000,0.511,208
stdmap_r1,add,1000000,0.512,208
stdmap_r1,add,1000000,0.513,208
stdmap_r1,add,1000000,0.514,208
stdmap_r1,add,1000000,0.515,208
stdmap_r1,add,1000000,0.516,208
stdmap_r1,add,1000000,0.517,208
stdmap_r1,add,1000000,0.518,208
stdmap_r1,add,1000000,0.519,208
stdmap_r1,add,1000000,0.52,208
stdmap_r1,add,1000000,0.521,208
stdmap_r1,add,1000000,0.522,208
stdmap_r1,add,1000000,0.523,208
stdmap_r1,add,1000000,0.524,208
stdmap_r1,add,1000000,0.525,208
stdmap_r1,add,1000000,0.526,208
stdmap_r1,add,1000000,0.527,208
stdmap_r1,add,1000000,0.528,208
stdmap_r1,add,1000000,0.529,208
stdmap_r1,add,1000000,0.53,208
stdmap_r1,add,1000000,0.531,208
stdmap_r1,add,1000000,0.532,208
stdmap_r1,add,1000000,0.533,208
stdmap_r1,add,1000000,0.534,208
stdmap_r1,add,1000000,0.535,208
stdmap_r1,add,1000000,0.536,208
stdmap_r1,add,1000000,0.537,208
stdmap_r1,add,1000000,0.538,208
stdmap_r1,add,1000000,0.539,208
stdmap_r1,add,1000000,0.54,208
stdmap_r1,add,1000000,0.541,208
stdmap_r1,add,1000000,0.542,208
stdmap_r1,add,1000000,0.543,208
stdmap_r1,add,1000000,0.544,208
stdmap_r1,add,1000000,0.545,208
stdmap_r1,add,1000000,0.546,208
stdmap_r1,add,1000000,0.547,208
stdmap_r1,add,1000000,0.548,208
stdmap_r1,add,1000000,0.549,208
stdmap_r1,add,1000000,0.55,208
stdmap_r1,add,1000000,0.551,208
stdmap_r1,add,1000000,0.552,208
stdmap_r1,add,1000000,0.553,208
stdmap_r1,add,1000000,0.554,208
stdmap_r1,add,1000000,0.555,208
stdmap_r1,add,1000000,0.556,208
stdmap_r1,add,1000000,0.557,208
stdmap_r1,add,1000000,0.558,208
stdmap_r1,add,1000000,0.559,208
stdmap_r1,add,1000000,0.56,208
stdmap_r1,add,1000000,0.561,208
stdmap_r1,add,1000000,0.562,208
stdmap_r1,add,1000000,0.563,208
stdmap_r1,add,1000000,0.564,208
stdmap_r1,add,1000000,0.565,208
stdmap_r1,add,1000000,0.566,208
stdmap_r1,add,1000000,0.567,208
stdmap_r1,add,1000000,0.568,208
stdmap_r1,add,1000000,0.569,208
stdmap_r1,add,1000000,0.57,208
stdmap_r1,add,1000000,0.571,208
stdmap_r1,add,1000000,0.572,208
stdmap_r1,add,1000000,0.573,208
stdmap_r1,add,1000000,0.574,208
stdmap_r1,add,1000000,0.575,208
stdmap_r1,add,1000000,0.576,208
stdmap_r1,add,1000000,0.577,208
stdmap_r1,add,1000000,0.578,208
stdmap_r1,add,1000000,0.579,208
stdmap_r1,add,1000000,0.58,208
stdmap_r1,add,1000000,0.581,208
stdmap_r1,add,1000000,0.582,208
stdmap_r1,add,1000000,0.583,208
stdmap_r1,add,1000000,0.584,208
stdmap_r1,add,1000000,0.585,208
stdmap_r1,add,1000000,0.586,208
stdmap_r1,add,1000000,0.587,208
stdmap_r1,add,1000000,0.588,208
stdmap_r1,add,1000000,0.589,208
stdmap_r1,add,1000000,0.59,208
stdmap_r1,add,1000000,0.591,208
stdmap_r1,add,1000000,0.592,208
stdmap_r1,add,1000000,0.593,208
stdmap_r1,add,1000000,0.594,208
stdmap_r1,add,1000000,0.595,208
stdmap_r1,add,1000000,0.596,208
stdmap_r1,add,1000000,0.597,208
stdmap_r1,add,1000000,0.598,208
stdmap_r1,add,1000000,0.599,208
stdmap_r1,add,1000000,0.6,208
stdmap_r1,add,1000000,0.601,208
stdmap_r1,add,1000000,0.602,208
stdmap_r1,add,1000000,0.603,208
stdmap_r1,add,1000000,0.604,208
stdmap_r1,add,1000000,0.605,208
stdmap_r1,add,1000000,0.606,208
stdmap_r1,add,1000000,0.607,208
stdmap_r1,add,1000000,0.608,208
stdmap_r1,add,1000000,0.609,208
stdmap_r1,add,1000000,0.61,208
stdmap_r1,add,1000000,0.611,208
stdmap_r1,add,1000000,0.612,208
stdmap_r1,add,1000000,0.613,208
stdmap_r1,add,1000000,0.614,208
stdmap_r1,add,1000000,0.615,208
stdmap_r1,add,1000000,0.616,208
stdmap_r1,add,1000000,0.617,208
stdmap_r1,add,1000000,0.618,208
stdmap_r1,add,1000000,0.619,208
stdmap_r1,add,1000000,0.62,208
stdmap_r1,add,1000000,0.621,208
stdmap_r1,add,1000000,0.622,208
stdmap_r1,add,1000000,0.623,208
stdmap_r1,add,1000000,0.624,208
stdmap_r1,add,1000000,0.625,208
stdmap_r1,add,1000000,0.626,208
stdmap_r1,add,1000000,0.627,208
stdmap_r1,add,1000000,0.628,208
stdmap_r1,add,1000000,0.629,208
stdmap_r1,add,1000000,0.63,208
stdmap_r1,add,1000000,0.631,208
stdmap_r1,add,1000000,0.632,208
stdmap_r1,add,1000000,0.633,208
stdmap_r1,add,1000000,0.634,208
stdmap_r1,add,1000000,0.635,208
stdmap_r1,add,1000000,0.636,208
stdmap_r1,add,1000000,0.637,208
stdmap_r1,add,1000000,0.638,208
stdmap_r1,add,1000000,0.639,208
stdmap_r1,add,1000000,0.64,208
stdmap_r1,add,1000000,0.641,208
stdmap_r1,add,1000000,0.642,208
stdmap_r1,add,1000000,0.643,208
stdmap_r1,add,1000000,0.644,208
stdmap_r1,add,1000000,0.645,208
stdmap_r1,add,1000000,0.646,208
stdmap_r1,add,1000000,0.647,208
stdmap_r1,add,1000000,0.648,208
stdmap_r1,add,1000000,0.649,209
stdmap_r1,add,1000000,0.65,209
stdmap_r1,add,1000000,0.651,209
stdmap_r1,add,1000000,0.652,209
stdmap_r1,add,1000000,0.653,209
stdmap_r1,add,1000000,0.654,209
stdmap_r1,add,1000000,0.655,209
stdmap_r1,add,1000000,0.656,209
stdmap_r1,add,1000000,0.657,209
stdmap_r1,add,1000000,0.658,209
stdmap_r1,add,1000000,0.659,209
stdmap_r1,add,1000000,0.66,209
stdmap_r1,add,1000000,0.661,209
stdmap_r1,add,1000000,0.662,209
stdmap_r1,add,1000000,0.663,209
stdmap_r1,add,1000000,0.664,209
stdmap_r1,add,1000000,0.665,209
stdmap_r1,add,1000000,0.666,209
stdmap_r1,add,1000000,0.667,209
stdmap_r1,add,1000000,0.668,209
stdmap_r1,add,1000000,0.669,209
stdmap_r1,add,1000000,0.67,209
stdmap_r1,add,1000000,0.671,209
stdmap_r1,add,1000000,0.672,209
stdmap_r1,add,1000000,0.673,209
stdmap_r1,add,1000000,0.674,209
stdmap_r1,add,1000000,0.675,209
stdmap_r1,add,1000000,0.676,209
stdmap_r1,add,1000000,0.677,209
stdmap_r1,add,1000000,0.678,209
stdmap_r1,add,1000000,0.679,209
stdmap_r1,add,1000000,0.68,209
stdmap_r1,add,1000000,0.681,209
stdmap_r1,add,1000000,0.682,209
stdmap_r1,add,1000000,0.683,209
stdmap_r1,add,1000000,0.684,209
stdmap_r1,add,1000000,0.685,209
stdmap_r1,add,1000000,0.686,209
stdmap_r1,add,1000000,0.687,209
stdmap_r1,add,1000000,0.688,209
stdmap_r1,add,1000000,0.689,209
stdmap_r1,add,1000000,0.69,209
stdmap_r1,add,1000000,0.691,209
stdmap_r1,add,1000000,0.692,209
stdmap_r1,add,1000000,0.693,209
stdmap_r1,add,1000000,0.694,209
stdmap_r1,add,1000000,0.695,209
stdmap_r1,add,1000000,0.696,209
stdmap_r1,add,1000000,0.697,209
stdmap_r1,add,1000000,0.698,209
stdmap_r1,add,1000000,0.699,209
stdmap_r1,add,1000000,0.7,209
stdmap_r1,add,1000000,0.701,209
stdmap_r1,add,1000000,0.702,209
stdmap_r1,add,1000000,0.703,209
stdmap_r1,add,1000000,0.704,209
stdmap_r1,add,1000000,0.705,209
stdmap_r1,add,1000000,0.706,209
stdmap_r1,add,1000000,0.707,209
stdmap_r1,add,1000000,0.708,209
stdmap_r1,add,1000000,0.709,209
stdmap_r1,add,1000000,0.71,209
stdmap_r1,add,1000000,0.711,209
stdmap_r1,add,1000000,0.712,209
stdmap_r1,add,1000000,0.713,209
stdmap_r1,add,1000000,0.714,209
stdmap_r1,add,1000000,0.715,209
stdmap_r1,add,1000000,0.716,209
stdmap_r1,add,1000000,0.717,209
stdmap_r1,add,1000000,0.718,209
stdmap_r1,add,1000000,0.719,209
stdmap_r1,add,1000000,0.72,209
stdmap_r1,add,1000000,0.721,209
stdmap_r1,add,1000000,0.722,209
stdmap_r1,add,1000000,0.723,209
stdmap_r1,add,1000000,0.724,209
stdmap_r1,add,1000000,0.725,209
stdmap_r1,add,1000000,0.726,209
stdmap_r1,add,1000000,0.727,209
stdmap_r1,add,1000000,0.728,209
stdmap_r1,add,1000000,0.729,209
stdmap_r1,add,1000000,0.73,209
stdmap_r1,add,1000000,0.731,209
stdmap_r1,add,1000000,0.732,209
stdmap_r1,add,1000000,0.733,209
stdmap_r1,add,1000000,0.734,209
stdmap_r1,add,1000000,0.735,209
stdmap_r1,add,1000000,0.736,209
stdmap_r1,add,1000000,0.737,250
stdmap_r1,add,1000000,0.738,250
stdmap_r1,add,1000000,0.739,250
stdmap_r1,add,1000000,0.74,250
stdmap_r1,add,1000000,0.741,250
stdmap_r1,add,1000000,0.742,250
stdmap_r1,add,1000000,0.743,250
stdmap_r1,add,1000000,0.744,250
stdmap_r1,add,1000000,0.745,250
stdmap_r1,add,1000000,0.746,250
stdmap_r1,add,1000000,0.747,250
stdmap_r1,add,1000000,0.748,250
stdmap_r1,add,1000000,0.749,250
stdmap_r1,add,1000000,0.75,250
stdmap_r1,add,1000000,0.751,250
stdmap_r1,add,1000000,0.752,250
stdmap_r1,add,1000000,0.753,250
stdmap_r1,add,1000000,0.754,250
stdmap_r1,add,1000000,0.755,250
stdmap_r1,add,1000000,0.756,250
stdmap_r1,add,1000000,0.757,250
stdmap_r1,add,1000000,0.758,250
stdmap_r1,add,1000000,0.759,250
stdmap_r1,add,1000000,0.76,250
stdmap_r1,add,1000000,0.761,250
stdmap_r1,add,1000000,0.762,250
stdmap_r1,add,1000000,0.763,250
stdmap_r1,add,1000000,0.764,250
stdmap_r1,add,1000000,0.765,250
stdmap_r1,add,1000000,0.766,250
stdmap_r1,add,1000000,0.767,250
stdmap_r1,add,1000000,0.768,250
stdmap_r1,add,1000000,0.769,250
stdmap_r1,add,1000000,0.77,250
stdmap_r1,add,1000000,0.771,250
stdmap_r1,add,1000000,0.772,250
stdmap_r1,add,1000000,0.773,250
stdmap_r1,add,1000000,0.774,250
stdmap_r1,add,1000000,0.775,250
stdmap_r1,add,1000000,0.776,250
stdmap_r1,add,1000000,0.777,250
stdmap_r1,add,1000000,0.778,250
stdmap_r1,add,1000000,0.779,250
stdmap_r1,add,1000000,0.78,250
stdmap_r1,add,1000000,0.781,250
stdmap_r1,add,1000000,0.782,250
stdmap_r1,add,1000000,0.783,250
stdmap_r1,add,1000000,0.784,250
stdmap_r1,add,1000000,0.785,250
stdmap_r1,add,1000000,0.786,250
stdmap_r1,add,1000000,0.787,250
stdmap_r1,add,1000000,0.788,250
stdmap_r1,add,1000000,0.789,250
stdmap_r1,add,1000000,0.79,250
stdmap_r1,add,1000000,0.791,250
stdmap_r1,add,1000000,0.792,250
stdmap_r1,add,1000000,0.793,250
stdmap_r1,add,1000000,0.794,250
stdmap_r1,add,1000000,0.795,250
stdmap_r1,add,1000000,0.796,250
stdmap_r1,add,1000000,0.797,250
stdmap_r1,add,1000000,0.798,250
stdmap_r1,add,1000000,0.799,250
stdmap_r1,add,1000000,0.8,250
stdmap_r1,add,1000000,0.801,250
stdmap_r1,add,1000000,0.802,250
stdmap_r1,add,1000000,0.803,250
stdmap_r1,add,1000000,0.804,250
stdmap_r1,add,1000000,0.805,250
stdmap_r1,add,1000000,0.806,250
stdmap_r1,add,1000000,0.807,250
stdmap_r1,add,1000000,0.808,250
stdmap_r1,add,1000000,0.809,250
stdmap_r1,add,1000000,0.81,250
stdmap_r1,add,1000000,0.811,250
stdmap_r1,add,1000000,0.812,250
stdmap_r1,add,1000000,0.813,250
stdmap_r1,add,1000000,0.814,250
stdmap_r1,add,1000000,0.815,250
stdmap_r1,add,1000000,0.816,250
stdmap_r1,add,1000000,0.817,250
stdmap_r1,add,1000000,0.818,250
stdmap_r1,add,1000000,0.819,250
stdmap_r1,add,1000000,0.82,250
stdmap_r1,add,1000000,0.821,250
stdmap_r1,add,1000000,0.822,250
stdmap_r1,add,1000000,0.823,250
stdmap_r1,add,1000000,0.824,250
stdmap_r1,add,1000000,0.825,250
stdmap_r1,add,1000000,0.826,250
stdmap_r1,add,1000000,0.827,250
stdmap_r1,add,1000000,0.828,250
stdmap_r1,add,1000000,0.829,291
stdmap_r1,add,1000000,0.83,291
stdmap_r1,add,1000000,0.831,291
stdmap_r1,add,1000000,0.832,291
stdmap_r1,add,1000000,0.833,291
stdmap_r1,add,1000000,0.834,291
stdmap_r1,add,1000000,0.835,291
stdmap_r1,add,1000000,0.836,291
stdmap_r1,add,1000000,0.837,291
stdmap_r1,add,1000000,0.838,291
stdmap_r1,add,1000000,0.839,291
stdmap_r1,add,1000000,0.84,291
stdmap_r1,add,1000000,0.841,291
stdmap_r1,add,1000000,0.842,291
stdmap_r1,add,1000000,0.843,291
stdmap_r1,add,1000000,0.844,291
stdmap_r1,add,1000000,0.845,291
stdmap_r1,add,1000000,0.846,291
stdmap_r1,add,1000000,0.847,291
stdmap_r1,add,1000000,0.848,291
stdmap_r1,add,1000000,0.849,291
stdmap_r1,add,1000000,0.85,291
stdmap_r1,add,1000000,0.851,292
stdmap_r1,add,1000000,0.852,292
stdmap_r1,add,1000000,0.853,292
stdmap_r1,add,1000000,0.854,292
stdmap_r1,add,1000000,0.855,292
stdmap_r1,add,1000000,0.856,292
stdmap_r1,add,1000000,0.857,292
stdmap_r1,add,1000000,0.858,292
stdmap_r1,add,1000000,0.859,292
stdmap_r1,add,1000000,0.86,292
stdmap_r1,add,1000000,0.861,292
stdmap_r1,add,1000000,0.862,292
stdmap_r1,add,1000000,0.863,292
stdmap_r1,add,1000000,0.864,292
stdmap_r1,add,1000000,0.865,292
stdmap_r1,add,1000000,0.866,292
stdmap_r1,add,1000000,0.867,292
stdmap_r1,add,1000000,0.868,292
stdmap_r1,add,1000000,0.869,292
stdmap_r1,add,1000000,0.87,292
stdmap_r1,add,1000000,0.871,292
stdmap_r1,add,1000000,0.872,292
stdmap_r1,add,1000000,0.873,292
stdmap_r1,add,1000000,0.874,292
stdmap_r1,add,1000000,0.875,292
stdmap_r1,add,1000000,0.876,292
stdmap_r1,add,1000000,0.877,292
stdmap_r1,add,1000000,0.878,292
stdmap_r1,add,1000000,0.879,292
stdmap_r1,add,1000000,0.88,292
stdmap_r1,add,1000000,0.881,292
stdmap_r1,add,1000000,0.882,292
stdmap_r1,add,1000000,0.883,292
stdmap_r1,add,1000000,0.884,292
stdmap_r1,add,1000000,0.885,292
stdmap_r1,add,1000000,0.886,292
stdmap_r1,add,1000000,0.887,292
stdmap_r1,add,1000000,0.888,292
stdmap_r1,add,1000000,0.889,292
stdmap_r1,add,1000000,0.89,292
stdmap_r1,add,1000000,0.891,292
stdmap_r1,add,1000000,0.892,292
stdmap_r1,add,1000000,0.893,292
stdmap_r1,add,1000000,0.894,292
stdmap_r1,add,1000000,0.895,333
stdmap_r1,add,1000000,0.896,333
stdmap_r1,add,1000000,0.897,333
stdmap_r1,add,1000000,0.898,333
stdmap_r1,add,1000000,0.899,333
stdmap_r1,add,1000000,0.9,333
stdmap_r1,add,1000000,0.901,333
stdmap_r1,add,1000000,0.902,333
stdmap_r1,add,1000000,0.903,333
stdmap_r1,add,1000000,0.904,333
stdmap_r1,add,1000000,0.905,333
stdmap_r1,add,1000000,0.906,333
stdmap_r1,add,1000000,0.907,333
stdmap_r1,add,1000000,0.908,333
stdmap_r1,add,1000000,0.909,333
stdmap_r1,add,1000000,0.91,333
stdmap_r1,add,1000000,0.911,333
stdmap_r1,add,1000000,0.912,333
stdmap_r1,add,1000000,0.913,333
stdmap_r1,add,1000000,0.914,333
stdmap_r1,add,1000000,0.915,333
stdmap_r1,add,1000000,0.916,333
stdmap_r1,add,1000000,0.917,333
stdmap_r1,add,1000000,0.918,333
stdmap_r1,add,1000000,0.919,334
stdmap_r1,add,1000000,0.92,334
stdmap_r1,add,1000000,0.921,334
stdmap_r1,add,1000000,0.922,334
stdmap_r1,add,1000000,0.923,334
stdmap_r1,add,1000000,0.924,334
stdmap_r1,add,1000000,0.925,334
stdmap_r1,add,1000000,0.926,334
stdmap_r1,add,1000000,0.927,334
stdmap_r1,add,1000000,0.928,334
stdmap_r1,add,1000000,0.929,334
stdmap_r1,add,1000000,0.93,334
stdmap_r1,add,1000000,0.931,375
stdmap_r1,add,1000000,0.932,375
stdmap_r1,add,1000000,0.933,375
stdmap_r1,add,1000000,0.934,375
stdmap_r1,add,1000000,0.935,375
stdmap_r1,add,1000000,0.936,375
stdmap_r1,add,1000000,0.937,375
stdmap_r1,add,1000000,0.938,375
stdmap_r1,add,1000000,0.939,375
stdmap_r1,add,1000000,0.94,375
stdmap_r1,add,1000000,0.941,375
stdmap_r1,add,1000000,0.942,375
stdmap_r1,add,1000000,0.943,375
stdmap_r1,add,1000000,0.944,375
stdmap_r1,add,1000000,0.945,375
stdmap_r1,add,1000000,0.946,375
stdmap_r1,add,1000000,0.947,375
stdmap_r1,add,1000000,0.948,375
stdmap_r1,add,1000000,0.949,375
stdmap_r1,add,1000000,0.95,375
stdmap_r1,add,1000000,0.951,375
stdmap_r1,add,1000000,0.952,375
stdmap_r1,add,1000000,0.953,375
stdmap_r1,add,1000000,0.954,375
stdmap_r1,add,1000000,0.955,416
stdmap_r1,add,1000000,0.956,416
stdmap_r1,add,1000000,0.957,416
stdmap_r1,add,1000000,0.958,416
stdmap_r1,add,1000000,0.959,416
stdmap_r1,add,1000000,0.96,417
stdmap_r1,add,1000000,0.961,417
stdmap_r1,add,1000000,0.962,417
stdmap_r1,add,1000000,0.963,417
stdmap_r1,add,1000000,0.964,417
stdmap_r1,add,1000000,0.965,417
stdmap_r1,add,1000000,0.966,417
stdmap_r1,add,1000000,0.967,417
stdmap_r1,add,1000000,0.968,417
stdmap_r1,add,1000000,0.969,417
stdmap_r1,add,1000000,0.97,458
stdmap_r1,add,1000000,0.971,458
stdmap_r1,add,1000000,0.972,458
stdmap_r1,add,1000000,0.973,458
stdmap_r1,add,1000000,0.974,458
stdmap_r1,add,1000000,0.975,459
stdmap_r1,add,1000000,0.976,459
stdmap_r1,add,1000000,0.977,500
stdmap_r1,add,1000000,0.978,500
stdmap_r1,add,1000000,0.979,500
stdmap_r1,add,1000000,0.98,500
stdmap_r1,add,1000000,0.981,500
stdmap_r1,add,1000000,0.982,541
stdmap_r1,add,1000000,0.983,542
stdmap_r1,add,1000000,0.984,542
stdmap_r1,add,1000000,0.985,542
stdmap_r1,add,1000000,0.986,583
stdmap_r1,add,1000000,0.987,584
stdmap_r1,add,1000000,0.988,625
stdmap_r1,add,1000000,0.989,625
stdmap_r1,add,1000000,0.99,667
stdmap_r1,add,1000000,0.991,708
stdmap_r1,add,1000000,0.992,750
stdmap_r1,add,1000000,0.993,833
stdmap_r1,add,1000000,0.994,917
stdmap_r1,add,1000000,0.995,1125
stdmap_r1,add,1000000,0.996,1500
stdmap_r1,add,1000000,0.997,1958
stdmap_r1,add,1000000,0.998,3375
stdmap_r1,add,1000000,0.999,11667
stdmap_r1,cancel,1000000,0,42
stdmap_r1,cancel,1000000,0.001,250
stdmap_r1,cancel,1000000,0.002,292
stdmap_r1,cancel,1000000,0.003,333
stdmap_r1,cancel,1000000,0.004,375
stdmap_r1,cancel,1000000,0.005,375
stdmap_r1,cancel,1000000,0.006,375
stdmap_r1,cancel,1000000,0.007,416
stdmap_r1,cancel,1000000,0.008,417
stdmap_r1,cancel,1000000,0.009,417
stdmap_r1,cancel,1000000,0.01,458
stdmap_r1,cancel,1000000,0.011,458
stdmap_r1,cancel,1000000,0.012,458
stdmap_r1,cancel,1000000,0.013,459
stdmap_r1,cancel,1000000,0.014,500
stdmap_r1,cancel,1000000,0.015,500
stdmap_r1,cancel,1000000,0.016,500
stdmap_r1,cancel,1000000,0.017,500
stdmap_r1,cancel,1000000,0.018,500
stdmap_r1,cancel,1000000,0.019,500
stdmap_r1,cancel,1000000,0.02,541
stdmap_r1,cancel,1000000,0.021,541
stdmap_r1,cancel,1000000,0.022,541
stdmap_r1,cancel,1000000,0.023,541
stdmap_r1,cancel,1000000,0.024,542
stdmap_r1,cancel,1000000,0.025,542
stdmap_r1,cancel,1000000,0.026,542
stdmap_r1,cancel,1000000,0.027,542
stdmap_r1,cancel,1000000,0.028,542
stdmap_r1,cancel,1000000,0.029,542
stdmap_r1,cancel,1000000,0.03,542
stdmap_r1,cancel,1000000,0.031,583
stdmap_r1,cancel,1000000,0.032,583
stdmap_r1,cancel,1000000,0.033,583
stdmap_r1,cancel,1000000,0.034,583
stdmap_r1,cancel,1000000,0.035,583
stdmap_r1,cancel,1000000,0.036,583
stdmap_r1,cancel,1000000,0.037,583
stdmap_r1,cancel,1000000,0.038,583
stdmap_r1,cancel,1000000,0.039,583
stdmap_r1,cancel,1000000,0.04,583
stdmap_r1,cancel,1000000,0.041,583
stdmap_r1,cancel,1000000,0.042,583
stdmap_r1,cancel,1000000,0.043,583
stdmap_r1,cancel,1000000,0.044,583
stdmap_r1,cancel,1000000,0.045,583
stdmap_r1,cancel,1000000,0.046,583
stdmap_r1,cancel,1000000,0.047,583
stdmap_r1,cancel,1000000,0.048,583
stdmap_r1,cancel,1000000,0.049,583
stdmap_r1,cancel,1000000,0.05,583
stdmap_r1,cancel,1000000,0.051,584
stdmap_r1,cancel,1000000,0.052,584
stdmap_r1,cancel,1000000,0.053,584
stdmap_r1,cancel,1000000,0.054,584
stdmap_r1,cancel,1000000,0.055,584
stdmap_r1,cancel,1000000,0.056,584
stdmap_r1,cancel,1000000,0.057,584
stdmap_r1,cancel,1000000,0.058,584
stdmap_r1,cancel,1000000,0.059,584
stdmap_r1,cancel,1000000,0.06,584
stdmap_r1,cancel,1000000,0.061,625
stdmap_r1,cancel,1000000,0.062,625
stdmap_r1,cancel,1000000,0.063,625
stdmap_r1,cancel,1000000,0.064,625
stdmap_r1,cancel,1000000,0.065,625
stdmap_r1,cancel,1000000,0.066,625
stdmap_r1,cancel,1000000,0.067,625
stdmap_r1,cancel,1000000,0.068,625
stdmap_r1,cancel,1000000,0.069,625
stdmap_r1,cancel,1000000,0.07,625
stdmap_r1,cancel,1000000,0.071,625
stdmap_r1,cancel,1000000,0.072,625
stdmap_r1,cancel,1000000,0.073,625
stdmap_r1,cancel,1000000,0.074,625
stdmap_r1,cancel,1000000,0.075,625
stdmap_r1,cancel,1000000,0.076,625
stdmap_r1,cancel,1000000,0.077,625
stdmap_r1,cancel,1000000,0.078,625
stdmap_r1,cancel,1000000,0.079,625
stdmap_r1,cancel,1000000,0.08,625
stdmap_r1,cancel,1000000,0.081,625
stdmap_r1,cancel,1000000,0.082,625
stdmap_r1,cancel,1000000,0.083,625
stdmap_r1,cancel,1000000,0.084,625
stdmap_r1,cancel,1000000,0.085,625
stdmap_r1,cancel,1000000,0.086,625
stdmap_r1,cancel,1000000,0.087,625
stdmap_r1,cancel,1000000,0.088,625
stdmap_r1,cancel,1000000,0.089,625
stdmap_r1,cancel,1000000,0.09,625
stdmap_r1,cancel,1000000,0.091,625
stdmap_r1,cancel,1000000,0.092,625
stdmap_r1,cancel,1000000,0.093,625
stdmap_r1,cancel,1000000,0.094,625
stdmap_r1,cancel,1000000,0.095,625
stdmap_r1,cancel,1000000,0.096,625
stdmap_r1,cancel,1000000,0.097,625
stdmap_r1,cancel,1000000,0.098,625
stdmap_r1,cancel,1000000,0.099,625
stdmap_r1,cancel,1000000,0.1,625
stdmap_r1,cancel,1000000,0.101,625
stdmap_r1,cancel,1000000,0.102,625
stdmap_r1,cancel,1000000,0.103,625
stdmap_r1,cancel,1000000,0.104,625
stdmap_r1,cancel,1000000,0.105,625
stdmap_r1,cancel,1000000,0.106,625
stdmap_r1,cancel,1000000,0.107,625
stdmap_r1,cancel,1000000,0.108,625
stdmap_r1,cancel,1000000,0.109,625
stdmap_r1,cancel,1000000,0.11,625
stdmap_r1,cancel,1000000,0.111,625
stdmap_r1,cancel,1000000,0.112,625
stdmap_r1,cancel,1000000,0.113,625
stdmap_r1,cancel,1000000,0.114,625
stdmap_r1,cancel,1000000,0.115,625
stdmap_r1,cancel,1000000,0.116,625
stdmap_r1,cancel,1000000,0.117,625
stdmap_r1,cancel,1000000,0.118,625
stdmap_r1,cancel,1000000,0.119,625
stdmap_r1,cancel,1000000,0.12,625
stdmap_r1,cancel,1000000,0.121,625
stdmap_r1,cancel,1000000,0.122,625
stdmap_r1,cancel,1000000,0.123,625
stdmap_r1,cancel,1000000,0.124,625
stdmap_r1,cancel,1000000,0.125,625
stdmap_r1,cancel,1000000,0.126,625
stdmap_r1,cancel,1000000,0.127,625
stdmap_r1,cancel,1000000,0.128,625
stdmap_r1,cancel,1000000,0.129,625
stdmap_r1,cancel,1000000,0.13,625
stdmap_r1,cancel,1000000,0.131,625
stdmap_r1,cancel,1000000,0.132,625
stdmap_r1,cancel,1000000,0.133,625
stdmap_r1,cancel,1000000,0.134,625
stdmap_r1,cancel,1000000,0.135,625
stdmap_r1,cancel,1000000,0.136,625
stdmap_r1,cancel,1000000,0.137,625
stdmap_r1,cancel,1000000,0.138,625
stdmap_r1,cancel,1000000,0.139,625
stdmap_r1,cancel,1000000,0.14,625
stdmap_r1,cancel,1000000,0.141,625
stdmap_r1,cancel,1000000,0.142,625
stdmap_r1,cancel,1000000,0.143,625
stdmap_r1,cancel,1000000,0.144,625
stdmap_r1,cancel,1000000,0.145,625
stdmap_r1,cancel,1000000,0.146,625
stdmap_r1,cancel,1000000,0.147,625
stdmap_r1,cancel,1000000,0.148,625
stdmap_r1,cancel,1000000,0.149,625
stdmap_r1,cancel,1000000,0.15,625
stdmap_r1,cancel,1000000,0.151,625
stdmap_r1,cancel,1000000,0.152,625
stdmap_r1,cancel,1000000,0.153,625
stdmap_r1,cancel,1000000,0.154,625
stdmap_r1,cancel,1000000,0.155,625
stdmap_r1,cancel,1000000,0.156,625
stdmap_r1,cancel,1000000,0.157,625
stdmap_r1,cancel,1000000,0.158,666
stdmap_r1,cancel,1000000,0.159,666
stdmap_r1,cancel,1000000,0.16,666
stdmap_r1,cancel,1000000,0.161,666
stdmap_r1,cancel,1000000,0.162,666
stdmap_r1,cancel,1000000,0.163,666
stdmap_r1,cancel,1000000,0.164,666
stdmap_r1,cancel,1000000,0.165,666
stdmap_r1,cancel,1000000,0.166,666
stdmap_r1,cancel,1000000,0.167,666
stdmap_r1,cancel,1000000,0.168,666
stdmap_r1,cancel,1000000,0.169,666
stdmap_r1,cancel,1000000,0.17,666
stdmap_r1,cancel,1000000,0.171,666
stdmap_r1,cancel,1000000,0.172,666
stdmap_r1,cancel,1000000,0.173,666
stdmap_r1,cancel,1000000,0.174,666
stdmap_r1,cancel,1000000,0.175,666
stdmap_r1,cancel,1000000,0.176,666
stdmap_r1,cancel,1000000,0.177,666
stdmap_r1,cancel,1000000,0.178,666
stdmap_r1,cancel,1000000,0.179,666
stdmap_r1,cancel,1000000,0.18,666
stdmap_r1,cancel,1000000,0.181,666
stdmap_r1,cancel,1000000,0.182,666
stdmap_r1,cancel,1000000,0.183,666
stdmap_r1,cancel,1000000,0.184,666
stdmap_r1,cancel,1000000,0.185,666
stdmap_r1,cancel,1000000,0.186,666
stdmap_r1,cancel,1000000,0.187,666
stdmap_r1,cancel,1000000,0.188,666
stdmap_r1,cancel,1000000,0.189,666
stdmap_r1,cancel,1000000,0.19,666
stdmap_r1,cancel,1000000,0.191,666
stdmap_r1,cancel,1000000,0.192,666
stdmap_r1,cancel,1000000,0.193,666
stdmap_r1,cancel,1000000,0.194,666
stdmap_r1,cancel,1000000,0.195,666
stdmap_r1,cancel,1000000,0.196,666
stdmap_r1,cancel,1000000,0.197,666
stdmap_r1,cancel,1000000,0.198,666
stdmap_r1,cancel,1000000,0.199,666
stdmap_r1,cancel,1000000,0.2,666
stdmap_r1,cancel,1000000,0.201,666
stdmap_r1,cancel,1000000,0.202,666
stdmap_r1,cancel,1000000,0.203,666
stdmap_r1,cancel,1000000,0.204,666
stdmap_r1,cancel,1000000,0.205,666
stdmap_r1,cancel,1000000,0.206,666
stdmap_r1,cancel,1000000,0.207,666
stdmap_r1,cancel,1000000,0.208,666
stdmap_r1,cancel,1000000,0.209,667
stdmap_r1,cancel,1000000,0.21,667
stdmap_r1,cancel,1000000,0.211,667
stdmap_r1,cancel,1000000,0.212,667
stdmap_r1,cancel,1000000,0.213,667
stdmap_r1,cancel,1000000,0.214,667
stdmap_r1,cancel,1000000,0.215,667
stdmap_r1,cancel,1000000,0.216,667
stdmap_r1,cancel,1000000,0.217,667
stdmap_r1,cancel,1000000,0.218,667
stdmap_r1,cancel,1000000,0.219,667
stdmap_r1,cancel,1000000,0.22,667
stdmap_r1,cancel,1000000,0.221,667
stdmap_r1,cancel,1000000,0.222,667
stdmap_r1,cancel,1000000,0.223,667
stdmap_r1,cancel,1000000,0.224,667
stdmap_r1,cancel,1000000,0.225,667
stdmap_r1,cancel,1000000,0.226,667
stdmap_r1,cancel,1000000,0.227,667
stdmap_r1,cancel,1000000,0.228,667
stdmap_r1,cancel,1000000,0.229,667
stdmap_r1,cancel,1000000,0.23,667
stdmap_r1,cancel,1000000,0.231,667
stdmap_r1,cancel,1000000,0.232,667
stdmap_r1,cancel,1000000,0.233,667
stdmap_r1,cancel,1000000,0.234,667
stdmap_r1,cancel,1000000,0.235,667
stdmap_r1,cancel,1000000,0.236,667
stdmap_r1,cancel,1000000,0.237,667
stdmap_r1,cancel,1000000,0.238,667
stdmap_r1,cancel,1000000,0.239,667
stdmap_r1,cancel,1000000,0.24,667
stdmap_r1,cancel,1000000,0.241,667
stdmap_r1,cancel,1000000,0.242,667
stdmap_r1,cancel,1000000,0.243,667
stdmap_r1,cancel,1000000,0.244,667
stdmap_r1,cancel,1000000,0.245,667
stdmap_r1,cancel,1000000,0.246,667
stdmap_r1,cancel,1000000,0.247,667
stdmap_r1,cancel,1000000,0.248,667
stdmap_r1,cancel,1000000,0.249,667
stdmap_r1,cancel,1000000,0.25,667
stdmap_r1,cancel,1000000,0.251,667
stdmap_r1,cancel,1000000,0.252,667
stdmap_r1,cancel,1000000,0.253,667
stdmap_r1,cancel,1000000,0.254,667
stdmap_r1,cancel,1000000,0.255,667
stdmap_r1,cancel,1000000,0.256,667
stdmap_r1,cancel,1000000,0.257,667
stdmap_r1,cancel,1000000,0.258,667
stdmap_r1,cancel,1000000,0.259,667
stdmap_r1,cancel,1000000,0.26,667
stdmap_r1,cancel,1000000,0.261,667
stdmap_r1,cancel,1000000,0.262,667
stdmap_r1,cancel,1000000,0.263,667
stdmap_r1,cancel,1000000,0.264,667
stdmap_r1,cancel,1000000,0.265,667
stdmap_r1,cancel,1000000,0.266,667
stdmap_r1,cancel,1000000,0.267,667
stdmap_r1,cancel,1000000,0.268,667
stdmap_r1,cancel,1000000,0.269,667
stdmap_r1,cancel,1000000,0.27,667
stdmap_r1,cancel,1000000,0.271,667
stdmap_r1,cancel,1000000,0.272,667
stdmap_r1,cancel,1000000,0.273,667
stdmap_r1,cancel,1000000,0.274,667
stdmap_r1,cancel,1000000,0.275,667
stdmap_r1,cancel,1000000,0.276,667
stdmap_r1,cancel,1000000,0.277,667
stdmap_r1,cancel,1000000,0.278,667
stdmap_r1,cancel,1000000,0.279,667
stdmap_r1,cancel,1000000,0.28,667
stdmap_r1,cancel,1000000,0.281,667
stdmap_r1,cancel,1000000,0.282,667
stdmap_r1,cancel,1000000,0.283,667
stdmap_r1,cancel,1000000,0.284,667
stdmap_r1,cancel,1000000,0.285,667
stdmap_r1,cancel,1000000,0.286,667
stdmap_r1,cancel,1000000,0.287,667
stdmap_r1,cancel,1000000,0.288,667
stdmap_r1,cancel,1000000,0.289,667
stdmap_r1,cancel,1000000,0.29,667
stdmap_r1,cancel,1000000,0.291,667
stdmap_r1,cancel,1000000,0.292,667
stdmap_r1,cancel,1000000,0.293,667
stdmap_r1,cancel,1000000,0.294,667
stdmap_r1,cancel,1000000,0.295,667
stdmap_r1,cancel,1000000,0.296,667
stdmap_r1,cancel,1000000,0.297,667
stdmap_r1,cancel,1000000,0.298,667
stdmap_r1,cancel,1000000,0.299,667
stdmap_r1,cancel,1000000,0.3,667
stdmap_r1,cancel,1000000,0.301,667
stdmap_r1,cancel,1000000,0.302,667
stdmap_r1,cancel,1000000,0.303,667
stdmap_r1,cancel,1000000,0.304,667
stdmap_r1,cancel,1000000,0.305,667
stdmap_r1,cancel,1000000,0.306,667
stdmap_r1,cancel,1000000,0.307,667
stdmap_r1,cancel,1000000,0.308,667
stdmap_r1,cancel,1000000,0.309,667
stdmap_r1,cancel,1000000,0.31,667
stdmap_r1,cancel,1000000,0.311,708
stdmap_r1,cancel,1000000,0.312,708
stdmap_r1,cancel,1000000,0.313,708
stdmap_r1,cancel,1000000,0.314,708
stdmap_r1,cancel,1000000,0.315,708
stdmap_r1,cancel,1000000,0.316,708
stdmap_r1,cancel,1000000,0.317,708
stdmap_r1,cancel,1000000,0.318,708
stdmap_r1,cancel,1000000,0.319,708
stdmap_r1,cancel,1000000,0.32,708
stdmap_r1,cancel,1000000,0.321,708
stdmap_r1,cancel,1000000,0.322,708
stdmap_r1,cancel,1000000,0.323,708
stdmap_r1,cancel,1000000,0.324,708
stdmap_r1,cancel,1000000,0.325,708
stdmap_r1,cancel,1000000,0.326,708
stdmap_r1,cancel,1000000,0.327,708
stdmap_r1,cancel,1000000,0.328,708
stdmap_r1,cancel,1000000,0.329,708
stdmap_r1,cancel,1000000,0.33,708
stdmap_r1,cancel,1000000,0.331,708
stdmap_r1,cancel,1000000,0.332,708
stdmap_r1,cancel,1000000,0.333,708
stdmap_r1,cancel,1000000,0.334,708
stdmap_r1,cancel,1000000,0.335,708
stdmap_r1,cancel,1000000,0.336,708
stdmap_r1,cancel,1000000,0.337,708
stdmap_r1,cancel,1000000,0.338,708
stdmap_r1,cancel,1000000,0.339,708
stdmap_r1,cancel,1000000,0.34,708
stdmap_r1,cancel,1000000,0.341,708
stdmap_r1,cancel,1000000,0.342,708
stdmap_r1,cancel,1000000,0.343,708
stdmap_r1,cancel,1000000,0.344,708
stdmap_r1,cancel,1000000,0.345,708
stdmap_r1,cancel,1000000,0.346,708
stdmap_r1,cancel,1000000,0.347,708
stdmap_r1,cancel,1000000,0.348,708
stdmap_r1,cancel,1000000,0.349,708
stdmap_r1,cancel,1000000,0.35,708
stdmap_r1,cancel,1000000,0.351,708
stdmap_r1,cancel,1000000,0.352,708
stdmap_r1,cancel,1000000,0.353,708
stdmap_r1,cancel,1000000,0.354,708
stdmap_r1,cancel,1000000,0.355,708
stdmap_r1,cancel,1000000,0.356,708
stdmap_r1,cancel,1000000,0.357,708
stdmap_r1,cancel,1000000,0.358,708
stdmap_r1,cancel,1000000,0.359,708
stdmap_r1,cancel,1000000,0.36,708
stdmap_r1,cancel,1000000,0.361,708
stdmap_r1,cancel,1000000,0.362,708
stdmap_r1,cancel,1000000,0.363,708
stdmap_r1,cancel,1000000,0.364,708
stdmap_r1,cancel,1000000,0.365,708
stdmap_r1,cancel,1000000,0.366,708
stdmap_r1,cancel,1000000,0.367,708
stdmap_r1,cancel,1000000,0.368,708
stdmap_r1,cancel,1000000,0.369,708
stdmap_r1,cancel,1000000,0.37,708
stdmap_r1,cancel,1000000,0.371,708
stdmap_r1,cancel,1000000,0.372,708
stdmap_r1,cancel,1000000,0.373,708
stdmap_r1,cancel,1000000,0.374,708
stdmap_r1,cancel,1000000,0.375,708
stdmap_r1,cancel,1000000,0.376,708
stdmap_r1,cancel,1000000,0.377,708
stdmap_r1,cancel,1000000,0.378,708
stdmap_r1,cancel,1000000,0.379,708
stdmap_r1,cancel,1000000,0.38,708
stdmap_r1,cancel,1000000,0.381,708
stdmap_r1,cancel,1000000,0.382,708
stdmap_r1,cancel,1000000,0.383,708
stdmap_r1,cancel,1000000,0.384,708
stdmap_r1,cancel,1000000,0.385,708
stdmap_r1,cancel,1000000,0.386,708
stdmap_r1,cancel,1000000,0.387,708
stdmap_r1,cancel,1000000,0.388,708
stdmap_r1,cancel,1000000,0.389,708
stdmap_r1,cancel,1000000,0.39,708
stdmap_r1,cancel,1000000,0.391,708
stdmap_r1,cancel,1000000,0.392,708
stdmap_r1,cancel,1000000,0.393,708
stdmap_r1,cancel,1000000,0.394,708
stdmap_r1,cancel,1000000,0.395,708
stdmap_r1,cancel,1000000,0.396,708
stdmap_r1,cancel,1000000,0.397,709
stdmap_r1,cancel,1000000,0.398,709
stdmap_r1,cancel,1000000,0.399,709
stdmap_r1,cancel,1000000,0.4,709
stdmap_r1,cancel,1000000,0.401,709
stdmap_r1,cancel,1000000,0.402,709
stdmap_r1,cancel,1000000,0.403,709
stdmap_r1,cancel,1000000,0.404,709
stdmap_r1,cancel,1000000,0.405,709
stdmap_r1,cancel,1000000,0.406,709
stdmap_r1,cancel,1000000,0.407,709
stdmap_r1,cancel,1000000,0.408,709
stdmap_r1,cancel,1000000,0.409,709
stdmap_r1,cancel,1000000,0.41,709
stdmap_r1,cancel,1000000,0.411,709
stdmap_r1,cancel,1000000,0.412,709
stdmap_r1,cancel,1000000,0.413,709
stdmap_r1,cancel,1000000,0.414,709
stdmap_r1,cancel,1000000,0.415,709
stdmap_r1,cancel,1000000,0.416,709
stdmap_r1,cancel,1000000,0.417,709
stdmap_r1,cancel,1000000,0.418,709
stdmap_r1,cancel,1000000,0.419,709
stdmap_r1,cancel,1000000,0.42,709
stdmap_r1,cancel,1000000,0.421,709
stdmap_r1,cancel,1000000,0.422,709
stdmap_r1,cancel,1000000,0.423,709
stdmap_r1,cancel,1000000,0.424,709
stdmap_r1,cancel,1000000,0.425,709
stdmap_r1,cancel,1000000,0.426,709
stdmap_r1,cancel,1000000,0.427,709
stdmap_r1,cancel,1000000,0.428,709
stdmap_r1,cancel,1000000,0.429,709
stdmap_r1,cancel,1000000,0.43,709
stdmap_r1,cancel,1000000,0.431,709
stdmap_r1,cancel,1000000,0.432,709
stdmap_r1,cancel,1000000,0.433,709
stdmap_r1,cancel,1000000,0.434,709
stdmap_r1,cancel,1000000,0.435,709
stdmap_r1,cancel,1000000,0.436,709
stdmap_r1,cancel,1000000,0.437,709
stdmap_r1,cancel,1000000,0.438,709
stdmap_r1,cancel,1000000,0.439,750
stdmap_r1,cancel,1000000,0.44,750
stdmap_r1,cancel,1000000,0.441,750
stdmap_r1,cancel,1000000,0.442,750
stdmap_r1,cancel,1000000,0.443,750
stdmap_r1,cancel,1000000,0.444,750
stdmap_r1,cancel,1000000,0.445,750
stdmap_r1,cancel,1000000,0.446,750
stdmap_r1,cancel,1000000,0.447,750
stdmap_r1,cancel,1000000,0.448,750
stdmap_r1,cancel,1000000,0.449,750
stdmap_r1,cancel,1000000,0.45,750
stdmap_r1,cancel,1000000,0.451,750
stdmap_r1,cancel,1000000,0.452,750
stdmap_r1,cancel,1000000,0.453,750
stdmap_r1,cancel,1000000,0.454,750
stdmap_r1,cancel,1000000,0.455,750
stdmap_r1,cancel,1000000,0.456,750
stdmap_r1,cancel,1000000,0.457,750
stdmap_r1,cancel,1000000,0.458,750
stdmap_r1,cancel,1000000,0.459,750
stdmap_r1,cancel,1000000,0.46,750
stdmap_r1,cancel,1000000,0.461,750
stdmap_r1,cancel,1000000,0.462,750
stdmap_r1,cancel,1000000,0.463,750
stdmap_r1,cancel,1000000,0.464,750
stdmap_r1,cancel,1000000,0.465,750
stdmap_r1,cancel,1000000,0.466,750
stdmap_r1,cancel,1000000,0.467,750
stdmap_r1,cancel,1000000,0.468,750
stdmap_r1,cancel,1000000,0.469,750
stdmap_r1,cancel,1000000,0.47,750
stdmap_r1,cancel,1000000,0.471,750
stdmap_r1,cancel,1000000,0.472,750
stdmap_r1,cancel,1000000,0.473,750
stdmap_r1,cancel,1000000,0.474,750
stdmap_r1,cancel,1000000,0.475,750
stdmap_r1,cancel,1000000,0.476,750
stdmap_r1,cancel,1000000,0.477,750
stdmap_r1,cancel,1000000,0.478,750
stdmap_r1,cancel,1000000,0.479,750
stdmap_r1,cancel,1000000,0.48,750
stdmap_r1,cancel,1000000,0.481,750
stdmap_r1,cancel,1000000,0.482,750
stdmap_r1,cancel,1000000,0.483,750
stdmap_r1,cancel,1000000,0.484,750
stdmap_r1,cancel,1000000,0.485,750
stdmap_r1,cancel,1000000,0.486,750
stdmap_r1,cancel,1000000,0.487,750
stdmap_r1,cancel,1000000,0.488,750
stdmap_r1,cancel,1000000,0.489,750
stdmap_r1,cancel,1000000,0.49,750
stdmap_r1,cancel,1000000,0.491,750
stdmap_r1,cancel,1000000,0.492,750
stdmap_r1,cancel,1000000,0.493,750
stdmap_r1,cancel,1000000,0.494,750
stdmap_r1,cancel,1000000,0.495,750
stdmap_r1,cancel,1000000,0.496,750
stdmap_r1,cancel,1000000,0.497,750
stdmap_r1,cancel,1000000,0.498,750
stdmap_r1,cancel,1000000,0.499,750
stdmap_r1,cancel,1000000,0.5,750
stdmap_r1,cancel,1000000,0.501,750
stdmap_r1,cancel,1000000,0.502,750
stdmap_r1,cancel,1000000,0.503,750
stdmap_r1,cancel,1000000,0.504,750
stdmap_r1,cancel,1000000,0.505,750
stdmap_r1,cancel,1000000,0.506,750
stdmap_r1,cancel,1000000,0.507,750
stdmap_r1,cancel,1000000,0.508,750
stdmap_r1,cancel,1000000,0.509,750
stdmap_r1,cancel,1000000,0.51,750
stdmap_r1,cancel,1000000,0.511,750
stdmap_r1,cancel,1000000,0.512,750
stdmap_r1,cancel,1000000,0.513,750
stdmap_r1,cancel,1000000,0.514,750
stdmap_r1,cancel,1000000,0.515,750
stdmap_r1,cancel,1000000,0.516,750
stdmap_r1,cancel,1000000,0.517,750
stdmap_r1,cancel,1000000,0.518,750
stdmap_r1,cancel,1000000,0.519,750
stdmap_r1,cancel,1000000,0.52,750
stdmap_r1,cancel,1000000,0.521,750
stdmap_r1,cancel,1000000,0.522,750
stdmap_r1,cancel,1000000,0.523,750
stdmap_r1,cancel,1000000,0.524,750
stdmap_r1,cancel,1000000,0.525,750
stdmap_r1,cancel,1000000,0.526,750
stdmap_r1,cancel,1000000,0.527,750
stdmap_r1,cancel,1000000,0.528,750
stdmap_r1,cancel,1000000,0.529,750
stdmap_r1,cancel,1000000,0.53,750
stdmap_r1,cancel,1000000,0.531,750
stdmap_r1,cancel,1000000,0.532,750
stdmap_r1,cancel,1000000,0.533,750
stdmap_r1,cancel,1000000,0.534,750
stdmap_r1,cancel,1000000,0.535,750
stdmap_r1,cancel,1000000,0.536,750
stdmap_r1,cancel,1000000,0.537,750
stdmap_r1,cancel,1000000,0.538,750
stdmap_r1,cancel,1000000,0.539,750
stdmap_r1,cancel,1000000,0.54,750
stdmap_r1,cancel,1000000,0.541,750
stdmap_r1,cancel,1000000,0.542,750
stdmap_r1,cancel,1000000,0.543,750
stdmap_r1,cancel,1000000,0.544,791
stdmap_r1,cancel,1000000,0.545,791
stdmap_r1,cancel,1000000,0.546,791
stdmap_r1,cancel,1000000,0.547,791
stdmap_r1,cancel,1000000,0.548,791
stdmap_r1,cancel,1000000,0.549,791
stdmap_r1,cancel,1000000,0.55,791
stdmap_r1,cancel,1000000,0.551,791
stdmap_r1,cancel,1000000,0.552,791
stdmap_r1,cancel,1000000,0.553,791
stdmap_r1,cancel,1000000,0.554,791
stdmap_r1,cancel,1000000,0.555,791
stdmap_r1,cancel,1000000,0.556,791
stdmap_r1,cancel,1000000,0.557,791
stdmap_r1,cancel,1000000,0.558,791
stdmap_r1,cancel,1000000,0.559,791
stdmap_r1,cancel,1000000,0.56,791
stdmap_r1,cancel,1000000,0.561,791
stdmap_r1,cancel,1000000,0.562,791
stdmap_r1,cancel,1000000,0.563,791
stdmap_r1,cancel,1000000,0.564,791
stdmap_r1,cancel,1000000,0.565,791
stdmap_r1,cancel,1000000,0.566,791
stdmap_r1,cancel,1000000,0.567,791
stdmap_r1,cancel,1000000,0.568,791
stdmap_r1,cancel,1000000,0.569,791
stdmap_r1,cancel,1000000,0.57,791
stdmap_r1,cancel,1000000,0.571,791
stdmap_r1,cancel,1000000,0.572,791
stdmap_r1,cancel,1000000,0.573,791
stdmap_r1,cancel,1000000,0.574,791
stdmap_r1,cancel,1000000,0.575,791
stdmap_r1,cancel,1000000,0.576,791
stdmap_r1,cancel,1000000,0.577,791
stdmap_r1,cancel,1000000,0.578,791
stdmap_r1,cancel,1000000,0.579,792
stdmap_r1,cancel,1000000,0.58,792
stdmap_r1,cancel,1000000,0.581,792
stdmap_r1,cancel,1000000,0.582,792
stdmap_r1,cancel,1000000,0.583,792
stdmap_r1,cancel,1000000,0.584,792
stdmap_r1,cancel,1000000,0.585,792
stdmap_r1,cancel,1000000,0.586,792
stdmap_r1,cancel,1000000,0.587,792
stdmap_r1,cancel,1000000,0.588,792
stdmap_r1,cancel,1000000,0.589,792
stdmap_r1,cancel,1000000,0.59,792
stdmap_r1,cancel,1000000,0.591,792
stdmap_r1,cancel,1000000,0.592,792
stdmap_r1,cancel,1000000,0.593,792
stdmap_r1,cancel,1000000,0.594,792
stdmap_r1,cancel,1000000,0.595,792
stdmap_r1,cancel,1000000,0.596,792
stdmap_r1,cancel,1000000,0.597,792
stdmap_r1,cancel,1000000,0.598,792
stdmap_r1,cancel,1000000,0.599,792
stdmap_r1,cancel,1000000,0.6,792
stdmap_r1,cancel,1000000,0.601,792
stdmap_r1,cancel,1000000,0.602,792
stdmap_r1,cancel,1000000,0.603,792
stdmap_r1,cancel,1000000,0.604,792
stdmap_r1,cancel,1000000,0.605,792
stdmap_r1,cancel,1000000,0.606,792
stdmap_r1,cancel,1000000,0.607,792
stdmap_r1,cancel,1000000,0.608,792
stdmap_r1,cancel,1000000,0.609,792
stdmap_r1,cancel,1000000,0.61,792
stdmap_r1,cancel,1000000,0.611,792
stdmap_r1,cancel,1000000,0.612,792
stdmap_r1,cancel,1000000,0.613,792
stdmap_r1,cancel,1000000,0.614,792
stdmap_r1,cancel,1000000,0.615,792
stdmap_r1,cancel,1000000,0.616,792
stdmap_r1,cancel,1000000,0.617,792
stdmap_r1,cancel,1000000,0.618,792
stdmap_r1,cancel,1000000,0.619,792
stdmap_r1,cancel,1000000,0.62,792
stdmap_r1,cancel,1000000,0.621,792
stdmap_r1,cancel,1000000,0.622,792
stdmap_r1,cancel,1000000,0.623,792
stdmap_r1,cancel,1000000,0.624,792
stdmap_r1,cancel,1000000,0.625,792
stdmap_r1,cancel,1000000,0.626,792
stdmap_r1,cancel,1000000,0.627,792
stdmap_r1,cancel,1000000,0.628,792
stdmap_r1,cancel,1000000,0.629,792
stdmap_r1,cancel,1000000,0.63,792
stdmap_r1,cancel,1000000,0.631,792
stdmap_r1,cancel,1000000,0.632,792
stdmap_r1,cancel,1000000,0.633,792
stdmap_r1,cancel,1000000,0.634,792
stdmap_r1,cancel,1000000,0.635,792
stdmap_r1,cancel,1000000,0.636,792
stdmap_r1,cancel,1000000,0.637,792
stdmap_r1,cancel,1000000,0.638,792
stdmap_r1,cancel,1000000,0.639,792
stdmap_r1,cancel,1000000,0.64,792
stdmap_r1,cancel,1000000,0.641,792
stdmap_r1,cancel,1000000,0.642,792
stdmap_r1,cancel,1000000,0.643,792
stdmap_r1,cancel,1000000,0.644,792
stdmap_r1,cancel,1000000,0.645,792
stdmap_r1,cancel,1000000,0.646,792
stdmap_r1,cancel,1000000,0.647,792
stdmap_r1,cancel,1000000,0.648,792
stdmap_r1,cancel,1000000,0.649,792
stdmap_r1,cancel,1000000,0.65,833
stdmap_r1,cancel,1000000,0.651,833
stdmap_r1,cancel,1000000,0.652,833
stdmap_r1,cancel,1000000,0.653,833
stdmap_r1,cancel,1000000,0.654,833
stdmap_r1,cancel,1000000,0.655,833
stdmap_r1,cancel,1000000,0.656,833
stdmap_r1,cancel,1000000,0.657,833
stdmap_r1,cancel,1000000,0.658,833
stdmap_r1,cancel,1000000,0.659,833
stdmap_r1,cancel,1000000,0.66,833
stdmap_r1,cancel,1000000,0.661,833
stdmap_r1,cancel,1000000,0.662,833
stdmap_r1,cancel,1000000,0.663,833
stdmap_r1,cancel,1000000,0.664,833
stdmap_r1,cancel,1000000,0.665,833
stdmap_r1,cancel,1000000,0.666,833
stdmap_r1,cancel,1000000,0.667,833
stdmap_r1,cancel,1000000,0.668,833
stdmap_r1,cancel,1000000,0.669,833
stdmap_r1,cancel,1000000,0.67,833
stdmap_r1,cancel,1000000,0.671,833
stdmap_r1,cancel,1000000,0.672,833
stdmap_r1,cancel,1000000,0.673,833
stdmap_r1,cancel,1000000,0.674,833
stdmap_r1,cancel,1000000,0.675,833
stdmap_r1,cancel,1000000,0.676,833
stdmap_r1,cancel,1000000,0.677,833
stdmap_r1,cancel,1000000,0.678,833
stdmap_r1,cancel,1000000,0.679,833
stdmap_r1,cancel,1000000,0.68,833
stdmap_r1,cancel,1000000,0.681,833
stdmap_r1,cancel,1000000,0.682,833
stdmap_r1,cancel,1000000,0.683,833
stdmap_r1,cancel,1000000,0.684,833
stdmap_r1,cancel,1000000,0.685,833
stdmap_r1,cancel,1000000,0.686,833
stdmap_r1,cancel,1000000,0.687,833
stdmap_r1,cancel,1000000,0.688,833
stdmap_r1,cancel,1000000,0.689,833
stdmap_r1,cancel,1000000,0.69,833
stdmap_r1,cancel,1000000,0.691,833
stdmap_r1,cancel,1000000,0.692,833
stdmap_r1,cancel,1000000,0.693,833
stdmap_r1,cancel,1000000,0.694,833
stdmap_r1,cancel,1000000,0.695,833
stdmap_r1,cancel,1000000,0.696,833
stdmap_r1,cancel,1000000,0.697,833
stdmap_r1,cancel,1000000,0.698,833
stdmap_r1,cancel,1000000,0.699,833
stdmap_r1,cancel,1000000,0.7,833
stdmap_r1,cancel,1000000,0.701,833
stdmap_r1,cancel,1000000,0.702,833
stdmap_r1,cancel,1000000,0.703,833
stdmap_r1,cancel,1000000,0.704,834
stdmap_r1,cancel,1000000,0.705,834
stdmap_r1,cancel,1000000,0.706,834
stdmap_r1,cancel,1000000,0.707,834
stdmap_r1,cancel,1000000,0.708,834
stdmap_r1,cancel,1000000,0.709,834
stdmap_r1,cancel,1000000,0.71,834
stdmap_r1,cancel,1000000,0.711,834
stdmap_r1,cancel,1000000,0.712,834
stdmap_r1,cancel,1000000,0.713,834
stdmap_r1,cancel,1000000,0.714,834
stdmap_r1,cancel,1000000,0.715,834
stdmap_r1,cancel,1000000,0.716,834
stdmap_r1,cancel,1000000,0.717,834
stdmap_r1,cancel,1000000,0.718,834
stdmap_r1,cancel,1000000,0.719,834
stdmap_r1,cancel,1000000,0.72,834
stdmap_r1,cancel,1000000,0.721,834
stdmap_r1,cancel,1000000,0.722,834
stdmap_r1,cancel,1000000,0.723,834
stdmap_r1,cancel,1000000,0.724,834
stdmap_r1,cancel,1000000,0.725,834
stdmap_r1,cancel,1000000,0.726,834
stdmap_r1,cancel,1000000,0.727,834
stdmap_r1,cancel,1000000,0.728,834
stdmap_r1,cancel,1000000,0.729,834
stdmap_r1,cancel,1000000,0.73,834
stdmap_r1,cancel,1000000,0.731,834
stdmap_r1,cancel,1000000,0.732,875
stdmap_r1,cancel,1000000,0.733,875
stdmap_r1,cancel,1000000,0.734,875
stdmap_r1,cancel,1000000,0.735,875
stdmap_r1,cancel,1000000,0.736,875
stdmap_r1,cancel,1000000,0.737,875
stdmap_r1,cancel,1000000,0.738,875
stdmap_r1,cancel,1000000,0.739,875
stdmap_r1,cancel,1000000,0.74,875
stdmap_r1,cancel,1000000,0.741,875
stdmap_r1,cancel,1000000,0.742,875
stdmap_r1,cancel,1000000,0.743,875
stdmap_r1,cancel,1000000,0.744,875
stdmap_r1,cancel,1000000,0.745,875
stdmap_r1,cancel,1000000,0.746,875
stdmap_r1,cancel,1000000,0.747,875
stdmap_r1,cancel,1000000,0.748,875
stdmap_r1,cancel,1000000,0.749,875
stdmap_r1,cancel,1000000,0.75,875
stdmap_r1,cancel,1000000,0.751,875
stdmap_r1,cancel,1000000,0.752,875
stdmap_r1,cancel,1000000,0.753,875
stdmap_r1,cancel,1000000,0.754,875
stdmap_r1,cancel,1000000,0.755,875
stdmap_r1,cancel,1000000,0.756,875
stdmap_r1,cancel,1000000,0.757,875
stdmap_r1,cancel,1000000,0.758,875
stdmap_r1,cancel,1000000,0.759,875
stdmap_r1,cancel,1000000,0.76,875
stdmap_r1,cancel,1000000,0.761,875
stdmap_r1,cancel,1000000,0.762,875
stdmap_r1,cancel,1000000,0.763,875
stdmap_r1,cancel,1000000,0.764,875
stdmap_r1,cancel,1000000,0.765,875
stdmap_r1,cancel,1000000,0.766,875
stdmap_r1,cancel,1000000,0.767,875
stdmap_r1,cancel,1000000,0.768,875
stdmap_r1,cancel,1000000,0.769,875
stdmap_r1,cancel,1000000,0.77,875
stdmap_r1,cancel,1000000,0.771,875
stdmap_r1,cancel,1000000,0.772,875
stdmap_r1,cancel,1000000,0.773,875
stdmap_r1,cancel,1000000,0.774,875
stdmap_r1,cancel,1000000,0.775,875
stdmap_r1,cancel,1000000,0.776,875
stdmap_r1,cancel,1000000,0.777,875
stdmap_r1,cancel,1000000,0.778,875
stdmap_r1,cancel,1000000,0.779,875
stdmap_r1,cancel,1000000,0.78,875
stdmap_r1,cancel,1000000,0.781,875
stdmap_r1,cancel,1000000,0.782,875
stdmap_r1,cancel,1000000,0.783,875
stdmap_r1,cancel,1000000,0.784,875
stdmap_r1,cancel,1000000,0.785,875
stdmap_r1,cancel,1000000,0.786,875
stdmap_r1,cancel,1000000,0.787,875
stdmap_r1,cancel,1000000,0.788,875
stdmap_r1,cancel,1000000,0.789,875
stdmap_r1,cancel,1000000,0.79,916
stdmap_r1,cancel,1000000,0.791,916
stdmap_r1,cancel,1000000,0.792,916
stdmap_r1,cancel,1000000,0.793,916
stdmap_r1,cancel,1000000,0.794,916
stdmap_r1,cancel,1000000,0.795,916
stdmap_r1,cancel,1000000,0.796,916
stdmap_r1,cancel,1000000,0.797,916
stdmap_r1,cancel,1000000,0.798,916
stdmap_r1,cancel,1000000,0.799,916
stdmap_r1,cancel,1000000,0.8,916
stdmap_r1,cancel,1000000,0.801,916
stdmap_r1,cancel,1000000,0.802,916
stdmap_r1,cancel,1000000,0.803,916
stdmap_r1,cancel,1000000,0.804,916
stdmap_r1,cancel,1000000,0.805,917
stdmap_r1,cancel,1000000,0.806,917
stdmap_r1,cancel,1000000,0.807,917
stdmap_r1,cancel,1000000,0.808,917
stdmap_r1,cancel,1000000,0.809,917
stdmap_r1,cancel,1000000,0.81,917
stdmap_r1,cancel,1000000,0.811,917
stdmap_r1,cancel,1000000,0.812,917
stdmap_r1,cancel,1000000,0.813,917
stdmap_r1,cancel,1000000,0.814,917
stdmap_r1,cancel,1000000,0.815,917
stdmap_r1,cancel,1000000,0.816,917
stdmap_r1,cancel,1000000,0.817,917
stdmap_r1,cancel,1000000,0.818,917
stdmap_r1,cancel,1000000,0.819,917
stdmap_r1,cancel,1000000,0.82,917
stdmap_r1,cancel,1000000,0.821,917
stdmap_r1,cancel,1000000,0.822,917
stdmap_r1,cancel,1000000,0.823,917
stdmap_r1,cancel,1000000,0.824,917
stdmap_r1,cancel,1000000,0.825,917
stdmap_r1,cancel,1000000,0.826,917
stdmap_r1,cancel,1000000,0.827,917
stdmap_r1,cancel,1000000,0.828,917
stdmap_r1,cancel,1000000,0.829,917
stdmap_r1,cancel,1000000,0.83,917
stdmap_r1,cancel,1000000,0.831,917
stdmap_r1,cancel,1000000,0.832,917
stdmap_r1,cancel,1000000,0.833,917
stdmap_r1,cancel,1000000,0.834,917
stdmap_r1,cancel,1000000,0.835,958
stdmap_r1,cancel,1000000,0.836,958
stdmap_r1,cancel,1000000,0.837,958
stdmap_r1,cancel,1000000,0.838,958
stdmap_r1,cancel,1000000,0.839,958
stdmap_r1,cancel,1000000,0.84,958
stdmap_r1,cancel,1000000,0.841,958
stdmap_r1,cancel,1000000,0.842,958
stdmap_r1,cancel,1000000,0.843,958
stdmap_r1,cancel,1000000,0.844,958
stdmap_r1,cancel,1000000,0.845,958
stdmap_r1,cancel,1000000,0.846,958
stdmap_r1,cancel,1000000,0.847,958
stdmap_r1,cancel,1000000,0.848,958
stdmap_r1,cancel,1000000,0.849,958
stdmap_r1,cancel,1000000,0.85,958
stdmap_r1,cancel,1000000,0.851,958
stdmap_r1,cancel,1000000,0.852,958
stdmap_r1,cancel,1000000,0.853,958
stdmap_r1,cancel,1000000,0.854,958
stdmap_r1,cancel,1000000,0.855,958
stdmap_r1,cancel,1000000,0.856,958
stdmap_r1,cancel,1000000,0.857,959
stdmap_r1,cancel,1000000,0.858,959
stdmap_r1,cancel,1000000,0.859,959
stdmap_r1,cancel,1000000,0.86,959
stdmap_r1,cancel,1000000,0.861,959
stdmap_r1,cancel,1000000,0.862,959
stdmap_r1,cancel,1000000,0.863,959
stdmap_r1,cancel,1000000,0.864,959
stdmap_r1,cancel,1000000,0.865,959
stdmap_r1,cancel,1000000,0.866,959
stdmap_r1,cancel,1000000,0.867,959
stdmap_r1,cancel,1000000,0.868,1000
stdmap_r1,cancel,1000000,0.869,1000
stdmap_r1,cancel,1000000,0.87,1000
stdmap_r1,cancel,1000000,0.871,1000
stdmap_r1,cancel,1000000,0.872,1000
stdmap_r1,cancel,1000000,0.873,1000
stdmap_r1,cancel,1000000,0.874,1000
stdmap_r1,cancel,1000000,0.875,1000
stdmap_r1,cancel,1000000,0.876,1000
stdmap_r1,cancel,1000000,0.877,1000
stdmap_r1,cancel,1000000,0.878,1000
stdmap_r1,cancel,1000000,0.879,1000
stdmap_r1,cancel,1000000,0.88,1000
stdmap_r1,cancel,1000000,0.881,1000
stdmap_r1,cancel,1000000,0.882,1000
stdmap_r1,cancel,1000000,0.883,1000
stdmap_r1,cancel,1000000,0.884,1000
stdmap_r1,cancel,1000000,0.885,1000
stdmap_r1,cancel,1000000,0.886,1000
stdmap_r1,cancel,1000000,0.887,1000
stdmap_r1,cancel,1000000,0.888,1000
stdmap_r1,cancel,1000000,0.889,1000
stdmap_r1,cancel,1000000,0.89,1000
stdmap_r1,cancel,1000000,0.891,1000
stdmap_r1,cancel,1000000,0.892,1000
stdmap_r1,cancel,1000000,0.893,1041
stdmap_r1,cancel,1000000,0.894,1041
stdmap_r1,cancel,1000000,0.895,1041
stdmap_r1,cancel,1000000,0.896,1041
stdmap_r1,cancel,1000000,0.897,1041
stdmap_r1,cancel,1000000,0.898,1041
stdmap_r1,cancel,1000000,0.899,1041
stdmap_r1,cancel,1000000,0.9,1042
stdmap_r1,cancel,1000000,0.901,1042
stdmap_r1,cancel,1000000,0.902,1042
stdmap_r1,cancel,1000000,0.903,1042
stdmap_r1,cancel,1000000,0.904,1042
stdmap_r1,cancel,1000000,0.905,1042
stdmap_r1,cancel,1000000,0.906,1042
stdmap_r1,cancel,1000000,0.907,1042
stdmap_r1,cancel,1000000,0.908,1042
stdmap_r1,cancel,1000000,0.909,1042
stdmap_r1,cancel,1000000,0.91,1042
stdmap_r1,cancel,1000000,0.911,1042
stdmap_r1,cancel,1000000,0.912,1042
stdmap_r1,cancel,1000000,0.913,1042
stdmap_r1,cancel,1000000,0.914,1083
stdmap_r1,cancel,1000000,0.915,1083
stdmap_r1,cancel,1000000,0.916,1083
stdmap_r1,cancel,1000000,0.917,1083
stdmap_r1,cancel,1000000,0.918,1083
stdmap_r1,cancel,1000000,0.919,1083
stdmap_r1,cancel,1000000,0.92,1083
stdmap_r1,cancel,1000000,0.921,1083
stdmap_r1,cancel,1000000,0.922,1083
stdmap_r1,cancel,1000000,0.923,1083
stdmap_r1,cancel,1000000,0.924,1084
stdmap_r1,cancel,1000000,0.925,1084
stdmap_r1,cancel,1000000,0.926,1084
stdmap_r1,cancel,1000000,0.927,1084
stdmap_r1,cancel,1000000,0.928,1084
stdmap_r1,cancel,1000000,0.929,1125
stdmap_r1,cancel,1000000,0.93,1125
stdmap_r1,cancel,1000000,0.931,1125
stdmap_r1,cancel,1000000,0.932,1125
stdmap_r1,cancel,1000000,0.933,1125
stdmap_r1,cancel,1000000,0.934,1125
stdmap_r1,cancel,1000000,0.935,1125
stdmap_r1,cancel,1000000,0.936,1125
stdmap_r1,cancel,1000000,0.937,1125
stdmap_r1,cancel,1000000,0.938,1125
stdmap_r1,cancel,1000000,0.939,1125
stdmap_r1,cancel,1000000,0.94,1125
stdmap_r1,cancel,1000000,0.941,1166
stdmap_r1,cancel,1000000,0.942,1166
stdmap_r1,cancel,1000000,0.943,1166
stdmap_r1,cancel,1000000,0.944,1167
stdmap_r1,cancel,1000000,0.945,1167
stdmap_r1,cancel,1000000,0.946,1167
stdmap_r1,cancel,1000000,0.947,1167
stdmap_r1,cancel,1000000,0.948,1167
stdmap_r1,cancel,1000000,0.949,1167
stdmap_r1,cancel,1000000,0.95,1208
stdmap_r1,cancel,1000000,0.951,1208
stdmap_r1,cancel,1000000,0.952,1208
stdmap_r1,cancel,1000000,0.953,1208
stdmap_r1,cancel,1000000,0.954,1208
stdmap_r1,cancel,1000000,0.955,1209
stdmap_r1,cancel,1000000,0.956,1209
stdmap_r1,cancel,1000000,0.957,1250
stdmap_r1,cancel,1000000,0.958,1250
stdmap_r1,cancel,1000000,0.959,1250
stdmap_r1,cancel,1000000,0.96,1250
stdmap_r1,cancel,1000000,0.961,1250
stdmap_r1,cancel,1000000,0.962,1250
stdmap_r1,cancel,1000000,0.963,1291
stdmap_r1,cancel,1000000,0.964,1291
stdmap_r1,cancel,1000000,0.965,1292
stdmap_r1,cancel,1000000,0.966,1292
stdmap_r1,cancel,1000000,0.967,1333
stdmap_r1,cancel,1000000,0.968,1333
stdmap_r1,cancel,1000000,0.969,1333
stdmap_r1,cancel,1000000,0.97,1334
stdmap_r1,cancel,1000000,0.971,1375
stdmap_r1,cancel,1000000,0.972,1375
stdmap_r1,cancel,1000000,0.973,1375
stdmap_r1,cancel,1000000,0.974,1416
stdmap_r1,cancel,1000000,0.975,1417
stdmap_r1,cancel,1000000,0.976,1417
stdmap_r1,cancel,1000000,0.977,1458
stdmap_r1,cancel,1000000,0.978,1459
stdmap_r1,cancel,1000000,0.979,1500
stdmap_r1,cancel,1000000,0.98,1500
stdmap_r1,cancel,1000000,0.981,1542
stdmap_r1,cancel,1000000,0.982,1583
stdmap_r1,cancel,1000000,0.983,1584
stdmap_r1,cancel,1000000,0.984,1625
stdmap_r1,cancel,1000000,0.985,1667
stdmap_r1,cancel,1000000,0.986,1708
stdmap_r1,cancel,1000000,0.987,1750
stdmap_r1,cancel,1000000,0.988,1792
stdmap_r1,cancel,1000000,0.989,1834
stdmap_r1,cancel,1000000,0.99,1917
stdmap_r1,cancel,1000000,0.991,2000
stdmap_r1,cancel,1000000,0.992,2125
stdmap_r1,cancel,1000000,0.993,2292
stdmap_r1,cancel,1000000,0.994,2542
stdmap_r1,cancel,1000000,0.995,3333
stdmap_r1,cancel,1000000,0.996,7875
stdmap_r1,cancel,1000000,0.997,14583
stdmap_r1,cancel,1000000,0.998,60708
stdmap_r1,cancel,1000000,0.999,1327625
stdmap_r1,match,1000000,0,41
stdmap_r1,match,1000000,0.001,83
stdmap_r1,match,1000000,0.002,83
stdmap_r1,match,1000000,0.003,83
stdmap_r1,match,1000000,0.004,83
stdmap_r1,match,1000000,0.005,83
stdmap_r1,match,1000000,0.006,83
stdmap_r1,match,1000000,0.007,83
stdmap_r1,match,1000000,0.008,83
stdmap_r1,match,1000000,0.009,83
stdmap_r1,match,1000000,0.01,83
stdmap_r1,match,1000000,0.011,83
stdmap_r1,match,1000000,0.012,83
stdmap_r1,match,1000000,0.013,83
stdmap_r1,match,1000000,0.014,83
stdmap_r1,match,1000000,0.015,83
stdmap_r1,match,1000000,0.016,83
stdmap_r1,match,1000000,0.017,83
stdmap_r1,match,1000000,0.018,83
stdmap_r1,match,1000000,0.019,83
stdmap_r1,match,1000000,0.02,83
stdmap_r1,match,1000000,0.021,83
stdmap_r1,match,1000000,0.022,83
stdmap_r1,match,1000000,0.023,83
stdmap_r1,match,1000000,0.024,83
stdmap_r1,match,1000000,0.025,83
stdmap_r1,match,1000000,0.026,83
stdmap_r1,match,1000000,0.027,83
stdmap_r1,match,1000000,0.028,83
stdmap_r1,match,1000000,0.029,83
stdmap_r1,match,1000000,0.03,83
stdmap_r1,match,1000000,0.031,83
stdmap_r1,match,1000000,0.032,83
stdmap_r1,match,1000000,0.033,83
stdmap_r1,match,1000000,0.034,83
stdmap_r1,match,1000000,0.035,83
stdmap_r1,match,1000000,0.036,83
stdmap_r1,match,1000000,0.037,83
stdmap_r1,match,1000000,0.038,83
stdmap_r1,match,1000000,0.039,83
stdmap_r1,match,1000000,0.04,83
stdmap_r1,match,1000000,0.041,83
stdmap_r1,match,1000000,0.042,83
stdmap_r1,match,1000000,0.043,83
stdmap_r1,match,1000000,0.044,83
stdmap_r1,match,1000000,0.045,84
stdmap_r1,match,1000000,0.046,84
stdmap_r1,match,1000000,0.047,84
stdmap_r1,match,1000000,0.048,84
stdmap_r1,match,1000000,0.049,84
stdmap_r1,match,1000000,0.05,84
stdmap_r1,match,1000000,0.051,84
stdmap_r1,match,1000000,0.052,84
stdmap_r1,match,1000000,0.053,84
stdmap_r1,match,1000000,0.054,84
stdmap_r1,match,1000000,0.055,84
stdmap_r1,match,1000000,0.056,84
stdmap_r1,match,1000000,0.057,84
stdmap_r1,match,1000000,0.058,84
stdmap_r1,match,1000000,0.059,84
stdmap_r1,match,1000000,0.06,84
stdmap_r1,match,1000000,0.061,84
stdmap_r1,match,1000000,0.062,84
stdmap_r1,match,1000000,0.063,84
stdmap_r1,match,1000000,0.064,84
stdmap_r1,match,1000000,0.065,84
stdmap_r1,match,1000000,0.066,125
stdmap_r1,match,1000000,0.067,125
stdmap_r1,match,1000000,0.068,125
stdmap_r1,match,1000000,0.069,125
stdmap_r1,match,1000000,0.07,125
stdmap_r1,match,1000000,0.071,125
stdmap_r1,match,1000000,0.072,125
stdmap_r1,match,1000000,0.073,125
stdmap_r1,match,1000000,0.074,125
stdmap_r1,match,1000000,0.075,125
stdmap_r1,match,1000000,0.076,125
stdmap_r1,match,1000000,0.077,125
stdmap_r1,match,1000000,0.078,125
stdmap_r1,match,1000000,0.079,125
stdmap_r1,match,1000000,0.08,125
stdmap_r1,match,1000000,0.081,125
stdmap_r1,match,1000000,0.082,125
stdmap_r1,match,1000000,0.083,125
stdmap_r1,match,1000000,0.084,125
stdmap_r1,match,1000000,0.085,125
stdmap_r1,match,1000000,0.086,125
stdmap_r1,match,1000000,0.087,125
stdmap_r1,match,1000000,0.088,125
stdmap_r1,match,1000000,0.089,125
stdmap_r1,match,1000000,0.09,125
stdmap_r1,match,1000000,0.091,125
stdmap_r1,match,1000000,0.092,125
stdmap_r1,match,1000000,0.093,125
stdmap_r1,match,1000000,0.094,125
stdmap_r1,match,1000000,0.095,125
stdmap_r1,match,1000000,0.096,125
stdmap_r1,match,1000000,0.097,125
stdmap_r1,match,1000000,0.098,125
stdmap_r1,match,1000000,0.099,125
stdmap_r1,match,1000000,0.1,125
stdmap_r1,match,1000000,0.101,125
stdmap_r1,match,1000000,0.102,125
stdmap_r1,match,1000000,0.103,125
stdmap_r1,match,1000000,0.104,125
stdmap_r1,match,1000000,0.105,125
stdmap_r1,match,1000000,0.106,125
stdmap_r1,match,1000000,0.107,125
stdmap_r1,match,1000000,0.108,125
stdmap_r1,match,1000000,0.109,125
stdmap_r1,match,1000000,0.11,125
stdmap_r1,match,1000000,0.111,125
stdmap_r1,match,1000000,0.112,125
stdmap_r1,match,1000000,0.113,125
stdmap_r1,match,1000000,0.114,125
stdmap_r1,match,1000000,0.115,125
stdmap_r1,match,1000000,0.116,125
stdmap_r1,match,1000000,0.117,125
stdmap_r1,match,1000000,0.118,125
stdmap_r1,match,1000000,0.119,125
stdmap_r1,match,1000000,0.12,125
stdmap_r1,match,1000000,0.121,125
stdmap_r1,match,1000000,0.122,125
stdmap_r1,match,1000000,0.123,125
stdmap_r1,match,1000000,0.124,125
stdmap_r1,match,1000000,0.125,125
stdmap_r1,match,1000000,0.126,125
stdmap_r1,match,1000000,0.127,125
stdmap_r1,match,1000000,0.128,125
stdmap_r1,match,1000000,0.129,125
stdmap_r1,match,1000000,0.13,125
stdmap_r1,match,1000000,0.131,125
stdmap_r1,match,1000000,0.132,125
stdmap_r1,match,1000000,0.133,125
stdmap_r1,match,1000000,0.134,125
stdmap_r1,match,1000000,0.135,125
stdmap_r1,match,1000000,0.136,125
stdmap_r1,match,1000000,0.137,125
stdmap_r1,match,1000000,0.138,125
stdmap_r1,match,1000000,0.139,125
stdmap_r1,match,1000000,0.14,125
stdmap_r1,match,1000000,0.141,125
stdmap_r1,match,1000000,0.142,125
stdmap_r1,match,1000000,0.143,125
stdmap_r1,match,1000000,0.144,125
stdmap_r1,match,1000000,0.145,125
stdmap_r1,match,1000000,0.146,125
stdmap_r1,match,1000000,0.147,125
stdmap_r1,match,1000000,0.148,125
stdmap_r1,match,1000000,0.149,125
stdmap_r1,match,1000000,0.15,125
stdmap_r1,match,1000000,0.151,125
stdmap_r1,match,1000000,0.152,125
stdmap_r1,match,1000000,0.153,166
stdmap_r1,match,1000000,0.154,166
stdmap_r1,match,1000000,0.155,166
stdmap_r1,match,1000000,0.156,166
stdmap_r1,match,1000000,0.157,166
stdmap_r1,match,1000000,0.158,166
stdmap_r1,match,1000000,0.159,166
stdmap_r1,match,1000000,0.16,166
stdmap_r1,match,1000000,0.161,166
stdmap_r1,match,1000000,0.162,166
stdmap_r1,match,1000000,0.163,166
stdmap_r1,match,1000000,0.164,166
stdmap_r1,match,1000000,0.165,166
stdmap_r1,match,1000000,0.166,166
stdmap_r1,match,1000000,0.167,167
stdmap_r1,match,1000000,0.168,167
stdmap_r1,match,1000000,0.169,167
stdmap_r1,match,1000000,0.17,167
stdmap_r1,match,1000000,0.171,167
stdmap_r1,match,1000000,0.172,167
stdmap_r1,match,1000000,0.173,167
stdmap_r1,match,1000000,0.174,167
stdmap_r1,match,1000000,0.175,167
stdmap_r1,match,1000000,0.176,167
stdmap_r1,match,1000000,0.177,167
stdmap_r1,match,1000000,0.178,167
stdmap_r1,match,1000000,0.179,167
stdmap_r1,match,1000000,0.18,167
stdmap_r1,match,1000000,0.181,167
stdmap_r1,match,1000000,0.182,167
stdmap_r1,match,1000000,0.183,167
stdmap_r1,match,1000000,0.184,167
stdmap_r1,match,1000000,0.185,167
stdmap_r1,match,1000000,0.186,167
stdmap_r1,match,1000000,0.187,167
stdmap_r1,match,1000000,0.188,167
stdmap_r1,match,1000000,0.189,167
stdmap_r1,match,1000000,0.19,167
stdmap_r1,match,1000000,0.191,167
stdmap_r1,match,1000000,0.192,167
stdmap_r1,match,1000000,0.193,167
stdmap_r1,match,1000000,0.194,208
stdmap_r1,match,1000000,0.195,208
stdmap_r1,match,1000000,0.196,208
stdmap_r1,match,1000000,0.197,208
stdmap_r1,match,1000000,0.198,208
stdmap_r1,match,1000000,0.199,208
stdmap_r1,match,1000000,0.2,208
stdmap_r1,match,1000000,0.201,208
stdmap_r1,match,1000000,0.202,208
stdmap_r1,match,1000000,0.203,208
stdmap_r1,match,1000000,0.204,208
stdmap_r1,match,1000000,0.205,208
stdmap_r1,match,1000000,0.206,208
stdmap_r1,match,1000000,0.207,208
stdmap_r1,match,1000000,0.208,208
stdmap_r1,match,1000000,0.209,208
stdmap_r1,match,1000000,0.21,208
stdmap_r1,match,1000000,0.211,208
stdmap_r1,match,1000000,0.212,209
stdmap_r1,match,1000000,0.213,209
stdmap_r1,match,1000000,0.214,209
stdmap_r1,match,1000000,0.215,209
stdmap_r1,match,1000000,0.216,209
stdmap_r1,match,1000000,0.217,209
stdmap_r1,match,1000000,0.218,209
stdmap_r1,match,1000000,0.219,209
stdmap_r1,match,1000000,0.22,250
stdmap_r1,match,1000000,0.221,250
stdmap_r1,match,1000000,0.222,250
stdmap_r1,match,1000000,0.223,250
stdmap_r1,match,1000000,0.224,250
stdmap_r1,match,1000000,0.225,250
stdmap_r1,match,1000000,0.226,250
stdmap_r1,match,1000000,0.227,250
stdmap_r1,match,1000000,0.228,250
stdmap_r1,match,1000000,0.229,250
stdmap_r1,match,1000000,0.23,250
stdmap_r1,match,1000000,0.231,250
stdmap_r1,match,1000000,0.232,250
stdmap_r1,match,1000000,0.233,250
stdmap_r1,match,1000000,0.234,250
stdmap_r1,match,1000000,0.235,250
stdmap_r1,match,1000000,0.236,250
stdmap_r1,match,1000000,0.237,250
stdmap_r1,match,1000000,0.238,250
stdmap_r1,match,1000000,0.239,250
stdmap_r1,match,1000000,0.24,250
stdmap_r1,match,1000000,0.241,250
stdmap_r1,match,1000000,0.242,250
stdmap_r1,match,1000000,0.243,250
stdmap_r1,match,1000000,0.244,250
stdmap_r1,match,1000000,0.245,250
stdmap_r1,match,1000000,0.246,250
stdmap_r1,match,1000000,0.247,250
stdmap_r1,match,1000000,0.248,250
stdmap_r1,match,1000000,0.249,250
stdmap_r1,match,1000000,0.25,250
stdmap_r1,match,1000000,0.251,250
stdmap_r1,match,1000000,0.252,250
stdmap_r1,match,1000000,0.253,250
stdmap_r1,match,1000000,0.254,250
stdmap_r1,match,1000000,0.255,291
stdmap_r1,match,1000000,0.256,291
stdmap_r1,match,1000000,0.257,291
stdmap_r1,match,1000000,0.258,291
stdmap_r1,match,1000000,0.259,291
stdmap_r1,match,1000000,0.26,291
stdmap_r1,match,1000000,0.261,291
stdmap_r1,match,1000000,0.262,291
stdmap_r1,match,1000000,0.263,291
stdmap_r1,match,1000000,0.264,292
stdmap_r1,match,1000000,0.265,292
stdmap_r1,match,1000000,0.266,292
stdmap_r1,match,1000000,0.267,292
stdmap_r1,match,1000000,0.268,292
stdmap_r1,match,1000000,0.269,292
stdmap_r1,match,1000000,0.27,292
stdmap_r1,match,1000000,0.271,292
stdmap_r1,match,1000000,0.272,292
stdmap_r1,match,1000000,0.273,292
stdmap_r1,match,1000000,0.274,292
stdmap_r1,match,1000000,0.275,292
stdmap_r1,match,1000000,0.276,292
stdmap_r1,match,1000000,0.277,292
stdmap_r1,match,1000000,0.278,292
stdmap_r1,match,1000000,0.279,292
stdmap_r1,match,1000000,0.28,292
stdmap_r1,match,1000000,0.281,292
stdmap_r1,match,1000000,0.282,292
stdmap_r1,match,1000000,0.283,333
stdmap_r1,match,1000000,0.284,333
stdmap_r1,match,1000000,0.285,333
stdmap_r1,match,1000000,0.286,333
stdmap_r1,match,1000000,0.287,333
stdmap_r1,match,1000000,0.288,333
stdmap_r1,match,1000000,0.289,333
stdmap_r1,match,1000000,0.29,333
stdmap_r1,match,1000000,0.291,333
stdmap_r1,match,1000000,0.292,333
stdmap_r1,match,1000000,0.293,333
stdmap_r1,match,1000000,0.294,333
stdmap_r1,match,1000000,0.295,333
stdmap_r1,match,1000000,0.296,333
stdmap_r1,match,1000000,0.297,333
stdmap_r1,match,1000000,0.298,333
stdmap_r1,match,1000000,0.299,333
stdmap_r1,match,1000000,0.3,333
stdmap_r1,match,1000000,0.301,333
stdmap_r1,match,1000000,0.302,333
stdmap_r1,match,1000000,0.303,333
stdmap_r1,match,1000000,0.304,333
stdmap_r1,match,1000000,0.305,333
stdmap_r1,match,1000000,0.306,333
stdmap_r1,match,1000000,0.307,333
stdmap_r1,match,1000000,0.308,333
stdmap_r1,match,1000000,0.309,333
stdmap_r1,match,1000000,0.31,333
stdmap_r1,match,1000000,0.311,333
stdmap_r1,match,1000000,0.312,333
stdmap_r1,match,1000000,0.313,333
stdmap_r1,match,1000000,0.314,333
stdmap_r1,match,1000000,0.315,333
stdmap_r1,match,1000000,0.316,333
stdmap_r1,match,1000000,0.317,333
stdmap_r1,match,1000000,0.318,333
stdmap_r1,match,1000000,0.319,333
stdmap_r1,match,1000000,0.32,333
stdmap_r1,match,1000000,0.321,333
stdmap_r1,match,1000000,0.322,333
stdmap_r1,match,1000000,0.323,333
stdmap_r1,match,1000000,0.324,333
stdmap_r1,match,1000000,0.325,333
stdmap_r1,match,1000000,0.326,333
stdmap_r1,match,1000000,0.327,333
stdmap_r1,match,1000000,0.328,333
stdmap_r1,match,1000000,0.329,334
stdmap_r1,match,1000000,0.33,334
stdmap_r1,match,1000000,0.331,334
stdmap_r1,match,1000000,0.332,334
stdmap_r1,match,1000000,0.333,334
stdmap_r1,match,1000000,0.334,334
stdmap_r1,match,1000000,0.335,334
stdmap_r1,match,1000000,0.336,334
stdmap_r1,match,1000000,0.337,334
stdmap_r1,match,1000000,0.338,334
stdmap_r1,match,1000000,0.339,334
stdmap_r1,match,1000000,0.34,334
stdmap_r1,match,1000000,0.341,334
stdmap_r1,match,1000000,0.342,334
stdmap_r1,match,1000000,0.343,334
stdmap_r1,match,1000000,0.344,334
stdmap_r1,match,1000000,0.345,334
stdmap_r1,match,1000000,0.346,334
stdmap_r1,match,1000000,0.347,334
stdmap_r1,match,1000000,0.348,334
stdmap_r1,match,1000000,0.349,334
stdmap_r1,match,1000000,0.35,334
stdmap_r1,match,1000000,0.351,334
stdmap_r1,match,1000000,0.352,375
stdmap_r1,match,1000000,0.353,375
stdmap_r1,match,1000000,0.354,375
stdmap_r1,match,1000000,0.355,375
stdmap_r1,match,1000000,0.356,375
stdmap_r1,match,1000000,0.357,375
stdmap_r1,match,1000000,0.358,375
stdmap_r1,match,1000000,0.359,375
stdmap_r1,match,1000000,0.36,375
stdmap_r1,match,1000000,0.361,375
stdmap_r1,match,1000000,0.362,375
stdmap_r1,match,1000000,0.363,375
stdmap_r1,match,1000000,0.364,375
stdmap_r1,match,1000000,0.365,375
stdmap_r1,match,1000000,0.366,375
stdmap_r1,match,1000000,0.367,375
stdmap_r1,match,1000000,0.368,375
stdmap_r1,match,1000000,0.369,375
stdmap_r1,match,1000000,0.37,375
stdmap_r1,match,1000000,0.371,375
stdmap_r1,match,1000000,0.372,375
stdmap_r1,match,1000000,0.373,375
stdmap_r1,match,1000000,0.374,375
stdmap_r1,match,1000000,0.375,375
stdmap_r1,match,1000000,0.376,375
stdmap_r1,match,1000000,0.377,375
stdmap_r1,match,1000000,0.378,375
stdmap_r1,match,1000000,0.379,375
stdmap_r1,match,1000000,0.38,375
stdmap_r1,match,1000000,0.381,375
stdmap_r1,match,1000000,0.382,375
stdmap_r1,match,1000000,0.383,375
stdmap_r1,match,1000000,0.384,375
stdmap_r1,match,1000000,0.385,375
stdmap_r1,match,1000000,0.386,375
stdmap_r1,match,1000000,0.387,375
stdmap_r1,match,1000000,0.388,375
stdmap_r1,match,1000000,0.389,375
stdmap_r1,match,1000000,0.39,375
stdmap_r1,match,1000000,0.391,375
stdmap_r1,match,1000000,0.392,375
stdmap_r1,match,1000000,0.393,375
stdmap_r1,match,1000000,0.394,375
stdmap_r1,match,1000000,0.395,375
stdmap_r1,match,1000000,0.396,375
stdmap_r1,match,1000000,0.397,375
stdmap_r1,match,1000000,0.398,375
stdmap_r1,match,1000000,0.399,375
stdmap_r1,match,1000000,0.4,375
stdmap_r1,match,1000000,0.401,375
stdmap_r1,match,1000000,0.402,375
stdmap_r1,match,1000000,0.403,375
stdmap_r1,match,1000000,0.404,375
stdmap_r1,match,1000000,0.405,375
stdmap_r1,match,1000000,0.406,375
stdmap_r1,match,1000000,0.407,375
stdmap_r1,match,1000000,0.408,375
stdmap_r1,match,1000000,0.409,375
stdmap_r1,match,1000000,0.41,375
stdmap_r1,match,1000000,0.411,375
stdmap_r1,match,1000000,0.412,375
stdmap_r1,match,1000000,0.413,375
stdmap_r1,match,1000000,0.414,375
stdmap_r1,match,1000000,0.415,375
stdmap_r1,match,1000000,0.416,375
stdmap_r1,match,1000000,0.417,375
stdmap_r1,match,1000000,0.418,375
stdmap_r1,match,1000000,0.419,375
stdmap_r1,match,1000000,0.42,375
stdmap_r1,match,1000000,0.421,375
stdmap_r1,match,1000000,0.422,375
stdmap_r1,match,1000000,0.423,375
stdmap_r1,match,1000000,0.424,375
stdmap_r1,match,1000000,0.425,375
stdmap_r1,match,1000000,0.426,375
stdmap_r1,match,1000000,0.427,375
stdmap_r1,match,1000000,0.428,375
stdmap_r1,match,1000000,0.429,375
stdmap_r1,match,1000000,0.43,375
stdmap_r1,match,1000000,0.431,375
stdmap_r1,match,1000000,0.432,375
stdmap_r1,match,1000000,0.433,375
stdmap_r1,match,1000000,0.434,375
stdmap_r1,match,1000000,0.435,375
stdmap_r1,match,1000000,0.436,375
stdmap_r1,match,1000000,0.437,375
stdmap_r1,match,1000000,0.438,375
stdmap_r1,match,1000000,0.439,375
stdmap_r1,match,1000000,0.44,375
stdmap_r1,match,1000000,0.441,375
stdmap_r1,match,1000000,0.442,375
stdmap_r1,match,1000000,0.443,375
stdmap_r1,match,1000000,0.444,375
stdmap_r1,match,1000000,0.445,375
stdmap_r1,match,1000000,0.446,375
stdmap_r1,match,1000000,0.447,375
stdmap_r1,match,1000000,0.448,416
stdmap_r1,match,1000000,0.449,416
stdmap_r1,match,1000000,0.45,416
stdmap_r1,match,1000000,0.451,416
stdmap_r1,match,1000000,0.452,416
stdmap_r1,match,1000000,0.453,416
stdmap_r1,match,1000000,0.454,416
stdmap_r1,match,1000000,0.455,416
stdmap_r1,match,1000000,0.456,416
stdmap_r1,match,1000000,0.457,416
stdmap_r1,match,1000000,0.458,416
stdmap_r1,match,1000000,0.459,416
stdmap_r1,match,1000000,0.46,416
stdmap_r1,match,1000000,0.461,416
stdmap_r1,match,1000000,0.462,416
stdmap_r1,match,1000000,0.463,416
stdmap_r1,match,1000000,0.464,416
stdmap_r1,match,1000000,0.465,416
stdmap_r1,match,1000000,0.466,416
stdmap_r1,match,1000000,0.467,416
stdmap_r1,match,1000000,0.468,416
stdmap_r1,match,1000000,0.469,416
stdmap_r1,match,1000000,0.47,416
stdmap_r1,match,1000000,0.471,416
stdmap_r1,match,1000000,0.472,416
stdmap_r1,match,1000000,0.473,416
stdmap_r1,match,1000000,0.474,417
stdmap_r1,match,1000000,0.475,417
stdmap_r1,match,1000000,0.476,417
stdmap_r1,match,1000000,0.477,417
stdmap_r1,match,1000000,0.478,417
stdmap_r1,match,1000000,0.479,417
stdmap_r1,match,1000000,0.48,417
stdmap_r1,match,1000000,0.481,417
stdmap_r1,match,1000000,0.482,417
stdmap_r1,match,1000000,0.483,417
stdmap_r1,match,1000000,0.484,417
stdmap_r1,match,1000000,0.485,417
stdmap_r1,match,1000000,0.486,417
stdmap_r1,match,1000000,0.487,417
stdmap_r1,match,1000000,0.488,417
stdmap_r1,match,1000000,0.489,417
stdmap_r1,match,1000000,0.49,417
stdmap_r1,match,1000000,0.491,417
stdmap_r1,match,1000000,0.492,417
stdmap_r1,match,1000000,0.493,417
stdmap_r1,match,1000000,0.494,417
stdmap_r1,match,1000000,0.495,417
stdmap_r1,match,1000000,0.496,417
stdmap_r1,match,1000000,0.497,417
stdmap_r1,match,1000000,0.498,417
stdmap_r1,match,1000000,0.499,417
stdmap_r1,match,1000000,0.5,417
stdmap_r1,match,1000000,0.501,417
stdmap_r1,match,1000000,0.502,417
stdmap_r1,match,1000000,0.503,417
stdmap_r1,match,1000000,0.504,417
stdmap_r1,match,1000000,0.505,417
stdmap_r1,match,1000000,0.506,417
stdmap_r1,match,1000000,0.507,417
stdmap_r1,match,1000000,0.508,417
stdmap_r1,match,1000000,0.509,417
stdmap_r1,match,1000000,0.51,417
stdmap_r1,match,1000000,0.511,417
stdmap_r1,match,1000000,0.512,417
stdmap_r1,match,1000000,0.513,417
stdmap_r1,match,1000000,0.514,417
stdmap_r1,match,1000000,0.515,417
stdmap_r1,match,1000000,0.516,417
stdmap_r1,match,1000000,0.517,417
stdmap_r1,match,1000000,0.518,417
stdmap_r1,match,1000000,0.519,417
stdmap_r1,match,1000000,0.52,417
stdmap_r1,match,1000000,0.521,417
stdmap_r1,match,1000000,0.522,417
stdmap_r1,match,1000000,0.523,417
stdmap_r1,match,1000000,0.524,417
stdmap_r1,match,1000000,0.525,417
stdmap_r1,match,1000000,0.526,417
stdmap_r1,match,1000000,0.527,417
stdmap_r1,match,1000000,0.528,458
stdmap_r1,match,1000000,0.529,458
stdmap_r1,match,1000000,0.53,458
stdmap_r1,match,1000000,0.531,458
stdmap_r1,match,1000000,0.532,458
stdmap_r1,match,1000000,0.533,458
stdmap_r1,match,1000000,0.534,458
stdmap_r1,match,1000000,0.535,458
stdmap_r1,match,1000000,0.536,458
stdmap_r1,match,1000000,0.537,458
stdmap_r1,match,1000000,0.538,458
stdmap_r1,match,1000000,0.539,458
stdmap_r1,match,1000000,0.54,458
stdmap_r1,match,1000000,0.541,458
stdmap_r1,match,1000000,0.542,458
stdmap_r1,match,1000000,0.543,458
stdmap_r1,match,1000000,0.544,458
stdmap_r1,match,1000000,0.545,458
stdmap_r1,match,1000000,0.546,458
stdmap_r1,match,1000000,0.547,458
stdmap_r1,match,1000000,0.548,458
stdmap_r1,match,1000000,0.549,458
stdmap_r1,match,1000000,0.55,458
stdmap_r1,match,1000000,0.551,458
stdmap_r1,match,1000000,0.552,458
stdmap_r1,match,1000000,0.553,458
stdmap_r1,match,1000000,0.554,458
stdmap_r1,match,1000000,0.555,458
stdmap_r1,match,1000000,0.556,458
stdmap_r1,match,1000000,0.557,458
stdmap_r1,match,1000000,0.558,458
stdmap_r1,match,1000000,0.559,458
stdmap_r1,match,1000000,0.56,458
stdmap_r1,match,1000000,0.561,458
stdmap_r1,match,1000000,0.562,458
stdmap_r1,match,1000000,0.563,458
stdmap_r1,match,1000000,0.564,458
stdmap_r1,match,1000000,0.565,458
stdmap_r1,match,1000000,0.566,458
stdmap_r1,match,1000000,0.567,458
stdmap_r1,match,1000000,0.568,458
stdmap_r1,match,1000000,0.569,458
stdmap_r1,match,1000000,0.57,458
stdmap_r1,match,1000000,0.571,458
stdmap_r1,match,1000000,0.572,458
stdmap_r1,match,1000000,0.573,458
stdmap_r1,match,1000000,0.574,458
stdmap_r1,match,1000000,0.575,458
stdmap_r1,match,1000000,0.576,458
stdmap_r1,match,1000000,0.577,458
stdmap_r1,match,1000000,0.578,458
stdmap_r1,match,1000000,0.579,458
stdmap_r1,match,1000000,0.58,458
stdmap_r1,match,1000000,0.581,458
stdmap_r1,match,1000000,0.582,458
stdmap_r1,match,1000000,0.583,458
stdmap_r1,match,1000000,0.584,458
stdmap_r1,match,1000000,0.585,458
stdmap_r1,match,1000000,0.586,458
stdmap_r1,match,1000000,0.587,458
stdmap_r1,match,1000000,0.588,458
stdmap_r1,match,1000000,0.589,458
stdmap_r1,match,1000000,0.59,458
stdmap_r1,match,1000000,0.591,458
stdmap_r1,match,1000000,0.592,458
stdmap_r1,match,1000000,0.593,458
stdmap_r1,match,1000000,0.594,458
stdmap_r1,match,1000000,0.595,458
stdmap_r1,match,1000000,0.596,458
stdmap_r1,match,1000000,0.597,459
stdmap_r1,match,1000000,0.598,459
stdmap_r1,match,1000000,0.599,459
stdmap_r1,match,1000000,0.6,459
stdmap_r1,match,1000000,0.601,459
stdmap_r1,match,1000000,0.602,459
stdmap_r1,match,1000000,0.603,459
stdmap_r1,match,1000000,0.604,459
stdmap_r1,match,1000000,0.605,459
stdmap_r1,match,1000000,0.606,459
stdmap_r1,match,1000000,0.607,459
stdmap_r1,match,1000000,0.608,459
stdmap_r1,match,1000000,0.609,459
stdmap_r1,match,1000000,0.61,459
stdmap_r1,match,1000000,0.611,459
stdmap_r1,match,1000000,0.612,459
stdmap_r1,match,1000000,0.613,459
stdmap_r1,match,1000000,0.614,459
stdmap_r1,match,1000000,0.615,459
stdmap_r1,match,1000000,0.616,459
stdmap_r1,match,1000000,0.617,459
stdmap_r1,match,1000000,0.618,459
stdmap_r1,match,1000000,0.619,459
stdmap_r1,match,1000000,0.62,459
stdmap_r1,match,1000000,0.621,459
stdmap_r1,match,1000000,0.622,459
stdmap_r1,match,1000000,0.623,459
stdmap_r1,match,1000000,0.624,459
stdmap_r1,match,1000000,0.625,459
stdmap_r1,match,1000000,0.626,459
stdmap_r1,match,1000000,0.627,459
stdmap_r1,match,1000000,0.628,459
stdmap_r1,match,1000000,0.629,459
stdmap_r1,match,1000000,0.63,459
stdmap_r1,match,1000000,0.631,459
stdmap_r1,match,1000000,0.632,500
stdmap_r1,match,1000000,0.633,500
stdmap_r1,match,1000000,0.634,500
stdmap_r1,match,1000000,0.635,500
stdmap_r1,match,1000000,0.636,500
stdmap_r1,match,1000000,0.637,500
stdmap_r1,match,1000000,0.638,500
stdmap_r1,match,1000000,0.639,500
stdmap_r1,match,1000000,0.64,500
stdmap_r1,match,1000000,0.641,500
stdmap_r1,match,1000000,0.642,500
stdmap_r1,match,1000000,0.643,500
stdmap_r1,match,1000000,0.644,500
stdmap_r1,match,1000000,0.645,500
stdmap_r1,match,1000000,0.646,500
stdmap_r1,match,1000000,0.647,500
stdmap_r1,match,1000000,0.648,500
stdmap_r1,match,1000000,0.649,500
stdmap_r1,match,1000000,0.65,500
stdmap_r1,match,1000000,0.651,500
stdmap_r1,match,1000000,0.652,500
stdmap_r1,match,1000000,0.653,500
stdmap_r1,match,1000000,0.654,500
stdmap_r1,match,1000000,0.655,500
stdmap_r1,match,1000000,0.656,500
stdmap_r1,match,1000000,0.657,500
stdmap_r1,match,1000000,0.658,500
stdmap_r1,match,1000000,0.659,500
stdmap_r1,match,1000000,0.66,500
stdmap_r1,match,1000000,0.661,500
stdmap_r1,match,1000000,0.662,500
stdmap_r1,match,1000000,0.663,500
stdmap_r1,match,1000000,0.664,500
stdmap_r1,match,1000000,0.665,500
stdmap_r1,match,1000000,0.666,500
stdmap_r1,match,1000000,0.667,500
stdmap_r1,match,1000000,0.668,500
stdmap_r1,match,1000000,0.669,500
stdmap_r1,match,1000000,0.67,500
stdmap_r1,match,1000000,0.671,500
stdmap_r1,match,1000000,0.672,500
stdmap_r1,match,1000000,0.673,500
stdmap_r1,match,1000000,0.674,500
stdmap_r1,match,1000000,0.675,500
stdmap_r1,match,1000000,0.676,500
stdmap_r1,match,1000000,0.677,500
stdmap_r1,match,1000000,0.678,500
stdmap_r1,match,1000000,0.679,500
stdmap_r1,match,1000000,0.68,500
stdmap_r1,match,1000000,0.681,500
stdmap_r1,match,1000000,0.682,500
stdmap_r1,match,1000000,0.683,500
stdmap_r1,match,1000000,0.684,500
stdmap_r1,match,1000000,0.685,500
stdmap_r1,match,1000000,0.686,500
stdmap_r1,match,1000000,0.687,500
stdmap_r1,match,1000000,0.688,500
stdmap_r1,match,1000000,0.689,500
stdmap_r1,match,1000000,0.69,500
stdmap_r1,match,1000000,0.691,500
stdmap_r1,match,1000000,0.692,500
stdmap_r1,match,1000000,0.693,500
stdmap_r1,match,1000000,0.694,500
stdmap_r1,match,1000000,0.695,500
stdmap_r1,match,1000000,0.696,500
stdmap_r1,match,1000000,0.697,500
stdmap_r1,match,1000000,0.698,500
stdmap_r1,match,1000000,0.699,500
stdmap_r1,match,1000000,0.7,500
stdmap_r1,match,1000000,0.701,500
stdmap_r1,match,1000000,0.702,500
stdmap_r1,match,1000000,0.703,500
stdmap_r1,match,1000000,0.704,541
stdmap_r1,match,1000000,0.705,541
stdmap_r1,match,1000000,0.706,541
stdmap_r1,match,1000000,0.707,541
stdmap_r1,match,1000000,0.708,541
stdmap_r1,match,1000000,0.709,541
stdmap_r1,match,1000000,0.71,541
stdmap_r1,match,1000000,0.711,541
stdmap_r1,match,1000000,0.712,541
stdmap_r1,match,1000000,0.713,541
stdmap_r1,match,1000000,0.714,541
stdmap_r1,match,1000000,0.715,541
stdmap_r1,match,1000000,0.716,541
stdmap_r1,match,1000000,0.717,541
stdmap_r1,match,1000000,0.718,541
stdmap_r1,match,1000000,0.719,541
stdmap_r1,match,1000000,0.72,541
stdmap_r1,match,1000000,0.721,542
stdmap_r1,match,1000000,0.722,542
stdmap_r1,match,1000000,0.723,542
stdmap_r1,match,1000000,0.724,542
stdmap_r1,match,1000000,0.725,542
stdmap_r1,match,1000000,0.726,542
stdmap_r1,match,1000000,0.727,542
stdmap_r1,match,1000000,0.728,542
stdmap_r1,match,1000000,0.729,542
stdmap_r1,match,1000000,0.73,542
stdmap_r1,match,1000000,0.731,542
stdmap_r1,match,1000000,0.732,542
stdmap_r1,match,1000000,0.733,542
stdmap_r1,match,1000000,0.734,542
stdmap_r1,match,1000000,0.735,542
stdmap_r1,match,1000000,0.736,542
stdmap_r1,match,1000000,0.737,542
stdmap_r1,match,1000000,0.738,542
stdmap_r1,match,1000000,0.739,542
stdmap_r1,match,1000000,0.74,542
stdmap_r1,match,1000000,0.741,542
stdmap_r1,match,1000000,0.742,542
stdmap_r1,match,1000000,0.743,542
stdmap_r1,match,1000000,0.744,542
stdmap_r1,match,1000000,0.745,542
stdmap_r1,match,1000000,0.746,542
stdmap_r1,match,1000000,0.747,542
stdmap_r1,match,1000000,0.748,542
stdmap_r1,match,1000000,0.749,542
stdmap_r1,match,1000000,0.75,542
stdmap_r1,match,1000000,0.751,542
stdmap_r1,match,1000000,0.752,542
stdmap_r1,match,1000000,0.753,542
stdmap_r1,match,1000000,0.754,542
stdmap_r1,match,1000000,0.755,583
stdmap_r1,match,1000000,0.756,583
stdmap_r1,match,1000000,0.757,583
stdmap_r1,match,1000000,0.758,583
stdmap_r1,match,1000000,0.759,583
stdmap_r1,match,1000000,0.76,583
stdmap_r1,match,1000000,0.761,583
stdmap_r1,match,1000000,0.762,583
stdmap_r1,match,1000000,0.763,583
stdmap_r1,match,1000000,0.764,583
stdmap_r1,match,1000000,0.765,583
stdmap_r1,match,1000000,0.766,583
stdmap_r1,match,1000000,0.767,583
stdmap_r1,match,1000000,0.768,583
stdmap_r1,match,1000000,0.769,583
stdmap_r1,match,1000000,0.77,583
stdmap_r1,match,1000000,0.771,583
stdmap_r1,match,1000000,0.772,583
stdmap_r1,match,1000000,0.773,583
stdmap_r1,match,1000000,0.774,583
stdmap_r1,match,1000000,0.775,583
stdmap_r1,match,1000000,0.776,583
stdmap_r1,match,1000000,0.777,583
stdmap_r1,match,1000000,0.778,583
stdmap_r1,match,1000000,0.779,583
stdmap_r1,match,1000000,0.78,583
stdmap_r1,match,1000000,0.781,583
stdmap_r1,match,1000000,0.782,583
stdmap_r1,match,1000000,0.783,583
stdmap_r1,match,1000000,0.784,583
stdmap_r1,match,1000000,0.785,583
stdmap_r1,match,1000000,0.786,583
stdmap_r1,match,1000000,0.787,583
stdmap_r1,match,1000000,0.788,583
stdmap_r1,match,1000000,0.789,583
stdmap_r1,match,1000000,0.79,583
stdmap_r1,match,1000000,0.791,583
stdmap_r1,match,1000000,0.792,583
stdmap_r1,match,1000000,0.793,583
stdmap_r1,match,1000000,0.794,583
stdmap_r1,match,1000000,0.795,583
stdmap_r1,match,1000000,0.796,584
stdmap_r1,match,1000000,0.797,584
stdmap_r1,match,1000000,0.798,584
stdmap_r1,match,1000000,0.799,584
stdmap_r1,match,1000000,0.8,584
stdmap_r1,match,1000000,0.801,584
stdmap_r1,match,1000000,0.802,584
stdmap_r1,match,1000000,0.803,584
stdmap_r1,match,1000000,0.804,584
stdmap_r1,match,1000000,0.805,584
stdmap_r1,match,1000000,0.806,584
stdmap_r1,match,1000000,0.807,584
stdmap_r1,match,1000000,0.808,584
stdmap_r1,match,1000000,0.809,584
stdmap_r1,match,1000000,0.81,584
stdmap_r1,match,1000000,0.811,584
stdmap_r1,match,1000000,0.812,584
stdmap_r1,match,1000000,0.813,584
stdmap_r1,match,1000000,0.814,584
stdmap_r1,match,1000000,0.815,584
stdmap_r1,match,1000000,0.816,584
stdmap_r1,match,1000000,0.817,625
stdmap_r1,match,1000000,0.818,625
stdmap_r1,match,1000000,0.819,625
stdmap_r1,match,1000000,0.82,625
stdmap_r1,match,1000000,0.821,625
stdmap_r1,match,1000000,0.822,625
stdmap_r1,match,1000000,0.823,625
stdmap_r1,match,1000000,0.824,625
stdmap_r1,match,1000000,0.825,625
stdmap_r1,match,1000000,0.826,625
stdmap_r1,match,1000000,0.827,625
stdmap_r1,match,1000000,0.828,625
stdmap_r1,match,1000000,0.829,625
stdmap_r1,match,1000000,0.83,625
stdmap_r1,match,1000000,0.831,625
stdmap_r1,match,1000000,0.832,625
stdmap_r1,match,1000000,0.833,625
stdmap_r1,match,1000000,0.834,625
stdmap_r1,match,1000000,0.835,625
stdmap_r1,match,1000000,0.836,625
stdmap_r1,match,1000000,0.837,625
stdmap_r1,match,1000000,0.838,625
stdmap_r1,match,1000000,0.839,625
stdmap_r1,match,1000000,0.84,625
stdmap_r1,match,1000000,0.841,625
stdmap_r1,match,1000000,0.842,625
stdmap_r1,match,1000000,0.843,625
stdmap_r1,match,1000000,0.844,625
stdmap_r1,match,1000000,0.845,625
stdmap_r1,match,1000000,0.846,625
stdmap_r1,match,1000000,0.847,625
stdmap_r1,match,1000000,0.848,625
stdmap_r1,match,1000000,0.849,625
stdmap_r1,match,1000000,0.85,625
stdmap_r1,match,1000000,0.851,625
stdmap_r1,match,1000000,0.852,625
stdmap_r1,match,1000000,0.853,625
stdmap_r1,match,1000000,0.854,625
stdmap_r1,match,1000000,0.855,625
stdmap_r1,match,1000000,0.856,625
stdmap_r1,match,1000000,0.857,625
stdmap_r1,match,1000000,0.858,625
stdmap_r1,match,1000000,0.859,625
stdmap_r1,match,1000000,0.86,625
stdmap_r1,match,1000000,0.861,625
stdmap_r1,match,1000000,0.862,625
stdmap_r1,match,1000000,0.863,625
stdmap_r1,match,1000000,0.864,625
stdmap_r1,match,1000000,0.865,666
stdmap_r1,match,1000000,0.866,666
stdmap_r1,match,1000000,0.867,666
stdmap_r1,match,1000000,0.868,666
stdmap_r1,match,1000000,0.869,666
stdmap_r1,match,1000000,0.87,666
stdmap_r1,match,1000000,0.871,666
stdmap_r1,match,1000000,0.872,666
stdmap_r1,match,1000000,0.873,666
stdmap_r1,match,1000000,0.874,666
stdmap_r1,match,1000000,0.875,666
stdmap_r1,match,1000000,0.876,667
stdmap_r1,match,1000000,0.877,667
stdmap_r1,match,1000000,0.878,667
stdmap_r1,match,1000000,0.879,667
stdmap_r1,match,1000000,0.88,667
stdmap_r1,match,1000000,0.881,667
stdmap_r1,match,1000000,0.882,667
stdmap_r1,match,1000000,0.883,667
stdmap_r1,match,1000000,0.884,667
stdmap_r1,match,1000000,0.885,667
stdmap_r1,match,1000000,0.886,667
stdmap_r1,match,1000000,0.887,667
stdmap_r1,match,1000000,0.888,667
stdmap_r1,match,1000000,0.889,667
stdmap_r1,match,1000000,0.89,667
stdmap_r1,match,1000000,0.891,667
stdmap_r1,match,1000000,0.892,667
stdmap_r1,match,1000000,0.893,667
stdmap_r1,match,1000000,0.894,667
stdmap_r1,match,1000000,0.895,667
stdmap_r1,match,1000000,0.896,667
stdmap_r1,match,1000000,0.897,667
stdmap_r1,match,1000000,0.898,708
stdmap_r1,match,1000000,0.899,708
stdmap_r1,match,1000000,0.9,708
stdmap_r1,match,1000000,0.901,708
stdmap_r1,match,1000000,0.902,708
stdmap_r1,match,1000000,0.903,708
stdmap_r1,match,1000000,0.904,708
stdmap_r1,match,1000000,0.905,708
stdmap_r1,match,1000000,0.906,708
stdmap_r1,match,1000000,0.907,708
stdmap_r1,match,1000000,0.908,708
stdmap_r1,match,1000000,0.909,708
stdmap_r1,match,1000000,0.91,708
stdmap_r1,match,1000000,0.911,708
stdmap_r1,match,1000000,0.912,708
stdmap_r1,match,1000000,0.913,708
stdmap_r1,match,1000000,0.914,708
stdmap_r1,match,1000000,0.915,708
stdmap_r1,match,1000000,0.916,709
stdmap_r1,match,1000000,0.917,709
stdmap_r1,match,1000000,0.918,709
stdmap_r1,match,1000000,0.919,709
stdmap_r1,match,1000000,0.92,709
stdmap_r1,match,1000000,0.921,709
stdmap_r1,match,1000000,0.922,709
stdmap_r1,match,1000000,0.923,709
stdmap_r1,match,1000000,0.924,709
stdmap_r1,match,1000000,0.925,750
stdmap_r1,match,1000000,0.926,750
stdmap_r1,match,1000000,0.927,750
stdmap_r1,match,1000000,0.928,750
stdmap_r1,match,1000000,0.929,750
stdmap_r1,match,1000000,0.93,750
stdmap_r1,match,1000000,0.931,750
stdmap_r1,match,1000000,0.932,750
stdmap_r1,match,1000000,0.933,750
stdmap_r1,match,1000000,0.934,750
stdmap_r1,match,1000000,0.935,750
stdmap_r1,match,1000000,0.936,750
stdmap_r1,match,1000000,0.937,750
stdmap_r1,match,1000000,0.938,750
stdmap_r1,match,1000000,0.939,750
stdmap_r1,match,1000000,0.94,750
stdmap_r1,match,1000000,0.941,750
stdmap_r1,match,1000000,0.942,750
stdmap_r1,match,1000000,0.943,750
stdmap_r1,match,1000000,0.944,791
stdmap_r1,match,1000000,0.945,791
stdmap_r1,match,1000000,0.946,791
stdmap_r1,match,1000000,0.947,791
stdmap_r1,match,1000000,0.948,792
stdmap_r1,match,1000000,0.949,792
stdmap_r1,match,1000000,0.95,792
stdmap_r1,match,1000000,0.951,792
stdmap_r1,match,1000000,0.952,792
stdmap_r1,match,1000000,0.953,792
stdmap_r1,match,1000000,0.954,792
stdmap_r1,match,1000000,0.955,792
stdmap_r1,match,1000000,0.956,833
stdmap_r1,match,1000000,0.957,833
stdmap_r1,match,1000000,0.958,833
stdmap_r1,match,1000000,0.959,833
stdmap_r1,match,1000000,0.96,833
stdmap_r1,match,1000000,0.961,833
stdmap_r1,match,1000000,0.962,834
stdmap_r1,match,1000000,0.963,834
stdmap_r1,match,1000000,0.964,834
stdmap_r1,match,1000000,0.965,875
stdmap_r1,match,1000000,0.966,875
stdmap_r1,match,1000000,0.967,875
stdmap_r1,match,1000000,0.968,875
stdmap_r1,match,1000000,0.969,875
stdmap_r1,match,1000000,0.97,875
stdmap_r1,match,1000000,0.971,875
stdmap_r1,match,1000000,0.972,916
stdmap_r1,match,1000000,0.973,916
stdmap_r1,match,1000000,0.974,917
stdmap_r1,match,1000000,0.975,917
stdmap_r1,match,1000000,0.976,917
stdmap_r1,match,1000000,0.977,958
stdmap_r1,match,1000000,0.978,958
stdmap_r1,match,1000000,0.979,959
stdmap_r1,match,1000000,0.98,959
stdmap_r1,match,1000000,0.981,1000
stdmap_r1,match,1000000,0.982,1000
stdmap_r1,match,1000000,0.983,1041
stdmap_r1,match,1000000,0.984,1042
stdmap_r1,match,1000000,0.985,1042
stdmap_r1,match,1000000,0.986,1083
stdmap_r1,match,1000000,0.987,1125
stdmap_r1,match,1000000,0.988,1125
stdmap_r1,match,1000000,0.989,1167
stdmap_r1,match,1000000,0.99,1208
stdmap_r1,match,1000000,0.991,1250
stdmap_r1,match,1000000,0.992,1292
stdmap_r1,match,1000000,0.993,1375
stdmap_r1,match,1000000,0.994,1458
stdmap_r1,match,1000000,0.995,1583
stdmap_r1,match,1000000,0.996,1750
stdmap_r1,match,1000000,0.997,2166
stdmap_r1,match,1000000,0.998,7417
stdmap_r1,match,1000000,0.999,56500
