variant,scenario,book_orders,quantile,latency_ns
identity_r3,add,1000,0,0
identity_r3,add,1000,0.001,0
identity_r3,add,1000,0.002,0
identity_r3,add,1000,0.003,0
identity_r3,add,1000,0.004,41
identity_r3,add,1000,0.005,41
identity_r3,add,1000,0.006,41
identity_r3,add,1000,0.007,41
identity_r3,add,1000,0.008,41
identity_r3,add,1000,0.009,41
identity_r3,add,1000,0.01,41
identity_r3,add,1000,0.011,41
identity_r3,add,1000,0.012,41
identity_r3,add,1000,0.013,41
identity_r3,add,1000,0.014,41
identity_r3,add,1000,0.015,41
identity_r3,add,1000,0.016,41
identity_r3,add,1000,0.017,41
identity_r3,add,1000,0.018,41
identity_r3,add,1000,0.019,41
identity_r3,add,1000,0.02,41
identity_r3,add,1000,0.021,41
identity_r3,add,1000,0.022,41
identity_r3,add,1000,0.023,41
identity_r3,add,1000,0.024,41
identity_r3,add,1000,0.025,41
identity_r3,add,1000,0.026,41
identity_r3,add,1000,0.027,41
identity_r3,add,1000,0.028,41
identity_r3,add,1000,0.029,41
identity_r3,add,1000,0.03,41
identity_r3,add,1000,0.031,41
identity_r3,add,1000,0.032,42
identity_r3,add,1000,0.033,42
identity_r3,add,1000,0.034,42
identity_r3,add,1000,0.035,42
identity_r3,add,1000,0.036,42
identity_r3,add,1000,0.037,42
identity_r3,add,1000,0.038,42
identity_r3,add,1000,0.039,42
identity_r3,add,1000,0.04,42
identity_r3,add,1000,0.041,42
identity_r3,add,1000,0.042,42
identity_r3,add,1000,0.043,42
identity_r3,add,1000,0.044,42
identity_r3,add,1000,0.045,42
identity_r3,add,1000,0.046,42
identity_r3,add,1000,0.047,42
identity_r3,add,1000,0.048,42
identity_r3,add,1000,0.049,42
identity_r3,add,1000,0.05,42
identity_r3,add,1000,0.051,42
identity_r3,add,1000,0.052,42
identity_r3,add,1000,0.053,42
identity_r3,add,1000,0.054,42
identity_r3,add,1000,0.055,42
identity_r3,add,1000,0.056,42
identity_r3,add,1000,0.057,42
identity_r3,add,1000,0.058,42
identity_r3,add,1000,0.059,42
identity_r3,add,1000,0.06,42
identity_r3,add,1000,0.061,42
identity_r3,add,1000,0.062,42
identity_r3,add,1000,0.063,42
identity_r3,add,1000,0.064,42
identity_r3,add,1000,0.065,42
identity_r3,add,1000,0.066,42
identity_r3,add,1000,0.067,42
identity_r3,add,1000,0.068,42
identity_r3,add,1000,0.069,42
identity_r3,add,1000,0.07,42
identity_r3,add,1000,0.071,42
identity_r3,add,1000,0.072,42
identity_r3,add,1000,0.073,42
identity_r3,add,1000,0.074,42
identity_r3,add,1000,0.075,42
identity_r3,add,1000,0.076,42
identity_r3,add,1000,0.077,42
identity_r3,add,1000,0.078,42
identity_r3,add,1000,0.079,42
identity_r3,add,1000,0.08,42
identity_r3,add,1000,0.081,42
identity_r3,add,1000,0.082,42
identity_r3,add,1000,0.083,42
identity_r3,add,1000,0.084,42
identity_r3,add,1000,0.085,42
identity_r3,add,1000,0.086,42
identity_r3,add,1000,0.087,42
identity_r3,add,1000,0.088,42
identity_r3,add,1000,0.089,83
identity_r3,add,1000,0.09,83
identity_r3,add,1000,0.091,83
identity_r3,add,1000,0.092,83
identity_r3,add,1000,0.093,83
identity_r3,add,1000,0.094,83
identity_r3,add,1000,0.095,83
identity_r3,add,1000,0.096,83
identity_r3,add,1000,0.097,83
identity_r3,add,1000,0.098,83
identity_r3,add,1000,0.099,83
identity_r3,add,1000,0.1,83
identity_r3,add,1000,0.101,83
identity_r3,add,1000,0.102,83
identity_r3,add,1000,0.103,83
identity_r3,add,1000,0.104,83
identity_r3,add,1000,0.105,83
identity_r3,add,1000,0.106,83
identity_r3,add,1000,0.107,83
identity_r3,add,1000,0.108,83
identity_r3,add,1000,0.109,83
identity_r3,add,1000,0.11,83
identity_r3,add,1000,0.111,83
identity_r3,add,1000,0.112,83
identity_r3,add,1000,0.113,83
identity_r3,add,1000,0.114,83
identity_r3,add,1000,0.115,83
identity_r3,add,1000,0.116,83
identity_r3,add,1000,0.117,83
identity_r3,add,1000,0.118,83
identity_r3,add,1000,0.119,83
identity_r3,add,1000,0.12,83
identity_r3,add,1000,0.121,83
identity_r3,add,1000,0.122,83
identity_r3,add,1000,0.123,83
identity_r3,add,1000,0.124,83
identity_r3,add,1000,0.125,83
identity_r3,add,1000,0.126,83
identity_r3,add,1000,0.127,83
identity_r3,add,1000,0.128,83
identity_r3,add,1000,0.129,83
identity_r3,add,1000,0.13,83
identity_r3,add,1000,0.131,83
identity_r3,add,1000,0.132,83
identity_r3,add,1000,0.133,83
identity_r3,add,1000,0.134,83
identity_r3,add,1000,0.135,83
identity_r3,add,1000,0.136,83
identity_r3,add,1000,0.137,83
identity_r3,add,1000,0.138,83
identity_r3,add,1000,0.139,83
identity_r3,add,1000,0.14,83
identity_r3,add,1000,0.141,83
identity_r3,add,1000,0.142,83
identity_r3,add,1000,0.143,83
identity_r3,add,1000,0.144,83
identity_r3,add,1000,0.145,83
identity_r3,add,1000,0.146,83
identity_r3,add,1000,0.147,83
identity_r3,add,1000,0.148,83
identity_r3,add,1000,0.149,83
identity_r3,add,1000,0.15,83
identity_r3,add,1000,0.151,83
identity_r3,add,1000,0.152,83
identity_r3,add,1000,0.153,83
identity_r3,add,1000,0.154,83
identity_r3,add,1000,0.155,83
identity_r3,add,1000,0.156,83
identity_r3,add,1000,0.157,83
identity_r3,add,1000,0.158,83
identity_r3,add,1000,0.159,83
identity_r3,add,1000,0.16,83
identity_r3,add,1000,0.161,83
identity_r3,add,1000,0.162,83
identity_r3,add,1000,0.163,83
identity_r3,add,1000,0.164,83
identity_r3,add,1000,0.165,83
identity_r3,add,1000,0.166,83
identity_r3,add,1000,0.167,83
identity_r3,add,1000,0.168,83
identity_r3,add,1000,0.169,83
identity_r3,add,1000,0.17,83
identity_r3,add,1000,0.171,83
identity_r3,add,1000,0.172,83
identity_r3,add,1000,0.173,83
identity_r3,add,1000,0.174,83
identity_r3,add,1000,0.175,83
identity_r3,add,1000,0.176,83
identity_r3,add,1000,0.177,83
identity_r3,add,1000,0.178,83
identity_r3,add,1000,0.179,83
identity_r3,add,1000,0.18,83
identity_r3,add,1000,0.181,83
identity_r3,add,1000,0.182,83
identity_r3,add,1000,0.183,83
identity_r3,add,1000,0.184,83
identity_r3,add,1000,0.185,83
identity_r3,add,1000,0.186,83
identity_r3,add,1000,0.187,83
identity_r3,add,1000,0.188,83
identity_r3,add,1000,0.189,83
identity_r3,add,1000,0.19,83
identity_r3,add,1000,0.191,83
identity_r3,add,1000,0.192,83
identity_r3,add,1000,0.193,83
identity_r3,add,1000,0.194,83
identity_r3,add,1000,0.195,83
identity_r3,add,1000,0.196,83
identity_r3,add,1000,0.197,83
identity_r3,add,1000,0.198,83
identity_r3,add,1000,0.199,83
identity_r3,add,1000,0.2,83
identity_r3,add,1000,0.201,83
identity_r3,add,1000,0.202,83
identity_r3,add,1000,0.203,83
identity_r3,add,1000,0.204,83
identity_r3,add,1000,0.205,83
identity_r3,add,1000,0.206,83
identity_r3,add,1000,0.207,83
identity_r3,add,1000,0.208,83
identity_r3,add,1000,0.209,83
identity_r3,add,1000,0.21,83
identity_r3,add,1000,0.211,83
identity_r3,add,1000,0.212,83
identity_r3,add,1000,0.213,83
identity_r3,add,1000,0.214,83
identity_r3,add,1000,0.215,83
identity_r3,add,1000,0.216,83
identity_r3,add,1000,0.217,83
identity_r3,add,1000,0.218,83
identity_r3,add,1000,0.219,83
identity_r3,add,1000,0.22,83
identity_r3,add,1000,0.221,83
identity_r3,add,1000,0.222,83
identity_r3,add,1000,0.223,83
identity_r3,add,1000,0.224,83
identity_r3,add,1000,0.225,83
identity_r3,add,1000,0.226,83
identity_r3,add,1000,0.227,83
identity_r3,add,1000,0.228,83
identity_r3,add,1000,0.229,83
identity_r3,add,1000,0.23,83
identity_r3,add,1000,0.231,83
identity_r3,add,1000,0.232,83
identity_r3,add,1000,0.233,83
identity_r3,add,1000,0.234,83
identity_r3,add,1000,0.235,83
identity_r3,add,1000,0.236,83
identity_r3,add,1000,0.237,83
identity_r3,add,1000,0.238,83
identity_r3,add,1000,0.239,83
identity_r3,add,1000,0.24,83
identity_r3,add,1000,0.241,83
identity_r3,add,1000,0.242,83
identity_r3,add,1000,0.243,83
identity_r3,add,1000,0.244,83
identity_r3,add,1000,0.245,83
identity_r3,add,1000,0.246,83
identity_r3,add,1000,0.247,83
identity_r3,add,1000,0.248,83
identity_r3,add,1000,0.249,83
identity_r3,add,1000,0.25,83
identity_r3,add,1000,0.251,83
identity_r3,add,1000,0.252,83
identity_r3,add,1000,0.253,83
identity_r3,add,1000,0.254,83
identity_r3,add,1000,0.255,83
identity_r3,add,1000,0.256,83
identity_r3,add,1000,0.257,83
identity_r3,add,1000,0.258,83
identity_r3,add,1000,0.259,83
identity_r3,add,1000,0.26,83
identity_r3,add,1000,0.261,83
identity_r3,add,1000,0.262,83
identity_r3,add,1000,0.263,83
identity_r3,add,1000,0.264,83
identity_r3,add,1000,0.265,83
identity_r3,add,1000,0.266,83
identity_r3,add,1000,0.267,83
identity_r3,add,1000,0.268,83
identity_r3,add,1000,0.269,83
identity_r3,add,1000,0.27,83
identity_r3,add,1000,0.271,83
identity_r3,add,1000,0.272,83
identity_r3,add,1000,0.273,83
identity_r3,add,1000,0.274,83
identity_r3,add,1000,0.275,83
identity_r3,add,1000,0.276,83
identity_r3,add,1000,0.277,83
identity_r3,add,1000,0.278,83
identity_r3,add,1000,0.279,83
identity_r3,add,1000,0.28,83
identity_r3,add,1000,0.281,83
identity_r3,add,1000,0.282,83
identity_r3,add,1000,0.283,83
identity_r3,add,1000,0.284,83
identity_r3,add,1000,0.285,83
identity_r3,add,1000,0.286,83
identity_r3,add,1000,0.287,83
identity_r3,add,1000,0.288,83
identity_r3,add,1000,0.289,83
identity_r3,add,1000,0.29,83
identity_r3,add,1000,0.291,83
identity_r3,add,1000,0.292,83
identity_r3,add,1000,0.293,83
identity_r3,add,1000,0.294,83
identity_r3,add,1000,0.295,83
identity_r3,add,1000,0.296,83
identity_r3,add,1000,0.297,83
identity_r3,add,1000,0.298,83
identity_r3,add,1000,0.299,83
identity_r3,add,1000,0.3,83
identity_r3,add,1000,0.301,83
identity_r3,add,1000,0.302,83
identity_r3,add,1000,0.303,83
identity_r3,add,1000,0.304,83
identity_r3,add,1000,0.305,83
identity_r3,add,1000,0.306,83
identity_r3,add,1000,0.307,83
identity_r3,add,1000,0.308,83
identity_r3,add,1000,0.309,83
identity_r3,add,1000,0.31,83
identity_r3,add,1000,0.311,83
identity_r3,add,1000,0.312,83
identity_r3,add,1000,0.313,83
identity_r3,add,1000,0.314,83
identity_r3,add,1000,0.315,83
identity_r3,add,1000,0.316,83
identity_r3,add,1000,0.317,84
identity_r3,add,1000,0.318,84
identity_r3,add,1000,0.319,84
identity_r3,add,1000,0.32,84
identity_r3,add,1000,0.321,84
identity_r3,add,1000,0.322,84
identity_r3,add,1000,0.323,84
identity_r3,add,1000,0.324,84
identity_r3,add,1000,0.325,84
identity_r3,add,1000,0.326,84
identity_r3,add,1000,0.327,84
identity_r3,add,1000,0.328,84
identity_r3,add,1000,0.329,84
identity_r3,add,1000,0.33,84
identity_r3,add,1000,0.331,84
identity_r3,add,1000,0.332,84
identity_r3,add,1000,0.333,84
identity_r3,add,1000,0.334,84
identity_r3,add,1000,0.335,84
identity_r3,add,1000,0.336,84
identity_r3,add,1000,0.337,84
identity_r3,add,1000,0.338,84
identity_r3,add,1000,0.339,84
identity_r3,add,1000,0.34,84
identity_r3,add,1000,0.341,84
identity_r3,add,1000,0.342,84
identity_r3,add,1000,0.343,84
identity_r3,add,1000,0.344,84
identity_r3,add,1000,0.345,84
identity_r3,add,1000,0.346,84
identity_r3,add,1000,0.347,84
identity_r3,add,1000,0.348,84
identity_r3,add,1000,0.349,84
identity_r3,add,1000,0.35,84
identity_r3,add,1000,0.351,84
identity_r3,add,1000,0.352,84
identity_r3,add,1000,0.353,84
identity_r3,add,1000,0.354,84
identity_r3,add,1000,0.355,84
identity_r3,add,1000,0.356,84
identity_r3,add,1000,0.357,84
identity_r3,add,1000,0.358,84
identity_r3,add,1000,0.359,84
identity_r3,add,1000,0.36,84
identity_r3,add,1000,0.361,84
identity_r3,add,1000,0.362,84
identity_r3,add,1000,0.363,84
identity_r3,add,1000,0.364,84
identity_r3,add,1000,0.365,84
identity_r3,add,1000,0.366,84
identity_r3,add,1000,0.367,84
identity_r3,add,1000,0.368,84
identity_r3,add,1000,0.369,84
identity_r3,add,1000,0.37,84
identity_r3,add,1000,0.371,84
identity_r3,add,1000,0.372,84
identity_r3,add,1000,0.373,84
identity_r3,add,1000,0.374,84
identity_r3,add,1000,0.375,84
identity_r3,add,1000,0.376,84
identity_r3,add,1000,0.377,84
identity_r3,add,1000,0.378,84
identity_r3,add,1000,0.379,84
identity_r3,add,1000,0.38,84
identity_r3,add,1000,0.381,84
identity_r3,add,1000,0.382,84
identity_r3,add,1000,0.383,84
identity_r3,add,1000,0.384,84
identity_r3,add,1000,0.385,84
identity_r3,add,1000,0.386,84
identity_r3,add,1000,0.387,84
identity_r3,add,1000,0.388,84
identity_r3,add,1000,0.389,84
identity_r3,add,1000,0.39,84
identity_r3,add,1000,0.391,84
identity_r3,add,1000,0.392,84
identity_r3,add,1000,0.393,84
identity_r3,add,1000,0.394,84
identity_r3,add,1000,0.395,84
identity_r3,add,1000,0.396,84
identity_r3,add,1000,0.397,84
identity_r3,add,1000,0.398,84
identity_r3,add,1000,0.399,84
identity_r3,add,1000,0.4,84
identity_r3,add,1000,0.401,84
identity_r3,add,1000,0.402,84
identity_r3,add,1000,0.403,84
identity_r3,add,1000,0.404,84
identity_r3,add,1000,0.405,84
identity_r3,add,1000,0.406,84
identity_r3,add,1000,0.407,84
identity_r3,add,1000,0.408,84
identity_r3,add,1000,0.409,84
identity_r3,add,1000,0.41,84
identity_r3,add,1000,0.411,84
identity_r3,add,1000,0.412,84
identity_r3,add,1000,0.413,84
identity_r3,add,1000,0.414,84
identity_r3,add,1000,0.415,84
identity_r3,add,1000,0.416,84
identity_r3,add,1000,0.417,84
identity_r3,add,1000,0.418,84
identity_r3,add,1000,0.419,84
identity_r3,add,1000,0.42,84
identity_r3,add,1000,0.421,84
identity_r3,add,1000,0.422,84
identity_r3,add,1000,0.423,84
identity_r3,add,1000,0.424,84
identity_r3,add,1000,0.425,84
identity_r3,add,1000,0.426,84
identity_r3,add,1000,0.427,84
identity_r3,add,1000,0.428,84
identity_r3,add,1000,0.429,84
identity_r3,add,1000,0.43,84
identity_r3,add,1000,0.431,125
identity_r3,add,1000,0.432,125
identity_r3,add,1000,0.433,125
identity_r3,add,1000,0.434,125
identity_r3,add,1000,0.435,125
identity_r3,add,1000,0.436,125
identity_r3,add,1000,0.437,125
identity_r3,add,1000,0.438,125
identity_r3,add,1000,0.439,125
identity_r3,add,1000,0.44,125
identity_r3,add,1000,0.441,125
identity_r3,add,1000,0.442,125
identity_r3,add,1000,0.443,125
identity_r3,add,1000,0.444,125
identity_r3,add,1000,0.445,125
identity_r3,add,1000,0.446,125
identity_r3,add,1000,0.447,125
identity_r3,add,1000,0.448,125
identity_r3,add,1000,0.449,125
identity_r3,add,1000,0.45,125
identity_r3,add,1000,0.451,125
identity_r3,add,1000,0.452,125
identity_r3,add,1000,0.453,125
identity_r3,add,1000,0.454,125
identity_r3,add,1000,0.455,125
identity_r3,add,1000,0.456,125
identity_r3,add,1000,0.457,125
identity_r3,add,1000,0.458,125
identity_r3,add,1000,0.459,125
identity_r3,add,1000,0.46,125
identity_r3,add,1000,0.461,125
identity_r3,add,1000,0.462,125
identity_r3,add,1000,0.463,125
identity_r3,add,1000,0.464,125
identity_r3,add,1000,0.465,125
identity_r3,add,1000,0.466,125
identity_r3,add,1000,0.467,125
identity_r3,add,1000,0.468,125
identity_r3,add,1000,0.469,125
identity_r3,add,1000,0.47,125
identity_r3,add,1000,0.471,125
identity_r3,add,1000,0.472,125
identity_r3,add,1000,0.473,125
identity_r3,add,1000,0.474,125
identity_r3,add,1000,0.475,125
identity_r3,add,1000,0.476,125
identity_r3,add,1000,0.477,125
identity_r3,add,1000,0.478,125
identity_r3,add,1000,0.479,125
identity_r3,add,1000,0.48,125
identity_r3,add,1000,0.481,125
identity_r3,add,1000,0.482,125
identity_r3,add,1000,0.483,125
identity_r3,add,1000,0.484,125
identity_r3,add,1000,0.485,125
identity_r3,add,1000,0.486,125
identity_r3,add,1000,0.487,125
identity_r3,add,1000,0.488,125
identity_r3,add,1000,0.489,125
identity_r3,add,1000,0.49,125
identity_r3,add,1000,0.491,125
identity_r3,add,1000,0.492,125
identity_r3,add,1000,0.493,125
identity_r3,add,1000,0.494,125
identity_r3,add,1000,0.495,125
identity_r3,add,1000,0.496,125
identity_r3,add,1000,0.497,125
identity_r3,add,1000,0.498,125
identity_r3,add,1000,0.499,125
identity_r3,add,1000,0.5,125
identity_r3,add,1000,0.501,125
identity_r3,add,1000,0.502,125
identity_r3,add,1000,0.503,125
identity_r3,add,1000,0.504,125
identity_r3,add,1000,0.505,125
identity_r3,add,1000,0.506,125
identity_r3,add,1000,0.507,125
identity_r3,add,1000,0.508,125
identity_r3,add,1000,0.509,125
identity_r3,add,1000,0.51,125
identity_r3,add,1000,0.511,125
identity_r3,add,1000,0.512,125
identity_r3,add,1000,0.513,125
identity_r3,add,1000,0.514,125
identity_r3,add,1000,0.515,125
identity_r3,add,1000,0.516,125
identity_r3,add,1000,0.517,125
identity_r3,add,1000,0.518,125
identity_r3,add,1000,0.519,125
identity_r3,add,1000,0.52,125
identity_r3,add,1000,0.521,125
identity_r3,add,1000,0.522,125
identity_r3,add,1000,0.523,125
identity_r3,add,1000,0.524,125
identity_r3,add,1000,0.525,125
identity_r3,add,1000,0.526,125
identity_r3,add,1000,0.527,125
identity_r3,add,1000,0.528,125
identity_r3,add,1000,0.529,125
identity_r3,add,1000,0.53,125
identity_r3,add,1000,0.531,125
identity_r3,add,1000,0.532,125
identity_r3,add,1000,0.533,125
identity_r3,add,1000,0.534,125
identity_r3,add,1000,0.535,125
identity_r3,add,1000,0.536,125
identity_r3,add,1000,0.537,125
identity_r3,add,1000,0.538,125
identity_r3,add,1000,0.539,125
identity_r3,add,1000,0.54,125
identity_r3,add,1000,0.541,125
identity_r3,add,1000,0.542,125
identity_r3,add,1000,0.543,125
identity_r3,add,1000,0.544,125
identity_r3,add,1000,0.545,125
identity_r3,add,1000,0.546,125
identity_r3,add,1000,0.547,125
identity_r3,add,1000,0.548,125
identity_r3,add,1000,0.549,125
identity_r3,add,1000,0.55,125
identity_r3,add,1000,0.551,125
identity_r3,add,1000,0.552,125
identity_r3,add,1000,0.553,125
identity_r3,add,1000,0.554,125
identity_r3,add,1000,0.555,125
identity_r3,add,1000,0.556,125
identity_r3,add,1000,0.557,125
identity_r3,add,1000,0.558,125
identity_r3,add,1000,0.559,125
identity_r3,add,1000,0.56,125
identity_r3,add,1000,0.561,125
identity_r3,add,1000,0.562,125
identity_r3,add,1000,0.563,125
identity_r3,add,1000,0.564,125
identity_r3,add,1000,0.565,125
identity_r3,add,1000,0.566,125
identity_r3,add,1000,0.567,125
identity_r3,add,1000,0.568,125
identity_r3,add,1000,0.569,125
identity_r3,add,1000,0.57,125
identity_r3,add,1000,0.571,125
identity_r3,add,1000,0.572,125
identity_r3,add,1000,0.573,125
identity_r3,add,1000,0.574,125
identity_r3,add,1000,0.575,125
identity_r3,add,1000,0.576,125
identity_r3,add,1000,0.577,125
identity_r3,add,1000,0.578,125
identity_r3,add,1000,0.579,125
identity_r3,add,1000,0.58,125
identity_r3,add,1000,0.581,125
identity_r3,add,1000,0.582,125
identity_r3,add,1000,0.583,125
identity_r3,add,1000,0.584,125
identity_r3,add,1000,0.585,125
identity_r3,add,1000,0.586,125
identity_r3,add,1000,0.587,125
identity_r3,add,1000,0.588,125
identity_r3,add,1000,0.589,125
identity_r3,add,1000,0.59,125
identity_r3,add,1000,0.591,125
identity_r3,add,1000,0.592,125
identity_r3,add,1000,0.593,125
identity_r3,add,1000,0.594,125
identity_r3,add,1000,0.595,125
identity_r3,add,1000,0.596,125
identity_r3,add,1000,0.597,125
identity_r3,add,1000,0.598,125
identity_r3,add,1000,0.599,125
identity_r3,add,1000,0.6,125
identity_r3,add,1000,0.601,125
identity_r3,add,1000,0.602,125
identity_r3,add,1000,0.603,125
identity_r3,add,1000,0.604,125
identity_r3,add,1000,0.605,125
identity_r3,add,1000,0.606,125
identity_r3,add,1000,0.607,125
identity_r3,add,1000,0.608,125
identity_r3,add,1000,0.609,125
identity_r3,add,1000,0.61,125
identity_r3,add,1000,0.611,125
identity_r3,add,1000,0.612,125
identity_r3,add,1000,0.613,125
identity_r3,add,1000,0.614,125
identity_r3,add,1000,0.615,125
identity_r3,add,1000,0.616,125
identity_r3,add,1000,0.617,125
identity_r3,add,1000,0.618,125
identity_r3,add,1000,0.619,125
identity_r3,add,1000,0.62,125
identity_r3,add,1000,0.621,125
identity_r3,add,1000,0.622,125
identity_r3,add,1000,0.623,125
identity_r3,add,1000,0.624,125
identity_r3,add,1000,0.625,125
identity_r3,add,1000,0.626,125
identity_r3,add,1000,0.627,125
identity_r3,add,1000,0.628,125
identity_r3,add,1000,0.629,125
identity_r3,add,1000,0.63,125
identity_r3,add,1000,0.631,125
identity_r3,add,1000,0.632,125
identity_r3,add,1000,0.633,125
identity_r3,add,1000,0.634,125
identity_r3,add,1000,0.635,125
identity_r3,add,1000,0.636,125
identity_r3,add,1000,0.637,125
identity_r3,add,1000,0.638,125
identity_r3,add,1000,0.639,125
identity_r3,add,1000,0.64,125
identity_r3,add,1000,0.641,125
identity_r3,add,1000,0.642,125
identity_r3,add,1000,0.643,125
identity_r3,add,1000,0.644,125
identity_r3,add,1000,0.645,125
identity_r3,add,1000,0.646,125
identity_r3,add,1000,0.647,125
identity_r3,add,1000,0.648,125
identity_r3,add,1000,0.649,125
identity_r3,add,1000,0.65,125
identity_r3,add,1000,0.651,125
identity_r3,add,1000,0.652,125
identity_r3,add,1000,0.653,125
identity_r3,add,1000,0.654,125
identity_r3,add,1000,0.655,125
identity_r3,add,1000,0.656,125
identity_r3,add,1000,0.657,125
identity_r3,add,1000,0.658,125
identity_r3,add,1000,0.659,125
identity_r3,add,1000,0.66,125
identity_r3,add,1000,0.661,125
identity_r3,add,1000,0.662,125
identity_r3,add,1000,0.663,125
identity_r3,add,1000,0.664,125
identity_r3,add,1000,0.665,125
identity_r3,add,1000,0.666,125
identity_r3,add,1000,0.667,125
identity_r3,add,1000,0.668,125
identity_r3,add,1000,0.669,125
identity_r3,add,1000,0.67,125
identity_r3,add,1000,0.671,125
identity_r3,add,1000,0.672,125
identity_r3,add,1000,0.673,125
identity_r3,add,1000,0.674,125
identity_r3,add,1000,0.675,125
identity_r3,add,1000,0.676,125
identity_r3,add,1000,0.677,125
identity_r3,add,1000,0.678,125
identity_r3,add,1000,0.679,125
identity_r3,add,1000,0.68,125
identity_r3,add,1000,0.681,125
identity_r3,add,1000,0.682,125
identity_r3,add,1000,0.683,125
identity_r3,add,1000,0.684,125
identity_r3,add,1000,0.685,125
identity_r3,add,1000,0.686,125
identity_r3,add,1000,0.687,125
identity_r3,add,1000,0.688,125
identity_r3,add,1000,0.689,125
identity_r3,add,1000,0.69,125
identity_r3,add,1000,0.691,125
identity_r3,add,1000,0.692,125
identity_r3,add,1000,0.693,125
identity_r3,add,1000,0.694,125
identity_r3,add,1000,0.695,125
identity_r3,add,1000,0.696,125
identity_r3,add,1000,0.697,125
identity_r3,add,1000,0.698,125
identity_r3,add,1000,0.699,125
identity_r3,add,1000,0.7,125
identity_r3,add,1000,0.701,125
identity_r3,add,1000,0.702,125
identity_r3,add,1000,0.703,125
identity_r3,add,1000,0.704,125
identity_r3,add,1000,0.705,125
identity_r3,add,1000,0.706,125
identity_r3,add,1000,0.707,125
identity_r3,add,1000,0.708,125
identity_r3,add,1000,0.709,125
identity_r3,add,1000,0.71,125
identity_r3,add,1000,0.711,125
identity_r3,add,1000,0.712,125
identity_r3,add,1000,0.713,125
identity_r3,add,1000,0.714,125
identity_r3,add,1000,0.715,125
identity_r3,add,1000,0.716,125
identity_r3,add,1000,0.717,125
identity_r3,add,1000,0.718,125
identity_r3,add,1000,0.719,125
identity_r3,add,1000,0.72,125
identity_r3,add,1000,0.721,125
identity_r3,add,1000,0.722,125
identity_r3,add,1000,0.723,125
identity_r3,add,1000,0.724,125
identity_r3,add,1000,0.725,125
identity_r3,add,1000,0.726,125
identity_r3,add,1000,0.727,125
identity_r3,add,1000,0.728,125
identity_r3,add,1000,0.729,125
identity_r3,add,1000,0.73,125
identity_r3,add,1000,0.731,125
identity_r3,add,1000,0.732,125
identity_r3,add,1000,0.733,125
identity_r3,add,1000,0.734,125
identity_r3,add,1000,0.735,125
identity_r3,add,1000,0.736,125
identity_r3,add,1000,0.737,125
identity_r3,add,1000,0.738,125
identity_r3,add,1000,0.739,125
identity_r3,add,1000,0.74,125
identity_r3,add,1000,0.741,125
identity_r3,add,1000,0.742,125
identity_r3,add,1000,0.743,125
identity_r3,add,1000,0.744,125
identity_r3,add,1000,0.745,125
identity_r3,add,1000,0.746,125
identity_r3,add,1000,0.747,125
identity_r3,add,1000,0.748,125
identity_r3,add,1000,0.749,125
identity_r3,add,1000,0.75,125
identity_r3,add,1000,0.751,125
identity_r3,add,1000,0.752,125
identity_r3,add,1000,0.753,125
identity_r3,add,1000,0.754,125
identity_r3,add,1000,0.755,125
identity_r3,add,1000,0.756,125
identity_r3,add,1000,0.757,125
identity_r3,add,1000,0.758,125
identity_r3,add,1000,0.759,125
identity_r3,add,1000,0.76,125
identity_r3,add,1000,0.761,125
identity_r3,add,1000,0.762,125
identity_r3,add,1000,0.763,125
identity_r3,add,1000,0.764,125
identity_r3,add,1000,0.765,125
identity_r3,add,1000,0.766,125
identity_r3,add,1000,0.767,125
identity_r3,add,1000,0.768,125
identity_r3,add,1000,0.769,125
identity_r3,add,1000,0.77,125
identity_r3,add,1000,0.771,125
identity_r3,add,1000,0.772,125
identity_r3,add,1000,0.773,125
identity_r3,add,1000,0.774,125
identity_r3,add,1000,0.775,125
identity_r3,add,1000,0.776,125
identity_r3,add,1000,0.777,125
identity_r3,add,1000,0.778,125
identity_r3,add,1000,0.779,125
identity_r3,add,1000,0.78,125
identity_r3,add,1000,0.781,125
identity_r3,add,1000,0.782,125
identity_r3,add,1000,0.783,125
identity_r3,add,1000,0.784,125
identity_r3,add,1000,0.785,125
identity_r3,add,1000,0.786,125
identity_r3,add,1000,0.787,125
identity_r3,add,1000,0.788,125
identity_r3,add,1000,0.789,125
identity_r3,add,1000,0.79,125
identity_r3,add,1000,0.791,125
identity_r3,add,1000,0.792,125
identity_r3,add,1000,0.793,125
identity_r3,add,1000,0.794,125
identity_r3,add,1000,0.795,125
identity_r3,add,1000,0.796,125
identity_r3,add,1000,0.797,125
identity_r3,add,1000,0.798,125
identity_r3,add,1000,0.799,125
identity_r3,add,1000,0.8,125
identity_r3,add,1000,0.801,125
identity_r3,add,1000,0.802,125
identity_r3,add,1000,0.803,125
identity_r3,add,1000,0.804,125
identity_r3,add,1000,0.805,125
identity_r3,add,1000,0.806,125
identity_r3,add,1000,0.807,125
identity_r3,add,1000,0.808,125
identity_r3,add,1000,0.809,125
identity_r3,add,1000,0.81,125
identity_r3,add,1000,0.811,125
identity_r3,add,1000,0.812,125
identity_r3,add,1000,0.813,125
identity_r3,add,1000,0.814,125
identity_r3,add,1000,0.815,125
identity_r3,add,1000,0.816,125
identity_r3,add,1000,0.817,125
identity_r3,add,1000,0.818,125
identity_r3,add,1000,0.819,125
identity_r3,add,1000,0.82,125
identity_r3,add,1000,0.821,125
identity_r3,add,1000,0.822,125
identity_r3,add,1000,0.823,125
identity_r3,add,1000,0.824,125
identity_r3,add,1000,0.825,125
identity_r3,add,1000,0.826,125
identity_r3,add,1000,0.827,125
identity_r3,add,1000,0.828,125
identity_r3,add,1000,0.829,125
identity_r3,add,1000,0.83,125
identity_r3,add,1000,0.831,125
identity_r3,add,1000,0.832,125
identity_r3,add,1000,0.833,125
identity_r3,add,1000,0.834,125
identity_r3,add,1000,0.835,125
identity_r3,add,1000,0.836,125
identity_r3,add,1000,0.837,125
identity_r3,add,1000,0.838,125
identity_r3,add,1000,0.839,125
identity_r3,add,1000,0.84,125
identity_r3,add,1000,0.841,125
identity_r3,add,1000,0.842,125
identity_r3,add,1000,0.843,125
identity_r3,add,1000,0.844,125
identity_r3,add,1000,0.845,125
identity_r3,add,1000,0.846,125
identity_r3,add,1000,0.847,125
identity_r3,add,1000,0.848,125
identity_r3,add,1000,0.849,125
identity_r3,add,1000,0.85,125
identity_r3,add,1000,0.851,125
identity_r3,add,1000,0.852,125
identity_r3,add,1000,0.853,125
identity_r3,add,1000,0.854,125
identity_r3,add,1000,0.855,125
identity_r3,add,1000,0.856,125
identity_r3,add,1000,0.857,125
identity_r3,add,1000,0.858,125
identity_r3,add,1000,0.859,125
identity_r3,add,1000,0.86,125
identity_r3,add,1000,0.861,125
identity_r3,add,1000,0.862,125
identity_r3,add,1000,0.863,125
identity_r3,add,1000,0.864,125
identity_r3,add,1000,0.865,125
identity_r3,add,1000,0.866,125
identity_r3,add,1000,0.867,125
identity_r3,add,1000,0.868,125
identity_r3,add,1000,0.869,125
identity_r3,add,1000,0.87,125
identity_r3,add,1000,0.871,125
identity_r3,add,1000,0.872,125
identity_r3,add,1000,0.873,125
identity_r3,add,1000,0.874,125
identity_r3,add,1000,0.875,125
identity_r3,add,1000,0.876,125
identity_r3,add,1000,0.877,125
identity_r3,add,1000,0.878,125
identity_r3,add,1000,0.879,125
identity_r3,add,1000,0.88,125
identity_r3,add,1000,0.881,125
identity_r3,add,1000,0.882,125
identity_r3,add,1000,0.883,125
identity_r3,add,1000,0.884,125
identity_r3,add,1000,0.885,125
identity_r3,add,1000,0.886,125
identity_r3,add,1000,0.887,125
identity_r3,add,1000,0.888,125
identity_r3,add,1000,0.889,125
identity_r3,add,1000,0.89,125
identity_r3,add,1000,0.891,125
identity_r3,add,1000,0.892,125
identity_r3,add,1000,0.893,125
identity_r3,add,1000,0.894,125
identity_r3,add,1000,0.895,125
identity_r3,add,1000,0.896,125
identity_r3,add,1000,0.897,125
identity_r3,add,1000,0.898,125
identity_r3,add,1000,0.899,125
identity_r3,add,1000,0.9,125
identity_r3,add,1000,0.901,125
identity_r3,add,1000,0.902,125
identity_r3,add,1000,0.903,125
identity_r3,add,1000,0.904,125
identity_r3,add,1000,0.905,125
identity_r3,add,1000,0.906,125
identity_r3,add,1000,0.907,125
identity_r3,add,1000,0.908,125
identity_r3,add,1000,0.909,125
identity_r3,add,1000,0.91,125
identity_r3,add,1000,0.911,125
identity_r3,add,1000,0.912,125
identity_r3,add,1000,0.913,125
identity_r3,add,1000,0.914,125
identity_r3,add,1000,0.915,125
identity_r3,add,1000,0.916,125
identity_r3,add,1000,0.917,125
identity_r3,add,1000,0.918,125
identity_r3,add,1000,0.919,125
identity_r3,add,1000,0.92,125
identity_r3,add,1000,0.921,125
identity_r3,add,1000,0.922,125
identity_r3,add,1000,0.923,125
identity_r3,add,1000,0.924,125
identity_r3,add,1000,0.925,125
identity_r3,add,1000,0.926,125
identity_r3,add,1000,0.927,125
identity_r3,add,1000,0.928,125
identity_r3,add,1000,0.929,125
identity_r3,add,1000,0.93,125
identity_r3,add,1000,0.931,125
identity_r3,add,1000,0.932,125
identity_r3,add,1000,0.933,125
identity_r3,add,1000,0.934,125
identity_r3,add,1000,0.935,125
identity_r3,add,1000,0.936,125
identity_r3,add,1000,0.937,125
identity_r3,add,1000,0.938,125
identity_r3,add,1000,0.939,125
identity_r3,add,1000,0.94,125
identity_r3,add,1000,0.941,166
identity_r3,add,1000,0.942,166
identity_r3,add,1000,0.943,166
identity_r3,add,1000,0.944,166
identity_r3,add,1000,0.945,166
identity_r3,add,1000,0.946,166
identity_r3,add,1000,0.947,166
identity_r3,add,1000,0.948,166
identity_r3,add,1000,0.949,166
identity_r3,add,1000,0.95,166
identity_r3,add,1000,0.951,166
identity_r3,add,1000,0.952,166
identity_r3,add,1000,0.953,166
identity_r3,add,1000,0.954,166
identity_r3,add,1000,0.955,166
identity_r3,add,1000,0.956,166
identity_r3,add,1000,0.957,166
identity_r3,add,1000,0.958,167
identity_r3,add,1000,0.959,167
identity_r3,add,1000,0.96,167
identity_r3,add,1000,0.961,167
identity_r3,add,1000,0.962,167
identity_r3,add,1000,0.963,167
identity_r3,add,1000,0.964,167
identity_r3,add,1000,0.965,167
identity_r3,add,1000,0.966,167
identity_r3,add,1000,0.967,167
identity_r3,add,1000,0.968,167
identity_r3,add,1000,0.969,167
identity_r3,add,1000,0.97,167
identity_r3,add,1000,0.971,167
identity_r3,add,1000,0.972,167
identity_r3,add,1000,0.973,167
identity_r3,add,1000,0.974,167
identity_r3,add,1000,0.975,167
identity_r3,add,1000,0.976,167
identity_r3,add,1000,0.977,167
identity_r3,add,1000,0.978,167
identity_r3,add,1000,0.979,167
identity_r3,add,1000,0.98,167
identity_r3,add,1000,0.981,167
identity_r3,add,1000,0.982,167
identity_r3,add,1000,0.983,167
identity_r3,add,1000,0.984,167
identity_r3,add,1000,0.985,167
identity_r3,add,1000,0.986,167
identity_r3,add,1000,0.987,167
identity_r3,add,1000,0.988,167
identity_r3,add,1000,0.989,167
identity_r3,add,1000,0.99,167
identity_r3,add,1000,0.991,167
identity_r3,add,1000,0.992,208
identity_r3,add,1000,0.993,208
identity_r3,add,1000,0.994,208
identity_r3,add,1000,0.995,208
identity_r3,add,1000,0.996,208
identity_r3,add,1000,0.997,209
identity_r3,add,1000,0.998,209
identity_r3,add,1000,0.999,250
identity_r3,cancel,1000,0,0
identity_r3,cancel,1000,0.001,41
identity_r3,cancel,1000,0.002,41
identity_r3,cancel,1000,0.003,41
identity_r3,cancel,1000,0.004,41
identity_r3,cancel,1000,0.005,41
identity_r3,cancel,1000,0.006,41
identity_r3,cancel,1000,0.007,41
identity_r3,cancel,1000,0.008,41
identity_r3,cancel,1000,0.009,41
identity_r3,cancel,1000,0.01,41
identity_r3,cancel,1000,0.011,41
identity_r3,cancel,1000,0.012,42
identity_r3,cancel,1000,0.013,42
identity_r3,cancel,1000,0.014,42
identity_r3,cancel,1000,0.015,42
identity_r3,cancel,1000,0.016,42
identity_r3,cancel,1000,0.017,42
identity_r3,cancel,1000,0.018,42
identity_r3,cancel,1000,0.019,42
identity_r3,cancel,1000,0.02,42
identity_r3,cancel,1000,0.021,42
identity_r3,cancel,1000,0.022,42
identity_r3,cancel,1000,0.023,42
identity_r3,cancel,1000,0.024,42
identity_r3,cancel,1000,0.025,42
identity_r3,cancel,1000,0.026,42
identity_r3,cancel,1000,0.027,42
identity_r3,cancel,1000,0.028,42
identity_r3,cancel,1000,0.029,42
identity_r3,cancel,1000,0.03,42
identity_r3,cancel,1000,0.031,42
identity_r3,cancel,1000,0.032,42
identity_r3,cancel,1000,0.033,42
identity_r3,cancel,1000,0.034,42
identity_r3,cancel,1000,0.035,83
identity_r3,cancel,1000,0.036,83
identity_r3,cancel,1000,0.037,83
identity_r3,cancel,1000,0.038,83
identity_r3,cancel,1000,0.039,83
identity_r3,cancel,1000,0.04,83
identity_r3,cancel,1000,0.041,83
identity_r3,cancel,1000,0.042,83
identity_r3,cancel,1000,0.043,83
identity_r3,cancel,1000,0.044,83
identity_r3,cancel,1000,0.045,83
identity_r3,cancel,1000,0.046,83
identity_r3,cancel,1000,0.047,83
identity_r3,cancel,1000,0.048,83
identity_r3,cancel,1000,0.049,83
identity_r3,cancel,1000,0.05,83
identity_r3,cancel,1000,0.051,83
identity_r3,cancel,1000,0.052,83
identity_r3,cancel,1000,0.053,83
identity_r3,cancel,1000,0.054,83
identity_r3,cancel,1000,0.055,83
identity_r3,cancel,1000,0.056,83
identity_r3,cancel,1000,0.057,83
identity_r3,cancel,1000,0.058,83
identity_r3,cancel,1000,0.059,83
identity_r3,cancel,1000,0.06,83
identity_r3,cancel,1000,0.061,83
identity_r3,cancel,1000,0.062,83
identity_r3,cancel,1000,0.063,83
identity_r3,cancel,1000,0.064,83
identity_r3,cancel,1000,0.065,83
identity_r3,cancel,1000,0.066,83
identity_r3,cancel,1000,0.067,83
identity_r3,cancel,1000,0.068,83
identity_r3,cancel,1000,0.069,83
identity_r3,cancel,1000,0.07,83
identity_r3,cancel,1000,0.071,83
identity_r3,cancel,1000,0.072,83
identity_r3,cancel,1000,0.073,83
identity_r3,cancel,1000,0.074,83
identity_r3,cancel,1000,0.075,83
identity_r3,cancel,1000,0.076,83
identity_r3,cancel,1000,0.077,83
identity_r3,cancel,1000,0.078,83
identity_r3,cancel,1000,0.079,83
identity_r3,cancel,1000,0.08,83
identity_r3,cancel,1000,0.081,83
identity_r3,cancel,1000,0.082,83
identity_r3,cancel,1000,0.083,83
identity_r3,cancel,1000,0.084,83
identity_r3,cancel,1000,0.085,83
identity_r3,cancel,1000,0.086,83
identity_r3,cancel,1000,0.087,83
identity_r3,cancel,1000,0.088,83
identity_r3,cancel,1000,0.089,83
identity_r3,cancel,1000,0.09,83
identity_r3,cancel,1000,0.091,83
identity_r3,cancel,1000,0.092,83
identity_r3,cancel,1000,0.093,83
identity_r3,cancel,1000,0.094,83
identity_r3,cancel,1000,0.095,83
identity_r3,cancel,1000,0.096,83
identity_r3,cancel,1000,0.097,83
identity_r3,cancel,1000,0.098,83
identity_r3,cancel,1000,0.099,83
identity_r3,cancel,1000,0.1,83
identity_r3,cancel,1000,0.101,83
identity_r3,cancel,1000,0.102,83
identity_r3,cancel,1000,0.103,83
identity_r3,cancel,1000,0.104,83
identity_r3,cancel,1000,0.105,83
identity_r3,cancel,1000,0.106,83
identity_r3,cancel,1000,0.107,83
identity_r3,cancel,1000,0.108,83
identity_r3,cancel,1000,0.109,83
identity_r3,cancel,1000,0.11,83
identity_r3,cancel,1000,0.111,83
identity_r3,cancel,1000,0.112,83
identity_r3,cancel,1000,0.113,83
identity_r3,cancel,1000,0.114,83
identity_r3,cancel,1000,0.115,83
identity_r3,cancel,1000,0.116,83
identity_r3,cancel,1000,0.117,83
identity_r3,cancel,1000,0.118,83
identity_r3,cancel,1000,0.119,83
identity_r3,cancel,1000,0.12,83
identity_r3,cancel,1000,0.121,83
identity_r3,cancel,1000,0.122,83
identity_r3,cancel,1000,0.123,83
identity_r3,cancel,1000,0.124,83
identity_r3,cancel,1000,0.125,83
identity_r3,cancel,1000,0.126,83
identity_r3,cancel,1000,0.127,83
identity_r3,cancel,1000,0.128,83
identity_r3,cancel,1000,0.129,83
identity_r3,cancel,1000,0.13,83
identity_r3,cancel,1000,0.131,83
identity_r3,cancel,1000,0.132,83
identity_r3,cancel,1000,0.133,83
identity_r3,cancel,1000,0.134,83
identity_r3,cancel,1000,0.135,83
identity_r3,cancel,1000,0.136,83
identity_r3,cancel,1000,0.137,83
identity_r3,cancel,1000,0.138,83
identity_r3,cancel,1000,0.139,83
identity_r3,cancel,1000,0.14,83
identity_r3,cancel,1000,0.141,83
identity_r3,cancel,1000,0.142,83
identity_r3,cancel,1000,0.143,83
identity_r3,cancel,1000,0.144,83
identity_r3,cancel,1000,0.145,83
identity_r3,cancel,1000,0.146,83
identity_r3,cancel,1000,0.147,83
identity_r3,cancel,1000,0.148,83
identity_r3,cancel,1000,0.149,83
identity_r3,cancel,1000,0.15,83
identity_r3,cancel,1000,0.151,83
identity_r3,cancel,1000,0.152,83
identity_r3,cancel,1000,0.153,83
identity_r3,cancel,1000,0.154,83
identity_r3,cancel,1000,0.155,83
identity_r3,cancel,1000,0.156,83
identity_r3,cancel,1000,0.157,83
identity_r3,cancel,1000,0.158,83
identity_r3,cancel,1000,0.159,83
identity_r3,cancel,1000,0.16,83
identity_r3,cancel,1000,0.161,83
identity_r3,cancel,1000,0.162,83
identity_r3,cancel,1000,0.163,83
identity_r3,cancel,1000,0.164,83
identity_r3,cancel,1000,0.165,84
identity_r3,cancel,1000,0.166,84
identity_r3,cancel,1000,0.167,84
identity_r3,cancel,1000,0.168,84
identity_r3,cancel,1000,0.169,84
identity_r3,cancel,1000,0.17,84
identity_r3,cancel,1000,0.171,84
identity_r3,cancel,1000,0.172,84
identity_r3,cancel,1000,0.173,84
identity_r3,cancel,1000,0.174,84
identity_r3,cancel,1000,0.175,84
identity_r3,cancel,1000,0.176,84
identity_r3,cancel,1000,0.177,84
identity_r3,cancel,1000,0.178,84
identity_r3,cancel,1000,0.179,84
identity_r3,cancel,1000,0.18,84
identity_r3,cancel,1000,0.181,84
identity_r3,cancel,1000,0.182,84
identity_r3,cancel,1000,0.183,84
identity_r3,cancel,1000,0.184,84
identity_r3,cancel,1000,0.185,84
identity_r3,cancel,1000,0.186,84
identity_r3,cancel,1000,0.187,84
identity_r3,cancel,1000,0.188,84
identity_r3,cancel,1000,0.189,84
identity_r3,cancel,1000,0.19,84
identity_r3,cancel,1000,0.191,84
identity_r3,cancel,1000,0.192,84
identity_r3,cancel,1000,0.193,84
identity_r3,cancel,1000,0.194,84
identity_r3,cancel,1000,0.195,84
identity_r3,cancel,1000,0.196,84
identity_r3,cancel,1000,0.197,84
identity_r3,cancel,1000,0.198,84
identity_r3,cancel,1000,0.199,84
identity_r3,cancel,1000,0.2,84
identity_r3,cancel,1000,0.201,84
identity_r3,cancel,1000,0.202,84
identity_r3,cancel,1000,0.203,84
identity_r3,cancel,1000,0.204,84
identity_r3,cancel,1000,0.205,84
identity_r3,cancel,1000,0.206,84
identity_r3,cancel,1000,0.207,84
identity_r3,cancel,1000,0.208,84
identity_r3,cancel,1000,0.209,84
identity_r3,cancel,1000,0.21,84
identity_r3,cancel,1000,0.211,84
identity_r3,cancel,1000,0.212,84
identity_r3,cancel,1000,0.213,84
identity_r3,cancel,1000,0.214,84
identity_r3,cancel,1000,0.215,84
identity_r3,cancel,1000,0.216,84
identity_r3,cancel,1000,0.217,84
identity_r3,cancel,1000,0.218,84
identity_r3,cancel,1000,0.219,84
identity_r3,cancel,1000,0.22,84
identity_r3,cancel,1000,0.221,84
identity_r3,cancel,1000,0.222,84
identity_r3,cancel,1000,0.223,84
identity_r3,cancel,1000,0.224,84
identity_r3,cancel,1000,0.225,84
identity_r3,cancel,1000,0.226,84
identity_r3,cancel,1000,0.227,84
identity_r3,cancel,1000,0.228,84
identity_r3,cancel,1000,0.229,84
identity_r3,cancel,1000,0.23,84
identity_r3,cancel,1000,0.231,125
identity_r3,cancel,1000,0.232,125
identity_r3,cancel,1000,0.233,125
identity_r3,cancel,1000,0.234,125
identity_r3,cancel,1000,0.235,125
identity_r3,cancel,1000,0.236,125
identity_r3,cancel,1000,0.237,125
identity_r3,cancel,1000,0.238,125
identity_r3,cancel,1000,0.239,125
identity_r3,cancel,1000,0.24,125
identity_r3,cancel,1000,0.241,125
identity_r3,cancel,1000,0.242,125
identity_r3,cancel,1000,0.243,125
identity_r3,cancel,1000,0.244,125
identity_r3,cancel,1000,0.245,125
identity_r3,cancel,1000,0.246,125
identity_r3,cancel,1000,0.247,125
identity_r3,cancel,1000,0.248,125
identity_r3,cancel,1000,0.249,125
identity_r3,cancel,1000,0.25,125
identity_r3,cancel,1000,0.251,125
identity_r3,cancel,1000,0.252,125
identity_r3,cancel,1000,0.253,125
identity_r3,cancel,1000,0.254,125
identity_r3,cancel,1000,0.255,125
identity_r3,cancel,1000,0.256,125
identity_r3,cancel,1000,0.257,125
identity_r3,cancel,1000,0.258,125
identity_r3,cancel,1000,0.259,125
identity_r3,cancel,1000,0.26,125
identity_r3,cancel,1000,0.261,125
identity_r3,cancel,1000,0.262,125
identity_r3,cancel,1000,0.263,125
identity_r3,cancel,1000,0.264,125
identity_r3,cancel,1000,0.265,125
identity_r3,cancel,1000,0.266,125
identity_r3,cancel,1000,0.267,125
identity_r3,cancel,1000,0.268,125
identity_r3,cancel,1000,0.269,125
identity_r3,cancel,1000,0.27,125
identity_r3,cancel,1000,0.271,125
identity_r3,cancel,1000,0.272,125
identity_r3,cancel,1000,0.273,125
identity_r3,cancel,1000,0.274,125
identity_r3,cancel,1000,0.275,125
identity_r3,cancel,1000,0.276,125
identity_r3,cancel,1000,0.277,125
identity_r3,cancel,1000,0.278,125
identity_r3,cancel,1000,0.279,125
identity_r3,cancel,1000,0.28,125
identity_r3,cancel,1000,0.281,125
identity_r3,cancel,1000,0.282,125
identity_r3,cancel,1000,0.283,125
identity_r3,cancel,1000,0.284,125
identity_r3,cancel,1000,0.285,125
identity_r3,cancel,1000,0.286,125
identity_r3,cancel,1000,0.287,125
identity_r3,cancel,1000,0.288,125
identity_r3,cancel,1000,0.289,125
identity_r3,cancel,1000,0.29,125
identity_r3,cancel,1000,0.291,125
identity_r3,cancel,1000,0.292,125
identity_r3,cancel,1000,0.293,125
identity_r3,cancel,1000,0.294,125
identity_r3,cancel,1000,0.295,125
identity_r3,cancel,1000,0.296,125
identity_r3,cancel,1000,0.297,125
identity_r3,cancel,1000,0.298,125
identity_r3,cancel,1000,0.299,125
identity_r3,cancel,1000,0.3,125
identity_r3,cancel,1000,0.301,125
identity_r3,cancel,1000,0.302,125
identity_r3,cancel,1000,0.303,125
identity_r3,cancel,1000,0.304,125
identity_r3,cancel,1000,0.305,125
identity_r3,cancel,1000,0.306,125
identity_r3,cancel,1000,0.307,125
identity_r3,cancel,1000,0.308,125
identity_r3,cancel,1000,0.309,125
identity_r3,cancel,1000,0.31,125
identity_r3,cancel,1000,0.311,125
identity_r3,cancel,1000,0.312,125
identity_r3,cancel,1000,0.313,125
identity_r3,cancel,1000,0.314,125
identity_r3,cancel,1000,0.315,125
identity_r3,cancel,1000,0.316,125
identity_r3,cancel,1000,0.317,125
identity_r3,cancel,1000,0.318,125
identity_r3,cancel,1000,0.319,125
identity_r3,cancel,1000,0.32,125
identity_r3,cancel,1000,0.321,125
identity_r3,cancel,1000,0.322,125
identity_r3,cancel,1000,0.323,125
identity_r3,cancel,1000,0.324,125
identity_r3,cancel,1000,0.325,125
identity_r3,cancel,1000,0.326,125
identity_r3,cancel,1000,0.327,125
identity_r3,cancel,1000,0.328,125
identity_r3,cancel,1000,0.329,125
identity_r3,cancel,1000,0.33,125
identity_r3,cancel,1000,0.331,125
identity_r3,cancel,1000,0.332,125
identity_r3,cancel,1000,0.333,125
identity_r3,cancel,1000,0.334,125
identity_r3,cancel,1000,0.335,125
identity_r3,cancel,1000,0.336,125
identity_r3,cancel,1000,0.337,125
identity_r3,cancel,1000,0.338,125
identity_r3,cancel,1000,0.339,125
identity_r3,cancel,1000,0.34,125
identity_r3,cancel,1000,0.341,125
identity_r3,cancel,1000,0.342,125
identity_r3,cancel,1000,0.343,125
identity_r3,cancel,1000,0.344,125
identity_r3,cancel,1000,0.345,125
identity_r3,cancel,1000,0.346,125
identity_r3,cancel,1000,0.347,125
identity_r3,cancel,1000,0.348,125
identity_r3,cancel,1000,0.349,125
identity_r3,cancel,1000,0.35,125
identity_r3,cancel,1000,0.351,125
identity_r3,cancel,1000,0.352,125
identity_r3,cancel,1000,0.353,125
identity_r3,cancel,1000,0.354,125
identity_r3,cancel,1000,0.355,125
identity_r3,cancel,1000,0.356,125
identity_r3,cancel,1000,0.357,125
identity_r3,cancel,1000,0.358,125
identity_r3,cancel,1000,0.359,125
identity_r3,cancel,1000,0.36,125
identity_r3,cancel,1000,0.361,125
identity_r3,cancel,1000,0.362,125
identity_r3,cancel,1000,0.363,125
identity_r3,cancel,1000,0.364,125
identity_r3,cancel,1000,0.365,125
identity_r3,cancel,1000,0.366,125
identity_r3,cancel,1000,0.367,125
identity_r3,cancel,1000,0.368,125
identity_r3,cancel,1000,0.369,125
identity_r3,cancel,1000,0.37,125
identity_r3,cancel,1000,0.371,125
identity_r3,cancel,1000,0.372,125
identity_r3,cancel,1000,0.373,125
identity_r3,cancel,1000,0.374,125
identity_r3,cancel,1000,0.375,125
identity_r3,cancel,1000,0.376,125
identity_r3,cancel,1000,0.377,125
identity_r3,cancel,1000,0.378,125
identity_r3,cancel,1000,0.379,125
identity_r3,cancel,1000,0.38,125
identity_r3,cancel,1000,0.381,125
identity_r3,cancel,1000,0.382,125
identity_r3,cancel,1000,0.383,125
identity_r3,cancel,1000,0.384,125
identity_r3,cancel,1000,0.385,125
identity_r3,cancel,1000,0.386,125
identity_r3,cancel,1000,0.387,125
identity_r3,cancel,1000,0.388,125
identity_r3,cancel,1000,0.389,125
identity_r3,cancel,1000,0.39,125
identity_r3,cancel,1000,0.391,125
identity_r3,cancel,1000,0.392,125
identity_r3,cancel,1000,0.393,125
identity_r3,cancel,1000,0.394,125
identity_r3,cancel,1000,0.395,125
identity_r3,cancel,1000,0.396,125
identity_r3,cancel,1000,0.397,125
identity_r3,cancel,1000,0.398,125
identity_r3,cancel,1000,0.399,125
identity_r3,cancel,1000,0.4,125
identity_r3,cancel,1000,0.401,125
identity_r3,cancel,1000,0.402,125
identity_r3,cancel,1000,0.403,125
identity_r3,cancel,1000,0.404,125
identity_r3,cancel,1000,0.405,125
identity_r3,cancel,1000,0.406,125
identity_r3,cancel,1000,0.407,125
identity_r3,cancel,1000,0.408,125
identity_r3,cancel,1000,0.409,125
identity_r3,cancel,1000,0.41,125
identity_r3,cancel,1000,0.411,125
identity_r3,cancel,1000,0.412,125
identity_r3,cancel,1000,0.413,125
identity_r3,cancel,1000,0.414,125
identity_r3,cancel,1000,0.415,125
identity_r3,cancel,1000,0.416,125
identity_r3,cancel,1000,0.417,125
identity_r3,cancel,1000,0.418,125
identity_r3,cancel,1000,0.419,125
identity_r3,cancel,1000,0.42,125
identity_r3,cancel,1000,0.421,125
identity_r3,cancel,1000,0.422,125
identity_r3,cancel,1000,0.423,125
identity_r3,cancel,1000,0.424,125
identity_r3,cancel,1000,0.425,125
identity_r3,cancel,1000,0.426,125
identity_r3,cancel,1000,0.427,125
identity_r3,cancel,1000,0.428,125
identity_r3,cancel,1000,0.429,125
identity_r3,cancel,1000,0.43,125
identity_r3,cancel,1000,0.431,125
identity_r3,cancel,1000,0.432,125
identity_r3,cancel,1000,0.433,125
identity_r3,cancel,1000,0.434,125
identity_r3,cancel,1000,0.435,125
identity_r3,cancel,1000,0.436,125
identity_r3,cancel,1000,0.437,125
identity_r3,cancel,1000,0.438,125
identity_r3,cancel,1000,0.439,125
identity_r3,cancel,1000,0.44,125
identity_r3,cancel,1000,0.441,125
identity_r3,cancel,1000,0.442,125
identity_r3,cancel,1000,0.443,125
identity_r3,cancel,1000,0.444,125
identity_r3,cancel,1000,0.445,125
identity_r3,cancel,1000,0.446,125
identity_r3,cancel,1000,0.447,125
identity_r3,cancel,1000,0.448,125
identity_r3,cancel,1000,0.449,125
identity_r3,cancel,1000,0.45,125
identity_r3,cancel,1000,0.451,125
identity_r3,cancel,1000,0.452,125
identity_r3,cancel,1000,0.453,125
identity_r3,cancel,1000,0.454,125
identity_r3,cancel,1000,0.455,125
identity_r3,cancel,1000,0.456,125
identity_r3,cancel,1000,0.457,125
identity_r3,cancel,1000,0.458,125
identity_r3,cancel,1000,0.459,125
identity_r3,cancel,1000,0.46,125
identity_r3,cancel,1000,0.461,125
identity_r3,cancel,1000,0.462,125
identity_r3,cancel,1000,0.463,125
identity_r3,cancel,1000,0.464,125
identity_r3,cancel,1000,0.465,125
identity_r3,cancel,1000,0.466,125
identity_r3,cancel,1000,0.467,125
identity_r3,cancel,1000,0.468,125
identity_r3,cancel,1000,0.469,125
identity_r3,cancel,1000,0.47,125
identity_r3,cancel,1000,0.471,125
identity_r3,cancel,1000,0.472,125
identity_r3,cancel,1000,0.473,125
identity_r3,cancel,1000,0.474,125
identity_r3,cancel,1000,0.475,125
identity_r3,cancel,1000,0.476,125
identity_r3,cancel,1000,0.477,125
identity_r3,cancel,1000,0.478,125
identity_r3,cancel,1000,0.479,125
identity_r3,cancel,1000,0.48,125
identity_r3,cancel,1000,0.481,125
identity_r3,cancel,1000,0.482,125
identity_r3,cancel,1000,0.483,125
identity_r3,cancel,1000,0.484,125
identity_r3,cancel,1000,0.485,125
identity_r3,cancel,1000,0.486,125
identity_r3,cancel,1000,0.487,125
identity_r3,cancel,1000,0.488,125
identity_r3,cancel,1000,0.489,125
identity_r3,cancel,1000,0.49,125
identity_r3,cancel,1000,0.491,125
identity_r3,cancel,1000,0.492,125
identity_r3,cancel,1000,0.493,125
identity_r3,cancel,1000,0.494,125
identity_r3,cancel,1000,0.495,125
identity_r3,cancel,1000,0.496,125
identity_r3,cancel,1000,0.497,125
identity_r3,cancel,1000,0.498,125
identity_r3,cancel,1000,0.499,125
identity_r3,cancel,1000,0.5,125
identity_r3,cancel,1000,0.501,125
identity_r3,cancel,1000,0.502,125
identity_r3,cancel,1000,0.503,125
identity_r3,cancel,1000,0.504,125
identity_r3,cancel,1000,0.505,125
identity_r3,cancel,1000,0.506,125
identity_r3,cancel,1000,0.507,125
identity_r3,cancel,1000,0.508,125
identity_r3,cancel,1000,0.509,125
identity_r3,cancel,1000,0.51,125
identity_r3,cancel,1000,0.511,125
identity_r3,cancel,1000,0.512,125
identity_r3,cancel,1000,0.513,125
identity_r3,cancel,1000,0.514,125
identity_r3,cancel,1000,0.515,125
identity_r3,cancel,1000,0.516,125
identity_r3,cancel,1000,0.517,125
identity_r3,cancel,1000,0.518,125
identity_r3,cancel,1000,0.519,125
identity_r3,cancel,1000,0.52,125
identity_r3,cancel,1000,0.521,125
identity_r3,cancel,1000,0.522,125
identity_r3,cancel,1000,0.523,125
identity_r3,cancel,1000,0.524,125
identity_r3,cancel,1000,0.525,125
identity_r3,cancel,1000,0.526,125
identity_r3,cancel,1000,0.527,125
identity_r3,cancel,1000,0.528,125
identity_r3,cancel,1000,0.529,125
identity_r3,cancel,1000,0.53,125
identity_r3,cancel,1000,0.531,125
identity_r3,cancel,1000,0.532,125
identity_r3,cancel,1000,0.533,125
identity_r3,cancel,1000,0.534,125
identity_r3,cancel,1000,0.535,125
identity_r3,cancel,1000,0.536,125
identity_r3,cancel,1000,0.537,125
identity_r3,cancel,1000,0.538,125
identity_r3,cancel,1000,0.539,125
identity_r3,cancel,1000,0.54,125
identity_r3,cancel,1000,0.541,125
identity_r3,cancel,1000,0.542,125
identity_r3,cancel,1000,0.543,125
identity_r3,cancel,1000,0.544,125
identity_r3,cancel,1000,0.545,125
identity_r3,cancel,1000,0.546,125
identity_r3,cancel,1000,0.547,125
identity_r3,cancel,1000,0.548,125
identity_r3,cancel,1000,0.549,125
identity_r3,cancel,1000,0.55,125
identity_r3,cancel,1000,0.551,125
identity_r3,cancel,1000,0.552,125
identity_r3,cancel,1000,0.553,125
identity_r3,cancel,1000,0.554,125
identity_r3,cancel,1000,0.555,125
identity_r3,cancel,1000,0.556,125
identity_r3,cancel,1000,0.557,125
identity_r3,cancel,1000,0.558,125
identity_r3,cancel,1000,0.559,125
identity_r3,cancel,1000,0.56,125
identity_r3,cancel,1000,0.561,125
identity_r3,cancel,1000,0.562,125
identity_r3,cancel,1000,0.563,125
identity_r3,cancel,1000,0.564,125
identity_r3,cancel,1000,0.565,125
identity_r3,cancel,1000,0.566,125
identity_r3,cancel,1000,0.567,125
identity_r3,cancel,1000,0.568,125
identity_r3,cancel,1000,0.569,125
identity_r3,cancel,1000,0.57,125
identity_r3,cancel,1000,0.571,125
identity_r3,cancel,1000,0.572,125
identity_r3,cancel,1000,0.573,125
identity_r3,cancel,1000,0.574,125
identity_r3,cancel,1000,0.575,125
identity_r3,cancel,1000,0.576,125
identity_r3,cancel,1000,0.577,125
identity_r3,cancel,1000,0.578,125
identity_r3,cancel,1000,0.579,125
identity_r3,cancel,1000,0.58,125
identity_r3,cancel,1000,0.581,125
identity_r3,cancel,1000,0.582,125
identity_r3,cancel,1000,0.583,125
identity_r3,cancel,1000,0.584,125
identity_r3,cancel,1000,0.585,125
identity_r3,cancel,1000,0.586,125
identity_r3,cancel,1000,0.587,125
identity_r3,cancel,1000,0.588,125
identity_r3,cancel,1000,0.589,125
identity_r3,cancel,1000,0.59,125
identity_r3,cancel,1000,0.591,125
identity_r3,cancel,1000,0.592,125
identity_r3,cancel,1000,0.593,125
identity_r3,cancel,1000,0.594,125
identity_r3,cancel,1000,0.595,125
identity_r3,cancel,1000,0.596,125
identity_r3,cancel,1000,0.597,125
identity_r3,cancel,1000,0.598,125
identity_r3,cancel,1000,0.599,125
identity_r3,cancel,1000,0.6,125
identity_r3,cancel,1000,0.601,125
identity_r3,cancel,1000,0.602,125
identity_r3,cancel,1000,0.603,125
identity_r3,cancel,1000,0.604,125
identity_r3,cancel,1000,0.605,125
identity_r3,cancel,1000,0.606,125
identity_r3,cancel,1000,0.607,125
identity_r3,cancel,1000,0.608,125
identity_r3,cancel,1000,0.609,125
identity_r3,cancel,1000,0.61,125
identity_r3,cancel,1000,0.611,125
identity_r3,cancel,1000,0.612,125
identity_r3,cancel,1000,0.613,125
identity_r3,cancel,1000,0.614,125
identity_r3,cancel,1000,0.615,125
identity_r3,cancel,1000,0.616,125
identity_r3,cancel,1000,0.617,125
identity_r3,cancel,1000,0.618,125
identity_r3,cancel,1000,0.619,125
identity_r3,cancel,1000,0.62,125
identity_r3,cancel,1000,0.621,125
identity_r3,cancel,1000,0.622,125
identity_r3,cancel,1000,0.623,125
identity_r3,cancel,1000,0.624,125
identity_r3,cancel,1000,0.625,125
identity_r3,cancel,1000,0.626,125
identity_r3,cancel,1000,0.627,125
identity_r3,cancel,1000,0.628,125
identity_r3,cancel,1000,0.629,125
identity_r3,cancel,1000,0.63,125
identity_r3,cancel,1000,0.631,125
identity_r3,cancel,1000,0.632,125
identity_r3,cancel,1000,0.633,125
identity_r3,cancel,1000,0.634,125
identity_r3,cancel,1000,0.635,125
identity_r3,cancel,1000,0.636,125
identity_r3,cancel,1000,0.637,125
identity_r3,cancel,1000,0.638,125
identity_r3,cancel,1000,0.639,125
identity_r3,cancel,1000,0.64,125
identity_r3,cancel,1000,0.641,125
identity_r3,cancel,1000,0.642,125
identity_r3,cancel,1000,0.643,125
identity_r3,cancel,1000,0.644,125
identity_r3,cancel,1000,0.645,125
identity_r3,cancel,1000,0.646,125
identity_r3,cancel,1000,0.647,125
identity_r3,cancel,1000,0.648,125
identity_r3,cancel,1000,0.649,125
identity_r3,cancel,1000,0.65,125
identity_r3,cancel,1000,0.651,125
identity_r3,cancel,1000,0.652,125
identity_r3,cancel,1000,0.653,125
identity_r3,cancel,1000,0.654,125
identity_r3,cancel,1000,0.655,125
identity_r3,cancel,1000,0.656,125
identity_r3,cancel,1000,0.657,125
identity_r3,cancel,1000,0.658,125
identity_r3,cancel,1000,0.659,125
identity_r3,cancel,1000,0.66,125
identity_r3,cancel,1000,0.661,125
identity_r3,cancel,1000,0.662,125
identity_r3,cancel,1000,0.663,125
identity_r3,cancel,1000,0.664,125
identity_r3,cancel,1000,0.665,125
identity_r3,cancel,1000,0.666,125
identity_r3,cancel,1000,0.667,125
identity_r3,cancel,1000,0.668,125
identity_r3,cancel,1000,0.669,125
identity_r3,cancel,1000,0.67,125
identity_r3,cancel,1000,0.671,125
identity_r3,cancel,1000,0.672,125
identity_r3,cancel,1000,0.673,125
identity_r3,cancel,1000,0.674,125
identity_r3,cancel,1000,0.675,125
identity_r3,cancel,1000,0.676,125
identity_r3,cancel,1000,0.677,125
identity_r3,cancel,1000,0.678,125
identity_r3,cancel,1000,0.679,125
identity_r3,cancel,1000,0.68,125
identity_r3,cancel,1000,0.681,125
identity_r3,cancel,1000,0.682,125
identity_r3,cancel,1000,0.683,125
identity_r3,cancel,1000,0.684,125
identity_r3,cancel,1000,0.685,125
identity_r3,cancel,1000,0.686,125
identity_r3,cancel,1000,0.687,125
identity_r3,cancel,1000,0.688,125
identity_r3,cancel,1000,0.689,125
identity_r3,cancel,1000,0.69,125
identity_r3,cancel,1000,0.691,125
identity_r3,cancel,1000,0.692,125
identity_r3,cancel,1000,0.693,125
identity_r3,cancel,1000,0.694,125
identity_r3,cancel,1000,0.695,125
identity_r3,cancel,1000,0.696,125
identity_r3,cancel,1000,0.697,125
identity_r3,cancel,1000,0.698,125
identity_r3,cancel,1000,0.699,125
identity_r3,cancel,1000,0.7,125
identity_r3,cancel,1000,0.701,125
identity_r3,cancel,1000,0.702,125
identity_r3,cancel,1000,0.703,125
identity_r3,cancel,1000,0.704,125
identity_r3,cancel,1000,0.705,125
identity_r3,cancel,1000,0.706,125
identity_r3,cancel,1000,0.707,125
identity_r3,cancel,1000,0.708,125
identity_r3,cancel,1000,0.709,125
identity_r3,cancel,1000,0.71,125
identity_r3,cancel,1000,0.711,125
identity_r3,cancel,1000,0.712,125
identity_r3,cancel,1000,0.713,125
identity_r3,cancel,1000,0.714,125
identity_r3,cancel,1000,0.715,125
identity_r3,cancel,1000,0.716,125
identity_r3,cancel,1000,0.717,125
identity_r3,cancel,1000,0.718,125
identity_r3,cancel,1000,0.719,125
identity_r3,cancel,1000,0.72,125
identity_r3,cancel,1000,0.721,125
identity_r3,cancel,1000,0.722,125
identity_r3,cancel,1000,0.723,125
identity_r3,cancel,1000,0.724,125
identity_r3,cancel,1000,0.725,125
identity_r3,cancel,1000,0.726,125
identity_r3,cancel,1000,0.727,125
identity_r3,cancel,1000,0.728,125
identity_r3,cancel,1000,0.729,125
identity_r3,cancel,1000,0.73,125
identity_r3,cancel,1000,0.731,125
identity_r3,cancel,1000,0.732,125
identity_r3,cancel,1000,0.733,125
identity_r3,cancel,1000,0.734,125
identity_r3,cancel,1000,0.735,125
identity_r3,cancel,1000,0.736,125
identity_r3,cancel,1000,0.737,125
identity_r3,cancel,1000,0.738,125
identity_r3,cancel,1000,0.739,125
identity_r3,cancel,1000,0.74,125
identity_r3,cancel,1000,0.741,125
identity_r3,cancel,1000,0.742,125
identity_r3,cancel,1000,0.743,125
identity_r3,cancel,1000,0.744,125
identity_r3,cancel,1000,0.745,125
identity_r3,cancel,1000,0.746,125
identity_r3,cancel,1000,0.747,125
identity_r3,cancel,1000,0.748,125
identity_r3,cancel,1000,0.749,125
identity_r3,cancel,1000,0.75,125
identity_r3,cancel,1000,0.751,125
identity_r3,cancel,1000,0.752,125
identity_r3,cancel,1000,0.753,125
identity_r3,cancel,1000,0.754,125
identity_r3,cancel,1000,0.755,125
identity_r3,cancel,1000,0.756,125
identity_r3,cancel,1000,0.757,125
identity_r3,cancel,1000,0.758,125
identity_r3,cancel,1000,0.759,125
identity_r3,cancel,1000,0.76,125
identity_r3,cancel,1000,0.761,125
identity_r3,cancel,1000,0.762,125
identity_r3,cancel,1000,0.763,125
identity_r3,cancel,1000,0.764,125
identity_r3,cancel,1000,0.765,125
identity_r3,cancel,1000,0.766,125
identity_r3,cancel,1000,0.767,125
identity_r3,cancel,1000,0.768,125
identity_r3,cancel,1000,0.769,125
identity_r3,cancel,1000,0.77,166
identity_r3,cancel,1000,0.771,166
identity_r3,cancel,1000,0.772,166
identity_r3,cancel,1000,0.773,166
identity_r3,cancel,1000,0.774,166
identity_r3,cancel,1000,0.775,166
identity_r3,cancel,1000,0.776,166
identity_r3,cancel,1000,0.777,166
identity_r3,cancel,1000,0.778,166
identity_r3,cancel,1000,0.779,166
identity_r3,cancel,1000,0.78,166
identity_r3,cancel,1000,0.781,166
identity_r3,cancel,1000,0.782,166
identity_r3,cancel,1000,0.783,166
identity_r3,cancel,1000,0.784,166
identity_r3,cancel,1000,0.785,166
identity_r3,cancel,1000,0.786,166
identity_r3,cancel,1000,0.787,166
identity_r3,cancel,1000,0.788,166
identity_r3,cancel,1000,0.789,166
identity_r3,cancel,1000,0.79,166
identity_r3,cancel,1000,0.791,166
identity_r3,cancel,1000,0.792,166
identity_r3,cancel,1000,0.793,166
identity_r3,cancel,1000,0.794,166
identity_r3,cancel,1000,0.795,166
identity_r3,cancel,1000,0.796,166
identity_r3,cancel,1000,0.797,166
identity_r3,cancel,1000,0.798,166
identity_r3,cancel,1000,0.799,166
identity_r3,cancel,1000,0.8,166
identity_r3,cancel,1000,0.801,166
identity_r3,cancel,1000,0.802,166
identity_r3,cancel,1000,0.803,166
identity_r3,cancel,1000,0.804,166
identity_r3,cancel,1000,0.805,166
identity_r3,cancel,1000,0.806,166
identity_r3,cancel,1000,0.807,166
identity_r3,cancel,1000,0.808,166
identity_r3,cancel,1000,0.809,166
identity_r3,cancel,1000,0.81,166
identity_r3,cancel,1000,0.811,166
identity_r3,cancel,1000,0.812,166
identity_r3,cancel,1000,0.813,166
identity_r3,cancel,1000,0.814,166
identity_r3,cancel,1000,0.815,166
identity_r3,cancel,1000,0.816,166
identity_r3,cancel,1000,0.817,166
identity_r3,cancel,1000,0.818,166
identity_r3,cancel,1000,0.819,166
identity_r3,cancel,1000,0.82,166
identity_r3,cancel,1000,0.821,166
identity_r3,cancel,1000,0.822,166
identity_r3,cancel,1000,0.823,166
identity_r3,cancel,1000,0.824,166
identity_r3,cancel,1000,0.825,166
identity_r3,cancel,1000,0.826,166
identity_r3,cancel,1000,0.827,166
identity_r3,cancel,1000,0.828,166
identity_r3,cancel,1000,0.829,166
identity_r3,cancel,1000,0.83,166
identity_r3,cancel,1000,0.831,166
identity_r3,cancel,1000,0.832,166
identity_r3,cancel,1000,0.833,167
identity_r3,cancel,1000,0.834,167
identity_r3,cancel,1000,0.835,167
identity_r3,cancel,1000,0.836,167
identity_r3,cancel,1000,0.837,167
identity_r3,cancel,1000,0.838,167
identity_r3,cancel,1000,0.839,167
identity_r3,cancel,1000,0.84,167
identity_r3,cancel,1000,0.841,167
identity_r3,cancel,1000,0.842,167
identity_r3,cancel,1000,0.843,167
identity_r3,cancel,1000,0.844,167
identity_r3,cancel,1000,0.845,167
identity_r3,cancel,1000,0.846,167
identity_r3,cancel,1000,0.847,167
identity_r3,cancel,1000,0.848,167
identity_r3,cancel,1000,0.849,167
identity_r3,cancel,1000,0.85,167
identity_r3,cancel,1000,0.851,167
identity_r3,cancel,1000,0.852,167
identity_r3,cancel,1000,0.853,167
identity_r3,cancel,1000,0.854,167
identity_r3,cancel,1000,0.855,167
identity_r3,cancel,1000,0.856,167
identity_r3,cancel,1000,0.857,167
identity_r3,cancel,1000,0.858,167
identity_r3,cancel,1000,0.859,167
identity_r3,cancel,1000,0.86,167
identity_r3,cancel,1000,0.861,167
identity_r3,cancel,1000,0.862,167
identity_r3,cancel,1000,0.863,167
identity_r3,cancel,1000,0.864,167
identity_r3,cancel,1000,0.865,167
identity_r3,cancel,1000,0.866,167
identity_r3,cancel,1000,0.867,167
identity_r3,cancel,1000,0.868,167
identity_r3,cancel,1000,0.869,167
identity_r3,cancel,1000,0.87,167
identity_r3,cancel,1000,0.871,167
identity_r3,cancel,1000,0.872,167
identity_r3,cancel,1000,0.873,167
identity_r3,cancel,1000,0.874,167
identity_r3,cancel,1000,0.875,167
identity_r3,cancel,1000,0.876,167
identity_r3,cancel,1000,0.877,167
identity_r3,cancel,1000,0.878,167
identity_r3,cancel,1000,0.879,167
identity_r3,cancel,1000,0.88,167
identity_r3,cancel,1000,0.881,167
identity_r3,cancel,1000,0.882,167
identity_r3,cancel,1000,0.883,167
identity_r3,cancel,1000,0.884,167
identity_r3,cancel,1000,0.885,167
identity_r3,cancel,1000,0.886,167
identity_r3,cancel,1000,0.887,167
identity_r3,cancel,1000,0.888,167
identity_r3,cancel,1000,0.889,167
identity_r3,cancel,1000,0.89,167
identity_r3,cancel,1000,0.891,167
identity_r3,cancel,1000,0.892,167
identity_r3,cancel,1000,0.893,167
identity_r3,cancel,1000,0.894,167
identity_r3,cancel,1000,0.895,167
identity_r3,cancel,1000,0.896,167
identity_r3,cancel,1000,0.897,167
identity_r3,cancel,1000,0.898,167
identity_r3,cancel,1000,0.899,167
identity_r3,cancel,1000,0.9,167
identity_r3,cancel,1000,0.901,167
identity_r3,cancel,1000,0.902,167
identity_r3,cancel,1000,0.903,167
identity_r3,cancel,1000,0.904,167
identity_r3,cancel,1000,0.905,167
identity_r3,cancel,1000,0.906,167
identity_r3,cancel,1000,0.907,167
identity_r3,cancel,1000,0.908,167
identity_r3,cancel,1000,0.909,167
identity_r3,cancel,1000,0.91,167
identity_r3,cancel,1000,0.911,167
identity_r3,cancel,1000,0.912,167
identity_r3,cancel,1000,0.913,167
identity_r3,cancel,1000,0.914,167
identity_r3,cancel,1000,0.915,167
identity_r3,cancel,1000,0.916,167
identity_r3,cancel,1000,0.917,167
identity_r3,cancel,1000,0.918,167
identity_r3,cancel,1000,0.919,167
identity_r3,cancel,1000,0.92,167
identity_r3,cancel,1000,0.921,167
identity_r3,cancel,1000,0.922,167
identity_r3,cancel,1000,0.923,167
identity_r3,cancel,1000,0.924,167
identity_r3,cancel,1000,0.925,167
identity_r3,cancel,1000,0.926,167
identity_r3,cancel,1000,0.927,167
identity_r3,cancel,1000,0.928,167
identity_r3,cancel,1000,0.929,167
identity_r3,cancel,1000,0.93,167
identity_r3,cancel,1000,0.931,167
identity_r3,cancel,1000,0.932,167
identity_r3,cancel,1000,0.933,167
identity_r3,cancel,1000,0.934,167
identity_r3,cancel,1000,0.935,167
identity_r3,cancel,1000,0.936,167
identity_r3,cancel,1000,0.937,167
identity_r3,cancel,1000,0.938,167
identity_r3,cancel,1000,0.939,167
identity_r3,cancel,1000,0.94,167
identity_r3,cancel,1000,0.941,167
identity_r3,cancel,1000,0.942,167
identity_r3,cancel,1000,0.943,167
identity_r3,cancel,1000,0.944,167
identity_r3,cancel,1000,0.945,167
identity_r3,cancel,1000,0.946,167
identity_r3,cancel,1000,0.947,167
identity_r3,cancel,1000,0.948,167
identity_r3,cancel,1000,0.949,167
identity_r3,cancel,1000,0.95,167
identity_r3,cancel,1000,0.951,167
identity_r3,cancel,1000,0.952,167
identity_r3,cancel,1000,0.953,167
identity_r3,cancel,1000,0.954,167
identity_r3,cancel,1000,0.955,167
identity_r3,cancel,1000,0.956,167
identity_r3,cancel,1000,0.957,167
identity_r3,cancel,1000,0.958,208
identity_r3,cancel,1000,0.959,208
identity_r3,cancel,1000,0.96,208
identity_r3,cancel,1000,0.961,208
identity_r3,cancel,1000,0.962,208
identity_r3,cancel,1000,0.963,208
identity_r3,cancel,1000,0.964,208
identity_r3,cancel,1000,0.965,208
identity_r3,cancel,1000,0.966,208
identity_r3,cancel,1000,0.967,208
identity_r3,cancel,1000,0.968,208
identity_r3,cancel,1000,0.969,208
identity_r3,cancel,1000,0.97,208
identity_r3,cancel,1000,0.971,208
identity_r3,cancel,1000,0.972,208
identity_r3,cancel,1000,0.973,208
identity_r3,cancel,1000,0.974,208
identity_r3,cancel,1000,0.975,208
identity_r3,cancel,1000,0.976,208
identity_r3,cancel,1000,0.977,209
identity_r3,cancel,1000,0.978,209
identity_r3,cancel,1000,0.979,209
identity_r3,cancel,1000,0.98,209
identity_r3,cancel,1000,0.981,209
identity_r3,cancel,1000,0.982,209
identity_r3,cancel,1000,0.983,209
identity_r3,cancel,1000,0.984,209
identity_r3,cancel,1000,0.985,209
identity_r3,cancel,1000,0.986,209
identity_r3,cancel,1000,0.987,250
identity_r3,cancel,1000,0.988,250
identity_r3,cancel,1000,0.989,250
identity_r3,cancel,1000,0.99,250
identity_r3,cancel,1000,0.991,250
identity_r3,cancel,1000,0.992,250
identity_r3,cancel,1000,0.993,250
identity_r3,cancel,1000,0.994,291
identity_r3,cancel,1000,0.995,292
identity_r3,cancel,1000,0.996,292
identity_r3,cancel,1000,0.997,333
identity_r3,cancel,1000,0.998,375
identity_r3,cancel,1000,0.999,500
identity_r3,match,1000,0,0
identity_r3,match,1000,0.001,0
identity_r3,match,1000,0.002,0
identity_r3,match,1000,0.003,0
identity_r3,match,1000,0.004,0
identity_r3,match,1000,0.005,0
identity_r3,match,1000,0.006,0
identity_r3,match,1000,0.007,0
identity_r3,match,1000,0.008,0
identity_r3,match,1000,0.009,0
identity_r3,match,1000,0.01,0
identity_r3,match,1000,0.011,0
identity_r3,match,1000,0.012,0
identity_r3,match,1000,0.013,41
identity_r3,match,1000,0.014,41
identity_r3,match,1000,0.015,41
identity_r3,match,1000,0.016,41
identity_r3,match,1000,0.017,41
identity_r3,match,1000,0.018,41
identity_r3,match,1000,0.019,41
identity_r3,match,1000,0.02,41
identity_r3,match,1000,0.021,41
identity_r3,match,1000,0.022,41
identity_r3,match,1000,0.023,41
identity_r3,match,1000,0.024,41
identity_r3,match,1000,0.025,41
identity_r3,match,1000,0.026,41
identity_r3,match,1000,0.027,41
identity_r3,match,1000,0.028,41
identity_r3,match,1000,0.029,41
identity_r3,match,1000,0.03,41
identity_r3,match,1000,0.031,41
identity_r3,match,1000,0.032,41
identity_r3,match,1000,0.033,41
identity_r3,match,1000,0.034,41
identity_r3,match,1000,0.035,41
identity_r3,match,1000,0.036,41
identity_r3,match,1000,0.037,41
identity_r3,match,1000,0.038,41
identity_r3,match,1000,0.039,41
identity_r3,match,1000,0.04,41
identity_r3,match,1000,0.041,41
identity_r3,match,1000,0.042,41
identity_r3,match,1000,0.043,41
identity_r3,match,1000,0.044,41
identity_r3,match,1000,0.045,41
identity_r3,match,1000,0.046,41
identity_r3,match,1000,0.047,41
identity_r3,match,1000,0.048,41
identity_r3,match,1000,0.049,41
identity_r3,match,1000,0.05,41
identity_r3,match,1000,0.051,41
identity_r3,match,1000,0.052,41
identity_r3,match,1000,0.053,41
identity_r3,match,1000,0.054,41
identity_r3,match,1000,0.055,41
identity_r3,match,1000,0.056,41
identity_r3,match,1000,0.057,41
identity_r3,match,1000,0.058,41
identity_r3,match,1000,0.059,41
identity_r3,match,1000,0.06,41
identity_r3,match,1000,0.061,41
identity_r3,match,1000,0.062,41
identity_r3,match,1000,0.063,41
identity_r3,match,1000,0.064,41
identity_r3,match,1000,0.065,41
identity_r3,match,1000,0.066,41
identity_r3,match,1000,0.067,41
identity_r3,match,1000,0.068,41
identity_r3,match,1000,0.069,41
identity_r3,match,1000,0.07,41
identity_r3,match,1000,0.071,41
identity_r3,match,1000,0.072,41
identity_r3,match,1000,0.073,41
identity_r3,match,1000,0.074,41
identity_r3,match,1000,0.075,41
identity_r3,match,1000,0.076,41
identity_r3,match,1000,0.077,41
identity_r3,match,1000,0.078,41
identity_r3,match,1000,0.079,41
identity_r3,match,1000,0.08,41
identity_r3,match,1000,0.081,41
identity_r3,match,1000,0.082,41
identity_r3,match,1000,0.083,41
identity_r3,match,1000,0.084,41
identity_r3,match,1000,0.085,41
identity_r3,match,1000,0.086,41
identity_r3,match,1000,0.087,41
identity_r3,match,1000,0.088,41
identity_r3,match,1000,0.089,41
identity_r3,match,1000,0.09,41
identity_r3,match,1000,0.091,41
identity_r3,match,1000,0.092,41
identity_r3,match,1000,0.093,41
identity_r3,match,1000,0.094,41
identity_r3,match,1000,0.095,41
identity_r3,match,1000,0.096,41
identity_r3,match,1000,0.097,41
identity_r3,match,1000,0.098,41
identity_r3,match,1000,0.099,41
identity_r3,match,1000,0.1,41
identity_r3,match,1000,0.101,41
identity_r3,match,1000,0.102,41
identity_r3,match,1000,0.103,41
identity_r3,match,1000,0.104,41
identity_r3,match,1000,0.105,41
identity_r3,match,1000,0.106,41
identity_r3,match,1000,0.107,41
identity_r3,match,1000,0.108,41
identity_r3,match,1000,0.109,41
identity_r3,match,1000,0.11,41
identity_r3,match,1000,0.111,41
identity_r3,match,1000,0.112,41
identity_r3,match,1000,0.113,41
identity_r3,match,1000,0.114,41
identity_r3,match,1000,0.115,41
identity_r3,match,1000,0.116,41
identity_r3,match,1000,0.117,41
identity_r3,match,1000,0.118,41
identity_r3,match,1000,0.119,41
identity_r3,match,1000,0.12,41
identity_r3,match,1000,0.121,41
identity_r3,match,1000,0.122,41
identity_r3,match,1000,0.123,41
identity_r3,match,1000,0.124,41
identity_r3,match,1000,0.125,41
identity_r3,match,1000,0.126,41
identity_r3,match,1000,0.127,41
identity_r3,match,1000,0.128,41
identity_r3,match,1000,0.129,41
identity_r3,match,1000,0.13,41
identity_r3,match,1000,0.131,41
identity_r3,match,1000,0.132,41
identity_r3,match,1000,0.133,41
identity_r3,match,1000,0.134,41
identity_r3,match,1000,0.135,41
identity_r3,match,1000,0.136,41
identity_r3,match,1000,0.137,41
identity_r3,match,1000,0.138,41
identity_r3,match,1000,0.139,41
identity_r3,match,1000,0.14,41
identity_r3,match,1000,0.141,41
identity_r3,match,1000,0.142,41
identity_r3,match,1000,0.143,41
identity_r3,match,1000,0.144,41
identity_r3,match,1000,0.145,41
identity_r3,match,1000,0.146,41
identity_r3,match,1000,0.147,41
identity_r3,match,1000,0.148,41
identity_r3,match,1000,0.149,41
identity_r3,match,1000,0.15,41
identity_r3,match,1000,0.151,41
identity_r3,match,1000,0.152,41
identity_r3,match,1000,0.153,41
identity_r3,match,1000,0.154,41
identity_r3,match,1000,0.155,41
identity_r3,match,1000,0.156,41
identity_r3,match,1000,0.157,41
identity_r3,match,1000,0.158,41
identity_r3,match,1000,0.159,41
identity_r3,match,1000,0.16,41
identity_r3,match,1000,0.161,41
identity_r3,match,1000,0.162,41
identity_r3,match,1000,0.163,41
identity_r3,match,1000,0.164,41
identity_r3,match,1000,0.165,41
identity_r3,match,1000,0.166,41
identity_r3,match,1000,0.167,41
identity_r3,match,1000,0.168,41
identity_r3,match,1000,0.169,41
identity_r3,match,1000,0.17,41
identity_r3,match,1000,0.171,41
identity_r3,match,1000,0.172,41
identity_r3,match,1000,0.173,41
identity_r3,match,1000,0.174,41
identity_r3,match,1000,0.175,41
identity_r3,match,1000,0.176,41
identity_r3,match,1000,0.177,41
identity_r3,match,1000,0.178,41
identity_r3,match,1000,0.179,41
identity_r3,match,1000,0.18,41
identity_r3,match,1000,0.181,41
identity_r3,match,1000,0.182,41
identity_r3,match,1000,0.183,41
identity_r3,match,1000,0.184,41
identity_r3,match,1000,0.185,41
identity_r3,match,1000,0.186,41
identity_r3,match,1000,0.187,41
identity_r3,match,1000,0.188,41
identity_r3,match,1000,0.189,41
identity_r3,match,1000,0.19,41
identity_r3,match,1000,0.191,41
identity_r3,match,1000,0.192,41
identity_r3,match,1000,0.193,41
identity_r3,match,1000,0.194,41
identity_r3,match,1000,0.195,41
identity_r3,match,1000,0.196,41
identity_r3,match,1000,0.197,41
identity_r3,match,1000,0.198,41
identity_r3,match,1000,0.199,41
identity_r3,match,1000,0.2,41
identity_r3,match,1000,0.201,41
identity_r3,match,1000,0.202,41
identity_r3,match,1000,0.203,41
identity_r3,match,1000,0.204,41
identity_r3,match,1000,0.205,41
identity_r3,match,1000,0.206,41
identity_r3,match,1000,0.207,41
identity_r3,match,1000,0.208,41
identity_r3,match,1000,0.209,41
identity_r3,match,1000,0.21,41
identity_r3,match,1000,0.211,41
identity_r3,match,1000,0.212,41
identity_r3,match,1000,0.213,41
identity_r3,match,1000,0.214,41
identity_r3,match,1000,0.215,41
identity_r3,match,1000,0.216,41
identity_r3,match,1000,0.217,41
identity_r3,match,1000,0.218,41
identity_r3,match,1000,0.219,41
identity_r3,match,1000,0.22,41
identity_r3,match,1000,0.221,41
identity_r3,match,1000,0.222,41
identity_r3,match,1000,0.223,41
identity_r3,match,1000,0.224,41
identity_r3,match,1000,0.225,41
identity_r3,match,1000,0.226,41
identity_r3,match,1000,0.227,41
identity_r3,match,1000,0.228,41
identity_r3,match,1000,0.229,41
identity_r3,match,1000,0.23,41
identity_r3,match,1000,0.231,41
identity_r3,match,1000,0.232,41
identity_r3,match,1000,0.233,41
identity_r3,match,1000,0.234,41
identity_r3,match,1000,0.235,41
identity_r3,match,1000,0.236,41
identity_r3,match,1000,0.237,41
identity_r3,match,1000,0.238,41
identity_r3,match,1000,0.239,41
identity_r3,match,1000,0.24,41
identity_r3,match,1000,0.241,41
identity_r3,match,1000,0.242,41
identity_r3,match,1000,0.243,41
identity_r3,match,1000,0.244,41
identity_r3,match,1000,0.245,41
identity_r3,match,1000,0.246,41
identity_r3,match,1000,0.247,41
identity_r3,match,1000,0.248,41
identity_r3,match,1000,0.249,41
identity_r3,match,1000,0.25,41
identity_r3,match,1000,0.251,41
identity_r3,match,1000,0.252,41
identity_r3,match,1000,0.253,41
identity_r3,match,1000,0.254,41
identity_r3,match,1000,0.255,41
identity_r3,match,1000,0.256,41
identity_r3,match,1000,0.257,41
identity_r3,match,1000,0.258,41
identity_r3,match,1000,0.259,42
identity_r3,match,1000,0.26,42
identity_r3,match,1000,0.261,42
identity_r3,match,1000,0.262,42
identity_r3,match,1000,0.263,42
identity_r3,match,1000,0.264,42
identity_r3,match,1000,0.265,42
identity_r3,match,1000,0.266,42
identity_r3,match,1000,0.267,42
identity_r3,match,1000,0.268,42
identity_r3,match,1000,0.269,42
identity_r3,match,1000,0.27,42
identity_r3,match,1000,0.271,42
identity_r3,match,1000,0.272,42
identity_r3,match,1000,0.273,42
identity_r3,match,1000,0.274,42
identity_r3,match,1000,0.275,42
identity_r3,match,1000,0.276,42
identity_r3,match,1000,0.277,42
identity_r3,match,1000,0.278,42
identity_r3,match,1000,0.279,42
identity_r3,match,1000,0.28,42
identity_r3,match,1000,0.281,42
identity_r3,match,1000,0.282,42
identity_r3,match,1000,0.283,42
identity_r3,match,1000,0.284,42
identity_r3,match,1000,0.285,42
identity_r3,match,1000,0.286,42
identity_r3,match,1000,0.287,42
identity_r3,match,1000,0.288,42
identity_r3,match,1000,0.289,42
identity_r3,match,1000,0.29,42
identity_r3,match,1000,0.291,42
identity_r3,match,1000,0.292,42
identity_r3,match,1000,0.293,42
identity_r3,match,1000,0.294,42
identity_r3,match,1000,0.295,42
identity_r3,match,1000,0.296,42
identity_r3,match,1000,0.297,42
identity_r3,match,1000,0.298,42
identity_r3,match,1000,0.299,42
identity_r3,match,1000,0.3,42
identity_r3,match,1000,0.301,42
identity_r3,match,1000,0.302,42
identity_r3,match,1000,0.303,42
identity_r3,match,1000,0.304,42
identity_r3,match,1000,0.305,42
identity_r3,match,1000,0.306,42
identity_r3,match,1000,0.307,42
identity_r3,match,1000,0.308,42
identity_r3,match,1000,0.309,42
identity_r3,match,1000,0.31,42
identity_r3,match,1000,0.311,42
identity_r3,match,1000,0.312,42
identity_r3,match,1000,0.313,42
identity_r3,match,1000,0.314,42
identity_r3,match,1000,0.315,42
identity_r3,match,1000,0.316,42
identity_r3,match,1000,0.317,42
identity_r3,match,1000,0.318,42
identity_r3,match,1000,0.319,42
identity_r3,match,1000,0.32,42
identity_r3,match,1000,0.321,42
identity_r3,match,1000,0.322,42
identity_r3,match,1000,0.323,42
identity_r3,match,1000,0.324,42
identity_r3,match,1000,0.325,42
identity_r3,match,1000,0.326,42
identity_r3,match,1000,0.327,42
identity_r3,match,1000,0.328,42
identity_r3,match,1000,0.329,42
identity_r3,match,1000,0.33,42
identity_r3,match,1000,0.331,42
identity_r3,match,1000,0.332,42
identity_r3,match,1000,0.333,42
identity_r3,match,1000,0.334,42
identity_r3,match,1000,0.335,42
identity_r3,match,1000,0.336,42
identity_r3,match,1000,0.337,42
identity_r3,match,1000,0.338,42
identity_r3,match,1000,0.339,42
identity_r3,match,1000,0.34,42
identity_r3,match,1000,0.341,42
identity_r3,match,1000,0.342,42
identity_r3,match,1000,0.343,42
identity_r3,match,1000,0.344,42
identity_r3,match,1000,0.345,42
identity_r3,match,1000,0.346,42
identity_r3,match,1000,0.347,42
identity_r3,match,1000,0.348,42
identity_r3,match,1000,0.349,42
identity_r3,match,1000,0.35,42
identity_r3,match,1000,0.351,42
identity_r3,match,1000,0.352,42
identity_r3,match,1000,0.353,42
identity_r3,match,1000,0.354,42
identity_r3,match,1000,0.355,42
identity_r3,match,1000,0.356,42
identity_r3,match,1000,0.357,42
identity_r3,match,1000,0.358,42
identity_r3,match,1000,0.359,42
identity_r3,match,1000,0.36,42
identity_r3,match,1000,0.361,42
identity_r3,match,1000,0.362,42
identity_r3,match,1000,0.363,42
identity_r3,match,1000,0.364,42
identity_r3,match,1000,0.365,42
identity_r3,match,1000,0.366,42
identity_r3,match,1000,0.367,42
identity_r3,match,1000,0.368,42
identity_r3,match,1000,0.369,42
identity_r3,match,1000,0.37,42
identity_r3,match,1000,0.371,42
identity_r3,match,1000,0.372,42
identity_r3,match,1000,0.373,42
identity_r3,match,1000,0.374,42
identity_r3,match,1000,0.375,42
identity_r3,match,1000,0.376,42
identity_r3,match,1000,0.377,42
identity_r3,match,1000,0.378,42
identity_r3,match,1000,0.379,42
identity_r3,match,1000,0.38,42
identity_r3,match,1000,0.381,42
identity_r3,match,1000,0.382,42
identity_r3,match,1000,0.383,42
identity_r3,match,1000,0.384,42
identity_r3,match,1000,0.385,42
identity_r3,match,1000,0.386,42
identity_r3,match,1000,0.387,42
identity_r3,match,1000,0.388,42
identity_r3,match,1000,0.389,42
identity_r3,match,1000,0.39,42
identity_r3,match,1000,0.391,42
identity_r3,match,1000,0.392,42
identity_r3,match,1000,0.393,42
identity_r3,match,1000,0.394,42
identity_r3,match,1000,0.395,42
identity_r3,match,1000,0.396,42
identity_r3,match,1000,0.397,42
identity_r3,match,1000,0.398,42
identity_r3,match,1000,0.399,42
identity_r3,match,1000,0.4,42
identity_r3,match,1000,0.401,42
identity_r3,match,1000,0.402,42
identity_r3,match,1000,0.403,42
identity_r3,match,1000,0.404,42
identity_r3,match,1000,0.405,42
identity_r3,match,1000,0.406,42
identity_r3,match,1000,0.407,42
identity_r3,match,1000,0.408,42
identity_r3,match,1000,0.409,42
identity_r3,match,1000,0.41,42
identity_r3,match,1000,0.411,42
identity_r3,match,1000,0.412,42
identity_r3,match,1000,0.413,42
identity_r3,match,1000,0.414,42
identity_r3,match,1000,0.415,42
identity_r3,match,1000,0.416,42
identity_r3,match,1000,0.417,42
identity_r3,match,1000,0.418,42
identity_r3,match,1000,0.419,42
identity_r3,match,1000,0.42,42
identity_r3,match,1000,0.421,42
identity_r3,match,1000,0.422,42
identity_r3,match,1000,0.423,42
identity_r3,match,1000,0.424,42
identity_r3,match,1000,0.425,42
identity_r3,match,1000,0.426,42
identity_r3,match,1000,0.427,42
identity_r3,match,1000,0.428,42
identity_r3,match,1000,0.429,42
identity_r3,match,1000,0.43,42
identity_r3,match,1000,0.431,42
identity_r3,match,1000,0.432,42
identity_r3,match,1000,0.433,42
identity_r3,match,1000,0.434,42
identity_r3,match,1000,0.435,42
identity_r3,match,1000,0.436,42
identity_r3,match,1000,0.437,42
identity_r3,match,1000,0.438,42
identity_r3,match,1000,0.439,42
identity_r3,match,1000,0.44,42
identity_r3,match,1000,0.441,42
identity_r3,match,1000,0.442,42
identity_r3,match,1000,0.443,42
identity_r3,match,1000,0.444,42
identity_r3,match,1000,0.445,42
identity_r3,match,1000,0.446,42
identity_r3,match,1000,0.447,42
identity_r3,match,1000,0.448,42
identity_r3,match,1000,0.449,42
identity_r3,match,1000,0.45,42
identity_r3,match,1000,0.451,42
identity_r3,match,1000,0.452,42
identity_r3,match,1000,0.453,42
identity_r3,match,1000,0.454,42
identity_r3,match,1000,0.455,42
identity_r3,match,1000,0.456,42
identity_r3,match,1000,0.457,42
identity_r3,match,1000,0.458,42
identity_r3,match,1000,0.459,42
identity_r3,match,1000,0.46,42
identity_r3,match,1000,0.461,42
identity_r3,match,1000,0.462,42
identity_r3,match,1000,0.463,42
identity_r3,match,1000,0.464,42
identity_r3,match,1000,0.465,42
identity_r3,match,1000,0.466,42
identity_r3,match,1000,0.467,42
identity_r3,match,1000,0.468,42
identity_r3,match,1000,0.469,42
identity_r3,match,1000,0.47,42
identity_r3,match,1000,0.471,42
identity_r3,match,1000,0.472,42
identity_r3,match,1000,0.473,42
identity_r3,match,1000,0.474,42
identity_r3,match,1000,0.475,42
identity_r3,match,1000,0.476,42
identity_r3,match,1000,0.477,42
identity_r3,match,1000,0.478,42
identity_r3,match,1000,0.479,42
identity_r3,match,1000,0.48,42
identity_r3,match,1000,0.481,42
identity_r3,match,1000,0.482,42
identity_r3,match,1000,0.483,42
identity_r3,match,1000,0.484,42
identity_r3,match,1000,0.485,42
identity_r3,match,1000,0.486,42
identity_r3,match,1000,0.487,42
identity_r3,match,1000,0.488,42
identity_r3,match,1000,0.489,42
identity_r3,match,1000,0.49,42
identity_r3,match,1000,0.491,42
identity_r3,match,1000,0.492,42
identity_r3,match,1000,0.493,42
identity_r3,match,1000,0.494,42
identity_r3,match,1000,0.495,42
identity_r3,match,1000,0.496,42
identity_r3,match,1000,0.497,42
identity_r3,match,1000,0.498,42
identity_r3,match,1000,0.499,42
identity_r3,match,1000,0.5,42
identity_r3,match,1000,0.501,42
identity_r3,match,1000,0.502,42
identity_r3,match,1000,0.503,42
identity_r3,match,1000,0.504,42
identity_r3,match,1000,0.505,42
identity_r3,match,1000,0.506,42
identity_r3,match,1000,0.507,42
identity_r3,match,1000,0.508,42
identity_r3,match,1000,0.509,42
identity_r3,match,1000,0.51,42
identity_r3,match,1000,0.511,42
identity_r3,match,1000,0.512,42
identity_r3,match,1000,0.513,42
identity_r3,match,1000,0.514,42
identity_r3,match,1000,0.515,42
identity_r3,match,1000,0.516,42
identity_r3,match,1000,0.517,42
identity_r3,match,1000,0.518,42
identity_r3,match,1000,0.519,42
identity_r3,match,1000,0.52,42
identity_r3,match,1000,0.521,42
identity_r3,match,1000,0.522,42
identity_r3,match,1000,0.523,42
identity_r3,match,1000,0.524,42
identity_r3,match,1000,0.525,42
identity_r3,match,1000,0.526,42
identity_r3,match,1000,0.527,42
identity_r3,match,1000,0.528,42
identity_r3,match,1000,0.529,42
identity_r3,match,1000,0.53,42
identity_r3,match,1000,0.531,42
identity_r3,match,1000,0.532,42
identity_r3,match,1000,0.533,42
identity_r3,match,1000,0.534,42
identity_r3,match,1000,0.535,42
identity_r3,match,1000,0.536,42
identity_r3,match,1000,0.537,42
identity_r3,match,1000,0.538,42
identity_r3,match,1000,0.539,42
identity_r3,match,1000,0.54,42
identity_r3,match,1000,0.541,42
identity_r3,match,1000,0.542,42
identity_r3,match,1000,0.543,42
identity_r3,match,1000,0.544,42
identity_r3,match,1000,0.545,42
identity_r3,match,1000,0.546,42
identity_r3,match,1000,0.547,42
identity_r3,match,1000,0.548,42
identity_r3,match,1000,0.549,42
identity_r3,match,1000,0.55,42
identity_r3,match,1000,0.551,42
identity_r3,match,1000,0.552,42
identity_r3,match,1000,0.553,42
identity_r3,match,1000,0.554,42
identity_r3,match,1000,0.555,42
identity_r3,match,1000,0.556,42
identity_r3,match,1000,0.557,42
identity_r3,match,1000,0.558,42
identity_r3,match,1000,0.559,42
identity_r3,match,1000,0.56,42
identity_r3,match,1000,0.561,42
identity_r3,match,1000,0.562,42
identity_r3,match,1000,0.563,42
identity_r3,match,1000,0.564,42
identity_r3,match,1000,0.565,42
identity_r3,match,1000,0.566,42
identity_r3,match,1000,0.567,42
identity_r3,match,1000,0.568,42
identity_r3,match,1000,0.569,42
identity_r3,match,1000,0.57,42
identity_r3,match,1000,0.571,42
identity_r3,match,1000,0.572,42
identity_r3,match,1000,0.573,42
identity_r3,match,1000,0.574,42
identity_r3,match,1000,0.575,42
identity_r3,match,1000,0.576,42
identity_r3,match,1000,0.577,42
identity_r3,match,1000,0.578,42
identity_r3,match,1000,0.579,42
identity_r3,match,1000,0.58,42
identity_r3,match,1000,0.581,42
identity_r3,match,1000,0.582,42
identity_r3,match,1000,0.583,42
identity_r3,match,1000,0.584,42
identity_r3,match,1000,0.585,42
identity_r3,match,1000,0.586,42
identity_r3,match,1000,0.587,42
identity_r3,match,1000,0.588,42
identity_r3,match,1000,0.589,42
identity_r3,match,1000,0.59,42
identity_r3,match,1000,0.591,42
identity_r3,match,1000,0.592,42
identity_r3,match,1000,0.593,42
identity_r3,match,1000,0.594,42
identity_r3,match,1000,0.595,42
identity_r3,match,1000,0.596,42
identity_r3,match,1000,0.597,42
identity_r3,match,1000,0.598,42
identity_r3,match,1000,0.599,42
identity_r3,match,1000,0.6,42
identity_r3,match,1000,0.601,42
identity_r3,match,1000,0.602,42
identity_r3,match,1000,0.603,42
identity_r3,match,1000,0.604,42
identity_r3,match,1000,0.605,42
identity_r3,match,1000,0.606,42
identity_r3,match,1000,0.607,42
identity_r3,match,1000,0.608,42
identity_r3,match,1000,0.609,42
identity_r3,match,1000,0.61,42
identity_r3,match,1000,0.611,42
identity_r3,match,1000,0.612,42
identity_r3,match,1000,0.613,42
identity_r3,match,1000,0.614,42
identity_r3,match,1000,0.615,42
identity_r3,match,1000,0.616,42
identity_r3,match,1000,0.617,42
identity_r3,match,1000,0.618,42
identity_r3,match,1000,0.619,42
identity_r3,match,1000,0.62,42
identity_r3,match,1000,0.621,42
identity_r3,match,1000,0.622,42
identity_r3,match,1000,0.623,42
identity_r3,match,1000,0.624,42
identity_r3,match,1000,0.625,42
identity_r3,match,1000,0.626,42
identity_r3,match,1000,0.627,42
identity_r3,match,1000,0.628,42
identity_r3,match,1000,0.629,42
identity_r3,match,1000,0.63,42
identity_r3,match,1000,0.631,42
identity_r3,match,1000,0.632,42
identity_r3,match,1000,0.633,42
identity_r3,match,1000,0.634,42
identity_r3,match,1000,0.635,42
identity_r3,match,1000,0.636,42
identity_r3,match,1000,0.637,42
identity_r3,match,1000,0.638,42
identity_r3,match,1000,0.639,42
identity_r3,match,1000,0.64,42
identity_r3,match,1000,0.641,42
identity_r3,match,1000,0.642,42
identity_r3,match,1000,0.643,42
identity_r3,match,1000,0.644,42
identity_r3,match,1000,0.645,42
identity_r3,match,1000,0.646,42
identity_r3,match,1000,0.647,42
identity_r3,match,1000,0.648,42
identity_r3,match,1000,0.649,42
identity_r3,match,1000,0.65,42
identity_r3,match,1000,0.651,42
identity_r3,match,1000,0.652,42
identity_r3,match,1000,0.653,42
identity_r3,match,1000,0.654,42
identity_r3,match,1000,0.655,42
identity_r3,match,1000,0.656,42
identity_r3,match,1000,0.657,42
identity_r3,match,1000,0.658,42
identity_r3,match,1000,0.659,42
identity_r3,match,1000,0.66,42
identity_r3,match,1000,0.661,42
identity_r3,match,1000,0.662,42
identity_r3,match,1000,0.663,42
identity_r3,match,1000,0.664,42
identity_r3,match,1000,0.665,42
identity_r3,match,1000,0.666,42
identity_r3,match,1000,0.667,42
identity_r3,match,1000,0.668,42
identity_r3,match,1000,0.669,42
identity_r3,match,1000,0.67,42
identity_r3,match,1000,0.671,42
identity_r3,match,1000,0.672,42
identity_r3,match,1000,0.673,42
identity_r3,match,1000,0.674,42
identity_r3,match,1000,0.675,42
identity_r3,match,1000,0.676,42
identity_r3,match,1000,0.677,42
identity_r3,match,1000,0.678,42
identity_r3,match,1000,0.679,42
identity_r3,match,1000,0.68,42
identity_r3,match,1000,0.681,42
identity_r3,match,1000,0.682,42
identity_r3,match,1000,0.683,42
identity_r3,match,1000,0.684,42
identity_r3,match,1000,0.685,42
identity_r3,match,1000,0.686,42
identity_r3,match,1000,0.687,42
identity_r3,match,1000,0.688,42
identity_r3,match,1000,0.689,42
identity_r3,match,1000,0.69,42
identity_r3,match,1000,0.691,42
identity_r3,match,1000,0.692,42
identity_r3,match,1000,0.693,42
identity_r3,match,1000,0.694,42
identity_r3,match,1000,0.695,42
identity_r3,match,1000,0.696,42
identity_r3,match,1000,0.697,42
identity_r3,match,1000,0.698,42
identity_r3,match,1000,0.699,42
identity_r3,match,1000,0.7,42
identity_r3,match,1000,0.701,42
identity_r3,match,1000,0.702,42
identity_r3,match,1000,0.703,42
identity_r3,match,1000,0.704,42
identity_r3,match,1000,0.705,42
identity_r3,match,1000,0.706,42
identity_r3,match,1000,0.707,42
identity_r3,match,1000,0.708,42
identity_r3,match,1000,0.709,42
identity_r3,match,1000,0.71,42
identity_r3,match,1000,0.711,42
identity_r3,match,1000,0.712,42
identity_r3,match,1000,0.713,42
identity_r3,match,1000,0.714,42
identity_r3,match,1000,0.715,42
identity_r3,match,1000,0.716,42
identity_r3,match,1000,0.717,42
identity_r3,match,1000,0.718,42
identity_r3,match,1000,0.719,42
identity_r3,match,1000,0.72,42
identity_r3,match,1000,0.721,42
identity_r3,match,1000,0.722,42
identity_r3,match,1000,0.723,42
identity_r3,match,1000,0.724,42
identity_r3,match,1000,0.725,42
identity_r3,match,1000,0.726,42
identity_r3,match,1000,0.727,42
identity_r3,match,1000,0.728,42
identity_r3,match,1000,0.729,42
identity_r3,match,1000,0.73,42
identity_r3,match,1000,0.731,42
identity_r3,match,1000,0.732,42
identity_r3,match,1000,0.733,42
identity_r3,match,1000,0.734,42
identity_r3,match,1000,0.735,42
identity_r3,match,1000,0.736,42
identity_r3,match,1000,0.737,42
identity_r3,match,1000,0.738,42
identity_r3,match,1000,0.739,42
identity_r3,match,1000,0.74,42
identity_r3,match,1000,0.741,42
identity_r3,match,1000,0.742,42
identity_r3,match,1000,0.743,42
identity_r3,match,1000,0.744,42
identity_r3,match,1000,0.745,42
identity_r3,match,1000,0.746,42
identity_r3,match,1000,0.747,42
identity_r3,match,1000,0.748,42
identity_r3,match,1000,0.749,83
identity_r3,match,1000,0.75,83
identity_r3,match,1000,0.751,83
identity_r3,match,1000,0.752,83
identity_r3,match,1000,0.753,83
identity_r3,match,1000,0.754,83
identity_r3,match,1000,0.755,83
identity_r3,match,1000,0.756,83
identity_r3,match,1000,0.757,83
identity_r3,match,1000,0.758,83
identity_r3,match,1000,0.759,83
identity_r3,match,1000,0.76,83
identity_r3,match,1000,0.761,83
identity_r3,match,1000,0.762,83
identity_r3,match,1000,0.763,83
identity_r3,match,1000,0.764,83
identity_r3,match,1000,0.765,83
identity_r3,match,1000,0.766,83
identity_r3,match,1000,0.767,83
identity_r3,match,1000,0.768,83
identity_r3,match,1000,0.769,83
identity_r3,match,1000,0.77,83
identity_r3,match,1000,0.771,83
identity_r3,match,1000,0.772,83
identity_r3,match,1000,0.773,83
identity_r3,match,1000,0.774,83
identity_r3,match,1000,0.775,83
identity_r3,match,1000,0.776,83
identity_r3,match,1000,0.777,83
identity_r3,match,1000,0.778,83
identity_r3,match,1000,0.779,83
identity_r3,match,1000,0.78,83
identity_r3,match,1000,0.781,83
identity_r3,match,1000,0.782,83
identity_r3,match,1000,0.783,83
identity_r3,match,1000,0.784,83
identity_r3,match,1000,0.785,83
identity_r3,match,1000,0.786,83
identity_r3,match,1000,0.787,83
identity_r3,match,1000,0.788,83
identity_r3,match,1000,0.789,83
identity_r3,match,1000,0.79,83
identity_r3,match,1000,0.791,83
identity_r3,match,1000,0.792,83
identity_r3,match,1000,0.793,83
identity_r3,match,1000,0.794,83
identity_r3,match,1000,0.795,83
identity_r3,match,1000,0.796,83
identity_r3,match,1000,0.797,83
identity_r3,match,1000,0.798,83
identity_r3,match,1000,0.799,83
identity_r3,match,1000,0.8,83
identity_r3,match,1000,0.801,83
identity_r3,match,1000,0.802,83
identity_r3,match,1000,0.803,83
identity_r3,match,1000,0.804,83
identity_r3,match,1000,0.805,83
identity_r3,match,1000,0.806,83
identity_r3,match,1000,0.807,83
identity_r3,match,1000,0.808,83
identity_r3,match,1000,0.809,83
identity_r3,match,1000,0.81,83
identity_r3,match,1000,0.811,83
identity_r3,match,1000,0.812,83
identity_r3,match,1000,0.813,83
identity_r3,match,1000,0.814,83
identity_r3,match,1000,0.815,83
identity_r3,match,1000,0.816,83
identity_r3,match,1000,0.817,83
identity_r3,match,1000,0.818,83
identity_r3,match,1000,0.819,83
identity_r3,match,1000,0.82,83
identity_r3,match,1000,0.821,83
identity_r3,match,1000,0.822,83
identity_r3,match,1000,0.823,83
identity_r3,match,1000,0.824,83
identity_r3,match,1000,0.825,83
identity_r3,match,1000,0.826,83
identity_r3,match,1000,0.827,83
identity_r3,match,1000,0.828,83
identity_r3,match,1000,0.829,83
identity_r3,match,1000,0.83,83
identity_r3,match,1000,0.831,83
identity_r3,match,1000,0.832,83
identity_r3,match,1000,0.833,83
identity_r3,match,1000,0.834,83
identity_r3,match,1000,0.835,83
identity_r3,match,1000,0.836,83
identity_r3,match,1000,0.837,83
identity_r3,match,1000,0.838,83
identity_r3,match,1000,0.839,83
identity_r3,match,1000,0.84,83
identity_r3,match,1000,0.841,83
identity_r3,match,1000,0.842,83
identity_r3,match,1000,0.843,83
identity_r3,match,1000,0.844,83
identity_r3,match,1000,0.845,83
identity_r3,match,1000,0.846,83
identity_r3,match,1000,0.847,83
identity_r3,match,1000,0.848,83
identity_r3,match,1000,0.849,83
identity_r3,match,1000,0.85,83
identity_r3,match,1000,0.851,83
identity_r3,match,1000,0.852,83
identity_r3,match,1000,0.853,83
identity_r3,match,1000,0.854,83
identity_r3,match,1000,0.855,83
identity_r3,match,1000,0.856,83
identity_r3,match,1000,0.857,83
identity_r3,match,1000,0.858,83
identity_r3,match,1000,0.859,83
identity_r3,match,1000,0.86,83
identity_r3,match,1000,0.861,83
identity_r3,match,1000,0.862,83
identity_r3,match,1000,0.863,83
identity_r3,match,1000,0.864,83
identity_r3,match,1000,0.865,83
identity_r3,match,1000,0.866,83
identity_r3,match,1000,0.867,83
identity_r3,match,1000,0.868,83
identity_r3,match,1000,0.869,83
identity_r3,match,1000,0.87,83
identity_r3,match,1000,0.871,83
identity_r3,match,1000,0.872,83
identity_r3,match,1000,0.873,83
identity_r3,match,1000,0.874,83
identity_r3,match,1000,0.875,83
identity_r3,match,1000,0.876,83
identity_r3,match,1000,0.877,83
identity_r3,match,1000,0.878,83
identity_r3,match,1000,0.879,83
identity_r3,match,1000,0.88,83
identity_r3,match,1000,0.881,83
identity_r3,match,1000,0.882,83
identity_r3,match,1000,0.883,83
identity_r3,match,1000,0.884,83
identity_r3,match,1000,0.885,83
identity_r3,match,1000,0.886,83
identity_r3,match,1000,0.887,83
identity_r3,match,1000,0.888,83
identity_r3,match,1000,0.889,83
identity_r3,match,1000,0.89,83
identity_r3,match,1000,0.891,83
identity_r3,match,1000,0.892,83
identity_r3,match,1000,0.893,83
identity_r3,match,1000,0.894,83
identity_r3,match,1000,0.895,83
identity_r3,match,1000,0.896,83
identity_r3,match,1000,0.897,83
identity_r3,match,1000,0.898,83
identity_r3,match,1000,0.899,83
identity_r3,match,1000,0.9,83
identity_r3,match,1000,0.901,83
identity_r3,match,1000,0.902,83
identity_r3,match,1000,0.903,83
identity_r3,match,1000,0.904,83
identity_r3,match,1000,0.905,83
identity_r3,match,1000,0.906,83
identity_r3,match,1000,0.907,84
identity_r3,match,1000,0.908,84
identity_r3,match,1000,0.909,84
identity_r3,match,1000,0.91,84
identity_r3,match,1000,0.911,84
identity_r3,match,1000,0.912,84
identity_r3,match,1000,0.913,84
identity_r3,match,1000,0.914,84
identity_r3,match,1000,0.915,84
identity_r3,match,1000,0.916,84
identity_r3,match,1000,0.917,84
identity_r3,match,1000,0.918,84
identity_r3,match,1000,0.919,84
identity_r3,match,1000,0.92,84
identity_r3,match,1000,0.921,84
identity_r3,match,1000,0.922,84
identity_r3,match,1000,0.923,84
identity_r3,match,1000,0.924,84
identity_r3,match,1000,0.925,84
identity_r3,match,1000,0.926,84
identity_r3,match,1000,0.927,84
identity_r3,match,1000,0.928,84
identity_r3,match,1000,0.929,84
identity_r3,match,1000,0.93,84
identity_r3,match,1000,0.931,84
identity_r3,match,1000,0.932,84
identity_r3,match,1000,0.933,84
identity_r3,match,1000,0.934,84
identity_r3,match,1000,0.935,84
identity_r3,match,1000,0.936,84
identity_r3,match,1000,0.937,84
identity_r3,match,1000,0.938,84
identity_r3,match,1000,0.939,84
identity_r3,match,1000,0.94,84
identity_r3,match,1000,0.941,84
identity_r3,match,1000,0.942,84
identity_r3,match,1000,0.943,84
identity_r3,match,1000,0.944,84
identity_r3,match,1000,0.945,84
identity_r3,match,1000,0.946,84
identity_r3,match,1000,0.947,84
identity_r3,match,1000,0.948,84
identity_r3,match,1000,0.949,84
identity_r3,match,1000,0.95,84
identity_r3,match,1000,0.951,84
identity_r3,match,1000,0.952,84
identity_r3,match,1000,0.953,84
identity_r3,match,1000,0.954,84
identity_r3,match,1000,0.955,84
identity_r3,match,1000,0.956,84
identity_r3,match,1000,0.957,84
identity_r3,match,1000,0.958,84
identity_r3,match,1000,0.959,84
identity_r3,match,1000,0.96,84
identity_r3,match,1000,0.961,84
identity_r3,match,1000,0.962,84
identity_r3,match,1000,0.963,84
identity_r3,match,1000,0.964,84
identity_r3,match,1000,0.965,84
identity_r3,match,1000,0.966,84
identity_r3,match,1000,0.967,84
identity_r3,match,1000,0.968,84
identity_r3,match,1000,0.969,84
identity_r3,match,1000,0.97,84
identity_r3,match,1000,0.971,84
identity_r3,match,1000,0.972,84
identity_r3,match,1000,0.973,84
identity_r3,match,1000,0.974,84
identity_r3,match,1000,0.975,84
identity_r3,match,1000,0.976,84
identity_r3,match,1000,0.977,84
identity_r3,match,1000,0.978,84
identity_r3,match,1000,0.979,84
identity_r3,match,1000,0.98,84
identity_r3,match,1000,0.981,84
identity_r3,match,1000,0.982,84
identity_r3,match,1000,0.983,84
identity_r3,match,1000,0.984,84
identity_r3,match,1000,0.985,84
identity_r3,match,1000,0.986,84
identity_r3,match,1000,0.987,125
identity_r3,match,1000,0.988,125
identity_r3,match,1000,0.989,125
identity_r3,match,1000,0.99,125
identity_r3,match,1000,0.991,125
identity_r3,match,1000,0.992,125
identity_r3,match,1000,0.993,125
identity_r3,match,1000,0.994,125
identity_r3,match,1000,0.995,166
identity_r3,match,1000,0.996,167
identity_r3,match,1000,0.997,167
identity_r3,match,1000,0.998,167
identity_r3,match,1000,0.999,208
identity_r3,add,10000,0,0
identity_r3,add,10000,0.001,0
identity_r3,add,10000,0.002,0
identity_r3,add,10000,0.003,41
identity_r3,add,10000,0.004,41
identity_r3,add,10000,0.005,41
identity_r3,add,10000,0.006,41
identity_r3,add,10000,0.007,41
identity_r3,add,10000,0.008,41
identity_r3,add,10000,0.009,41
identity_r3,add,10000,0.01,41
identity_r3,add,10000,0.011,41
identity_r3,add,10000,0.012,41
identity_r3,add,10000,0.013,41
identity_r3,add,10000,0.014,41
identity_r3,add,10000,0.015,41
identity_r3,add,10000,0.016,41
identity_r3,add,10000,0.017,41
identity_r3,add,10000,0.018,41
identity_r3,add,10000,0.019,41
identity_r3,add,10000,0.02,41
identity_r3,add,10000,0.021,41
identity_r3,add,10000,0.022,41
identity_r3,add,10000,0.023,41
identity_r3,add,10000,0.024,41
identity_r3,add,10000,0.025,41
identity_r3,add,10000,0.026,41
identity_r3,add,10000,0.027,41
identity_r3,add,10000,0.028,41
identity_r3,add,10000,0.029,41
identity_r3,add,10000,0.03,41
identity_r3,add,10000,0.031,41
identity_r3,add,10000,0.032,41
identity_r3,add,10000,0.033,41
identity_r3,add,10000,0.034,41
identity_r3,add,10000,0.035,41
identity_r3,add,10000,0.036,41
identity_r3,add,10000,0.037,42
identity_r3,add,10000,0.038,42
identity_r3,add,10000,0.039,42
identity_r3,add,10000,0.04,42
identity_r3,add,10000,0.041,42
identity_r3,add,10000,0.042,42
identity_r3,add,10000,0.043,42
identity_r3,add,10000,0.044,42
identity_r3,add,10000,0.045,42
identity_r3,add,10000,0.046,42
identity_r3,add,10000,0.047,42
identity_r3,add,10000,0.048,42
identity_r3,add,10000,0.049,42
identity_r3,add,10000,0.05,42
identity_r3,add,10000,0.051,42
identity_r3,add,10000,0.052,42
identity_r3,add,10000,0.053,42
identity_r3,add,10000,0.054,42
identity_r3,add,10000,0.055,42
identity_r3,add,10000,0.056,42
identity_r3,add,10000,0.057,42
identity_r3,add,10000,0.058,42
identity_r3,add,10000,0.059,42
identity_r3,add,10000,0.06,42
identity_r3,add,10000,0.061,42
identity_r3,add,10000,0.062,42
identity_r3,add,10000,0.063,42
identity_r3,add,10000,0.064,42
identity_r3,add,10000,0.065,42
identity_r3,add,10000,0.066,42
identity_r3,add,10000,0.067,42
identity_r3,add,10000,0.068,42
identity_r3,add,10000,0.069,42
identity_r3,add,10000,0.07,42
identity_r3,add,10000,0.071,42
identity_r3,add,10000,0.072,42
identity_r3,add,10000,0.073,42
identity_r3,add,10000,0.074,42
identity_r3,add,10000,0.075,42
identity_r3,add,10000,0.076,42
identity_r3,add,10000,0.077,42
identity_r3,add,10000,0.078,42
identity_r3,add,10000,0.079,42
identity_r3,add,10000,0.08,42
identity_r3,add,10000,0.081,42
identity_r3,add,10000,0.082,42
identity_r3,add,10000,0.083,42
identity_r3,add,10000,0.084,42
identity_r3,add,10000,0.085,42
identity_r3,add,10000,0.086,42
identity_r3,add,10000,0.087,42
identity_r3,add,10000,0.088,42
identity_r3,add,10000,0.089,42
identity_r3,add,10000,0.09,42
identity_r3,add,10000,0.091,42
identity_r3,add,10000,0.092,42
identity_r3,add,10000,0.093,42
identity_r3,add,10000,0.094,42
identity_r3,add,10000,0.095,42
identity_r3,add,10000,0.096,42
identity_r3,add,10000,0.097,42
identity_r3,add,10000,0.098,42
identity_r3,add,10000,0.099,42
identity_r3,add,10000,0.1,42
identity_r3,add,10000,0.101,42
identity_r3,add,10000,0.102,42
identity_r3,add,10000,0.103,42
identity_r3,add,10000,0.104,83
identity_r3,add,10000,0.105,83
identity_r3,add,10000,0.106,83
identity_r3,add,10000,0.107,83
identity_r3,add,10000,0.108,83
identity_r3,add,10000,0.109,83
identity_r3,add,10000,0.11,83
identity_r3,add,10000,0.111,83
identity_r3,add,10000,0.112,83
identity_r3,add,10000,0.113,83
identity_r3,add,10000,0.114,83
identity_r3,add,10000,0.115,83
identity_r3,add,10000,0.116,83
identity_r3,add,10000,0.117,83
identity_r3,add,10000,0.118,83
identity_r3,add,10000,0.119,83
identity_r3,add,10000,0.12,83
identity_r3,add,10000,0.121,83
identity_r3,add,10000,0.122,83
identity_r3,add,10000,0.123,83
identity_r3,add,10000,0.124,83
identity_r3,add,10000,0.125,83
identity_r3,add,10000,0.126,83
identity_r3,add,10000,0.127,83
identity_r3,add,10000,0.128,83
identity_r3,add,10000,0.129,83
identity_r3,add,10000,0.13,83
identity_r3,add,10000,0.131,83
identity_r3,add,10000,0.132,83
identity_r3,add,10000,0.133,83
identity_r3,add,10000,0.134,83
identity_r3,add,10000,0.135,83
identity_r3,add,10000,0.136,83
identity_r3,add,10000,0.137,83
identity_r3,add,10000,0.138,83
identity_r3,add,10000,0.139,83
identity_r3,add,10000,0.14,83
identity_r3,add,10000,0.141,83
identity_r3,add,10000,0.142,83
identity_r3,add,10000,0.143,83
identity_r3,add,10000,0.144,83
identity_r3,add,10000,0.145,83
identity_r3,add,10000,0.146,83
identity_r3,add,10000,0.147,83
identity_r3,add,10000,0.148,83
identity_r3,add,10000,0.149,83
identity_r3,add,10000,0.15,83
identity_r3,add,10000,0.151,83
identity_r3,add,10000,0.152,83
identity_r3,add,10000,0.153,83
identity_r3,add,10000,0.154,83
identity_r3,add,10000,0.155,83
identity_r3,add,10000,0.156,83
identity_r3,add,10000,0.157,83
identity_r3,add,10000,0.158,83
identity_r3,add,10000,0.159,83
identity_r3,add,10000,0.16,83
identity_r3,add,10000,0.161,83
identity_r3,add,10000,0.162,83
identity_r3,add,10000,0.163,83
identity_r3,add,10000,0.164,83
identity_r3,add,10000,0.165,83
identity_r3,add,10000,0.166,83
identity_r3,add,10000,0.167,83
identity_r3,add,10000,0.168,83
identity_r3,add,10000,0.169,83
identity_r3,add,10000,0.17,83
identity_r3,add,10000,0.171,83
identity_r3,add,10000,0.172,83
identity_r3,add,10000,0.173,83
identity_r3,add,10000,0.174,83
identity_r3,add,10000,0.175,83
identity_r3,add,10000,0.176,83
identity_r3,add,10000,0.177,83
identity_r3,add,10000,0.178,83
identity_r3,add,10000,0.179,83
identity_r3,add,10000,0.18,83
identity_r3,add,10000,0.181,83
identity_r3,add,10000,0.182,83
identity_r3,add,10000,0.183,83
identity_r3,add,10000,0.184,83
identity_r3,add,10000,0.185,83
identity_r3,add,10000,0.186,83
identity_r3,add,10000,0.187,83
identity_r3,add,10000,0.188,83
identity_r3,add,10000,0.189,83
identity_r3,add,10000,0.19,83
identity_r3,add,10000,0.191,83
identity_r3,add,10000,0.192,83
identity_r3,add,10000,0.193,83
identity_r3,add,10000,0.194,83
identity_r3,add,10000,0.195,83
identity_r3,add,10000,0.196,83
identity_r3,add,10000,0.197,83
identity_r3,add,10000,0.198,83
identity_r3,add,10000,0.199,83
identity_r3,add,10000,0.2,83
identity_r3,add,10000,0.201,83
identity_r3,add,10000,0.202,83
identity_r3,add,10000,0.203,83
identity_r3,add,10000,0.204,83
identity_r3,add,10000,0.205,83
identity_r3,add,10000,0.206,83
identity_r3,add,10000,0.207,83
identity_r3,add,10000,0.208,83
identity_r3,add,10000,0.209,83
identity_r3,add,10000,0.21,83
identity_r3,add,10000,0.211,83
identity_r3,add,10000,0.212,83
identity_r3,add,10000,0.213,83
identity_r3,add,10000,0.214,83
identity_r3,add,10000,0.215,83
identity_r3,add,10000,0.216,83
identity_r3,add,10000,0.217,83
identity_r3,add,10000,0.218,83
identity_r3,add,10000,0.219,83
identity_r3,add,10000,0.22,83
identity_r3,add,10000,0.221,83
identity_r3,add,10000,0.222,83
identity_r3,add,10000,0.223,83
identity_r3,add,10000,0.224,83
identity_r3,add,10000,0.225,83
identity_r3,add,10000,0.226,83
identity_r3,add,10000,0.227,83
identity_r3,add,10000,0.228,83
identity_r3,add,10000,0.229,83
identity_r3,add,10000,0.23,83
identity_r3,add,10000,0.231,83
identity_r3,add,10000,0.232,83
identity_r3,add,10000,0.233,83
identity_r3,add,10000,0.234,83
identity_r3,add,10000,0.235,83
identity_r3,add,10000,0.236,83
identity_r3,add,10000,0.237,83
identity_r3,add,10000,0.238,83
identity_r3,add,10000,0.239,83
identity_r3,add,10000,0.24,83
identity_r3,add,10000,0.241,83
identity_r3,add,10000,0.242,83
identity_r3,add,10000,0.243,83
identity_r3,add,10000,0.244,83
identity_r3,add,10000,0.245,83
identity_r3,add,10000,0.246,83
identity_r3,add,10000,0.247,83
identity_r3,add,10000,0.248,83
identity_r3,add,10000,0.249,83
identity_r3,add,10000,0.25,83
identity_r3,add,10000,0.251,83
identity_r3,add,10000,0.252,83
identity_r3,add,10000,0.253,83
identity_r3,add,10000,0.254,83
identity_r3,add,10000,0.255,83
identity_r3,add,10000,0.256,83
identity_r3,add,10000,0.257,83
identity_r3,add,10000,0.258,83
identity_r3,add,10000,0.259,83
identity_r3,add,10000,0.26,83
identity_r3,add,10000,0.261,83
identity_r3,add,10000,0.262,83
identity_r3,add,10000,0.263,83
identity_r3,add,10000,0.264,83
identity_r3,add,10000,0.265,83
identity_r3,add,10000,0.266,83
identity_r3,add,10000,0.267,83
identity_r3,add,10000,0.268,83
identity_r3,add,10000,0.269,83
identity_r3,add,10000,0.27,83
identity_r3,add,10000,0.271,83
identity_r3,add,10000,0.272,83
identity_r3,add,10000,0.273,83
identity_r3,add,10000,0.274,83
identity_r3,add,10000,0.275,83
identity_r3,add,10000,0.276,83
identity_r3,add,10000,0.277,83
identity_r3,add,10000,0.278,83
identity_r3,add,10000,0.279,83
identity_r3,add,10000,0.28,83
identity_r3,add,10000,0.281,83
identity_r3,add,10000,0.282,83
identity_r3,add,10000,0.283,83
identity_r3,add,10000,0.284,83
identity_r3,add,10000,0.285,83
identity_r3,add,10000,0.286,83
identity_r3,add,10000,0.287,83
identity_r3,add,10000,0.288,83
identity_r3,add,10000,0.289,83
identity_r3,add,10000,0.29,83
identity_r3,add,10000,0.291,83
identity_r3,add,10000,0.292,83
identity_r3,add,10000,0.293,83
identity_r3,add,10000,0.294,83
identity_r3,add,10000,0.295,83
identity_r3,add,10000,0.296,83
identity_r3,add,10000,0.297,83
identity_r3,add,10000,0.298,83
identity_r3,add,10000,0.299,83
identity_r3,add,10000,0.3,83
identity_r3,add,10000,0.301,83
identity_r3,add,10000,0.302,83
identity_r3,add,10000,0.303,83
identity_r3,add,10000,0.304,83
identity_r3,add,10000,0.305,83
identity_r3,add,10000,0.306,83
identity_r3,add,10000,0.307,83
identity_r3,add,10000,0.308,83
identity_r3,add,10000,0.309,83
identity_r3,add,10000,0.31,83
identity_r3,add,10000,0.311,83
identity_r3,add,10000,0.312,83
identity_r3,add,10000,0.313,83
identity_r3,add,10000,0.314,83
identity_r3,add,10000,0.315,83
identity_r3,add,10000,0.316,83
identity_r3,add,10000,0.317,83
identity_r3,add,10000,0.318,83
identity_r3,add,10000,0.319,83
identity_r3,add,10000,0.32,83
identity_r3,add,10000,0.321,83
identity_r3,add,10000,0.322,83
identity_r3,add,10000,0.323,83
identity_r3,add,10000,0.324,83
identity_r3,add,10000,0.325,83
identity_r3,add,10000,0.326,83
identity_r3,add,10000,0.327,83
identity_r3,add,10000,0.328,83
identity_r3,add,10000,0.329,83
identity_r3,add,10000,0.33,83
identity_r3,add,10000,0.331,83
identity_r3,add,10000,0.332,83
identity_r3,add,10000,0.333,83
identity_r3,add,10000,0.334,83
identity_r3,add,10000,0.335,83
identity_r3,add,10000,0.336,83
identity_r3,add,10000,0.337,84
identity_r3,add,10000,0.338,84
identity_r3,add,10000,0.339,84
identity_r3,add,10000,0.34,84
identity_r3,add,10000,0.341,84
identity_r3,add,10000,0.342,84
identity_r3,add,10000,0.343,84
identity_r3,add,10000,0.344,84
identity_r3,add,10000,0.345,84
identity_r3,add,10000,0.346,84
identity_r3,add,10000,0.347,84
identity_r3,add,10000,0.348,84
identity_r3,add,10000,0.349,84
identity_r3,add,10000,0.35,84
identity_r3,add,10000,0.351,84
identity_r3,add,10000,0.352,84
identity_r3,add,10000,0.353,84
identity_r3,add,10000,0.354,84
identity_r3,add,10000,0.355,84
identity_r3,add,10000,0.356,84
identity_r3,add,10000,0.357,84
identity_r3,add,10000,0.358,84
identity_r3,add,10000,0.359,84
identity_r3,add,10000,0.36,84
identity_r3,add,10000,0.361,84
identity_r3,add,10000,0.362,84
identity_r3,add,10000,0.363,84
identity_r3,add,10000,0.364,84
identity_r3,add,10000,0.365,84
identity_r3,add,10000,0.366,84
identity_r3,add,10000,0.367,84
identity_r3,add,10000,0.368,84
identity_r3,add,10000,0.369,84
identity_r3,add,10000,0.37,84
identity_r3,add,10000,0.371,84
identity_r3,add,10000,0.372,84
identity_r3,add,10000,0.373,84
identity_r3,add,10000,0.374,84
identity_r3,add,10000,0.375,84
identity_r3,add,10000,0.376,84
identity_r3,add,10000,0.377,84
identity_r3,add,10000,0.378,84
identity_r3,add,10000,0.379,84
identity_r3,add,10000,0.38,84
identity_r3,add,10000,0.381,84
identity_r3,add,10000,0.382,84
identity_r3,add,10000,0.383,84
identity_r3,add,10000,0.384,84
identity_r3,add,10000,0.385,84
identity_r3,add,10000,0.386,84
identity_r3,add,10000,0.387,84
identity_r3,add,10000,0.388,84
identity_r3,add,10000,0.389,84
identity_r3,add,10000,0.39,84
identity_r3,add,10000,0.391,84
identity_r3,add,10000,0.392,84
identity_r3,add,10000,0.393,84
identity_r3,add,10000,0.394,84
identity_r3,add,10000,0.395,84
identity_r3,add,10000,0.396,84
identity_r3,add,10000,0.397,84
identity_r3,add,10000,0.398,84
identity_r3,add,10000,0.399,84
identity_r3,add,10000,0.4,84
identity_r3,add,10000,0.401,84
identity_r3,add,10000,0.402,84
identity_r3,add,10000,0.403,84
identity_r3,add,10000,0.404,84
identity_r3,add,10000,0.405,84
identity_r3,add,10000,0.406,84
identity_r3,add,10000,0.407,84
identity_r3,add,10000,0.408,84
identity_r3,add,10000,0.409,84
identity_r3,add,10000,0.41,84
identity_r3,add,10000,0.411,84
identity_r3,add,10000,0.412,84
identity_r3,add,10000,0.413,84
identity_r3,add,10000,0.414,84
identity_r3,add,10000,0.415,84
identity_r3,add,10000,0.416,84
identity_r3,add,10000,0.417,84
identity_r3,add,10000,0.418,84
identity_r3,add,10000,0.419,84
identity_r3,add,10000,0.42,84
identity_r3,add,10000,0.421,84
identity_r3,add,10000,0.422,84
identity_r3,add,10000,0.423,84
identity_r3,add,10000,0.424,84
identity_r3,add,10000,0.425,84
identity_r3,add,10000,0.426,84
identity_r3,add,10000,0.427,84
identity_r3,add,10000,0.428,84
identity_r3,add,10000,0.429,84
identity_r3,add,10000,0.43,84
identity_r3,add,10000,0.431,84
identity_r3,add,10000,0.432,84
identity_r3,add,10000,0.433,84
identity_r3,add,10000,0.434,84
identity_r3,add,10000,0.435,84
identity_r3,add,10000,0.436,84
identity_r3,add,10000,0.437,84
identity_r3,add,10000,0.438,84
identity_r3,add,10000,0.439,84
identity_r3,add,10000,0.44,84
identity_r3,add,10000,0.441,84
identity_r3,add,10000,0.442,84
identity_r3,add,10000,0.443,84
identity_r3,add,10000,0.444,84
identity_r3,add,10000,0.445,84
identity_r3,add,10000,0.446,84
identity_r3,add,10000,0.447,84
identity_r3,add,10000,0.448,84
identity_r3,add,10000,0.449,84
identity_r3,add,10000,0.45,84
identity_r3,add,10000,0.451,84
identity_r3,add,10000,0.452,84
identity_r3,add,10000,0.453,84
identity_r3,add,10000,0.454,125
identity_r3,add,10000,0.455,125
identity_r3,add,10000,0.456,125
identity_r3,add,10000,0.457,125
identity_r3,add,10000,0.458,125
identity_r3,add,10000,0.459,125
identity_r3,add,10000,0.46,125
identity_r3,add,10000,0.461,125
identity_r3,add,10000,0.462,125
identity_r3,add,10000,0.463,125
identity_r3,add,10000,0.464,125
identity_r3,add,10000,0.465,125
identity_r3,add,10000,0.466,125
identity_r3,add,10000,0.467,125
identity_r3,add,10000,0.468,125
identity_r3,add,10000,0.469,125
identity_r3,add,10000,0.47,125
identity_r3,add,10000,0.471,125
identity_r3,add,10000,0.472,125
identity_r3,add,10000,0.473,125
identity_r3,add,10000,0.474,125
identity_r3,add,10000,0.475,125
identity_r3,add,10000,0.476,125
identity_r3,add,10000,0.477,125
identity_r3,add,10000,0.478,125
identity_r3,add,10000,0.479,125
identity_r3,add,10000,0.48,125
identity_r3,add,10000,0.481,125
identity_r3,add,10000,0.482,125
identity_r3,add,10000,0.483,125
identity_r3,add,10000,0.484,125
identity_r3,add,10000,0.485,125
identity_r3,add,10000,0.486,125
identity_r3,add,10000,0.487,125
identity_r3,add,10000,0.488,125
identity_r3,add,10000,0.489,125
identity_r3,add,10000,0.49,125
identity_r3,add,10000,0.491,125
identity_r3,add,10000,0.492,125
identity_r3,add,10000,0.493,125
identity_r3,add,10000,0.494,125
identity_r3,add,10000,0.495,125
identity_r3,add,10000,0.496,125
identity_r3,add,10000,0.497,125
identity_r3,add,10000,0.498,125
identity_r3,add,10000,0.499,125
identity_r3,add,10000,0.5,125
identity_r3,add,10000,0.501,125
identity_r3,add,10000,0.502,125
identity_r3,add,10000,0.503,125
identity_r3,add,10000,0.504,125
identity_r3,add,10000,0.505,125
identity_r3,add,10000,0.506,125
identity_r3,add,10000,0.507,125
identity_r3,add,10000,0.508,125
identity_r3,add,10000,0.509,125
identity_r3,add,10000,0.51,125
identity_r3,add,10000,0.511,125
identity_r3,add,10000,0.512,125
identity_r3,add,10000,0.513,125
identity_r3,add,10000,0.514,125
identity_r3,add,10000,0.515,125
identity_r3,add,10000,0.516,125
identity_r3,add,10000,0.517,125
identity_r3,add,10000,0.518,125
identity_r3,add,10000,0.519,125
identity_r3,add,10000,0.52,125
identity_r3,add,10000,0.521,125
identity_r3,add,10000,0.522,125
identity_r3,add,10000,0.523,125
identity_r3,add,10000,0.524,125
identity_r3,add,10000,0.525,125
identity_r3,add,10000,0.526,125
identity_r3,add,10000,0.527,125
identity_r3,add,10000,0.528,125
identity_r3,add,10000,0.529,125
identity_r3,add,10000,0.53,125
identity_r3,add,10000,0.531,125
identity_r3,add,10000,0.532,125
identity_r3,add,10000,0.533,125
identity_r3,add,10000,0.534,125
identity_r3,add,10000,0.535,125
identity_r3,add,10000,0.536,125
identity_r3,add,10000,0.537,125
identity_r3,add,10000,0.538,125
identity_r3,add,10000,0.539,125
identity_r3,add,10000,0.54,125
identity_r3,add,10000,0.541,125
identity_r3,add,10000,0.542,125
identity_r3,add,10000,0.543,125
identity_r3,add,10000,0.544,125
identity_r3,add,10000,0.545,125
identity_r3,add,10000,0.546,125
identity_r3,add,10000,0.547,125
identity_r3,add,10000,0.548,125
identity_r3,add,10000,0.549,125
identity_r3,add,10000,0.55,125
identity_r3,add,10000,0.551,125
identity_r3,add,10000,0.552,125
identity_r3,add,10000,0.553,125
identity_r3,add,10000,0.554,125
identity_r3,add,10000,0.555,125
identity_r3,add,10000,0.556,125
identity_r3,add,10000,0.557,125
identity_r3,add,10000,0.558,125
identity_r3,add,10000,0.559,125
identity_r3,add,10000,0.56,125
identity_r3,add,10000,0.561,125
identity_r3,add,10000,0.562,125
identity_r3,add,10000,0.563,125
identity_r3,add,10000,0.564,125
identity_r3,add,10000,0.565,125
identity_r3,add,10000,0.566,125
identity_r3,add,10000,0.567,125
identity_r3,add,10000,0.568,125
identity_r3,add,10000,0.569,125
identity_r3,add,10000,0.57,125
identity_r3,add,10000,0.571,125
identity_r3,add,10000,0.572,125
identity_r3,add,10000,0.573,125
identity_r3,add,10000,0.574,125
identity_r3,add,10000,0.575,125
identity_r3,add,10000,0.576,125
identity_r3,add,10000,0.577,125
identity_r3,add,10000,0.578,125
identity_r3,add,10000,0.579,125
identity_r3,add,10000,0.58,125
identity_r3,add,10000,0.581,125
identity_r3,add,10000,0.582,125
identity_r3,add,10000,0.583,125
identity_r3,add,10000,0.584,125
identity_r3,add,10000,0.585,125
identity_r3,add,10000,0.586,125
identity_r3,add,10000,0.587,125
identity_r3,add,10000,0.588,125
identity_r3,add,10000,0.589,125
identity_r3,add,10000,0.59,125
identity_r3,add,10000,0.591,125
identity_r3,add,10000,0.592,125
identity_r3,add,10000,0.593,125
identity_r3,add,10000,0.594,125
identity_r3,add,10000,0.595,125
identity_r3,add,10000,0.596,125
identity_r3,add,10000,0.597,125
identity_r3,add,10000,0.598,125
identity_r3,add,10000,0.599,125
identity_r3,add,10000,0.6,125
identity_r3,add,10000,0.601,125
identity_r3,add,10000,0.602,125
identity_r3,add,10000,0.603,125
identity_r3,add,10000,0.604,125
identity_r3,add,10000,0.605,125
identity_r3,add,10000,0.606,125
identity_r3,add,10000,0.607,125
identity_r3,add,10000,0.608,125
identity_r3,add,10000,0.609,125
identity_r3,add,10000,0.61,125
identity_r3,add,10000,0.611,125
identity_r3,add,10000,0.612,125
identity_r3,add,10000,0.613,125
identity_r3,add,10000,0.614,125
identity_r3,add,10000,0.615,125
identity_r3,add,10000,0.616,125
identity_r3,add,10000,0.617,125
identity_r3,add,10000,0.618,125
identity_r3,add,10000,0.619,125
identity_r3,add,10000,0.62,125
identity_r3,add,10000,0.621,125
identity_r3,add,10000,0.622,125
identity_r3,add,10000,0.623,125
identity_r3,add,10000,0.624,125
identity_r3,add,10000,0.625,125
identity_r3,add,10000,0.626,125
identity_r3,add,10000,0.627,125
identity_r3,add,10000,0.628,125
identity_r3,add,10000,0.629,125
identity_r3,add,10000,0.63,125
identity_r3,add,10000,0.631,125
identity_r3,add,10000,0.632,125
identity_r3,add,10000,0.633,125
identity_r3,add,10000,0.634,125
identity_r3,add,10000,0.635,125
identity_r3,add,10000,0.636,125
identity_r3,add,10000,0.637,125
identity_r3,add,10000,0.638,125
identity_r3,add,10000,0.639,125
identity_r3,add,10000,0.64,125
identity_r3,add,10000,0.641,125
identity_r3,add,10000,0.642,125
identity_r3,add,10000,0.643,125
identity_r3,add,10000,0.644,125
identity_r3,add,10000,0.645,125
identity_r3,add,10000,0.646,125
identity_r3,add,10000,0.647,125
identity_r3,add,10000,0.648,125
identity_r3,add,10000,0.649,125
identity_r3,add,10000,0.65,125
identity_r3,add,10000,0.651,125
identity_r3,add,10000,0.652,125
identity_r3,add,10000,0.653,125
identity_r3,add,10000,0.654,125
identity_r3,add,10000,0.655,125
identity_r3,add,10000,0.656,125
identity_r3,add,10000,0.657,125
identity_r3,add,10000,0.658,125
identity_r3,add,10000,0.659,125
identity_r3,add,10000,0.66,125
identity_r3,add,10000,0.661,125
identity_r3,add,10000,0.662,125
identity_r3,add,10000,0.663,125
identity_r3,add,10000,0.664,125
identity_r3,add,10000,0.665,125
identity_r3,add,10000,0.666,125
identity_r3,add,10000,0.667,125
identity_r3,add,10000,0.668,125
identity_r3,add,10000,0.669,125
identity_r3,add,10000,0.67,125
identity_r3,add,10000,0.671,125
identity_r3,add,10000,0.672,125
identity_r3,add,10000,0.673,125
identity_r3,add,10000,0.674,125
identity_r3,add,10000,0.675,125
identity_r3,add,10000,0.676,125
identity_r3,add,10000,0.677,125
identity_r3,add,10000,0.678,125
identity_r3,add,10000,0.679,125
identity_r3,add,10000,0.68,125
identity_r3,add,10000,0.681,125
identity_r3,add,10000,0.682,125
identity_r3,add,10000,0.683,125
identity_r3,add,10000,0.684,125
identity_r3,add,10000,0.685,125
identity_r3,add,10000,0.686,125
identity_r3,add,10000,0.687,125
identity_r3,add,10000,0.688,125
identity_r3,add,10000,0.689,125
identity_r3,add,10000,0.69,125
identity_r3,add,10000,0.691,125
identity_r3,add,10000,0.692,125
identity_r3,add,10000,0.693,125
identity_r3,add,10000,0.694,125
identity_r3,add,10000,0.695,125
identity_r3,add,10000,0.696,125
identity_r3,add,10000,0.697,125
identity_r3,add,10000,0.698,125
identity_r3,add,10000,0.699,125
identity_r3,add,10000,0.7,125
identity_r3,add,10000,0.701,125
identity_r3,add,10000,0.702,125
identity_r3,add,10000,0.703,125
identity_r3,add,10000,0.704,125
identity_r3,add,10000,0.705,125
identity_r3,add,10000,0.706,125
identity_r3,add,10000,0.707,125
identity_r3,add,10000,0.708,125
identity_r3,add,10000,0.709,125
identity_r3,add,10000,0.71,125
identity_r3,add,10000,0.711,125
identity_r3,add,10000,0.712,125
identity_r3,add,10000,0.713,125
identity_r3,add,10000,0.714,125
identity_r3,add,10000,0.715,125
identity_r3,add,10000,0.716,125
identity_r3,add,10000,0.717,125
identity_r3,add,10000,0.718,125
identity_r3,add,10000,0.719,125
identity_r3,add,10000,0.72,125
identity_r3,add,10000,0.721,125
identity_r3,add,10000,0.722,125
identity_r3,add,10000,0.723,125
identity_r3,add,10000,0.724,125
identity_r3,add,10000,0.725,125
identity_r3,add,10000,0.726,125
identity_r3,add,10000,0.727,125
identity_r3,add,10000,0.728,125
identity_r3,add,10000,0.729,125
identity_r3,add,10000,0.73,125
identity_r3,add,10000,0.731,125
identity_r3,add,10000,0.732,125
identity_r3,add,10000,0.733,125
identity_r3,add,10000,0.734,125
identity_r3,add,10000,0.735,125
identity_r3,add,10000,0.736,125
identity_r3,add,10000,0.737,125
identity_r3,add,10000,0.738,125
identity_r3,add,10000,0.739,125
identity_r3,add,10000,0.74,125
identity_r3,add,10000,0.741,125
identity_r3,add,10000,0.742,125
identity_r3,add,10000,0.743,125
identity_r3,add,10000,0.744,125
identity_r3,add,10000,0.745,125
identity_r3,add,10000,0.746,125
identity_r3,add,10000,0.747,125
identity_r3,add,10000,0.748,125
identity_r3,add,10000,0.749,125
identity_r3,add,10000,0.75,125
identity_r3,add,10000,0.751,125
identity_r3,add,10000,0.752,125
identity_r3,add,10000,0.753,125
identity_r3,add,10000,0.754,125
identity_r3,add,10000,0.755,125
identity_r3,add,10000,0.756,125
identity_r3,add,10000,0.757,125
identity_r3,add,10000,0.758,125
identity_r3,add,10000,0.759,125
identity_r3,add,10000,0.76,125
identity_r3,add,10000,0.761,125
identity_r3,add,10000,0.762,125
identity_r3,add,10000,0.763,125
identity_r3,add,10000,0.764,125
identity_r3,add,10000,0.765,125
identity_r3,add,10000,0.766,125
identity_r3,add,10000,0.767,125
identity_r3,add,10000,0.768,125
identity_r3,add,10000,0.769,125
identity_r3,add,10000,0.77,125
identity_r3,add,10000,0.771,125
identity_r3,add,10000,0.772,125
identity_r3,add,10000,0.773,125
identity_r3,add,10000,0.774,125
identity_r3,add,10000,0.775,125
identity_r3,add,10000,0.776,125
identity_r3,add,10000,0.777,125
identity_r3,add,10000,0.778,125
identity_r3,add,10000,0.779,125
identity_r3,add,10000,0.78,125
identity_r3,add,10000,0.781,125
identity_r3,add,10000,0.782,125
identity_r3,add,10000,0.783,125
identity_r3,add,10000,0.784,125
identity_r3,add,10000,0.785,125
identity_r3,add,10000,0.786,125
identity_r3,add,10000,0.787,125
identity_r3,add,10000,0.788,125
identity_r3,add,10000,0.789,125
identity_r3,add,10000,0.79,125
identity_r3,add,10000,0.791,125
identity_r3,add,10000,0.792,125
identity_r3,add,10000,0.793,125
identity_r3,add,10000,0.794,125
identity_r3,add,10000,0.795,125
identity_r3,add,10000,0.796,125
identity_r3,add,10000,0.797,125
identity_r3,add,10000,0.798,125
identity_r3,add,10000,0.799,125
identity_r3,add,10000,0.8,125
identity_r3,add,10000,0.801,125
identity_r3,add,10000,0.802,125
identity_r3,add,10000,0.803,125
identity_r3,add,10000,0.804,125
identity_r3,add,10000,0.805,125
identity_r3,add,10000,0.806,125
identity_r3,add,10000,0.807,125
identity_r3,add,10000,0.808,125
identity_r3,add,10000,0.809,125
identity_r3,add,10000,0.81,125
identity_r3,add,10000,0.811,125
identity_r3,add,10000,0.812,125
identity_r3,add,10000,0.813,125
identity_r3,add,10000,0.814,125
identity_r3,add,10000,0.815,125
identity_r3,add,10000,0.816,125
identity_r3,add,10000,0.817,125
identity_r3,add,10000,0.818,125
identity_r3,add,10000,0.819,125
identity_r3,add,10000,0.82,125
identity_r3,add,10000,0.821,125
identity_r3,add,10000,0.822,125
identity_r3,add,10000,0.823,125
identity_r3,add,10000,0.824,125
identity_r3,add,10000,0.825,125
identity_r3,add,10000,0.826,125
identity_r3,add,10000,0.827,125
identity_r3,add,10000,0.828,125
identity_r3,add,10000,0.829,125
identity_r3,add,10000,0.83,125
identity_r3,add,10000,0.831,125
identity_r3,add,10000,0.832,125
identity_r3,add,10000,0.833,125
identity_r3,add,10000,0.834,125
identity_r3,add,10000,0.835,125
identity_r3,add,10000,0.836,125
identity_r3,add,10000,0.837,125
identity_r3,add,10000,0.838,125
identity_r3,add,10000,0.839,125
identity_r3,add,10000,0.84,125
identity_r3,add,10000,0.841,125
identity_r3,add,10000,0.842,125
identity_r3,add,10000,0.843,125
identity_r3,add,10000,0.844,125
identity_r3,add,10000,0.845,125
identity_r3,add,10000,0.846,125
identity_r3,add,10000,0.847,125
identity_r3,add,10000,0.848,125
identity_r3,add,10000,0.849,125
identity_r3,add,10000,0.85,125
identity_r3,add,10000,0.851,125
identity_r3,add,10000,0.852,125
identity_r3,add,10000,0.853,125
identity_r3,add,10000,0.854,125
identity_r3,add,10000,0.855,125
identity_r3,add,10000,0.856,125
identity_r3,add,10000,0.857,125
identity_r3,add,10000,0.858,125
identity_r3,add,10000,0.859,125
identity_r3,add,10000,0.86,125
identity_r3,add,10000,0.861,125
identity_r3,add,10000,0.862,125
identity_r3,add,10000,0.863,125
identity_r3,add,10000,0.864,125
identity_r3,add,10000,0.865,125
identity_r3,add,10000,0.866,125
identity_r3,add,10000,0.867,125
identity_r3,add,10000,0.868,125
identity_r3,add,10000,0.869,125
identity_r3,add,10000,0.87,125
identity_r3,add,10000,0.871,125
identity_r3,add,10000,0.872,125
identity_r3,add,10000,0.873,125
identity_r3,add,10000,0.874,125
identity_r3,add,10000,0.875,125
identity_r3,add,10000,0.876,125
identity_r3,add,10000,0.877,125
identity_r3,add,10000,0.878,125
identity_r3,add,10000,0.879,125
identity_r3,add,10000,0.88,125
identity_r3,add,10000,0.881,125
identity_r3,add,10000,0.882,125
identity_r3,add,10000,0.883,125
identity_r3,add,10000,0.884,125
identity_r3,add,10000,0.885,125
identity_r3,add,10000,0.886,125
identity_r3,add,10000,0.887,125
identity_r3,add,10000,0.888,125
identity_r3,add,10000,0.889,125
identity_r3,add,10000,0.89,125
identity_r3,add,10000,0.891,125
identity_r3,add,10000,0.892,125
identity_r3,add,10000,0.893,125
identity_r3,add,10000,0.894,125
identity_r3,add,10000,0.895,125
identity_r3,add,10000,0.896,125
identity_r3,add,10000,0.897,125
identity_r3,add,10000,0.898,125
identity_r3,add,10000,0.899,125
identity_r3,add,10000,0.9,125
identity_r3,add,10000,0.901,125
identity_r3,add,10000,0.902,125
identity_r3,add,10000,0.903,125
identity_r3,add,10000,0.904,125
identity_r3,add,10000,0.905,125
identity_r3,add,10000,0.906,125
identity_r3,add,10000,0.907,125
identity_r3,add,10000,0.908,125
identity_r3,add,10000,0.909,125
identity_r3,add,10000,0.91,125
identity_r3,add,10000,0.911,125
identity_r3,add,10000,0.912,125
identity_r3,add,10000,0.913,125
identity_r3,add,10000,0.914,125
identity_r3,add,10000,0.915,125
identity_r3,add,10000,0.916,125
identity_r3,add,10000,0.917,125
identity_r3,add,10000,0.918,125
identity_r3,add,10000,0.919,125
identity_r3,add,10000,0.92,125
identity_r3,add,10000,0.921,125
identity_r3,add,10000,0.922,125
identity_r3,add,10000,0.923,125
identity_r3,add,10000,0.924,125
identity_r3,add,10000,0.925,125
identity_r3,add,10000,0.926,125
identity_r3,add,10000,0.927,125
identity_r3,add,10000,0.928,125
identity_r3,add,10000,0.929,125
identity_r3,add,10000,0.93,125
identity_r3,add,10000,0.931,125
identity_r3,add,10000,0.932,125
identity_r3,add,10000,0.933,125
identity_r3,add,10000,0.934,125
identity_r3,add,10000,0.935,125
identity_r3,add,10000,0.936,125
identity_r3,add,10000,0.937,125
identity_r3,add,10000,0.938,125
identity_r3,add,10000,0.939,125
identity_r3,add,10000,0.94,125
identity_r3,add,10000,0.941,125
identity_r3,add,10000,0.942,125
identity_r3,add,10000,0.943,125
identity_r3,add,10000,0.944,125
identity_r3,add,10000,0.945,125
identity_r3,add,10000,0.946,125
identity_r3,add,10000,0.947,125
identity_r3,add,10000,0.948,125
identity_r3,add,10000,0.949,125
identity_r3,add,10000,0.95,125
identity_r3,add,10000,0.951,125
identity_r3,add,10000,0.952,125
identity_r3,add,10000,0.953,125
identity_r3,add,10000,0.954,125
identity_r3,add,10000,0.955,125
identity_r3,add,10000,0.956,125
identity_r3,add,10000,0.957,125
identity_r3,add,10000,0.958,125
identity_r3,add,10000,0.959,125
identity_r3,add,10000,0.96,125
identity_r3,add,10000,0.961,125
identity_r3,add,10000,0.962,125
identity_r3,add,10000,0.963,166
identity_r3,add,10000,0.964,166
identity_r3,add,10000,0.965,166
identity_r3,add,10000,0.966,166
identity_r3,add,10000,0.967,166
identity_r3,add,10000,0.968,166
identity_r3,add,10000,0.969,166
identity_r3,add,10000,0.97,166
identity_r3,add,10000,0.971,166
identity_r3,add,10000,0.972,166
identity_r3,add,10000,0.973,166
identity_r3,add,10000,0.974,167
identity_r3,add,10000,0.975,167
identity_r3,add,10000,0.976,167
identity_r3,add,10000,0.977,167
identity_r3,add,10000,0.978,167
identity_r3,add,10000,0.979,167
identity_r3,add,10000,0.98,167
identity_r3,add,10000,0.981,167
identity_r3,add,10000,0.982,167
identity_r3,add,10000,0.983,167
identity_r3,add,10000,0.984,167
identity_r3,add,10000,0.985,167
identity_r3,add,10000,0.986,167
identity_r3,add,10000,0.987,167
identity_r3,add,10000,0.988,167
identity_r3,add,10000,0.989,167
identity_r3,add,10000,0.99,167
identity_r3,add,10000,0.991,167
identity_r3,add,10000,0.992,167
identity_r3,add,10000,0.993,167
identity_r3,add,10000,0.994,167
identity_r3,add,10000,0.995,167
identity_r3,add,10000,0.996,208
identity_r3,add,10000,0.997,208
identity_r3,add,10000,0.998,209
identity_r3,add,10000,0.999,250
identity_r3,cancel,10000,0,0
identity_r3,cancel,10000,0.001,41
identity_r3,cancel,10000,0.002,41
identity_r3,cancel,10000,0.003,41
identity_r3,cancel,10000,0.004,41
identity_r3,cancel,10000,0.005,41
identity_r3,cancel,10000,0.006,41
identity_r3,cancel,10000,0.007,42
identity_r3,cancel,10000,0.008,42
identity_r3,cancel,10000,0.009,42
identity_r3,cancel,10000,0.01,42
identity_r3,cancel,10000,0.011,42
identity_r3,cancel,10000,0.012,42
identity_r3,cancel,10000,0.013,42
identity_r3,cancel,10000,0.014,42
identity_r3,cancel,10000,0.015,42
identity_r3,cancel,10000,0.016,42
identity_r3,cancel,10000,0.017,42
identity_r3,cancel,10000,0.018,42
identity_r3,cancel,10000,0.019,42
identity_r3,cancel,10000,0.02,83
identity_r3,cancel,10000,0.021,83
identity_r3,cancel,10000,0.022,83
identity_r3,cancel,10000,0.023,83
identity_r3,cancel,10000,0.024,83
identity_r3,cancel,10000,0.025,83
identity_r3,cancel,10000,0.026,83
identity_r3,cancel,10000,0.027,83
identity_r3,cancel,10000,0.028,83
identity_r3,cancel,10000,0.029,83
identity_r3,cancel,10000,0.03,83
identity_r3,cancel,10000,0.031,83
identity_r3,cancel,10000,0.032,83
identity_r3,cancel,10000,0.033,83
identity_r3,cancel,10000,0.034,83
identity_r3,cancel,10000,0.035,83
identity_r3,cancel,10000,0.036,83
identity_r3,cancel,10000,0.037,83
identity_r3,cancel,10000,0.038,83
identity_r3,cancel,10000,0.039,83
identity_r3,cancel,10000,0.04,83
identity_r3,cancel,10000,0.041,83
identity_r3,cancel,10000,0.042,83
identity_r3,cancel,10000,0.043,83
identity_r3,cancel,10000,0.044,83
identity_r3,cancel,10000,0.045,83
identity_r3,cancel,10000,0.046,83
identity_r3,cancel,10000,0.047,83
identity_r3,cancel,10000,0.048,83
identity_r3,cancel,10000,0.049,83
identity_r3,cancel,10000,0.05,83
identity_r3,cancel,10000,0.051,83
identity_r3,cancel,10000,0.052,83
identity_r3,cancel,10000,0.053,83
identity_r3,cancel,10000,0.054,83
identity_r3,cancel,10000,0.055,83
identity_r3,cancel,10000,0.056,83
identity_r3,cancel,10000,0.057,83
identity_r3,cancel,10000,0.058,83
identity_r3,cancel,10000,0.059,83
identity_r3,cancel,10000,0.06,83
identity_r3,cancel,10000,0.061,83
identity_r3,cancel,10000,0.062,83
identity_r3,cancel,10000,0.063,83
identity_r3,cancel,10000,0.064,83
identity_r3,cancel,10000,0.065,83
identity_r3,cancel,10000,0.066,83
identity_r3,cancel,10000,0.067,83
identity_r3,cancel,10000,0.068,83
identity_r3,cancel,10000,0.069,83
identity_r3,cancel,10000,0.07,83
identity_r3,cancel,10000,0.071,83
identity_r3,cancel,10000,0.072,83
identity_r3,cancel,10000,0.073,83
identity_r3,cancel,10000,0.074,83
identity_r3,cancel,10000,0.075,83
identity_r3,cancel,10000,0.076,83
identity_r3,cancel,10000,0.077,83
identity_r3,cancel,10000,0.078,83
identity_r3,cancel,10000,0.079,84
identity_r3,cancel,10000,0.08,84
identity_r3,cancel,10000,0.081,84
identity_r3,cancel,10000,0.082,84
identity_r3,cancel,10000,0.083,84
identity_r3,cancel,10000,0.084,84
identity_r3,cancel,10000,0.085,84
identity_r3,cancel,10000,0.086,84
identity_r3,cancel,10000,0.087,84
identity_r3,cancel,10000,0.088,84
identity_r3,cancel,10000,0.089,84
identity_r3,cancel,10000,0.09,84
identity_r3,cancel,10000,0.091,84
identity_r3,cancel,10000,0.092,84
identity_r3,cancel,10000,0.093,84
identity_r3,cancel,10000,0.094,84
identity_r3,cancel,10000,0.095,84
identity_r3,cancel,10000,0.096,84
identity_r3,cancel,10000,0.097,84
identity_r3,cancel,10000,0.098,84
identity_r3,cancel,10000,0.099,84
identity_r3,cancel,10000,0.1,84
identity_r3,cancel,10000,0.101,84
identity_r3,cancel,10000,0.102,84
identity_r3,cancel,10000,0.103,84
identity_r3,cancel,10000,0.104,84
identity_r3,cancel,10000,0.105,84
identity_r3,cancel,10000,0.106,84
identity_r3,cancel,10000,0.107,84
identity_r3,cancel,10000,0.108,125
identity_r3,cancel,10000,0.109,125
identity_r3,cancel,10000,0.11,125
identity_r3,cancel,10000,0.111,125
identity_r3,cancel,10000,0.112,125
identity_r3,cancel,10000,0.113,125
identity_r3,cancel,10000,0.114,125
identity_r3,cancel,10000,0.115,125
identity_r3,cancel,10000,0.116,125
identity_r3,cancel,10000,0.117,125
identity_r3,cancel,10000,0.118,125
identity_r3,cancel,10000,0.119,125
identity_r3,cancel,10000,0.12,125
identity_r3,cancel,10000,0.121,125
identity_r3,cancel,10000,0.122,125
identity_r3,cancel,10000,0.123,125
identity_r3,cancel,10000,0.124,125
identity_r3,cancel,10000,0.125,125
identity_r3,cancel,10000,0.126,125
identity_r3,cancel,10000,0.127,125
identity_r3,cancel,10000,0.128,125
identity_r3,cancel,10000,0.129,125
identity_r3,cancel,10000,0.13,125
identity_r3,cancel,10000,0.131,125
identity_r3,cancel,10000,0.132,125
identity_r3,cancel,10000,0.133,125
identity_r3,cancel,10000,0.134,125
identity_r3,cancel,10000,0.135,125
identity_r3,cancel,10000,0.136,125
identity_r3,cancel,10000,0.137,125
identity_r3,cancel,10000,0.138,125
identity_r3,cancel,10000,0.139,125
identity_r3,cancel,10000,0.14,125
identity_r3,cancel,10000,0.141,125
identity_r3,cancel,10000,0.142,125
identity_r3,cancel,10000,0.143,125
identity_r3,cancel,10000,0.144,125
identity_r3,cancel,10000,0.145,125
identity_r3,cancel,10000,0.146,125
identity_r3,cancel,10000,0.147,125
identity_r3,cancel,10000,0.148,125
identity_r3,cancel,10000,0.149,125
identity_r3,cancel,10000,0.15,125
identity_r3,cancel,10000,0.151,125
identity_r3,cancel,10000,0.152,125
identity_r3,cancel,10000,0.153,125
identity_r3,cancel,10000,0.154,125
identity_r3,cancel,10000,0.155,125
identity_r3,cancel,10000,0.156,125
identity_r3,cancel,10000,0.157,125
identity_r3,cancel,10000,0.158,125
identity_r3,cancel,10000,0.159,125
identity_r3,cancel,10000,0.16,125
identity_r3,cancel,10000,0.161,125
identity_r3,cancel,10000,0.162,125
identity_r3,cancel,10000,0.163,125
identity_r3,cancel,10000,0.164,125
identity_r3,cancel,10000,0.165,125
identity_r3,cancel,10000,0.166,125
identity_r3,cancel,10000,0.167,125
identity_r3,cancel,10000,0.168,125
identity_r3,cancel,10000,0.169,125
identity_r3,cancel,10000,0.17,125
identity_r3,cancel,10000,0.171,125
identity_r3,cancel,10000,0.172,125
identity_r3,cancel,10000,0.173,125
identity_r3,cancel,10000,0.174,125
identity_r3,cancel,10000,0.175,125
identity_r3,cancel,10000,0.176,125
identity_r3,cancel,10000,0.177,125
identity_r3,cancel,10000,0.178,125
identity_r3,cancel,10000,0.179,125
identity_r3,cancel,10000,0.18,125
identity_r3,cancel,10000,0.181,125
identity_r3,cancel,10000,0.182,125
identity_r3,cancel,10000,0.183,125
identity_r3,cancel,10000,0.184,125
identity_r3,cancel,10000,0.185,125
identity_r3,cancel,10000,0.186,125
identity_r3,cancel,10000,0.187,125
identity_r3,cancel,10000,0.188,125
identity_r3,cancel,10000,0.189,125
identity_r3,cancel,10000,0.19,125
identity_r3,cancel,10000,0.191,125
identity_r3,cancel,10000,0.192,125
identity_r3,cancel,10000,0.193,125
identity_r3,cancel,10000,0.194,125
identity_r3,cancel,10000,0.195,125
identity_r3,cancel,10000,0.196,125
identity_r3,cancel,10000,0.197,125
identity_r3,cancel,10000,0.198,125
identity_r3,cancel,10000,0.199,125
identity_r3,cancel,10000,0.2,125
identity_r3,cancel,10000,0.201,125
identity_r3,cancel,10000,0.202,125
identity_r3,cancel,10000,0.203,125
identity_r3,cancel,10000,0.204,125
identity_r3,cancel,10000,0.205,125
identity_r3,cancel,10000,0.206,125
identity_r3,cancel,10000,0.207,125
identity_r3,cancel,10000,0.208,125
identity_r3,cancel,10000,0.209,125
identity_r3,cancel,10000,0.21,125
identity_r3,cancel,10000,0.211,125
identity_r3,cancel,10000,0.212,125
identity_r3,cancel,10000,0.213,125
identity_r3,cancel,10000,0.214,125
identity_r3,cancel,10000,0.215,125
identity_r3,cancel,10000,0.216,125
identity_r3,cancel,10000,0.217,125
identity_r3,cancel,10000,0.218,125
identity_r3,cancel,10000,0.219,125
identity_r3,cancel,10000,0.22,125
identity_r3,cancel,10000,0.221,125
identity_r3,cancel,10000,0.222,125
identity_r3,cancel,10000,0.223,125
identity_r3,cancel,10000,0.224,125
identity_r3,cancel,10000,0.225,125
identity_r3,cancel,10000,0.226,125
identity_r3,cancel,10000,0.227,125
identity_r3,cancel,10000,0.228,125
identity_r3,cancel,10000,0.229,125
identity_r3,cancel,10000,0.23,125
identity_r3,cancel,10000,0.231,125
identity_r3,cancel,10000,0.232,125
identity_r3,cancel,10000,0.233,125
identity_r3,cancel,10000,0.234,125
identity_r3,cancel,10000,0.235,125
identity_r3,cancel,10000,0.236,125
identity_r3,cancel,10000,0.237,125
identity_r3,cancel,10000,0.238,125
identity_r3,cancel,10000,0.239,125
identity_r3,cancel,10000,0.24,125
identity_r3,cancel,10000,0.241,125
identity_r3,cancel,10000,0.242,125
identity_r3,cancel,10000,0.243,125
identity_r3,cancel,10000,0.244,125
identity_r3,cancel,10000,0.245,125
identity_r3,cancel,10000,0.246,125
identity_r3,cancel,10000,0.247,125
identity_r3,cancel,10000,0.248,125
identity_r3,cancel,10000,0.249,125
identity_r3,cancel,10000,0.25,125
identity_r3,cancel,10000,0.251,125
identity_r3,cancel,10000,0.252,125
identity_r3,cancel,10000,0.253,125
identity_r3,cancel,10000,0.254,125
identity_r3,cancel,10000,0.255,125
identity_r3,cancel,10000,0.256,125
identity_r3,cancel,10000,0.257,125
identity_r3,cancel,10000,0.258,125
identity_r3,cancel,10000,0.259,125
identity_r3,cancel,10000,0.26,125
identity_r3,cancel,10000,0.261,125
identity_r3,cancel,10000,0.262,125
identity_r3,cancel,10000,0.263,125
identity_r3,cancel,10000,0.264,125
identity_r3,cancel,10000,0.265,125
identity_r3,cancel,10000,0.266,125
identity_r3,cancel,10000,0.267,125
identity_r3,cancel,10000,0.268,125
identity_r3,cancel,10000,0.269,125
identity_r3,cancel,10000,0.27,125
identity_r3,cancel,10000,0.271,125
identity_r3,cancel,10000,0.272,125
identity_r3,cancel,10000,0.273,125
identity_r3,cancel,10000,0.274,125
identity_r3,cancel,10000,0.275,125
identity_r3,cancel,10000,0.276,125
identity_r3,cancel,10000,0.277,125
identity_r3,cancel,10000,0.278,125
identity_r3,cancel,10000,0.279,125
identity_r3,cancel,10000,0.28,125
identity_r3,cancel,10000,0.281,125
identity_r3,cancel,10000,0.282,125
identity_r3,cancel,10000,0.283,125
identity_r3,cancel,10000,0.284,125
identity_r3,cancel,10000,0.285,125
identity_r3,cancel,10000,0.286,125
identity_r3,cancel,10000,0.287,125
identity_r3,cancel,10000,0.288,125
identity_r3,cancel,10000,0.289,125
identity_r3,cancel,10000,0.29,125
identity_r3,cancel,10000,0.291,125
identity_r3,cancel,10000,0.292,125
identity_r3,cancel,10000,0.293,125
identity_r3,cancel,10000,0.294,125
identity_r3,cancel,10000,0.295,125
identity_r3,cancel,10000,0.296,125
identity_r3,cancel,10000,0.297,125
identity_r3,cancel,10000,0.298,125
identity_r3,cancel,10000,0.299,125
identity_r3,cancel,10000,0.3,125
identity_r3,cancel,10000,0.301,125
identity_r3,cancel,10000,0.302,125
identity_r3,cancel,10000,0.303,125
identity_r3,cancel,10000,0.304,125
identity_r3,cancel,10000,0.305,125
identity_r3,cancel,10000,0.306,125
identity_r3,cancel,10000,0.307,125
identity_r3,cancel,10000,0.308,125
identity_r3,cancel,10000,0.309,125
identity_r3,cancel,10000,0.31,125
identity_r3,cancel,10000,0.311,125
identity_r3,cancel,10000,0.312,125
identity_r3,cancel,10000,0.313,125
identity_r3,cancel,10000,0.314,125
identity_r3,cancel,10000,0.315,125
identity_r3,cancel,10000,0.316,125
identity_r3,cancel,10000,0.317,125
identity_r3,cancel,10000,0.318,125
identity_r3,cancel,10000,0.319,125
identity_r3,cancel,10000,0.32,125
identity_r3,cancel,10000,0.321,125
identity_r3,cancel,10000,0.322,125
identity_r3,cancel,10000,0.323,125
identity_r3,cancel,10000,0.324,125
identity_r3,cancel,10000,0.325,125
identity_r3,cancel,10000,0.326,125
identity_r3,cancel,10000,0.327,125
identity_r3,cancel,10000,0.328,125
identity_r3,cancel,10000,0.329,125
identity_r3,cancel,10000,0.33,125
identity_r3,cancel,10000,0.331,125
identity_r3,cancel,10000,0.332,125
identity_r3,cancel,10000,0.333,125
identity_r3,cancel,10000,0.334,125
identity_r3,cancel,10000,0.335,125
identity_r3,cancel,10000,0.336,125
identity_r3,cancel,10000,0.337,125
identity_r3,cancel,10000,0.338,125
identity_r3,cancel,10000,0.339,125
identity_r3,cancel,10000,0.34,125
identity_r3,cancel,10000,0.341,125
identity_r3,cancel,10000,0.342,125
identity_r3,cancel,10000,0.343,125
identity_r3,cancel,10000,0.344,125
identity_r3,cancel,10000,0.345,125
identity_r3,cancel,10000,0.346,125
identity_r3,cancel,10000,0.347,125
identity_r3,cancel,10000,0.348,125
identity_r3,cancel,10000,0.349,125
identity_r3,cancel,10000,0.35,125
identity_r3,cancel,10000,0.351,125
identity_r3,cancel,10000,0.352,125
identity_r3,cancel,10000,0.353,125
identity_r3,cancel,10000,0.354,125
identity_r3,cancel,10000,0.355,125
identity_r3,cancel,10000,0.356,125
identity_r3,cancel,10000,0.357,125
identity_r3,cancel,10000,0.358,125
identity_r3,cancel,10000,0.359,125
identity_r3,cancel,10000,0.36,125
identity_r3,cancel,10000,0.361,125
identity_r3,cancel,10000,0.362,125
identity_r3,cancel,10000,0.363,125
identity_r3,cancel,10000,0.364,125
identity_r3,cancel,10000,0.365,125
identity_r3,cancel,10000,0.366,125
identity_r3,cancel,10000,0.367,125
identity_r3,cancel,10000,0.368,125
identity_r3,cancel,10000,0.369,125
identity_r3,cancel,10000,0.37,125
identity_r3,cancel,10000,0.371,125
identity_r3,cancel,10000,0.372,125
identity_r3,cancel,10000,0.373,125
identity_r3,cancel,10000,0.374,125
identity_r3,cancel,10000,0.375,125
identity_r3,cancel,10000,0.376,125
identity_r3,cancel,10000,0.377,125
identity_r3,cancel,10000,0.378,125
identity_r3,cancel,10000,0.379,125
identity_r3,cancel,10000,0.38,125
identity_r3,cancel,10000,0.381,125
identity_r3,cancel,10000,0.382,125
identity_r3,cancel,10000,0.383,125
identity_r3,cancel,10000,0.384,125
identity_r3,cancel,10000,0.385,125
identity_r3,cancel,10000,0.386,125
identity_r3,cancel,10000,0.387,125
identity_r3,cancel,10000,0.388,125
identity_r3,cancel,10000,0.389,125
identity_r3,cancel,10000,0.39,125
identity_r3,cancel,10000,0.391,125
identity_r3,cancel,10000,0.392,125
identity_r3,cancel,10000,0.393,125
identity_r3,cancel,10000,0.394,125
identity_r3,cancel,10000,0.395,125
identity_r3,cancel,10000,0.396,125
identity_r3,cancel,10000,0.397,125
identity_r3,cancel,10000,0.398,125
identity_r3,cancel,10000,0.399,125
identity_r3,cancel,10000,0.4,125
identity_r3,cancel,10000,0.401,125
identity_r3,cancel,10000,0.402,125
identity_r3,cancel,10000,0.403,125
identity_r3,cancel,10000,0.404,125
identity_r3,cancel,10000,0.405,125
identity_r3,cancel,10000,0.406,125
identity_r3,cancel,10000,0.407,125
identity_r3,cancel,10000,0.408,125
identity_r3,cancel,10000,0.409,125
identity_r3,cancel,10000,0.41,125
identity_r3,cancel,10000,0.411,125
identity_r3,cancel,10000,0.412,125
identity_r3,cancel,10000,0.413,125
identity_r3,cancel,10000,0.414,125
identity_r3,cancel,10000,0.415,125
identity_r3,cancel,10000,0.416,125
identity_r3,cancel,10000,0.417,125
identity_r3,cancel,10000,0.418,125
identity_r3,cancel,10000,0.419,125
identity_r3,cancel,10000,0.42,125
identity_r3,cancel,10000,0.421,125
identity_r3,cancel,10000,0.422,125
identity_r3,cancel,10000,0.423,125
identity_r3,cancel,10000,0.424,125
identity_r3,cancel,10000,0.425,125
identity_r3,cancel,10000,0.426,125
identity_r3,cancel,10000,0.427,125
identity_r3,cancel,10000,0.428,125
identity_r3,cancel,10000,0.429,125
identity_r3,cancel,10000,0.43,125
identity_r3,cancel,10000,0.431,125
identity_r3,cancel,10000,0.432,125
identity_r3,cancel,10000,0.433,125
identity_r3,cancel,10000,0.434,125
identity_r3,cancel,10000,0.435,125
identity_r3,cancel,10000,0.436,125
identity_r3,cancel,10000,0.437,125
identity_r3,cancel,10000,0.438,125
identity_r3,cancel,10000,0.439,125
identity_r3,cancel,10000,0.44,125
identity_r3,cancel,10000,0.441,125
identity_r3,cancel,10000,0.442,125
identity_r3,cancel,10000,0.443,125
identity_r3,cancel,10000,0.444,125
identity_r3,cancel,10000,0.445,125
identity_r3,cancel,10000,0.446,125
identity_r3,cancel,10000,0.447,125
identity_r3,cancel,10000,0.448,125
identity_r3,cancel,10000,0.449,125
identity_r3,cancel,10000,0.45,125
identity_r3,cancel,10000,0.451,125
identity_r3,cancel,10000,0.452,125
identity_r3,cancel,10000,0.453,125
identity_r3,cancel,10000,0.454,125
identity_r3,cancel,10000,0.455,125
identity_r3,cancel,10000,0.456,125
identity_r3,cancel,10000,0.457,125
identity_r3,cancel,10000,0.458,125
identity_r3,cancel,10000,0.459,125
identity_r3,cancel,10000,0.46,125
identity_r3,cancel,10000,0.461,125
identity_r3,cancel,10000,0.462,125
identity_r3,cancel,10000,0.463,125
identity_r3,cancel,10000,0.464,125
identity_r3,cancel,10000,0.465,125
identity_r3,cancel,10000,0.466,125
identity_r3,cancel,10000,0.467,125
identity_r3,cancel,10000,0.468,125
identity_r3,cancel,10000,0.469,125
identity_r3,cancel,10000,0.47,125
identity_r3,cancel,10000,0.471,125
identity_r3,cancel,10000,0.472,125
identity_r3,cancel,10000,0.473,125
identity_r3,cancel,10000,0.474,125
identity_r3,cancel,10000,0.475,125
identity_r3,cancel,10000,0.476,125
identity_r3,cancel,10000,0.477,125
identity_r3,cancel,10000,0.478,125
identity_r3,cancel,10000,0.479,125
identity_r3,cancel,10000,0.48,125
identity_r3,cancel,10000,0.481,125
identity_r3,cancel,10000,0.482,125
identity_r3,cancel,10000,0.483,125
identity_r3,cancel,10000,0.484,125
identity_r3,cancel,10000,0.485,125
identity_r3,cancel,10000,0.486,125
identity_r3,cancel,10000,0.487,125
identity_r3,cancel,10000,0.488,125
identity_r3,cancel,10000,0.489,125
identity_r3,cancel,10000,0.49,125
identity_r3,cancel,10000,0.491,125
identity_r3,cancel,10000,0.492,125
identity_r3,cancel,10000,0.493,125
identity_r3,cancel,10000,0.494,125
identity_r3,cancel,10000,0.495,125
identity_r3,cancel,10000,0.496,125
identity_r3,cancel,10000,0.497,125
identity_r3,cancel,10000,0.498,125
identity_r3,cancel,10000,0.499,125
identity_r3,cancel,10000,0.5,125
identity_r3,cancel,10000,0.501,125
identity_r3,cancel,10000,0.502,125
identity_r3,cancel,10000,0.503,125
identity_r3,cancel,10000,0.504,125
identity_r3,cancel,10000,0.505,125
identity_r3,cancel,10000,0.506,125
identity_r3,cancel,10000,0.507,125
identity_r3,cancel,10000,0.508,125
identity_r3,cancel,10000,0.509,125
identity_r3,cancel,10000,0.51,125
identity_r3,cancel,10000,0.511,125
identity_r3,cancel,10000,0.512,125
identity_r3,cancel,10000,0.513,125
identity_r3,cancel,10000,0.514,125
identity_r3,cancel,10000,0.515,125
identity_r3,cancel,10000,0.516,125
identity_r3,cancel,10000,0.517,125
identity_r3,cancel,10000,0.518,125
identity_r3,cancel,10000,0.519,125
identity_r3,cancel,10000,0.52,125
identity_r3,cancel,10000,0.521,125
identity_r3,cancel,10000,0.522,125
identity_r3,cancel,10000,0.523,125
identity_r3,cancel,10000,0.524,125
identity_r3,cancel,10000,0.525,125
identity_r3,cancel,10000,0.526,125
identity_r3,cancel,10000,0.527,125
identity_r3,cancel,10000,0.528,125
identity_r3,cancel,10000,0.529,125
identity_r3,cancel,10000,0.53,125
identity_r3,cancel,10000,0.531,125
identity_r3,cancel,10000,0.532,125
identity_r3,cancel,10000,0.533,125
identity_r3,cancel,10000,0.534,125
identity_r3,cancel,10000,0.535,125
identity_r3,cancel,10000,0.536,125
identity_r3,cancel,10000,0.537,125
identity_r3,cancel,10000,0.538,125
identity_r3,cancel,10000,0.539,125
identity_r3,cancel,10000,0.54,125
identity_r3,cancel,10000,0.541,125
identity_r3,cancel,10000,0.542,125
identity_r3,cancel,10000,0.543,125
identity_r3,cancel,10000,0.544,125
identity_r3,cancel,10000,0.545,125
identity_r3,cancel,10000,0.546,125
identity_r3,cancel,10000,0.547,125
identity_r3,cancel,10000,0.548,125
identity_r3,cancel,10000,0.549,125
identity_r3,cancel,10000,0.55,125
identity_r3,cancel,10000,0.551,125
identity_r3,cancel,10000,0.552,125
identity_r3,cancel,10000,0.553,125
identity_r3,cancel,10000,0.554,125
identity_r3,cancel,10000,0.555,125
identity_r3,cancel,10000,0.556,125
identity_r3,cancel,10000,0.557,125
identity_r3,cancel,10000,0.558,125
identity_r3,cancel,10000,0.559,125
identity_r3,cancel,10000,0.56,125
identity_r3,cancel,10000,0.561,125
identity_r3,cancel,10000,0.562,125
identity_r3,cancel,10000,0.563,125
identity_r3,cancel,10000,0.564,125
identity_r3,cancel,10000,0.565,125
identity_r3,cancel,10000,0.566,125
identity_r3,cancel,10000,0.567,125
identity_r3,cancel,10000,0.568,125
identity_r3,cancel,10000,0.569,166
identity_r3,cancel,10000,0.57,166
identity_r3,cancel,10000,0.571,166
identity_r3,cancel,10000,0.572,166
identity_r3,cancel,10000,0.573,166
identity_r3,cancel,10000,0.574,166
identity_r3,cancel,10000,0.575,166
identity_r3,cancel,10000,0.576,166
identity_r3,cancel,10000,0.577,166
identity_r3,cancel,10000,0.578,166
identity_r3,cancel,10000,0.579,166
identity_r3,cancel,10000,0.58,166
identity_r3,cancel,10000,0.581,166
identity_r3,cancel,10000,0.582,166
identity_r3,cancel,10000,0.583,166
identity_r3,cancel,10000,0.584,166
identity_r3,cancel,10000,0.585,166
identity_r3,cancel,10000,0.586,166
identity_r3,cancel,10000,0.587,166
identity_r3,cancel,10000,0.588,166
identity_r3,cancel,10000,0.589,166
identity_r3,cancel,10000,0.59,166
identity_r3,cancel,10000,0.591,166
identity_r3,cancel,10000,0.592,166
identity_r3,cancel,10000,0.593,166
identity_r3,cancel,10000,0.594,166
identity_r3,cancel,10000,0.595,166
identity_r3,cancel,10000,0.596,166
identity_r3,cancel,10000,0.597,166
identity_r3,cancel,10000,0.598,166
identity_r3,cancel,10000,0.599,166
identity_r3,cancel,10000,0.6,166
identity_r3,cancel,10000,0.601,166
identity_r3,cancel,10000,0.602,166
identity_r3,cancel,10000,0.603,166
identity_r3,cancel,10000,0.604,166
identity_r3,cancel,10000,0.605,166
identity_r3,cancel,10000,0.606,166
identity_r3,cancel,10000,0.607,166
identity_r3,cancel,10000,0.608,166
identity_r3,cancel,10000,0.609,166
identity_r3,cancel,10000,0.61,166
identity_r3,cancel,10000,0.611,166
identity_r3,cancel,10000,0.612,166
identity_r3,cancel,10000,0.613,166
identity_r3,cancel,10000,0.614,166
identity_r3,cancel,10000,0.615,166
identity_r3,cancel,10000,0.616,166
identity_r3,cancel,10000,0.617,166
identity_r3,cancel,10000,0.618,166
identity_r3,cancel,10000,0.619,166
identity_r3,cancel,10000,0.62,166
identity_r3,cancel,10000,0.621,166
identity_r3,cancel,10000,0.622,166
identity_r3,cancel,10000,0.623,166
identity_r3,cancel,10000,0.624,166
identity_r3,cancel,10000,0.625,166
identity_r3,cancel,10000,0.626,166
identity_r3,cancel,10000,0.627,166
identity_r3,cancel,10000,0.628,166
identity_r3,cancel,10000,0.629,166
identity_r3,cancel,10000,0.63,166
identity_r3,cancel,10000,0.631,166
identity_r3,cancel,10000,0.632,166
identity_r3,cancel,10000,0.633,166
identity_r3,cancel,10000,0.634,166
identity_r3,cancel,10000,0.635,166
identity_r3,cancel,10000,0.636,166
identity_r3,cancel,10000,0.637,166
identity_r3,cancel,10000,0.638,166
identity_r3,cancel,10000,0.639,166
identity_r3,cancel,10000,0.64,166
identity_r3,cancel,10000,0.641,166
identity_r3,cancel,10000,0.642,166
identity_r3,cancel,10000,0.643,166
identity_r3,cancel,10000,0.644,166
identity_r3,cancel,10000,0.645,166
identity_r3,cancel,10000,0.646,166
identity_r3,cancel,10000,0.647,166
identity_r3,cancel,10000,0.648,166
identity_r3,cancel,10000,0.649,166
identity_r3,cancel,10000,0.65,166
identity_r3,cancel,10000,0.651,166
identity_r3,cancel,10000,0.652,166
identity_r3,cancel,10000,0.653,166
identity_r3,cancel,10000,0.654,166
identity_r3,cancel,10000,0.655,166
identity_r3,cancel,10000,0.656,166
identity_r3,cancel,10000,0.657,167
identity_r3,cancel,10000,0.658,167
identity_r3,cancel,10000,0.659,167
identity_r3,cancel,10000,0.66,167
identity_r3,cancel,10000,0.661,167
identity_r3,cancel,10000,0.662,167
identity_r3,cancel,10000,0.663,167
identity_r3,cancel,10000,0.664,167
identity_r3,cancel,10000,0.665,167
identity_r3,cancel,10000,0.666,167
identity_r3,cancel,10000,0.667,167
identity_r3,cancel,10000,0.668,167
identity_r3,cancel,10000,0.669,167
identity_r3,cancel,10000,0.67,167
identity_r3,cancel,10000,0.671,167
identity_r3,cancel,10000,0.672,167
identity_r3,cancel,10000,0.673,167
identity_r3,cancel,10000,0.674,167
identity_r3,cancel,10000,0.675,167
identity_r3,cancel,10000,0.676,167
identity_r3,cancel,10000,0.677,167
identity_r3,cancel,10000,0.678,167
identity_r3,cancel,10000,0.679,167
identity_r3,cancel,10000,0.68,167
identity_r3,cancel,10000,0.681,167
identity_r3,cancel,10000,0.682,167
identity_r3,cancel,10000,0.683,167
identity_r3,cancel,10000,0.684,167
identity_r3,cancel,10000,0.685,167
identity_r3,cancel,10000,0.686,167
identity_r3,cancel,10000,0.687,167
identity_r3,cancel,10000,0.688,167
identity_r3,cancel,10000,0.689,167
identity_r3,cancel,10000,0.69,167
identity_r3,cancel,10000,0.691,167
identity_r3,cancel,10000,0.692,167
identity_r3,cancel,10000,0.693,167
identity_r3,cancel,10000,0.694,167
identity_r3,cancel,10000,0.695,167
identity_r3,cancel,10000,0.696,167
identity_r3,cancel,10000,0.697,167
identity_r3,cancel,10000,0.698,167
identity_r3,cancel,10000,0.699,167
identity_r3,cancel,10000,0.7,167
identity_r3,cancel,10000,0.701,167
identity_r3,cancel,10000,0.702,167
identity_r3,cancel,10000,0.703,167
identity_r3,cancel,10000,0.704,167
identity_r3,cancel,10000,0.705,167
identity_r3,cancel,10000,0.706,167
identity_r3,cancel,10000,0.707,167
identity_r3,cancel,10000,0.708,167
identity_r3,cancel,10000,0.709,167
identity_r3,cancel,10000,0.71,167
identity_r3,cancel,10000,0.711,167
identity_r3,cancel,10000,0.712,167
identity_r3,cancel,10000,0.713,167
identity_r3,cancel,10000,0.714,167
identity_r3,cancel,10000,0.715,167
identity_r3,cancel,10000,0.716,167
identity_r3,cancel,10000,0.717,167
identity_r3,cancel,10000,0.718,167
identity_r3,cancel,10000,0.719,167
identity_r3,cancel,10000,0.72,167
identity_r3,cancel,10000,0.721,167
identity_r3,cancel,10000,0.722,167
identity_r3,cancel,10000,0.723,167
identity_r3,cancel,10000,0.724,167
identity_r3,cancel,10000,0.725,167
identity_r3,cancel,10000,0.726,167
identity_r3,cancel,10000,0.727,167
identity_r3,cancel,10000,0.728,167
identity_r3,cancel,10000,0.729,167
identity_r3,cancel,10000,0.73,167
identity_r3,cancel,10000,0.731,167
identity_r3,cancel,10000,0.732,167
identity_r3,cancel,10000,0.733,167
identity_r3,cancel,10000,0.734,167
identity_r3,cancel,10000,0.735,167
identity_r3,cancel,10000,0.736,167
identity_r3,cancel,10000,0.737,167
identity_r3,cancel,10000,0.738,167
identity_r3,cancel,10000,0.739,167
identity_r3,cancel,10000,0.74,167
identity_r3,cancel,10000,0.741,167
identity_r3,cancel,10000,0.742,167
identity_r3,cancel,10000,0.743,167
identity_r3,cancel,10000,0.744,167
identity_r3,cancel,10000,0.745,167
identity_r3,cancel,10000,0.746,167
identity_r3,cancel,10000,0.747,167
identity_r3,cancel,10000,0.748,167
identity_r3,cancel,10000,0.749,167
identity_r3,cancel,10000,0.75,167
identity_r3,cancel,10000,0.751,167
identity_r3,cancel,10000,0.752,167
identity_r3,cancel,10000,0.753,167
identity_r3,cancel,10000,0.754,167
identity_r3,cancel,10000,0.755,167
identity_r3,cancel,10000,0.756,167
identity_r3,cancel,10000,0.757,167
identity_r3,cancel,10000,0.758,167
identity_r3,cancel,10000,0.759,167
identity_r3,cancel,10000,0.76,167
identity_r3,cancel,10000,0.761,167
identity_r3,cancel,10000,0.762,167
identity_r3,cancel,10000,0.763,167
identity_r3,cancel,10000,0.764,167
identity_r3,cancel,10000,0.765,167
identity_r3,cancel,10000,0.766,167
identity_r3,cancel,10000,0.767,167
identity_r3,cancel,10000,0.768,167
identity_r3,cancel,10000,0.769,167
identity_r3,cancel,10000,0.77,167
identity_r3,cancel,10000,0.771,167
identity_r3,cancel,10000,0.772,167
identity_r3,cancel,10000,0.773,167
identity_r3,cancel,10000,0.774,167
identity_r3,cancel,10000,0.775,167
identity_r3,cancel,10000,0.776,167
identity_r3,cancel,10000,0.777,167
identity_r3,cancel,10000,0.778,167
identity_r3,cancel,10000,0.779,167
identity_r3,cancel,10000,0.78,167
identity_r3,cancel,10000,0.781,167
identity_r3,cancel,10000,0.782,167
identity_r3,cancel,10000,0.783,167
identity_r3,cancel,10000,0.784,167
identity_r3,cancel,10000,0.785,167
identity_r3,cancel,10000,0.786,167
identity_r3,cancel,10000,0.787,167
identity_r3,cancel,10000,0.788,167
identity_r3,cancel,10000,0.789,167
identity_r3,cancel,10000,0.79,167
identity_r3,cancel,10000,0.791,167
identity_r3,cancel,10000,0.792,167
identity_r3,cancel,10000,0.793,167
identity_r3,cancel,10000,0.794,167
identity_r3,cancel,10000,0.795,167
identity_r3,cancel,10000,0.796,167
identity_r3,cancel,10000,0.797,167
identity_r3,cancel,10000,0.798,167
identity_r3,cancel,10000,0.799,167
identity_r3,cancel,10000,0.8,167
identity_r3,cancel,10000,0.801,167
identity_r3,cancel,10000,0.802,167
identity_r3,cancel,10000,0.803,167
identity_r3,cancel,10000,0.804,167
identity_r3,cancel,10000,0.805,167
identity_r3,cancel,10000,0.806,167
identity_r3,cancel,10000,0.807,167
identity_r3,cancel,10000,0.808,167
identity_r3,cancel,10000,0.809,167
identity_r3,cancel,10000,0.81,167
identity_r3,cancel,10000,0.811,167
identity_r3,cancel,10000,0.812,167
identity_r3,cancel,10000,0.813,167
identity_r3,cancel,10000,0.814,167
identity_r3,cancel,10000,0.815,167
identity_r3,cancel,10000,0.816,167
identity_r3,cancel,10000,0.817,167
identity_r3,cancel,10000,0.818,167
identity_r3,cancel,10000,0.819,167
identity_r3,cancel,10000,0.82,167
identity_r3,cancel,10000,0.821,167
identity_r3,cancel,10000,0.822,167
identity_r3,cancel,10000,0.823,167
identity_r3,cancel,10000,0.824,167
identity_r3,cancel,10000,0.825,167
identity_r3,cancel,10000,0.826,167
identity_r3,cancel,10000,0.827,167
identity_r3,cancel,10000,0.828,167
identity_r3,cancel,10000,0.829,167
identity_r3,cancel,10000,0.83,167
identity_r3,cancel,10000,0.831,167
identity_r3,cancel,10000,0.832,167
identity_r3,cancel,10000,0.833,208
identity_r3,cancel,10000,0.834,208
identity_r3,cancel,10000,0.835,208
identity_r3,cancel,10000,0.836,208
identity_r3,cancel,10000,0.837,208
identity_r3,cancel,10000,0.838,208
identity_r3,cancel,10000,0.839,208
identity_r3,cancel,10000,0.84,208
identity_r3,cancel,10000,0.841,208
identity_r3,cancel,10000,0.842,208
identity_r3,cancel,10000,0.843,208
identity_r3,cancel,10000,0.844,208
identity_r3,cancel,10000,0.845,208
identity_r3,cancel,10000,0.846,208
identity_r3,cancel,10000,0.847,208
identity_r3,cancel,10000,0.848,208
identity_r3,cancel,10000,0.849,208
identity_r3,cancel,10000,0.85,208
identity_r3,cancel,10000,0.851,208
identity_r3,cancel,10000,0.852,208
identity_r3,cancel,10000,0.853,208
identity_r3,cancel,10000,0.854,208
identity_r3,cancel,10000,0.855,208
identity_r3,cancel,10000,0.856,208
identity_r3,cancel,10000,0.857,208
identity_r3,cancel,10000,0.858,208
identity_r3,cancel,10000,0.859,208
identity_r3,cancel,10000,0.86,208
identity_r3,cancel,10000,0.861,208
identity_r3,cancel,10000,0.862,208
identity_r3,cancel,10000,0.863,209
identity_r3,cancel,10000,0.864,209
identity_r3,cancel,10000,0.865,209
identity_r3,cancel,10000,0.866,209
identity_r3,cancel,10000,0.867,209
identity_r3,cancel,10000,0.868,209
identity_r3,cancel,10000,0.869,209
identity_r3,cancel,10000,0.87,209
identity_r3,cancel,10000,0.871,209
identity_r3,cancel,10000,0.872,209
identity_r3,cancel,10000,0.873,209
identity_r3,cancel,10000,0.874,209
identity_r3,cancel,10000,0.875,209
identity_r3,cancel,10000,0.876,209
identity_r3,cancel,10000,0.877,209
identity_r3,cancel,10000,0.878,250
identity_r3,cancel,10000,0.879,250
identity_r3,cancel,10000,0.88,250
identity_r3,cancel,10000,0.881,250
identity_r3,cancel,10000,0.882,250
identity_r3,cancel,10000,0.883,250
identity_r3,cancel,10000,0.884,250
identity_r3,cancel,10000,0.885,250
identity_r3,cancel,10000,0.886,250
identity_r3,cancel,10000,0.887,250
identity_r3,cancel,10000,0.888,250
identity_r3,cancel,10000,0.889,250
identity_r3,cancel,10000,0.89,250
identity_r3,cancel,10000,0.891,250
identity_r3,cancel,10000,0.892,250
identity_r3,cancel,10000,0.893,250
identity_r3,cancel,10000,0.894,250
identity_r3,cancel,10000,0.895,250
identity_r3,cancel,10000,0.896,250
identity_r3,cancel,10000,0.897,250
identity_r3,cancel,10000,0.898,250
identity_r3,cancel,10000,0.899,250
identity_r3,cancel,10000,0.9,250
identity_r3,cancel,10000,0.901,250
identity_r3,cancel,10000,0.902,250
identity_r3,cancel,10000,0.903,250
identity_r3,cancel,10000,0.904,250
identity_r3,cancel,10000,0.905,250
identity_r3,cancel,10000,0.906,250
identity_r3,cancel,10000,0.907,250
identity_r3,cancel,10000,0.908,250
identity_r3,cancel,10000,0.909,250
identity_r3,cancel,10000,0.91,250
identity_r3,cancel,10000,0.911,250
identity_r3,cancel,10000,0.912,250
identity_r3,cancel,10000,0.913,250
identity_r3,cancel,10000,0.914,291
identity_r3,cancel,10000,0.915,291
identity_r3,cancel,10000,0.916,291
identity_r3,cancel,10000,0.917,291
identity_r3,cancel,10000,0.918,291
identity_r3,cancel,10000,0.919,291
identity_r3,cancel,10000,0.92,291
identity_r3,cancel,10000,0.921,292
identity_r3,cancel,10000,0.922,292
identity_r3,cancel,10000,0.923,292
identity_r3,cancel,10000,0.924,292
identity_r3,cancel,10000,0.925,292
identity_r3,cancel,10000,0.926,292
identity_r3,cancel,10000,0.927,292
identity_r3,cancel,10000,0.928,292
identity_r3,cancel,10000,0.929,292
identity_r3,cancel,10000,0.93,292
identity_r3,cancel,10000,0.931,292
identity_r3,cancel,10000,0.932,292
identity_r3,cancel,10000,0.933,292
identity_r3,cancel,10000,0.934,292
identity_r3,cancel,10000,0.935,333
identity_r3,cancel,10000,0.936,333
identity_r3,cancel,10000,0.937,333
identity_r3,cancel,10000,0.938,333
identity_r3,cancel,10000,0.939,333
identity_r3,cancel,10000,0.94,333
identity_r3,cancel,10000,0.941,333
identity_r3,cancel,10000,0.942,333
identity_r3,cancel,10000,0.943,333
identity_r3,cancel,10000,0.944,334
identity_r3,cancel,10000,0.945,334
identity_r3,cancel,10000,0.946,334
identity_r3,cancel,10000,0.947,334
identity_r3,cancel,10000,0.948,334
identity_r3,cancel,10000,0.949,375
identity_r3,cancel,10000,0.95,375
identity_r3,cancel,10000,0.951,375
identity_r3,cancel,10000,0.952,375
identity_r3,cancel,10000,0.953,375
identity_r3,cancel,10000,0.954,375
identity_r3,cancel,10000,0.955,375
identity_r3,cancel,10000,0.956,375
identity_r3,cancel,10000,0.957,375
identity_r3,cancel,10000,0.958,375
identity_r3,cancel,10000,0.959,416
identity_r3,cancel,10000,0.96,416
identity_r3,cancel,10000,0.961,417
identity_r3,cancel,10000,0.962,417
identity_r3,cancel,10000,0.963,417
identity_r3,cancel,10000,0.964,417
identity_r3,cancel,10000,0.965,417
identity_r3,cancel,10000,0.966,417
identity_r3,cancel,10000,0.967,458
identity_r3,cancel,10000,0.968,458
identity_r3,cancel,10000,0.969,458
identity_r3,cancel,10000,0.97,458
identity_r3,cancel,10000,0.971,459
identity_r3,cancel,10000,0.972,459
identity_r3,cancel,10000,0.973,500
identity_r3,cancel,10000,0.974,500
identity_r3,cancel,10000,0.975,500
identity_r3,cancel,10000,0.976,500
identity_r3,cancel,10000,0.977,500
identity_r3,cancel,10000,0.978,500
identity_r3,cancel,10000,0.979,541
identity_r3,cancel,10000,0.98,541
identity_r3,cancel,10000,0.981,542
identity_r3,cancel,10000,0.982,542
identity_r3,cancel,10000,0.983,542
identity_r3,cancel,10000,0.984,583
identity_r3,cancel,10000,0.985,583
identity_r3,cancel,10000,0.986,584
identity_r3,cancel,10000,0.987,584
identity_r3,cancel,10000,0.988,625
identity_r3,cancel,10000,0.989,625
identity_r3,cancel,10000,0.99,625
identity_r3,cancel,10000,0.991,667
identity_r3,cancel,10000,0.992,667
identity_r3,cancel,10000,0.993,708
identity_r3,cancel,10000,0.994,750
identity_r3,cancel,10000,0.995,792
identity_r3,cancel,10000,0.996,834
identity_r3,cancel,10000,0.997,958
identity_r3,cancel,10000,0.998,1083
identity_r3,cancel,10000,0.999,1250
identity_r3,match,10000,0,0
identity_r3,match,10000,0.001,0
identity_r3,match,10000,0.002,41
identity_r3,match,10000,0.003,41
identity_r3,match,10000,0.004,41
identity_r3,match,10000,0.005,41
identity_r3,match,10000,0.006,41
identity_r3,match,10000,0.007,41
identity_r3,match,10000,0.008,41
identity_r3,match,10000,0.009,41
identity_r3,match,10000,0.01,41
identity_r3,match,10000,0.011,41
identity_r3,match,10000,0.012,41
identity_r3,match,10000,0.013,41
identity_r3,match,10000,0.014,41
identity_r3,match,10000,0.015,41
identity_r3,match,10000,0.016,41
identity_r3,match,10000,0.017,41
identity_r3,match,10000,0.018,41
identity_r3,match,10000,0.019,41
identity_r3,match,10000,0.02,41
identity_r3,match,10000,0.021,41
identity_r3,match,10000,0.022,41
identity_r3,match,10000,0.023,41
identity_r3,match,10000,0.024,41
identity_r3,match,10000,0.025,41
identity_r3,match,10000,0.026,41
identity_r3,match,10000,0.027,41
identity_r3,match,10000,0.028,41
identity_r3,match,10000,0.029,41
identity_r3,match,10000,0.03,41
identity_r3,match,10000,0.031,41
identity_r3,match,10000,0.032,41
identity_r3,match,10000,0.033,41
identity_r3,match,10000,0.034,41
identity_r3,match,10000,0.035,41
identity_r3,match,10000,0.036,41
identity_r3,match,10000,0.037,41
identity_r3,match,10000,0.038,41
identity_r3,match,10000,0.039,41
identity_r3,match,10000,0.04,41
identity_r3,match,10000,0.041,41
identity_r3,match,10000,0.042,41
identity_r3,match,10000,0.043,41
identity_r3,match,10000,0.044,41
identity_r3,match,10000,0.045,41
identity_r3,match,10000,0.046,41
identity_r3,match,10000,0.047,41
identity_r3,match,10000,0.048,41
identity_r3,match,10000,0.049,41
identity_r3,match,10000,0.05,41
identity_r3,match,10000,0.051,41
identity_r3,match,10000,0.052,41
identity_r3,match,10000,0.053,41
identity_r3,match,10000,0.054,41
identity_r3,match,10000,0.055,41
identity_r3,match,10000,0.056,41
identity_r3,match,10000,0.057,41
identity_r3,match,10000,0.058,41
identity_r3,match,10000,0.059,41
identity_r3,match,10000,0.06,41
identity_r3,match,10000,0.061,41
identity_r3,match,10000,0.062,41
identity_r3,match,10000,0.063,41
identity_r3,match,10000,0.064,41
identity_r3,match,10000,0.065,41
identity_r3,match,10000,0.066,41
identity_r3,match,10000,0.067,41
identity_r3,match,10000,0.068,41
identity_r3,match,10000,0.069,41
identity_r3,match,10000,0.07,41
identity_r3,match,10000,0.071,41
identity_r3,match,10000,0.072,41
identity_r3,match,10000,0.073,41
identity_r3,match,10000,0.074,41
identity_r3,match,10000,0.075,41
identity_r3,match,10000,0.076,41
identity_r3,match,10000,0.077,41
identity_r3,match,10000,0.078,41
identity_r3,match,10000,0.079,41
identity_r3,match,10000,0.08,41
identity_r3,match,10000,0.081,41
identity_r3,match,10000,0.082,41
identity_r3,match,10000,0.083,41
identity_r3,match,10000,0.084,41
identity_r3,match,10000,0.085,41
identity_r3,match,10000,0.086,41
identity_r3,match,10000,0.087,41
identity_r3,match,10000,0.088,41
identity_r3,match,10000,0.089,41
identity_r3,match,10000,0.09,41
identity_r3,match,10000,0.091,41
identity_r3,match,10000,0.092,41
identity_r3,match,10000,0.093,41
identity_r3,match,10000,0.094,41
identity_r3,match,10000,0.095,41
identity_r3,match,10000,0.096,41
identity_r3,match,10000,0.097,41
identity_r3,match,10000,0.098,41
identity_r3,match,10000,0.099,41
identity_r3,match,10000,0.1,41
identity_r3,match,10000,0.101,41
identity_r3,match,10000,0.102,41
identity_r3,match,10000,0.103,41
identity_r3,match,10000,0.104,41
identity_r3,match,10000,0.105,41
identity_r3,match,10000,0.106,41
identity_r3,match,10000,0.107,41
identity_r3,match,10000,0.108,41
identity_r3,match,10000,0.109,41
identity_r3,match,10000,0.11,41
identity_r3,match,10000,0.111,41
identity_r3,match,10000,0.112,41
identity_r3,match,10000,0.113,41
identity_r3,match,10000,0.114,41
identity_r3,match,10000,0.115,41
identity_r3,match,10000,0.116,41
identity_r3,match,10000,0.117,41
identity_r3,match,10000,0.118,41
identity_r3,match,10000,0.119,41
identity_r3,match,10000,0.12,41
identity_r3,match,10000,0.121,41
identity_r3,match,10000,0.122,41
identity_r3,match,10000,0.123,41
identity_r3,match,10000,0.124,41
identity_r3,match,10000,0.125,41
identity_r3,match,10000,0.126,41
identity_r3,match,10000,0.127,41
identity_r3,match,10000,0.128,41
identity_r3,match,10000,0.129,41
identity_r3,match,10000,0.13,41
identity_r3,match,10000,0.131,41
identity_r3,match,10000,0.132,41
identity_r3,match,10000,0.133,41
identity_r3,match,10000,0.134,41
identity_r3,match,10000,0.135,41
identity_r3,match,10000,0.136,41
identity_r3,match,10000,0.137,41
identity_r3,match,10000,0.138,41
identity_r3,match,10000,0.139,41
identity_r3,match,10000,0.14,41
identity_r3,match,10000,0.141,41
identity_r3,match,10000,0.142,41
identity_r3,match,10000,0.143,41
identity_r3,match,10000,0.144,41
identity_r3,match,10000,0.145,41
identity_r3,match,10000,0.146,41
identity_r3,match,10000,0.147,41
identity_r3,match,10000,0.148,41
identity_r3,match,10000,0.149,41
identity_r3,match,10000,0.15,41
identity_r3,match,10000,0.151,41
identity_r3,match,10000,0.152,41
identity_r3,match,10000,0.153,41
identity_r3,match,10000,0.154,41
identity_r3,match,10000,0.155,41
identity_r3,match,10000,0.156,41
identity_r3,match,10000,0.157,41
identity_r3,match,10000,0.158,41
identity_r3,match,10000,0.159,41
identity_r3,match,10000,0.16,41
identity_r3,match,10000,0.161,41
identity_r3,match,10000,0.162,41
identity_r3,match,10000,0.163,41
identity_r3,match,10000,0.164,41
identity_r3,match,10000,0.165,41
identity_r3,match,10000,0.166,41
identity_r3,match,10000,0.167,41
identity_r3,match,10000,0.168,41
identity_r3,match,10000,0.169,41
identity_r3,match,10000,0.17,41
identity_r3,match,10000,0.171,41
identity_r3,match,10000,0.172,41
identity_r3,match,10000,0.173,41
identity_r3,match,10000,0.174,41
identity_r3,match,10000,0.175,41
identity_r3,match,10000,0.176,41
identity_r3,match,10000,0.177,41
identity_r3,match,10000,0.178,41
identity_r3,match,10000,0.179,41
identity_r3,match,10000,0.18,41
identity_r3,match,10000,0.181,41
identity_r3,match,10000,0.182,41
identity_r3,match,10000,0.183,41
identity_r3,match,10000,0.184,41
identity_r3,match,10000,0.185,41
identity_r3,match,10000,0.186,41
identity_r3,match,10000,0.187,41
identity_r3,match,10000,0.188,41
identity_r3,match,10000,0.189,41
identity_r3,match,10000,0.19,41
identity_r3,match,10000,0.191,41
identity_r3,match,10000,0.192,41
identity_r3,match,10000,0.193,41
identity_r3,match,10000,0.194,41
identity_r3,match,10000,0.195,41
identity_r3,match,10000,0.196,41
identity_r3,match,10000,0.197,41
identity_r3,match,10000,0.198,41
identity_r3,match,10000,0.199,41
identity_r3,match,10000,0.2,41
identity_r3,match,10000,0.201,41
identity_r3,match,10000,0.202,41
identity_r3,match,10000,0.203,41
identity_r3,match,10000,0.204,41
identity_r3,match,10000,0.205,41
identity_r3,match,10000,0.206,41
identity_r3,match,10000,0.207,41
identity_r3,match,10000,0.208,41
identity_r3,match,10000,0.209,41
identity_r3,match,10000,0.21,41
identity_r3,match,10000,0.211,41
identity_r3,match,10000,0.212,41
identity_r3,match,10000,0.213,41
identity_r3,match,10000,0.214,41
identity_r3,match,10000,0.215,41
identity_r3,match,10000,0.216,41
identity_r3,match,10000,0.217,41
identity_r3,match,10000,0.218,41
identity_r3,match,10000,0.219,41
identity_r3,match,10000,0.22,41
identity_r3,match,10000,0.221,41
identity_r3,match,10000,0.222,42
identity_r3,match,10000,0.223,42
identity_r3,match,10000,0.224,42
identity_r3,match,10000,0.225,42
identity_r3,match,10000,0.226,42
identity_r3,match,10000,0.227,42
identity_r3,match,10000,0.228,42
identity_r3,match,10000,0.229,42
identity_r3,match,10000,0.23,42
identity_r3,match,10000,0.231,42
identity_r3,match,10000,0.232,42
identity_r3,match,10000,0.233,42
identity_r3,match,10000,0.234,42
identity_r3,match,10000,0.235,42
identity_r3,match,10000,0.236,42
identity_r3,match,10000,0.237,42
identity_r3,match,10000,0.238,42
identity_r3,match,10000,0.239,42
identity_r3,match,10000,0.24,42
identity_r3,match,10000,0.241,42
identity_r3,match,10000,0.242,42
identity_r3,match,10000,0.243,42
identity_r3,match,10000,0.244,42
identity_r3,match,10000,0.245,42
identity_r3,match,10000,0.246,42
identity_r3,match,10000,0.247,42
identity_r3,match,10000,0.248,42
identity_r3,match,10000,0.249,42
identity_r3,match,10000,0.25,42
identity_r3,match,10000,0.251,42
identity_r3,match,10000,0.252,42
identity_r3,match,10000,0.253,42
identity_r3,match,10000,0.254,42
identity_r3,match,10000,0.255,42
identity_r3,match,10000,0.256,42
identity_r3,match,10000,0.257,42
identity_r3,match,10000,0.258,42
identity_r3,match,10000,0.259,42
identity_r3,match,10000,0.26,42
identity_r3,match,10000,0.261,42
identity_r3,match,10000,0.262,42
identity_r3,match,10000,0.263,42
identity_r3,match,10000,0.264,42
identity_r3,match,10000,0.265,42
identity_r3,match,10000,0.266,42
identity_r3,match,10000,0.267,42
identity_r3,match,10000,0.268,42
identity_r3,match,10000,0.269,42
identity_r3,match,10000,0.27,42
identity_r3,match,10000,0.271,42
identity_r3,match,10000,0.272,42
identity_r3,match,10000,0.273,42
identity_r3,match,10000,0.274,42
identity_r3,match,10000,0.275,42
identity_r3,match,10000,0.276,42
identity_r3,match,10000,0.277,42
identity_r3,match,10000,0.278,42
identity_r3,match,10000,0.279,42
identity_r3,match,10000,0.28,42
identity_r3,match,10000,0.281,42
identity_r3,match,10000,0.282,42
identity_r3,match,10000,0.283,42
identity_r3,match,10000,0.284,42
identity_r3,match,10000,0.285,42
identity_r3,match,10000,0.286,42
identity_r3,match,10000,0.287,42
identity_r3,match,10000,0.288,42
identity_r3,match,10000,0.289,42
identity_r3,match,10000,0.29,42
identity_r3,match,10000,0.291,42
identity_r3,match,10000,0.292,42
identity_r3,match,10000,0.293,42
identity_r3,match,10000,0.294,42
identity_r3,match,10000,0.295,42
identity_r3,match,10000,0.296,42
identity_r3,match,10000,0.297,42
identity_r3,match,10000,0.298,42
identity_r3,match,10000,0.299,42
identity_r3,match,10000,0.3,42
identity_r3,match,10000,0.301,42
identity_r3,match,10000,0.302,42
identity_r3,match,10000,0.303,42
identity_r3,match,10000,0.304,42
identity_r3,match,10000,0.305,42
identity_r3,match,10000,0.306,42
identity_r3,match,10000,0.307,42
identity_r3,match,10000,0.308,42
identity_r3,match,10000,0.309,42
identity_r3,match,10000,0.31,42
identity_r3,match,10000,0.311,42
identity_r3,match,10000,0.312,42
identity_r3,match,10000,0.313,42
identity_r3,match,10000,0.314,42
identity_r3,match,10000,0.315,42
identity_r3,match,10000,0.316,42
identity_r3,match,10000,0.317,42
identity_r3,match,10000,0.318,42
identity_r3,match,10000,0.319,42
identity_r3,match,10000,0.32,42
identity_r3,match,10000,0.321,42
identity_r3,match,10000,0.322,42
identity_r3,match,10000,0.323,42
identity_r3,match,10000,0.324,42
identity_r3,match,10000,0.325,42
identity_r3,match,10000,0.326,42
identity_r3,match,10000,0.327,42
identity_r3,match,10000,0.328,42
identity_r3,match,10000,0.329,42
identity_r3,match,10000,0.33,42
identity_r3,match,10000,0.331,42
identity_r3,match,10000,0.332,42
identity_r3,match,10000,0.333,42
identity_r3,match,10000,0.334,42
identity_r3,match,10000,0.335,42
identity_r3,match,10000,0.336,42
identity_r3,match,10000,0.337,42
identity_r3,match,10000,0.338,42
identity_r3,match,10000,0.339,42
identity_r3,match,10000,0.34,42
identity_r3,match,10000,0.341,42
identity_r3,match,10000,0.342,42
identity_r3,match,10000,0.343,42
identity_r3,match,10000,0.344,42
identity_r3,match,10000,0.345,42
identity_r3,match,10000,0.346,42
identity_r3,match,10000,0.347,42
identity_r3,match,10000,0.348,42
identity_r3,match,10000,0.349,42
identity_r3,match,10000,0.35,42
identity_r3,match,10000,0.351,42
identity_r3,match,10000,0.352,42
identity_r3,match,10000,0.353,42
identity_r3,match,10000,0.354,42
identity_r3,match,10000,0.355,42
identity_r3,match,10000,0.356,42
identity_r3,match,10000,0.357,42
identity_r3,match,10000,0.358,42
identity_r3,match,10000,0.359,42
identity_r3,match,10000,0.36,42
identity_r3,match,10000,0.361,42
identity_r3,match,10000,0.362,42
identity_r3,match,10000,0.363,42
identity_r3,match,10000,0.364,42
identity_r3,match,10000,0.365,42
identity_r3,match,10000,0.366,42
identity_r3,match,10000,0.367,42
identity_r3,match,10000,0.368,42
identity_r3,match,10000,0.369,42
identity_r3,match,10000,0.37,42
identity_r3,match,10000,0.371,42
identity_r3,match,10000,0.372,42
identity_r3,match,10000,0.373,42
identity_r3,match,10000,0.374,42
identity_r3,match,10000,0.375,42
identity_r3,match,10000,0.376,42
identity_r3,match,10000,0.377,42
identity_r3,match,10000,0.378,42
identity_r3,match,10000,0.379,42
identity_r3,match,10000,0.38,42
identity_r3,match,10000,0.381,42
identity_r3,match,10000,0.382,42
identity_r3,match,10000,0.383,42
identity_r3,match,10000,0.384,42
identity_r3,match,10000,0.385,42
identity_r3,match,10000,0.386,42
identity_r3,match,10000,0.387,42
identity_r3,match,10000,0.388,42
identity_r3,match,10000,0.389,42
identity_r3,match,10000,0.39,42
identity_r3,match,10000,0.391,42
identity_r3,match,10000,0.392,42
identity_r3,match,10000,0.393,42
identity_r3,match,10000,0.394,42
identity_r3,match,10000,0.395,42
identity_r3,match,10000,0.396,42
identity_r3,match,10000,0.397,42
identity_r3,match,10000,0.398,42
identity_r3,match,10000,0.399,42
identity_r3,match,10000,0.4,42
identity_r3,match,10000,0.401,42
identity_r3,match,10000,0.402,42
identity_r3,match,10000,0.403,42
identity_r3,match,10000,0.404,42
identity_r3,match,10000,0.405,42
identity_r3,match,10000,0.406,42
identity_r3,match,10000,0.407,42
identity_r3,match,10000,0.408,42
identity_r3,match,10000,0.409,42
identity_r3,match,10000,0.41,42
identity_r3,match,10000,0.411,42
identity_r3,match,10000,0.412,42
identity_r3,match,10000,0.413,42
identity_r3,match,10000,0.414,42
identity_r3,match,10000,0.415,42
identity_r3,match,10000,0.416,42
identity_r3,match,10000,0.417,42
identity_r3,match,10000,0.418,42
identity_r3,match,10000,0.419,42
identity_r3,match,10000,0.42,42
identity_r3,match,10000,0.421,42
identity_r3,match,10000,0.422,42
identity_r3,match,10000,0.423,42
identity_r3,match,10000,0.424,42
identity_r3,match,10000,0.425,42
identity_r3,match,10000,0.426,42
identity_r3,match,10000,0.427,42
identity_r3,match,10000,0.428,42
identity_r3,match,10000,0.429,42
identity_r3,match,10000,0.43,42
identity_r3,match,10000,0.431,42
identity_r3,match,10000,0.432,42
identity_r3,match,10000,0.433,42
identity_r3,match,10000,0.434,42
identity_r3,match,10000,0.435,42
identity_r3,match,10000,0.436,42
identity_r3,match,10000,0.437,42
identity_r3,match,10000,0.438,42
identity_r3,match,10000,0.439,42
identity_r3,match,10000,0.44,42
identity_r3,match,10000,0.441,42
identity_r3,match,10000,0.442,42
identity_r3,match,10000,0.443,42
identity_r3,match,10000,0.444,42
identity_r3,match,10000,0.445,42
identity_r3,match,10000,0.446,42
identity_r3,match,10000,0.447,42
identity_r3,match,10000,0.448,42
identity_r3,match,10000,0.449,42
identity_r3,match,10000,0.45,42
identity_r3,match,10000,0.451,42
identity_r3,match,10000,0.452,42
identity_r3,match,10000,0.453,42
identity_r3,match,10000,0.454,42
identity_r3,match,10000,0.455,42
identity_r3,match,10000,0.456,42
identity_r3,match,10000,0.457,42
identity_r3,match,10000,0.458,42
identity_r3,match,10000,0.459,42
identity_r3,match,10000,0.46,42
identity_r3,match,10000,0.461,42
identity_r3,match,10000,0.462,42
identity_r3,match,10000,0.463,42
identity_r3,match,10000,0.464,42
identity_r3,match,10000,0.465,42
identity_r3,match,10000,0.466,42
identity_r3,match,10000,0.467,42
identity_r3,match,10000,0.468,42
identity_r3,match,10000,0.469,42
identity_r3,match,10000,0.47,42
identity_r3,match,10000,0.471,42
identity_r3,match,10000,0.472,42
identity_r3,match,10000,0.473,42
identity_r3,match,10000,0.474,42
identity_r3,match,10000,0.475,42
identity_r3,match,10000,0.476,42
identity_r3,match,10000,0.477,42
identity_r3,match,10000,0.478,42
identity_r3,match,10000,0.479,42
identity_r3,match,10000,0.48,42
identity_r3,match,10000,0.481,42
identity_r3,match,10000,0.482,42
identity_r3,match,10000,0.483,42
identity_r3,match,10000,0.484,42
identity_r3,match,10000,0.485,42
identity_r3,match,10000,0.486,42
identity_r3,match,10000,0.487,42
identity_r3,match,10000,0.488,42
identity_r3,match,10000,0.489,42
identity_r3,match,10000,0.49,42
identity_r3,match,10000,0.491,42
identity_r3,match,10000,0.492,42
identity_r3,match,10000,0.493,42
identity_r3,match,10000,0.494,42
identity_r3,match,10000,0.495,42
identity_r3,match,10000,0.496,42
identity_r3,match,10000,0.497,42
identity_r3,match,10000,0.498,42
identity_r3,match,10000,0.499,42
identity_r3,match,10000,0.5,42
identity_r3,match,10000,0.501,42
identity_r3,match,10000,0.502,42
identity_r3,match,10000,0.503,42
identity_r3,match,10000,0.504,42
identity_r3,match,10000,0.505,42
identity_r3,match,10000,0.506,42
identity_r3,match,10000,0.507,42
identity_r3,match,10000,0.508,42
identity_r3,match,10000,0.509,42
identity_r3,match,10000,0.51,42
identity_r3,match,10000,0.511,42
identity_r3,match,10000,0.512,42
identity_r3,match,10000,0.513,42
identity_r3,match,10000,0.514,42
identity_r3,match,10000,0.515,42
identity_r3,match,10000,0.516,42
identity_r3,match,10000,0.517,42
identity_r3,match,10000,0.518,42
identity_r3,match,10000,0.519,42
identity_r3,match,10000,0.52,42
identity_r3,match,10000,0.521,42
identity_r3,match,10000,0.522,42
identity_r3,match,10000,0.523,42
identity_r3,match,10000,0.524,42
identity_r3,match,10000,0.525,42
identity_r3,match,10000,0.526,42
identity_r3,match,10000,0.527,42
identity_r3,match,10000,0.528,42
identity_r3,match,10000,0.529,42
identity_r3,match,10000,0.53,42
identity_r3,match,10000,0.531,42
identity_r3,match,10000,0.532,42
identity_r3,match,10000,0.533,42
identity_r3,match,10000,0.534,42
identity_r3,match,10000,0.535,42
identity_r3,match,10000,0.536,42
identity_r3,match,10000,0.537,42
identity_r3,match,10000,0.538,42
identity_r3,match,10000,0.539,42
identity_r3,match,10000,0.54,42
identity_r3,match,10000,0.541,42
identity_r3,match,10000,0.542,42
identity_r3,match,10000,0.543,42
identity_r3,match,10000,0.544,42
identity_r3,match,10000,0.545,42
identity_r3,match,10000,0.546,42
identity_r3,match,10000,0.547,42
identity_r3,match,10000,0.548,42
identity_r3,match,10000,0.549,42
identity_r3,match,10000,0.55,42
identity_r3,match,10000,0.551,42
identity_r3,match,10000,0.552,42
identity_r3,match,10000,0.553,42
identity_r3,match,10000,0.554,42
identity_r3,match,10000,0.555,42
identity_r3,match,10000,0.556,42
identity_r3,match,10000,0.557,42
identity_r3,match,10000,0.558,42
identity_r3,match,10000,0.559,42
identity_r3,match,10000,0.56,42
identity_r3,match,10000,0.561,42
identity_r3,match,10000,0.562,42
identity_r3,match,10000,0.563,42
identity_r3,match,10000,0.564,42
identity_r3,match,10000,0.565,42
identity_r3,match,10000,0.566,42
identity_r3,match,10000,0.567,42
identity_r3,match,10000,0.568,42
identity_r3,match,10000,0.569,42
identity_r3,match,10000,0.57,42
identity_r3,match,10000,0.571,42
identity_r3,match,10000,0.572,42
identity_r3,match,10000,0.573,42
identity_r3,match,10000,0.574,42
identity_r3,match,10000,0.575,42
identity_r3,match,10000,0.576,42
identity_r3,match,10000,0.577,42
identity_r3,match,10000,0.578,42
identity_r3,match,10000,0.579,42
identity_r3,match,10000,0.58,42
identity_r3,match,10000,0.581,42
identity_r3,match,10000,0.582,42
identity_r3,match,10000,0.583,42
identity_r3,match,10000,0.584,42
identity_r3,match,10000,0.585,42
identity_r3,match,10000,0.586,42
identity_r3,match,10000,0.587,42
identity_r3,match,10000,0.588,42
identity_r3,match,10000,0.589,42
identity_r3,match,10000,0.59,42
identity_r3,match,10000,0.591,42
identity_r3,match,10000,0.592,42
identity_r3,match,10000,0.593,42
identity_r3,match,10000,0.594,42
identity_r3,match,10000,0.595,42
identity_r3,match,10000,0.596,42
identity_r3,match,10000,0.597,42
identity_r3,match,10000,0.598,42
identity_r3,match,10000,0.599,42
identity_r3,match,10000,0.6,42
identity_r3,match,10000,0.601,42
identity_r3,match,10000,0.602,42
identity_r3,match,10000,0.603,42
identity_r3,match,10000,0.604,42
identity_r3,match,10000,0.605,42
identity_r3,match,10000,0.606,42
identity_r3,match,10000,0.607,42
identity_r3,match,10000,0.608,42
identity_r3,match,10000,0.609,42
identity_r3,match,10000,0.61,42
identity_r3,match,10000,0.611,42
identity_r3,match,10000,0.612,42
identity_r3,match,10000,0.613,42
identity_r3,match,10000,0.614,42
identity_r3,match,10000,0.615,42
identity_r3,match,10000,0.616,42
identity_r3,match,10000,0.617,42
identity_r3,match,10000,0.618,42
identity_r3,match,10000,0.619,42
identity_r3,match,10000,0.62,42
identity_r3,match,10000,0.621,42
identity_r3,match,10000,0.622,42
identity_r3,match,10000,0.623,42
identity_r3,match,10000,0.624,42
identity_r3,match,10000,0.625,42
identity_r3,match,10000,0.626,42
identity_r3,match,10000,0.627,42
identity_r3,match,10000,0.628,42
identity_r3,match,10000,0.629,42
identity_r3,match,10000,0.63,42
identity_r3,match,10000,0.631,42
identity_r3,match,10000,0.632,42
identity_r3,match,10000,0.633,42
identity_r3,match,10000,0.634,42
identity_r3,match,10000,0.635,42
identity_r3,match,10000,0.636,42
identity_r3,match,10000,0.637,42
identity_r3,match,10000,0.638,42
identity_r3,match,10000,0.639,42
identity_r3,match,10000,0.64,42
identity_r3,match,10000,0.641,42
identity_r3,match,10000,0.642,42
identity_r3,match,10000,0.643,42
identity_r3,match,10000,0.644,42
identity_r3,match,10000,0.645,42
identity_r3,match,10000,0.646,42
identity_r3,match,10000,0.647,42
identity_r3,match,10000,0.648,42
identity_r3,match,10000,0.649,42
identity_r3,match,10000,0.65,42
identity_r3,match,10000,0.651,42
identity_r3,match,10000,0.652,42
identity_r3,match,10000,0.653,42
identity_r3,match,10000,0.654,42
identity_r3,match,10000,0.655,42
identity_r3,match,10000,0.656,42
identity_r3,match,10000,0.657,42
identity_r3,match,10000,0.658,42
identity_r3,match,10000,0.659,42
identity_r3,match,10000,0.66,42
identity_r3,match,10000,0.661,42
identity_r3,match,10000,0.662,42
identity_r3,match,10000,0.663,83
identity_r3,match,10000,0.664,83
identity_r3,match,10000,0.665,83
identity_r3,match,10000,0.666,83
identity_r3,match,10000,0.667,83
identity_r3,match,10000,0.668,83
identity_r3,match,10000,0.669,83
identity_r3,match,10000,0.67,83
identity_r3,match,10000,0.671,83
identity_r3,match,10000,0.672,83
identity_r3,match,10000,0.673,83
identity_r3,match,10000,0.674,83
identity_r3,match,10000,0.675,83
identity_r3,match,10000,0.676,83
identity_r3,match,10000,0.677,83
identity_r3,match,10000,0.678,83
identity_r3,match,10000,0.679,83
identity_r3,match,10000,0.68,83
identity_r3,match,10000,0.681,83
identity_r3,match,10000,0.682,83
identity_r3,match,10000,0.683,83
identity_r3,match,10000,0.684,83
identity_r3,match,10000,0.685,83
identity_r3,match,10000,0.686,83
identity_r3,match,10000,0.687,83
identity_r3,match,10000,0.688,83
identity_r3,match,10000,0.689,83
identity_r3,match,10000,0.69,83
identity_r3,match,10000,0.691,83
identity_r3,match,10000,0.692,83
identity_r3,match,10000,0.693,83
identity_r3,match,10000,0.694,83
identity_r3,match,10000,0.695,83
identity_r3,match,10000,0.696,83
identity_r3,match,10000,0.697,83
identity_r3,match,10000,0.698,83
identity_r3,match,10000,0.699,83
identity_r3,match,10000,0.7,83
identity_r3,match,10000,0.701,83
identity_r3,match,10000,0.702,83
identity_r3,match,10000,0.703,83
identity_r3,match,10000,0.704,83
identity_r3,match,10000,0.705,83
identity_r3,match,10000,0.706,83
identity_r3,match,10000,0.707,83
identity_r3,match,10000,0.708,83
identity_r3,match,10000,0.709,83
identity_r3,match,10000,0.71,83
identity_r3,match,10000,0.711,83
identity_r3,match,10000,0.712,83
identity_r3,match,10000,0.713,83
identity_r3,match,10000,0.714,83
identity_r3,match,10000,0.715,83
identity_r3,match,10000,0.716,83
identity_r3,match,10000,0.717,83
identity_r3,match,10000,0.718,83
identity_r3,match,10000,0.719,83
identity_r3,match,10000,0.72,83
identity_r3,match,10000,0.721,83
identity_r3,match,10000,0.722,83
identity_r3,match,10000,0.723,83
identity_r3,match,10000,0.724,83
identity_r3,match,10000,0.725,83
identity_r3,match,10000,0.726,83
identity_r3,match,10000,0.727,83
identity_r3,match,10000,0.728,83
identity_r3,match,10000,0.729,83
identity_r3,match,10000,0.73,83
identity_r3,match,10000,0.731,83
identity_r3,match,10000,0.732,83
identity_r3,match,10000,0.733,83
identity_r3,match,10000,0.734,83
identity_r3,match,10000,0.735,83
identity_r3,match,10000,0.736,83
identity_r3,match,10000,0.737,83
identity_r3,match,10000,0.738,83
identity_r3,match,10000,0.739,83
identity_r3,match,10000,0.74,83
identity_r3,match,10000,0.741,83
identity_r3,match,10000,0.742,83
identity_r3,match,10000,0.743,83
identity_r3,match,10000,0.744,83
identity_r3,match,10000,0.745,83
identity_r3,match,10000,0.746,83
identity_r3,match,10000,0.747,83
identity_r3,match,10000,0.748,83
identity_r3,match,10000,0.749,83
identity_r3,match,10000,0.75,83
identity_r3,match,10000,0.751,83
identity_r3,match,10000,0.752,83
identity_r3,match,10000,0.753,83
identity_r3,match,10000,0.754,83
identity_r3,match,10000,0.755,83
identity_r3,match,10000,0.756,83
identity_r3,match,10000,0.757,83
identity_r3,match,10000,0.758,83
identity_r3,match,10000,0.759,83
identity_r3,match,10000,0.76,83
identity_r3,match,10000,0.761,83
identity_r3,match,10000,0.762,83
identity_r3,match,10000,0.763,83
identity_r3,match,10000,0.764,83
identity_r3,match,10000,0.765,83
identity_r3,match,10000,0.766,83
identity_r3,match,10000,0.767,83
identity_r3,match,10000,0.768,83
identity_r3,match,10000,0.769,83
identity_r3,match,10000,0.77,83
identity_r3,match,10000,0.771,83
identity_r3,match,10000,0.772,83
identity_r3,match,10000,0.773,83
identity_r3,match,10000,0.774,83
identity_r3,match,10000,0.775,83
identity_r3,match,10000,0.776,83
identity_r3,match,10000,0.777,83
identity_r3,match,10000,0.778,83
identity_r3,match,10000,0.779,83
identity_r3,match,10000,0.78,83
identity_r3,match,10000,0.781,83
identity_r3,match,10000,0.782,83
identity_r3,match,10000,0.783,83
identity_r3,match,10000,0.784,83
identity_r3,match,10000,0.785,83
identity_r3,match,10000,0.786,83
identity_r3,match,10000,0.787,83
identity_r3,match,10000,0.788,83
identity_r3,match,10000,0.789,83
identity_r3,match,10000,0.79,83
identity_r3,match,10000,0.791,83
identity_r3,match,10000,0.792,83
identity_r3,match,10000,0.793,83
identity_r3,match,10000,0.794,83
identity_r3,match,10000,0.795,83
identity_r3,match,10000,0.796,83
identity_r3,match,10000,0.797,83
identity_r3,match,10000,0.798,83
identity_r3,match,10000,0.799,83
identity_r3,match,10000,0.8,83
identity_r3,match,10000,0.801,83
identity_r3,match,10000,0.802,83
identity_r3,match,10000,0.803,83
identity_r3,match,10000,0.804,83
identity_r3,match,10000,0.805,83
identity_r3,match,10000,0.806,83
identity_r3,match,10000,0.807,83
identity_r3,match,10000,0.808,83
identity_r3,match,10000,0.809,83
identity_r3,match,10000,0.81,83
identity_r3,match,10000,0.811,83
identity_r3,match,10000,0.812,83
identity_r3,match,10000,0.813,83
identity_r3,match,10000,0.814,83
identity_r3,match,10000,0.815,83
identity_r3,match,10000,0.816,83
identity_r3,match,10000,0.817,83
identity_r3,match,10000,0.818,83
identity_r3,match,10000,0.819,83
identity_r3,match,10000,0.82,83
identity_r3,match,10000,0.821,83
identity_r3,match,10000,0.822,83
identity_r3,match,10000,0.823,83
identity_r3,match,10000,0.824,83
identity_r3,match,10000,0.825,83
identity_r3,match,10000,0.826,83
identity_r3,match,10000,0.827,83
identity_r3,match,10000,0.828,83
identity_r3,match,10000,0.829,83
identity_r3,match,10000,0.83,83
identity_r3,match,10000,0.831,83
identity_r3,match,10000,0.832,83
identity_r3,match,10000,0.833,83
identity_r3,match,10000,0.834,83
identity_r3,match,10000,0.835,83
identity_r3,match,10000,0.836,83
identity_r3,match,10000,0.837,83
identity_r3,match,10000,0.838,83
identity_r3,match,10000,0.839,83
identity_r3,match,10000,0.84,83
identity_r3,match,10000,0.841,83
identity_r3,match,10000,0.842,83
identity_r3,match,10000,0.843,83
identity_r3,match,10000,0.844,83
identity_r3,match,10000,0.845,83
identity_r3,match,10000,0.846,83
identity_r3,match,10000,0.847,83
identity_r3,match,10000,0.848,83
identity_r3,match,10000,0.849,84
identity_r3,match,10000,0.85,84
identity_r3,match,10000,0.851,84
identity_r3,match,10000,0.852,84
identity_r3,match,10000,0.853,84
identity_r3,match,10000,0.854,84
identity_r3,match,10000,0.855,84
identity_r3,match,10000,0.856,84
identity_r3,match,10000,0.857,84
identity_r3,match,10000,0.858,84
identity_r3,match,10000,0.859,84
identity_r3,match,10000,0.86,84
identity_r3,match,10000,0.861,84
identity_r3,match,10000,0.862,84
identity_r3,match,10000,0.863,84
identity_r3,match,10000,0.864,84
identity_r3,match,10000,0.865,84
identity_r3,match,10000,0.866,84
identity_r3,match,10000,0.867,84
identity_r3,match,10000,0.868,84
identity_r3,match,10000,0.869,84
identity_r3,match,10000,0.87,84
identity_r3,match,10000,0.871,84
identity_r3,match,10000,0.872,84
identity_r3,match,10000,0.873,84
identity_r3,match,10000,0.874,84
identity_r3,match,10000,0.875,84
identity_r3,match,10000,0.876,84
identity_r3,match,10000,0.877,84
identity_r3,match,10000,0.878,84
identity_r3,match,10000,0.879,84
identity_r3,match,10000,0.88,84
identity_r3,match,10000,0.881,84
identity_r3,match,10000,0.882,84
identity_r3,match,10000,0.883,84
identity_r3,match,10000,0.884,84
identity_r3,match,10000,0.885,84
identity_r3,match,10000,0.886,84
identity_r3,match,10000,0.887,84
identity_r3,match,10000,0.888,84
identity_r3,match,10000,0.889,84
identity_r3,match,10000,0.89,84
identity_r3,match,10000,0.891,84
identity_r3,match,10000,0.892,84
identity_r3,match,10000,0.893,84
identity_r3,match,10000,0.894,84
identity_r3,match,10000,0.895,84
identity_r3,match,10000,0.896,84
identity_r3,match,10000,0.897,84
identity_r3,match,10000,0.898,84
identity_r3,match,10000,0.899,84
identity_r3,match,10000,0.9,84
identity_r3,match,10000,0.901,84
identity_r3,match,10000,0.902,84
identity_r3,match,10000,0.903,84
identity_r3,match,10000,0.904,84
identity_r3,match,10000,0.905,84
identity_r3,match,10000,0.906,84
identity_r3,match,10000,0.907,84
identity_r3,match,10000,0.908,84
identity_r3,match,10000,0.909,84
identity_r3,match,10000,0.91,84
identity_r3,match,10000,0.911,84
identity_r3,match,10000,0.912,84
identity_r3,match,10000,0.913,84
identity_r3,match,10000,0.914,84
identity_r3,match,10000,0.915,84
identity_r3,match,10000,0.916,84
identity_r3,match,10000,0.917,84
identity_r3,match,10000,0.918,84
identity_r3,match,10000,0.919,84
identity_r3,match,10000,0.92,84
identity_r3,match,10000,0.921,84
identity_r3,match,10000,0.922,84
identity_r3,match,10000,0.923,84
identity_r3,match,10000,0.924,84
identity_r3,match,10000,0.925,84
identity_r3,match,10000,0.926,84
identity_r3,match,10000,0.927,84
identity_r3,match,10000,0.928,84
identity_r3,match,10000,0.929,84
identity_r3,match,10000,0.93,84
identity_r3,match,10000,0.931,84
identity_r3,match,10000,0.932,84
identity_r3,match,10000,0.933,84
identity_r3,match,10000,0.934,84
identity_r3,match,10000,0.935,84
identity_r3,match,10000,0.936,84
identity_r3,match,10000,0.937,84
identity_r3,match,10000,0.938,84
identity_r3,match,10000,0.939,84
identity_r3,match,10000,0.94,84
identity_r3,match,10000,0.941,84
identity_r3,match,10000,0.942,125
identity_r3,match,10000,0.943,125
identity_r3,match,10000,0.944,125
identity_r3,match,10000,0.945,125
identity_r3,match,10000,0.946,125
identity_r3,match,10000,0.947,125
identity_r3,match,10000,0.948,125
identity_r3,match,10000,0.949,125
identity_r3,match,10000,0.95,125
identity_r3,match,10000,0.951,125
identity_r3,match,10000,0.952,125
identity_r3,match,10000,0.953,125
identity_r3,match,10000,0.954,125
identity_r3,match,10000,0.955,125
identity_r3,match,10000,0.956,125
identity_r3,match,10000,0.957,166
identity_r3,match,10000,0.958,166
identity_r3,match,10000,0.959,166
identity_r3,match,10000,0.96,166
identity_r3,match,10000,0.961,166
identity_r3,match,10000,0.962,166
identity_r3,match,10000,0.963,167
identity_r3,match,10000,0.964,167
identity_r3,match,10000,0.965,167
identity_r3,match,10000,0.966,167
identity_r3,match,10000,0.967,167
identity_r3,match,10000,0.968,167
identity_r3,match,10000,0.969,167
identity_r3,match,10000,0.97,167
identity_r3,match,10000,0.971,167
identity_r3,match,10000,0.972,167
identity_r3,match,10000,0.973,167
identity_r3,match,10000,0.974,167
identity_r3,match,10000,0.975,208
identity_r3,match,10000,0.976,208
identity_r3,match,10000,0.977,208
identity_r3,match,10000,0.978,208
identity_r3,match,10000,0.979,208
identity_r3,match,10000,0.98,208
identity_r3,match,10000,0.981,209
identity_r3,match,10000,0.982,209
identity_r3,match,10000,0.983,209
identity_r3,match,10000,0.984,250
identity_r3,match,10000,0.985,250
identity_r3,match,10000,0.986,250
identity_r3,match,10000,0.987,250
identity_r3,match,10000,0.988,291
identity_r3,match,10000,0.989,292
identity_r3,match,10000,0.99,292
identity_r3,match,10000,0.991,333
identity_r3,match,10000,0.992,333
identity_r3,match,10000,0.993,375
identity_r3,match,10000,0.994,375
identity_r3,match,10000,0.995,417
identity_r3,match,10000,0.996,458
identity_r3,match,10000,0.997,500
identity_r3,match,10000,0.998,542
identity_r3,match,10000,0.999,667
identity_r3,add,100000,0,0
identity_r3,add,100000,0.001,0
identity_r3,add,100000,0.002,0
identity_r3,add,100000,0.003,0
identity_r3,add,100000,0.004,0
identity_r3,add,100000,0.005,0
identity_r3,add,100000,0.006,41
identity_r3,add,100000,0.007,41
identity_r3,add,100000,0.008,41
identity_r3,add,100000,0.009,41
identity_r3,add,100000,0.01,41
identity_r3,add,100000,0.011,41
identity_r3,add,100000,0.012,41
identity_r3,add,100000,0.013,41
identity_r3,add,100000,0.014,41
identity_r3,add,100000,0.015,41
identity_r3,add,100000,0.016,41
identity_r3,add,100000,0.017,41
identity_r3,add,100000,0.018,41
identity_r3,add,100000,0.019,41
identity_r3,add,100000,0.02,41
identity_r3,add,100000,0.021,41
identity_r3,add,100000,0.022,41
identity_r3,add,100000,0.023,41
identity_r3,add,100000,0.024,41
identity_r3,add,100000,0.025,41
identity_r3,add,100000,0.026,41
identity_r3,add,100000,0.027,41
identity_r3,add,100000,0.028,41
identity_r3,add,100000,0.029,41
identity_r3,add,100000,0.03,41
identity_r3,add,100000,0.031,41
identity_r3,add,100000,0.032,41
identity_r3,add,100000,0.033,41
identity_r3,add,100000,0.034,41
identity_r3,add,100000,0.035,41
identity_r3,add,100000,0.036,41
identity_r3,add,100000,0.037,41
identity_r3,add,100000,0.038,41
identity_r3,add,100000,0.039,41
identity_r3,add,100000,0.04,41
identity_r3,add,100000,0.041,41
identity_r3,add,100000,0.042,41
identity_r3,add,100000,0.043,41
identity_r3,add,100000,0.044,41
identity_r3,add,100000,0.045,41
identity_r3,add,100000,0.046,41
identity_r3,add,100000,0.047,41
identity_r3,add,100000,0.048,41
identity_r3,add,100000,0.049,41
identity_r3,add,100000,0.05,41
identity_r3,add,100000,0.051,41
identity_r3,add,100000,0.052,41
identity_r3,add,100000,0.053,41
identity_r3,add,100000,0.054,41
identity_r3,add,100000,0.055,41
identity_r3,add,100000,0.056,41
identity_r3,add,100000,0.057,41
identity_r3,add,100000,0.058,41
identity_r3,add,100000,0.059,41
identity_r3,add,100000,0.06,41
identity_r3,add,100000,0.061,41
identity_r3,add,100000,0.062,42
identity_r3,add,100000,0.063,42
identity_r3,add,100000,0.064,42
identity_r3,add,100000,0.065,42
identity_r3,add,100000,0.066,42
identity_r3,add,100000,0.067,42
identity_r3,add,100000,0.068,42
identity_r3,add,100000,0.069,42
identity_r3,add,100000,0.07,42
identity_r3,add,100000,0.071,42
identity_r3,add,100000,0.072,42
identity_r3,add,100000,0.073,42
identity_r3,add,100000,0.074,42
identity_r3,add,100000,0.075,42
identity_r3,add,100000,0.076,42
identity_r3,add,100000,0.077,42
identity_r3,add,100000,0.078,42
identity_r3,add,100000,0.079,42
identity_r3,add,100000,0.08,42
identity_r3,add,100000,0.081,42
identity_r3,add,100000,0.082,42
identity_r3,add,100000,0.083,42
identity_r3,add,100000,0.084,42
identity_r3,add,100000,0.085,42
identity_r3,add,100000,0.086,42
identity_r3,add,100000,0.087,42
identity_r3,add,100000,0.088,42
identity_r3,add,100000,0.089,42
identity_r3,add,100000,0.09,42
identity_r3,add,100000,0.091,42
identity_r3,add,100000,0.092,42
identity_r3,add,100000,0.093,42
identity_r3,add,100000,0.094,42
identity_r3,add,100000,0.095,42
identity_r3,add,100000,0.096,42
identity_r3,add,100000,0.097,42
identity_r3,add,100000,0.098,42
identity_r3,add,100000,0.099,42
identity_r3,add,100000,0.1,42
identity_r3,add,100000,0.101,42
identity_r3,add,100000,0.102,42
identity_r3,add,100000,0.103,42
identity_r3,add,100000,0.104,42
identity_r3,add,100000,0.105,42
identity_r3,add,100000,0.106,42
identity_r3,add,100000,0.107,42
identity_r3,add,100000,0.108,42
identity_r3,add,100000,0.109,42
identity_r3,add,100000,0.11,42
identity_r3,add,100000,0.111,42
identity_r3,add,100000,0.112,42
identity_r3,add,100000,0.113,42
identity_r3,add,100000,0.114,42
identity_r3,add,100000,0.115,42
identity_r3,add,100000,0.116,42
identity_r3,add,100000,0.117,42
identity_r3,add,100000,0.118,42
identity_r3,add,100000,0.119,42
identity_r3,add,100000,0.12,42
identity_r3,add,100000,0.121,42
identity_r3,add,100000,0.122,42
identity_r3,add,100000,0.123,42
identity_r3,add,100000,0.124,42
identity_r3,add,100000,0.125,42
identity_r3,add,100000,0.126,42
identity_r3,add,100000,0.127,42
identity_r3,add,100000,0.128,42
identity_r3,add,100000,0.129,42
identity_r3,add,100000,0.13,42
identity_r3,add,100000,0.131,42
identity_r3,add,100000,0.132,42
identity_r3,add,100000,0.133,42
identity_r3,add,100000,0.134,42
identity_r3,add,100000,0.135,42
identity_r3,add,100000,0.136,42
identity_r3,add,100000,0.137,42
identity_r3,add,100000,0.138,42
identity_r3,add,100000,0.139,42
identity_r3,add,100000,0.14,42
identity_r3,add,100000,0.141,42
identity_r3,add,100000,0.142,42
identity_r3,add,100000,0.143,42
identity_r3,add,100000,0.144,42
identity_r3,add,100000,0.145,42
identity_r3,add,100000,0.146,42
identity_r3,add,100000,0.147,42
identity_r3,add,100000,0.148,42
identity_r3,add,100000,0.149,42
identity_r3,add,100000,0.15,42
identity_r3,add,100000,0.151,42
identity_r3,add,100000,0.152,42
identity_r3,add,100000,0.153,42
identity_r3,add,100000,0.154,42
identity_r3,add,100000,0.155,42
identity_r3,add,100000,0.156,42
identity_r3,add,100000,0.157,42
identity_r3,add,100000,0.158,42
identity_r3,add,100000,0.159,42
identity_r3,add,100000,0.16,42
identity_r3,add,100000,0.161,42
identity_r3,add,100000,0.162,42
identity_r3,add,100000,0.163,42
identity_r3,add,100000,0.164,42
identity_r3,add,100000,0.165,42
identity_r3,add,100000,0.166,42
identity_r3,add,100000,0.167,42
identity_r3,add,100000,0.168,42
identity_r3,add,100000,0.169,42
identity_r3,add,100000,0.17,42
identity_r3,add,100000,0.171,42
identity_r3,add,100000,0.172,42
identity_r3,add,100000,0.173,83
identity_r3,add,100000,0.174,83
identity_r3,add,100000,0.175,83
identity_r3,add,100000,0.176,83
identity_r3,add,100000,0.177,83
identity_r3,add,100000,0.178,83
identity_r3,add,100000,0.179,83
identity_r3,add,100000,0.18,83
identity_r3,add,100000,0.181,83
identity_r3,add,100000,0.182,83
identity_r3,add,100000,0.183,83
identity_r3,add,100000,0.184,83
identity_r3,add,100000,0.185,83
identity_r3,add,100000,0.186,83
identity_r3,add,100000,0.187,83
identity_r3,add,100000,0.188,83
identity_r3,add,100000,0.189,83
identity_r3,add,100000,0.19,83
identity_r3,add,100000,0.191,83
identity_r3,add,100000,0.192,83
identity_r3,add,100000,0.193,83
identity_r3,add,100000,0.194,83
identity_r3,add,100000,0.195,83
identity_r3,add,100000,0.196,83
identity_r3,add,100000,0.197,83
identity_r3,add,100000,0.198,83
identity_r3,add,100000,0.199,83
identity_r3,add,100000,0.2,83
identity_r3,add,100000,0.201,83
identity_r3,add,100000,0.202,83
identity_r3,add,100000,0.203,83
identity_r3,add,100000,0.204,83
identity_r3,add,100000,0.205,83
identity_r3,add,100000,0.206,83
identity_r3,add,100000,0.207,83
identity_r3,add,100000,0.208,83
identity_r3,add,100000,0.209,83
identity_r3,add,100000,0.21,83
identity_r3,add,100000,0.211,83
identity_r3,add,100000,0.212,83
identity_r3,add,100000,0.213,83
identity_r3,add,100000,0.214,83
identity_r3,add,100000,0.215,83
identity_r3,add,100000,0.216,83
identity_r3,add,100000,0.217,83
identity_r3,add,100000,0.218,83
identity_r3,add,100000,0.219,83
identity_r3,add,100000,0.22,83
identity_r3,add,100000,0.221,83
identity_r3,add,100000,0.222,83
identity_r3,add,100000,0.223,83
identity_r3,add,100000,0.224,83
identity_r3,add,100000,0.225,83
identity_r3,add,100000,0.226,83
identity_r3,add,100000,0.227,83
identity_r3,add,100000,0.228,83
identity_r3,add,100000,0.229,83
identity_r3,add,100000,0.23,83
identity_r3,add,100000,0.231,83
identity_r3,add,100000,0.232,83
identity_r3,add,100000,0.233,83
identity_r3,add,100000,0.234,83
identity_r3,add,100000,0.235,83
identity_r3,add,100000,0.236,83
identity_r3,add,100000,0.237,83
identity_r3,add,100000,0.238,83
identity_r3,add,100000,0.239,83
identity_r3,add,100000,0.24,83
identity_r3,add,100000,0.241,83
identity_r3,add,100000,0.242,83
identity_r3,add,100000,0.243,83
identity_r3,add,100000,0.244,83
identity_r3,add,100000,0.245,83
identity_r3,add,100000,0.246,83
identity_r3,add,100000,0.247,83
identity_r3,add,100000,0.248,83
identity_r3,add,100000,0.249,83
identity_r3,add,100000,0.25,83
identity_r3,add,100000,0.251,83
identity_r3,add,100000,0.252,83
identity_r3,add,100000,0.253,83
identity_r3,add,100000,0.254,83
identity_r3,add,100000,0.255,83
identity_r3,add,100000,0.256,83
identity_r3,add,100000,0.257,83
identity_r3,add,100000,0.258,83
identity_r3,add,100000,0.259,83
identity_r3,add,100000,0.26,83
identity_r3,add,100000,0.261,83
identity_r3,add,100000,0.262,83
identity_r3,add,100000,0.263,83
identity_r3,add,100000,0.264,83
identity_r3,add,100000,0.265,83
identity_r3,add,100000,0.266,83
identity_r3,add,100000,0.267,83
identity_r3,add,100000,0.268,83
identity_r3,add,100000,0.269,83
identity_r3,add,100000,0.27,83
identity_r3,add,100000,0.271,83
identity_r3,add,100000,0.272,83
identity_r3,add,100000,0.273,83
identity_r3,add,100000,0.274,83
identity_r3,add,100000,0.275,83
identity_r3,add,100000,0.276,83
identity_r3,add,100000,0.277,83
identity_r3,add,100000,0.278,83
identity_r3,add,100000,0.279,83
identity_r3,add,100000,0.28,83
identity_r3,add,100000,0.281,83
identity_r3,add,100000,0.282,83
identity_r3,add,100000,0.283,83
identity_r3,add,100000,0.284,83
identity_r3,add,100000,0.285,83
identity_r3,add,100000,0.286,83
identity_r3,add,100000,0.287,83
identity_r3,add,100000,0.288,83
identity_r3,add,100000,0.289,83
identity_r3,add,100000,0.29,83
identity_r3,add,100000,0.291,83
identity_r3,add,100000,0.292,83
identity_r3,add,100000,0.293,83
identity_r3,add,100000,0.294,83
identity_r3,add,100000,0.295,83
identity_r3,add,100000,0.296,83
identity_r3,add,100000,0.297,83
identity_r3,add,100000,0.298,83
identity_r3,add,100000,0.299,83
identity_r3,add,100000,0.3,83
identity_r3,add,100000,0.301,83
identity_r3,add,100000,0.302,83
identity_r3,add,100000,0.303,83
identity_r3,add,100000,0.304,83
identity_r3,add,100000,0.305,83
identity_r3,add,100000,0.306,83
identity_r3,add,100000,0.307,83
identity_r3,add,100000,0.308,83
identity_r3,add,100000,0.309,83
identity_r3,add,100000,0.31,83
identity_r3,add,100000,0.311,83
identity_r3,add,100000,0.312,83
identity_r3,add,100000,0.313,83
identity_r3,add,100000,0.314,83
identity_r3,add,100000,0.315,83
identity_r3,add,100000,0.316,83
identity_r3,add,100000,0.317,83
identity_r3,add,100000,0.318,83
identity_r3,add,100000,0.319,83
identity_r3,add,100000,0.32,83
identity_r3,add,100000,0.321,83
identity_r3,add,100000,0.322,83
identity_r3,add,100000,0.323,83
identity_r3,add,100000,0.324,83
identity_r3,add,100000,0.325,83
identity_r3,add,100000,0.326,83
identity_r3,add,100000,0.327,83
identity_r3,add,100000,0.328,83
identity_r3,add,100000,0.329,83
identity_r3,add,100000,0.33,83
identity_r3,add,100000,0.331,83
identity_r3,add,100000,0.332,83
identity_r3,add,100000,0.333,83
identity_r3,add,100000,0.334,83
identity_r3,add,100000,0.335,83
identity_r3,add,100000,0.336,83
identity_r3,add,100000,0.337,83
identity_r3,add,100000,0.338,83
identity_r3,add,100000,0.339,83
identity_r3,add,100000,0.34,83
identity_r3,add,100000,0.341,83
identity_r3,add,100000,0.342,83
identity_r3,add,100000,0.343,83
identity_r3,add,100000,0.344,83
identity_r3,add,100000,0.345,83
identity_r3,add,100000,0.346,83
identity_r3,add,100000,0.347,83
identity_r3,add,100000,0.348,83
identity_r3,add,100000,0.349,83
identity_r3,add,100000,0.35,83
identity_r3,add,100000,0.351,83
identity_r3,add,100000,0.352,83
identity_r3,add,100000,0.353,83
identity_r3,add,100000,0.354,83
identity_r3,add,100000,0.355,83
identity_r3,add,100000,0.356,83
identity_r3,add,100000,0.357,83
identity_r3,add,100000,0.358,83
identity_r3,add,100000,0.359,83
identity_r3,add,100000,0.36,83
identity_r3,add,100000,0.361,83
identity_r3,add,100000,0.362,83
identity_r3,add,100000,0.363,83
identity_r3,add,100000,0.364,83
identity_r3,add,100000,0.365,83
identity_r3,add,100000,0.366,83
identity_r3,add,100000,0.367,83
identity_r3,add,100000,0.368,83
identity_r3,add,100000,0.369,83
identity_r3,add,100000,0.37,83
identity_r3,add,100000,0.371,83
identity_r3,add,100000,0.372,83
identity_r3,add,100000,0.373,83
identity_r3,add,100000,0.374,83
identity_r3,add,100000,0.375,83
identity_r3,add,100000,0.376,83
identity_r3,add,100000,0.377,83
identity_r3,add,100000,0.378,83
identity_r3,add,100000,0.379,83
identity_r3,add,100000,0.38,83
identity_r3,add,100000,0.381,83
identity_r3,add,100000,0.382,83
identity_r3,add,100000,0.383,83
identity_r3,add,100000,0.384,83
identity_r3,add,100000,0.385,83
identity_r3,add,100000,0.386,83
identity_r3,add,100000,0.387,83
identity_r3,add,100000,0.388,83
identity_r3,add,100000,0.389,83
identity_r3,add,100000,0.39,83
identity_r3,add,100000,0.391,83
identity_r3,add,100000,0.392,83
identity_r3,add,100000,0.393,83
identity_r3,add,100000,0.394,83
identity_r3,add,100000,0.395,83
identity_r3,add,100000,0.396,83
identity_r3,add,100000,0.397,83
identity_r3,add,100000,0.398,83
identity_r3,add,100000,0.399,83
identity_r3,add,100000,0.4,83
identity_r3,add,100000,0.401,83
identity_r3,add,100000,0.402,83
identity_r3,add,100000,0.403,83
identity_r3,add,100000,0.404,83
identity_r3,add,100000,0.405,83
identity_r3,add,100000,0.406,83
identity_r3,add,100000,0.407,83
identity_r3,add,100000,0.408,83
identity_r3,add,100000,0.409,83
identity_r3,add,100000,0.41,83
identity_r3,add,100000,0.411,83
identity_r3,add,100000,0.412,83
identity_r3,add,100000,0.413,83
identity_r3,add,100000,0.414,83
identity_r3,add,100000,0.415,83
identity_r3,add,100000,0.416,83
identity_r3,add,100000,0.417,83
identity_r3,add,100000,0.418,83
identity_r3,add,100000,0.419,83
identity_r3,add,100000,0.42,83
identity_r3,add,100000,0.421,83
identity_r3,add,100000,0.422,83
identity_r3,add,100000,0.423,83
identity_r3,add,100000,0.424,83
identity_r3,add,100000,0.425,83
identity_r3,add,100000,0.426,83
identity_r3,add,100000,0.427,83
identity_r3,add,100000,0.428,83
identity_r3,add,100000,0.429,83
identity_r3,add,100000,0.43,83
identity_r3,add,100000,0.431,83
identity_r3,add,100000,0.432,83
identity_r3,add,100000,0.433,83
identity_r3,add,100000,0.434,83
identity_r3,add,100000,0.435,83
identity_r3,add,100000,0.436,83
identity_r3,add,100000,0.437,83
identity_r3,add,100000,0.438,83
identity_r3,add,100000,0.439,83
identity_r3,add,100000,0.44,83
identity_r3,add,100000,0.441,83
identity_r3,add,100000,0.442,83
identity_r3,add,100000,0.443,83
identity_r3,add,100000,0.444,83
identity_r3,add,100000,0.445,83
identity_r3,add,100000,0.446,83
identity_r3,add,100000,0.447,83
identity_r3,add,100000,0.448,83
identity_r3,add,100000,0.449,83
identity_r3,add,100000,0.45,83
identity_r3,add,100000,0.451,83
identity_r3,add,100000,0.452,83
identity_r3,add,100000,0.453,83
identity_r3,add,100000,0.454,83
identity_r3,add,100000,0.455,83
identity_r3,add,100000,0.456,83
identity_r3,add,100000,0.457,83
identity_r3,add,100000,0.458,83
identity_r3,add,100000,0.459,83
identity_r3,add,100000,0.46,83
identity_r3,add,100000,0.461,83
identity_r3,add,100000,0.462,83
identity_r3,add,100000,0.463,83
identity_r3,add,100000,0.464,83
identity_r3,add,100000,0.465,83
identity_r3,add,100000,0.466,83
identity_r3,add,100000,0.467,83
identity_r3,add,100000,0.468,83
identity_r3,add,100000,0.469,83
identity_r3,add,100000,0.47,83
identity_r3,add,100000,0.471,83
identity_r3,add,100000,0.472,83
identity_r3,add,100000,0.473,83
identity_r3,add,100000,0.474,84
identity_r3,add,100000,0.475,84
identity_r3,add,100000,0.476,84
identity_r3,add,100000,0.477,84
identity_r3,add,100000,0.478,84
identity_r3,add,100000,0.479,84
identity_r3,add,100000,0.48,84
identity_r3,add,100000,0.481,84
identity_r3,add,100000,0.482,84
identity_r3,add,100000,0.483,84
identity_r3,add,100000,0.484,84
identity_r3,add,100000,0.485,84
identity_r3,add,100000,0.486,84
identity_r3,add,100000,0.487,84
identity_r3,add,100000,0.488,84
identity_r3,add,100000,0.489,84
identity_r3,add,100000,0.49,84
identity_r3,add,100000,0.491,84
identity_r3,add,100000,0.492,84
identity_r3,add,100000,0.493,84
identity_r3,add,100000,0.494,84
identity_r3,add,100000,0.495,84
identity_r3,add,100000,0.496,84
identity_r3,add,100000,0.497,84
identity_r3,add,100000,0.498,84
identity_r3,add,100000,0.499,84
identity_r3,add,100000,0.5,84
identity_r3,add,100000,0.501,84
identity_r3,add,100000,0.502,84
identity_r3,add,100000,0.503,84
identity_r3,add,100000,0.504,84
identity_r3,add,100000,0.505,84
identity_r3,add,100000,0.506,84
identity_r3,add,100000,0.507,84
identity_r3,add,100000,0.508,84
identity_r3,add,100000,0.509,84
identity_r3,add,100000,0.51,84
identity_r3,add,100000,0.511,84
identity_r3,add,100000,0.512,84
identity_r3,add,100000,0.513,84
identity_r3,add,100000,0.514,84
identity_r3,add,100000,0.515,84
identity_r3,add,100000,0.516,84
identity_r3,add,100000,0.517,84
identity_r3,add,100000,0.518,84
identity_r3,add,100000,0.519,84
identity_r3,add,100000,0.52,84
identity_r3,add,100000,0.521,84
identity_r3,add,100000,0.522,84
identity_r3,add,100000,0.523,84
identity_r3,add,100000,0.524,84
identity_r3,add,100000,0.525,84
identity_r3,add,100000,0.526,84
identity_r3,add,100000,0.527,84
identity_r3,add,100000,0.528,84
identity_r3,add,100000,0.529,84
identity_r3,add,100000,0.53,84
identity_r3,add,100000,0.531,84
identity_r3,add,100000,0.532,84
identity_r3,add,100000,0.533,84
identity_r3,add,100000,0.534,84
identity_r3,add,100000,0.535,84
identity_r3,add,100000,0.536,84
identity_r3,add,100000,0.537,84
identity_r3,add,100000,0.538,84
identity_r3,add,100000,0.539,84
identity_r3,add,100000,0.54,84
identity_r3,add,100000,0.541,84
identity_r3,add,100000,0.542,84
identity_r3,add,100000,0.543,84
identity_r3,add,100000,0.544,84
identity_r3,add,100000,0.545,84
identity_r3,add,100000,0.546,84
identity_r3,add,100000,0.547,84
identity_r3,add,100000,0.548,84
identity_r3,add,100000,0.549,84
identity_r3,add,100000,0.55,84
identity_r3,add,100000,0.551,84
identity_r3,add,100000,0.552,84
identity_r3,add,100000,0.553,84
identity_r3,add,100000,0.554,84
identity_r3,add,100000,0.555,84
identity_r3,add,100000,0.556,84
identity_r3,add,100000,0.557,84
identity_r3,add,100000,0.558,84
identity_r3,add,100000,0.559,84
identity_r3,add,100000,0.56,84
identity_r3,add,100000,0.561,84
identity_r3,add,100000,0.562,84
identity_r3,add,100000,0.563,84
identity_r3,add,100000,0.564,84
identity_r3,add,100000,0.565,84
identity_r3,add,100000,0.566,84
identity_r3,add,100000,0.567,84
identity_r3,add,100000,0.568,84
identity_r3,add,100000,0.569,84
identity_r3,add,100000,0.57,84
identity_r3,add,100000,0.571,84
identity_r3,add,100000,0.572,84
identity_r3,add,100000,0.573,84
identity_r3,add,100000,0.574,84
identity_r3,add,100000,0.575,84
identity_r3,add,100000,0.576,84
identity_r3,add,100000,0.577,84
identity_r3,add,100000,0.578,84
identity_r3,add,100000,0.579,84
identity_r3,add,100000,0.58,84
identity_r3,add,100000,0.581,84
identity_r3,add,100000,0.582,84
identity_r3,add,100000,0.583,84
identity_r3,add,100000,0.584,84
identity_r3,add,100000,0.585,84
identity_r3,add,100000,0.586,84
identity_r3,add,100000,0.587,84
identity_r3,add,100000,0.588,84
identity_r3,add,100000,0.589,84
identity_r3,add,100000,0.59,84
identity_r3,add,100000,0.591,84
identity_r3,add,100000,0.592,84
identity_r3,add,100000,0.593,84
identity_r3,add,100000,0.594,84
identity_r3,add,100000,0.595,84
identity_r3,add,100000,0.596,84
identity_r3,add,100000,0.597,84
identity_r3,add,100000,0.598,84
identity_r3,add,100000,0.599,84
identity_r3,add,100000,0.6,84
identity_r3,add,100000,0.601,84
identity_r3,add,100000,0.602,84
identity_r3,add,100000,0.603,84
identity_r3,add,100000,0.604,84
identity_r3,add,100000,0.605,84
identity_r3,add,100000,0.606,84
identity_r3,add,100000,0.607,84
identity_r3,add,100000,0.608,84
identity_r3,add,100000,0.609,84
identity_r3,add,100000,0.61,84
identity_r3,add,100000,0.611,84
identity_r3,add,100000,0.612,84
identity_r3,add,100000,0.613,84
identity_r3,add,100000,0.614,84
identity_r3,add,100000,0.615,84
identity_r3,add,100000,0.616,84
identity_r3,add,100000,0.617,84
identity_r3,add,100000,0.618,84
identity_r3,add,100000,0.619,84
identity_r3,add,100000,0.62,84
identity_r3,add,100000,0.621,84
identity_r3,add,100000,0.622,84
identity_r3,add,100000,0.623,84
identity_r3,add,100000,0.624,84
identity_r3,add,100000,0.625,125
identity_r3,add,100000,0.626,125
identity_r3,add,100000,0.627,125
identity_r3,add,100000,0.628,125
identity_r3,add,100000,0.629,125
identity_r3,add,100000,0.63,125
identity_r3,add,100000,0.631,125
identity_r3,add,100000,0.632,125
identity_r3,add,100000,0.633,125
identity_r3,add,100000,0.634,125
identity_r3,add,100000,0.635,125
identity_r3,add,100000,0.636,125
identity_r3,add,100000,0.637,125
identity_r3,add,100000,0.638,125
identity_r3,add,100000,0.639,125
identity_r3,add,100000,0.64,125
identity_r3,add,100000,0.641,125
identity_r3,add,100000,0.642,125
identity_r3,add,100000,0.643,125
identity_r3,add,100000,0.644,125
identity_r3,add,100000,0.645,125
identity_r3,add,100000,0.646,125
identity_r3,add,100000,0.647,125
identity_r3,add,100000,0.648,125
identity_r3,add,100000,0.649,125
identity_r3,add,100000,0.65,125
identity_r3,add,100000,0.651,125
identity_r3,add,100000,0.652,125
identity_r3,add,100000,0.653,125
identity_r3,add,100000,0.654,125
identity_r3,add,100000,0.655,125
identity_r3,add,100000,0.656,125
identity_r3,add,100000,0.657,125
identity_r3,add,100000,0.658,125
identity_r3,add,100000,0.659,125
identity_r3,add,100000,0.66,125
identity_r3,add,100000,0.661,125
identity_r3,add,100000,0.662,125
identity_r3,add,100000,0.663,125
identity_r3,add,100000,0.664,125
identity_r3,add,100000,0.665,125
identity_r3,add,100000,0.666,125
identity_r3,add,100000,0.667,125
identity_r3,add,100000,0.668,125
identity_r3,add,100000,0.669,125
identity_r3,add,100000,0.67,125
identity_r3,add,100000,0.671,125
identity_r3,add,100000,0.672,125
identity_r3,add,100000,0.673,125
identity_r3,add,100000,0.674,125
identity_r3,add,100000,0.675,125
identity_r3,add,100000,0.676,125
identity_r3,add,100000,0.677,125
identity_r3,add,100000,0.678,125
identity_r3,add,100000,0.679,125
identity_r3,add,100000,0.68,125
identity_r3,add,100000,0.681,125
identity_r3,add,100000,0.682,125
identity_r3,add,100000,0.683,125
identity_r3,add,100000,0.684,125
identity_r3,add,100000,0.685,125
identity_r3,add,100000,0.686,125
identity_r3,add,100000,0.687,125
identity_r3,add,100000,0.688,125
identity_r3,add,100000,0.689,125
identity_r3,add,100000,0.69,125
identity_r3,add,100000,0.691,125
identity_r3,add,100000,0.692,125
identity_r3,add,100000,0.693,125
identity_r3,add,100000,0.694,125
identity_r3,add,100000,0.695,125
identity_r3,add,100000,0.696,125
identity_r3,add,100000,0.697,125
identity_r3,add,100000,0.698,125
identity_r3,add,100000,0.699,125
identity_r3,add,100000,0.7,125
identity_r3,add,100000,0.701,125
identity_r3,add,100000,0.702,125
identity_r3,add,100000,0.703,125
identity_r3,add,100000,0.704,125
identity_r3,add,100000,0.705,125
identity_r3,add,100000,0.706,125
identity_r3,add,100000,0.707,125
identity_r3,add,100000,0.708,125
identity_r3,add,100000,0.709,125
identity_r3,add,100000,0.71,125
identity_r3,add,100000,0.711,125
identity_r3,add,100000,0.712,125
identity_r3,add,100000,0.713,125
identity_r3,add,100000,0.714,125
identity_r3,add,100000,0.715,125
identity_r3,add,100000,0.716,125
identity_r3,add,100000,0.717,125
identity_r3,add,100000,0.718,125
identity_r3,add,100000,0.719,125
identity_r3,add,100000,0.72,125
identity_r3,add,100000,0.721,125
identity_r3,add,100000,0.722,125
identity_r3,add,100000,0.723,125
identity_r3,add,100000,0.724,125
identity_r3,add,100000,0.725,125
identity_r3,add,100000,0.726,125
identity_r3,add,100000,0.727,125
identity_r3,add,100000,0.728,125
identity_r3,add,100000,0.729,125
identity_r3,add,100000,0.73,125
identity_r3,add,100000,0.731,125
identity_r3,add,100000,0.732,125
identity_r3,add,100000,0.733,125
identity_r3,add,100000,0.734,125
identity_r3,add,100000,0.735,125
identity_r3,add,100000,0.736,125
identity_r3,add,100000,0.737,125
identity_r3,add,100000,0.738,125
identity_r3,add,100000,0.739,125
identity_r3,add,100000,0.74,125
identity_r3,add,100000,0.741,125
identity_r3,add,100000,0.742,125
identity_r3,add,100000,0.743,125
identity_r3,add,100000,0.744,125
identity_r3,add,100000,0.745,125
identity_r3,add,100000,0.746,125
identity_r3,add,100000,0.747,125
identity_r3,add,100000,0.748,125
identity_r3,add,100000,0.749,125
identity_r3,add,100000,0.75,125
identity_r3,add,100000,0.751,125
identity_r3,add,100000,0.752,125
identity_r3,add,100000,0.753,125
identity_r3,add,100000,0.754,125
identity_r3,add,100000,0.755,125
identity_r3,add,100000,0.756,125
identity_r3,add,100000,0.757,125
identity_r3,add,100000,0.758,125
identity_r3,add,100000,0.759,125
identity_r3,add,100000,0.76,125
identity_r3,add,100000,0.761,125
identity_r3,add,100000,0.762,125
identity_r3,add,100000,0.763,125
identity_r3,add,100000,0.764,125
identity_r3,add,100000,0.765,125
identity_r3,add,100000,0.766,125
identity_r3,add,100000,0.767,125
identity_r3,add,100000,0.768,125
identity_r3,add,100000,0.769,125
identity_r3,add,100000,0.77,125
identity_r3,add,100000,0.771,125
identity_r3,add,100000,0.772,125
identity_r3,add,100000,0.773,125
identity_r3,add,100000,0.774,125
identity_r3,add,100000,0.775,125
identity_r3,add,100000,0.776,125
identity_r3,add,100000,0.777,125
identity_r3,add,100000,0.778,125
identity_r3,add,100000,0.779,125
identity_r3,add,100000,0.78,125
identity_r3,add,100000,0.781,125
identity_r3,add,100000,0.782,125
identity_r3,add,100000,0.783,125
identity_r3,add,100000,0.784,125
identity_r3,add,100000,0.785,125
identity_r3,add,100000,0.786,125
identity_r3,add,100000,0.787,125
identity_r3,add,100000,0.788,125
identity_r3,add,100000,0.789,125
identity_r3,add,100000,0.79,125
identity_r3,add,100000,0.791,125
identity_r3,add,100000,0.792,125
identity_r3,add,100000,0.793,125
identity_r3,add,100000,0.794,125
identity_r3,add,100000,0.795,125
identity_r3,add,100000,0.796,125
identity_r3,add,100000,0.797,125
identity_r3,add,100000,0.798,125
identity_r3,add,100000,0.799,125
identity_r3,add,100000,0.8,125
identity_r3,add,100000,0.801,125
identity_r3,add,100000,0.802,125
identity_r3,add,100000,0.803,125
identity_r3,add,100000,0.804,125
identity_r3,add,100000,0.805,125
identity_r3,add,100000,0.806,125
identity_r3,add,100000,0.807,125
identity_r3,add,100000,0.808,125
identity_r3,add,100000,0.809,125
identity_r3,add,100000,0.81,125
identity_r3,add,100000,0.811,125
identity_r3,add,100000,0.812,125
identity_r3,add,100000,0.813,125
identity_r3,add,100000,0.814,125
identity_r3,add,100000,0.815,125
identity_r3,add,100000,0.816,125
identity_r3,add,100000,0.817,125
identity_r3,add,100000,0.818,125
identity_r3,add,100000,0.819,125
identity_r3,add,100000,0.82,125
identity_r3,add,100000,0.821,125
identity_r3,add,100000,0.822,125
identity_r3,add,100000,0.823,125
identity_r3,add,100000,0.824,125
identity_r3,add,100000,0.825,125
identity_r3,add,100000,0.826,125
identity_r3,add,100000,0.827,125
identity_r3,add,100000,0.828,125
identity_r3,add,100000,0.829,125
identity_r3,add,100000,0.83,125
identity_r3,add,100000,0.831,125
identity_r3,add,100000,0.832,125
identity_r3,add,100000,0.833,125
identity_r3,add,100000,0.834,125
identity_r3,add,100000,0.835,125
identity_r3,add,100000,0.836,125
identity_r3,add,100000,0.837,125
identity_r3,add,100000,0.838,125
identity_r3,add,100000,0.839,125
identity_r3,add,100000,0.84,125
identity_r3,add,100000,0.841,125
identity_r3,add,100000,0.842,125
identity_r3,add,100000,0.843,125
identity_r3,add,100000,0.844,125
identity_r3,add,100000,0.845,125
identity_r3,add,100000,0.846,125
identity_r3,add,100000,0.847,125
identity_r3,add,100000,0.848,125
identity_r3,add,100000,0.849,125
identity_r3,add,100000,0.85,125
identity_r3,add,100000,0.851,125
identity_r3,add,100000,0.852,125
identity_r3,add,100000,0.853,125
identity_r3,add,100000,0.854,125
identity_r3,add,100000,0.855,125
identity_r3,add,100000,0.856,125
identity_r3,add,100000,0.857,125
identity_r3,add,100000,0.858,125
identity_r3,add,100000,0.859,125
identity_r3,add,100000,0.86,125
identity_r3,add,100000,0.861,125
identity_r3,add,100000,0.862,125
identity_r3,add,100000,0.863,125
identity_r3,add,100000,0.864,125
identity_r3,add,100000,0.865,125
identity_r3,add,100000,0.866,125
identity_r3,add,100000,0.867,125
identity_r3,add,100000,0.868,125
identity_r3,add,100000,0.869,125
identity_r3,add,100000,0.87,125
identity_r3,add,100000,0.871,125
identity_r3,add,100000,0.872,125
identity_r3,add,100000,0.873,125
identity_r3,add,100000,0.874,125
identity_r3,add,100000,0.875,125
identity_r3,add,100000,0.876,125
identity_r3,add,100000,0.877,125
identity_r3,add,100000,0.878,125
identity_r3,add,100000,0.879,125
identity_r3,add,100000,0.88,125
identity_r3,add,100000,0.881,125
identity_r3,add,100000,0.882,125
identity_r3,add,100000,0.883,125
identity_r3,add,100000,0.884,125
identity_r3,add,100000,0.885,125
identity_r3,add,100000,0.886,125
identity_r3,add,100000,0.887,125
identity_r3,add,100000,0.888,125
identity_r3,add,100000,0.889,125
identity_r3,add,100000,0.89,125
identity_r3,add,100000,0.891,125
identity_r3,add,100000,0.892,125
identity_r3,add,100000,0.893,125
identity_r3,add,100000,0.894,125
identity_r3,add,100000,0.895,125
identity_r3,add,100000,0.896,125
identity_r3,add,100000,0.897,125
identity_r3,add,100000,0.898,125
identity_r3,add,100000,0.899,125
identity_r3,add,100000,0.9,125
identity_r3,add,100000,0.901,125
identity_r3,add,100000,0.902,125
identity_r3,add,100000,0.903,125
identity_r3,add,100000,0.904,125
identity_r3,add,100000,0.905,125
identity_r3,add,100000,0.906,125
identity_r3,add,100000,0.907,125
identity_r3,add,100000,0.908,125
identity_r3,add,100000,0.909,125
identity_r3,add,100000,0.91,125
identity_r3,add,100000,0.911,125
identity_r3,add,100000,0.912,125
identity_r3,add,100000,0.913,125
identity_r3,add,100000,0.914,125
identity_r3,add,100000,0.915,125
identity_r3,add,100000,0.916,125
identity_r3,add,100000,0.917,125
identity_r3,add,100000,0.918,125
identity_r3,add,100000,0.919,125
identity_r3,add,100000,0.92,125
identity_r3,add,100000,0.921,125
identity_r3,add,100000,0.922,125
identity_r3,add,100000,0.923,125
identity_r3,add,100000,0.924,125
identity_r3,add,100000,0.925,125
identity_r3,add,100000,0.926,125
identity_r3,add,100000,0.927,125
identity_r3,add,100000,0.928,125
identity_r3,add,100000,0.929,125
identity_r3,add,100000,0.93,125
identity_r3,add,100000,0.931,125
identity_r3,add,100000,0.932,125
identity_r3,add,100000,0.933,125
identity_r3,add,100000,0.934,125
identity_r3,add,100000,0.935,125
identity_r3,add,100000,0.936,125
identity_r3,add,100000,0.937,125
identity_r3,add,100000,0.938,125
identity_r3,add,100000,0.939,125
identity_r3,add,100000,0.94,125
identity_r3,add,100000,0.941,125
identity_r3,add,100000,0.942,125
identity_r3,add,100000,0.943,125
identity_r3,add,100000,0.944,125
identity_r3,add,100000,0.945,125
identity_r3,add,100000,0.946,125
identity_r3,add,100000,0.947,125
identity_r3,add,100000,0.948,125
identity_r3,add,100000,0.949,125
identity_r3,add,100000,0.95,125
identity_r3,add,100000,0.951,125
identity_r3,add,100000,0.952,125
identity_r3,add,100000,0.953,125
identity_r3,add,100000,0.954,125
identity_r3,add,100000,0.955,125
identity_r3,add,100000,0.956,125
identity_r3,add,100000,0.957,125
identity_r3,add,100000,0.958,125
identity_r3,add,100000,0.959,125
identity_r3,add,100000,0.96,125
identity_r3,add,100000,0.961,125
identity_r3,add,100000,0.962,125
identity_r3,add,100000,0.963,125
identity_r3,add,100000,0.964,125
identity_r3,add,100000,0.965,125
identity_r3,add,100000,0.966,125
identity_r3,add,100000,0.967,125
identity_r3,add,100000,0.968,166
identity_r3,add,100000,0.969,166
identity_r3,add,100000,0.97,166
identity_r3,add,100000,0.971,166
identity_r3,add,100000,0.972,166
identity_r3,add,100000,0.973,166
identity_r3,add,100000,0.974,166
identity_r3,add,100000,0.975,166
identity_r3,add,100000,0.976,167
identity_r3,add,100000,0.977,167
identity_r3,add,100000,0.978,167
identity_r3,add,100000,0.979,167
identity_r3,add,100000,0.98,167
identity_r3,add,100000,0.981,167
identity_r3,add,100000,0.982,167
identity_r3,add,100000,0.983,167
identity_r3,add,100000,0.984,167
identity_r3,add,100000,0.985,167
identity_r3,add,100000,0.986,167
identity_r3,add,100000,0.987,167
identity_r3,add,100000,0.988,167
identity_r3,add,100000,0.989,167
identity_r3,add,100000,0.99,167
identity_r3,add,100000,0.991,167
identity_r3,add,100000,0.992,167
identity_r3,add,100000,0.993,167
identity_r3,add,100000,0.994,208
identity_r3,add,100000,0.995,208
identity_r3,add,100000,0.996,209
identity_r3,add,100000,0.997,209
identity_r3,add,100000,0.998,250
identity_r3,add,100000,0.999,375
identity_r3,cancel,100000,0,0
identity_r3,cancel,100000,0.001,42
identity_r3,cancel,100000,0.002,42
identity_r3,cancel,100000,0.003,83
identity_r3,cancel,100000,0.004,83
identity_r3,cancel,100000,0.005,83
identity_r3,cancel,100000,0.006,83
identity_r3,cancel,100000,0.007,83
identity_r3,cancel,100000,0.008,84
identity_r3,cancel,100000,0.009,84
identity_r3,cancel,100000,0.01,125
identity_r3,cancel,100000,0.011,125
identity_r3,cancel,100000,0.012,125
identity_r3,cancel,100000,0.013,125
identity_r3,cancel,100000,0.014,125
identity_r3,cancel,100000,0.015,125
identity_r3,cancel,100000,0.016,125
identity_r3,cancel,100000,0.017,125
identity_r3,cancel,100000,0.018,125
identity_r3,cancel,100000,0.019,125
identity_r3,cancel,100000,0.02,125
identity_r3,cancel,100000,0.021,125
identity_r3,cancel,100000,0.022,125
identity_r3,cancel,100000,0.023,125
identity_r3,cancel,100000,0.024,125
identity_r3,cancel,100000,0.025,125
identity_r3,cancel,100000,0.026,125
identity_r3,cancel,100000,0.027,125
identity_r3,cancel,100000,0.028,125
identity_r3,cancel,100000,0.029,125
identity_r3,cancel,100000,0.03,125
identity_r3,cancel,100000,0.031,125
identity_r3,cancel,100000,0.032,125
identity_r3,cancel,100000,0.033,125
identity_r3,cancel,100000,0.034,125
identity_r3,cancel,100000,0.035,125
identity_r3,cancel,100000,0.036,125
identity_r3,cancel,100000,0.037,125
identity_r3,cancel,100000,0.038,125
identity_r3,cancel,100000,0.039,125
identity_r3,cancel,100000,0.04,125
identity_r3,cancel,100000,0.041,125
identity_r3,cancel,100000,0.042,125
identity_r3,cancel,100000,0.043,166
identity_r3,cancel,100000,0.044,166
identity_r3,cancel,100000,0.045,166
identity_r3,cancel,100000,0.046,166
identity_r3,cancel,100000,0.047,166
identity_r3,cancel,100000,0.048,166
identity_r3,cancel,100000,0.049,166
identity_r3,cancel,100000,0.05,166
identity_r3,cancel,100000,0.051,166
identity_r3,cancel,100000,0.052,166
identity_r3,cancel,100000,0.053,166
identity_r3,cancel,100000,0.054,166
identity_r3,cancel,100000,0.055,166
identity_r3,cancel,100000,0.056,166
identity_r3,cancel,100000,0.057,167
identity_r3,cancel,100000,0.058,167
identity_r3,cancel,100000,0.059,167
identity_r3,cancel,100000,0.06,167
identity_r3,cancel,100000,0.061,167
identity_r3,cancel,100000,0.062,167
identity_r3,cancel,100000,0.063,167
identity_r3,cancel,100000,0.064,167
identity_r3,cancel,100000,0.065,167
identity_r3,cancel,100000,0.066,167
identity_r3,cancel,100000,0.067,167
identity_r3,cancel,100000,0.068,167
identity_r3,cancel,100000,0.069,167
identity_r3,cancel,100000,0.07,167
identity_r3,cancel,100000,0.071,167
identity_r3,cancel,100000,0.072,167
identity_r3,cancel,100000,0.073,167
identity_r3,cancel,100000,0.074,167
identity_r3,cancel,100000,0.075,167
identity_r3,cancel,100000,0.076,167
identity_r3,cancel,100000,0.077,167
identity_r3,cancel,100000,0.078,167
identity_r3,cancel,100000,0.079,167
identity_r3,cancel,100000,0.08,167
identity_r3,cancel,100000,0.081,167
identity_r3,cancel,100000,0.082,167
identity_r3,cancel,100000,0.083,167
identity_r3,cancel,100000,0.084,167
identity_r3,cancel,100000,0.085,167
identity_r3,cancel,100000,0.086,208
identity_r3,cancel,100000,0.087,208
identity_r3,cancel,100000,0.088,208
identity_r3,cancel,100000,0.089,208
identity_r3,cancel,100000,0.09,208
identity_r3,cancel,100000,0.091,208
identity_r3,cancel,100000,0.092,208
identity_r3,cancel,100000,0.093,208
identity_r3,cancel,100000,0.094,208
identity_r3,cancel,100000,0.095,208
identity_r3,cancel,100000,0.096,208
identity_r3,cancel,100000,0.097,208
identity_r3,cancel,100000,0.098,208
identity_r3,cancel,100000,0.099,208
identity_r3,cancel,100000,0.1,208
identity_r3,cancel,100000,0.101,208
identity_r3,cancel,100000,0.102,208
identity_r3,cancel,100000,0.103,208
identity_r3,cancel,100000,0.104,208
identity_r3,cancel,100000,0.105,208
identity_r3,cancel,100000,0.106,208
identity_r3,cancel,100000,0.107,208
identity_r3,cancel,100000,0.108,208
identity_r3,cancel,100000,0.109,208
identity_r3,cancel,100000,0.11,208
identity_r3,cancel,100000,0.111,208
identity_r3,cancel,100000,0.112,208
identity_r3,cancel,100000,0.113,208
identity_r3,cancel,100000,0.114,208
identity_r3,cancel,100000,0.115,208
identity_r3,cancel,100000,0.116,208
identity_r3,cancel,100000,0.117,208
identity_r3,cancel,100000,0.118,208
identity_r3,cancel,100000,0.119,208
identity_r3,cancel,100000,0.12,208
identity_r3,cancel,100000,0.121,208
identity_r3,cancel,100000,0.122,208
identity_r3,cancel,100000,0.123,209
identity_r3,cancel,100000,0.124,209
identity_r3,cancel,100000,0.125,209
identity_r3,cancel,100000,0.126,209
identity_r3,cancel,100000,0.127,209
identity_r3,cancel,100000,0.128,209
identity_r3,cancel,100000,0.129,209
identity_r3,cancel,100000,0.13,209
identity_r3,cancel,100000,0.131,209
identity_r3,cancel,100000,0.132,209
identity_r3,cancel,100000,0.133,209
identity_r3,cancel,100000,0.134,209
identity_r3,cancel,100000,0.135,209
identity_r3,cancel,100000,0.136,209
identity_r3,cancel,100000,0.137,209
identity_r3,cancel,100000,0.138,209
identity_r3,cancel,100000,0.139,209
identity_r3,cancel,100000,0.14,250
identity_r3,cancel,100000,0.141,250
identity_r3,cancel,100000,0.142,250
identity_r3,cancel,100000,0.143,250
identity_r3,cancel,100000,0.144,250
identity_r3,cancel,100000,0.145,250
identity_r3,cancel,100000,0.146,250
identity_r3,cancel,100000,0.147,250
identity_r3,cancel,100000,0.148,250
identity_r3,cancel,100000,0.149,250
identity_r3,cancel,100000,0.15,250
identity_r3,cancel,100000,0.151,250
identity_r3,cancel,100000,0.152,250
identity_r3,cancel,100000,0.153,250
identity_r3,cancel,100000,0.154,250
identity_r3,cancel,100000,0.155,250
identity_r3,cancel,100000,0.156,250
identity_r3,cancel,100000,0.157,250
identity_r3,cancel,100000,0.158,250
identity_r3,cancel,100000,0.159,250
identity_r3,cancel,100000,0.16,250
identity_r3,cancel,100000,0.161,250
identity_r3,cancel,100000,0.162,250
identity_r3,cancel,100000,0.163,250
identity_r3,cancel,100000,0.164,250
identity_r3,cancel,100000,0.165,250
identity_r3,cancel,100000,0.166,250
identity_r3,cancel,100000,0.167,250
identity_r3,cancel,100000,0.168,250
identity_r3,cancel,100000,0.169,250
identity_r3,cancel,100000,0.17,250
identity_r3,cancel,100000,0.171,250
identity_r3,cancel,100000,0.172,250
identity_r3,cancel,100000,0.173,250
identity_r3,cancel,100000,0.174,250
identity_r3,cancel,100000,0.175,250
identity_r3,cancel,100000,0.176,250
identity_r3,cancel,100000,0.177,250
identity_r3,cancel,100000,0.178,250
identity_r3,cancel,100000,0.179,250
identity_r3,cancel,100000,0.18,250
identity_r3,cancel,100000,0.181,250
identity_r3,cancel,100000,0.182,250
identity_r3,cancel,100000,0.183,250
identity_r3,cancel,100000,0.184,250
identity_r3,cancel,100000,0.185,250
identity_r3,cancel,100000,0.186,250
identity_r3,cancel,100000,0.187,250
identity_r3,cancel,100000,0.188,250
identity_r3,cancel,100000,0.189,250
identity_r3,cancel,100000,0.19,250
identity_r3,cancel,100000,0.191,250
identity_r3,cancel,100000,0.192,250
identity_r3,cancel,100000,0.193,250
identity_r3,cancel,100000,0.194,250
identity_r3,cancel,100000,0.195,250
identity_r3,cancel,100000,0.196,250
identity_r3,cancel,100000,0.197,250
identity_r3,cancel,100000,0.198,250
identity_r3,cancel,100000,0.199,250
identity_r3,cancel,100000,0.2,250
identity_r3,cancel,100000,0.201,250
identity_r3,cancel,100000,0.202,250
identity_r3,cancel,100000,0.203,250
identity_r3,cancel,100000,0.204,250
identity_r3,cancel,100000,0.205,250
identity_r3,cancel,100000,0.206,250
identity_r3,cancel,100000,0.207,250
identity_r3,cancel,100000,0.208,250
identity_r3,cancel,100000,0.209,250
identity_r3,cancel,100000,0.21,250
identity_r3,cancel,100000,0.211,250
identity_r3,cancel,100000,0.212,250
identity_r3,cancel,100000,0.213,250
identity_r3,cancel,100000,0.214,250
identity_r3,cancel,100000,0.215,250
identity_r3,cancel,100000,0.216,250
identity_r3,cancel,100000,0.217,250
identity_r3,cancel,100000,0.218,250
identity_r3,cancel,100000,0.219,250
identity_r3,cancel,100000,0.22,250
identity_r3,cancel,100000,0.221,250
identity_r3,cancel,100000,0.222,250
identity_r3,cancel,100000,0.223,250
identity_r3,cancel,100000,0.224,250
identity_r3,cancel,100000,0.225,250
identity_r3,cancel,100000,0.226,250
identity_r3,cancel,100000,0.227,250
identity_r3,cancel,100000,0.228,250
identity_r3,cancel,100000,0.229,250
identity_r3,cancel,100000,0.23,250
identity_r3,cancel,100000,0.231,250
identity_r3,cancel,100000,0.232,250
identity_r3,cancel,100000,0.233,250
identity_r3,cancel,100000,0.234,250
identity_r3,cancel,100000,0.235,250
identity_r3,cancel,100000,0.236,250
identity_r3,cancel,100000,0.237,250
identity_r3,cancel,100000,0.238,250
identity_r3,cancel,100000,0.239,250
identity_r3,cancel,100000,0.24,250
identity_r3,cancel,100000,0.241,250
identity_r3,cancel,100000,0.242,250
identity_r3,cancel,100000,0.243,250
identity_r3,cancel,100000,0.244,250
identity_r3,cancel,100000,0.245,250
identity_r3,cancel,100000,0.246,250
identity_r3,cancel,100000,0.247,250
identity_r3,cancel,100000,0.248,250
identity_r3,cancel,100000,0.249,250
identity_r3,cancel,100000,0.25,250
identity_r3,cancel,100000,0.251,250
identity_r3,cancel,100000,0.252,291
identity_r3,cancel,100000,0.253,291
identity_r3,cancel,100000,0.254,291
identity_r3,cancel,100000,0.255,291
identity_r3,cancel,100000,0.256,291
identity_r3,cancel,100000,0.257,291
identity_r3,cancel,100000,0.258,291
identity_r3,cancel,100000,0.259,291
identity_r3,cancel,100000,0.26,291
identity_r3,cancel,100000,0.261,291
identity_r3,cancel,100000,0.262,291
identity_r3,cancel,100000,0.263,291
identity_r3,cancel,100000,0.264,291
identity_r3,cancel,100000,0.265,291
identity_r3,cancel,100000,0.266,291
identity_r3,cancel,100000,0.267,291
identity_r3,cancel,100000,0.268,291
identity_r3,cancel,100000,0.269,291
identity_r3,cancel,100000,0.27,291
identity_r3,cancel,100000,0.271,291
identity_r3,cancel,100000,0.272,291
identity_r3,cancel,100000,0.273,291
identity_r3,cancel,100000,0.274,291
identity_r3,cancel,100000,0.275,291
identity_r3,cancel,100000,0.276,291
identity_r3,cancel,100000,0.277,291
identity_r3,cancel,100000,0.278,291
identity_r3,cancel,100000,0.279,291
identity_r3,cancel,100000,0.28,291
identity_r3,cancel,100000,0.281,291
identity_r3,cancel,100000,0.282,291
identity_r3,cancel,100000,0.283,292
identity_r3,cancel,100000,0.284,292
identity_r3,cancel,100000,0.285,292
identity_r3,cancel,100000,0.286,292
identity_r3,cancel,100000,0.287,292
identity_r3,cancel,100000,0.288,292
identity_r3,cancel,100000,0.289,292
identity_r3,cancel,100000,0.29,292
identity_r3,cancel,100000,0.291,292
identity_r3,cancel,100000,0.292,292
identity_r3,cancel,100000,0.293,292
identity_r3,cancel,100000,0.294,292
identity_r3,cancel,100000,0.295,292
identity_r3,cancel,100000,0.296,292
identity_r3,cancel,100000,0.297,292
identity_r3,cancel,100000,0.298,292
identity_r3,cancel,100000,0.299,292
identity_r3,cancel,100000,0.3,292
identity_r3,cancel,100000,0.301,292
identity_r3,cancel,100000,0.302,292
identity_r3,cancel,100000,0.303,292
identity_r3,cancel,100000,0.304,292
identity_r3,cancel,100000,0.305,292
identity_r3,cancel,100000,0.306,292
identity_r3,cancel,100000,0.307,292
identity_r3,cancel,100000,0.308,292
identity_r3,cancel,100000,0.309,292
identity_r3,cancel,100000,0.31,292
identity_r3,cancel,100000,0.311,292
identity_r3,cancel,100000,0.312,292
identity_r3,cancel,100000,0.313,292
identity_r3,cancel,100000,0.314,292
identity_r3,cancel,100000,0.315,292
identity_r3,cancel,100000,0.316,292
identity_r3,cancel,100000,0.317,292
identity_r3,cancel,100000,0.318,292
identity_r3,cancel,100000,0.319,292
identity_r3,cancel,100000,0.32,292
identity_r3,cancel,100000,0.321,292
identity_r3,cancel,100000,0.322,292
identity_r3,cancel,100000,0.323,292
identity_r3,cancel,100000,0.324,292
identity_r3,cancel,100000,0.325,292
identity_r3,cancel,100000,0.326,292
identity_r3,cancel,100000,0.327,292
identity_r3,cancel,100000,0.328,292
identity_r3,cancel,100000,0.329,292
identity_r3,cancel,100000,0.33,292
identity_r3,cancel,100000,0.331,292
identity_r3,cancel,100000,0.332,292
identity_r3,cancel,100000,0.333,292
identity_r3,cancel,100000,0.334,292
identity_r3,cancel,100000,0.335,292
identity_r3,cancel,100000,0.336,292
identity_r3,cancel,100000,0.337,292
identity_r3,cancel,100000,0.338,292
identity_r3,cancel,100000,0.339,292
identity_r3,cancel,100000,0.34,292
identity_r3,cancel,100000,0.341,292
identity_r3,cancel,100000,0.342,292
identity_r3,cancel,100000,0.343,292
identity_r3,cancel,100000,0.344,292
identity_r3,cancel,100000,0.345,292
identity_r3,cancel,100000,0.346,292
identity_r3,cancel,100000,0.347,333
identity_r3,cancel,100000,0.348,333
identity_r3,cancel,100000,0.349,333
identity_r3,cancel,100000,0.35,333
identity_r3,cancel,100000,0.351,333
identity_r3,cancel,100000,0.352,333
identity_r3,cancel,100000,0.353,333
identity_r3,cancel,100000,0.354,333
identity_r3,cancel,100000,0.355,333
identity_r3,cancel,100000,0.356,333
identity_r3,cancel,100000,0.357,333
identity_r3,cancel,100000,0.358,333
identity_r3,cancel,100000,0.359,333
identity_r3,cancel,100000,0.36,333
identity_r3,cancel,100000,0.361,333
identity_r3,cancel,100000,0.362,333
identity_r3,cancel,100000,0.363,333
identity_r3,cancel,100000,0.364,333
identity_r3,cancel,100000,0.365,333
identity_r3,cancel,100000,0.366,333
identity_r3,cancel,100000,0.367,333
identity_r3,cancel,100000,0.368,333
identity_r3,cancel,100000,0.369,333
identity_r3,cancel,100000,0.37,333
identity_r3,cancel,100000,0.371,333
identity_r3,cancel,100000,0.372,333
identity_r3,cancel,100000,0.373,333
identity_r3,cancel,100000,0.374,333
identity_r3,cancel,100000,0.375,333
identity_r3,cancel,100000,0.376,333
identity_r3,cancel,100000,0.377,333
identity_r3,cancel,100000,0.378,333
identity_r3,cancel,100000,0.379,333
identity_r3,cancel,100000,0.38,333
identity_r3,cancel,100000,0.381,333
identity_r3,cancel,100000,0.382,333
identity_r3,cancel,100000,0.383,333
identity_r3,cancel,100000,0.384,333
identity_r3,cancel,100000,0.385,333
identity_r3,cancel,100000,0.386,333
identity_r3,cancel,100000,0.387,333
identity_r3,cancel,100000,0.388,333
identity_r3,cancel,100000,0.389,333
identity_r3,cancel,100000,0.39,333
identity_r3,cancel,100000,0.391,333
identity_r3,cancel,100000,0.392,333
identity_r3,cancel,100000,0.393,333
identity_r3,cancel,100000,0.394,333
identity_r3,cancel,100000,0.395,333
identity_r3,cancel,100000,0.396,333
identity_r3,cancel,100000,0.397,333
identity_r3,cancel,100000,0.398,333
identity_r3,cancel,100000,0.399,333
identity_r3,cancel,100000,0.4,333
identity_r3,cancel,100000,0.401,333
identity_r3,cancel,100000,0.402,333
identity_r3,cancel,100000,0.403,333
identity_r3,cancel,100000,0.404,333
identity_r3,cancel,100000,0.405,333
identity_r3,cancel,100000,0.406,333
identity_r3,cancel,100000,0.407,333
identity_r3,cancel,100000,0.408,333
identity_r3,cancel,100000,0.409,333
identity_r3,cancel,100000,0.41,333
identity_r3,cancel,100000,0.411,333
identity_r3,cancel,100000,0.412,333
identity_r3,cancel,100000,0.413,333
identity_r3,cancel,100000,0.414,333
identity_r3,cancel,100000,0.415,333
identity_r3,cancel,100000,0.416,333
identity_r3,cancel,100000,0.417,333
identity_r3,cancel,100000,0.418,333
identity_r3,cancel,100000,0.419,333
identity_r3,cancel,100000,0.42,333
identity_r3,cancel,100000,0.421,333
identity_r3,cancel,100000,0.422,333
identity_r3,cancel,100000,0.423,333
identity_r3,cancel,100000,0.424,333
identity_r3,cancel,100000,0.425,333
identity_r3,cancel,100000,0.426,333
identity_r3,cancel,100000,0.427,333
identity_r3,cancel,100000,0.428,333
identity_r3,cancel,100000,0.429,334
identity_r3,cancel,100000,0.43,334
identity_r3,cancel,100000,0.431,334
identity_r3,cancel,100000,0.432,334
identity_r3,cancel,100000,0.433,334
identity_r3,cancel,100000,0.434,334
identity_r3,cancel,100000,0.435,334
identity_r3,cancel,100000,0.436,334
identity_r3,cancel,100000,0.437,334
identity_r3,cancel,100000,0.438,334
identity_r3,cancel,100000,0.439,334
identity_r3,cancel,100000,0.44,334
identity_r3,cancel,100000,0.441,334
identity_r3,cancel,100000,0.442,334
identity_r3,cancel,100000,0.443,334
identity_r3,cancel,100000,0.444,334
identity_r3,cancel,100000,0.445,334
identity_r3,cancel,100000,0.446,334
identity_r3,cancel,100000,0.447,334
identity_r3,cancel,100000,0.448,334
identity_r3,cancel,100000,0.449,334
identity_r3,cancel,100000,0.45,334
identity_r3,cancel,100000,0.451,334
identity_r3,cancel,100000,0.452,334
identity_r3,cancel,100000,0.453,334
identity_r3,cancel,100000,0.454,334
identity_r3,cancel,100000,0.455,334
identity_r3,cancel,100000,0.456,334
identity_r3,cancel,100000,0.457,334
identity_r3,cancel,100000,0.458,334
identity_r3,cancel,100000,0.459,334
identity_r3,cancel,100000,0.46,334
identity_r3,cancel,100000,0.461,334
identity_r3,cancel,100000,0.462,334
identity_r3,cancel,100000,0.463,334
identity_r3,cancel,100000,0.464,334
identity_r3,cancel,100000,0.465,334
identity_r3,cancel,100000,0.466,334
identity_r3,cancel,100000,0.467,334
identity_r3,cancel,100000,0.468,334
identity_r3,cancel,100000,0.469,375
identity_r3,cancel,100000,0.47,375
identity_r3,cancel,100000,0.471,375
identity_r3,cancel,100000,0.472,375
identity_r3,cancel,100000,0.473,375
identity_r3,cancel,100000,0.474,375
identity_r3,cancel,100000,0.475,375
identity_r3,cancel,100000,0.476,375
identity_r3,cancel,100000,0.477,375
identity_r3,cancel,100000,0.478,375
identity_r3,cancel,100000,0.479,375
identity_r3,cancel,100000,0.48,375
identity_r3,cancel,100000,0.481,375
identity_r3,cancel,100000,0.482,375
identity_r3,cancel,100000,0.483,375
identity_r3,cancel,100000,0.484,375
identity_r3,cancel,100000,0.485,375
identity_r3,cancel,100000,0.486,375
identity_r3,cancel,100000,0.487,375
identity_r3,cancel,100000,0.488,375
identity_r3,cancel,100000,0.489,375
identity_r3,cancel,100000,0.49,375
identity_r3,cancel,100000,0.491,375
identity_r3,cancel,100000,0.492,375
identity_r3,cancel,100000,0.493,375
identity_r3,cancel,100000,0.494,375
identity_r3,cancel,100000,0.495,375
identity_r3,cancel,100000,0.496,375
identity_r3,cancel,100000,0.497,375
identity_r3,cancel,100000,0.498,375
identity_r3,cancel,100000,0.499,375
identity_r3,cancel,100000,0.5,375
identity_r3,cancel,100000,0.501,375
identity_r3,cancel,100000,0.502,375
identity_r3,cancel,100000,0.503,375
identity_r3,cancel,100000,0.504,375
identity_r3,cancel,100000,0.505,375
identity_r3,cancel,100000,0.506,375
identity_r3,cancel,100000,0.507,375
identity_r3,cancel,100000,0.508,375
identity_r3,cancel,100000,0.509,375
identity_r3,cancel,100000,0.51,375
identity_r3,cancel,100000,0.511,375
identity_r3,cancel,100000,0.512,375
identity_r3,cancel,100000,0.513,375
identity_r3,cancel,100000,0.514,375
identity_r3,cancel,100000,0.515,375
identity_r3,cancel,100000,0.516,375
identity_r3,cancel,100000,0.517,375
identity_r3,cancel,100000,0.518,375
identity_r3,cancel,100000,0.519,375
identity_r3,cancel,100000,0.52,375
identity_r3,cancel,100000,0.521,375
identity_r3,cancel,100000,0.522,375
identity_r3,cancel,100000,0.523,375
identity_r3,cancel,100000,0.524,375
identity_r3,cancel,100000,0.525,375
identity_r3,cancel,100000,0.526,375
identity_r3,cancel,100000,0.527,375
identity_r3,cancel,100000,0.528,375
identity_r3,cancel,100000,0.529,375
identity_r3,cancel,100000,0.53,375
identity_r3,cancel,100000,0.531,375
identity_r3,cancel,100000,0.532,375
identity_r3,cancel,100000,0.533,375
identity_r3,cancel,100000,0.534,375
identity_r3,cancel,100000,0.535,375
identity_r3,cancel,100000,0.536,375
identity_r3,cancel,100000,0.537,375
identity_r3,cancel,100000,0.538,375
identity_r3,cancel,100000,0.539,375
identity_r3,cancel,100000,0.54,375
identity_r3,cancel,100000,0.541,375
identity_r3,cancel,100000,0.542,375
identity_r3,cancel,100000,0.543,375
identity_r3,cancel,100000,0.544,375
identity_r3,cancel,100000,0.545,375
identity_r3,cancel,100000,0.546,375
identity_r3,cancel,100000,0.547,375
identity_r3,cancel,100000,0.548,375
identity_r3,cancel,100000,0.549,375
identity_r3,cancel,100000,0.55,375
identity_r3,cancel,100000,0.551,375
identity_r3,cancel,100000,0.552,375
identity_r3,cancel,100000,0.553,375
identity_r3,cancel,100000,0.554,375
identity_r3,cancel,100000,0.555,375
identity_r3,cancel,100000,0.556,375
identity_r3,cancel,100000,0.557,375
identity_r3,cancel,100000,0.558,375
identity_r3,cancel,100000,0.559,375
identity_r3,cancel,100000,0.56,375
identity_r3,cancel,100000,0.561,375
identity_r3,cancel,100000,0.562,375
identity_r3,cancel,100000,0.563,375
identity_r3,cancel,100000,0.564,375
identity_r3,cancel,100000,0.565,375
identity_r3,cancel,100000,0.566,375
identity_r3,cancel,100000,0.567,375
identity_r3,cancel,100000,0.568,375
identity_r3,cancel,100000,0.569,375
identity_r3,cancel,100000,0.57,375
identity_r3,cancel,100000,0.571,375
identity_r3,cancel,100000,0.572,375
identity_r3,cancel,100000,0.573,375
identity_r3,cancel,100000,0.574,375
identity_r3,cancel,100000,0.575,375
identity_r3,cancel,100000,0.576,375
identity_r3,cancel,100000,0.577,375
identity_r3,cancel,100000,0.578,375
identity_r3,cancel,100000,0.579,375
identity_r3,cancel,100000,0.58,375
identity_r3,cancel,100000,0.581,375
identity_r3,cancel,100000,0.582,375
identity_r3,cancel,100000,0.583,375
identity_r3,cancel,100000,0.584,375
identity_r3,cancel,100000,0.585,375
identity_r3,cancel,100000,0.586,375
identity_r3,cancel,100000,0.587,375
identity_r3,cancel,100000,0.588,375
identity_r3,cancel,100000,0.589,416
identity_r3,cancel,100000,0.59,416
identity_r3,cancel,100000,0.591,416
identity_r3,cancel,100000,0.592,416
identity_r3,cancel,100000,0.593,416
identity_r3,cancel,100000,0.594,416
identity_r3,cancel,100000,0.595,416
identity_r3,cancel,100000,0.596,416
identity_r3,cancel,100000,0.597,416
identity_r3,cancel,100000,0.598,416
identity_r3,cancel,100000,0.599,416
identity_r3,cancel,100000,0.6,416
identity_r3,cancel,100000,0.601,416
identity_r3,cancel,100000,0.602,416
identity_r3,cancel,100000,0.603,416
identity_r3,cancel,100000,0.604,416
identity_r3,cancel,100000,0.605,416
identity_r3,cancel,100000,0.606,416
identity_r3,cancel,100000,0.607,416
identity_r3,cancel,100000,0.608,416
identity_r3,cancel,100000,0.609,416
identity_r3,cancel,100000,0.61,416
identity_r3,cancel,100000,0.611,416
identity_r3,cancel,100000,0.612,416
identity_r3,cancel,100000,0.613,416
identity_r3,cancel,100000,0.614,416
identity_r3,cancel,100000,0.615,416
identity_r3,cancel,100000,0.616,416
identity_r3,cancel,100000,0.617,416
identity_r3,cancel,100000,0.618,416
identity_r3,cancel,100000,0.619,417
identity_r3,cancel,100000,0.62,417
identity_r3,cancel,100000,0.621,417
identity_r3,cancel,100000,0.622,417
identity_r3,cancel,100000,0.623,417
identity_r3,cancel,100000,0.624,417
identity_r3,cancel,100000,0.625,417
identity_r3,cancel,100000,0.626,417
identity_r3,cancel,100000,0.627,417
identity_r3,cancel,100000,0.628,417
identity_r3,cancel,100000,0.629,417
identity_r3,cancel,100000,0.63,417
identity_r3,cancel,100000,0.631,417
identity_r3,cancel,100000,0.632,417
identity_r3,cancel,100000,0.633,417
identity_r3,cancel,100000,0.634,417
identity_r3,cancel,100000,0.635,417
identity_r3,cancel,100000,0.636,417
identity_r3,cancel,100000,0.637,417
identity_r3,cancel,100000,0.638,417
identity_r3,cancel,100000,0.639,417
identity_r3,cancel,100000,0.64,417
identity_r3,cancel,100000,0.641,417
identity_r3,cancel,100000,0.642,417
identity_r3,cancel,100000,0.643,417
identity_r3,cancel,100000,0.644,417
identity_r3,cancel,100000,0.645,417
identity_r3,cancel,100000,0.646,417
identity_r3,cancel,100000,0.647,417
identity_r3,cancel,100000,0.648,417
identity_r3,cancel,100000,0.649,417
identity_r3,cancel,100000,0.65,417
identity_r3,cancel,100000,0.651,417
identity_r3,cancel,100000,0.652,417
identity_r3,cancel,100000,0.653,417
identity_r3,cancel,100000,0.654,417
identity_r3,cancel,100000,0.655,417
identity_r3,cancel,100000,0.656,417
identity_r3,cancel,100000,0.657,417
identity_r3,cancel,100000,0.658,417
identity_r3,cancel,100000,0.659,417
identity_r3,cancel,100000,0.66,417
identity_r3,cancel,100000,0.661,417
identity_r3,cancel,100000,0.662,417
identity_r3,cancel,100000,0.663,417
identity_r3,cancel,100000,0.664,417
identity_r3,cancel,100000,0.665,417
identity_r3,cancel,100000,0.666,417
identity_r3,cancel,100000,0.667,417
identity_r3,cancel,100000,0.668,417
identity_r3,cancel,100000,0.669,417
identity_r3,cancel,100000,0.67,417
identity_r3,cancel,100000,0.671,417
identity_r3,cancel,100000,0.672,417
identity_r3,cancel,100000,0.673,417
identity_r3,cancel,100000,0.674,417
identity_r3,cancel,100000,0.675,417
identity_r3,cancel,100000,0.676,417
identity_r3,cancel,100000,0.677,417
identity_r3,cancel,100000,0.678,417
identity_r3,cancel,100000,0.679,417
identity_r3,cancel,100000,0.68,458
identity_r3,cancel,100000,0.681,458
identity_r3,cancel,100000,0.682,458
identity_r3,cancel,100000,0.683,458
identity_r3,cancel,100000,0.684,458
identity_r3,cancel,100000,0.685,458
identity_r3,cancel,100000,0.686,458
identity_r3,cancel,100000,0.687,458
identity_r3,cancel,100000,0.688,458
identity_r3,cancel,100000,0.689,458
identity_r3,cancel,100000,0.69,458
identity_r3,cancel,100000,0.691,458
identity_r3,cancel,100000,0.692,458
identity_r3,cancel,100000,0.693,458
identity_r3,cancel,100000,0.694,458
identity_r3,cancel,100000,0.695,458
identity_r3,cancel,100000,0.696,458
identity_r3,cancel,100000,0.697,458
identity_r3,cancel,100000,0.698,458
identity_r3,cancel,100000,0.699,458
identity_r3,cancel,100000,0.7,458
identity_r3,cancel,100000,0.701,458
identity_r3,cancel,100000,0.702,458
identity_r3,cancel,100000,0.703,458
identity_r3,cancel,100000,0.704,458
identity_r3,cancel,100000,0.705,458
identity_r3,cancel,100000,0.706,458
identity_r3,cancel,100000,0.707,458
identity_r3,cancel,100000,0.708,458
identity_r3,cancel,100000,0.709,458
identity_r3,cancel,100000,0.71,458
identity_r3,cancel,100000,0.711,458
identity_r3,cancel,100000,0.712,458
identity_r3,cancel,100000,0.713,458
identity_r3,cancel,100000,0.714,458
identity_r3,cancel,100000,0.715,458
identity_r3,cancel,100000,0.716,458
identity_r3,cancel,100000,0.717,458
identity_r3,cancel,100000,0.718,458
identity_r3,cancel,100000,0.719,458
identity_r3,cancel,100000,0.72,458
identity_r3,cancel,100000,0.721,458
identity_r3,cancel,100000,0.722,458
identity_r3,cancel,100000,0.723,458
identity_r3,cancel,100000,0.724,458
identity_r3,cancel,100000,0.725,458
identity_r3,cancel,100000,0.726,458
identity_r3,cancel,100000,0.727,459
identity_r3,cancel,100000,0.728,459
identity_r3,cancel,100000,0.729,459
identity_r3,cancel,100000,0.73,459
identity_r3,cancel,100000,0.731,459
identity_r3,cancel,100000,0.732,459
identity_r3,cancel,100000,0.733,459
identity_r3,cancel,100000,0.734,459
identity_r3,cancel,100000,0.735,459
identity_r3,cancel,100000,0.736,459
identity_r3,cancel,100000,0.737,459
identity_r3,cancel,100000,0.738,459
identity_r3,cancel,100000,0.739,459
identity_r3,cancel,100000,0.74,459
identity_r3,cancel,100000,0.741,459
identity_r3,cancel,100000,0.742,459
identity_r3,cancel,100000,0.743,459
identity_r3,cancel,100000,0.744,459
identity_r3,cancel,100000,0.745,459
identity_r3,cancel,100000,0.746,459
identity_r3,cancel,100000,0.747,459
identity_r3,cancel,100000,0.748,459
identity_r3,cancel,100000,0.749,459
identity_r3,cancel,100000,0.75,500
identity_r3,cancel,100000,0.751,500
identity_r3,cancel,100000,0.752,500
identity_r3,cancel,100000,0.753,500
identity_r3,cancel,100000,0.754,500
identity_r3,cancel,100000,0.755,500
identity_r3,cancel,100000,0.756,500
identity_r3,cancel,100000,0.757,500
identity_r3,cancel,100000,0.758,500
identity_r3,cancel,100000,0.759,500
identity_r3,cancel,100000,0.76,500
identity_r3,cancel,100000,0.761,500
identity_r3,cancel,100000,0.762,500
identity_r3,cancel,100000,0.763,500
identity_r3,cancel,100000,0.764,500
identity_r3,cancel,100000,0.765,500
identity_r3,cancel,100000,0.766,500
identity_r3,cancel,100000,0.767,500
identity_r3,cancel,100000,0.768,500
identity_r3,cancel,100000,0.769,500
identity_r3,cancel,100000,0.77,500
identity_r3,cancel,100000,0.771,500
identity_r3,cancel,100000,0.772,500
identity_r3,cancel,100000,0.773,500
identity_r3,cancel,100000,0.774,500
identity_r3,cancel,100000,0.775,500
identity_r3,cancel,100000,0.776,500
identity_r3,cancel,100000,0.777,500
identity_r3,cancel,100000,0.778,500
identity_r3,cancel,100000,0.779,500
identity_r3,cancel,100000,0.78,500
identity_r3,cancel,100000,0.781,500
identity_r3,cancel,100000,0.782,500
identity_r3,cancel,100000,0.783,500
identity_r3,cancel,100000,0.784,500
identity_r3,cancel,100000,0.785,500
identity_r3,cancel,100000,0.786,500
identity_r3,cancel,100000,0.787,500
identity_r3,cancel,100000,0.788,500
identity_r3,cancel,100000,0.789,500
identity_r3,cancel,100000,0.79,500
identity_r3,cancel,100000,0.791,500
identity_r3,cancel,100000,0.792,500
identity_r3,cancel,100000,0.793,500
identity_r3,cancel,100000,0.794,500
identity_r3,cancel,100000,0.795,500
identity_r3,cancel,100000,0.796,500
identity_r3,cancel,100000,0.797,500
identity_r3,cancel,100000,0.798,500
identity_r3,cancel,100000,0.799,500
identity_r3,cancel,100000,0.8,500
identity_r3,cancel,100000,0.801,500
identity_r3,cancel,100000,0.802,541
identity_r3,cancel,100000,0.803,541
identity_r3,cancel,100000,0.804,541
identity_r3,cancel,100000,0.805,541
identity_r3,cancel,100000,0.806,541
identity_r3,cancel,100000,0.807,541
identity_r3,cancel,100000,0.808,541
identity_r3,cancel,100000,0.809,541
identity_r3,cancel,100000,0.81,541
identity_r3,cancel,100000,0.811,541
identity_r3,cancel,100000,0.812,541
identity_r3,cancel,100000,0.813,541
identity_r3,cancel,100000,0.814,541
identity_r3,cancel,100000,0.815,542
identity_r3,cancel,100000,0.816,542
identity_r3,cancel,100000,0.817,542
identity_r3,cancel,100000,0.818,542
identity_r3,cancel,100000,0.819,542
identity_r3,cancel,100000,0.82,542
identity_r3,cancel,100000,0.821,542
identity_r3,cancel,100000,0.822,542
identity_r3,cancel,100000,0.823,542
identity_r3,cancel,100000,0.824,542
identity_r3,cancel,100000,0.825,542
identity_r3,cancel,100000,0.826,542
identity_r3,cancel,100000,0.827,542
identity_r3,cancel,100000,0.828,542
identity_r3,cancel,100000,0.829,542
identity_r3,cancel,100000,0.83,542
identity_r3,cancel,100000,0.831,542
identity_r3,cancel,100000,0.832,542
identity_r3,cancel,100000,0.833,542
identity_r3,cancel,100000,0.834,542
identity_r3,cancel,100000,0.835,542
identity_r3,cancel,100000,0.836,542
identity_r3,cancel,100000,0.837,542
identity_r3,cancel,100000,0.838,542
identity_r3,cancel,100000,0.839,542
identity_r3,cancel,100000,0.84,542
identity_r3,cancel,100000,0.841,583
identity_r3,cancel,100000,0.842,583
identity_r3,cancel,100000,0.843,583
identity_r3,cancel,100000,0.844,583
identity_r3,cancel,100000,0.845,583
identity_r3,cancel,100000,0.846,583
identity_r3,cancel,100000,0.847,583
identity_r3,cancel,100000,0.848,583
identity_r3,cancel,100000,0.849,583
identity_r3,cancel,100000,0.85,583
identity_r3,cancel,100000,0.851,583
identity_r3,cancel,100000,0.852,583
identity_r3,cancel,100000,0.853,583
identity_r3,cancel,100000,0.854,583
identity_r3,cancel,100000,0.855,583
identity_r3,cancel,100000,0.856,583
identity_r3,cancel,100000,0.857,583
identity_r3,cancel,100000,0.858,583
identity_r3,cancel,100000,0.859,583
identity_r3,cancel,100000,0.86,583
identity_r3,cancel,100000,0.861,584
identity_r3,cancel,100000,0.862,584
identity_r3,cancel,100000,0.863,584
identity_r3,cancel,100000,0.864,584
identity_r3,cancel,100000,0.865,584
identity_r3,cancel,100000,0.866,584
identity_r3,cancel,100000,0.867,584
identity_r3,cancel,100000,0.868,584
identity_r3,cancel,100000,0.869,584
identity_r3,cancel,100000,0.87,584
identity_r3,cancel,100000,0.871,625
identity_r3,cancel,100000,0.872,625
identity_r3,cancel,100000,0.873,625
identity_r3,cancel,100000,0.874,625
identity_r3,cancel,100000,0.875,625
identity_r3,cancel,100000,0.876,625
identity_r3,cancel,100000,0.877,625
identity_r3,cancel,100000,0.878,625
identity_r3,cancel,100000,0.879,625
identity_r3,cancel,100000,0.88,625
identity_r3,cancel,100000,0.881,625
identity_r3,cancel,100000,0.882,625
identity_r3,cancel,100000,0.883,625
identity_r3,cancel,100000,0.884,625
identity_r3,cancel,100000,0.885,625
identity_r3,cancel,100000,0.886,625
identity_r3,cancel,100000,0.887,625
identity_r3,cancel,100000,0.888,625
identity_r3,cancel,100000,0.889,625
identity_r3,cancel,100000,0.89,625
identity_r3,cancel,100000,0.891,625
identity_r3,cancel,100000,0.892,625
identity_r3,cancel,100000,0.893,625
identity_r3,cancel,100000,0.894,625
identity_r3,cancel,100000,0.895,666
identity_r3,cancel,100000,0.896,666
identity_r3,cancel,100000,0.897,666
identity_r3,cancel,100000,0.898,666
identity_r3,cancel,100000,0.899,666
identity_r3,cancel,100000,0.9,666
identity_r3,cancel,100000,0.901,667
identity_r3,cancel,100000,0.902,667
identity_r3,cancel,100000,0.903,667
identity_r3,cancel,100000,0.904,667
identity_r3,cancel,100000,0.905,667
identity_r3,cancel,100000,0.906,667
identity_r3,cancel,100000,0.907,667
identity_r3,cancel,100000,0.908,667
identity_r3,cancel,100000,0.909,667
identity_r3,cancel,100000,0.91,667
identity_r3,cancel,100000,0.911,667
identity_r3,cancel,100000,0.912,667
identity_r3,cancel,100000,0.913,667
identity_r3,cancel,100000,0.914,708
identity_r3,cancel,100000,0.915,708
identity_r3,cancel,100000,0.916,708
identity_r3,cancel,100000,0.917,708
identity_r3,cancel,100000,0.918,708
identity_r3,cancel,100000,0.919,708
identity_r3,cancel,100000,0.92,708
identity_r3,cancel,100000,0.921,708
identity_r3,cancel,100000,0.922,708
identity_r3,cancel,100000,0.923,708
identity_r3,cancel,100000,0.924,709
identity_r3,cancel,100000,0.925,709
identity_r3,cancel,100000,0.926,709
identity_r3,cancel,100000,0.927,709
identity_r3,cancel,100000,0.928,709
identity_r3,cancel,100000,0.929,750
identity_r3,cancel,100000,0.93,750
identity_r3,cancel,100000,0.931,750
identity_r3,cancel,100000,0.932,750
identity_r3,cancel,100000,0.933,750
identity_r3,cancel,100000,0.934,750
identity_r3,cancel,100000,0.935,750
identity_r3,cancel,100000,0.936,750
identity_r3,cancel,100000,0.937,750
identity_r3,cancel,100000,0.938,750
identity_r3,cancel,100000,0.939,750
identity_r3,cancel,100000,0.94,750
identity_r3,cancel,100000,0.941,791
identity_r3,cancel,100000,0.942,791
identity_r3,cancel,100000,0.943,791
identity_r3,cancel,100000,0.944,791
identity_r3,cancel,100000,0.945,792
identity_r3,cancel,100000,0.946,792
identity_r3,cancel,100000,0.947,792
identity_r3,cancel,100000,0.948,792
identity_r3,cancel,100000,0.949,792
identity_r3,cancel,100000,0.95,792
identity_r3,cancel,100000,0.951,833
identity_r3,cancel,100000,0.952,833
identity_r3,cancel,100000,0.953,833
identity_r3,cancel,100000,0.954,833
identity_r3,cancel,100000,0.955,833
identity_r3,cancel,100000,0.956,834
identity_r3,cancel,100000,0.957,834
identity_r3,cancel,100000,0.958,834
identity_r3,cancel,100000,0.959,875
identity_r3,cancel,100000,0.96,875
identity_r3,cancel,100000,0.961,875
identity_r3,cancel,100000,0.962,875
identity_r3,cancel,100000,0.963,875
identity_r3,cancel,100000,0.964,875
identity_r3,cancel,100000,0.965,916
identity_r3,cancel,100000,0.966,916
identity_r3,cancel,100000,0.967,917
identity_r3,cancel,100000,0.968,917
identity_r3,cancel,100000,0.969,917
identity_r3,cancel,100000,0.97,917
identity_r3,cancel,100000,0.971,958
identity_r3,cancel,100000,0.972,958
identity_r3,cancel,100000,0.973,958
identity_r3,cancel,100000,0.974,959
identity_r3,cancel,100000,0.975,1000
identity_r3,cancel,100000,0.976,1000
identity_r3,cancel,100000,0.977,1000
identity_r3,cancel,100000,0.978,1000
identity_r3,cancel,100000,0.979,1041
identity_r3,cancel,100000,0.98,1042
identity_r3,cancel,100000,0.981,1042
identity_r3,cancel,100000,0.982,1083
identity_r3,cancel,100000,0.983,1083
identity_r3,cancel,100000,0.984,1084
identity_r3,cancel,100000,0.985,1125
identity_r3,cancel,100000,0.986,1125
identity_r3,cancel,100000,0.987,1125
identity_r3,cancel,100000,0.988,1167
identity_r3,cancel,100000,0.989,1167
identity_r3,cancel,100000,0.99,1208
identity_r3,cancel,100000,0.991,1250
identity_r3,cancel,100000,0.992,1250
identity_r3,cancel,100000,0.993,1292
identity_r3,cancel,100000,0.994,1333
identity_r3,cancel,100000,0.995,1375
identity_r3,cancel,100000,0.996,1458
identity_r3,cancel,100000,0.997,1542
identity_r3,cancel,100000,0.998,1708
identity_r3,cancel,100000,0.999,2000
identity_r3,match,100000,0,0
identity_r3,match,100000,0.001,0
identity_r3,match,100000,0.002,0
identity_r3,match,100000,0.003,0
identity_r3,match,100000,0.004,0
identity_r3,match,100000,0.005,0
identity_r3,match,100000,0.006,0
identity_r3,match,100000,0.007,0
identity_r3,match,100000,0.008,0
identity_r3,match,100000,0.009,0
identity_r3,match,100000,0.01,0
identity_r3,match,100000,0.011,0
identity_r3,match,100000,0.012,0
identity_r3,match,100000,0.013,0
identity_r3,match,100000,0.014,0
identity_r3,match,100000,0.015,0
identity_r3,match,100000,0.016,41
identity_r3,match,100000,0.017,41
identity_r3,match,100000,0.018,41
identity_r3,match,100000,0.019,41
identity_r3,match,100000,0.02,41
identity_r3,match,100000,0.021,41
identity_r3,match,100000,0.022,41
identity_r3,match,100000,0.023,41
identity_r3,match,100000,0.024,41
identity_r3,match,100000,0.025,41
identity_r3,match,100000,0.026,41
identity_r3,match,100000,0.027,41
identity_r3,match,100000,0.028,41
identity_r3,match,100000,0.029,41
identity_r3,match,100000,0.03,41
identity_r3,match,100000,0.031,41
identity_r3,match,100000,0.032,41
identity_r3,match,100000,0.033,41
identity_r3,match,100000,0.034,41
identity_r3,match,100000,0.035,41
identity_r3,match,100000,0.036,41
identity_r3,match,100000,0.037,41
identity_r3,match,100000,0.038,41
identity_r3,match,100000,0.039,41
identity_r3,match,100000,0.04,41
identity_r3,match,100000,0.041,41
identity_r3,match,100000,0.042,41
identity_r3,match,100000,0.043,41
identity_r3,match,100000,0.044,41
identity_r3,match,100000,0.045,41
identity_r3,match,100000,0.046,41
identity_r3,match,100000,0.047,41
identity_r3,match,100000,0.048,41
identity_r3,match,100000,0.049,41
identity_r3,match,100000,0.05,41
identity_r3,match,100000,0.051,41
identity_r3,match,100000,0.052,41
identity_r3,match,100000,0.053,41
identity_r3,match,100000,0.054,41
identity_r3,match,100000,0.055,41
identity_r3,match,100000,0.056,41
identity_r3,match,100000,0.057,41
identity_r3,match,100000,0.058,41
identity_r3,match,100000,0.059,41
identity_r3,match,100000,0.06,41
identity_r3,match,100000,0.061,41
identity_r3,match,100000,0.062,41
identity_r3,match,100000,0.063,41
identity_r3,match,100000,0.064,41
identity_r3,match,100000,0.065,41
identity_r3,match,100000,0.066,41
identity_r3,match,100000,0.067,41
identity_r3,match,100000,0.068,41
identity_r3,match,100000,0.069,41
identity_r3,match,100000,0.07,41
identity_r3,match,100000,0.071,41
identity_r3,match,100000,0.072,41
identity_r3,match,100000,0.073,41
identity_r3,match,100000,0.074,41
identity_r3,match,100000,0.075,41
identity_r3,match,100000,0.076,41
identity_r3,match,100000,0.077,41
identity_r3,match,100000,0.078,41
identity_r3,match,100000,0.079,41
identity_r3,match,100000,0.08,41
identity_r3,match,100000,0.081,41
identity_r3,match,100000,0.082,41
identity_r3,match,100000,0.083,41
identity_r3,match,100000,0.084,41
identity_r3,match,100000,0.085,41
identity_r3,match,100000,0.086,41
identity_r3,match,100000,0.087,41
identity_r3,match,100000,0.088,41
identity_r3,match,100000,0.089,41
identity_r3,match,100000,0.09,41
identity_r3,match,100000,0.091,41
identity_r3,match,100000,0.092,41
identity_r3,match,100000,0.093,41
identity_r3,match,100000,0.094,41
identity_r3,match,100000,0.095,41
identity_r3,match,100000,0.096,41
identity_r3,match,100000,0.097,41
identity_r3,match,100000,0.098,41
identity_r3,match,100000,0.099,41
identity_r3,match,100000,0.1,41
identity_r3,match,100000,0.101,41
identity_r3,match,100000,0.102,41
identity_r3,match,100000,0.103,41
identity_r3,match,100000,0.104,41
identity_r3,match,100000,0.105,41
identity_r3,match,100000,0.106,41
identity_r3,match,100000,0.107,41
identity_r3,match,100000,0.108,41
identity_r3,match,100000,0.109,41
identity_r3,match,100000,0.11,41
identity_r3,match,100000,0.111,41
identity_r3,match,100000,0.112,41
identity_r3,match,100000,0.113,41
identity_r3,match,100000,0.114,41
identity_r3,match,100000,0.115,41
identity_r3,match,100000,0.116,41
identity_r3,match,100000,0.117,41
identity_r3,match,100000,0.118,41
identity_r3,match,100000,0.119,41
identity_r3,match,100000,0.12,41
identity_r3,match,100000,0.121,41
identity_r3,match,100000,0.122,41
identity_r3,match,100000,0.123,41
identity_r3,match,100000,0.124,41
identity_r3,match,100000,0.125,41
identity_r3,match,100000,0.126,41
identity_r3,match,100000,0.127,41
identity_r3,match,100000,0.128,41
identity_r3,match,100000,0.129,41
identity_r3,match,100000,0.13,41
identity_r3,match,100000,0.131,41
identity_r3,match,100000,0.132,41
identity_r3,match,100000,0.133,41
identity_r3,match,100000,0.134,41
identity_r3,match,100000,0.135,41
identity_r3,match,100000,0.136,41
identity_r3,match,100000,0.137,41
identity_r3,match,100000,0.138,41
identity_r3,match,100000,0.139,41
identity_r3,match,100000,0.14,41
identity_r3,match,100000,0.141,41
identity_r3,match,100000,0.142,41
identity_r3,match,100000,0.143,41
identity_r3,match,100000,0.144,41
identity_r3,match,100000,0.145,41
identity_r3,match,100000,0.146,41
identity_r3,match,100000,0.147,41
identity_r3,match,100000,0.148,41
identity_r3,match,100000,0.149,41
identity_r3,match,100000,0.15,41
identity_r3,match,100000,0.151,41
identity_r3,match,100000,0.152,41
identity_r3,match,100000,0.153,41
identity_r3,match,100000,0.154,41
identity_r3,match,100000,0.155,41
identity_r3,match,100000,0.156,41
identity_r3,match,100000,0.157,41
identity_r3,match,100000,0.158,41
identity_r3,match,100000,0.159,41
identity_r3,match,100000,0.16,41
identity_r3,match,100000,0.161,41
identity_r3,match,100000,0.162,41
identity_r3,match,100000,0.163,41
identity_r3,match,100000,0.164,41
identity_r3,match,100000,0.165,41
identity_r3,match,100000,0.166,41
identity_r3,match,100000,0.167,41
identity_r3,match,100000,0.168,41
identity_r3,match,100000,0.169,41
identity_r3,match,100000,0.17,41
identity_r3,match,100000,0.171,41
identity_r3,match,100000,0.172,41
identity_r3,match,100000,0.173,41
identity_r3,match,100000,0.174,41
identity_r3,match,100000,0.175,41
identity_r3,match,100000,0.176,41
identity_r3,match,100000,0.177,41
identity_r3,match,100000,0.178,41
identity_r3,match,100000,0.179,41
identity_r3,match,100000,0.18,41
identity_r3,match,100000,0.181,41
identity_r3,match,100000,0.182,41
identity_r3,match,100000,0.183,41
identity_r3,match,100000,0.184,41
identity_r3,match,100000,0.185,41
identity_r3,match,100000,0.186,41
identity_r3,match,100000,0.187,42
identity_r3,match,100000,0.188,42
identity_r3,match,100000,0.189,42
identity_r3,match,100000,0.19,42
identity_r3,match,100000,0.191,42
identity_r3,match,100000,0.192,42
identity_r3,match,100000,0.193,42
identity_r3,match,100000,0.194,42
identity_r3,match,100000,0.195,42
identity_r3,match,100000,0.196,42
identity_r3,match,100000,0.197,42
identity_r3,match,100000,0.198,42
identity_r3,match,100000,0.199,42
identity_r3,match,100000,0.2,42
identity_r3,match,100000,0.201,42
identity_r3,match,100000,0.202,42
identity_r3,match,100000,0.203,42
identity_r3,match,100000,0.204,42
identity_r3,match,100000,0.205,42
identity_r3,match,100000,0.206,42
identity_r3,match,100000,0.207,42
identity_r3,match,100000,0.208,42
identity_r3,match,100000,0.209,42
identity_r3,match,100000,0.21,42
identity_r3,match,100000,0.211,42
identity_r3,match,100000,0.212,42
identity_r3,match,100000,0.213,42
identity_r3,match,100000,0.214,42
identity_r3,match,100000,0.215,42
identity_r3,match,100000,0.216,42
identity_r3,match,100000,0.217,42
identity_r3,match,100000,0.218,42
identity_r3,match,100000,0.219,42
identity_r3,match,100000,0.22,42
identity_r3,match,100000,0.221,42
identity_r3,match,100000,0.222,42
identity_r3,match,100000,0.223,42
identity_r3,match,100000,0.224,42
identity_r3,match,100000,0.225,42
identity_r3,match,100000,0.226,42
identity_r3,match,100000,0.227,42
identity_r3,match,100000,0.228,42
identity_r3,match,100000,0.229,42
identity_r3,match,100000,0.23,42
identity_r3,match,100000,0.231,42
identity_r3,match,100000,0.232,42
identity_r3,match,100000,0.233,42
identity_r3,match,100000,0.234,42
identity_r3,match,100000,0.235,42
identity_r3,match,100000,0.236,42
identity_r3,match,100000,0.237,42
identity_r3,match,100000,0.238,42
identity_r3,match,100000,0.239,42
identity_r3,match,100000,0.24,42
identity_r3,match,100000,0.241,42
identity_r3,match,100000,0.242,42
identity_r3,match,100000,0.243,42
identity_r3,match,100000,0.244,42
identity_r3,match,100000,0.245,42
identity_r3,match,100000,0.246,42
identity_r3,match,100000,0.247,42
identity_r3,match,100000,0.248,42
identity_r3,match,100000,0.249,42
identity_r3,match,100000,0.25,42
identity_r3,match,100000,0.251,42
identity_r3,match,100000,0.252,42
identity_r3,match,100000,0.253,42
identity_r3,match,100000,0.254,42
identity_r3,match,100000,0.255,42
identity_r3,match,100000,0.256,42
identity_r3,match,100000,0.257,42
identity_r3,match,100000,0.258,42
identity_r3,match,100000,0.259,42
identity_r3,match,100000,0.26,42
identity_r3,match,100000,0.261,42
identity_r3,match,100000,0.262,42
identity_r3,match,100000,0.263,42
identity_r3,match,100000,0.264,42
identity_r3,match,100000,0.265,42
identity_r3,match,100000,0.266,42
identity_r3,match,100000,0.267,42
identity_r3,match,100000,0.268,42
identity_r3,match,100000,0.269,42
identity_r3,match,100000,0.27,42
identity_r3,match,100000,0.271,42
identity_r3,match,100000,0.272,42
identity_r3,match,100000,0.273,42
identity_r3,match,100000,0.274,42
identity_r3,match,100000,0.275,42
identity_r3,match,100000,0.276,42
identity_r3,match,100000,0.277,42
identity_r3,match,100000,0.278,42
identity_r3,match,100000,0.279,42
identity_r3,match,100000,0.28,42
identity_r3,match,100000,0.281,42
identity_r3,match,100000,0.282,42
identity_r3,match,100000,0.283,42
identity_r3,match,100000,0.284,42
identity_r3,match,100000,0.285,42
identity_r3,match,100000,0.286,42
identity_r3,match,100000,0.287,42
identity_r3,match,100000,0.288,42
identity_r3,match,100000,0.289,42
identity_r3,match,100000,0.29,42
identity_r3,match,100000,0.291,42
identity_r3,match,100000,0.292,42
identity_r3,match,100000,0.293,42
identity_r3,match,100000,0.294,42
identity_r3,match,100000,0.295,42
identity_r3,match,100000,0.296,42
identity_r3,match,100000,0.297,42
identity_r3,match,100000,0.298,42
identity_r3,match,100000,0.299,42
identity_r3,match,100000,0.3,42
identity_r3,match,100000,0.301,42
identity_r3,match,100000,0.302,42
identity_r3,match,100000,0.303,42
identity_r3,match,100000,0.304,42
identity_r3,match,100000,0.305,42
identity_r3,match,100000,0.306,42
identity_r3,match,100000,0.307,42
identity_r3,match,100000,0.308,42
identity_r3,match,100000,0.309,42
identity_r3,match,100000,0.31,42
identity_r3,match,100000,0.311,42
identity_r3,match,100000,0.312,42
identity_r3,match,100000,0.313,42
identity_r3,match,100000,0.314,42
identity_r3,match,100000,0.315,42
identity_r3,match,100000,0.316,42
identity_r3,match,100000,0.317,42
identity_r3,match,100000,0.318,42
identity_r3,match,100000,0.319,42
identity_r3,match,100000,0.32,42
identity_r3,match,100000,0.321,42
identity_r3,match,100000,0.322,42
identity_r3,match,100000,0.323,42
identity_r3,match,100000,0.324,42
identity_r3,match,100000,0.325,42
identity_r3,match,100000,0.326,42
identity_r3,match,100000,0.327,42
identity_r3,match,100000,0.328,42
identity_r3,match,100000,0.329,42
identity_r3,match,100000,0.33,42
identity_r3,match,100000,0.331,42
identity_r3,match,100000,0.332,42
identity_r3,match,100000,0.333,42
identity_r3,match,100000,0.334,42
identity_r3,match,100000,0.335,42
identity_r3,match,100000,0.336,42
identity_r3,match,100000,0.337,42
identity_r3,match,100000,0.338,42
identity_r3,match,100000,0.339,42
identity_r3,match,100000,0.34,42
identity_r3,match,100000,0.341,42
identity_r3,match,100000,0.342,42
identity_r3,match,100000,0.343,42
identity_r3,match,100000,0.344,42
identity_r3,match,100000,0.345,42
identity_r3,match,100000,0.346,42
identity_r3,match,100000,0.347,42
identity_r3,match,100000,0.348,42
identity_r3,match,100000,0.349,42
identity_r3,match,100000,0.35,42
identity_r3,match,100000,0.351,42
identity_r3,match,100000,0.352,42
identity_r3,match,100000,0.353,42
identity_r3,match,100000,0.354,42
identity_r3,match,100000,0.355,42
identity_r3,match,100000,0.356,42
identity_r3,match,100000,0.357,42
identity_r3,match,100000,0.358,42
identity_r3,match,100000,0.359,42
identity_r3,match,100000,0.36,42
identity_r3,match,100000,0.361,42
identity_r3,match,100000,0.362,42
identity_r3,match,100000,0.363,42
identity_r3,match,100000,0.364,42
identity_r3,match,100000,0.365,42
identity_r3,match,100000,0.366,42
identity_r3,match,100000,0.367,42
identity_r3,match,100000,0.368,42
identity_r3,match,100000,0.369,42
identity_r3,match,100000,0.37,42
identity_r3,match,100000,0.371,42
identity_r3,match,100000,0.372,42
identity_r3,match,100000,0.373,42
identity_r3,match,100000,0.374,42
identity_r3,match,100000,0.375,42
identity_r3,match,100000,0.376,42
identity_r3,match,100000,0.377,42
identity_r3,match,100000,0.378,42
identity_r3,match,100000,0.379,42
identity_r3,match,100000,0.38,42
identity_r3,match,100000,0.381,42
identity_r3,match,100000,0.382,42
identity_r3,match,100000,0.383,42
identity_r3,match,100000,0.384,42
identity_r3,match,100000,0.385,42
identity_r3,match,100000,0.386,42
identity_r3,match,100000,0.387,42
identity_r3,match,100000,0.388,42
identity_r3,match,100000,0.389,42
identity_r3,match,100000,0.39,42
identity_r3,match,100000,0.391,42
identity_r3,match,100000,0.392,42
identity_r3,match,100000,0.393,42
identity_r3,match,100000,0.394,42
identity_r3,match,100000,0.395,42
identity_r3,match,100000,0.396,42
identity_r3,match,100000,0.397,42
identity_r3,match,100000,0.398,42
identity_r3,match,100000,0.399,42
identity_r3,match,100000,0.4,42
identity_r3,match,100000,0.401,42
identity_r3,match,100000,0.402,42
identity_r3,match,100000,0.403,42
identity_r3,match,100000,0.404,42
identity_r3,match,100000,0.405,42
identity_r3,match,100000,0.406,42
identity_r3,match,100000,0.407,42
identity_r3,match,100000,0.408,42
identity_r3,match,100000,0.409,42
identity_r3,match,100000,0.41,42
identity_r3,match,100000,0.411,42
identity_r3,match,100000,0.412,42
identity_r3,match,100000,0.413,42
identity_r3,match,100000,0.414,42
identity_r3,match,100000,0.415,42
identity_r3,match,100000,0.416,42
identity_r3,match,100000,0.417,42
identity_r3,match,100000,0.418,42
identity_r3,match,100000,0.419,42
identity_r3,match,100000,0.42,42
identity_r3,match,100000,0.421,42
identity_r3,match,100000,0.422,42
identity_r3,match,100000,0.423,42
identity_r3,match,100000,0.424,42
identity_r3,match,100000,0.425,42
identity_r3,match,100000,0.426,42
identity_r3,match,100000,0.427,42
identity_r3,match,100000,0.428,42
identity_r3,match,100000,0.429,42
identity_r3,match,100000,0.43,42
identity_r3,match,100000,0.431,42
identity_r3,match,100000,0.432,42
identity_r3,match,100000,0.433,42
identity_r3,match,100000,0.434,42
identity_r3,match,100000,0.435,42
identity_r3,match,100000,0.436,42
identity_r3,match,100000,0.437,42
identity_r3,match,100000,0.438,42
identity_r3,match,100000,0.439,42
identity_r3,match,100000,0.44,42
identity_r3,match,100000,0.441,42
identity_r3,match,100000,0.442,42
identity_r3,match,100000,0.443,42
identity_r3,match,100000,0.444,42
identity_r3,match,100000,0.445,42
identity_r3,match,100000,0.446,42
identity_r3,match,100000,0.447,42
identity_r3,match,100000,0.448,42
identity_r3,match,100000,0.449,42
identity_r3,match,100000,0.45,42
identity_r3,match,100000,0.451,42
identity_r3,match,100000,0.452,42
identity_r3,match,100000,0.453,42
identity_r3,match,100000,0.454,42
identity_r3,match,100000,0.455,42
identity_r3,match,100000,0.456,42
identity_r3,match,100000,0.457,42
identity_r3,match,100000,0.458,42
identity_r3,match,100000,0.459,42
identity_r3,match,100000,0.46,42
identity_r3,match,100000,0.461,42
identity_r3,match,100000,0.462,42
identity_r3,match,100000,0.463,42
identity_r3,match,100000,0.464,42
identity_r3,match,100000,0.465,42
identity_r3,match,100000,0.466,42
identity_r3,match,100000,0.467,42
identity_r3,match,100000,0.468,42
identity_r3,match,100000,0.469,42
identity_r3,match,100000,0.47,42
identity_r3,match,100000,0.471,42
identity_r3,match,100000,0.472,42
identity_r3,match,100000,0.473,42
identity_r3,match,100000,0.474,42
identity_r3,match,100000,0.475,42
identity_r3,match,100000,0.476,42
identity_r3,match,100000,0.477,42
identity_r3,match,100000,0.478,42
identity_r3,match,100000,0.479,42
identity_r3,match,100000,0.48,42
identity_r3,match,100000,0.481,42
identity_r3,match,100000,0.482,42
identity_r3,match,100000,0.483,42
identity_r3,match,100000,0.484,42
identity_r3,match,100000,0.485,42
identity_r3,match,100000,0.486,42
identity_r3,match,100000,0.487,42
identity_r3,match,100000,0.488,42
identity_r3,match,100000,0.489,42
identity_r3,match,100000,0.49,42
identity_r3,match,100000,0.491,42
identity_r3,match,100000,0.492,42
identity_r3,match,100000,0.493,42
identity_r3,match,100000,0.494,42
identity_r3,match,100000,0.495,42
identity_r3,match,100000,0.496,42
identity_r3,match,100000,0.497,42
identity_r3,match,100000,0.498,42
identity_r3,match,100000,0.499,42
identity_r3,match,100000,0.5,42
identity_r3,match,100000,0.501,42
identity_r3,match,100000,0.502,42
identity_r3,match,100000,0.503,42
identity_r3,match,100000,0.504,42
identity_r3,match,100000,0.505,42
identity_r3,match,100000,0.506,42
identity_r3,match,100000,0.507,42
identity_r3,match,100000,0.508,42
identity_r3,match,100000,0.509,42
identity_r3,match,100000,0.51,42
identity_r3,match,100000,0.511,42
identity_r3,match,100000,0.512,42
identity_r3,match,100000,0.513,42
identity_r3,match,100000,0.514,42
identity_r3,match,100000,0.515,42
identity_r3,match,100000,0.516,42
identity_r3,match,100000,0.517,42
identity_r3,match,100000,0.518,42
identity_r3,match,100000,0.519,42
identity_r3,match,100000,0.52,42
identity_r3,match,100000,0.521,42
identity_r3,match,100000,0.522,42
identity_r3,match,100000,0.523,42
identity_r3,match,100000,0.524,42
identity_r3,match,100000,0.525,42
identity_r3,match,100000,0.526,42
identity_r3,match,100000,0.527,42
identity_r3,match,100000,0.528,42
identity_r3,match,100000,0.529,42
identity_r3,match,100000,0.53,83
identity_r3,match,100000,0.531,83
identity_r3,match,100000,0.532,83
identity_r3,match,100000,0.533,83
identity_r3,match,100000,0.534,83
identity_r3,match,100000,0.535,83
identity_r3,match,100000,0.536,83
identity_r3,match,100000,0.537,83
identity_r3,match,100000,0.538,83
identity_r3,match,100000,0.539,83
identity_r3,match,100000,0.54,83
identity_r3,match,100000,0.541,83
identity_r3,match,100000,0.542,83
identity_r3,match,100000,0.543,83
identity_r3,match,100000,0.544,83
identity_r3,match,100000,0.545,83
identity_r3,match,100000,0.546,83
identity_r3,match,100000,0.547,83
identity_r3,match,100000,0.548,83
identity_r3,match,100000,0.549,83
identity_r3,match,100000,0.55,83
identity_r3,match,100000,0.551,83
identity_r3,match,100000,0.552,83
identity_r3,match,100000,0.553,83
identity_r3,match,100000,0.554,83
identity_r3,match,100000,0.555,83
identity_r3,match,100000,0.556,83
identity_r3,match,100000,0.557,83
identity_r3,match,100000,0.558,83
identity_r3,match,100000,0.559,83
identity_r3,match,100000,0.56,83
identity_r3,match,100000,0.561,83
identity_r3,match,100000,0.562,83
identity_r3,match,100000,0.563,83
identity_r3,match,100000,0.564,83
identity_r3,match,100000,0.565,83
identity_r3,match,100000,0.566,83
identity_r3,match,100000,0.567,83
identity_r3,match,100000,0.568,83
identity_r3,match,100000,0.569,83
identity_r3,match,100000,0.57,83
identity_r3,match,100000,0.571,83
identity_r3,match,100000,0.572,83
identity_r3,match,100000,0.573,83
identity_r3,match,100000,0.574,83
identity_r3,match,100000,0.575,83
identity_r3,match,100000,0.576,83
identity_r3,match,100000,0.577,83
identity_r3,match,100000,0.578,83
identity_r3,match,100000,0.579,83
identity_r3,match,100000,0.58,83
identity_r3,match,100000,0.581,83
identity_r3,match,100000,0.582,83
identity_r3,match,100000,0.583,83
identity_r3,match,100000,0.584,83
identity_r3,match,100000,0.585,83
identity_r3,match,100000,0.586,83
identity_r3,match,100000,0.587,83
identity_r3,match,100000,0.588,83
identity_r3,match,100000,0.589,83
identity_r3,match,100000,0.59,83
identity_r3,match,100000,0.591,83
identity_r3,match,100000,0.592,83
identity_r3,match,100000,0.593,83
identity_r3,match,100000,0.594,83
identity_r3,match,100000,0.595,83
identity_r3,match,100000,0.596,83
identity_r3,match,100000,0.597,83
identity_r3,match,100000,0.598,83
identity_r3,match,100000,0.599,83
identity_r3,match,100000,0.6,83
identity_r3,match,100000,0.601,83
identity_r3,match,100000,0.602,83
identity_r3,match,100000,0.603,83
identity_r3,match,100000,0.604,83
identity_r3,match,100000,0.605,83
identity_r3,match,100000,0.606,83
identity_r3,match,100000,0.607,83
identity_r3,match,100000,0.608,83
identity_r3,match,100000,0.609,83
identity_r3,match,100000,0.61,83
identity_r3,match,100000,0.611,83
identity_r3,match,100000,0.612,83
identity_r3,match,100000,0.613,83
identity_r3,match,100000,0.614,83
identity_r3,match,100000,0.615,83
identity_r3,match,100000,0.616,83
identity_r3,match,100000,0.617,83
identity_r3,match,100000,0.618,83
identity_r3,match,100000,0.619,83
identity_r3,match,100000,0.62,83
identity_r3,match,100000,0.621,83
identity_r3,match,100000,0.622,83
identity_r3,match,100000,0.623,83
identity_r3,match,100000,0.624,83
identity_r3,match,100000,0.625,83
identity_r3,match,100000,0.626,83
identity_r3,match,100000,0.627,83
identity_r3,match,100000,0.628,83
identity_r3,match,100000,0.629,83
identity_r3,match,100000,0.63,83
identity_r3,match,100000,0.631,83
identity_r3,match,100000,0.632,83
identity_r3,match,100000,0.633,83
identity_r3,match,100000,0.634,83
identity_r3,match,100000,0.635,84
identity_r3,match,100000,0.636,84
identity_r3,match,100000,0.637,84
identity_r3,match,100000,0.638,84
identity_r3,match,100000,0.639,84
identity_r3,match,100000,0.64,84
identity_r3,match,100000,0.641,84
identity_r3,match,100000,0.642,84
identity_r3,match,100000,0.643,84
identity_r3,match,100000,0.644,84
identity_r3,match,100000,0.645,84
identity_r3,match,100000,0.646,84
identity_r3,match,100000,0.647,84
identity_r3,match,100000,0.648,84
identity_r3,match,100000,0.649,84
identity_r3,match,100000,0.65,84
identity_r3,match,100000,0.651,84
identity_r3,match,100000,0.652,84
identity_r3,match,100000,0.653,84
identity_r3,match,100000,0.654,84
identity_r3,match,100000,0.655,84
identity_r3,match,100000,0.656,84
identity_r3,match,100000,0.657,84
identity_r3,match,100000,0.658,84
identity_r3,match,100000,0.659,84
identity_r3,match,100000,0.66,84
identity_r3,match,100000,0.661,84
identity_r3,match,100000,0.662,84
identity_r3,match,100000,0.663,84
identity_r3,match,100000,0.664,84
identity_r3,match,100000,0.665,84
identity_r3,match,100000,0.666,84
identity_r3,match,100000,0.667,84
identity_r3,match,100000,0.668,84
identity_r3,match,100000,0.669,84
identity_r3,match,100000,0.67,84
identity_r3,match,100000,0.671,84
identity_r3,match,100000,0.672,84
identity_r3,match,100000,0.673,84
identity_r3,match,100000,0.674,84
identity_r3,match,100000,0.675,84
identity_r3,match,100000,0.676,84
identity_r3,match,100000,0.677,84
identity_r3,match,100000,0.678,84
identity_r3,match,100000,0.679,84
identity_r3,match,100000,0.68,84
identity_r3,match,100000,0.681,84
identity_r3,match,100000,0.682,84
identity_r3,match,100000,0.683,84
identity_r3,match,100000,0.684,84
identity_r3,match,100000,0.685,84
identity_r3,match,100000,0.686,84
identity_r3,match,100000,0.687,84
identity_r3,match,100000,0.688,84
identity_r3,match,100000,0.689,125
identity_r3,match,100000,0.69,125
identity_r3,match,100000,0.691,125
identity_r3,match,100000,0.692,125
identity_r3,match,100000,0.693,125
identity_r3,match,100000,0.694,125
identity_r3,match,100000,0.695,125
identity_r3,match,100000,0.696,125
identity_r3,match,100000,0.697,125
identity_r3,match,100000,0.698,125
identity_r3,match,100000,0.699,125
identity_r3,match,100000,0.7,125
identity_r3,match,100000,0.701,125
identity_r3,match,100000,0.702,125
identity_r3,match,100000,0.703,125
identity_r3,match,100000,0.704,125
identity_r3,match,100000,0.705,125
identity_r3,match,100000,0.706,125
identity_r3,match,100000,0.707,125
identity_r3,match,100000,0.708,125
identity_r3,match,100000,0.709,125
identity_r3,match,100000,0.71,125
identity_r3,match,100000,0.711,125
identity_r3,match,100000,0.712,125
identity_r3,match,100000,0.713,125
identity_r3,match,100000,0.714,125
identity_r3,match,100000,0.715,125
identity_r3,match,100000,0.716,125
identity_r3,match,100000,0.717,125
identity_r3,match,100000,0.718,125
identity_r3,match,100000,0.719,125
identity_r3,match,100000,0.72,125
identity_r3,match,100000,0.721,125
identity_r3,match,100000,0.722,125
identity_r3,match,100000,0.723,125
identity_r3,match,100000,0.724,125
identity_r3,match,100000,0.725,125
identity_r3,match,100000,0.726,125
identity_r3,match,100000,0.727,125
identity_r3,match,100000,0.728,125
identity_r3,match,100000,0.729,125
identity_r3,match,100000,0.73,125
identity_r3,match,100000,0.731,125
identity_r3,match,100000,0.732,125
identity_r3,match,100000,0.733,125
identity_r3,match,100000,0.734,125
identity_r3,match,100000,0.735,125
identity_r3,match,100000,0.736,125
identity_r3,match,100000,0.737,125
identity_r3,match,100000,0.738,125
identity_r3,match,100000,0.739,125
identity_r3,match,100000,0.74,125
identity_r3,match,100000,0.741,125
identity_r3,match,100000,0.742,125
identity_r3,match,100000,0.743,125
identity_r3,match,100000,0.744,125
identity_r3,match,100000,0.745,125
identity_r3,match,100000,0.746,125
identity_r3,match,100000,0.747,125
identity_r3,match,100000,0.748,125
identity_r3,match,100000,0.749,125
identity_r3,match,100000,0.75,125
identity_r3,match,100000,0.751,125
identity_r3,match,100000,0.752,125
identity_r3,match,100000,0.753,166
identity_r3,match,100000,0.754,166
identity_r3,match,100000,0.755,166
identity_r3,match,100000,0.756,166
identity_r3,match,100000,0.757,166
identity_r3,match,100000,0.758,166
identity_r3,match,100000,0.759,166
identity_r3,match,100000,0.76,166
identity_r3,match,100000,0.761,166
identity_r3,match,100000,0.762,166
identity_r3,match,100000,0.763,166
identity_r3,match,100000,0.764,166
identity_r3,match,100000,0.765,166
identity_r3,match,100000,0.766,166
identity_r3,match,100000,0.767,166
identity_r3,match,100000,0.768,166
identity_r3,match,100000,0.769,166
identity_r3,match,100000,0.77,166
identity_r3,match,100000,0.771,166
identity_r3,match,100000,0.772,166
identity_r3,match,100000,0.773,166
identity_r3,match,100000,0.774,166
identity_r3,match,100000,0.775,166
identity_r3,match,100000,0.776,166
identity_r3,match,100000,0.777,166
identity_r3,match,100000,0.778,166
identity_r3,match,100000,0.779,166
identity_r3,match,100000,0.78,166
identity_r3,match,100000,0.781,166
identity_r3,match,100000,0.782,166
identity_r3,match,100000,0.783,166
identity_r3,match,100000,0.784,167
identity_r3,match,100000,0.785,167
identity_r3,match,100000,0.786,167
identity_r3,match,100000,0.787,167
identity_r3,match,100000,0.788,167
identity_r3,match,100000,0.789,167
identity_r3,match,100000,0.79,167
identity_r3,match,100000,0.791,167
identity_r3,match,100000,0.792,167
identity_r3,match,100000,0.793,167
identity_r3,match,100000,0.794,167
identity_r3,match,100000,0.795,167
identity_r3,match,100000,0.796,167
identity_r3,match,100000,0.797,167
identity_r3,match,100000,0.798,167
identity_r3,match,100000,0.799,167
identity_r3,match,100000,0.8,167
identity_r3,match,100000,0.801,167
identity_r3,match,100000,0.802,167
identity_r3,match,100000,0.803,167
identity_r3,match,100000,0.804,167
identity_r3,match,100000,0.805,167
identity_r3,match,100000,0.806,167
identity_r3,match,100000,0.807,167
identity_r3,match,100000,0.808,167
identity_r3,match,100000,0.809,167
identity_r3,match,100000,0.81,167
identity_r3,match,100000,0.811,167
identity_r3,match,100000,0.812,167
identity_r3,match,100000,0.813,167
identity_r3,match,100000,0.814,167
identity_r3,match,100000,0.815,167
identity_r3,match,100000,0.816,167
identity_r3,match,100000,0.817,167
identity_r3,match,100000,0.818,167
identity_r3,match,100000,0.819,167
identity_r3,match,100000,0.82,167
identity_r3,match,100000,0.821,167
identity_r3,match,100000,0.822,167
identity_r3,match,100000,0.823,167
identity_r3,match,100000,0.824,167
identity_r3,match,100000,0.825,167
identity_r3,match,100000,0.826,167
identity_r3,match,100000,0.827,167
identity_r3,match,100000,0.828,167
identity_r3,match,100000,0.829,167
identity_r3,match,100000,0.83,167
identity_r3,match,100000,0.831,167
identity_r3,match,100000,0.832,167
identity_r3,match,100000,0.833,167
identity_r3,match,100000,0.834,167
identity_r3,match,100000,0.835,167
identity_r3,match,100000,0.836,167
identity_r3,match,100000,0.837,167
identity_r3,match,100000,0.838,167
identity_r3,match,100000,0.839,167
identity_r3,match,100000,0.84,167
identity_r3,match,100000,0.841,167
identity_r3,match,100000,0.842,167
identity_r3,match,100000,0.843,167
identity_r3,match,100000,0.844,167
identity_r3,match,100000,0.845,208
identity_r3,match,100000,0.846,208
identity_r3,match,100000,0.847,208
identity_r3,match,100000,0.848,208
identity_r3,match,100000,0.849,208
identity_r3,match,100000,0.85,208
identity_r3,match,100000,0.851,208
identity_r3,match,100000,0.852,208
identity_r3,match,100000,0.853,208
identity_r3,match,100000,0.854,208
identity_r3,match,100000,0.855,208
identity_r3,match,100000,0.856,208
identity_r3,match,100000,0.857,208
identity_r3,match,100000,0.858,208
identity_r3,match,100000,0.859,208
identity_r3,match,100000,0.86,208
identity_r3,match,100000,0.861,208
identity_r3,match,100000,0.862,208
identity_r3,match,100000,0.863,208
identity_r3,match,100000,0.864,208
identity_r3,match,100000,0.865,208
identity_r3,match,100000,0.866,208
identity_r3,match,100000,0.867,208
identity_r3,match,100000,0.868,208
identity_r3,match,100000,0.869,208
identity_r3,match,100000,0.87,208
identity_r3,match,100000,0.871,208
identity_r3,match,100000,0.872,208
identity_r3,match,100000,0.873,208
identity_r3,match,100000,0.874,208
identity_r3,match,100000,0.875,208
identity_r3,match,100000,0.876,208
identity_r3,match,100000,0.877,208
identity_r3,match,100000,0.878,208
identity_r3,match,100000,0.879,208
identity_r3,match,100000,0.88,209
identity_r3,match,100000,0.881,209
identity_r3,match,100000,0.882,209
identity_r3,match,100000,0.883,209
identity_r3,match,100000,0.884,209
identity_r3,match,100000,0.885,209
identity_r3,match,100000,0.886,209
identity_r3,match,100000,0.887,209
identity_r3,match,100000,0.888,209
identity_r3,match,100000,0.889,209
identity_r3,match,100000,0.89,209
identity_r3,match,100000,0.891,209
identity_r3,match,100000,0.892,209
identity_r3,match,100000,0.893,209
identity_r3,match,100000,0.894,209
identity_r3,match,100000,0.895,209
identity_r3,match,100000,0.896,209
identity_r3,match,100000,0.897,209
identity_r3,match,100000,0.898,209
identity_r3,match,100000,0.899,250
identity_r3,match,100000,0.9,250
identity_r3,match,100000,0.901,250
identity_r3,match,100000,0.902,250
identity_r3,match,100000,0.903,250
identity_r3,match,100000,0.904,250
identity_r3,match,100000,0.905,250
identity_r3,match,100000,0.906,250
identity_r3,match,100000,0.907,250
identity_r3,match,100000,0.908,250
identity_r3,match,100000,0.909,250
identity_r3,match,100000,0.91,250
identity_r3,match,100000,0.911,250
identity_r3,match,100000,0.912,250
identity_r3,match,100000,0.913,250
identity_r3,match,100000,0.914,250
identity_r3,match,100000,0.915,250
identity_r3,match,100000,0.916,250
identity_r3,match,100000,0.917,250
identity_r3,match,100000,0.918,250
identity_r3,match,100000,0.919,250
identity_r3,match,100000,0.92,250
identity_r3,match,100000,0.921,250
identity_r3,match,100000,0.922,250
identity_r3,match,100000,0.923,250
identity_r3,match,100000,0.924,250
identity_r3,match,100000,0.925,250
identity_r3,match,100000,0.926,250
identity_r3,match,100000,0.927,250
identity_r3,match,100000,0.928,250
identity_r3,match,100000,0.929,291
identity_r3,match,100000,0.93,291
identity_r3,match,100000,0.931,291
identity_r3,match,100000,0.932,291
identity_r3,match,100000,0.933,291
identity_r3,match,100000,0.934,291
identity_r3,match,100000,0.935,291
identity_r3,match,100000,0.936,292
identity_r3,match,100000,0.937,292
identity_r3,match,100000,0.938,292
identity_r3,match,100000,0.939,292
identity_r3,match,100000,0.94,292
identity_r3,match,100000,0.941,292
identity_r3,match,100000,0.942,292
identity_r3,match,100000,0.943,292
identity_r3,match,100000,0.944,292
identity_r3,match,100000,0.945,292
identity_r3,match,100000,0.946,292
identity_r3,match,100000,0.947,292
identity_r3,match,100000,0.948,292
identity_r3,match,100000,0.949,292
identity_r3,match,100000,0.95,333
identity_r3,match,100000,0.951,333
identity_r3,match,100000,0.952,333
identity_r3,match,100000,0.953,333
identity_r3,match,100000,0.954,333
identity_r3,match,100000,0.955,333
identity_r3,match,100000,0.956,333
identity_r3,match,100000,0.957,333
identity_r3,match,100000,0.958,333
identity_r3,match,100000,0.959,333
identity_r3,match,100000,0.96,334
identity_r3,match,100000,0.961,334
identity_r3,match,100000,0.962,334
identity_r3,match,100000,0.963,334
identity_r3,match,100000,0.964,375
identity_r3,match,100000,0.965,375
identity_r3,match,100000,0.966,375
identity_r3,match,100000,0.967,375
identity_r3,match,100000,0.968,375
identity_r3,match,100000,0.969,375
identity_r3,match,100000,0.97,375
identity_r3,match,100000,0.971,375
identity_r3,match,100000,0.972,375
identity_r3,match,100000,0.973,375
identity_r3,match,100000,0.974,416
identity_r3,match,100000,0.975,416
identity_r3,match,100000,0.976,417
identity_r3,match,100000,0.977,417
identity_r3,match,100000,0.978,417
identity_r3,match,100000,0.979,417
identity_r3,match,100000,0.98,417
identity_r3,match,100000,0.981,458
identity_r3,match,100000,0.982,458
identity_r3,match,100000,0.983,458
identity_r3,match,100000,0.984,459
identity_r3,match,100000,0.985,459
identity_r3,match,100000,0.986,500
identity_r3,match,100000,0.987,500
identity_r3,match,100000,0.988,500
identity_r3,match,100000,0.989,500
identity_r3,match,100000,0.99,541
identity_r3,match,100000,0.991,542
identity_r3,match,100000,0.992,542
identity_r3,match,100000,0.993,583
identity_r3,match,100000,0.994,584
identity_r3,match,100000,0.995,625
identity_r3,match,100000,0.996,667
identity_r3,match,100000,0.997,750
identity_r3,match,100000,0.998,834
identity_r3,match,100000,0.999,1083
identity_r3,add,1000000,0,0
identity_r3,add,1000000,0.001,0
identity_r3,add,1000000,0.002,0
identity_r3,add,1000000,0.003,0
identity_r3,add,1000000,0.004,0
identity_r3,add,1000000,0.005,0
identity_r3,add,1000000,0.006,0
identity_r3,add,1000000,0.007,0
identity_r3,add,1000000,0.008,0
identity_r3,add,1000000,0.009,0
identity_r3,add,1000000,0.01,0
identity_r3,add,1000000,0.011,0
identity_r3,add,1000000,0.012,41
identity_r3,add,1000000,0.013,41
identity_r3,add,1000000,0.014,41
identity_r3,add,1000000,0.015,41
identity_r3,add,1000000,0.016,41
identity_r3,add,1000000,0.017,41
identity_r3,add,1000000,0.018,41
identity_r3,add,1000000,0.019,41
identity_r3,add,1000000,0.02,41
identity_r3,add,1000000,0.021,41
identity_r3,add,1000000,0.022,41
identity_r3,add,1000000,0.023,41
identity_r3,add,1000000,0.024,41
identity_r3,add,1000000,0.025,41
identity_r3,add,1000000,0.026,41
identity_r3,add,1000000,0.027,41
identity_r3,add,1000000,0.028,41
identity_r3,add,1000000,0.029,41
identity_r3,add,1000000,0.03,41
identity_r3,add,1000000,0.031,41
identity_r3,add,1000000,0.032,41
identity_r3,add,1000000,0.033,41
identity_r3,add,1000000,0.034,41
identity_r3,add,1000000,0.035,41
identity_r3,add,1000000,0.036,41
identity_r3,add,1000000,0.037,41
identity_r3,add,1000000,0.038,41
identity_r3,add,1000000,0.039,41
identity_r3,add,1000000,0.04,41
identity_r3,add,1000000,0.041,41
identity_r3,add,1000000,0.042,41
identity_r3,add,1000000,0.043,41
identity_r3,add,1000000,0.044,41
identity_r3,add,1000000,0.045,41
identity_r3,add,1000000,0.046,41
identity_r3,add,1000000,0.047,41
identity_r3,add,1000000,0.048,41
identity_r3,add,1000000,0.049,41
identity_r3,add,1000000,0.05,41
identity_r3,add,1000000,0.051,41
identity_r3,add,1000000,0.052,41
identity_r3,add,1000000,0.053,41
identity_r3,add,1000000,0.054,41
identity_r3,add,1000000,0.055,41
identity_r3,add,1000000,0.056,41
identity_r3,add,1000000,0.057,41
identity_r3,add,1000000,0.058,41
identity_r3,add,1000000,0.059,41
identity_r3,add,1000000,0.06,41
identity_r3,add,1000000,0.061,41
identity_r3,add,1000000,0.062,41
identity_r3,add,1000000,0.063,41
identity_r3,add,1000000,0.064,41
identity_r3,add,1000000,0.065,41
identity_r3,add,1000000,0.066,41
identity_r3,add,1000000,0.067,41
identity_r3,add,1000000,0.068,41
identity_r3,add,1000000,0.069,41
identity_r3,add,1000000,0.07,41
identity_r3,add,1000000,0.071,41
identity_r3,add,1000000,0.072,41
identity_r3,add,1000000,0.073,41
identity_r3,add,1000000,0.074,41
identity_r3,add,1000000,0.075,41
identity_r3,add,1000000,0.076,41
identity_r3,add,1000000,0.077,41
identity_r3,add,1000000,0.078,41
identity_r3,add,1000000,0.079,41
identity_r3,add,1000000,0.08,42
identity_r3,add,1000000,0.081,42
identity_r3,add,1000000,0.082,42
identity_r3,add,1000000,0.083,42
identity_r3,add,1000000,0.084,42
identity_r3,add,1000000,0.085,42
identity_r3,add,1000000,0.086,42
identity_r3,add,1000000,0.087,42
identity_r3,add,1000000,0.088,42
identity_r3,add,1000000,0.089,42
identity_r3,add,1000000,0.09,42
identity_r3,add,1000000,0.091,42
identity_r3,add,1000000,0.092,42
identity_r3,add,1000000,0.093,42
identity_r3,add,1000000,0.094,42
identity_r3,add,1000000,0.095,42
identity_r3,add,1000000,0.096,42
identity_r3,add,1000000,0.097,42
identity_r3,add,1000000,0.098,42
identity_r3,add,1000000,0.099,42
identity_r3,add,1000000,0.1,42
identity_r3,add,1000000,0.101,42
identity_r3,add,1000000,0.102,42
identity_r3,add,1000000,0.103,42
identity_r3,add,1000000,0.104,42
identity_r3,add,1000000,0.105,42
identity_r3,add,1000000,0.106,42
identity_r3,add,1000000,0.107,42
identity_r3,add,1000000,0.108,42
identity_r3,add,1000000,0.109,42
identity_r3,add,1000000,0.11,42
identity_r3,add,1000000,0.111,42
identity_r3,add,1000000,0.112,42
identity_r3,add,1000000,0.113,42
identity_r3,add,1000000,0.114,42
identity_r3,add,1000000,0.115,42
identity_r3,add,1000000,0.116,42
identity_r3,add,1000000,0.117,42
identity_r3,add,1000000,0.118,42
identity_r3,add,1000000,0.119,42
identity_r3,add,1000000,0.12,42
identity_r3,add,1000000,0.121,42
identity_r3,add,1000000,0.122,42
identity_r3,add,1000000,0.123,42
identity_r3,add,1000000,0.124,42
identity_r3,add,1000000,0.125,42
identity_r3,add,1000000,0.126,42
identity_r3,add,1000000,0.127,42
identity_r3,add,1000000,0.128,42
identity_r3,add,1000000,0.129,42
identity_r3,add,1000000,0.13,42
identity_r3,add,1000000,0.131,42
identity_r3,add,1000000,0.132,42
identity_r3,add,1000000,0.133,42
identity_r3,add,1000000,0.134,42
identity_r3,add,1000000,0.135,42
identity_r3,add,1000000,0.136,42
identity_r3,add,1000000,0.137,42
identity_r3,add,1000000,0.138,42
identity_r3,add,1000000,0.139,42
identity_r3,add,1000000,0.14,42
identity_r3,add,1000000,0.141,42
identity_r3,add,1000000,0.142,42
identity_r3,add,1000000,0.143,42
identity_r3,add,1000000,0.144,42
identity_r3,add,1000000,0.145,42
identity_r3,add,1000000,0.146,42
identity_r3,add,1000000,0.147,42
identity_r3,add,1000000,0.148,42
identity_r3,add,1000000,0.149,42
identity_r3,add,1000000,0.15,42
identity_r3,add,1000000,0.151,42
identity_r3,add,1000000,0.152,42
identity_r3,add,1000000,0.153,42
identity_r3,add,1000000,0.154,42
identity_r3,add,1000000,0.155,42
identity_r3,add,1000000,0.156,42
identity_r3,add,1000000,0.157,42
identity_r3,add,1000000,0.158,42
identity_r3,add,1000000,0.159,42
identity_r3,add,1000000,0.16,42
identity_r3,add,1000000,0.161,42
identity_r3,add,1000000,0.162,42
identity_r3,add,1000000,0.163,42
identity_r3,add,1000000,0.164,42
identity_r3,add,1000000,0.165,42
identity_r3,add,1000000,0.166,42
identity_r3,add,1000000,0.167,42
identity_r3,add,1000000,0.168,42
identity_r3,add,1000000,0.169,42
identity_r3,add,1000000,0.17,42
identity_r3,add,1000000,0.171,42
identity_r3,add,1000000,0.172,42
identity_r3,add,1000000,0.173,42
identity_r3,add,1000000,0.174,42
identity_r3,add,1000000,0.175,42
identity_r3,add,1000000,0.176,42
identity_r3,add,1000000,0.177,42
identity_r3,add,1000000,0.178,42
identity_r3,add,1000000,0.179,42
identity_r3,add,1000000,0.18,42
identity_r3,add,1000000,0.181,42
identity_r3,add,1000000,0.182,42
identity_r3,add,1000000,0.183,42
identity_r3,add,1000000,0.184,42
identity_r3,add,1000000,0.185,42
identity_r3,add,1000000,0.186,42
identity_r3,add,1000000,0.187,42
identity_r3,add,1000000,0.188,42
identity_r3,add,1000000,0.189,42
identity_r3,add,1000000,0.19,42
identity_r3,add,1000000,0.191,42
identity_r3,add,1000000,0.192,42
identity_r3,add,1000000,0.193,42
identity_r3,add,1000000,0.194,42
identity_r3,add,1000000,0.195,42
identity_r3,add,1000000,0.196,42
identity_r3,add,1000000,0.197,42
identity_r3,add,1000000,0.198,42
identity_r3,add,1000000,0.199,42
identity_r3,add,1000000,0.2,42
identity_r3,add,1000000,0.201,42
identity_r3,add,1000000,0.202,42
identity_r3,add,1000000,0.203,42
identity_r3,add,1000000,0.204,42
identity_r3,add,1000000,0.205,42
identity_r3,add,1000000,0.206,42
identity_r3,add,1000000,0.207,42
identity_r3,add,1000000,0.208,42
identity_r3,add,1000000,0.209,42
identity_r3,add,1000000,0.21,42
identity_r3,add,1000000,0.211,42
identity_r3,add,1000000,0.212,42
identity_r3,add,1000000,0.213,42
identity_r3,add,1000000,0.214,83
identity_r3,add,1000000,0.215,83
identity_r3,add,1000000,0.216,83
identity_r3,add,1000000,0.217,83
identity_r3,add,1000000,0.218,83
identity_r3,add,1000000,0.219,83
identity_r3,add,1000000,0.22,83
identity_r3,add,1000000,0.221,83
identity_r3,add,1000000,0.222,83
identity_r3,add,1000000,0.223,83
identity_r3,add,1000000,0.224,83
identity_r3,add,1000000,0.225,83
identity_r3,add,1000000,0.226,83
identity_r3,add,1000000,0.227,83
identity_r3,add,1000000,0.228,83
identity_r3,add,1000000,0.229,83
identity_r3,add,1000000,0.23,83
identity_r3,add,1000000,0.231,83
identity_r3,add,1000000,0.232,83
identity_r3,add,1000000,0.233,83
identity_r3,add,1000000,0.234,83
identity_r3,add,1000000,0.235,83
identity_r3,add,1000000,0.236,83
identity_r3,add,1000000,0.237,83
identity_r3,add,1000000,0.238,83
identity_r3,add,1000000,0.239,83
identity_r3,add,1000000,0.24,83
identity_r3,add,1000000,0.241,83
identity_r3,add,1000000,0.242,83
identity_r3,add,1000000,0.243,83
identity_r3,add,1000000,0.244,83
identity_r3,add,1000000,0.245,83
identity_r3,add,1000000,0.246,83
identity_r3,add,1000000,0.247,83
identity_r3,add,1000000,0.248,83
identity_r3,add,1000000,0.249,83
identity_r3,add,1000000,0.25,83
identity_r3,add,1000000,0.251,83
identity_r3,add,1000000,0.252,83
identity_r3,add,1000000,0.253,83
identity_r3,add,1000000,0.254,83
identity_r3,add,1000000,0.255,83
identity_r3,add,1000000,0.256,83
identity_r3,add,1000000,0.257,83
identity_r3,add,1000000,0.258,83
identity_r3,add,1000000,0.259,83
identity_r3,add,1000000,0.26,83
identity_r3,add,1000000,0.261,83
identity_r3,add,1000000,0.262,83
identity_r3,add,1000000,0.263,83
identity_r3,add,1000000,0.264,83
identity_r3,add,1000000,0.265,83
identity_r3,add,1000000,0.266,83
identity_r3,add,1000000,0.267,83
identity_r3,add,1000000,0.268,83
identity_r3,add,1000000,0.269,83
identity_r3,add,1000000,0.27,83
identity_r3,add,1000000,0.271,83
identity_r3,add,1000000,0.272,83
identity_r3,add,1000000,0.273,83
identity_r3,add,1000000,0.274,83
identity_r3,add,1000000,0.275,83
identity_r3,add,1000000,0.276,83
identity_r3,add,1000000,0.277,83
identity_r3,add,1000000,0.278,83
identity_r3,add,1000000,0.279,83
identity_r3,add,1000000,0.28,83
identity_r3,add,1000000,0.281,83
identity_r3,add,1000000,0.282,83
identity_r3,add,1000000,0.283,83
identity_r3,add,1000000,0.284,83
identity_r3,add,1000000,0.285,83
identity_r3,add,1000000,0.286,83
identity_r3,add,1000000,0.287,83
identity_r3,add,1000000,0.288,83
identity_r3,add,1000000,0.289,83
identity_r3,add,1000000,0.29,83
identity_r3,add,1000000,0.291,83
identity_r3,add,1000000,0.292,83
identity_r3,add,1000000,0.293,83
identity_r3,add,1000000,0.294,83
identity_r3,add,1000000,0.295,83
identity_r3,add,1000000,0.296,83
identity_r3,add,1000000,0.297,83
identity_r3,add,1000000,0.298,83
identity_r3,add,1000000,0.299,83
identity_r3,add,1000000,0.3,83
identity_r3,add,1000000,0.301,83
identity_r3,add,1000000,0.302,83
identity_r3,add,1000000,0.303,83
identity_r3,add,1000000,0.304,83
identity_r3,add,1000000,0.305,83
identity_r3,add,1000000,0.306,83
identity_r3,add,1000000,0.307,83
identity_r3,add,1000000,0.308,83
identity_r3,add,1000000,0.309,83
identity_r3,add,1000000,0.31,83
identity_r3,add,1000000,0.311,83
identity_r3,add,1000000,0.312,83
identity_r3,add,1000000,0.313,83
identity_r3,add,1000000,0.314,83
identity_r3,add,1000000,0.315,83
identity_r3,add,1000000,0.316,83
identity_r3,add,1000000,0.317,83
identity_r3,add,1000000,0.318,83
identity_r3,add,1000000,0.319,83
identity_r3,add,1000000,0.32,83
identity_r3,add,1000000,0.321,83
identity_r3,add,1000000,0.322,83
identity_r3,add,1000000,0.323,83
identity_r3,add,1000000,0.324,83
identity_r3,add,1000000,0.325,83
identity_r3,add,1000000,0.326,83
identity_r3,add,1000000,0.327,83
identity_r3,add,1000000,0.328,83
identity_r3,add,1000000,0.329,83
identity_r3,add,1000000,0.33,83
identity_r3,add,1000000,0.331,83
identity_r3,add,1000000,0.332,83
identity_r3,add,1000000,0.333,83
identity_r3,add,1000000,0.334,83
identity_r3,add,1000000,0.335,83
identity_r3,add,1000000,0.336,83
identity_r3,add,1000000,0.337,83
identity_r3,add,1000000,0.338,83
identity_r3,add,1000000,0.339,83
identity_r3,add,1000000,0.34,83
identity_r3,add,1000000,0.341,83
identity_r3,add,1000000,0.342,83
identity_r3,add,1000000,0.343,83
identity_r3,add,1000000,0.344,83
identity_r3,add,1000000,0.345,83
identity_r3,add,1000000,0.346,83
identity_r3,add,1000000,0.347,83
identity_r3,add,1000000,0.348,83
identity_r3,add,1000000,0.349,83
identity_r3,add,1000000,0.35,83
identity_r3,add,1000000,0.351,83
identity_r3,add,1000000,0.352,83
identity_r3,add,1000000,0.353,83
identity_r3,add,1000000,0.354,83
identity_r3,add,1000000,0.355,83
identity_r3,add,1000000,0.356,83
identity_r3,add,1000000,0.357,83
identity_r3,add,1000000,0.358,83
identity_r3,add,1000000,0.359,83
identity_r3,add,1000000,0.36,83
identity_r3,add,1000000,0.361,83
identity_r3,add,1000000,0.362,83
identity_r3,add,1000000,0.363,83
identity_r3,add,1000000,0.364,83
identity_r3,add,1000000,0.365,83
identity_r3,add,1000000,0.366,83
identity_r3,add,1000000,0.367,83
identity_r3,add,1000000,0.368,83
identity_r3,add,1000000,0.369,83
identity_r3,add,1000000,0.37,83
identity_r3,add,1000000,0.371,83
identity_r3,add,1000000,0.372,83
identity_r3,add,1000000,0.373,83
identity_r3,add,1000000,0.374,83
identity_r3,add,1000000,0.375,83
identity_r3,add,1000000,0.376,83
identity_r3,add,1000000,0.377,83
identity_r3,add,1000000,0.378,83
identity_r3,add,1000000,0.379,83
identity_r3,add,1000000,0.38,83
identity_r3,add,1000000,0.381,83
identity_r3,add,1000000,0.382,83
identity_r3,add,1000000,0.383,83
identity_r3,add,1000000,0.384,83
identity_r3,add,1000000,0.385,83
identity_r3,add,1000000,0.386,83
identity_r3,add,1000000,0.387,83
identity_r3,add,1000000,0.388,83
identity_r3,add,1000000,0.389,83
identity_r3,add,1000000,0.39,83
identity_r3,add,1000000,0.391,83
identity_r3,add,1000000,0.392,83
identity_r3,add,1000000,0.393,83
identity_r3,add,1000000,0.394,83
identity_r3,add,1000000,0.395,83
identity_r3,add,1000000,0.396,83
identity_r3,add,1000000,0.397,83
identity_r3,add,1000000,0.398,83
identity_r3,add,1000000,0.399,83
identity_r3,add,1000000,0.4,83
identity_r3,add,1000000,0.401,83
identity_r3,add,1000000,0.402,83
identity_r3,add,1000000,0.403,83
identity_r3,add,1000000,0.404,83
identity_r3,add,1000000,0.405,83
identity_r3,add,1000000,0.406,83
identity_r3,add,1000000,0.407,83
identity_r3,add,1000000,0.408,83
identity_r3,add,1000000,0.409,83
identity_r3,add,1000000,0.41,83
identity_r3,add,1000000,0.411,83
identity_r3,add,1000000,0.412,83
identity_r3,add,1000000,0.413,83
identity_r3,add,1000000,0.414,83
identity_r3,add,1000000,0.415,83
identity_r3,add,1000000,0.416,83
identity_r3,add,1000000,0.417,83
identity_r3,add,1000000,0.418,83
identity_r3,add,1000000,0.419,83
identity_r3,add,1000000,0.42,83
identity_r3,add,1000000,0.421,83
identity_r3,add,1000000,0.422,83
identity_r3,add,1000000,0.423,83
identity_r3,add,1000000,0.424,83
identity_r3,add,1000000,0.425,83
identity_r3,add,1000000,0.426,83
identity_r3,add,1000000,0.427,83
identity_r3,add,1000000,0.428,83
identity_r3,add,1000000,0.429,83
identity_r3,add,1000000,0.43,83
identity_r3,add,1000000,0.431,83
identity_r3,add,1000000,0.432,83
identity_r3,add,1000000,0.433,83
identity_r3,add,1000000,0.434,83
identity_r3,add,1000000,0.435,83
identity_r3,add,1000000,0.436,83
identity_r3,add,1000000,0.437,83
identity_r3,add,1000000,0.438,83
identity_r3,add,1000000,0.439,83
identity_r3,add,1000000,0.44,83
identity_r3,add,1000000,0.441,83
identity_r3,add,1000000,0.442,83
identity_r3,add,1000000,0.443,83
identity_r3,add,1000000,0.444,83
identity_r3,add,1000000,0.445,83
identity_r3,add,1000000,0.446,83
identity_r3,add,1000000,0.447,83
identity_r3,add,1000000,0.448,83
identity_r3,add,1000000,0.449,83
identity_r3,add,1000000,0.45,83
identity_r3,add,1000000,0.451,83
identity_r3,add,1000000,0.452,83
identity_r3,add,1000000,0.453,83
identity_r3,add,1000000,0.454,83
identity_r3,add,1000000,0.455,83
identity_r3,add,1000000,0.456,83
identity_r3,add,1000000,0.457,83
identity_r3,add,1000000,0.458,83
identity_r3,add,1000000,0.459,83
identity_r3,add,1000000,0.46,83
identity_r3,add,1000000,0.461,83
identity_r3,add,1000000,0.462,83
identity_r3,add,1000000,0.463,83
identity_r3,add,1000000,0.464,83
identity_r3,add,1000000,0.465,83
identity_r3,add,1000000,0.466,83
identity_r3,add,1000000,0.467,83
identity_r3,add,1000000,0.468,83
identity_r3,add,1000000,0.469,83
identity_r3,add,1000000,0.47,83
identity_r3,add,1000000,0.471,83
identity_r3,add,1000000,0.472,83
identity_r3,add,1000000,0.473,83
identity_r3,add,1000000,0.474,83
identity_r3,add,1000000,0.475,83
identity_r3,add,1000000,0.476,83
identity_r3,add,1000000,0.477,83
identity_r3,add,1000000,0.478,83
identity_r3,add,1000000,0.479,83
identity_r3,add,1000000,0.48,83
identity_r3,add,1000000,0.481,83
identity_r3,add,1000000,0.482,83
identity_r3,add,1000000,0.483,83
identity_r3,add,1000000,0.484,83
identity_r3,add,1000000,0.485,83
identity_r3,add,1000000,0.486,83
identity_r3,add,1000000,0.487,83
identity_r3,add,1000000,0.488,83
identity_r3,add,1000000,0.489,83
identity_r3,add,1000000,0.49,83
identity_r3,add,1000000,0.491,83
identity_r3,add,1000000,0.492,83
identity_r3,add,1000000,0.493,83
identity_r3,add,1000000,0.494,83
identity_r3,add,1000000,0.495,83
identity_r3,add,1000000,0.496,83
identity_r3,add,1000000,0.497,83
identity_r3,add,1000000,0.498,83
identity_r3,add,1000000,0.499,83
identity_r3,add,1000000,0.5,83
identity_r3,add,1000000,0.501,83
identity_r3,add,1000000,0.502,83
identity_r3,add,1000000,0.503,83
identity_r3,add,1000000,0.504,83
identity_r3,add,1000000,0.505,83
identity_r3,add,1000000,0.506,83
identity_r3,add,1000000,0.507,83
identity_r3,add,1000000,0.508,83
identity_r3,add,1000000,0.509,83
identity_r3,add,1000000,0.51,83
identity_r3,add,1000000,0.511,83
identity_r3,add,1000000,0.512,83
identity_r3,add,1000000,0.513,83
identity_r3,add,1000000,0.514,83
identity_r3,add,1000000,0.515,83
identity_r3,add,1000000,0.516,83
identity_r3,add,1000000,0.517,83
identity_r3,add,1000000,0.518,83
identity_r3,add,1000000,0.519,83
identity_r3,add,1000000,0.52,83
identity_r3,add,1000000,0.521,83
identity_r3,add,1000000,0.522,83
identity_r3,add,1000000,0.523,83
identity_r3,add,1000000,0.524,83
identity_r3,add,1000000,0.525,83
identity_r3,add,1000000,0.526,83
identity_r3,add,1000000,0.527,83
identity_r3,add,1000000,0.528,83
identity_r3,add,1000000,0.529,83
identity_r3,add,1000000,0.53,83
identity_r3,add,1000000,0.531,83
identity_r3,add,1000000,0.532,83
identity_r3,add,1000000,0.533,83
identity_r3,add,1000000,0.534,83
identity_r3,add,1000000,0.535,83
identity_r3,add,1000000,0.536,83
identity_r3,add,1000000,0.537,83
identity_r3,add,1000000,0.538,83
identity_r3,add,1000000,0.539,83
identity_r3,add,1000000,0.54,83
identity_r3,add,1000000,0.541,83
identity_r3,add,1000000,0.542,83
identity_r3,add,1000000,0.543,83
identity_r3,add,1000000,0.544,83
identity_r3,add,1000000,0.545,83
identity_r3,add,1000000,0.546,83
identity_r3,add,1000000,0.547,83
identity_r3,add,1000000,0.548,83
identity_r3,add,1000000,0.549,83
identity_r3,add,1000000,0.55,83
identity_r3,add,1000000,0.551,83
identity_r3,add,1000000,0.552,83
identity_r3,add,1000000,0.553,83
identity_r3,add,1000000,0.554,83
identity_r3,add,1000000,0.555,83
identity_r3,add,1000000,0.556,83
identity_r3,add,1000000,0.557,83
identity_r3,add,1000000,0.558,83
identity_r3,add,1000000,0.559,83
identity_r3,add,1000000,0.56,83
identity_r3,add,1000000,0.561,83
identity_r3,add,1000000,0.562,83
identity_r3,add,1000000,0.563,83
identity_r3,add,1000000,0.564,83
identity_r3,add,1000000,0.565,83
identity_r3,add,1000000,0.566,83
identity_r3,add,1000000,0.567,83
identity_r3,add,1000000,0.568,83
identity_r3,add,1000000,0.569,83
identity_r3,add,1000000,0.57,83
identity_r3,add,1000000,0.571,83
identity_r3,add,1000000,0.572,83
identity_r3,add,1000000,0.573,83
identity_r3,add,1000000,0.574,83
identity_r3,add,1000000,0.575,84
identity_r3,add,1000000,0.576,84
identity_r3,add,1000000,0.577,84
identity_r3,add,1000000,0.578,84
identity_r3,add,1000000,0.579,84
identity_r3,add,1000000,0.58,84
identity_r3,add,1000000,0.581,84
identity_r3,add,1000000,0.582,84
identity_r3,add,1000000,0.583,84
identity_r3,add,1000000,0.584,84
identity_r3,add,1000000,0.585,84
identity_r3,add,1000000,0.586,84
identity_r3,add,1000000,0.587,84
identity_r3,add,1000000,0.588,84
identity_r3,add,1000000,0.589,84
identity_r3,add,1000000,0.59,84
identity_r3,add,1000000,0.591,84
identity_r3,add,1000000,0.592,84
identity_r3,add,1000000,0.593,84
identity_r3,add,1000000,0.594,84
identity_r3,add,1000000,0.595,84
identity_r3,add,1000000,0.596,84
identity_r3,add,1000000,0.597,84
identity_r3,add,1000000,0.598,84
identity_r3,add,1000000,0.599,84
identity_r3,add,1000000,0.6,84
identity_r3,add,1000000,0.601,84
identity_r3,add,1000000,0.602,84
identity_r3,add,1000000,0.603,84
identity_r3,add,1000000,0.604,84
identity_r3,add,1000000,0.605,84
identity_r3,add,1000000,0.606,84
identity_r3,add,1000000,0.607,84
identity_r3,add,1000000,0.608,84
identity_r3,add,1000000,0.609,84
identity_r3,add,1000000,0.61,84
identity_r3,add,1000000,0.611,84
identity_r3,add,1000000,0.612,84
identity_r3,add,1000000,0.613,84
identity_r3,add,1000000,0.614,84
identity_r3,add,1000000,0.615,84
identity_r3,add,1000000,0.616,84
identity_r3,add,1000000,0.617,84
identity_r3,add,1000000,0.618,84
identity_r3,add,1000000,0.619,84
identity_r3,add,1000000,0.62,84
identity_r3,add,1000000,0.621,84
identity_r3,add,1000000,0.622,84
identity_r3,add,1000000,0.623,84
identity_r3,add,1000000,0.624,84
identity_r3,add,1000000,0.625,84
identity_r3,add,1000000,0.626,84
identity_r3,add,1000000,0.627,84
identity_r3,add,1000000,0.628,84
identity_r3,add,1000000,0.629,84
identity_r3,add,1000000,0.63,84
identity_r3,add,1000000,0.631,84
identity_r3,add,1000000,0.632,84
identity_r3,add,1000000,0.633,84
identity_r3,add,1000000,0.634,84
identity_r3,add,1000000,0.635,84
identity_r3,add,1000000,0.636,84
identity_r3,add,1000000,0.637,84
identity_r3,add,1000000,0.638,84
identity_r3,add,1000000,0.639,84
identity_r3,add,1000000,0.64,84
identity_r3,add,1000000,0.641,84
identity_r3,add,1000000,0.642,84
identity_r3,add,1000000,0.643,84
identity_r3,add,1000000,0.644,84
identity_r3,add,1000000,0.645,84
identity_r3,add,1000000,0.646,84
identity_r3,add,1000000,0.647,84
identity_r3,add,1000000,0.648,84
identity_r3,add,1000000,0.649,84
identity_r3,add,1000000,0.65,84
identity_r3,add,1000000,0.651,84
identity_r3,add,1000000,0.652,84
identity_r3,add,1000000,0.653,84
identity_r3,add,1000000,0.654,84
identity_r3,add,1000000,0.655,84
identity_r3,add,1000000,0.656,84
identity_r3,add,1000000,0.657,84
identity_r3,add,1000000,0.658,84
identity_r3,add,1000000,0.659,84
identity_r3,add,1000000,0.66,84
identity_r3,add,1000000,0.661,84
identity_r3,add,1000000,0.662,84
identity_r3,add,1000000,0.663,84
identity_r3,add,1000000,0.664,84
identity_r3,add,1000000,0.665,84
identity_r3,add,1000000,0.666,84
identity_r3,add,1000000,0.667,84
identity_r3,add,1000000,0.668,84
identity_r3,add,1000000,0.669,84
identity_r3,add,1000000,0.67,84
identity_r3,add,1000000,0.671,84
identity_r3,add,1000000,0.672,84
identity_r3,add,1000000,0.673,84
identity_r3,add,1000000,0.674,84
identity_r3,add,1000000,0.675,84
identity_r3,add,1000000,0.676,84
identity_r3,add,1000000,0.677,84
identity_r3,add,1000000,0.678,84
identity_r3,add,1000000,0.679,84
identity_r3,add,1000000,0.68,84
identity_r3,add,1000000,0.681,84
identity_r3,add,1000000,0.682,84
identity_r3,add,1000000,0.683,84
identity_r3,add,1000000,0.684,84
identity_r3,add,1000000,0.685,84
identity_r3,add,1000000,0.686,84
identity_r3,add,1000000,0.687,84
identity_r3,add,1000000,0.688,84
identity_r3,add,1000000,0.689,84
identity_r3,add,1000000,0.69,84
identity_r3,add,1000000,0.691,84
identity_r3,add,1000000,0.692,84
identity_r3,add,1000000,0.693,84
identity_r3,add,1000000,0.694,84
identity_r3,add,1000000,0.695,84
identity_r3,add,1000000,0.696,84
identity_r3,add,1000000,0.697,84
identity_r3,add,1000000,0.698,84
identity_r3,add,1000000,0.699,84
identity_r3,add,1000000,0.7,84
identity_r3,add,1000000,0.701,84
identity_r3,add,1000000,0.702,84
identity_r3,add,1000000,0.703,84
identity_r3,add,1000000,0.704,84
identity_r3,add,1000000,0.705,84
identity_r3,add,1000000,0.706,84
identity_r3,add,1000000,0.707,84
identity_r3,add,1000000,0.708,84
identity_r3,add,1000000,0.709,84
identity_r3,add,1000000,0.71,84
identity_r3,add,1000000,0.711,84
identity_r3,add,1000000,0.712,84
identity_r3,add,1000000,0.713,84
identity_r3,add,1000000,0.714,84
identity_r3,add,1000000,0.715,84
identity_r3,add,1000000,0.716,84
identity_r3,add,1000000,0.717,84
identity_r3,add,1000000,0.718,84
identity_r3,add,1000000,0.719,84
identity_r3,add,1000000,0.72,84
identity_r3,add,1000000,0.721,84
identity_r3,add,1000000,0.722,84
identity_r3,add,1000000,0.723,84
identity_r3,add,1000000,0.724,84
identity_r3,add,1000000,0.725,84
identity_r3,add,1000000,0.726,84
identity_r3,add,1000000,0.727,84
identity_r3,add,1000000,0.728,84
identity_r3,add,1000000,0.729,84
identity_r3,add,1000000,0.73,84
identity_r3,add,1000000,0.731,84
identity_r3,add,1000000,0.732,84
identity_r3,add,1000000,0.733,84
identity_r3,add,1000000,0.734,84
identity_r3,add,1000000,0.735,84
identity_r3,add,1000000,0.736,84
identity_r3,add,1000000,0.737,84
identity_r3,add,1000000,0.738,84
identity_r3,add,1000000,0.739,84
identity_r3,add,1000000,0.74,84
identity_r3,add,1000000,0.741,84
identity_r3,add,1000000,0.742,84
identity_r3,add,1000000,0.743,84
identity_r3,add,1000000,0.744,84
identity_r3,add,1000000,0.745,84
identity_r3,add,1000000,0.746,84
identity_r3,add,1000000,0.747,84
identity_r3,add,1000000,0.748,84
identity_r3,add,1000000,0.749,84
identity_r3,add,1000000,0.75,84
identity_r3,add,1000000,0.751,84
identity_r3,add,1000000,0.752,84
identity_r3,add,1000000,0.753,84
identity_r3,add,1000000,0.754,84
identity_r3,add,1000000,0.755,125
identity_r3,add,1000000,0.756,125
identity_r3,add,1000000,0.757,125
identity_r3,add,1000000,0.758,125
identity_r3,add,1000000,0.759,125
identity_r3,add,1000000,0.76,125
identity_r3,add,1000000,0.761,125
identity_r3,add,1000000,0.762,125
identity_r3,add,1000000,0.763,125
identity_r3,add,1000000,0.764,125
identity_r3,add,1000000,0.765,125
identity_r3,add,1000000,0.766,125
identity_r3,add,1000000,0.767,125
identity_r3,add,1000000,0.768,125
identity_r3,add,1000000,0.769,125
identity_r3,add,1000000,0.77,125
identity_r3,add,1000000,0.771,125
identity_r3,add,1000000,0.772,125
identity_r3,add,1000000,0.773,125
identity_r3,add,1000000,0.774,125
identity_r3,add,1000000,0.775,125
identity_r3,add,1000000,0.776,125
identity_r3,add,1000000,0.777,125
identity_r3,add,1000000,0.778,125
identity_r3,add,1000000,0.779,125
identity_r3,add,1000000,0.78,125
identity_r3,add,1000000,0.781,125
identity_r3,add,1000000,0.782,125
identity_r3,add,1000000,0.783,125
identity_r3,add,1000000,0.784,125
identity_r3,add,1000000,0.785,125
identity_r3,add,1000000,0.786,125
identity_r3,add,1000000,0.787,125
identity_r3,add,1000000,0.788,125
identity_r3,add,1000000,0.789,125
identity_r3,add,1000000,0.79,125
identity_r3,add,1000000,0.791,125
identity_r3,add,1000000,0.792,125
identity_r3,add,1000000,0.793,125
identity_r3,add,1000000,0.794,125
identity_r3,add,1000000,0.795,125
identity_r3,add,1000000,0.796,125
identity_r3,add,1000000,0.797,125
identity_r3,add,1000000,0.798,125
identity_r3,add,1000000,0.799,125
identity_r3,add,1000000,0.8,125
identity_r3,add,1000000,0.801,125
identity_r3,add,1000000,0.802,125
identity_r3,add,1000000,0.803,125
identity_r3,add,1000000,0.804,125
identity_r3,add,1000000,0.805,125
identity_r3,add,1000000,0.806,125
identity_r3,add,1000000,0.807,125
identity_r3,add,1000000,0.808,125
identity_r3,add,1000000,0.809,125
identity_r3,add,1000000,0.81,125
identity_r3,add,1000000,0.811,125
identity_r3,add,1000000,0.812,125
identity_r3,add,1000000,0.813,125
identity_r3,add,1000000,0.814,125
identity_r3,add,1000000,0.815,125
identity_r3,add,1000000,0.816,125
identity_r3,add,1000000,0.817,125
identity_r3,add,1000000,0.818,125
identity_r3,add,1000000,0.819,125
identity_r3,add,1000000,0.82,125
identity_r3,add,1000000,0.821,125
identity_r3,add,1000000,0.822,125
identity_r3,add,1000000,0.823,125
identity_r3,add,1000000,0.824,125
identity_r3,add,1000000,0.825,125
identity_r3,add,1000000,0.826,125
identity_r3,add,1000000,0.827,125
identity_r3,add,1000000,0.828,125
identity_r3,add,1000000,0.829,125
identity_r3,add,1000000,0.83,125
identity_r3,add,1000000,0.831,125
identity_r3,add,1000000,0.832,125
identity_r3,add,1000000,0.833,125
identity_r3,add,1000000,0.834,125
identity_r3,add,1000000,0.835,125
identity_r3,add,1000000,0.836,125
identity_r3,add,1000000,0.837,125
identity_r3,add,1000000,0.838,125
identity_r3,add,1000000,0.839,125
identity_r3,add,1000000,0.84,125
identity_r3,add,1000000,0.841,125
identity_r3,add,1000000,0.842,125
identity_r3,add,1000000,0.843,125
identity_r3,add,1000000,0.844,125
identity_r3,add,1000000,0.845,125
identity_r3,add,1000000,0.846,125
identity_r3,add,1000000,0.847,125
identity_r3,add,1000000,0.848,125
identity_r3,add,1000000,0.849,125
identity_r3,add,1000000,0.85,125
identity_r3,add,1000000,0.851,125
identity_r3,add,1000000,0.852,125
identity_r3,add,1000000,0.853,125
identity_r3,add,1000000,0.854,125
identity_r3,add,1000000,0.855,125
identity_r3,add,1000000,0.856,125
identity_r3,add,1000000,0.857,125
identity_r3,add,1000000,0.858,125
identity_r3,add,1000000,0.859,125
identity_r3,add,1000000,0.86,125
identity_r3,add,1000000,0.861,125
identity_r3,add,1000000,0.862,125
identity_r3,add,1000000,0.863,125
identity_r3,add,1000000,0.864,125
identity_r3,add,1000000,0.865,125
identity_r3,add,1000000,0.866,125
identity_r3,add,1000000,0.867,125
identity_r3,add,1000000,0.868,125
identity_r3,add,1000000,0.869,125
identity_r3,add,1000000,0.87,125
identity_r3,add,1000000,0.871,125
identity_r3,add,1000000,0.872,125
identity_r3,add,1000000,0.873,125
identity_r3,add,1000000,0.874,125
identity_r3,add,1000000,0.875,125
identity_r3,add,1000000,0.876,125
identity_r3,add,1000000,0.877,125
identity_r3,add,1000000,0.878,125
identity_r3,add,1000000,0.879,125
identity_r3,add,1000000,0.88,125
identity_r3,add,1000000,0.881,125
identity_r3,add,1000000,0.882,125
identity_r3,add,1000000,0.883,125
identity_r3,add,1000000,0.884,125
identity_r3,add,1000000,0.885,125
identity_r3,add,1000000,0.886,125
identity_r3,add,1000000,0.887,125
identity_r3,add,1000000,0.888,125
identity_r3,add,1000000,0.889,125
identity_r3,add,1000000,0.89,125
identity_r3,add,1000000,0.891,125
identity_r3,add,1000000,0.892,125
identity_r3,add,1000000,0.893,125
identity_r3,add,1000000,0.894,125
identity_r3,add,1000000,0.895,125
identity_r3,add,1000000,0.896,125
identity_r3,add,1000000,0.897,125
identity_r3,add,1000000,0.898,125
identity_r3,add,1000000,0.899,125
identity_r3,add,1000000,0.9,125
identity_r3,add,1000000,0.901,125
identity_r3,add,1000000,0.902,125
identity_r3,add,1000000,0.903,125
identity_r3,add,1000000,0.904,125
identity_r3,add,1000000,0.905,125
identity_r3,add,1000000,0.906,125
identity_r3,add,1000000,0.907,125
identity_r3,add,1000000,0.908,125
identity_r3,add,1000000,0.909,125
identity_r3,add,1000000,0.91,125
identity_r3,add,1000000,0.911,125
identity_r3,add,1000000,0.912,125
identity_r3,add,1000000,0.913,125
identity_r3,add,1000000,0.914,125
identity_r3,add,1000000,0.915,125
identity_r3,add,1000000,0.916,125
identity_r3,add,1000000,0.917,125
identity_r3,add,1000000,0.918,125
identity_r3,add,1000000,0.919,125
identity_r3,add,1000000,0.92,125
identity_r3,add,1000000,0.921,125
identity_r3,add,1000000,0.922,125
identity_r3,add,1000000,0.923,125
identity_r3,add,1000000,0.924,125
identity_r3,add,1000000,0.925,125
identity_r3,add,1000000,0.926,125
identity_r3,add,1000000,0.927,125
identity_r3,add,1000000,0.928,125
identity_r3,add,1000000,0.929,125
identity_r3,add,1000000,0.93,125
identity_r3,add,1000000,0.931,125
identity_r3,add,1000000,0.932,125
identity_r3,add,1000000,0.933,125
identity_r3,add,1000000,0.934,125
identity_r3,add,1000000,0.935,125
identity_r3,add,1000000,0.936,125
identity_r3,add,1000000,0.937,125
identity_r3,add,1000000,0.938,125
identity_r3,add,1000000,0.939,125
identity_r3,add,1000000,0.94,125
identity_r3,add,1000000,0.941,125
identity_r3,add,1000000,0.942,166
identity_r3,add,1000000,0.943,166
identity_r3,add,1000000,0.944,166
identity_r3,add,1000000,0.945,166
identity_r3,add,1000000,0.946,166
identity_r3,add,1000000,0.947,166
identity_r3,add,1000000,0.948,166
identity_r3,add,1000000,0.949,166
identity_r3,add,1000000,0.95,166
identity_r3,add,1000000,0.951,166
identity_r3,add,1000000,0.952,166
identity_r3,add,1000000,0.953,166
identity_r3,add,1000000,0.954,166
identity_r3,add,1000000,0.955,167
identity_r3,add,1000000,0.956,167
identity_r3,add,1000000,0.957,167
identity_r3,add,1000000,0.958,167
identity_r3,add,1000000,0.959,167
identity_r3,add,1000000,0.96,167
identity_r3,add,1000000,0.961,167
identity_r3,add,1000000,0.962,167
identity_r3,add,1000000,0.963,167
identity_r3,add,1000000,0.964,167
identity_r3,add,1000000,0.965,167
identity_r3,add,1000000,0.966,167
identity_r3,add,1000000,0.967,167
identity_r3,add,1000000,0.968,167
identity_r3,add,1000000,0.969,167
identity_r3,add,1000000,0.97,167
identity_r3,add,1000000,0.971,167
identity_r3,add,1000000,0.972,167
identity_r3,add,1000000,0.973,167
identity_r3,add,1000000,0.974,167
identity_r3,add,1000000,0.975,167
identity_r3,add,1000000,0.976,167
identity_r3,add,1000000,0.977,167
identity_r3,add,1000000,0.978,167
identity_r3,add,1000000,0.979,167
identity_r3,add,1000000,0.98,167
identity_r3,add,1000000,0.981,208
identity_r3,add,1000000,0.982,208
identity_r3,add,1000000,0.983,208
identity_r3,add,1000000,0.984,208
identity_r3,add,1000000,0.985,208
identity_r3,add,1000000,0.986,209
identity_r3,add,1000000,0.987,209
identity_r3,add,1000000,0.988,250
identity_r3,add,1000000,0.989,250
identity_r3,add,1000000,0.99,250
identity_r3,add,1000000,0.991,250
identity_r3,add,1000000,0.992,250
identity_r3,add,1000000,0.993,291
identity_r3,add,1000000,0.994,292
identity_r3,add,1000000,0.995,333
identity_r3,add,1000000,0.996,375
identity_r3,add,1000000,0.997,417
identity_r3,add,1000000,0.998,541
identity_r3,add,1000000,0.999,709
identity_r3,cancel,1000000,0,0
identity_r3,cancel,1000000,0.001,125
identity_r3,cancel,1000000,0.002,125
identity_r3,cancel,1000000,0.003,166
identity_r3,cancel,1000000,0.004,167
identity_r3,cancel,1000000,0.005,208
identity_r3,cancel,1000000,0.006,208
identity_r3,cancel,1000000,0.007,208
identity_r3,cancel,1000000,0.008,208
identity_r3,cancel,1000000,0.009,209
identity_r3,cancel,1000000,0.01,209
identity_r3,cancel,1000000,0.011,250
identity_r3,cancel,1000000,0.012,250
identity_r3,cancel,1000000,0.013,250
identity_r3,cancel,1000000,0.014,250
identity_r3,cancel,1000000,0.015,250
identity_r3,cancel,1000000,0.016,250
identity_r3,cancel,1000000,0.017,250
identity_r3,cancel,1000000,0.018,250
identity_r3,cancel,1000000,0.019,250
identity_r3,cancel,1000000,0.02,250
identity_r3,cancel,1000000,0.021,250
identity_r3,cancel,1000000,0.022,250
identity_r3,cancel,1000000,0.023,250
identity_r3,cancel,1000000,0.024,250
identity_r3,cancel,1000000,0.025,250
identity_r3,cancel,1000000,0.026,250
identity_r3,cancel,1000000,0.027,291
identity_r3,cancel,1000000,0.028,291
identity_r3,cancel,1000000,0.029,291
identity_r3,cancel,1000000,0.03,291
identity_r3,cancel,1000000,0.031,291
identity_r3,cancel,1000000,0.032,291
identity_r3,cancel,1000000,0.033,291
identity_r3,cancel,1000000,0.034,292
identity_r3,cancel,1000000,0.035,292
identity_r3,cancel,1000000,0.036,292
identity_r3,cancel,1000000,0.037,292
identity_r3,cancel,1000000,0.038,292
identity_r3,cancel,1000000,0.039,292
identity_r3,cancel,1000000,0.04,292
identity_r3,cancel,1000000,0.041,292
identity_r3,cancel,1000000,0.042,292
identity_r3,cancel,1000000,0.043,292
identity_r3,cancel,1000000,0.044,292
identity_r3,cancel,1000000,0.045,292
identity_r3,cancel,1000000,0.046,292
identity_r3,cancel,1000000,0.047,292
identity_r3,cancel,1000000,0.048,292
identity_r3,cancel,1000000,0.049,292
identity_r3,cancel,1000000,0.05,333
identity_r3,cancel,1000000,0.051,333
identity_r3,cancel,1000000,0.052,333
identity_r3,cancel,1000000,0.053,333
identity_r3,cancel,1000000,0.054,333
identity_r3,cancel,1000000,0.055,333
identity_r3,cancel,1000000,0.056,333
identity_r3,cancel,1000000,0.057,333
identity_r3,cancel,1000000,0.058,333
identity_r3,cancel,1000000,0.059,333
identity_r3,cancel,1000000,0.06,333
identity_r3,cancel,1000000,0.061,333
identity_r3,cancel,1000000,0.062,333
identity_r3,cancel,1000000,0.063,333
identity_r3,cancel,1000000,0.064,333
identity_r3,cancel,1000000,0.065,333
identity_r3,cancel,1000000,0.066,333
identity_r3,cancel,1000000,0.067,333
identity_r3,cancel,1000000,0.068,333
identity_r3,cancel,1000000,0.069,333
identity_r3,cancel,1000000,0.07,333
identity_r3,cancel,1000000,0.071,333
identity_r3,cancel,1000000,0.072,333
identity_r3,cancel,1000000,0.073,333
identity_r3,cancel,1000000,0.074,333
identity_r3,cancel,1000000,0.075,333
identity_r3,cancel,1000000,0.076,333
identity_r3,cancel,1000000,0.077,333
identity_r3,cancel,1000000,0.078,333
identity_r3,cancel,1000000,0.079,333
identity_r3,cancel,1000000,0.08,333
identity_r3,cancel,1000000,0.081,333
identity_r3,cancel,1000000,0.082,333
identity_r3,cancel,1000000,0.083,333
identity_r3,cancel,1000000,0.084,333
identity_r3,cancel,1000000,0.085,333
identity_r3,cancel,1000000,0.086,333
identity_r3,cancel,1000000,0.087,333
identity_r3,cancel,1000000,0.088,333
identity_r3,cancel,1000000,0.089,333
identity_r3,cancel,1000000,0.09,333
identity_r3,cancel,1000000,0.091,333
identity_r3,cancel,1000000,0.092,333
identity_r3,cancel,1000000,0.093,333
identity_r3,cancel,1000000,0.094,333
identity_r3,cancel,1000000,0.095,333
identity_r3,cancel,1000000,0.096,333
identity_r3,cancel,1000000,0.097,333
identity_r3,cancel,1000000,0.098,333
identity_r3,cancel,1000000,0.099,333
identity_r3,cancel,1000000,0.1,333
identity_r3,cancel,1000000,0.101,333
identity_r3,cancel,1000000,0.102,333
identity_r3,cancel,1000000,0.103,333
identity_r3,cancel,1000000,0.104,333
identity_r3,cancel,1000000,0.105,333
identity_r3,cancel,1000000,0.106,333
identity_r3,cancel,1000000,0.107,333
identity_r3,cancel,1000000,0.108,334
identity_r3,cancel,1000000,0.109,334
identity_r3,cancel,1000000,0.11,334
identity_r3,cancel,1000000,0.111,334
identity_r3,cancel,1000000,0.112,334
identity_r3,cancel,1000000,0.113,334
identity_r3,cancel,1000000,0.114,334
identity_r3,cancel,1000000,0.115,334
identity_r3,cancel,1000000,0.116,334
identity_r3,cancel,1000000,0.117,334
identity_r3,cancel,1000000,0.118,334
identity_r3,cancel,1000000,0.119,334
identity_r3,cancel,1000000,0.12,334
identity_r3,cancel,1000000,0.121,334
identity_r3,cancel,1000000,0.122,334
identity_r3,cancel,1000000,0.123,334
identity_r3,cancel,1000000,0.124,334
identity_r3,cancel,1000000,0.125,334
identity_r3,cancel,1000000,0.126,334
identity_r3,cancel,1000000,0.127,334
identity_r3,cancel,1000000,0.128,334
identity_r3,cancel,1000000,0.129,334
identity_r3,cancel,1000000,0.13,334
identity_r3,cancel,1000000,0.131,334
identity_r3,cancel,1000000,0.132,334
identity_r3,cancel,1000000,0.133,334
identity_r3,cancel,1000000,0.134,334
identity_r3,cancel,1000000,0.135,334
identity_r3,cancel,1000000,0.136,334
identity_r3,cancel,1000000,0.137,375
identity_r3,cancel,1000000,0.138,375
identity_r3,cancel,1000000,0.139,375
identity_r3,cancel,1000000,0.14,375
identity_r3,cancel,1000000,0.141,375
identity_r3,cancel,1000000,0.142,375
identity_r3,cancel,1000000,0.143,375
identity_r3,cancel,1000000,0.144,375
identity_r3,cancel,1000000,0.145,375
identity_r3,cancel,1000000,0.146,375
identity_r3,cancel,1000000,0.147,375
identity_r3,cancel,1000000,0.148,375
identity_r3,cancel,1000000,0.149,375
identity_r3,cancel,1000000,0.15,375
identity_r3,cancel,1000000,0.151,375
identity_r3,cancel,1000000,0.152,375
identity_r3,cancel,1000000,0.153,375
identity_r3,cancel,1000000,0.154,375
identity_r3,cancel,1000000,0.155,375
identity_r3,cancel,1000000,0.156,375
identity_r3,cancel,1000000,0.157,375
identity_r3,cancel,1000000,0.158,375
identity_r3,cancel,1000000,0.159,375
identity_r3,cancel,1000000,0.16,375
identity_r3,cancel,1000000,0.161,375
identity_r3,cancel,1000000,0.162,375
identity_r3,cancel,1000000,0.163,375
identity_r3,cancel,1000000,0.164,375
identity_r3,cancel,1000000,0.165,375
identity_r3,cancel,1000000,0.166,375
identity_r3,cancel,1000000,0.167,375
identity_r3,cancel,1000000,0.168,375
identity_r3,cancel,1000000,0.169,375
identity_r3,cancel,1000000,0.17,375
identity_r3,cancel,1000000,0.171,375
identity_r3,cancel,1000000,0.172,375
identity_r3,cancel,1000000,0.173,375
identity_r3,cancel,1000000,0.174,375
identity_r3,cancel,1000000,0.175,375
identity_r3,cancel,1000000,0.176,375
identity_r3,cancel,1000000,0.177,375
identity_r3,cancel,1000000,0.178,375
identity_r3,cancel,1000000,0.179,375
identity_r3,cancel,1000000,0.18,375
identity_r3,cancel,1000000,0.181,375
identity_r3,cancel,1000000,0.182,375
identity_r3,cancel,1000000,0.183,375
identity_r3,cancel,1000000,0.184,375
identity_r3,cancel,1000000,0.185,375
identity_r3,cancel,1000000,0.186,375
identity_r3,cancel,1000000,0.187,375
identity_r3,cancel,1000000,0.188,375
identity_r3,cancel,1000000,0.189,375
identity_r3,cancel,1000000,0.19,375
identity_r3,cancel,1000000,0.191,375
identity_r3,cancel,1000000,0.192,375
identity_r3,cancel,1000000,0.193,375
identity_r3,cancel,1000000,0.194,375
identity_r3,cancel,1000000,0.195,375
identity_r3,cancel,1000000,0.196,375
identity_r3,cancel,1000000,0.197,375
identity_r3,cancel,1000000,0.198,375
identity_r3,cancel,1000000,0.199,375
identity_r3,cancel,1000000,0.2,375
identity_r3,cancel,1000000,0.201,375
identity_r3,cancel,1000000,0.202,375
identity_r3,cancel,1000000,0.203,375
identity_r3,cancel,1000000,0.204,375
identity_r3,cancel,1000000,0.205,375
identity_r3,cancel,1000000,0.206,375
identity_r3,cancel,1000000,0.207,375
identity_r3,cancel,1000000,0.208,375
identity_r3,cancel,1000000,0.209,375
identity_r3,cancel,1000000,0.21,375
identity_r3,cancel,1000000,0.211,375
identity_r3,cancel,1000000,0.212,375
identity_r3,cancel,1000000,0.213,375
identity_r3,cancel,1000000,0.214,375
identity_r3,cancel,1000000,0.215,375
identity_r3,cancel,1000000,0.216,375
identity_r3,cancel,1000000,0.217,375
identity_r3,cancel,1000000,0.218,375
identity_r3,cancel,1000000,0.219,375
identity_r3,cancel,1000000,0.22,375
identity_r3,cancel,1000000,0.221,375
identity_r3,cancel,1000000,0.222,375
identity_r3,cancel,1000000,0.223,375
identity_r3,cancel,1000000,0.224,375
identity_r3,cancel,1000000,0.225,375
identity_r3,cancel,1000000,0.226,375
identity_r3,cancel,1000000,0.227,375
identity_r3,cancel,1000000,0.228,375
identity_r3,cancel,1000000,0.229,375
identity_r3,cancel,1000000,0.23,375
identity_r3,cancel,1000000,0.231,375
identity_r3,cancel,1000000,0.232,375
identity_r3,cancel,1000000,0.233,375
identity_r3,cancel,1000000,0.234,375
identity_r3,cancel,1000000,0.235,375
identity_r3,cancel,1000000,0.236,375
identity_r3,cancel,1000000,0.237,375
identity_r3,cancel,1000000,0.238,375
identity_r3,cancel,1000000,0.239,375
identity_r3,cancel,1000000,0.24,375
identity_r3,cancel,1000000,0.241,375
identity_r3,cancel,1000000,0.242,375
identity_r3,cancel,1000000,0.243,375
identity_r3,cancel,1000000,0.244,375
identity_r3,cancel,1000000,0.245,375
identity_r3,cancel,1000000,0.246,375
identity_r3,cancel,1000000,0.247,375
identity_r3,cancel,1000000,0.248,375
identity_r3,cancel,1000000,0.249,375
identity_r3,cancel,1000000,0.25,375
identity_r3,cancel,1000000,0.251,375
identity_r3,cancel,1000000,0.252,375
identity_r3,cancel,1000000,0.253,375
identity_r3,cancel,1000000,0.254,375
identity_r3,cancel,1000000,0.255,375
identity_r3,cancel,1000000,0.256,375
identity_r3,cancel,1000000,0.257,375
identity_r3,cancel,1000000,0.258,375
identity_r3,cancel,1000000,0.259,375
identity_r3,cancel,1000000,0.26,375
identity_r3,cancel,1000000,0.261,375
identity_r3,cancel,1000000,0.262,375
identity_r3,cancel,1000000,0.263,375
identity_r3,cancel,1000000,0.264,375
identity_r3,cancel,1000000,0.265,375
identity_r3,cancel,1000000,0.266,375
identity_r3,cancel,1000000,0.267,375
identity_r3,cancel,1000000,0.268,375
identity_r3,cancel,1000000,0.269,375
identity_r3,cancel,1000000,0.27,375
identity_r3,cancel,1000000,0.271,375
identity_r3,cancel,1000000,0.272,375
identity_r3,cancel,1000000,0.273,375
identity_r3,cancel,1000000,0.274,375
identity_r3,cancel,1000000,0.275,375
identity_r3,cancel,1000000,0.276,375
identity_r3,cancel,1000000,0.277,375
identity_r3,cancel,1000000,0.278,375
identity_r3,cancel,1000000,0.279,375
identity_r3,cancel,1000000,0.28,416
identity_r3,cancel,1000000,0.281,416
identity_r3,cancel,1000000,0.282,416
identity_r3,cancel,1000000,0.283,416
identity_r3,cancel,1000000,0.284,416
identity_r3,cancel,1000000,0.285,416
identity_r3,cancel,1000000,0.286,416
identity_r3,cancel,1000000,0.287,416
identity_r3,cancel,1000000,0.288,416
identity_r3,cancel,1000000,0.289,416
identity_r3,cancel,1000000,0.29,416
identity_r3,cancel,1000000,0.291,416
identity_r3,cancel,1000000,0.292,416
identity_r3,cancel,1000000,0.293,416
identity_r3,cancel,1000000,0.294,416
identity_r3,cancel,1000000,0.295,416
identity_r3,cancel,1000000,0.296,416
identity_r3,cancel,1000000,0.297,416
identity_r3,cancel,1000000,0.298,416
identity_r3,cancel,1000000,0.299,416
identity_r3,cancel,1000000,0.3,416
identity_r3,cancel,1000000,0.301,416
identity_r3,cancel,1000000,0.302,416
identity_r3,cancel,1000000,0.303,416
identity_r3,cancel,1000000,0.304,416
identity_r3,cancel,1000000,0.305,416
identity_r3,cancel,1000000,0.306,416
identity_r3,cancel,1000000,0.307,416
identity_r3,cancel,1000000,0.308,416
identity_r3,cancel,1000000,0.309,416
identity_r3,cancel,1000000,0.31,416
identity_r3,cancel,1000000,0.311,416
identity_r3,cancel,1000000,0.312,416
identity_r3,cancel,1000000,0.313,416
identity_r3,cancel,1000000,0.314,416
identity_r3,cancel,1000000,0.315,416
identity_r3,cancel,1000000,0.316,416
identity_r3,cancel,1000000,0.317,416
identity_r3,cancel,1000000,0.318,416
identity_r3,cancel,1000000,0.319,416
identity_r3,cancel,1000000,0.32,416
identity_r3,cancel,1000000,0.321,417
identity_r3,cancel,1000000,0.322,417
identity_r3,cancel,1000000,0.323,417
identity_r3,cancel,1000000,0.324,417
identity_r3,cancel,1000000,0.325,417
identity_r3,cancel,1000000,0.326,417
identity_r3,cancel,1000000,0.327,417
identity_r3,cancel,1000000,0.328,417
identity_r3,cancel,1000000,0.329,417
identity_r3,cancel,1000000,0.33,417
identity_r3,cancel,1000000,0.331,417
identity_r3,cancel,1000000,0.332,417
identity_r3,cancel,1000000,0.333,417
identity_r3,cancel,1000000,0.334,417
identity_r3,cancel,1000000,0.335,417
identity_r3,cancel,1000000,0.336,417
identity_r3,cancel,1000000,0.337,417
identity_r3,cancel,1000000,0.338,417
identity_r3,cancel,1000000,0.339,417
identity_r3,cancel,1000000,0.34,417
identity_r3,cancel,1000000,0.341,417
identity_r3,cancel,1000000,0.342,417
identity_r3,cancel,1000000,0.343,417
identity_r3,cancel,1000000,0.344,417
identity_r3,cancel,1000000,0.345,417
identity_r3,cancel,1000000,0.346,417
identity_r3,cancel,1000000,0.347,417
identity_r3,cancel,1000000,0.348,417
identity_r3,cancel,1000000,0.349,417
identity_r3,cancel,1000000,0.35,417
identity_r3,cancel,1000000,0.351,417
identity_r3,cancel,1000000,0.352,417
identity_r3,cancel,1000000,0.353,417
identity_r3,cancel,1000000,0.354,417
identity_r3,cancel,1000000,0.355,417
identity_r3,cancel,1000000,0.356,417
identity_r3,cancel,1000000,0.357,417
identity_r3,cancel,1000000,0.358,417
identity_r3,cancel,1000000,0.359,417
identity_r3,cancel,1000000,0.36,417
identity_r3,cancel,1000000,0.361,417
identity_r3,cancel,1000000,0.362,417
identity_r3,cancel,1000000,0.363,417
identity_r3,cancel,1000000,0.364,417
identity_r3,cancel,1000000,0.365,417
identity_r3,cancel,1000000,0.366,417
identity_r3,cancel,1000000,0.367,417
identity_r3,cancel,1000000,0.368,417
identity_r3,cancel,1000000,0.369,417
identity_r3,cancel,1000000,0.37,417
identity_r3,cancel,1000000,0.371,417
identity_r3,cancel,1000000,0.372,417
identity_r3,cancel,1000000,0.373,417
identity_r3,cancel,1000000,0.374,417
identity_r3,cancel,1000000,0.375,417
identity_r3,cancel,1000000,0.376,417
identity_r3,cancel,1000000,0.377,417
identity_r3,cancel,1000000,0.378,417
identity_r3,cancel,1000000,0.379,417
identity_r3,cancel,1000000,0.38,417
identity_r3,cancel,1000000,0.381,417
identity_r3,cancel,1000000,0.382,417
identity_r3,cancel,1000000,0.383,417
identity_r3,cancel,1000000,0.384,417
identity_r3,cancel,1000000,0.385,417
identity_r3,cancel,1000000,0.386,417
identity_r3,cancel,1000000,0.387,417
identity_r3,cancel,1000000,0.388,417
identity_r3,cancel,1000000,0.389,417
identity_r3,cancel,1000000,0.39,417
identity_r3,cancel,1000000,0.391,417
identity_r3,cancel,1000000,0.392,417
identity_r3,cancel,1000000,0.393,417
identity_r3,cancel,1000000,0.394,417
identity_r3,cancel,1000000,0.395,417
identity_r3,cancel,1000000,0.396,417
identity_r3,cancel,1000000,0.397,417
identity_r3,cancel,1000000,0.398,417
identity_r3,cancel,1000000,0.399,417
identity_r3,cancel,1000000,0.4,417
identity_r3,cancel,1000000,0.401,417
identity_r3,cancel,1000000,0.402,417
identity_r3,cancel,1000000,0.403,417
identity_r3,cancel,1000000,0.404,417
identity_r3,cancel,1000000,0.405,458
identity_r3,cancel,1000000,0.406,458
identity_r3,cancel,1000000,0.407,458
identity_r3,cancel,1000000,0.408,458
identity_r3,cancel,1000000,0.409,458
identity_r3,cancel,1000000,0.41,458
identity_r3,cancel,1000000,0.411,458
identity_r3,cancel,1000000,0.412,458
identity_r3,cancel,1000000,0.413,458
identity_r3,cancel,1000000,0.414,458
identity_r3,cancel,1000000,0.415,458
identity_r3,cancel,1000000,0.416,458
identity_r3,cancel,1000000,0.417,458
identity_r3,cancel,1000000,0.418,458
identity_r3,cancel,1000000,0.419,458
identity_r3,cancel,1000000,0.42,458
identity_r3,cancel,1000000,0.421,458
identity_r3,cancel,1000000,0.422,458
identity_r3,cancel,1000000,0.423,458
identity_r3,cancel,1000000,0.424,458
identity_r3,cancel,1000000,0.425,458
identity_r3,cancel,1000000,0.426,458
identity_r3,cancel,1000000,0.427,458
identity_r3,cancel,1000000,0.428,458
identity_r3,cancel,1000000,0.429,458
identity_r3,cancel,1000000,0.43,458
identity_r3,cancel,1000000,0.431,458
identity_r3,cancel,1000000,0.432,458
identity_r3,cancel,1000000,0.433,458
identity_r3,cancel,1000000,0.434,458
identity_r3,cancel,1000000,0.435,458
identity_r3,cancel,1000000,0.436,458
identity_r3,cancel,1000000,0.437,458
identity_r3,cancel,1000000,0.438,458
identity_r3,cancel,1000000,0.439,458
identity_r3,cancel,1000000,0.44,458
identity_r3,cancel,1000000,0.441,458
identity_r3,cancel,1000000,0.442,458
identity_r3,cancel,1000000,0.443,458
identity_r3,cancel,1000000,0.444,458
identity_r3,cancel,1000000,0.445,458
identity_r3,cancel,1000000,0.446,458
identity_r3,cancel,1000000,0.447,458
identity_r3,cancel,1000000,0.448,458
identity_r3,cancel,1000000,0.449,458
identity_r3,cancel,1000000,0.45,458
identity_r3,cancel,1000000,0.451,458
identity_r3,cancel,1000000,0.452,458
identity_r3,cancel,1000000,0.453,458
identity_r3,cancel,1000000,0.454,458
identity_r3,cancel,1000000,0.455,458
identity_r3,cancel,1000000,0.456,458
identity_r3,cancel,1000000,0.457,458
identity_r3,cancel,1000000,0.458,458
identity_r3,cancel,1000000,0.459,458
identity_r3,cancel,1000000,0.46,458
identity_r3,cancel,1000000,0.461,458
identity_r3,cancel,1000000,0.462,458
identity_r3,cancel,1000000,0.463,458
identity_r3,cancel,1000000,0.464,458
identity_r3,cancel,1000000,0.465,458
identity_r3,cancel,1000000,0.466,458
identity_r3,cancel,1000000,0.467,458
identity_r3,cancel,1000000,0.468,458
identity_r3,cancel,1000000,0.469,458
identity_r3,cancel,1000000,0.47,458
identity_r3,cancel,1000000,0.471,458
identity_r3,cancel,1000000,0.472,458
identity_r3,cancel,1000000,0.473,458
identity_r3,cancel,1000000,0.474,458
identity_r3,cancel,1000000,0.475,459
identity_r3,cancel,1000000,0.476,459
identity_r3,cancel,1000000,0.477,459
identity_r3,cancel,1000000,0.478,459
identity_r3,cancel,1000000,0.479,459
identity_r3,cancel,1000000,0.48,459
identity_r3,cancel,1000000,0.481,459
identity_r3,cancel,1000000,0.482,459
identity_r3,cancel,1000000,0.483,459
identity_r3,cancel,1000000,0.484,459
identity_r3,cancel,1000000,0.485,459
identity_r3,cancel,1000000,0.486,459
identity_r3,cancel,1000000,0.487,459
identity_r3,cancel,1000000,0.488,459
identity_r3,cancel,1000000,0.489,459
identity_r3,cancel,1000000,0.49,459
identity_r3,cancel,1000000,0.491,459
identity_r3,cancel,1000000,0.492,459
identity_r3,cancel,1000000,0.493,459
identity_r3,cancel,1000000,0.494,459
identity_r3,cancel,1000000,0.495,459
identity_r3,cancel,1000000,0.496,459
identity_r3,cancel,1000000,0.497,459
identity_r3,cancel,1000000,0.498,459
identity_r3,cancel,1000000,0.499,459
identity_r3,cancel,1000000,0.5,459
identity_r3,cancel,1000000,0.501,459
identity_r3,cancel,1000000,0.502,459
identity_r3,cancel,1000000,0.503,459
identity_r3,cancel,1000000,0.504,459
identity_r3,cancel,1000000,0.505,459
identity_r3,cancel,1000000,0.506,459
identity_r3,cancel,1000000,0.507,459
identity_r3,cancel,1000000,0.508,459
identity_r3,cancel,1000000,0.509,459
identity_r3,cancel,1000000,0.51,459
identity_r3,cancel,1000000,0.511,500
identity_r3,cancel,1000000,0.512,500
identity_r3,cancel,1000000,0.513,500
identity_r3,cancel,1000000,0.514,500
identity_r3,cancel,1000000,0.515,500
identity_r3,cancel,1000000,0.516,500
identity_r3,cancel,1000000,0.517,500
identity_r3,cancel,1000000,0.518,500
identity_r3,cancel,1000000,0.519,500
identity_r3,cancel,1000000,0.52,500
identity_r3,cancel,1000000,0.521,500
identity_r3,cancel,1000000,0.522,500
identity_r3,cancel,1000000,0.523,500
identity_r3,cancel,1000000,0.524,500
identity_r3,cancel,1000000,0.525,500
identity_r3,cancel,1000000,0.526,500
identity_r3,cancel,1000000,0.527,500
identity_r3,cancel,1000000,0.528,500
identity_r3,cancel,1000000,0.529,500
identity_r3,cancel,1000000,0.53,500
identity_r3,cancel,1000000,0.531,500
identity_r3,cancel,1000000,0.532,500
identity_r3,cancel,1000000,0.533,500
identity_r3,cancel,1000000,0.534,500
identity_r3,cancel,1000000,0.535,500
identity_r3,cancel,1000000,0.536,500
identity_r3,cancel,1000000,0.537,500
identity_r3,cancel,1000000,0.538,500
identity_r3,cancel,1000000,0.539,500
identity_r3,cancel,1000000,0.54,500
identity_r3,cancel,1000000,0.541,500
identity_r3,cancel,1000000,0.542,500
identity_r3,cancel,1000000,0.543,500
identity_r3,cancel,1000000,0.544,500
identity_r3,cancel,1000000,0.545,500
identity_r3,cancel,1000000,0.546,500
identity_r3,cancel,1000000,0.547,500
identity_r3,cancel,1000000,0.548,500
identity_r3,cancel,1000000,0.549,500
identity_r3,cancel,1000000,0.55,500
identity_r3,cancel,1000000,0.551,500
identity_r3,cancel,1000000,0.552,500
identity_r3,cancel,1000000,0.553,500
identity_r3,cancel,1000000,0.554,500
identity_r3,cancel,1000000,0.555,500
identity_r3,cancel,1000000,0.556,500
identity_r3,cancel,1000000,0.557,500
identity_r3,cancel,1000000,0.558,500
identity_r3,cancel,1000000,0.559,500
identity_r3,cancel,1000000,0.56,500
identity_r3,cancel,1000000,0.561,500
identity_r3,cancel,1000000,0.562,500
identity_r3,cancel,1000000,0.563,500
identity_r3,cancel,1000000,0.564,500
identity_r3,cancel,1000000,0.565,500
identity_r3,cancel,1000000,0.566,500
identity_r3,cancel,1000000,0.567,500
identity_r3,cancel,1000000,0.568,500
identity_r3,cancel,1000000,0.569,500
identity_r3,cancel,1000000,0.57,500
identity_r3,cancel,1000000,0.571,500
identity_r3,cancel,1000000,0.572,500
identity_r3,cancel,1000000,0.573,500
identity_r3,cancel,1000000,0.574,500
identity_r3,cancel,1000000,0.575,500
identity_r3,cancel,1000000,0.576,500
identity_r3,cancel,1000000,0.577,500
identity_r3,cancel,1000000,0.578,500
identity_r3,cancel,1000000,0.579,500
identity_r3,cancel,1000000,0.58,500
identity_r3,cancel,1000000,0.581,500
identity_r3,cancel,1000000,0.582,500
identity_r3,cancel,1000000,0.583,500
identity_r3,cancel,1000000,0.584,500
identity_r3,cancel,1000000,0.585,500
identity_r3,cancel,1000000,0.586,500
identity_r3,cancel,1000000,0.587,500
identity_r3,cancel,1000000,0.588,500
identity_r3,cancel,1000000,0.589,500
identity_r3,cancel,1000000,0.59,500
identity_r3,cancel,1000000,0.591,500
identity_r3,cancel,1000000,0.592,500
identity_r3,cancel,1000000,0.593,500
identity_r3,cancel,1000000,0.594,500
identity_r3,cancel,1000000,0.595,500
identity_r3,cancel,1000000,0.596,500
identity_r3,cancel,1000000,0.597,500
identity_r3,cancel,1000000,0.598,500
identity_r3,cancel,1000000,0.599,500
identity_r3,cancel,1000000,0.6,541
identity_r3,cancel,1000000,0.601,541
identity_r3,cancel,1000000,0.602,541
identity_r3,cancel,1000000,0.603,541
identity_r3,cancel,1000000,0.604,541
identity_r3,cancel,1000000,0.605,541
identity_r3,cancel,1000000,0.606,541
identity_r3,cancel,1000000,0.607,541
identity_r3,cancel,1000000,0.608,541
identity_r3,cancel,1000000,0.609,541
identity_r3,cancel,1000000,0.61,541
identity_r3,cancel,1000000,0.611,541
identity_r3,cancel,1000000,0.612,541
identity_r3,cancel,1000000,0.613,541
identity_r3,cancel,1000000,0.614,541
identity_r3,cancel,1000000,0.615,541
identity_r3,cancel,1000000,0.616,541
identity_r3,cancel,1000000,0.617,541
identity_r3,cancel,1000000,0.618,541
identity_r3,cancel,1000000,0.619,541
identity_r3,cancel,1000000,0.62,541
identity_r3,cancel,1000000,0.621,541
identity_r3,cancel,1000000,0.622,541
identity_r3,cancel,1000000,0.623,542
identity_r3,cancel,1000000,0.624,542
identity_r3,cancel,1000000,0.625,542
identity_r3,cancel,1000000,0.626,542
identity_r3,cancel,1000000,0.627,542
identity_r3,cancel,1000000,0.628,542
identity_r3,cancel,1000000,0.629,542
identity_r3,cancel,1000000,0.63,542
identity_r3,cancel,1000000,0.631,542
identity_r3,cancel,1000000,0.632,542
identity_r3,cancel,1000000,0.633,542
identity_r3,cancel,1000000,0.634,542
identity_r3,cancel,1000000,0.635,542
identity_r3,cancel,1000000,0.636,542
identity_r3,cancel,1000000,0.637,542
identity_r3,cancel,1000000,0.638,542
identity_r3,cancel,1000000,0.639,542
identity_r3,cancel,1000000,0.64,542
identity_r3,cancel,1000000,0.641,542
identity_r3,cancel,1000000,0.642,542
identity_r3,cancel,1000000,0.643,542
identity_r3,cancel,1000000,0.644,542
identity_r3,cancel,1000000,0.645,542
identity_r3,cancel,1000000,0.646,542
identity_r3,cancel,1000000,0.647,542
identity_r3,cancel,1000000,0.648,542
identity_r3,cancel,1000000,0.649,542
identity_r3,cancel,1000000,0.65,542
identity_r3,cancel,1000000,0.651,542
identity_r3,cancel,1000000,0.652,542
identity_r3,cancel,1000000,0.653,542
identity_r3,cancel,1000000,0.654,542
identity_r3,cancel,1000000,0.655,542
identity_r3,cancel,1000000,0.656,542
identity_r3,cancel,1000000,0.657,542
identity_r3,cancel,1000000,0.658,542
identity_r3,cancel,1000000,0.659,542
identity_r3,cancel,1000000,0.66,542
identity_r3,cancel,1000000,0.661,542
identity_r3,cancel,1000000,0.662,542
identity_r3,cancel,1000000,0.663,542
identity_r3,cancel,1000000,0.664,542
identity_r3,cancel,1000000,0.665,542
identity_r3,cancel,1000000,0.666,542
identity_r3,cancel,1000000,0.667,542
identity_r3,cancel,1000000,0.668,542
identity_r3,cancel,1000000,0.669,542
identity_r3,cancel,1000000,0.67,583
identity_r3,cancel,1000000,0.671,583
identity_r3,cancel,1000000,0.672,583
identity_r3,cancel,1000000,0.673,583
identity_r3,cancel,1000000,0.674,583
identity_r3,cancel,1000000,0.675,583
identity_r3,cancel,1000000,0.676,583
identity_r3,cancel,1000000,0.677,583
identity_r3,cancel,1000000,0.678,583
identity_r3,cancel,1000000,0.679,583
identity_r3,cancel,1000000,0.68,583
identity_r3,cancel,1000000,0.681,583
identity_r3,cancel,1000000,0.682,583
identity_r3,cancel,1000000,0.683,583
identity_r3,cancel,1000000,0.684,583
identity_r3,cancel,1000000,0.685,583
identity_r3,cancel,1000000,0.686,583
identity_r3,cancel,1000000,0.687,583
identity_r3,cancel,1000000,0.688,583
identity_r3,cancel,1000000,0.689,583
identity_r3,cancel,1000000,0.69,583
identity_r3,cancel,1000000,0.691,583
identity_r3,cancel,1000000,0.692,583
identity_r3,cancel,1000000,0.693,583
identity_r3,cancel,1000000,0.694,583
identity_r3,cancel,1000000,0.695,583
identity_r3,cancel,1000000,0.696,583
identity_r3,cancel,1000000,0.697,583
identity_r3,cancel,1000000,0.698,583
identity_r3,cancel,1000000,0.699,583
identity_r3,cancel,1000000,0.7,583
identity_r3,cancel,1000000,0.701,583
identity_r3,cancel,1000000,0.702,583
identity_r3,cancel,1000000,0.703,583
identity_r3,cancel,1000000,0.704,583
identity_r3,cancel,1000000,0.705,583
identity_r3,cancel,1000000,0.706,583
identity_r3,cancel,1000000,0.707,583
identity_r3,cancel,1000000,0.708,584
identity_r3,cancel,1000000,0.709,584
identity_r3,cancel,1000000,0.71,584
identity_r3,cancel,1000000,0.711,584
identity_r3,cancel,1000000,0.712,584
identity_r3,cancel,1000000,0.713,584
identity_r3,cancel,1000000,0.714,584
identity_r3,cancel,1000000,0.715,584
identity_r3,cancel,1000000,0.716,584
identity_r3,cancel,1000000,0.717,584
identity_r3,cancel,1000000,0.718,584
identity_r3,cancel,1000000,0.719,584
identity_r3,cancel,1000000,0.72,584
identity_r3,cancel,1000000,0.721,584
identity_r3,cancel,1000000,0.722,584
identity_r3,cancel,1000000,0.723,584
identity_r3,cancel,1000000,0.724,584
identity_r3,cancel,1000000,0.725,584
identity_r3,cancel,1000000,0.726,625
identity_r3,cancel,1000000,0.727,625
identity_r3,cancel,1000000,0.728,625
identity_r3,cancel,1000000,0.729,625
identity_r3,cancel,1000000,0.73,625
identity_r3,cancel,1000000,0.731,625
identity_r3,cancel,1000000,0.732,625
identity_r3,cancel,1000000,0.733,625
identity_r3,cancel,1000000,0.734,625
identity_r3,cancel,1000000,0.735,625
identity_r3,cancel,1000000,0.736,625
identity_r3,cancel,1000000,0.737,625
identity_r3,cancel,1000000,0.738,625
identity_r3,cancel,1000000,0.739,625
identity_r3,cancel,1000000,0.74,625
identity_r3,cancel,1000000,0.741,625
identity_r3,cancel,1000000,0.742,625
identity_r3,cancel,1000000,0.743,625
identity_r3,cancel,1000000,0.744,625
identity_r3,cancel,1000000,0.745,625
identity_r3,cancel,1000000,0.746,625
identity_r3,cancel,1000000,0.747,625
identity_r3,cancel,1000000,0.748,625
identity_r3,cancel,1000000,0.749,625
identity_r3,cancel,1000000,0.75,625
identity_r3,cancel,1000000,0.751,625
identity_r3,cancel,1000000,0.752,625
identity_r3,cancel,1000000,0.753,625
identity_r3,cancel,1000000,0.754,625
identity_r3,cancel,1000000,0.755,625
identity_r3,cancel,1000000,0.756,625
identity_r3,cancel,1000000,0.757,625
identity_r3,cancel,1000000,0.758,625
identity_r3,cancel,1000000,0.759,625
identity_r3,cancel,1000000,0.76,625
identity_r3,cancel,1000000,0.761,625
identity_r3,cancel,1000000,0.762,625
identity_r3,cancel,1000000,0.763,625
identity_r3,cancel,1000000,0.764,625
identity_r3,cancel,1000000,0.765,625
identity_r3,cancel,1000000,0.766,625
identity_r3,cancel,1000000,0.767,625
identity_r3,cancel,1000000,0.768,625
identity_r3,cancel,1000000,0.769,625
identity_r3,cancel,1000000,0.77,625
identity_r3,cancel,1000000,0.771,666
identity_r3,cancel,1000000,0.772,666
identity_r3,cancel,1000000,0.773,666
identity_r3,cancel,1000000,0.774,666
identity_r3,cancel,1000000,0.775,666
identity_r3,cancel,1000000,0.776,666
identity_r3,cancel,1000000,0.777,666
identity_r3,cancel,1000000,0.778,666
identity_r3,cancel,1000000,0.779,666
identity_r3,cancel,1000000,0.78,666
identity_r3,cancel,1000000,0.781,666
identity_r3,cancel,1000000,0.782,666
identity_r3,cancel,1000000,0.783,667
identity_r3,cancel,1000000,0.784,667
identity_r3,cancel,1000000,0.785,667
identity_r3,cancel,1000000,0.786,667
identity_r3,cancel,1000000,0.787,667
identity_r3,cancel,1000000,0.788,667
identity_r3,cancel,1000000,0.789,667
identity_r3,cancel,1000000,0.79,667
identity_r3,cancel,1000000,0.791,667
identity_r3,cancel,1000000,0.792,667
identity_r3,cancel,1000000,0.793,667
identity_r3,cancel,1000000,0.794,667
identity_r3,cancel,1000000,0.795,667
identity_r3,cancel,1000000,0.796,667
identity_r3,cancel,1000000,0.797,667
identity_r3,cancel,1000000,0.798,667
identity_r3,cancel,1000000,0.799,667
identity_r3,cancel,1000000,0.8,667
identity_r3,cancel,1000000,0.801,667
identity_r3,cancel,1000000,0.802,667
identity_r3,cancel,1000000,0.803,667
identity_r3,cancel,1000000,0.804,667
identity_r3,cancel,1000000,0.805,667
identity_r3,cancel,1000000,0.806,667
identity_r3,cancel,1000000,0.807,708
identity_r3,cancel,1000000,0.808,708
identity_r3,cancel,1000000,0.809,708
identity_r3,cancel,1000000,0.81,708
identity_r3,cancel,1000000,0.811,708
identity_r3,cancel,1000000,0.812,708
identity_r3,cancel,1000000,0.813,708
identity_r3,cancel,1000000,0.814,708
identity_r3,cancel,1000000,0.815,708
identity_r3,cancel,1000000,0.816,708
identity_r3,cancel,1000000,0.817,708
identity_r3,cancel,1000000,0.818,708
identity_r3,cancel,1000000,0.819,708
identity_r3,cancel,1000000,0.82,708
identity_r3,cancel,1000000,0.821,708
identity_r3,cancel,1000000,0.822,708
identity_r3,cancel,1000000,0.823,708
identity_r3,cancel,1000000,0.824,708
identity_r3,cancel,1000000,0.825,708
identity_r3,cancel,1000000,0.826,708
identity_r3,cancel,1000000,0.827,709
identity_r3,cancel,1000000,0.828,709
identity_r3,cancel,1000000,0.829,709
identity_r3,cancel,1000000,0.83,709
identity_r3,cancel,1000000,0.831,709
identity_r3,cancel,1000000,0.832,709
identity_r3,cancel,1000000,0.833,709
identity_r3,cancel,1000000,0.834,709
identity_r3,cancel,1000000,0.835,709
identity_r3,cancel,1000000,0.836,709
identity_r3,cancel,1000000,0.837,750
identity_r3,cancel,1000000,0.838,750
identity_r3,cancel,1000000,0.839,750
identity_r3,cancel,1000000,0.84,750
identity_r3,cancel,1000000,0.841,750
identity_r3,cancel,1000000,0.842,750
identity_r3,cancel,1000000,0.843,750
identity_r3,cancel,1000000,0.844,750
identity_r3,cancel,1000000,0.845,750
identity_r3,cancel,1000000,0.846,750
identity_r3,cancel,1000000,0.847,750
identity_r3,cancel,1000000,0.848,750
identity_r3,cancel,1000000,0.849,750
identity_r3,cancel,1000000,0.85,750
identity_r3,cancel,1000000,0.851,750
identity_r3,cancel,1000000,0.852,750
identity_r3,cancel,1000000,0.853,750
identity_r3,cancel,1000000,0.854,750
identity_r3,cancel,1000000,0.855,750
identity_r3,cancel,1000000,0.856,750
identity_r3,cancel,1000000,0.857,750
identity_r3,cancel,1000000,0.858,750
identity_r3,cancel,1000000,0.859,750
identity_r3,cancel,1000000,0.86,791
identity_r3,cancel,1000000,0.861,791
identity_r3,cancel,1000000,0.862,791
identity_r3,cancel,1000000,0.863,791
identity_r3,cancel,1000000,0.864,791
identity_r3,cancel,1000000,0.865,791
identity_r3,cancel,1000000,0.866,791
identity_r3,cancel,1000000,0.867,792
identity_r3,cancel,1000000,0.868,792
identity_r3,cancel,1000000,0.869,792
identity_r3,cancel,1000000,0.87,792
identity_r3,cancel,1000000,0.871,792
identity_r3,cancel,1000000,0.872,792
identity_r3,cancel,1000000,0.873,792
identity_r3,cancel,1000000,0.874,792
identity_r3,cancel,1000000,0.875,792
identity_r3,cancel,1000000,0.876,792
identity_r3,cancel,1000000,0.877,792
identity_r3,cancel,1000000,0.878,792
identity_r3,cancel,1000000,0.879,833
identity_r3,cancel,1000000,0.88,833
identity_r3,cancel,1000000,0.881,833
identity_r3,cancel,1000000,0.882,833
identity_r3,cancel,1000000,0.883,833
identity_r3,cancel,1000000,0.884,833
identity_r3,cancel,1000000,0.885,833
identity_r3,cancel,1000000,0.886,833
identity_r3,cancel,1000000,0.887,833
identity_r3,cancel,1000000,0.888,833
identity_r3,cancel,1000000,0.889,833
identity_r3,cancel,1000000,0.89,834
identity_r3,cancel,1000000,0.891,834
identity_r3,cancel,1000000,0.892,834
identity_r3,cancel,1000000,0.893,834
identity_r3,cancel,1000000,0.894,834
identity_r3,cancel,1000000,0.895,875
identity_r3,cancel,1000000,0.896,875
identity_r3,cancel,1000000,0.897,875
identity_r3,cancel,1000000,0.898,875
identity_r3,cancel,1000000,0.899,875
identity_r3,cancel,1000000,0.9,875
identity_r3,cancel,1000000,0.901,875
identity_r3,cancel,1000000,0.902,875
identity_r3,cancel,1000000,0.903,875
identity_r3,cancel,1000000,0.904,875
identity_r3,cancel,1000000,0.905,875
identity_r3,cancel,1000000,0.906,875
identity_r3,cancel,1000000,0.907,875
identity_r3,cancel,1000000,0.908,916
identity_r3,cancel,1000000,0.909,916
identity_r3,cancel,1000000,0.91,916
identity_r3,cancel,1000000,0.911,916
identity_r3,cancel,1000000,0.912,917
identity_r3,cancel,1000000,0.913,917
identity_r3,cancel,1000000,0.914,917
identity_r3,cancel,1000000,0.915,917
identity_r3,cancel,1000000,0.916,917
identity_r3,cancel,1000000,0.917,917
identity_r3,cancel,1000000,0.918,917
identity_r3,cancel,1000000,0.919,917
identity_r3,cancel,1000000,0.92,958
identity_r3,cancel,1000000,0.921,958
identity_r3,cancel,1000000,0.922,958
identity_r3,cancel,1000000,0.923,958
identity_r3,cancel,1000000,0.924,958
identity_r3,cancel,1000000,0.925,958
identity_r3,cancel,1000000,0.926,959
identity_r3,cancel,1000000,0.927,959
identity_r3,cancel,1000000,0.928,959
identity_r3,cancel,1000000,0.929,959
identity_r3,cancel,1000000,0.93,1000
identity_r3,cancel,1000000,0.931,1000
identity_r3,cancel,1000000,0.932,1000
identity_r3,cancel,1000000,0.933,1000
identity_r3,cancel,1000000,0.934,1000
identity_r3,cancel,1000000,0.935,1000
identity_r3,cancel,1000000,0.936,1000
identity_r3,cancel,1000000,0.937,1000
identity_r3,cancel,1000000,0.938,1041
identity_r3,cancel,1000000,0.939,1041
identity_r3,cancel,1000000,0.94,1041
identity_r3,cancel,1000000,0.941,1042
identity_r3,cancel,1000000,0.942,1042
identity_r3,cancel,1000000,0.943,1042
identity_r3,cancel,1000000,0.944,1042
identity_r3,cancel,1000000,0.945,1042
identity_r3,cancel,1000000,0.946,1083
identity_r3,cancel,1000000,0.947,1083
identity_r3,cancel,1000000,0.948,1083
identity_r3,cancel,1000000,0.949,1083
identity_r3,cancel,1000000,0.95,1084
identity_r3,cancel,1000000,0.951,1084
identity_r3,cancel,1000000,0.952,1084
identity_r3,cancel,1000000,0.953,1125
identity_r3,cancel,1000000,0.954,1125
identity_r3,cancel,1000000,0.955,1125
identity_r3,cancel,1000000,0.956,1125
identity_r3,cancel,1000000,0.957,1125
identity_r3,cancel,1000000,0.958,1125
identity_r3,cancel,1000000,0.959,1166
identity_r3,cancel,1000000,0.96,1167
identity_r3,cancel,1000000,0.961,1167
identity_r3,cancel,1000000,0.962,1167
identity_r3,cancel,1000000,0.963,1167
identity_r3,cancel,1000000,0.964,1208
identity_r3,cancel,1000000,0.965,1208
identity_r3,cancel,1000000,0.966,1208
identity_r3,cancel,1000000,0.967,1209
identity_r3,cancel,1000000,0.968,1209
identity_r3,cancel,1000000,0.969,1250
identity_r3,cancel,1000000,0.97,1250
identity_r3,cancel,1000000,0.971,1250
identity_r3,cancel,1000000,0.972,1250
identity_r3,cancel,1000000,0.973,1291
identity_r3,cancel,1000000,0.974,1292
identity_r3,cancel,1000000,0.975,1292
identity_r3,cancel,1000000,0.976,1333
identity_r3,cancel,1000000,0.977,1333
identity_r3,cancel,1000000,0.978,1334
identity_r3,cancel,1000000,0.979,1375
identity_r3,cancel,1000000,0.98,1375
identity_r3,cancel,1000000,0.981,1416
identity_r3,cancel,1000000,0.982,1417
identity_r3,cancel,1000000,0.983,1458
identity_r3,cancel,1000000,0.984,1459
identity_r3,cancel,1000000,0.985,1500
identity_r3,cancel,1000000,0.986,1542
identity_r3,cancel,1000000,0.987,1583
identity_r3,cancel,1000000,0.988,1625
identity_r3,cancel,1000000,0.989,1666
identity_r3,cancel,1000000,0.99,1708
identity_r3,cancel,1000000,0.991,1750
identity_r3,cancel,1000000,0.992,1792
identity_r3,cancel,1000000,0.993,1875
identity_r3,cancel,1000000,0.994,1958
identity_r3,cancel,1000000,0.995,2084
identity_r3,cancel,1000000,0.996,2292
identity_r3,cancel,1000000,0.997,2708
identity_r3,cancel,1000000,0.998,5708
identity_r3,cancel,1000000,0.999,11459
identity_r3,match,1000000,0,0
identity_r3,match,1000000,0.001,0
identity_r3,match,1000000,0.002,0
identity_r3,match,1000000,0.003,0
identity_r3,match,1000000,0.004,0
identity_r3,match,1000000,0.005,0
identity_r3,match,1000000,0.006,0
identity_r3,match,1000000,0.007,0
identity_r3,match,1000000,0.008,0
identity_r3,match,1000000,0.009,0
identity_r3,match,1000000,0.01,0
identity_r3,match,1000000,0.011,0
identity_r3,match,1000000,0.012,0
identity_r3,match,1000000,0.013,0
identity_r3,match,1000000,0.014,0
identity_r3,match,1000000,0.015,0
identity_r3,match,1000000,0.016,0
identity_r3,match,1000000,0.017,0
identity_r3,match,1000000,0.018,0
identity_r3,match,1000000,0.019,0
identity_r3,match,1000000,0.02,0
identity_r3,match,1000000,0.021,41
identity_r3,match,1000000,0.022,41
identity_r3,match,1000000,0.023,41
identity_r3,match,1000000,0.024,41
identity_r3,match,1000000,0.025,41
identity_r3,match,1000000,0.026,41
identity_r3,match,1000000,0.027,41
identity_r3,match,1000000,0.028,41
identity_r3,match,1000000,0.029,41
identity_r3,match,1000000,0.03,41
identity_r3,match,1000000,0.031,41
identity_r3,match,1000000,0.032,41
identity_r3,match,1000000,0.033,41
identity_r3,match,1000000,0.034,41
identity_r3,match,1000000,0.035,41
identity_r3,match,1000000,0.036,41
identity_r3,match,1000000,0.037,41
identity_r3,match,1000000,0.038,41
identity_r3,match,1000000,0.039,41
identity_r3,match,1000000,0.04,41
identity_r3,match,1000000,0.041,41
identity_r3,match,1000000,0.042,41
identity_r3,match,1000000,0.043,41
identity_r3,match,1000000,0.044,41
identity_r3,match,1000000,0.045,41
identity_r3,match,1000000,0.046,41
identity_r3,match,1000000,0.047,41
identity_r3,match,1000000,0.048,41
identity_r3,match,1000000,0.049,41
identity_r3,match,1000000,0.05,41
identity_r3,match,1000000,0.051,41
identity_r3,match,1000000,0.052,41
identity_r3,match,1000000,0.053,41
identity_r3,match,1000000,0.054,41
identity_r3,match,1000000,0.055,41
identity_r3,match,1000000,0.056,41
identity_r3,match,1000000,0.057,41
identity_r3,match,1000000,0.058,41
identity_r3,match,1000000,0.059,41
identity_r3,match,1000000,0.06,41
identity_r3,match,1000000,0.061,41
identity_r3,match,1000000,0.062,41
identity_r3,match,1000000,0.063,41
identity_r3,match,1000000,0.064,41
identity_r3,match,1000000,0.065,41
identity_r3,match,1000000,0.066,41
identity_r3,match,1000000,0.067,41
identity_r3,match,1000000,0.068,41
identity_r3,match,1000000,0.069,41
identity_r3,match,1000000,0.07,41
identity_r3,match,1000000,0.071,41
identity_r3,match,1000000,0.072,41
identity_r3,match,1000000,0.073,41
identity_r3,match,1000000,0.074,41
identity_r3,match,1000000,0.075,41
identity_r3,match,1000000,0.076,41
identity_r3,match,1000000,0.077,41
identity_r3,match,1000000,0.078,41
identity_r3,match,1000000,0.079,41
identity_r3,match,1000000,0.08,41
identity_r3,match,1000000,0.081,41
identity_r3,match,1000000,0.082,41
identity_r3,match,1000000,0.083,41
identity_r3,match,1000000,0.084,41
identity_r3,match,1000000,0.085,41
identity_r3,match,1000000,0.086,41
identity_r3,match,1000000,0.087,41
identity_r3,match,1000000,0.088,41
identity_r3,match,1000000,0.089,41
identity_r3,match,1000000,0.09,41
identity_r3,match,1000000,0.091,41
identity_r3,match,1000000,0.092,41
identity_r3,match,1000000,0.093,41
identity_r3,match,1000000,0.094,41
identity_r3,match,1000000,0.095,41
identity_r3,match,1000000,0.096,41
identity_r3,match,1000000,0.097,41
identity_r3,match,1000000,0.098,41
identity_r3,match,1000000,0.099,41
identity_r3,match,1000000,0.1,41
identity_r3,match,1000000,0.101,41
identity_r3,match,1000000,0.102,41
identity_r3,match,1000000,0.103,41
identity_r3,match,1000000,0.104,41
identity_r3,match,1000000,0.105,41
identity_r3,match,1000000,0.106,41
identity_r3,match,1000000,0.107,41
identity_r3,match,1000000,0.108,41
identity_r3,match,1000000,0.109,41
identity_r3,match,1000000,0.11,41
identity_r3,match,1000000,0.111,41
identity_r3,match,1000000,0.112,41
identity_r3,match,1000000,0.113,41
identity_r3,match,1000000,0.114,41
identity_r3,match,1000000,0.115,41
identity_r3,match,1000000,0.116,41
identity_r3,match,1000000,0.117,41
identity_r3,match,1000000,0.118,41
identity_r3,match,1000000,0.119,41
identity_r3,match,1000000,0.12,41
identity_r3,match,1000000,0.121,41
identity_r3,match,1000000,0.122,41
identity_r3,match,1000000,0.123,41
identity_r3,match,1000000,0.124,41
identity_r3,match,1000000,0.125,41
identity_r3,match,1000000,0.126,41
identity_r3,match,1000000,0.127,41
identity_r3,match,1000000,0.128,41
identity_r3,match,1000000,0.129,41
identity_r3,match,1000000,0.13,41
identity_r3,match,1000000,0.131,41
identity_r3,match,1000000,0.132,41
identity_r3,match,1000000,0.133,41
identity_r3,match,1000000,0.134,41
identity_r3,match,1000000,0.135,41
identity_r3,match,1000000,0.136,41
identity_r3,match,1000000,0.137,41
identity_r3,match,1000000,0.138,41
identity_r3,match,1000000,0.139,42
identity_r3,match,1000000,0.14,42
identity_r3,match,1000000,0.141,42
identity_r3,match,1000000,0.142,42
identity_r3,match,1000000,0.143,42
identity_r3,match,1000000,0.144,42
identity_r3,match,1000000,0.145,42
identity_r3,match,1000000,0.146,42
identity_r3,match,1000000,0.147,42
identity_r3,match,1000000,0.148,42
identity_r3,match,1000000,0.149,42
identity_r3,match,1000000,0.15,42
identity_r3,match,1000000,0.151,42
identity_r3,match,1000000,0.152,42
identity_r3,match,1000000,0.153,42
identity_r3,match,1000000,0.154,42
identity_r3,match,1000000,0.155,42
identity_r3,match,1000000,0.156,42
identity_r3,match,1000000,0.157,42
identity_r3,match,1000000,0.158,42
identity_r3,match,1000000,0.159,42
identity_r3,match,1000000,0.16,42
identity_r3,match,1000000,0.161,42
identity_r3,match,1000000,0.162,42
identity_r3,match,1000000,0.163,42
identity_r3,match,1000000,0.164,42
identity_r3,match,1000000,0.165,42
identity_r3,match,1000000,0.166,42
identity_r3,match,1000000,0.167,42
identity_r3,match,1000000,0.168,42
identity_r3,match,1000000,0.169,42
identity_r3,match,1000000,0.17,42
identity_r3,match,1000000,0.171,42
identity_r3,match,1000000,0.172,42
identity_r3,match,1000000,0.173,42
identity_r3,match,1000000,0.174,42
identity_r3,match,1000000,0.175,42
identity_r3,match,1000000,0.176,42
identity_r3,match,1000000,0.177,42
identity_r3,match,1000000,0.178,42
identity_r3,match,1000000,0.179,42
identity_r3,match,1000000,0.18,42
identity_r3,match,1000000,0.181,42
identity_r3,match,1000000,0.182,42
identity_r3,match,1000000,0.183,42
identity_r3,match,1000000,0.184,42
identity_r3,match,1000000,0.185,42
identity_r3,match,1000000,0.186,42
identity_r3,match,1000000,0.187,42
identity_r3,match,1000000,0.188,42
identity_r3,match,1000000,0.189,42
identity_r3,match,1000000,0.19,42
identity_r3,match,1000000,0.191,42
identity_r3,match,1000000,0.192,42
identity_r3,match,1000000,0.193,42
identity_r3,match,1000000,0.194,42
identity_r3,match,1000000,0.195,42
identity_r3,match,1000000,0.196,42
identity_r3,match,1000000,0.197,42
identity_r3,match,1000000,0.198,42
identity_r3,match,1000000,0.199,42
identity_r3,match,1000000,0.2,42
identity_r3,match,1000000,0.201,42
identity_r3,match,1000000,0.202,42
identity_r3,match,1000000,0.203,42
identity_r3,match,1000000,0.204,42
identity_r3,match,1000000,0.205,42
identity_r3,match,1000000,0.206,42
identity_r3,match,1000000,0.207,42
identity_r3,match,1000000,0.208,42
identity_r3,match,1000000,0.209,42
identity_r3,match,1000000,0.21,42
identity_r3,match,1000000,0.211,42
identity_r3,match,1000000,0.212,42
identity_r3,match,1000000,0.213,42
identity_r3,match,1000000,0.214,42
identity_r3,match,1000000,0.215,42
identity_r3,match,1000000,0.216,42
identity_r3,match,1000000,0.217,42
identity_r3,match,1000000,0.218,42
identity_r3,match,1000000,0.219,42
identity_r3,match,1000000,0.22,42
identity_r3,match,1000000,0.221,42
identity_r3,match,1000000,0.222,42
identity_r3,match,1000000,0.223,42
identity_r3,match,1000000,0.224,42
identity_r3,match,1000000,0.225,42
identity_r3,match,1000000,0.226,42
identity_r3,match,1000000,0.227,42
identity_r3,match,1000000,0.228,42
identity_r3,match,1000000,0.229,42
identity_r3,match,1000000,0.23,42
identity_r3,match,1000000,0.231,42
identity_r3,match,1000000,0.232,42
identity_r3,match,1000000,0.233,42
identity_r3,match,1000000,0.234,42
identity_r3,match,1000000,0.235,42
identity_r3,match,1000000,0.236,42
identity_r3,match,1000000,0.237,42
identity_r3,match,1000000,0.238,42
identity_r3,match,1000000,0.239,42
identity_r3,match,1000000,0.24,42
identity_r3,match,1000000,0.241,42
identity_r3,match,1000000,0.242,42
identity_r3,match,1000000,0.243,42
identity_r3,match,1000000,0.244,42
identity_r3,match,1000000,0.245,42
identity_r3,match,1000000,0.246,42
identity_r3,match,1000000,0.247,42
identity_r3,match,1000000,0.248,42
identity_r3,match,1000000,0.249,42
identity_r3,match,1000000,0.25,42
identity_r3,match,1000000,0.251,42
identity_r3,match,1000000,0.252,42
identity_r3,match,1000000,0.253,42
identity_r3,match,1000000,0.254,42
identity_r3,match,1000000,0.255,42
identity_r3,match,1000000,0.256,42
identity_r3,match,1000000,0.257,42
identity_r3,match,1000000,0.258,42
identity_r3,match,1000000,0.259,42
identity_r3,match,1000000,0.26,42
identity_r3,match,1000000,0.261,42
identity_r3,match,1000000,0.262,42
identity_r3,match,1000000,0.263,42
identity_r3,match,1000000,0.264,42
identity_r3,match,1000000,0.265,42
identity_r3,match,1000000,0.266,42
identity_r3,match,1000000,0.267,42
identity_r3,match,1000000,0.268,42
identity_r3,match,1000000,0.269,42
identity_r3,match,1000000,0.27,42
identity_r3,match,1000000,0.271,42
identity_r3,match,1000000,0.272,42
identity_r3,match,1000000,0.273,42
identity_r3,match,1000000,0.274,42
identity_r3,match,1000000,0.275,42
identity_r3,match,1000000,0.276,42
identity_r3,match,1000000,0.277,42
identity_r3,match,1000000,0.278,42
identity_r3,match,1000000,0.279,42
identity_r3,match,1000000,0.28,42
identity_r3,match,1000000,0.281,42
identity_r3,match,1000000,0.282,42
identity_r3,match,1000000,0.283,42
identity_r3,match,1000000,0.284,42
identity_r3,match,1000000,0.285,42
identity_r3,match,1000000,0.286,42
identity_r3,match,1000000,0.287,42
identity_r3,match,1000000,0.288,42
identity_r3,match,1000000,0.289,42
identity_r3,match,1000000,0.29,42
identity_r3,match,1000000,0.291,42
identity_r3,match,1000000,0.292,42
identity_r3,match,1000000,0.293,42
identity_r3,match,1000000,0.294,42
identity_r3,match,1000000,0.295,42
identity_r3,match,1000000,0.296,42
identity_r3,match,1000000,0.297,42
identity_r3,match,1000000,0.298,42
identity_r3,match,1000000,0.299,42
identity_r3,match,1000000,0.3,42
identity_r3,match,1000000,0.301,42
identity_r3,match,1000000,0.302,42
identity_r3,match,1000000,0.303,42
identity_r3,match,1000000,0.304,42
identity_r3,match,1000000,0.305,42
identity_r3,match,1000000,0.306,42
identity_r3,match,1000000,0.307,42
identity_r3,match,1000000,0.308,42
identity_r3,match,1000000,0.309,42
identity_r3,match,1000000,0.31,42
identity_r3,match,1000000,0.311,42
identity_r3,match,1000000,0.312,42
identity_r3,match,1000000,0.313,42
identity_r3,match,1000000,0.314,42
identity_r3,match,1000000,0.315,42
identity_r3,match,1000000,0.316,42
identity_r3,match,1000000,0.317,42
identity_r3,match,1000000,0.318,42
identity_r3,match,1000000,0.319,42
identity_r3,match,1000000,0.32,42
identity_r3,match,1000000,0.321,42
identity_r3,match,1000000,0.322,42
identity_r3,match,1000000,0.323,42
identity_r3,match,1000000,0.324,42
identity_r3,match,1000000,0.325,42
identity_r3,match,1000000,0.326,42
identity_r3,match,1000000,0.327,42
identity_r3,match,1000000,0.328,42
identity_r3,match,1000000,0.329,42
identity_r3,match,1000000,0.33,42
identity_r3,match,1000000,0.331,42
identity_r3,match,1000000,0.332,42
identity_r3,match,1000000,0.333,42
identity_r3,match,1000000,0.334,42
identity_r3,match,1000000,0.335,42
identity_r3,match,1000000,0.336,42
identity_r3,match,1000000,0.337,42
identity_r3,match,1000000,0.338,42
identity_r3,match,1000000,0.339,42
identity_r3,match,1000000,0.34,42
identity_r3,match,1000000,0.341,42
identity_r3,match,1000000,0.342,42
identity_r3,match,1000000,0.343,42
identity_r3,match,1000000,0.344,42
identity_r3,match,1000000,0.345,42
identity_r3,match,1000000,0.346,42
identity_r3,match,1000000,0.347,42
identity_r3,match,1000000,0.348,42
identity_r3,match,1000000,0.349,42
identity_r3,match,1000000,0.35,42
identity_r3,match,1000000,0.351,42
identity_r3,match,1000000,0.352,42
identity_r3,match,1000000,0.353,42
identity_r3,match,1000000,0.354,42
identity_r3,match,1000000,0.355,42
identity_r3,match,1000000,0.356,42
identity_r3,match,1000000,0.357,42
identity_r3,match,1000000,0.358,42
identity_r3,match,1000000,0.359,42
identity_r3,match,1000000,0.36,42
identity_r3,match,1000000,0.361,42
identity_r3,match,1000000,0.362,42
identity_r3,match,1000000,0.363,42
identity_r3,match,1000000,0.364,42
identity_r3,match,1000000,0.365,42
identity_r3,match,1000000,0.366,42
identity_r3,match,1000000,0.367,42
identity_r3,match,1000000,0.368,42
identity_r3,match,1000000,0.369,42
identity_r3,match,1000000,0.37,42
identity_r3,match,1000000,0.371,42
identity_r3,match,1000000,0.372,42
identity_r3,match,1000000,0.373,83
identity_r3,match,1000000,0.374,83
identity_r3,match,1000000,0.375,83
identity_r3,match,1000000,0.376,83
identity_r3,match,1000000,0.377,83
identity_r3,match,1000000,0.378,83
identity_r3,match,1000000,0.379,83
identity_r3,match,1000000,0.38,83
identity_r3,match,1000000,0.381,83
identity_r3,match,1000000,0.382,83
identity_r3,match,1000000,0.383,83
identity_r3,match,1000000,0.384,83
identity_r3,match,1000000,0.385,83
identity_r3,match,1000000,0.386,83
identity_r3,match,1000000,0.387,83
identity_r3,match,1000000,0.388,83
identity_r3,match,1000000,0.389,83
identity_r3,match,1000000,0.39,83
identity_r3,match,1000000,0.391,83
identity_r3,match,1000000,0.392,83
identity_r3,match,1000000,0.393,83
identity_r3,match,1000000,0.394,83
identity_r3,match,1000000,0.395,83
identity_r3,match,1000000,0.396,83
identity_r3,match,1000000,0.397,83
identity_r3,match,1000000,0.398,83
identity_r3,match,1000000,0.399,83
identity_r3,match,1000000,0.4,83
identity_r3,match,1000000,0.401,83
identity_r3,match,1000000,0.402,83
identity_r3,match,1000000,0.403,83
identity_r3,match,1000000,0.404,83
identity_r3,match,1000000,0.405,83
identity_r3,match,1000000,0.406,83
identity_r3,match,1000000,0.407,83
identity_r3,match,1000000,0.408,83
identity_r3,match,1000000,0.409,83
identity_r3,match,1000000,0.41,83
identity_r3,match,1000000,0.411,83
identity_r3,match,1000000,0.412,83
identity_r3,match,1000000,0.413,83
identity_r3,match,1000000,0.414,83
identity_r3,match,1000000,0.415,83
identity_r3,match,1000000,0.416,83
identity_r3,match,1000000,0.417,83
identity_r3,match,1000000,0.418,83
identity_r3,match,1000000,0.419,83
identity_r3,match,1000000,0.42,83
identity_r3,match,1000000,0.421,83
identity_r3,match,1000000,0.422,83
identity_r3,match,1000000,0.423,83
identity_r3,match,1000000,0.424,83
identity_r3,match,1000000,0.425,83
identity_r3,match,1000000,0.426,83
identity_r3,match,1000000,0.427,83
identity_r3,match,1000000,0.428,83
identity_r3,match,1000000,0.429,83
identity_r3,match,1000000,0.43,83
identity_r3,match,1000000,0.431,84
identity_r3,match,1000000,0.432,84
identity_r3,match,1000000,0.433,84
identity_r3,match,1000000,0.434,84
identity_r3,match,1000000,0.435,84
identity_r3,match,1000000,0.436,84
identity_r3,match,1000000,0.437,84
identity_r3,match,1000000,0.438,84
identity_r3,match,1000000,0.439,84
identity_r3,match,1000000,0.44,84
identity_r3,match,1000000,0.441,84
identity_r3,match,1000000,0.442,84
identity_r3,match,1000000,0.443,84
identity_r3,match,1000000,0.444,84
identity_r3,match,1000000,0.445,84
identity_r3,match,1000000,0.446,84
identity_r3,match,1000000,0.447,84
identity_r3,match,1000000,0.448,84
identity_r3,match,1000000,0.449,84
identity_r3,match,1000000,0.45,84
identity_r3,match,1000000,0.451,84
identity_r3,match,1000000,0.452,84
identity_r3,match,1000000,0.453,84
identity_r3,match,1000000,0.454,84
identity_r3,match,1000000,0.455,84
identity_r3,match,1000000,0.456,84
identity_r3,match,1000000,0.457,84
identity_r3,match,1000000,0.458,84
identity_r3,match,1000000,0.459,125
identity_r3,match,1000000,0.46,125
identity_r3,match,1000000,0.461,125
identity_r3,match,1000000,0.462,125
identity_r3,match,1000000,0.463,125
identity_r3,match,1000000,0.464,125
identity_r3,match,1000000,0.465,125
identity_r3,match,1000000,0.466,125
identity_r3,match,1000000,0.467,125
identity_r3,match,1000000,0.468,125
identity_r3,match,1000000,0.469,125
identity_r3,match,1000000,0.47,125
identity_r3,match,1000000,0.471,125
identity_r3,match,1000000,0.472,125
identity_r3,match,1000000,0.473,125
identity_r3,match,1000000,0.474,125
identity_r3,match,1000000,0.475,125
identity_r3,match,1000000,0.476,125
identity_r3,match,1000000,0.477,125
identity_r3,match,1000000,0.478,125
identity_r3,match,1000000,0.479,125
identity_r3,match,1000000,0.48,125
identity_r3,match,1000000,0.481,125
identity_r3,match,1000000,0.482,125
identity_r3,match,1000000,0.483,125
identity_r3,match,1000000,0.484,125
identity_r3,match,1000000,0.485,125
identity_r3,match,1000000,0.486,125
identity_r3,match,1000000,0.487,125
identity_r3,match,1000000,0.488,125
identity_r3,match,1000000,0.489,125
identity_r3,match,1000000,0.49,125
identity_r3,match,1000000,0.491,125
identity_r3,match,1000000,0.492,125
identity_r3,match,1000000,0.493,125
identity_r3,match,1000000,0.494,125
identity_r3,match,1000000,0.495,125
identity_r3,match,1000000,0.496,125
identity_r3,match,1000000,0.497,125
identity_r3,match,1000000,0.498,125
identity_r3,match,1000000,0.499,125
identity_r3,match,1000000,0.5,125
identity_r3,match,1000000,0.501,125
identity_r3,match,1000000,0.502,125
identity_r3,match,1000000,0.503,125
identity_r3,match,1000000,0.504,125
identity_r3,match,1000000,0.505,125
identity_r3,match,1000000,0.506,125
identity_r3,match,1000000,0.507,125
identity_r3,match,1000000,0.508,125
identity_r3,match,1000000,0.509,125
identity_r3,match,1000000,0.51,125
identity_r3,match,1000000,0.511,125
identity_r3,match,1000000,0.512,125
identity_r3,match,1000000,0.513,125
identity_r3,match,1000000,0.514,125
identity_r3,match,1000000,0.515,125
identity_r3,match,1000000,0.516,125
identity_r3,match,1000000,0.517,125
identity_r3,match,1000000,0.518,166
identity_r3,match,1000000,0.519,166
identity_r3,match,1000000,0.52,166
identity_r3,match,1000000,0.521,166
identity_r3,match,1000000,0.522,166
identity_r3,match,1000000,0.523,166
identity_r3,match,1000000,0.524,166
identity_r3,match,1000000,0.525,166
identity_r3,match,1000000,0.526,166
identity_r3,match,1000000,0.527,166
identity_r3,match,1000000,0.528,166
identity_r3,match,1000000,0.529,166
identity_r3,match,1000000,0.53,166
identity_r3,match,1000000,0.531,166
identity_r3,match,1000000,0.532,166
identity_r3,match,1000000,0.533,166
identity_r3,match,1000000,0.534,166
identity_r3,match,1000000,0.535,166
identity_r3,match,1000000,0.536,166
identity_r3,match,1000000,0.537,166
identity_r3,match,1000000,0.538,166
identity_r3,match,1000000,0.539,166
identity_r3,match,1000000,0.54,166
identity_r3,match,1000000,0.541,166
identity_r3,match,1000000,0.542,166
identity_r3,match,1000000,0.543,166
identity_r3,match,1000000,0.544,166
identity_r3,match,1000000,0.545,166
identity_r3,match,1000000,0.546,166
identity_r3,match,1000000,0.547,166
identity_r3,match,1000000,0.548,166
identity_r3,match,1000000,0.549,166
identity_r3,match,1000000,0.55,166
identity_r3,match,1000000,0.551,166
identity_r3,match,1000000,0.552,166
identity_r3,match,1000000,0.553,166
identity_r3,match,1000000,0.554,166
identity_r3,match,1000000,0.555,166
identity_r3,match,1000000,0.556,166
identity_r3,match,1000000,0.557,166
identity_r3,match,1000000,0.558,167
identity_r3,match,1000000,0.559,167
identity_r3,match,1000000,0.56,167
identity_r3,match,1000000,0.561,167
identity_r3,match,1000000,0.562,167
identity_r3,match,1000000,0.563,167
identity_r3,match,1000000,0.564,167
identity_r3,match,1000000,0.565,167
identity_r3,match,1000000,0.566,167
identity_r3,match,1000000,0.567,167
identity_r3,match,1000000,0.568,167
identity_r3,match,1000000,0.569,167
identity_r3,match,1000000,0.57,167
identity_r3,match,1000000,0.571,167
identity_r3,match,1000000,0.572,167
identity_r3,match,1000000,0.573,167
identity_r3,match,1000000,0.574,167
identity_r3,match,1000000,0.575,167
identity_r3,match,1000000,0.576,167
identity_r3,match,1000000,0.577,167
identity_r3,match,1000000,0.578,167
identity_r3,match,1000000,0.579,167
identity_r3,match,1000000,0.58,167
identity_r3,match,1000000,0.581,167
identity_r3,match,1000000,0.582,167
identity_r3,match,1000000,0.583,167
identity_r3,match,1000000,0.584,167
identity_r3,match,1000000,0.585,167
identity_r3,match,1000000,0.586,167
identity_r3,match,1000000,0.587,167
identity_r3,match,1000000,0.588,167
identity_r3,match,1000000,0.589,167
identity_r3,match,1000000,0.59,167
identity_r3,match,1000000,0.591,167
identity_r3,match,1000000,0.592,167
identity_r3,match,1000000,0.593,167
identity_r3,match,1000000,0.594,167
identity_r3,match,1000000,0.595,167
identity_r3,match,1000000,0.596,167
identity_r3,match,1000000,0.597,167
identity_r3,match,1000000,0.598,167
identity_r3,match,1000000,0.599,167
identity_r3,match,1000000,0.6,167
identity_r3,match,1000000,0.601,167
identity_r3,match,1000000,0.602,167
identity_r3,match,1000000,0.603,167
identity_r3,match,1000000,0.604,167
identity_r3,match,1000000,0.605,167
identity_r3,match,1000000,0.606,167
identity_r3,match,1000000,0.607,167
identity_r3,match,1000000,0.608,167
identity_r3,match,1000000,0.609,167
identity_r3,match,1000000,0.61,167
identity_r3,match,1000000,0.611,167
identity_r3,match,1000000,0.612,167
identity_r3,match,1000000,0.613,167
identity_r3,match,1000000,0.614,167
identity_r3,match,1000000,0.615,167
identity_r3,match,1000000,0.616,167
identity_r3,match,1000000,0.617,167
identity_r3,match,1000000,0.618,167
identity_r3,match,1000000,0.619,167
identity_r3,match,1000000,0.62,167
identity_r3,match,1000000,0.621,167
identity_r3,match,1000000,0.622,167
identity_r3,match,1000000,0.623,167
identity_r3,match,1000000,0.624,167
identity_r3,match,1000000,0.625,167
identity_r3,match,1000000,0.626,167
identity_r3,match,1000000,0.627,167
identity_r3,match,1000000,0.628,167
identity_r3,match,1000000,0.629,167
identity_r3,match,1000000,0.63,167
identity_r3,match,1000000,0.631,167
identity_r3,match,1000000,0.632,167
identity_r3,match,1000000,0.633,167
identity_r3,match,1000000,0.634,167
identity_r3,match,1000000,0.635,167
identity_r3,match,1000000,0.636,167
identity_r3,match,1000000,0.637,208
identity_r3,match,1000000,0.638,208
identity_r3,match,1000000,0.639,208
identity_r3,match,1000000,0.64,208
identity_r3,match,1000000,0.641,208
identity_r3,match,1000000,0.642,208
identity_r3,match,1000000,0.643,208
identity_r3,match,1000000,0.644,208
identity_r3,match,1000000,0.645,208
identity_r3,match,1000000,0.646,208
identity_r3,match,1000000,0.647,208
identity_r3,match,1000000,0.648,208
identity_r3,match,1000000,0.649,208
identity_r3,match,1000000,0.65,208
identity_r3,match,1000000,0.651,208
identity_r3,match,1000000,0.652,208
identity_r3,match,1000000,0.653,208
identity_r3,match,1000000,0.654,208
identity_r3,match,1000000,0.655,208
identity_r3,match,1000000,0.656,208
identity_r3,match,1000000,0.657,208
identity_r3,match,1000000,0.658,208
identity_r3,match,1000000,0.659,208
identity_r3,match,1000000,0.66,208
identity_r3,match,1000000,0.661,208
identity_r3,match,1000000,0.662,208
identity_r3,match,1000000,0.663,208
identity_r3,match,1000000,0.664,208
identity_r3,match,1000000,0.665,208
identity_r3,match,1000000,0.666,208
identity_r3,match,1000000,0.667,208
identity_r3,match,1000000,0.668,208
identity_r3,match,1000000,0.669,208
identity_r3,match,1000000,0.67,208
identity_r3,match,1000000,0.671,208
identity_r3,match,1000000,0.672,208
identity_r3,match,1000000,0.673,208
identity_r3,match,1000000,0.674,208
identity_r3,match,1000000,0.675,208
identity_r3,match,1000000,0.676,208
identity_r3,match,1000000,0.677,208
identity_r3,match,1000000,0.678,208
identity_r3,match,1000000,0.679,208
identity_r3,match,1000000,0.68,208
identity_r3,match,1000000,0.681,208
identity_r3,match,1000000,0.682,208
identity_r3,match,1000000,0.683,208
identity_r3,match,1000000,0.684,208
identity_r3,match,1000000,0.685,208
identity_r3,match,1000000,0.686,208
identity_r3,match,1000000,0.687,208
identity_r3,match,1000000,0.688,208
identity_r3,match,1000000,0.689,209
identity_r3,match,1000000,0.69,209
identity_r3,match,1000000,0.691,209
identity_r3,match,1000000,0.692,209
identity_r3,match,1000000,0.693,209
identity_r3,match,1000000,0.694,209
identity_r3,match,1000000,0.695,209
identity_r3,match,1000000,0.696,209
identity_r3,match,1000000,0.697,209
identity_r3,match,1000000,0.698,209
identity_r3,match,1000000,0.699,209
identity_r3,match,1000000,0.7,209
identity_r3,match,1000000,0.701,209
identity_r3,match,1000000,0.702,209
identity_r3,match,1000000,0.703,209
identity_r3,match,1000000,0.704,209
identity_r3,match,1000000,0.705,209
identity_r3,match,1000000,0.706,209
identity_r3,match,1000000,0.707,209
identity_r3,match,1000000,0.708,209
identity_r3,match,1000000,0.709,209
identity_r3,match,1000000,0.71,209
identity_r3,match,1000000,0.711,209
identity_r3,match,1000000,0.712,209
identity_r3,match,1000000,0.713,209
identity_r3,match,1000000,0.714,209
identity_r3,match,1000000,0.715,250
identity_r3,match,1000000,0.716,250
identity_r3,match,1000000,0.717,250
identity_r3,match,1000000,0.718,250
identity_r3,match,1000000,0.719,250
identity_r3,match,1000000,0.72,250
identity_r3,match,1000000,0.721,250
identity_r3,match,1000000,0.722,250
identity_r3,match,1000000,0.723,250
identity_r3,match,1000000,0.724,250
identity_r3,match,1000000,0.725,250
identity_r3,match,1000000,0.726,250
identity_r3,match,1000000,0.727,250
identity_r3,match,1000000,0.728,250
identity_r3,match,1000000,0.729,250
identity_r3,match,1000000,0.73,250
identity_r3,match,1000000,0.731,250
identity_r3,match,1000000,0.732,250
identity_r3,match,1000000,0.733,250
identity_r3,match,1000000,0.734,250
identity_r3,match,1000000,0.735,250
identity_r3,match,1000000,0.736,250
identity_r3,match,1000000,0.737,250
identity_r3,match,1000000,0.738,250
identity_r3,match,1000000,0.739,250
identity_r3,match,1000000,0.74,250
identity_r3,match,1000000,0.741,250
identity_r3,match,1000000,0.742,250
identity_r3,match,1000000,0.743,250
identity_r3,match,1000000,0.744,250
identity_r3,match,1000000,0.745,250
identity_r3,match,1000000,0.746,250
identity_r3,match,1000000,0.747,250
identity_r3,match,1000000,0.748,250
identity_r3,match,1000000,0.749,250
identity_r3,match,1000000,0.75,250
identity_r3,match,1000000,0.751,250
identity_r3,match,1000000,0.752,250
identity_r3,match,1000000,0.753,250
identity_r3,match,1000000,0.754,250
identity_r3,match,1000000,0.755,250
identity_r3,match,1000000,0.756,250
identity_r3,match,1000000,0.757,250
identity_r3,match,1000000,0.758,250
identity_r3,match,1000000,0.759,250
identity_r3,match,1000000,0.76,250
identity_r3,match,1000000,0.761,250
identity_r3,match,1000000,0.762,250
identity_r3,match,1000000,0.763,250
identity_r3,match,1000000,0.764,250
identity_r3,match,1000000,0.765,250
identity_r3,match,1000000,0.766,250
identity_r3,match,1000000,0.767,250
identity_r3,match,1000000,0.768,291
identity_r3,match,1000000,0.769,291
identity_r3,match,1000000,0.77,291
identity_r3,match,1000000,0.771,291
identity_r3,match,1000000,0.772,291
identity_r3,match,1000000,0.773,291
identity_r3,match,1000000,0.774,291
identity_r3,match,1000000,0.775,291
identity_r3,match,1000000,0.776,291
identity_r3,match,1000000,0.777,291
identity_r3,match,1000000,0.778,291
identity_r3,match,1000000,0.779,291
identity_r3,match,1000000,0.78,291
identity_r3,match,1000000,0.781,291
identity_r3,match,1000000,0.782,292
identity_r3,match,1000000,0.783,292
identity_r3,match,1000000,0.784,292
identity_r3,match,1000000,0.785,292
identity_r3,match,1000000,0.786,292
identity_r3,match,1000000,0.787,292
identity_r3,match,1000000,0.788,292
identity_r3,match,1000000,0.789,292
identity_r3,match,1000000,0.79,292
identity_r3,match,1000000,0.791,292
identity_r3,match,1000000,0.792,292
identity_r3,match,1000000,0.793,292
identity_r3,match,1000000,0.794,292
identity_r3,match,1000000,0.795,292
identity_r3,match,1000000,0.796,292
identity_r3,match,1000000,0.797,292
identity_r3,match,1000000,0.798,292
identity_r3,match,1000000,0.799,292
identity_r3,match,1000000,0.8,292
identity_r3,match,1000000,0.801,292
identity_r3,match,1000000,0.802,292
identity_r3,match,1000000,0.803,292
identity_r3,match,1000000,0.804,292
identity_r3,match,1000000,0.805,292
identity_r3,match,1000000,0.806,292
identity_r3,match,1000000,0.807,292
identity_r3,match,1000000,0.808,292
identity_r3,match,1000000,0.809,292
identity_r3,match,1000000,0.81,333
identity_r3,match,1000000,0.811,333
identity_r3,match,1000000,0.812,333
identity_r3,match,1000000,0.813,333
identity_r3,match,1000000,0.814,333
identity_r3,match,1000000,0.815,333
identity_r3,match,1000000,0.816,333
identity_r3,match,1000000,0.817,333
identity_r3,match,1000000,0.818,333
identity_r3,match,1000000,0.819,333
identity_r3,match,1000000,0.82,333
identity_r3,match,1000000,0.821,333
identity_r3,match,1000000,0.822,333
identity_r3,match,1000000,0.823,333
identity_r3,match,1000000,0.824,333
identity_r3,match,1000000,0.825,333
identity_r3,match,1000000,0.826,333
identity_r3,match,1000000,0.827,333
identity_r3,match,1000000,0.828,333
identity_r3,match,1000000,0.829,333
identity_r3,match,1000000,0.83,333
identity_r3,match,1000000,0.831,333
identity_r3,match,1000000,0.832,334
identity_r3,match,1000000,0.833,334
identity_r3,match,1000000,0.834,334
identity_r3,match,1000000,0.835,334
identity_r3,match,1000000,0.836,334
identity_r3,match,1000000,0.837,334
identity_r3,match,1000000,0.838,334
identity_r3,match,1000000,0.839,334
identity_r3,match,1000000,0.84,334
identity_r3,match,1000000,0.841,334
identity_r3,match,1000000,0.842,334
identity_r3,match,1000000,0.843,334
identity_r3,match,1000000,0.844,375
identity_r3,match,1000000,0.845,375
identity_r3,match,1000000,0.846,375
identity_r3,match,1000000,0.847,375
identity_r3,match,1000000,0.848,375
identity_r3,match,1000000,0.849,375
identity_r3,match,1000000,0.85,375
identity_r3,match,1000000,0.851,375
identity_r3,match,1000000,0.852,375
identity_r3,match,1000000,0.853,375
identity_r3,match,1000000,0.854,375
identity_r3,match,1000000,0.855,375
identity_r3,match,1000000,0.856,375
identity_r3,match,1000000,0.857,375
identity_r3,match,1000000,0.858,375
identity_r3,match,1000000,0.859,375
identity_r3,match,1000000,0.86,375
identity_r3,match,1000000,0.861,375
identity_r3,match,1000000,0.862,375
identity_r3,match,1000000,0.863,375
identity_r3,match,1000000,0.864,375
identity_r3,match,1000000,0.865,375
identity_r3,match,1000000,0.866,375
identity_r3,match,1000000,0.867,375
identity_r3,match,1000000,0.868,375
identity_r3,match,1000000,0.869,375
identity_r3,match,1000000,0.87,375
identity_r3,match,1000000,0.871,416
identity_r3,match,1000000,0.872,416
identity_r3,match,1000000,0.873,416
identity_r3,match,1000000,0.874,416
identity_r3,match,1000000,0.875,416
identity_r3,match,1000000,0.876,416
identity_r3,match,1000000,0.877,416
identity_r3,match,1000000,0.878,416
identity_r3,match,1000000,0.879,417
identity_r3,match,1000000,0.88,417
identity_r3,match,1000000,0.881,417
identity_r3,match,1000000,0.882,417
identity_r3,match,1000000,0.883,417
identity_r3,match,1000000,0.884,417
identity_r3,match,1000000,0.885,417
identity_r3,match,1000000,0.886,417
identity_r3,match,1000000,0.887,417
identity_r3,match,1000000,0.888,417
identity_r3,match,1000000,0.889,417
identity_r3,match,1000000,0.89,417
identity_r3,match,1000000,0.891,417
identity_r3,match,1000000,0.892,417
identity_r3,match,1000000,0.893,417
identity_r3,match,1000000,0.894,417
identity_r3,match,1000000,0.895,458
identity_r3,match,1000000,0.896,458
identity_r3,match,1000000,0.897,458
identity_r3,match,1000000,0.898,458
identity_r3,match,1000000,0.899,458
identity_r3,match,1000000,0.9,458
identity_r3,match,1000000,0.901,458
identity_r3,match,1000000,0.902,458
identity_r3,match,1000000,0.903,458
identity_r3,match,1000000,0.904,458
identity_r3,match,1000000,0.905,458
identity_r3,match,1000000,0.906,458
identity_r3,match,1000000,0.907,458
identity_r3,match,1000000,0.908,459
identity_r3,match,1000000,0.909,459
identity_r3,match,1000000,0.91,459
identity_r3,match,1000000,0.911,459
identity_r3,match,1000000,0.912,459
identity_r3,match,1000000,0.913,459
identity_r3,match,1000000,0.914,500
identity_r3,match,1000000,0.915,500
identity_r3,match,1000000,0.916,500
identity_r3,match,1000000,0.917,500
identity_r3,match,1000000,0.918,500
identity_r3,match,1000000,0.919,500
identity_r3,match,1000000,0.92,500
identity_r3,match,1000000,0.921,500
identity_r3,match,1000000,0.922,500
identity_r3,match,1000000,0.923,500
identity_r3,match,1000000,0.924,500
identity_r3,match,1000000,0.925,500
identity_r3,match,1000000,0.926,500
identity_r3,match,1000000,0.927,500
identity_r3,match,1000000,0.928,500
identity_r3,match,1000000,0.929,500
identity_r3,match,1000000,0.93,541
identity_r3,match,1000000,0.931,541
identity_r3,match,1000000,0.932,541
identity_r3,match,1000000,0.933,541
identity_r3,match,1000000,0.934,542
identity_r3,match,1000000,0.935,542
identity_r3,match,1000000,0.936,542
identity_r3,match,1000000,0.937,542
identity_r3,match,1000000,0.938,542
identity_r3,match,1000000,0.939,542
identity_r3,match,1000000,0.94,542
identity_r3,match,1000000,0.941,542
identity_r3,match,1000000,0.942,542
identity_r3,match,1000000,0.943,583
identity_r3,match,1000000,0.944,583
identity_r3,match,1000000,0.945,583
identity_r3,match,1000000,0.946,583
identity_r3,match,1000000,0.947,583
identity_r3,match,1000000,0.948,584
identity_r3,match,1000000,0.949,584
identity_r3,match,1000000,0.95,584
identity_r3,match,1000000,0.951,625
identity_r3,match,1000000,0.952,625
identity_r3,match,1000000,0.953,625
identity_r3,match,1000000,0.954,625
identity_r3,match,1000000,0.955,625
identity_r3,match,1000000,0.956,625
identity_r3,match,1000000,0.957,625
identity_r3,match,1000000,0.958,666
identity_r3,match,1000000,0.959,667
identity_r3,match,1000000,0.96,667
identity_r3,match,1000000,0.961,667
identity_r3,match,1000000,0.962,708
identity_r3,match,1000000,0.963,708
identity_r3,match,1000000,0.964,708
identity_r3,match,1000000,0.965,709
identity_r3,match,1000000,0.966,750
identity_r3,match,1000000,0.967,750
identity_r3,match,1000000,0.968,750
identity_r3,match,1000000,0.969,792
identity_r3,match,1000000,0.97,792
identity_r3,match,1000000,0.971,833
identity_r3,match,1000000,0.972,834
identity_r3,match,1000000,0.973,875
identity_r3,match,1000000,0.974,875
identity_r3,match,1000000,0.975,917
identity_r3,match,1000000,0.976,958
identity_r3,match,1000000,0.977,959
identity_r3,match,1000000,0.978,1000
identity_r3,match,1000000,0.979,1042
identity_r3,match,1000000,0.98,1083
identity_r3,match,1000000,0.981,1125
identity_r3,match,1000000,0.982,1125
identity_r3,match,1000000,0.983,1208
identity_r3,match,1000000,0.984,1250
identity_r3,match,1000000,0.985,1333
identity_r3,match,1000000,0.986,1458
identity_r3,match,1000000,0.987,1584
identity_r3,match,1000000,0.988,1875
identity_r3,match,1000000,0.989,6208
identity_r3,match,1000000,0.99,8667
identity_r3,match,1000000,0.991,10584
identity_r3,match,1000000,0.992,12750
identity_r3,match,1000000,0.993,14959
identity_r3,match,1000000,0.994,17208
identity_r3,match,1000000,0.995,19584
identity_r3,match,1000000,0.996,22875
identity_r3,match,1000000,0.997,27583
identity_r3,match,1000000,0.998,34958
identity_r3,match,1000000,0.999,48208
