variant,scenario,book_orders,quantile,latency_ns
identity_r1,add,1000,0,0
identity_r1,add,1000,0.001,41
identity_r1,add,1000,0.002,41
identity_r1,add,1000,0.003,41
identity_r1,add,1000,0.004,41
identity_r1,add,1000,0.005,41
identity_r1,add,1000,0.006,41
identity_r1,add,1000,0.007,41
identity_r1,add,1000,0.008,41
identity_r1,add,1000,0.009,42
identity_r1,add,1000,0.01,42
identity_r1,add,1000,0.011,42
identity_r1,add,1000,0.012,42
identity_r1,add,1000,0.013,42
identity_r1,add,1000,0.014,42
identity_r1,add,1000,0.015,42
identity_r1,add,1000,0.016,42
identity_r1,add,1000,0.017,42
identity_r1,add,1000,0.018,42
identity_r1,add,1000,0.019,42
identity_r1,add,1000,0.02,42
identity_r1,add,1000,0.021,42
identity_r1,add,1000,0.022,42
identity_r1,add,1000,0.023,42
identity_r1,add,1000,0.024,42
identity_r1,add,1000,0.025,42
identity_r1,add,1000,0.026,42
identity_r1,add,1000,0.027,83
identity_r1,add,1000,0.028,83
identity_r1,add,1000,0.029,83
identity_r1,add,1000,0.03,83
identity_r1,add,1000,0.031,83
identity_r1,add,1000,0.032,83
identity_r1,add,1000,0.033,83
identity_r1,add,1000,0.034,83
identity_r1,add,1000,0.035,83
identity_r1,add,1000,0.036,83
identity_r1,add,1000,0.037,83
identity_r1,add,1000,0.038,83
identity_r1,add,1000,0.039,83
identity_r1,add,1000,0.04,83
identity_r1,add,1000,0.041,83
identity_r1,add,1000,0.042,83
identity_r1,add,1000,0.043,83
identity_r1,add,1000,0.044,83
identity_r1,add,1000,0.045,83
identity_r1,add,1000,0.046,83
identity_r1,add,1000,0.047,83
identity_r1,add,1000,0.048,83
identity_r1,add,1000,0.049,83
identity_r1,add,1000,0.05,83
identity_r1,add,1000,0.051,83
identity_r1,add,1000,0.052,83
identity_r1,add,1000,0.053,83
identity_r1,add,1000,0.054,83
identity_r1,add,1000,0.055,83
identity_r1,add,1000,0.056,83
identity_r1,add,1000,0.057,83
identity_r1,add,1000,0.058,83
identity_r1,add,1000,0.059,83
identity_r1,add,1000,0.06,83
identity_r1,add,1000,0.061,83
identity_r1,add,1000,0.062,83
identity_r1,add,1000,0.063,83
identity_r1,add,1000,0.064,83
identity_r1,add,1000,0.065,83
identity_r1,add,1000,0.066,83
identity_r1,add,1000,0.067,83
identity_r1,add,1000,0.068,84
identity_r1,add,1000,0.069,84
identity_r1,add,1000,0.07,84
identity_r1,add,1000,0.071,84
identity_r1,add,1000,0.072,84
identity_r1,add,1000,0.073,84
identity_r1,add,1000,0.074,84
identity_r1,add,1000,0.075,84
identity_r1,add,1000,0.076,84
identity_r1,add,1000,0.077,84
identity_r1,add,1000,0.078,84
identity_r1,add,1000,0.079,84
identity_r1,add,1000,0.08,84
identity_r1,add,1000,0.081,84
identity_r1,add,1000,0.082,84
identity_r1,add,1000,0.083,84
identity_r1,add,1000,0.084,84
identity_r1,add,1000,0.085,84
identity_r1,add,1000,0.086,84
identity_r1,add,1000,0.087,84
identity_r1,add,1000,0.088,84
identity_r1,add,1000,0.089,125
identity_r1,add,1000,0.09,125
identity_r1,add,1000,0.091,125
identity_r1,add,1000,0.092,125
identity_r1,add,1000,0.093,125
identity_r1,add,1000,0.094,125
identity_r1,add,1000,0.095,125
identity_r1,add,1000,0.096,125
identity_r1,add,1000,0.097,125
identity_r1,add,1000,0.098,125
identity_r1,add,1000,0.099,125
identity_r1,add,1000,0.1,125
identity_r1,add,1000,0.101,125
identity_r1,add,1000,0.102,125
identity_r1,add,1000,0.103,125
identity_r1,add,1000,0.104,125
identity_r1,add,1000,0.105,125
identity_r1,add,1000,0.106,125
identity_r1,add,1000,0.107,125
identity_r1,add,1000,0.108,125
identity_r1,add,1000,0.109,125
identity_r1,add,1000,0.11,125
identity_r1,add,1000,0.111,125
identity_r1,add,1000,0.112,125
identity_r1,add,1000,0.113,125
identity_r1,add,1000,0.114,125
identity_r1,add,1000,0.115,125
identity_r1,add,1000,0.116,125
identity_r1,add,1000,0.117,125
identity_r1,add,1000,0.118,125
identity_r1,add,1000,0.119,125
identity_r1,add,1000,0.12,125
identity_r1,add,1000,0.121,125
identity_r1,add,1000,0.122,125
identity_r1,add,1000,0.123,125
identity_r1,add,1000,0.124,125
identity_r1,add,1000,0.125,125
identity_r1,add,1000,0.126,125
identity_r1,add,1000,0.127,125
identity_r1,add,1000,0.128,125
identity_r1,add,1000,0.129,125
identity_r1,add,1000,0.13,125
identity_r1,add,1000,0.131,125
identity_r1,add,1000,0.132,125
identity_r1,add,1000,0.133,125
identity_r1,add,1000,0.134,125
identity_r1,add,1000,0.135,125
identity_r1,add,1000,0.136,125
identity_r1,add,1000,0.137,125
identity_r1,add,1000,0.138,125
identity_r1,add,1000,0.139,125
identity_r1,add,1000,0.14,125
identity_r1,add,1000,0.141,125
identity_r1,add,1000,0.142,125
identity_r1,add,1000,0.143,125
identity_r1,add,1000,0.144,125
identity_r1,add,1000,0.145,125
identity_r1,add,1000,0.146,125
identity_r1,add,1000,0.147,125
identity_r1,add,1000,0.148,125
identity_r1,add,1000,0.149,125
identity_r1,add,1000,0.15,125
identity_r1,add,1000,0.151,125
identity_r1,add,1000,0.152,125
identity_r1,add,1000,0.153,125
identity_r1,add,1000,0.154,125
identity_r1,add,1000,0.155,125
identity_r1,add,1000,0.156,125
identity_r1,add,1000,0.157,125
identity_r1,add,1000,0.158,125
identity_r1,add,1000,0.159,125
identity_r1,add,1000,0.16,125
identity_r1,add,1000,0.161,125
identity_r1,add,1000,0.162,125
identity_r1,add,1000,0.163,125
identity_r1,add,1000,0.164,125
identity_r1,add,1000,0.165,125
identity_r1,add,1000,0.166,125
identity_r1,add,1000,0.167,125
identity_r1,add,1000,0.168,125
identity_r1,add,1000,0.169,125
identity_r1,add,1000,0.17,125
identity_r1,add,1000,0.171,125
identity_r1,add,1000,0.172,125
identity_r1,add,1000,0.173,125
identity_r1,add,1000,0.174,125
identity_r1,add,1000,0.175,125
identity_r1,add,1000,0.176,125
identity_r1,add,1000,0.177,125
identity_r1,add,1000,0.178,125
identity_r1,add,1000,0.179,125
identity_r1,add,1000,0.18,125
identity_r1,add,1000,0.181,125
identity_r1,add,1000,0.182,125
identity_r1,add,1000,0.183,125
identity_r1,add,1000,0.184,125
identity_r1,add,1000,0.185,125
identity_r1,add,1000,0.186,125
identity_r1,add,1000,0.187,125
identity_r1,add,1000,0.188,125
identity_r1,add,1000,0.189,125
identity_r1,add,1000,0.19,125
identity_r1,add,1000,0.191,125
identity_r1,add,1000,0.192,125
identity_r1,add,1000,0.193,125
identity_r1,add,1000,0.194,125
identity_r1,add,1000,0.195,125
identity_r1,add,1000,0.196,125
identity_r1,add,1000,0.197,125
identity_r1,add,1000,0.198,125
identity_r1,add,1000,0.199,125
identity_r1,add,1000,0.2,125
identity_r1,add,1000,0.201,125
identity_r1,add,1000,0.202,125
identity_r1,add,1000,0.203,125
identity_r1,add,1000,0.204,125
identity_r1,add,1000,0.205,125
identity_r1,add,1000,0.206,125
identity_r1,add,1000,0.207,125
identity_r1,add,1000,0.208,125
identity_r1,add,1000,0.209,125
identity_r1,add,1000,0.21,125
identity_r1,add,1000,0.211,125
identity_r1,add,1000,0.212,125
identity_r1,add,1000,0.213,125
identity_r1,add,1000,0.214,125
identity_r1,add,1000,0.215,125
identity_r1,add,1000,0.216,125
identity_r1,add,1000,0.217,125
identity_r1,add,1000,0.218,125
identity_r1,add,1000,0.219,125
identity_r1,add,1000,0.22,125
identity_r1,add,1000,0.221,125
identity_r1,add,1000,0.222,125
identity_r1,add,1000,0.223,125
identity_r1,add,1000,0.224,125
identity_r1,add,1000,0.225,125
identity_r1,add,1000,0.226,125
identity_r1,add,1000,0.227,125
identity_r1,add,1000,0.228,125
identity_r1,add,1000,0.229,125
identity_r1,add,1000,0.23,125
identity_r1,add,1000,0.231,125
identity_r1,add,1000,0.232,125
identity_r1,add,1000,0.233,125
identity_r1,add,1000,0.234,125
identity_r1,add,1000,0.235,125
identity_r1,add,1000,0.236,125
identity_r1,add,1000,0.237,125
identity_r1,add,1000,0.238,125
identity_r1,add,1000,0.239,125
identity_r1,add,1000,0.24,125
identity_r1,add,1000,0.241,125
identity_r1,add,1000,0.242,125
identity_r1,add,1000,0.243,125
identity_r1,add,1000,0.244,125
identity_r1,add,1000,0.245,125
identity_r1,add,1000,0.246,125
identity_r1,add,1000,0.247,125
identity_r1,add,1000,0.248,125
identity_r1,add,1000,0.249,125
identity_r1,add,1000,0.25,125
identity_r1,add,1000,0.251,125
identity_r1,add,1000,0.252,125
identity_r1,add,1000,0.253,125
identity_r1,add,1000,0.254,125
identity_r1,add,1000,0.255,125
identity_r1,add,1000,0.256,125
identity_r1,add,1000,0.257,125
identity_r1,add,1000,0.258,125
identity_r1,add,1000,0.259,125
identity_r1,add,1000,0.26,125
identity_r1,add,1000,0.261,125
identity_r1,add,1000,0.262,125
identity_r1,add,1000,0.263,125
identity_r1,add,1000,0.264,125
identity_r1,add,1000,0.265,125
identity_r1,add,1000,0.266,125
identity_r1,add,1000,0.267,125
identity_r1,add,1000,0.268,125
identity_r1,add,1000,0.269,125
identity_r1,add,1000,0.27,125
identity_r1,add,1000,0.271,125
identity_r1,add,1000,0.272,125
identity_r1,add,1000,0.273,125
identity_r1,add,1000,0.274,125
identity_r1,add,1000,0.275,125
identity_r1,add,1000,0.276,125
identity_r1,add,1000,0.277,125
identity_r1,add,1000,0.278,125
identity_r1,add,1000,0.279,125
identity_r1,add,1000,0.28,125
identity_r1,add,1000,0.281,125
identity_r1,add,1000,0.282,125
identity_r1,add,1000,0.283,125
identity_r1,add,1000,0.284,125
identity_r1,add,1000,0.285,125
identity_r1,add,1000,0.286,125
identity_r1,add,1000,0.287,125
identity_r1,add,1000,0.288,125
identity_r1,add,1000,0.289,125
identity_r1,add,1000,0.29,125
identity_r1,add,1000,0.291,125
identity_r1,add,1000,0.292,125
identity_r1,add,1000,0.293,125
identity_r1,add,1000,0.294,125
identity_r1,add,1000,0.295,125
identity_r1,add,1000,0.296,125
identity_r1,add,1000,0.297,125
identity_r1,add,1000,0.298,125
identity_r1,add,1000,0.299,125
identity_r1,add,1000,0.3,125
identity_r1,add,1000,0.301,125
identity_r1,add,1000,0.302,125
identity_r1,add,1000,0.303,125
identity_r1,add,1000,0.304,125
identity_r1,add,1000,0.305,125
identity_r1,add,1000,0.306,125
identity_r1,add,1000,0.307,125
identity_r1,add,1000,0.308,125
identity_r1,add,1000,0.309,125
identity_r1,add,1000,0.31,125
identity_r1,add,1000,0.311,125
identity_r1,add,1000,0.312,125
identity_r1,add,1000,0.313,125
identity_r1,add,1000,0.314,125
identity_r1,add,1000,0.315,125
identity_r1,add,1000,0.316,125
identity_r1,add,1000,0.317,125
identity_r1,add,1000,0.318,125
identity_r1,add,1000,0.319,125
identity_r1,add,1000,0.32,125
identity_r1,add,1000,0.321,125
identity_r1,add,1000,0.322,125
identity_r1,add,1000,0.323,125
identity_r1,add,1000,0.324,125
identity_r1,add,1000,0.325,125
identity_r1,add,1000,0.326,125
identity_r1,add,1000,0.327,125
identity_r1,add,1000,0.328,125
identity_r1,add,1000,0.329,125
identity_r1,add,1000,0.33,125
identity_r1,add,1000,0.331,125
identity_r1,add,1000,0.332,125
identity_r1,add,1000,0.333,125
identity_r1,add,1000,0.334,125
identity_r1,add,1000,0.335,125
identity_r1,add,1000,0.336,125
identity_r1,add,1000,0.337,125
identity_r1,add,1000,0.338,125
identity_r1,add,1000,0.339,125
identity_r1,add,1000,0.34,125
identity_r1,add,1000,0.341,125
identity_r1,add,1000,0.342,125
identity_r1,add,1000,0.343,125
identity_r1,add,1000,0.344,125
identity_r1,add,1000,0.345,125
identity_r1,add,1000,0.346,125
identity_r1,add,1000,0.347,125
identity_r1,add,1000,0.348,125
identity_r1,add,1000,0.349,125
identity_r1,add,1000,0.35,125
identity_r1,add,1000,0.351,125
identity_r1,add,1000,0.352,125
identity_r1,add,1000,0.353,125
identity_r1,add,1000,0.354,125
identity_r1,add,1000,0.355,125
identity_r1,add,1000,0.356,125
identity_r1,add,1000,0.357,125
identity_r1,add,1000,0.358,125
identity_r1,add,1000,0.359,125
identity_r1,add,1000,0.36,125
identity_r1,add,1000,0.361,125
identity_r1,add,1000,0.362,125
identity_r1,add,1000,0.363,125
identity_r1,add,1000,0.364,125
identity_r1,add,1000,0.365,125
identity_r1,add,1000,0.366,125
identity_r1,add,1000,0.367,125
identity_r1,add,1000,0.368,125
identity_r1,add,1000,0.369,125
identity_r1,add,1000,0.37,125
identity_r1,add,1000,0.371,125
identity_r1,add,1000,0.372,125
identity_r1,add,1000,0.373,125
identity_r1,add,1000,0.374,125
identity_r1,add,1000,0.375,125
identity_r1,add,1000,0.376,125
identity_r1,add,1000,0.377,125
identity_r1,add,1000,0.378,125
identity_r1,add,1000,0.379,125
identity_r1,add,1000,0.38,125
identity_r1,add,1000,0.381,125
identity_r1,add,1000,0.382,125
identity_r1,add,1000,0.383,125
identity_r1,add,1000,0.384,125
identity_r1,add,1000,0.385,125
identity_r1,add,1000,0.386,125
identity_r1,add,1000,0.387,125
identity_r1,add,1000,0.388,125
identity_r1,add,1000,0.389,125
identity_r1,add,1000,0.39,125
identity_r1,add,1000,0.391,125
identity_r1,add,1000,0.392,125
identity_r1,add,1000,0.393,125
identity_r1,add,1000,0.394,125
identity_r1,add,1000,0.395,125
identity_r1,add,1000,0.396,125
identity_r1,add,1000,0.397,125
identity_r1,add,1000,0.398,125
identity_r1,add,1000,0.399,125
identity_r1,add,1000,0.4,125
identity_r1,add,1000,0.401,125
identity_r1,add,1000,0.402,125
identity_r1,add,1000,0.403,125
identity_r1,add,1000,0.404,125
identity_r1,add,1000,0.405,125
identity_r1,add,1000,0.406,125
identity_r1,add,1000,0.407,125
identity_r1,add,1000,0.408,125
identity_r1,add,1000,0.409,125
identity_r1,add,1000,0.41,125
identity_r1,add,1000,0.411,125
identity_r1,add,1000,0.412,125
identity_r1,add,1000,0.413,125
identity_r1,add,1000,0.414,125
identity_r1,add,1000,0.415,125
identity_r1,add,1000,0.416,125
identity_r1,add,1000,0.417,125
identity_r1,add,1000,0.418,125
identity_r1,add,1000,0.419,125
identity_r1,add,1000,0.42,125
identity_r1,add,1000,0.421,125
identity_r1,add,1000,0.422,125
identity_r1,add,1000,0.423,125
identity_r1,add,1000,0.424,125
identity_r1,add,1000,0.425,125
identity_r1,add,1000,0.426,125
identity_r1,add,1000,0.427,125
identity_r1,add,1000,0.428,125
identity_r1,add,1000,0.429,125
identity_r1,add,1000,0.43,125
identity_r1,add,1000,0.431,125
identity_r1,add,1000,0.432,125
identity_r1,add,1000,0.433,125
identity_r1,add,1000,0.434,125
identity_r1,add,1000,0.435,125
identity_r1,add,1000,0.436,125
identity_r1,add,1000,0.437,125
identity_r1,add,1000,0.438,125
identity_r1,add,1000,0.439,125
identity_r1,add,1000,0.44,125
identity_r1,add,1000,0.441,125
identity_r1,add,1000,0.442,125
identity_r1,add,1000,0.443,125
identity_r1,add,1000,0.444,125
identity_r1,add,1000,0.445,125
identity_r1,add,1000,0.446,125
identity_r1,add,1000,0.447,125
identity_r1,add,1000,0.448,125
identity_r1,add,1000,0.449,125
identity_r1,add,1000,0.45,125
identity_r1,add,1000,0.451,125
identity_r1,add,1000,0.452,125
identity_r1,add,1000,0.453,125
identity_r1,add,1000,0.454,125
identity_r1,add,1000,0.455,125
identity_r1,add,1000,0.456,125
identity_r1,add,1000,0.457,125
identity_r1,add,1000,0.458,125
identity_r1,add,1000,0.459,125
identity_r1,add,1000,0.46,125
identity_r1,add,1000,0.461,125
identity_r1,add,1000,0.462,125
identity_r1,add,1000,0.463,125
identity_r1,add,1000,0.464,125
identity_r1,add,1000,0.465,125
identity_r1,add,1000,0.466,125
identity_r1,add,1000,0.467,125
identity_r1,add,1000,0.468,125
identity_r1,add,1000,0.469,125
identity_r1,add,1000,0.47,125
identity_r1,add,1000,0.471,125
identity_r1,add,1000,0.472,125
identity_r1,add,1000,0.473,125
identity_r1,add,1000,0.474,125
identity_r1,add,1000,0.475,125
identity_r1,add,1000,0.476,125
identity_r1,add,1000,0.477,125
identity_r1,add,1000,0.478,125
identity_r1,add,1000,0.479,125
identity_r1,add,1000,0.48,125
identity_r1,add,1000,0.481,125
identity_r1,add,1000,0.482,125
identity_r1,add,1000,0.483,125
identity_r1,add,1000,0.484,125
identity_r1,add,1000,0.485,125
identity_r1,add,1000,0.486,125
identity_r1,add,1000,0.487,125
identity_r1,add,1000,0.488,125
identity_r1,add,1000,0.489,125
identity_r1,add,1000,0.49,125
identity_r1,add,1000,0.491,125
identity_r1,add,1000,0.492,125
identity_r1,add,1000,0.493,125
identity_r1,add,1000,0.494,125
identity_r1,add,1000,0.495,125
identity_r1,add,1000,0.496,125
identity_r1,add,1000,0.497,125
identity_r1,add,1000,0.498,125
identity_r1,add,1000,0.499,125
identity_r1,add,1000,0.5,125
identity_r1,add,1000,0.501,125
identity_r1,add,1000,0.502,125
identity_r1,add,1000,0.503,125
identity_r1,add,1000,0.504,125
identity_r1,add,1000,0.505,125
identity_r1,add,1000,0.506,125
identity_r1,add,1000,0.507,125
identity_r1,add,1000,0.508,125
identity_r1,add,1000,0.509,125
identity_r1,add,1000,0.51,125
identity_r1,add,1000,0.511,125
identity_r1,add,1000,0.512,125
identity_r1,add,1000,0.513,125
identity_r1,add,1000,0.514,125
identity_r1,add,1000,0.515,125
identity_r1,add,1000,0.516,125
identity_r1,add,1000,0.517,125
identity_r1,add,1000,0.518,125
identity_r1,add,1000,0.519,125
identity_r1,add,1000,0.52,125
identity_r1,add,1000,0.521,125
identity_r1,add,1000,0.522,125
identity_r1,add,1000,0.523,125
identity_r1,add,1000,0.524,125
identity_r1,add,1000,0.525,125
identity_r1,add,1000,0.526,125
identity_r1,add,1000,0.527,125
identity_r1,add,1000,0.528,125
identity_r1,add,1000,0.529,125
identity_r1,add,1000,0.53,125
identity_r1,add,1000,0.531,125
identity_r1,add,1000,0.532,125
identity_r1,add,1000,0.533,125
identity_r1,add,1000,0.534,125
identity_r1,add,1000,0.535,125
identity_r1,add,1000,0.536,125
identity_r1,add,1000,0.537,125
identity_r1,add,1000,0.538,125
identity_r1,add,1000,0.539,125
identity_r1,add,1000,0.54,125
identity_r1,add,1000,0.541,125
identity_r1,add,1000,0.542,125
identity_r1,add,1000,0.543,125
identity_r1,add,1000,0.544,125
identity_r1,add,1000,0.545,125
identity_r1,add,1000,0.546,125
identity_r1,add,1000,0.547,125
identity_r1,add,1000,0.548,125
identity_r1,add,1000,0.549,125
identity_r1,add,1000,0.55,125
identity_r1,add,1000,0.551,125
identity_r1,add,1000,0.552,125
identity_r1,add,1000,0.553,125
identity_r1,add,1000,0.554,125
identity_r1,add,1000,0.555,125
identity_r1,add,1000,0.556,125
identity_r1,add,1000,0.557,125
identity_r1,add,1000,0.558,125
identity_r1,add,1000,0.559,125
identity_r1,add,1000,0.56,125
identity_r1,add,1000,0.561,125
identity_r1,add,1000,0.562,125
identity_r1,add,1000,0.563,125
identity_r1,add,1000,0.564,125
identity_r1,add,1000,0.565,125
identity_r1,add,1000,0.566,125
identity_r1,add,1000,0.567,125
identity_r1,add,1000,0.568,125
identity_r1,add,1000,0.569,125
identity_r1,add,1000,0.57,125
identity_r1,add,1000,0.571,125
identity_r1,add,1000,0.572,125
identity_r1,add,1000,0.573,125
identity_r1,add,1000,0.574,125
identity_r1,add,1000,0.575,125
identity_r1,add,1000,0.576,125
identity_r1,add,1000,0.577,125
identity_r1,add,1000,0.578,125
identity_r1,add,1000,0.579,125
identity_r1,add,1000,0.58,125
identity_r1,add,1000,0.581,125
identity_r1,add,1000,0.582,125
identity_r1,add,1000,0.583,125
identity_r1,add,1000,0.584,125
identity_r1,add,1000,0.585,125
identity_r1,add,1000,0.586,125
identity_r1,add,1000,0.587,125
identity_r1,add,1000,0.588,125
identity_r1,add,1000,0.589,125
identity_r1,add,1000,0.59,125
identity_r1,add,1000,0.591,125
identity_r1,add,1000,0.592,125
identity_r1,add,1000,0.593,125
identity_r1,add,1000,0.594,125
identity_r1,add,1000,0.595,125
identity_r1,add,1000,0.596,125
identity_r1,add,1000,0.597,125
identity_r1,add,1000,0.598,166
identity_r1,add,1000,0.599,166
identity_r1,add,1000,0.6,166
identity_r1,add,1000,0.601,166
identity_r1,add,1000,0.602,166
identity_r1,add,1000,0.603,166
identity_r1,add,1000,0.604,166
identity_r1,add,1000,0.605,166
identity_r1,add,1000,0.606,166
identity_r1,add,1000,0.607,166
identity_r1,add,1000,0.608,166
identity_r1,add,1000,0.609,166
identity_r1,add,1000,0.61,166
identity_r1,add,1000,0.611,166
identity_r1,add,1000,0.612,166
identity_r1,add,1000,0.613,166
identity_r1,add,1000,0.614,166
identity_r1,add,1000,0.615,166
identity_r1,add,1000,0.616,166
identity_r1,add,1000,0.617,166
identity_r1,add,1000,0.618,166
identity_r1,add,1000,0.619,166
identity_r1,add,1000,0.62,166
identity_r1,add,1000,0.621,166
identity_r1,add,1000,0.622,166
identity_r1,add,1000,0.623,166
identity_r1,add,1000,0.624,166
identity_r1,add,1000,0.625,166
identity_r1,add,1000,0.626,166
identity_r1,add,1000,0.627,166
identity_r1,add,1000,0.628,166
identity_r1,add,1000,0.629,166
identity_r1,add,1000,0.63,166
identity_r1,add,1000,0.631,166
identity_r1,add,1000,0.632,166
identity_r1,add,1000,0.633,166
identity_r1,add,1000,0.634,166
identity_r1,add,1000,0.635,166
identity_r1,add,1000,0.636,166
identity_r1,add,1000,0.637,166
identity_r1,add,1000,0.638,166
identity_r1,add,1000,0.639,166
identity_r1,add,1000,0.64,166
identity_r1,add,1000,0.641,166
identity_r1,add,1000,0.642,166
identity_r1,add,1000,0.643,166
identity_r1,add,1000,0.644,166
identity_r1,add,1000,0.645,166
identity_r1,add,1000,0.646,166
identity_r1,add,1000,0.647,166
identity_r1,add,1000,0.648,166
identity_r1,add,1000,0.649,166
identity_r1,add,1000,0.65,166
identity_r1,add,1000,0.651,166
identity_r1,add,1000,0.652,166
identity_r1,add,1000,0.653,166
identity_r1,add,1000,0.654,166
identity_r1,add,1000,0.655,166
identity_r1,add,1000,0.656,166
identity_r1,add,1000,0.657,166
identity_r1,add,1000,0.658,166
identity_r1,add,1000,0.659,166
identity_r1,add,1000,0.66,166
identity_r1,add,1000,0.661,166
identity_r1,add,1000,0.662,166
identity_r1,add,1000,0.663,166
identity_r1,add,1000,0.664,166
identity_r1,add,1000,0.665,166
identity_r1,add,1000,0.666,166
identity_r1,add,1000,0.667,166
identity_r1,add,1000,0.668,166
identity_r1,add,1000,0.669,166
identity_r1,add,1000,0.67,166
identity_r1,add,1000,0.671,166
identity_r1,add,1000,0.672,166
identity_r1,add,1000,0.673,166
identity_r1,add,1000,0.674,166
identity_r1,add,1000,0.675,166
identity_r1,add,1000,0.676,166
identity_r1,add,1000,0.677,166
identity_r1,add,1000,0.678,166
identity_r1,add,1000,0.679,166
identity_r1,add,1000,0.68,166
identity_r1,add,1000,0.681,166
identity_r1,add,1000,0.682,166
identity_r1,add,1000,0.683,166
identity_r1,add,1000,0.684,166
identity_r1,add,1000,0.685,166
identity_r1,add,1000,0.686,166
identity_r1,add,1000,0.687,166
identity_r1,add,1000,0.688,166
identity_r1,add,1000,0.689,166
identity_r1,add,1000,0.69,166
identity_r1,add,1000,0.691,166
identity_r1,add,1000,0.692,166
identity_r1,add,1000,0.693,166
identity_r1,add,1000,0.694,166
identity_r1,add,1000,0.695,166
identity_r1,add,1000,0.696,166
identity_r1,add,1000,0.697,166
identity_r1,add,1000,0.698,166
identity_r1,add,1000,0.699,166
identity_r1,add,1000,0.7,166
identity_r1,add,1000,0.701,166
identity_r1,add,1000,0.702,166
identity_r1,add,1000,0.703,166
identity_r1,add,1000,0.704,166
identity_r1,add,1000,0.705,166
identity_r1,add,1000,0.706,166
identity_r1,add,1000,0.707,166
identity_r1,add,1000,0.708,166
identity_r1,add,1000,0.709,166
identity_r1,add,1000,0.71,166
identity_r1,add,1000,0.711,166
identity_r1,add,1000,0.712,166
identity_r1,add,1000,0.713,166
identity_r1,add,1000,0.714,166
identity_r1,add,1000,0.715,166
identity_r1,add,1000,0.716,166
identity_r1,add,1000,0.717,166
identity_r1,add,1000,0.718,166
identity_r1,add,1000,0.719,167
identity_r1,add,1000,0.72,167
identity_r1,add,1000,0.721,167
identity_r1,add,1000,0.722,167
identity_r1,add,1000,0.723,167
identity_r1,add,1000,0.724,167
identity_r1,add,1000,0.725,167
identity_r1,add,1000,0.726,167
identity_r1,add,1000,0.727,167
identity_r1,add,1000,0.728,167
identity_r1,add,1000,0.729,167
identity_r1,add,1000,0.73,167
identity_r1,add,1000,0.731,167
identity_r1,add,1000,0.732,167
identity_r1,add,1000,0.733,167
identity_r1,add,1000,0.734,167
identity_r1,add,1000,0.735,167
identity_r1,add,1000,0.736,167
identity_r1,add,1000,0.737,167
identity_r1,add,1000,0.738,167
identity_r1,add,1000,0.739,167
identity_r1,add,1000,0.74,167
identity_r1,add,1000,0.741,167
identity_r1,add,1000,0.742,167
identity_r1,add,1000,0.743,167
identity_r1,add,1000,0.744,167
identity_r1,add,1000,0.745,167
identity_r1,add,1000,0.746,167
identity_r1,add,1000,0.747,167
identity_r1,add,1000,0.748,167
identity_r1,add,1000,0.749,167
identity_r1,add,1000,0.75,167
identity_r1,add,1000,0.751,167
identity_r1,add,1000,0.752,167
identity_r1,add,1000,0.753,167
identity_r1,add,1000,0.754,167
identity_r1,add,1000,0.755,167
identity_r1,add,1000,0.756,167
identity_r1,add,1000,0.757,167
identity_r1,add,1000,0.758,167
identity_r1,add,1000,0.759,167
identity_r1,add,1000,0.76,167
identity_r1,add,1000,0.761,167
identity_r1,add,1000,0.762,167
identity_r1,add,1000,0.763,167
identity_r1,add,1000,0.764,167
identity_r1,add,1000,0.765,167
identity_r1,add,1000,0.766,167
identity_r1,add,1000,0.767,167
identity_r1,add,1000,0.768,167
identity_r1,add,1000,0.769,167
identity_r1,add,1000,0.77,167
identity_r1,add,1000,0.771,167
identity_r1,add,1000,0.772,167
identity_r1,add,1000,0.773,167
identity_r1,add,1000,0.774,167
identity_r1,add,1000,0.775,167
identity_r1,add,1000,0.776,167
identity_r1,add,1000,0.777,167
identity_r1,add,1000,0.778,167
identity_r1,add,1000,0.779,167
identity_r1,add,1000,0.78,167
identity_r1,add,1000,0.781,167
identity_r1,add,1000,0.782,167
identity_r1,add,1000,0.783,167
identity_r1,add,1000,0.784,167
identity_r1,add,1000,0.785,167
identity_r1,add,1000,0.786,167
identity_r1,add,1000,0.787,167
identity_r1,add,1000,0.788,167
identity_r1,add,1000,0.789,167
identity_r1,add,1000,0.79,167
identity_r1,add,1000,0.791,167
identity_r1,add,1000,0.792,167
identity_r1,add,1000,0.793,167
identity_r1,add,1000,0.794,167
identity_r1,add,1000,0.795,167
identity_r1,add,1000,0.796,167
identity_r1,add,1000,0.797,167
identity_r1,add,1000,0.798,167
identity_r1,add,1000,0.799,167
identity_r1,add,1000,0.8,167
identity_r1,add,1000,0.801,167
identity_r1,add,1000,0.802,167
identity_r1,add,1000,0.803,167
identity_r1,add,1000,0.804,167
identity_r1,add,1000,0.805,167
identity_r1,add,1000,0.806,167
identity_r1,add,1000,0.807,167
identity_r1,add,1000,0.808,167
identity_r1,add,1000,0.809,167
identity_r1,add,1000,0.81,167
identity_r1,add,1000,0.811,167
identity_r1,add,1000,0.812,167
identity_r1,add,1000,0.813,167
identity_r1,add,1000,0.814,167
identity_r1,add,1000,0.815,167
identity_r1,add,1000,0.816,167
identity_r1,add,1000,0.817,167
identity_r1,add,1000,0.818,167
identity_r1,add,1000,0.819,167
identity_r1,add,1000,0.82,167
identity_r1,add,1000,0.821,167
identity_r1,add,1000,0.822,167
identity_r1,add,1000,0.823,167
identity_r1,add,1000,0.824,167
identity_r1,add,1000,0.825,167
identity_r1,add,1000,0.826,167
identity_r1,add,1000,0.827,167
identity_r1,add,1000,0.828,167
identity_r1,add,1000,0.829,167
identity_r1,add,1000,0.83,167
identity_r1,add,1000,0.831,167
identity_r1,add,1000,0.832,167
identity_r1,add,1000,0.833,167
identity_r1,add,1000,0.834,167
identity_r1,add,1000,0.835,167
identity_r1,add,1000,0.836,167
identity_r1,add,1000,0.837,167
identity_r1,add,1000,0.838,167
identity_r1,add,1000,0.839,167
identity_r1,add,1000,0.84,167
identity_r1,add,1000,0.841,167
identity_r1,add,1000,0.842,167
identity_r1,add,1000,0.843,167
identity_r1,add,1000,0.844,167
identity_r1,add,1000,0.845,167
identity_r1,add,1000,0.846,167
identity_r1,add,1000,0.847,167
identity_r1,add,1000,0.848,167
identity_r1,add,1000,0.849,167
identity_r1,add,1000,0.85,167
identity_r1,add,1000,0.851,167
identity_r1,add,1000,0.852,167
identity_r1,add,1000,0.853,167
identity_r1,add,1000,0.854,167
identity_r1,add,1000,0.855,167
identity_r1,add,1000,0.856,167
identity_r1,add,1000,0.857,167
identity_r1,add,1000,0.858,167
identity_r1,add,1000,0.859,167
identity_r1,add,1000,0.86,167
identity_r1,add,1000,0.861,167
identity_r1,add,1000,0.862,167
identity_r1,add,1000,0.863,167
identity_r1,add,1000,0.864,167
identity_r1,add,1000,0.865,167
identity_r1,add,1000,0.866,167
identity_r1,add,1000,0.867,167
identity_r1,add,1000,0.868,167
identity_r1,add,1000,0.869,167
identity_r1,add,1000,0.87,167
identity_r1,add,1000,0.871,167
identity_r1,add,1000,0.872,167
identity_r1,add,1000,0.873,167
identity_r1,add,1000,0.874,167
identity_r1,add,1000,0.875,167
identity_r1,add,1000,0.876,167
identity_r1,add,1000,0.877,167
identity_r1,add,1000,0.878,167
identity_r1,add,1000,0.879,167
identity_r1,add,1000,0.88,167
identity_r1,add,1000,0.881,167
identity_r1,add,1000,0.882,167
identity_r1,add,1000,0.883,167
identity_r1,add,1000,0.884,167
identity_r1,add,1000,0.885,167
identity_r1,add,1000,0.886,167
identity_r1,add,1000,0.887,167
identity_r1,add,1000,0.888,167
identity_r1,add,1000,0.889,167
identity_r1,add,1000,0.89,167
identity_r1,add,1000,0.891,167
identity_r1,add,1000,0.892,167
identity_r1,add,1000,0.893,167
identity_r1,add,1000,0.894,167
identity_r1,add,1000,0.895,167
identity_r1,add,1000,0.896,167
identity_r1,add,1000,0.897,167
identity_r1,add,1000,0.898,167
identity_r1,add,1000,0.899,167
identity_r1,add,1000,0.9,167
identity_r1,add,1000,0.901,167
identity_r1,add,1000,0.902,167
identity_r1,add,1000,0.903,167
identity_r1,add,1000,0.904,167
identity_r1,add,1000,0.905,167
identity_r1,add,1000,0.906,167
identity_r1,add,1000,0.907,167
identity_r1,add,1000,0.908,167
identity_r1,add,1000,0.909,167
identity_r1,add,1000,0.91,167
identity_r1,add,1000,0.911,167
identity_r1,add,1000,0.912,167
identity_r1,add,1000,0.913,167
identity_r1,add,1000,0.914,167
identity_r1,add,1000,0.915,167
identity_r1,add,1000,0.916,167
identity_r1,add,1000,0.917,167
identity_r1,add,1000,0.918,167
identity_r1,add,1000,0.919,167
identity_r1,add,1000,0.92,167
identity_r1,add,1000,0.921,167
identity_r1,add,1000,0.922,167
identity_r1,add,1000,0.923,167
identity_r1,add,1000,0.924,167
identity_r1,add,1000,0.925,167
identity_r1,add,1000,0.926,167
identity_r1,add,1000,0.927,167
identity_r1,add,1000,0.928,167
identity_r1,add,1000,0.929,167
identity_r1,add,1000,0.93,167
identity_r1,add,1000,0.931,167
identity_r1,add,1000,0.932,167
identity_r1,add,1000,0.933,167
identity_r1,add,1000,0.934,167
identity_r1,add,1000,0.935,167
identity_r1,add,1000,0.936,167
identity_r1,add,1000,0.937,167
identity_r1,add,1000,0.938,167
identity_r1,add,1000,0.939,167
identity_r1,add,1000,0.94,167
identity_r1,add,1000,0.941,167
identity_r1,add,1000,0.942,167
identity_r1,add,1000,0.943,167
identity_r1,add,1000,0.944,167
identity_r1,add,1000,0.945,167
identity_r1,add,1000,0.946,167
identity_r1,add,1000,0.947,167
identity_r1,add,1000,0.948,167
identity_r1,add,1000,0.949,167
identity_r1,add,1000,0.95,167
identity_r1,add,1000,0.951,167
identity_r1,add,1000,0.952,167
identity_r1,add,1000,0.953,167
identity_r1,add,1000,0.954,167
identity_r1,add,1000,0.955,167
identity_r1,add,1000,0.956,167
identity_r1,add,1000,0.957,167
identity_r1,add,1000,0.958,167
identity_r1,add,1000,0.959,167
identity_r1,add,1000,0.96,167
identity_r1,add,1000,0.961,167
identity_r1,add,1000,0.962,208
identity_r1,add,1000,0.963,208
identity_r1,add,1000,0.964,208
identity_r1,add,1000,0.965,208
identity_r1,add,1000,0.966,208
identity_r1,add,1000,0.967,208
identity_r1,add,1000,0.968,208
identity_r1,add,1000,0.969,208
identity_r1,add,1000,0.97,209
identity_r1,add,1000,0.971,209
identity_r1,add,1000,0.972,209
identity_r1,add,1000,0.973,209
identity_r1,add,1000,0.974,250
identity_r1,add,1000,0.975,250
identity_r1,add,1000,0.976,250
identity_r1,add,1000,0.977,250
identity_r1,add,1000,0.978,250
identity_r1,add,1000,0.979,250
identity_r1,add,1000,0.98,250
identity_r1,add,1000,0.981,250
identity_r1,add,1000,0.982,250
identity_r1,add,1000,0.983,291
identity_r1,add,1000,0.984,292
identity_r1,add,1000,0.985,292
identity_r1,add,1000,0.986,292
identity_r1,add,1000,0.987,292
identity_r1,add,1000,0.988,333
identity_r1,add,1000,0.989,333
identity_r1,add,1000,0.99,333
identity_r1,add,1000,0.991,333
identity_r1,add,1000,0.992,334
identity_r1,add,1000,0.993,375
identity_r1,add,1000,0.994,375
identity_r1,add,1000,0.995,375
identity_r1,add,1000,0.996,417
identity_r1,add,1000,0.997,500
identity_r1,add,1000,0.998,666
identity_r1,add,1000,0.999,1541
identity_r1,cancel,1000,0,0
identity_r1,cancel,1000,0.001,41
identity_r1,cancel,1000,0.002,42
identity_r1,cancel,1000,0.003,42
identity_r1,cancel,1000,0.004,83
identity_r1,cancel,1000,0.005,83
identity_r1,cancel,1000,0.006,83
identity_r1,cancel,1000,0.007,83
identity_r1,cancel,1000,0.008,83
identity_r1,cancel,1000,0.009,83
identity_r1,cancel,1000,0.01,83
identity_r1,cancel,1000,0.011,83
identity_r1,cancel,1000,0.012,83
identity_r1,cancel,1000,0.013,83
identity_r1,cancel,1000,0.014,83
identity_r1,cancel,1000,0.015,83
identity_r1,cancel,1000,0.016,83
identity_r1,cancel,1000,0.017,83
identity_r1,cancel,1000,0.018,83
identity_r1,cancel,1000,0.019,83
identity_r1,cancel,1000,0.02,83
identity_r1,cancel,1000,0.021,83
identity_r1,cancel,1000,0.022,83
identity_r1,cancel,1000,0.023,83
identity_r1,cancel,1000,0.024,83
identity_r1,cancel,1000,0.025,83
identity_r1,cancel,1000,0.026,83
identity_r1,cancel,1000,0.027,83
identity_r1,cancel,1000,0.028,83
identity_r1,cancel,1000,0.029,83
identity_r1,cancel,1000,0.03,84
identity_r1,cancel,1000,0.031,84
identity_r1,cancel,1000,0.032,84
identity_r1,cancel,1000,0.033,84
identity_r1,cancel,1000,0.034,84
identity_r1,cancel,1000,0.035,84
identity_r1,cancel,1000,0.036,84
identity_r1,cancel,1000,0.037,84
identity_r1,cancel,1000,0.038,84
identity_r1,cancel,1000,0.039,84
identity_r1,cancel,1000,0.04,84
identity_r1,cancel,1000,0.041,84
identity_r1,cancel,1000,0.042,125
identity_r1,cancel,1000,0.043,125
identity_r1,cancel,1000,0.044,125
identity_r1,cancel,1000,0.045,125
identity_r1,cancel,1000,0.046,125
identity_r1,cancel,1000,0.047,125
identity_r1,cancel,1000,0.048,125
identity_r1,cancel,1000,0.049,125
identity_r1,cancel,1000,0.05,125
identity_r1,cancel,1000,0.051,125
identity_r1,cancel,1000,0.052,125
identity_r1,cancel,1000,0.053,125
identity_r1,cancel,1000,0.054,125
identity_r1,cancel,1000,0.055,125
identity_r1,cancel,1000,0.056,125
identity_r1,cancel,1000,0.057,125
identity_r1,cancel,1000,0.058,125
identity_r1,cancel,1000,0.059,125
identity_r1,cancel,1000,0.06,125
identity_r1,cancel,1000,0.061,125
identity_r1,cancel,1000,0.062,125
identity_r1,cancel,1000,0.063,125
identity_r1,cancel,1000,0.064,125
identity_r1,cancel,1000,0.065,125
identity_r1,cancel,1000,0.066,125
identity_r1,cancel,1000,0.067,125
identity_r1,cancel,1000,0.068,125
identity_r1,cancel,1000,0.069,125
identity_r1,cancel,1000,0.07,125
identity_r1,cancel,1000,0.071,125
identity_r1,cancel,1000,0.072,125
identity_r1,cancel,1000,0.073,125
identity_r1,cancel,1000,0.074,125
identity_r1,cancel,1000,0.075,125
identity_r1,cancel,1000,0.076,125
identity_r1,cancel,1000,0.077,125
identity_r1,cancel,1000,0.078,125
identity_r1,cancel,1000,0.079,125
identity_r1,cancel,1000,0.08,125
identity_r1,cancel,1000,0.081,125
identity_r1,cancel,1000,0.082,125
identity_r1,cancel,1000,0.083,125
identity_r1,cancel,1000,0.084,125
identity_r1,cancel,1000,0.085,125
identity_r1,cancel,1000,0.086,125
identity_r1,cancel,1000,0.087,125
identity_r1,cancel,1000,0.088,125
identity_r1,cancel,1000,0.089,125
identity_r1,cancel,1000,0.09,125
identity_r1,cancel,1000,0.091,125
identity_r1,cancel,1000,0.092,125
identity_r1,cancel,1000,0.093,125
identity_r1,cancel,1000,0.094,125
identity_r1,cancel,1000,0.095,125
identity_r1,cancel,1000,0.096,125
identity_r1,cancel,1000,0.097,125
identity_r1,cancel,1000,0.098,125
identity_r1,cancel,1000,0.099,125
identity_r1,cancel,1000,0.1,125
identity_r1,cancel,1000,0.101,125
identity_r1,cancel,1000,0.102,125
identity_r1,cancel,1000,0.103,125
identity_r1,cancel,1000,0.104,125
identity_r1,cancel,1000,0.105,125
identity_r1,cancel,1000,0.106,125
identity_r1,cancel,1000,0.107,125
identity_r1,cancel,1000,0.108,125
identity_r1,cancel,1000,0.109,125
identity_r1,cancel,1000,0.11,125
identity_r1,cancel,1000,0.111,125
identity_r1,cancel,1000,0.112,125
identity_r1,cancel,1000,0.113,125
identity_r1,cancel,1000,0.114,125
identity_r1,cancel,1000,0.115,125
identity_r1,cancel,1000,0.116,125
identity_r1,cancel,1000,0.117,125
identity_r1,cancel,1000,0.118,125
identity_r1,cancel,1000,0.119,125
identity_r1,cancel,1000,0.12,125
identity_r1,cancel,1000,0.121,125
identity_r1,cancel,1000,0.122,125
identity_r1,cancel,1000,0.123,125
identity_r1,cancel,1000,0.124,125
identity_r1,cancel,1000,0.125,125
identity_r1,cancel,1000,0.126,125
identity_r1,cancel,1000,0.127,125
identity_r1,cancel,1000,0.128,125
identity_r1,cancel,1000,0.129,125
identity_r1,cancel,1000,0.13,125
identity_r1,cancel,1000,0.131,125
identity_r1,cancel,1000,0.132,125
identity_r1,cancel,1000,0.133,125
identity_r1,cancel,1000,0.134,125
identity_r1,cancel,1000,0.135,125
identity_r1,cancel,1000,0.136,125
identity_r1,cancel,1000,0.137,125
identity_r1,cancel,1000,0.138,125
identity_r1,cancel,1000,0.139,125
identity_r1,cancel,1000,0.14,125
identity_r1,cancel,1000,0.141,125
identity_r1,cancel,1000,0.142,125
identity_r1,cancel,1000,0.143,125
identity_r1,cancel,1000,0.144,125
identity_r1,cancel,1000,0.145,125
identity_r1,cancel,1000,0.146,125
identity_r1,cancel,1000,0.147,125
identity_r1,cancel,1000,0.148,125
identity_r1,cancel,1000,0.149,125
identity_r1,cancel,1000,0.15,125
identity_r1,cancel,1000,0.151,125
identity_r1,cancel,1000,0.152,125
identity_r1,cancel,1000,0.153,125
identity_r1,cancel,1000,0.154,125
identity_r1,cancel,1000,0.155,125
identity_r1,cancel,1000,0.156,125
identity_r1,cancel,1000,0.157,125
identity_r1,cancel,1000,0.158,125
identity_r1,cancel,1000,0.159,125
identity_r1,cancel,1000,0.16,125
identity_r1,cancel,1000,0.161,125
identity_r1,cancel,1000,0.162,125
identity_r1,cancel,1000,0.163,125
identity_r1,cancel,1000,0.164,125
identity_r1,cancel,1000,0.165,125
identity_r1,cancel,1000,0.166,125
identity_r1,cancel,1000,0.167,125
identity_r1,cancel,1000,0.168,125
identity_r1,cancel,1000,0.169,125
identity_r1,cancel,1000,0.17,125
identity_r1,cancel,1000,0.171,125
identity_r1,cancel,1000,0.172,125
identity_r1,cancel,1000,0.173,125
identity_r1,cancel,1000,0.174,125
identity_r1,cancel,1000,0.175,125
identity_r1,cancel,1000,0.176,125
identity_r1,cancel,1000,0.177,125
identity_r1,cancel,1000,0.178,125
identity_r1,cancel,1000,0.179,125
identity_r1,cancel,1000,0.18,125
identity_r1,cancel,1000,0.181,125
identity_r1,cancel,1000,0.182,125
identity_r1,cancel,1000,0.183,125
identity_r1,cancel,1000,0.184,125
identity_r1,cancel,1000,0.185,125
identity_r1,cancel,1000,0.186,125
identity_r1,cancel,1000,0.187,125
identity_r1,cancel,1000,0.188,125
identity_r1,cancel,1000,0.189,125
identity_r1,cancel,1000,0.19,125
identity_r1,cancel,1000,0.191,125
identity_r1,cancel,1000,0.192,125
identity_r1,cancel,1000,0.193,125
identity_r1,cancel,1000,0.194,125
identity_r1,cancel,1000,0.195,125
identity_r1,cancel,1000,0.196,125
identity_r1,cancel,1000,0.197,125
identity_r1,cancel,1000,0.198,125
identity_r1,cancel,1000,0.199,125
identity_r1,cancel,1000,0.2,125
identity_r1,cancel,1000,0.201,125
identity_r1,cancel,1000,0.202,125
identity_r1,cancel,1000,0.203,125
identity_r1,cancel,1000,0.204,125
identity_r1,cancel,1000,0.205,125
identity_r1,cancel,1000,0.206,125
identity_r1,cancel,1000,0.207,125
identity_r1,cancel,1000,0.208,125
identity_r1,cancel,1000,0.209,125
identity_r1,cancel,1000,0.21,125
identity_r1,cancel,1000,0.211,125
identity_r1,cancel,1000,0.212,125
identity_r1,cancel,1000,0.213,125
identity_r1,cancel,1000,0.214,125
identity_r1,cancel,1000,0.215,125
identity_r1,cancel,1000,0.216,125
identity_r1,cancel,1000,0.217,125
identity_r1,cancel,1000,0.218,125
identity_r1,cancel,1000,0.219,125
identity_r1,cancel,1000,0.22,125
identity_r1,cancel,1000,0.221,125
identity_r1,cancel,1000,0.222,125
identity_r1,cancel,1000,0.223,125
identity_r1,cancel,1000,0.224,125
identity_r1,cancel,1000,0.225,125
identity_r1,cancel,1000,0.226,125
identity_r1,cancel,1000,0.227,125
identity_r1,cancel,1000,0.228,125
identity_r1,cancel,1000,0.229,125
identity_r1,cancel,1000,0.23,125
identity_r1,cancel,1000,0.231,125
identity_r1,cancel,1000,0.232,125
identity_r1,cancel,1000,0.233,125
identity_r1,cancel,1000,0.234,125
identity_r1,cancel,1000,0.235,125
identity_r1,cancel,1000,0.236,125
identity_r1,cancel,1000,0.237,125
identity_r1,cancel,1000,0.238,125
identity_r1,cancel,1000,0.239,125
identity_r1,cancel,1000,0.24,125
identity_r1,cancel,1000,0.241,125
identity_r1,cancel,1000,0.242,125
identity_r1,cancel,1000,0.243,125
identity_r1,cancel,1000,0.244,125
identity_r1,cancel,1000,0.245,125
identity_r1,cancel,1000,0.246,125
identity_r1,cancel,1000,0.247,125
identity_r1,cancel,1000,0.248,125
identity_r1,cancel,1000,0.249,125
identity_r1,cancel,1000,0.25,125
identity_r1,cancel,1000,0.251,125
identity_r1,cancel,1000,0.252,125
identity_r1,cancel,1000,0.253,125
identity_r1,cancel,1000,0.254,125
identity_r1,cancel,1000,0.255,125
identity_r1,cancel,1000,0.256,125
identity_r1,cancel,1000,0.257,125
identity_r1,cancel,1000,0.258,125
identity_r1,cancel,1000,0.259,125
identity_r1,cancel,1000,0.26,125
identity_r1,cancel,1000,0.261,125
identity_r1,cancel,1000,0.262,125
identity_r1,cancel,1000,0.263,125
identity_r1,cancel,1000,0.264,125
identity_r1,cancel,1000,0.265,125
identity_r1,cancel,1000,0.266,125
identity_r1,cancel,1000,0.267,125
identity_r1,cancel,1000,0.268,125
identity_r1,cancel,1000,0.269,125
identity_r1,cancel,1000,0.27,125
identity_r1,cancel,1000,0.271,125
identity_r1,cancel,1000,0.272,125
identity_r1,cancel,1000,0.273,125
identity_r1,cancel,1000,0.274,125
identity_r1,cancel,1000,0.275,125
identity_r1,cancel,1000,0.276,125
identity_r1,cancel,1000,0.277,125
identity_r1,cancel,1000,0.278,125
identity_r1,cancel,1000,0.279,125
identity_r1,cancel,1000,0.28,125
identity_r1,cancel,1000,0.281,125
identity_r1,cancel,1000,0.282,125
identity_r1,cancel,1000,0.283,125
identity_r1,cancel,1000,0.284,125
identity_r1,cancel,1000,0.285,125
identity_r1,cancel,1000,0.286,125
identity_r1,cancel,1000,0.287,125
identity_r1,cancel,1000,0.288,125
identity_r1,cancel,1000,0.289,125
identity_r1,cancel,1000,0.29,125
identity_r1,cancel,1000,0.291,125
identity_r1,cancel,1000,0.292,125
identity_r1,cancel,1000,0.293,125
identity_r1,cancel,1000,0.294,125
identity_r1,cancel,1000,0.295,125
identity_r1,cancel,1000,0.296,125
identity_r1,cancel,1000,0.297,125
identity_r1,cancel,1000,0.298,125
identity_r1,cancel,1000,0.299,125
identity_r1,cancel,1000,0.3,125
identity_r1,cancel,1000,0.301,125
identity_r1,cancel,1000,0.302,125
identity_r1,cancel,1000,0.303,125
identity_r1,cancel,1000,0.304,125
identity_r1,cancel,1000,0.305,125
identity_r1,cancel,1000,0.306,125
identity_r1,cancel,1000,0.307,125
identity_r1,cancel,1000,0.308,125
identity_r1,cancel,1000,0.309,125
identity_r1,cancel,1000,0.31,125
identity_r1,cancel,1000,0.311,125
identity_r1,cancel,1000,0.312,125
identity_r1,cancel,1000,0.313,125
identity_r1,cancel,1000,0.314,125
identity_r1,cancel,1000,0.315,125
identity_r1,cancel,1000,0.316,125
identity_r1,cancel,1000,0.317,125
identity_r1,cancel,1000,0.318,125
identity_r1,cancel,1000,0.319,125
identity_r1,cancel,1000,0.32,125
identity_r1,cancel,1000,0.321,125
identity_r1,cancel,1000,0.322,125
identity_r1,cancel,1000,0.323,125
identity_r1,cancel,1000,0.324,125
identity_r1,cancel,1000,0.325,125
identity_r1,cancel,1000,0.326,125
identity_r1,cancel,1000,0.327,125
identity_r1,cancel,1000,0.328,125
identity_r1,cancel,1000,0.329,125
identity_r1,cancel,1000,0.33,125
identity_r1,cancel,1000,0.331,125
identity_r1,cancel,1000,0.332,125
identity_r1,cancel,1000,0.333,125
identity_r1,cancel,1000,0.334,125
identity_r1,cancel,1000,0.335,125
identity_r1,cancel,1000,0.336,125
identity_r1,cancel,1000,0.337,125
identity_r1,cancel,1000,0.338,125
identity_r1,cancel,1000,0.339,125
identity_r1,cancel,1000,0.34,125
identity_r1,cancel,1000,0.341,125
identity_r1,cancel,1000,0.342,125
identity_r1,cancel,1000,0.343,125
identity_r1,cancel,1000,0.344,125
identity_r1,cancel,1000,0.345,125
identity_r1,cancel,1000,0.346,125
identity_r1,cancel,1000,0.347,125
identity_r1,cancel,1000,0.348,125
identity_r1,cancel,1000,0.349,125
identity_r1,cancel,1000,0.35,125
identity_r1,cancel,1000,0.351,125
identity_r1,cancel,1000,0.352,125
identity_r1,cancel,1000,0.353,125
identity_r1,cancel,1000,0.354,125
identity_r1,cancel,1000,0.355,125
identity_r1,cancel,1000,0.356,125
identity_r1,cancel,1000,0.357,125
identity_r1,cancel,1000,0.358,125
identity_r1,cancel,1000,0.359,125
identity_r1,cancel,1000,0.36,125
identity_r1,cancel,1000,0.361,125
identity_r1,cancel,1000,0.362,125
identity_r1,cancel,1000,0.363,125
identity_r1,cancel,1000,0.364,125
identity_r1,cancel,1000,0.365,166
identity_r1,cancel,1000,0.366,166
identity_r1,cancel,1000,0.367,166
identity_r1,cancel,1000,0.368,166
identity_r1,cancel,1000,0.369,166
identity_r1,cancel,1000,0.37,166
identity_r1,cancel,1000,0.371,166
identity_r1,cancel,1000,0.372,166
identity_r1,cancel,1000,0.373,166
identity_r1,cancel,1000,0.374,166
identity_r1,cancel,1000,0.375,166
identity_r1,cancel,1000,0.376,166
identity_r1,cancel,1000,0.377,166
identity_r1,cancel,1000,0.378,166
identity_r1,cancel,1000,0.379,166
identity_r1,cancel,1000,0.38,166
identity_r1,cancel,1000,0.381,166
identity_r1,cancel,1000,0.382,166
identity_r1,cancel,1000,0.383,166
identity_r1,cancel,1000,0.384,166
identity_r1,cancel,1000,0.385,166
identity_r1,cancel,1000,0.386,166
identity_r1,cancel,1000,0.387,166
identity_r1,cancel,1000,0.388,166
identity_r1,cancel,1000,0.389,166
identity_r1,cancel,1000,0.39,166
identity_r1,cancel,1000,0.391,166
identity_r1,cancel,1000,0.392,166
identity_r1,cancel,1000,0.393,166
identity_r1,cancel,1000,0.394,166
identity_r1,cancel,1000,0.395,166
identity_r1,cancel,1000,0.396,166
identity_r1,cancel,1000,0.397,166
identity_r1,cancel,1000,0.398,166
identity_r1,cancel,1000,0.399,166
identity_r1,cancel,1000,0.4,166
identity_r1,cancel,1000,0.401,166
identity_r1,cancel,1000,0.402,166
identity_r1,cancel,1000,0.403,166
identity_r1,cancel,1000,0.404,166
identity_r1,cancel,1000,0.405,166
identity_r1,cancel,1000,0.406,166
identity_r1,cancel,1000,0.407,166
identity_r1,cancel,1000,0.408,166
identity_r1,cancel,1000,0.409,166
identity_r1,cancel,1000,0.41,166
identity_r1,cancel,1000,0.411,166
identity_r1,cancel,1000,0.412,166
identity_r1,cancel,1000,0.413,166
identity_r1,cancel,1000,0.414,166
identity_r1,cancel,1000,0.415,166
identity_r1,cancel,1000,0.416,166
identity_r1,cancel,1000,0.417,166
identity_r1,cancel,1000,0.418,166
identity_r1,cancel,1000,0.419,166
identity_r1,cancel,1000,0.42,166
identity_r1,cancel,1000,0.421,166
identity_r1,cancel,1000,0.422,166
identity_r1,cancel,1000,0.423,166
identity_r1,cancel,1000,0.424,166
identity_r1,cancel,1000,0.425,166
identity_r1,cancel,1000,0.426,166
identity_r1,cancel,1000,0.427,166
identity_r1,cancel,1000,0.428,166
identity_r1,cancel,1000,0.429,166
identity_r1,cancel,1000,0.43,166
identity_r1,cancel,1000,0.431,166
identity_r1,cancel,1000,0.432,166
identity_r1,cancel,1000,0.433,166
identity_r1,cancel,1000,0.434,166
identity_r1,cancel,1000,0.435,166
identity_r1,cancel,1000,0.436,166
identity_r1,cancel,1000,0.437,166
identity_r1,cancel,1000,0.438,166
identity_r1,cancel,1000,0.439,166
identity_r1,cancel,1000,0.44,166
identity_r1,cancel,1000,0.441,166
identity_r1,cancel,1000,0.442,166
identity_r1,cancel,1000,0.443,166
identity_r1,cancel,1000,0.444,166
identity_r1,cancel,1000,0.445,166
identity_r1,cancel,1000,0.446,166
identity_r1,cancel,1000,0.447,166
identity_r1,cancel,1000,0.448,166
identity_r1,cancel,1000,0.449,166
identity_r1,cancel,1000,0.45,166
identity_r1,cancel,1000,0.451,166
identity_r1,cancel,1000,0.452,166
identity_r1,cancel,1000,0.453,166
identity_r1,cancel,1000,0.454,166
identity_r1,cancel,1000,0.455,166
identity_r1,cancel,1000,0.456,166
identity_r1,cancel,1000,0.457,166
identity_r1,cancel,1000,0.458,166
identity_r1,cancel,1000,0.459,166
identity_r1,cancel,1000,0.46,166
identity_r1,cancel,1000,0.461,166
identity_r1,cancel,1000,0.462,166
identity_r1,cancel,1000,0.463,166
identity_r1,cancel,1000,0.464,166
identity_r1,cancel,1000,0.465,166
identity_r1,cancel,1000,0.466,166
identity_r1,cancel,1000,0.467,166
identity_r1,cancel,1000,0.468,166
identity_r1,cancel,1000,0.469,166
identity_r1,cancel,1000,0.47,166
identity_r1,cancel,1000,0.471,166
identity_r1,cancel,1000,0.472,166
identity_r1,cancel,1000,0.473,166
identity_r1,cancel,1000,0.474,166
identity_r1,cancel,1000,0.475,166
identity_r1,cancel,1000,0.476,166
identity_r1,cancel,1000,0.477,166
identity_r1,cancel,1000,0.478,166
identity_r1,cancel,1000,0.479,166
identity_r1,cancel,1000,0.48,166
identity_r1,cancel,1000,0.481,166
identity_r1,cancel,1000,0.482,166
identity_r1,cancel,1000,0.483,166
identity_r1,cancel,1000,0.484,166
identity_r1,cancel,1000,0.485,166
identity_r1,cancel,1000,0.486,166
identity_r1,cancel,1000,0.487,166
identity_r1,cancel,1000,0.488,166
identity_r1,cancel,1000,0.489,166
identity_r1,cancel,1000,0.49,166
identity_r1,cancel,1000,0.491,166
identity_r1,cancel,1000,0.492,166
identity_r1,cancel,1000,0.493,166
identity_r1,cancel,1000,0.494,166
identity_r1,cancel,1000,0.495,166
identity_r1,cancel,1000,0.496,166
identity_r1,cancel,1000,0.497,166
identity_r1,cancel,1000,0.498,166
identity_r1,cancel,1000,0.499,166
identity_r1,cancel,1000,0.5,166
identity_r1,cancel,1000,0.501,166
identity_r1,cancel,1000,0.502,166
identity_r1,cancel,1000,0.503,166
identity_r1,cancel,1000,0.504,166
identity_r1,cancel,1000,0.505,166
identity_r1,cancel,1000,0.506,167
identity_r1,cancel,1000,0.507,167
identity_r1,cancel,1000,0.508,167
identity_r1,cancel,1000,0.509,167
identity_r1,cancel,1000,0.51,167
identity_r1,cancel,1000,0.511,167
identity_r1,cancel,1000,0.512,167
identity_r1,cancel,1000,0.513,167
identity_r1,cancel,1000,0.514,167
identity_r1,cancel,1000,0.515,167
identity_r1,cancel,1000,0.516,167
identity_r1,cancel,1000,0.517,167
identity_r1,cancel,1000,0.518,167
identity_r1,cancel,1000,0.519,167
identity_r1,cancel,1000,0.52,167
identity_r1,cancel,1000,0.521,167
identity_r1,cancel,1000,0.522,167
identity_r1,cancel,1000,0.523,167
identity_r1,cancel,1000,0.524,167
identity_r1,cancel,1000,0.525,167
identity_r1,cancel,1000,0.526,167
identity_r1,cancel,1000,0.527,167
identity_r1,cancel,1000,0.528,167
identity_r1,cancel,1000,0.529,167
identity_r1,cancel,1000,0.53,167
identity_r1,cancel,1000,0.531,167
identity_r1,cancel,1000,0.532,167
identity_r1,cancel,1000,0.533,167
identity_r1,cancel,1000,0.534,167
identity_r1,cancel,1000,0.535,167
identity_r1,cancel,1000,0.536,167
identity_r1,cancel,1000,0.537,167
identity_r1,cancel,1000,0.538,167
identity_r1,cancel,1000,0.539,167
identity_r1,cancel,1000,0.54,167
identity_r1,cancel,1000,0.541,167
identity_r1,cancel,1000,0.542,167
identity_r1,cancel,1000,0.543,167
identity_r1,cancel,1000,0.544,167
identity_r1,cancel,1000,0.545,167
identity_r1,cancel,1000,0.546,167
identity_r1,cancel,1000,0.547,167
identity_r1,cancel,1000,0.548,167
identity_r1,cancel,1000,0.549,167
identity_r1,cancel,1000,0.55,167
identity_r1,cancel,1000,0.551,167
identity_r1,cancel,1000,0.552,167
identity_r1,cancel,1000,0.553,167
identity_r1,cancel,1000,0.554,167
identity_r1,cancel,1000,0.555,167
identity_r1,cancel,1000,0.556,167
identity_r1,cancel,1000,0.557,167
identity_r1,cancel,1000,0.558,167
identity_r1,cancel,1000,0.559,167
identity_r1,cancel,1000,0.56,167
identity_r1,cancel,1000,0.561,167
identity_r1,cancel,1000,0.562,167
identity_r1,cancel,1000,0.563,167
identity_r1,cancel,1000,0.564,167
identity_r1,cancel,1000,0.565,167
identity_r1,cancel,1000,0.566,167
identity_r1,cancel,1000,0.567,167
identity_r1,cancel,1000,0.568,167
identity_r1,cancel,1000,0.569,167
identity_r1,cancel,1000,0.57,167
identity_r1,cancel,1000,0.571,167
identity_r1,cancel,1000,0.572,167
identity_r1,cancel,1000,0.573,167
identity_r1,cancel,1000,0.574,167
identity_r1,cancel,1000,0.575,167
identity_r1,cancel,1000,0.576,167
identity_r1,cancel,1000,0.577,167
identity_r1,cancel,1000,0.578,167
identity_r1,cancel,1000,0.579,167
identity_r1,cancel,1000,0.58,167
identity_r1,cancel,1000,0.581,167
identity_r1,cancel,1000,0.582,167
identity_r1,cancel,1000,0.583,167
identity_r1,cancel,1000,0.584,167
identity_r1,cancel,1000,0.585,167
identity_r1,cancel,1000,0.586,167
identity_r1,cancel,1000,0.587,167
identity_r1,cancel,1000,0.588,167
identity_r1,cancel,1000,0.589,167
identity_r1,cancel,1000,0.59,167
identity_r1,cancel,1000,0.591,167
identity_r1,cancel,1000,0.592,167
identity_r1,cancel,1000,0.593,167
identity_r1,cancel,1000,0.594,167
identity_r1,cancel,1000,0.595,167
identity_r1,cancel,1000,0.596,167
identity_r1,cancel,1000,0.597,167
identity_r1,cancel,1000,0.598,167
identity_r1,cancel,1000,0.599,167
identity_r1,cancel,1000,0.6,167
identity_r1,cancel,1000,0.601,167
identity_r1,cancel,1000,0.602,167
identity_r1,cancel,1000,0.603,167
identity_r1,cancel,1000,0.604,167
identity_r1,cancel,1000,0.605,167
identity_r1,cancel,1000,0.606,167
identity_r1,cancel,1000,0.607,167
identity_r1,cancel,1000,0.608,167
identity_r1,cancel,1000,0.609,167
identity_r1,cancel,1000,0.61,167
identity_r1,cancel,1000,0.611,167
identity_r1,cancel,1000,0.612,167
identity_r1,cancel,1000,0.613,167
identity_r1,cancel,1000,0.614,167
identity_r1,cancel,1000,0.615,167
identity_r1,cancel,1000,0.616,167
identity_r1,cancel,1000,0.617,167
identity_r1,cancel,1000,0.618,167
identity_r1,cancel,1000,0.619,167
identity_r1,cancel,1000,0.62,167
identity_r1,cancel,1000,0.621,167
identity_r1,cancel,1000,0.622,167
identity_r1,cancel,1000,0.623,167
identity_r1,cancel,1000,0.624,167
identity_r1,cancel,1000,0.625,167
identity_r1,cancel,1000,0.626,167
identity_r1,cancel,1000,0.627,167
identity_r1,cancel,1000,0.628,167
identity_r1,cancel,1000,0.629,167
identity_r1,cancel,1000,0.63,167
identity_r1,cancel,1000,0.631,167
identity_r1,cancel,1000,0.632,167
identity_r1,cancel,1000,0.633,167
identity_r1,cancel,1000,0.634,167
identity_r1,cancel,1000,0.635,167
identity_r1,cancel,1000,0.636,167
identity_r1,cancel,1000,0.637,167
identity_r1,cancel,1000,0.638,167
identity_r1,cancel,1000,0.639,167
identity_r1,cancel,1000,0.64,167
identity_r1,cancel,1000,0.641,167
identity_r1,cancel,1000,0.642,167
identity_r1,cancel,1000,0.643,167
identity_r1,cancel,1000,0.644,167
identity_r1,cancel,1000,0.645,167
identity_r1,cancel,1000,0.646,167
identity_r1,cancel,1000,0.647,167
identity_r1,cancel,1000,0.648,167
identity_r1,cancel,1000,0.649,167
identity_r1,cancel,1000,0.65,167
identity_r1,cancel,1000,0.651,167
identity_r1,cancel,1000,0.652,167
identity_r1,cancel,1000,0.653,167
identity_r1,cancel,1000,0.654,167
identity_r1,cancel,1000,0.655,167
identity_r1,cancel,1000,0.656,167
identity_r1,cancel,1000,0.657,167
identity_r1,cancel,1000,0.658,167
identity_r1,cancel,1000,0.659,167
identity_r1,cancel,1000,0.66,167
identity_r1,cancel,1000,0.661,167
identity_r1,cancel,1000,0.662,167
identity_r1,cancel,1000,0.663,167
identity_r1,cancel,1000,0.664,167
identity_r1,cancel,1000,0.665,167
identity_r1,cancel,1000,0.666,167
identity_r1,cancel,1000,0.667,167
identity_r1,cancel,1000,0.668,167
identity_r1,cancel,1000,0.669,167
identity_r1,cancel,1000,0.67,167
identity_r1,cancel,1000,0.671,167
identity_r1,cancel,1000,0.672,167
identity_r1,cancel,1000,0.673,167
identity_r1,cancel,1000,0.674,167
identity_r1,cancel,1000,0.675,167
identity_r1,cancel,1000,0.676,167
identity_r1,cancel,1000,0.677,167
identity_r1,cancel,1000,0.678,167
identity_r1,cancel,1000,0.679,167
identity_r1,cancel,1000,0.68,167
identity_r1,cancel,1000,0.681,167
identity_r1,cancel,1000,0.682,167
identity_r1,cancel,1000,0.683,167
identity_r1,cancel,1000,0.684,167
identity_r1,cancel,1000,0.685,167
identity_r1,cancel,1000,0.686,167
identity_r1,cancel,1000,0.687,167
identity_r1,cancel,1000,0.688,167
identity_r1,cancel,1000,0.689,167
identity_r1,cancel,1000,0.69,167
identity_r1,cancel,1000,0.691,167
identity_r1,cancel,1000,0.692,167
identity_r1,cancel,1000,0.693,167
identity_r1,cancel,1000,0.694,167
identity_r1,cancel,1000,0.695,167
identity_r1,cancel,1000,0.696,167
identity_r1,cancel,1000,0.697,167
identity_r1,cancel,1000,0.698,167
identity_r1,cancel,1000,0.699,167
identity_r1,cancel,1000,0.7,167
identity_r1,cancel,1000,0.701,167
identity_r1,cancel,1000,0.702,167
identity_r1,cancel,1000,0.703,167
identity_r1,cancel,1000,0.704,167
identity_r1,cancel,1000,0.705,167
identity_r1,cancel,1000,0.706,167
identity_r1,cancel,1000,0.707,167
identity_r1,cancel,1000,0.708,167
identity_r1,cancel,1000,0.709,167
identity_r1,cancel,1000,0.71,167
identity_r1,cancel,1000,0.711,167
identity_r1,cancel,1000,0.712,167
identity_r1,cancel,1000,0.713,167
identity_r1,cancel,1000,0.714,167
identity_r1,cancel,1000,0.715,167
identity_r1,cancel,1000,0.716,167
identity_r1,cancel,1000,0.717,167
identity_r1,cancel,1000,0.718,167
identity_r1,cancel,1000,0.719,167
identity_r1,cancel,1000,0.72,167
identity_r1,cancel,1000,0.721,167
identity_r1,cancel,1000,0.722,167
identity_r1,cancel,1000,0.723,167
identity_r1,cancel,1000,0.724,167
identity_r1,cancel,1000,0.725,167
identity_r1,cancel,1000,0.726,167
identity_r1,cancel,1000,0.727,167
identity_r1,cancel,1000,0.728,167
identity_r1,cancel,1000,0.729,167
identity_r1,cancel,1000,0.73,167
identity_r1,cancel,1000,0.731,167
identity_r1,cancel,1000,0.732,167
identity_r1,cancel,1000,0.733,167
identity_r1,cancel,1000,0.734,167
identity_r1,cancel,1000,0.735,167
identity_r1,cancel,1000,0.736,167
identity_r1,cancel,1000,0.737,167
identity_r1,cancel,1000,0.738,167
identity_r1,cancel,1000,0.739,167
identity_r1,cancel,1000,0.74,167
identity_r1,cancel,1000,0.741,167
identity_r1,cancel,1000,0.742,167
identity_r1,cancel,1000,0.743,167
identity_r1,cancel,1000,0.744,167
identity_r1,cancel,1000,0.745,167
identity_r1,cancel,1000,0.746,167
identity_r1,cancel,1000,0.747,167
identity_r1,cancel,1000,0.748,167
identity_r1,cancel,1000,0.749,167
identity_r1,cancel,1000,0.75,167
identity_r1,cancel,1000,0.751,167
identity_r1,cancel,1000,0.752,167
identity_r1,cancel,1000,0.753,167
identity_r1,cancel,1000,0.754,167
identity_r1,cancel,1000,0.755,167
identity_r1,cancel,1000,0.756,167
identity_r1,cancel,1000,0.757,167
identity_r1,cancel,1000,0.758,167
identity_r1,cancel,1000,0.759,167
identity_r1,cancel,1000,0.76,167
identity_r1,cancel,1000,0.761,167
identity_r1,cancel,1000,0.762,167
identity_r1,cancel,1000,0.763,167
identity_r1,cancel,1000,0.764,167
identity_r1,cancel,1000,0.765,167
identity_r1,cancel,1000,0.766,167
identity_r1,cancel,1000,0.767,167
identity_r1,cancel,1000,0.768,167
identity_r1,cancel,1000,0.769,167
identity_r1,cancel,1000,0.77,167
identity_r1,cancel,1000,0.771,167
identity_r1,cancel,1000,0.772,167
identity_r1,cancel,1000,0.773,167
identity_r1,cancel,1000,0.774,167
identity_r1,cancel,1000,0.775,167
identity_r1,cancel,1000,0.776,167
identity_r1,cancel,1000,0.777,167
identity_r1,cancel,1000,0.778,167
identity_r1,cancel,1000,0.779,167
identity_r1,cancel,1000,0.78,167
identity_r1,cancel,1000,0.781,167
identity_r1,cancel,1000,0.782,167
identity_r1,cancel,1000,0.783,167
identity_r1,cancel,1000,0.784,167
identity_r1,cancel,1000,0.785,208
identity_r1,cancel,1000,0.786,208
identity_r1,cancel,1000,0.787,208
identity_r1,cancel,1000,0.788,208
identity_r1,cancel,1000,0.789,208
identity_r1,cancel,1000,0.79,208
identity_r1,cancel,1000,0.791,208
identity_r1,cancel,1000,0.792,208
identity_r1,cancel,1000,0.793,208
identity_r1,cancel,1000,0.794,208
identity_r1,cancel,1000,0.795,208
identity_r1,cancel,1000,0.796,208
identity_r1,cancel,1000,0.797,208
identity_r1,cancel,1000,0.798,208
identity_r1,cancel,1000,0.799,208
identity_r1,cancel,1000,0.8,208
identity_r1,cancel,1000,0.801,208
identity_r1,cancel,1000,0.802,208
identity_r1,cancel,1000,0.803,208
identity_r1,cancel,1000,0.804,208
identity_r1,cancel,1000,0.805,208
identity_r1,cancel,1000,0.806,208
identity_r1,cancel,1000,0.807,208
identity_r1,cancel,1000,0.808,208
identity_r1,cancel,1000,0.809,208
identity_r1,cancel,1000,0.81,208
identity_r1,cancel,1000,0.811,208
identity_r1,cancel,1000,0.812,208
identity_r1,cancel,1000,0.813,208
identity_r1,cancel,1000,0.814,208
identity_r1,cancel,1000,0.815,208
identity_r1,cancel,1000,0.816,208
identity_r1,cancel,1000,0.817,208
identity_r1,cancel,1000,0.818,208
identity_r1,cancel,1000,0.819,208
identity_r1,cancel,1000,0.82,208
identity_r1,cancel,1000,0.821,208
identity_r1,cancel,1000,0.822,208
identity_r1,cancel,1000,0.823,208
identity_r1,cancel,1000,0.824,208
identity_r1,cancel,1000,0.825,208
identity_r1,cancel,1000,0.826,208
identity_r1,cancel,1000,0.827,208
identity_r1,cancel,1000,0.828,208
identity_r1,cancel,1000,0.829,208
identity_r1,cancel,1000,0.83,208
identity_r1,cancel,1000,0.831,208
identity_r1,cancel,1000,0.832,208
identity_r1,cancel,1000,0.833,208
identity_r1,cancel,1000,0.834,208
identity_r1,cancel,1000,0.835,208
identity_r1,cancel,1000,0.836,208
identity_r1,cancel,1000,0.837,208
identity_r1,cancel,1000,0.838,208
identity_r1,cancel,1000,0.839,208
identity_r1,cancel,1000,0.84,208
identity_r1,cancel,1000,0.841,208
identity_r1,cancel,1000,0.842,208
identity_r1,cancel,1000,0.843,208
identity_r1,cancel,1000,0.844,208
identity_r1,cancel,1000,0.845,208
identity_r1,cancel,1000,0.846,208
identity_r1,cancel,1000,0.847,208
identity_r1,cancel,1000,0.848,208
identity_r1,cancel,1000,0.849,208
identity_r1,cancel,1000,0.85,208
identity_r1,cancel,1000,0.851,208
identity_r1,cancel,1000,0.852,209
identity_r1,cancel,1000,0.853,209
identity_r1,cancel,1000,0.854,209
identity_r1,cancel,1000,0.855,209
identity_r1,cancel,1000,0.856,209
identity_r1,cancel,1000,0.857,209
identity_r1,cancel,1000,0.858,209
identity_r1,cancel,1000,0.859,209
identity_r1,cancel,1000,0.86,209
identity_r1,cancel,1000,0.861,209
identity_r1,cancel,1000,0.862,209
identity_r1,cancel,1000,0.863,209
identity_r1,cancel,1000,0.864,209
identity_r1,cancel,1000,0.865,209
identity_r1,cancel,1000,0.866,209
identity_r1,cancel,1000,0.867,209
identity_r1,cancel,1000,0.868,209
identity_r1,cancel,1000,0.869,209
identity_r1,cancel,1000,0.87,209
identity_r1,cancel,1000,0.871,209
identity_r1,cancel,1000,0.872,209
identity_r1,cancel,1000,0.873,209
identity_r1,cancel,1000,0.874,209
identity_r1,cancel,1000,0.875,209
identity_r1,cancel,1000,0.876,209
identity_r1,cancel,1000,0.877,209
identity_r1,cancel,1000,0.878,209
identity_r1,cancel,1000,0.879,209
identity_r1,cancel,1000,0.88,209
identity_r1,cancel,1000,0.881,209
identity_r1,cancel,1000,0.882,209
identity_r1,cancel,1000,0.883,209
identity_r1,cancel,1000,0.884,209
identity_r1,cancel,1000,0.885,209
identity_r1,cancel,1000,0.886,250
identity_r1,cancel,1000,0.887,250
identity_r1,cancel,1000,0.888,250
identity_r1,cancel,1000,0.889,250
identity_r1,cancel,1000,0.89,250
identity_r1,cancel,1000,0.891,250
identity_r1,cancel,1000,0.892,250
identity_r1,cancel,1000,0.893,250
identity_r1,cancel,1000,0.894,250
identity_r1,cancel,1000,0.895,250
identity_r1,cancel,1000,0.896,250
identity_r1,cancel,1000,0.897,250
identity_r1,cancel,1000,0.898,250
identity_r1,cancel,1000,0.899,250
identity_r1,cancel,1000,0.9,250
identity_r1,cancel,1000,0.901,250
identity_r1,cancel,1000,0.902,250
identity_r1,cancel,1000,0.903,250
identity_r1,cancel,1000,0.904,250
identity_r1,cancel,1000,0.905,250
identity_r1,cancel,1000,0.906,250
identity_r1,cancel,1000,0.907,250
identity_r1,cancel,1000,0.908,250
identity_r1,cancel,1000,0.909,250
identity_r1,cancel,1000,0.91,250
identity_r1,cancel,1000,0.911,250
identity_r1,cancel,1000,0.912,250
identity_r1,cancel,1000,0.913,250
identity_r1,cancel,1000,0.914,250
identity_r1,cancel,1000,0.915,250
identity_r1,cancel,1000,0.916,250
identity_r1,cancel,1000,0.917,250
identity_r1,cancel,1000,0.918,250
identity_r1,cancel,1000,0.919,250
identity_r1,cancel,1000,0.92,250
identity_r1,cancel,1000,0.921,250
identity_r1,cancel,1000,0.922,250
identity_r1,cancel,1000,0.923,250
identity_r1,cancel,1000,0.924,250
identity_r1,cancel,1000,0.925,291
identity_r1,cancel,1000,0.926,291
identity_r1,cancel,1000,0.927,291
identity_r1,cancel,1000,0.928,291
identity_r1,cancel,1000,0.929,291
identity_r1,cancel,1000,0.93,291
identity_r1,cancel,1000,0.931,291
identity_r1,cancel,1000,0.932,292
identity_r1,cancel,1000,0.933,292
identity_r1,cancel,1000,0.934,292
identity_r1,cancel,1000,0.935,292
identity_r1,cancel,1000,0.936,292
identity_r1,cancel,1000,0.937,292
identity_r1,cancel,1000,0.938,292
identity_r1,cancel,1000,0.939,292
identity_r1,cancel,1000,0.94,292
identity_r1,cancel,1000,0.941,292
identity_r1,cancel,1000,0.942,292
identity_r1,cancel,1000,0.943,292
identity_r1,cancel,1000,0.944,292
identity_r1,cancel,1000,0.945,292
identity_r1,cancel,1000,0.946,333
identity_r1,cancel,1000,0.947,333
identity_r1,cancel,1000,0.948,333
identity_r1,cancel,1000,0.949,333
identity_r1,cancel,1000,0.95,333
identity_r1,cancel,1000,0.951,333
identity_r1,cancel,1000,0.952,333
identity_r1,cancel,1000,0.953,333
identity_r1,cancel,1000,0.954,333
identity_r1,cancel,1000,0.955,334
identity_r1,cancel,1000,0.956,334
identity_r1,cancel,1000,0.957,334
identity_r1,cancel,1000,0.958,334
identity_r1,cancel,1000,0.959,334
identity_r1,cancel,1000,0.96,375
identity_r1,cancel,1000,0.961,375
identity_r1,cancel,1000,0.962,375
identity_r1,cancel,1000,0.963,375
identity_r1,cancel,1000,0.964,375
identity_r1,cancel,1000,0.965,375
identity_r1,cancel,1000,0.966,375
identity_r1,cancel,1000,0.967,375
identity_r1,cancel,1000,0.968,375
identity_r1,cancel,1000,0.969,375
identity_r1,cancel,1000,0.97,416
identity_r1,cancel,1000,0.971,416
identity_r1,cancel,1000,0.972,417
identity_r1,cancel,1000,0.973,417
identity_r1,cancel,1000,0.974,417
identity_r1,cancel,1000,0.975,417
identity_r1,cancel,1000,0.976,458
identity_r1,cancel,1000,0.977,458
identity_r1,cancel,1000,0.978,458
identity_r1,cancel,1000,0.979,459
identity_r1,cancel,1000,0.98,459
identity_r1,cancel,1000,0.981,500
identity_r1,cancel,1000,0.982,500
identity_r1,cancel,1000,0.983,500
identity_r1,cancel,1000,0.984,541
identity_r1,cancel,1000,0.985,542
identity_r1,cancel,1000,0.986,542
identity_r1,cancel,1000,0.987,583
identity_r1,cancel,1000,0.988,583
identity_r1,cancel,1000,0.989,584
identity_r1,cancel,1000,0.99,625
identity_r1,cancel,1000,0.991,625
identity_r1,cancel,1000,0.992,667
identity_r1,cancel,1000,0.993,709
identity_r1,cancel,1000,0.994,791
identity_r1,cancel,1000,0.995,833
identity_r1,cancel,1000,0.996,875
identity_r1,cancel,1000,0.997,1000
identity_r1,cancel,1000,0.998,1292
identity_r1,cancel,1000,0.999,3875
identity_r1,match,1000,0,0
identity_r1,match,1000,0.001,41
identity_r1,match,1000,0.002,41
identity_r1,match,1000,0.003,41
identity_r1,match,1000,0.004,41
identity_r1,match,1000,0.005,41
identity_r1,match,1000,0.006,41
identity_r1,match,1000,0.007,41
identity_r1,match,1000,0.008,41
identity_r1,match,1000,0.009,41
identity_r1,match,1000,0.01,41
identity_r1,match,1000,0.011,41
identity_r1,match,1000,0.012,41
identity_r1,match,1000,0.013,41
identity_r1,match,1000,0.014,41
identity_r1,match,1000,0.015,41
identity_r1,match,1000,0.016,41
identity_r1,match,1000,0.017,41
identity_r1,match,1000,0.018,41
identity_r1,match,1000,0.019,41
identity_r1,match,1000,0.02,41
identity_r1,match,1000,0.021,41
identity_r1,match,1000,0.022,41
identity_r1,match,1000,0.023,41
identity_r1,match,1000,0.024,41
identity_r1,match,1000,0.025,41
identity_r1,match,1000,0.026,41
identity_r1,match,1000,0.027,41
identity_r1,match,1000,0.028,41
identity_r1,match,1000,0.029,41
identity_r1,match,1000,0.03,41
identity_r1,match,1000,0.031,41
identity_r1,match,1000,0.032,41
identity_r1,match,1000,0.033,41
identity_r1,match,1000,0.034,41
identity_r1,match,1000,0.035,41
identity_r1,match,1000,0.036,41
identity_r1,match,1000,0.037,41
identity_r1,match,1000,0.038,41
identity_r1,match,1000,0.039,41
identity_r1,match,1000,0.04,41
identity_r1,match,1000,0.041,41
identity_r1,match,1000,0.042,41
identity_r1,match,1000,0.043,41
identity_r1,match,1000,0.044,41
identity_r1,match,1000,0.045,41
identity_r1,match,1000,0.046,41
identity_r1,match,1000,0.047,41
identity_r1,match,1000,0.048,41
identity_r1,match,1000,0.049,41
identity_r1,match,1000,0.05,41
identity_r1,match,1000,0.051,41
identity_r1,match,1000,0.052,41
identity_r1,match,1000,0.053,41
identity_r1,match,1000,0.054,41
identity_r1,match,1000,0.055,41
identity_r1,match,1000,0.056,41
identity_r1,match,1000,0.057,41
identity_r1,match,1000,0.058,41
identity_r1,match,1000,0.059,41
identity_r1,match,1000,0.06,41
identity_r1,match,1000,0.061,41
identity_r1,match,1000,0.062,41
identity_r1,match,1000,0.063,41
identity_r1,match,1000,0.064,41
identity_r1,match,1000,0.065,41
identity_r1,match,1000,0.066,41
identity_r1,match,1000,0.067,41
identity_r1,match,1000,0.068,41
identity_r1,match,1000,0.069,41
identity_r1,match,1000,0.07,41
identity_r1,match,1000,0.071,41
identity_r1,match,1000,0.072,41
identity_r1,match,1000,0.073,41
identity_r1,match,1000,0.074,41
identity_r1,match,1000,0.075,41
identity_r1,match,1000,0.076,41
identity_r1,match,1000,0.077,41
identity_r1,match,1000,0.078,41
identity_r1,match,1000,0.079,41
identity_r1,match,1000,0.08,41
identity_r1,match,1000,0.081,41
identity_r1,match,1000,0.082,41
identity_r1,match,1000,0.083,41
identity_r1,match,1000,0.084,41
identity_r1,match,1000,0.085,41
identity_r1,match,1000,0.086,41
identity_r1,match,1000,0.087,41
identity_r1,match,1000,0.088,41
identity_r1,match,1000,0.089,41
identity_r1,match,1000,0.09,41
identity_r1,match,1000,0.091,41
identity_r1,match,1000,0.092,41
identity_r1,match,1000,0.093,41
identity_r1,match,1000,0.094,41
identity_r1,match,1000,0.095,41
identity_r1,match,1000,0.096,41
identity_r1,match,1000,0.097,41
identity_r1,match,1000,0.098,41
identity_r1,match,1000,0.099,41
identity_r1,match,1000,0.1,41
identity_r1,match,1000,0.101,41
identity_r1,match,1000,0.102,41
identity_r1,match,1000,0.103,41
identity_r1,match,1000,0.104,41
identity_r1,match,1000,0.105,41
identity_r1,match,1000,0.106,41
identity_r1,match,1000,0.107,41
identity_r1,match,1000,0.108,42
identity_r1,match,1000,0.109,42
identity_r1,match,1000,0.11,42
identity_r1,match,1000,0.111,42
identity_r1,match,1000,0.112,42
identity_r1,match,1000,0.113,42
identity_r1,match,1000,0.114,42
identity_r1,match,1000,0.115,42
identity_r1,match,1000,0.116,42
identity_r1,match,1000,0.117,42
identity_r1,match,1000,0.118,42
identity_r1,match,1000,0.119,42
identity_r1,match,1000,0.12,42
identity_r1,match,1000,0.121,42
identity_r1,match,1000,0.122,42
identity_r1,match,1000,0.123,42
identity_r1,match,1000,0.124,42
identity_r1,match,1000,0.125,42
identity_r1,match,1000,0.126,42
identity_r1,match,1000,0.127,42
identity_r1,match,1000,0.128,42
identity_r1,match,1000,0.129,42
identity_r1,match,1000,0.13,42
identity_r1,match,1000,0.131,42
identity_r1,match,1000,0.132,42
identity_r1,match,1000,0.133,42
identity_r1,match,1000,0.134,42
identity_r1,match,1000,0.135,42
identity_r1,match,1000,0.136,42
identity_r1,match,1000,0.137,42
identity_r1,match,1000,0.138,42
identity_r1,match,1000,0.139,42
identity_r1,match,1000,0.14,42
identity_r1,match,1000,0.141,42
identity_r1,match,1000,0.142,42
identity_r1,match,1000,0.143,42
identity_r1,match,1000,0.144,42
identity_r1,match,1000,0.145,42
identity_r1,match,1000,0.146,42
identity_r1,match,1000,0.147,42
identity_r1,match,1000,0.148,42
identity_r1,match,1000,0.149,42
identity_r1,match,1000,0.15,42
identity_r1,match,1000,0.151,42
identity_r1,match,1000,0.152,42
identity_r1,match,1000,0.153,42
identity_r1,match,1000,0.154,42
identity_r1,match,1000,0.155,42
identity_r1,match,1000,0.156,42
identity_r1,match,1000,0.157,42
identity_r1,match,1000,0.158,42
identity_r1,match,1000,0.159,42
identity_r1,match,1000,0.16,42
identity_r1,match,1000,0.161,42
identity_r1,match,1000,0.162,42
identity_r1,match,1000,0.163,42
identity_r1,match,1000,0.164,42
identity_r1,match,1000,0.165,42
identity_r1,match,1000,0.166,42
identity_r1,match,1000,0.167,42
identity_r1,match,1000,0.168,42
identity_r1,match,1000,0.169,42
identity_r1,match,1000,0.17,42
identity_r1,match,1000,0.171,42
identity_r1,match,1000,0.172,42
identity_r1,match,1000,0.173,42
identity_r1,match,1000,0.174,42
identity_r1,match,1000,0.175,42
identity_r1,match,1000,0.176,42
identity_r1,match,1000,0.177,42
identity_r1,match,1000,0.178,42
identity_r1,match,1000,0.179,42
identity_r1,match,1000,0.18,42
identity_r1,match,1000,0.181,42
identity_r1,match,1000,0.182,42
identity_r1,match,1000,0.183,42
identity_r1,match,1000,0.184,42
identity_r1,match,1000,0.185,42
identity_r1,match,1000,0.186,42
identity_r1,match,1000,0.187,42
identity_r1,match,1000,0.188,42
identity_r1,match,1000,0.189,42
identity_r1,match,1000,0.19,42
identity_r1,match,1000,0.191,42
identity_r1,match,1000,0.192,42
identity_r1,match,1000,0.193,42
identity_r1,match,1000,0.194,42
identity_r1,match,1000,0.195,42
identity_r1,match,1000,0.196,42
identity_r1,match,1000,0.197,42
identity_r1,match,1000,0.198,42
identity_r1,match,1000,0.199,42
identity_r1,match,1000,0.2,42
identity_r1,match,1000,0.201,42
identity_r1,match,1000,0.202,42
identity_r1,match,1000,0.203,42
identity_r1,match,1000,0.204,42
identity_r1,match,1000,0.205,42
identity_r1,match,1000,0.206,42
identity_r1,match,1000,0.207,42
identity_r1,match,1000,0.208,42
identity_r1,match,1000,0.209,42
identity_r1,match,1000,0.21,42
identity_r1,match,1000,0.211,42
identity_r1,match,1000,0.212,42
identity_r1,match,1000,0.213,42
identity_r1,match,1000,0.214,42
identity_r1,match,1000,0.215,42
identity_r1,match,1000,0.216,42
identity_r1,match,1000,0.217,42
identity_r1,match,1000,0.218,42
identity_r1,match,1000,0.219,42
identity_r1,match,1000,0.22,42
identity_r1,match,1000,0.221,42
identity_r1,match,1000,0.222,42
identity_r1,match,1000,0.223,42
identity_r1,match,1000,0.224,42
identity_r1,match,1000,0.225,42
identity_r1,match,1000,0.226,42
identity_r1,match,1000,0.227,42
identity_r1,match,1000,0.228,42
identity_r1,match,1000,0.229,42
identity_r1,match,1000,0.23,42
identity_r1,match,1000,0.231,42
identity_r1,match,1000,0.232,42
identity_r1,match,1000,0.233,42
identity_r1,match,1000,0.234,42
identity_r1,match,1000,0.235,42
identity_r1,match,1000,0.236,42
identity_r1,match,1000,0.237,42
identity_r1,match,1000,0.238,42
identity_r1,match,1000,0.239,42
identity_r1,match,1000,0.24,42
identity_r1,match,1000,0.241,42
identity_r1,match,1000,0.242,42
identity_r1,match,1000,0.243,42
identity_r1,match,1000,0.244,42
identity_r1,match,1000,0.245,42
identity_r1,match,1000,0.246,42
identity_r1,match,1000,0.247,42
identity_r1,match,1000,0.248,42
identity_r1,match,1000,0.249,42
identity_r1,match,1000,0.25,42
identity_r1,match,1000,0.251,42
identity_r1,match,1000,0.252,42
identity_r1,match,1000,0.253,42
identity_r1,match,1000,0.254,42
identity_r1,match,1000,0.255,42
identity_r1,match,1000,0.256,42
identity_r1,match,1000,0.257,42
identity_r1,match,1000,0.258,42
identity_r1,match,1000,0.259,42
identity_r1,match,1000,0.26,42
identity_r1,match,1000,0.261,42
identity_r1,match,1000,0.262,42
identity_r1,match,1000,0.263,42
identity_r1,match,1000,0.264,42
identity_r1,match,1000,0.265,42
identity_r1,match,1000,0.266,42
identity_r1,match,1000,0.267,42
identity_r1,match,1000,0.268,42
identity_r1,match,1000,0.269,42
identity_r1,match,1000,0.27,42
identity_r1,match,1000,0.271,42
identity_r1,match,1000,0.272,42
identity_r1,match,1000,0.273,42
identity_r1,match,1000,0.274,42
identity_r1,match,1000,0.275,42
identity_r1,match,1000,0.276,42
identity_r1,match,1000,0.277,42
identity_r1,match,1000,0.278,42
identity_r1,match,1000,0.279,42
identity_r1,match,1000,0.28,42
identity_r1,match,1000,0.281,42
identity_r1,match,1000,0.282,42
identity_r1,match,1000,0.283,42
identity_r1,match,1000,0.284,42
identity_r1,match,1000,0.285,42
identity_r1,match,1000,0.286,42
identity_r1,match,1000,0.287,42
identity_r1,match,1000,0.288,42
identity_r1,match,1000,0.289,42
identity_r1,match,1000,0.29,42
identity_r1,match,1000,0.291,42
identity_r1,match,1000,0.292,42
identity_r1,match,1000,0.293,42
identity_r1,match,1000,0.294,42
identity_r1,match,1000,0.295,42
identity_r1,match,1000,0.296,42
identity_r1,match,1000,0.297,42
identity_r1,match,1000,0.298,42
identity_r1,match,1000,0.299,42
identity_r1,match,1000,0.3,42
identity_r1,match,1000,0.301,42
identity_r1,match,1000,0.302,42
identity_r1,match,1000,0.303,42
identity_r1,match,1000,0.304,42
identity_r1,match,1000,0.305,42
identity_r1,match,1000,0.306,42
identity_r1,match,1000,0.307,42
identity_r1,match,1000,0.308,42
identity_r1,match,1000,0.309,42
identity_r1,match,1000,0.31,42
identity_r1,match,1000,0.311,42
identity_r1,match,1000,0.312,42
identity_r1,match,1000,0.313,42
identity_r1,match,1000,0.314,42
identity_r1,match,1000,0.315,42
identity_r1,match,1000,0.316,42
identity_r1,match,1000,0.317,42
identity_r1,match,1000,0.318,42
identity_r1,match,1000,0.319,42
identity_r1,match,1000,0.32,42
identity_r1,match,1000,0.321,83
identity_r1,match,1000,0.322,83
identity_r1,match,1000,0.323,83
identity_r1,match,1000,0.324,83
identity_r1,match,1000,0.325,83
identity_r1,match,1000,0.326,83
identity_r1,match,1000,0.327,83
identity_r1,match,1000,0.328,83
identity_r1,match,1000,0.329,83
identity_r1,match,1000,0.33,83
identity_r1,match,1000,0.331,83
identity_r1,match,1000,0.332,83
identity_r1,match,1000,0.333,83
identity_r1,match,1000,0.334,83
identity_r1,match,1000,0.335,83
identity_r1,match,1000,0.336,83
identity_r1,match,1000,0.337,83
identity_r1,match,1000,0.338,83
identity_r1,match,1000,0.339,83
identity_r1,match,1000,0.34,83
identity_r1,match,1000,0.341,83
identity_r1,match,1000,0.342,83
identity_r1,match,1000,0.343,83
identity_r1,match,1000,0.344,83
identity_r1,match,1000,0.345,83
identity_r1,match,1000,0.346,83
identity_r1,match,1000,0.347,83
identity_r1,match,1000,0.348,83
identity_r1,match,1000,0.349,83
identity_r1,match,1000,0.35,83
identity_r1,match,1000,0.351,83
identity_r1,match,1000,0.352,83
identity_r1,match,1000,0.353,83
identity_r1,match,1000,0.354,83
identity_r1,match,1000,0.355,83
identity_r1,match,1000,0.356,83
identity_r1,match,1000,0.357,83
identity_r1,match,1000,0.358,83
identity_r1,match,1000,0.359,83
identity_r1,match,1000,0.36,83
identity_r1,match,1000,0.361,83
identity_r1,match,1000,0.362,83
identity_r1,match,1000,0.363,83
identity_r1,match,1000,0.364,83
identity_r1,match,1000,0.365,83
identity_r1,match,1000,0.366,83
identity_r1,match,1000,0.367,83
identity_r1,match,1000,0.368,83
identity_r1,match,1000,0.369,83
identity_r1,match,1000,0.37,83
identity_r1,match,1000,0.371,83
identity_r1,match,1000,0.372,83
identity_r1,match,1000,0.373,83
identity_r1,match,1000,0.374,83
identity_r1,match,1000,0.375,83
identity_r1,match,1000,0.376,83
identity_r1,match,1000,0.377,83
identity_r1,match,1000,0.378,83
identity_r1,match,1000,0.379,83
identity_r1,match,1000,0.38,83
identity_r1,match,1000,0.381,83
identity_r1,match,1000,0.382,83
identity_r1,match,1000,0.383,83
identity_r1,match,1000,0.384,83
identity_r1,match,1000,0.385,83
identity_r1,match,1000,0.386,83
identity_r1,match,1000,0.387,83
identity_r1,match,1000,0.388,83
identity_r1,match,1000,0.389,83
identity_r1,match,1000,0.39,83
identity_r1,match,1000,0.391,83
identity_r1,match,1000,0.392,83
identity_r1,match,1000,0.393,83
identity_r1,match,1000,0.394,83
identity_r1,match,1000,0.395,83
identity_r1,match,1000,0.396,83
identity_r1,match,1000,0.397,83
identity_r1,match,1000,0.398,83
identity_r1,match,1000,0.399,83
identity_r1,match,1000,0.4,83
identity_r1,match,1000,0.401,83
identity_r1,match,1000,0.402,83
identity_r1,match,1000,0.403,83
identity_r1,match,1000,0.404,83
identity_r1,match,1000,0.405,83
identity_r1,match,1000,0.406,83
identity_r1,match,1000,0.407,83
identity_r1,match,1000,0.408,83
identity_r1,match,1000,0.409,83
identity_r1,match,1000,0.41,83
identity_r1,match,1000,0.411,83
identity_r1,match,1000,0.412,83
identity_r1,match,1000,0.413,83
identity_r1,match,1000,0.414,83
identity_r1,match,1000,0.415,83
identity_r1,match,1000,0.416,83
identity_r1,match,1000,0.417,83
identity_r1,match,1000,0.418,83
identity_r1,match,1000,0.419,83
identity_r1,match,1000,0.42,83
identity_r1,match,1000,0.421,83
identity_r1,match,1000,0.422,83
identity_r1,match,1000,0.423,83
identity_r1,match,1000,0.424,83
identity_r1,match,1000,0.425,83
identity_r1,match,1000,0.426,83
identity_r1,match,1000,0.427,83
identity_r1,match,1000,0.428,83
identity_r1,match,1000,0.429,83
identity_r1,match,1000,0.43,83
identity_r1,match,1000,0.431,83
identity_r1,match,1000,0.432,83
identity_r1,match,1000,0.433,83
identity_r1,match,1000,0.434,83
identity_r1,match,1000,0.435,83
identity_r1,match,1000,0.436,83
identity_r1,match,1000,0.437,83
identity_r1,match,1000,0.438,83
identity_r1,match,1000,0.439,83
identity_r1,match,1000,0.44,83
identity_r1,match,1000,0.441,83
identity_r1,match,1000,0.442,83
identity_r1,match,1000,0.443,83
identity_r1,match,1000,0.444,83
identity_r1,match,1000,0.445,83
identity_r1,match,1000,0.446,83
identity_r1,match,1000,0.447,83
identity_r1,match,1000,0.448,83
identity_r1,match,1000,0.449,83
identity_r1,match,1000,0.45,83
identity_r1,match,1000,0.451,83
identity_r1,match,1000,0.452,83
identity_r1,match,1000,0.453,83
identity_r1,match,1000,0.454,83
identity_r1,match,1000,0.455,83
identity_r1,match,1000,0.456,83
identity_r1,match,1000,0.457,83
identity_r1,match,1000,0.458,83
identity_r1,match,1000,0.459,83
identity_r1,match,1000,0.46,83
identity_r1,match,1000,0.461,83
identity_r1,match,1000,0.462,83
identity_r1,match,1000,0.463,83
identity_r1,match,1000,0.464,83
identity_r1,match,1000,0.465,83
identity_r1,match,1000,0.466,83
identity_r1,match,1000,0.467,83
identity_r1,match,1000,0.468,83
identity_r1,match,1000,0.469,83
identity_r1,match,1000,0.47,83
identity_r1,match,1000,0.471,83
identity_r1,match,1000,0.472,83
identity_r1,match,1000,0.473,83
identity_r1,match,1000,0.474,83
identity_r1,match,1000,0.475,83
identity_r1,match,1000,0.476,83
identity_r1,match,1000,0.477,83
identity_r1,match,1000,0.478,83
identity_r1,match,1000,0.479,83
identity_r1,match,1000,0.48,83
identity_r1,match,1000,0.481,83
identity_r1,match,1000,0.482,83
identity_r1,match,1000,0.483,83
identity_r1,match,1000,0.484,83
identity_r1,match,1000,0.485,83
identity_r1,match,1000,0.486,83
identity_r1,match,1000,0.487,83
identity_r1,match,1000,0.488,83
identity_r1,match,1000,0.489,83
identity_r1,match,1000,0.49,83
identity_r1,match,1000,0.491,83
identity_r1,match,1000,0.492,83
identity_r1,match,1000,0.493,83
identity_r1,match,1000,0.494,83
identity_r1,match,1000,0.495,83
identity_r1,match,1000,0.496,83
identity_r1,match,1000,0.497,83
identity_r1,match,1000,0.498,83
identity_r1,match,1000,0.499,83
identity_r1,match,1000,0.5,83
identity_r1,match,1000,0.501,83
identity_r1,match,1000,0.502,83
identity_r1,match,1000,0.503,83
identity_r1,match,1000,0.504,83
identity_r1,match,1000,0.505,83
identity_r1,match,1000,0.506,83
identity_r1,match,1000,0.507,83
identity_r1,match,1000,0.508,83
identity_r1,match,1000,0.509,83
identity_r1,match,1000,0.51,83
identity_r1,match,1000,0.511,83
identity_r1,match,1000,0.512,83
identity_r1,match,1000,0.513,83
identity_r1,match,1000,0.514,83
identity_r1,match,1000,0.515,83
identity_r1,match,1000,0.516,83
identity_r1,match,1000,0.517,83
identity_r1,match,1000,0.518,83
identity_r1,match,1000,0.519,83
identity_r1,match,1000,0.52,83
identity_r1,match,1000,0.521,83
identity_r1,match,1000,0.522,83
identity_r1,match,1000,0.523,83
identity_r1,match,1000,0.524,83
identity_r1,match,1000,0.525,83
identity_r1,match,1000,0.526,83
identity_r1,match,1000,0.527,83
identity_r1,match,1000,0.528,83
identity_r1,match,1000,0.529,83
identity_r1,match,1000,0.53,83
identity_r1,match,1000,0.531,83
identity_r1,match,1000,0.532,83
identity_r1,match,1000,0.533,83
identity_r1,match,1000,0.534,83
identity_r1,match,1000,0.535,83
identity_r1,match,1000,0.536,83
identity_r1,match,1000,0.537,83
identity_r1,match,1000,0.538,83
identity_r1,match,1000,0.539,83
identity_r1,match,1000,0.54,83
identity_r1,match,1000,0.541,83
identity_r1,match,1000,0.542,83
identity_r1,match,1000,0.543,83
identity_r1,match,1000,0.544,83
identity_r1,match,1000,0.545,83
identity_r1,match,1000,0.546,83
identity_r1,match,1000,0.547,83
identity_r1,match,1000,0.548,83
identity_r1,match,1000,0.549,83
identity_r1,match,1000,0.55,83
identity_r1,match,1000,0.551,83
identity_r1,match,1000,0.552,83
identity_r1,match,1000,0.553,83
identity_r1,match,1000,0.554,83
identity_r1,match,1000,0.555,83
identity_r1,match,1000,0.556,83
identity_r1,match,1000,0.557,83
identity_r1,match,1000,0.558,83
identity_r1,match,1000,0.559,83
identity_r1,match,1000,0.56,83
identity_r1,match,1000,0.561,83
identity_r1,match,1000,0.562,83
identity_r1,match,1000,0.563,83
identity_r1,match,1000,0.564,83
identity_r1,match,1000,0.565,83
identity_r1,match,1000,0.566,83
identity_r1,match,1000,0.567,83
identity_r1,match,1000,0.568,83
identity_r1,match,1000,0.569,83
identity_r1,match,1000,0.57,83
identity_r1,match,1000,0.571,83
identity_r1,match,1000,0.572,83
identity_r1,match,1000,0.573,83
identity_r1,match,1000,0.574,83
identity_r1,match,1000,0.575,83
identity_r1,match,1000,0.576,83
identity_r1,match,1000,0.577,83
identity_r1,match,1000,0.578,83
identity_r1,match,1000,0.579,83
identity_r1,match,1000,0.58,83
identity_r1,match,1000,0.581,83
identity_r1,match,1000,0.582,83
identity_r1,match,1000,0.583,83
identity_r1,match,1000,0.584,83
identity_r1,match,1000,0.585,83
identity_r1,match,1000,0.586,83
identity_r1,match,1000,0.587,83
identity_r1,match,1000,0.588,83
identity_r1,match,1000,0.589,83
identity_r1,match,1000,0.59,83
identity_r1,match,1000,0.591,83
identity_r1,match,1000,0.592,83
identity_r1,match,1000,0.593,83
identity_r1,match,1000,0.594,83
identity_r1,match,1000,0.595,83
identity_r1,match,1000,0.596,83
identity_r1,match,1000,0.597,83
identity_r1,match,1000,0.598,83
identity_r1,match,1000,0.599,83
identity_r1,match,1000,0.6,83
identity_r1,match,1000,0.601,83
identity_r1,match,1000,0.602,83
identity_r1,match,1000,0.603,83
identity_r1,match,1000,0.604,83
identity_r1,match,1000,0.605,83
identity_r1,match,1000,0.606,83
identity_r1,match,1000,0.607,83
identity_r1,match,1000,0.608,83
identity_r1,match,1000,0.609,83
identity_r1,match,1000,0.61,83
identity_r1,match,1000,0.611,83
identity_r1,match,1000,0.612,83
identity_r1,match,1000,0.613,83
identity_r1,match,1000,0.614,83
identity_r1,match,1000,0.615,83
identity_r1,match,1000,0.616,83
identity_r1,match,1000,0.617,83
identity_r1,match,1000,0.618,83
identity_r1,match,1000,0.619,83
identity_r1,match,1000,0.62,83
identity_r1,match,1000,0.621,83
identity_r1,match,1000,0.622,83
identity_r1,match,1000,0.623,83
identity_r1,match,1000,0.624,83
identity_r1,match,1000,0.625,83
identity_r1,match,1000,0.626,83
identity_r1,match,1000,0.627,83
identity_r1,match,1000,0.628,83
identity_r1,match,1000,0.629,83
identity_r1,match,1000,0.63,83
identity_r1,match,1000,0.631,83
identity_r1,match,1000,0.632,83
identity_r1,match,1000,0.633,83
identity_r1,match,1000,0.634,83
identity_r1,match,1000,0.635,83
identity_r1,match,1000,0.636,83
identity_r1,match,1000,0.637,83
identity_r1,match,1000,0.638,83
identity_r1,match,1000,0.639,83
identity_r1,match,1000,0.64,83
identity_r1,match,1000,0.641,83
identity_r1,match,1000,0.642,83
identity_r1,match,1000,0.643,83
identity_r1,match,1000,0.644,83
identity_r1,match,1000,0.645,83
identity_r1,match,1000,0.646,83
identity_r1,match,1000,0.647,83
identity_r1,match,1000,0.648,83
identity_r1,match,1000,0.649,83
identity_r1,match,1000,0.65,83
identity_r1,match,1000,0.651,83
identity_r1,match,1000,0.652,83
identity_r1,match,1000,0.653,83
identity_r1,match,1000,0.654,83
identity_r1,match,1000,0.655,83
identity_r1,match,1000,0.656,83
identity_r1,match,1000,0.657,83
identity_r1,match,1000,0.658,83
identity_r1,match,1000,0.659,83
identity_r1,match,1000,0.66,83
identity_r1,match,1000,0.661,83
identity_r1,match,1000,0.662,83
identity_r1,match,1000,0.663,83
identity_r1,match,1000,0.664,83
identity_r1,match,1000,0.665,83
identity_r1,match,1000,0.666,83
identity_r1,match,1000,0.667,83
identity_r1,match,1000,0.668,83
identity_r1,match,1000,0.669,83
identity_r1,match,1000,0.67,83
identity_r1,match,1000,0.671,83
identity_r1,match,1000,0.672,83
identity_r1,match,1000,0.673,83
identity_r1,match,1000,0.674,83
identity_r1,match,1000,0.675,83
identity_r1,match,1000,0.676,83
identity_r1,match,1000,0.677,83
identity_r1,match,1000,0.678,83
identity_r1,match,1000,0.679,83
identity_r1,match,1000,0.68,83
identity_r1,match,1000,0.681,83
identity_r1,match,1000,0.682,83
identity_r1,match,1000,0.683,83
identity_r1,match,1000,0.684,83
identity_r1,match,1000,0.685,83
identity_r1,match,1000,0.686,83
identity_r1,match,1000,0.687,83
identity_r1,match,1000,0.688,83
identity_r1,match,1000,0.689,83
identity_r1,match,1000,0.69,83
identity_r1,match,1000,0.691,83
identity_r1,match,1000,0.692,83
identity_r1,match,1000,0.693,83
identity_r1,match,1000,0.694,83
identity_r1,match,1000,0.695,83
identity_r1,match,1000,0.696,83
identity_r1,match,1000,0.697,83
identity_r1,match,1000,0.698,83
identity_r1,match,1000,0.699,83
identity_r1,match,1000,0.7,83
identity_r1,match,1000,0.701,83
identity_r1,match,1000,0.702,83
identity_r1,match,1000,0.703,83
identity_r1,match,1000,0.704,83
identity_r1,match,1000,0.705,83
identity_r1,match,1000,0.706,83
identity_r1,match,1000,0.707,83
identity_r1,match,1000,0.708,83
identity_r1,match,1000,0.709,83
identity_r1,match,1000,0.71,83
identity_r1,match,1000,0.711,83
identity_r1,match,1000,0.712,83
identity_r1,match,1000,0.713,83
identity_r1,match,1000,0.714,83
identity_r1,match,1000,0.715,83
identity_r1,match,1000,0.716,83
identity_r1,match,1000,0.717,83
identity_r1,match,1000,0.718,83
identity_r1,match,1000,0.719,83
identity_r1,match,1000,0.72,83
identity_r1,match,1000,0.721,83
identity_r1,match,1000,0.722,83
identity_r1,match,1000,0.723,83
identity_r1,match,1000,0.724,83
identity_r1,match,1000,0.725,83
identity_r1,match,1000,0.726,83
identity_r1,match,1000,0.727,83
identity_r1,match,1000,0.728,83
identity_r1,match,1000,0.729,83
identity_r1,match,1000,0.73,83
identity_r1,match,1000,0.731,83
identity_r1,match,1000,0.732,83
identity_r1,match,1000,0.733,83
identity_r1,match,1000,0.734,83
identity_r1,match,1000,0.735,83
identity_r1,match,1000,0.736,83
identity_r1,match,1000,0.737,83
identity_r1,match,1000,0.738,83
identity_r1,match,1000,0.739,83
identity_r1,match,1000,0.74,83
identity_r1,match,1000,0.741,83
identity_r1,match,1000,0.742,83
identity_r1,match,1000,0.743,83
identity_r1,match,1000,0.744,83
identity_r1,match,1000,0.745,83
identity_r1,match,1000,0.746,83
identity_r1,match,1000,0.747,83
identity_r1,match,1000,0.748,83
identity_r1,match,1000,0.749,83
identity_r1,match,1000,0.75,83
identity_r1,match,1000,0.751,83
identity_r1,match,1000,0.752,83
identity_r1,match,1000,0.753,83
identity_r1,match,1000,0.754,83
identity_r1,match,1000,0.755,83
identity_r1,match,1000,0.756,84
identity_r1,match,1000,0.757,84
identity_r1,match,1000,0.758,84
identity_r1,match,1000,0.759,84
identity_r1,match,1000,0.76,84
identity_r1,match,1000,0.761,84
identity_r1,match,1000,0.762,84
identity_r1,match,1000,0.763,84
identity_r1,match,1000,0.764,84
identity_r1,match,1000,0.765,84
identity_r1,match,1000,0.766,84
identity_r1,match,1000,0.767,84
identity_r1,match,1000,0.768,84
identity_r1,match,1000,0.769,84
identity_r1,match,1000,0.77,84
identity_r1,match,1000,0.771,84
identity_r1,match,1000,0.772,84
identity_r1,match,1000,0.773,84
identity_r1,match,1000,0.774,84
identity_r1,match,1000,0.775,84
identity_r1,match,1000,0.776,84
identity_r1,match,1000,0.777,84
identity_r1,match,1000,0.778,84
identity_r1,match,1000,0.779,84
identity_r1,match,1000,0.78,84
identity_r1,match,1000,0.781,84
identity_r1,match,1000,0.782,84
identity_r1,match,1000,0.783,84
identity_r1,match,1000,0.784,84
identity_r1,match,1000,0.785,84
identity_r1,match,1000,0.786,84
identity_r1,match,1000,0.787,84
identity_r1,match,1000,0.788,84
identity_r1,match,1000,0.789,84
identity_r1,match,1000,0.79,84
identity_r1,match,1000,0.791,84
identity_r1,match,1000,0.792,84
identity_r1,match,1000,0.793,84
identity_r1,match,1000,0.794,84
identity_r1,match,1000,0.795,84
identity_r1,match,1000,0.796,84
identity_r1,match,1000,0.797,84
identity_r1,match,1000,0.798,84
identity_r1,match,1000,0.799,84
identity_r1,match,1000,0.8,84
identity_r1,match,1000,0.801,84
identity_r1,match,1000,0.802,84
identity_r1,match,1000,0.803,84
identity_r1,match,1000,0.804,84
identity_r1,match,1000,0.805,84
identity_r1,match,1000,0.806,84
identity_r1,match,1000,0.807,84
identity_r1,match,1000,0.808,84
identity_r1,match,1000,0.809,84
identity_r1,match,1000,0.81,84
identity_r1,match,1000,0.811,84
identity_r1,match,1000,0.812,84
identity_r1,match,1000,0.813,84
identity_r1,match,1000,0.814,84
identity_r1,match,1000,0.815,84
identity_r1,match,1000,0.816,84
identity_r1,match,1000,0.817,84
identity_r1,match,1000,0.818,84
identity_r1,match,1000,0.819,84
identity_r1,match,1000,0.82,84
identity_r1,match,1000,0.821,84
identity_r1,match,1000,0.822,84
identity_r1,match,1000,0.823,84
identity_r1,match,1000,0.824,84
identity_r1,match,1000,0.825,84
identity_r1,match,1000,0.826,84
identity_r1,match,1000,0.827,84
identity_r1,match,1000,0.828,84
identity_r1,match,1000,0.829,84
identity_r1,match,1000,0.83,84
identity_r1,match,1000,0.831,84
identity_r1,match,1000,0.832,84
identity_r1,match,1000,0.833,84
identity_r1,match,1000,0.834,84
identity_r1,match,1000,0.835,84
identity_r1,match,1000,0.836,84
identity_r1,match,1000,0.837,84
identity_r1,match,1000,0.838,84
identity_r1,match,1000,0.839,84
identity_r1,match,1000,0.84,84
identity_r1,match,1000,0.841,84
identity_r1,match,1000,0.842,84
identity_r1,match,1000,0.843,84
identity_r1,match,1000,0.844,84
identity_r1,match,1000,0.845,84
identity_r1,match,1000,0.846,84
identity_r1,match,1000,0.847,84
identity_r1,match,1000,0.848,84
identity_r1,match,1000,0.849,84
identity_r1,match,1000,0.85,84
identity_r1,match,1000,0.851,84
identity_r1,match,1000,0.852,84
identity_r1,match,1000,0.853,84
identity_r1,match,1000,0.854,84
identity_r1,match,1000,0.855,84
identity_r1,match,1000,0.856,84
identity_r1,match,1000,0.857,84
identity_r1,match,1000,0.858,84
identity_r1,match,1000,0.859,84
identity_r1,match,1000,0.86,84
identity_r1,match,1000,0.861,84
identity_r1,match,1000,0.862,84
identity_r1,match,1000,0.863,84
identity_r1,match,1000,0.864,84
identity_r1,match,1000,0.865,84
identity_r1,match,1000,0.866,84
identity_r1,match,1000,0.867,84
identity_r1,match,1000,0.868,84
identity_r1,match,1000,0.869,84
identity_r1,match,1000,0.87,84
identity_r1,match,1000,0.871,84
identity_r1,match,1000,0.872,84
identity_r1,match,1000,0.873,84
identity_r1,match,1000,0.874,84
identity_r1,match,1000,0.875,84
identity_r1,match,1000,0.876,84
identity_r1,match,1000,0.877,84
identity_r1,match,1000,0.878,84
identity_r1,match,1000,0.879,84
identity_r1,match,1000,0.88,84
identity_r1,match,1000,0.881,84
identity_r1,match,1000,0.882,84
identity_r1,match,1000,0.883,84
identity_r1,match,1000,0.884,84
identity_r1,match,1000,0.885,84
identity_r1,match,1000,0.886,84
identity_r1,match,1000,0.887,84
identity_r1,match,1000,0.888,84
identity_r1,match,1000,0.889,84
identity_r1,match,1000,0.89,84
identity_r1,match,1000,0.891,84
identity_r1,match,1000,0.892,84
identity_r1,match,1000,0.893,84
identity_r1,match,1000,0.894,84
identity_r1,match,1000,0.895,84
identity_r1,match,1000,0.896,84
identity_r1,match,1000,0.897,84
identity_r1,match,1000,0.898,84
identity_r1,match,1000,0.899,84
identity_r1,match,1000,0.9,84
identity_r1,match,1000,0.901,84
identity_r1,match,1000,0.902,84
identity_r1,match,1000,0.903,84
identity_r1,match,1000,0.904,84
identity_r1,match,1000,0.905,84
identity_r1,match,1000,0.906,84
identity_r1,match,1000,0.907,84
identity_r1,match,1000,0.908,84
identity_r1,match,1000,0.909,84
identity_r1,match,1000,0.91,84
identity_r1,match,1000,0.911,84
identity_r1,match,1000,0.912,84
identity_r1,match,1000,0.913,84
identity_r1,match,1000,0.914,84
identity_r1,match,1000,0.915,84
identity_r1,match,1000,0.916,84
identity_r1,match,1000,0.917,84
identity_r1,match,1000,0.918,84
identity_r1,match,1000,0.919,84
identity_r1,match,1000,0.92,84
identity_r1,match,1000,0.921,84
identity_r1,match,1000,0.922,84
identity_r1,match,1000,0.923,84
identity_r1,match,1000,0.924,84
identity_r1,match,1000,0.925,84
identity_r1,match,1000,0.926,84
identity_r1,match,1000,0.927,84
identity_r1,match,1000,0.928,84
identity_r1,match,1000,0.929,84
identity_r1,match,1000,0.93,84
identity_r1,match,1000,0.931,84
identity_r1,match,1000,0.932,84
identity_r1,match,1000,0.933,84
identity_r1,match,1000,0.934,84
identity_r1,match,1000,0.935,84
identity_r1,match,1000,0.936,84
identity_r1,match,1000,0.937,84
identity_r1,match,1000,0.938,84
identity_r1,match,1000,0.939,84
identity_r1,match,1000,0.94,84
identity_r1,match,1000,0.941,84
identity_r1,match,1000,0.942,84
identity_r1,match,1000,0.943,84
identity_r1,match,1000,0.944,84
identity_r1,match,1000,0.945,84
identity_r1,match,1000,0.946,84
identity_r1,match,1000,0.947,84
identity_r1,match,1000,0.948,84
identity_r1,match,1000,0.949,84
identity_r1,match,1000,0.95,84
identity_r1,match,1000,0.951,84
identity_r1,match,1000,0.952,84
identity_r1,match,1000,0.953,84
identity_r1,match,1000,0.954,84
identity_r1,match,1000,0.955,84
identity_r1,match,1000,0.956,84
identity_r1,match,1000,0.957,84
identity_r1,match,1000,0.958,84
identity_r1,match,1000,0.959,84
identity_r1,match,1000,0.96,84
identity_r1,match,1000,0.961,84
identity_r1,match,1000,0.962,84
identity_r1,match,1000,0.963,84
identity_r1,match,1000,0.964,84
identity_r1,match,1000,0.965,84
identity_r1,match,1000,0.966,84
identity_r1,match,1000,0.967,84
identity_r1,match,1000,0.968,84
identity_r1,match,1000,0.969,84
identity_r1,match,1000,0.97,84
identity_r1,match,1000,0.971,84
identity_r1,match,1000,0.972,125
identity_r1,match,1000,0.973,125
identity_r1,match,1000,0.974,125
identity_r1,match,1000,0.975,125
identity_r1,match,1000,0.976,125
identity_r1,match,1000,0.977,125
identity_r1,match,1000,0.978,125
identity_r1,match,1000,0.979,125
identity_r1,match,1000,0.98,125
identity_r1,match,1000,0.981,125
identity_r1,match,1000,0.982,125
identity_r1,match,1000,0.983,125
identity_r1,match,1000,0.984,125
identity_r1,match,1000,0.985,125
identity_r1,match,1000,0.986,125
identity_r1,match,1000,0.987,125
identity_r1,match,1000,0.988,167
identity_r1,match,1000,0.989,167
identity_r1,match,1000,0.99,208
identity_r1,match,1000,0.991,209
identity_r1,match,1000,0.992,250
identity_r1,match,1000,0.993,250
identity_r1,match,1000,0.994,292
identity_r1,match,1000,0.995,333
identity_r1,match,1000,0.996,334
identity_r1,match,1000,0.997,417
identity_r1,match,1000,0.998,500
identity_r1,match,1000,0.999,875
identity_r1,add,10000,0,0
identity_r1,add,10000,0.001,41
identity_r1,add,10000,0.002,41
identity_r1,add,10000,0.003,41
identity_r1,add,10000,0.004,42
identity_r1,add,10000,0.005,42
identity_r1,add,10000,0.006,42
identity_r1,add,10000,0.007,42
identity_r1,add,10000,0.008,42
identity_r1,add,10000,0.009,42
identity_r1,add,10000,0.01,42
identity_r1,add,10000,0.011,83
identity_r1,add,10000,0.012,83
identity_r1,add,10000,0.013,83
identity_r1,add,10000,0.014,83
identity_r1,add,10000,0.015,83
identity_r1,add,10000,0.016,83
identity_r1,add,10000,0.017,83
identity_r1,add,10000,0.018,83
identity_r1,add,10000,0.019,83
identity_r1,add,10000,0.02,83
identity_r1,add,10000,0.021,83
identity_r1,add,10000,0.022,83
identity_r1,add,10000,0.023,83
identity_r1,add,10000,0.024,83
identity_r1,add,10000,0.025,83
identity_r1,add,10000,0.026,83
identity_r1,add,10000,0.027,83
identity_r1,add,10000,0.028,83
identity_r1,add,10000,0.029,83
identity_r1,add,10000,0.03,83
identity_r1,add,10000,0.031,83
identity_r1,add,10000,0.032,83
identity_r1,add,10000,0.033,83
identity_r1,add,10000,0.034,83
identity_r1,add,10000,0.035,83
identity_r1,add,10000,0.036,83
identity_r1,add,10000,0.037,83
identity_r1,add,10000,0.038,83
identity_r1,add,10000,0.039,83
identity_r1,add,10000,0.04,83
identity_r1,add,10000,0.041,83
identity_r1,add,10000,0.042,83
identity_r1,add,10000,0.043,83
identity_r1,add,10000,0.044,83
identity_r1,add,10000,0.045,83
identity_r1,add,10000,0.046,83
identity_r1,add,10000,0.047,83
identity_r1,add,10000,0.048,83
identity_r1,add,10000,0.049,83
identity_r1,add,10000,0.05,83
identity_r1,add,10000,0.051,83
identity_r1,add,10000,0.052,83
identity_r1,add,10000,0.053,83
identity_r1,add,10000,0.054,83
identity_r1,add,10000,0.055,84
identity_r1,add,10000,0.056,84
identity_r1,add,10000,0.057,84
identity_r1,add,10000,0.058,84
identity_r1,add,10000,0.059,84
identity_r1,add,10000,0.06,84
identity_r1,add,10000,0.061,84
identity_r1,add,10000,0.062,84
identity_r1,add,10000,0.063,84
identity_r1,add,10000,0.064,84
identity_r1,add,10000,0.065,84
identity_r1,add,10000,0.066,84
identity_r1,add,10000,0.067,84
identity_r1,add,10000,0.068,84
identity_r1,add,10000,0.069,84
identity_r1,add,10000,0.07,84
identity_r1,add,10000,0.071,84
identity_r1,add,10000,0.072,84
identity_r1,add,10000,0.073,84
identity_r1,add,10000,0.074,84
identity_r1,add,10000,0.075,84
identity_r1,add,10000,0.076,84
identity_r1,add,10000,0.077,125
identity_r1,add,10000,0.078,125
identity_r1,add,10000,0.079,125
identity_r1,add,10000,0.08,125
identity_r1,add,10000,0.081,125
identity_r1,add,10000,0.082,125
identity_r1,add,10000,0.083,125
identity_r1,add,10000,0.084,125
identity_r1,add,10000,0.085,125
identity_r1,add,10000,0.086,125
identity_r1,add,10000,0.087,125
identity_r1,add,10000,0.088,125
identity_r1,add,10000,0.089,125
identity_r1,add,10000,0.09,125
identity_r1,add,10000,0.091,125
identity_r1,add,10000,0.092,125
identity_r1,add,10000,0.093,125
identity_r1,add,10000,0.094,125
identity_r1,add,10000,0.095,125
identity_r1,add,10000,0.096,125
identity_r1,add,10000,0.097,125
identity_r1,add,10000,0.098,125
identity_r1,add,10000,0.099,125
identity_r1,add,10000,0.1,125
identity_r1,add,10000,0.101,125
identity_r1,add,10000,0.102,125
identity_r1,add,10000,0.103,125
identity_r1,add,10000,0.104,125
identity_r1,add,10000,0.105,125
identity_r1,add,10000,0.106,125
identity_r1,add,10000,0.107,125
identity_r1,add,10000,0.108,125
identity_r1,add,10000,0.109,125
identity_r1,add,10000,0.11,125
identity_r1,add,10000,0.111,125
identity_r1,add,10000,0.112,125
identity_r1,add,10000,0.113,125
identity_r1,add,10000,0.114,125
identity_r1,add,10000,0.115,125
identity_r1,add,10000,0.116,125
identity_r1,add,10000,0.117,125
identity_r1,add,10000,0.118,125
identity_r1,add,10000,0.119,125
identity_r1,add,10000,0.12,125
identity_r1,add,10000,0.121,125
identity_r1,add,10000,0.122,125
identity_r1,add,10000,0.123,125
identity_r1,add,10000,0.124,125
identity_r1,add,10000,0.125,125
identity_r1,add,10000,0.126,125
identity_r1,add,10000,0.127,125
identity_r1,add,10000,0.128,125
identity_r1,add,10000,0.129,125
identity_r1,add,10000,0.13,125
identity_r1,add,10000,0.131,125
identity_r1,add,10000,0.132,125
identity_r1,add,10000,0.133,125
identity_r1,add,10000,0.134,125
identity_r1,add,10000,0.135,125
identity_r1,add,10000,0.136,125
identity_r1,add,10000,0.137,125
identity_r1,add,10000,0.138,125
identity_r1,add,10000,0.139,125
identity_r1,add,10000,0.14,125
identity_r1,add,10000,0.141,125
identity_r1,add,10000,0.142,125
identity_r1,add,10000,0.143,125
identity_r1,add,10000,0.144,125
identity_r1,add,10000,0.145,125
identity_r1,add,10000,0.146,125
identity_r1,add,10000,0.147,125
identity_r1,add,10000,0.148,125
identity_r1,add,10000,0.149,125
identity_r1,add,10000,0.15,125
identity_r1,add,10000,0.151,125
identity_r1,add,10000,0.152,125
identity_r1,add,10000,0.153,125
identity_r1,add,10000,0.154,125
identity_r1,add,10000,0.155,125
identity_r1,add,10000,0.156,125
identity_r1,add,10000,0.157,125
identity_r1,add,10000,0.158,125
identity_r1,add,10000,0.159,125
identity_r1,add,10000,0.16,125
identity_r1,add,10000,0.161,125
identity_r1,add,10000,0.162,125
identity_r1,add,10000,0.163,125
identity_r1,add,10000,0.164,125
identity_r1,add,10000,0.165,125
identity_r1,add,10000,0.166,125
identity_r1,add,10000,0.167,125
identity_r1,add,10000,0.168,125
identity_r1,add,10000,0.169,125
identity_r1,add,10000,0.17,125
identity_r1,add,10000,0.171,125
identity_r1,add,10000,0.172,125
identity_r1,add,10000,0.173,125
identity_r1,add,10000,0.174,125
identity_r1,add,10000,0.175,125
identity_r1,add,10000,0.176,125
identity_r1,add,10000,0.177,125
identity_r1,add,10000,0.178,125
identity_r1,add,10000,0.179,125
identity_r1,add,10000,0.18,125
identity_r1,add,10000,0.181,125
identity_r1,add,10000,0.182,125
identity_r1,add,10000,0.183,125
identity_r1,add,10000,0.184,125
identity_r1,add,10000,0.185,125
identity_r1,add,10000,0.186,125
identity_r1,add,10000,0.187,125
identity_r1,add,10000,0.188,125
identity_r1,add,10000,0.189,125
identity_r1,add,10000,0.19,125
identity_r1,add,10000,0.191,125
identity_r1,add,10000,0.192,125
identity_r1,add,10000,0.193,125
identity_r1,add,10000,0.194,125
identity_r1,add,10000,0.195,125
identity_r1,add,10000,0.196,125
identity_r1,add,10000,0.197,125
identity_r1,add,10000,0.198,125
identity_r1,add,10000,0.199,125
identity_r1,add,10000,0.2,125
identity_r1,add,10000,0.201,125
identity_r1,add,10000,0.202,125
identity_r1,add,10000,0.203,125
identity_r1,add,10000,0.204,125
identity_r1,add,10000,0.205,125
identity_r1,add,10000,0.206,125
identity_r1,add,10000,0.207,125
identity_r1,add,10000,0.208,125
identity_r1,add,10000,0.209,125
identity_r1,add,10000,0.21,125
identity_r1,add,10000,0.211,125
identity_r1,add,10000,0.212,125
identity_r1,add,10000,0.213,125
identity_r1,add,10000,0.214,125
identity_r1,add,10000,0.215,125
identity_r1,add,10000,0.216,125
identity_r1,add,10000,0.217,125
identity_r1,add,10000,0.218,125
identity_r1,add,10000,0.219,125
identity_r1,add,10000,0.22,125
identity_r1,add,10000,0.221,125
identity_r1,add,10000,0.222,125
identity_r1,add,10000,0.223,125
identity_r1,add,10000,0.224,125
identity_r1,add,10000,0.225,125
identity_r1,add,10000,0.226,125
identity_r1,add,10000,0.227,125
identity_r1,add,10000,0.228,125
identity_r1,add,10000,0.229,125
identity_r1,add,10000,0.23,125
identity_r1,add,10000,0.231,125
identity_r1,add,10000,0.232,125
identity_r1,add,10000,0.233,125
identity_r1,add,10000,0.234,125
identity_r1,add,10000,0.235,125
identity_r1,add,10000,0.236,125
identity_r1,add,10000,0.237,125
identity_r1,add,10000,0.238,125
identity_r1,add,10000,0.239,125
identity_r1,add,10000,0.24,125
identity_r1,add,10000,0.241,125
identity_r1,add,10000,0.242,125
identity_r1,add,10000,0.243,125
identity_r1,add,10000,0.244,125
identity_r1,add,10000,0.245,125
identity_r1,add,10000,0.246,125
identity_r1,add,10000,0.247,125
identity_r1,add,10000,0.248,125
identity_r1,add,10000,0.249,125
identity_r1,add,10000,0.25,125
identity_r1,add,10000,0.251,125
identity_r1,add,10000,0.252,125
identity_r1,add,10000,0.253,125
identity_r1,add,10000,0.254,125
identity_r1,add,10000,0.255,125
identity_r1,add,10000,0.256,125
identity_r1,add,10000,0.257,125
identity_r1,add,10000,0.258,125
identity_r1,add,10000,0.259,125
identity_r1,add,10000,0.26,125
identity_r1,add,10000,0.261,125
identity_r1,add,10000,0.262,125
identity_r1,add,10000,0.263,125
identity_r1,add,10000,0.264,125
identity_r1,add,10000,0.265,125
identity_r1,add,10000,0.266,125
identity_r1,add,10000,0.267,125
identity_r1,add,10000,0.268,125
identity_r1,add,10000,0.269,125
identity_r1,add,10000,0.27,125
identity_r1,add,10000,0.271,125
identity_r1,add,10000,0.272,125
identity_r1,add,10000,0.273,125
identity_r1,add,10000,0.274,125
identity_r1,add,10000,0.275,125
identity_r1,add,10000,0.276,125
identity_r1,add,10000,0.277,125
identity_r1,add,10000,0.278,125
identity_r1,add,10000,0.279,125
identity_r1,add,10000,0.28,125
identity_r1,add,10000,0.281,125
identity_r1,add,10000,0.282,125
identity_r1,add,10000,0.283,125
identity_r1,add,10000,0.284,125
identity_r1,add,10000,0.285,125
identity_r1,add,10000,0.286,125
identity_r1,add,10000,0.287,125
identity_r1,add,10000,0.288,125
identity_r1,add,10000,0.289,125
identity_r1,add,10000,0.29,125
identity_r1,add,10000,0.291,125
identity_r1,add,10000,0.292,125
identity_r1,add,10000,0.293,125
identity_r1,add,10000,0.294,125
identity_r1,add,10000,0.295,125
identity_r1,add,10000,0.296,125
identity_r1,add,10000,0.297,125
identity_r1,add,10000,0.298,125
identity_r1,add,10000,0.299,125
identity_r1,add,10000,0.3,125
identity_r1,add,10000,0.301,125
identity_r1,add,10000,0.302,125
identity_r1,add,10000,0.303,125
identity_r1,add,10000,0.304,125
identity_r1,add,10000,0.305,125
identity_r1,add,10000,0.306,125
identity_r1,add,10000,0.307,125
identity_r1,add,10000,0.308,125
identity_r1,add,10000,0.309,125
identity_r1,add,10000,0.31,125
identity_r1,add,10000,0.311,125
identity_r1,add,10000,0.312,125
identity_r1,add,10000,0.313,125
identity_r1,add,10000,0.314,125
identity_r1,add,10000,0.315,125
identity_r1,add,10000,0.316,125
identity_r1,add,10000,0.317,125
identity_r1,add,10000,0.318,125
identity_r1,add,10000,0.319,125
identity_r1,add,10000,0.32,125
identity_r1,add,10000,0.321,125
identity_r1,add,10000,0.322,125
identity_r1,add,10000,0.323,125
identity_r1,add,10000,0.324,125
identity_r1,add,10000,0.325,125
identity_r1,add,10000,0.326,125
identity_r1,add,10000,0.327,125
identity_r1,add,10000,0.328,125
identity_r1,add,10000,0.329,125
identity_r1,add,10000,0.33,125
identity_r1,add,10000,0.331,125
identity_r1,add,10000,0.332,125
identity_r1,add,10000,0.333,125
identity_r1,add,10000,0.334,125
identity_r1,add,10000,0.335,125
identity_r1,add,10000,0.336,125
identity_r1,add,10000,0.337,125
identity_r1,add,10000,0.338,125
identity_r1,add,10000,0.339,125
identity_r1,add,10000,0.34,125
identity_r1,add,10000,0.341,125
identity_r1,add,10000,0.342,125
identity_r1,add,10000,0.343,125
identity_r1,add,10000,0.344,125
identity_r1,add,10000,0.345,125
identity_r1,add,10000,0.346,125
identity_r1,add,10000,0.347,125
identity_r1,add,10000,0.348,125
identity_r1,add,10000,0.349,125
identity_r1,add,10000,0.35,125
identity_r1,add,10000,0.351,125
identity_r1,add,10000,0.352,125
identity_r1,add,10000,0.353,125
identity_r1,add,10000,0.354,125
identity_r1,add,10000,0.355,125
identity_r1,add,10000,0.356,125
identity_r1,add,10000,0.357,125
identity_r1,add,10000,0.358,125
identity_r1,add,10000,0.359,125
identity_r1,add,10000,0.36,125
identity_r1,add,10000,0.361,125
identity_r1,add,10000,0.362,125
identity_r1,add,10000,0.363,125
identity_r1,add,10000,0.364,125
identity_r1,add,10000,0.365,125
identity_r1,add,10000,0.366,125
identity_r1,add,10000,0.367,125
identity_r1,add,10000,0.368,125
identity_r1,add,10000,0.369,125
identity_r1,add,10000,0.37,125
identity_r1,add,10000,0.371,125
identity_r1,add,10000,0.372,125
identity_r1,add,10000,0.373,125
identity_r1,add,10000,0.374,125
identity_r1,add,10000,0.375,125
identity_r1,add,10000,0.376,125
identity_r1,add,10000,0.377,125
identity_r1,add,10000,0.378,125
identity_r1,add,10000,0.379,125
identity_r1,add,10000,0.38,125
identity_r1,add,10000,0.381,125
identity_r1,add,10000,0.382,125
identity_r1,add,10000,0.383,125
identity_r1,add,10000,0.384,125
identity_r1,add,10000,0.385,125
identity_r1,add,10000,0.386,125
identity_r1,add,10000,0.387,125
identity_r1,add,10000,0.388,125
identity_r1,add,10000,0.389,125
identity_r1,add,10000,0.39,125
identity_r1,add,10000,0.391,125
identity_r1,add,10000,0.392,125
identity_r1,add,10000,0.393,125
identity_r1,add,10000,0.394,125
identity_r1,add,10000,0.395,125
identity_r1,add,10000,0.396,125
identity_r1,add,10000,0.397,125
identity_r1,add,10000,0.398,125
identity_r1,add,10000,0.399,125
identity_r1,add,10000,0.4,125
identity_r1,add,10000,0.401,125
identity_r1,add,10000,0.402,125
identity_r1,add,10000,0.403,125
identity_r1,add,10000,0.404,125
identity_r1,add,10000,0.405,125
identity_r1,add,10000,0.406,125
identity_r1,add,10000,0.407,125
identity_r1,add,10000,0.408,125
identity_r1,add,10000,0.409,125
identity_r1,add,10000,0.41,125
identity_r1,add,10000,0.411,125
identity_r1,add,10000,0.412,125
identity_r1,add,10000,0.413,125
identity_r1,add,10000,0.414,125
identity_r1,add,10000,0.415,125
identity_r1,add,10000,0.416,125
identity_r1,add,10000,0.417,125
identity_r1,add,10000,0.418,125
identity_r1,add,10000,0.419,125
identity_r1,add,10000,0.42,125
identity_r1,add,10000,0.421,125
identity_r1,add,10000,0.422,125
identity_r1,add,10000,0.423,125
identity_r1,add,10000,0.424,166
identity_r1,add,10000,0.425,166
identity_r1,add,10000,0.426,166
identity_r1,add,10000,0.427,166
identity_r1,add,10000,0.428,166
identity_r1,add,10000,0.429,166
identity_r1,add,10000,0.43,166
identity_r1,add,10000,0.431,166
identity_r1,add,10000,0.432,166
identity_r1,add,10000,0.433,166
identity_r1,add,10000,0.434,166
identity_r1,add,10000,0.435,166
identity_r1,add,10000,0.436,166
identity_r1,add,10000,0.437,166
identity_r1,add,10000,0.438,166
identity_r1,add,10000,0.439,166
identity_r1,add,10000,0.44,166
identity_r1,add,10000,0.441,166
identity_r1,add,10000,0.442,166
identity_r1,add,10000,0.443,166
identity_r1,add,10000,0.444,166
identity_r1,add,10000,0.445,166
identity_r1,add,10000,0.446,166
identity_r1,add,10000,0.447,166
identity_r1,add,10000,0.448,166
identity_r1,add,10000,0.449,166
identity_r1,add,10000,0.45,166
identity_r1,add,10000,0.451,166
identity_r1,add,10000,0.452,166
identity_r1,add,10000,0.453,166
identity_r1,add,10000,0.454,166
identity_r1,add,10000,0.455,166
identity_r1,add,10000,0.456,166
identity_r1,add,10000,0.457,166
identity_r1,add,10000,0.458,166
identity_r1,add,10000,0.459,166
identity_r1,add,10000,0.46,166
identity_r1,add,10000,0.461,166
identity_r1,add,10000,0.462,166
identity_r1,add,10000,0.463,166
identity_r1,add,10000,0.464,166
identity_r1,add,10000,0.465,166
identity_r1,add,10000,0.466,166
identity_r1,add,10000,0.467,166
identity_r1,add,10000,0.468,166
identity_r1,add,10000,0.469,166
identity_r1,add,10000,0.47,166
identity_r1,add,10000,0.471,166
identity_r1,add,10000,0.472,166
identity_r1,add,10000,0.473,166
identity_r1,add,10000,0.474,166
identity_r1,add,10000,0.475,166
identity_r1,add,10000,0.476,166
identity_r1,add,10000,0.477,166
identity_r1,add,10000,0.478,166
identity_r1,add,10000,0.479,166
identity_r1,add,10000,0.48,166
identity_r1,add,10000,0.481,166
identity_r1,add,10000,0.482,166
identity_r1,add,10000,0.483,166
identity_r1,add,10000,0.484,166
identity_r1,add,10000,0.485,166
identity_r1,add,10000,0.486,166
identity_r1,add,10000,0.487,166
identity_r1,add,10000,0.488,166
identity_r1,add,10000,0.489,166
identity_r1,add,10000,0.49,166
identity_r1,add,10000,0.491,166
identity_r1,add,10000,0.492,166
identity_r1,add,10000,0.493,166
identity_r1,add,10000,0.494,166
identity_r1,add,10000,0.495,166
identity_r1,add,10000,0.496,166
identity_r1,add,10000,0.497,166
identity_r1,add,10000,0.498,166
identity_r1,add,10000,0.499,166
identity_r1,add,10000,0.5,166
identity_r1,add,10000,0.501,166
identity_r1,add,10000,0.502,166
identity_r1,add,10000,0.503,166
identity_r1,add,10000,0.504,166
identity_r1,add,10000,0.505,166
identity_r1,add,10000,0.506,166
identity_r1,add,10000,0.507,166
identity_r1,add,10000,0.508,166
identity_r1,add,10000,0.509,166
identity_r1,add,10000,0.51,166
identity_r1,add,10000,0.511,166
identity_r1,add,10000,0.512,166
identity_r1,add,10000,0.513,166
identity_r1,add,10000,0.514,166
identity_r1,add,10000,0.515,166
identity_r1,add,10000,0.516,166
identity_r1,add,10000,0.517,166
identity_r1,add,10000,0.518,166
identity_r1,add,10000,0.519,166
identity_r1,add,10000,0.52,166
identity_r1,add,10000,0.521,166
identity_r1,add,10000,0.522,166
identity_r1,add,10000,0.523,166
identity_r1,add,10000,0.524,166
identity_r1,add,10000,0.525,166
identity_r1,add,10000,0.526,166
identity_r1,add,10000,0.527,166
identity_r1,add,10000,0.528,166
identity_r1,add,10000,0.529,166
identity_r1,add,10000,0.53,166
identity_r1,add,10000,0.531,166
identity_r1,add,10000,0.532,166
identity_r1,add,10000,0.533,166
identity_r1,add,10000,0.534,166
identity_r1,add,10000,0.535,166
identity_r1,add,10000,0.536,166
identity_r1,add,10000,0.537,166
identity_r1,add,10000,0.538,166
identity_r1,add,10000,0.539,166
identity_r1,add,10000,0.54,166
identity_r1,add,10000,0.541,166
identity_r1,add,10000,0.542,166
identity_r1,add,10000,0.543,166
identity_r1,add,10000,0.544,166
identity_r1,add,10000,0.545,166
identity_r1,add,10000,0.546,167
identity_r1,add,10000,0.547,167
identity_r1,add,10000,0.548,167
identity_r1,add,10000,0.549,167
identity_r1,add,10000,0.55,167
identity_r1,add,10000,0.551,167
identity_r1,add,10000,0.552,167
identity_r1,add,10000,0.553,167
identity_r1,add,10000,0.554,167
identity_r1,add,10000,0.555,167
identity_r1,add,10000,0.556,167
identity_r1,add,10000,0.557,167
identity_r1,add,10000,0.558,167
identity_r1,add,10000,0.559,167
identity_r1,add,10000,0.56,167
identity_r1,add,10000,0.561,167
identity_r1,add,10000,0.562,167
identity_r1,add,10000,0.563,167
identity_r1,add,10000,0.564,167
identity_r1,add,10000,0.565,167
identity_r1,add,10000,0.566,167
identity_r1,add,10000,0.567,167
identity_r1,add,10000,0.568,167
identity_r1,add,10000,0.569,167
identity_r1,add,10000,0.57,167
identity_r1,add,10000,0.571,167
identity_r1,add,10000,0.572,167
identity_r1,add,10000,0.573,167
identity_r1,add,10000,0.574,167
identity_r1,add,10000,0.575,167
identity_r1,add,10000,0.576,167
identity_r1,add,10000,0.577,167
identity_r1,add,10000,0.578,167
identity_r1,add,10000,0.579,167
identity_r1,add,10000,0.58,167
identity_r1,add,10000,0.581,167
identity_r1,add,10000,0.582,167
identity_r1,add,10000,0.583,167
identity_r1,add,10000,0.584,167
identity_r1,add,10000,0.585,167
identity_r1,add,10000,0.586,167
identity_r1,add,10000,0.587,167
identity_r1,add,10000,0.588,167
identity_r1,add,10000,0.589,167
identity_r1,add,10000,0.59,167
identity_r1,add,10000,0.591,167
identity_r1,add,10000,0.592,167
identity_r1,add,10000,0.593,167
identity_r1,add,10000,0.594,167
identity_r1,add,10000,0.595,167
identity_r1,add,10000,0.596,167
identity_r1,add,10000,0.597,167
identity_r1,add,10000,0.598,167
identity_r1,add,10000,0.599,167
identity_r1,add,10000,0.6,167
identity_r1,add,10000,0.601,167
identity_r1,add,10000,0.602,167
identity_r1,add,10000,0.603,167
identity_r1,add,10000,0.604,167
identity_r1,add,10000,0.605,167
identity_r1,add,10000,0.606,167
identity_r1,add,10000,0.607,167
identity_r1,add,10000,0.608,167
identity_r1,add,10000,0.609,167
identity_r1,add,10000,0.61,167
identity_r1,add,10000,0.611,167
identity_r1,add,10000,0.612,167
identity_r1,add,10000,0.613,167
identity_r1,add,10000,0.614,167
identity_r1,add,10000,0.615,167
identity_r1,add,10000,0.616,167
identity_r1,add,10000,0.617,167
identity_r1,add,10000,0.618,167
identity_r1,add,10000,0.619,167
identity_r1,add,10000,0.62,167
identity_r1,add,10000,0.621,167
identity_r1,add,10000,0.622,167
identity_r1,add,10000,0.623,167
identity_r1,add,10000,0.624,167
identity_r1,add,10000,0.625,167
identity_r1,add,10000,0.626,167
identity_r1,add,10000,0.627,167
identity_r1,add,10000,0.628,167
identity_r1,add,10000,0.629,167
identity_r1,add,10000,0.63,167
identity_r1,add,10000,0.631,167
identity_r1,add,10000,0.632,167
identity_r1,add,10000,0.633,167
identity_r1,add,10000,0.634,167
identity_r1,add,10000,0.635,167
identity_r1,add,10000,0.636,167
identity_r1,add,10000,0.637,167
identity_r1,add,10000,0.638,167
identity_r1,add,10000,0.639,167
identity_r1,add,10000,0.64,167
identity_r1,add,10000,0.641,167
identity_r1,add,10000,0.642,167
identity_r1,add,10000,0.643,167
identity_r1,add,10000,0.644,167
identity_r1,add,10000,0.645,167
identity_r1,add,10000,0.646,167
identity_r1,add,10000,0.647,167
identity_r1,add,10000,0.648,167
identity_r1,add,10000,0.649,167
identity_r1,add,10000,0.65,167
identity_r1,add,10000,0.651,167
identity_r1,add,10000,0.652,167
identity_r1,add,10000,0.653,167
identity_r1,add,10000,0.654,167
identity_r1,add,10000,0.655,167
identity_r1,add,10000,0.656,167
identity_r1,add,10000,0.657,167
identity_r1,add,10000,0.658,167
identity_r1,add,10000,0.659,167
identity_r1,add,10000,0.66,167
identity_r1,add,10000,0.661,167
identity_r1,add,10000,0.662,167
identity_r1,add,10000,0.663,167
identity_r1,add,10000,0.664,167
identity_r1,add,10000,0.665,167
identity_r1,add,10000,0.666,167
identity_r1,add,10000,0.667,167
identity_r1,add,10000,0.668,167
identity_r1,add,10000,0.669,167
identity_r1,add,10000,0.67,167
identity_r1,add,10000,0.671,167
identity_r1,add,10000,0.672,167
identity_r1,add,10000,0.673,167
identity_r1,add,10000,0.674,167
identity_r1,add,10000,0.675,167
identity_r1,add,10000,0.676,167
identity_r1,add,10000,0.677,167
identity_r1,add,10000,0.678,167
identity_r1,add,10000,0.679,167
identity_r1,add,10000,0.68,167
identity_r1,add,10000,0.681,167
identity_r1,add,10000,0.682,167
identity_r1,add,10000,0.683,167
identity_r1,add,10000,0.684,167
identity_r1,add,10000,0.685,167
identity_r1,add,10000,0.686,167
identity_r1,add,10000,0.687,167
identity_r1,add,10000,0.688,167
identity_r1,add,10000,0.689,167
identity_r1,add,10000,0.69,167
identity_r1,add,10000,0.691,167
identity_r1,add,10000,0.692,167
identity_r1,add,10000,0.693,167
identity_r1,add,10000,0.694,167
identity_r1,add,10000,0.695,167
identity_r1,add,10000,0.696,167
identity_r1,add,10000,0.697,167
identity_r1,add,10000,0.698,167
identity_r1,add,10000,0.699,167
identity_r1,add,10000,0.7,167
identity_r1,add,10000,0.701,167
identity_r1,add,10000,0.702,167
identity_r1,add,10000,0.703,167
identity_r1,add,10000,0.704,167
identity_r1,add,10000,0.705,167
identity_r1,add,10000,0.706,167
identity_r1,add,10000,0.707,167
identity_r1,add,10000,0.708,167
identity_r1,add,10000,0.709,167
identity_r1,add,10000,0.71,167
identity_r1,add,10000,0.711,167
identity_r1,add,10000,0.712,167
identity_r1,add,10000,0.713,167
identity_r1,add,10000,0.714,167
identity_r1,add,10000,0.715,167
identity_r1,add,10000,0.716,167
identity_r1,add,10000,0.717,167
identity_r1,add,10000,0.718,167
identity_r1,add,10000,0.719,167
identity_r1,add,10000,0.72,167
identity_r1,add,10000,0.721,167
identity_r1,add,10000,0.722,167
identity_r1,add,10000,0.723,167
identity_r1,add,10000,0.724,167
identity_r1,add,10000,0.725,167
identity_r1,add,10000,0.726,167
identity_r1,add,10000,0.727,167
identity_r1,add,10000,0.728,167
identity_r1,add,10000,0.729,167
identity_r1,add,10000,0.73,167
identity_r1,add,10000,0.731,167
identity_r1,add,10000,0.732,167
identity_r1,add,10000,0.733,167
identity_r1,add,10000,0.734,167
identity_r1,add,10000,0.735,167
identity_r1,add,10000,0.736,167
identity_r1,add,10000,0.737,167
identity_r1,add,10000,0.738,167
identity_r1,add,10000,0.739,167
identity_r1,add,10000,0.74,167
identity_r1,add,10000,0.741,167
identity_r1,add,10000,0.742,167
identity_r1,add,10000,0.743,167
identity_r1,add,10000,0.744,167
identity_r1,add,10000,0.745,167
identity_r1,add,10000,0.746,167
identity_r1,add,10000,0.747,167
identity_r1,add,10000,0.748,167
identity_r1,add,10000,0.749,167
identity_r1,add,10000,0.75,167
identity_r1,add,10000,0.751,167
identity_r1,add,10000,0.752,167
identity_r1,add,10000,0.753,167
identity_r1,add,10000,0.754,167
identity_r1,add,10000,0.755,167
identity_r1,add,10000,0.756,167
identity_r1,add,10000,0.757,167
identity_r1,add,10000,0.758,167
identity_r1,add,10000,0.759,167
identity_r1,add,10000,0.76,167
identity_r1,add,10000,0.761,167
identity_r1,add,10000,0.762,167
identity_r1,add,10000,0.763,167
identity_r1,add,10000,0.764,167
identity_r1,add,10000,0.765,167
identity_r1,add,10000,0.766,167
identity_r1,add,10000,0.767,167
identity_r1,add,10000,0.768,167
identity_r1,add,10000,0.769,167
identity_r1,add,10000,0.77,167
identity_r1,add,10000,0.771,167
identity_r1,add,10000,0.772,167
identity_r1,add,10000,0.773,167
identity_r1,add,10000,0.774,167
identity_r1,add,10000,0.775,167
identity_r1,add,10000,0.776,167
identity_r1,add,10000,0.777,167
identity_r1,add,10000,0.778,167
identity_r1,add,10000,0.779,167
identity_r1,add,10000,0.78,167
identity_r1,add,10000,0.781,167
identity_r1,add,10000,0.782,167
identity_r1,add,10000,0.783,167
identity_r1,add,10000,0.784,167
identity_r1,add,10000,0.785,167
identity_r1,add,10000,0.786,167
identity_r1,add,10000,0.787,208
identity_r1,add,10000,0.788,208
identity_r1,add,10000,0.789,208
identity_r1,add,10000,0.79,208
identity_r1,add,10000,0.791,208
identity_r1,add,10000,0.792,208
identity_r1,add,10000,0.793,208
identity_r1,add,10000,0.794,208
identity_r1,add,10000,0.795,208
identity_r1,add,10000,0.796,208
identity_r1,add,10000,0.797,208
identity_r1,add,10000,0.798,208
identity_r1,add,10000,0.799,208
identity_r1,add,10000,0.8,208
identity_r1,add,10000,0.801,208
identity_r1,add,10000,0.802,208
identity_r1,add,10000,0.803,208
identity_r1,add,10000,0.804,208
identity_r1,add,10000,0.805,208
identity_r1,add,10000,0.806,208
identity_r1,add,10000,0.807,208
identity_r1,add,10000,0.808,208
identity_r1,add,10000,0.809,208
identity_r1,add,10000,0.81,208
identity_r1,add,10000,0.811,208
identity_r1,add,10000,0.812,208
identity_r1,add,10000,0.813,208
identity_r1,add,10000,0.814,208
identity_r1,add,10000,0.815,208
identity_r1,add,10000,0.816,208
identity_r1,add,10000,0.817,208
identity_r1,add,10000,0.818,208
identity_r1,add,10000,0.819,208
identity_r1,add,10000,0.82,208
identity_r1,add,10000,0.821,208
identity_r1,add,10000,0.822,208
identity_r1,add,10000,0.823,208
identity_r1,add,10000,0.824,208
identity_r1,add,10000,0.825,208
identity_r1,add,10000,0.826,208
identity_r1,add,10000,0.827,208
identity_r1,add,10000,0.828,208
identity_r1,add,10000,0.829,208
identity_r1,add,10000,0.83,208
identity_r1,add,10000,0.831,208
identity_r1,add,10000,0.832,208
identity_r1,add,10000,0.833,208
identity_r1,add,10000,0.834,208
identity_r1,add,10000,0.835,208
identity_r1,add,10000,0.836,209
identity_r1,add,10000,0.837,209
identity_r1,add,10000,0.838,209
identity_r1,add,10000,0.839,209
identity_r1,add,10000,0.84,209
identity_r1,add,10000,0.841,209
identity_r1,add,10000,0.842,209
identity_r1,add,10000,0.843,209
identity_r1,add,10000,0.844,209
identity_r1,add,10000,0.845,209
identity_r1,add,10000,0.846,209
identity_r1,add,10000,0.847,209
identity_r1,add,10000,0.848,209
identity_r1,add,10000,0.849,209
identity_r1,add,10000,0.85,209
identity_r1,add,10000,0.851,209
identity_r1,add,10000,0.852,209
identity_r1,add,10000,0.853,209
identity_r1,add,10000,0.854,209
identity_r1,add,10000,0.855,209
identity_r1,add,10000,0.856,209
identity_r1,add,10000,0.857,209
identity_r1,add,10000,0.858,209
identity_r1,add,10000,0.859,209
identity_r1,add,10000,0.86,250
identity_r1,add,10000,0.861,250
identity_r1,add,10000,0.862,250
identity_r1,add,10000,0.863,250
identity_r1,add,10000,0.864,250
identity_r1,add,10000,0.865,250
identity_r1,add,10000,0.866,250
identity_r1,add,10000,0.867,250
identity_r1,add,10000,0.868,250
identity_r1,add,10000,0.869,250
identity_r1,add,10000,0.87,250
identity_r1,add,10000,0.871,250
identity_r1,add,10000,0.872,250
identity_r1,add,10000,0.873,250
identity_r1,add,10000,0.874,250
identity_r1,add,10000,0.875,250
identity_r1,add,10000,0.876,250
identity_r1,add,10000,0.877,250
identity_r1,add,10000,0.878,250
identity_r1,add,10000,0.879,250
identity_r1,add,10000,0.88,250
identity_r1,add,10000,0.881,250
identity_r1,add,10000,0.882,250
identity_r1,add,10000,0.883,250
identity_r1,add,10000,0.884,250
identity_r1,add,10000,0.885,250
identity_r1,add,10000,0.886,250
identity_r1,add,10000,0.887,250
identity_r1,add,10000,0.888,250
identity_r1,add,10000,0.889,250
identity_r1,add,10000,0.89,250
identity_r1,add,10000,0.891,250
identity_r1,add,10000,0.892,250
identity_r1,add,10000,0.893,250
identity_r1,add,10000,0.894,250
identity_r1,add,10000,0.895,250
identity_r1,add,10000,0.896,250
identity_r1,add,10000,0.897,250
identity_r1,add,10000,0.898,250
identity_r1,add,10000,0.899,250
identity_r1,add,10000,0.9,250
identity_r1,add,10000,0.901,250
identity_r1,add,10000,0.902,250
identity_r1,add,10000,0.903,250
identity_r1,add,10000,0.904,250
identity_r1,add,10000,0.905,250
identity_r1,add,10000,0.906,291
identity_r1,add,10000,0.907,291
identity_r1,add,10000,0.908,291
identity_r1,add,10000,0.909,291
identity_r1,add,10000,0.91,291
identity_r1,add,10000,0.911,291
identity_r1,add,10000,0.912,291
identity_r1,add,10000,0.913,291
identity_r1,add,10000,0.914,291
identity_r1,add,10000,0.915,291
identity_r1,add,10000,0.916,292
identity_r1,add,10000,0.917,292
identity_r1,add,10000,0.918,292
identity_r1,add,10000,0.919,292
identity_r1,add,10000,0.92,292
identity_r1,add,10000,0.921,292
identity_r1,add,10000,0.922,292
identity_r1,add,10000,0.923,292
identity_r1,add,10000,0.924,292
identity_r1,add,10000,0.925,292
identity_r1,add,10000,0.926,292
identity_r1,add,10000,0.927,292
identity_r1,add,10000,0.928,292
identity_r1,add,10000,0.929,292
identity_r1,add,10000,0.93,292
identity_r1,add,10000,0.931,292
identity_r1,add,10000,0.932,292
identity_r1,add,10000,0.933,292
identity_r1,add,10000,0.934,292
identity_r1,add,10000,0.935,292
identity_r1,add,10000,0.936,333
identity_r1,add,10000,0.937,333
identity_r1,add,10000,0.938,333
identity_r1,add,10000,0.939,333
identity_r1,add,10000,0.94,333
identity_r1,add,10000,0.941,333
identity_r1,add,10000,0.942,333
identity_r1,add,10000,0.943,333
identity_r1,add,10000,0.944,333
identity_r1,add,10000,0.945,333
identity_r1,add,10000,0.946,333
identity_r1,add,10000,0.947,333
identity_r1,add,10000,0.948,333
identity_r1,add,10000,0.949,333
identity_r1,add,10000,0.95,333
identity_r1,add,10000,0.951,333
identity_r1,add,10000,0.952,333
identity_r1,add,10000,0.953,334
identity_r1,add,10000,0.954,334
identity_r1,add,10000,0.955,334
identity_r1,add,10000,0.956,334
identity_r1,add,10000,0.957,334
identity_r1,add,10000,0.958,334
identity_r1,add,10000,0.959,334
identity_r1,add,10000,0.96,334
identity_r1,add,10000,0.961,375
identity_r1,add,10000,0.962,375
identity_r1,add,10000,0.963,375
identity_r1,add,10000,0.964,375
identity_r1,add,10000,0.965,375
identity_r1,add,10000,0.966,375
identity_r1,add,10000,0.967,375
identity_r1,add,10000,0.968,375
identity_r1,add,10000,0.969,375
identity_r1,add,10000,0.97,375
identity_r1,add,10000,0.971,375
identity_r1,add,10000,0.972,375
identity_r1,add,10000,0.973,375
identity_r1,add,10000,0.974,416
identity_r1,add,10000,0.975,416
identity_r1,add,10000,0.976,417
identity_r1,add,10000,0.977,417
identity_r1,add,10000,0.978,417
identity_r1,add,10000,0.979,417
identity_r1,add,10000,0.98,417
identity_r1,add,10000,0.981,458
identity_r1,add,10000,0.982,458
identity_r1,add,10000,0.983,458
identity_r1,add,10000,0.984,459
identity_r1,add,10000,0.985,500
identity_r1,add,10000,0.986,500
identity_r1,add,10000,0.987,500
identity_r1,add,10000,0.988,541
identity_r1,add,10000,0.989,542
identity_r1,add,10000,0.99,583
identity_r1,add,10000,0.991,584
identity_r1,add,10000,0.992,625
identity_r1,add,10000,0.993,667
identity_r1,add,10000,0.994,750
identity_r1,add,10000,0.995,833
identity_r1,add,10000,0.996,1041
identity_r1,add,10000,0.997,1458
identity_r1,add,10000,0.998,2542
identity_r1,add,10000,0.999,13250
identity_r1,cancel,10000,0,41
identity_r1,cancel,10000,0.001,83
identity_r1,cancel,10000,0.002,83
identity_r1,cancel,10000,0.003,83
identity_r1,cancel,10000,0.004,83
identity_r1,cancel,10000,0.005,83
identity_r1,cancel,10000,0.006,83
identity_r1,cancel,10000,0.007,83
identity_r1,cancel,10000,0.008,83
identity_r1,cancel,10000,0.009,84
identity_r1,cancel,10000,0.01,84
identity_r1,cancel,10000,0.011,84
identity_r1,cancel,10000,0.012,125
identity_r1,cancel,10000,0.013,125
identity_r1,cancel,10000,0.014,125
identity_r1,cancel,10000,0.015,125
identity_r1,cancel,10000,0.016,125
identity_r1,cancel,10000,0.017,125
identity_r1,cancel,10000,0.018,125
identity_r1,cancel,10000,0.019,125
identity_r1,cancel,10000,0.02,125
identity_r1,cancel,10000,0.021,125
identity_r1,cancel,10000,0.022,125
identity_r1,cancel,10000,0.023,125
identity_r1,cancel,10000,0.024,125
identity_r1,cancel,10000,0.025,125
identity_r1,cancel,10000,0.026,125
identity_r1,cancel,10000,0.027,125
identity_r1,cancel,10000,0.028,125
identity_r1,cancel,10000,0.029,125
identity_r1,cancel,10000,0.03,125
identity_r1,cancel,10000,0.031,125
identity_r1,cancel,10000,0.032,125
identity_r1,cancel,10000,0.033,125
identity_r1,cancel,10000,0.034,125
identity_r1,cancel,10000,0.035,125
identity_r1,cancel,10000,0.036,125
identity_r1,cancel,10000,0.037,125
identity_r1,cancel,10000,0.038,125
identity_r1,cancel,10000,0.039,125
identity_r1,cancel,10000,0.04,166
identity_r1,cancel,10000,0.041,166
identity_r1,cancel,10000,0.042,166
identity_r1,cancel,10000,0.043,166
identity_r1,cancel,10000,0.044,166
identity_r1,cancel,10000,0.045,166
identity_r1,cancel,10000,0.046,166
identity_r1,cancel,10000,0.047,166
identity_r1,cancel,10000,0.048,166
identity_r1,cancel,10000,0.049,166
identity_r1,cancel,10000,0.05,166
identity_r1,cancel,10000,0.051,166
identity_r1,cancel,10000,0.052,166
identity_r1,cancel,10000,0.053,166
identity_r1,cancel,10000,0.054,166
identity_r1,cancel,10000,0.055,166
identity_r1,cancel,10000,0.056,166
identity_r1,cancel,10000,0.057,166
identity_r1,cancel,10000,0.058,166
identity_r1,cancel,10000,0.059,166
identity_r1,cancel,10000,0.06,166
identity_r1,cancel,10000,0.061,166
identity_r1,cancel,10000,0.062,166
identity_r1,cancel,10000,0.063,166
identity_r1,cancel,10000,0.064,166
identity_r1,cancel,10000,0.065,166
identity_r1,cancel,10000,0.066,166
identity_r1,cancel,10000,0.067,166
identity_r1,cancel,10000,0.068,166
identity_r1,cancel,10000,0.069,166
identity_r1,cancel,10000,0.07,166
identity_r1,cancel,10000,0.071,166
identity_r1,cancel,10000,0.072,166
identity_r1,cancel,10000,0.073,166
identity_r1,cancel,10000,0.074,166
identity_r1,cancel,10000,0.075,166
identity_r1,cancel,10000,0.076,166
identity_r1,cancel,10000,0.077,166
identity_r1,cancel,10000,0.078,166
identity_r1,cancel,10000,0.079,166
identity_r1,cancel,10000,0.08,166
identity_r1,cancel,10000,0.081,166
identity_r1,cancel,10000,0.082,166
identity_r1,cancel,10000,0.083,166
identity_r1,cancel,10000,0.084,166
identity_r1,cancel,10000,0.085,167
identity_r1,cancel,10000,0.086,167
identity_r1,cancel,10000,0.087,167
identity_r1,cancel,10000,0.088,167
identity_r1,cancel,10000,0.089,167
identity_r1,cancel,10000,0.09,167
identity_r1,cancel,10000,0.091,167
identity_r1,cancel,10000,0.092,167
identity_r1,cancel,10000,0.093,167
identity_r1,cancel,10000,0.094,167
identity_r1,cancel,10000,0.095,167
identity_r1,cancel,10000,0.096,167
identity_r1,cancel,10000,0.097,167
identity_r1,cancel,10000,0.098,167
identity_r1,cancel,10000,0.099,167
identity_r1,cancel,10000,0.1,167
identity_r1,cancel,10000,0.101,167
identity_r1,cancel,10000,0.102,167
identity_r1,cancel,10000,0.103,167
identity_r1,cancel,10000,0.104,167
identity_r1,cancel,10000,0.105,167
identity_r1,cancel,10000,0.106,167
identity_r1,cancel,10000,0.107,167
identity_r1,cancel,10000,0.108,167
identity_r1,cancel,10000,0.109,167
identity_r1,cancel,10000,0.11,167
identity_r1,cancel,10000,0.111,167
identity_r1,cancel,10000,0.112,167
identity_r1,cancel,10000,0.113,167
identity_r1,cancel,10000,0.114,167
identity_r1,cancel,10000,0.115,167
identity_r1,cancel,10000,0.116,167
identity_r1,cancel,10000,0.117,167
identity_r1,cancel,10000,0.118,167
identity_r1,cancel,10000,0.119,167
identity_r1,cancel,10000,0.12,167
identity_r1,cancel,10000,0.121,167
identity_r1,cancel,10000,0.122,167
identity_r1,cancel,10000,0.123,167
identity_r1,cancel,10000,0.124,167
identity_r1,cancel,10000,0.125,167
identity_r1,cancel,10000,0.126,167
identity_r1,cancel,10000,0.127,167
identity_r1,cancel,10000,0.128,167
identity_r1,cancel,10000,0.129,167
identity_r1,cancel,10000,0.13,167
identity_r1,cancel,10000,0.131,167
identity_r1,cancel,10000,0.132,167
identity_r1,cancel,10000,0.133,167
identity_r1,cancel,10000,0.134,167
identity_r1,cancel,10000,0.135,167
identity_r1,cancel,10000,0.136,167
identity_r1,cancel,10000,0.137,167
identity_r1,cancel,10000,0.138,167
identity_r1,cancel,10000,0.139,167
identity_r1,cancel,10000,0.14,167
identity_r1,cancel,10000,0.141,167
identity_r1,cancel,10000,0.142,167
identity_r1,cancel,10000,0.143,167
identity_r1,cancel,10000,0.144,167
identity_r1,cancel,10000,0.145,167
identity_r1,cancel,10000,0.146,167
identity_r1,cancel,10000,0.147,167
identity_r1,cancel,10000,0.148,167
identity_r1,cancel,10000,0.149,167
identity_r1,cancel,10000,0.15,167
identity_r1,cancel,10000,0.151,167
identity_r1,cancel,10000,0.152,167
identity_r1,cancel,10000,0.153,167
identity_r1,cancel,10000,0.154,167
identity_r1,cancel,10000,0.155,167
identity_r1,cancel,10000,0.156,167
identity_r1,cancel,10000,0.157,167
identity_r1,cancel,10000,0.158,167
identity_r1,cancel,10000,0.159,167
identity_r1,cancel,10000,0.16,167
identity_r1,cancel,10000,0.161,167
identity_r1,cancel,10000,0.162,167
identity_r1,cancel,10000,0.163,167
identity_r1,cancel,10000,0.164,167
identity_r1,cancel,10000,0.165,167
identity_r1,cancel,10000,0.166,167
identity_r1,cancel,10000,0.167,167
identity_r1,cancel,10000,0.168,167
identity_r1,cancel,10000,0.169,167
identity_r1,cancel,10000,0.17,167
identity_r1,cancel,10000,0.171,167
identity_r1,cancel,10000,0.172,167
identity_r1,cancel,10000,0.173,167
identity_r1,cancel,10000,0.174,208
identity_r1,cancel,10000,0.175,208
identity_r1,cancel,10000,0.176,208
identity_r1,cancel,10000,0.177,208
identity_r1,cancel,10000,0.178,208
identity_r1,cancel,10000,0.179,208
identity_r1,cancel,10000,0.18,208
identity_r1,cancel,10000,0.181,208
identity_r1,cancel,10000,0.182,208
identity_r1,cancel,10000,0.183,208
identity_r1,cancel,10000,0.184,208
identity_r1,cancel,10000,0.185,208
identity_r1,cancel,10000,0.186,208
identity_r1,cancel,10000,0.187,208
identity_r1,cancel,10000,0.188,208
identity_r1,cancel,10000,0.189,208
identity_r1,cancel,10000,0.19,208
identity_r1,cancel,10000,0.191,208
identity_r1,cancel,10000,0.192,208
identity_r1,cancel,10000,0.193,208
identity_r1,cancel,10000,0.194,208
identity_r1,cancel,10000,0.195,208
identity_r1,cancel,10000,0.196,208
identity_r1,cancel,10000,0.197,208
identity_r1,cancel,10000,0.198,208
identity_r1,cancel,10000,0.199,208
identity_r1,cancel,10000,0.2,208
identity_r1,cancel,10000,0.201,208
identity_r1,cancel,10000,0.202,208
identity_r1,cancel,10000,0.203,208
identity_r1,cancel,10000,0.204,208
identity_r1,cancel,10000,0.205,208
identity_r1,cancel,10000,0.206,208
identity_r1,cancel,10000,0.207,208
identity_r1,cancel,10000,0.208,208
identity_r1,cancel,10000,0.209,208
identity_r1,cancel,10000,0.21,208
identity_r1,cancel,10000,0.211,208
identity_r1,cancel,10000,0.212,208
identity_r1,cancel,10000,0.213,208
identity_r1,cancel,10000,0.214,208
identity_r1,cancel,10000,0.215,208
identity_r1,cancel,10000,0.216,208
identity_r1,cancel,10000,0.217,208
identity_r1,cancel,10000,0.218,208
identity_r1,cancel,10000,0.219,208
identity_r1,cancel,10000,0.22,208
identity_r1,cancel,10000,0.221,208
identity_r1,cancel,10000,0.222,208
identity_r1,cancel,10000,0.223,208
identity_r1,cancel,10000,0.224,208
identity_r1,cancel,10000,0.225,208
identity_r1,cancel,10000,0.226,208
identity_r1,cancel,10000,0.227,208
identity_r1,cancel,10000,0.228,208
identity_r1,cancel,10000,0.229,208
identity_r1,cancel,10000,0.23,208
identity_r1,cancel,10000,0.231,208
identity_r1,cancel,10000,0.232,208
identity_r1,cancel,10000,0.233,208
identity_r1,cancel,10000,0.234,208
identity_r1,cancel,10000,0.235,208
identity_r1,cancel,10000,0.236,208
identity_r1,cancel,10000,0.237,208
identity_r1,cancel,10000,0.238,208
identity_r1,cancel,10000,0.239,208
identity_r1,cancel,10000,0.24,208
identity_r1,cancel,10000,0.241,208
identity_r1,cancel,10000,0.242,208
identity_r1,cancel,10000,0.243,208
identity_r1,cancel,10000,0.244,208
identity_r1,cancel,10000,0.245,208
identity_r1,cancel,10000,0.246,208
identity_r1,cancel,10000,0.247,208
identity_r1,cancel,10000,0.248,208
identity_r1,cancel,10000,0.249,208
identity_r1,cancel,10000,0.25,208
identity_r1,cancel,10000,0.251,208
identity_r1,cancel,10000,0.252,208
identity_r1,cancel,10000,0.253,208
identity_r1,cancel,10000,0.254,208
identity_r1,cancel,10000,0.255,208
identity_r1,cancel,10000,0.256,208
identity_r1,cancel,10000,0.257,208
identity_r1,cancel,10000,0.258,208
identity_r1,cancel,10000,0.259,208
identity_r1,cancel,10000,0.26,208
identity_r1,cancel,10000,0.261,208
identity_r1,cancel,10000,0.262,208
identity_r1,cancel,10000,0.263,208
identity_r1,cancel,10000,0.264,208
identity_r1,cancel,10000,0.265,208
identity_r1,cancel,10000,0.266,208
identity_r1,cancel,10000,0.267,208
identity_r1,cancel,10000,0.268,208
identity_r1,cancel,10000,0.269,208
identity_r1,cancel,10000,0.27,208
identity_r1,cancel,10000,0.271,208
identity_r1,cancel,10000,0.272,208
identity_r1,cancel,10000,0.273,208
identity_r1,cancel,10000,0.274,208
identity_r1,cancel,10000,0.275,208
identity_r1,cancel,10000,0.276,208
identity_r1,cancel,10000,0.277,208
identity_r1,cancel,10000,0.278,208
identity_r1,cancel,10000,0.279,208
identity_r1,cancel,10000,0.28,208
identity_r1,cancel,10000,0.281,208
identity_r1,cancel,10000,0.282,208
identity_r1,cancel,10000,0.283,208
identity_r1,cancel,10000,0.284,208
identity_r1,cancel,10000,0.285,208
identity_r1,cancel,10000,0.286,208
identity_r1,cancel,10000,0.287,208
identity_r1,cancel,10000,0.288,208
identity_r1,cancel,10000,0.289,208
identity_r1,cancel,10000,0.29,208
identity_r1,cancel,10000,0.291,208
identity_r1,cancel,10000,0.292,208
identity_r1,cancel,10000,0.293,208
identity_r1,cancel,10000,0.294,208
identity_r1,cancel,10000,0.295,208
identity_r1,cancel,10000,0.296,208
identity_r1,cancel,10000,0.297,208
identity_r1,cancel,10000,0.298,208
identity_r1,cancel,10000,0.299,208
identity_r1,cancel,10000,0.3,208
identity_r1,cancel,10000,0.301,208
identity_r1,cancel,10000,0.302,208
identity_r1,cancel,10000,0.303,208
identity_r1,cancel,10000,0.304,209
identity_r1,cancel,10000,0.305,209
identity_r1,cancel,10000,0.306,209
identity_r1,cancel,10000,0.307,209
identity_r1,cancel,10000,0.308,209
identity_r1,cancel,10000,0.309,209
identity_r1,cancel,10000,0.31,209
identity_r1,cancel,10000,0.311,209
identity_r1,cancel,10000,0.312,209
identity_r1,cancel,10000,0.313,209
identity_r1,cancel,10000,0.314,209
identity_r1,cancel,10000,0.315,209
identity_r1,cancel,10000,0.316,209
identity_r1,cancel,10000,0.317,209
identity_r1,cancel,10000,0.318,209
identity_r1,cancel,10000,0.319,209
identity_r1,cancel,10000,0.32,209
identity_r1,cancel,10000,0.321,209
identity_r1,cancel,10000,0.322,209
identity_r1,cancel,10000,0.323,209
identity_r1,cancel,10000,0.324,209
identity_r1,cancel,10000,0.325,209
identity_r1,cancel,10000,0.326,209
identity_r1,cancel,10000,0.327,209
identity_r1,cancel,10000,0.328,209
identity_r1,cancel,10000,0.329,209
identity_r1,cancel,10000,0.33,209
identity_r1,cancel,10000,0.331,209
identity_r1,cancel,10000,0.332,209
identity_r1,cancel,10000,0.333,209
identity_r1,cancel,10000,0.334,209
identity_r1,cancel,10000,0.335,209
identity_r1,cancel,10000,0.336,209
identity_r1,cancel,10000,0.337,209
identity_r1,cancel,10000,0.338,209
identity_r1,cancel,10000,0.339,209
identity_r1,cancel,10000,0.34,209
identity_r1,cancel,10000,0.341,209
identity_r1,cancel,10000,0.342,209
identity_r1,cancel,10000,0.343,209
identity_r1,cancel,10000,0.344,209
identity_r1,cancel,10000,0.345,209
identity_r1,cancel,10000,0.346,209
identity_r1,cancel,10000,0.347,209
identity_r1,cancel,10000,0.348,209
identity_r1,cancel,10000,0.349,209
identity_r1,cancel,10000,0.35,209
identity_r1,cancel,10000,0.351,209
identity_r1,cancel,10000,0.352,209
identity_r1,cancel,10000,0.353,209
identity_r1,cancel,10000,0.354,209
identity_r1,cancel,10000,0.355,209
identity_r1,cancel,10000,0.356,209
identity_r1,cancel,10000,0.357,209
identity_r1,cancel,10000,0.358,209
identity_r1,cancel,10000,0.359,209
identity_r1,cancel,10000,0.36,209
identity_r1,cancel,10000,0.361,209
identity_r1,cancel,10000,0.362,209
identity_r1,cancel,10000,0.363,209
identity_r1,cancel,10000,0.364,209
identity_r1,cancel,10000,0.365,209
identity_r1,cancel,10000,0.366,209
identity_r1,cancel,10000,0.367,209
identity_r1,cancel,10000,0.368,209
identity_r1,cancel,10000,0.369,209
identity_r1,cancel,10000,0.37,250
identity_r1,cancel,10000,0.371,250
identity_r1,cancel,10000,0.372,250
identity_r1,cancel,10000,0.373,250
identity_r1,cancel,10000,0.374,250
identity_r1,cancel,10000,0.375,250
identity_r1,cancel,10000,0.376,250
identity_r1,cancel,10000,0.377,250
identity_r1,cancel,10000,0.378,250
identity_r1,cancel,10000,0.379,250
identity_r1,cancel,10000,0.38,250
identity_r1,cancel,10000,0.381,250
identity_r1,cancel,10000,0.382,250
identity_r1,cancel,10000,0.383,250
identity_r1,cancel,10000,0.384,250
identity_r1,cancel,10000,0.385,250
identity_r1,cancel,10000,0.386,250
identity_r1,cancel,10000,0.387,250
identity_r1,cancel,10000,0.388,250
identity_r1,cancel,10000,0.389,250
identity_r1,cancel,10000,0.39,250
identity_r1,cancel,10000,0.391,250
identity_r1,cancel,10000,0.392,250
identity_r1,cancel,10000,0.393,250
identity_r1,cancel,10000,0.394,250
identity_r1,cancel,10000,0.395,250
identity_r1,cancel,10000,0.396,250
identity_r1,cancel,10000,0.397,250
identity_r1,cancel,10000,0.398,250
identity_r1,cancel,10000,0.399,250
identity_r1,cancel,10000,0.4,250
identity_r1,cancel,10000,0.401,250
identity_r1,cancel,10000,0.402,250
identity_r1,cancel,10000,0.403,250
identity_r1,cancel,10000,0.404,250
identity_r1,cancel,10000,0.405,250
identity_r1,cancel,10000,0.406,250
identity_r1,cancel,10000,0.407,250
identity_r1,cancel,10000,0.408,250
identity_r1,cancel,10000,0.409,250
identity_r1,cancel,10000,0.41,250
identity_r1,cancel,10000,0.411,250
identity_r1,cancel,10000,0.412,250
identity_r1,cancel,10000,0.413,250
identity_r1,cancel,10000,0.414,250
identity_r1,cancel,10000,0.415,250
identity_r1,cancel,10000,0.416,250
identity_r1,cancel,10000,0.417,250
identity_r1,cancel,10000,0.418,250
identity_r1,cancel,10000,0.419,250
identity_r1,cancel,10000,0.42,250
identity_r1,cancel,10000,0.421,250
identity_r1,cancel,10000,0.422,250
identity_r1,cancel,10000,0.423,250
identity_r1,cancel,10000,0.424,250
identity_r1,cancel,10000,0.425,250
identity_r1,cancel,10000,0.426,250
identity_r1,cancel,10000,0.427,250
identity_r1,cancel,10000,0.428,250
identity_r1,cancel,10000,0.429,250
identity_r1,cancel,10000,0.43,250
identity_r1,cancel,10000,0.431,250
identity_r1,cancel,10000,0.432,250
identity_r1,cancel,10000,0.433,250
identity_r1,cancel,10000,0.434,250
identity_r1,cancel,10000,0.435,250
identity_r1,cancel,10000,0.436,250
identity_r1,cancel,10000,0.437,250
identity_r1,cancel,10000,0.438,250
identity_r1,cancel,10000,0.439,250
identity_r1,cancel,10000,0.44,291
identity_r1,cancel,10000,0.441,291
identity_r1,cancel,10000,0.442,291
identity_r1,cancel,10000,0.443,291
identity_r1,cancel,10000,0.444,291
identity_r1,cancel,10000,0.445,291
identity_r1,cancel,10000,0.446,291
identity_r1,cancel,10000,0.447,291
identity_r1,cancel,10000,0.448,291
identity_r1,cancel,10000,0.449,291
identity_r1,cancel,10000,0.45,291
identity_r1,cancel,10000,0.451,291
identity_r1,cancel,10000,0.452,291
identity_r1,cancel,10000,0.453,291
identity_r1,cancel,10000,0.454,291
identity_r1,cancel,10000,0.455,291
identity_r1,cancel,10000,0.456,291
identity_r1,cancel,10000,0.457,291
identity_r1,cancel,10000,0.458,291
identity_r1,cancel,10000,0.459,291
identity_r1,cancel,10000,0.46,291
identity_r1,cancel,10000,0.461,291
identity_r1,cancel,10000,0.462,291
identity_r1,cancel,10000,0.463,291
identity_r1,cancel,10000,0.464,291
identity_r1,cancel,10000,0.465,292
identity_r1,cancel,10000,0.466,292
identity_r1,cancel,10000,0.467,292
identity_r1,cancel,10000,0.468,292
identity_r1,cancel,10000,0.469,292
identity_r1,cancel,10000,0.47,292
identity_r1,cancel,10000,0.471,292
identity_r1,cancel,10000,0.472,292
identity_r1,cancel,10000,0.473,292
identity_r1,cancel,10000,0.474,292
identity_r1,cancel,10000,0.475,292
identity_r1,cancel,10000,0.476,292
identity_r1,cancel,10000,0.477,292
identity_r1,cancel,10000,0.478,292
identity_r1,cancel,10000,0.479,292
identity_r1,cancel,10000,0.48,292
identity_r1,cancel,10000,0.481,292
identity_r1,cancel,10000,0.482,292
identity_r1,cancel,10000,0.483,292
identity_r1,cancel,10000,0.484,292
identity_r1,cancel,10000,0.485,292
identity_r1,cancel,10000,0.486,292
identity_r1,cancel,10000,0.487,292
identity_r1,cancel,10000,0.488,292
identity_r1,cancel,10000,0.489,292
identity_r1,cancel,10000,0.49,292
identity_r1,cancel,10000,0.491,292
identity_r1,cancel,10000,0.492,292
identity_r1,cancel,10000,0.493,292
identity_r1,cancel,10000,0.494,292
identity_r1,cancel,10000,0.495,292
identity_r1,cancel,10000,0.496,292
identity_r1,cancel,10000,0.497,292
identity_r1,cancel,10000,0.498,292
identity_r1,cancel,10000,0.499,292
identity_r1,cancel,10000,0.5,292
identity_r1,cancel,10000,0.501,292
identity_r1,cancel,10000,0.502,292
identity_r1,cancel,10000,0.503,292
identity_r1,cancel,10000,0.504,292
identity_r1,cancel,10000,0.505,292
identity_r1,cancel,10000,0.506,292
identity_r1,cancel,10000,0.507,292
identity_r1,cancel,10000,0.508,292
identity_r1,cancel,10000,0.509,292
identity_r1,cancel,10000,0.51,292
identity_r1,cancel,10000,0.511,292
identity_r1,cancel,10000,0.512,292
identity_r1,cancel,10000,0.513,292
identity_r1,cancel,10000,0.514,333
identity_r1,cancel,10000,0.515,333
identity_r1,cancel,10000,0.516,333
identity_r1,cancel,10000,0.517,333
identity_r1,cancel,10000,0.518,333
identity_r1,cancel,10000,0.519,333
identity_r1,cancel,10000,0.52,333
identity_r1,cancel,10000,0.521,333
identity_r1,cancel,10000,0.522,333
identity_r1,cancel,10000,0.523,333
identity_r1,cancel,10000,0.524,333
identity_r1,cancel,10000,0.525,333
identity_r1,cancel,10000,0.526,333
identity_r1,cancel,10000,0.527,333
identity_r1,cancel,10000,0.528,333
identity_r1,cancel,10000,0.529,333
identity_r1,cancel,10000,0.53,333
identity_r1,cancel,10000,0.531,333
identity_r1,cancel,10000,0.532,333
identity_r1,cancel,10000,0.533,333
identity_r1,cancel,10000,0.534,333
identity_r1,cancel,10000,0.535,333
identity_r1,cancel,10000,0.536,333
identity_r1,cancel,10000,0.537,333
identity_r1,cancel,10000,0.538,333
identity_r1,cancel,10000,0.539,333
identity_r1,cancel,10000,0.54,333
identity_r1,cancel,10000,0.541,333
identity_r1,cancel,10000,0.542,333
identity_r1,cancel,10000,0.543,333
identity_r1,cancel,10000,0.544,333
identity_r1,cancel,10000,0.545,333
identity_r1,cancel,10000,0.546,333
identity_r1,cancel,10000,0.547,333
identity_r1,cancel,10000,0.548,333
identity_r1,cancel,10000,0.549,333
identity_r1,cancel,10000,0.55,333
identity_r1,cancel,10000,0.551,333
identity_r1,cancel,10000,0.552,333
identity_r1,cancel,10000,0.553,333
identity_r1,cancel,10000,0.554,333
identity_r1,cancel,10000,0.555,333
identity_r1,cancel,10000,0.556,333
identity_r1,cancel,10000,0.557,333
identity_r1,cancel,10000,0.558,333
identity_r1,cancel,10000,0.559,334
identity_r1,cancel,10000,0.56,334
identity_r1,cancel,10000,0.561,334
identity_r1,cancel,10000,0.562,334
identity_r1,cancel,10000,0.563,334
identity_r1,cancel,10000,0.564,334
identity_r1,cancel,10000,0.565,334
identity_r1,cancel,10000,0.566,334
identity_r1,cancel,10000,0.567,334
identity_r1,cancel,10000,0.568,334
identity_r1,cancel,10000,0.569,334
identity_r1,cancel,10000,0.57,334
identity_r1,cancel,10000,0.571,334
identity_r1,cancel,10000,0.572,334
identity_r1,cancel,10000,0.573,334
identity_r1,cancel,10000,0.574,334
identity_r1,cancel,10000,0.575,334
identity_r1,cancel,10000,0.576,334
identity_r1,cancel,10000,0.577,334
identity_r1,cancel,10000,0.578,334
identity_r1,cancel,10000,0.579,334
identity_r1,cancel,10000,0.58,334
identity_r1,cancel,10000,0.581,334
identity_r1,cancel,10000,0.582,375
identity_r1,cancel,10000,0.583,375
identity_r1,cancel,10000,0.584,375
identity_r1,cancel,10000,0.585,375
identity_r1,cancel,10000,0.586,375
identity_r1,cancel,10000,0.587,375
identity_r1,cancel,10000,0.588,375
identity_r1,cancel,10000,0.589,375
identity_r1,cancel,10000,0.59,375
identity_r1,cancel,10000,0.591,375
identity_r1,cancel,10000,0.592,375
identity_r1,cancel,10000,0.593,375
identity_r1,cancel,10000,0.594,375
identity_r1,cancel,10000,0.595,375
identity_r1,cancel,10000,0.596,375
identity_r1,cancel,10000,0.597,375
identity_r1,cancel,10000,0.598,375
identity_r1,cancel,10000,0.599,375
identity_r1,cancel,10000,0.6,375
identity_r1,cancel,10000,0.601,375
identity_r1,cancel,10000,0.602,375
identity_r1,cancel,10000,0.603,375
identity_r1,cancel,10000,0.604,375
identity_r1,cancel,10000,0.605,375
identity_r1,cancel,10000,0.606,375
identity_r1,cancel,10000,0.607,375
identity_r1,cancel,10000,0.608,375
identity_r1,cancel,10000,0.609,375
identity_r1,cancel,10000,0.61,375
identity_r1,cancel,10000,0.611,375
identity_r1,cancel,10000,0.612,375
identity_r1,cancel,10000,0.613,375
identity_r1,cancel,10000,0.614,375
identity_r1,cancel,10000,0.615,375
identity_r1,cancel,10000,0.616,375
identity_r1,cancel,10000,0.617,375
identity_r1,cancel,10000,0.618,375
identity_r1,cancel,10000,0.619,375
identity_r1,cancel,10000,0.62,375
identity_r1,cancel,10000,0.621,375
identity_r1,cancel,10000,0.622,375
identity_r1,cancel,10000,0.623,375
identity_r1,cancel,10000,0.624,375
identity_r1,cancel,10000,0.625,375
identity_r1,cancel,10000,0.626,375
identity_r1,cancel,10000,0.627,375
identity_r1,cancel,10000,0.628,375
identity_r1,cancel,10000,0.629,375
identity_r1,cancel,10000,0.63,375
identity_r1,cancel,10000,0.631,375
identity_r1,cancel,10000,0.632,375
identity_r1,cancel,10000,0.633,375
identity_r1,cancel,10000,0.634,375
identity_r1,cancel,10000,0.635,375
identity_r1,cancel,10000,0.636,375
identity_r1,cancel,10000,0.637,375
identity_r1,cancel,10000,0.638,375
identity_r1,cancel,10000,0.639,375
identity_r1,cancel,10000,0.64,375
identity_r1,cancel,10000,0.641,375
identity_r1,cancel,10000,0.642,375
identity_r1,cancel,10000,0.643,416
identity_r1,cancel,10000,0.644,416
identity_r1,cancel,10000,0.645,416
identity_r1,cancel,10000,0.646,416
identity_r1,cancel,10000,0.647,416
identity_r1,cancel,10000,0.648,416
identity_r1,cancel,10000,0.649,416
identity_r1,cancel,10000,0.65,416
identity_r1,cancel,10000,0.651,416
identity_r1,cancel,10000,0.652,416
identity_r1,cancel,10000,0.653,416
identity_r1,cancel,10000,0.654,416
identity_r1,cancel,10000,0.655,416
identity_r1,cancel,10000,0.656,416
identity_r1,cancel,10000,0.657,416
identity_r1,cancel,10000,0.658,416
identity_r1,cancel,10000,0.659,416
identity_r1,cancel,10000,0.66,416
identity_r1,cancel,10000,0.661,416
identity_r1,cancel,10000,0.662,417
identity_r1,cancel,10000,0.663,417
identity_r1,cancel,10000,0.664,417
identity_r1,cancel,10000,0.665,417
identity_r1,cancel,10000,0.666,417
identity_r1,cancel,10000,0.667,417
identity_r1,cancel,10000,0.668,417
identity_r1,cancel,10000,0.669,417
identity_r1,cancel,10000,0.67,417
identity_r1,cancel,10000,0.671,417
identity_r1,cancel,10000,0.672,417
identity_r1,cancel,10000,0.673,417
identity_r1,cancel,10000,0.674,417
identity_r1,cancel,10000,0.675,417
identity_r1,cancel,10000,0.676,417
identity_r1,cancel,10000,0.677,417
identity_r1,cancel,10000,0.678,417
identity_r1,cancel,10000,0.679,417
identity_r1,cancel,10000,0.68,417
identity_r1,cancel,10000,0.681,417
identity_r1,cancel,10000,0.682,417
identity_r1,cancel,10000,0.683,417
identity_r1,cancel,10000,0.684,417
identity_r1,cancel,10000,0.685,417
identity_r1,cancel,10000,0.686,417
identity_r1,cancel,10000,0.687,417
identity_r1,cancel,10000,0.688,417
identity_r1,cancel,10000,0.689,417
identity_r1,cancel,10000,0.69,417
identity_r1,cancel,10000,0.691,417
identity_r1,cancel,10000,0.692,417
identity_r1,cancel,10000,0.693,417
identity_r1,cancel,10000,0.694,417
identity_r1,cancel,10000,0.695,417
identity_r1,cancel,10000,0.696,417
identity_r1,cancel,10000,0.697,417
identity_r1,cancel,10000,0.698,417
identity_r1,cancel,10000,0.699,417
identity_r1,cancel,10000,0.7,458
identity_r1,cancel,10000,0.701,458
identity_r1,cancel,10000,0.702,458
identity_r1,cancel,10000,0.703,458
identity_r1,cancel,10000,0.704,458
identity_r1,cancel,10000,0.705,458
identity_r1,cancel,10000,0.706,458
identity_r1,cancel,10000,0.707,458
identity_r1,cancel,10000,0.708,458
identity_r1,cancel,10000,0.709,458
identity_r1,cancel,10000,0.71,458
identity_r1,cancel,10000,0.711,458
identity_r1,cancel,10000,0.712,458
identity_r1,cancel,10000,0.713,458
identity_r1,cancel,10000,0.714,458
identity_r1,cancel,10000,0.715,458
identity_r1,cancel,10000,0.716,458
identity_r1,cancel,10000,0.717,458
identity_r1,cancel,10000,0.718,458
identity_r1,cancel,10000,0.719,458
identity_r1,cancel,10000,0.72,458
identity_r1,cancel,10000,0.721,458
identity_r1,cancel,10000,0.722,458
identity_r1,cancel,10000,0.723,458
identity_r1,cancel,10000,0.724,458
identity_r1,cancel,10000,0.725,458
identity_r1,cancel,10000,0.726,458
identity_r1,cancel,10000,0.727,458
identity_r1,cancel,10000,0.728,458
identity_r1,cancel,10000,0.729,458
identity_r1,cancel,10000,0.73,458
identity_r1,cancel,10000,0.731,458
identity_r1,cancel,10000,0.732,458
identity_r1,cancel,10000,0.733,459
identity_r1,cancel,10000,0.734,459
identity_r1,cancel,10000,0.735,459
identity_r1,cancel,10000,0.736,459
identity_r1,cancel,10000,0.737,459
identity_r1,cancel,10000,0.738,459
identity_r1,cancel,10000,0.739,459
identity_r1,cancel,10000,0.74,459
identity_r1,cancel,10000,0.741,459
identity_r1,cancel,10000,0.742,459
identity_r1,cancel,10000,0.743,459
identity_r1,cancel,10000,0.744,459
identity_r1,cancel,10000,0.745,459
identity_r1,cancel,10000,0.746,459
identity_r1,cancel,10000,0.747,459
identity_r1,cancel,10000,0.748,459
identity_r1,cancel,10000,0.749,459
identity_r1,cancel,10000,0.75,500
identity_r1,cancel,10000,0.751,500
identity_r1,cancel,10000,0.752,500
identity_r1,cancel,10000,0.753,500
identity_r1,cancel,10000,0.754,500
identity_r1,cancel,10000,0.755,500
identity_r1,cancel,10000,0.756,500
identity_r1,cancel,10000,0.757,500
identity_r1,cancel,10000,0.758,500
identity_r1,cancel,10000,0.759,500
identity_r1,cancel,10000,0.76,500
identity_r1,cancel,10000,0.761,500
identity_r1,cancel,10000,0.762,500
identity_r1,cancel,10000,0.763,500
identity_r1,cancel,10000,0.764,500
identity_r1,cancel,10000,0.765,500
identity_r1,cancel,10000,0.766,500
identity_r1,cancel,10000,0.767,500
identity_r1,cancel,10000,0.768,500
identity_r1,cancel,10000,0.769,500
identity_r1,cancel,10000,0.77,500
identity_r1,cancel,10000,0.771,500
identity_r1,cancel,10000,0.772,500
identity_r1,cancel,10000,0.773,500
identity_r1,cancel,10000,0.774,500
identity_r1,cancel,10000,0.775,500
identity_r1,cancel,10000,0.776,500
identity_r1,cancel,10000,0.777,500
identity_r1,cancel,10000,0.778,500
identity_r1,cancel,10000,0.779,500
identity_r1,cancel,10000,0.78,500
identity_r1,cancel,10000,0.781,500
identity_r1,cancel,10000,0.782,500
identity_r1,cancel,10000,0.783,500
identity_r1,cancel,10000,0.784,500
identity_r1,cancel,10000,0.785,500
identity_r1,cancel,10000,0.786,500
identity_r1,cancel,10000,0.787,500
identity_r1,cancel,10000,0.788,500
identity_r1,cancel,10000,0.789,500
identity_r1,cancel,10000,0.79,500
identity_r1,cancel,10000,0.791,500
identity_r1,cancel,10000,0.792,500
identity_r1,cancel,10000,0.793,500
identity_r1,cancel,10000,0.794,500
identity_r1,cancel,10000,0.795,500
identity_r1,cancel,10000,0.796,500
identity_r1,cancel,10000,0.797,500
identity_r1,cancel,10000,0.798,500
identity_r1,cancel,10000,0.799,500
identity_r1,cancel,10000,0.8,541
identity_r1,cancel,10000,0.801,541
identity_r1,cancel,10000,0.802,541
identity_r1,cancel,10000,0.803,541
identity_r1,cancel,10000,0.804,541
identity_r1,cancel,10000,0.805,541
identity_r1,cancel,10000,0.806,541
identity_r1,cancel,10000,0.807,541
identity_r1,cancel,10000,0.808,541
identity_r1,cancel,10000,0.809,541
identity_r1,cancel,10000,0.81,541
identity_r1,cancel,10000,0.811,541
identity_r1,cancel,10000,0.812,541
identity_r1,cancel,10000,0.813,542
identity_r1,cancel,10000,0.814,542
identity_r1,cancel,10000,0.815,542
identity_r1,cancel,10000,0.816,542
identity_r1,cancel,10000,0.817,542
identity_r1,cancel,10000,0.818,542
identity_r1,cancel,10000,0.819,542
identity_r1,cancel,10000,0.82,542
identity_r1,cancel,10000,0.821,542
identity_r1,cancel,10000,0.822,542
identity_r1,cancel,10000,0.823,542
identity_r1,cancel,10000,0.824,542
identity_r1,cancel,10000,0.825,542
identity_r1,cancel,10000,0.826,542
identity_r1,cancel,10000,0.827,542
identity_r1,cancel,10000,0.828,542
identity_r1,cancel,10000,0.829,542
identity_r1,cancel,10000,0.83,542
identity_r1,cancel,10000,0.831,542
identity_r1,cancel,10000,0.832,542
identity_r1,cancel,10000,0.833,542
identity_r1,cancel,10000,0.834,542
identity_r1,cancel,10000,0.835,542
identity_r1,cancel,10000,0.836,542
identity_r1,cancel,10000,0.837,542
identity_r1,cancel,10000,0.838,542
identity_r1,cancel,10000,0.839,583
identity_r1,cancel,10000,0.84,583
identity_r1,cancel,10000,0.841,583
identity_r1,cancel,10000,0.842,583
identity_r1,cancel,10000,0.843,583
identity_r1,cancel,10000,0.844,583
identity_r1,cancel,10000,0.845,583
identity_r1,cancel,10000,0.846,583
identity_r1,cancel,10000,0.847,583
identity_r1,cancel,10000,0.848,583
identity_r1,cancel,10000,0.849,583
identity_r1,cancel,10000,0.85,583
identity_r1,cancel,10000,0.851,583
identity_r1,cancel,10000,0.852,583
identity_r1,cancel,10000,0.853,583
identity_r1,cancel,10000,0.854,583
identity_r1,cancel,10000,0.855,583
identity_r1,cancel,10000,0.856,583
identity_r1,cancel,10000,0.857,583
identity_r1,cancel,10000,0.858,583
identity_r1,cancel,10000,0.859,584
identity_r1,cancel,10000,0.86,584
identity_r1,cancel,10000,0.861,584
identity_r1,cancel,10000,0.862,584
identity_r1,cancel,10000,0.863,584
identity_r1,cancel,10000,0.864,584
identity_r1,cancel,10000,0.865,584
identity_r1,cancel,10000,0.866,584
identity_r1,cancel,10000,0.867,584
identity_r1,cancel,10000,0.868,584
identity_r1,cancel,10000,0.869,625
identity_r1,cancel,10000,0.87,625
identity_r1,cancel,10000,0.871,625
identity_r1,cancel,10000,0.872,625
identity_r1,cancel,10000,0.873,625
identity_r1,cancel,10000,0.874,625
identity_r1,cancel,10000,0.875,625
identity_r1,cancel,10000,0.876,625
identity_r1,cancel,10000,0.877,625
identity_r1,cancel,10000,0.878,625
identity_r1,cancel,10000,0.879,625
identity_r1,cancel,10000,0.88,625
identity_r1,cancel,10000,0.881,625
identity_r1,cancel,10000,0.882,625
identity_r1,cancel,10000,0.883,625
identity_r1,cancel,10000,0.884,625
identity_r1,cancel,10000,0.885,625
identity_r1,cancel,10000,0.886,625
identity_r1,cancel,10000,0.887,625
identity_r1,cancel,10000,0.888,625
identity_r1,cancel,10000,0.889,625
identity_r1,cancel,10000,0.89,625
identity_r1,cancel,10000,0.891,625
identity_r1,cancel,10000,0.892,666
identity_r1,cancel,10000,0.893,666
identity_r1,cancel,10000,0.894,666
identity_r1,cancel,10000,0.895,666
identity_r1,cancel,10000,0.896,666
identity_r1,cancel,10000,0.897,666
identity_r1,cancel,10000,0.898,667
identity_r1,cancel,10000,0.899,667
identity_r1,cancel,10000,0.9,667
identity_r1,cancel,10000,0.901,667
identity_r1,cancel,10000,0.902,667
identity_r1,cancel,10000,0.903,667
identity_r1,cancel,10000,0.904,667
identity_r1,cancel,10000,0.905,667
identity_r1,cancel,10000,0.906,667
identity_r1,cancel,10000,0.907,667
identity_r1,cancel,10000,0.908,667
identity_r1,cancel,10000,0.909,708
identity_r1,cancel,10000,0.91,708
identity_r1,cancel,10000,0.911,708
identity_r1,cancel,10000,0.912,708
identity_r1,cancel,10000,0.913,708
identity_r1,cancel,10000,0.914,708
identity_r1,cancel,10000,0.915,708
identity_r1,cancel,10000,0.916,708
identity_r1,cancel,10000,0.917,708
identity_r1,cancel,10000,0.918,709
identity_r1,cancel,10000,0.919,709
identity_r1,cancel,10000,0.92,709
identity_r1,cancel,10000,0.921,709
identity_r1,cancel,10000,0.922,750
identity_r1,cancel,10000,0.923,750
identity_r1,cancel,10000,0.924,750
identity_r1,cancel,10000,0.925,750
identity_r1,cancel,10000,0.926,750
identity_r1,cancel,10000,0.927,750
identity_r1,cancel,10000,0.928,750
identity_r1,cancel,10000,0.929,750
identity_r1,cancel,10000,0.93,750
identity_r1,cancel,10000,0.931,750
identity_r1,cancel,10000,0.932,750
identity_r1,cancel,10000,0.933,791
identity_r1,cancel,10000,0.934,791
identity_r1,cancel,10000,0.935,791
identity_r1,cancel,10000,0.936,791
identity_r1,cancel,10000,0.937,792
identity_r1,cancel,10000,0.938,792
identity_r1,cancel,10000,0.939,792
identity_r1,cancel,10000,0.94,792
identity_r1,cancel,10000,0.941,792
identity_r1,cancel,10000,0.942,792
identity_r1,cancel,10000,0.943,792
identity_r1,cancel,10000,0.944,833
identity_r1,cancel,10000,0.945,833
identity_r1,cancel,10000,0.946,833
identity_r1,cancel,10000,0.947,833
identity_r1,cancel,10000,0.948,833
identity_r1,cancel,10000,0.949,833
identity_r1,cancel,10000,0.95,834
identity_r1,cancel,10000,0.951,834
identity_r1,cancel,10000,0.952,834
identity_r1,cancel,10000,0.953,875
identity_r1,cancel,10000,0.954,875
identity_r1,cancel,10000,0.955,875
identity_r1,cancel,10000,0.956,875
identity_r1,cancel,10000,0.957,875
identity_r1,cancel,10000,0.958,875
identity_r1,cancel,10000,0.959,875
identity_r1,cancel,10000,0.96,875
identity_r1,cancel,10000,0.961,916
identity_r1,cancel,10000,0.962,917
identity_r1,cancel,10000,0.963,917
identity_r1,cancel,10000,0.964,917
identity_r1,cancel,10000,0.965,917
identity_r1,cancel,10000,0.966,958
identity_r1,cancel,10000,0.967,958
identity_r1,cancel,10000,0.968,958
identity_r1,cancel,10000,0.969,959
identity_r1,cancel,10000,0.97,1000
identity_r1,cancel,10000,0.971,1000
identity_r1,cancel,10000,0.972,1000
identity_r1,cancel,10000,0.973,1000
identity_r1,cancel,10000,0.974,1041
identity_r1,cancel,10000,0.975,1041
identity_r1,cancel,10000,0.976,1042
identity_r1,cancel,10000,0.977,1042
identity_r1,cancel,10000,0.978,1042
identity_r1,cancel,10000,0.979,1083
identity_r1,cancel,10000,0.98,1083
identity_r1,cancel,10000,0.981,1084
identity_r1,cancel,10000,0.982,1125
identity_r1,cancel,10000,0.983,1125
identity_r1,cancel,10000,0.984,1125
identity_r1,cancel,10000,0.985,1167
identity_r1,cancel,10000,0.986,1167
identity_r1,cancel,10000,0.987,1208
identity_r1,cancel,10000,0.988,1209
identity_r1,cancel,10000,0.989,1250
identity_r1,cancel,10000,0.99,1292
identity_r1,cancel,10000,0.991,1333
identity_r1,cancel,10000,0.992,1375
identity_r1,cancel,10000,0.993,1417
identity_r1,cancel,10000,0.994,1500
identity_r1,cancel,10000,0.995,1625
identity_r1,cancel,10000,0.996,1875
identity_r1,cancel,10000,0.997,2542
identity_r1,cancel,10000,0.998,9458
identity_r1,cancel,10000,0.999,41125
identity_r1,match,10000,0,0
identity_r1,match,10000,0.001,41
identity_r1,match,10000,0.002,41
identity_r1,match,10000,0.003,41
identity_r1,match,10000,0.004,41
identity_r1,match,10000,0.005,41
identity_r1,match,10000,0.006,41
identity_r1,match,10000,0.007,41
identity_r1,match,10000,0.008,41
identity_r1,match,10000,0.009,41
identity_r1,match,10000,0.01,41
identity_r1,match,10000,0.011,41
identity_r1,match,10000,0.012,41
identity_r1,match,10000,0.013,41
identity_r1,match,10000,0.014,41
identity_r1,match,10000,0.015,41
identity_r1,match,10000,0.016,41
identity_r1,match,10000,0.017,41
identity_r1,match,10000,0.018,41
identity_r1,match,10000,0.019,41
identity_r1,match,10000,0.02,41
identity_r1,match,10000,0.021,41
identity_r1,match,10000,0.022,41
identity_r1,match,10000,0.023,41
identity_r1,match,10000,0.024,41
identity_r1,match,10000,0.025,41
identity_r1,match,10000,0.026,41
identity_r1,match,10000,0.027,41
identity_r1,match,10000,0.028,41
identity_r1,match,10000,0.029,41
identity_r1,match,10000,0.03,41
identity_r1,match,10000,0.031,41
identity_r1,match,10000,0.032,41
identity_r1,match,10000,0.033,41
identity_r1,match,10000,0.034,41
identity_r1,match,10000,0.035,41
identity_r1,match,10000,0.036,41
identity_r1,match,10000,0.037,41
identity_r1,match,10000,0.038,41
identity_r1,match,10000,0.039,41
identity_r1,match,10000,0.04,41
identity_r1,match,10000,0.041,41
identity_r1,match,10000,0.042,41
identity_r1,match,10000,0.043,41
identity_r1,match,10000,0.044,41
identity_r1,match,10000,0.045,41
identity_r1,match,10000,0.046,41
identity_r1,match,10000,0.047,41
identity_r1,match,10000,0.048,41
identity_r1,match,10000,0.049,41
identity_r1,match,10000,0.05,41
identity_r1,match,10000,0.051,41
identity_r1,match,10000,0.052,41
identity_r1,match,10000,0.053,41
identity_r1,match,10000,0.054,41
identity_r1,match,10000,0.055,41
identity_r1,match,10000,0.056,41
identity_r1,match,10000,0.057,41
identity_r1,match,10000,0.058,41
identity_r1,match,10000,0.059,41
identity_r1,match,10000,0.06,41
identity_r1,match,10000,0.061,41
identity_r1,match,10000,0.062,41
identity_r1,match,10000,0.063,41
identity_r1,match,10000,0.064,41
identity_r1,match,10000,0.065,41
identity_r1,match,10000,0.066,41
identity_r1,match,10000,0.067,41
identity_r1,match,10000,0.068,41
identity_r1,match,10000,0.069,41
identity_r1,match,10000,0.07,41
identity_r1,match,10000,0.071,41
identity_r1,match,10000,0.072,41
identity_r1,match,10000,0.073,41
identity_r1,match,10000,0.074,41
identity_r1,match,10000,0.075,41
identity_r1,match,10000,0.076,41
identity_r1,match,10000,0.077,41
identity_r1,match,10000,0.078,41
identity_r1,match,10000,0.079,41
identity_r1,match,10000,0.08,41
identity_r1,match,10000,0.081,41
identity_r1,match,10000,0.082,41
identity_r1,match,10000,0.083,41
identity_r1,match,10000,0.084,41
identity_r1,match,10000,0.085,41
identity_r1,match,10000,0.086,41
identity_r1,match,10000,0.087,42
identity_r1,match,10000,0.088,42
identity_r1,match,10000,0.089,42
identity_r1,match,10000,0.09,42
identity_r1,match,10000,0.091,42
identity_r1,match,10000,0.092,42
identity_r1,match,10000,0.093,42
identity_r1,match,10000,0.094,42
identity_r1,match,10000,0.095,42
identity_r1,match,10000,0.096,42
identity_r1,match,10000,0.097,42
identity_r1,match,10000,0.098,42
identity_r1,match,10000,0.099,42
identity_r1,match,10000,0.1,42
identity_r1,match,10000,0.101,42
identity_r1,match,10000,0.102,42
identity_r1,match,10000,0.103,42
identity_r1,match,10000,0.104,42
identity_r1,match,10000,0.105,42
identity_r1,match,10000,0.106,42
identity_r1,match,10000,0.107,42
identity_r1,match,10000,0.108,42
identity_r1,match,10000,0.109,42
identity_r1,match,10000,0.11,42
identity_r1,match,10000,0.111,42
identity_r1,match,10000,0.112,42
identity_r1,match,10000,0.113,42
identity_r1,match,10000,0.114,42
identity_r1,match,10000,0.115,42
identity_r1,match,10000,0.116,42
identity_r1,match,10000,0.117,42
identity_r1,match,10000,0.118,42
identity_r1,match,10000,0.119,42
identity_r1,match,10000,0.12,42
identity_r1,match,10000,0.121,42
identity_r1,match,10000,0.122,42
identity_r1,match,10000,0.123,42
identity_r1,match,10000,0.124,42
identity_r1,match,10000,0.125,42
identity_r1,match,10000,0.126,42
identity_r1,match,10000,0.127,42
identity_r1,match,10000,0.128,42
identity_r1,match,10000,0.129,42
identity_r1,match,10000,0.13,42
identity_r1,match,10000,0.131,42
identity_r1,match,10000,0.132,42
identity_r1,match,10000,0.133,42
identity_r1,match,10000,0.134,42
identity_r1,match,10000,0.135,42
identity_r1,match,10000,0.136,42
identity_r1,match,10000,0.137,42
identity_r1,match,10000,0.138,42
identity_r1,match,10000,0.139,42
identity_r1,match,10000,0.14,42
identity_r1,match,10000,0.141,42
identity_r1,match,10000,0.142,42
identity_r1,match,10000,0.143,42
identity_r1,match,10000,0.144,42
identity_r1,match,10000,0.145,42
identity_r1,match,10000,0.146,42
identity_r1,match,10000,0.147,42
identity_r1,match,10000,0.148,42
identity_r1,match,10000,0.149,42
identity_r1,match,10000,0.15,42
identity_r1,match,10000,0.151,42
identity_r1,match,10000,0.152,42
identity_r1,match,10000,0.153,42
identity_r1,match,10000,0.154,42
identity_r1,match,10000,0.155,42
identity_r1,match,10000,0.156,42
identity_r1,match,10000,0.157,42
identity_r1,match,10000,0.158,42
identity_r1,match,10000,0.159,42
identity_r1,match,10000,0.16,42
identity_r1,match,10000,0.161,42
identity_r1,match,10000,0.162,42
identity_r1,match,10000,0.163,42
identity_r1,match,10000,0.164,42
identity_r1,match,10000,0.165,42
identity_r1,match,10000,0.166,42
identity_r1,match,10000,0.167,42
identity_r1,match,10000,0.168,42
identity_r1,match,10000,0.169,42
identity_r1,match,10000,0.17,42
identity_r1,match,10000,0.171,42
identity_r1,match,10000,0.172,42
identity_r1,match,10000,0.173,42
identity_r1,match,10000,0.174,42
identity_r1,match,10000,0.175,42
identity_r1,match,10000,0.176,42
identity_r1,match,10000,0.177,42
identity_r1,match,10000,0.178,42
identity_r1,match,10000,0.179,42
identity_r1,match,10000,0.18,42
identity_r1,match,10000,0.181,42
identity_r1,match,10000,0.182,42
identity_r1,match,10000,0.183,42
identity_r1,match,10000,0.184,42
identity_r1,match,10000,0.185,42
identity_r1,match,10000,0.186,42
identity_r1,match,10000,0.187,42
identity_r1,match,10000,0.188,42
identity_r1,match,10000,0.189,42
identity_r1,match,10000,0.19,42
identity_r1,match,10000,0.191,42
identity_r1,match,10000,0.192,42
identity_r1,match,10000,0.193,42
identity_r1,match,10000,0.194,42
identity_r1,match,10000,0.195,42
identity_r1,match,10000,0.196,42
identity_r1,match,10000,0.197,42
identity_r1,match,10000,0.198,42
identity_r1,match,10000,0.199,42
identity_r1,match,10000,0.2,42
identity_r1,match,10000,0.201,42
identity_r1,match,10000,0.202,42
identity_r1,match,10000,0.203,42
identity_r1,match,10000,0.204,42
identity_r1,match,10000,0.205,42
identity_r1,match,10000,0.206,42
identity_r1,match,10000,0.207,42
identity_r1,match,10000,0.208,42
identity_r1,match,10000,0.209,42
identity_r1,match,10000,0.21,42
identity_r1,match,10000,0.211,42
identity_r1,match,10000,0.212,42
identity_r1,match,10000,0.213,42
identity_r1,match,10000,0.214,42
identity_r1,match,10000,0.215,42
identity_r1,match,10000,0.216,42
identity_r1,match,10000,0.217,42
identity_r1,match,10000,0.218,42
identity_r1,match,10000,0.219,42
identity_r1,match,10000,0.22,42
identity_r1,match,10000,0.221,42
identity_r1,match,10000,0.222,42
identity_r1,match,10000,0.223,42
identity_r1,match,10000,0.224,42
identity_r1,match,10000,0.225,42
identity_r1,match,10000,0.226,42
identity_r1,match,10000,0.227,42
identity_r1,match,10000,0.228,42
identity_r1,match,10000,0.229,42
identity_r1,match,10000,0.23,42
identity_r1,match,10000,0.231,42
identity_r1,match,10000,0.232,42
identity_r1,match,10000,0.233,42
identity_r1,match,10000,0.234,42
identity_r1,match,10000,0.235,42
identity_r1,match,10000,0.236,42
identity_r1,match,10000,0.237,42
identity_r1,match,10000,0.238,42
identity_r1,match,10000,0.239,42
identity_r1,match,10000,0.24,42
identity_r1,match,10000,0.241,42
identity_r1,match,10000,0.242,42
identity_r1,match,10000,0.243,42
identity_r1,match,10000,0.244,42
identity_r1,match,10000,0.245,42
identity_r1,match,10000,0.246,42
identity_r1,match,10000,0.247,42
identity_r1,match,10000,0.248,42
identity_r1,match,10000,0.249,42
identity_r1,match,10000,0.25,42
identity_r1,match,10000,0.251,42
identity_r1,match,10000,0.252,42
identity_r1,match,10000,0.253,42
identity_r1,match,10000,0.254,42
identity_r1,match,10000,0.255,42
identity_r1,match,10000,0.256,42
identity_r1,match,10000,0.257,42
identity_r1,match,10000,0.258,42
identity_r1,match,10000,0.259,42
identity_r1,match,10000,0.26,83
identity_r1,match,10000,0.261,83
identity_r1,match,10000,0.262,83
identity_r1,match,10000,0.263,83
identity_r1,match,10000,0.264,83
identity_r1,match,10000,0.265,83
identity_r1,match,10000,0.266,83
identity_r1,match,10000,0.267,83
identity_r1,match,10000,0.268,83
identity_r1,match,10000,0.269,83
identity_r1,match,10000,0.27,83
identity_r1,match,10000,0.271,83
identity_r1,match,10000,0.272,83
identity_r1,match,10000,0.273,83
identity_r1,match,10000,0.274,83
identity_r1,match,10000,0.275,83
identity_r1,match,10000,0.276,83
identity_r1,match,10000,0.277,83
identity_r1,match,10000,0.278,83
identity_r1,match,10000,0.279,83
identity_r1,match,10000,0.28,83
identity_r1,match,10000,0.281,83
identity_r1,match,10000,0.282,83
identity_r1,match,10000,0.283,83
identity_r1,match,10000,0.284,83
identity_r1,match,10000,0.285,83
identity_r1,match,10000,0.286,83
identity_r1,match,10000,0.287,83
identity_r1,match,10000,0.288,83
identity_r1,match,10000,0.289,83
identity_r1,match,10000,0.29,83
identity_r1,match,10000,0.291,83
identity_r1,match,10000,0.292,83
identity_r1,match,10000,0.293,83
identity_r1,match,10000,0.294,83
identity_r1,match,10000,0.295,83
identity_r1,match,10000,0.296,83
identity_r1,match,10000,0.297,83
identity_r1,match,10000,0.298,83
identity_r1,match,10000,0.299,83
identity_r1,match,10000,0.3,83
identity_r1,match,10000,0.301,83
identity_r1,match,10000,0.302,83
identity_r1,match,10000,0.303,83
identity_r1,match,10000,0.304,83
identity_r1,match,10000,0.305,83
identity_r1,match,10000,0.306,83
identity_r1,match,10000,0.307,83
identity_r1,match,10000,0.308,83
identity_r1,match,10000,0.309,83
identity_r1,match,10000,0.31,83
identity_r1,match,10000,0.311,83
identity_r1,match,10000,0.312,83
identity_r1,match,10000,0.313,83
identity_r1,match,10000,0.314,83
identity_r1,match,10000,0.315,83
identity_r1,match,10000,0.316,83
identity_r1,match,10000,0.317,83
identity_r1,match,10000,0.318,83
identity_r1,match,10000,0.319,83
identity_r1,match,10000,0.32,83
identity_r1,match,10000,0.321,83
identity_r1,match,10000,0.322,83
identity_r1,match,10000,0.323,83
identity_r1,match,10000,0.324,83
identity_r1,match,10000,0.325,83
identity_r1,match,10000,0.326,83
identity_r1,match,10000,0.327,83
identity_r1,match,10000,0.328,83
identity_r1,match,10000,0.329,83
identity_r1,match,10000,0.33,83
identity_r1,match,10000,0.331,83
identity_r1,match,10000,0.332,83
identity_r1,match,10000,0.333,83
identity_r1,match,10000,0.334,83
identity_r1,match,10000,0.335,83
identity_r1,match,10000,0.336,83
identity_r1,match,10000,0.337,83
identity_r1,match,10000,0.338,83
identity_r1,match,10000,0.339,83
identity_r1,match,10000,0.34,83
identity_r1,match,10000,0.341,83
identity_r1,match,10000,0.342,83
identity_r1,match,10000,0.343,83
identity_r1,match,10000,0.344,83
identity_r1,match,10000,0.345,83
identity_r1,match,10000,0.346,83
identity_r1,match,10000,0.347,83
identity_r1,match,10000,0.348,83
identity_r1,match,10000,0.349,83
identity_r1,match,10000,0.35,83
identity_r1,match,10000,0.351,83
identity_r1,match,10000,0.352,83
identity_r1,match,10000,0.353,83
identity_r1,match,10000,0.354,83
identity_r1,match,10000,0.355,83
identity_r1,match,10000,0.356,83
identity_r1,match,10000,0.357,83
identity_r1,match,10000,0.358,83
identity_r1,match,10000,0.359,83
identity_r1,match,10000,0.36,83
identity_r1,match,10000,0.361,83
identity_r1,match,10000,0.362,83
identity_r1,match,10000,0.363,83
identity_r1,match,10000,0.364,83
identity_r1,match,10000,0.365,83
identity_r1,match,10000,0.366,83
identity_r1,match,10000,0.367,83
identity_r1,match,10000,0.368,83
identity_r1,match,10000,0.369,83
identity_r1,match,10000,0.37,83
identity_r1,match,10000,0.371,83
identity_r1,match,10000,0.372,83
identity_r1,match,10000,0.373,83
identity_r1,match,10000,0.374,83
identity_r1,match,10000,0.375,83
identity_r1,match,10000,0.376,83
identity_r1,match,10000,0.377,83
identity_r1,match,10000,0.378,83
identity_r1,match,10000,0.379,83
identity_r1,match,10000,0.38,83
identity_r1,match,10000,0.381,83
identity_r1,match,10000,0.382,83
identity_r1,match,10000,0.383,83
identity_r1,match,10000,0.384,83
identity_r1,match,10000,0.385,83
identity_r1,match,10000,0.386,83
identity_r1,match,10000,0.387,83
identity_r1,match,10000,0.388,83
identity_r1,match,10000,0.389,83
identity_r1,match,10000,0.39,83
identity_r1,match,10000,0.391,83
identity_r1,match,10000,0.392,83
identity_r1,match,10000,0.393,83
identity_r1,match,10000,0.394,83
identity_r1,match,10000,0.395,83
identity_r1,match,10000,0.396,83
identity_r1,match,10000,0.397,83
identity_r1,match,10000,0.398,83
identity_r1,match,10000,0.399,83
identity_r1,match,10000,0.4,83
identity_r1,match,10000,0.401,83
identity_r1,match,10000,0.402,83
identity_r1,match,10000,0.403,83
identity_r1,match,10000,0.404,83
identity_r1,match,10000,0.405,83
identity_r1,match,10000,0.406,83
identity_r1,match,10000,0.407,83
identity_r1,match,10000,0.408,83
identity_r1,match,10000,0.409,83
identity_r1,match,10000,0.41,83
identity_r1,match,10000,0.411,83
identity_r1,match,10000,0.412,83
identity_r1,match,10000,0.413,83
identity_r1,match,10000,0.414,83
identity_r1,match,10000,0.415,83
identity_r1,match,10000,0.416,83
identity_r1,match,10000,0.417,83
identity_r1,match,10000,0.418,83
identity_r1,match,10000,0.419,83
identity_r1,match,10000,0.42,83
identity_r1,match,10000,0.421,83
identity_r1,match,10000,0.422,83
identity_r1,match,10000,0.423,83
identity_r1,match,10000,0.424,83
identity_r1,match,10000,0.425,83
identity_r1,match,10000,0.426,83
identity_r1,match,10000,0.427,83
identity_r1,match,10000,0.428,83
identity_r1,match,10000,0.429,83
identity_r1,match,10000,0.43,83
identity_r1,match,10000,0.431,83
identity_r1,match,10000,0.432,83
identity_r1,match,10000,0.433,83
identity_r1,match,10000,0.434,83
identity_r1,match,10000,0.435,83
identity_r1,match,10000,0.436,83
identity_r1,match,10000,0.437,83
identity_r1,match,10000,0.438,83
identity_r1,match,10000,0.439,83
identity_r1,match,10000,0.44,83
identity_r1,match,10000,0.441,83
identity_r1,match,10000,0.442,83
identity_r1,match,10000,0.443,83
identity_r1,match,10000,0.444,83
identity_r1,match,10000,0.445,83
identity_r1,match,10000,0.446,83
identity_r1,match,10000,0.447,83
identity_r1,match,10000,0.448,83
identity_r1,match,10000,0.449,83
identity_r1,match,10000,0.45,83
identity_r1,match,10000,0.451,83
identity_r1,match,10000,0.452,83
identity_r1,match,10000,0.453,83
identity_r1,match,10000,0.454,83
identity_r1,match,10000,0.455,83
identity_r1,match,10000,0.456,83
identity_r1,match,10000,0.457,83
identity_r1,match,10000,0.458,83
identity_r1,match,10000,0.459,83
identity_r1,match,10000,0.46,83
identity_r1,match,10000,0.461,83
identity_r1,match,10000,0.462,83
identity_r1,match,10000,0.463,83
identity_r1,match,10000,0.464,83
identity_r1,match,10000,0.465,83
identity_r1,match,10000,0.466,83
identity_r1,match,10000,0.467,83
identity_r1,match,10000,0.468,83
identity_r1,match,10000,0.469,83
identity_r1,match,10000,0.47,83
identity_r1,match,10000,0.471,83
identity_r1,match,10000,0.472,83
identity_r1,match,10000,0.473,83
identity_r1,match,10000,0.474,83
identity_r1,match,10000,0.475,83
identity_r1,match,10000,0.476,83
identity_r1,match,10000,0.477,83
identity_r1,match,10000,0.478,83
identity_r1,match,10000,0.479,83
identity_r1,match,10000,0.48,83
identity_r1,match,10000,0.481,83
identity_r1,match,10000,0.482,83
identity_r1,match,10000,0.483,83
identity_r1,match,10000,0.484,83
identity_r1,match,10000,0.485,83
identity_r1,match,10000,0.486,83
identity_r1,match,10000,0.487,83
identity_r1,match,10000,0.488,83
identity_r1,match,10000,0.489,83
identity_r1,match,10000,0.49,83
identity_r1,match,10000,0.491,83
identity_r1,match,10000,0.492,83
identity_r1,match,10000,0.493,83
identity_r1,match,10000,0.494,83
identity_r1,match,10000,0.495,83
identity_r1,match,10000,0.496,83
identity_r1,match,10000,0.497,83
identity_r1,match,10000,0.498,83
identity_r1,match,10000,0.499,83
identity_r1,match,10000,0.5,83
identity_r1,match,10000,0.501,83
identity_r1,match,10000,0.502,83
identity_r1,match,10000,0.503,83
identity_r1,match,10000,0.504,83
identity_r1,match,10000,0.505,83
identity_r1,match,10000,0.506,83
identity_r1,match,10000,0.507,83
identity_r1,match,10000,0.508,83
identity_r1,match,10000,0.509,83
identity_r1,match,10000,0.51,83
identity_r1,match,10000,0.511,83
identity_r1,match,10000,0.512,83
identity_r1,match,10000,0.513,83
identity_r1,match,10000,0.514,83
identity_r1,match,10000,0.515,83
identity_r1,match,10000,0.516,83
identity_r1,match,10000,0.517,83
identity_r1,match,10000,0.518,83
identity_r1,match,10000,0.519,83
identity_r1,match,10000,0.52,83
identity_r1,match,10000,0.521,83
identity_r1,match,10000,0.522,83
identity_r1,match,10000,0.523,83
identity_r1,match,10000,0.524,83
identity_r1,match,10000,0.525,83
identity_r1,match,10000,0.526,83
identity_r1,match,10000,0.527,83
identity_r1,match,10000,0.528,83
identity_r1,match,10000,0.529,83
identity_r1,match,10000,0.53,83
identity_r1,match,10000,0.531,83
identity_r1,match,10000,0.532,83
identity_r1,match,10000,0.533,83
identity_r1,match,10000,0.534,83
identity_r1,match,10000,0.535,83
identity_r1,match,10000,0.536,83
identity_r1,match,10000,0.537,83
identity_r1,match,10000,0.538,83
identity_r1,match,10000,0.539,83
identity_r1,match,10000,0.54,83
identity_r1,match,10000,0.541,83
identity_r1,match,10000,0.542,83
identity_r1,match,10000,0.543,83
identity_r1,match,10000,0.544,83
identity_r1,match,10000,0.545,83
identity_r1,match,10000,0.546,83
identity_r1,match,10000,0.547,83
identity_r1,match,10000,0.548,83
identity_r1,match,10000,0.549,83
identity_r1,match,10000,0.55,83
identity_r1,match,10000,0.551,83
identity_r1,match,10000,0.552,83
identity_r1,match,10000,0.553,83
identity_r1,match,10000,0.554,83
identity_r1,match,10000,0.555,83
identity_r1,match,10000,0.556,83
identity_r1,match,10000,0.557,83
identity_r1,match,10000,0.558,83
identity_r1,match,10000,0.559,83
identity_r1,match,10000,0.56,83
identity_r1,match,10000,0.561,83
identity_r1,match,10000,0.562,83
identity_r1,match,10000,0.563,83
identity_r1,match,10000,0.564,83
identity_r1,match,10000,0.565,83
identity_r1,match,10000,0.566,83
identity_r1,match,10000,0.567,83
identity_r1,match,10000,0.568,83
identity_r1,match,10000,0.569,83
identity_r1,match,10000,0.57,83
identity_r1,match,10000,0.571,83
identity_r1,match,10000,0.572,83
identity_r1,match,10000,0.573,83
identity_r1,match,10000,0.574,83
identity_r1,match,10000,0.575,83
identity_r1,match,10000,0.576,83
identity_r1,match,10000,0.577,83
identity_r1,match,10000,0.578,83
identity_r1,match,10000,0.579,83
identity_r1,match,10000,0.58,83
identity_r1,match,10000,0.581,83
identity_r1,match,10000,0.582,83
identity_r1,match,10000,0.583,83
identity_r1,match,10000,0.584,83
identity_r1,match,10000,0.585,83
identity_r1,match,10000,0.586,83
identity_r1,match,10000,0.587,83
identity_r1,match,10000,0.588,83
identity_r1,match,10000,0.589,83
identity_r1,match,10000,0.59,83
identity_r1,match,10000,0.591,83
identity_r1,match,10000,0.592,83
identity_r1,match,10000,0.593,83
identity_r1,match,10000,0.594,83
identity_r1,match,10000,0.595,83
identity_r1,match,10000,0.596,83
identity_r1,match,10000,0.597,83
identity_r1,match,10000,0.598,83
identity_r1,match,10000,0.599,83
identity_r1,match,10000,0.6,83
identity_r1,match,10000,0.601,83
identity_r1,match,10000,0.602,83
identity_r1,match,10000,0.603,83
identity_r1,match,10000,0.604,83
identity_r1,match,10000,0.605,83
identity_r1,match,10000,0.606,83
identity_r1,match,10000,0.607,83
identity_r1,match,10000,0.608,83
identity_r1,match,10000,0.609,83
identity_r1,match,10000,0.61,83
identity_r1,match,10000,0.611,83
identity_r1,match,10000,0.612,83
identity_r1,match,10000,0.613,83
identity_r1,match,10000,0.614,83
identity_r1,match,10000,0.615,83
identity_r1,match,10000,0.616,83
identity_r1,match,10000,0.617,83
identity_r1,match,10000,0.618,83
identity_r1,match,10000,0.619,83
identity_r1,match,10000,0.62,83
identity_r1,match,10000,0.621,83
identity_r1,match,10000,0.622,83
identity_r1,match,10000,0.623,83
identity_r1,match,10000,0.624,83
identity_r1,match,10000,0.625,83
identity_r1,match,10000,0.626,83
identity_r1,match,10000,0.627,83
identity_r1,match,10000,0.628,83
identity_r1,match,10000,0.629,83
identity_r1,match,10000,0.63,83
identity_r1,match,10000,0.631,83
identity_r1,match,10000,0.632,83
identity_r1,match,10000,0.633,83
identity_r1,match,10000,0.634,83
identity_r1,match,10000,0.635,83
identity_r1,match,10000,0.636,83
identity_r1,match,10000,0.637,83
identity_r1,match,10000,0.638,83
identity_r1,match,10000,0.639,83
identity_r1,match,10000,0.64,83
identity_r1,match,10000,0.641,83
identity_r1,match,10000,0.642,83
identity_r1,match,10000,0.643,83
identity_r1,match,10000,0.644,83
identity_r1,match,10000,0.645,83
identity_r1,match,10000,0.646,83
identity_r1,match,10000,0.647,83
identity_r1,match,10000,0.648,83
identity_r1,match,10000,0.649,83
identity_r1,match,10000,0.65,83
identity_r1,match,10000,0.651,83
identity_r1,match,10000,0.652,83
identity_r1,match,10000,0.653,83
identity_r1,match,10000,0.654,83
identity_r1,match,10000,0.655,83
identity_r1,match,10000,0.656,83
identity_r1,match,10000,0.657,83
identity_r1,match,10000,0.658,83
identity_r1,match,10000,0.659,83
identity_r1,match,10000,0.66,83
identity_r1,match,10000,0.661,83
identity_r1,match,10000,0.662,83
identity_r1,match,10000,0.663,83
identity_r1,match,10000,0.664,83
identity_r1,match,10000,0.665,83
identity_r1,match,10000,0.666,83
identity_r1,match,10000,0.667,84
identity_r1,match,10000,0.668,84
identity_r1,match,10000,0.669,84
identity_r1,match,10000,0.67,84
identity_r1,match,10000,0.671,84
identity_r1,match,10000,0.672,84
identity_r1,match,10000,0.673,84
identity_r1,match,10000,0.674,84
identity_r1,match,10000,0.675,84
identity_r1,match,10000,0.676,84
identity_r1,match,10000,0.677,84
identity_r1,match,10000,0.678,84
identity_r1,match,10000,0.679,84
identity_r1,match,10000,0.68,84
identity_r1,match,10000,0.681,84
identity_r1,match,10000,0.682,84
identity_r1,match,10000,0.683,84
identity_r1,match,10000,0.684,84
identity_r1,match,10000,0.685,84
identity_r1,match,10000,0.686,84
identity_r1,match,10000,0.687,84
identity_r1,match,10000,0.688,84
identity_r1,match,10000,0.689,84
identity_r1,match,10000,0.69,84
identity_r1,match,10000,0.691,84
identity_r1,match,10000,0.692,84
identity_r1,match,10000,0.693,84
identity_r1,match,10000,0.694,84
identity_r1,match,10000,0.695,84
identity_r1,match,10000,0.696,84
identity_r1,match,10000,0.697,84
identity_r1,match,10000,0.698,84
identity_r1,match,10000,0.699,84
identity_r1,match,10000,0.7,84
identity_r1,match,10000,0.701,84
identity_r1,match,10000,0.702,84
identity_r1,match,10000,0.703,84
identity_r1,match,10000,0.704,84
identity_r1,match,10000,0.705,84
identity_r1,match,10000,0.706,84
identity_r1,match,10000,0.707,84
identity_r1,match,10000,0.708,84
identity_r1,match,10000,0.709,84
identity_r1,match,10000,0.71,84
identity_r1,match,10000,0.711,84
identity_r1,match,10000,0.712,84
identity_r1,match,10000,0.713,84
identity_r1,match,10000,0.714,84
identity_r1,match,10000,0.715,84
identity_r1,match,10000,0.716,84
identity_r1,match,10000,0.717,84
identity_r1,match,10000,0.718,84
identity_r1,match,10000,0.719,84
identity_r1,match,10000,0.72,84
identity_r1,match,10000,0.721,84
identity_r1,match,10000,0.722,84
identity_r1,match,10000,0.723,84
identity_r1,match,10000,0.724,84
identity_r1,match,10000,0.725,84
identity_r1,match,10000,0.726,84
identity_r1,match,10000,0.727,84
identity_r1,match,10000,0.728,84
identity_r1,match,10000,0.729,84
identity_r1,match,10000,0.73,84
identity_r1,match,10000,0.731,84
identity_r1,match,10000,0.732,84
identity_r1,match,10000,0.733,84
identity_r1,match,10000,0.734,84
identity_r1,match,10000,0.735,84
identity_r1,match,10000,0.736,84
identity_r1,match,10000,0.737,84
identity_r1,match,10000,0.738,84
identity_r1,match,10000,0.739,84
identity_r1,match,10000,0.74,84
identity_r1,match,10000,0.741,84
identity_r1,match,10000,0.742,84
identity_r1,match,10000,0.743,84
identity_r1,match,10000,0.744,84
identity_r1,match,10000,0.745,84
identity_r1,match,10000,0.746,84
identity_r1,match,10000,0.747,84
identity_r1,match,10000,0.748,84
identity_r1,match,10000,0.749,84
identity_r1,match,10000,0.75,84
identity_r1,match,10000,0.751,84
identity_r1,match,10000,0.752,84
identity_r1,match,10000,0.753,84
identity_r1,match,10000,0.754,84
identity_r1,match,10000,0.755,84
identity_r1,match,10000,0.756,84
identity_r1,match,10000,0.757,84
identity_r1,match,10000,0.758,84
identity_r1,match,10000,0.759,84
identity_r1,match,10000,0.76,84
identity_r1,match,10000,0.761,84
identity_r1,match,10000,0.762,84
identity_r1,match,10000,0.763,84
identity_r1,match,10000,0.764,84
identity_r1,match,10000,0.765,84
identity_r1,match,10000,0.766,84
identity_r1,match,10000,0.767,84
identity_r1,match,10000,0.768,84
identity_r1,match,10000,0.769,84
identity_r1,match,10000,0.77,84
identity_r1,match,10000,0.771,84
identity_r1,match,10000,0.772,84
identity_r1,match,10000,0.773,84
identity_r1,match,10000,0.774,84
identity_r1,match,10000,0.775,84
identity_r1,match,10000,0.776,84
identity_r1,match,10000,0.777,84
identity_r1,match,10000,0.778,84
identity_r1,match,10000,0.779,84
identity_r1,match,10000,0.78,84
identity_r1,match,10000,0.781,84
identity_r1,match,10000,0.782,84
identity_r1,match,10000,0.783,84
identity_r1,match,10000,0.784,84
identity_r1,match,10000,0.785,84
identity_r1,match,10000,0.786,84
identity_r1,match,10000,0.787,84
identity_r1,match,10000,0.788,84
identity_r1,match,10000,0.789,84
identity_r1,match,10000,0.79,84
identity_r1,match,10000,0.791,84
identity_r1,match,10000,0.792,84
identity_r1,match,10000,0.793,84
identity_r1,match,10000,0.794,84
identity_r1,match,10000,0.795,84
identity_r1,match,10000,0.796,84
identity_r1,match,10000,0.797,84
identity_r1,match,10000,0.798,84
identity_r1,match,10000,0.799,84
identity_r1,match,10000,0.8,84
identity_r1,match,10000,0.801,84
identity_r1,match,10000,0.802,84
identity_r1,match,10000,0.803,84
identity_r1,match,10000,0.804,84
identity_r1,match,10000,0.805,84
identity_r1,match,10000,0.806,84
identity_r1,match,10000,0.807,84
identity_r1,match,10000,0.808,84
identity_r1,match,10000,0.809,84
identity_r1,match,10000,0.81,84
identity_r1,match,10000,0.811,84
identity_r1,match,10000,0.812,84
identity_r1,match,10000,0.813,84
identity_r1,match,10000,0.814,84
identity_r1,match,10000,0.815,84
identity_r1,match,10000,0.816,84
identity_r1,match,10000,0.817,84
identity_r1,match,10000,0.818,84
identity_r1,match,10000,0.819,84
identity_r1,match,10000,0.82,84
identity_r1,match,10000,0.821,84
identity_r1,match,10000,0.822,84
identity_r1,match,10000,0.823,84
identity_r1,match,10000,0.824,84
identity_r1,match,10000,0.825,84
identity_r1,match,10000,0.826,84
identity_r1,match,10000,0.827,84
identity_r1,match,10000,0.828,84
identity_r1,match,10000,0.829,84
identity_r1,match,10000,0.83,84
identity_r1,match,10000,0.831,84
identity_r1,match,10000,0.832,84
identity_r1,match,10000,0.833,84
identity_r1,match,10000,0.834,84
identity_r1,match,10000,0.835,84
identity_r1,match,10000,0.836,84
identity_r1,match,10000,0.837,84
identity_r1,match,10000,0.838,84
identity_r1,match,10000,0.839,84
identity_r1,match,10000,0.84,84
identity_r1,match,10000,0.841,84
identity_r1,match,10000,0.842,84
identity_r1,match,10000,0.843,84
identity_r1,match,10000,0.844,84
identity_r1,match,10000,0.845,84
identity_r1,match,10000,0.846,84
identity_r1,match,10000,0.847,84
identity_r1,match,10000,0.848,84
identity_r1,match,10000,0.849,84
identity_r1,match,10000,0.85,84
identity_r1,match,10000,0.851,84
identity_r1,match,10000,0.852,84
identity_r1,match,10000,0.853,84
identity_r1,match,10000,0.854,84
identity_r1,match,10000,0.855,84
identity_r1,match,10000,0.856,84
identity_r1,match,10000,0.857,84
identity_r1,match,10000,0.858,84
identity_r1,match,10000,0.859,84
identity_r1,match,10000,0.86,84
identity_r1,match,10000,0.861,84
identity_r1,match,10000,0.862,84
identity_r1,match,10000,0.863,84
identity_r1,match,10000,0.864,84
identity_r1,match,10000,0.865,84
identity_r1,match,10000,0.866,84
identity_r1,match,10000,0.867,84
identity_r1,match,10000,0.868,84
identity_r1,match,10000,0.869,84
identity_r1,match,10000,0.87,84
identity_r1,match,10000,0.871,84
identity_r1,match,10000,0.872,125
identity_r1,match,10000,0.873,125
identity_r1,match,10000,0.874,125
identity_r1,match,10000,0.875,125
identity_r1,match,10000,0.876,125
identity_r1,match,10000,0.877,125
identity_r1,match,10000,0.878,125
identity_r1,match,10000,0.879,125
identity_r1,match,10000,0.88,125
identity_r1,match,10000,0.881,125
identity_r1,match,10000,0.882,125
identity_r1,match,10000,0.883,125
identity_r1,match,10000,0.884,125
identity_r1,match,10000,0.885,125
identity_r1,match,10000,0.886,125
identity_r1,match,10000,0.887,125
identity_r1,match,10000,0.888,125
identity_r1,match,10000,0.889,125
identity_r1,match,10000,0.89,125
identity_r1,match,10000,0.891,125
identity_r1,match,10000,0.892,125
identity_r1,match,10000,0.893,125
identity_r1,match,10000,0.894,125
identity_r1,match,10000,0.895,125
identity_r1,match,10000,0.896,125
identity_r1,match,10000,0.897,125
identity_r1,match,10000,0.898,125
identity_r1,match,10000,0.899,125
identity_r1,match,10000,0.9,125
identity_r1,match,10000,0.901,125
identity_r1,match,10000,0.902,125
identity_r1,match,10000,0.903,125
identity_r1,match,10000,0.904,125
identity_r1,match,10000,0.905,125
identity_r1,match,10000,0.906,125
identity_r1,match,10000,0.907,125
identity_r1,match,10000,0.908,125
identity_r1,match,10000,0.909,125
identity_r1,match,10000,0.91,125
identity_r1,match,10000,0.911,125
identity_r1,match,10000,0.912,125
identity_r1,match,10000,0.913,125
identity_r1,match,10000,0.914,125
identity_r1,match,10000,0.915,125
identity_r1,match,10000,0.916,125
identity_r1,match,10000,0.917,125
identity_r1,match,10000,0.918,125
identity_r1,match,10000,0.919,125
identity_r1,match,10000,0.92,125
identity_r1,match,10000,0.921,125
identity_r1,match,10000,0.922,125
identity_r1,match,10000,0.923,166
identity_r1,match,10000,0.924,166
identity_r1,match,10000,0.925,166
identity_r1,match,10000,0.926,166
identity_r1,match,10000,0.927,166
identity_r1,match,10000,0.928,166
identity_r1,match,10000,0.929,166
identity_r1,match,10000,0.93,167
identity_r1,match,10000,0.931,167
identity_r1,match,10000,0.932,167
identity_r1,match,10000,0.933,167
identity_r1,match,10000,0.934,167
identity_r1,match,10000,0.935,167
identity_r1,match,10000,0.936,167
identity_r1,match,10000,0.937,167
identity_r1,match,10000,0.938,167
identity_r1,match,10000,0.939,167
identity_r1,match,10000,0.94,167
identity_r1,match,10000,0.941,167
identity_r1,match,10000,0.942,167
identity_r1,match,10000,0.943,167
identity_r1,match,10000,0.944,208
identity_r1,match,10000,0.945,208
identity_r1,match,10000,0.946,208
identity_r1,match,10000,0.947,208
identity_r1,match,10000,0.948,208
identity_r1,match,10000,0.949,208
identity_r1,match,10000,0.95,208
identity_r1,match,10000,0.951,208
identity_r1,match,10000,0.952,208
identity_r1,match,10000,0.953,208
identity_r1,match,10000,0.954,208
identity_r1,match,10000,0.955,208
identity_r1,match,10000,0.956,208
identity_r1,match,10000,0.957,208
identity_r1,match,10000,0.958,208
identity_r1,match,10000,0.959,209
identity_r1,match,10000,0.96,209
identity_r1,match,10000,0.961,209
identity_r1,match,10000,0.962,209
identity_r1,match,10000,0.963,209
identity_r1,match,10000,0.964,209
identity_r1,match,10000,0.965,209
identity_r1,match,10000,0.966,250
identity_r1,match,10000,0.967,250
identity_r1,match,10000,0.968,250
identity_r1,match,10000,0.969,250
identity_r1,match,10000,0.97,250
identity_r1,match,10000,0.971,250
identity_r1,match,10000,0.972,250
identity_r1,match,10000,0.973,250
identity_r1,match,10000,0.974,250
identity_r1,match,10000,0.975,250
identity_r1,match,10000,0.976,250
identity_r1,match,10000,0.977,291
identity_r1,match,10000,0.978,291
identity_r1,match,10000,0.979,292
identity_r1,match,10000,0.98,292
identity_r1,match,10000,0.981,292
identity_r1,match,10000,0.982,333
identity_r1,match,10000,0.983,333
identity_r1,match,10000,0.984,333
identity_r1,match,10000,0.985,333
identity_r1,match,10000,0.986,334
identity_r1,match,10000,0.987,375
identity_r1,match,10000,0.988,375
identity_r1,match,10000,0.989,375
identity_r1,match,10000,0.99,375
identity_r1,match,10000,0.991,416
identity_r1,match,10000,0.992,417
identity_r1,match,10000,0.993,458
identity_r1,match,10000,0.994,459
identity_r1,match,10000,0.995,500
identity_r1,match,10000,0.996,542
identity_r1,match,10000,0.997,625
identity_r1,match,10000,0.998,708
identity_r1,match,10000,0.999,1250
identity_r1,add,100000,0,0
identity_r1,add,100000,0.001,41
identity_r1,add,100000,0.002,41
identity_r1,add,100000,0.003,41
identity_r1,add,100000,0.004,41
identity_r1,add,100000,0.005,41
identity_r1,add,100000,0.006,41
identity_r1,add,100000,0.007,41
identity_r1,add,100000,0.008,41
identity_r1,add,100000,0.009,41
identity_r1,add,100000,0.01,42
identity_r1,add,100000,0.011,42
identity_r1,add,100000,0.012,42
identity_r1,add,100000,0.013,42
identity_r1,add,100000,0.014,42
identity_r1,add,100000,0.015,42
identity_r1,add,100000,0.016,42
identity_r1,add,100000,0.017,42
identity_r1,add,100000,0.018,42
identity_r1,add,100000,0.019,42
identity_r1,add,100000,0.02,42
identity_r1,add,100000,0.021,42
identity_r1,add,100000,0.022,42
identity_r1,add,100000,0.023,42
identity_r1,add,100000,0.024,42
identity_r1,add,100000,0.025,42
identity_r1,add,100000,0.026,42
identity_r1,add,100000,0.027,42
identity_r1,add,100000,0.028,83
identity_r1,add,100000,0.029,83
identity_r1,add,100000,0.03,83
identity_r1,add,100000,0.031,83
identity_r1,add,100000,0.032,83
identity_r1,add,100000,0.033,83
identity_r1,add,100000,0.034,83
identity_r1,add,100000,0.035,83
identity_r1,add,100000,0.036,83
identity_r1,add,100000,0.037,83
identity_r1,add,100000,0.038,83
identity_r1,add,100000,0.039,83
identity_r1,add,100000,0.04,83
identity_r1,add,100000,0.041,83
identity_r1,add,100000,0.042,83
identity_r1,add,100000,0.043,83
identity_r1,add,100000,0.044,83
identity_r1,add,100000,0.045,83
identity_r1,add,100000,0.046,83
identity_r1,add,100000,0.047,83
identity_r1,add,100000,0.048,83
identity_r1,add,100000,0.049,83
identity_r1,add,100000,0.05,83
identity_r1,add,100000,0.051,83
identity_r1,add,100000,0.052,83
identity_r1,add,100000,0.053,83
identity_r1,add,100000,0.054,83
identity_r1,add,100000,0.055,83
identity_r1,add,100000,0.056,83
identity_r1,add,100000,0.057,83
identity_r1,add,100000,0.058,83
identity_r1,add,100000,0.059,83
identity_r1,add,100000,0.06,83
identity_r1,add,100000,0.061,83
identity_r1,add,100000,0.062,83
identity_r1,add,100000,0.063,83
identity_r1,add,100000,0.064,83
identity_r1,add,100000,0.065,83
identity_r1,add,100000,0.066,83
identity_r1,add,100000,0.067,83
identity_r1,add,100000,0.068,83
identity_r1,add,100000,0.069,83
identity_r1,add,100000,0.07,83
identity_r1,add,100000,0.071,83
identity_r1,add,100000,0.072,83
identity_r1,add,100000,0.073,83
identity_r1,add,100000,0.074,83
identity_r1,add,100000,0.075,83
identity_r1,add,100000,0.076,83
identity_r1,add,100000,0.077,83
identity_r1,add,100000,0.078,83
identity_r1,add,100000,0.079,83
identity_r1,add,100000,0.08,83
identity_r1,add,100000,0.081,83
identity_r1,add,100000,0.082,83
identity_r1,add,100000,0.083,83
identity_r1,add,100000,0.084,83
identity_r1,add,100000,0.085,83
identity_r1,add,100000,0.086,83
identity_r1,add,100000,0.087,83
identity_r1,add,100000,0.088,83
identity_r1,add,100000,0.089,83
identity_r1,add,100000,0.09,83
identity_r1,add,100000,0.091,83
identity_r1,add,100000,0.092,83
identity_r1,add,100000,0.093,83
identity_r1,add,100000,0.094,83
identity_r1,add,100000,0.095,83
identity_r1,add,100000,0.096,84
identity_r1,add,100000,0.097,84
identity_r1,add,100000,0.098,84
identity_r1,add,100000,0.099,84
identity_r1,add,100000,0.1,84
identity_r1,add,100000,0.101,84
identity_r1,add,100000,0.102,84
identity_r1,add,100000,0.103,84
identity_r1,add,100000,0.104,84
identity_r1,add,100000,0.105,84
identity_r1,add,100000,0.106,84
identity_r1,add,100000,0.107,84
identity_r1,add,100000,0.108,84
identity_r1,add,100000,0.109,84
identity_r1,add,100000,0.11,84
identity_r1,add,100000,0.111,84
identity_r1,add,100000,0.112,84
identity_r1,add,100000,0.113,84
identity_r1,add,100000,0.114,84
identity_r1,add,100000,0.115,84
identity_r1,add,100000,0.116,84
identity_r1,add,100000,0.117,84
identity_r1,add,100000,0.118,84
identity_r1,add,100000,0.119,84
identity_r1,add,100000,0.12,84
identity_r1,add,100000,0.121,84
identity_r1,add,100000,0.122,84
identity_r1,add,100000,0.123,84
identity_r1,add,100000,0.124,84
identity_r1,add,100000,0.125,84
identity_r1,add,100000,0.126,84
identity_r1,add,100000,0.127,84
identity_r1,add,100000,0.128,84
identity_r1,add,100000,0.129,84
identity_r1,add,100000,0.13,125
identity_r1,add,100000,0.131,125
identity_r1,add,100000,0.132,125
identity_r1,add,100000,0.133,125
identity_r1,add,100000,0.134,125
identity_r1,add,100000,0.135,125
identity_r1,add,100000,0.136,125
identity_r1,add,100000,0.137,125
identity_r1,add,100000,0.138,125
identity_r1,add,100000,0.139,125
identity_r1,add,100000,0.14,125
identity_r1,add,100000,0.141,125
identity_r1,add,100000,0.142,125
identity_r1,add,100000,0.143,125
identity_r1,add,100000,0.144,125
identity_r1,add,100000,0.145,125
identity_r1,add,100000,0.146,125
identity_r1,add,100000,0.147,125
identity_r1,add,100000,0.148,125
identity_r1,add,100000,0.149,125
identity_r1,add,100000,0.15,125
identity_r1,add,100000,0.151,125
identity_r1,add,100000,0.152,125
identity_r1,add,100000,0.153,125
identity_r1,add,100000,0.154,125
identity_r1,add,100000,0.155,125
identity_r1,add,100000,0.156,125
identity_r1,add,100000,0.157,125
identity_r1,add,100000,0.158,125
identity_r1,add,100000,0.159,125
identity_r1,add,100000,0.16,125
identity_r1,add,100000,0.161,125
identity_r1,add,100000,0.162,125
identity_r1,add,100000,0.163,125
identity_r1,add,100000,0.164,125
identity_r1,add,100000,0.165,125
identity_r1,add,100000,0.166,125
identity_r1,add,100000,0.167,125
identity_r1,add,100000,0.168,125
identity_r1,add,100000,0.169,125
identity_r1,add,100000,0.17,125
identity_r1,add,100000,0.171,125
identity_r1,add,100000,0.172,125
identity_r1,add,100000,0.173,125
identity_r1,add,100000,0.174,125
identity_r1,add,100000,0.175,125
identity_r1,add,100000,0.176,125
identity_r1,add,100000,0.177,125
identity_r1,add,100000,0.178,125
identity_r1,add,100000,0.179,125
identity_r1,add,100000,0.18,125
identity_r1,add,100000,0.181,125
identity_r1,add,100000,0.182,125
identity_r1,add,100000,0.183,125
identity_r1,add,100000,0.184,125
identity_r1,add,100000,0.185,125
identity_r1,add,100000,0.186,125
identity_r1,add,100000,0.187,125
identity_r1,add,100000,0.188,125
identity_r1,add,100000,0.189,125
identity_r1,add,100000,0.19,125
identity_r1,add,100000,0.191,125
identity_r1,add,100000,0.192,125
identity_r1,add,100000,0.193,125
identity_r1,add,100000,0.194,125
identity_r1,add,100000,0.195,125
identity_r1,add,100000,0.196,125
identity_r1,add,100000,0.197,125
identity_r1,add,100000,0.198,125
identity_r1,add,100000,0.199,125
identity_r1,add,100000,0.2,125
identity_r1,add,100000,0.201,125
identity_r1,add,100000,0.202,125
identity_r1,add,100000,0.203,125
identity_r1,add,100000,0.204,125
identity_r1,add,100000,0.205,125
identity_r1,add,100000,0.206,125
identity_r1,add,100000,0.207,125
identity_r1,add,100000,0.208,125
identity_r1,add,100000,0.209,125
identity_r1,add,100000,0.21,125
identity_r1,add,100000,0.211,125
identity_r1,add,100000,0.212,125
identity_r1,add,100000,0.213,125
identity_r1,add,100000,0.214,125
identity_r1,add,100000,0.215,125
identity_r1,add,100000,0.216,125
identity_r1,add,100000,0.217,125
identity_r1,add,100000,0.218,125
identity_r1,add,100000,0.219,125
identity_r1,add,100000,0.22,125
identity_r1,add,100000,0.221,125
identity_r1,add,100000,0.222,125
identity_r1,add,100000,0.223,125
identity_r1,add,100000,0.224,125
identity_r1,add,100000,0.225,125
identity_r1,add,100000,0.226,125
identity_r1,add,100000,0.227,125
identity_r1,add,100000,0.228,125
identity_r1,add,100000,0.229,125
identity_r1,add,100000,0.23,125
identity_r1,add,100000,0.231,125
identity_r1,add,100000,0.232,125
identity_r1,add,100000,0.233,125
identity_r1,add,100000,0.234,125
identity_r1,add,100000,0.235,125
identity_r1,add,100000,0.236,125
identity_r1,add,100000,0.237,125
identity_r1,add,100000,0.238,125
identity_r1,add,100000,0.239,125
identity_r1,add,100000,0.24,125
identity_r1,add,100000,0.241,125
identity_r1,add,100000,0.242,125
identity_r1,add,100000,0.243,125
identity_r1,add,100000,0.244,125
identity_r1,add,100000,0.245,125
identity_r1,add,100000,0.246,125
identity_r1,add,100000,0.247,125
identity_r1,add,100000,0.248,125
identity_r1,add,100000,0.249,125
identity_r1,add,100000,0.25,125
identity_r1,add,100000,0.251,125
identity_r1,add,100000,0.252,125
identity_r1,add,100000,0.253,125
identity_r1,add,100000,0.254,125
identity_r1,add,100000,0.255,125
identity_r1,add,100000,0.256,125
identity_r1,add,100000,0.257,125
identity_r1,add,100000,0.258,125
identity_r1,add,100000,0.259,125
identity_r1,add,100000,0.26,125
identity_r1,add,100000,0.261,125
identity_r1,add,100000,0.262,125
identity_r1,add,100000,0.263,125
identity_r1,add,100000,0.264,125
identity_r1,add,100000,0.265,125
identity_r1,add,100000,0.266,125
identity_r1,add,100000,0.267,125
identity_r1,add,100000,0.268,125
identity_r1,add,100000,0.269,125
identity_r1,add,100000,0.27,125
identity_r1,add,100000,0.271,125
identity_r1,add,100000,0.272,125
identity_r1,add,100000,0.273,125
identity_r1,add,100000,0.274,125
identity_r1,add,100000,0.275,125
identity_r1,add,100000,0.276,125
identity_r1,add,100000,0.277,125
identity_r1,add,100000,0.278,125
identity_r1,add,100000,0.279,125
identity_r1,add,100000,0.28,125
identity_r1,add,100000,0.281,125
identity_r1,add,100000,0.282,125
identity_r1,add,100000,0.283,125
identity_r1,add,100000,0.284,125
identity_r1,add,100000,0.285,125
identity_r1,add,100000,0.286,125
identity_r1,add,100000,0.287,125
identity_r1,add,100000,0.288,125
identity_r1,add,100000,0.289,125
identity_r1,add,100000,0.29,125
identity_r1,add,100000,0.291,125
identity_r1,add,100000,0.292,125
identity_r1,add,100000,0.293,125
identity_r1,add,100000,0.294,125
identity_r1,add,100000,0.295,125
identity_r1,add,100000,0.296,125
identity_r1,add,100000,0.297,125
identity_r1,add,100000,0.298,125
identity_r1,add,100000,0.299,125
identity_r1,add,100000,0.3,125
identity_r1,add,100000,0.301,125
identity_r1,add,100000,0.302,125
identity_r1,add,100000,0.303,125
identity_r1,add,100000,0.304,125
identity_r1,add,100000,0.305,125
identity_r1,add,100000,0.306,125
identity_r1,add,100000,0.307,125
identity_r1,add,100000,0.308,125
identity_r1,add,100000,0.309,125
identity_r1,add,100000,0.31,125
identity_r1,add,100000,0.311,125
identity_r1,add,100000,0.312,125
identity_r1,add,100000,0.313,125
identity_r1,add,100000,0.314,125
identity_r1,add,100000,0.315,125
identity_r1,add,100000,0.316,125
identity_r1,add,100000,0.317,125
identity_r1,add,100000,0.318,125
identity_r1,add,100000,0.319,125
identity_r1,add,100000,0.32,125
identity_r1,add,100000,0.321,125
identity_r1,add,100000,0.322,125
identity_r1,add,100000,0.323,125
identity_r1,add,100000,0.324,125
identity_r1,add,100000,0.325,125
identity_r1,add,100000,0.326,125
identity_r1,add,100000,0.327,125
identity_r1,add,100000,0.328,125
identity_r1,add,100000,0.329,125
identity_r1,add,100000,0.33,125
identity_r1,add,100000,0.331,125
identity_r1,add,100000,0.332,125
identity_r1,add,100000,0.333,125
identity_r1,add,100000,0.334,125
identity_r1,add,100000,0.335,125
identity_r1,add,100000,0.336,125
identity_r1,add,100000,0.337,125
identity_r1,add,100000,0.338,125
identity_r1,add,100000,0.339,125
identity_r1,add,100000,0.34,125
identity_r1,add,100000,0.341,125
identity_r1,add,100000,0.342,125
identity_r1,add,100000,0.343,125
identity_r1,add,100000,0.344,125
identity_r1,add,100000,0.345,125
identity_r1,add,100000,0.346,125
identity_r1,add,100000,0.347,125
identity_r1,add,100000,0.348,125
identity_r1,add,100000,0.349,125
identity_r1,add,100000,0.35,125
identity_r1,add,100000,0.351,125
identity_r1,add,100000,0.352,125
identity_r1,add,100000,0.353,125
identity_r1,add,100000,0.354,125
identity_r1,add,100000,0.355,125
identity_r1,add,100000,0.356,125
identity_r1,add,100000,0.357,125
identity_r1,add,100000,0.358,125
identity_r1,add,100000,0.359,125
identity_r1,add,100000,0.36,125
identity_r1,add,100000,0.361,125
identity_r1,add,100000,0.362,125
identity_r1,add,100000,0.363,125
identity_r1,add,100000,0.364,125
identity_r1,add,100000,0.365,125
identity_r1,add,100000,0.366,125
identity_r1,add,100000,0.367,125
identity_r1,add,100000,0.368,125
identity_r1,add,100000,0.369,125
identity_r1,add,100000,0.37,125
identity_r1,add,100000,0.371,125
identity_r1,add,100000,0.372,125
identity_r1,add,100000,0.373,125
identity_r1,add,100000,0.374,125
identity_r1,add,100000,0.375,125
identity_r1,add,100000,0.376,125
identity_r1,add,100000,0.377,125
identity_r1,add,100000,0.378,125
identity_r1,add,100000,0.379,125
identity_r1,add,100000,0.38,125
identity_r1,add,100000,0.381,125
identity_r1,add,100000,0.382,125
identity_r1,add,100000,0.383,125
identity_r1,add,100000,0.384,125
identity_r1,add,100000,0.385,125
identity_r1,add,100000,0.386,125
identity_r1,add,100000,0.387,125
identity_r1,add,100000,0.388,125
identity_r1,add,100000,0.389,125
identity_r1,add,100000,0.39,125
identity_r1,add,100000,0.391,125
identity_r1,add,100000,0.392,125
identity_r1,add,100000,0.393,125
identity_r1,add,100000,0.394,125
identity_r1,add,100000,0.395,125
identity_r1,add,100000,0.396,125
identity_r1,add,100000,0.397,125
identity_r1,add,100000,0.398,125
identity_r1,add,100000,0.399,125
identity_r1,add,100000,0.4,125
identity_r1,add,100000,0.401,125
identity_r1,add,100000,0.402,125
identity_r1,add,100000,0.403,125
identity_r1,add,100000,0.404,125
identity_r1,add,100000,0.405,125
identity_r1,add,100000,0.406,125
identity_r1,add,100000,0.407,125
identity_r1,add,100000,0.408,125
identity_r1,add,100000,0.409,125
identity_r1,add,100000,0.41,125
identity_r1,add,100000,0.411,125
identity_r1,add,100000,0.412,125
identity_r1,add,100000,0.413,125
identity_r1,add,100000,0.414,125
identity_r1,add,100000,0.415,125
identity_r1,add,100000,0.416,125
identity_r1,add,100000,0.417,125
identity_r1,add,100000,0.418,125
identity_r1,add,100000,0.419,125
identity_r1,add,100000,0.42,125
identity_r1,add,100000,0.421,125
identity_r1,add,100000,0.422,125
identity_r1,add,100000,0.423,125
identity_r1,add,100000,0.424,125
identity_r1,add,100000,0.425,125
identity_r1,add,100000,0.426,125
identity_r1,add,100000,0.427,125
identity_r1,add,100000,0.428,125
identity_r1,add,100000,0.429,125
identity_r1,add,100000,0.43,125
identity_r1,add,100000,0.431,125
identity_r1,add,100000,0.432,125
identity_r1,add,100000,0.433,125
identity_r1,add,100000,0.434,125
identity_r1,add,100000,0.435,125
identity_r1,add,100000,0.436,125
identity_r1,add,100000,0.437,125
identity_r1,add,100000,0.438,125
identity_r1,add,100000,0.439,125
identity_r1,add,100000,0.44,125
identity_r1,add,100000,0.441,125
identity_r1,add,100000,0.442,125
identity_r1,add,100000,0.443,125
identity_r1,add,100000,0.444,125
identity_r1,add,100000,0.445,125
identity_r1,add,100000,0.446,125
identity_r1,add,100000,0.447,125
identity_r1,add,100000,0.448,125
identity_r1,add,100000,0.449,125
identity_r1,add,100000,0.45,125
identity_r1,add,100000,0.451,125
identity_r1,add,100000,0.452,125
identity_r1,add,100000,0.453,125
identity_r1,add,100000,0.454,125
identity_r1,add,100000,0.455,125
identity_r1,add,100000,0.456,125
identity_r1,add,100000,0.457,125
identity_r1,add,100000,0.458,125
identity_r1,add,100000,0.459,125
identity_r1,add,100000,0.46,125
identity_r1,add,100000,0.461,125
identity_r1,add,100000,0.462,125
identity_r1,add,100000,0.463,125
identity_r1,add,100000,0.464,125
identity_r1,add,100000,0.465,125
identity_r1,add,100000,0.466,125
identity_r1,add,100000,0.467,125
identity_r1,add,100000,0.468,125
identity_r1,add,100000,0.469,125
identity_r1,add,100000,0.47,125
identity_r1,add,100000,0.471,125
identity_r1,add,100000,0.472,125
identity_r1,add,100000,0.473,125
identity_r1,add,100000,0.474,125
identity_r1,add,100000,0.475,125
identity_r1,add,100000,0.476,125
identity_r1,add,100000,0.477,125
identity_r1,add,100000,0.478,125
identity_r1,add,100000,0.479,125
identity_r1,add,100000,0.48,125
identity_r1,add,100000,0.481,125
identity_r1,add,100000,0.482,125
identity_r1,add,100000,0.483,125
identity_r1,add,100000,0.484,125
identity_r1,add,100000,0.485,125
identity_r1,add,100000,0.486,125
identity_r1,add,100000,0.487,125
identity_r1,add,100000,0.488,125
identity_r1,add,100000,0.489,125
identity_r1,add,100000,0.49,125
identity_r1,add,100000,0.491,125
identity_r1,add,100000,0.492,125
identity_r1,add,100000,0.493,125
identity_r1,add,100000,0.494,125
identity_r1,add,100000,0.495,125
identity_r1,add,100000,0.496,125
identity_r1,add,100000,0.497,125
identity_r1,add,100000,0.498,125
identity_r1,add,100000,0.499,125
identity_r1,add,100000,0.5,125
identity_r1,add,100000,0.501,125
identity_r1,add,100000,0.502,125
identity_r1,add,100000,0.503,125
identity_r1,add,100000,0.504,125
identity_r1,add,100000,0.505,125
identity_r1,add,100000,0.506,125
identity_r1,add,100000,0.507,125
identity_r1,add,100000,0.508,125
identity_r1,add,100000,0.509,125
identity_r1,add,100000,0.51,125
identity_r1,add,100000,0.511,125
identity_r1,add,100000,0.512,125
identity_r1,add,100000,0.513,125
identity_r1,add,100000,0.514,125
identity_r1,add,100000,0.515,125
identity_r1,add,100000,0.516,125
identity_r1,add,100000,0.517,125
identity_r1,add,100000,0.518,125
identity_r1,add,100000,0.519,125
identity_r1,add,100000,0.52,125
identity_r1,add,100000,0.521,125
identity_r1,add,100000,0.522,125
identity_r1,add,100000,0.523,125
identity_r1,add,100000,0.524,125
identity_r1,add,100000,0.525,125
identity_r1,add,100000,0.526,166
identity_r1,add,100000,0.527,166
identity_r1,add,100000,0.528,166
identity_r1,add,100000,0.529,166
identity_r1,add,100000,0.53,166
identity_r1,add,100000,0.531,166
identity_r1,add,100000,0.532,166
identity_r1,add,100000,0.533,166
identity_r1,add,100000,0.534,166
identity_r1,add,100000,0.535,166
identity_r1,add,100000,0.536,166
identity_r1,add,100000,0.537,166
identity_r1,add,100000,0.538,166
identity_r1,add,100000,0.539,166
identity_r1,add,100000,0.54,166
identity_r1,add,100000,0.541,166
identity_r1,add,100000,0.542,166
identity_r1,add,100000,0.543,166
identity_r1,add,100000,0.544,166
identity_r1,add,100000,0.545,166
identity_r1,add,100000,0.546,166
identity_r1,add,100000,0.547,166
identity_r1,add,100000,0.548,166
identity_r1,add,100000,0.549,166
identity_r1,add,100000,0.55,166
identity_r1,add,100000,0.551,166
identity_r1,add,100000,0.552,166
identity_r1,add,100000,0.553,166
identity_r1,add,100000,0.554,166
identity_r1,add,100000,0.555,166
identity_r1,add,100000,0.556,166
identity_r1,add,100000,0.557,166
identity_r1,add,100000,0.558,166
identity_r1,add,100000,0.559,166
identity_r1,add,100000,0.56,166
identity_r1,add,100000,0.561,166
identity_r1,add,100000,0.562,166
identity_r1,add,100000,0.563,166
identity_r1,add,100000,0.564,166
identity_r1,add,100000,0.565,166
identity_r1,add,100000,0.566,166
identity_r1,add,100000,0.567,166
identity_r1,add,100000,0.568,166
identity_r1,add,100000,0.569,166
identity_r1,add,100000,0.57,166
identity_r1,add,100000,0.571,166
identity_r1,add,100000,0.572,166
identity_r1,add,100000,0.573,166
identity_r1,add,100000,0.574,166
identity_r1,add,100000,0.575,166
identity_r1,add,100000,0.576,166
identity_r1,add,100000,0.577,166
identity_r1,add,100000,0.578,166
identity_r1,add,100000,0.579,166
identity_r1,add,100000,0.58,166
identity_r1,add,100000,0.581,166
identity_r1,add,100000,0.582,166
identity_r1,add,100000,0.583,166
identity_r1,add,100000,0.584,166
identity_r1,add,100000,0.585,166
identity_r1,add,100000,0.586,166
identity_r1,add,100000,0.587,166
identity_r1,add,100000,0.588,166
identity_r1,add,100000,0.589,166
identity_r1,add,100000,0.59,166
identity_r1,add,100000,0.591,166
identity_r1,add,100000,0.592,166
identity_r1,add,100000,0.593,166
identity_r1,add,100000,0.594,166
identity_r1,add,100000,0.595,166
identity_r1,add,100000,0.596,166
identity_r1,add,100000,0.597,166
identity_r1,add,100000,0.598,166
identity_r1,add,100000,0.599,166
identity_r1,add,100000,0.6,166
identity_r1,add,100000,0.601,166
identity_r1,add,100000,0.602,166
identity_r1,add,100000,0.603,166
identity_r1,add,100000,0.604,166
identity_r1,add,100000,0.605,166
identity_r1,add,100000,0.606,166
identity_r1,add,100000,0.607,166
identity_r1,add,100000,0.608,166
identity_r1,add,100000,0.609,166
identity_r1,add,100000,0.61,166
identity_r1,add,100000,0.611,166
identity_r1,add,100000,0.612,166
identity_r1,add,100000,0.613,166
identity_r1,add,100000,0.614,166
identity_r1,add,100000,0.615,166
identity_r1,add,100000,0.616,166
identity_r1,add,100000,0.617,166
identity_r1,add,100000,0.618,166
identity_r1,add,100000,0.619,166
identity_r1,add,100000,0.62,166
identity_r1,add,100000,0.621,166
identity_r1,add,100000,0.622,166
identity_r1,add,100000,0.623,166
identity_r1,add,100000,0.624,166
identity_r1,add,100000,0.625,166
identity_r1,add,100000,0.626,166
identity_r1,add,100000,0.627,166
identity_r1,add,100000,0.628,166
identity_r1,add,100000,0.629,166
identity_r1,add,100000,0.63,166
identity_r1,add,100000,0.631,166
identity_r1,add,100000,0.632,166
identity_r1,add,100000,0.633,166
identity_r1,add,100000,0.634,166
identity_r1,add,100000,0.635,166
identity_r1,add,100000,0.636,166
identity_r1,add,100000,0.637,166
identity_r1,add,100000,0.638,166
identity_r1,add,100000,0.639,166
identity_r1,add,100000,0.64,166
identity_r1,add,100000,0.641,166
identity_r1,add,100000,0.642,166
identity_r1,add,100000,0.643,166
identity_r1,add,100000,0.644,166
identity_r1,add,100000,0.645,166
identity_r1,add,100000,0.646,166
identity_r1,add,100000,0.647,166
identity_r1,add,100000,0.648,166
identity_r1,add,100000,0.649,166
identity_r1,add,100000,0.65,167
identity_r1,add,100000,0.651,167
identity_r1,add,100000,0.652,167
identity_r1,add,100000,0.653,167
identity_r1,add,100000,0.654,167
identity_r1,add,100000,0.655,167
identity_r1,add,100000,0.656,167
identity_r1,add,100000,0.657,167
identity_r1,add,100000,0.658,167
identity_r1,add,100000,0.659,167
identity_r1,add,100000,0.66,167
identity_r1,add,100000,0.661,167
identity_r1,add,100000,0.662,167
identity_r1,add,100000,0.663,167
identity_r1,add,100000,0.664,167
identity_r1,add,100000,0.665,167
identity_r1,add,100000,0.666,167
identity_r1,add,100000,0.667,167
identity_r1,add,100000,0.668,167
identity_r1,add,100000,0.669,167
identity_r1,add,100000,0.67,167
identity_r1,add,100000,0.671,167
identity_r1,add,100000,0.672,167
identity_r1,add,100000,0.673,167
identity_r1,add,100000,0.674,167
identity_r1,add,100000,0.675,167
identity_r1,add,100000,0.676,167
identity_r1,add,100000,0.677,167
identity_r1,add,100000,0.678,167
identity_r1,add,100000,0.679,167
identity_r1,add,100000,0.68,167
identity_r1,add,100000,0.681,167
identity_r1,add,100000,0.682,167
identity_r1,add,100000,0.683,167
identity_r1,add,100000,0.684,167
identity_r1,add,100000,0.685,167
identity_r1,add,100000,0.686,167
identity_r1,add,100000,0.687,167
identity_r1,add,100000,0.688,167
identity_r1,add,100000,0.689,167
identity_r1,add,100000,0.69,167
identity_r1,add,100000,0.691,167
identity_r1,add,100000,0.692,167
identity_r1,add,100000,0.693,167
identity_r1,add,100000,0.694,167
identity_r1,add,100000,0.695,167
identity_r1,add,100000,0.696,167
identity_r1,add,100000,0.697,167
identity_r1,add,100000,0.698,167
identity_r1,add,100000,0.699,167
identity_r1,add,100000,0.7,167
identity_r1,add,100000,0.701,167
identity_r1,add,100000,0.702,167
identity_r1,add,100000,0.703,167
identity_r1,add,100000,0.704,167
identity_r1,add,100000,0.705,167
identity_r1,add,100000,0.706,167
identity_r1,add,100000,0.707,167
identity_r1,add,100000,0.708,167
identity_r1,add,100000,0.709,167
identity_r1,add,100000,0.71,167
identity_r1,add,100000,0.711,167
identity_r1,add,100000,0.712,167
identity_r1,add,100000,0.713,167
identity_r1,add,100000,0.714,167
identity_r1,add,100000,0.715,167
identity_r1,add,100000,0.716,167
identity_r1,add,100000,0.717,167
identity_r1,add,100000,0.718,167
identity_r1,add,100000,0.719,167
identity_r1,add,100000,0.72,167
identity_r1,add,100000,0.721,167
identity_r1,add,100000,0.722,167
identity_r1,add,100000,0.723,167
identity_r1,add,100000,0.724,167
identity_r1,add,100000,0.725,167
identity_r1,add,100000,0.726,167
identity_r1,add,100000,0.727,167
identity_r1,add,100000,0.728,167
identity_r1,add,100000,0.729,167
identity_r1,add,100000,0.73,167
identity_r1,add,100000,0.731,167
identity_r1,add,100000,0.732,167
identity_r1,add,100000,0.733,167
identity_r1,add,100000,0.734,167
identity_r1,add,100000,0.735,167
identity_r1,add,100000,0.736,167
identity_r1,add,100000,0.737,167
identity_r1,add,100000,0.738,167
identity_r1,add,100000,0.739,167
identity_r1,add,100000,0.74,167
identity_r1,add,100000,0.741,167
identity_r1,add,100000,0.742,167
identity_r1,add,100000,0.743,167
identity_r1,add,100000,0.744,167
identity_r1,add,100000,0.745,167
identity_r1,add,100000,0.746,167
identity_r1,add,100000,0.747,167
identity_r1,add,100000,0.748,167
identity_r1,add,100000,0.749,167
identity_r1,add,100000,0.75,167
identity_r1,add,100000,0.751,167
identity_r1,add,100000,0.752,167
identity_r1,add,100000,0.753,167
identity_r1,add,100000,0.754,167
identity_r1,add,100000,0.755,167
identity_r1,add,100000,0.756,167
identity_r1,add,100000,0.757,167
identity_r1,add,100000,0.758,167
identity_r1,add,100000,0.759,167
identity_r1,add,100000,0.76,167
identity_r1,add,100000,0.761,167
identity_r1,add,100000,0.762,167
identity_r1,add,100000,0.763,167
identity_r1,add,100000,0.764,167
identity_r1,add,100000,0.765,167
identity_r1,add,100000,0.766,167
identity_r1,add,100000,0.767,167
identity_r1,add,100000,0.768,167
identity_r1,add,100000,0.769,167
identity_r1,add,100000,0.77,167
identity_r1,add,100000,0.771,167
identity_r1,add,100000,0.772,167
identity_r1,add,100000,0.773,167
identity_r1,add,100000,0.774,167
identity_r1,add,100000,0.775,167
identity_r1,add,100000,0.776,167
identity_r1,add,100000,0.777,167
identity_r1,add,100000,0.778,167
identity_r1,add,100000,0.779,167
identity_r1,add,100000,0.78,167
identity_r1,add,100000,0.781,167
identity_r1,add,100000,0.782,167
identity_r1,add,100000,0.783,167
identity_r1,add,100000,0.784,167
identity_r1,add,100000,0.785,167
identity_r1,add,100000,0.786,167
identity_r1,add,100000,0.787,167
identity_r1,add,100000,0.788,167
identity_r1,add,100000,0.789,167
identity_r1,add,100000,0.79,167
identity_r1,add,100000,0.791,167
identity_r1,add,100000,0.792,167
identity_r1,add,100000,0.793,167
identity_r1,add,100000,0.794,167
identity_r1,add,100000,0.795,167
identity_r1,add,100000,0.796,167
identity_r1,add,100000,0.797,167
identity_r1,add,100000,0.798,167
identity_r1,add,100000,0.799,167
identity_r1,add,100000,0.8,167
identity_r1,add,100000,0.801,167
identity_r1,add,100000,0.802,167
identity_r1,add,100000,0.803,167
identity_r1,add,100000,0.804,167
identity_r1,add,100000,0.805,167
identity_r1,add,100000,0.806,167
identity_r1,add,100000,0.807,167
identity_r1,add,100000,0.808,167
identity_r1,add,100000,0.809,167
identity_r1,add,100000,0.81,167
identity_r1,add,100000,0.811,167
identity_r1,add,100000,0.812,167
identity_r1,add,100000,0.813,167
identity_r1,add,100000,0.814,167
identity_r1,add,100000,0.815,167
identity_r1,add,100000,0.816,167
identity_r1,add,100000,0.817,167
identity_r1,add,100000,0.818,167
identity_r1,add,100000,0.819,167
identity_r1,add,100000,0.82,167
identity_r1,add,100000,0.821,167
identity_r1,add,100000,0.822,167
identity_r1,add,100000,0.823,167
identity_r1,add,100000,0.824,167
identity_r1,add,100000,0.825,167
identity_r1,add,100000,0.826,167
identity_r1,add,100000,0.827,167
identity_r1,add,100000,0.828,167
identity_r1,add,100000,0.829,167
identity_r1,add,100000,0.83,167
identity_r1,add,100000,0.831,167
identity_r1,add,100000,0.832,167
identity_r1,add,100000,0.833,167
identity_r1,add,100000,0.834,167
identity_r1,add,100000,0.835,167
identity_r1,add,100000,0.836,167
identity_r1,add,100000,0.837,167
identity_r1,add,100000,0.838,167
identity_r1,add,100000,0.839,167
identity_r1,add,100000,0.84,167
identity_r1,add,100000,0.841,167
identity_r1,add,100000,0.842,167
identity_r1,add,100000,0.843,167
identity_r1,add,100000,0.844,167
identity_r1,add,100000,0.845,167
identity_r1,add,100000,0.846,167
identity_r1,add,100000,0.847,167
identity_r1,add,100000,0.848,167
identity_r1,add,100000,0.849,167
identity_r1,add,100000,0.85,167
identity_r1,add,100000,0.851,167
identity_r1,add,100000,0.852,167
identity_r1,add,100000,0.853,167
identity_r1,add,100000,0.854,167
identity_r1,add,100000,0.855,167
identity_r1,add,100000,0.856,167
identity_r1,add,100000,0.857,167
identity_r1,add,100000,0.858,167
identity_r1,add,100000,0.859,167
identity_r1,add,100000,0.86,167
identity_r1,add,100000,0.861,167
identity_r1,add,100000,0.862,167
identity_r1,add,100000,0.863,167
identity_r1,add,100000,0.864,167
identity_r1,add,100000,0.865,167
identity_r1,add,100000,0.866,167
identity_r1,add,100000,0.867,167
identity_r1,add,100000,0.868,167
identity_r1,add,100000,0.869,167
identity_r1,add,100000,0.87,167
identity_r1,add,100000,0.871,167
identity_r1,add,100000,0.872,167
identity_r1,add,100000,0.873,167
identity_r1,add,100000,0.874,167
identity_r1,add,100000,0.875,167
identity_r1,add,100000,0.876,167
identity_r1,add,100000,0.877,167
identity_r1,add,100000,0.878,167
identity_r1,add,100000,0.879,167
identity_r1,add,100000,0.88,167
identity_r1,add,100000,0.881,167
identity_r1,add,100000,0.882,167
identity_r1,add,100000,0.883,167
identity_r1,add,100000,0.884,167
identity_r1,add,100000,0.885,167
identity_r1,add,100000,0.886,167
identity_r1,add,100000,0.887,167
identity_r1,add,100000,0.888,167
identity_r1,add,100000,0.889,167
identity_r1,add,100000,0.89,167
identity_r1,add,100000,0.891,167
identity_r1,add,100000,0.892,167
identity_r1,add,100000,0.893,167
identity_r1,add,100000,0.894,167
identity_r1,add,100000,0.895,167
identity_r1,add,100000,0.896,208
identity_r1,add,100000,0.897,208
identity_r1,add,100000,0.898,208
identity_r1,add,100000,0.899,208
identity_r1,add,100000,0.9,208
identity_r1,add,100000,0.901,208
identity_r1,add,100000,0.902,208
identity_r1,add,100000,0.903,208
identity_r1,add,100000,0.904,208
identity_r1,add,100000,0.905,208
identity_r1,add,100000,0.906,208
identity_r1,add,100000,0.907,208
identity_r1,add,100000,0.908,208
identity_r1,add,100000,0.909,208
identity_r1,add,100000,0.91,208
identity_r1,add,100000,0.911,208
identity_r1,add,100000,0.912,208
identity_r1,add,100000,0.913,208
identity_r1,add,100000,0.914,208
identity_r1,add,100000,0.915,208
identity_r1,add,100000,0.916,208
identity_r1,add,100000,0.917,208
identity_r1,add,100000,0.918,208
identity_r1,add,100000,0.919,208
identity_r1,add,100000,0.92,208
identity_r1,add,100000,0.921,208
identity_r1,add,100000,0.922,208
identity_r1,add,100000,0.923,209
identity_r1,add,100000,0.924,209
identity_r1,add,100000,0.925,209
identity_r1,add,100000,0.926,209
identity_r1,add,100000,0.927,209
identity_r1,add,100000,0.928,209
identity_r1,add,100000,0.929,209
identity_r1,add,100000,0.93,209
identity_r1,add,100000,0.931,209
identity_r1,add,100000,0.932,209
identity_r1,add,100000,0.933,209
identity_r1,add,100000,0.934,209
identity_r1,add,100000,0.935,209
identity_r1,add,100000,0.936,209
identity_r1,add,100000,0.937,250
identity_r1,add,100000,0.938,250
identity_r1,add,100000,0.939,250
identity_r1,add,100000,0.94,250
identity_r1,add,100000,0.941,250
identity_r1,add,100000,0.942,250
identity_r1,add,100000,0.943,250
identity_r1,add,100000,0.944,250
identity_r1,add,100000,0.945,250
identity_r1,add,100000,0.946,250
identity_r1,add,100000,0.947,250
identity_r1,add,100000,0.948,250
identity_r1,add,100000,0.949,250
identity_r1,add,100000,0.95,250
identity_r1,add,100000,0.951,250
identity_r1,add,100000,0.952,250
identity_r1,add,100000,0.953,250
identity_r1,add,100000,0.954,250
identity_r1,add,100000,0.955,250
identity_r1,add,100000,0.956,250
identity_r1,add,100000,0.957,250
identity_r1,add,100000,0.958,250
identity_r1,add,100000,0.959,250
identity_r1,add,100000,0.96,250
identity_r1,add,100000,0.961,250
identity_r1,add,100000,0.962,250
identity_r1,add,100000,0.963,291
identity_r1,add,100000,0.964,291
identity_r1,add,100000,0.965,291
identity_r1,add,100000,0.966,291
identity_r1,add,100000,0.967,292
identity_r1,add,100000,0.968,292
identity_r1,add,100000,0.969,292
identity_r1,add,100000,0.97,292
identity_r1,add,100000,0.971,292
identity_r1,add,100000,0.972,292
identity_r1,add,100000,0.973,292
identity_r1,add,100000,0.974,292
identity_r1,add,100000,0.975,333
identity_r1,add,100000,0.976,333
identity_r1,add,100000,0.977,333
identity_r1,add,100000,0.978,333
identity_r1,add,100000,0.979,334
identity_r1,add,100000,0.98,375
identity_r1,add,100000,0.981,375
identity_r1,add,100000,0.982,375
identity_r1,add,100000,0.983,375
identity_r1,add,100000,0.984,375
identity_r1,add,100000,0.985,416
identity_r1,add,100000,0.986,417
identity_r1,add,100000,0.987,417
identity_r1,add,100000,0.988,458
identity_r1,add,100000,0.989,458
identity_r1,add,100000,0.99,500
identity_r1,add,100000,0.991,500
identity_r1,add,100000,0.992,542
identity_r1,add,100000,0.993,625
identity_r1,add,100000,0.994,667
identity_r1,add,100000,0.995,833
identity_r1,add,100000,0.996,1125
identity_r1,add,100000,0.997,1583
identity_r1,add,100000,0.998,2500
identity_r1,add,100000,0.999,5875
identity_r1,cancel,100000,0,41
identity_r1,cancel,100000,0.001,125
identity_r1,cancel,100000,0.002,125
identity_r1,cancel,100000,0.003,125
identity_r1,cancel,100000,0.004,166
identity_r1,cancel,100000,0.005,166
identity_r1,cancel,100000,0.006,166
identity_r1,cancel,100000,0.007,166
identity_r1,cancel,100000,0.008,167
identity_r1,cancel,100000,0.009,167
identity_r1,cancel,100000,0.01,167
identity_r1,cancel,100000,0.011,167
identity_r1,cancel,100000,0.012,167
identity_r1,cancel,100000,0.013,167
identity_r1,cancel,100000,0.014,167
identity_r1,cancel,100000,0.015,167
identity_r1,cancel,100000,0.016,208
identity_r1,cancel,100000,0.017,208
identity_r1,cancel,100000,0.018,208
identity_r1,cancel,100000,0.019,208
identity_r1,cancel,100000,0.02,208
identity_r1,cancel,100000,0.021,208
identity_r1,cancel,100000,0.022,208
identity_r1,cancel,100000,0.023,208
identity_r1,cancel,100000,0.024,208
identity_r1,cancel,100000,0.025,208
identity_r1,cancel,100000,0.026,208
identity_r1,cancel,100000,0.027,208
identity_r1,cancel,100000,0.028,208
identity_r1,cancel,100000,0.029,208
identity_r1,cancel,100000,0.03,208
identity_r1,cancel,100000,0.031,208
identity_r1,cancel,100000,0.032,208
identity_r1,cancel,100000,0.033,208
identity_r1,cancel,100000,0.034,208
identity_r1,cancel,100000,0.035,208
identity_r1,cancel,100000,0.036,208
identity_r1,cancel,100000,0.037,208
identity_r1,cancel,100000,0.038,208
identity_r1,cancel,100000,0.039,209
identity_r1,cancel,100000,0.04,209
identity_r1,cancel,100000,0.041,209
identity_r1,cancel,100000,0.042,209
identity_r1,cancel,100000,0.043,209
identity_r1,cancel,100000,0.044,209
identity_r1,cancel,100000,0.045,209
identity_r1,cancel,100000,0.046,209
identity_r1,cancel,100000,0.047,209
identity_r1,cancel,100000,0.048,209
identity_r1,cancel,100000,0.049,209
identity_r1,cancel,100000,0.05,250
identity_r1,cancel,100000,0.051,250
identity_r1,cancel,100000,0.052,250
identity_r1,cancel,100000,0.053,250
identity_r1,cancel,100000,0.054,250
identity_r1,cancel,100000,0.055,250
identity_r1,cancel,100000,0.056,250
identity_r1,cancel,100000,0.057,250
identity_r1,cancel,100000,0.058,250
identity_r1,cancel,100000,0.059,250
identity_r1,cancel,100000,0.06,250
identity_r1,cancel,100000,0.061,250
identity_r1,cancel,100000,0.062,250
identity_r1,cancel,100000,0.063,250
identity_r1,cancel,100000,0.064,250
identity_r1,cancel,100000,0.065,250
identity_r1,cancel,100000,0.066,250
identity_r1,cancel,100000,0.067,250
identity_r1,cancel,100000,0.068,250
identity_r1,cancel,100000,0.069,250
identity_r1,cancel,100000,0.07,250
identity_r1,cancel,100000,0.071,291
identity_r1,cancel,100000,0.072,291
identity_r1,cancel,100000,0.073,291
identity_r1,cancel,100000,0.074,291
identity_r1,cancel,100000,0.075,291
identity_r1,cancel,100000,0.076,291
identity_r1,cancel,100000,0.077,291
identity_r1,cancel,100000,0.078,291
identity_r1,cancel,100000,0.079,291
identity_r1,cancel,100000,0.08,291
identity_r1,cancel,100000,0.081,291
identity_r1,cancel,100000,0.082,291
identity_r1,cancel,100000,0.083,291
identity_r1,cancel,100000,0.084,291
identity_r1,cancel,100000,0.085,291
identity_r1,cancel,100000,0.086,291
identity_r1,cancel,100000,0.087,291
identity_r1,cancel,100000,0.088,291
identity_r1,cancel,100000,0.089,291
identity_r1,cancel,100000,0.09,291
identity_r1,cancel,100000,0.091,291
identity_r1,cancel,100000,0.092,291
identity_r1,cancel,100000,0.093,292
identity_r1,cancel,100000,0.094,292
identity_r1,cancel,100000,0.095,292
identity_r1,cancel,100000,0.096,292
identity_r1,cancel,100000,0.097,292
identity_r1,cancel,100000,0.098,292
identity_r1,cancel,100000,0.099,292
identity_r1,cancel,100000,0.1,292
identity_r1,cancel,100000,0.101,292
identity_r1,cancel,100000,0.102,292
identity_r1,cancel,100000,0.103,292
identity_r1,cancel,100000,0.104,292
identity_r1,cancel,100000,0.105,292
identity_r1,cancel,100000,0.106,292
identity_r1,cancel,100000,0.107,292
identity_r1,cancel,100000,0.108,292
identity_r1,cancel,100000,0.109,292
identity_r1,cancel,100000,0.11,292
identity_r1,cancel,100000,0.111,292
identity_r1,cancel,100000,0.112,292
identity_r1,cancel,100000,0.113,292
identity_r1,cancel,100000,0.114,292
identity_r1,cancel,100000,0.115,292
identity_r1,cancel,100000,0.116,292
identity_r1,cancel,100000,0.117,292
identity_r1,cancel,100000,0.118,292
identity_r1,cancel,100000,0.119,292
identity_r1,cancel,100000,0.12,292
identity_r1,cancel,100000,0.121,292
identity_r1,cancel,100000,0.122,292
identity_r1,cancel,100000,0.123,292
identity_r1,cancel,100000,0.124,292
identity_r1,cancel,100000,0.125,292
identity_r1,cancel,100000,0.126,292
identity_r1,cancel,100000,0.127,292
identity_r1,cancel,100000,0.128,292
identity_r1,cancel,100000,0.129,292
identity_r1,cancel,100000,0.13,292
identity_r1,cancel,100000,0.131,292
identity_r1,cancel,100000,0.132,292
identity_r1,cancel,100000,0.133,292
identity_r1,cancel,100000,0.134,292
identity_r1,cancel,100000,0.135,292
identity_r1,cancel,100000,0.136,292
identity_r1,cancel,100000,0.137,333
identity_r1,cancel,100000,0.138,333
identity_r1,cancel,100000,0.139,333
identity_r1,cancel,100000,0.14,333
identity_r1,cancel,100000,0.141,333
identity_r1,cancel,100000,0.142,333
identity_r1,cancel,100000,0.143,333
identity_r1,cancel,100000,0.144,333
identity_r1,cancel,100000,0.145,333
identity_r1,cancel,100000,0.146,333
identity_r1,cancel,100000,0.147,333
identity_r1,cancel,100000,0.148,333
identity_r1,cancel,100000,0.149,333
identity_r1,cancel,100000,0.15,333
identity_r1,cancel,100000,0.151,333
identity_r1,cancel,100000,0.152,333
identity_r1,cancel,100000,0.153,333
identity_r1,cancel,100000,0.154,333
identity_r1,cancel,100000,0.155,333
identity_r1,cancel,100000,0.156,333
identity_r1,cancel,100000,0.157,333
identity_r1,cancel,100000,0.158,333
identity_r1,cancel,100000,0.159,333
identity_r1,cancel,100000,0.16,333
identity_r1,cancel,100000,0.161,333
identity_r1,cancel,100000,0.162,333
identity_r1,cancel,100000,0.163,333
identity_r1,cancel,100000,0.164,333
identity_r1,cancel,100000,0.165,333
identity_r1,cancel,100000,0.166,333
identity_r1,cancel,100000,0.167,333
identity_r1,cancel,100000,0.168,333
identity_r1,cancel,100000,0.169,333
identity_r1,cancel,100000,0.17,333
identity_r1,cancel,100000,0.171,333
identity_r1,cancel,100000,0.172,333
identity_r1,cancel,100000,0.173,333
identity_r1,cancel,100000,0.174,333
identity_r1,cancel,100000,0.175,333
identity_r1,cancel,100000,0.176,333
identity_r1,cancel,100000,0.177,333
identity_r1,cancel,100000,0.178,333
identity_r1,cancel,100000,0.179,333
identity_r1,cancel,100000,0.18,333
identity_r1,cancel,100000,0.181,333
identity_r1,cancel,100000,0.182,333
identity_r1,cancel,100000,0.183,333
identity_r1,cancel,100000,0.184,333
identity_r1,cancel,100000,0.185,333
identity_r1,cancel,100000,0.186,333
identity_r1,cancel,100000,0.187,333
identity_r1,cancel,100000,0.188,333
identity_r1,cancel,100000,0.189,333
identity_r1,cancel,100000,0.19,333
identity_r1,cancel,100000,0.191,333
identity_r1,cancel,100000,0.192,333
identity_r1,cancel,100000,0.193,333
identity_r1,cancel,100000,0.194,333
identity_r1,cancel,100000,0.195,334
identity_r1,cancel,100000,0.196,334
identity_r1,cancel,100000,0.197,334
identity_r1,cancel,100000,0.198,334
identity_r1,cancel,100000,0.199,334
identity_r1,cancel,100000,0.2,334
identity_r1,cancel,100000,0.201,334
identity_r1,cancel,100000,0.202,334
identity_r1,cancel,100000,0.203,334
identity_r1,cancel,100000,0.204,334
identity_r1,cancel,100000,0.205,334
identity_r1,cancel,100000,0.206,334
identity_r1,cancel,100000,0.207,334
identity_r1,cancel,100000,0.208,334
identity_r1,cancel,100000,0.209,334
identity_r1,cancel,100000,0.21,334
identity_r1,cancel,100000,0.211,334
identity_r1,cancel,100000,0.212,334
identity_r1,cancel,100000,0.213,334
identity_r1,cancel,100000,0.214,334
identity_r1,cancel,100000,0.215,334
identity_r1,cancel,100000,0.216,334
identity_r1,cancel,100000,0.217,334
identity_r1,cancel,100000,0.218,334
identity_r1,cancel,100000,0.219,334
identity_r1,cancel,100000,0.22,334
identity_r1,cancel,100000,0.221,334
identity_r1,cancel,100000,0.222,334
identity_r1,cancel,100000,0.223,375
identity_r1,cancel,100000,0.224,375
identity_r1,cancel,100000,0.225,375
identity_r1,cancel,100000,0.226,375
identity_r1,cancel,100000,0.227,375
identity_r1,cancel,100000,0.228,375
identity_r1,cancel,100000,0.229,375
identity_r1,cancel,100000,0.23,375
identity_r1,cancel,100000,0.231,375
identity_r1,cancel,100000,0.232,375
identity_r1,cancel,100000,0.233,375
identity_r1,cancel,100000,0.234,375
identity_r1,cancel,100000,0.235,375
identity_r1,cancel,100000,0.236,375
identity_r1,cancel,100000,0.237,375
identity_r1,cancel,100000,0.238,375
identity_r1,cancel,100000,0.239,375
identity_r1,cancel,100000,0.24,375
identity_r1,cancel,100000,0.241,375
identity_r1,cancel,100000,0.242,375
identity_r1,cancel,100000,0.243,375
identity_r1,cancel,100000,0.244,375
identity_r1,cancel,100000,0.245,375
identity_r1,cancel,100000,0.246,375
identity_r1,cancel,100000,0.247,375
identity_r1,cancel,100000,0.248,375
identity_r1,cancel,100000,0.249,375
identity_r1,cancel,100000,0.25,375
identity_r1,cancel,100000,0.251,375
identity_r1,cancel,100000,0.252,375
identity_r1,cancel,100000,0.253,375
identity_r1,cancel,100000,0.254,375
identity_r1,cancel,100000,0.255,375
identity_r1,cancel,100000,0.256,375
identity_r1,cancel,100000,0.257,375
identity_r1,cancel,100000,0.258,375
identity_r1,cancel,100000,0.259,375
identity_r1,cancel,100000,0.26,375
identity_r1,cancel,100000,0.261,375
identity_r1,cancel,100000,0.262,375
identity_r1,cancel,100000,0.263,375
identity_r1,cancel,100000,0.264,375
identity_r1,cancel,100000,0.265,375
identity_r1,cancel,100000,0.266,375
identity_r1,cancel,100000,0.267,375
identity_r1,cancel,100000,0.268,375
identity_r1,cancel,100000,0.269,375
identity_r1,cancel,100000,0.27,375
identity_r1,cancel,100000,0.271,375
identity_r1,cancel,100000,0.272,375
identity_r1,cancel,100000,0.273,375
identity_r1,cancel,100000,0.274,375
identity_r1,cancel,100000,0.275,375
identity_r1,cancel,100000,0.276,375
identity_r1,cancel,100000,0.277,375
identity_r1,cancel,100000,0.278,375
identity_r1,cancel,100000,0.279,375
identity_r1,cancel,100000,0.28,375
identity_r1,cancel,100000,0.281,375
identity_r1,cancel,100000,0.282,375
identity_r1,cancel,100000,0.283,375
identity_r1,cancel,100000,0.284,375
identity_r1,cancel,100000,0.285,375
identity_r1,cancel,100000,0.286,375
identity_r1,cancel,100000,0.287,375
identity_r1,cancel,100000,0.288,375
identity_r1,cancel,100000,0.289,375
identity_r1,cancel,100000,0.29,375
identity_r1,cancel,100000,0.291,375
identity_r1,cancel,100000,0.292,375
identity_r1,cancel,100000,0.293,375
identity_r1,cancel,100000,0.294,375
identity_r1,cancel,100000,0.295,375
identity_r1,cancel,100000,0.296,375
identity_r1,cancel,100000,0.297,375
identity_r1,cancel,100000,0.298,416
identity_r1,cancel,100000,0.299,416
identity_r1,cancel,100000,0.3,416
identity_r1,cancel,100000,0.301,416
identity_r1,cancel,100000,0.302,416
identity_r1,cancel,100000,0.303,416
identity_r1,cancel,100000,0.304,416
identity_r1,cancel,100000,0.305,416
identity_r1,cancel,100000,0.306,416
identity_r1,cancel,100000,0.307,416
identity_r1,cancel,100000,0.308,416
identity_r1,cancel,100000,0.309,416
identity_r1,cancel,100000,0.31,416
identity_r1,cancel,100000,0.311,416
identity_r1,cancel,100000,0.312,416
identity_r1,cancel,100000,0.313,416
identity_r1,cancel,100000,0.314,416
identity_r1,cancel,100000,0.315,416
identity_r1,cancel,100000,0.316,416
identity_r1,cancel,100000,0.317,416
identity_r1,cancel,100000,0.318,416
identity_r1,cancel,100000,0.319,416
identity_r1,cancel,100000,0.32,416
identity_r1,cancel,100000,0.321,416
identity_r1,cancel,100000,0.322,416
identity_r1,cancel,100000,0.323,416
identity_r1,cancel,100000,0.324,416
identity_r1,cancel,100000,0.325,416
identity_r1,cancel,100000,0.326,416
identity_r1,cancel,100000,0.327,416
identity_r1,cancel,100000,0.328,416
identity_r1,cancel,100000,0.329,416
identity_r1,cancel,100000,0.33,416
identity_r1,cancel,100000,0.331,416
identity_r1,cancel,100000,0.332,416
identity_r1,cancel,100000,0.333,416
identity_r1,cancel,100000,0.334,416
identity_r1,cancel,100000,0.335,416
identity_r1,cancel,100000,0.336,416
identity_r1,cancel,100000,0.337,416
identity_r1,cancel,100000,0.338,416
identity_r1,cancel,100000,0.339,416
identity_r1,cancel,100000,0.34,416
identity_r1,cancel,100000,0.341,416
identity_r1,cancel,100000,0.342,416
identity_r1,cancel,100000,0.343,416
identity_r1,cancel,100000,0.344,416
identity_r1,cancel,100000,0.345,416
identity_r1,cancel,100000,0.346,416
identity_r1,cancel,100000,0.347,416
identity_r1,cancel,100000,0.348,416
identity_r1,cancel,100000,0.349,417
identity_r1,cancel,100000,0.35,417
identity_r1,cancel,100000,0.351,417
identity_r1,cancel,100000,0.352,417
identity_r1,cancel,100000,0.353,417
identity_r1,cancel,100000,0.354,417
identity_r1,cancel,100000,0.355,417
identity_r1,cancel,100000,0.356,417
identity_r1,cancel,100000,0.357,417
identity_r1,cancel,100000,0.358,417
identity_r1,cancel,100000,0.359,417
identity_r1,cancel,100000,0.36,417
identity_r1,cancel,100000,0.361,417
identity_r1,cancel,100000,0.362,417
identity_r1,cancel,100000,0.363,417
identity_r1,cancel,100000,0.364,417
identity_r1,cancel,100000,0.365,417
identity_r1,cancel,100000,0.366,417
identity_r1,cancel,100000,0.367,417
identity_r1,cancel,100000,0.368,417
identity_r1,cancel,100000,0.369,417
identity_r1,cancel,100000,0.37,417
identity_r1,cancel,100000,0.371,417
identity_r1,cancel,100000,0.372,417
identity_r1,cancel,100000,0.373,417
identity_r1,cancel,100000,0.374,417
identity_r1,cancel,100000,0.375,417
identity_r1,cancel,100000,0.376,417
identity_r1,cancel,100000,0.377,417
identity_r1,cancel,100000,0.378,417
identity_r1,cancel,100000,0.379,417
identity_r1,cancel,100000,0.38,417
identity_r1,cancel,100000,0.381,417
identity_r1,cancel,100000,0.382,417
identity_r1,cancel,100000,0.383,417
identity_r1,cancel,100000,0.384,417
identity_r1,cancel,100000,0.385,417
identity_r1,cancel,100000,0.386,417
identity_r1,cancel,100000,0.387,417
identity_r1,cancel,100000,0.388,417
identity_r1,cancel,100000,0.389,417
identity_r1,cancel,100000,0.39,417
identity_r1,cancel,100000,0.391,417
identity_r1,cancel,100000,0.392,417
identity_r1,cancel,100000,0.393,417
identity_r1,cancel,100000,0.394,417
identity_r1,cancel,100000,0.395,417
identity_r1,cancel,100000,0.396,417
identity_r1,cancel,100000,0.397,417
identity_r1,cancel,100000,0.398,417
identity_r1,cancel,100000,0.399,417
identity_r1,cancel,100000,0.4,417
identity_r1,cancel,100000,0.401,417
identity_r1,cancel,100000,0.402,417
identity_r1,cancel,100000,0.403,417
identity_r1,cancel,100000,0.404,417
identity_r1,cancel,100000,0.405,417
identity_r1,cancel,100000,0.406,417
identity_r1,cancel,100000,0.407,417
identity_r1,cancel,100000,0.408,417
identity_r1,cancel,100000,0.409,417
identity_r1,cancel,100000,0.41,417
identity_r1,cancel,100000,0.411,417
identity_r1,cancel,100000,0.412,417
identity_r1,cancel,100000,0.413,417
identity_r1,cancel,100000,0.414,417
identity_r1,cancel,100000,0.415,417
identity_r1,cancel,100000,0.416,417
identity_r1,cancel,100000,0.417,417
identity_r1,cancel,100000,0.418,417
identity_r1,cancel,100000,0.419,417
identity_r1,cancel,100000,0.42,417
identity_r1,cancel,100000,0.421,417
identity_r1,cancel,100000,0.422,417
identity_r1,cancel,100000,0.423,417
identity_r1,cancel,100000,0.424,417
identity_r1,cancel,100000,0.425,417
identity_r1,cancel,100000,0.426,417
identity_r1,cancel,100000,0.427,417
identity_r1,cancel,100000,0.428,417
identity_r1,cancel,100000,0.429,417
identity_r1,cancel,100000,0.43,417
identity_r1,cancel,100000,0.431,417
identity_r1,cancel,100000,0.432,417
identity_r1,cancel,100000,0.433,417
identity_r1,cancel,100000,0.434,417
identity_r1,cancel,100000,0.435,417
identity_r1,cancel,100000,0.436,417
identity_r1,cancel,100000,0.437,417
identity_r1,cancel,100000,0.438,417
identity_r1,cancel,100000,0.439,417
identity_r1,cancel,100000,0.44,417
identity_r1,cancel,100000,0.441,417
identity_r1,cancel,100000,0.442,417
identity_r1,cancel,100000,0.443,417
identity_r1,cancel,100000,0.444,417
identity_r1,cancel,100000,0.445,417
identity_r1,cancel,100000,0.446,417
identity_r1,cancel,100000,0.447,417
identity_r1,cancel,100000,0.448,417
identity_r1,cancel,100000,0.449,417
identity_r1,cancel,100000,0.45,417
identity_r1,cancel,100000,0.451,417
identity_r1,cancel,100000,0.452,458
identity_r1,cancel,100000,0.453,458
identity_r1,cancel,100000,0.454,458
identity_r1,cancel,100000,0.455,458
identity_r1,cancel,100000,0.456,458
identity_r1,cancel,100000,0.457,458
identity_r1,cancel,100000,0.458,458
identity_r1,cancel,100000,0.459,458
identity_r1,cancel,100000,0.46,458
identity_r1,cancel,100000,0.461,458
identity_r1,cancel,100000,0.462,458
identity_r1,cancel,100000,0.463,458
identity_r1,cancel,100000,0.464,458
identity_r1,cancel,100000,0.465,458
identity_r1,cancel,100000,0.466,458
identity_r1,cancel,100000,0.467,458
identity_r1,cancel,100000,0.468,458
identity_r1,cancel,100000,0.469,458
identity_r1,cancel,100000,0.47,458
identity_r1,cancel,100000,0.471,458
identity_r1,cancel,100000,0.472,458
identity_r1,cancel,100000,0.473,458
identity_r1,cancel,100000,0.474,458
identity_r1,cancel,100000,0.475,458
identity_r1,cancel,100000,0.476,458
identity_r1,cancel,100000,0.477,458
identity_r1,cancel,100000,0.478,458
identity_r1,cancel,100000,0.479,458
identity_r1,cancel,100000,0.48,458
identity_r1,cancel,100000,0.481,458
identity_r1,cancel,100000,0.482,458
identity_r1,cancel,100000,0.483,458
identity_r1,cancel,100000,0.484,458
identity_r1,cancel,100000,0.485,458
identity_r1,cancel,100000,0.486,458
identity_r1,cancel,100000,0.487,458
identity_r1,cancel,100000,0.488,458
identity_r1,cancel,100000,0.489,458
identity_r1,cancel,100000,0.49,458
identity_r1,cancel,100000,0.491,458
identity_r1,cancel,100000,0.492,458
identity_r1,cancel,100000,0.493,458
identity_r1,cancel,100000,0.494,458
identity_r1,cancel,100000,0.495,458
identity_r1,cancel,100000,0.496,458
identity_r1,cancel,100000,0.497,458
identity_r1,cancel,100000,0.498,458
identity_r1,cancel,100000,0.499,458
identity_r1,cancel,100000,0.5,458
identity_r1,cancel,100000,0.501,458
identity_r1,cancel,100000,0.502,458
identity_r1,cancel,100000,0.503,458
identity_r1,cancel,100000,0.504,458
identity_r1,cancel,100000,0.505,458
identity_r1,cancel,100000,0.506,458
identity_r1,cancel,100000,0.507,458
identity_r1,cancel,100000,0.508,458
identity_r1,cancel,100000,0.509,458
identity_r1,cancel,100000,0.51,458
identity_r1,cancel,100000,0.511,458
identity_r1,cancel,100000,0.512,458
identity_r1,cancel,100000,0.513,458
identity_r1,cancel,100000,0.514,458
identity_r1,cancel,100000,0.515,458
identity_r1,cancel,100000,0.516,458
identity_r1,cancel,100000,0.517,458
identity_r1,cancel,100000,0.518,458
identity_r1,cancel,100000,0.519,458
identity_r1,cancel,100000,0.52,458
identity_r1,cancel,100000,0.521,458
identity_r1,cancel,100000,0.522,458
identity_r1,cancel,100000,0.523,458
identity_r1,cancel,100000,0.524,458
identity_r1,cancel,100000,0.525,458
identity_r1,cancel,100000,0.526,458
identity_r1,cancel,100000,0.527,458
identity_r1,cancel,100000,0.528,458
identity_r1,cancel,100000,0.529,458
identity_r1,cancel,100000,0.53,458
identity_r1,cancel,100000,0.531,458
identity_r1,cancel,100000,0.532,458
identity_r1,cancel,100000,0.533,458
identity_r1,cancel,100000,0.534,458
identity_r1,cancel,100000,0.535,458
identity_r1,cancel,100000,0.536,458
identity_r1,cancel,100000,0.537,458
identity_r1,cancel,100000,0.538,458
identity_r1,cancel,100000,0.539,458
identity_r1,cancel,100000,0.54,458
identity_r1,cancel,100000,0.541,458
identity_r1,cancel,100000,0.542,458
identity_r1,cancel,100000,0.543,458
identity_r1,cancel,100000,0.544,458
identity_r1,cancel,100000,0.545,458
identity_r1,cancel,100000,0.546,458
identity_r1,cancel,100000,0.547,458
identity_r1,cancel,100000,0.548,458
identity_r1,cancel,100000,0.549,458
identity_r1,cancel,100000,0.55,458
identity_r1,cancel,100000,0.551,458
identity_r1,cancel,100000,0.552,458
identity_r1,cancel,100000,0.553,458
identity_r1,cancel,100000,0.554,458
identity_r1,cancel,100000,0.555,458
identity_r1,cancel,100000,0.556,459
identity_r1,cancel,100000,0.557,459
identity_r1,cancel,100000,0.558,459
identity_r1,cancel,100000,0.559,459
identity_r1,cancel,100000,0.56,459
identity_r1,cancel,100000,0.561,459
identity_r1,cancel,100000,0.562,459
identity_r1,cancel,100000,0.563,459
identity_r1,cancel,100000,0.564,459
identity_r1,cancel,100000,0.565,459
identity_r1,cancel,100000,0.566,459
identity_r1,cancel,100000,0.567,459
identity_r1,cancel,100000,0.568,459
identity_r1,cancel,100000,0.569,459
identity_r1,cancel,100000,0.57,459
identity_r1,cancel,100000,0.571,459
identity_r1,cancel,100000,0.572,459
identity_r1,cancel,100000,0.573,459
identity_r1,cancel,100000,0.574,459
identity_r1,cancel,100000,0.575,459
identity_r1,cancel,100000,0.576,459
identity_r1,cancel,100000,0.577,459
identity_r1,cancel,100000,0.578,459
identity_r1,cancel,100000,0.579,459
identity_r1,cancel,100000,0.58,459
identity_r1,cancel,100000,0.581,459
identity_r1,cancel,100000,0.582,459
identity_r1,cancel,100000,0.583,459
identity_r1,cancel,100000,0.584,459
identity_r1,cancel,100000,0.585,459
identity_r1,cancel,100000,0.586,459
identity_r1,cancel,100000,0.587,459
identity_r1,cancel,100000,0.588,459
identity_r1,cancel,100000,0.589,459
identity_r1,cancel,100000,0.59,459
identity_r1,cancel,100000,0.591,459
identity_r1,cancel,100000,0.592,459
identity_r1,cancel,100000,0.593,459
identity_r1,cancel,100000,0.594,459
identity_r1,cancel,100000,0.595,459
identity_r1,cancel,100000,0.596,459
identity_r1,cancel,100000,0.597,459
identity_r1,cancel,100000,0.598,459
identity_r1,cancel,100000,0.599,459
identity_r1,cancel,100000,0.6,459
identity_r1,cancel,100000,0.601,459
identity_r1,cancel,100000,0.602,459
identity_r1,cancel,100000,0.603,459
identity_r1,cancel,100000,0.604,459
identity_r1,cancel,100000,0.605,459
identity_r1,cancel,100000,0.606,459
identity_r1,cancel,100000,0.607,459
identity_r1,cancel,100000,0.608,459
identity_r1,cancel,100000,0.609,500
identity_r1,cancel,100000,0.61,500
identity_r1,cancel,100000,0.611,500
identity_r1,cancel,100000,0.612,500
identity_r1,cancel,100000,0.613,500
identity_r1,cancel,100000,0.614,500
identity_r1,cancel,100000,0.615,500
identity_r1,cancel,100000,0.616,500
identity_r1,cancel,100000,0.617,500
identity_r1,cancel,100000,0.618,500
identity_r1,cancel,100000,0.619,500
identity_r1,cancel,100000,0.62,500
identity_r1,cancel,100000,0.621,500
identity_r1,cancel,100000,0.622,500
identity_r1,cancel,100000,0.623,500
identity_r1,cancel,100000,0.624,500
identity_r1,cancel,100000,0.625,500
identity_r1,cancel,100000,0.626,500
identity_r1,cancel,100000,0.627,500
identity_r1,cancel,100000,0.628,500
identity_r1,cancel,100000,0.629,500
identity_r1,cancel,100000,0.63,500
identity_r1,cancel,100000,0.631,500
identity_r1,cancel,100000,0.632,500
identity_r1,cancel,100000,0.633,500
identity_r1,cancel,100000,0.634,500
identity_r1,cancel,100000,0.635,500
identity_r1,cancel,100000,0.636,500
identity_r1,cancel,100000,0.637,500
identity_r1,cancel,100000,0.638,500
identity_r1,cancel,100000,0.639,500
identity_r1,cancel,100000,0.64,500
identity_r1,cancel,100000,0.641,500
identity_r1,cancel,100000,0.642,500
identity_r1,cancel,100000,0.643,500
identity_r1,cancel,100000,0.644,500
identity_r1,cancel,100000,0.645,500
identity_r1,cancel,100000,0.646,500
identity_r1,cancel,100000,0.647,500
identity_r1,cancel,100000,0.648,500
identity_r1,cancel,100000,0.649,500
identity_r1,cancel,100000,0.65,500
identity_r1,cancel,100000,0.651,500
identity_r1,cancel,100000,0.652,500
identity_r1,cancel,100000,0.653,500
identity_r1,cancel,100000,0.654,500
identity_r1,cancel,100000,0.655,500
identity_r1,cancel,100000,0.656,500
identity_r1,cancel,100000,0.657,500
identity_r1,cancel,100000,0.658,500
identity_r1,cancel,100000,0.659,500
identity_r1,cancel,100000,0.66,500
identity_r1,cancel,100000,0.661,500
identity_r1,cancel,100000,0.662,500
identity_r1,cancel,100000,0.663,500
identity_r1,cancel,100000,0.664,500
identity_r1,cancel,100000,0.665,500
identity_r1,cancel,100000,0.666,500
identity_r1,cancel,100000,0.667,500
identity_r1,cancel,100000,0.668,500
identity_r1,cancel,100000,0.669,500
identity_r1,cancel,100000,0.67,500
identity_r1,cancel,100000,0.671,500
identity_r1,cancel,100000,0.672,500
identity_r1,cancel,100000,0.673,500
identity_r1,cancel,100000,0.674,500
identity_r1,cancel,100000,0.675,500
identity_r1,cancel,100000,0.676,500
identity_r1,cancel,100000,0.677,500
identity_r1,cancel,100000,0.678,500
identity_r1,cancel,100000,0.679,500
identity_r1,cancel,100000,0.68,500
identity_r1,cancel,100000,0.681,500
identity_r1,cancel,100000,0.682,500
identity_r1,cancel,100000,0.683,500
identity_r1,cancel,100000,0.684,500
identity_r1,cancel,100000,0.685,500
identity_r1,cancel,100000,0.686,500
identity_r1,cancel,100000,0.687,500
identity_r1,cancel,100000,0.688,500
identity_r1,cancel,100000,0.689,500
identity_r1,cancel,100000,0.69,500
identity_r1,cancel,100000,0.691,500
identity_r1,cancel,100000,0.692,500
identity_r1,cancel,100000,0.693,500
identity_r1,cancel,100000,0.694,500
identity_r1,cancel,100000,0.695,500
identity_r1,cancel,100000,0.696,500
identity_r1,cancel,100000,0.697,500
identity_r1,cancel,100000,0.698,500
identity_r1,cancel,100000,0.699,500
identity_r1,cancel,100000,0.7,500
identity_r1,cancel,100000,0.701,500
identity_r1,cancel,100000,0.702,500
identity_r1,cancel,100000,0.703,500
identity_r1,cancel,100000,0.704,500
identity_r1,cancel,100000,0.705,500
identity_r1,cancel,100000,0.706,500
identity_r1,cancel,100000,0.707,500
identity_r1,cancel,100000,0.708,500
identity_r1,cancel,100000,0.709,500
identity_r1,cancel,100000,0.71,500
identity_r1,cancel,100000,0.711,500
identity_r1,cancel,100000,0.712,500
identity_r1,cancel,100000,0.713,500
identity_r1,cancel,100000,0.714,500
identity_r1,cancel,100000,0.715,500
identity_r1,cancel,100000,0.716,500
identity_r1,cancel,100000,0.717,500
identity_r1,cancel,100000,0.718,500
identity_r1,cancel,100000,0.719,500
identity_r1,cancel,100000,0.72,500
identity_r1,cancel,100000,0.721,500
identity_r1,cancel,100000,0.722,500
identity_r1,cancel,100000,0.723,500
identity_r1,cancel,100000,0.724,500
identity_r1,cancel,100000,0.725,500
identity_r1,cancel,100000,0.726,500
identity_r1,cancel,100000,0.727,500
identity_r1,cancel,100000,0.728,500
identity_r1,cancel,100000,0.729,500
identity_r1,cancel,100000,0.73,500
identity_r1,cancel,100000,0.731,500
identity_r1,cancel,100000,0.732,500
identity_r1,cancel,100000,0.733,500
identity_r1,cancel,100000,0.734,500
identity_r1,cancel,100000,0.735,500
identity_r1,cancel,100000,0.736,500
identity_r1,cancel,100000,0.737,500
identity_r1,cancel,100000,0.738,500
identity_r1,cancel,100000,0.739,500
identity_r1,cancel,100000,0.74,500
identity_r1,cancel,100000,0.741,500
identity_r1,cancel,100000,0.742,500
identity_r1,cancel,100000,0.743,500
identity_r1,cancel,100000,0.744,500
identity_r1,cancel,100000,0.745,500
identity_r1,cancel,100000,0.746,500
identity_r1,cancel,100000,0.747,500
identity_r1,cancel,100000,0.748,500
identity_r1,cancel,100000,0.749,500
identity_r1,cancel,100000,0.75,500
identity_r1,cancel,100000,0.751,500
identity_r1,cancel,100000,0.752,500
identity_r1,cancel,100000,0.753,500
identity_r1,cancel,100000,0.754,500
identity_r1,cancel,100000,0.755,500
identity_r1,cancel,100000,0.756,500
identity_r1,cancel,100000,0.757,500
identity_r1,cancel,100000,0.758,541
identity_r1,cancel,100000,0.759,541
identity_r1,cancel,100000,0.76,541
identity_r1,cancel,100000,0.761,541
identity_r1,cancel,100000,0.762,541
identity_r1,cancel,100000,0.763,541
identity_r1,cancel,100000,0.764,541
identity_r1,cancel,100000,0.765,541
identity_r1,cancel,100000,0.766,541
identity_r1,cancel,100000,0.767,541
identity_r1,cancel,100000,0.768,541
identity_r1,cancel,100000,0.769,541
identity_r1,cancel,100000,0.77,541
identity_r1,cancel,100000,0.771,541
identity_r1,cancel,100000,0.772,541
identity_r1,cancel,100000,0.773,541
identity_r1,cancel,100000,0.774,541
identity_r1,cancel,100000,0.775,541
identity_r1,cancel,100000,0.776,541
identity_r1,cancel,100000,0.777,541
identity_r1,cancel,100000,0.778,541
identity_r1,cancel,100000,0.779,541
identity_r1,cancel,100000,0.78,541
identity_r1,cancel,100000,0.781,541
identity_r1,cancel,100000,0.782,541
identity_r1,cancel,100000,0.783,541
identity_r1,cancel,100000,0.784,541
identity_r1,cancel,100000,0.785,541
identity_r1,cancel,100000,0.786,541
identity_r1,cancel,100000,0.787,541
identity_r1,cancel,100000,0.788,541
identity_r1,cancel,100000,0.789,542
identity_r1,cancel,100000,0.79,542
identity_r1,cancel,100000,0.791,542
identity_r1,cancel,100000,0.792,542
identity_r1,cancel,100000,0.793,542
identity_r1,cancel,100000,0.794,542
identity_r1,cancel,100000,0.795,542
identity_r1,cancel,100000,0.796,542
identity_r1,cancel,100000,0.797,542
identity_r1,cancel,100000,0.798,542
identity_r1,cancel,100000,0.799,542
identity_r1,cancel,100000,0.8,542
identity_r1,cancel,100000,0.801,542
identity_r1,cancel,100000,0.802,542
identity_r1,cancel,100000,0.803,542
identity_r1,cancel,100000,0.804,542
identity_r1,cancel,100000,0.805,542
identity_r1,cancel,100000,0.806,542
identity_r1,cancel,100000,0.807,542
identity_r1,cancel,100000,0.808,542
identity_r1,cancel,100000,0.809,542
identity_r1,cancel,100000,0.81,542
identity_r1,cancel,100000,0.811,542
identity_r1,cancel,100000,0.812,542
identity_r1,cancel,100000,0.813,542
identity_r1,cancel,100000,0.814,542
identity_r1,cancel,100000,0.815,542
identity_r1,cancel,100000,0.816,542
identity_r1,cancel,100000,0.817,542
identity_r1,cancel,100000,0.818,542
identity_r1,cancel,100000,0.819,542
identity_r1,cancel,100000,0.82,542
identity_r1,cancel,100000,0.821,542
identity_r1,cancel,100000,0.822,542
identity_r1,cancel,100000,0.823,542
identity_r1,cancel,100000,0.824,542
identity_r1,cancel,100000,0.825,542
identity_r1,cancel,100000,0.826,542
identity_r1,cancel,100000,0.827,542
identity_r1,cancel,100000,0.828,542
identity_r1,cancel,100000,0.829,542
identity_r1,cancel,100000,0.83,542
identity_r1,cancel,100000,0.831,542
identity_r1,cancel,100000,0.832,542
identity_r1,cancel,100000,0.833,542
identity_r1,cancel,100000,0.834,542
identity_r1,cancel,100000,0.835,542
identity_r1,cancel,100000,0.836,542
identity_r1,cancel,100000,0.837,542
identity_r1,cancel,100000,0.838,542
identity_r1,cancel,100000,0.839,542
identity_r1,cancel,100000,0.84,542
identity_r1,cancel,100000,0.841,542
identity_r1,cancel,100000,0.842,542
identity_r1,cancel,100000,0.843,542
identity_r1,cancel,100000,0.844,542
identity_r1,cancel,100000,0.845,542
identity_r1,cancel,100000,0.846,542
identity_r1,cancel,100000,0.847,542
identity_r1,cancel,100000,0.848,542
identity_r1,cancel,100000,0.849,542
identity_r1,cancel,100000,0.85,583
identity_r1,cancel,100000,0.851,583
identity_r1,cancel,100000,0.852,583
identity_r1,cancel,100000,0.853,583
identity_r1,cancel,100000,0.854,583
identity_r1,cancel,100000,0.855,583
identity_r1,cancel,100000,0.856,583
identity_r1,cancel,100000,0.857,583
identity_r1,cancel,100000,0.858,583
identity_r1,cancel,100000,0.859,583
identity_r1,cancel,100000,0.86,583
identity_r1,cancel,100000,0.861,583
identity_r1,cancel,100000,0.862,583
identity_r1,cancel,100000,0.863,583
identity_r1,cancel,100000,0.864,583
identity_r1,cancel,100000,0.865,583
identity_r1,cancel,100000,0.866,583
identity_r1,cancel,100000,0.867,583
identity_r1,cancel,100000,0.868,583
identity_r1,cancel,100000,0.869,583
identity_r1,cancel,100000,0.87,583
identity_r1,cancel,100000,0.871,583
identity_r1,cancel,100000,0.872,583
identity_r1,cancel,100000,0.873,583
identity_r1,cancel,100000,0.874,583
identity_r1,cancel,100000,0.875,583
identity_r1,cancel,100000,0.876,583
identity_r1,cancel,100000,0.877,583
identity_r1,cancel,100000,0.878,583
identity_r1,cancel,100000,0.879,583
identity_r1,cancel,100000,0.88,583
identity_r1,cancel,100000,0.881,583
identity_r1,cancel,100000,0.882,583
identity_r1,cancel,100000,0.883,584
identity_r1,cancel,100000,0.884,584
identity_r1,cancel,100000,0.885,584
identity_r1,cancel,100000,0.886,584
identity_r1,cancel,100000,0.887,584
identity_r1,cancel,100000,0.888,584
identity_r1,cancel,100000,0.889,584
identity_r1,cancel,100000,0.89,584
identity_r1,cancel,100000,0.891,584
identity_r1,cancel,100000,0.892,584
identity_r1,cancel,100000,0.893,584
identity_r1,cancel,100000,0.894,584
identity_r1,cancel,100000,0.895,584
identity_r1,cancel,100000,0.896,584
identity_r1,cancel,100000,0.897,584
identity_r1,cancel,100000,0.898,584
identity_r1,cancel,100000,0.899,625
identity_r1,cancel,100000,0.9,625
identity_r1,cancel,100000,0.901,625
identity_r1,cancel,100000,0.902,625
identity_r1,cancel,100000,0.903,625
identity_r1,cancel,100000,0.904,625
identity_r1,cancel,100000,0.905,625
identity_r1,cancel,100000,0.906,625
identity_r1,cancel,100000,0.907,625
identity_r1,cancel,100000,0.908,625
identity_r1,cancel,100000,0.909,625
identity_r1,cancel,100000,0.91,625
identity_r1,cancel,100000,0.911,625
identity_r1,cancel,100000,0.912,625
identity_r1,cancel,100000,0.913,625
identity_r1,cancel,100000,0.914,625
identity_r1,cancel,100000,0.915,625
identity_r1,cancel,100000,0.916,625
identity_r1,cancel,100000,0.917,625
identity_r1,cancel,100000,0.918,625
identity_r1,cancel,100000,0.919,625
identity_r1,cancel,100000,0.92,625
identity_r1,cancel,100000,0.921,625
identity_r1,cancel,100000,0.922,625
identity_r1,cancel,100000,0.923,625
identity_r1,cancel,100000,0.924,625
identity_r1,cancel,100000,0.925,625
identity_r1,cancel,100000,0.926,625
identity_r1,cancel,100000,0.927,625
identity_r1,cancel,100000,0.928,625
identity_r1,cancel,100000,0.929,625
identity_r1,cancel,100000,0.93,666
identity_r1,cancel,100000,0.931,666
identity_r1,cancel,100000,0.932,666
identity_r1,cancel,100000,0.933,666
identity_r1,cancel,100000,0.934,666
identity_r1,cancel,100000,0.935,666
identity_r1,cancel,100000,0.936,667
identity_r1,cancel,100000,0.937,667
identity_r1,cancel,100000,0.938,667
identity_r1,cancel,100000,0.939,667
identity_r1,cancel,100000,0.94,667
identity_r1,cancel,100000,0.941,667
identity_r1,cancel,100000,0.942,667
identity_r1,cancel,100000,0.943,667
identity_r1,cancel,100000,0.944,667
identity_r1,cancel,100000,0.945,667
identity_r1,cancel,100000,0.946,667
identity_r1,cancel,100000,0.947,667
identity_r1,cancel,100000,0.948,708
identity_r1,cancel,100000,0.949,708
identity_r1,cancel,100000,0.95,708
identity_r1,cancel,100000,0.951,708
identity_r1,cancel,100000,0.952,708
identity_r1,cancel,100000,0.953,708
identity_r1,cancel,100000,0.954,708
identity_r1,cancel,100000,0.955,708
identity_r1,cancel,100000,0.956,709
identity_r1,cancel,100000,0.957,709
identity_r1,cancel,100000,0.958,709
identity_r1,cancel,100000,0.959,709
identity_r1,cancel,100000,0.96,750
identity_r1,cancel,100000,0.961,750
identity_r1,cancel,100000,0.962,750
identity_r1,cancel,100000,0.963,750
identity_r1,cancel,100000,0.964,750
identity_r1,cancel,100000,0.965,750
identity_r1,cancel,100000,0.966,750
identity_r1,cancel,100000,0.967,750
identity_r1,cancel,100000,0.968,791
identity_r1,cancel,100000,0.969,791
identity_r1,cancel,100000,0.97,792
identity_r1,cancel,100000,0.971,792
identity_r1,cancel,100000,0.972,792
identity_r1,cancel,100000,0.973,792
identity_r1,cancel,100000,0.974,833
identity_r1,cancel,100000,0.975,833
identity_r1,cancel,100000,0.976,833
identity_r1,cancel,100000,0.977,834
identity_r1,cancel,100000,0.978,875
identity_r1,cancel,100000,0.979,875
identity_r1,cancel,100000,0.98,875
identity_r1,cancel,100000,0.981,916
identity_r1,cancel,100000,0.982,917
identity_r1,cancel,100000,0.983,917
identity_r1,cancel,100000,0.984,958
identity_r1,cancel,100000,0.985,959
identity_r1,cancel,100000,0.986,1000
identity_r1,cancel,100000,0.987,1041
identity_r1,cancel,100000,0.988,1042
identity_r1,cancel,100000,0.989,1083
identity_r1,cancel,100000,0.99,1125
identity_r1,cancel,100000,0.991,1167
identity_r1,cancel,100000,0.992,1209
identity_r1,cancel,100000,0.993,1291
identity_r1,cancel,100000,0.994,1375
identity_r1,cancel,100000,0.995,1583
identity_r1,cancel,100000,0.996,2084
identity_r1,cancel,100000,0.997,7833
identity_r1,cancel,100000,0.998,22625
identity_r1,cancel,100000,0.999,182458
identity_r1,match,100000,0,0
identity_r1,match,100000,0.001,41
identity_r1,match,100000,0.002,41
identity_r1,match,100000,0.003,41
identity_r1,match,100000,0.004,41
identity_r1,match,100000,0.005,41
identity_r1,match,100000,0.006,41
identity_r1,match,100000,0.007,41
identity_r1,match,100000,0.008,41
identity_r1,match,100000,0.009,41
identity_r1,match,100000,0.01,41
identity_r1,match,100000,0.011,41
identity_r1,match,100000,0.012,41
identity_r1,match,100000,0.013,41
identity_r1,match,100000,0.014,41
identity_r1,match,100000,0.015,41
identity_r1,match,100000,0.016,41
identity_r1,match,100000,0.017,41
identity_r1,match,100000,0.018,41
identity_r1,match,100000,0.019,41
identity_r1,match,100000,0.02,41
identity_r1,match,100000,0.021,41
identity_r1,match,100000,0.022,41
identity_r1,match,100000,0.023,41
identity_r1,match,100000,0.024,41
identity_r1,match,100000,0.025,41
identity_r1,match,100000,0.026,41
identity_r1,match,100000,0.027,41
identity_r1,match,100000,0.028,41
identity_r1,match,100000,0.029,41
identity_r1,match,100000,0.03,41
identity_r1,match,100000,0.031,41
identity_r1,match,100000,0.032,41
identity_r1,match,100000,0.033,41
identity_r1,match,100000,0.034,41
identity_r1,match,100000,0.035,41
identity_r1,match,100000,0.036,41
identity_r1,match,100000,0.037,41
identity_r1,match,100000,0.038,41
identity_r1,match,100000,0.039,41
identity_r1,match,100000,0.04,41
identity_r1,match,100000,0.041,41
identity_r1,match,100000,0.042,41
identity_r1,match,100000,0.043,41
identity_r1,match,100000,0.044,41
identity_r1,match,100000,0.045,41
identity_r1,match,100000,0.046,41
identity_r1,match,100000,0.047,41
identity_r1,match,100000,0.048,41
identity_r1,match,100000,0.049,41
identity_r1,match,100000,0.05,41
identity_r1,match,100000,0.051,41
identity_r1,match,100000,0.052,41
identity_r1,match,100000,0.053,41
identity_r1,match,100000,0.054,41
identity_r1,match,100000,0.055,41
identity_r1,match,100000,0.056,41
identity_r1,match,100000,0.057,41
identity_r1,match,100000,0.058,41
identity_r1,match,100000,0.059,41
identity_r1,match,100000,0.06,41
identity_r1,match,100000,0.061,41
identity_r1,match,100000,0.062,41
identity_r1,match,100000,0.063,41
identity_r1,match,100000,0.064,41
identity_r1,match,100000,0.065,41
identity_r1,match,100000,0.066,41
identity_r1,match,100000,0.067,41
identity_r1,match,100000,0.068,41
identity_r1,match,100000,0.069,41
identity_r1,match,100000,0.07,41
identity_r1,match,100000,0.071,41
identity_r1,match,100000,0.072,41
identity_r1,match,100000,0.073,41
identity_r1,match,100000,0.074,41
identity_r1,match,100000,0.075,41
identity_r1,match,100000,0.076,41
identity_r1,match,100000,0.077,41
identity_r1,match,100000,0.078,41
identity_r1,match,100000,0.079,42
identity_r1,match,100000,0.08,42
identity_r1,match,100000,0.081,42
identity_r1,match,100000,0.082,42
identity_r1,match,100000,0.083,42
identity_r1,match,100000,0.084,42
identity_r1,match,100000,0.085,42
identity_r1,match,100000,0.086,42
identity_r1,match,100000,0.087,42
identity_r1,match,100000,0.088,42
identity_r1,match,100000,0.089,42
identity_r1,match,100000,0.09,42
identity_r1,match,100000,0.091,42
identity_r1,match,100000,0.092,42
identity_r1,match,100000,0.093,42
identity_r1,match,100000,0.094,42
identity_r1,match,100000,0.095,42
identity_r1,match,100000,0.096,42
identity_r1,match,100000,0.097,42
identity_r1,match,100000,0.098,42
identity_r1,match,100000,0.099,42
identity_r1,match,100000,0.1,42
identity_r1,match,100000,0.101,42
identity_r1,match,100000,0.102,42
identity_r1,match,100000,0.103,42
identity_r1,match,100000,0.104,42
identity_r1,match,100000,0.105,42
identity_r1,match,100000,0.106,42
identity_r1,match,100000,0.107,42
identity_r1,match,100000,0.108,42
identity_r1,match,100000,0.109,42
identity_r1,match,100000,0.11,42
identity_r1,match,100000,0.111,42
identity_r1,match,100000,0.112,42
identity_r1,match,100000,0.113,42
identity_r1,match,100000,0.114,42
identity_r1,match,100000,0.115,42
identity_r1,match,100000,0.116,42
identity_r1,match,100000,0.117,42
identity_r1,match,100000,0.118,42
identity_r1,match,100000,0.119,42
identity_r1,match,100000,0.12,42
identity_r1,match,100000,0.121,42
identity_r1,match,100000,0.122,42
identity_r1,match,100000,0.123,42
identity_r1,match,100000,0.124,42
identity_r1,match,100000,0.125,42
identity_r1,match,100000,0.126,42
identity_r1,match,100000,0.127,42
identity_r1,match,100000,0.128,42
identity_r1,match,100000,0.129,42
identity_r1,match,100000,0.13,42
identity_r1,match,100000,0.131,42
identity_r1,match,100000,0.132,42
identity_r1,match,100000,0.133,42
identity_r1,match,100000,0.134,42
identity_r1,match,100000,0.135,42
identity_r1,match,100000,0.136,42
identity_r1,match,100000,0.137,42
identity_r1,match,100000,0.138,42
identity_r1,match,100000,0.139,42
identity_r1,match,100000,0.14,42
identity_r1,match,100000,0.141,42
identity_r1,match,100000,0.142,42
identity_r1,match,100000,0.143,42
identity_r1,match,100000,0.144,42
identity_r1,match,100000,0.145,42
identity_r1,match,100000,0.146,42
identity_r1,match,100000,0.147,42
identity_r1,match,100000,0.148,42
identity_r1,match,100000,0.149,42
identity_r1,match,100000,0.15,42
identity_r1,match,100000,0.151,42
identity_r1,match,100000,0.152,42
identity_r1,match,100000,0.153,42
identity_r1,match,100000,0.154,42
identity_r1,match,100000,0.155,42
identity_r1,match,100000,0.156,42
identity_r1,match,100000,0.157,42
identity_r1,match,100000,0.158,42
identity_r1,match,100000,0.159,42
identity_r1,match,100000,0.16,42
identity_r1,match,100000,0.161,42
identity_r1,match,100000,0.162,42
identity_r1,match,100000,0.163,42
identity_r1,match,100000,0.164,42
identity_r1,match,100000,0.165,42
identity_r1,match,100000,0.166,42
identity_r1,match,100000,0.167,42
identity_r1,match,100000,0.168,42
identity_r1,match,100000,0.169,42
identity_r1,match,100000,0.17,42
identity_r1,match,100000,0.171,42
identity_r1,match,100000,0.172,42
identity_r1,match,100000,0.173,42
identity_r1,match,100000,0.174,42
identity_r1,match,100000,0.175,42
identity_r1,match,100000,0.176,42
identity_r1,match,100000,0.177,42
identity_r1,match,100000,0.178,42
identity_r1,match,100000,0.179,42
identity_r1,match,100000,0.18,42
identity_r1,match,100000,0.181,42
identity_r1,match,100000,0.182,42
identity_r1,match,100000,0.183,42
identity_r1,match,100000,0.184,42
identity_r1,match,100000,0.185,42
identity_r1,match,100000,0.186,42
identity_r1,match,100000,0.187,42
identity_r1,match,100000,0.188,42
identity_r1,match,100000,0.189,42
identity_r1,match,100000,0.19,42
identity_r1,match,100000,0.191,42
identity_r1,match,100000,0.192,42
identity_r1,match,100000,0.193,42
identity_r1,match,100000,0.194,42
identity_r1,match,100000,0.195,42
identity_r1,match,100000,0.196,42
identity_r1,match,100000,0.197,42
identity_r1,match,100000,0.198,42
identity_r1,match,100000,0.199,42
identity_r1,match,100000,0.2,42
identity_r1,match,100000,0.201,42
identity_r1,match,100000,0.202,42
identity_r1,match,100000,0.203,42
identity_r1,match,100000,0.204,42
identity_r1,match,100000,0.205,42
identity_r1,match,100000,0.206,42
identity_r1,match,100000,0.207,42
identity_r1,match,100000,0.208,42
identity_r1,match,100000,0.209,42
identity_r1,match,100000,0.21,42
identity_r1,match,100000,0.211,42
identity_r1,match,100000,0.212,42
identity_r1,match,100000,0.213,42
identity_r1,match,100000,0.214,42
identity_r1,match,100000,0.215,42
identity_r1,match,100000,0.216,42
identity_r1,match,100000,0.217,42
identity_r1,match,100000,0.218,42
identity_r1,match,100000,0.219,42
identity_r1,match,100000,0.22,42
identity_r1,match,100000,0.221,42
identity_r1,match,100000,0.222,42
identity_r1,match,100000,0.223,42
identity_r1,match,100000,0.224,42
identity_r1,match,100000,0.225,42
identity_r1,match,100000,0.226,42
identity_r1,match,100000,0.227,42
identity_r1,match,100000,0.228,42
identity_r1,match,100000,0.229,42
identity_r1,match,100000,0.23,42
identity_r1,match,100000,0.231,42
identity_r1,match,100000,0.232,42
identity_r1,match,100000,0.233,42
identity_r1,match,100000,0.234,42
identity_r1,match,100000,0.235,42
identity_r1,match,100000,0.236,42
identity_r1,match,100000,0.237,83
identity_r1,match,100000,0.238,83
identity_r1,match,100000,0.239,83
identity_r1,match,100000,0.24,83
identity_r1,match,100000,0.241,83
identity_r1,match,100000,0.242,83
identity_r1,match,100000,0.243,83
identity_r1,match,100000,0.244,83
identity_r1,match,100000,0.245,83
identity_r1,match,100000,0.246,83
identity_r1,match,100000,0.247,83
identity_r1,match,100000,0.248,83
identity_r1,match,100000,0.249,83
identity_r1,match,100000,0.25,83
identity_r1,match,100000,0.251,83
identity_r1,match,100000,0.252,83
identity_r1,match,100000,0.253,83
identity_r1,match,100000,0.254,83
identity_r1,match,100000,0.255,83
identity_r1,match,100000,0.256,83
identity_r1,match,100000,0.257,83
identity_r1,match,100000,0.258,83
identity_r1,match,100000,0.259,83
identity_r1,match,100000,0.26,83
identity_r1,match,100000,0.261,83
identity_r1,match,100000,0.262,83
identity_r1,match,100000,0.263,83
identity_r1,match,100000,0.264,83
identity_r1,match,100000,0.265,83
identity_r1,match,100000,0.266,83
identity_r1,match,100000,0.267,83
identity_r1,match,100000,0.268,83
identity_r1,match,100000,0.269,83
identity_r1,match,100000,0.27,83
identity_r1,match,100000,0.271,83
identity_r1,match,100000,0.272,83
identity_r1,match,100000,0.273,83
identity_r1,match,100000,0.274,83
identity_r1,match,100000,0.275,83
identity_r1,match,100000,0.276,83
identity_r1,match,100000,0.277,83
identity_r1,match,100000,0.278,83
identity_r1,match,100000,0.279,83
identity_r1,match,100000,0.28,83
identity_r1,match,100000,0.281,83
identity_r1,match,100000,0.282,83
identity_r1,match,100000,0.283,83
identity_r1,match,100000,0.284,83
identity_r1,match,100000,0.285,83
identity_r1,match,100000,0.286,83
identity_r1,match,100000,0.287,83
identity_r1,match,100000,0.288,83
identity_r1,match,100000,0.289,83
identity_r1,match,100000,0.29,83
identity_r1,match,100000,0.291,83
identity_r1,match,100000,0.292,83
identity_r1,match,100000,0.293,83
identity_r1,match,100000,0.294,83
identity_r1,match,100000,0.295,83
identity_r1,match,100000,0.296,83
identity_r1,match,100000,0.297,83
identity_r1,match,100000,0.298,83
identity_r1,match,100000,0.299,83
identity_r1,match,100000,0.3,83
identity_r1,match,100000,0.301,83
identity_r1,match,100000,0.302,83
identity_r1,match,100000,0.303,83
identity_r1,match,100000,0.304,83
identity_r1,match,100000,0.305,83
identity_r1,match,100000,0.306,83
identity_r1,match,100000,0.307,83
identity_r1,match,100000,0.308,83
identity_r1,match,100000,0.309,83
identity_r1,match,100000,0.31,83
identity_r1,match,100000,0.311,83
identity_r1,match,100000,0.312,83
identity_r1,match,100000,0.313,83
identity_r1,match,100000,0.314,83
identity_r1,match,100000,0.315,83
identity_r1,match,100000,0.316,83
identity_r1,match,100000,0.317,83
identity_r1,match,100000,0.318,83
identity_r1,match,100000,0.319,83
identity_r1,match,100000,0.32,83
identity_r1,match,100000,0.321,83
identity_r1,match,100000,0.322,83
identity_r1,match,100000,0.323,83
identity_r1,match,100000,0.324,83
identity_r1,match,100000,0.325,83
identity_r1,match,100000,0.326,83
identity_r1,match,100000,0.327,83
identity_r1,match,100000,0.328,83
identity_r1,match,100000,0.329,83
identity_r1,match,100000,0.33,83
identity_r1,match,100000,0.331,83
identity_r1,match,100000,0.332,83
identity_r1,match,100000,0.333,83
identity_r1,match,100000,0.334,83
identity_r1,match,100000,0.335,83
identity_r1,match,100000,0.336,83
identity_r1,match,100000,0.337,83
identity_r1,match,100000,0.338,83
identity_r1,match,100000,0.339,83
identity_r1,match,100000,0.34,83
identity_r1,match,100000,0.341,83
identity_r1,match,100000,0.342,83
identity_r1,match,100000,0.343,83
identity_r1,match,100000,0.344,83
identity_r1,match,100000,0.345,83
identity_r1,match,100000,0.346,83
identity_r1,match,100000,0.347,83
identity_r1,match,100000,0.348,83
identity_r1,match,100000,0.349,83
identity_r1,match,100000,0.35,83
identity_r1,match,100000,0.351,83
identity_r1,match,100000,0.352,83
identity_r1,match,100000,0.353,83
identity_r1,match,100000,0.354,83
identity_r1,match,100000,0.355,83
identity_r1,match,100000,0.356,83
identity_r1,match,100000,0.357,83
identity_r1,match,100000,0.358,83
identity_r1,match,100000,0.359,83
identity_r1,match,100000,0.36,83
identity_r1,match,100000,0.361,83
identity_r1,match,100000,0.362,83
identity_r1,match,100000,0.363,83
identity_r1,match,100000,0.364,83
identity_r1,match,100000,0.365,83
identity_r1,match,100000,0.366,83
identity_r1,match,100000,0.367,83
identity_r1,match,100000,0.368,83
identity_r1,match,100000,0.369,83
identity_r1,match,100000,0.37,83
identity_r1,match,100000,0.371,83
identity_r1,match,100000,0.372,83
identity_r1,match,100000,0.373,83
identity_r1,match,100000,0.374,83
identity_r1,match,100000,0.375,83
identity_r1,match,100000,0.376,83
identity_r1,match,100000,0.377,83
identity_r1,match,100000,0.378,83
identity_r1,match,100000,0.379,83
identity_r1,match,100000,0.38,83
identity_r1,match,100000,0.381,83
identity_r1,match,100000,0.382,83
identity_r1,match,100000,0.383,83
identity_r1,match,100000,0.384,83
identity_r1,match,100000,0.385,83
identity_r1,match,100000,0.386,83
identity_r1,match,100000,0.387,83
identity_r1,match,100000,0.388,83
identity_r1,match,100000,0.389,83
identity_r1,match,100000,0.39,83
identity_r1,match,100000,0.391,83
identity_r1,match,100000,0.392,83
identity_r1,match,100000,0.393,83
identity_r1,match,100000,0.394,83
identity_r1,match,100000,0.395,83
identity_r1,match,100000,0.396,83
identity_r1,match,100000,0.397,83
identity_r1,match,100000,0.398,83
identity_r1,match,100000,0.399,83
identity_r1,match,100000,0.4,83
identity_r1,match,100000,0.401,83
identity_r1,match,100000,0.402,83
identity_r1,match,100000,0.403,83
identity_r1,match,100000,0.404,83
identity_r1,match,100000,0.405,83
identity_r1,match,100000,0.406,83
identity_r1,match,100000,0.407,83
identity_r1,match,100000,0.408,83
identity_r1,match,100000,0.409,83
identity_r1,match,100000,0.41,83
identity_r1,match,100000,0.411,83
identity_r1,match,100000,0.412,83
identity_r1,match,100000,0.413,83
identity_r1,match,100000,0.414,83
identity_r1,match,100000,0.415,83
identity_r1,match,100000,0.416,83
identity_r1,match,100000,0.417,83
identity_r1,match,100000,0.418,83
identity_r1,match,100000,0.419,83
identity_r1,match,100000,0.42,83
identity_r1,match,100000,0.421,83
identity_r1,match,100000,0.422,83
identity_r1,match,100000,0.423,83
identity_r1,match,100000,0.424,83
identity_r1,match,100000,0.425,83
identity_r1,match,100000,0.426,83
identity_r1,match,100000,0.427,83
identity_r1,match,100000,0.428,83
identity_r1,match,100000,0.429,83
identity_r1,match,100000,0.43,83
identity_r1,match,100000,0.431,83
identity_r1,match,100000,0.432,83
identity_r1,match,100000,0.433,83
identity_r1,match,100000,0.434,83
identity_r1,match,100000,0.435,83
identity_r1,match,100000,0.436,83
identity_r1,match,100000,0.437,83
identity_r1,match,100000,0.438,83
identity_r1,match,100000,0.439,83
identity_r1,match,100000,0.44,83
identity_r1,match,100000,0.441,83
identity_r1,match,100000,0.442,83
identity_r1,match,100000,0.443,83
identity_r1,match,100000,0.444,83
identity_r1,match,100000,0.445,83
identity_r1,match,100000,0.446,83
identity_r1,match,100000,0.447,83
identity_r1,match,100000,0.448,83
identity_r1,match,100000,0.449,83
identity_r1,match,100000,0.45,83
identity_r1,match,100000,0.451,83
identity_r1,match,100000,0.452,83
identity_r1,match,100000,0.453,83
identity_r1,match,100000,0.454,83
identity_r1,match,100000,0.455,83
identity_r1,match,100000,0.456,83
identity_r1,match,100000,0.457,83
identity_r1,match,100000,0.458,83
identity_r1,match,100000,0.459,83
identity_r1,match,100000,0.46,83
identity_r1,match,100000,0.461,83
identity_r1,match,100000,0.462,83
identity_r1,match,100000,0.463,83
identity_r1,match,100000,0.464,83
identity_r1,match,100000,0.465,83
identity_r1,match,100000,0.466,83
identity_r1,match,100000,0.467,83
identity_r1,match,100000,0.468,83
identity_r1,match,100000,0.469,83
identity_r1,match,100000,0.47,83
identity_r1,match,100000,0.471,83
identity_r1,match,100000,0.472,83
identity_r1,match,100000,0.473,83
identity_r1,match,100000,0.474,83
identity_r1,match,100000,0.475,83
identity_r1,match,100000,0.476,83
identity_r1,match,100000,0.477,83
identity_r1,match,100000,0.478,83
identity_r1,match,100000,0.479,83
identity_r1,match,100000,0.48,83
identity_r1,match,100000,0.481,83
identity_r1,match,100000,0.482,83
identity_r1,match,100000,0.483,83
identity_r1,match,100000,0.484,83
identity_r1,match,100000,0.485,83
identity_r1,match,100000,0.486,83
identity_r1,match,100000,0.487,83
identity_r1,match,100000,0.488,83
identity_r1,match,100000,0.489,83
identity_r1,match,100000,0.49,83
identity_r1,match,100000,0.491,83
identity_r1,match,100000,0.492,83
identity_r1,match,100000,0.493,83
identity_r1,match,100000,0.494,83
identity_r1,match,100000,0.495,83
identity_r1,match,100000,0.496,83
identity_r1,match,100000,0.497,83
identity_r1,match,100000,0.498,83
identity_r1,match,100000,0.499,83
identity_r1,match,100000,0.5,83
identity_r1,match,100000,0.501,83
identity_r1,match,100000,0.502,83
identity_r1,match,100000,0.503,83
identity_r1,match,100000,0.504,83
identity_r1,match,100000,0.505,83
identity_r1,match,100000,0.506,83
identity_r1,match,100000,0.507,83
identity_r1,match,100000,0.508,83
identity_r1,match,100000,0.509,84
identity_r1,match,100000,0.51,84
identity_r1,match,100000,0.511,84
identity_r1,match,100000,0.512,84
identity_r1,match,100000,0.513,84
identity_r1,match,100000,0.514,84
identity_r1,match,100000,0.515,84
identity_r1,match,100000,0.516,84
identity_r1,match,100000,0.517,84
identity_r1,match,100000,0.518,84
identity_r1,match,100000,0.519,84
identity_r1,match,100000,0.52,84
identity_r1,match,100000,0.521,84
identity_r1,match,100000,0.522,84
identity_r1,match,100000,0.523,84
identity_r1,match,100000,0.524,84
identity_r1,match,100000,0.525,84
identity_r1,match,100000,0.526,84
identity_r1,match,100000,0.527,84
identity_r1,match,100000,0.528,84
identity_r1,match,100000,0.529,84
identity_r1,match,100000,0.53,84
identity_r1,match,100000,0.531,84
identity_r1,match,100000,0.532,84
identity_r1,match,100000,0.533,84
identity_r1,match,100000,0.534,84
identity_r1,match,100000,0.535,84
identity_r1,match,100000,0.536,84
identity_r1,match,100000,0.537,84
identity_r1,match,100000,0.538,84
identity_r1,match,100000,0.539,84
identity_r1,match,100000,0.54,84
identity_r1,match,100000,0.541,84
identity_r1,match,100000,0.542,84
identity_r1,match,100000,0.543,84
identity_r1,match,100000,0.544,84
identity_r1,match,100000,0.545,84
identity_r1,match,100000,0.546,84
identity_r1,match,100000,0.547,84
identity_r1,match,100000,0.548,84
identity_r1,match,100000,0.549,84
identity_r1,match,100000,0.55,84
identity_r1,match,100000,0.551,84
identity_r1,match,100000,0.552,84
identity_r1,match,100000,0.553,84
identity_r1,match,100000,0.554,84
identity_r1,match,100000,0.555,84
identity_r1,match,100000,0.556,84
identity_r1,match,100000,0.557,84
identity_r1,match,100000,0.558,84
identity_r1,match,100000,0.559,84
identity_r1,match,100000,0.56,84
identity_r1,match,100000,0.561,84
identity_r1,match,100000,0.562,84
identity_r1,match,100000,0.563,84
identity_r1,match,100000,0.564,84
identity_r1,match,100000,0.565,84
identity_r1,match,100000,0.566,84
identity_r1,match,100000,0.567,84
identity_r1,match,100000,0.568,84
identity_r1,match,100000,0.569,84
identity_r1,match,100000,0.57,84
identity_r1,match,100000,0.571,84
identity_r1,match,100000,0.572,84
identity_r1,match,100000,0.573,84
identity_r1,match,100000,0.574,84
identity_r1,match,100000,0.575,84
identity_r1,match,100000,0.576,84
identity_r1,match,100000,0.577,84
identity_r1,match,100000,0.578,84
identity_r1,match,100000,0.579,84
identity_r1,match,100000,0.58,84
identity_r1,match,100000,0.581,84
identity_r1,match,100000,0.582,84
identity_r1,match,100000,0.583,84
identity_r1,match,100000,0.584,84
identity_r1,match,100000,0.585,84
identity_r1,match,100000,0.586,84
identity_r1,match,100000,0.587,84
identity_r1,match,100000,0.588,84
identity_r1,match,100000,0.589,84
identity_r1,match,100000,0.59,84
identity_r1,match,100000,0.591,84
identity_r1,match,100000,0.592,84
identity_r1,match,100000,0.593,84
identity_r1,match,100000,0.594,84
identity_r1,match,100000,0.595,84
identity_r1,match,100000,0.596,84
identity_r1,match,100000,0.597,84
identity_r1,match,100000,0.598,84
identity_r1,match,100000,0.599,84
identity_r1,match,100000,0.6,84
identity_r1,match,100000,0.601,84
identity_r1,match,100000,0.602,84
identity_r1,match,100000,0.603,84
identity_r1,match,100000,0.604,84
identity_r1,match,100000,0.605,84
identity_r1,match,100000,0.606,84
identity_r1,match,100000,0.607,84
identity_r1,match,100000,0.608,84
identity_r1,match,100000,0.609,84
identity_r1,match,100000,0.61,84
identity_r1,match,100000,0.611,84
identity_r1,match,100000,0.612,84
identity_r1,match,100000,0.613,84
identity_r1,match,100000,0.614,84
identity_r1,match,100000,0.615,84
identity_r1,match,100000,0.616,84
identity_r1,match,100000,0.617,84
identity_r1,match,100000,0.618,84
identity_r1,match,100000,0.619,84
identity_r1,match,100000,0.62,84
identity_r1,match,100000,0.621,84
identity_r1,match,100000,0.622,84
identity_r1,match,100000,0.623,84
identity_r1,match,100000,0.624,84
identity_r1,match,100000,0.625,84
identity_r1,match,100000,0.626,84
identity_r1,match,100000,0.627,84
identity_r1,match,100000,0.628,84
identity_r1,match,100000,0.629,84
identity_r1,match,100000,0.63,84
identity_r1,match,100000,0.631,84
identity_r1,match,100000,0.632,84
identity_r1,match,100000,0.633,84
identity_r1,match,100000,0.634,84
identity_r1,match,100000,0.635,84
identity_r1,match,100000,0.636,84
identity_r1,match,100000,0.637,84
identity_r1,match,100000,0.638,84
identity_r1,match,100000,0.639,84
identity_r1,match,100000,0.64,84
identity_r1,match,100000,0.641,84
identity_r1,match,100000,0.642,84
identity_r1,match,100000,0.643,84
identity_r1,match,100000,0.644,84
identity_r1,match,100000,0.645,125
identity_r1,match,100000,0.646,125
identity_r1,match,100000,0.647,125
identity_r1,match,100000,0.648,125
identity_r1,match,100000,0.649,125
identity_r1,match,100000,0.65,125
identity_r1,match,100000,0.651,125
identity_r1,match,100000,0.652,125
identity_r1,match,100000,0.653,125
identity_r1,match,100000,0.654,125
identity_r1,match,100000,0.655,125
identity_r1,match,100000,0.656,125
identity_r1,match,100000,0.657,125
identity_r1,match,100000,0.658,125
identity_r1,match,100000,0.659,125
identity_r1,match,100000,0.66,125
identity_r1,match,100000,0.661,125
identity_r1,match,100000,0.662,125
identity_r1,match,100000,0.663,125
identity_r1,match,100000,0.664,125
identity_r1,match,100000,0.665,125
identity_r1,match,100000,0.666,125
identity_r1,match,100000,0.667,125
identity_r1,match,100000,0.668,125
identity_r1,match,100000,0.669,125
identity_r1,match,100000,0.67,125
identity_r1,match,100000,0.671,125
identity_r1,match,100000,0.672,125
identity_r1,match,100000,0.673,125
identity_r1,match,100000,0.674,125
identity_r1,match,100000,0.675,125
identity_r1,match,100000,0.676,125
identity_r1,match,100000,0.677,125
identity_r1,match,100000,0.678,125
identity_r1,match,100000,0.679,125
identity_r1,match,100000,0.68,125
identity_r1,match,100000,0.681,125
identity_r1,match,100000,0.682,125
identity_r1,match,100000,0.683,125
identity_r1,match,100000,0.684,125
identity_r1,match,100000,0.685,166
identity_r1,match,100000,0.686,166
identity_r1,match,100000,0.687,166
identity_r1,match,100000,0.688,166
identity_r1,match,100000,0.689,166
identity_r1,match,100000,0.69,166
identity_r1,match,100000,0.691,166
identity_r1,match,100000,0.692,166
identity_r1,match,100000,0.693,166
identity_r1,match,100000,0.694,166
identity_r1,match,100000,0.695,166
identity_r1,match,100000,0.696,166
identity_r1,match,100000,0.697,166
identity_r1,match,100000,0.698,166
identity_r1,match,100000,0.699,166
identity_r1,match,100000,0.7,166
identity_r1,match,100000,0.701,166
identity_r1,match,100000,0.702,166
identity_r1,match,100000,0.703,166
identity_r1,match,100000,0.704,166
identity_r1,match,100000,0.705,166
identity_r1,match,100000,0.706,166
identity_r1,match,100000,0.707,166
identity_r1,match,100000,0.708,166
identity_r1,match,100000,0.709,166
identity_r1,match,100000,0.71,166
identity_r1,match,100000,0.711,166
identity_r1,match,100000,0.712,166
identity_r1,match,100000,0.713,166
identity_r1,match,100000,0.714,166
identity_r1,match,100000,0.715,166
identity_r1,match,100000,0.716,166
identity_r1,match,100000,0.717,166
identity_r1,match,100000,0.718,166
identity_r1,match,100000,0.719,167
identity_r1,match,100000,0.72,167
identity_r1,match,100000,0.721,167
identity_r1,match,100000,0.722,167
identity_r1,match,100000,0.723,167
identity_r1,match,100000,0.724,167
identity_r1,match,100000,0.725,167
identity_r1,match,100000,0.726,167
identity_r1,match,100000,0.727,167
identity_r1,match,100000,0.728,167
identity_r1,match,100000,0.729,167
identity_r1,match,100000,0.73,167
identity_r1,match,100000,0.731,167
identity_r1,match,100000,0.732,167
identity_r1,match,100000,0.733,167
identity_r1,match,100000,0.734,167
identity_r1,match,100000,0.735,167
identity_r1,match,100000,0.736,167
identity_r1,match,100000,0.737,167
identity_r1,match,100000,0.738,167
identity_r1,match,100000,0.739,167
identity_r1,match,100000,0.74,167
identity_r1,match,100000,0.741,167
identity_r1,match,100000,0.742,167
identity_r1,match,100000,0.743,167
identity_r1,match,100000,0.744,167
identity_r1,match,100000,0.745,167
identity_r1,match,100000,0.746,167
identity_r1,match,100000,0.747,167
identity_r1,match,100000,0.748,167
identity_r1,match,100000,0.749,167
identity_r1,match,100000,0.75,167
identity_r1,match,100000,0.751,167
identity_r1,match,100000,0.752,167
identity_r1,match,100000,0.753,167
identity_r1,match,100000,0.754,167
identity_r1,match,100000,0.755,167
identity_r1,match,100000,0.756,167
identity_r1,match,100000,0.757,167
identity_r1,match,100000,0.758,167
identity_r1,match,100000,0.759,167
identity_r1,match,100000,0.76,167
identity_r1,match,100000,0.761,167
identity_r1,match,100000,0.762,167
identity_r1,match,100000,0.763,167
identity_r1,match,100000,0.764,167
identity_r1,match,100000,0.765,167
identity_r1,match,100000,0.766,167
identity_r1,match,100000,0.767,167
identity_r1,match,100000,0.768,167
identity_r1,match,100000,0.769,167
identity_r1,match,100000,0.77,167
identity_r1,match,100000,0.771,167
identity_r1,match,100000,0.772,167
identity_r1,match,100000,0.773,167
identity_r1,match,100000,0.774,167
identity_r1,match,100000,0.775,167
identity_r1,match,100000,0.776,167
identity_r1,match,100000,0.777,167
identity_r1,match,100000,0.778,167
identity_r1,match,100000,0.779,167
identity_r1,match,100000,0.78,167
identity_r1,match,100000,0.781,167
identity_r1,match,100000,0.782,167
identity_r1,match,100000,0.783,167
identity_r1,match,100000,0.784,167
identity_r1,match,100000,0.785,167
identity_r1,match,100000,0.786,167
identity_r1,match,100000,0.787,167
identity_r1,match,100000,0.788,167
identity_r1,match,100000,0.789,167
identity_r1,match,100000,0.79,208
identity_r1,match,100000,0.791,208
identity_r1,match,100000,0.792,208
identity_r1,match,100000,0.793,208
identity_r1,match,100000,0.794,208
identity_r1,match,100000,0.795,208
identity_r1,match,100000,0.796,208
identity_r1,match,100000,0.797,208
identity_r1,match,100000,0.798,208
identity_r1,match,100000,0.799,208
identity_r1,match,100000,0.8,208
identity_r1,match,100000,0.801,208
identity_r1,match,100000,0.802,208
identity_r1,match,100000,0.803,208
identity_r1,match,100000,0.804,208
identity_r1,match,100000,0.805,208
identity_r1,match,100000,0.806,208
identity_r1,match,100000,0.807,208
identity_r1,match,100000,0.808,208
identity_r1,match,100000,0.809,208
identity_r1,match,100000,0.81,208
identity_r1,match,100000,0.811,208
identity_r1,match,100000,0.812,208
identity_r1,match,100000,0.813,208
identity_r1,match,100000,0.814,208
identity_r1,match,100000,0.815,208
identity_r1,match,100000,0.816,208
identity_r1,match,100000,0.817,208
identity_r1,match,100000,0.818,208
identity_r1,match,100000,0.819,208
identity_r1,match,100000,0.82,208
identity_r1,match,100000,0.821,208
identity_r1,match,100000,0.822,208
identity_r1,match,100000,0.823,208
identity_r1,match,100000,0.824,208
identity_r1,match,100000,0.825,208
identity_r1,match,100000,0.826,208
identity_r1,match,100000,0.827,208
identity_r1,match,100000,0.828,208
identity_r1,match,100000,0.829,208
identity_r1,match,100000,0.83,208
identity_r1,match,100000,0.831,208
identity_r1,match,100000,0.832,208
identity_r1,match,100000,0.833,208
identity_r1,match,100000,0.834,208
identity_r1,match,100000,0.835,208
identity_r1,match,100000,0.836,208
identity_r1,match,100000,0.837,208
identity_r1,match,100000,0.838,208
identity_r1,match,100000,0.839,208
identity_r1,match,100000,0.84,208
identity_r1,match,100000,0.841,208
identity_r1,match,100000,0.842,208
identity_r1,match,100000,0.843,208
identity_r1,match,100000,0.844,208
identity_r1,match,100000,0.845,208
identity_r1,match,100000,0.846,208
identity_r1,match,100000,0.847,208
identity_r1,match,100000,0.848,208
identity_r1,match,100000,0.849,208
identity_r1,match,100000,0.85,208
identity_r1,match,100000,0.851,208
identity_r1,match,100000,0.852,208
identity_r1,match,100000,0.853,208
identity_r1,match,100000,0.854,208
identity_r1,match,100000,0.855,208
identity_r1,match,100000,0.856,208
identity_r1,match,100000,0.857,208
identity_r1,match,100000,0.858,208
identity_r1,match,100000,0.859,208
identity_r1,match,100000,0.86,208
identity_r1,match,100000,0.861,208
identity_r1,match,100000,0.862,208
identity_r1,match,100000,0.863,208
identity_r1,match,100000,0.864,208
identity_r1,match,100000,0.865,208
identity_r1,match,100000,0.866,208
identity_r1,match,100000,0.867,208
identity_r1,match,100000,0.868,208
identity_r1,match,100000,0.869,208
identity_r1,match,100000,0.87,209
identity_r1,match,100000,0.871,209
identity_r1,match,100000,0.872,209
identity_r1,match,100000,0.873,209
identity_r1,match,100000,0.874,209
identity_r1,match,100000,0.875,209
identity_r1,match,100000,0.876,209
identity_r1,match,100000,0.877,209
identity_r1,match,100000,0.878,209
identity_r1,match,100000,0.879,209
identity_r1,match,100000,0.88,209
identity_r1,match,100000,0.881,209
identity_r1,match,100000,0.882,209
identity_r1,match,100000,0.883,209
identity_r1,match,100000,0.884,209
identity_r1,match,100000,0.885,209
identity_r1,match,100000,0.886,209
identity_r1,match,100000,0.887,209
identity_r1,match,100000,0.888,209
identity_r1,match,100000,0.889,209
identity_r1,match,100000,0.89,209
identity_r1,match,100000,0.891,209
identity_r1,match,100000,0.892,209
identity_r1,match,100000,0.893,209
identity_r1,match,100000,0.894,209
identity_r1,match,100000,0.895,209
identity_r1,match,100000,0.896,209
identity_r1,match,100000,0.897,209
identity_r1,match,100000,0.898,209
identity_r1,match,100000,0.899,209
identity_r1,match,100000,0.9,209
identity_r1,match,100000,0.901,209
identity_r1,match,100000,0.902,209
identity_r1,match,100000,0.903,209
identity_r1,match,100000,0.904,209
identity_r1,match,100000,0.905,209
identity_r1,match,100000,0.906,209
identity_r1,match,100000,0.907,209
identity_r1,match,100000,0.908,209
identity_r1,match,100000,0.909,250
identity_r1,match,100000,0.91,250
identity_r1,match,100000,0.911,250
identity_r1,match,100000,0.912,250
identity_r1,match,100000,0.913,250
identity_r1,match,100000,0.914,250
identity_r1,match,100000,0.915,250
identity_r1,match,100000,0.916,250
identity_r1,match,100000,0.917,250
identity_r1,match,100000,0.918,250
identity_r1,match,100000,0.919,250
identity_r1,match,100000,0.92,250
identity_r1,match,100000,0.921,250
identity_r1,match,100000,0.922,250
identity_r1,match,100000,0.923,250
identity_r1,match,100000,0.924,250
identity_r1,match,100000,0.925,250
identity_r1,match,100000,0.926,250
identity_r1,match,100000,0.927,250
identity_r1,match,100000,0.928,250
identity_r1,match,100000,0.929,250
identity_r1,match,100000,0.93,250
identity_r1,match,100000,0.931,250
identity_r1,match,100000,0.932,250
identity_r1,match,100000,0.933,250
identity_r1,match,100000,0.934,250
identity_r1,match,100000,0.935,250
identity_r1,match,100000,0.936,250
identity_r1,match,100000,0.937,250
identity_r1,match,100000,0.938,250
identity_r1,match,100000,0.939,250
identity_r1,match,100000,0.94,250
identity_r1,match,100000,0.941,250
identity_r1,match,100000,0.942,250
identity_r1,match,100000,0.943,250
identity_r1,match,100000,0.944,250
identity_r1,match,100000,0.945,291
identity_r1,match,100000,0.946,291
identity_r1,match,100000,0.947,291
identity_r1,match,100000,0.948,291
identity_r1,match,100000,0.949,291
identity_r1,match,100000,0.95,291
identity_r1,match,100000,0.951,291
identity_r1,match,100000,0.952,292
identity_r1,match,100000,0.953,292
identity_r1,match,100000,0.954,292
identity_r1,match,100000,0.955,292
identity_r1,match,100000,0.956,292
identity_r1,match,100000,0.957,292
identity_r1,match,100000,0.958,292
identity_r1,match,100000,0.959,292
identity_r1,match,100000,0.96,292
identity_r1,match,100000,0.961,292
identity_r1,match,100000,0.962,292
identity_r1,match,100000,0.963,292
identity_r1,match,100000,0.964,292
identity_r1,match,100000,0.965,292
identity_r1,match,100000,0.966,333
identity_r1,match,100000,0.967,333
identity_r1,match,100000,0.968,333
identity_r1,match,100000,0.969,333
identity_r1,match,100000,0.97,333
identity_r1,match,100000,0.971,333
identity_r1,match,100000,0.972,333
identity_r1,match,100000,0.973,333
identity_r1,match,100000,0.974,333
identity_r1,match,100000,0.975,333
identity_r1,match,100000,0.976,333
identity_r1,match,100000,0.977,333
identity_r1,match,100000,0.978,334
identity_r1,match,100000,0.979,334
identity_r1,match,100000,0.98,334
identity_r1,match,100000,0.981,334
identity_r1,match,100000,0.982,334
identity_r1,match,100000,0.983,375
identity_r1,match,100000,0.984,375
identity_r1,match,100000,0.985,375
identity_r1,match,100000,0.986,375
identity_r1,match,100000,0.987,375
identity_r1,match,100000,0.988,375
identity_r1,match,100000,0.989,375
identity_r1,match,100000,0.99,416
identity_r1,match,100000,0.991,417
identity_r1,match,100000,0.992,417
identity_r1,match,100000,0.993,458
identity_r1,match,100000,0.994,459
identity_r1,match,100000,0.995,500
identity_r1,match,100000,0.996,500
identity_r1,match,100000,0.997,583
identity_r1,match,100000,0.998,625
identity_r1,match,100000,0.999,1000
identity_r1,add,1000000,0,0
identity_r1,add,1000000,0.001,41
identity_r1,add,1000000,0.002,41
identity_r1,add,1000000,0.003,41
identity_r1,add,1000000,0.004,41
identity_r1,add,1000000,0.005,41
identity_r1,add,1000000,0.006,41
identity_r1,add,1000000,0.007,41
identity_r1,add,1000000,0.008,42
identity_r1,add,1000000,0.009,42
identity_r1,add,1000000,0.01,42
identity_r1,add,1000000,0.011,42
identity_r1,add,1000000,0.012,42
identity_r1,add,1000000,0.013,42
identity_r1,add,1000000,0.014,42
identity_r1,add,1000000,0.015,42
identity_r1,add,1000000,0.016,42
identity_r1,add,1000000,0.017,42
identity_r1,add,1000000,0.018,42
identity_r1,add,1000000,0.019,42
identity_r1,add,1000000,0.02,42
identity_r1,add,1000000,0.021,42
identity_r1,add,1000000,0.022,42
identity_r1,add,1000000,0.023,83
identity_r1,add,1000000,0.024,83
identity_r1,add,1000000,0.025,83
identity_r1,add,1000000,0.026,83
identity_r1,add,1000000,0.027,83
identity_r1,add,1000000,0.028,83
identity_r1,add,1000000,0.029,83
identity_r1,add,1000000,0.03,83
identity_r1,add,1000000,0.031,83
identity_r1,add,1000000,0.032,83
identity_r1,add,1000000,0.033,83
identity_r1,add,1000000,0.034,83
identity_r1,add,1000000,0.035,83
identity_r1,add,1000000,0.036,83
identity_r1,add,1000000,0.037,83
identity_r1,add,1000000,0.038,83
identity_r1,add,1000000,0.039,83
identity_r1,add,1000000,0.04,83
identity_r1,add,1000000,0.041,83
identity_r1,add,1000000,0.042,83
identity_r1,add,1000000,0.043,83
identity_r1,add,1000000,0.044,83
identity_r1,add,1000000,0.045,83
identity_r1,add,1000000,0.046,83
identity_r1,add,1000000,0.047,83
identity_r1,add,1000000,0.048,83
identity_r1,add,1000000,0.049,83
identity_r1,add,1000000,0.05,83
identity_r1,add,1000000,0.051,83
identity_r1,add,1000000,0.052,83
identity_r1,add,1000000,0.053,83
identity_r1,add,1000000,0.054,83
identity_r1,add,1000000,0.055,83
identity_r1,add,1000000,0.056,83
identity_r1,add,1000000,0.057,83
identity_r1,add,1000000,0.058,83
identity_r1,add,1000000,0.059,83
identity_r1,add,1000000,0.06,83
identity_r1,add,1000000,0.061,83
identity_r1,add,1000000,0.062,83
identity_r1,add,1000000,0.063,83
identity_r1,add,1000000,0.064,83
identity_r1,add,1000000,0.065,83
identity_r1,add,1000000,0.066,83
identity_r1,add,1000000,0.067,83
identity_r1,add,1000000,0.068,83
identity_r1,add,1000000,0.069,83
identity_r1,add,1000000,0.07,83
identity_r1,add,1000000,0.071,83
identity_r1,add,1000000,0.072,83
identity_r1,add,1000000,0.073,83
identity_r1,add,1000000,0.074,83
identity_r1,add,1000000,0.075,83
identity_r1,add,1000000,0.076,83
identity_r1,add,1000000,0.077,83
identity_r1,add,1000000,0.078,83
identity_r1,add,1000000,0.079,83
identity_r1,add,1000000,0.08,83
identity_r1,add,1000000,0.081,83
identity_r1,add,1000000,0.082,83
identity_r1,add,1000000,0.083,83
identity_r1,add,1000000,0.084,83
identity_r1,add,1000000,0.085,83
identity_r1,add,1000000,0.086,83
identity_r1,add,1000000,0.087,83
identity_r1,add,1000000,0.088,83
identity_r1,add,1000000,0.089,83
identity_r1,add,1000000,0.09,84
identity_r1,add,1000000,0.091,84
identity_r1,add,1000000,0.092,84
identity_r1,add,1000000,0.093,84
identity_r1,add,1000000,0.094,84
identity_r1,add,1000000,0.095,84
identity_r1,add,1000000,0.096,84
identity_r1,add,1000000,0.097,84
identity_r1,add,1000000,0.098,84
identity_r1,add,1000000,0.099,84
identity_r1,add,1000000,0.1,84
identity_r1,add,1000000,0.101,84
identity_r1,add,1000000,0.102,84
identity_r1,add,1000000,0.103,84
identity_r1,add,1000000,0.104,84
identity_r1,add,1000000,0.105,84
identity_r1,add,1000000,0.106,84
identity_r1,add,1000000,0.107,84
identity_r1,add,1000000,0.108,84
identity_r1,add,1000000,0.109,84
identity_r1,add,1000000,0.11,84
identity_r1,add,1000000,0.111,84
identity_r1,add,1000000,0.112,84
identity_r1,add,1000000,0.113,84
identity_r1,add,1000000,0.114,84
identity_r1,add,1000000,0.115,84
identity_r1,add,1000000,0.116,84
identity_r1,add,1000000,0.117,84
identity_r1,add,1000000,0.118,84
identity_r1,add,1000000,0.119,84
identity_r1,add,1000000,0.12,84
identity_r1,add,1000000,0.121,84
identity_r1,add,1000000,0.122,84
identity_r1,add,1000000,0.123,125
identity_r1,add,1000000,0.124,125
identity_r1,add,1000000,0.125,125
identity_r1,add,1000000,0.126,125
identity_r1,add,1000000,0.127,125
identity_r1,add,1000000,0.128,125
identity_r1,add,1000000,0.129,125
identity_r1,add,1000000,0.13,125
identity_r1,add,1000000,0.131,125
identity_r1,add,1000000,0.132,125
identity_r1,add,1000000,0.133,125
identity_r1,add,1000000,0.134,125
identity_r1,add,1000000,0.135,125
identity_r1,add,1000000,0.136,125
identity_r1,add,1000000,0.137,125
identity_r1,add,1000000,0.138,125
identity_r1,add,1000000,0.139,125
identity_r1,add,1000000,0.14,125
identity_r1,add,1000000,0.141,125
identity_r1,add,1000000,0.142,125
identity_r1,add,1000000,0.143,125
identity_r1,add,1000000,0.144,125
identity_r1,add,1000000,0.145,125
identity_r1,add,1000000,0.146,125
identity_r1,add,1000000,0.147,125
identity_r1,add,1000000,0.148,125
identity_r1,add,1000000,0.149,125
identity_r1,add,1000000,0.15,125
identity_r1,add,1000000,0.151,125
identity_r1,add,1000000,0.152,125
identity_r1,add,1000000,0.153,125
identity_r1,add,1000000,0.154,125
identity_r1,add,1000000,0.155,125
identity_r1,add,1000000,0.156,125
identity_r1,add,1000000,0.157,125
identity_r1,add,1000000,0.158,125
identity_r1,add,1000000,0.159,125
identity_r1,add,1000000,0.16,125
identity_r1,add,1000000,0.161,125
identity_r1,add,1000000,0.162,125
identity_r1,add,1000000,0.163,125
identity_r1,add,1000000,0.164,125
identity_r1,add,1000000,0.165,125
identity_r1,add,1000000,0.166,125
identity_r1,add,1000000,0.167,125
identity_r1,add,1000000,0.168,125
identity_r1,add,1000000,0.169,125
identity_r1,add,1000000,0.17,125
identity_r1,add,1000000,0.171,125
identity_r1,add,1000000,0.172,125
identity_r1,add,1000000,0.173,125
identity_r1,add,1000000,0.174,125
identity_r1,add,1000000,0.175,125
identity_r1,add,1000000,0.176,125
identity_r1,add,1000000,0.177,125
identity_r1,add,1000000,0.178,125
identity_r1,add,1000000,0.179,125
identity_r1,add,1000000,0.18,125
identity_r1,add,1000000,0.181,125
identity_r1,add,1000000,0.182,125
identity_r1,add,1000000,0.183,125
identity_r1,add,1000000,0.184,125
identity_r1,add,1000000,0.185,125
identity_r1,add,1000000,0.186,125
identity_r1,add,1000000,0.187,125
identity_r1,add,1000000,0.188,125
identity_r1,add,1000000,0.189,125
identity_r1,add,1000000,0.19,125
identity_r1,add,1000000,0.191,125
identity_r1,add,1000000,0.192,125
identity_r1,add,1000000,0.193,125
identity_r1,add,1000000,0.194,125
identity_r1,add,1000000,0.195,125
identity_r1,add,1000000,0.196,125
identity_r1,add,1000000,0.197,125
identity_r1,add,1000000,0.198,125
identity_r1,add,1000000,0.199,125
identity_r1,add,1000000,0.2,125
identity_r1,add,1000000,0.201,125
identity_r1,add,1000000,0.202,125
identity_r1,add,1000000,0.203,125
identity_r1,add,1000000,0.204,125
identity_r1,add,1000000,0.205,125
identity_r1,add,1000000,0.206,125
identity_r1,add,1000000,0.207,125
identity_r1,add,1000000,0.208,125
identity_r1,add,1000000,0.209,125
identity_r1,add,1000000,0.21,125
identity_r1,add,1000000,0.211,125
identity_r1,add,1000000,0.212,125
identity_r1,add,1000000,0.213,125
identity_r1,add,1000000,0.214,125
identity_r1,add,1000000,0.215,125
identity_r1,add,1000000,0.216,125
identity_r1,add,1000000,0.217,125
identity_r1,add,1000000,0.218,125
identity_r1,add,1000000,0.219,125
identity_r1,add,1000000,0.22,125
identity_r1,add,1000000,0.221,125
identity_r1,add,1000000,0.222,125
identity_r1,add,1000000,0.223,125
identity_r1,add,1000000,0.224,125
identity_r1,add,1000000,0.225,125
identity_r1,add,1000000,0.226,125
identity_r1,add,1000000,0.227,125
identity_r1,add,1000000,0.228,125
identity_r1,add,1000000,0.229,125
identity_r1,add,1000000,0.23,125
identity_r1,add,1000000,0.231,125
identity_r1,add,1000000,0.232,125
identity_r1,add,1000000,0.233,125
identity_r1,add,1000000,0.234,125
identity_r1,add,1000000,0.235,125
identity_r1,add,1000000,0.236,125
identity_r1,add,1000000,0.237,125
identity_r1,add,1000000,0.238,125
identity_r1,add,1000000,0.239,125
identity_r1,add,1000000,0.24,125
identity_r1,add,1000000,0.241,125
identity_r1,add,1000000,0.242,125
identity_r1,add,1000000,0.243,125
identity_r1,add,1000000,0.244,125
identity_r1,add,1000000,0.245,125
identity_r1,add,1000000,0.246,125
identity_r1,add,1000000,0.247,125
identity_r1,add,1000000,0.248,125
identity_r1,add,1000000,0.249,125
identity_r1,add,1000000,0.25,125
identity_r1,add,1000000,0.251,125
identity_r1,add,1000000,0.252,125
identity_r1,add,1000000,0.253,125
identity_r1,add,1000000,0.254,125
identity_r1,add,1000000,0.255,125
identity_r1,add,1000000,0.256,125
identity_r1,add,1000000,0.257,125
identity_r1,add,1000000,0.258,125
identity_r1,add,1000000,0.259,125
identity_r1,add,1000000,0.26,125
identity_r1,add,1000000,0.261,125
identity_r1,add,1000000,0.262,125
identity_r1,add,1000000,0.263,125
identity_r1,add,1000000,0.264,125
identity_r1,add,1000000,0.265,125
identity_r1,add,1000000,0.266,125
identity_r1,add,1000000,0.267,125
identity_r1,add,1000000,0.268,125
identity_r1,add,1000000,0.269,125
identity_r1,add,1000000,0.27,125
identity_r1,add,1000000,0.271,125
identity_r1,add,1000000,0.272,125
identity_r1,add,1000000,0.273,125
identity_r1,add,1000000,0.274,125
identity_r1,add,1000000,0.275,125
identity_r1,add,1000000,0.276,125
identity_r1,add,1000000,0.277,125
identity_r1,add,1000000,0.278,125
identity_r1,add,1000000,0.279,125
identity_r1,add,1000000,0.28,125
identity_r1,add,1000000,0.281,125
identity_r1,add,1000000,0.282,125
identity_r1,add,1000000,0.283,125
identity_r1,add,1000000,0.284,125
identity_r1,add,1000000,0.285,125
identity_r1,add,1000000,0.286,125
identity_r1,add,1000000,0.287,125
identity_r1,add,1000000,0.288,125
identity_r1,add,1000000,0.289,125
identity_r1,add,1000000,0.29,125
identity_r1,add,1000000,0.291,125
identity_r1,add,1000000,0.292,125
identity_r1,add,1000000,0.293,125
identity_r1,add,1000000,0.294,125
identity_r1,add,1000000,0.295,125
identity_r1,add,1000000,0.296,125
identity_r1,add,1000000,0.297,125
identity_r1,add,1000000,0.298,125
identity_r1,add,1000000,0.299,125
identity_r1,add,1000000,0.3,125
identity_r1,add,1000000,0.301,125
identity_r1,add,1000000,0.302,125
identity_r1,add,1000000,0.303,125
identity_r1,add,1000000,0.304,125
identity_r1,add,1000000,0.305,125
identity_r1,add,1000000,0.306,125
identity_r1,add,1000000,0.307,125
identity_r1,add,1000000,0.308,125
identity_r1,add,1000000,0.309,125
identity_r1,add,1000000,0.31,125
identity_r1,add,1000000,0.311,125
identity_r1,add,1000000,0.312,125
identity_r1,add,1000000,0.313,125
identity_r1,add,1000000,0.314,125
identity_r1,add,1000000,0.315,125
identity_r1,add,1000000,0.316,125
identity_r1,add,1000000,0.317,125
identity_r1,add,1000000,0.318,125
identity_r1,add,1000000,0.319,125
identity_r1,add,1000000,0.32,125
identity_r1,add,1000000,0.321,125
identity_r1,add,1000000,0.322,125
identity_r1,add,1000000,0.323,125
identity_r1,add,1000000,0.324,125
identity_r1,add,1000000,0.325,125
identity_r1,add,1000000,0.326,125
identity_r1,add,1000000,0.327,125
identity_r1,add,1000000,0.328,125
identity_r1,add,1000000,0.329,125
identity_r1,add,1000000,0.33,125
identity_r1,add,1000000,0.331,125
identity_r1,add,1000000,0.332,125
identity_r1,add,1000000,0.333,125
identity_r1,add,1000000,0.334,125
identity_r1,add,1000000,0.335,125
identity_r1,add,1000000,0.336,125
identity_r1,add,1000000,0.337,125
identity_r1,add,1000000,0.338,125
identity_r1,add,1000000,0.339,125
identity_r1,add,1000000,0.34,125
identity_r1,add,1000000,0.341,125
identity_r1,add,1000000,0.342,125
identity_r1,add,1000000,0.343,125
identity_r1,add,1000000,0.344,125
identity_r1,add,1000000,0.345,125
identity_r1,add,1000000,0.346,125
identity_r1,add,1000000,0.347,125
identity_r1,add,1000000,0.348,125
identity_r1,add,1000000,0.349,125
identity_r1,add,1000000,0.35,125
identity_r1,add,1000000,0.351,125
identity_r1,add,1000000,0.352,125
identity_r1,add,1000000,0.353,125
identity_r1,add,1000000,0.354,125
identity_r1,add,1000000,0.355,125
identity_r1,add,1000000,0.356,125
identity_r1,add,1000000,0.357,125
identity_r1,add,1000000,0.358,125
identity_r1,add,1000000,0.359,125
identity_r1,add,1000000,0.36,125
identity_r1,add,1000000,0.361,125
identity_r1,add,1000000,0.362,125
identity_r1,add,1000000,0.363,125
identity_r1,add,1000000,0.364,125
identity_r1,add,1000000,0.365,125
identity_r1,add,1000000,0.366,125
identity_r1,add,1000000,0.367,125
identity_r1,add,1000000,0.368,125
identity_r1,add,1000000,0.369,125
identity_r1,add,1000000,0.37,125
identity_r1,add,1000000,0.371,125
identity_r1,add,1000000,0.372,125
identity_r1,add,1000000,0.373,125
identity_r1,add,1000000,0.374,125
identity_r1,add,1000000,0.375,125
identity_r1,add,1000000,0.376,125
identity_r1,add,1000000,0.377,125
identity_r1,add,1000000,0.378,125
identity_r1,add,1000000,0.379,125
identity_r1,add,1000000,0.38,125
identity_r1,add,1000000,0.381,125
identity_r1,add,1000000,0.382,125
identity_r1,add,1000000,0.383,125
identity_r1,add,1000000,0.384,125
identity_r1,add,1000000,0.385,125
identity_r1,add,1000000,0.386,125
identity_r1,add,1000000,0.387,125
identity_r1,add,1000000,0.388,125
identity_r1,add,1000000,0.389,125
identity_r1,add,1000000,0.39,125
identity_r1,add,1000000,0.391,125
identity_r1,add,1000000,0.392,125
identity_r1,add,1000000,0.393,125
identity_r1,add,1000000,0.394,125
identity_r1,add,1000000,0.395,125
identity_r1,add,1000000,0.396,125
identity_r1,add,1000000,0.397,125
identity_r1,add,1000000,0.398,125
identity_r1,add,1000000,0.399,125
identity_r1,add,1000000,0.4,125
identity_r1,add,1000000,0.401,125
identity_r1,add,1000000,0.402,125
identity_r1,add,1000000,0.403,125
identity_r1,add,1000000,0.404,125
identity_r1,add,1000000,0.405,125
identity_r1,add,1000000,0.406,125
identity_r1,add,1000000,0.407,125
identity_r1,add,1000000,0.408,125
identity_r1,add,1000000,0.409,125
identity_r1,add,1000000,0.41,125
identity_r1,add,1000000,0.411,125
identity_r1,add,1000000,0.412,125
identity_r1,add,1000000,0.413,125
identity_r1,add,1000000,0.414,125
identity_r1,add,1000000,0.415,125
identity_r1,add,1000000,0.416,125
identity_r1,add,1000000,0.417,125
identity_r1,add,1000000,0.418,125
identity_r1,add,1000000,0.419,125
identity_r1,add,1000000,0.42,125
identity_r1,add,1000000,0.421,125
identity_r1,add,1000000,0.422,125
identity_r1,add,1000000,0.423,125
identity_r1,add,1000000,0.424,125
identity_r1,add,1000000,0.425,125
identity_r1,add,1000000,0.426,125
identity_r1,add,1000000,0.427,125
identity_r1,add,1000000,0.428,125
identity_r1,add,1000000,0.429,125
identity_r1,add,1000000,0.43,125
identity_r1,add,1000000,0.431,125
identity_r1,add,1000000,0.432,125
identity_r1,add,1000000,0.433,125
identity_r1,add,1000000,0.434,125
identity_r1,add,1000000,0.435,125
identity_r1,add,1000000,0.436,125
identity_r1,add,1000000,0.437,125
identity_r1,add,1000000,0.438,125
identity_r1,add,1000000,0.439,125
identity_r1,add,1000000,0.44,125
identity_r1,add,1000000,0.441,125
identity_r1,add,1000000,0.442,125
identity_r1,add,1000000,0.443,125
identity_r1,add,1000000,0.444,125
identity_r1,add,1000000,0.445,125
identity_r1,add,1000000,0.446,125
identity_r1,add,1000000,0.447,125
identity_r1,add,1000000,0.448,125
identity_r1,add,1000000,0.449,125
identity_r1,add,1000000,0.45,125
identity_r1,add,1000000,0.451,125
identity_r1,add,1000000,0.452,125
identity_r1,add,1000000,0.453,125
identity_r1,add,1000000,0.454,125
identity_r1,add,1000000,0.455,125
identity_r1,add,1000000,0.456,125
identity_r1,add,1000000,0.457,125
identity_r1,add,1000000,0.458,125
identity_r1,add,1000000,0.459,125
identity_r1,add,1000000,0.46,125
identity_r1,add,1000000,0.461,125
identity_r1,add,1000000,0.462,125
identity_r1,add,1000000,0.463,125
identity_r1,add,1000000,0.464,125
identity_r1,add,1000000,0.465,125
identity_r1,add,1000000,0.466,125
identity_r1,add,1000000,0.467,125
identity_r1,add,1000000,0.468,125
identity_r1,add,1000000,0.469,125
identity_r1,add,1000000,0.47,125
identity_r1,add,1000000,0.471,125
identity_r1,add,1000000,0.472,125
identity_r1,add,1000000,0.473,125
identity_r1,add,1000000,0.474,125
identity_r1,add,1000000,0.475,125
identity_r1,add,1000000,0.476,125
identity_r1,add,1000000,0.477,125
identity_r1,add,1000000,0.478,125
identity_r1,add,1000000,0.479,125
identity_r1,add,1000000,0.48,125
identity_r1,add,1000000,0.481,125
identity_r1,add,1000000,0.482,125
identity_r1,add,1000000,0.483,125
identity_r1,add,1000000,0.484,125
identity_r1,add,1000000,0.485,125
identity_r1,add,1000000,0.486,125
identity_r1,add,1000000,0.487,125
identity_r1,add,1000000,0.488,125
identity_r1,add,1000000,0.489,125
identity_r1,add,1000000,0.49,125
identity_r1,add,1000000,0.491,125
identity_r1,add,1000000,0.492,125
identity_r1,add,1000000,0.493,125
identity_r1,add,1000000,0.494,125
identity_r1,add,1000000,0.495,125
identity_r1,add,1000000,0.496,125
identity_r1,add,1000000,0.497,125
identity_r1,add,1000000,0.498,125
identity_r1,add,1000000,0.499,125
identity_r1,add,1000000,0.5,125
identity_r1,add,1000000,0.501,125
identity_r1,add,1000000,0.502,125
identity_r1,add,1000000,0.503,125
identity_r1,add,1000000,0.504,125
identity_r1,add,1000000,0.505,125
identity_r1,add,1000000,0.506,125
identity_r1,add,1000000,0.507,125
identity_r1,add,1000000,0.508,125
identity_r1,add,1000000,0.509,125
identity_r1,add,1000000,0.51,125
identity_r1,add,1000000,0.511,125
identity_r1,add,1000000,0.512,125
identity_r1,add,1000000,0.513,125
identity_r1,add,1000000,0.514,125
identity_r1,add,1000000,0.515,125
identity_r1,add,1000000,0.516,125
identity_r1,add,1000000,0.517,125
identity_r1,add,1000000,0.518,166
identity_r1,add,1000000,0.519,166
identity_r1,add,1000000,0.52,166
identity_r1,add,1000000,0.521,166
identity_r1,add,1000000,0.522,166
identity_r1,add,1000000,0.523,166
identity_r1,add,1000000,0.524,166
identity_r1,add,1000000,0.525,166
identity_r1,add,1000000,0.526,166
identity_r1,add,1000000,0.527,166
identity_r1,add,1000000,0.528,166
identity_r1,add,1000000,0.529,166
identity_r1,add,1000000,0.53,166
identity_r1,add,1000000,0.531,166
identity_r1,add,1000000,0.532,166
identity_r1,add,1000000,0.533,166
identity_r1,add,1000000,0.534,166
identity_r1,add,1000000,0.535,166
identity_r1,add,1000000,0.536,166
identity_r1,add,1000000,0.537,166
identity_r1,add,1000000,0.538,166
identity_r1,add,1000000,0.539,166
identity_r1,add,1000000,0.54,166
identity_r1,add,1000000,0.541,166
identity_r1,add,1000000,0.542,166
identity_r1,add,1000000,0.543,166
identity_r1,add,1000000,0.544,166
identity_r1,add,1000000,0.545,166
identity_r1,add,1000000,0.546,166
identity_r1,add,1000000,0.547,166
identity_r1,add,1000000,0.548,166
identity_r1,add,1000000,0.549,166
identity_r1,add,1000000,0.55,166
identity_r1,add,1000000,0.551,166
identity_r1,add,1000000,0.552,166
identity_r1,add,1000000,0.553,166
identity_r1,add,1000000,0.554,166
identity_r1,add,1000000,0.555,166
identity_r1,add,1000000,0.556,166
identity_r1,add,1000000,0.557,166
identity_r1,add,1000000,0.558,166
identity_r1,add,1000000,0.559,166
identity_r1,add,1000000,0.56,166
identity_r1,add,1000000,0.561,166
identity_r1,add,1000000,0.562,166
identity_r1,add,1000000,0.563,166
identity_r1,add,1000000,0.564,166
identity_r1,add,1000000,0.565,166
identity_r1,add,1000000,0.566,166
identity_r1,add,1000000,0.567,166
identity_r1,add,1000000,0.568,166
identity_r1,add,1000000,0.569,166
identity_r1,add,1000000,0.57,166
identity_r1,add,1000000,0.571,166
identity_r1,add,1000000,0.572,166
identity_r1,add,1000000,0.573,166
identity_r1,add,1000000,0.574,166
identity_r1,add,1000000,0.575,166
identity_r1,add,1000000,0.576,166
identity_r1,add,1000000,0.577,166
identity_r1,add,1000000,0.578,166
identity_r1,add,1000000,0.579,166
identity_r1,add,1000000,0.58,166
identity_r1,add,1000000,0.581,166
identity_r1,add,1000000,0.582,166
identity_r1,add,1000000,0.583,166
identity_r1,add,1000000,0.584,166
identity_r1,add,1000000,0.585,166
identity_r1,add,1000000,0.586,166
identity_r1,add,1000000,0.587,166
identity_r1,add,1000000,0.588,166
identity_r1,add,1000000,0.589,166
identity_r1,add,1000000,0.59,166
identity_r1,add,1000000,0.591,166
identity_r1,add,1000000,0.592,166
identity_r1,add,1000000,0.593,166
identity_r1,add,1000000,0.594,166
identity_r1,add,1000000,0.595,166
identity_r1,add,1000000,0.596,166
identity_r1,add,1000000,0.597,166
identity_r1,add,1000000,0.598,166
identity_r1,add,1000000,0.599,166
identity_r1,add,1000000,0.6,166
identity_r1,add,1000000,0.601,166
identity_r1,add,1000000,0.602,166
identity_r1,add,1000000,0.603,166
identity_r1,add,1000000,0.604,166
identity_r1,add,1000000,0.605,166
identity_r1,add,1000000,0.606,166
identity_r1,add,1000000,0.607,166
identity_r1,add,1000000,0.608,166
identity_r1,add,1000000,0.609,166
identity_r1,add,1000000,0.61,166
identity_r1,add,1000000,0.611,166
identity_r1,add,1000000,0.612,166
identity_r1,add,1000000,0.613,166
identity_r1,add,1000000,0.614,166
identity_r1,add,1000000,0.615,167
identity_r1,add,1000000,0.616,167
identity_r1,add,1000000,0.617,167
identity_r1,add,1000000,0.618,167
identity_r1,add,1000000,0.619,167
identity_r1,add,1000000,0.62,167
identity_r1,add,1000000,0.621,167
identity_r1,add,1000000,0.622,167
identity_r1,add,1000000,0.623,167
identity_r1,add,1000000,0.624,167
identity_r1,add,1000000,0.625,167
identity_r1,add,1000000,0.626,167
identity_r1,add,1000000,0.627,167
identity_r1,add,1000000,0.628,167
identity_r1,add,1000000,0.629,167
identity_r1,add,1000000,0.63,167
identity_r1,add,1000000,0.631,167
identity_r1,add,1000000,0.632,167
identity_r1,add,1000000,0.633,167
identity_r1,add,1000000,0.634,167
identity_r1,add,1000000,0.635,167
identity_r1,add,1000000,0.636,167
identity_r1,add,1000000,0.637,167
identity_r1,add,1000000,0.638,167
identity_r1,add,1000000,0.639,167
identity_r1,add,1000000,0.64,167
identity_r1,add,1000000,0.641,167
identity_r1,add,1000000,0.642,167
identity_r1,add,1000000,0.643,167
identity_r1,add,1000000,0.644,167
identity_r1,add,1000000,0.645,167
identity_r1,add,1000000,0.646,167
identity_r1,add,1000000,0.647,167
identity_r1,add,1000000,0.648,167
identity_r1,add,1000000,0.649,167
identity_r1,add,1000000,0.65,167
identity_r1,add,1000000,0.651,167
identity_r1,add,1000000,0.652,167
identity_r1,add,1000000,0.653,167
identity_r1,add,1000000,0.654,167
identity_r1,add,1000000,0.655,167
identity_r1,add,1000000,0.656,167
identity_r1,add,1000000,0.657,167
identity_r1,add,1000000,0.658,167
identity_r1,add,1000000,0.659,167
identity_r1,add,1000000,0.66,167
identity_r1,add,1000000,0.661,167
identity_r1,add,1000000,0.662,167
identity_r1,add,1000000,0.663,167
identity_r1,add,1000000,0.664,167
identity_r1,add,1000000,0.665,167
identity_r1,add,1000000,0.666,167
identity_r1,add,1000000,0.667,167
identity_r1,add,1000000,0.668,167
identity_r1,add,1000000,0.669,167
identity_r1,add,1000000,0.67,167
identity_r1,add,1000000,0.671,167
identity_r1,add,1000000,0.672,167
identity_r1,add,1000000,0.673,167
identity_r1,add,1000000,0.674,167
identity_r1,add,1000000,0.675,167
identity_r1,add,1000000,0.676,167
identity_r1,add,1000000,0.677,167
identity_r1,add,1000000,0.678,167
identity_r1,add,1000000,0.679,167
identity_r1,add,1000000,0.68,167
identity_r1,add,1000000,0.681,167
identity_r1,add,1000000,0.682,167
identity_r1,add,1000000,0.683,167
identity_r1,add,1000000,0.684,167
identity_r1,add,1000000,0.685,167
identity_r1,add,1000000,0.686,167
identity_r1,add,1000000,0.687,167
identity_r1,add,1000000,0.688,167
identity_r1,add,1000000,0.689,167
identity_r1,add,1000000,0.69,167
identity_r1,add,1000000,0.691,167
identity_r1,add,1000000,0.692,167
identity_r1,add,1000000,0.693,167
identity_r1,add,1000000,0.694,167
identity_r1,add,1000000,0.695,167
identity_r1,add,1000000,0.696,167
identity_r1,add,1000000,0.697,167
identity_r1,add,1000000,0.698,167
identity_r1,add,1000000,0.699,167
identity_r1,add,1000000,0.7,167
identity_r1,add,1000000,0.701,167
identity_r1,add,1000000,0.702,167
identity_r1,add,1000000,0.703,167
identity_r1,add,1000000,0.704,167
identity_r1,add,1000000,0.705,167
identity_r1,add,1000000,0.706,167
identity_r1,add,1000000,0.707,167
identity_r1,add,1000000,0.708,167
identity_r1,add,1000000,0.709,167
identity_r1,add,1000000,0.71,167
identity_r1,add,1000000,0.711,167
identity_r1,add,1000000,0.712,167
identity_r1,add,1000000,0.713,167
identity_r1,add,1000000,0.714,167
identity_r1,add,1000000,0.715,167
identity_r1,add,1000000,0.716,167
identity_r1,add,1000000,0.717,167
identity_r1,add,1000000,0.718,167
identity_r1,add,1000000,0.719,167
identity_r1,add,1000000,0.72,167
identity_r1,add,1000000,0.721,167
identity_r1,add,1000000,0.722,167
identity_r1,add,1000000,0.723,167
identity_r1,add,1000000,0.724,167
identity_r1,add,1000000,0.725,167
identity_r1,add,1000000,0.726,167
identity_r1,add,1000000,0.727,167
identity_r1,add,1000000,0.728,167
identity_r1,add,1000000,0.729,167
identity_r1,add,1000000,0.73,167
identity_r1,add,1000000,0.731,167
identity_r1,add,1000000,0.732,167
identity_r1,add,1000000,0.733,167
identity_r1,add,1000000,0.734,167
identity_r1,add,1000000,0.735,167
identity_r1,add,1000000,0.736,167
identity_r1,add,1000000,0.737,167
identity_r1,add,1000000,0.738,167
identity_r1,add,1000000,0.739,167
identity_r1,add,1000000,0.74,167
identity_r1,add,1000000,0.741,167
identity_r1,add,1000000,0.742,167
identity_r1,add,1000000,0.743,167
identity_r1,add,1000000,0.744,167
identity_r1,add,1000000,0.745,167
identity_r1,add,1000000,0.746,167
identity_r1,add,1000000,0.747,167
identity_r1,add,1000000,0.748,167
identity_r1,add,1000000,0.749,167
identity_r1,add,1000000,0.75,167
identity_r1,add,1000000,0.751,167
identity_r1,add,1000000,0.752,167
identity_r1,add,1000000,0.753,167
identity_r1,add,1000000,0.754,167
identity_r1,add,1000000,0.755,167
identity_r1,add,1000000,0.756,167
identity_r1,add,1000000,0.757,167
identity_r1,add,1000000,0.758,167
identity_r1,add,1000000,0.759,167
identity_r1,add,1000000,0.76,167
identity_r1,add,1000000,0.761,167
identity_r1,add,1000000,0.762,167
identity_r1,add,1000000,0.763,167
identity_r1,add,1000000,0.764,167
identity_r1,add,1000000,0.765,167
identity_r1,add,1000000,0.766,167
identity_r1,add,1000000,0.767,167
identity_r1,add,1000000,0.768,167
identity_r1,add,1000000,0.769,167
identity_r1,add,1000000,0.77,167
identity_r1,add,1000000,0.771,167
identity_r1,add,1000000,0.772,167
identity_r1,add,1000000,0.773,167
identity_r1,add,1000000,0.774,167
identity_r1,add,1000000,0.775,167
identity_r1,add,1000000,0.776,167
identity_r1,add,1000000,0.777,167
identity_r1,add,1000000,0.778,167
identity_r1,add,1000000,0.779,167
identity_r1,add,1000000,0.78,167
identity_r1,add,1000000,0.781,167
identity_r1,add,1000000,0.782,167
identity_r1,add,1000000,0.783,167
identity_r1,add,1000000,0.784,167
identity_r1,add,1000000,0.785,167
identity_r1,add,1000000,0.786,167
identity_r1,add,1000000,0.787,167
identity_r1,add,1000000,0.788,167
identity_r1,add,1000000,0.789,167
identity_r1,add,1000000,0.79,167
identity_r1,add,1000000,0.791,167
identity_r1,add,1000000,0.792,167
identity_r1,add,1000000,0.793,167
identity_r1,add,1000000,0.794,167
identity_r1,add,1000000,0.795,167
identity_r1,add,1000000,0.796,167
identity_r1,add,1000000,0.797,167
identity_r1,add,1000000,0.798,167
identity_r1,add,1000000,0.799,167
identity_r1,add,1000000,0.8,167
identity_r1,add,1000000,0.801,167
identity_r1,add,1000000,0.802,167
identity_r1,add,1000000,0.803,167
identity_r1,add,1000000,0.804,167
identity_r1,add,1000000,0.805,167
identity_r1,add,1000000,0.806,167
identity_r1,add,1000000,0.807,167
identity_r1,add,1000000,0.808,167
identity_r1,add,1000000,0.809,208
identity_r1,add,1000000,0.81,208
identity_r1,add,1000000,0.811,208
identity_r1,add,1000000,0.812,208
identity_r1,add,1000000,0.813,208
identity_r1,add,1000000,0.814,208
identity_r1,add,1000000,0.815,208
identity_r1,add,1000000,0.816,208
identity_r1,add,1000000,0.817,208
identity_r1,add,1000000,0.818,208
identity_r1,add,1000000,0.819,208
identity_r1,add,1000000,0.82,208
identity_r1,add,1000000,0.821,208
identity_r1,add,1000000,0.822,208
identity_r1,add,1000000,0.823,208
identity_r1,add,1000000,0.824,208
identity_r1,add,1000000,0.825,208
identity_r1,add,1000000,0.826,208
identity_r1,add,1000000,0.827,208
identity_r1,add,1000000,0.828,208
identity_r1,add,1000000,0.829,208
identity_r1,add,1000000,0.83,208
identity_r1,add,1000000,0.831,208
identity_r1,add,1000000,0.832,208
identity_r1,add,1000000,0.833,208
identity_r1,add,1000000,0.834,208
identity_r1,add,1000000,0.835,209
identity_r1,add,1000000,0.836,209
identity_r1,add,1000000,0.837,209
identity_r1,add,1000000,0.838,209
identity_r1,add,1000000,0.839,209
identity_r1,add,1000000,0.84,209
identity_r1,add,1000000,0.841,209
identity_r1,add,1000000,0.842,209
identity_r1,add,1000000,0.843,209
identity_r1,add,1000000,0.844,209
identity_r1,add,1000000,0.845,209
identity_r1,add,1000000,0.846,209
identity_r1,add,1000000,0.847,209
identity_r1,add,1000000,0.848,209
identity_r1,add,1000000,0.849,250
identity_r1,add,1000000,0.85,250
identity_r1,add,1000000,0.851,250
identity_r1,add,1000000,0.852,250
identity_r1,add,1000000,0.853,250
identity_r1,add,1000000,0.854,250
identity_r1,add,1000000,0.855,250
identity_r1,add,1000000,0.856,250
identity_r1,add,1000000,0.857,250
identity_r1,add,1000000,0.858,250
identity_r1,add,1000000,0.859,250
identity_r1,add,1000000,0.86,250
identity_r1,add,1000000,0.861,250
identity_r1,add,1000000,0.862,250
identity_r1,add,1000000,0.863,250
identity_r1,add,1000000,0.864,250
identity_r1,add,1000000,0.865,250
identity_r1,add,1000000,0.866,250
identity_r1,add,1000000,0.867,250
identity_r1,add,1000000,0.868,250
identity_r1,add,1000000,0.869,250
identity_r1,add,1000000,0.87,250
identity_r1,add,1000000,0.871,250
identity_r1,add,1000000,0.872,250
identity_r1,add,1000000,0.873,250
identity_r1,add,1000000,0.874,250
identity_r1,add,1000000,0.875,250
identity_r1,add,1000000,0.876,250
identity_r1,add,1000000,0.877,250
identity_r1,add,1000000,0.878,250
identity_r1,add,1000000,0.879,250
identity_r1,add,1000000,0.88,250
identity_r1,add,1000000,0.881,250
identity_r1,add,1000000,0.882,250
identity_r1,add,1000000,0.883,250
identity_r1,add,1000000,0.884,250
identity_r1,add,1000000,0.885,250
identity_r1,add,1000000,0.886,250
identity_r1,add,1000000,0.887,250
identity_r1,add,1000000,0.888,250
identity_r1,add,1000000,0.889,250
identity_r1,add,1000000,0.89,250
identity_r1,add,1000000,0.891,250
identity_r1,add,1000000,0.892,250
identity_r1,add,1000000,0.893,250
identity_r1,add,1000000,0.894,291
identity_r1,add,1000000,0.895,291
identity_r1,add,1000000,0.896,291
identity_r1,add,1000000,0.897,291
identity_r1,add,1000000,0.898,291
identity_r1,add,1000000,0.899,291
identity_r1,add,1000000,0.9,291
identity_r1,add,1000000,0.901,291
identity_r1,add,1000000,0.902,291
identity_r1,add,1000000,0.903,291
identity_r1,add,1000000,0.904,292
identity_r1,add,1000000,0.905,292
identity_r1,add,1000000,0.906,292
identity_r1,add,1000000,0.907,292
identity_r1,add,1000000,0.908,292
identity_r1,add,1000000,0.909,292
identity_r1,add,1000000,0.91,292
identity_r1,add,1000000,0.911,292
identity_r1,add,1000000,0.912,292
identity_r1,add,1000000,0.913,292
identity_r1,add,1000000,0.914,292
identity_r1,add,1000000,0.915,292
identity_r1,add,1000000,0.916,292
identity_r1,add,1000000,0.917,292
identity_r1,add,1000000,0.918,292
identity_r1,add,1000000,0.919,292
identity_r1,add,1000000,0.92,292
identity_r1,add,1000000,0.921,292
identity_r1,add,1000000,0.922,292
identity_r1,add,1000000,0.923,333
identity_r1,add,1000000,0.924,333
identity_r1,add,1000000,0.925,333
identity_r1,add,1000000,0.926,333
identity_r1,add,1000000,0.927,333
identity_r1,add,1000000,0.928,333
identity_r1,add,1000000,0.929,333
identity_r1,add,1000000,0.93,333
identity_r1,add,1000000,0.931,333
identity_r1,add,1000000,0.932,333
identity_r1,add,1000000,0.933,333
identity_r1,add,1000000,0.934,333
identity_r1,add,1000000,0.935,333
identity_r1,add,1000000,0.936,333
identity_r1,add,1000000,0.937,333
identity_r1,add,1000000,0.938,333
identity_r1,add,1000000,0.939,333
identity_r1,add,1000000,0.94,333
identity_r1,add,1000000,0.941,334
identity_r1,add,1000000,0.942,334
identity_r1,add,1000000,0.943,334
identity_r1,add,1000000,0.944,334
identity_r1,add,1000000,0.945,334
identity_r1,add,1000000,0.946,334
identity_r1,add,1000000,0.947,334
identity_r1,add,1000000,0.948,334
identity_r1,add,1000000,0.949,334
identity_r1,add,1000000,0.95,375
identity_r1,add,1000000,0.951,375
identity_r1,add,1000000,0.952,375
identity_r1,add,1000000,0.953,375
identity_r1,add,1000000,0.954,375
identity_r1,add,1000000,0.955,375
identity_r1,add,1000000,0.956,375
identity_r1,add,1000000,0.957,375
identity_r1,add,1000000,0.958,375
identity_r1,add,1000000,0.959,375
identity_r1,add,1000000,0.96,375
identity_r1,add,1000000,0.961,375
identity_r1,add,1000000,0.962,375
identity_r1,add,1000000,0.963,375
identity_r1,add,1000000,0.964,375
identity_r1,add,1000000,0.965,416
identity_r1,add,1000000,0.966,416
identity_r1,add,1000000,0.967,416
identity_r1,add,1000000,0.968,417
identity_r1,add,1000000,0.969,417
identity_r1,add,1000000,0.97,417
identity_r1,add,1000000,0.971,417
identity_r1,add,1000000,0.972,417
identity_r1,add,1000000,0.973,417
identity_r1,add,1000000,0.974,458
identity_r1,add,1000000,0.975,458
identity_r1,add,1000000,0.976,458
identity_r1,add,1000000,0.977,459
identity_r1,add,1000000,0.978,459
identity_r1,add,1000000,0.979,500
identity_r1,add,1000000,0.98,500
identity_r1,add,1000000,0.981,500
identity_r1,add,1000000,0.982,500
identity_r1,add,1000000,0.983,541
identity_r1,add,1000000,0.984,542
identity_r1,add,1000000,0.985,542
identity_r1,add,1000000,0.986,583
identity_r1,add,1000000,0.987,584
identity_r1,add,1000000,0.988,625
identity_r1,add,1000000,0.989,667
identity_r1,add,1000000,0.99,708
identity_r1,add,1000000,0.991,750
identity_r1,add,1000000,0.992,833
identity_r1,add,1000000,0.993,917
identity_r1,add,1000000,0.994,1083
identity_r1,add,1000000,0.995,1375
identity_r1,add,1000000,0.996,1792
identity_r1,add,1000000,0.997,2833
identity_r1,add,1000000,0.998,7583
identity_r1,add,1000000,0.999,22917
identity_r1,cancel,1000000,0,41
identity_r1,cancel,1000000,0.001,208
identity_r1,cancel,1000000,0.002,250
identity_r1,cancel,1000000,0.003,250
identity_r1,cancel,1000000,0.004,291
identity_r1,cancel,1000000,0.005,292
identity_r1,cancel,1000000,0.006,333
identity_r1,cancel,1000000,0.007,333
identity_r1,cancel,1000000,0.008,333
identity_r1,cancel,1000000,0.009,333
identity_r1,cancel,1000000,0.01,333
identity_r1,cancel,1000000,0.011,333
identity_r1,cancel,1000000,0.012,334
identity_r1,cancel,1000000,0.013,334
identity_r1,cancel,1000000,0.014,334
identity_r1,cancel,1000000,0.015,375
identity_r1,cancel,1000000,0.016,375
identity_r1,cancel,1000000,0.017,375
identity_r1,cancel,1000000,0.018,375
identity_r1,cancel,1000000,0.019,375
identity_r1,cancel,1000000,0.02,375
identity_r1,cancel,1000000,0.021,375
identity_r1,cancel,1000000,0.022,375
identity_r1,cancel,1000000,0.023,375
identity_r1,cancel,1000000,0.024,375
identity_r1,cancel,1000000,0.025,375
identity_r1,cancel,1000000,0.026,375
identity_r1,cancel,1000000,0.027,416
identity_r1,cancel,1000000,0.028,416
identity_r1,cancel,1000000,0.029,416
identity_r1,cancel,1000000,0.03,416
identity_r1,cancel,1000000,0.031,416
identity_r1,cancel,1000000,0.032,416
identity_r1,cancel,1000000,0.033,416
identity_r1,cancel,1000000,0.034,416
identity_r1,cancel,1000000,0.035,417
identity_r1,cancel,1000000,0.036,417
identity_r1,cancel,1000000,0.037,417
identity_r1,cancel,1000000,0.038,417
identity_r1,cancel,1000000,0.039,417
identity_r1,cancel,1000000,0.04,417
identity_r1,cancel,1000000,0.041,417
identity_r1,cancel,1000000,0.042,417
identity_r1,cancel,1000000,0.043,417
identity_r1,cancel,1000000,0.044,417
identity_r1,cancel,1000000,0.045,417
identity_r1,cancel,1000000,0.046,417
identity_r1,cancel,1000000,0.047,417
identity_r1,cancel,1000000,0.048,417
identity_r1,cancel,1000000,0.049,417
identity_r1,cancel,1000000,0.05,417
identity_r1,cancel,1000000,0.051,458
identity_r1,cancel,1000000,0.052,458
identity_r1,cancel,1000000,0.053,458
identity_r1,cancel,1000000,0.054,458
identity_r1,cancel,1000000,0.055,458
identity_r1,cancel,1000000,0.056,458
identity_r1,cancel,1000000,0.057,458
identity_r1,cancel,1000000,0.058,458
identity_r1,cancel,1000000,0.059,458
identity_r1,cancel,1000000,0.06,458
identity_r1,cancel,1000000,0.061,458
identity_r1,cancel,1000000,0.062,458
identity_r1,cancel,1000000,0.063,458
identity_r1,cancel,1000000,0.064,458
identity_r1,cancel,1000000,0.065,458
identity_r1,cancel,1000000,0.066,458
identity_r1,cancel,1000000,0.067,458
identity_r1,cancel,1000000,0.068,458
identity_r1,cancel,1000000,0.069,458
identity_r1,cancel,1000000,0.07,458
identity_r1,cancel,1000000,0.071,458
identity_r1,cancel,1000000,0.072,458
identity_r1,cancel,1000000,0.073,458
identity_r1,cancel,1000000,0.074,458
identity_r1,cancel,1000000,0.075,458
identity_r1,cancel,1000000,0.076,458
identity_r1,cancel,1000000,0.077,458
identity_r1,cancel,1000000,0.078,458
identity_r1,cancel,1000000,0.079,458
identity_r1,cancel,1000000,0.08,458
identity_r1,cancel,1000000,0.081,458
identity_r1,cancel,1000000,0.082,458
identity_r1,cancel,1000000,0.083,459
identity_r1,cancel,1000000,0.084,459
identity_r1,cancel,1000000,0.085,459
identity_r1,cancel,1000000,0.086,459
identity_r1,cancel,1000000,0.087,459
identity_r1,cancel,1000000,0.088,459
identity_r1,cancel,1000000,0.089,459
identity_r1,cancel,1000000,0.09,459
identity_r1,cancel,1000000,0.091,459
identity_r1,cancel,1000000,0.092,459
identity_r1,cancel,1000000,0.093,459
identity_r1,cancel,1000000,0.094,459
identity_r1,cancel,1000000,0.095,459
identity_r1,cancel,1000000,0.096,459
identity_r1,cancel,1000000,0.097,459
identity_r1,cancel,1000000,0.098,459
identity_r1,cancel,1000000,0.099,500
identity_r1,cancel,1000000,0.1,500
identity_r1,cancel,1000000,0.101,500
identity_r1,cancel,1000000,0.102,500
identity_r1,cancel,1000000,0.103,500
identity_r1,cancel,1000000,0.104,500
identity_r1,cancel,1000000,0.105,500
identity_r1,cancel,1000000,0.106,500
identity_r1,cancel,1000000,0.107,500
identity_r1,cancel,1000000,0.108,500
identity_r1,cancel,1000000,0.109,500
identity_r1,cancel,1000000,0.11,500
identity_r1,cancel,1000000,0.111,500
identity_r1,cancel,1000000,0.112,500
identity_r1,cancel,1000000,0.113,500
identity_r1,cancel,1000000,0.114,500
identity_r1,cancel,1000000,0.115,500
identity_r1,cancel,1000000,0.116,500
identity_r1,cancel,1000000,0.117,500
identity_r1,cancel,1000000,0.118,500
identity_r1,cancel,1000000,0.119,500
identity_r1,cancel,1000000,0.12,500
identity_r1,cancel,1000000,0.121,500
identity_r1,cancel,1000000,0.122,500
identity_r1,cancel,1000000,0.123,500
identity_r1,cancel,1000000,0.124,500
identity_r1,cancel,1000000,0.125,500
identity_r1,cancel,1000000,0.126,500
identity_r1,cancel,1000000,0.127,500
identity_r1,cancel,1000000,0.128,500
identity_r1,cancel,1000000,0.129,500
identity_r1,cancel,1000000,0.13,500
identity_r1,cancel,1000000,0.131,500
identity_r1,cancel,1000000,0.132,500
identity_r1,cancel,1000000,0.133,500
identity_r1,cancel,1000000,0.134,500
identity_r1,cancel,1000000,0.135,500
identity_r1,cancel,1000000,0.136,500
identity_r1,cancel,1000000,0.137,500
identity_r1,cancel,1000000,0.138,500
identity_r1,cancel,1000000,0.139,500
identity_r1,cancel,1000000,0.14,500
identity_r1,cancel,1000000,0.141,500
identity_r1,cancel,1000000,0.142,500
identity_r1,cancel,1000000,0.143,500
identity_r1,cancel,1000000,0.144,500
identity_r1,cancel,1000000,0.145,500
identity_r1,cancel,1000000,0.146,500
identity_r1,cancel,1000000,0.147,500
identity_r1,cancel,1000000,0.148,500
identity_r1,cancel,1000000,0.149,500
identity_r1,cancel,1000000,0.15,500
identity_r1,cancel,1000000,0.151,500
identity_r1,cancel,1000000,0.152,500
identity_r1,cancel,1000000,0.153,500
identity_r1,cancel,1000000,0.154,500
identity_r1,cancel,1000000,0.155,500
identity_r1,cancel,1000000,0.156,500
identity_r1,cancel,1000000,0.157,541
identity_r1,cancel,1000000,0.158,541
identity_r1,cancel,1000000,0.159,541
identity_r1,cancel,1000000,0.16,541
identity_r1,cancel,1000000,0.161,541
identity_r1,cancel,1000000,0.162,541
identity_r1,cancel,1000000,0.163,541
identity_r1,cancel,1000000,0.164,541
identity_r1,cancel,1000000,0.165,541
identity_r1,cancel,1000000,0.166,541
identity_r1,cancel,1000000,0.167,541
identity_r1,cancel,1000000,0.168,541
identity_r1,cancel,1000000,0.169,541
identity_r1,cancel,1000000,0.17,541
identity_r1,cancel,1000000,0.171,541
identity_r1,cancel,1000000,0.172,541
identity_r1,cancel,1000000,0.173,541
identity_r1,cancel,1000000,0.174,541
identity_r1,cancel,1000000,0.175,541
identity_r1,cancel,1000000,0.176,541
identity_r1,cancel,1000000,0.177,541
identity_r1,cancel,1000000,0.178,541
identity_r1,cancel,1000000,0.179,541
identity_r1,cancel,1000000,0.18,541
identity_r1,cancel,1000000,0.181,541
identity_r1,cancel,1000000,0.182,542
identity_r1,cancel,1000000,0.183,542
identity_r1,cancel,1000000,0.184,542
identity_r1,cancel,1000000,0.185,542
identity_r1,cancel,1000000,0.186,542
identity_r1,cancel,1000000,0.187,542
identity_r1,cancel,1000000,0.188,542
identity_r1,cancel,1000000,0.189,542
identity_r1,cancel,1000000,0.19,542
identity_r1,cancel,1000000,0.191,542
identity_r1,cancel,1000000,0.192,542
identity_r1,cancel,1000000,0.193,542
identity_r1,cancel,1000000,0.194,542
identity_r1,cancel,1000000,0.195,542
identity_r1,cancel,1000000,0.196,542
identity_r1,cancel,1000000,0.197,542
identity_r1,cancel,1000000,0.198,542
identity_r1,cancel,1000000,0.199,542
identity_r1,cancel,1000000,0.2,542
identity_r1,cancel,1000000,0.201,542
identity_r1,cancel,1000000,0.202,542
identity_r1,cancel,1000000,0.203,542
identity_r1,cancel,1000000,0.204,542
identity_r1,cancel,1000000,0.205,542
identity_r1,cancel,1000000,0.206,542
identity_r1,cancel,1000000,0.207,542
identity_r1,cancel,1000000,0.208,542
identity_r1,cancel,1000000,0.209,542
identity_r1,cancel,1000000,0.21,542
identity_r1,cancel,1000000,0.211,542
identity_r1,cancel,1000000,0.212,542
identity_r1,cancel,1000000,0.213,542
identity_r1,cancel,1000000,0.214,542
identity_r1,cancel,1000000,0.215,542
identity_r1,cancel,1000000,0.216,542
identity_r1,cancel,1000000,0.217,542
identity_r1,cancel,1000000,0.218,542
identity_r1,cancel,1000000,0.219,542
identity_r1,cancel,1000000,0.22,542
identity_r1,cancel,1000000,0.221,542
identity_r1,cancel,1000000,0.222,542
identity_r1,cancel,1000000,0.223,542
identity_r1,cancel,1000000,0.224,542
identity_r1,cancel,1000000,0.225,542
identity_r1,cancel,1000000,0.226,542
identity_r1,cancel,1000000,0.227,542
identity_r1,cancel,1000000,0.228,542
identity_r1,cancel,1000000,0.229,542
identity_r1,cancel,1000000,0.23,542
identity_r1,cancel,1000000,0.231,542
identity_r1,cancel,1000000,0.232,542
identity_r1,cancel,1000000,0.233,583
identity_r1,cancel,1000000,0.234,583
identity_r1,cancel,1000000,0.235,583
identity_r1,cancel,1000000,0.236,583
identity_r1,cancel,1000000,0.237,583
identity_r1,cancel,1000000,0.238,583
identity_r1,cancel,1000000,0.239,583
identity_r1,cancel,1000000,0.24,583
identity_r1,cancel,1000000,0.241,583
identity_r1,cancel,1000000,0.242,583
identity_r1,cancel,1000000,0.243,583
identity_r1,cancel,1000000,0.244,583
identity_r1,cancel,1000000,0.245,583
identity_r1,cancel,1000000,0.246,583
identity_r1,cancel,1000000,0.247,583
identity_r1,cancel,1000000,0.248,583
identity_r1,cancel,1000000,0.249,583
identity_r1,cancel,1000000,0.25,583
identity_r1,cancel,1000000,0.251,583
identity_r1,cancel,1000000,0.252,583
identity_r1,cancel,1000000,0.253,583
identity_r1,cancel,1000000,0.254,583
identity_r1,cancel,1000000,0.255,583
identity_r1,cancel,1000000,0.256,583
identity_r1,cancel,1000000,0.257,583
identity_r1,cancel,1000000,0.258,583
identity_r1,cancel,1000000,0.259,583
identity_r1,cancel,1000000,0.26,583
identity_r1,cancel,1000000,0.261,583
identity_r1,cancel,1000000,0.262,583
identity_r1,cancel,1000000,0.263,583
identity_r1,cancel,1000000,0.264,583
identity_r1,cancel,1000000,0.265,583
identity_r1,cancel,1000000,0.266,583
identity_r1,cancel,1000000,0.267,583
identity_r1,cancel,1000000,0.268,583
identity_r1,cancel,1000000,0.269,583
identity_r1,cancel,1000000,0.27,583
identity_r1,cancel,1000000,0.271,583
identity_r1,cancel,1000000,0.272,583
identity_r1,cancel,1000000,0.273,583
identity_r1,cancel,1000000,0.274,583
identity_r1,cancel,1000000,0.275,583
identity_r1,cancel,1000000,0.276,583
identity_r1,cancel,1000000,0.277,583
identity_r1,cancel,1000000,0.278,583
identity_r1,cancel,1000000,0.279,583
identity_r1,cancel,1000000,0.28,583
identity_r1,cancel,1000000,0.281,583
identity_r1,cancel,1000000,0.282,583
identity_r1,cancel,1000000,0.283,583
identity_r1,cancel,1000000,0.284,583
identity_r1,cancel,1000000,0.285,583
identity_r1,cancel,1000000,0.286,583
identity_r1,cancel,1000000,0.287,583
identity_r1,cancel,1000000,0.288,583
identity_r1,cancel,1000000,0.289,583
identity_r1,cancel,1000000,0.29,583
identity_r1,cancel,1000000,0.291,583
identity_r1,cancel,1000000,0.292,584
identity_r1,cancel,1000000,0.293,584
identity_r1,cancel,1000000,0.294,584
identity_r1,cancel,1000000,0.295,584
identity_r1,cancel,1000000,0.296,584
identity_r1,cancel,1000000,0.297,584
identity_r1,cancel,1000000,0.298,584
identity_r1,cancel,1000000,0.299,584
identity_r1,cancel,1000000,0.3,584
identity_r1,cancel,1000000,0.301,584
identity_r1,cancel,1000000,0.302,584
identity_r1,cancel,1000000,0.303,584
identity_r1,cancel,1000000,0.304,584
identity_r1,cancel,1000000,0.305,584
identity_r1,cancel,1000000,0.306,584
identity_r1,cancel,1000000,0.307,584
identity_r1,cancel,1000000,0.308,584
identity_r1,cancel,1000000,0.309,584
identity_r1,cancel,1000000,0.31,584
identity_r1,cancel,1000000,0.311,584
identity_r1,cancel,1000000,0.312,584
identity_r1,cancel,1000000,0.313,584
identity_r1,cancel,1000000,0.314,584
identity_r1,cancel,1000000,0.315,584
identity_r1,cancel,1000000,0.316,584
identity_r1,cancel,1000000,0.317,584
identity_r1,cancel,1000000,0.318,584
identity_r1,cancel,1000000,0.319,584
identity_r1,cancel,1000000,0.32,584
identity_r1,cancel,1000000,0.321,584
identity_r1,cancel,1000000,0.322,625
identity_r1,cancel,1000000,0.323,625
identity_r1,cancel,1000000,0.324,625
identity_r1,cancel,1000000,0.325,625
identity_r1,cancel,1000000,0.326,625
identity_r1,cancel,1000000,0.327,625
identity_r1,cancel,1000000,0.328,625
identity_r1,cancel,1000000,0.329,625
identity_r1,cancel,1000000,0.33,625
identity_r1,cancel,1000000,0.331,625
identity_r1,cancel,1000000,0.332,625
identity_r1,cancel,1000000,0.333,625
identity_r1,cancel,1000000,0.334,625
identity_r1,cancel,1000000,0.335,625
identity_r1,cancel,1000000,0.336,625
identity_r1,cancel,1000000,0.337,625
identity_r1,cancel,1000000,0.338,625
identity_r1,cancel,1000000,0.339,625
identity_r1,cancel,1000000,0.34,625
identity_r1,cancel,1000000,0.341,625
identity_r1,cancel,1000000,0.342,625
identity_r1,cancel,1000000,0.343,625
identity_r1,cancel,1000000,0.344,625
identity_r1,cancel,1000000,0.345,625
identity_r1,cancel,1000000,0.346,625
identity_r1,cancel,1000000,0.347,625
identity_r1,cancel,1000000,0.348,625
identity_r1,cancel,1000000,0.349,625
identity_r1,cancel,1000000,0.35,625
identity_r1,cancel,1000000,0.351,625
identity_r1,cancel,1000000,0.352,625
identity_r1,cancel,1000000,0.353,625
identity_r1,cancel,1000000,0.354,625
identity_r1,cancel,1000000,0.355,625
identity_r1,cancel,1000000,0.356,625
identity_r1,cancel,1000000,0.357,625
identity_r1,cancel,1000000,0.358,625
identity_r1,cancel,1000000,0.359,625
identity_r1,cancel,1000000,0.36,625
identity_r1,cancel,1000000,0.361,625
identity_r1,cancel,1000000,0.362,625
identity_r1,cancel,1000000,0.363,625
identity_r1,cancel,1000000,0.364,625
identity_r1,cancel,1000000,0.365,625
identity_r1,cancel,1000000,0.366,625
identity_r1,cancel,1000000,0.367,625
identity_r1,cancel,1000000,0.368,625
identity_r1,cancel,1000000,0.369,625
identity_r1,cancel,1000000,0.37,625
identity_r1,cancel,1000000,0.371,625
identity_r1,cancel,1000000,0.372,625
identity_r1,cancel,1000000,0.373,625
identity_r1,cancel,1000000,0.374,625
identity_r1,cancel,1000000,0.375,625
identity_r1,cancel,1000000,0.376,625
identity_r1,cancel,1000000,0.377,625
identity_r1,cancel,1000000,0.378,625
identity_r1,cancel,1000000,0.379,625
identity_r1,cancel,1000000,0.38,625
identity_r1,cancel,1000000,0.381,625
identity_r1,cancel,1000000,0.382,625
identity_r1,cancel,1000000,0.383,625
identity_r1,cancel,1000000,0.384,625
identity_r1,cancel,1000000,0.385,625
identity_r1,cancel,1000000,0.386,625
identity_r1,cancel,1000000,0.387,625
identity_r1,cancel,1000000,0.388,625
identity_r1,cancel,1000000,0.389,625
identity_r1,cancel,1000000,0.39,625
identity_r1,cancel,1000000,0.391,625
identity_r1,cancel,1000000,0.392,625
identity_r1,cancel,1000000,0.393,625
identity_r1,cancel,1000000,0.394,625
identity_r1,cancel,1000000,0.395,625
identity_r1,cancel,1000000,0.396,625
identity_r1,cancel,1000000,0.397,625
identity_r1,cancel,1000000,0.398,625
identity_r1,cancel,1000000,0.399,625
identity_r1,cancel,1000000,0.4,625
identity_r1,cancel,1000000,0.401,625
identity_r1,cancel,1000000,0.402,625
identity_r1,cancel,1000000,0.403,625
identity_r1,cancel,1000000,0.404,625
identity_r1,cancel,1000000,0.405,625
identity_r1,cancel,1000000,0.406,625
identity_r1,cancel,1000000,0.407,666
identity_r1,cancel,1000000,0.408,666
identity_r1,cancel,1000000,0.409,666
identity_r1,cancel,1000000,0.41,666
identity_r1,cancel,1000000,0.411,666
identity_r1,cancel,1000000,0.412,666
identity_r1,cancel,1000000,0.413,666
identity_r1,cancel,1000000,0.414,666
identity_r1,cancel,1000000,0.415,666
identity_r1,cancel,1000000,0.416,666
identity_r1,cancel,1000000,0.417,666
identity_r1,cancel,1000000,0.418,666
identity_r1,cancel,1000000,0.419,666
identity_r1,cancel,1000000,0.42,666
identity_r1,cancel,1000000,0.421,666
identity_r1,cancel,1000000,0.422,666
identity_r1,cancel,1000000,0.423,666
identity_r1,cancel,1000000,0.424,666
identity_r1,cancel,1000000,0.425,666
identity_r1,cancel,1000000,0.426,666
identity_r1,cancel,1000000,0.427,666
identity_r1,cancel,1000000,0.428,666
identity_r1,cancel,1000000,0.429,666
identity_r1,cancel,1000000,0.43,667
identity_r1,cancel,1000000,0.431,667
identity_r1,cancel,1000000,0.432,667
identity_r1,cancel,1000000,0.433,667
identity_r1,cancel,1000000,0.434,667
identity_r1,cancel,1000000,0.435,667
identity_r1,cancel,1000000,0.436,667
identity_r1,cancel,1000000,0.437,667
identity_r1,cancel,1000000,0.438,667
identity_r1,cancel,1000000,0.439,667
identity_r1,cancel,1000000,0.44,667
identity_r1,cancel,1000000,0.441,667
identity_r1,cancel,1000000,0.442,667
identity_r1,cancel,1000000,0.443,667
identity_r1,cancel,1000000,0.444,667
identity_r1,cancel,1000000,0.445,667
identity_r1,cancel,1000000,0.446,667
identity_r1,cancel,1000000,0.447,667
identity_r1,cancel,1000000,0.448,667
identity_r1,cancel,1000000,0.449,667
identity_r1,cancel,1000000,0.45,667
identity_r1,cancel,1000000,0.451,667
identity_r1,cancel,1000000,0.452,667
identity_r1,cancel,1000000,0.453,667
identity_r1,cancel,1000000,0.454,667
identity_r1,cancel,1000000,0.455,667
identity_r1,cancel,1000000,0.456,667
identity_r1,cancel,1000000,0.457,667
identity_r1,cancel,1000000,0.458,667
identity_r1,cancel,1000000,0.459,667
identity_r1,cancel,1000000,0.46,667
identity_r1,cancel,1000000,0.461,667
identity_r1,cancel,1000000,0.462,667
identity_r1,cancel,1000000,0.463,667
identity_r1,cancel,1000000,0.464,667
identity_r1,cancel,1000000,0.465,667
identity_r1,cancel,1000000,0.466,667
identity_r1,cancel,1000000,0.467,667
identity_r1,cancel,1000000,0.468,667
identity_r1,cancel,1000000,0.469,667
identity_r1,cancel,1000000,0.47,667
identity_r1,cancel,1000000,0.471,667
identity_r1,cancel,1000000,0.472,667
identity_r1,cancel,1000000,0.473,667
identity_r1,cancel,1000000,0.474,667
identity_r1,cancel,1000000,0.475,708
identity_r1,cancel,1000000,0.476,708
identity_r1,cancel,1000000,0.477,708
identity_r1,cancel,1000000,0.478,708
identity_r1,cancel,1000000,0.479,708
identity_r1,cancel,1000000,0.48,708
identity_r1,cancel,1000000,0.481,708
identity_r1,cancel,1000000,0.482,708
identity_r1,cancel,1000000,0.483,708
identity_r1,cancel,1000000,0.484,708
identity_r1,cancel,1000000,0.485,708
identity_r1,cancel,1000000,0.486,708
identity_r1,cancel,1000000,0.487,708
identity_r1,cancel,1000000,0.488,708
identity_r1,cancel,1000000,0.489,708
identity_r1,cancel,1000000,0.49,708
identity_r1,cancel,1000000,0.491,708
identity_r1,cancel,1000000,0.492,708
identity_r1,cancel,1000000,0.493,708
identity_r1,cancel,1000000,0.494,708
identity_r1,cancel,1000000,0.495,708
identity_r1,cancel,1000000,0.496,708
identity_r1,cancel,1000000,0.497,708
identity_r1,cancel,1000000,0.498,708
identity_r1,cancel,1000000,0.499,708
identity_r1,cancel,1000000,0.5,708
identity_r1,cancel,1000000,0.501,708
identity_r1,cancel,1000000,0.502,708
identity_r1,cancel,1000000,0.503,708
identity_r1,cancel,1000000,0.504,708
identity_r1,cancel,1000000,0.505,708
identity_r1,cancel,1000000,0.506,708
identity_r1,cancel,1000000,0.507,708
identity_r1,cancel,1000000,0.508,708
identity_r1,cancel,1000000,0.509,708
identity_r1,cancel,1000000,0.51,709
identity_r1,cancel,1000000,0.511,709
identity_r1,cancel,1000000,0.512,709
identity_r1,cancel,1000000,0.513,709
identity_r1,cancel,1000000,0.514,709
identity_r1,cancel,1000000,0.515,709
identity_r1,cancel,1000000,0.516,709
identity_r1,cancel,1000000,0.517,709
identity_r1,cancel,1000000,0.518,709
identity_r1,cancel,1000000,0.519,709
identity_r1,cancel,1000000,0.52,709
identity_r1,cancel,1000000,0.521,709
identity_r1,cancel,1000000,0.522,709
identity_r1,cancel,1000000,0.523,709
identity_r1,cancel,1000000,0.524,709
identity_r1,cancel,1000000,0.525,709
identity_r1,cancel,1000000,0.526,709
identity_r1,cancel,1000000,0.527,750
identity_r1,cancel,1000000,0.528,750
identity_r1,cancel,1000000,0.529,750
identity_r1,cancel,1000000,0.53,750
identity_r1,cancel,1000000,0.531,750
identity_r1,cancel,1000000,0.532,750
identity_r1,cancel,1000000,0.533,750
identity_r1,cancel,1000000,0.534,750
identity_r1,cancel,1000000,0.535,750
identity_r1,cancel,1000000,0.536,750
identity_r1,cancel,1000000,0.537,750
identity_r1,cancel,1000000,0.538,750
identity_r1,cancel,1000000,0.539,750
identity_r1,cancel,1000000,0.54,750
identity_r1,cancel,1000000,0.541,750
identity_r1,cancel,1000000,0.542,750
identity_r1,cancel,1000000,0.543,750
identity_r1,cancel,1000000,0.544,750
identity_r1,cancel,1000000,0.545,750
identity_r1,cancel,1000000,0.546,750
identity_r1,cancel,1000000,0.547,750
identity_r1,cancel,1000000,0.548,750
identity_r1,cancel,1000000,0.549,750
identity_r1,cancel,1000000,0.55,750
identity_r1,cancel,1000000,0.551,750
identity_r1,cancel,1000000,0.552,750
identity_r1,cancel,1000000,0.553,750
identity_r1,cancel,1000000,0.554,750
identity_r1,cancel,1000000,0.555,750
identity_r1,cancel,1000000,0.556,750
identity_r1,cancel,1000000,0.557,750
identity_r1,cancel,1000000,0.558,750
identity_r1,cancel,1000000,0.559,750
identity_r1,cancel,1000000,0.56,750
identity_r1,cancel,1000000,0.561,750
identity_r1,cancel,1000000,0.562,750
identity_r1,cancel,1000000,0.563,750
identity_r1,cancel,1000000,0.564,750
identity_r1,cancel,1000000,0.565,750
identity_r1,cancel,1000000,0.566,750
identity_r1,cancel,1000000,0.567,750
identity_r1,cancel,1000000,0.568,750
identity_r1,cancel,1000000,0.569,750
identity_r1,cancel,1000000,0.57,750
identity_r1,cancel,1000000,0.571,750
identity_r1,cancel,1000000,0.572,750
identity_r1,cancel,1000000,0.573,750
identity_r1,cancel,1000000,0.574,750
identity_r1,cancel,1000000,0.575,750
identity_r1,cancel,1000000,0.576,750
identity_r1,cancel,1000000,0.577,791
identity_r1,cancel,1000000,0.578,791
identity_r1,cancel,1000000,0.579,791
identity_r1,cancel,1000000,0.58,791
identity_r1,cancel,1000000,0.581,791
identity_r1,cancel,1000000,0.582,791
identity_r1,cancel,1000000,0.583,791
identity_r1,cancel,1000000,0.584,791
identity_r1,cancel,1000000,0.585,791
identity_r1,cancel,1000000,0.586,791
identity_r1,cancel,1000000,0.587,791
identity_r1,cancel,1000000,0.588,791
identity_r1,cancel,1000000,0.589,791
identity_r1,cancel,1000000,0.59,791
identity_r1,cancel,1000000,0.591,791
identity_r1,cancel,1000000,0.592,791
identity_r1,cancel,1000000,0.593,791
identity_r1,cancel,1000000,0.594,791
identity_r1,cancel,1000000,0.595,791
identity_r1,cancel,1000000,0.596,791
identity_r1,cancel,1000000,0.597,791
identity_r1,cancel,1000000,0.598,792
identity_r1,cancel,1000000,0.599,792
identity_r1,cancel,1000000,0.6,792
identity_r1,cancel,1000000,0.601,792
identity_r1,cancel,1000000,0.602,792
identity_r1,cancel,1000000,0.603,792
identity_r1,cancel,1000000,0.604,792
identity_r1,cancel,1000000,0.605,792
identity_r1,cancel,1000000,0.606,792
identity_r1,cancel,1000000,0.607,792
identity_r1,cancel,1000000,0.608,792
identity_r1,cancel,1000000,0.609,792
identity_r1,cancel,1000000,0.61,792
identity_r1,cancel,1000000,0.611,792
identity_r1,cancel,1000000,0.612,792
identity_r1,cancel,1000000,0.613,792
identity_r1,cancel,1000000,0.614,792
identity_r1,cancel,1000000,0.615,792
identity_r1,cancel,1000000,0.616,792
identity_r1,cancel,1000000,0.617,792
identity_r1,cancel,1000000,0.618,792
identity_r1,cancel,1000000,0.619,792
identity_r1,cancel,1000000,0.62,792
identity_r1,cancel,1000000,0.621,792
identity_r1,cancel,1000000,0.622,792
identity_r1,cancel,1000000,0.623,792
identity_r1,cancel,1000000,0.624,792
identity_r1,cancel,1000000,0.625,792
identity_r1,cancel,1000000,0.626,792
identity_r1,cancel,1000000,0.627,792
identity_r1,cancel,1000000,0.628,792
identity_r1,cancel,1000000,0.629,792
identity_r1,cancel,1000000,0.63,792
identity_r1,cancel,1000000,0.631,792
identity_r1,cancel,1000000,0.632,792
identity_r1,cancel,1000000,0.633,792
identity_r1,cancel,1000000,0.634,792
identity_r1,cancel,1000000,0.635,792
identity_r1,cancel,1000000,0.636,792
identity_r1,cancel,1000000,0.637,792
identity_r1,cancel,1000000,0.638,792
identity_r1,cancel,1000000,0.639,792
identity_r1,cancel,1000000,0.64,833
identity_r1,cancel,1000000,0.641,833
identity_r1,cancel,1000000,0.642,833
identity_r1,cancel,1000000,0.643,833
identity_r1,cancel,1000000,0.644,833
identity_r1,cancel,1000000,0.645,833
identity_r1,cancel,1000000,0.646,833
identity_r1,cancel,1000000,0.647,833
identity_r1,cancel,1000000,0.648,833
identity_r1,cancel,1000000,0.649,833
identity_r1,cancel,1000000,0.65,833
identity_r1,cancel,1000000,0.651,833
identity_r1,cancel,1000000,0.652,833
identity_r1,cancel,1000000,0.653,833
identity_r1,cancel,1000000,0.654,833
identity_r1,cancel,1000000,0.655,833
identity_r1,cancel,1000000,0.656,833
identity_r1,cancel,1000000,0.657,833
identity_r1,cancel,1000000,0.658,833
identity_r1,cancel,1000000,0.659,833
identity_r1,cancel,1000000,0.66,833
identity_r1,cancel,1000000,0.661,833
identity_r1,cancel,1000000,0.662,833
identity_r1,cancel,1000000,0.663,833
identity_r1,cancel,1000000,0.664,833
identity_r1,cancel,1000000,0.665,833
identity_r1,cancel,1000000,0.666,833
identity_r1,cancel,1000000,0.667,833
identity_r1,cancel,1000000,0.668,833
identity_r1,cancel,1000000,0.669,833
identity_r1,cancel,1000000,0.67,833
identity_r1,cancel,1000000,0.671,833
identity_r1,cancel,1000000,0.672,833
identity_r1,cancel,1000000,0.673,833
identity_r1,cancel,1000000,0.674,833
identity_r1,cancel,1000000,0.675,833
identity_r1,cancel,1000000,0.676,833
identity_r1,cancel,1000000,0.677,833
identity_r1,cancel,1000000,0.678,833
identity_r1,cancel,1000000,0.679,833
identity_r1,cancel,1000000,0.68,833
identity_r1,cancel,1000000,0.681,833
identity_r1,cancel,1000000,0.682,833
identity_r1,cancel,1000000,0.683,833
identity_r1,cancel,1000000,0.684,833
identity_r1,cancel,1000000,0.685,833
identity_r1,cancel,1000000,0.686,833
identity_r1,cancel,1000000,0.687,834
identity_r1,cancel,1000000,0.688,834
identity_r1,cancel,1000000,0.689,834
identity_r1,cancel,1000000,0.69,834
identity_r1,cancel,1000000,0.691,834
identity_r1,cancel,1000000,0.692,834
identity_r1,cancel,1000000,0.693,834
identity_r1,cancel,1000000,0.694,834
identity_r1,cancel,1000000,0.695,834
identity_r1,cancel,1000000,0.696,834
identity_r1,cancel,1000000,0.697,834
identity_r1,cancel,1000000,0.698,834
identity_r1,cancel,1000000,0.699,834
identity_r1,cancel,1000000,0.7,834
identity_r1,cancel,1000000,0.701,834
identity_r1,cancel,1000000,0.702,834
identity_r1,cancel,1000000,0.703,834
identity_r1,cancel,1000000,0.704,834
identity_r1,cancel,1000000,0.705,834
identity_r1,cancel,1000000,0.706,834
identity_r1,cancel,1000000,0.707,834
identity_r1,cancel,1000000,0.708,834
identity_r1,cancel,1000000,0.709,834
identity_r1,cancel,1000000,0.71,834
identity_r1,cancel,1000000,0.711,875
identity_r1,cancel,1000000,0.712,875
identity_r1,cancel,1000000,0.713,875
identity_r1,cancel,1000000,0.714,875
identity_r1,cancel,1000000,0.715,875
identity_r1,cancel,1000000,0.716,875
identity_r1,cancel,1000000,0.717,875
identity_r1,cancel,1000000,0.718,875
identity_r1,cancel,1000000,0.719,875
identity_r1,cancel,1000000,0.72,875
identity_r1,cancel,1000000,0.721,875
identity_r1,cancel,1000000,0.722,875
identity_r1,cancel,1000000,0.723,875
identity_r1,cancel,1000000,0.724,875
identity_r1,cancel,1000000,0.725,875
identity_r1,cancel,1000000,0.726,875
identity_r1,cancel,1000000,0.727,875
identity_r1,cancel,1000000,0.728,875
identity_r1,cancel,1000000,0.729,875
identity_r1,cancel,1000000,0.73,875
identity_r1,cancel,1000000,0.731,875
identity_r1,cancel,1000000,0.732,875
identity_r1,cancel,1000000,0.733,875
identity_r1,cancel,1000000,0.734,875
identity_r1,cancel,1000000,0.735,875
identity_r1,cancel,1000000,0.736,875
identity_r1,cancel,1000000,0.737,875
identity_r1,cancel,1000000,0.738,875
identity_r1,cancel,1000000,0.739,875
identity_r1,cancel,1000000,0.74,875
identity_r1,cancel,1000000,0.741,875
identity_r1,cancel,1000000,0.742,875
identity_r1,cancel,1000000,0.743,875
identity_r1,cancel,1000000,0.744,875
identity_r1,cancel,1000000,0.745,875
identity_r1,cancel,1000000,0.746,875
identity_r1,cancel,1000000,0.747,875
identity_r1,cancel,1000000,0.748,875
identity_r1,cancel,1000000,0.749,875
identity_r1,cancel,1000000,0.75,875
identity_r1,cancel,1000000,0.751,875
identity_r1,cancel,1000000,0.752,875
identity_r1,cancel,1000000,0.753,875
identity_r1,cancel,1000000,0.754,875
identity_r1,cancel,1000000,0.755,875
identity_r1,cancel,1000000,0.756,875
identity_r1,cancel,1000000,0.757,875
identity_r1,cancel,1000000,0.758,875
identity_r1,cancel,1000000,0.759,875
identity_r1,cancel,1000000,0.76,875
identity_r1,cancel,1000000,0.761,875
identity_r1,cancel,1000000,0.762,875
identity_r1,cancel,1000000,0.763,875
identity_r1,cancel,1000000,0.764,875
identity_r1,cancel,1000000,0.765,875
identity_r1,cancel,1000000,0.766,875
identity_r1,cancel,1000000,0.767,875
identity_r1,cancel,1000000,0.768,875
identity_r1,cancel,1000000,0.769,875
identity_r1,cancel,1000000,0.77,916
identity_r1,cancel,1000000,0.771,916
identity_r1,cancel,1000000,0.772,916
identity_r1,cancel,1000000,0.773,916
identity_r1,cancel,1000000,0.774,916
identity_r1,cancel,1000000,0.775,916
identity_r1,cancel,1000000,0.776,916
identity_r1,cancel,1000000,0.777,916
identity_r1,cancel,1000000,0.778,916
identity_r1,cancel,1000000,0.779,916
identity_r1,cancel,1000000,0.78,916
identity_r1,cancel,1000000,0.781,916
identity_r1,cancel,1000000,0.782,916
identity_r1,cancel,1000000,0.783,916
identity_r1,cancel,1000000,0.784,917
identity_r1,cancel,1000000,0.785,917
identity_r1,cancel,1000000,0.786,917
identity_r1,cancel,1000000,0.787,917
identity_r1,cancel,1000000,0.788,917
identity_r1,cancel,1000000,0.789,917
identity_r1,cancel,1000000,0.79,917
identity_r1,cancel,1000000,0.791,917
identity_r1,cancel,1000000,0.792,917
identity_r1,cancel,1000000,0.793,917
identity_r1,cancel,1000000,0.794,917
identity_r1,cancel,1000000,0.795,917
identity_r1,cancel,1000000,0.796,917
identity_r1,cancel,1000000,0.797,917
identity_r1,cancel,1000000,0.798,917
identity_r1,cancel,1000000,0.799,917
identity_r1,cancel,1000000,0.8,917
identity_r1,cancel,1000000,0.801,917
identity_r1,cancel,1000000,0.802,917
identity_r1,cancel,1000000,0.803,917
identity_r1,cancel,1000000,0.804,917
identity_r1,cancel,1000000,0.805,917
identity_r1,cancel,1000000,0.806,917
identity_r1,cancel,1000000,0.807,917
identity_r1,cancel,1000000,0.808,917
identity_r1,cancel,1000000,0.809,917
identity_r1,cancel,1000000,0.81,917
identity_r1,cancel,1000000,0.811,917
identity_r1,cancel,1000000,0.812,917
identity_r1,cancel,1000000,0.813,958
identity_r1,cancel,1000000,0.814,958
identity_r1,cancel,1000000,0.815,958
identity_r1,cancel,1000000,0.816,958
identity_r1,cancel,1000000,0.817,958
identity_r1,cancel,1000000,0.818,958
identity_r1,cancel,1000000,0.819,958
identity_r1,cancel,1000000,0.82,958
identity_r1,cancel,1000000,0.821,958
identity_r1,cancel,1000000,0.822,958
identity_r1,cancel,1000000,0.823,958
identity_r1,cancel,1000000,0.824,958
identity_r1,cancel,1000000,0.825,958
identity_r1,cancel,1000000,0.826,958
identity_r1,cancel,1000000,0.827,958
identity_r1,cancel,1000000,0.828,958
identity_r1,cancel,1000000,0.829,958
identity_r1,cancel,1000000,0.83,958
identity_r1,cancel,1000000,0.831,958
identity_r1,cancel,1000000,0.832,958
identity_r1,cancel,1000000,0.833,958
identity_r1,cancel,1000000,0.834,959
identity_r1,cancel,1000000,0.835,959
identity_r1,cancel,1000000,0.836,959
identity_r1,cancel,1000000,0.837,959
identity_r1,cancel,1000000,0.838,959
identity_r1,cancel,1000000,0.839,959
identity_r1,cancel,1000000,0.84,959
identity_r1,cancel,1000000,0.841,959
identity_r1,cancel,1000000,0.842,959
identity_r1,cancel,1000000,0.843,959
identity_r1,cancel,1000000,0.844,1000
identity_r1,cancel,1000000,0.845,1000
identity_r1,cancel,1000000,0.846,1000
identity_r1,cancel,1000000,0.847,1000
identity_r1,cancel,1000000,0.848,1000
identity_r1,cancel,1000000,0.849,1000
identity_r1,cancel,1000000,0.85,1000
identity_r1,cancel,1000000,0.851,1000
identity_r1,cancel,1000000,0.852,1000
identity_r1,cancel,1000000,0.853,1000
identity_r1,cancel,1000000,0.854,1000
identity_r1,cancel,1000000,0.855,1000
identity_r1,cancel,1000000,0.856,1000
identity_r1,cancel,1000000,0.857,1000
identity_r1,cancel,1000000,0.858,1000
identity_r1,cancel,1000000,0.859,1000
identity_r1,cancel,1000000,0.86,1000
identity_r1,cancel,1000000,0.861,1000
identity_r1,cancel,1000000,0.862,1000
identity_r1,cancel,1000000,0.863,1000
identity_r1,cancel,1000000,0.864,1000
identity_r1,cancel,1000000,0.865,1000
identity_r1,cancel,1000000,0.866,1000
identity_r1,cancel,1000000,0.867,1000
identity_r1,cancel,1000000,0.868,1041
identity_r1,cancel,1000000,0.869,1041
identity_r1,cancel,1000000,0.87,1041
identity_r1,cancel,1000000,0.871,1041
identity_r1,cancel,1000000,0.872,1041
identity_r1,cancel,1000000,0.873,1041
identity_r1,cancel,1000000,0.874,1041
identity_r1,cancel,1000000,0.875,1042
identity_r1,cancel,1000000,0.876,1042
identity_r1,cancel,1000000,0.877,1042
identity_r1,cancel,1000000,0.878,1042
identity_r1,cancel,1000000,0.879,1042
identity_r1,cancel,1000000,0.88,1042
identity_r1,cancel,1000000,0.881,1042
identity_r1,cancel,1000000,0.882,1042
identity_r1,cancel,1000000,0.883,1042
identity_r1,cancel,1000000,0.884,1042
identity_r1,cancel,1000000,0.885,1042
identity_r1,cancel,1000000,0.886,1042
identity_r1,cancel,1000000,0.887,1042
identity_r1,cancel,1000000,0.888,1042
identity_r1,cancel,1000000,0.889,1083
identity_r1,cancel,1000000,0.89,1083
identity_r1,cancel,1000000,0.891,1083
identity_r1,cancel,1000000,0.892,1083
identity_r1,cancel,1000000,0.893,1083
identity_r1,cancel,1000000,0.894,1083
identity_r1,cancel,1000000,0.895,1083
identity_r1,cancel,1000000,0.896,1083
identity_r1,cancel,1000000,0.897,1083
identity_r1,cancel,1000000,0.898,1083
identity_r1,cancel,1000000,0.899,1083
identity_r1,cancel,1000000,0.9,1083
identity_r1,cancel,1000000,0.901,1084
identity_r1,cancel,1000000,0.902,1084
identity_r1,cancel,1000000,0.903,1084
identity_r1,cancel,1000000,0.904,1084
identity_r1,cancel,1000000,0.905,1084
identity_r1,cancel,1000000,0.906,1084
identity_r1,cancel,1000000,0.907,1125
identity_r1,cancel,1000000,0.908,1125
identity_r1,cancel,1000000,0.909,1125
identity_r1,cancel,1000000,0.91,1125
identity_r1,cancel,1000000,0.911,1125
identity_r1,cancel,1000000,0.912,1125
identity_r1,cancel,1000000,0.913,1125
identity_r1,cancel,1000000,0.914,1125
identity_r1,cancel,1000000,0.915,1125
identity_r1,cancel,1000000,0.916,1125
identity_r1,cancel,1000000,0.917,1125
identity_r1,cancel,1000000,0.918,1125
identity_r1,cancel,1000000,0.919,1125
identity_r1,cancel,1000000,0.92,1125
identity_r1,cancel,1000000,0.921,1166
identity_r1,cancel,1000000,0.922,1166
identity_r1,cancel,1000000,0.923,1166
identity_r1,cancel,1000000,0.924,1166
identity_r1,cancel,1000000,0.925,1167
identity_r1,cancel,1000000,0.926,1167
identity_r1,cancel,1000000,0.927,1167
identity_r1,cancel,1000000,0.928,1167
identity_r1,cancel,1000000,0.929,1167
identity_r1,cancel,1000000,0.93,1167
identity_r1,cancel,1000000,0.931,1167
identity_r1,cancel,1000000,0.932,1167
identity_r1,cancel,1000000,0.933,1208
identity_r1,cancel,1000000,0.934,1208
identity_r1,cancel,1000000,0.935,1208
identity_r1,cancel,1000000,0.936,1208
identity_r1,cancel,1000000,0.937,1208
identity_r1,cancel,1000000,0.938,1208
identity_r1,cancel,1000000,0.939,1209
identity_r1,cancel,1000000,0.94,1209
identity_r1,cancel,1000000,0.941,1209
identity_r1,cancel,1000000,0.942,1209
identity_r1,cancel,1000000,0.943,1250
identity_r1,cancel,1000000,0.944,1250
identity_r1,cancel,1000000,0.945,1250
identity_r1,cancel,1000000,0.946,1250
identity_r1,cancel,1000000,0.947,1250
identity_r1,cancel,1000000,0.948,1250
identity_r1,cancel,1000000,0.949,1250
identity_r1,cancel,1000000,0.95,1250
identity_r1,cancel,1000000,0.951,1291
identity_r1,cancel,1000000,0.952,1291
identity_r1,cancel,1000000,0.953,1292
identity_r1,cancel,1000000,0.954,1292
identity_r1,cancel,1000000,0.955,1292
identity_r1,cancel,1000000,0.956,1292
identity_r1,cancel,1000000,0.957,1333
identity_r1,cancel,1000000,0.958,1333
identity_r1,cancel,1000000,0.959,1333
identity_r1,cancel,1000000,0.96,1333
identity_r1,cancel,1000000,0.961,1334
identity_r1,cancel,1000000,0.962,1375
identity_r1,cancel,1000000,0.963,1375
identity_r1,cancel,1000000,0.964,1375
identity_r1,cancel,1000000,0.965,1375
identity_r1,cancel,1000000,0.966,1375
identity_r1,cancel,1000000,0.967,1416
identity_r1,cancel,1000000,0.968,1417
identity_r1,cancel,1000000,0.969,1417
identity_r1,cancel,1000000,0.97,1458
identity_r1,cancel,1000000,0.971,1458
identity_r1,cancel,1000000,0.972,1459
identity_r1,cancel,1000000,0.973,1500
identity_r1,cancel,1000000,0.974,1500
identity_r1,cancel,1000000,0.975,1541
identity_r1,cancel,1000000,0.976,1542
identity_r1,cancel,1000000,0.977,1583
identity_r1,cancel,1000000,0.978,1584
identity_r1,cancel,1000000,0.979,1625
identity_r1,cancel,1000000,0.98,1666
identity_r1,cancel,1000000,0.981,1667
identity_r1,cancel,1000000,0.982,1709
identity_r1,cancel,1000000,0.983,1750
identity_r1,cancel,1000000,0.984,1792
identity_r1,cancel,1000000,0.985,1875
identity_r1,cancel,1000000,0.986,1958
identity_r1,cancel,1000000,0.987,2000
identity_r1,cancel,1000000,0.988,2125
identity_r1,cancel,1000000,0.989,2250
identity_r1,cancel,1000000,0.99,2417
identity_r1,cancel,1000000,0.991,2667
identity_r1,cancel,1000000,0.992,3125
identity_r1,cancel,1000000,0.993,4208
identity_r1,cancel,1000000,0.994,7667
identity_r1,cancel,1000000,0.995,9875
identity_r1,cancel,1000000,0.996,12292
identity_r1,cancel,1000000,0.997,23042
identity_r1,cancel,1000000,0.998,52166
identity_r1,cancel,1000000,0.999,187375
identity_r1,match,1000000,0,0
identity_r1,match,1000000,0.001,41
identity_r1,match,1000000,0.002,41
identity_r1,match,1000000,0.003,41
identity_r1,match,1000000,0.004,41
identity_r1,match,1000000,0.005,41
identity_r1,match,1000000,0.006,41
identity_r1,match,1000000,0.007,41
identity_r1,match,1000000,0.008,41
identity_r1,match,1000000,0.009,41
identity_r1,match,1000000,0.01,41
identity_r1,match,1000000,0.011,41
identity_r1,match,1000000,0.012,41
identity_r1,match,1000000,0.013,42
identity_r1,match,1000000,0.014,42
identity_r1,match,1000000,0.015,42
identity_r1,match,1000000,0.016,42
identity_r1,match,1000000,0.017,42
identity_r1,match,1000000,0.018,42
identity_r1,match,1000000,0.019,42
identity_r1,match,1000000,0.02,42
identity_r1,match,1000000,0.021,42
identity_r1,match,1000000,0.022,42
identity_r1,match,1000000,0.023,42
identity_r1,match,1000000,0.024,42
identity_r1,match,1000000,0.025,42
identity_r1,match,1000000,0.026,42
identity_r1,match,1000000,0.027,42
identity_r1,match,1000000,0.028,42
identity_r1,match,1000000,0.029,42
identity_r1,match,1000000,0.03,42
identity_r1,match,1000000,0.031,42
identity_r1,match,1000000,0.032,42
identity_r1,match,1000000,0.033,42
identity_r1,match,1000000,0.034,42
identity_r1,match,1000000,0.035,42
identity_r1,match,1000000,0.036,42
identity_r1,match,1000000,0.037,42
identity_r1,match,1000000,0.038,42
identity_r1,match,1000000,0.039,83
identity_r1,match,1000000,0.04,83
identity_r1,match,1000000,0.041,83
identity_r1,match,1000000,0.042,83
identity_r1,match,1000000,0.043,83
identity_r1,match,1000000,0.044,83
identity_r1,match,1000000,0.045,83
identity_r1,match,1000000,0.046,83
identity_r1,match,1000000,0.047,83
identity_r1,match,1000000,0.048,83
identity_r1,match,1000000,0.049,83
identity_r1,match,1000000,0.05,83
identity_r1,match,1000000,0.051,83
identity_r1,match,1000000,0.052,83
identity_r1,match,1000000,0.053,83
identity_r1,match,1000000,0.054,83
identity_r1,match,1000000,0.055,83
identity_r1,match,1000000,0.056,83
identity_r1,match,1000000,0.057,83
identity_r1,match,1000000,0.058,83
identity_r1,match,1000000,0.059,83
identity_r1,match,1000000,0.06,83
identity_r1,match,1000000,0.061,83
identity_r1,match,1000000,0.062,83
identity_r1,match,1000000,0.063,83
identity_r1,match,1000000,0.064,83
identity_r1,match,1000000,0.065,83
identity_r1,match,1000000,0.066,83
identity_r1,match,1000000,0.067,83
identity_r1,match,1000000,0.068,83
identity_r1,match,1000000,0.069,83
identity_r1,match,1000000,0.07,83
identity_r1,match,1000000,0.071,83
identity_r1,match,1000000,0.072,83
identity_r1,match,1000000,0.073,83
identity_r1,match,1000000,0.074,83
identity_r1,match,1000000,0.075,83
identity_r1,match,1000000,0.076,83
identity_r1,match,1000000,0.077,83
identity_r1,match,1000000,0.078,83
identity_r1,match,1000000,0.079,83
identity_r1,match,1000000,0.08,83
identity_r1,match,1000000,0.081,83
identity_r1,match,1000000,0.082,83
identity_r1,match,1000000,0.083,83
identity_r1,match,1000000,0.084,83
identity_r1,match,1000000,0.085,83
identity_r1,match,1000000,0.086,83
identity_r1,match,1000000,0.087,83
identity_r1,match,1000000,0.088,83
identity_r1,match,1000000,0.089,83
identity_r1,match,1000000,0.09,83
identity_r1,match,1000000,0.091,83
identity_r1,match,1000000,0.092,83
identity_r1,match,1000000,0.093,83
identity_r1,match,1000000,0.094,83
identity_r1,match,1000000,0.095,83
identity_r1,match,1000000,0.096,83
identity_r1,match,1000000,0.097,83
identity_r1,match,1000000,0.098,83
identity_r1,match,1000000,0.099,83
identity_r1,match,1000000,0.1,83
identity_r1,match,1000000,0.101,83
identity_r1,match,1000000,0.102,83
identity_r1,match,1000000,0.103,83
identity_r1,match,1000000,0.104,83
identity_r1,match,1000000,0.105,83
identity_r1,match,1000000,0.106,83
identity_r1,match,1000000,0.107,83
identity_r1,match,1000000,0.108,83
identity_r1,match,1000000,0.109,83
identity_r1,match,1000000,0.11,83
identity_r1,match,1000000,0.111,83
identity_r1,match,1000000,0.112,83
identity_r1,match,1000000,0.113,83
identity_r1,match,1000000,0.114,83
identity_r1,match,1000000,0.115,83
identity_r1,match,1000000,0.116,83
identity_r1,match,1000000,0.117,83
identity_r1,match,1000000,0.118,83
identity_r1,match,1000000,0.119,83
identity_r1,match,1000000,0.12,83
identity_r1,match,1000000,0.121,83
identity_r1,match,1000000,0.122,83
identity_r1,match,1000000,0.123,83
identity_r1,match,1000000,0.124,83
identity_r1,match,1000000,0.125,83
identity_r1,match,1000000,0.126,83
identity_r1,match,1000000,0.127,83
identity_r1,match,1000000,0.128,83
identity_r1,match,1000000,0.129,83
identity_r1,match,1000000,0.13,83
identity_r1,match,1000000,0.131,83
identity_r1,match,1000000,0.132,83
identity_r1,match,1000000,0.133,83
identity_r1,match,1000000,0.134,83
identity_r1,match,1000000,0.135,83
identity_r1,match,1000000,0.136,83
identity_r1,match,1000000,0.137,83
identity_r1,match,1000000,0.138,83
identity_r1,match,1000000,0.139,83
identity_r1,match,1000000,0.14,83
identity_r1,match,1000000,0.141,83
identity_r1,match,1000000,0.142,83
identity_r1,match,1000000,0.143,83
identity_r1,match,1000000,0.144,83
identity_r1,match,1000000,0.145,83
identity_r1,match,1000000,0.146,83
identity_r1,match,1000000,0.147,83
identity_r1,match,1000000,0.148,83
identity_r1,match,1000000,0.149,83
identity_r1,match,1000000,0.15,83
identity_r1,match,1000000,0.151,83
identity_r1,match,1000000,0.152,83
identity_r1,match,1000000,0.153,83
identity_r1,match,1000000,0.154,83
identity_r1,match,1000000,0.155,83
identity_r1,match,1000000,0.156,83
identity_r1,match,1000000,0.157,83
identity_r1,match,1000000,0.158,83
identity_r1,match,1000000,0.159,83
identity_r1,match,1000000,0.16,83
identity_r1,match,1000000,0.161,83
identity_r1,match,1000000,0.162,83
identity_r1,match,1000000,0.163,83
identity_r1,match,1000000,0.164,83
identity_r1,match,1000000,0.165,83
identity_r1,match,1000000,0.166,83
identity_r1,match,1000000,0.167,83
identity_r1,match,1000000,0.168,83
identity_r1,match,1000000,0.169,83
identity_r1,match,1000000,0.17,83
identity_r1,match,1000000,0.171,83
identity_r1,match,1000000,0.172,83
identity_r1,match,1000000,0.173,83
identity_r1,match,1000000,0.174,84
identity_r1,match,1000000,0.175,84
identity_r1,match,1000000,0.176,84
identity_r1,match,1000000,0.177,84
identity_r1,match,1000000,0.178,84
identity_r1,match,1000000,0.179,84
identity_r1,match,1000000,0.18,84
identity_r1,match,1000000,0.181,84
identity_r1,match,1000000,0.182,84
identity_r1,match,1000000,0.183,84
identity_r1,match,1000000,0.184,84
identity_r1,match,1000000,0.185,84
identity_r1,match,1000000,0.186,84
identity_r1,match,1000000,0.187,84
identity_r1,match,1000000,0.188,84
identity_r1,match,1000000,0.189,84
identity_r1,match,1000000,0.19,84
identity_r1,match,1000000,0.191,84
identity_r1,match,1000000,0.192,84
identity_r1,match,1000000,0.193,84
identity_r1,match,1000000,0.194,84
identity_r1,match,1000000,0.195,84
identity_r1,match,1000000,0.196,84
identity_r1,match,1000000,0.197,84
identity_r1,match,1000000,0.198,84
identity_r1,match,1000000,0.199,84
identity_r1,match,1000000,0.2,84
identity_r1,match,1000000,0.201,84
identity_r1,match,1000000,0.202,84
identity_r1,match,1000000,0.203,84
identity_r1,match,1000000,0.204,84
identity_r1,match,1000000,0.205,84
identity_r1,match,1000000,0.206,84
identity_r1,match,1000000,0.207,84
identity_r1,match,1000000,0.208,84
identity_r1,match,1000000,0.209,84
identity_r1,match,1000000,0.21,84
identity_r1,match,1000000,0.211,84
identity_r1,match,1000000,0.212,84
identity_r1,match,1000000,0.213,84
identity_r1,match,1000000,0.214,84
identity_r1,match,1000000,0.215,84
identity_r1,match,1000000,0.216,84
identity_r1,match,1000000,0.217,84
identity_r1,match,1000000,0.218,84
identity_r1,match,1000000,0.219,84
identity_r1,match,1000000,0.22,84
identity_r1,match,1000000,0.221,84
identity_r1,match,1000000,0.222,84
identity_r1,match,1000000,0.223,84
identity_r1,match,1000000,0.224,84
identity_r1,match,1000000,0.225,84
identity_r1,match,1000000,0.226,84
identity_r1,match,1000000,0.227,84
identity_r1,match,1000000,0.228,84
identity_r1,match,1000000,0.229,84
identity_r1,match,1000000,0.23,84
identity_r1,match,1000000,0.231,84
identity_r1,match,1000000,0.232,84
identity_r1,match,1000000,0.233,84
identity_r1,match,1000000,0.234,84
identity_r1,match,1000000,0.235,84
identity_r1,match,1000000,0.236,84
identity_r1,match,1000000,0.237,84
identity_r1,match,1000000,0.238,84
identity_r1,match,1000000,0.239,84
identity_r1,match,1000000,0.24,84
identity_r1,match,1000000,0.241,125
identity_r1,match,1000000,0.242,125
identity_r1,match,1000000,0.243,125
identity_r1,match,1000000,0.244,125
identity_r1,match,1000000,0.245,125
identity_r1,match,1000000,0.246,125
identity_r1,match,1000000,0.247,125
identity_r1,match,1000000,0.248,125
identity_r1,match,1000000,0.249,125
identity_r1,match,1000000,0.25,125
identity_r1,match,1000000,0.251,125
identity_r1,match,1000000,0.252,125
identity_r1,match,1000000,0.253,125
identity_r1,match,1000000,0.254,125
identity_r1,match,1000000,0.255,125
identity_r1,match,1000000,0.256,125
identity_r1,match,1000000,0.257,125
identity_r1,match,1000000,0.258,125
identity_r1,match,1000000,0.259,125
identity_r1,match,1000000,0.26,125
identity_r1,match,1000000,0.261,125
identity_r1,match,1000000,0.262,125
identity_r1,match,1000000,0.263,125
identity_r1,match,1000000,0.264,125
identity_r1,match,1000000,0.265,125
identity_r1,match,1000000,0.266,125
identity_r1,match,1000000,0.267,125
identity_r1,match,1000000,0.268,125
identity_r1,match,1000000,0.269,125
identity_r1,match,1000000,0.27,125
identity_r1,match,1000000,0.271,125
identity_r1,match,1000000,0.272,125
identity_r1,match,1000000,0.273,166
identity_r1,match,1000000,0.274,166
identity_r1,match,1000000,0.275,166
identity_r1,match,1000000,0.276,166
identity_r1,match,1000000,0.277,166
identity_r1,match,1000000,0.278,166
identity_r1,match,1000000,0.279,166
identity_r1,match,1000000,0.28,166
identity_r1,match,1000000,0.281,166
identity_r1,match,1000000,0.282,166
identity_r1,match,1000000,0.283,167
identity_r1,match,1000000,0.284,167
identity_r1,match,1000000,0.285,167
identity_r1,match,1000000,0.286,167
identity_r1,match,1000000,0.287,167
identity_r1,match,1000000,0.288,167
identity_r1,match,1000000,0.289,167
identity_r1,match,1000000,0.29,167
identity_r1,match,1000000,0.291,167
identity_r1,match,1000000,0.292,167
identity_r1,match,1000000,0.293,167
identity_r1,match,1000000,0.294,167
identity_r1,match,1000000,0.295,167
identity_r1,match,1000000,0.296,167
identity_r1,match,1000000,0.297,167
identity_r1,match,1000000,0.298,167
identity_r1,match,1000000,0.299,167
identity_r1,match,1000000,0.3,167
identity_r1,match,1000000,0.301,208
identity_r1,match,1000000,0.302,208
identity_r1,match,1000000,0.303,208
identity_r1,match,1000000,0.304,208
identity_r1,match,1000000,0.305,208
identity_r1,match,1000000,0.306,208
identity_r1,match,1000000,0.307,208
identity_r1,match,1000000,0.308,208
identity_r1,match,1000000,0.309,208
identity_r1,match,1000000,0.31,208
identity_r1,match,1000000,0.311,208
identity_r1,match,1000000,0.312,208
identity_r1,match,1000000,0.313,208
identity_r1,match,1000000,0.314,208
identity_r1,match,1000000,0.315,208
identity_r1,match,1000000,0.316,208
identity_r1,match,1000000,0.317,208
identity_r1,match,1000000,0.318,208
identity_r1,match,1000000,0.319,208
identity_r1,match,1000000,0.32,208
identity_r1,match,1000000,0.321,208
identity_r1,match,1000000,0.322,208
identity_r1,match,1000000,0.323,208
identity_r1,match,1000000,0.324,208
identity_r1,match,1000000,0.325,208
identity_r1,match,1000000,0.326,208
identity_r1,match,1000000,0.327,208
identity_r1,match,1000000,0.328,208
identity_r1,match,1000000,0.329,208
identity_r1,match,1000000,0.33,208
identity_r1,match,1000000,0.331,208
identity_r1,match,1000000,0.332,208
identity_r1,match,1000000,0.333,208
identity_r1,match,1000000,0.334,208
identity_r1,match,1000000,0.335,208
identity_r1,match,1000000,0.336,208
identity_r1,match,1000000,0.337,208
identity_r1,match,1000000,0.338,208
identity_r1,match,1000000,0.339,208
identity_r1,match,1000000,0.34,208
identity_r1,match,1000000,0.341,208
identity_r1,match,1000000,0.342,208
identity_r1,match,1000000,0.343,208
identity_r1,match,1000000,0.344,208
identity_r1,match,1000000,0.345,208
identity_r1,match,1000000,0.346,208
identity_r1,match,1000000,0.347,208
identity_r1,match,1000000,0.348,208
identity_r1,match,1000000,0.349,208
identity_r1,match,1000000,0.35,208
identity_r1,match,1000000,0.351,208
identity_r1,match,1000000,0.352,208
identity_r1,match,1000000,0.353,208
identity_r1,match,1000000,0.354,208
identity_r1,match,1000000,0.355,208
identity_r1,match,1000000,0.356,208
identity_r1,match,1000000,0.357,208
identity_r1,match,1000000,0.358,208
identity_r1,match,1000000,0.359,208
identity_r1,match,1000000,0.36,208
identity_r1,match,1000000,0.361,208
identity_r1,match,1000000,0.362,208
identity_r1,match,1000000,0.363,208
identity_r1,match,1000000,0.364,208
identity_r1,match,1000000,0.365,208
identity_r1,match,1000000,0.366,208
identity_r1,match,1000000,0.367,208
identity_r1,match,1000000,0.368,208
identity_r1,match,1000000,0.369,208
identity_r1,match,1000000,0.37,208
identity_r1,match,1000000,0.371,208
identity_r1,match,1000000,0.372,208
identity_r1,match,1000000,0.373,208
identity_r1,match,1000000,0.374,208
identity_r1,match,1000000,0.375,208
identity_r1,match,1000000,0.376,208
identity_r1,match,1000000,0.377,209
identity_r1,match,1000000,0.378,209
identity_r1,match,1000000,0.379,209
identity_r1,match,1000000,0.38,209
identity_r1,match,1000000,0.381,209
identity_r1,match,1000000,0.382,209
identity_r1,match,1000000,0.383,209
identity_r1,match,1000000,0.384,209
identity_r1,match,1000000,0.385,209
identity_r1,match,1000000,0.386,209
identity_r1,match,1000000,0.387,209
identity_r1,match,1000000,0.388,209
identity_r1,match,1000000,0.389,209
identity_r1,match,1000000,0.39,209
identity_r1,match,1000000,0.391,209
identity_r1,match,1000000,0.392,209
identity_r1,match,1000000,0.393,209
identity_r1,match,1000000,0.394,209
identity_r1,match,1000000,0.395,209
identity_r1,match,1000000,0.396,209
identity_r1,match,1000000,0.397,209
identity_r1,match,1000000,0.398,209
identity_r1,match,1000000,0.399,209
identity_r1,match,1000000,0.4,209
identity_r1,match,1000000,0.401,209
identity_r1,match,1000000,0.402,209
identity_r1,match,1000000,0.403,209
identity_r1,match,1000000,0.404,209
identity_r1,match,1000000,0.405,209
identity_r1,match,1000000,0.406,209
identity_r1,match,1000000,0.407,209
identity_r1,match,1000000,0.408,209
identity_r1,match,1000000,0.409,209
identity_r1,match,1000000,0.41,209
identity_r1,match,1000000,0.411,209
identity_r1,match,1000000,0.412,209
identity_r1,match,1000000,0.413,209
identity_r1,match,1000000,0.414,209
identity_r1,match,1000000,0.415,209
identity_r1,match,1000000,0.416,250
identity_r1,match,1000000,0.417,250
identity_r1,match,1000000,0.418,250
identity_r1,match,1000000,0.419,250
identity_r1,match,1000000,0.42,250
identity_r1,match,1000000,0.421,250
identity_r1,match,1000000,0.422,250
identity_r1,match,1000000,0.423,250
identity_r1,match,1000000,0.424,250
identity_r1,match,1000000,0.425,250
identity_r1,match,1000000,0.426,250
identity_r1,match,1000000,0.427,250
identity_r1,match,1000000,0.428,250
identity_r1,match,1000000,0.429,250
identity_r1,match,1000000,0.43,250
identity_r1,match,1000000,0.431,250
identity_r1,match,1000000,0.432,250
identity_r1,match,1000000,0.433,250
identity_r1,match,1000000,0.434,250
identity_r1,match,1000000,0.435,250
identity_r1,match,1000000,0.436,250
identity_r1,match,1000000,0.437,250
identity_r1,match,1000000,0.438,250
identity_r1,match,1000000,0.439,250
identity_r1,match,1000000,0.44,250
identity_r1,match,1000000,0.441,250
identity_r1,match,1000000,0.442,250
identity_r1,match,1000000,0.443,250
identity_r1,match,1000000,0.444,250
identity_r1,match,1000000,0.445,250
identity_r1,match,1000000,0.446,250
identity_r1,match,1000000,0.447,250
identity_r1,match,1000000,0.448,250
identity_r1,match,1000000,0.449,250
identity_r1,match,1000000,0.45,250
identity_r1,match,1000000,0.451,250
identity_r1,match,1000000,0.452,250
identity_r1,match,1000000,0.453,250
identity_r1,match,1000000,0.454,250
identity_r1,match,1000000,0.455,250
identity_r1,match,1000000,0.456,250
identity_r1,match,1000000,0.457,250
identity_r1,match,1000000,0.458,250
identity_r1,match,1000000,0.459,250
identity_r1,match,1000000,0.46,250
identity_r1,match,1000000,0.461,250
identity_r1,match,1000000,0.462,250
identity_r1,match,1000000,0.463,250
identity_r1,match,1000000,0.464,250
identity_r1,match,1000000,0.465,250
identity_r1,match,1000000,0.466,250
identity_r1,match,1000000,0.467,250
identity_r1,match,1000000,0.468,250
identity_r1,match,1000000,0.469,250
identity_r1,match,1000000,0.47,250
identity_r1,match,1000000,0.471,250
identity_r1,match,1000000,0.472,250
identity_r1,match,1000000,0.473,250
identity_r1,match,1000000,0.474,250
identity_r1,match,1000000,0.475,250
identity_r1,match,1000000,0.476,250
identity_r1,match,1000000,0.477,250
identity_r1,match,1000000,0.478,250
identity_r1,match,1000000,0.479,250
identity_r1,match,1000000,0.48,250
identity_r1,match,1000000,0.481,250
identity_r1,match,1000000,0.482,250
identity_r1,match,1000000,0.483,250
identity_r1,match,1000000,0.484,250
identity_r1,match,1000000,0.485,250
identity_r1,match,1000000,0.486,250
identity_r1,match,1000000,0.487,250
identity_r1,match,1000000,0.488,250
identity_r1,match,1000000,0.489,250
identity_r1,match,1000000,0.49,250
identity_r1,match,1000000,0.491,250
identity_r1,match,1000000,0.492,250
identity_r1,match,1000000,0.493,250
identity_r1,match,1000000,0.494,250
identity_r1,match,1000000,0.495,250
identity_r1,match,1000000,0.496,250
identity_r1,match,1000000,0.497,250
identity_r1,match,1000000,0.498,250
identity_r1,match,1000000,0.499,250
identity_r1,match,1000000,0.5,250
identity_r1,match,1000000,0.501,250
identity_r1,match,1000000,0.502,250
identity_r1,match,1000000,0.503,250
identity_r1,match,1000000,0.504,250
identity_r1,match,1000000,0.505,250
identity_r1,match,1000000,0.506,250
identity_r1,match,1000000,0.507,250
identity_r1,match,1000000,0.508,250
identity_r1,match,1000000,0.509,250
identity_r1,match,1000000,0.51,250
identity_r1,match,1000000,0.511,250
identity_r1,match,1000000,0.512,250
identity_r1,match,1000000,0.513,250
identity_r1,match,1000000,0.514,250
identity_r1,match,1000000,0.515,250
identity_r1,match,1000000,0.516,250
identity_r1,match,1000000,0.517,250
identity_r1,match,1000000,0.518,250
identity_r1,match,1000000,0.519,250
identity_r1,match,1000000,0.52,250
identity_r1,match,1000000,0.521,250
identity_r1,match,1000000,0.522,250
identity_r1,match,1000000,0.523,250
identity_r1,match,1000000,0.524,250
identity_r1,match,1000000,0.525,250
identity_r1,match,1000000,0.526,250
identity_r1,match,1000000,0.527,250
identity_r1,match,1000000,0.528,250
identity_r1,match,1000000,0.529,250
identity_r1,match,1000000,0.53,250
identity_r1,match,1000000,0.531,250
identity_r1,match,1000000,0.532,291
identity_r1,match,1000000,0.533,291
identity_r1,match,1000000,0.534,291
identity_r1,match,1000000,0.535,291
identity_r1,match,1000000,0.536,291
identity_r1,match,1000000,0.537,291
identity_r1,match,1000000,0.538,291
identity_r1,match,1000000,0.539,291
identity_r1,match,1000000,0.54,291
identity_r1,match,1000000,0.541,291
identity_r1,match,1000000,0.542,291
identity_r1,match,1000000,0.543,291
identity_r1,match,1000000,0.544,291
identity_r1,match,1000000,0.545,291
identity_r1,match,1000000,0.546,291
identity_r1,match,1000000,0.547,291
identity_r1,match,1000000,0.548,291
identity_r1,match,1000000,0.549,291
identity_r1,match,1000000,0.55,291
identity_r1,match,1000000,0.551,291
identity_r1,match,1000000,0.552,291
identity_r1,match,1000000,0.553,291
identity_r1,match,1000000,0.554,291
identity_r1,match,1000000,0.555,291
identity_r1,match,1000000,0.556,291
identity_r1,match,1000000,0.557,291
identity_r1,match,1000000,0.558,291
identity_r1,match,1000000,0.559,291
identity_r1,match,1000000,0.56,291
identity_r1,match,1000000,0.561,291
identity_r1,match,1000000,0.562,291
identity_r1,match,1000000,0.563,291
identity_r1,match,1000000,0.564,291
identity_r1,match,1000000,0.565,291
identity_r1,match,1000000,0.566,291
identity_r1,match,1000000,0.567,291
identity_r1,match,1000000,0.568,291
identity_r1,match,1000000,0.569,291
identity_r1,match,1000000,0.57,291
identity_r1,match,1000000,0.571,291
identity_r1,match,1000000,0.572,291
identity_r1,match,1000000,0.573,292
identity_r1,match,1000000,0.574,292
identity_r1,match,1000000,0.575,292
identity_r1,match,1000000,0.576,292
identity_r1,match,1000000,0.577,292
identity_r1,match,1000000,0.578,292
identity_r1,match,1000000,0.579,292
identity_r1,match,1000000,0.58,292
identity_r1,match,1000000,0.581,292
identity_r1,match,1000000,0.582,292
identity_r1,match,1000000,0.583,292
identity_r1,match,1000000,0.584,292
identity_r1,match,1000000,0.585,292
identity_r1,match,1000000,0.586,292
identity_r1,match,1000000,0.587,292
identity_r1,match,1000000,0.588,292
identity_r1,match,1000000,0.589,292
identity_r1,match,1000000,0.59,292
identity_r1,match,1000000,0.591,292
identity_r1,match,1000000,0.592,292
identity_r1,match,1000000,0.593,292
identity_r1,match,1000000,0.594,292
identity_r1,match,1000000,0.595,292
identity_r1,match,1000000,0.596,292
identity_r1,match,1000000,0.597,292
identity_r1,match,1000000,0.598,292
identity_r1,match,1000000,0.599,292
identity_r1,match,1000000,0.6,292
identity_r1,match,1000000,0.601,292
identity_r1,match,1000000,0.602,292
identity_r1,match,1000000,0.603,292
identity_r1,match,1000000,0.604,292
identity_r1,match,1000000,0.605,292
identity_r1,match,1000000,0.606,292
identity_r1,match,1000000,0.607,292
identity_r1,match,1000000,0.608,292
identity_r1,match,1000000,0.609,292
identity_r1,match,1000000,0.61,292
identity_r1,match,1000000,0.611,292
identity_r1,match,1000000,0.612,292
identity_r1,match,1000000,0.613,292
identity_r1,match,1000000,0.614,292
identity_r1,match,1000000,0.615,292
identity_r1,match,1000000,0.616,292
identity_r1,match,1000000,0.617,292
identity_r1,match,1000000,0.618,292
identity_r1,match,1000000,0.619,292
identity_r1,match,1000000,0.62,292
identity_r1,match,1000000,0.621,292
identity_r1,match,1000000,0.622,292
identity_r1,match,1000000,0.623,292
identity_r1,match,1000000,0.624,292
identity_r1,match,1000000,0.625,292
identity_r1,match,1000000,0.626,292
identity_r1,match,1000000,0.627,292
identity_r1,match,1000000,0.628,292
identity_r1,match,1000000,0.629,292
identity_r1,match,1000000,0.63,292
identity_r1,match,1000000,0.631,292
identity_r1,match,1000000,0.632,292
identity_r1,match,1000000,0.633,292
identity_r1,match,1000000,0.634,292
identity_r1,match,1000000,0.635,292
identity_r1,match,1000000,0.636,292
identity_r1,match,1000000,0.637,292
identity_r1,match,1000000,0.638,292
identity_r1,match,1000000,0.639,292
identity_r1,match,1000000,0.64,292
identity_r1,match,1000000,0.641,292
identity_r1,match,1000000,0.642,292
identity_r1,match,1000000,0.643,292
identity_r1,match,1000000,0.644,292
identity_r1,match,1000000,0.645,292
identity_r1,match,1000000,0.646,292
identity_r1,match,1000000,0.647,292
identity_r1,match,1000000,0.648,292
identity_r1,match,1000000,0.649,292
identity_r1,match,1000000,0.65,292
identity_r1,match,1000000,0.651,292
identity_r1,match,1000000,0.652,292
identity_r1,match,1000000,0.653,292
identity_r1,match,1000000,0.654,292
identity_r1,match,1000000,0.655,333
identity_r1,match,1000000,0.656,333
identity_r1,match,1000000,0.657,333
identity_r1,match,1000000,0.658,333
identity_r1,match,1000000,0.659,333
identity_r1,match,1000000,0.66,333
identity_r1,match,1000000,0.661,333
identity_r1,match,1000000,0.662,333
identity_r1,match,1000000,0.663,333
identity_r1,match,1000000,0.664,333
identity_r1,match,1000000,0.665,333
identity_r1,match,1000000,0.666,333
identity_r1,match,1000000,0.667,333
identity_r1,match,1000000,0.668,333
identity_r1,match,1000000,0.669,333
identity_r1,match,1000000,0.67,333
identity_r1,match,1000000,0.671,333
identity_r1,match,1000000,0.672,333
identity_r1,match,1000000,0.673,333
identity_r1,match,1000000,0.674,333
identity_r1,match,1000000,0.675,333
identity_r1,match,1000000,0.676,333
identity_r1,match,1000000,0.677,333
identity_r1,match,1000000,0.678,333
identity_r1,match,1000000,0.679,333
identity_r1,match,1000000,0.68,333
identity_r1,match,1000000,0.681,333
identity_r1,match,1000000,0.682,333
identity_r1,match,1000000,0.683,333
identity_r1,match,1000000,0.684,333
identity_r1,match,1000000,0.685,333
identity_r1,match,1000000,0.686,333
identity_r1,match,1000000,0.687,333
identity_r1,match,1000000,0.688,333
identity_r1,match,1000000,0.689,333
identity_r1,match,1000000,0.69,333
identity_r1,match,1000000,0.691,333
identity_r1,match,1000000,0.692,333
identity_r1,match,1000000,0.693,333
identity_r1,match,1000000,0.694,333
identity_r1,match,1000000,0.695,333
identity_r1,match,1000000,0.696,333
identity_r1,match,1000000,0.697,333
identity_r1,match,1000000,0.698,333
identity_r1,match,1000000,0.699,333
identity_r1,match,1000000,0.7,333
identity_r1,match,1000000,0.701,333
identity_r1,match,1000000,0.702,333
identity_r1,match,1000000,0.703,333
identity_r1,match,1000000,0.704,333
identity_r1,match,1000000,0.705,333
identity_r1,match,1000000,0.706,333
identity_r1,match,1000000,0.707,333
identity_r1,match,1000000,0.708,333
identity_r1,match,1000000,0.709,333
identity_r1,match,1000000,0.71,333
identity_r1,match,1000000,0.711,333
identity_r1,match,1000000,0.712,333
identity_r1,match,1000000,0.713,333
identity_r1,match,1000000,0.714,333
identity_r1,match,1000000,0.715,333
identity_r1,match,1000000,0.716,333
identity_r1,match,1000000,0.717,333
identity_r1,match,1000000,0.718,333
identity_r1,match,1000000,0.719,333
identity_r1,match,1000000,0.72,333
identity_r1,match,1000000,0.721,333
identity_r1,match,1000000,0.722,333
identity_r1,match,1000000,0.723,333
identity_r1,match,1000000,0.724,333
identity_r1,match,1000000,0.725,334
identity_r1,match,1000000,0.726,334
identity_r1,match,1000000,0.727,334
identity_r1,match,1000000,0.728,334
identity_r1,match,1000000,0.729,334
identity_r1,match,1000000,0.73,334
identity_r1,match,1000000,0.731,334
identity_r1,match,1000000,0.732,334
identity_r1,match,1000000,0.733,334
identity_r1,match,1000000,0.734,334
identity_r1,match,1000000,0.735,334
identity_r1,match,1000000,0.736,334
identity_r1,match,1000000,0.737,334
identity_r1,match,1000000,0.738,334
identity_r1,match,1000000,0.739,334
identity_r1,match,1000000,0.74,334
identity_r1,match,1000000,0.741,334
identity_r1,match,1000000,0.742,334
identity_r1,match,1000000,0.743,334
identity_r1,match,1000000,0.744,334
identity_r1,match,1000000,0.745,334
identity_r1,match,1000000,0.746,334
identity_r1,match,1000000,0.747,334
identity_r1,match,1000000,0.748,334
identity_r1,match,1000000,0.749,334
identity_r1,match,1000000,0.75,334
identity_r1,match,1000000,0.751,334
identity_r1,match,1000000,0.752,334
identity_r1,match,1000000,0.753,334
identity_r1,match,1000000,0.754,334
identity_r1,match,1000000,0.755,334
identity_r1,match,1000000,0.756,334
identity_r1,match,1000000,0.757,334
identity_r1,match,1000000,0.758,334
identity_r1,match,1000000,0.759,334
identity_r1,match,1000000,0.76,334
identity_r1,match,1000000,0.761,375
identity_r1,match,1000000,0.762,375
identity_r1,match,1000000,0.763,375
identity_r1,match,1000000,0.764,375
identity_r1,match,1000000,0.765,375
identity_r1,match,1000000,0.766,375
identity_r1,match,1000000,0.767,375
identity_r1,match,1000000,0.768,375
identity_r1,match,1000000,0.769,375
identity_r1,match,1000000,0.77,375
identity_r1,match,1000000,0.771,375
identity_r1,match,1000000,0.772,375
identity_r1,match,1000000,0.773,375
identity_r1,match,1000000,0.774,375
identity_r1,match,1000000,0.775,375
identity_r1,match,1000000,0.776,375
identity_r1,match,1000000,0.777,375
identity_r1,match,1000000,0.778,375
identity_r1,match,1000000,0.779,375
identity_r1,match,1000000,0.78,375
identity_r1,match,1000000,0.781,375
identity_r1,match,1000000,0.782,375
identity_r1,match,1000000,0.783,375
identity_r1,match,1000000,0.784,375
identity_r1,match,1000000,0.785,375
identity_r1,match,1000000,0.786,375
identity_r1,match,1000000,0.787,375
identity_r1,match,1000000,0.788,375
identity_r1,match,1000000,0.789,375
identity_r1,match,1000000,0.79,375
identity_r1,match,1000000,0.791,375
identity_r1,match,1000000,0.792,375
identity_r1,match,1000000,0.793,375
identity_r1,match,1000000,0.794,375
identity_r1,match,1000000,0.795,375
identity_r1,match,1000000,0.796,375
identity_r1,match,1000000,0.797,375
identity_r1,match,1000000,0.798,375
identity_r1,match,1000000,0.799,375
identity_r1,match,1000000,0.8,375
identity_r1,match,1000000,0.801,375
identity_r1,match,1000000,0.802,375
identity_r1,match,1000000,0.803,375
identity_r1,match,1000000,0.804,375
identity_r1,match,1000000,0.805,375
identity_r1,match,1000000,0.806,375
identity_r1,match,1000000,0.807,375
identity_r1,match,1000000,0.808,375
identity_r1,match,1000000,0.809,375
identity_r1,match,1000000,0.81,375
identity_r1,match,1000000,0.811,375
identity_r1,match,1000000,0.812,375
identity_r1,match,1000000,0.813,375
identity_r1,match,1000000,0.814,375
identity_r1,match,1000000,0.815,375
identity_r1,match,1000000,0.816,375
identity_r1,match,1000000,0.817,375
identity_r1,match,1000000,0.818,375
identity_r1,match,1000000,0.819,375
identity_r1,match,1000000,0.82,416
identity_r1,match,1000000,0.821,416
identity_r1,match,1000000,0.822,416
identity_r1,match,1000000,0.823,416
identity_r1,match,1000000,0.824,416
identity_r1,match,1000000,0.825,416
identity_r1,match,1000000,0.826,416
identity_r1,match,1000000,0.827,416
identity_r1,match,1000000,0.828,416
identity_r1,match,1000000,0.829,416
identity_r1,match,1000000,0.83,416
identity_r1,match,1000000,0.831,416
identity_r1,match,1000000,0.832,416
identity_r1,match,1000000,0.833,417
identity_r1,match,1000000,0.834,417
identity_r1,match,1000000,0.835,417
identity_r1,match,1000000,0.836,417
identity_r1,match,1000000,0.837,417
identity_r1,match,1000000,0.838,417
identity_r1,match,1000000,0.839,417
identity_r1,match,1000000,0.84,417
identity_r1,match,1000000,0.841,417
identity_r1,match,1000000,0.842,417
identity_r1,match,1000000,0.843,417
identity_r1,match,1000000,0.844,417
identity_r1,match,1000000,0.845,417
identity_r1,match,1000000,0.846,417
identity_r1,match,1000000,0.847,417
identity_r1,match,1000000,0.848,417
identity_r1,match,1000000,0.849,417
identity_r1,match,1000000,0.85,417
identity_r1,match,1000000,0.851,417
identity_r1,match,1000000,0.852,417
identity_r1,match,1000000,0.853,417
identity_r1,match,1000000,0.854,417
identity_r1,match,1000000,0.855,417
identity_r1,match,1000000,0.856,417
identity_r1,match,1000000,0.857,417
identity_r1,match,1000000,0.858,417
identity_r1,match,1000000,0.859,458
identity_r1,match,1000000,0.86,458
identity_r1,match,1000000,0.861,458
identity_r1,match,1000000,0.862,458
identity_r1,match,1000000,0.863,458
identity_r1,match,1000000,0.864,458
identity_r1,match,1000000,0.865,458
identity_r1,match,1000000,0.866,458
identity_r1,match,1000000,0.867,458
identity_r1,match,1000000,0.868,458
identity_r1,match,1000000,0.869,458
identity_r1,match,1000000,0.87,458
identity_r1,match,1000000,0.871,458
identity_r1,match,1000000,0.872,458
identity_r1,match,1000000,0.873,458
identity_r1,match,1000000,0.874,458
identity_r1,match,1000000,0.875,458
identity_r1,match,1000000,0.876,458
identity_r1,match,1000000,0.877,459
identity_r1,match,1000000,0.878,459
identity_r1,match,1000000,0.879,459
identity_r1,match,1000000,0.88,459
identity_r1,match,1000000,0.881,459
identity_r1,match,1000000,0.882,459
identity_r1,match,1000000,0.883,459
identity_r1,match,1000000,0.884,459
identity_r1,match,1000000,0.885,459
identity_r1,match,1000000,0.886,459
identity_r1,match,1000000,0.887,500
identity_r1,match,1000000,0.888,500
identity_r1,match,1000000,0.889,500
identity_r1,match,1000000,0.89,500
identity_r1,match,1000000,0.891,500
identity_r1,match,1000000,0.892,500
identity_r1,match,1000000,0.893,500
identity_r1,match,1000000,0.894,500
identity_r1,match,1000000,0.895,500
identity_r1,match,1000000,0.896,500
identity_r1,match,1000000,0.897,500
identity_r1,match,1000000,0.898,500
identity_r1,match,1000000,0.899,500
identity_r1,match,1000000,0.9,500
identity_r1,match,1000000,0.901,500
identity_r1,match,1000000,0.902,500
identity_r1,match,1000000,0.903,500
identity_r1,match,1000000,0.904,500
identity_r1,match,1000000,0.905,500
identity_r1,match,1000000,0.906,500
identity_r1,match,1000000,0.907,500
identity_r1,match,1000000,0.908,500
identity_r1,match,1000000,0.909,500
identity_r1,match,1000000,0.91,500
identity_r1,match,1000000,0.911,500
identity_r1,match,1000000,0.912,541
identity_r1,match,1000000,0.913,541
identity_r1,match,1000000,0.914,541
identity_r1,match,1000000,0.915,541
identity_r1,match,1000000,0.916,541
identity_r1,match,1000000,0.917,541
identity_r1,match,1000000,0.918,541
identity_r1,match,1000000,0.919,541
identity_r1,match,1000000,0.92,541
identity_r1,match,1000000,0.921,542
identity_r1,match,1000000,0.922,542
identity_r1,match,1000000,0.923,542
identity_r1,match,1000000,0.924,542
identity_r1,match,1000000,0.925,542
identity_r1,match,1000000,0.926,542
identity_r1,match,1000000,0.927,542
identity_r1,match,1000000,0.928,542
identity_r1,match,1000000,0.929,542
identity_r1,match,1000000,0.93,542
identity_r1,match,1000000,0.931,542
identity_r1,match,1000000,0.932,542
identity_r1,match,1000000,0.933,542
identity_r1,match,1000000,0.934,542
identity_r1,match,1000000,0.935,542
identity_r1,match,1000000,0.936,542
identity_r1,match,1000000,0.937,542
identity_r1,match,1000000,0.938,542
identity_r1,match,1000000,0.939,583
identity_r1,match,1000000,0.94,583
identity_r1,match,1000000,0.941,583
identity_r1,match,1000000,0.942,583
identity_r1,match,1000000,0.943,583
identity_r1,match,1000000,0.944,583
identity_r1,match,1000000,0.945,583
identity_r1,match,1000000,0.946,583
identity_r1,match,1000000,0.947,583
identity_r1,match,1000000,0.948,583
identity_r1,match,1000000,0.949,583
identity_r1,match,1000000,0.95,584
identity_r1,match,1000000,0.951,584
identity_r1,match,1000000,0.952,584
identity_r1,match,1000000,0.953,584
identity_r1,match,1000000,0.954,584
identity_r1,match,1000000,0.955,584
identity_r1,match,1000000,0.956,625
identity_r1,match,1000000,0.957,625
identity_r1,match,1000000,0.958,625
identity_r1,match,1000000,0.959,625
identity_r1,match,1000000,0.96,625
identity_r1,match,1000000,0.961,625
identity_r1,match,1000000,0.962,625
identity_r1,match,1000000,0.963,625
identity_r1,match,1000000,0.964,625
identity_r1,match,1000000,0.965,625
identity_r1,match,1000000,0.966,666
identity_r1,match,1000000,0.967,666
identity_r1,match,1000000,0.968,666
identity_r1,match,1000000,0.969,667
identity_r1,match,1000000,0.97,667
identity_r1,match,1000000,0.971,667
identity_r1,match,1000000,0.972,667
identity_r1,match,1000000,0.973,708
identity_r1,match,1000000,0.974,708
identity_r1,match,1000000,0.975,708
identity_r1,match,1000000,0.976,708
identity_r1,match,1000000,0.977,709
identity_r1,match,1000000,0.978,709
identity_r1,match,1000000,0.979,750
identity_r1,match,1000000,0.98,750
identity_r1,match,1000000,0.981,750
identity_r1,match,1000000,0.982,750
identity_r1,match,1000000,0.983,791
identity_r1,match,1000000,0.984,792
identity_r1,match,1000000,0.985,792
identity_r1,match,1000000,0.986,833
identity_r1,match,1000000,0.987,833
identity_r1,match,1000000,0.988,875
identity_r1,match,1000000,0.989,875
identity_r1,match,1000000,0.99,917
identity_r1,match,1000000,0.991,958
identity_r1,match,1000000,0.992,1000
identity_r1,match,1000000,0.993,1042
identity_r1,match,1000000,0.994,1125
identity_r1,match,1000000,0.995,1250
identity_r1,match,1000000,0.996,1541
identity_r1,match,1000000,0.997,2250
identity_r1,match,1000000,0.998,8125
identity_r1,match,1000000,0.999,25375
