variant,scenario,book_orders,quantile,latency_ns
idmap_r2,add,1000,0,0
idmap_r2,add,1000,0.001,41
idmap_r2,add,1000,0.002,41
idmap_r2,add,1000,0.003,41
idmap_r2,add,1000,0.004,42
idmap_r2,add,1000,0.005,42
idmap_r2,add,1000,0.006,42
idmap_r2,add,1000,0.007,42
idmap_r2,add,1000,0.008,42
idmap_r2,add,1000,0.009,42
idmap_r2,add,1000,0.01,83
idmap_r2,add,1000,0.011,83
idmap_r2,add,1000,0.012,83
idmap_r2,add,1000,0.013,83
idmap_r2,add,1000,0.014,83
idmap_r2,add,1000,0.015,83
idmap_r2,add,1000,0.016,83
idmap_r2,add,1000,0.017,83
idmap_r2,add,1000,0.018,83
idmap_r2,add,1000,0.019,83
idmap_r2,add,1000,0.02,83
idmap_r2,add,1000,0.021,83
idmap_r2,add,1000,0.022,83
idmap_r2,add,1000,0.023,83
idmap_r2,add,1000,0.024,83
idmap_r2,add,1000,0.025,83
idmap_r2,add,1000,0.026,83
idmap_r2,add,1000,0.027,83
idmap_r2,add,1000,0.028,83
idmap_r2,add,1000,0.029,83
idmap_r2,add,1000,0.03,83
idmap_r2,add,1000,0.031,83
idmap_r2,add,1000,0.032,83
idmap_r2,add,1000,0.033,83
idmap_r2,add,1000,0.034,83
idmap_r2,add,1000,0.035,83
idmap_r2,add,1000,0.036,83
idmap_r2,add,1000,0.037,83
idmap_r2,add,1000,0.038,83
idmap_r2,add,1000,0.039,83
idmap_r2,add,1000,0.04,83
idmap_r2,add,1000,0.041,83
idmap_r2,add,1000,0.042,83
idmap_r2,add,1000,0.043,83
idmap_r2,add,1000,0.044,84
idmap_r2,add,1000,0.045,84
idmap_r2,add,1000,0.046,84
idmap_r2,add,1000,0.047,84
idmap_r2,add,1000,0.048,84
idmap_r2,add,1000,0.049,84
idmap_r2,add,1000,0.05,84
idmap_r2,add,1000,0.051,84
idmap_r2,add,1000,0.052,84
idmap_r2,add,1000,0.053,84
idmap_r2,add,1000,0.054,84
idmap_r2,add,1000,0.055,84
idmap_r2,add,1000,0.056,84
idmap_r2,add,1000,0.057,84
idmap_r2,add,1000,0.058,84
idmap_r2,add,1000,0.059,84
idmap_r2,add,1000,0.06,84
idmap_r2,add,1000,0.061,84
idmap_r2,add,1000,0.062,125
idmap_r2,add,1000,0.063,125
idmap_r2,add,1000,0.064,125
idmap_r2,add,1000,0.065,125
idmap_r2,add,1000,0.066,125
idmap_r2,add,1000,0.067,125
idmap_r2,add,1000,0.068,125
idmap_r2,add,1000,0.069,125
idmap_r2,add,1000,0.07,125
idmap_r2,add,1000,0.071,125
idmap_r2,add,1000,0.072,125
idmap_r2,add,1000,0.073,125
idmap_r2,add,1000,0.074,125
idmap_r2,add,1000,0.075,125
idmap_r2,add,1000,0.076,125
idmap_r2,add,1000,0.077,125
idmap_r2,add,1000,0.078,125
idmap_r2,add,1000,0.079,125
idmap_r2,add,1000,0.08,125
idmap_r2,add,1000,0.081,125
idmap_r2,add,1000,0.082,125
idmap_r2,add,1000,0.083,125
idmap_r2,add,1000,0.084,125
idmap_r2,add,1000,0.085,125
idmap_r2,add,1000,0.086,125
idmap_r2,add,1000,0.087,125
idmap_r2,add,1000,0.088,125
idmap_r2,add,1000,0.089,125
idmap_r2,add,1000,0.09,125
idmap_r2,add,1000,0.091,125
idmap_r2,add,1000,0.092,125
idmap_r2,add,1000,0.093,125
idmap_r2,add,1000,0.094,125
idmap_r2,add,1000,0.095,125
idmap_r2,add,1000,0.096,125
idmap_r2,add,1000,0.097,125
idmap_r2,add,1000,0.098,125
idmap_r2,add,1000,0.099,125
idmap_r2,add,1000,0.1,125
idmap_r2,add,1000,0.101,125
idmap_r2,add,1000,0.102,125
idmap_r2,add,1000,0.103,125
idmap_r2,add,1000,0.104,125
idmap_r2,add,1000,0.105,125
idmap_r2,add,1000,0.106,125
idmap_r2,add,1000,0.107,125
idmap_r2,add,1000,0.108,125
idmap_r2,add,1000,0.109,125
idmap_r2,add,1000,0.11,125
idmap_r2,add,1000,0.111,125
idmap_r2,add,1000,0.112,125
idmap_r2,add,1000,0.113,125
idmap_r2,add,1000,0.114,125
idmap_r2,add,1000,0.115,125
idmap_r2,add,1000,0.116,125
idmap_r2,add,1000,0.117,125
idmap_r2,add,1000,0.118,125
idmap_r2,add,1000,0.119,125
idmap_r2,add,1000,0.12,125
idmap_r2,add,1000,0.121,125
idmap_r2,add,1000,0.122,125
idmap_r2,add,1000,0.123,125
idmap_r2,add,1000,0.124,125
idmap_r2,add,1000,0.125,125
idmap_r2,add,1000,0.126,125
idmap_r2,add,1000,0.127,125
idmap_r2,add,1000,0.128,125
idmap_r2,add,1000,0.129,125
idmap_r2,add,1000,0.13,125
idmap_r2,add,1000,0.131,125
idmap_r2,add,1000,0.132,125
idmap_r2,add,1000,0.133,125
idmap_r2,add,1000,0.134,125
idmap_r2,add,1000,0.135,125
idmap_r2,add,1000,0.136,125
idmap_r2,add,1000,0.137,125
idmap_r2,add,1000,0.138,125
idmap_r2,add,1000,0.139,125
idmap_r2,add,1000,0.14,125
idmap_r2,add,1000,0.141,125
idmap_r2,add,1000,0.142,125
idmap_r2,add,1000,0.143,125
idmap_r2,add,1000,0.144,125
idmap_r2,add,1000,0.145,125
idmap_r2,add,1000,0.146,125
idmap_r2,add,1000,0.147,125
idmap_r2,add,1000,0.148,125
idmap_r2,add,1000,0.149,125
idmap_r2,add,1000,0.15,125
idmap_r2,add,1000,0.151,125
idmap_r2,add,1000,0.152,125
idmap_r2,add,1000,0.153,125
idmap_r2,add,1000,0.154,125
idmap_r2,add,1000,0.155,125
idmap_r2,add,1000,0.156,125
idmap_r2,add,1000,0.157,125
idmap_r2,add,1000,0.158,125
idmap_r2,add,1000,0.159,125
idmap_r2,add,1000,0.16,125
idmap_r2,add,1000,0.161,125
idmap_r2,add,1000,0.162,125
idmap_r2,add,1000,0.163,125
idmap_r2,add,1000,0.164,125
idmap_r2,add,1000,0.165,125
idmap_r2,add,1000,0.166,125
idmap_r2,add,1000,0.167,125
idmap_r2,add,1000,0.168,125
idmap_r2,add,1000,0.169,125
idmap_r2,add,1000,0.17,125
idmap_r2,add,1000,0.171,125
idmap_r2,add,1000,0.172,125
idmap_r2,add,1000,0.173,125
idmap_r2,add,1000,0.174,125
idmap_r2,add,1000,0.175,125
idmap_r2,add,1000,0.176,125
idmap_r2,add,1000,0.177,125
idmap_r2,add,1000,0.178,125
idmap_r2,add,1000,0.179,125
idmap_r2,add,1000,0.18,125
idmap_r2,add,1000,0.181,125
idmap_r2,add,1000,0.182,125
idmap_r2,add,1000,0.183,125
idmap_r2,add,1000,0.184,125
idmap_r2,add,1000,0.185,125
idmap_r2,add,1000,0.186,125
idmap_r2,add,1000,0.187,125
idmap_r2,add,1000,0.188,125
idmap_r2,add,1000,0.189,125
idmap_r2,add,1000,0.19,125
idmap_r2,add,1000,0.191,125
idmap_r2,add,1000,0.192,125
idmap_r2,add,1000,0.193,125
idmap_r2,add,1000,0.194,125
idmap_r2,add,1000,0.195,125
idmap_r2,add,1000,0.196,125
idmap_r2,add,1000,0.197,125
idmap_r2,add,1000,0.198,125
idmap_r2,add,1000,0.199,125
idmap_r2,add,1000,0.2,125
idmap_r2,add,1000,0.201,125
idmap_r2,add,1000,0.202,125
idmap_r2,add,1000,0.203,125
idmap_r2,add,1000,0.204,125
idmap_r2,add,1000,0.205,125
idmap_r2,add,1000,0.206,125
idmap_r2,add,1000,0.207,125
idmap_r2,add,1000,0.208,125
idmap_r2,add,1000,0.209,125
idmap_r2,add,1000,0.21,125
idmap_r2,add,1000,0.211,125
idmap_r2,add,1000,0.212,125
idmap_r2,add,1000,0.213,125
idmap_r2,add,1000,0.214,125
idmap_r2,add,1000,0.215,125
idmap_r2,add,1000,0.216,125
idmap_r2,add,1000,0.217,125
idmap_r2,add,1000,0.218,125
idmap_r2,add,1000,0.219,125
idmap_r2,add,1000,0.22,125
idmap_r2,add,1000,0.221,125
idmap_r2,add,1000,0.222,125
idmap_r2,add,1000,0.223,125
idmap_r2,add,1000,0.224,125
idmap_r2,add,1000,0.225,125
idmap_r2,add,1000,0.226,125
idmap_r2,add,1000,0.227,125
idmap_r2,add,1000,0.228,125
idmap_r2,add,1000,0.229,125
idmap_r2,add,1000,0.23,125
idmap_r2,add,1000,0.231,125
idmap_r2,add,1000,0.232,125
idmap_r2,add,1000,0.233,125
idmap_r2,add,1000,0.234,125
idmap_r2,add,1000,0.235,125
idmap_r2,add,1000,0.236,125
idmap_r2,add,1000,0.237,125
idmap_r2,add,1000,0.238,125
idmap_r2,add,1000,0.239,125
idmap_r2,add,1000,0.24,125
idmap_r2,add,1000,0.241,125
idmap_r2,add,1000,0.242,125
idmap_r2,add,1000,0.243,125
idmap_r2,add,1000,0.244,125
idmap_r2,add,1000,0.245,125
idmap_r2,add,1000,0.246,125
idmap_r2,add,1000,0.247,125
idmap_r2,add,1000,0.248,125
idmap_r2,add,1000,0.249,125
idmap_r2,add,1000,0.25,125
idmap_r2,add,1000,0.251,125
idmap_r2,add,1000,0.252,125
idmap_r2,add,1000,0.253,125
idmap_r2,add,1000,0.254,125
idmap_r2,add,1000,0.255,125
idmap_r2,add,1000,0.256,125
idmap_r2,add,1000,0.257,125
idmap_r2,add,1000,0.258,125
idmap_r2,add,1000,0.259,125
idmap_r2,add,1000,0.26,125
idmap_r2,add,1000,0.261,125
idmap_r2,add,1000,0.262,125
idmap_r2,add,1000,0.263,125
idmap_r2,add,1000,0.264,125
idmap_r2,add,1000,0.265,125
idmap_r2,add,1000,0.266,125
idmap_r2,add,1000,0.267,125
idmap_r2,add,1000,0.268,125
idmap_r2,add,1000,0.269,125
idmap_r2,add,1000,0.27,125
idmap_r2,add,1000,0.271,125
idmap_r2,add,1000,0.272,125
idmap_r2,add,1000,0.273,125
idmap_r2,add,1000,0.274,125
idmap_r2,add,1000,0.275,125
idmap_r2,add,1000,0.276,125
idmap_r2,add,1000,0.277,125
idmap_r2,add,1000,0.278,125
idmap_r2,add,1000,0.279,125
idmap_r2,add,1000,0.28,125
idmap_r2,add,1000,0.281,125
idmap_r2,add,1000,0.282,125
idmap_r2,add,1000,0.283,125
idmap_r2,add,1000,0.284,125
idmap_r2,add,1000,0.285,125
idmap_r2,add,1000,0.286,125
idmap_r2,add,1000,0.287,125
idmap_r2,add,1000,0.288,125
idmap_r2,add,1000,0.289,125
idmap_r2,add,1000,0.29,125
idmap_r2,add,1000,0.291,125
idmap_r2,add,1000,0.292,125
idmap_r2,add,1000,0.293,125
idmap_r2,add,1000,0.294,125
idmap_r2,add,1000,0.295,125
idmap_r2,add,1000,0.296,125
idmap_r2,add,1000,0.297,125
idmap_r2,add,1000,0.298,125
idmap_r2,add,1000,0.299,125
idmap_r2,add,1000,0.3,125
idmap_r2,add,1000,0.301,125
idmap_r2,add,1000,0.302,125
idmap_r2,add,1000,0.303,125
idmap_r2,add,1000,0.304,125
idmap_r2,add,1000,0.305,125
idmap_r2,add,1000,0.306,125
idmap_r2,add,1000,0.307,125
idmap_r2,add,1000,0.308,125
idmap_r2,add,1000,0.309,125
idmap_r2,add,1000,0.31,125
idmap_r2,add,1000,0.311,125
idmap_r2,add,1000,0.312,125
idmap_r2,add,1000,0.313,125
idmap_r2,add,1000,0.314,125
idmap_r2,add,1000,0.315,125
idmap_r2,add,1000,0.316,125
idmap_r2,add,1000,0.317,125
idmap_r2,add,1000,0.318,125
idmap_r2,add,1000,0.319,125
idmap_r2,add,1000,0.32,125
idmap_r2,add,1000,0.321,125
idmap_r2,add,1000,0.322,125
idmap_r2,add,1000,0.323,125
idmap_r2,add,1000,0.324,125
idmap_r2,add,1000,0.325,125
idmap_r2,add,1000,0.326,125
idmap_r2,add,1000,0.327,125
idmap_r2,add,1000,0.328,125
idmap_r2,add,1000,0.329,125
idmap_r2,add,1000,0.33,125
idmap_r2,add,1000,0.331,125
idmap_r2,add,1000,0.332,125
idmap_r2,add,1000,0.333,125
idmap_r2,add,1000,0.334,125
idmap_r2,add,1000,0.335,125
idmap_r2,add,1000,0.336,125
idmap_r2,add,1000,0.337,125
idmap_r2,add,1000,0.338,125
idmap_r2,add,1000,0.339,125
idmap_r2,add,1000,0.34,125
idmap_r2,add,1000,0.341,125
idmap_r2,add,1000,0.342,125
idmap_r2,add,1000,0.343,125
idmap_r2,add,1000,0.344,125
idmap_r2,add,1000,0.345,125
idmap_r2,add,1000,0.346,125
idmap_r2,add,1000,0.347,125
idmap_r2,add,1000,0.348,125
idmap_r2,add,1000,0.349,125
idmap_r2,add,1000,0.35,125
idmap_r2,add,1000,0.351,125
idmap_r2,add,1000,0.352,125
idmap_r2,add,1000,0.353,125
idmap_r2,add,1000,0.354,125
idmap_r2,add,1000,0.355,125
idmap_r2,add,1000,0.356,125
idmap_r2,add,1000,0.357,125
idmap_r2,add,1000,0.358,125
idmap_r2,add,1000,0.359,125
idmap_r2,add,1000,0.36,125
idmap_r2,add,1000,0.361,125
idmap_r2,add,1000,0.362,125
idmap_r2,add,1000,0.363,125
idmap_r2,add,1000,0.364,125
idmap_r2,add,1000,0.365,125
idmap_r2,add,1000,0.366,125
idmap_r2,add,1000,0.367,125
idmap_r2,add,1000,0.368,125
idmap_r2,add,1000,0.369,125
idmap_r2,add,1000,0.37,125
idmap_r2,add,1000,0.371,125
idmap_r2,add,1000,0.372,125
idmap_r2,add,1000,0.373,125
idmap_r2,add,1000,0.374,125
idmap_r2,add,1000,0.375,125
idmap_r2,add,1000,0.376,125
idmap_r2,add,1000,0.377,125
idmap_r2,add,1000,0.378,125
idmap_r2,add,1000,0.379,125
idmap_r2,add,1000,0.38,125
idmap_r2,add,1000,0.381,125
idmap_r2,add,1000,0.382,125
idmap_r2,add,1000,0.383,125
idmap_r2,add,1000,0.384,125
idmap_r2,add,1000,0.385,125
idmap_r2,add,1000,0.386,125
idmap_r2,add,1000,0.387,125
idmap_r2,add,1000,0.388,125
idmap_r2,add,1000,0.389,125
idmap_r2,add,1000,0.39,125
idmap_r2,add,1000,0.391,125
idmap_r2,add,1000,0.392,125
idmap_r2,add,1000,0.393,125
idmap_r2,add,1000,0.394,125
idmap_r2,add,1000,0.395,125
idmap_r2,add,1000,0.396,125
idmap_r2,add,1000,0.397,125
idmap_r2,add,1000,0.398,125
idmap_r2,add,1000,0.399,125
idmap_r2,add,1000,0.4,125
idmap_r2,add,1000,0.401,125
idmap_r2,add,1000,0.402,125
idmap_r2,add,1000,0.403,125
idmap_r2,add,1000,0.404,125
idmap_r2,add,1000,0.405,125
idmap_r2,add,1000,0.406,125
idmap_r2,add,1000,0.407,125
idmap_r2,add,1000,0.408,125
idmap_r2,add,1000,0.409,125
idmap_r2,add,1000,0.41,125
idmap_r2,add,1000,0.411,125
idmap_r2,add,1000,0.412,125
idmap_r2,add,1000,0.413,125
idmap_r2,add,1000,0.414,125
idmap_r2,add,1000,0.415,125
idmap_r2,add,1000,0.416,125
idmap_r2,add,1000,0.417,125
idmap_r2,add,1000,0.418,125
idmap_r2,add,1000,0.419,125
idmap_r2,add,1000,0.42,125
idmap_r2,add,1000,0.421,125
idmap_r2,add,1000,0.422,125
idmap_r2,add,1000,0.423,125
idmap_r2,add,1000,0.424,125
idmap_r2,add,1000,0.425,125
idmap_r2,add,1000,0.426,125
idmap_r2,add,1000,0.427,125
idmap_r2,add,1000,0.428,125
idmap_r2,add,1000,0.429,125
idmap_r2,add,1000,0.43,125
idmap_r2,add,1000,0.431,125
idmap_r2,add,1000,0.432,125
idmap_r2,add,1000,0.433,125
idmap_r2,add,1000,0.434,125
idmap_r2,add,1000,0.435,125
idmap_r2,add,1000,0.436,125
idmap_r2,add,1000,0.437,125
idmap_r2,add,1000,0.438,125
idmap_r2,add,1000,0.439,125
idmap_r2,add,1000,0.44,166
idmap_r2,add,1000,0.441,166
idmap_r2,add,1000,0.442,166
idmap_r2,add,1000,0.443,166
idmap_r2,add,1000,0.444,166
idmap_r2,add,1000,0.445,166
idmap_r2,add,1000,0.446,166
idmap_r2,add,1000,0.447,166
idmap_r2,add,1000,0.448,166
idmap_r2,add,1000,0.449,166
idmap_r2,add,1000,0.45,166
idmap_r2,add,1000,0.451,166
idmap_r2,add,1000,0.452,166
idmap_r2,add,1000,0.453,166
idmap_r2,add,1000,0.454,166
idmap_r2,add,1000,0.455,166
idmap_r2,add,1000,0.456,166
idmap_r2,add,1000,0.457,166
idmap_r2,add,1000,0.458,166
idmap_r2,add,1000,0.459,166
idmap_r2,add,1000,0.46,166
idmap_r2,add,1000,0.461,166
idmap_r2,add,1000,0.462,166
idmap_r2,add,1000,0.463,166
idmap_r2,add,1000,0.464,166
idmap_r2,add,1000,0.465,166
idmap_r2,add,1000,0.466,166
idmap_r2,add,1000,0.467,166
idmap_r2,add,1000,0.468,166
idmap_r2,add,1000,0.469,166
idmap_r2,add,1000,0.47,166
idmap_r2,add,1000,0.471,166
idmap_r2,add,1000,0.472,166
idmap_r2,add,1000,0.473,166
idmap_r2,add,1000,0.474,166
idmap_r2,add,1000,0.475,166
idmap_r2,add,1000,0.476,166
idmap_r2,add,1000,0.477,166
idmap_r2,add,1000,0.478,166
idmap_r2,add,1000,0.479,166
idmap_r2,add,1000,0.48,166
idmap_r2,add,1000,0.481,166
idmap_r2,add,1000,0.482,166
idmap_r2,add,1000,0.483,166
idmap_r2,add,1000,0.484,166
idmap_r2,add,1000,0.485,166
idmap_r2,add,1000,0.486,166
idmap_r2,add,1000,0.487,166
idmap_r2,add,1000,0.488,166
idmap_r2,add,1000,0.489,166
idmap_r2,add,1000,0.49,166
idmap_r2,add,1000,0.491,166
idmap_r2,add,1000,0.492,166
idmap_r2,add,1000,0.493,166
idmap_r2,add,1000,0.494,166
idmap_r2,add,1000,0.495,166
idmap_r2,add,1000,0.496,166
idmap_r2,add,1000,0.497,166
idmap_r2,add,1000,0.498,166
idmap_r2,add,1000,0.499,166
idmap_r2,add,1000,0.5,166
idmap_r2,add,1000,0.501,166
idmap_r2,add,1000,0.502,166
idmap_r2,add,1000,0.503,166
idmap_r2,add,1000,0.504,166
idmap_r2,add,1000,0.505,166
idmap_r2,add,1000,0.506,166
idmap_r2,add,1000,0.507,166
idmap_r2,add,1000,0.508,166
idmap_r2,add,1000,0.509,166
idmap_r2,add,1000,0.51,166
idmap_r2,add,1000,0.511,166
idmap_r2,add,1000,0.512,166
idmap_r2,add,1000,0.513,166
idmap_r2,add,1000,0.514,166
idmap_r2,add,1000,0.515,166
idmap_r2,add,1000,0.516,166
idmap_r2,add,1000,0.517,166
idmap_r2,add,1000,0.518,166
idmap_r2,add,1000,0.519,166
idmap_r2,add,1000,0.52,166
idmap_r2,add,1000,0.521,166
idmap_r2,add,1000,0.522,166
idmap_r2,add,1000,0.523,166
idmap_r2,add,1000,0.524,166
idmap_r2,add,1000,0.525,166
idmap_r2,add,1000,0.526,166
idmap_r2,add,1000,0.527,166
idmap_r2,add,1000,0.528,166
idmap_r2,add,1000,0.529,166
idmap_r2,add,1000,0.53,166
idmap_r2,add,1000,0.531,166
idmap_r2,add,1000,0.532,166
idmap_r2,add,1000,0.533,166
idmap_r2,add,1000,0.534,166
idmap_r2,add,1000,0.535,166
idmap_r2,add,1000,0.536,166
idmap_r2,add,1000,0.537,166
idmap_r2,add,1000,0.538,166
idmap_r2,add,1000,0.539,166
idmap_r2,add,1000,0.54,166
idmap_r2,add,1000,0.541,166
idmap_r2,add,1000,0.542,166
idmap_r2,add,1000,0.543,166
idmap_r2,add,1000,0.544,166
idmap_r2,add,1000,0.545,166
idmap_r2,add,1000,0.546,166
idmap_r2,add,1000,0.547,166
idmap_r2,add,1000,0.548,166
idmap_r2,add,1000,0.549,166
idmap_r2,add,1000,0.55,166
idmap_r2,add,1000,0.551,166
idmap_r2,add,1000,0.552,166
idmap_r2,add,1000,0.553,166
idmap_r2,add,1000,0.554,166
idmap_r2,add,1000,0.555,166
idmap_r2,add,1000,0.556,166
idmap_r2,add,1000,0.557,166
idmap_r2,add,1000,0.558,166
idmap_r2,add,1000,0.559,166
idmap_r2,add,1000,0.56,166
idmap_r2,add,1000,0.561,166
idmap_r2,add,1000,0.562,166
idmap_r2,add,1000,0.563,166
idmap_r2,add,1000,0.564,166
idmap_r2,add,1000,0.565,166
idmap_r2,add,1000,0.566,166
idmap_r2,add,1000,0.567,166
idmap_r2,add,1000,0.568,166
idmap_r2,add,1000,0.569,166
idmap_r2,add,1000,0.57,167
idmap_r2,add,1000,0.571,167
idmap_r2,add,1000,0.572,167
idmap_r2,add,1000,0.573,167
idmap_r2,add,1000,0.574,167
idmap_r2,add,1000,0.575,167
idmap_r2,add,1000,0.576,167
idmap_r2,add,1000,0.577,167
idmap_r2,add,1000,0.578,167
idmap_r2,add,1000,0.579,167
idmap_r2,add,1000,0.58,167
idmap_r2,add,1000,0.581,167
idmap_r2,add,1000,0.582,167
idmap_r2,add,1000,0.583,167
idmap_r2,add,1000,0.584,167
idmap_r2,add,1000,0.585,167
idmap_r2,add,1000,0.586,167
idmap_r2,add,1000,0.587,167
idmap_r2,add,1000,0.588,167
idmap_r2,add,1000,0.589,167
idmap_r2,add,1000,0.59,167
idmap_r2,add,1000,0.591,167
idmap_r2,add,1000,0.592,167
idmap_r2,add,1000,0.593,167
idmap_r2,add,1000,0.594,167
idmap_r2,add,1000,0.595,167
idmap_r2,add,1000,0.596,167
idmap_r2,add,1000,0.597,167
idmap_r2,add,1000,0.598,167
idmap_r2,add,1000,0.599,167
idmap_r2,add,1000,0.6,167
idmap_r2,add,1000,0.601,167
idmap_r2,add,1000,0.602,167
idmap_r2,add,1000,0.603,167
idmap_r2,add,1000,0.604,167
idmap_r2,add,1000,0.605,167
idmap_r2,add,1000,0.606,167
idmap_r2,add,1000,0.607,167
idmap_r2,add,1000,0.608,167
idmap_r2,add,1000,0.609,167
idmap_r2,add,1000,0.61,167
idmap_r2,add,1000,0.611,167
idmap_r2,add,1000,0.612,167
idmap_r2,add,1000,0.613,167
idmap_r2,add,1000,0.614,167
idmap_r2,add,1000,0.615,167
idmap_r2,add,1000,0.616,167
idmap_r2,add,1000,0.617,167
idmap_r2,add,1000,0.618,167
idmap_r2,add,1000,0.619,167
idmap_r2,add,1000,0.62,167
idmap_r2,add,1000,0.621,167
idmap_r2,add,1000,0.622,167
idmap_r2,add,1000,0.623,167
idmap_r2,add,1000,0.624,167
idmap_r2,add,1000,0.625,167
idmap_r2,add,1000,0.626,167
idmap_r2,add,1000,0.627,167
idmap_r2,add,1000,0.628,167
idmap_r2,add,1000,0.629,167
idmap_r2,add,1000,0.63,167
idmap_r2,add,1000,0.631,167
idmap_r2,add,1000,0.632,167
idmap_r2,add,1000,0.633,167
idmap_r2,add,1000,0.634,167
idmap_r2,add,1000,0.635,167
idmap_r2,add,1000,0.636,167
idmap_r2,add,1000,0.637,167
idmap_r2,add,1000,0.638,167
idmap_r2,add,1000,0.639,167
idmap_r2,add,1000,0.64,167
idmap_r2,add,1000,0.641,167
idmap_r2,add,1000,0.642,167
idmap_r2,add,1000,0.643,167
idmap_r2,add,1000,0.644,167
idmap_r2,add,1000,0.645,167
idmap_r2,add,1000,0.646,167
idmap_r2,add,1000,0.647,167
idmap_r2,add,1000,0.648,167
idmap_r2,add,1000,0.649,167
idmap_r2,add,1000,0.65,167
idmap_r2,add,1000,0.651,167
idmap_r2,add,1000,0.652,167
idmap_r2,add,1000,0.653,167
idmap_r2,add,1000,0.654,167
idmap_r2,add,1000,0.655,167
idmap_r2,add,1000,0.656,167
idmap_r2,add,1000,0.657,167
idmap_r2,add,1000,0.658,167
idmap_r2,add,1000,0.659,167
idmap_r2,add,1000,0.66,167
idmap_r2,add,1000,0.661,167
idmap_r2,add,1000,0.662,167
idmap_r2,add,1000,0.663,167
idmap_r2,add,1000,0.664,167
idmap_r2,add,1000,0.665,167
idmap_r2,add,1000,0.666,167
idmap_r2,add,1000,0.667,167
idmap_r2,add,1000,0.668,167
idmap_r2,add,1000,0.669,167
idmap_r2,add,1000,0.67,167
idmap_r2,add,1000,0.671,167
idmap_r2,add,1000,0.672,167
idmap_r2,add,1000,0.673,167
idmap_r2,add,1000,0.674,167
idmap_r2,add,1000,0.675,167
idmap_r2,add,1000,0.676,167
idmap_r2,add,1000,0.677,167
idmap_r2,add,1000,0.678,167
idmap_r2,add,1000,0.679,167
idmap_r2,add,1000,0.68,167
idmap_r2,add,1000,0.681,167
idmap_r2,add,1000,0.682,167
idmap_r2,add,1000,0.683,167
idmap_r2,add,1000,0.684,167
idmap_r2,add,1000,0.685,167
idmap_r2,add,1000,0.686,167
idmap_r2,add,1000,0.687,167
idmap_r2,add,1000,0.688,167
idmap_r2,add,1000,0.689,167
idmap_r2,add,1000,0.69,167
idmap_r2,add,1000,0.691,167
idmap_r2,add,1000,0.692,167
idmap_r2,add,1000,0.693,167
idmap_r2,add,1000,0.694,167
idmap_r2,add,1000,0.695,167
idmap_r2,add,1000,0.696,167
idmap_r2,add,1000,0.697,167
idmap_r2,add,1000,0.698,167
idmap_r2,add,1000,0.699,167
idmap_r2,add,1000,0.7,167
idmap_r2,add,1000,0.701,167
idmap_r2,add,1000,0.702,167
idmap_r2,add,1000,0.703,167
idmap_r2,add,1000,0.704,167
idmap_r2,add,1000,0.705,167
idmap_r2,add,1000,0.706,167
idmap_r2,add,1000,0.707,167
idmap_r2,add,1000,0.708,167
idmap_r2,add,1000,0.709,167
idmap_r2,add,1000,0.71,167
idmap_r2,add,1000,0.711,167
idmap_r2,add,1000,0.712,167
idmap_r2,add,1000,0.713,167
idmap_r2,add,1000,0.714,167
idmap_r2,add,1000,0.715,167
idmap_r2,add,1000,0.716,167
idmap_r2,add,1000,0.717,167
idmap_r2,add,1000,0.718,167
idmap_r2,add,1000,0.719,167
idmap_r2,add,1000,0.72,167
idmap_r2,add,1000,0.721,167
idmap_r2,add,1000,0.722,167
idmap_r2,add,1000,0.723,167
idmap_r2,add,1000,0.724,167
idmap_r2,add,1000,0.725,167
idmap_r2,add,1000,0.726,167
idmap_r2,add,1000,0.727,167
idmap_r2,add,1000,0.728,167
idmap_r2,add,1000,0.729,167
idmap_r2,add,1000,0.73,167
idmap_r2,add,1000,0.731,167
idmap_r2,add,1000,0.732,167
idmap_r2,add,1000,0.733,167
idmap_r2,add,1000,0.734,167
idmap_r2,add,1000,0.735,167
idmap_r2,add,1000,0.736,167
idmap_r2,add,1000,0.737,167
idmap_r2,add,1000,0.738,167
idmap_r2,add,1000,0.739,167
idmap_r2,add,1000,0.74,167
idmap_r2,add,1000,0.741,167
idmap_r2,add,1000,0.742,167
idmap_r2,add,1000,0.743,167
idmap_r2,add,1000,0.744,167
idmap_r2,add,1000,0.745,167
idmap_r2,add,1000,0.746,167
idmap_r2,add,1000,0.747,167
idmap_r2,add,1000,0.748,167
idmap_r2,add,1000,0.749,167
idmap_r2,add,1000,0.75,167
idmap_r2,add,1000,0.751,167
idmap_r2,add,1000,0.752,167
idmap_r2,add,1000,0.753,167
idmap_r2,add,1000,0.754,167
idmap_r2,add,1000,0.755,167
idmap_r2,add,1000,0.756,167
idmap_r2,add,1000,0.757,167
idmap_r2,add,1000,0.758,167
idmap_r2,add,1000,0.759,167
idmap_r2,add,1000,0.76,167
idmap_r2,add,1000,0.761,167
idmap_r2,add,1000,0.762,167
idmap_r2,add,1000,0.763,167
idmap_r2,add,1000,0.764,167
idmap_r2,add,1000,0.765,167
idmap_r2,add,1000,0.766,167
idmap_r2,add,1000,0.767,167
idmap_r2,add,1000,0.768,167
idmap_r2,add,1000,0.769,167
idmap_r2,add,1000,0.77,167
idmap_r2,add,1000,0.771,167
idmap_r2,add,1000,0.772,167
idmap_r2,add,1000,0.773,167
idmap_r2,add,1000,0.774,167
idmap_r2,add,1000,0.775,167
idmap_r2,add,1000,0.776,167
idmap_r2,add,1000,0.777,167
idmap_r2,add,1000,0.778,167
idmap_r2,add,1000,0.779,167
idmap_r2,add,1000,0.78,167
idmap_r2,add,1000,0.781,167
idmap_r2,add,1000,0.782,167
idmap_r2,add,1000,0.783,167
idmap_r2,add,1000,0.784,167
idmap_r2,add,1000,0.785,167
idmap_r2,add,1000,0.786,167
idmap_r2,add,1000,0.787,167
idmap_r2,add,1000,0.788,167
idmap_r2,add,1000,0.789,167
idmap_r2,add,1000,0.79,167
idmap_r2,add,1000,0.791,167
idmap_r2,add,1000,0.792,167
idmap_r2,add,1000,0.793,167
idmap_r2,add,1000,0.794,167
idmap_r2,add,1000,0.795,167
idmap_r2,add,1000,0.796,167
idmap_r2,add,1000,0.797,167
idmap_r2,add,1000,0.798,167
idmap_r2,add,1000,0.799,167
idmap_r2,add,1000,0.8,167
idmap_r2,add,1000,0.801,167
idmap_r2,add,1000,0.802,167
idmap_r2,add,1000,0.803,167
idmap_r2,add,1000,0.804,167
idmap_r2,add,1000,0.805,167
idmap_r2,add,1000,0.806,167
idmap_r2,add,1000,0.807,167
idmap_r2,add,1000,0.808,167
idmap_r2,add,1000,0.809,167
idmap_r2,add,1000,0.81,167
idmap_r2,add,1000,0.811,167
idmap_r2,add,1000,0.812,167
idmap_r2,add,1000,0.813,167
idmap_r2,add,1000,0.814,167
idmap_r2,add,1000,0.815,167
idmap_r2,add,1000,0.816,167
idmap_r2,add,1000,0.817,167
idmap_r2,add,1000,0.818,167
idmap_r2,add,1000,0.819,167
idmap_r2,add,1000,0.82,167
idmap_r2,add,1000,0.821,167
idmap_r2,add,1000,0.822,167
idmap_r2,add,1000,0.823,167
idmap_r2,add,1000,0.824,167
idmap_r2,add,1000,0.825,167
idmap_r2,add,1000,0.826,167
idmap_r2,add,1000,0.827,167
idmap_r2,add,1000,0.828,167
idmap_r2,add,1000,0.829,167
idmap_r2,add,1000,0.83,167
idmap_r2,add,1000,0.831,167
idmap_r2,add,1000,0.832,167
idmap_r2,add,1000,0.833,208
idmap_r2,add,1000,0.834,208
idmap_r2,add,1000,0.835,208
idmap_r2,add,1000,0.836,208
idmap_r2,add,1000,0.837,208
idmap_r2,add,1000,0.838,208
idmap_r2,add,1000,0.839,208
idmap_r2,add,1000,0.84,208
idmap_r2,add,1000,0.841,208
idmap_r2,add,1000,0.842,208
idmap_r2,add,1000,0.843,208
idmap_r2,add,1000,0.844,208
idmap_r2,add,1000,0.845,208
idmap_r2,add,1000,0.846,208
idmap_r2,add,1000,0.847,208
idmap_r2,add,1000,0.848,208
idmap_r2,add,1000,0.849,208
idmap_r2,add,1000,0.85,208
idmap_r2,add,1000,0.851,208
idmap_r2,add,1000,0.852,208
idmap_r2,add,1000,0.853,208
idmap_r2,add,1000,0.854,208
idmap_r2,add,1000,0.855,208
idmap_r2,add,1000,0.856,208
idmap_r2,add,1000,0.857,208
idmap_r2,add,1000,0.858,208
idmap_r2,add,1000,0.859,208
idmap_r2,add,1000,0.86,208
idmap_r2,add,1000,0.861,208
idmap_r2,add,1000,0.862,208
idmap_r2,add,1000,0.863,208
idmap_r2,add,1000,0.864,208
idmap_r2,add,1000,0.865,208
idmap_r2,add,1000,0.866,208
idmap_r2,add,1000,0.867,208
idmap_r2,add,1000,0.868,208
idmap_r2,add,1000,0.869,208
idmap_r2,add,1000,0.87,208
idmap_r2,add,1000,0.871,208
idmap_r2,add,1000,0.872,208
idmap_r2,add,1000,0.873,208
idmap_r2,add,1000,0.874,208
idmap_r2,add,1000,0.875,208
idmap_r2,add,1000,0.876,208
idmap_r2,add,1000,0.877,209
idmap_r2,add,1000,0.878,209
idmap_r2,add,1000,0.879,209
idmap_r2,add,1000,0.88,209
idmap_r2,add,1000,0.881,209
idmap_r2,add,1000,0.882,209
idmap_r2,add,1000,0.883,209
idmap_r2,add,1000,0.884,209
idmap_r2,add,1000,0.885,209
idmap_r2,add,1000,0.886,209
idmap_r2,add,1000,0.887,209
idmap_r2,add,1000,0.888,209
idmap_r2,add,1000,0.889,209
idmap_r2,add,1000,0.89,209
idmap_r2,add,1000,0.891,209
idmap_r2,add,1000,0.892,209
idmap_r2,add,1000,0.893,209
idmap_r2,add,1000,0.894,209
idmap_r2,add,1000,0.895,209
idmap_r2,add,1000,0.896,209
idmap_r2,add,1000,0.897,209
idmap_r2,add,1000,0.898,209
idmap_r2,add,1000,0.899,209
idmap_r2,add,1000,0.9,250
idmap_r2,add,1000,0.901,250
idmap_r2,add,1000,0.902,250
idmap_r2,add,1000,0.903,250
idmap_r2,add,1000,0.904,250
idmap_r2,add,1000,0.905,250
idmap_r2,add,1000,0.906,250
idmap_r2,add,1000,0.907,250
idmap_r2,add,1000,0.908,250
idmap_r2,add,1000,0.909,250
idmap_r2,add,1000,0.91,250
idmap_r2,add,1000,0.911,250
idmap_r2,add,1000,0.912,250
idmap_r2,add,1000,0.913,250
idmap_r2,add,1000,0.914,250
idmap_r2,add,1000,0.915,250
idmap_r2,add,1000,0.916,250
idmap_r2,add,1000,0.917,250
idmap_r2,add,1000,0.918,250
idmap_r2,add,1000,0.919,250
idmap_r2,add,1000,0.92,250
idmap_r2,add,1000,0.921,250
idmap_r2,add,1000,0.922,250
idmap_r2,add,1000,0.923,250
idmap_r2,add,1000,0.924,250
idmap_r2,add,1000,0.925,250
idmap_r2,add,1000,0.926,250
idmap_r2,add,1000,0.927,250
idmap_r2,add,1000,0.928,250
idmap_r2,add,1000,0.929,250
idmap_r2,add,1000,0.93,250
idmap_r2,add,1000,0.931,250
idmap_r2,add,1000,0.932,250
idmap_r2,add,1000,0.933,250
idmap_r2,add,1000,0.934,250
idmap_r2,add,1000,0.935,250
idmap_r2,add,1000,0.936,250
idmap_r2,add,1000,0.937,250
idmap_r2,add,1000,0.938,250
idmap_r2,add,1000,0.939,291
idmap_r2,add,1000,0.94,291
idmap_r2,add,1000,0.941,291
idmap_r2,add,1000,0.942,291
idmap_r2,add,1000,0.943,291
idmap_r2,add,1000,0.944,291
idmap_r2,add,1000,0.945,292
idmap_r2,add,1000,0.946,292
idmap_r2,add,1000,0.947,292
idmap_r2,add,1000,0.948,292
idmap_r2,add,1000,0.949,292
idmap_r2,add,1000,0.95,292
idmap_r2,add,1000,0.951,292
idmap_r2,add,1000,0.952,292
idmap_r2,add,1000,0.953,292
idmap_r2,add,1000,0.954,292
idmap_r2,add,1000,0.955,292
idmap_r2,add,1000,0.956,292
idmap_r2,add,1000,0.957,292
idmap_r2,add,1000,0.958,292
idmap_r2,add,1000,0.959,333
idmap_r2,add,1000,0.96,333
idmap_r2,add,1000,0.961,333
idmap_r2,add,1000,0.962,333
idmap_r2,add,1000,0.963,333
idmap_r2,add,1000,0.964,333
idmap_r2,add,1000,0.965,333
idmap_r2,add,1000,0.966,333
idmap_r2,add,1000,0.967,333
idmap_r2,add,1000,0.968,333
idmap_r2,add,1000,0.969,333
idmap_r2,add,1000,0.97,333
idmap_r2,add,1000,0.971,333
idmap_r2,add,1000,0.972,333
idmap_r2,add,1000,0.973,334
idmap_r2,add,1000,0.974,334
idmap_r2,add,1000,0.975,334
idmap_r2,add,1000,0.976,334
idmap_r2,add,1000,0.977,334
idmap_r2,add,1000,0.978,334
idmap_r2,add,1000,0.979,334
idmap_r2,add,1000,0.98,375
idmap_r2,add,1000,0.981,375
idmap_r2,add,1000,0.982,375
idmap_r2,add,1000,0.983,375
idmap_r2,add,1000,0.984,375
idmap_r2,add,1000,0.985,375
idmap_r2,add,1000,0.986,375
idmap_r2,add,1000,0.987,375
idmap_r2,add,1000,0.988,375
idmap_r2,add,1000,0.989,416
idmap_r2,add,1000,0.99,417
idmap_r2,add,1000,0.991,417
idmap_r2,add,1000,0.992,417
idmap_r2,add,1000,0.993,458
idmap_r2,add,1000,0.994,500
idmap_r2,add,1000,0.995,500
idmap_r2,add,1000,0.996,542
idmap_r2,add,1000,0.997,625
idmap_r2,add,1000,0.998,792
idmap_r2,add,1000,0.999,2667
idmap_r2,cancel,1000,0,0
idmap_r2,cancel,1000,0.001,42
idmap_r2,cancel,1000,0.002,42
idmap_r2,cancel,1000,0.003,83
idmap_r2,cancel,1000,0.004,83
idmap_r2,cancel,1000,0.005,83
idmap_r2,cancel,1000,0.006,83
idmap_r2,cancel,1000,0.007,83
idmap_r2,cancel,1000,0.008,83
idmap_r2,cancel,1000,0.009,83
idmap_r2,cancel,1000,0.01,83
idmap_r2,cancel,1000,0.011,83
idmap_r2,cancel,1000,0.012,83
idmap_r2,cancel,1000,0.013,83
idmap_r2,cancel,1000,0.014,83
idmap_r2,cancel,1000,0.015,83
idmap_r2,cancel,1000,0.016,83
idmap_r2,cancel,1000,0.017,83
idmap_r2,cancel,1000,0.018,83
idmap_r2,cancel,1000,0.019,83
idmap_r2,cancel,1000,0.02,83
idmap_r2,cancel,1000,0.021,83
idmap_r2,cancel,1000,0.022,83
idmap_r2,cancel,1000,0.023,83
idmap_r2,cancel,1000,0.024,83
idmap_r2,cancel,1000,0.025,83
idmap_r2,cancel,1000,0.026,83
idmap_r2,cancel,1000,0.027,83
idmap_r2,cancel,1000,0.028,83
idmap_r2,cancel,1000,0.029,84
idmap_r2,cancel,1000,0.03,84
idmap_r2,cancel,1000,0.031,84
idmap_r2,cancel,1000,0.032,84
idmap_r2,cancel,1000,0.033,84
idmap_r2,cancel,1000,0.034,84
idmap_r2,cancel,1000,0.035,84
idmap_r2,cancel,1000,0.036,84
idmap_r2,cancel,1000,0.037,84
idmap_r2,cancel,1000,0.038,84
idmap_r2,cancel,1000,0.039,84
idmap_r2,cancel,1000,0.04,84
idmap_r2,cancel,1000,0.041,84
idmap_r2,cancel,1000,0.042,84
idmap_r2,cancel,1000,0.043,125
idmap_r2,cancel,1000,0.044,125
idmap_r2,cancel,1000,0.045,125
idmap_r2,cancel,1000,0.046,125
idmap_r2,cancel,1000,0.047,125
idmap_r2,cancel,1000,0.048,125
idmap_r2,cancel,1000,0.049,125
idmap_r2,cancel,1000,0.05,125
idmap_r2,cancel,1000,0.051,125
idmap_r2,cancel,1000,0.052,125
idmap_r2,cancel,1000,0.053,125
idmap_r2,cancel,1000,0.054,125
idmap_r2,cancel,1000,0.055,125
idmap_r2,cancel,1000,0.056,125
idmap_r2,cancel,1000,0.057,125
idmap_r2,cancel,1000,0.058,125
idmap_r2,cancel,1000,0.059,125
idmap_r2,cancel,1000,0.06,125
idmap_r2,cancel,1000,0.061,125
idmap_r2,cancel,1000,0.062,125
idmap_r2,cancel,1000,0.063,125
idmap_r2,cancel,1000,0.064,125
idmap_r2,cancel,1000,0.065,125
idmap_r2,cancel,1000,0.066,125
idmap_r2,cancel,1000,0.067,125
idmap_r2,cancel,1000,0.068,125
idmap_r2,cancel,1000,0.069,125
idmap_r2,cancel,1000,0.07,125
idmap_r2,cancel,1000,0.071,125
idmap_r2,cancel,1000,0.072,125
idmap_r2,cancel,1000,0.073,125
idmap_r2,cancel,1000,0.074,125
idmap_r2,cancel,1000,0.075,125
idmap_r2,cancel,1000,0.076,125
idmap_r2,cancel,1000,0.077,125
idmap_r2,cancel,1000,0.078,125
idmap_r2,cancel,1000,0.079,125
idmap_r2,cancel,1000,0.08,125
idmap_r2,cancel,1000,0.081,125
idmap_r2,cancel,1000,0.082,125
idmap_r2,cancel,1000,0.083,125
idmap_r2,cancel,1000,0.084,125
idmap_r2,cancel,1000,0.085,125
idmap_r2,cancel,1000,0.086,125
idmap_r2,cancel,1000,0.087,125
idmap_r2,cancel,1000,0.088,125
idmap_r2,cancel,1000,0.089,125
idmap_r2,cancel,1000,0.09,125
idmap_r2,cancel,1000,0.091,125
idmap_r2,cancel,1000,0.092,125
idmap_r2,cancel,1000,0.093,125
idmap_r2,cancel,1000,0.094,125
idmap_r2,cancel,1000,0.095,125
idmap_r2,cancel,1000,0.096,125
idmap_r2,cancel,1000,0.097,125
idmap_r2,cancel,1000,0.098,125
idmap_r2,cancel,1000,0.099,125
idmap_r2,cancel,1000,0.1,125
idmap_r2,cancel,1000,0.101,125
idmap_r2,cancel,1000,0.102,125
idmap_r2,cancel,1000,0.103,125
idmap_r2,cancel,1000,0.104,125
idmap_r2,cancel,1000,0.105,125
idmap_r2,cancel,1000,0.106,125
idmap_r2,cancel,1000,0.107,125
idmap_r2,cancel,1000,0.108,125
idmap_r2,cancel,1000,0.109,125
idmap_r2,cancel,1000,0.11,125
idmap_r2,cancel,1000,0.111,125
idmap_r2,cancel,1000,0.112,125
idmap_r2,cancel,1000,0.113,125
idmap_r2,cancel,1000,0.114,125
idmap_r2,cancel,1000,0.115,125
idmap_r2,cancel,1000,0.116,125
idmap_r2,cancel,1000,0.117,125
idmap_r2,cancel,1000,0.118,125
idmap_r2,cancel,1000,0.119,125
idmap_r2,cancel,1000,0.12,125
idmap_r2,cancel,1000,0.121,125
idmap_r2,cancel,1000,0.122,125
idmap_r2,cancel,1000,0.123,125
idmap_r2,cancel,1000,0.124,125
idmap_r2,cancel,1000,0.125,125
idmap_r2,cancel,1000,0.126,125
idmap_r2,cancel,1000,0.127,125
idmap_r2,cancel,1000,0.128,125
idmap_r2,cancel,1000,0.129,125
idmap_r2,cancel,1000,0.13,125
idmap_r2,cancel,1000,0.131,125
idmap_r2,cancel,1000,0.132,125
idmap_r2,cancel,1000,0.133,125
idmap_r2,cancel,1000,0.134,125
idmap_r2,cancel,1000,0.135,125
idmap_r2,cancel,1000,0.136,125
idmap_r2,cancel,1000,0.137,125
idmap_r2,cancel,1000,0.138,125
idmap_r2,cancel,1000,0.139,125
idmap_r2,cancel,1000,0.14,125
idmap_r2,cancel,1000,0.141,125
idmap_r2,cancel,1000,0.142,125
idmap_r2,cancel,1000,0.143,125
idmap_r2,cancel,1000,0.144,125
idmap_r2,cancel,1000,0.145,125
idmap_r2,cancel,1000,0.146,125
idmap_r2,cancel,1000,0.147,125
idmap_r2,cancel,1000,0.148,125
idmap_r2,cancel,1000,0.149,125
idmap_r2,cancel,1000,0.15,125
idmap_r2,cancel,1000,0.151,125
idmap_r2,cancel,1000,0.152,125
idmap_r2,cancel,1000,0.153,125
idmap_r2,cancel,1000,0.154,125
idmap_r2,cancel,1000,0.155,125
idmap_r2,cancel,1000,0.156,125
idmap_r2,cancel,1000,0.157,125
idmap_r2,cancel,1000,0.158,125
idmap_r2,cancel,1000,0.159,125
idmap_r2,cancel,1000,0.16,125
idmap_r2,cancel,1000,0.161,125
idmap_r2,cancel,1000,0.162,125
idmap_r2,cancel,1000,0.163,125
idmap_r2,cancel,1000,0.164,125
idmap_r2,cancel,1000,0.165,125
idmap_r2,cancel,1000,0.166,125
idmap_r2,cancel,1000,0.167,125
idmap_r2,cancel,1000,0.168,125
idmap_r2,cancel,1000,0.169,125
idmap_r2,cancel,1000,0.17,125
idmap_r2,cancel,1000,0.171,125
idmap_r2,cancel,1000,0.172,125
idmap_r2,cancel,1000,0.173,125
idmap_r2,cancel,1000,0.174,125
idmap_r2,cancel,1000,0.175,125
idmap_r2,cancel,1000,0.176,125
idmap_r2,cancel,1000,0.177,125
idmap_r2,cancel,1000,0.178,125
idmap_r2,cancel,1000,0.179,125
idmap_r2,cancel,1000,0.18,125
idmap_r2,cancel,1000,0.181,125
idmap_r2,cancel,1000,0.182,125
idmap_r2,cancel,1000,0.183,125
idmap_r2,cancel,1000,0.184,125
idmap_r2,cancel,1000,0.185,125
idmap_r2,cancel,1000,0.186,125
idmap_r2,cancel,1000,0.187,125
idmap_r2,cancel,1000,0.188,125
idmap_r2,cancel,1000,0.189,125
idmap_r2,cancel,1000,0.19,125
idmap_r2,cancel,1000,0.191,125
idmap_r2,cancel,1000,0.192,125
idmap_r2,cancel,1000,0.193,125
idmap_r2,cancel,1000,0.194,125
idmap_r2,cancel,1000,0.195,125
idmap_r2,cancel,1000,0.196,125
idmap_r2,cancel,1000,0.197,125
idmap_r2,cancel,1000,0.198,125
idmap_r2,cancel,1000,0.199,125
idmap_r2,cancel,1000,0.2,125
idmap_r2,cancel,1000,0.201,125
idmap_r2,cancel,1000,0.202,125
idmap_r2,cancel,1000,0.203,125
idmap_r2,cancel,1000,0.204,125
idmap_r2,cancel,1000,0.205,125
idmap_r2,cancel,1000,0.206,125
idmap_r2,cancel,1000,0.207,125
idmap_r2,cancel,1000,0.208,125
idmap_r2,cancel,1000,0.209,125
idmap_r2,cancel,1000,0.21,125
idmap_r2,cancel,1000,0.211,125
idmap_r2,cancel,1000,0.212,125
idmap_r2,cancel,1000,0.213,125
idmap_r2,cancel,1000,0.214,125
idmap_r2,cancel,1000,0.215,125
idmap_r2,cancel,1000,0.216,125
idmap_r2,cancel,1000,0.217,125
idmap_r2,cancel,1000,0.218,125
idmap_r2,cancel,1000,0.219,125
idmap_r2,cancel,1000,0.22,125
idmap_r2,cancel,1000,0.221,125
idmap_r2,cancel,1000,0.222,125
idmap_r2,cancel,1000,0.223,125
idmap_r2,cancel,1000,0.224,125
idmap_r2,cancel,1000,0.225,125
idmap_r2,cancel,1000,0.226,125
idmap_r2,cancel,1000,0.227,125
idmap_r2,cancel,1000,0.228,125
idmap_r2,cancel,1000,0.229,125
idmap_r2,cancel,1000,0.23,125
idmap_r2,cancel,1000,0.231,125
idmap_r2,cancel,1000,0.232,125
idmap_r2,cancel,1000,0.233,125
idmap_r2,cancel,1000,0.234,125
idmap_r2,cancel,1000,0.235,125
idmap_r2,cancel,1000,0.236,125
idmap_r2,cancel,1000,0.237,125
idmap_r2,cancel,1000,0.238,125
idmap_r2,cancel,1000,0.239,125
idmap_r2,cancel,1000,0.24,125
idmap_r2,cancel,1000,0.241,125
idmap_r2,cancel,1000,0.242,125
idmap_r2,cancel,1000,0.243,125
idmap_r2,cancel,1000,0.244,125
idmap_r2,cancel,1000,0.245,125
idmap_r2,cancel,1000,0.246,125
idmap_r2,cancel,1000,0.247,125
idmap_r2,cancel,1000,0.248,125
idmap_r2,cancel,1000,0.249,125
idmap_r2,cancel,1000,0.25,125
idmap_r2,cancel,1000,0.251,125
idmap_r2,cancel,1000,0.252,125
idmap_r2,cancel,1000,0.253,125
idmap_r2,cancel,1000,0.254,125
idmap_r2,cancel,1000,0.255,125
idmap_r2,cancel,1000,0.256,125
idmap_r2,cancel,1000,0.257,125
idmap_r2,cancel,1000,0.258,125
idmap_r2,cancel,1000,0.259,125
idmap_r2,cancel,1000,0.26,125
idmap_r2,cancel,1000,0.261,125
idmap_r2,cancel,1000,0.262,125
idmap_r2,cancel,1000,0.263,125
idmap_r2,cancel,1000,0.264,125
idmap_r2,cancel,1000,0.265,125
idmap_r2,cancel,1000,0.266,125
idmap_r2,cancel,1000,0.267,125
idmap_r2,cancel,1000,0.268,125
idmap_r2,cancel,1000,0.269,125
idmap_r2,cancel,1000,0.27,125
idmap_r2,cancel,1000,0.271,125
idmap_r2,cancel,1000,0.272,125
idmap_r2,cancel,1000,0.273,125
idmap_r2,cancel,1000,0.274,125
idmap_r2,cancel,1000,0.275,125
idmap_r2,cancel,1000,0.276,125
idmap_r2,cancel,1000,0.277,125
idmap_r2,cancel,1000,0.278,125
idmap_r2,cancel,1000,0.279,125
idmap_r2,cancel,1000,0.28,125
idmap_r2,cancel,1000,0.281,125
idmap_r2,cancel,1000,0.282,125
idmap_r2,cancel,1000,0.283,125
idmap_r2,cancel,1000,0.284,125
idmap_r2,cancel,1000,0.285,125
idmap_r2,cancel,1000,0.286,125
idmap_r2,cancel,1000,0.287,125
idmap_r2,cancel,1000,0.288,125
idmap_r2,cancel,1000,0.289,125
idmap_r2,cancel,1000,0.29,125
idmap_r2,cancel,1000,0.291,125
idmap_r2,cancel,1000,0.292,125
idmap_r2,cancel,1000,0.293,125
idmap_r2,cancel,1000,0.294,125
idmap_r2,cancel,1000,0.295,125
idmap_r2,cancel,1000,0.296,125
idmap_r2,cancel,1000,0.297,125
idmap_r2,cancel,1000,0.298,125
idmap_r2,cancel,1000,0.299,125
idmap_r2,cancel,1000,0.3,125
idmap_r2,cancel,1000,0.301,125
idmap_r2,cancel,1000,0.302,125
idmap_r2,cancel,1000,0.303,125
idmap_r2,cancel,1000,0.304,125
idmap_r2,cancel,1000,0.305,125
idmap_r2,cancel,1000,0.306,125
idmap_r2,cancel,1000,0.307,125
idmap_r2,cancel,1000,0.308,125
idmap_r2,cancel,1000,0.309,125
idmap_r2,cancel,1000,0.31,125
idmap_r2,cancel,1000,0.311,125
idmap_r2,cancel,1000,0.312,125
idmap_r2,cancel,1000,0.313,125
idmap_r2,cancel,1000,0.314,125
idmap_r2,cancel,1000,0.315,125
idmap_r2,cancel,1000,0.316,125
idmap_r2,cancel,1000,0.317,125
idmap_r2,cancel,1000,0.318,125
idmap_r2,cancel,1000,0.319,125
idmap_r2,cancel,1000,0.32,125
idmap_r2,cancel,1000,0.321,125
idmap_r2,cancel,1000,0.322,125
idmap_r2,cancel,1000,0.323,125
idmap_r2,cancel,1000,0.324,125
idmap_r2,cancel,1000,0.325,125
idmap_r2,cancel,1000,0.326,125
idmap_r2,cancel,1000,0.327,125
idmap_r2,cancel,1000,0.328,125
idmap_r2,cancel,1000,0.329,125
idmap_r2,cancel,1000,0.33,125
idmap_r2,cancel,1000,0.331,125
idmap_r2,cancel,1000,0.332,125
idmap_r2,cancel,1000,0.333,125
idmap_r2,cancel,1000,0.334,125
idmap_r2,cancel,1000,0.335,125
idmap_r2,cancel,1000,0.336,125
idmap_r2,cancel,1000,0.337,125
idmap_r2,cancel,1000,0.338,125
idmap_r2,cancel,1000,0.339,125
idmap_r2,cancel,1000,0.34,125
idmap_r2,cancel,1000,0.341,125
idmap_r2,cancel,1000,0.342,125
idmap_r2,cancel,1000,0.343,125
idmap_r2,cancel,1000,0.344,125
idmap_r2,cancel,1000,0.345,166
idmap_r2,cancel,1000,0.346,166
idmap_r2,cancel,1000,0.347,166
idmap_r2,cancel,1000,0.348,166
idmap_r2,cancel,1000,0.349,166
idmap_r2,cancel,1000,0.35,166
idmap_r2,cancel,1000,0.351,166
idmap_r2,cancel,1000,0.352,166
idmap_r2,cancel,1000,0.353,166
idmap_r2,cancel,1000,0.354,166
idmap_r2,cancel,1000,0.355,166
idmap_r2,cancel,1000,0.356,166
idmap_r2,cancel,1000,0.357,166
idmap_r2,cancel,1000,0.358,166
idmap_r2,cancel,1000,0.359,166
idmap_r2,cancel,1000,0.36,166
idmap_r2,cancel,1000,0.361,166
idmap_r2,cancel,1000,0.362,166
idmap_r2,cancel,1000,0.363,166
idmap_r2,cancel,1000,0.364,166
idmap_r2,cancel,1000,0.365,166
idmap_r2,cancel,1000,0.366,166
idmap_r2,cancel,1000,0.367,166
idmap_r2,cancel,1000,0.368,166
idmap_r2,cancel,1000,0.369,166
idmap_r2,cancel,1000,0.37,166
idmap_r2,cancel,1000,0.371,166
idmap_r2,cancel,1000,0.372,166
idmap_r2,cancel,1000,0.373,166
idmap_r2,cancel,1000,0.374,166
idmap_r2,cancel,1000,0.375,166
idmap_r2,cancel,1000,0.376,166
idmap_r2,cancel,1000,0.377,166
idmap_r2,cancel,1000,0.378,166
idmap_r2,cancel,1000,0.379,166
idmap_r2,cancel,1000,0.38,166
idmap_r2,cancel,1000,0.381,166
idmap_r2,cancel,1000,0.382,166
idmap_r2,cancel,1000,0.383,166
idmap_r2,cancel,1000,0.384,166
idmap_r2,cancel,1000,0.385,166
idmap_r2,cancel,1000,0.386,166
idmap_r2,cancel,1000,0.387,166
idmap_r2,cancel,1000,0.388,166
idmap_r2,cancel,1000,0.389,166
idmap_r2,cancel,1000,0.39,166
idmap_r2,cancel,1000,0.391,166
idmap_r2,cancel,1000,0.392,166
idmap_r2,cancel,1000,0.393,166
idmap_r2,cancel,1000,0.394,166
idmap_r2,cancel,1000,0.395,166
idmap_r2,cancel,1000,0.396,166
idmap_r2,cancel,1000,0.397,166
idmap_r2,cancel,1000,0.398,166
idmap_r2,cancel,1000,0.399,166
idmap_r2,cancel,1000,0.4,166
idmap_r2,cancel,1000,0.401,166
idmap_r2,cancel,1000,0.402,166
idmap_r2,cancel,1000,0.403,166
idmap_r2,cancel,1000,0.404,166
idmap_r2,cancel,1000,0.405,166
idmap_r2,cancel,1000,0.406,166
idmap_r2,cancel,1000,0.407,166
idmap_r2,cancel,1000,0.408,166
idmap_r2,cancel,1000,0.409,166
idmap_r2,cancel,1000,0.41,166
idmap_r2,cancel,1000,0.411,166
idmap_r2,cancel,1000,0.412,166
idmap_r2,cancel,1000,0.413,166
idmap_r2,cancel,1000,0.414,166
idmap_r2,cancel,1000,0.415,166
idmap_r2,cancel,1000,0.416,166
idmap_r2,cancel,1000,0.417,166
idmap_r2,cancel,1000,0.418,166
idmap_r2,cancel,1000,0.419,166
idmap_r2,cancel,1000,0.42,166
idmap_r2,cancel,1000,0.421,166
idmap_r2,cancel,1000,0.422,166
idmap_r2,cancel,1000,0.423,166
idmap_r2,cancel,1000,0.424,166
idmap_r2,cancel,1000,0.425,166
idmap_r2,cancel,1000,0.426,166
idmap_r2,cancel,1000,0.427,166
idmap_r2,cancel,1000,0.428,166
idmap_r2,cancel,1000,0.429,166
idmap_r2,cancel,1000,0.43,166
idmap_r2,cancel,1000,0.431,166
idmap_r2,cancel,1000,0.432,166
idmap_r2,cancel,1000,0.433,166
idmap_r2,cancel,1000,0.434,166
idmap_r2,cancel,1000,0.435,166
idmap_r2,cancel,1000,0.436,166
idmap_r2,cancel,1000,0.437,166
idmap_r2,cancel,1000,0.438,166
idmap_r2,cancel,1000,0.439,166
idmap_r2,cancel,1000,0.44,166
idmap_r2,cancel,1000,0.441,166
idmap_r2,cancel,1000,0.442,166
idmap_r2,cancel,1000,0.443,166
idmap_r2,cancel,1000,0.444,166
idmap_r2,cancel,1000,0.445,166
idmap_r2,cancel,1000,0.446,166
idmap_r2,cancel,1000,0.447,166
idmap_r2,cancel,1000,0.448,166
idmap_r2,cancel,1000,0.449,166
idmap_r2,cancel,1000,0.45,166
idmap_r2,cancel,1000,0.451,166
idmap_r2,cancel,1000,0.452,166
idmap_r2,cancel,1000,0.453,166
idmap_r2,cancel,1000,0.454,166
idmap_r2,cancel,1000,0.455,166
idmap_r2,cancel,1000,0.456,166
idmap_r2,cancel,1000,0.457,166
idmap_r2,cancel,1000,0.458,166
idmap_r2,cancel,1000,0.459,166
idmap_r2,cancel,1000,0.46,166
idmap_r2,cancel,1000,0.461,166
idmap_r2,cancel,1000,0.462,166
idmap_r2,cancel,1000,0.463,166
idmap_r2,cancel,1000,0.464,166
idmap_r2,cancel,1000,0.465,166
idmap_r2,cancel,1000,0.466,166
idmap_r2,cancel,1000,0.467,166
idmap_r2,cancel,1000,0.468,166
idmap_r2,cancel,1000,0.469,166
idmap_r2,cancel,1000,0.47,166
idmap_r2,cancel,1000,0.471,166
idmap_r2,cancel,1000,0.472,166
idmap_r2,cancel,1000,0.473,166
idmap_r2,cancel,1000,0.474,166
idmap_r2,cancel,1000,0.475,166
idmap_r2,cancel,1000,0.476,166
idmap_r2,cancel,1000,0.477,166
idmap_r2,cancel,1000,0.478,166
idmap_r2,cancel,1000,0.479,166
idmap_r2,cancel,1000,0.48,166
idmap_r2,cancel,1000,0.481,166
idmap_r2,cancel,1000,0.482,166
idmap_r2,cancel,1000,0.483,167
idmap_r2,cancel,1000,0.484,167
idmap_r2,cancel,1000,0.485,167
idmap_r2,cancel,1000,0.486,167
idmap_r2,cancel,1000,0.487,167
idmap_r2,cancel,1000,0.488,167
idmap_r2,cancel,1000,0.489,167
idmap_r2,cancel,1000,0.49,167
idmap_r2,cancel,1000,0.491,167
idmap_r2,cancel,1000,0.492,167
idmap_r2,cancel,1000,0.493,167
idmap_r2,cancel,1000,0.494,167
idmap_r2,cancel,1000,0.495,167
idmap_r2,cancel,1000,0.496,167
idmap_r2,cancel,1000,0.497,167
idmap_r2,cancel,1000,0.498,167
idmap_r2,cancel,1000,0.499,167
idmap_r2,cancel,1000,0.5,167
idmap_r2,cancel,1000,0.501,167
idmap_r2,cancel,1000,0.502,167
idmap_r2,cancel,1000,0.503,167
idmap_r2,cancel,1000,0.504,167
idmap_r2,cancel,1000,0.505,167
idmap_r2,cancel,1000,0.506,167
idmap_r2,cancel,1000,0.507,167
idmap_r2,cancel,1000,0.508,167
idmap_r2,cancel,1000,0.509,167
idmap_r2,cancel,1000,0.51,167
idmap_r2,cancel,1000,0.511,167
idmap_r2,cancel,1000,0.512,167
idmap_r2,cancel,1000,0.513,167
idmap_r2,cancel,1000,0.514,167
idmap_r2,cancel,1000,0.515,167
idmap_r2,cancel,1000,0.516,167
idmap_r2,cancel,1000,0.517,167
idmap_r2,cancel,1000,0.518,167
idmap_r2,cancel,1000,0.519,167
idmap_r2,cancel,1000,0.52,167
idmap_r2,cancel,1000,0.521,167
idmap_r2,cancel,1000,0.522,167
idmap_r2,cancel,1000,0.523,167
idmap_r2,cancel,1000,0.524,167
idmap_r2,cancel,1000,0.525,167
idmap_r2,cancel,1000,0.526,167
idmap_r2,cancel,1000,0.527,167
idmap_r2,cancel,1000,0.528,167
idmap_r2,cancel,1000,0.529,167
idmap_r2,cancel,1000,0.53,167
idmap_r2,cancel,1000,0.531,167
idmap_r2,cancel,1000,0.532,167
idmap_r2,cancel,1000,0.533,167
idmap_r2,cancel,1000,0.534,167
idmap_r2,cancel,1000,0.535,167
idmap_r2,cancel,1000,0.536,167
idmap_r2,cancel,1000,0.537,167
idmap_r2,cancel,1000,0.538,167
idmap_r2,cancel,1000,0.539,167
idmap_r2,cancel,1000,0.54,167
idmap_r2,cancel,1000,0.541,167
idmap_r2,cancel,1000,0.542,167
idmap_r2,cancel,1000,0.543,167
idmap_r2,cancel,1000,0.544,167
idmap_r2,cancel,1000,0.545,167
idmap_r2,cancel,1000,0.546,167
idmap_r2,cancel,1000,0.547,167
idmap_r2,cancel,1000,0.548,167
idmap_r2,cancel,1000,0.549,167
idmap_r2,cancel,1000,0.55,167
idmap_r2,cancel,1000,0.551,167
idmap_r2,cancel,1000,0.552,167
idmap_r2,cancel,1000,0.553,167
idmap_r2,cancel,1000,0.554,167
idmap_r2,cancel,1000,0.555,167
idmap_r2,cancel,1000,0.556,167
idmap_r2,cancel,1000,0.557,167
idmap_r2,cancel,1000,0.558,167
idmap_r2,cancel,1000,0.559,167
idmap_r2,cancel,1000,0.56,167
idmap_r2,cancel,1000,0.561,167
idmap_r2,cancel,1000,0.562,167
idmap_r2,cancel,1000,0.563,167
idmap_r2,cancel,1000,0.564,167
idmap_r2,cancel,1000,0.565,167
idmap_r2,cancel,1000,0.566,167
idmap_r2,cancel,1000,0.567,167
idmap_r2,cancel,1000,0.568,167
idmap_r2,cancel,1000,0.569,167
idmap_r2,cancel,1000,0.57,167
idmap_r2,cancel,1000,0.571,167
idmap_r2,cancel,1000,0.572,167
idmap_r2,cancel,1000,0.573,167
idmap_r2,cancel,1000,0.574,167
idmap_r2,cancel,1000,0.575,167
idmap_r2,cancel,1000,0.576,167
idmap_r2,cancel,1000,0.577,167
idmap_r2,cancel,1000,0.578,167
idmap_r2,cancel,1000,0.579,167
idmap_r2,cancel,1000,0.58,167
idmap_r2,cancel,1000,0.581,167
idmap_r2,cancel,1000,0.582,167
idmap_r2,cancel,1000,0.583,167
idmap_r2,cancel,1000,0.584,167
idmap_r2,cancel,1000,0.585,167
idmap_r2,cancel,1000,0.586,167
idmap_r2,cancel,1000,0.587,167
idmap_r2,cancel,1000,0.588,167
idmap_r2,cancel,1000,0.589,167
idmap_r2,cancel,1000,0.59,167
idmap_r2,cancel,1000,0.591,167
idmap_r2,cancel,1000,0.592,167
idmap_r2,cancel,1000,0.593,167
idmap_r2,cancel,1000,0.594,167
idmap_r2,cancel,1000,0.595,167
idmap_r2,cancel,1000,0.596,167
idmap_r2,cancel,1000,0.597,167
idmap_r2,cancel,1000,0.598,167
idmap_r2,cancel,1000,0.599,167
idmap_r2,cancel,1000,0.6,167
idmap_r2,cancel,1000,0.601,167
idmap_r2,cancel,1000,0.602,167
idmap_r2,cancel,1000,0.603,167
idmap_r2,cancel,1000,0.604,167
idmap_r2,cancel,1000,0.605,167
idmap_r2,cancel,1000,0.606,167
idmap_r2,cancel,1000,0.607,167
idmap_r2,cancel,1000,0.608,167
idmap_r2,cancel,1000,0.609,167
idmap_r2,cancel,1000,0.61,167
idmap_r2,cancel,1000,0.611,167
idmap_r2,cancel,1000,0.612,167
idmap_r2,cancel,1000,0.613,167
idmap_r2,cancel,1000,0.614,167
idmap_r2,cancel,1000,0.615,167
idmap_r2,cancel,1000,0.616,167
idmap_r2,cancel,1000,0.617,167
idmap_r2,cancel,1000,0.618,167
idmap_r2,cancel,1000,0.619,167
idmap_r2,cancel,1000,0.62,167
idmap_r2,cancel,1000,0.621,167
idmap_r2,cancel,1000,0.622,167
idmap_r2,cancel,1000,0.623,167
idmap_r2,cancel,1000,0.624,167
idmap_r2,cancel,1000,0.625,167
idmap_r2,cancel,1000,0.626,167
idmap_r2,cancel,1000,0.627,167
idmap_r2,cancel,1000,0.628,167
idmap_r2,cancel,1000,0.629,167
idmap_r2,cancel,1000,0.63,167
idmap_r2,cancel,1000,0.631,167
idmap_r2,cancel,1000,0.632,167
idmap_r2,cancel,1000,0.633,167
idmap_r2,cancel,1000,0.634,167
idmap_r2,cancel,1000,0.635,167
idmap_r2,cancel,1000,0.636,167
idmap_r2,cancel,1000,0.637,167
idmap_r2,cancel,1000,0.638,167
idmap_r2,cancel,1000,0.639,167
idmap_r2,cancel,1000,0.64,167
idmap_r2,cancel,1000,0.641,167
idmap_r2,cancel,1000,0.642,167
idmap_r2,cancel,1000,0.643,167
idmap_r2,cancel,1000,0.644,167
idmap_r2,cancel,1000,0.645,167
idmap_r2,cancel,1000,0.646,167
idmap_r2,cancel,1000,0.647,167
idmap_r2,cancel,1000,0.648,167
idmap_r2,cancel,1000,0.649,167
idmap_r2,cancel,1000,0.65,167
idmap_r2,cancel,1000,0.651,167
idmap_r2,cancel,1000,0.652,167
idmap_r2,cancel,1000,0.653,167
idmap_r2,cancel,1000,0.654,167
idmap_r2,cancel,1000,0.655,167
idmap_r2,cancel,1000,0.656,167
idmap_r2,cancel,1000,0.657,167
idmap_r2,cancel,1000,0.658,167
idmap_r2,cancel,1000,0.659,167
idmap_r2,cancel,1000,0.66,167
idmap_r2,cancel,1000,0.661,167
idmap_r2,cancel,1000,0.662,167
idmap_r2,cancel,1000,0.663,167
idmap_r2,cancel,1000,0.664,167
idmap_r2,cancel,1000,0.665,167
idmap_r2,cancel,1000,0.666,167
idmap_r2,cancel,1000,0.667,167
idmap_r2,cancel,1000,0.668,167
idmap_r2,cancel,1000,0.669,167
idmap_r2,cancel,1000,0.67,167
idmap_r2,cancel,1000,0.671,167
idmap_r2,cancel,1000,0.672,167
idmap_r2,cancel,1000,0.673,167
idmap_r2,cancel,1000,0.674,167
idmap_r2,cancel,1000,0.675,167
idmap_r2,cancel,1000,0.676,167
idmap_r2,cancel,1000,0.677,167
idmap_r2,cancel,1000,0.678,167
idmap_r2,cancel,1000,0.679,167
idmap_r2,cancel,1000,0.68,167
idmap_r2,cancel,1000,0.681,167
idmap_r2,cancel,1000,0.682,167
idmap_r2,cancel,1000,0.683,167
idmap_r2,cancel,1000,0.684,167
idmap_r2,cancel,1000,0.685,167
idmap_r2,cancel,1000,0.686,167
idmap_r2,cancel,1000,0.687,167
idmap_r2,cancel,1000,0.688,167
idmap_r2,cancel,1000,0.689,167
idmap_r2,cancel,1000,0.69,167
idmap_r2,cancel,1000,0.691,167
idmap_r2,cancel,1000,0.692,167
idmap_r2,cancel,1000,0.693,167
idmap_r2,cancel,1000,0.694,167
idmap_r2,cancel,1000,0.695,167
idmap_r2,cancel,1000,0.696,167
idmap_r2,cancel,1000,0.697,167
idmap_r2,cancel,1000,0.698,167
idmap_r2,cancel,1000,0.699,167
idmap_r2,cancel,1000,0.7,167
idmap_r2,cancel,1000,0.701,167
idmap_r2,cancel,1000,0.702,167
idmap_r2,cancel,1000,0.703,167
idmap_r2,cancel,1000,0.704,167
idmap_r2,cancel,1000,0.705,167
idmap_r2,cancel,1000,0.706,167
idmap_r2,cancel,1000,0.707,167
idmap_r2,cancel,1000,0.708,167
idmap_r2,cancel,1000,0.709,167
idmap_r2,cancel,1000,0.71,167
idmap_r2,cancel,1000,0.711,167
idmap_r2,cancel,1000,0.712,167
idmap_r2,cancel,1000,0.713,167
idmap_r2,cancel,1000,0.714,167
idmap_r2,cancel,1000,0.715,167
idmap_r2,cancel,1000,0.716,167
idmap_r2,cancel,1000,0.717,167
idmap_r2,cancel,1000,0.718,167
idmap_r2,cancel,1000,0.719,167
idmap_r2,cancel,1000,0.72,167
idmap_r2,cancel,1000,0.721,167
idmap_r2,cancel,1000,0.722,167
idmap_r2,cancel,1000,0.723,167
idmap_r2,cancel,1000,0.724,167
idmap_r2,cancel,1000,0.725,167
idmap_r2,cancel,1000,0.726,167
idmap_r2,cancel,1000,0.727,167
idmap_r2,cancel,1000,0.728,167
idmap_r2,cancel,1000,0.729,167
idmap_r2,cancel,1000,0.73,167
idmap_r2,cancel,1000,0.731,167
idmap_r2,cancel,1000,0.732,167
idmap_r2,cancel,1000,0.733,167
idmap_r2,cancel,1000,0.734,167
idmap_r2,cancel,1000,0.735,167
idmap_r2,cancel,1000,0.736,167
idmap_r2,cancel,1000,0.737,167
idmap_r2,cancel,1000,0.738,167
idmap_r2,cancel,1000,0.739,167
idmap_r2,cancel,1000,0.74,167
idmap_r2,cancel,1000,0.741,167
idmap_r2,cancel,1000,0.742,167
idmap_r2,cancel,1000,0.743,167
idmap_r2,cancel,1000,0.744,167
idmap_r2,cancel,1000,0.745,167
idmap_r2,cancel,1000,0.746,167
idmap_r2,cancel,1000,0.747,167
idmap_r2,cancel,1000,0.748,167
idmap_r2,cancel,1000,0.749,167
idmap_r2,cancel,1000,0.75,167
idmap_r2,cancel,1000,0.751,167
idmap_r2,cancel,1000,0.752,167
idmap_r2,cancel,1000,0.753,167
idmap_r2,cancel,1000,0.754,167
idmap_r2,cancel,1000,0.755,167
idmap_r2,cancel,1000,0.756,167
idmap_r2,cancel,1000,0.757,167
idmap_r2,cancel,1000,0.758,167
idmap_r2,cancel,1000,0.759,167
idmap_r2,cancel,1000,0.76,208
idmap_r2,cancel,1000,0.761,208
idmap_r2,cancel,1000,0.762,208
idmap_r2,cancel,1000,0.763,208
idmap_r2,cancel,1000,0.764,208
idmap_r2,cancel,1000,0.765,208
idmap_r2,cancel,1000,0.766,208
idmap_r2,cancel,1000,0.767,208
idmap_r2,cancel,1000,0.768,208
idmap_r2,cancel,1000,0.769,208
idmap_r2,cancel,1000,0.77,208
idmap_r2,cancel,1000,0.771,208
idmap_r2,cancel,1000,0.772,208
idmap_r2,cancel,1000,0.773,208
idmap_r2,cancel,1000,0.774,208
idmap_r2,cancel,1000,0.775,208
idmap_r2,cancel,1000,0.776,208
idmap_r2,cancel,1000,0.777,208
idmap_r2,cancel,1000,0.778,208
idmap_r2,cancel,1000,0.779,208
idmap_r2,cancel,1000,0.78,208
idmap_r2,cancel,1000,0.781,208
idmap_r2,cancel,1000,0.782,208
idmap_r2,cancel,1000,0.783,208
idmap_r2,cancel,1000,0.784,208
idmap_r2,cancel,1000,0.785,208
idmap_r2,cancel,1000,0.786,208
idmap_r2,cancel,1000,0.787,208
idmap_r2,cancel,1000,0.788,208
idmap_r2,cancel,1000,0.789,208
idmap_r2,cancel,1000,0.79,208
idmap_r2,cancel,1000,0.791,208
idmap_r2,cancel,1000,0.792,208
idmap_r2,cancel,1000,0.793,208
idmap_r2,cancel,1000,0.794,208
idmap_r2,cancel,1000,0.795,208
idmap_r2,cancel,1000,0.796,208
idmap_r2,cancel,1000,0.797,208
idmap_r2,cancel,1000,0.798,208
idmap_r2,cancel,1000,0.799,208
idmap_r2,cancel,1000,0.8,208
idmap_r2,cancel,1000,0.801,208
idmap_r2,cancel,1000,0.802,208
idmap_r2,cancel,1000,0.803,208
idmap_r2,cancel,1000,0.804,208
idmap_r2,cancel,1000,0.805,208
idmap_r2,cancel,1000,0.806,208
idmap_r2,cancel,1000,0.807,208
idmap_r2,cancel,1000,0.808,208
idmap_r2,cancel,1000,0.809,208
idmap_r2,cancel,1000,0.81,208
idmap_r2,cancel,1000,0.811,208
idmap_r2,cancel,1000,0.812,208
idmap_r2,cancel,1000,0.813,208
idmap_r2,cancel,1000,0.814,208
idmap_r2,cancel,1000,0.815,208
idmap_r2,cancel,1000,0.816,208
idmap_r2,cancel,1000,0.817,208
idmap_r2,cancel,1000,0.818,208
idmap_r2,cancel,1000,0.819,208
idmap_r2,cancel,1000,0.82,208
idmap_r2,cancel,1000,0.821,208
idmap_r2,cancel,1000,0.822,208
idmap_r2,cancel,1000,0.823,208
idmap_r2,cancel,1000,0.824,208
idmap_r2,cancel,1000,0.825,208
idmap_r2,cancel,1000,0.826,208
idmap_r2,cancel,1000,0.827,208
idmap_r2,cancel,1000,0.828,208
idmap_r2,cancel,1000,0.829,208
idmap_r2,cancel,1000,0.83,208
idmap_r2,cancel,1000,0.831,209
idmap_r2,cancel,1000,0.832,209
idmap_r2,cancel,1000,0.833,209
idmap_r2,cancel,1000,0.834,209
idmap_r2,cancel,1000,0.835,209
idmap_r2,cancel,1000,0.836,209
idmap_r2,cancel,1000,0.837,209
idmap_r2,cancel,1000,0.838,209
idmap_r2,cancel,1000,0.839,209
idmap_r2,cancel,1000,0.84,209
idmap_r2,cancel,1000,0.841,209
idmap_r2,cancel,1000,0.842,209
idmap_r2,cancel,1000,0.843,209
idmap_r2,cancel,1000,0.844,209
idmap_r2,cancel,1000,0.845,209
idmap_r2,cancel,1000,0.846,209
idmap_r2,cancel,1000,0.847,209
idmap_r2,cancel,1000,0.848,209
idmap_r2,cancel,1000,0.849,209
idmap_r2,cancel,1000,0.85,209
idmap_r2,cancel,1000,0.851,209
idmap_r2,cancel,1000,0.852,209
idmap_r2,cancel,1000,0.853,209
idmap_r2,cancel,1000,0.854,209
idmap_r2,cancel,1000,0.855,209
idmap_r2,cancel,1000,0.856,209
idmap_r2,cancel,1000,0.857,209
idmap_r2,cancel,1000,0.858,209
idmap_r2,cancel,1000,0.859,209
idmap_r2,cancel,1000,0.86,209
idmap_r2,cancel,1000,0.861,209
idmap_r2,cancel,1000,0.862,209
idmap_r2,cancel,1000,0.863,209
idmap_r2,cancel,1000,0.864,209
idmap_r2,cancel,1000,0.865,209
idmap_r2,cancel,1000,0.866,209
idmap_r2,cancel,1000,0.867,209
idmap_r2,cancel,1000,0.868,250
idmap_r2,cancel,1000,0.869,250
idmap_r2,cancel,1000,0.87,250
idmap_r2,cancel,1000,0.871,250
idmap_r2,cancel,1000,0.872,250
idmap_r2,cancel,1000,0.873,250
idmap_r2,cancel,1000,0.874,250
idmap_r2,cancel,1000,0.875,250
idmap_r2,cancel,1000,0.876,250
idmap_r2,cancel,1000,0.877,250
idmap_r2,cancel,1000,0.878,250
idmap_r2,cancel,1000,0.879,250
idmap_r2,cancel,1000,0.88,250
idmap_r2,cancel,1000,0.881,250
idmap_r2,cancel,1000,0.882,250
idmap_r2,cancel,1000,0.883,250
idmap_r2,cancel,1000,0.884,250
idmap_r2,cancel,1000,0.885,250
idmap_r2,cancel,1000,0.886,250
idmap_r2,cancel,1000,0.887,250
idmap_r2,cancel,1000,0.888,250
idmap_r2,cancel,1000,0.889,250
idmap_r2,cancel,1000,0.89,250
idmap_r2,cancel,1000,0.891,250
idmap_r2,cancel,1000,0.892,250
idmap_r2,cancel,1000,0.893,250
idmap_r2,cancel,1000,0.894,250
idmap_r2,cancel,1000,0.895,250
idmap_r2,cancel,1000,0.896,250
idmap_r2,cancel,1000,0.897,250
idmap_r2,cancel,1000,0.898,250
idmap_r2,cancel,1000,0.899,250
idmap_r2,cancel,1000,0.9,250
idmap_r2,cancel,1000,0.901,250
idmap_r2,cancel,1000,0.902,250
idmap_r2,cancel,1000,0.903,250
idmap_r2,cancel,1000,0.904,250
idmap_r2,cancel,1000,0.905,250
idmap_r2,cancel,1000,0.906,250
idmap_r2,cancel,1000,0.907,250
idmap_r2,cancel,1000,0.908,250
idmap_r2,cancel,1000,0.909,250
idmap_r2,cancel,1000,0.91,250
idmap_r2,cancel,1000,0.911,250
idmap_r2,cancel,1000,0.912,250
idmap_r2,cancel,1000,0.913,250
idmap_r2,cancel,1000,0.914,250
idmap_r2,cancel,1000,0.915,250
idmap_r2,cancel,1000,0.916,250
idmap_r2,cancel,1000,0.917,250
idmap_r2,cancel,1000,0.918,250
idmap_r2,cancel,1000,0.919,250
idmap_r2,cancel,1000,0.92,250
idmap_r2,cancel,1000,0.921,250
idmap_r2,cancel,1000,0.922,250
idmap_r2,cancel,1000,0.923,291
idmap_r2,cancel,1000,0.924,291
idmap_r2,cancel,1000,0.925,291
idmap_r2,cancel,1000,0.926,291
idmap_r2,cancel,1000,0.927,291
idmap_r2,cancel,1000,0.928,291
idmap_r2,cancel,1000,0.929,291
idmap_r2,cancel,1000,0.93,291
idmap_r2,cancel,1000,0.931,291
idmap_r2,cancel,1000,0.932,292
idmap_r2,cancel,1000,0.933,292
idmap_r2,cancel,1000,0.934,292
idmap_r2,cancel,1000,0.935,292
idmap_r2,cancel,1000,0.936,292
idmap_r2,cancel,1000,0.937,292
idmap_r2,cancel,1000,0.938,292
idmap_r2,cancel,1000,0.939,292
idmap_r2,cancel,1000,0.94,292
idmap_r2,cancel,1000,0.941,292
idmap_r2,cancel,1000,0.942,292
idmap_r2,cancel,1000,0.943,292
idmap_r2,cancel,1000,0.944,292
idmap_r2,cancel,1000,0.945,292
idmap_r2,cancel,1000,0.946,292
idmap_r2,cancel,1000,0.947,292
idmap_r2,cancel,1000,0.948,292
idmap_r2,cancel,1000,0.949,292
idmap_r2,cancel,1000,0.95,333
idmap_r2,cancel,1000,0.951,333
idmap_r2,cancel,1000,0.952,333
idmap_r2,cancel,1000,0.953,333
idmap_r2,cancel,1000,0.954,333
idmap_r2,cancel,1000,0.955,333
idmap_r2,cancel,1000,0.956,333
idmap_r2,cancel,1000,0.957,333
idmap_r2,cancel,1000,0.958,333
idmap_r2,cancel,1000,0.959,333
idmap_r2,cancel,1000,0.96,334
idmap_r2,cancel,1000,0.961,334
idmap_r2,cancel,1000,0.962,334
idmap_r2,cancel,1000,0.963,334
idmap_r2,cancel,1000,0.964,375
idmap_r2,cancel,1000,0.965,375
idmap_r2,cancel,1000,0.966,375
idmap_r2,cancel,1000,0.967,375
idmap_r2,cancel,1000,0.968,375
idmap_r2,cancel,1000,0.969,375
idmap_r2,cancel,1000,0.97,375
idmap_r2,cancel,1000,0.971,375
idmap_r2,cancel,1000,0.972,375
idmap_r2,cancel,1000,0.973,375
idmap_r2,cancel,1000,0.974,375
idmap_r2,cancel,1000,0.975,375
idmap_r2,cancel,1000,0.976,416
idmap_r2,cancel,1000,0.977,416
idmap_r2,cancel,1000,0.978,417
idmap_r2,cancel,1000,0.979,417
idmap_r2,cancel,1000,0.98,417
idmap_r2,cancel,1000,0.981,417
idmap_r2,cancel,1000,0.982,458
idmap_r2,cancel,1000,0.983,458
idmap_r2,cancel,1000,0.984,458
idmap_r2,cancel,1000,0.985,459
idmap_r2,cancel,1000,0.986,500
idmap_r2,cancel,1000,0.987,500
idmap_r2,cancel,1000,0.988,500
idmap_r2,cancel,1000,0.989,541
idmap_r2,cancel,1000,0.99,542
idmap_r2,cancel,1000,0.991,583
idmap_r2,cancel,1000,0.992,584
idmap_r2,cancel,1000,0.993,625
idmap_r2,cancel,1000,0.994,666
idmap_r2,cancel,1000,0.995,708
idmap_r2,cancel,1000,0.996,791
idmap_r2,cancel,1000,0.997,875
idmap_r2,cancel,1000,0.998,1208
idmap_r2,cancel,1000,0.999,3583
idmap_r2,match,1000,0,0
idmap_r2,match,1000,0.001,41
idmap_r2,match,1000,0.002,41
idmap_r2,match,1000,0.003,41
idmap_r2,match,1000,0.004,41
idmap_r2,match,1000,0.005,41
idmap_r2,match,1000,0.006,41
idmap_r2,match,1000,0.007,41
idmap_r2,match,1000,0.008,41
idmap_r2,match,1000,0.009,41
idmap_r2,match,1000,0.01,41
idmap_r2,match,1000,0.011,41
idmap_r2,match,1000,0.012,41
idmap_r2,match,1000,0.013,41
idmap_r2,match,1000,0.014,41
idmap_r2,match,1000,0.015,41
idmap_r2,match,1000,0.016,41
idmap_r2,match,1000,0.017,41
idmap_r2,match,1000,0.018,41
idmap_r2,match,1000,0.019,41
idmap_r2,match,1000,0.02,41
idmap_r2,match,1000,0.021,41
idmap_r2,match,1000,0.022,41
idmap_r2,match,1000,0.023,41
idmap_r2,match,1000,0.024,41
idmap_r2,match,1000,0.025,41
idmap_r2,match,1000,0.026,41
idmap_r2,match,1000,0.027,41
idmap_r2,match,1000,0.028,41
idmap_r2,match,1000,0.029,41
idmap_r2,match,1000,0.03,41
idmap_r2,match,1000,0.031,41
idmap_r2,match,1000,0.032,41
idmap_r2,match,1000,0.033,41
idmap_r2,match,1000,0.034,41
idmap_r2,match,1000,0.035,41
idmap_r2,match,1000,0.036,41
idmap_r2,match,1000,0.037,41
idmap_r2,match,1000,0.038,41
idmap_r2,match,1000,0.039,41
idmap_r2,match,1000,0.04,41
idmap_r2,match,1000,0.041,41
idmap_r2,match,1000,0.042,41
idmap_r2,match,1000,0.043,41
idmap_r2,match,1000,0.044,41
idmap_r2,match,1000,0.045,41
idmap_r2,match,1000,0.046,41
idmap_r2,match,1000,0.047,41
idmap_r2,match,1000,0.048,41
idmap_r2,match,1000,0.049,41
idmap_r2,match,1000,0.05,41
idmap_r2,match,1000,0.051,41
idmap_r2,match,1000,0.052,41
idmap_r2,match,1000,0.053,41
idmap_r2,match,1000,0.054,41
idmap_r2,match,1000,0.055,41
idmap_r2,match,1000,0.056,41
idmap_r2,match,1000,0.057,41
idmap_r2,match,1000,0.058,41
idmap_r2,match,1000,0.059,41
idmap_r2,match,1000,0.06,41
idmap_r2,match,1000,0.061,41
idmap_r2,match,1000,0.062,41
idmap_r2,match,1000,0.063,41
idmap_r2,match,1000,0.064,41
idmap_r2,match,1000,0.065,41
idmap_r2,match,1000,0.066,41
idmap_r2,match,1000,0.067,41
idmap_r2,match,1000,0.068,42
idmap_r2,match,1000,0.069,42
idmap_r2,match,1000,0.07,42
idmap_r2,match,1000,0.071,42
idmap_r2,match,1000,0.072,42
idmap_r2,match,1000,0.073,42
idmap_r2,match,1000,0.074,42
idmap_r2,match,1000,0.075,42
idmap_r2,match,1000,0.076,42
idmap_r2,match,1000,0.077,42
idmap_r2,match,1000,0.078,42
idmap_r2,match,1000,0.079,42
idmap_r2,match,1000,0.08,42
idmap_r2,match,1000,0.081,42
idmap_r2,match,1000,0.082,42
idmap_r2,match,1000,0.083,42
idmap_r2,match,1000,0.084,42
idmap_r2,match,1000,0.085,42
idmap_r2,match,1000,0.086,42
idmap_r2,match,1000,0.087,42
idmap_r2,match,1000,0.088,42
idmap_r2,match,1000,0.089,42
idmap_r2,match,1000,0.09,42
idmap_r2,match,1000,0.091,42
idmap_r2,match,1000,0.092,42
idmap_r2,match,1000,0.093,42
idmap_r2,match,1000,0.094,42
idmap_r2,match,1000,0.095,42
idmap_r2,match,1000,0.096,42
idmap_r2,match,1000,0.097,42
idmap_r2,match,1000,0.098,42
idmap_r2,match,1000,0.099,42
idmap_r2,match,1000,0.1,42
idmap_r2,match,1000,0.101,42
idmap_r2,match,1000,0.102,42
idmap_r2,match,1000,0.103,42
idmap_r2,match,1000,0.104,42
idmap_r2,match,1000,0.105,42
idmap_r2,match,1000,0.106,42
idmap_r2,match,1000,0.107,42
idmap_r2,match,1000,0.108,42
idmap_r2,match,1000,0.109,42
idmap_r2,match,1000,0.11,42
idmap_r2,match,1000,0.111,42
idmap_r2,match,1000,0.112,42
idmap_r2,match,1000,0.113,42
idmap_r2,match,1000,0.114,42
idmap_r2,match,1000,0.115,42
idmap_r2,match,1000,0.116,42
idmap_r2,match,1000,0.117,42
idmap_r2,match,1000,0.118,42
idmap_r2,match,1000,0.119,42
idmap_r2,match,1000,0.12,42
idmap_r2,match,1000,0.121,42
idmap_r2,match,1000,0.122,42
idmap_r2,match,1000,0.123,42
idmap_r2,match,1000,0.124,42
idmap_r2,match,1000,0.125,42
idmap_r2,match,1000,0.126,42
idmap_r2,match,1000,0.127,42
idmap_r2,match,1000,0.128,42
idmap_r2,match,1000,0.129,42
idmap_r2,match,1000,0.13,42
idmap_r2,match,1000,0.131,42
idmap_r2,match,1000,0.132,42
idmap_r2,match,1000,0.133,42
idmap_r2,match,1000,0.134,42
idmap_r2,match,1000,0.135,42
idmap_r2,match,1000,0.136,42
idmap_r2,match,1000,0.137,42
idmap_r2,match,1000,0.138,42
idmap_r2,match,1000,0.139,42
idmap_r2,match,1000,0.14,42
idmap_r2,match,1000,0.141,42
idmap_r2,match,1000,0.142,42
idmap_r2,match,1000,0.143,42
idmap_r2,match,1000,0.144,42
idmap_r2,match,1000,0.145,42
idmap_r2,match,1000,0.146,42
idmap_r2,match,1000,0.147,42
idmap_r2,match,1000,0.148,42
idmap_r2,match,1000,0.149,42
idmap_r2,match,1000,0.15,42
idmap_r2,match,1000,0.151,42
idmap_r2,match,1000,0.152,42
idmap_r2,match,1000,0.153,42
idmap_r2,match,1000,0.154,42
idmap_r2,match,1000,0.155,42
idmap_r2,match,1000,0.156,42
idmap_r2,match,1000,0.157,42
idmap_r2,match,1000,0.158,42
idmap_r2,match,1000,0.159,42
idmap_r2,match,1000,0.16,42
idmap_r2,match,1000,0.161,42
idmap_r2,match,1000,0.162,42
idmap_r2,match,1000,0.163,42
idmap_r2,match,1000,0.164,42
idmap_r2,match,1000,0.165,42
idmap_r2,match,1000,0.166,42
idmap_r2,match,1000,0.167,42
idmap_r2,match,1000,0.168,42
idmap_r2,match,1000,0.169,42
idmap_r2,match,1000,0.17,42
idmap_r2,match,1000,0.171,42
idmap_r2,match,1000,0.172,42
idmap_r2,match,1000,0.173,42
idmap_r2,match,1000,0.174,42
idmap_r2,match,1000,0.175,42
idmap_r2,match,1000,0.176,42
idmap_r2,match,1000,0.177,42
idmap_r2,match,1000,0.178,42
idmap_r2,match,1000,0.179,42
idmap_r2,match,1000,0.18,42
idmap_r2,match,1000,0.181,42
idmap_r2,match,1000,0.182,42
idmap_r2,match,1000,0.183,42
idmap_r2,match,1000,0.184,42
idmap_r2,match,1000,0.185,42
idmap_r2,match,1000,0.186,42
idmap_r2,match,1000,0.187,42
idmap_r2,match,1000,0.188,42
idmap_r2,match,1000,0.189,42
idmap_r2,match,1000,0.19,42
idmap_r2,match,1000,0.191,42
idmap_r2,match,1000,0.192,42
idmap_r2,match,1000,0.193,42
idmap_r2,match,1000,0.194,42
idmap_r2,match,1000,0.195,42
idmap_r2,match,1000,0.196,42
idmap_r2,match,1000,0.197,42
idmap_r2,match,1000,0.198,42
idmap_r2,match,1000,0.199,42
idmap_r2,match,1000,0.2,42
idmap_r2,match,1000,0.201,42
idmap_r2,match,1000,0.202,42
idmap_r2,match,1000,0.203,83
idmap_r2,match,1000,0.204,83
idmap_r2,match,1000,0.205,83
idmap_r2,match,1000,0.206,83
idmap_r2,match,1000,0.207,83
idmap_r2,match,1000,0.208,83
idmap_r2,match,1000,0.209,83
idmap_r2,match,1000,0.21,83
idmap_r2,match,1000,0.211,83
idmap_r2,match,1000,0.212,83
idmap_r2,match,1000,0.213,83
idmap_r2,match,1000,0.214,83
idmap_r2,match,1000,0.215,83
idmap_r2,match,1000,0.216,83
idmap_r2,match,1000,0.217,83
idmap_r2,match,1000,0.218,83
idmap_r2,match,1000,0.219,83
idmap_r2,match,1000,0.22,83
idmap_r2,match,1000,0.221,83
idmap_r2,match,1000,0.222,83
idmap_r2,match,1000,0.223,83
idmap_r2,match,1000,0.224,83
idmap_r2,match,1000,0.225,83
idmap_r2,match,1000,0.226,83
idmap_r2,match,1000,0.227,83
idmap_r2,match,1000,0.228,83
idmap_r2,match,1000,0.229,83
idmap_r2,match,1000,0.23,83
idmap_r2,match,1000,0.231,83
idmap_r2,match,1000,0.232,83
idmap_r2,match,1000,0.233,83
idmap_r2,match,1000,0.234,83
idmap_r2,match,1000,0.235,83
idmap_r2,match,1000,0.236,83
idmap_r2,match,1000,0.237,83
idmap_r2,match,1000,0.238,83
idmap_r2,match,1000,0.239,83
idmap_r2,match,1000,0.24,83
idmap_r2,match,1000,0.241,83
idmap_r2,match,1000,0.242,83
idmap_r2,match,1000,0.243,83
idmap_r2,match,1000,0.244,83
idmap_r2,match,1000,0.245,83
idmap_r2,match,1000,0.246,83
idmap_r2,match,1000,0.247,83
idmap_r2,match,1000,0.248,83
idmap_r2,match,1000,0.249,83
idmap_r2,match,1000,0.25,83
idmap_r2,match,1000,0.251,83
idmap_r2,match,1000,0.252,83
idmap_r2,match,1000,0.253,83
idmap_r2,match,1000,0.254,83
idmap_r2,match,1000,0.255,83
idmap_r2,match,1000,0.256,83
idmap_r2,match,1000,0.257,83
idmap_r2,match,1000,0.258,83
idmap_r2,match,1000,0.259,83
idmap_r2,match,1000,0.26,83
idmap_r2,match,1000,0.261,83
idmap_r2,match,1000,0.262,83
idmap_r2,match,1000,0.263,83
idmap_r2,match,1000,0.264,83
idmap_r2,match,1000,0.265,83
idmap_r2,match,1000,0.266,83
idmap_r2,match,1000,0.267,83
idmap_r2,match,1000,0.268,83
idmap_r2,match,1000,0.269,83
idmap_r2,match,1000,0.27,83
idmap_r2,match,1000,0.271,83
idmap_r2,match,1000,0.272,83
idmap_r2,match,1000,0.273,83
idmap_r2,match,1000,0.274,83
idmap_r2,match,1000,0.275,83
idmap_r2,match,1000,0.276,83
idmap_r2,match,1000,0.277,83
idmap_r2,match,1000,0.278,83
idmap_r2,match,1000,0.279,83
idmap_r2,match,1000,0.28,83
idmap_r2,match,1000,0.281,83
idmap_r2,match,1000,0.282,83
idmap_r2,match,1000,0.283,83
idmap_r2,match,1000,0.284,83
idmap_r2,match,1000,0.285,83
idmap_r2,match,1000,0.286,83
idmap_r2,match,1000,0.287,83
idmap_r2,match,1000,0.288,83
idmap_r2,match,1000,0.289,83
idmap_r2,match,1000,0.29,83
idmap_r2,match,1000,0.291,83
idmap_r2,match,1000,0.292,83
idmap_r2,match,1000,0.293,83
idmap_r2,match,1000,0.294,83
idmap_r2,match,1000,0.295,83
idmap_r2,match,1000,0.296,83
idmap_r2,match,1000,0.297,83
idmap_r2,match,1000,0.298,83
idmap_r2,match,1000,0.299,83
idmap_r2,match,1000,0.3,83
idmap_r2,match,1000,0.301,83
idmap_r2,match,1000,0.302,83
idmap_r2,match,1000,0.303,83
idmap_r2,match,1000,0.304,83
idmap_r2,match,1000,0.305,83
idmap_r2,match,1000,0.306,83
idmap_r2,match,1000,0.307,83
idmap_r2,match,1000,0.308,83
idmap_r2,match,1000,0.309,83
idmap_r2,match,1000,0.31,83
idmap_r2,match,1000,0.311,83
idmap_r2,match,1000,0.312,83
idmap_r2,match,1000,0.313,83
idmap_r2,match,1000,0.314,83
idmap_r2,match,1000,0.315,83
idmap_r2,match,1000,0.316,83
idmap_r2,match,1000,0.317,83
idmap_r2,match,1000,0.318,83
idmap_r2,match,1000,0.319,83
idmap_r2,match,1000,0.32,83
idmap_r2,match,1000,0.321,83
idmap_r2,match,1000,0.322,83
idmap_r2,match,1000,0.323,83
idmap_r2,match,1000,0.324,83
idmap_r2,match,1000,0.325,83
idmap_r2,match,1000,0.326,83
idmap_r2,match,1000,0.327,83
idmap_r2,match,1000,0.328,83
idmap_r2,match,1000,0.329,83
idmap_r2,match,1000,0.33,83
idmap_r2,match,1000,0.331,83
idmap_r2,match,1000,0.332,83
idmap_r2,match,1000,0.333,83
idmap_r2,match,1000,0.334,83
idmap_r2,match,1000,0.335,83
idmap_r2,match,1000,0.336,83
idmap_r2,match,1000,0.337,83
idmap_r2,match,1000,0.338,83
idmap_r2,match,1000,0.339,83
idmap_r2,match,1000,0.34,83
idmap_r2,match,1000,0.341,83
idmap_r2,match,1000,0.342,83
idmap_r2,match,1000,0.343,83
idmap_r2,match,1000,0.344,83
idmap_r2,match,1000,0.345,83
idmap_r2,match,1000,0.346,83
idmap_r2,match,1000,0.347,83
idmap_r2,match,1000,0.348,83
idmap_r2,match,1000,0.349,83
idmap_r2,match,1000,0.35,83
idmap_r2,match,1000,0.351,83
idmap_r2,match,1000,0.352,83
idmap_r2,match,1000,0.353,83
idmap_r2,match,1000,0.354,83
idmap_r2,match,1000,0.355,83
idmap_r2,match,1000,0.356,83
idmap_r2,match,1000,0.357,83
idmap_r2,match,1000,0.358,83
idmap_r2,match,1000,0.359,83
idmap_r2,match,1000,0.36,83
idmap_r2,match,1000,0.361,83
idmap_r2,match,1000,0.362,83
idmap_r2,match,1000,0.363,83
idmap_r2,match,1000,0.364,83
idmap_r2,match,1000,0.365,83
idmap_r2,match,1000,0.366,83
idmap_r2,match,1000,0.367,83
idmap_r2,match,1000,0.368,83
idmap_r2,match,1000,0.369,83
idmap_r2,match,1000,0.37,83
idmap_r2,match,1000,0.371,83
idmap_r2,match,1000,0.372,83
idmap_r2,match,1000,0.373,83
idmap_r2,match,1000,0.374,83
idmap_r2,match,1000,0.375,83
idmap_r2,match,1000,0.376,83
idmap_r2,match,1000,0.377,83
idmap_r2,match,1000,0.378,83
idmap_r2,match,1000,0.379,83
idmap_r2,match,1000,0.38,83
idmap_r2,match,1000,0.381,83
idmap_r2,match,1000,0.382,83
idmap_r2,match,1000,0.383,83
idmap_r2,match,1000,0.384,83
idmap_r2,match,1000,0.385,83
idmap_r2,match,1000,0.386,83
idmap_r2,match,1000,0.387,83
idmap_r2,match,1000,0.388,83
idmap_r2,match,1000,0.389,83
idmap_r2,match,1000,0.39,83
idmap_r2,match,1000,0.391,83
idmap_r2,match,1000,0.392,83
idmap_r2,match,1000,0.393,83
idmap_r2,match,1000,0.394,83
idmap_r2,match,1000,0.395,83
idmap_r2,match,1000,0.396,83
idmap_r2,match,1000,0.397,83
idmap_r2,match,1000,0.398,83
idmap_r2,match,1000,0.399,83
idmap_r2,match,1000,0.4,83
idmap_r2,match,1000,0.401,83
idmap_r2,match,1000,0.402,83
idmap_r2,match,1000,0.403,83
idmap_r2,match,1000,0.404,83
idmap_r2,match,1000,0.405,83
idmap_r2,match,1000,0.406,83
idmap_r2,match,1000,0.407,83
idmap_r2,match,1000,0.408,83
idmap_r2,match,1000,0.409,83
idmap_r2,match,1000,0.41,83
idmap_r2,match,1000,0.411,83
idmap_r2,match,1000,0.412,83
idmap_r2,match,1000,0.413,83
idmap_r2,match,1000,0.414,83
idmap_r2,match,1000,0.415,83
idmap_r2,match,1000,0.416,83
idmap_r2,match,1000,0.417,83
idmap_r2,match,1000,0.418,83
idmap_r2,match,1000,0.419,83
idmap_r2,match,1000,0.42,83
idmap_r2,match,1000,0.421,83
idmap_r2,match,1000,0.422,83
idmap_r2,match,1000,0.423,83
idmap_r2,match,1000,0.424,83
idmap_r2,match,1000,0.425,83
idmap_r2,match,1000,0.426,83
idmap_r2,match,1000,0.427,83
idmap_r2,match,1000,0.428,83
idmap_r2,match,1000,0.429,83
idmap_r2,match,1000,0.43,83
idmap_r2,match,1000,0.431,83
idmap_r2,match,1000,0.432,83
idmap_r2,match,1000,0.433,83
idmap_r2,match,1000,0.434,83
idmap_r2,match,1000,0.435,83
idmap_r2,match,1000,0.436,83
idmap_r2,match,1000,0.437,83
idmap_r2,match,1000,0.438,83
idmap_r2,match,1000,0.439,83
idmap_r2,match,1000,0.44,83
idmap_r2,match,1000,0.441,83
idmap_r2,match,1000,0.442,83
idmap_r2,match,1000,0.443,83
idmap_r2,match,1000,0.444,83
idmap_r2,match,1000,0.445,83
idmap_r2,match,1000,0.446,83
idmap_r2,match,1000,0.447,83
idmap_r2,match,1000,0.448,83
idmap_r2,match,1000,0.449,83
idmap_r2,match,1000,0.45,83
idmap_r2,match,1000,0.451,83
idmap_r2,match,1000,0.452,83
idmap_r2,match,1000,0.453,83
idmap_r2,match,1000,0.454,83
idmap_r2,match,1000,0.455,83
idmap_r2,match,1000,0.456,83
idmap_r2,match,1000,0.457,83
idmap_r2,match,1000,0.458,83
idmap_r2,match,1000,0.459,83
idmap_r2,match,1000,0.46,83
idmap_r2,match,1000,0.461,83
idmap_r2,match,1000,0.462,83
idmap_r2,match,1000,0.463,83
idmap_r2,match,1000,0.464,83
idmap_r2,match,1000,0.465,83
idmap_r2,match,1000,0.466,83
idmap_r2,match,1000,0.467,83
idmap_r2,match,1000,0.468,83
idmap_r2,match,1000,0.469,83
idmap_r2,match,1000,0.47,83
idmap_r2,match,1000,0.471,83
idmap_r2,match,1000,0.472,83
idmap_r2,match,1000,0.473,83
idmap_r2,match,1000,0.474,83
idmap_r2,match,1000,0.475,83
idmap_r2,match,1000,0.476,83
idmap_r2,match,1000,0.477,83
idmap_r2,match,1000,0.478,83
idmap_r2,match,1000,0.479,83
idmap_r2,match,1000,0.48,83
idmap_r2,match,1000,0.481,83
idmap_r2,match,1000,0.482,83
idmap_r2,match,1000,0.483,83
idmap_r2,match,1000,0.484,83
idmap_r2,match,1000,0.485,83
idmap_r2,match,1000,0.486,83
idmap_r2,match,1000,0.487,83
idmap_r2,match,1000,0.488,83
idmap_r2,match,1000,0.489,83
idmap_r2,match,1000,0.49,83
idmap_r2,match,1000,0.491,83
idmap_r2,match,1000,0.492,83
idmap_r2,match,1000,0.493,83
idmap_r2,match,1000,0.494,83
idmap_r2,match,1000,0.495,83
idmap_r2,match,1000,0.496,83
idmap_r2,match,1000,0.497,83
idmap_r2,match,1000,0.498,83
idmap_r2,match,1000,0.499,83
idmap_r2,match,1000,0.5,83
idmap_r2,match,1000,0.501,83
idmap_r2,match,1000,0.502,83
idmap_r2,match,1000,0.503,83
idmap_r2,match,1000,0.504,83
idmap_r2,match,1000,0.505,83
idmap_r2,match,1000,0.506,83
idmap_r2,match,1000,0.507,83
idmap_r2,match,1000,0.508,83
idmap_r2,match,1000,0.509,83
idmap_r2,match,1000,0.51,83
idmap_r2,match,1000,0.511,83
idmap_r2,match,1000,0.512,83
idmap_r2,match,1000,0.513,83
idmap_r2,match,1000,0.514,83
idmap_r2,match,1000,0.515,83
idmap_r2,match,1000,0.516,83
idmap_r2,match,1000,0.517,83
idmap_r2,match,1000,0.518,83
idmap_r2,match,1000,0.519,83
idmap_r2,match,1000,0.52,83
idmap_r2,match,1000,0.521,83
idmap_r2,match,1000,0.522,83
idmap_r2,match,1000,0.523,83
idmap_r2,match,1000,0.524,83
idmap_r2,match,1000,0.525,83
idmap_r2,match,1000,0.526,83
idmap_r2,match,1000,0.527,83
idmap_r2,match,1000,0.528,83
idmap_r2,match,1000,0.529,83
idmap_r2,match,1000,0.53,83
idmap_r2,match,1000,0.531,83
idmap_r2,match,1000,0.532,83
idmap_r2,match,1000,0.533,83
idmap_r2,match,1000,0.534,83
idmap_r2,match,1000,0.535,83
idmap_r2,match,1000,0.536,83
idmap_r2,match,1000,0.537,83
idmap_r2,match,1000,0.538,83
idmap_r2,match,1000,0.539,83
idmap_r2,match,1000,0.54,83
idmap_r2,match,1000,0.541,83
idmap_r2,match,1000,0.542,83
idmap_r2,match,1000,0.543,83
idmap_r2,match,1000,0.544,83
idmap_r2,match,1000,0.545,83
idmap_r2,match,1000,0.546,83
idmap_r2,match,1000,0.547,83
idmap_r2,match,1000,0.548,83
idmap_r2,match,1000,0.549,83
idmap_r2,match,1000,0.55,83
idmap_r2,match,1000,0.551,83
idmap_r2,match,1000,0.552,83
idmap_r2,match,1000,0.553,83
idmap_r2,match,1000,0.554,83
idmap_r2,match,1000,0.555,83
idmap_r2,match,1000,0.556,83
idmap_r2,match,1000,0.557,83
idmap_r2,match,1000,0.558,83
idmap_r2,match,1000,0.559,83
idmap_r2,match,1000,0.56,83
idmap_r2,match,1000,0.561,83
idmap_r2,match,1000,0.562,83
idmap_r2,match,1000,0.563,83
idmap_r2,match,1000,0.564,83
idmap_r2,match,1000,0.565,83
idmap_r2,match,1000,0.566,83
idmap_r2,match,1000,0.567,83
idmap_r2,match,1000,0.568,83
idmap_r2,match,1000,0.569,83
idmap_r2,match,1000,0.57,83
idmap_r2,match,1000,0.571,83
idmap_r2,match,1000,0.572,83
idmap_r2,match,1000,0.573,83
idmap_r2,match,1000,0.574,83
idmap_r2,match,1000,0.575,83
idmap_r2,match,1000,0.576,83
idmap_r2,match,1000,0.577,83
idmap_r2,match,1000,0.578,83
idmap_r2,match,1000,0.579,83
idmap_r2,match,1000,0.58,83
idmap_r2,match,1000,0.581,83
idmap_r2,match,1000,0.582,83
idmap_r2,match,1000,0.583,83
idmap_r2,match,1000,0.584,83
idmap_r2,match,1000,0.585,83
idmap_r2,match,1000,0.586,83
idmap_r2,match,1000,0.587,83
idmap_r2,match,1000,0.588,83
idmap_r2,match,1000,0.589,83
idmap_r2,match,1000,0.59,83
idmap_r2,match,1000,0.591,83
idmap_r2,match,1000,0.592,83
idmap_r2,match,1000,0.593,83
idmap_r2,match,1000,0.594,83
idmap_r2,match,1000,0.595,83
idmap_r2,match,1000,0.596,83
idmap_r2,match,1000,0.597,83
idmap_r2,match,1000,0.598,83
idmap_r2,match,1000,0.599,83
idmap_r2,match,1000,0.6,83
idmap_r2,match,1000,0.601,83
idmap_r2,match,1000,0.602,83
idmap_r2,match,1000,0.603,83
idmap_r2,match,1000,0.604,83
idmap_r2,match,1000,0.605,83
idmap_r2,match,1000,0.606,83
idmap_r2,match,1000,0.607,83
idmap_r2,match,1000,0.608,83
idmap_r2,match,1000,0.609,83
idmap_r2,match,1000,0.61,83
idmap_r2,match,1000,0.611,83
idmap_r2,match,1000,0.612,83
idmap_r2,match,1000,0.613,83
idmap_r2,match,1000,0.614,83
idmap_r2,match,1000,0.615,83
idmap_r2,match,1000,0.616,83
idmap_r2,match,1000,0.617,83
idmap_r2,match,1000,0.618,83
idmap_r2,match,1000,0.619,83
idmap_r2,match,1000,0.62,83
idmap_r2,match,1000,0.621,83
idmap_r2,match,1000,0.622,84
idmap_r2,match,1000,0.623,84
idmap_r2,match,1000,0.624,84
idmap_r2,match,1000,0.625,84
idmap_r2,match,1000,0.626,84
idmap_r2,match,1000,0.627,84
idmap_r2,match,1000,0.628,84
idmap_r2,match,1000,0.629,84
idmap_r2,match,1000,0.63,84
idmap_r2,match,1000,0.631,84
idmap_r2,match,1000,0.632,84
idmap_r2,match,1000,0.633,84
idmap_r2,match,1000,0.634,84
idmap_r2,match,1000,0.635,84
idmap_r2,match,1000,0.636,84
idmap_r2,match,1000,0.637,84
idmap_r2,match,1000,0.638,84
idmap_r2,match,1000,0.639,84
idmap_r2,match,1000,0.64,84
idmap_r2,match,1000,0.641,84
idmap_r2,match,1000,0.642,84
idmap_r2,match,1000,0.643,84
idmap_r2,match,1000,0.644,84
idmap_r2,match,1000,0.645,84
idmap_r2,match,1000,0.646,84
idmap_r2,match,1000,0.647,84
idmap_r2,match,1000,0.648,84
idmap_r2,match,1000,0.649,84
idmap_r2,match,1000,0.65,84
idmap_r2,match,1000,0.651,84
idmap_r2,match,1000,0.652,84
idmap_r2,match,1000,0.653,84
idmap_r2,match,1000,0.654,84
idmap_r2,match,1000,0.655,84
idmap_r2,match,1000,0.656,84
idmap_r2,match,1000,0.657,84
idmap_r2,match,1000,0.658,84
idmap_r2,match,1000,0.659,84
idmap_r2,match,1000,0.66,84
idmap_r2,match,1000,0.661,84
idmap_r2,match,1000,0.662,84
idmap_r2,match,1000,0.663,84
idmap_r2,match,1000,0.664,84
idmap_r2,match,1000,0.665,84
idmap_r2,match,1000,0.666,84
idmap_r2,match,1000,0.667,84
idmap_r2,match,1000,0.668,84
idmap_r2,match,1000,0.669,84
idmap_r2,match,1000,0.67,84
idmap_r2,match,1000,0.671,84
idmap_r2,match,1000,0.672,84
idmap_r2,match,1000,0.673,84
idmap_r2,match,1000,0.674,84
idmap_r2,match,1000,0.675,84
idmap_r2,match,1000,0.676,84
idmap_r2,match,1000,0.677,84
idmap_r2,match,1000,0.678,84
idmap_r2,match,1000,0.679,84
idmap_r2,match,1000,0.68,84
idmap_r2,match,1000,0.681,84
idmap_r2,match,1000,0.682,84
idmap_r2,match,1000,0.683,84
idmap_r2,match,1000,0.684,84
idmap_r2,match,1000,0.685,84
idmap_r2,match,1000,0.686,84
idmap_r2,match,1000,0.687,84
idmap_r2,match,1000,0.688,84
idmap_r2,match,1000,0.689,84
idmap_r2,match,1000,0.69,84
idmap_r2,match,1000,0.691,84
idmap_r2,match,1000,0.692,84
idmap_r2,match,1000,0.693,84
idmap_r2,match,1000,0.694,84
idmap_r2,match,1000,0.695,84
idmap_r2,match,1000,0.696,84
idmap_r2,match,1000,0.697,84
idmap_r2,match,1000,0.698,84
idmap_r2,match,1000,0.699,84
idmap_r2,match,1000,0.7,84
idmap_r2,match,1000,0.701,84
idmap_r2,match,1000,0.702,84
idmap_r2,match,1000,0.703,84
idmap_r2,match,1000,0.704,84
idmap_r2,match,1000,0.705,84
idmap_r2,match,1000,0.706,84
idmap_r2,match,1000,0.707,84
idmap_r2,match,1000,0.708,84
idmap_r2,match,1000,0.709,84
idmap_r2,match,1000,0.71,84
idmap_r2,match,1000,0.711,84
idmap_r2,match,1000,0.712,84
idmap_r2,match,1000,0.713,84
idmap_r2,match,1000,0.714,84
idmap_r2,match,1000,0.715,84
idmap_r2,match,1000,0.716,84
idmap_r2,match,1000,0.717,84
idmap_r2,match,1000,0.718,84
idmap_r2,match,1000,0.719,84
idmap_r2,match,1000,0.72,84
idmap_r2,match,1000,0.721,84
idmap_r2,match,1000,0.722,84
idmap_r2,match,1000,0.723,84
idmap_r2,match,1000,0.724,84
idmap_r2,match,1000,0.725,84
idmap_r2,match,1000,0.726,84
idmap_r2,match,1000,0.727,84
idmap_r2,match,1000,0.728,84
idmap_r2,match,1000,0.729,84
idmap_r2,match,1000,0.73,84
idmap_r2,match,1000,0.731,84
idmap_r2,match,1000,0.732,84
idmap_r2,match,1000,0.733,84
idmap_r2,match,1000,0.734,84
idmap_r2,match,1000,0.735,84
idmap_r2,match,1000,0.736,84
idmap_r2,match,1000,0.737,84
idmap_r2,match,1000,0.738,84
idmap_r2,match,1000,0.739,84
idmap_r2,match,1000,0.74,84
idmap_r2,match,1000,0.741,84
idmap_r2,match,1000,0.742,84
idmap_r2,match,1000,0.743,84
idmap_r2,match,1000,0.744,84
idmap_r2,match,1000,0.745,84
idmap_r2,match,1000,0.746,84
idmap_r2,match,1000,0.747,84
idmap_r2,match,1000,0.748,84
idmap_r2,match,1000,0.749,84
idmap_r2,match,1000,0.75,84
idmap_r2,match,1000,0.751,84
idmap_r2,match,1000,0.752,84
idmap_r2,match,1000,0.753,84
idmap_r2,match,1000,0.754,84
idmap_r2,match,1000,0.755,84
idmap_r2,match,1000,0.756,84
idmap_r2,match,1000,0.757,84
idmap_r2,match,1000,0.758,84
idmap_r2,match,1000,0.759,84
idmap_r2,match,1000,0.76,84
idmap_r2,match,1000,0.761,84
idmap_r2,match,1000,0.762,84
idmap_r2,match,1000,0.763,84
idmap_r2,match,1000,0.764,84
idmap_r2,match,1000,0.765,84
idmap_r2,match,1000,0.766,84
idmap_r2,match,1000,0.767,84
idmap_r2,match,1000,0.768,84
idmap_r2,match,1000,0.769,84
idmap_r2,match,1000,0.77,84
idmap_r2,match,1000,0.771,84
idmap_r2,match,1000,0.772,84
idmap_r2,match,1000,0.773,84
idmap_r2,match,1000,0.774,84
idmap_r2,match,1000,0.775,84
idmap_r2,match,1000,0.776,84
idmap_r2,match,1000,0.777,84
idmap_r2,match,1000,0.778,84
idmap_r2,match,1000,0.779,84
idmap_r2,match,1000,0.78,84
idmap_r2,match,1000,0.781,84
idmap_r2,match,1000,0.782,84
idmap_r2,match,1000,0.783,84
idmap_r2,match,1000,0.784,84
idmap_r2,match,1000,0.785,84
idmap_r2,match,1000,0.786,84
idmap_r2,match,1000,0.787,84
idmap_r2,match,1000,0.788,84
idmap_r2,match,1000,0.789,84
idmap_r2,match,1000,0.79,84
idmap_r2,match,1000,0.791,84
idmap_r2,match,1000,0.792,84
idmap_r2,match,1000,0.793,84
idmap_r2,match,1000,0.794,84
idmap_r2,match,1000,0.795,84
idmap_r2,match,1000,0.796,84
idmap_r2,match,1000,0.797,84
idmap_r2,match,1000,0.798,84
idmap_r2,match,1000,0.799,84
idmap_r2,match,1000,0.8,84
idmap_r2,match,1000,0.801,84
idmap_r2,match,1000,0.802,84
idmap_r2,match,1000,0.803,84
idmap_r2,match,1000,0.804,84
idmap_r2,match,1000,0.805,84
idmap_r2,match,1000,0.806,84
idmap_r2,match,1000,0.807,84
idmap_r2,match,1000,0.808,84
idmap_r2,match,1000,0.809,84
idmap_r2,match,1000,0.81,84
idmap_r2,match,1000,0.811,84
idmap_r2,match,1000,0.812,84
idmap_r2,match,1000,0.813,84
idmap_r2,match,1000,0.814,84
idmap_r2,match,1000,0.815,84
idmap_r2,match,1000,0.816,84
idmap_r2,match,1000,0.817,84
idmap_r2,match,1000,0.818,84
idmap_r2,match,1000,0.819,84
idmap_r2,match,1000,0.82,84
idmap_r2,match,1000,0.821,84
idmap_r2,match,1000,0.822,84
idmap_r2,match,1000,0.823,84
idmap_r2,match,1000,0.824,84
idmap_r2,match,1000,0.825,84
idmap_r2,match,1000,0.826,84
idmap_r2,match,1000,0.827,84
idmap_r2,match,1000,0.828,84
idmap_r2,match,1000,0.829,84
idmap_r2,match,1000,0.83,84
idmap_r2,match,1000,0.831,84
idmap_r2,match,1000,0.832,125
idmap_r2,match,1000,0.833,125
idmap_r2,match,1000,0.834,125
idmap_r2,match,1000,0.835,125
idmap_r2,match,1000,0.836,125
idmap_r2,match,1000,0.837,125
idmap_r2,match,1000,0.838,125
idmap_r2,match,1000,0.839,125
idmap_r2,match,1000,0.84,125
idmap_r2,match,1000,0.841,125
idmap_r2,match,1000,0.842,125
idmap_r2,match,1000,0.843,125
idmap_r2,match,1000,0.844,125
idmap_r2,match,1000,0.845,125
idmap_r2,match,1000,0.846,125
idmap_r2,match,1000,0.847,125
idmap_r2,match,1000,0.848,125
idmap_r2,match,1000,0.849,125
idmap_r2,match,1000,0.85,125
idmap_r2,match,1000,0.851,125
idmap_r2,match,1000,0.852,125
idmap_r2,match,1000,0.853,125
idmap_r2,match,1000,0.854,125
idmap_r2,match,1000,0.855,125
idmap_r2,match,1000,0.856,125
idmap_r2,match,1000,0.857,125
idmap_r2,match,1000,0.858,125
idmap_r2,match,1000,0.859,125
idmap_r2,match,1000,0.86,125
idmap_r2,match,1000,0.861,125
idmap_r2,match,1000,0.862,125
idmap_r2,match,1000,0.863,125
idmap_r2,match,1000,0.864,125
idmap_r2,match,1000,0.865,125
idmap_r2,match,1000,0.866,125
idmap_r2,match,1000,0.867,125
idmap_r2,match,1000,0.868,125
idmap_r2,match,1000,0.869,125
idmap_r2,match,1000,0.87,125
idmap_r2,match,1000,0.871,125
idmap_r2,match,1000,0.872,125
idmap_r2,match,1000,0.873,125
idmap_r2,match,1000,0.874,125
idmap_r2,match,1000,0.875,125
idmap_r2,match,1000,0.876,125
idmap_r2,match,1000,0.877,125
idmap_r2,match,1000,0.878,125
idmap_r2,match,1000,0.879,125
idmap_r2,match,1000,0.88,125
idmap_r2,match,1000,0.881,125
idmap_r2,match,1000,0.882,125
idmap_r2,match,1000,0.883,125
idmap_r2,match,1000,0.884,125
idmap_r2,match,1000,0.885,125
idmap_r2,match,1000,0.886,125
idmap_r2,match,1000,0.887,125
idmap_r2,match,1000,0.888,125
idmap_r2,match,1000,0.889,125
idmap_r2,match,1000,0.89,125
idmap_r2,match,1000,0.891,125
idmap_r2,match,1000,0.892,125
idmap_r2,match,1000,0.893,125
idmap_r2,match,1000,0.894,125
idmap_r2,match,1000,0.895,125
idmap_r2,match,1000,0.896,125
idmap_r2,match,1000,0.897,125
idmap_r2,match,1000,0.898,125
idmap_r2,match,1000,0.899,125
idmap_r2,match,1000,0.9,125
idmap_r2,match,1000,0.901,166
idmap_r2,match,1000,0.902,166
idmap_r2,match,1000,0.903,166
idmap_r2,match,1000,0.904,166
idmap_r2,match,1000,0.905,166
idmap_r2,match,1000,0.906,166
idmap_r2,match,1000,0.907,166
idmap_r2,match,1000,0.908,166
idmap_r2,match,1000,0.909,166
idmap_r2,match,1000,0.91,166
idmap_r2,match,1000,0.911,166
idmap_r2,match,1000,0.912,166
idmap_r2,match,1000,0.913,166
idmap_r2,match,1000,0.914,167
idmap_r2,match,1000,0.915,167
idmap_r2,match,1000,0.916,167
idmap_r2,match,1000,0.917,167
idmap_r2,match,1000,0.918,167
idmap_r2,match,1000,0.919,167
idmap_r2,match,1000,0.92,167
idmap_r2,match,1000,0.921,167
idmap_r2,match,1000,0.922,167
idmap_r2,match,1000,0.923,167
idmap_r2,match,1000,0.924,167
idmap_r2,match,1000,0.925,167
idmap_r2,match,1000,0.926,167
idmap_r2,match,1000,0.927,167
idmap_r2,match,1000,0.928,167
idmap_r2,match,1000,0.929,167
idmap_r2,match,1000,0.93,167
idmap_r2,match,1000,0.931,167
idmap_r2,match,1000,0.932,167
idmap_r2,match,1000,0.933,167
idmap_r2,match,1000,0.934,167
idmap_r2,match,1000,0.935,167
idmap_r2,match,1000,0.936,167
idmap_r2,match,1000,0.937,167
idmap_r2,match,1000,0.938,167
idmap_r2,match,1000,0.939,167
idmap_r2,match,1000,0.94,208
idmap_r2,match,1000,0.941,208
idmap_r2,match,1000,0.942,208
idmap_r2,match,1000,0.943,208
idmap_r2,match,1000,0.944,208
idmap_r2,match,1000,0.945,208
idmap_r2,match,1000,0.946,208
idmap_r2,match,1000,0.947,208
idmap_r2,match,1000,0.948,208
idmap_r2,match,1000,0.949,208
idmap_r2,match,1000,0.95,208
idmap_r2,match,1000,0.951,208
idmap_r2,match,1000,0.952,208
idmap_r2,match,1000,0.953,208
idmap_r2,match,1000,0.954,208
idmap_r2,match,1000,0.955,208
idmap_r2,match,1000,0.956,208
idmap_r2,match,1000,0.957,208
idmap_r2,match,1000,0.958,208
idmap_r2,match,1000,0.959,209
idmap_r2,match,1000,0.96,209
idmap_r2,match,1000,0.961,209
idmap_r2,match,1000,0.962,209
idmap_r2,match,1000,0.963,209
idmap_r2,match,1000,0.964,209
idmap_r2,match,1000,0.965,209
idmap_r2,match,1000,0.966,209
idmap_r2,match,1000,0.967,209
idmap_r2,match,1000,0.968,250
idmap_r2,match,1000,0.969,250
idmap_r2,match,1000,0.97,250
idmap_r2,match,1000,0.971,250
idmap_r2,match,1000,0.972,250
idmap_r2,match,1000,0.973,250
idmap_r2,match,1000,0.974,250
idmap_r2,match,1000,0.975,250
idmap_r2,match,1000,0.976,250
idmap_r2,match,1000,0.977,291
idmap_r2,match,1000,0.978,291
idmap_r2,match,1000,0.979,291
idmap_r2,match,1000,0.98,292
idmap_r2,match,1000,0.981,292
idmap_r2,match,1000,0.982,292
idmap_r2,match,1000,0.983,292
idmap_r2,match,1000,0.984,292
idmap_r2,match,1000,0.985,292
idmap_r2,match,1000,0.986,292
idmap_r2,match,1000,0.987,333
idmap_r2,match,1000,0.988,333
idmap_r2,match,1000,0.989,333
idmap_r2,match,1000,0.99,333
idmap_r2,match,1000,0.991,334
idmap_r2,match,1000,0.992,334
idmap_r2,match,1000,0.993,375
idmap_r2,match,1000,0.994,375
idmap_r2,match,1000,0.995,416
idmap_r2,match,1000,0.996,417
idmap_r2,match,1000,0.997,459
idmap_r2,match,1000,0.998,542
idmap_r2,match,1000,0.999,958
idmap_r2,add,10000,0,0
idmap_r2,add,10000,0.001,41
idmap_r2,add,10000,0.002,41
idmap_r2,add,10000,0.003,41
idmap_r2,add,10000,0.004,42
idmap_r2,add,10000,0.005,42
idmap_r2,add,10000,0.006,42
idmap_r2,add,10000,0.007,42
idmap_r2,add,10000,0.008,42
idmap_r2,add,10000,0.009,42
idmap_r2,add,10000,0.01,42
idmap_r2,add,10000,0.011,42
idmap_r2,add,10000,0.012,83
idmap_r2,add,10000,0.013,83
idmap_r2,add,10000,0.014,83
idmap_r2,add,10000,0.015,83
idmap_r2,add,10000,0.016,83
idmap_r2,add,10000,0.017,83
idmap_r2,add,10000,0.018,83
idmap_r2,add,10000,0.019,83
idmap_r2,add,10000,0.02,83
idmap_r2,add,10000,0.021,83
idmap_r2,add,10000,0.022,83
idmap_r2,add,10000,0.023,83
idmap_r2,add,10000,0.024,83
idmap_r2,add,10000,0.025,83
idmap_r2,add,10000,0.026,83
idmap_r2,add,10000,0.027,83
idmap_r2,add,10000,0.028,83
idmap_r2,add,10000,0.029,83
idmap_r2,add,10000,0.03,83
idmap_r2,add,10000,0.031,83
idmap_r2,add,10000,0.032,83
idmap_r2,add,10000,0.033,83
idmap_r2,add,10000,0.034,83
idmap_r2,add,10000,0.035,83
idmap_r2,add,10000,0.036,83
idmap_r2,add,10000,0.037,84
idmap_r2,add,10000,0.038,84
idmap_r2,add,10000,0.039,84
idmap_r2,add,10000,0.04,84
idmap_r2,add,10000,0.041,84
idmap_r2,add,10000,0.042,84
idmap_r2,add,10000,0.043,84
idmap_r2,add,10000,0.044,84
idmap_r2,add,10000,0.045,84
idmap_r2,add,10000,0.046,84
idmap_r2,add,10000,0.047,84
idmap_r2,add,10000,0.048,84
idmap_r2,add,10000,0.049,84
idmap_r2,add,10000,0.05,125
idmap_r2,add,10000,0.051,125
idmap_r2,add,10000,0.052,125
idmap_r2,add,10000,0.053,125
idmap_r2,add,10000,0.054,125
idmap_r2,add,10000,0.055,125
idmap_r2,add,10000,0.056,125
idmap_r2,add,10000,0.057,125
idmap_r2,add,10000,0.058,125
idmap_r2,add,10000,0.059,125
idmap_r2,add,10000,0.06,125
idmap_r2,add,10000,0.061,125
idmap_r2,add,10000,0.062,125
idmap_r2,add,10000,0.063,125
idmap_r2,add,10000,0.064,125
idmap_r2,add,10000,0.065,125
idmap_r2,add,10000,0.066,125
idmap_r2,add,10000,0.067,125
idmap_r2,add,10000,0.068,125
idmap_r2,add,10000,0.069,125
idmap_r2,add,10000,0.07,125
idmap_r2,add,10000,0.071,125
idmap_r2,add,10000,0.072,125
idmap_r2,add,10000,0.073,125
idmap_r2,add,10000,0.074,125
idmap_r2,add,10000,0.075,125
idmap_r2,add,10000,0.076,125
idmap_r2,add,10000,0.077,125
idmap_r2,add,10000,0.078,125
idmap_r2,add,10000,0.079,125
idmap_r2,add,10000,0.08,125
idmap_r2,add,10000,0.081,125
idmap_r2,add,10000,0.082,125
idmap_r2,add,10000,0.083,125
idmap_r2,add,10000,0.084,125
idmap_r2,add,10000,0.085,125
idmap_r2,add,10000,0.086,125
idmap_r2,add,10000,0.087,125
idmap_r2,add,10000,0.088,125
idmap_r2,add,10000,0.089,125
idmap_r2,add,10000,0.09,125
idmap_r2,add,10000,0.091,125
idmap_r2,add,10000,0.092,125
idmap_r2,add,10000,0.093,125
idmap_r2,add,10000,0.094,125
idmap_r2,add,10000,0.095,125
idmap_r2,add,10000,0.096,125
idmap_r2,add,10000,0.097,125
idmap_r2,add,10000,0.098,125
idmap_r2,add,10000,0.099,125
idmap_r2,add,10000,0.1,125
idmap_r2,add,10000,0.101,125
idmap_r2,add,10000,0.102,125
idmap_r2,add,10000,0.103,125
idmap_r2,add,10000,0.104,125
idmap_r2,add,10000,0.105,125
idmap_r2,add,10000,0.106,125
idmap_r2,add,10000,0.107,125
idmap_r2,add,10000,0.108,125
idmap_r2,add,10000,0.109,125
idmap_r2,add,10000,0.11,125
idmap_r2,add,10000,0.111,125
idmap_r2,add,10000,0.112,125
idmap_r2,add,10000,0.113,125
idmap_r2,add,10000,0.114,125
idmap_r2,add,10000,0.115,125
idmap_r2,add,10000,0.116,125
idmap_r2,add,10000,0.117,125
idmap_r2,add,10000,0.118,125
idmap_r2,add,10000,0.119,125
idmap_r2,add,10000,0.12,125
idmap_r2,add,10000,0.121,125
idmap_r2,add,10000,0.122,125
idmap_r2,add,10000,0.123,125
idmap_r2,add,10000,0.124,125
idmap_r2,add,10000,0.125,125
idmap_r2,add,10000,0.126,125
idmap_r2,add,10000,0.127,125
idmap_r2,add,10000,0.128,125
idmap_r2,add,10000,0.129,125
idmap_r2,add,10000,0.13,125
idmap_r2,add,10000,0.131,125
idmap_r2,add,10000,0.132,125
idmap_r2,add,10000,0.133,125
idmap_r2,add,10000,0.134,125
idmap_r2,add,10000,0.135,125
idmap_r2,add,10000,0.136,125
idmap_r2,add,10000,0.137,125
idmap_r2,add,10000,0.138,125
idmap_r2,add,10000,0.139,125
idmap_r2,add,10000,0.14,125
idmap_r2,add,10000,0.141,125
idmap_r2,add,10000,0.142,125
idmap_r2,add,10000,0.143,125
idmap_r2,add,10000,0.144,125
idmap_r2,add,10000,0.145,125
idmap_r2,add,10000,0.146,125
idmap_r2,add,10000,0.147,125
idmap_r2,add,10000,0.148,125
idmap_r2,add,10000,0.149,125
idmap_r2,add,10000,0.15,125
idmap_r2,add,10000,0.151,125
idmap_r2,add,10000,0.152,125
idmap_r2,add,10000,0.153,125
idmap_r2,add,10000,0.154,125
idmap_r2,add,10000,0.155,125
idmap_r2,add,10000,0.156,125
idmap_r2,add,10000,0.157,125
idmap_r2,add,10000,0.158,125
idmap_r2,add,10000,0.159,125
idmap_r2,add,10000,0.16,125
idmap_r2,add,10000,0.161,125
idmap_r2,add,10000,0.162,125
idmap_r2,add,10000,0.163,125
idmap_r2,add,10000,0.164,125
idmap_r2,add,10000,0.165,125
idmap_r2,add,10000,0.166,125
idmap_r2,add,10000,0.167,125
idmap_r2,add,10000,0.168,125
idmap_r2,add,10000,0.169,125
idmap_r2,add,10000,0.17,125
idmap_r2,add,10000,0.171,125
idmap_r2,add,10000,0.172,125
idmap_r2,add,10000,0.173,125
idmap_r2,add,10000,0.174,125
idmap_r2,add,10000,0.175,125
idmap_r2,add,10000,0.176,125
idmap_r2,add,10000,0.177,125
idmap_r2,add,10000,0.178,125
idmap_r2,add,10000,0.179,125
idmap_r2,add,10000,0.18,125
idmap_r2,add,10000,0.181,125
idmap_r2,add,10000,0.182,125
idmap_r2,add,10000,0.183,125
idmap_r2,add,10000,0.184,125
idmap_r2,add,10000,0.185,125
idmap_r2,add,10000,0.186,125
idmap_r2,add,10000,0.187,125
idmap_r2,add,10000,0.188,166
idmap_r2,add,10000,0.189,166
idmap_r2,add,10000,0.19,166
idmap_r2,add,10000,0.191,166
idmap_r2,add,10000,0.192,166
idmap_r2,add,10000,0.193,166
idmap_r2,add,10000,0.194,166
idmap_r2,add,10000,0.195,166
idmap_r2,add,10000,0.196,166
idmap_r2,add,10000,0.197,166
idmap_r2,add,10000,0.198,166
idmap_r2,add,10000,0.199,166
idmap_r2,add,10000,0.2,166
idmap_r2,add,10000,0.201,166
idmap_r2,add,10000,0.202,166
idmap_r2,add,10000,0.203,166
idmap_r2,add,10000,0.204,166
idmap_r2,add,10000,0.205,166
idmap_r2,add,10000,0.206,166
idmap_r2,add,10000,0.207,166
idmap_r2,add,10000,0.208,166
idmap_r2,add,10000,0.209,166
idmap_r2,add,10000,0.21,166
idmap_r2,add,10000,0.211,166
idmap_r2,add,10000,0.212,166
idmap_r2,add,10000,0.213,166
idmap_r2,add,10000,0.214,166
idmap_r2,add,10000,0.215,166
idmap_r2,add,10000,0.216,166
idmap_r2,add,10000,0.217,166
idmap_r2,add,10000,0.218,166
idmap_r2,add,10000,0.219,166
idmap_r2,add,10000,0.22,166
idmap_r2,add,10000,0.221,166
idmap_r2,add,10000,0.222,166
idmap_r2,add,10000,0.223,166
idmap_r2,add,10000,0.224,166
idmap_r2,add,10000,0.225,166
idmap_r2,add,10000,0.226,166
idmap_r2,add,10000,0.227,166
idmap_r2,add,10000,0.228,166
idmap_r2,add,10000,0.229,166
idmap_r2,add,10000,0.23,166
idmap_r2,add,10000,0.231,166
idmap_r2,add,10000,0.232,166
idmap_r2,add,10000,0.233,166
idmap_r2,add,10000,0.234,166
idmap_r2,add,10000,0.235,166
idmap_r2,add,10000,0.236,166
idmap_r2,add,10000,0.237,166
idmap_r2,add,10000,0.238,166
idmap_r2,add,10000,0.239,166
idmap_r2,add,10000,0.24,166
idmap_r2,add,10000,0.241,166
idmap_r2,add,10000,0.242,166
idmap_r2,add,10000,0.243,166
idmap_r2,add,10000,0.244,166
idmap_r2,add,10000,0.245,166
idmap_r2,add,10000,0.246,166
idmap_r2,add,10000,0.247,166
idmap_r2,add,10000,0.248,166
idmap_r2,add,10000,0.249,166
idmap_r2,add,10000,0.25,166
idmap_r2,add,10000,0.251,166
idmap_r2,add,10000,0.252,167
idmap_r2,add,10000,0.253,167
idmap_r2,add,10000,0.254,167
idmap_r2,add,10000,0.255,167
idmap_r2,add,10000,0.256,167
idmap_r2,add,10000,0.257,167
idmap_r2,add,10000,0.258,167
idmap_r2,add,10000,0.259,167
idmap_r2,add,10000,0.26,167
idmap_r2,add,10000,0.261,167
idmap_r2,add,10000,0.262,167
idmap_r2,add,10000,0.263,167
idmap_r2,add,10000,0.264,167
idmap_r2,add,10000,0.265,167
idmap_r2,add,10000,0.266,167
idmap_r2,add,10000,0.267,167
idmap_r2,add,10000,0.268,167
idmap_r2,add,10000,0.269,167
idmap_r2,add,10000,0.27,167
idmap_r2,add,10000,0.271,167
idmap_r2,add,10000,0.272,167
idmap_r2,add,10000,0.273,167
idmap_r2,add,10000,0.274,167
idmap_r2,add,10000,0.275,167
idmap_r2,add,10000,0.276,167
idmap_r2,add,10000,0.277,167
idmap_r2,add,10000,0.278,167
idmap_r2,add,10000,0.279,167
idmap_r2,add,10000,0.28,167
idmap_r2,add,10000,0.281,167
idmap_r2,add,10000,0.282,167
idmap_r2,add,10000,0.283,167
idmap_r2,add,10000,0.284,167
idmap_r2,add,10000,0.285,167
idmap_r2,add,10000,0.286,167
idmap_r2,add,10000,0.287,167
idmap_r2,add,10000,0.288,167
idmap_r2,add,10000,0.289,167
idmap_r2,add,10000,0.29,167
idmap_r2,add,10000,0.291,167
idmap_r2,add,10000,0.292,167
idmap_r2,add,10000,0.293,167
idmap_r2,add,10000,0.294,167
idmap_r2,add,10000,0.295,167
idmap_r2,add,10000,0.296,167
idmap_r2,add,10000,0.297,167
idmap_r2,add,10000,0.298,167
idmap_r2,add,10000,0.299,167
idmap_r2,add,10000,0.3,167
idmap_r2,add,10000,0.301,167
idmap_r2,add,10000,0.302,167
idmap_r2,add,10000,0.303,167
idmap_r2,add,10000,0.304,167
idmap_r2,add,10000,0.305,167
idmap_r2,add,10000,0.306,167
idmap_r2,add,10000,0.307,167
idmap_r2,add,10000,0.308,167
idmap_r2,add,10000,0.309,167
idmap_r2,add,10000,0.31,167
idmap_r2,add,10000,0.311,167
idmap_r2,add,10000,0.312,167
idmap_r2,add,10000,0.313,167
idmap_r2,add,10000,0.314,167
idmap_r2,add,10000,0.315,167
idmap_r2,add,10000,0.316,167
idmap_r2,add,10000,0.317,167
idmap_r2,add,10000,0.318,167
idmap_r2,add,10000,0.319,167
idmap_r2,add,10000,0.32,167
idmap_r2,add,10000,0.321,167
idmap_r2,add,10000,0.322,167
idmap_r2,add,10000,0.323,167
idmap_r2,add,10000,0.324,167
idmap_r2,add,10000,0.325,167
idmap_r2,add,10000,0.326,167
idmap_r2,add,10000,0.327,167
idmap_r2,add,10000,0.328,167
idmap_r2,add,10000,0.329,167
idmap_r2,add,10000,0.33,167
idmap_r2,add,10000,0.331,167
idmap_r2,add,10000,0.332,167
idmap_r2,add,10000,0.333,167
idmap_r2,add,10000,0.334,167
idmap_r2,add,10000,0.335,167
idmap_r2,add,10000,0.336,167
idmap_r2,add,10000,0.337,167
idmap_r2,add,10000,0.338,167
idmap_r2,add,10000,0.339,167
idmap_r2,add,10000,0.34,167
idmap_r2,add,10000,0.341,167
idmap_r2,add,10000,0.342,167
idmap_r2,add,10000,0.343,167
idmap_r2,add,10000,0.344,167
idmap_r2,add,10000,0.345,167
idmap_r2,add,10000,0.346,167
idmap_r2,add,10000,0.347,167
idmap_r2,add,10000,0.348,167
idmap_r2,add,10000,0.349,167
idmap_r2,add,10000,0.35,167
idmap_r2,add,10000,0.351,167
idmap_r2,add,10000,0.352,167
idmap_r2,add,10000,0.353,167
idmap_r2,add,10000,0.354,167
idmap_r2,add,10000,0.355,167
idmap_r2,add,10000,0.356,167
idmap_r2,add,10000,0.357,167
idmap_r2,add,10000,0.358,167
idmap_r2,add,10000,0.359,167
idmap_r2,add,10000,0.36,167
idmap_r2,add,10000,0.361,167
idmap_r2,add,10000,0.362,167
idmap_r2,add,10000,0.363,167
idmap_r2,add,10000,0.364,167
idmap_r2,add,10000,0.365,167
idmap_r2,add,10000,0.366,167
idmap_r2,add,10000,0.367,167
idmap_r2,add,10000,0.368,167
idmap_r2,add,10000,0.369,167
idmap_r2,add,10000,0.37,167
idmap_r2,add,10000,0.371,167
idmap_r2,add,10000,0.372,167
idmap_r2,add,10000,0.373,167
idmap_r2,add,10000,0.374,167
idmap_r2,add,10000,0.375,167
idmap_r2,add,10000,0.376,167
idmap_r2,add,10000,0.377,167
idmap_r2,add,10000,0.378,167
idmap_r2,add,10000,0.379,167
idmap_r2,add,10000,0.38,167
idmap_r2,add,10000,0.381,167
idmap_r2,add,10000,0.382,208
idmap_r2,add,10000,0.383,208
idmap_r2,add,10000,0.384,208
idmap_r2,add,10000,0.385,208
idmap_r2,add,10000,0.386,208
idmap_r2,add,10000,0.387,208
idmap_r2,add,10000,0.388,208
idmap_r2,add,10000,0.389,208
idmap_r2,add,10000,0.39,208
idmap_r2,add,10000,0.391,208
idmap_r2,add,10000,0.392,208
idmap_r2,add,10000,0.393,208
idmap_r2,add,10000,0.394,208
idmap_r2,add,10000,0.395,208
idmap_r2,add,10000,0.396,208
idmap_r2,add,10000,0.397,208
idmap_r2,add,10000,0.398,208
idmap_r2,add,10000,0.399,208
idmap_r2,add,10000,0.4,208
idmap_r2,add,10000,0.401,208
idmap_r2,add,10000,0.402,208
idmap_r2,add,10000,0.403,208
idmap_r2,add,10000,0.404,208
idmap_r2,add,10000,0.405,208
idmap_r2,add,10000,0.406,208
idmap_r2,add,10000,0.407,208
idmap_r2,add,10000,0.408,208
idmap_r2,add,10000,0.409,208
idmap_r2,add,10000,0.41,208
idmap_r2,add,10000,0.411,208
idmap_r2,add,10000,0.412,208
idmap_r2,add,10000,0.413,208
idmap_r2,add,10000,0.414,208
idmap_r2,add,10000,0.415,208
idmap_r2,add,10000,0.416,208
idmap_r2,add,10000,0.417,208
idmap_r2,add,10000,0.418,208
idmap_r2,add,10000,0.419,208
idmap_r2,add,10000,0.42,208
idmap_r2,add,10000,0.421,208
idmap_r2,add,10000,0.422,208
idmap_r2,add,10000,0.423,208
idmap_r2,add,10000,0.424,208
idmap_r2,add,10000,0.425,208
idmap_r2,add,10000,0.426,208
idmap_r2,add,10000,0.427,208
idmap_r2,add,10000,0.428,208
idmap_r2,add,10000,0.429,208
idmap_r2,add,10000,0.43,208
idmap_r2,add,10000,0.431,208
idmap_r2,add,10000,0.432,208
idmap_r2,add,10000,0.433,208
idmap_r2,add,10000,0.434,208
idmap_r2,add,10000,0.435,208
idmap_r2,add,10000,0.436,208
idmap_r2,add,10000,0.437,208
idmap_r2,add,10000,0.438,208
idmap_r2,add,10000,0.439,208
idmap_r2,add,10000,0.44,208
idmap_r2,add,10000,0.441,208
idmap_r2,add,10000,0.442,208
idmap_r2,add,10000,0.443,208
idmap_r2,add,10000,0.444,208
idmap_r2,add,10000,0.445,208
idmap_r2,add,10000,0.446,208
idmap_r2,add,10000,0.447,208
idmap_r2,add,10000,0.448,208
idmap_r2,add,10000,0.449,208
idmap_r2,add,10000,0.45,208
idmap_r2,add,10000,0.451,208
idmap_r2,add,10000,0.452,208
idmap_r2,add,10000,0.453,208
idmap_r2,add,10000,0.454,208
idmap_r2,add,10000,0.455,208
idmap_r2,add,10000,0.456,208
idmap_r2,add,10000,0.457,208
idmap_r2,add,10000,0.458,208
idmap_r2,add,10000,0.459,208
idmap_r2,add,10000,0.46,208
idmap_r2,add,10000,0.461,208
idmap_r2,add,10000,0.462,208
idmap_r2,add,10000,0.463,208
idmap_r2,add,10000,0.464,208
idmap_r2,add,10000,0.465,208
idmap_r2,add,10000,0.466,208
idmap_r2,add,10000,0.467,208
idmap_r2,add,10000,0.468,208
idmap_r2,add,10000,0.469,209
idmap_r2,add,10000,0.47,209
idmap_r2,add,10000,0.471,209
idmap_r2,add,10000,0.472,209
idmap_r2,add,10000,0.473,209
idmap_r2,add,10000,0.474,209
idmap_r2,add,10000,0.475,209
idmap_r2,add,10000,0.476,209
idmap_r2,add,10000,0.477,209
idmap_r2,add,10000,0.478,209
idmap_r2,add,10000,0.479,209
idmap_r2,add,10000,0.48,209
idmap_r2,add,10000,0.481,209
idmap_r2,add,10000,0.482,209
idmap_r2,add,10000,0.483,209
idmap_r2,add,10000,0.484,209
idmap_r2,add,10000,0.485,209
idmap_r2,add,10000,0.486,209
idmap_r2,add,10000,0.487,209
idmap_r2,add,10000,0.488,209
idmap_r2,add,10000,0.489,209
idmap_r2,add,10000,0.49,209
idmap_r2,add,10000,0.491,209
idmap_r2,add,10000,0.492,209
idmap_r2,add,10000,0.493,209
idmap_r2,add,10000,0.494,209
idmap_r2,add,10000,0.495,209
idmap_r2,add,10000,0.496,209
idmap_r2,add,10000,0.497,209
idmap_r2,add,10000,0.498,209
idmap_r2,add,10000,0.499,209
idmap_r2,add,10000,0.5,209
idmap_r2,add,10000,0.501,209
idmap_r2,add,10000,0.502,209
idmap_r2,add,10000,0.503,209
idmap_r2,add,10000,0.504,209
idmap_r2,add,10000,0.505,209
idmap_r2,add,10000,0.506,209
idmap_r2,add,10000,0.507,209
idmap_r2,add,10000,0.508,209
idmap_r2,add,10000,0.509,209
idmap_r2,add,10000,0.51,209
idmap_r2,add,10000,0.511,250
idmap_r2,add,10000,0.512,250
idmap_r2,add,10000,0.513,250
idmap_r2,add,10000,0.514,250
idmap_r2,add,10000,0.515,250
idmap_r2,add,10000,0.516,250
idmap_r2,add,10000,0.517,250
idmap_r2,add,10000,0.518,250
idmap_r2,add,10000,0.519,250
idmap_r2,add,10000,0.52,250
idmap_r2,add,10000,0.521,250
idmap_r2,add,10000,0.522,250
idmap_r2,add,10000,0.523,250
idmap_r2,add,10000,0.524,250
idmap_r2,add,10000,0.525,250
idmap_r2,add,10000,0.526,250
idmap_r2,add,10000,0.527,250
idmap_r2,add,10000,0.528,250
idmap_r2,add,10000,0.529,250
idmap_r2,add,10000,0.53,250
idmap_r2,add,10000,0.531,250
idmap_r2,add,10000,0.532,250
idmap_r2,add,10000,0.533,250
idmap_r2,add,10000,0.534,250
idmap_r2,add,10000,0.535,250
idmap_r2,add,10000,0.536,250
idmap_r2,add,10000,0.537,250
idmap_r2,add,10000,0.538,250
idmap_r2,add,10000,0.539,250
idmap_r2,add,10000,0.54,250
idmap_r2,add,10000,0.541,250
idmap_r2,add,10000,0.542,250
idmap_r2,add,10000,0.543,250
idmap_r2,add,10000,0.544,250
idmap_r2,add,10000,0.545,250
idmap_r2,add,10000,0.546,250
idmap_r2,add,10000,0.547,250
idmap_r2,add,10000,0.548,250
idmap_r2,add,10000,0.549,250
idmap_r2,add,10000,0.55,250
idmap_r2,add,10000,0.551,250
idmap_r2,add,10000,0.552,250
idmap_r2,add,10000,0.553,250
idmap_r2,add,10000,0.554,250
idmap_r2,add,10000,0.555,250
idmap_r2,add,10000,0.556,250
idmap_r2,add,10000,0.557,250
idmap_r2,add,10000,0.558,250
idmap_r2,add,10000,0.559,250
idmap_r2,add,10000,0.56,250
idmap_r2,add,10000,0.561,250
idmap_r2,add,10000,0.562,250
idmap_r2,add,10000,0.563,250
idmap_r2,add,10000,0.564,250
idmap_r2,add,10000,0.565,250
idmap_r2,add,10000,0.566,250
idmap_r2,add,10000,0.567,250
idmap_r2,add,10000,0.568,250
idmap_r2,add,10000,0.569,250
idmap_r2,add,10000,0.57,250
idmap_r2,add,10000,0.571,250
idmap_r2,add,10000,0.572,250
idmap_r2,add,10000,0.573,250
idmap_r2,add,10000,0.574,250
idmap_r2,add,10000,0.575,250
idmap_r2,add,10000,0.576,250
idmap_r2,add,10000,0.577,250
idmap_r2,add,10000,0.578,250
idmap_r2,add,10000,0.579,250
idmap_r2,add,10000,0.58,250
idmap_r2,add,10000,0.581,250
idmap_r2,add,10000,0.582,250
idmap_r2,add,10000,0.583,250
idmap_r2,add,10000,0.584,250
idmap_r2,add,10000,0.585,250
idmap_r2,add,10000,0.586,250
idmap_r2,add,10000,0.587,250
idmap_r2,add,10000,0.588,250
idmap_r2,add,10000,0.589,250
idmap_r2,add,10000,0.59,250
idmap_r2,add,10000,0.591,250
idmap_r2,add,10000,0.592,250
idmap_r2,add,10000,0.593,250
idmap_r2,add,10000,0.594,250
idmap_r2,add,10000,0.595,250
idmap_r2,add,10000,0.596,250
idmap_r2,add,10000,0.597,250
idmap_r2,add,10000,0.598,250
idmap_r2,add,10000,0.599,250
idmap_r2,add,10000,0.6,250
idmap_r2,add,10000,0.601,250
idmap_r2,add,10000,0.602,250
idmap_r2,add,10000,0.603,250
idmap_r2,add,10000,0.604,250
idmap_r2,add,10000,0.605,250
idmap_r2,add,10000,0.606,250
idmap_r2,add,10000,0.607,250
idmap_r2,add,10000,0.608,250
idmap_r2,add,10000,0.609,250
idmap_r2,add,10000,0.61,250
idmap_r2,add,10000,0.611,250
idmap_r2,add,10000,0.612,250
idmap_r2,add,10000,0.613,250
idmap_r2,add,10000,0.614,250
idmap_r2,add,10000,0.615,250
idmap_r2,add,10000,0.616,250
idmap_r2,add,10000,0.617,250
idmap_r2,add,10000,0.618,250
idmap_r2,add,10000,0.619,250
idmap_r2,add,10000,0.62,250
idmap_r2,add,10000,0.621,250
idmap_r2,add,10000,0.622,250
idmap_r2,add,10000,0.623,250
idmap_r2,add,10000,0.624,250
idmap_r2,add,10000,0.625,250
idmap_r2,add,10000,0.626,250
idmap_r2,add,10000,0.627,250
idmap_r2,add,10000,0.628,250
idmap_r2,add,10000,0.629,250
idmap_r2,add,10000,0.63,250
idmap_r2,add,10000,0.631,250
idmap_r2,add,10000,0.632,250
idmap_r2,add,10000,0.633,250
idmap_r2,add,10000,0.634,250
idmap_r2,add,10000,0.635,250
idmap_r2,add,10000,0.636,250
idmap_r2,add,10000,0.637,250
idmap_r2,add,10000,0.638,250
idmap_r2,add,10000,0.639,250
idmap_r2,add,10000,0.64,250
idmap_r2,add,10000,0.641,250
idmap_r2,add,10000,0.642,250
idmap_r2,add,10000,0.643,250
idmap_r2,add,10000,0.644,250
idmap_r2,add,10000,0.645,250
idmap_r2,add,10000,0.646,250
idmap_r2,add,10000,0.647,250
idmap_r2,add,10000,0.648,250
idmap_r2,add,10000,0.649,250
idmap_r2,add,10000,0.65,250
idmap_r2,add,10000,0.651,250
idmap_r2,add,10000,0.652,250
idmap_r2,add,10000,0.653,250
idmap_r2,add,10000,0.654,250
idmap_r2,add,10000,0.655,250
idmap_r2,add,10000,0.656,250
idmap_r2,add,10000,0.657,250
idmap_r2,add,10000,0.658,250
idmap_r2,add,10000,0.659,250
idmap_r2,add,10000,0.66,250
idmap_r2,add,10000,0.661,250
idmap_r2,add,10000,0.662,250
idmap_r2,add,10000,0.663,250
idmap_r2,add,10000,0.664,250
idmap_r2,add,10000,0.665,250
idmap_r2,add,10000,0.666,250
idmap_r2,add,10000,0.667,250
idmap_r2,add,10000,0.668,250
idmap_r2,add,10000,0.669,250
idmap_r2,add,10000,0.67,250
idmap_r2,add,10000,0.671,250
idmap_r2,add,10000,0.672,250
idmap_r2,add,10000,0.673,250
idmap_r2,add,10000,0.674,250
idmap_r2,add,10000,0.675,250
idmap_r2,add,10000,0.676,250
idmap_r2,add,10000,0.677,250
idmap_r2,add,10000,0.678,250
idmap_r2,add,10000,0.679,250
idmap_r2,add,10000,0.68,250
idmap_r2,add,10000,0.681,250
idmap_r2,add,10000,0.682,250
idmap_r2,add,10000,0.683,250
idmap_r2,add,10000,0.684,250
idmap_r2,add,10000,0.685,250
idmap_r2,add,10000,0.686,250
idmap_r2,add,10000,0.687,250
idmap_r2,add,10000,0.688,250
idmap_r2,add,10000,0.689,250
idmap_r2,add,10000,0.69,250
idmap_r2,add,10000,0.691,291
idmap_r2,add,10000,0.692,291
idmap_r2,add,10000,0.693,291
idmap_r2,add,10000,0.694,291
idmap_r2,add,10000,0.695,291
idmap_r2,add,10000,0.696,291
idmap_r2,add,10000,0.697,291
idmap_r2,add,10000,0.698,291
idmap_r2,add,10000,0.699,291
idmap_r2,add,10000,0.7,291
idmap_r2,add,10000,0.701,291
idmap_r2,add,10000,0.702,291
idmap_r2,add,10000,0.703,291
idmap_r2,add,10000,0.704,291
idmap_r2,add,10000,0.705,291
idmap_r2,add,10000,0.706,291
idmap_r2,add,10000,0.707,291
idmap_r2,add,10000,0.708,291
idmap_r2,add,10000,0.709,291
idmap_r2,add,10000,0.71,291
idmap_r2,add,10000,0.711,291
idmap_r2,add,10000,0.712,291
idmap_r2,add,10000,0.713,291
idmap_r2,add,10000,0.714,291
idmap_r2,add,10000,0.715,291
idmap_r2,add,10000,0.716,291
idmap_r2,add,10000,0.717,291
idmap_r2,add,10000,0.718,291
idmap_r2,add,10000,0.719,291
idmap_r2,add,10000,0.72,291
idmap_r2,add,10000,0.721,291
idmap_r2,add,10000,0.722,291
idmap_r2,add,10000,0.723,291
idmap_r2,add,10000,0.724,292
idmap_r2,add,10000,0.725,292
idmap_r2,add,10000,0.726,292
idmap_r2,add,10000,0.727,292
idmap_r2,add,10000,0.728,292
idmap_r2,add,10000,0.729,292
idmap_r2,add,10000,0.73,292
idmap_r2,add,10000,0.731,292
idmap_r2,add,10000,0.732,292
idmap_r2,add,10000,0.733,292
idmap_r2,add,10000,0.734,292
idmap_r2,add,10000,0.735,292
idmap_r2,add,10000,0.736,292
idmap_r2,add,10000,0.737,292
idmap_r2,add,10000,0.738,292
idmap_r2,add,10000,0.739,292
idmap_r2,add,10000,0.74,292
idmap_r2,add,10000,0.741,292
idmap_r2,add,10000,0.742,292
idmap_r2,add,10000,0.743,292
idmap_r2,add,10000,0.744,292
idmap_r2,add,10000,0.745,292
idmap_r2,add,10000,0.746,292
idmap_r2,add,10000,0.747,292
idmap_r2,add,10000,0.748,292
idmap_r2,add,10000,0.749,292
idmap_r2,add,10000,0.75,292
idmap_r2,add,10000,0.751,292
idmap_r2,add,10000,0.752,292
idmap_r2,add,10000,0.753,292
idmap_r2,add,10000,0.754,292
idmap_r2,add,10000,0.755,292
idmap_r2,add,10000,0.756,292
idmap_r2,add,10000,0.757,292
idmap_r2,add,10000,0.758,292
idmap_r2,add,10000,0.759,292
idmap_r2,add,10000,0.76,292
idmap_r2,add,10000,0.761,292
idmap_r2,add,10000,0.762,292
idmap_r2,add,10000,0.763,292
idmap_r2,add,10000,0.764,292
idmap_r2,add,10000,0.765,292
idmap_r2,add,10000,0.766,292
idmap_r2,add,10000,0.767,292
idmap_r2,add,10000,0.768,292
idmap_r2,add,10000,0.769,292
idmap_r2,add,10000,0.77,292
idmap_r2,add,10000,0.771,292
idmap_r2,add,10000,0.772,292
idmap_r2,add,10000,0.773,292
idmap_r2,add,10000,0.774,292
idmap_r2,add,10000,0.775,292
idmap_r2,add,10000,0.776,292
idmap_r2,add,10000,0.777,292
idmap_r2,add,10000,0.778,292
idmap_r2,add,10000,0.779,292
idmap_r2,add,10000,0.78,292
idmap_r2,add,10000,0.781,292
idmap_r2,add,10000,0.782,292
idmap_r2,add,10000,0.783,292
idmap_r2,add,10000,0.784,292
idmap_r2,add,10000,0.785,292
idmap_r2,add,10000,0.786,292
idmap_r2,add,10000,0.787,292
idmap_r2,add,10000,0.788,292
idmap_r2,add,10000,0.789,292
idmap_r2,add,10000,0.79,333
idmap_r2,add,10000,0.791,333
idmap_r2,add,10000,0.792,333
idmap_r2,add,10000,0.793,333
idmap_r2,add,10000,0.794,333
idmap_r2,add,10000,0.795,333
idmap_r2,add,10000,0.796,333
idmap_r2,add,10000,0.797,333
idmap_r2,add,10000,0.798,333
idmap_r2,add,10000,0.799,333
idmap_r2,add,10000,0.8,333
idmap_r2,add,10000,0.801,333
idmap_r2,add,10000,0.802,333
idmap_r2,add,10000,0.803,333
idmap_r2,add,10000,0.804,333
idmap_r2,add,10000,0.805,333
idmap_r2,add,10000,0.806,333
idmap_r2,add,10000,0.807,333
idmap_r2,add,10000,0.808,333
idmap_r2,add,10000,0.809,333
idmap_r2,add,10000,0.81,333
idmap_r2,add,10000,0.811,333
idmap_r2,add,10000,0.812,333
idmap_r2,add,10000,0.813,333
idmap_r2,add,10000,0.814,333
idmap_r2,add,10000,0.815,333
idmap_r2,add,10000,0.816,333
idmap_r2,add,10000,0.817,333
idmap_r2,add,10000,0.818,333
idmap_r2,add,10000,0.819,333
idmap_r2,add,10000,0.82,333
idmap_r2,add,10000,0.821,333
idmap_r2,add,10000,0.822,333
idmap_r2,add,10000,0.823,333
idmap_r2,add,10000,0.824,333
idmap_r2,add,10000,0.825,333
idmap_r2,add,10000,0.826,333
idmap_r2,add,10000,0.827,333
idmap_r2,add,10000,0.828,333
idmap_r2,add,10000,0.829,333
idmap_r2,add,10000,0.83,333
idmap_r2,add,10000,0.831,333
idmap_r2,add,10000,0.832,333
idmap_r2,add,10000,0.833,333
idmap_r2,add,10000,0.834,333
idmap_r2,add,10000,0.835,334
idmap_r2,add,10000,0.836,334
idmap_r2,add,10000,0.837,334
idmap_r2,add,10000,0.838,334
idmap_r2,add,10000,0.839,334
idmap_r2,add,10000,0.84,334
idmap_r2,add,10000,0.841,334
idmap_r2,add,10000,0.842,334
idmap_r2,add,10000,0.843,334
idmap_r2,add,10000,0.844,334
idmap_r2,add,10000,0.845,334
idmap_r2,add,10000,0.846,334
idmap_r2,add,10000,0.847,334
idmap_r2,add,10000,0.848,334
idmap_r2,add,10000,0.849,334
idmap_r2,add,10000,0.85,334
idmap_r2,add,10000,0.851,334
idmap_r2,add,10000,0.852,334
idmap_r2,add,10000,0.853,334
idmap_r2,add,10000,0.854,334
idmap_r2,add,10000,0.855,334
idmap_r2,add,10000,0.856,334
idmap_r2,add,10000,0.857,375
idmap_r2,add,10000,0.858,375
idmap_r2,add,10000,0.859,375
idmap_r2,add,10000,0.86,375
idmap_r2,add,10000,0.861,375
idmap_r2,add,10000,0.862,375
idmap_r2,add,10000,0.863,375
idmap_r2,add,10000,0.864,375
idmap_r2,add,10000,0.865,375
idmap_r2,add,10000,0.866,375
idmap_r2,add,10000,0.867,375
idmap_r2,add,10000,0.868,375
idmap_r2,add,10000,0.869,375
idmap_r2,add,10000,0.87,375
idmap_r2,add,10000,0.871,375
idmap_r2,add,10000,0.872,375
idmap_r2,add,10000,0.873,375
idmap_r2,add,10000,0.874,375
idmap_r2,add,10000,0.875,375
idmap_r2,add,10000,0.876,375
idmap_r2,add,10000,0.877,375
idmap_r2,add,10000,0.878,375
idmap_r2,add,10000,0.879,375
idmap_r2,add,10000,0.88,375
idmap_r2,add,10000,0.881,375
idmap_r2,add,10000,0.882,375
idmap_r2,add,10000,0.883,375
idmap_r2,add,10000,0.884,375
idmap_r2,add,10000,0.885,375
idmap_r2,add,10000,0.886,375
idmap_r2,add,10000,0.887,375
idmap_r2,add,10000,0.888,375
idmap_r2,add,10000,0.889,375
idmap_r2,add,10000,0.89,375
idmap_r2,add,10000,0.891,375
idmap_r2,add,10000,0.892,375
idmap_r2,add,10000,0.893,375
idmap_r2,add,10000,0.894,375
idmap_r2,add,10000,0.895,375
idmap_r2,add,10000,0.896,375
idmap_r2,add,10000,0.897,375
idmap_r2,add,10000,0.898,375
idmap_r2,add,10000,0.899,416
idmap_r2,add,10000,0.9,416
idmap_r2,add,10000,0.901,416
idmap_r2,add,10000,0.902,416
idmap_r2,add,10000,0.903,416
idmap_r2,add,10000,0.904,416
idmap_r2,add,10000,0.905,416
idmap_r2,add,10000,0.906,416
idmap_r2,add,10000,0.907,416
idmap_r2,add,10000,0.908,416
idmap_r2,add,10000,0.909,416
idmap_r2,add,10000,0.91,417
idmap_r2,add,10000,0.911,417
idmap_r2,add,10000,0.912,417
idmap_r2,add,10000,0.913,417
idmap_r2,add,10000,0.914,417
idmap_r2,add,10000,0.915,417
idmap_r2,add,10000,0.916,417
idmap_r2,add,10000,0.917,417
idmap_r2,add,10000,0.918,417
idmap_r2,add,10000,0.919,417
idmap_r2,add,10000,0.92,417
idmap_r2,add,10000,0.921,417
idmap_r2,add,10000,0.922,417
idmap_r2,add,10000,0.923,417
idmap_r2,add,10000,0.924,417
idmap_r2,add,10000,0.925,417
idmap_r2,add,10000,0.926,417
idmap_r2,add,10000,0.927,417
idmap_r2,add,10000,0.928,417
idmap_r2,add,10000,0.929,417
idmap_r2,add,10000,0.93,417
idmap_r2,add,10000,0.931,417
idmap_r2,add,10000,0.932,458
idmap_r2,add,10000,0.933,458
idmap_r2,add,10000,0.934,458
idmap_r2,add,10000,0.935,458
idmap_r2,add,10000,0.936,458
idmap_r2,add,10000,0.937,458
idmap_r2,add,10000,0.938,458
idmap_r2,add,10000,0.939,458
idmap_r2,add,10000,0.94,458
idmap_r2,add,10000,0.941,458
idmap_r2,add,10000,0.942,458
idmap_r2,add,10000,0.943,458
idmap_r2,add,10000,0.944,458
idmap_r2,add,10000,0.945,458
idmap_r2,add,10000,0.946,459
idmap_r2,add,10000,0.947,459
idmap_r2,add,10000,0.948,459
idmap_r2,add,10000,0.949,459
idmap_r2,add,10000,0.95,459
idmap_r2,add,10000,0.951,459
idmap_r2,add,10000,0.952,459
idmap_r2,add,10000,0.953,500
idmap_r2,add,10000,0.954,500
idmap_r2,add,10000,0.955,500
idmap_r2,add,10000,0.956,500
idmap_r2,add,10000,0.957,500
idmap_r2,add,10000,0.958,500
idmap_r2,add,10000,0.959,500
idmap_r2,add,10000,0.96,500
idmap_r2,add,10000,0.961,500
idmap_r2,add,10000,0.962,500
idmap_r2,add,10000,0.963,500
idmap_r2,add,10000,0.964,500
idmap_r2,add,10000,0.965,500
idmap_r2,add,10000,0.966,500
idmap_r2,add,10000,0.967,541
idmap_r2,add,10000,0.968,541
idmap_r2,add,10000,0.969,541
idmap_r2,add,10000,0.97,542
idmap_r2,add,10000,0.971,542
idmap_r2,add,10000,0.972,542
idmap_r2,add,10000,0.973,542
idmap_r2,add,10000,0.974,542
idmap_r2,add,10000,0.975,542
idmap_r2,add,10000,0.976,583
idmap_r2,add,10000,0.977,583
idmap_r2,add,10000,0.978,583
idmap_r2,add,10000,0.979,583
idmap_r2,add,10000,0.98,584
idmap_r2,add,10000,0.981,584
idmap_r2,add,10000,0.982,625
idmap_r2,add,10000,0.983,625
idmap_r2,add,10000,0.984,625
idmap_r2,add,10000,0.985,625
idmap_r2,add,10000,0.986,666
idmap_r2,add,10000,0.987,667
idmap_r2,add,10000,0.988,667
idmap_r2,add,10000,0.989,708
idmap_r2,add,10000,0.99,709
idmap_r2,add,10000,0.991,750
idmap_r2,add,10000,0.992,750
idmap_r2,add,10000,0.993,792
idmap_r2,add,10000,0.994,834
idmap_r2,add,10000,0.995,917
idmap_r2,add,10000,0.996,1084
idmap_r2,add,10000,0.997,1500
idmap_r2,add,10000,0.998,3167
idmap_r2,add,10000,0.999,15541
idmap_r2,cancel,10000,0,41
idmap_r2,cancel,10000,0.001,42
idmap_r2,cancel,10000,0.002,83
idmap_r2,cancel,10000,0.003,83
idmap_r2,cancel,10000,0.004,83
idmap_r2,cancel,10000,0.005,83
idmap_r2,cancel,10000,0.006,83
idmap_r2,cancel,10000,0.007,84
idmap_r2,cancel,10000,0.008,84
idmap_r2,cancel,10000,0.009,84
idmap_r2,cancel,10000,0.01,125
idmap_r2,cancel,10000,0.011,125
idmap_r2,cancel,10000,0.012,125
idmap_r2,cancel,10000,0.013,125
idmap_r2,cancel,10000,0.014,125
idmap_r2,cancel,10000,0.015,125
idmap_r2,cancel,10000,0.016,125
idmap_r2,cancel,10000,0.017,125
idmap_r2,cancel,10000,0.018,125
idmap_r2,cancel,10000,0.019,125
idmap_r2,cancel,10000,0.02,125
idmap_r2,cancel,10000,0.021,125
idmap_r2,cancel,10000,0.022,125
idmap_r2,cancel,10000,0.023,125
idmap_r2,cancel,10000,0.024,125
idmap_r2,cancel,10000,0.025,125
idmap_r2,cancel,10000,0.026,125
idmap_r2,cancel,10000,0.027,125
idmap_r2,cancel,10000,0.028,125
idmap_r2,cancel,10000,0.029,125
idmap_r2,cancel,10000,0.03,125
idmap_r2,cancel,10000,0.031,125
idmap_r2,cancel,10000,0.032,166
idmap_r2,cancel,10000,0.033,166
idmap_r2,cancel,10000,0.034,166
idmap_r2,cancel,10000,0.035,166
idmap_r2,cancel,10000,0.036,166
idmap_r2,cancel,10000,0.037,166
idmap_r2,cancel,10000,0.038,166
idmap_r2,cancel,10000,0.039,166
idmap_r2,cancel,10000,0.04,166
idmap_r2,cancel,10000,0.041,166
idmap_r2,cancel,10000,0.042,166
idmap_r2,cancel,10000,0.043,166
idmap_r2,cancel,10000,0.044,166
idmap_r2,cancel,10000,0.045,166
idmap_r2,cancel,10000,0.046,166
idmap_r2,cancel,10000,0.047,166
idmap_r2,cancel,10000,0.048,166
idmap_r2,cancel,10000,0.049,166
idmap_r2,cancel,10000,0.05,166
idmap_r2,cancel,10000,0.051,166
idmap_r2,cancel,10000,0.052,166
idmap_r2,cancel,10000,0.053,166
idmap_r2,cancel,10000,0.054,166
idmap_r2,cancel,10000,0.055,166
idmap_r2,cancel,10000,0.056,166
idmap_r2,cancel,10000,0.057,166
idmap_r2,cancel,10000,0.058,166
idmap_r2,cancel,10000,0.059,166
idmap_r2,cancel,10000,0.06,166
idmap_r2,cancel,10000,0.061,166
idmap_r2,cancel,10000,0.062,166
idmap_r2,cancel,10000,0.063,166
idmap_r2,cancel,10000,0.064,166
idmap_r2,cancel,10000,0.065,167
idmap_r2,cancel,10000,0.066,167
idmap_r2,cancel,10000,0.067,167
idmap_r2,cancel,10000,0.068,167
idmap_r2,cancel,10000,0.069,167
idmap_r2,cancel,10000,0.07,167
idmap_r2,cancel,10000,0.071,167
idmap_r2,cancel,10000,0.072,167
idmap_r2,cancel,10000,0.073,167
idmap_r2,cancel,10000,0.074,167
idmap_r2,cancel,10000,0.075,167
idmap_r2,cancel,10000,0.076,167
idmap_r2,cancel,10000,0.077,167
idmap_r2,cancel,10000,0.078,167
idmap_r2,cancel,10000,0.079,167
idmap_r2,cancel,10000,0.08,167
idmap_r2,cancel,10000,0.081,167
idmap_r2,cancel,10000,0.082,167
idmap_r2,cancel,10000,0.083,167
idmap_r2,cancel,10000,0.084,167
idmap_r2,cancel,10000,0.085,167
idmap_r2,cancel,10000,0.086,167
idmap_r2,cancel,10000,0.087,167
idmap_r2,cancel,10000,0.088,167
idmap_r2,cancel,10000,0.089,167
idmap_r2,cancel,10000,0.09,167
idmap_r2,cancel,10000,0.091,167
idmap_r2,cancel,10000,0.092,167
idmap_r2,cancel,10000,0.093,167
idmap_r2,cancel,10000,0.094,167
idmap_r2,cancel,10000,0.095,167
idmap_r2,cancel,10000,0.096,167
idmap_r2,cancel,10000,0.097,167
idmap_r2,cancel,10000,0.098,167
idmap_r2,cancel,10000,0.099,167
idmap_r2,cancel,10000,0.1,167
idmap_r2,cancel,10000,0.101,167
idmap_r2,cancel,10000,0.102,167
idmap_r2,cancel,10000,0.103,167
idmap_r2,cancel,10000,0.104,167
idmap_r2,cancel,10000,0.105,167
idmap_r2,cancel,10000,0.106,167
idmap_r2,cancel,10000,0.107,167
idmap_r2,cancel,10000,0.108,167
idmap_r2,cancel,10000,0.109,167
idmap_r2,cancel,10000,0.11,167
idmap_r2,cancel,10000,0.111,167
idmap_r2,cancel,10000,0.112,167
idmap_r2,cancel,10000,0.113,167
idmap_r2,cancel,10000,0.114,167
idmap_r2,cancel,10000,0.115,167
idmap_r2,cancel,10000,0.116,167
idmap_r2,cancel,10000,0.117,167
idmap_r2,cancel,10000,0.118,167
idmap_r2,cancel,10000,0.119,167
idmap_r2,cancel,10000,0.12,167
idmap_r2,cancel,10000,0.121,167
idmap_r2,cancel,10000,0.122,167
idmap_r2,cancel,10000,0.123,167
idmap_r2,cancel,10000,0.124,167
idmap_r2,cancel,10000,0.125,167
idmap_r2,cancel,10000,0.126,167
idmap_r2,cancel,10000,0.127,167
idmap_r2,cancel,10000,0.128,167
idmap_r2,cancel,10000,0.129,167
idmap_r2,cancel,10000,0.13,167
idmap_r2,cancel,10000,0.131,167
idmap_r2,cancel,10000,0.132,167
idmap_r2,cancel,10000,0.133,208
idmap_r2,cancel,10000,0.134,208
idmap_r2,cancel,10000,0.135,208
idmap_r2,cancel,10000,0.136,208
idmap_r2,cancel,10000,0.137,208
idmap_r2,cancel,10000,0.138,208
idmap_r2,cancel,10000,0.139,208
idmap_r2,cancel,10000,0.14,208
idmap_r2,cancel,10000,0.141,208
idmap_r2,cancel,10000,0.142,208
idmap_r2,cancel,10000,0.143,208
idmap_r2,cancel,10000,0.144,208
idmap_r2,cancel,10000,0.145,208
idmap_r2,cancel,10000,0.146,208
idmap_r2,cancel,10000,0.147,208
idmap_r2,cancel,10000,0.148,208
idmap_r2,cancel,10000,0.149,208
idmap_r2,cancel,10000,0.15,208
idmap_r2,cancel,10000,0.151,208
idmap_r2,cancel,10000,0.152,208
idmap_r2,cancel,10000,0.153,208
idmap_r2,cancel,10000,0.154,208
idmap_r2,cancel,10000,0.155,208
idmap_r2,cancel,10000,0.156,208
idmap_r2,cancel,10000,0.157,208
idmap_r2,cancel,10000,0.158,208
idmap_r2,cancel,10000,0.159,208
idmap_r2,cancel,10000,0.16,208
idmap_r2,cancel,10000,0.161,208
idmap_r2,cancel,10000,0.162,208
idmap_r2,cancel,10000,0.163,208
idmap_r2,cancel,10000,0.164,208
idmap_r2,cancel,10000,0.165,208
idmap_r2,cancel,10000,0.166,208
idmap_r2,cancel,10000,0.167,208
idmap_r2,cancel,10000,0.168,208
idmap_r2,cancel,10000,0.169,208
idmap_r2,cancel,10000,0.17,208
idmap_r2,cancel,10000,0.171,208
idmap_r2,cancel,10000,0.172,208
idmap_r2,cancel,10000,0.173,208
idmap_r2,cancel,10000,0.174,208
idmap_r2,cancel,10000,0.175,208
idmap_r2,cancel,10000,0.176,208
idmap_r2,cancel,10000,0.177,208
idmap_r2,cancel,10000,0.178,208
idmap_r2,cancel,10000,0.179,208
idmap_r2,cancel,10000,0.18,208
idmap_r2,cancel,10000,0.181,208
idmap_r2,cancel,10000,0.182,208
idmap_r2,cancel,10000,0.183,208
idmap_r2,cancel,10000,0.184,208
idmap_r2,cancel,10000,0.185,208
idmap_r2,cancel,10000,0.186,208
idmap_r2,cancel,10000,0.187,208
idmap_r2,cancel,10000,0.188,208
idmap_r2,cancel,10000,0.189,208
idmap_r2,cancel,10000,0.19,208
idmap_r2,cancel,10000,0.191,208
idmap_r2,cancel,10000,0.192,208
idmap_r2,cancel,10000,0.193,208
idmap_r2,cancel,10000,0.194,208
idmap_r2,cancel,10000,0.195,208
idmap_r2,cancel,10000,0.196,208
idmap_r2,cancel,10000,0.197,208
idmap_r2,cancel,10000,0.198,208
idmap_r2,cancel,10000,0.199,208
idmap_r2,cancel,10000,0.2,208
idmap_r2,cancel,10000,0.201,208
idmap_r2,cancel,10000,0.202,208
idmap_r2,cancel,10000,0.203,208
idmap_r2,cancel,10000,0.204,208
idmap_r2,cancel,10000,0.205,208
idmap_r2,cancel,10000,0.206,208
idmap_r2,cancel,10000,0.207,208
idmap_r2,cancel,10000,0.208,208
idmap_r2,cancel,10000,0.209,208
idmap_r2,cancel,10000,0.21,208
idmap_r2,cancel,10000,0.211,208
idmap_r2,cancel,10000,0.212,208
idmap_r2,cancel,10000,0.213,208
idmap_r2,cancel,10000,0.214,208
idmap_r2,cancel,10000,0.215,208
idmap_r2,cancel,10000,0.216,208
idmap_r2,cancel,10000,0.217,208
idmap_r2,cancel,10000,0.218,208
idmap_r2,cancel,10000,0.219,208
idmap_r2,cancel,10000,0.22,208
idmap_r2,cancel,10000,0.221,208
idmap_r2,cancel,10000,0.222,208
idmap_r2,cancel,10000,0.223,208
idmap_r2,cancel,10000,0.224,208
idmap_r2,cancel,10000,0.225,208
idmap_r2,cancel,10000,0.226,208
idmap_r2,cancel,10000,0.227,208
idmap_r2,cancel,10000,0.228,208
idmap_r2,cancel,10000,0.229,208
idmap_r2,cancel,10000,0.23,208
idmap_r2,cancel,10000,0.231,208
idmap_r2,cancel,10000,0.232,208
idmap_r2,cancel,10000,0.233,208
idmap_r2,cancel,10000,0.234,208
idmap_r2,cancel,10000,0.235,208
idmap_r2,cancel,10000,0.236,208
idmap_r2,cancel,10000,0.237,208
idmap_r2,cancel,10000,0.238,208
idmap_r2,cancel,10000,0.239,208
idmap_r2,cancel,10000,0.24,208
idmap_r2,cancel,10000,0.241,208
idmap_r2,cancel,10000,0.242,208
idmap_r2,cancel,10000,0.243,208
idmap_r2,cancel,10000,0.244,208
idmap_r2,cancel,10000,0.245,208
idmap_r2,cancel,10000,0.246,208
idmap_r2,cancel,10000,0.247,208
idmap_r2,cancel,10000,0.248,208
idmap_r2,cancel,10000,0.249,208
idmap_r2,cancel,10000,0.25,208
idmap_r2,cancel,10000,0.251,208
idmap_r2,cancel,10000,0.252,208
idmap_r2,cancel,10000,0.253,208
idmap_r2,cancel,10000,0.254,208
idmap_r2,cancel,10000,0.255,208
idmap_r2,cancel,10000,0.256,208
idmap_r2,cancel,10000,0.257,208
idmap_r2,cancel,10000,0.258,208
idmap_r2,cancel,10000,0.259,208
idmap_r2,cancel,10000,0.26,208
idmap_r2,cancel,10000,0.261,208
idmap_r2,cancel,10000,0.262,208
idmap_r2,cancel,10000,0.263,208
idmap_r2,cancel,10000,0.264,208
idmap_r2,cancel,10000,0.265,208
idmap_r2,cancel,10000,0.266,209
idmap_r2,cancel,10000,0.267,209
idmap_r2,cancel,10000,0.268,209
idmap_r2,cancel,10000,0.269,209
idmap_r2,cancel,10000,0.27,209
idmap_r2,cancel,10000,0.271,209
idmap_r2,cancel,10000,0.272,209
idmap_r2,cancel,10000,0.273,209
idmap_r2,cancel,10000,0.274,209
idmap_r2,cancel,10000,0.275,209
idmap_r2,cancel,10000,0.276,209
idmap_r2,cancel,10000,0.277,209
idmap_r2,cancel,10000,0.278,209
idmap_r2,cancel,10000,0.279,209
idmap_r2,cancel,10000,0.28,209
idmap_r2,cancel,10000,0.281,209
idmap_r2,cancel,10000,0.282,209
idmap_r2,cancel,10000,0.283,209
idmap_r2,cancel,10000,0.284,209
idmap_r2,cancel,10000,0.285,209
idmap_r2,cancel,10000,0.286,209
idmap_r2,cancel,10000,0.287,209
idmap_r2,cancel,10000,0.288,209
idmap_r2,cancel,10000,0.289,209
idmap_r2,cancel,10000,0.29,209
idmap_r2,cancel,10000,0.291,209
idmap_r2,cancel,10000,0.292,209
idmap_r2,cancel,10000,0.293,209
idmap_r2,cancel,10000,0.294,209
idmap_r2,cancel,10000,0.295,209
idmap_r2,cancel,10000,0.296,209
idmap_r2,cancel,10000,0.297,209
idmap_r2,cancel,10000,0.298,209
idmap_r2,cancel,10000,0.299,209
idmap_r2,cancel,10000,0.3,209
idmap_r2,cancel,10000,0.301,209
idmap_r2,cancel,10000,0.302,209
idmap_r2,cancel,10000,0.303,209
idmap_r2,cancel,10000,0.304,209
idmap_r2,cancel,10000,0.305,209
idmap_r2,cancel,10000,0.306,209
idmap_r2,cancel,10000,0.307,209
idmap_r2,cancel,10000,0.308,209
idmap_r2,cancel,10000,0.309,209
idmap_r2,cancel,10000,0.31,209
idmap_r2,cancel,10000,0.311,209
idmap_r2,cancel,10000,0.312,209
idmap_r2,cancel,10000,0.313,209
idmap_r2,cancel,10000,0.314,209
idmap_r2,cancel,10000,0.315,209
idmap_r2,cancel,10000,0.316,209
idmap_r2,cancel,10000,0.317,209
idmap_r2,cancel,10000,0.318,209
idmap_r2,cancel,10000,0.319,209
idmap_r2,cancel,10000,0.32,209
idmap_r2,cancel,10000,0.321,209
idmap_r2,cancel,10000,0.322,209
idmap_r2,cancel,10000,0.323,209
idmap_r2,cancel,10000,0.324,209
idmap_r2,cancel,10000,0.325,209
idmap_r2,cancel,10000,0.326,209
idmap_r2,cancel,10000,0.327,209
idmap_r2,cancel,10000,0.328,209
idmap_r2,cancel,10000,0.329,209
idmap_r2,cancel,10000,0.33,209
idmap_r2,cancel,10000,0.331,209
idmap_r2,cancel,10000,0.332,250
idmap_r2,cancel,10000,0.333,250
idmap_r2,cancel,10000,0.334,250
idmap_r2,cancel,10000,0.335,250
idmap_r2,cancel,10000,0.336,250
idmap_r2,cancel,10000,0.337,250
idmap_r2,cancel,10000,0.338,250
idmap_r2,cancel,10000,0.339,250
idmap_r2,cancel,10000,0.34,250
idmap_r2,cancel,10000,0.341,250
idmap_r2,cancel,10000,0.342,250
idmap_r2,cancel,10000,0.343,250
idmap_r2,cancel,10000,0.344,250
idmap_r2,cancel,10000,0.345,250
idmap_r2,cancel,10000,0.346,250
idmap_r2,cancel,10000,0.347,250
idmap_r2,cancel,10000,0.348,250
idmap_r2,cancel,10000,0.349,250
idmap_r2,cancel,10000,0.35,250
idmap_r2,cancel,10000,0.351,250
idmap_r2,cancel,10000,0.352,250
idmap_r2,cancel,10000,0.353,250
idmap_r2,cancel,10000,0.354,250
idmap_r2,cancel,10000,0.355,250
idmap_r2,cancel,10000,0.356,250
idmap_r2,cancel,10000,0.357,250
idmap_r2,cancel,10000,0.358,250
idmap_r2,cancel,10000,0.359,250
idmap_r2,cancel,10000,0.36,250
idmap_r2,cancel,10000,0.361,250
idmap_r2,cancel,10000,0.362,250
idmap_r2,cancel,10000,0.363,250
idmap_r2,cancel,10000,0.364,250
idmap_r2,cancel,10000,0.365,250
idmap_r2,cancel,10000,0.366,250
idmap_r2,cancel,10000,0.367,250
idmap_r2,cancel,10000,0.368,250
idmap_r2,cancel,10000,0.369,250
idmap_r2,cancel,10000,0.37,250
idmap_r2,cancel,10000,0.371,250
idmap_r2,cancel,10000,0.372,250
idmap_r2,cancel,10000,0.373,250
idmap_r2,cancel,10000,0.374,250
idmap_r2,cancel,10000,0.375,250
idmap_r2,cancel,10000,0.376,250
idmap_r2,cancel,10000,0.377,291
idmap_r2,cancel,10000,0.378,291
idmap_r2,cancel,10000,0.379,291
idmap_r2,cancel,10000,0.38,291
idmap_r2,cancel,10000,0.381,291
idmap_r2,cancel,10000,0.382,291
idmap_r2,cancel,10000,0.383,291
idmap_r2,cancel,10000,0.384,291
idmap_r2,cancel,10000,0.385,291
idmap_r2,cancel,10000,0.386,291
idmap_r2,cancel,10000,0.387,291
idmap_r2,cancel,10000,0.388,291
idmap_r2,cancel,10000,0.389,291
idmap_r2,cancel,10000,0.39,291
idmap_r2,cancel,10000,0.391,291
idmap_r2,cancel,10000,0.392,291
idmap_r2,cancel,10000,0.393,291
idmap_r2,cancel,10000,0.394,292
idmap_r2,cancel,10000,0.395,292
idmap_r2,cancel,10000,0.396,292
idmap_r2,cancel,10000,0.397,292
idmap_r2,cancel,10000,0.398,292
idmap_r2,cancel,10000,0.399,292
idmap_r2,cancel,10000,0.4,292
idmap_r2,cancel,10000,0.401,292
idmap_r2,cancel,10000,0.402,292
idmap_r2,cancel,10000,0.403,292
idmap_r2,cancel,10000,0.404,292
idmap_r2,cancel,10000,0.405,292
idmap_r2,cancel,10000,0.406,292
idmap_r2,cancel,10000,0.407,292
idmap_r2,cancel,10000,0.408,292
idmap_r2,cancel,10000,0.409,292
idmap_r2,cancel,10000,0.41,292
idmap_r2,cancel,10000,0.411,292
idmap_r2,cancel,10000,0.412,292
idmap_r2,cancel,10000,0.413,292
idmap_r2,cancel,10000,0.414,292
idmap_r2,cancel,10000,0.415,292
idmap_r2,cancel,10000,0.416,292
idmap_r2,cancel,10000,0.417,292
idmap_r2,cancel,10000,0.418,292
idmap_r2,cancel,10000,0.419,292
idmap_r2,cancel,10000,0.42,292
idmap_r2,cancel,10000,0.421,292
idmap_r2,cancel,10000,0.422,292
idmap_r2,cancel,10000,0.423,292
idmap_r2,cancel,10000,0.424,292
idmap_r2,cancel,10000,0.425,292
idmap_r2,cancel,10000,0.426,333
idmap_r2,cancel,10000,0.427,333
idmap_r2,cancel,10000,0.428,333
idmap_r2,cancel,10000,0.429,333
idmap_r2,cancel,10000,0.43,333
idmap_r2,cancel,10000,0.431,333
idmap_r2,cancel,10000,0.432,333
idmap_r2,cancel,10000,0.433,333
idmap_r2,cancel,10000,0.434,333
idmap_r2,cancel,10000,0.435,333
idmap_r2,cancel,10000,0.436,333
idmap_r2,cancel,10000,0.437,333
idmap_r2,cancel,10000,0.438,333
idmap_r2,cancel,10000,0.439,333
idmap_r2,cancel,10000,0.44,333
idmap_r2,cancel,10000,0.441,333
idmap_r2,cancel,10000,0.442,333
idmap_r2,cancel,10000,0.443,333
idmap_r2,cancel,10000,0.444,333
idmap_r2,cancel,10000,0.445,333
idmap_r2,cancel,10000,0.446,333
idmap_r2,cancel,10000,0.447,333
idmap_r2,cancel,10000,0.448,333
idmap_r2,cancel,10000,0.449,333
idmap_r2,cancel,10000,0.45,333
idmap_r2,cancel,10000,0.451,333
idmap_r2,cancel,10000,0.452,333
idmap_r2,cancel,10000,0.453,333
idmap_r2,cancel,10000,0.454,333
idmap_r2,cancel,10000,0.455,333
idmap_r2,cancel,10000,0.456,333
idmap_r2,cancel,10000,0.457,333
idmap_r2,cancel,10000,0.458,333
idmap_r2,cancel,10000,0.459,333
idmap_r2,cancel,10000,0.46,333
idmap_r2,cancel,10000,0.461,333
idmap_r2,cancel,10000,0.462,333
idmap_r2,cancel,10000,0.463,334
idmap_r2,cancel,10000,0.464,334
idmap_r2,cancel,10000,0.465,334
idmap_r2,cancel,10000,0.466,334
idmap_r2,cancel,10000,0.467,334
idmap_r2,cancel,10000,0.468,334
idmap_r2,cancel,10000,0.469,334
idmap_r2,cancel,10000,0.47,334
idmap_r2,cancel,10000,0.471,334
idmap_r2,cancel,10000,0.472,334
idmap_r2,cancel,10000,0.473,334
idmap_r2,cancel,10000,0.474,334
idmap_r2,cancel,10000,0.475,334
idmap_r2,cancel,10000,0.476,334
idmap_r2,cancel,10000,0.477,334
idmap_r2,cancel,10000,0.478,334
idmap_r2,cancel,10000,0.479,334
idmap_r2,cancel,10000,0.48,334
idmap_r2,cancel,10000,0.481,375
idmap_r2,cancel,10000,0.482,375
idmap_r2,cancel,10000,0.483,375
idmap_r2,cancel,10000,0.484,375
idmap_r2,cancel,10000,0.485,375
idmap_r2,cancel,10000,0.486,375
idmap_r2,cancel,10000,0.487,375
idmap_r2,cancel,10000,0.488,375
idmap_r2,cancel,10000,0.489,375
idmap_r2,cancel,10000,0.49,375
idmap_r2,cancel,10000,0.491,375
idmap_r2,cancel,10000,0.492,375
idmap_r2,cancel,10000,0.493,375
idmap_r2,cancel,10000,0.494,375
idmap_r2,cancel,10000,0.495,375
idmap_r2,cancel,10000,0.496,375
idmap_r2,cancel,10000,0.497,375
idmap_r2,cancel,10000,0.498,375
idmap_r2,cancel,10000,0.499,375
idmap_r2,cancel,10000,0.5,375
idmap_r2,cancel,10000,0.501,375
idmap_r2,cancel,10000,0.502,375
idmap_r2,cancel,10000,0.503,375
idmap_r2,cancel,10000,0.504,375
idmap_r2,cancel,10000,0.505,375
idmap_r2,cancel,10000,0.506,375
idmap_r2,cancel,10000,0.507,375
idmap_r2,cancel,10000,0.508,375
idmap_r2,cancel,10000,0.509,375
idmap_r2,cancel,10000,0.51,375
idmap_r2,cancel,10000,0.511,375
idmap_r2,cancel,10000,0.512,375
idmap_r2,cancel,10000,0.513,375
idmap_r2,cancel,10000,0.514,375
idmap_r2,cancel,10000,0.515,375
idmap_r2,cancel,10000,0.516,375
idmap_r2,cancel,10000,0.517,375
idmap_r2,cancel,10000,0.518,375
idmap_r2,cancel,10000,0.519,375
idmap_r2,cancel,10000,0.52,375
idmap_r2,cancel,10000,0.521,375
idmap_r2,cancel,10000,0.522,375
idmap_r2,cancel,10000,0.523,375
idmap_r2,cancel,10000,0.524,375
idmap_r2,cancel,10000,0.525,375
idmap_r2,cancel,10000,0.526,375
idmap_r2,cancel,10000,0.527,375
idmap_r2,cancel,10000,0.528,375
idmap_r2,cancel,10000,0.529,375
idmap_r2,cancel,10000,0.53,375
idmap_r2,cancel,10000,0.531,375
idmap_r2,cancel,10000,0.532,375
idmap_r2,cancel,10000,0.533,375
idmap_r2,cancel,10000,0.534,416
idmap_r2,cancel,10000,0.535,416
idmap_r2,cancel,10000,0.536,416
idmap_r2,cancel,10000,0.537,416
idmap_r2,cancel,10000,0.538,416
idmap_r2,cancel,10000,0.539,416
idmap_r2,cancel,10000,0.54,416
idmap_r2,cancel,10000,0.541,416
idmap_r2,cancel,10000,0.542,416
idmap_r2,cancel,10000,0.543,416
idmap_r2,cancel,10000,0.544,416
idmap_r2,cancel,10000,0.545,416
idmap_r2,cancel,10000,0.546,416
idmap_r2,cancel,10000,0.547,416
idmap_r2,cancel,10000,0.548,416
idmap_r2,cancel,10000,0.549,416
idmap_r2,cancel,10000,0.55,416
idmap_r2,cancel,10000,0.551,416
idmap_r2,cancel,10000,0.552,417
idmap_r2,cancel,10000,0.553,417
idmap_r2,cancel,10000,0.554,417
idmap_r2,cancel,10000,0.555,417
idmap_r2,cancel,10000,0.556,417
idmap_r2,cancel,10000,0.557,417
idmap_r2,cancel,10000,0.558,417
idmap_r2,cancel,10000,0.559,417
idmap_r2,cancel,10000,0.56,417
idmap_r2,cancel,10000,0.561,417
idmap_r2,cancel,10000,0.562,417
idmap_r2,cancel,10000,0.563,417
idmap_r2,cancel,10000,0.564,417
idmap_r2,cancel,10000,0.565,417
idmap_r2,cancel,10000,0.566,417
idmap_r2,cancel,10000,0.567,417
idmap_r2,cancel,10000,0.568,417
idmap_r2,cancel,10000,0.569,417
idmap_r2,cancel,10000,0.57,417
idmap_r2,cancel,10000,0.571,417
idmap_r2,cancel,10000,0.572,417
idmap_r2,cancel,10000,0.573,417
idmap_r2,cancel,10000,0.574,417
idmap_r2,cancel,10000,0.575,417
idmap_r2,cancel,10000,0.576,417
idmap_r2,cancel,10000,0.577,417
idmap_r2,cancel,10000,0.578,417
idmap_r2,cancel,10000,0.579,417
idmap_r2,cancel,10000,0.58,417
idmap_r2,cancel,10000,0.581,417
idmap_r2,cancel,10000,0.582,417
idmap_r2,cancel,10000,0.583,417
idmap_r2,cancel,10000,0.584,417
idmap_r2,cancel,10000,0.585,417
idmap_r2,cancel,10000,0.586,417
idmap_r2,cancel,10000,0.587,417
idmap_r2,cancel,10000,0.588,458
idmap_r2,cancel,10000,0.589,458
idmap_r2,cancel,10000,0.59,458
idmap_r2,cancel,10000,0.591,458
idmap_r2,cancel,10000,0.592,458
idmap_r2,cancel,10000,0.593,458
idmap_r2,cancel,10000,0.594,458
idmap_r2,cancel,10000,0.595,458
idmap_r2,cancel,10000,0.596,458
idmap_r2,cancel,10000,0.597,458
idmap_r2,cancel,10000,0.598,458
idmap_r2,cancel,10000,0.599,458
idmap_r2,cancel,10000,0.6,458
idmap_r2,cancel,10000,0.601,458
idmap_r2,cancel,10000,0.602,458
idmap_r2,cancel,10000,0.603,458
idmap_r2,cancel,10000,0.604,458
idmap_r2,cancel,10000,0.605,458
idmap_r2,cancel,10000,0.606,458
idmap_r2,cancel,10000,0.607,458
idmap_r2,cancel,10000,0.608,458
idmap_r2,cancel,10000,0.609,458
idmap_r2,cancel,10000,0.61,458
idmap_r2,cancel,10000,0.611,458
idmap_r2,cancel,10000,0.612,458
idmap_r2,cancel,10000,0.613,458
idmap_r2,cancel,10000,0.614,458
idmap_r2,cancel,10000,0.615,458
idmap_r2,cancel,10000,0.616,458
idmap_r2,cancel,10000,0.617,458
idmap_r2,cancel,10000,0.618,458
idmap_r2,cancel,10000,0.619,458
idmap_r2,cancel,10000,0.62,458
idmap_r2,cancel,10000,0.621,458
idmap_r2,cancel,10000,0.622,458
idmap_r2,cancel,10000,0.623,458
idmap_r2,cancel,10000,0.624,458
idmap_r2,cancel,10000,0.625,458
idmap_r2,cancel,10000,0.626,458
idmap_r2,cancel,10000,0.627,459
idmap_r2,cancel,10000,0.628,459
idmap_r2,cancel,10000,0.629,459
idmap_r2,cancel,10000,0.63,459
idmap_r2,cancel,10000,0.631,459
idmap_r2,cancel,10000,0.632,459
idmap_r2,cancel,10000,0.633,459
idmap_r2,cancel,10000,0.634,459
idmap_r2,cancel,10000,0.635,459
idmap_r2,cancel,10000,0.636,459
idmap_r2,cancel,10000,0.637,459
idmap_r2,cancel,10000,0.638,459
idmap_r2,cancel,10000,0.639,459
idmap_r2,cancel,10000,0.64,459
idmap_r2,cancel,10000,0.641,459
idmap_r2,cancel,10000,0.642,459
idmap_r2,cancel,10000,0.643,459
idmap_r2,cancel,10000,0.644,459
idmap_r2,cancel,10000,0.645,459
idmap_r2,cancel,10000,0.646,500
idmap_r2,cancel,10000,0.647,500
idmap_r2,cancel,10000,0.648,500
idmap_r2,cancel,10000,0.649,500
idmap_r2,cancel,10000,0.65,500
idmap_r2,cancel,10000,0.651,500
idmap_r2,cancel,10000,0.652,500
idmap_r2,cancel,10000,0.653,500
idmap_r2,cancel,10000,0.654,500
idmap_r2,cancel,10000,0.655,500
idmap_r2,cancel,10000,0.656,500
idmap_r2,cancel,10000,0.657,500
idmap_r2,cancel,10000,0.658,500
idmap_r2,cancel,10000,0.659,500
idmap_r2,cancel,10000,0.66,500
idmap_r2,cancel,10000,0.661,500
idmap_r2,cancel,10000,0.662,500
idmap_r2,cancel,10000,0.663,500
idmap_r2,cancel,10000,0.664,500
idmap_r2,cancel,10000,0.665,500
idmap_r2,cancel,10000,0.666,500
idmap_r2,cancel,10000,0.667,500
idmap_r2,cancel,10000,0.668,500
idmap_r2,cancel,10000,0.669,500
idmap_r2,cancel,10000,0.67,500
idmap_r2,cancel,10000,0.671,500
idmap_r2,cancel,10000,0.672,500
idmap_r2,cancel,10000,0.673,500
idmap_r2,cancel,10000,0.674,500
idmap_r2,cancel,10000,0.675,500
idmap_r2,cancel,10000,0.676,500
idmap_r2,cancel,10000,0.677,500
idmap_r2,cancel,10000,0.678,500
idmap_r2,cancel,10000,0.679,500
idmap_r2,cancel,10000,0.68,500
idmap_r2,cancel,10000,0.681,500
idmap_r2,cancel,10000,0.682,500
idmap_r2,cancel,10000,0.683,500
idmap_r2,cancel,10000,0.684,500
idmap_r2,cancel,10000,0.685,500
idmap_r2,cancel,10000,0.686,500
idmap_r2,cancel,10000,0.687,500
idmap_r2,cancel,10000,0.688,500
idmap_r2,cancel,10000,0.689,500
idmap_r2,cancel,10000,0.69,500
idmap_r2,cancel,10000,0.691,500
idmap_r2,cancel,10000,0.692,500
idmap_r2,cancel,10000,0.693,500
idmap_r2,cancel,10000,0.694,500
idmap_r2,cancel,10000,0.695,500
idmap_r2,cancel,10000,0.696,500
idmap_r2,cancel,10000,0.697,500
idmap_r2,cancel,10000,0.698,500
idmap_r2,cancel,10000,0.699,500
idmap_r2,cancel,10000,0.7,500
idmap_r2,cancel,10000,0.701,500
idmap_r2,cancel,10000,0.702,500
idmap_r2,cancel,10000,0.703,500
idmap_r2,cancel,10000,0.704,541
idmap_r2,cancel,10000,0.705,541
idmap_r2,cancel,10000,0.706,541
idmap_r2,cancel,10000,0.707,541
idmap_r2,cancel,10000,0.708,541
idmap_r2,cancel,10000,0.709,541
idmap_r2,cancel,10000,0.71,541
idmap_r2,cancel,10000,0.711,541
idmap_r2,cancel,10000,0.712,541
idmap_r2,cancel,10000,0.713,541
idmap_r2,cancel,10000,0.714,541
idmap_r2,cancel,10000,0.715,541
idmap_r2,cancel,10000,0.716,541
idmap_r2,cancel,10000,0.717,541
idmap_r2,cancel,10000,0.718,541
idmap_r2,cancel,10000,0.719,541
idmap_r2,cancel,10000,0.72,542
idmap_r2,cancel,10000,0.721,542
idmap_r2,cancel,10000,0.722,542
idmap_r2,cancel,10000,0.723,542
idmap_r2,cancel,10000,0.724,542
idmap_r2,cancel,10000,0.725,542
idmap_r2,cancel,10000,0.726,542
idmap_r2,cancel,10000,0.727,542
idmap_r2,cancel,10000,0.728,542
idmap_r2,cancel,10000,0.729,542
idmap_r2,cancel,10000,0.73,542
idmap_r2,cancel,10000,0.731,542
idmap_r2,cancel,10000,0.732,542
idmap_r2,cancel,10000,0.733,542
idmap_r2,cancel,10000,0.734,542
idmap_r2,cancel,10000,0.735,542
idmap_r2,cancel,10000,0.736,542
idmap_r2,cancel,10000,0.737,542
idmap_r2,cancel,10000,0.738,542
idmap_r2,cancel,10000,0.739,542
idmap_r2,cancel,10000,0.74,542
idmap_r2,cancel,10000,0.741,542
idmap_r2,cancel,10000,0.742,542
idmap_r2,cancel,10000,0.743,542
idmap_r2,cancel,10000,0.744,542
idmap_r2,cancel,10000,0.745,542
idmap_r2,cancel,10000,0.746,542
idmap_r2,cancel,10000,0.747,542
idmap_r2,cancel,10000,0.748,542
idmap_r2,cancel,10000,0.749,542
idmap_r2,cancel,10000,0.75,542
idmap_r2,cancel,10000,0.751,583
idmap_r2,cancel,10000,0.752,583
idmap_r2,cancel,10000,0.753,583
idmap_r2,cancel,10000,0.754,583
idmap_r2,cancel,10000,0.755,583
idmap_r2,cancel,10000,0.756,583
idmap_r2,cancel,10000,0.757,583
idmap_r2,cancel,10000,0.758,583
idmap_r2,cancel,10000,0.759,583
idmap_r2,cancel,10000,0.76,583
idmap_r2,cancel,10000,0.761,583
idmap_r2,cancel,10000,0.762,583
idmap_r2,cancel,10000,0.763,583
idmap_r2,cancel,10000,0.764,583
idmap_r2,cancel,10000,0.765,583
idmap_r2,cancel,10000,0.766,583
idmap_r2,cancel,10000,0.767,583
idmap_r2,cancel,10000,0.768,583
idmap_r2,cancel,10000,0.769,583
idmap_r2,cancel,10000,0.77,583
idmap_r2,cancel,10000,0.771,583
idmap_r2,cancel,10000,0.772,583
idmap_r2,cancel,10000,0.773,583
idmap_r2,cancel,10000,0.774,583
idmap_r2,cancel,10000,0.775,584
idmap_r2,cancel,10000,0.776,584
idmap_r2,cancel,10000,0.777,584
idmap_r2,cancel,10000,0.778,584
idmap_r2,cancel,10000,0.779,584
idmap_r2,cancel,10000,0.78,584
idmap_r2,cancel,10000,0.781,584
idmap_r2,cancel,10000,0.782,584
idmap_r2,cancel,10000,0.783,584
idmap_r2,cancel,10000,0.784,584
idmap_r2,cancel,10000,0.785,584
idmap_r2,cancel,10000,0.786,584
idmap_r2,cancel,10000,0.787,625
idmap_r2,cancel,10000,0.788,625
idmap_r2,cancel,10000,0.789,625
idmap_r2,cancel,10000,0.79,625
idmap_r2,cancel,10000,0.791,625
idmap_r2,cancel,10000,0.792,625
idmap_r2,cancel,10000,0.793,625
idmap_r2,cancel,10000,0.794,625
idmap_r2,cancel,10000,0.795,625
idmap_r2,cancel,10000,0.796,625
idmap_r2,cancel,10000,0.797,625
idmap_r2,cancel,10000,0.798,625
idmap_r2,cancel,10000,0.799,625
idmap_r2,cancel,10000,0.8,625
idmap_r2,cancel,10000,0.801,625
idmap_r2,cancel,10000,0.802,625
idmap_r2,cancel,10000,0.803,625
idmap_r2,cancel,10000,0.804,625
idmap_r2,cancel,10000,0.805,625
idmap_r2,cancel,10000,0.806,625
idmap_r2,cancel,10000,0.807,625
idmap_r2,cancel,10000,0.808,625
idmap_r2,cancel,10000,0.809,625
idmap_r2,cancel,10000,0.81,625
idmap_r2,cancel,10000,0.811,625
idmap_r2,cancel,10000,0.812,625
idmap_r2,cancel,10000,0.813,625
idmap_r2,cancel,10000,0.814,625
idmap_r2,cancel,10000,0.815,625
idmap_r2,cancel,10000,0.816,625
idmap_r2,cancel,10000,0.817,625
idmap_r2,cancel,10000,0.818,666
idmap_r2,cancel,10000,0.819,666
idmap_r2,cancel,10000,0.82,666
idmap_r2,cancel,10000,0.821,666
idmap_r2,cancel,10000,0.822,666
idmap_r2,cancel,10000,0.823,666
idmap_r2,cancel,10000,0.824,666
idmap_r2,cancel,10000,0.825,666
idmap_r2,cancel,10000,0.826,666
idmap_r2,cancel,10000,0.827,667
idmap_r2,cancel,10000,0.828,667
idmap_r2,cancel,10000,0.829,667
idmap_r2,cancel,10000,0.83,667
idmap_r2,cancel,10000,0.831,667
idmap_r2,cancel,10000,0.832,667
idmap_r2,cancel,10000,0.833,667
idmap_r2,cancel,10000,0.834,667
idmap_r2,cancel,10000,0.835,667
idmap_r2,cancel,10000,0.836,667
idmap_r2,cancel,10000,0.837,667
idmap_r2,cancel,10000,0.838,667
idmap_r2,cancel,10000,0.839,667
idmap_r2,cancel,10000,0.84,667
idmap_r2,cancel,10000,0.841,667
idmap_r2,cancel,10000,0.842,667
idmap_r2,cancel,10000,0.843,667
idmap_r2,cancel,10000,0.844,708
idmap_r2,cancel,10000,0.845,708
idmap_r2,cancel,10000,0.846,708
idmap_r2,cancel,10000,0.847,708
idmap_r2,cancel,10000,0.848,708
idmap_r2,cancel,10000,0.849,708
idmap_r2,cancel,10000,0.85,708
idmap_r2,cancel,10000,0.851,708
idmap_r2,cancel,10000,0.852,708
idmap_r2,cancel,10000,0.853,708
idmap_r2,cancel,10000,0.854,708
idmap_r2,cancel,10000,0.855,708
idmap_r2,cancel,10000,0.856,709
idmap_r2,cancel,10000,0.857,709
idmap_r2,cancel,10000,0.858,709
idmap_r2,cancel,10000,0.859,709
idmap_r2,cancel,10000,0.86,709
idmap_r2,cancel,10000,0.861,709
idmap_r2,cancel,10000,0.862,750
idmap_r2,cancel,10000,0.863,750
idmap_r2,cancel,10000,0.864,750
idmap_r2,cancel,10000,0.865,750
idmap_r2,cancel,10000,0.866,750
idmap_r2,cancel,10000,0.867,750
idmap_r2,cancel,10000,0.868,750
idmap_r2,cancel,10000,0.869,750
idmap_r2,cancel,10000,0.87,750
idmap_r2,cancel,10000,0.871,750
idmap_r2,cancel,10000,0.872,750
idmap_r2,cancel,10000,0.873,750
idmap_r2,cancel,10000,0.874,750
idmap_r2,cancel,10000,0.875,750
idmap_r2,cancel,10000,0.876,750
idmap_r2,cancel,10000,0.877,750
idmap_r2,cancel,10000,0.878,750
idmap_r2,cancel,10000,0.879,750
idmap_r2,cancel,10000,0.88,750
idmap_r2,cancel,10000,0.881,791
idmap_r2,cancel,10000,0.882,791
idmap_r2,cancel,10000,0.883,791
idmap_r2,cancel,10000,0.884,791
idmap_r2,cancel,10000,0.885,791
idmap_r2,cancel,10000,0.886,791
idmap_r2,cancel,10000,0.887,791
idmap_r2,cancel,10000,0.888,792
idmap_r2,cancel,10000,0.889,792
idmap_r2,cancel,10000,0.89,792
idmap_r2,cancel,10000,0.891,792
idmap_r2,cancel,10000,0.892,792
idmap_r2,cancel,10000,0.893,792
idmap_r2,cancel,10000,0.894,792
idmap_r2,cancel,10000,0.895,792
idmap_r2,cancel,10000,0.896,792
idmap_r2,cancel,10000,0.897,792
idmap_r2,cancel,10000,0.898,792
idmap_r2,cancel,10000,0.899,792
idmap_r2,cancel,10000,0.9,792
idmap_r2,cancel,10000,0.901,792
idmap_r2,cancel,10000,0.902,833
idmap_r2,cancel,10000,0.903,833
idmap_r2,cancel,10000,0.904,833
idmap_r2,cancel,10000,0.905,833
idmap_r2,cancel,10000,0.906,833
idmap_r2,cancel,10000,0.907,833
idmap_r2,cancel,10000,0.908,833
idmap_r2,cancel,10000,0.909,833
idmap_r2,cancel,10000,0.91,833
idmap_r2,cancel,10000,0.911,833
idmap_r2,cancel,10000,0.912,833
idmap_r2,cancel,10000,0.913,833
idmap_r2,cancel,10000,0.914,833
idmap_r2,cancel,10000,0.915,834
idmap_r2,cancel,10000,0.916,834
idmap_r2,cancel,10000,0.917,834
idmap_r2,cancel,10000,0.918,834
idmap_r2,cancel,10000,0.919,834
idmap_r2,cancel,10000,0.92,834
idmap_r2,cancel,10000,0.921,834
idmap_r2,cancel,10000,0.922,875
idmap_r2,cancel,10000,0.923,875
idmap_r2,cancel,10000,0.924,875
idmap_r2,cancel,10000,0.925,875
idmap_r2,cancel,10000,0.926,875
idmap_r2,cancel,10000,0.927,875
idmap_r2,cancel,10000,0.928,875
idmap_r2,cancel,10000,0.929,875
idmap_r2,cancel,10000,0.93,875
idmap_r2,cancel,10000,0.931,875
idmap_r2,cancel,10000,0.932,875
idmap_r2,cancel,10000,0.933,875
idmap_r2,cancel,10000,0.934,875
idmap_r2,cancel,10000,0.935,916
idmap_r2,cancel,10000,0.936,916
idmap_r2,cancel,10000,0.937,916
idmap_r2,cancel,10000,0.938,917
idmap_r2,cancel,10000,0.939,917
idmap_r2,cancel,10000,0.94,917
idmap_r2,cancel,10000,0.941,917
idmap_r2,cancel,10000,0.942,917
idmap_r2,cancel,10000,0.943,917
idmap_r2,cancel,10000,0.944,958
idmap_r2,cancel,10000,0.945,958
idmap_r2,cancel,10000,0.946,958
idmap_r2,cancel,10000,0.947,958
idmap_r2,cancel,10000,0.948,958
idmap_r2,cancel,10000,0.949,959
idmap_r2,cancel,10000,0.95,959
idmap_r2,cancel,10000,0.951,959
idmap_r2,cancel,10000,0.952,1000
idmap_r2,cancel,10000,0.953,1000
idmap_r2,cancel,10000,0.954,1000
idmap_r2,cancel,10000,0.955,1000
idmap_r2,cancel,10000,0.956,1000
idmap_r2,cancel,10000,0.957,1000
idmap_r2,cancel,10000,0.958,1000
idmap_r2,cancel,10000,0.959,1000
idmap_r2,cancel,10000,0.96,1000
idmap_r2,cancel,10000,0.961,1041
idmap_r2,cancel,10000,0.962,1041
idmap_r2,cancel,10000,0.963,1041
idmap_r2,cancel,10000,0.964,1042
idmap_r2,cancel,10000,0.965,1042
idmap_r2,cancel,10000,0.966,1042
idmap_r2,cancel,10000,0.967,1042
idmap_r2,cancel,10000,0.968,1042
idmap_r2,cancel,10000,0.969,1042
idmap_r2,cancel,10000,0.97,1042
idmap_r2,cancel,10000,0.971,1083
idmap_r2,cancel,10000,0.972,1083
idmap_r2,cancel,10000,0.973,1083
idmap_r2,cancel,10000,0.974,1083
idmap_r2,cancel,10000,0.975,1083
idmap_r2,cancel,10000,0.976,1084
idmap_r2,cancel,10000,0.977,1084
idmap_r2,cancel,10000,0.978,1125
idmap_r2,cancel,10000,0.979,1125
idmap_r2,cancel,10000,0.98,1125
idmap_r2,cancel,10000,0.981,1125
idmap_r2,cancel,10000,0.982,1166
idmap_r2,cancel,10000,0.983,1167
idmap_r2,cancel,10000,0.984,1167
idmap_r2,cancel,10000,0.985,1208
idmap_r2,cancel,10000,0.986,1208
idmap_r2,cancel,10000,0.987,1209
idmap_r2,cancel,10000,0.988,1250
idmap_r2,cancel,10000,0.989,1291
idmap_r2,cancel,10000,0.99,1333
idmap_r2,cancel,10000,0.991,1334
idmap_r2,cancel,10000,0.992,1416
idmap_r2,cancel,10000,0.993,1459
idmap_r2,cancel,10000,0.994,1542
idmap_r2,cancel,10000,0.995,1667
idmap_r2,cancel,10000,0.996,1959
idmap_r2,cancel,10000,0.997,3167
idmap_r2,cancel,10000,0.998,13042
idmap_r2,cancel,10000,0.999,73417
idmap_r2,match,10000,0,0
idmap_r2,match,10000,0.001,41
idmap_r2,match,10000,0.002,41
idmap_r2,match,10000,0.003,41
idmap_r2,match,10000,0.004,41
idmap_r2,match,10000,0.005,41
idmap_r2,match,10000,0.006,41
idmap_r2,match,10000,0.007,41
idmap_r2,match,10000,0.008,41
idmap_r2,match,10000,0.009,41
idmap_r2,match,10000,0.01,41
idmap_r2,match,10000,0.011,41
idmap_r2,match,10000,0.012,41
idmap_r2,match,10000,0.013,41
idmap_r2,match,10000,0.014,41
idmap_r2,match,10000,0.015,41
idmap_r2,match,10000,0.016,41
idmap_r2,match,10000,0.017,41
idmap_r2,match,10000,0.018,41
idmap_r2,match,10000,0.019,41
idmap_r2,match,10000,0.02,41
idmap_r2,match,10000,0.021,41
idmap_r2,match,10000,0.022,41
idmap_r2,match,10000,0.023,41
idmap_r2,match,10000,0.024,41
idmap_r2,match,10000,0.025,41
idmap_r2,match,10000,0.026,41
idmap_r2,match,10000,0.027,41
idmap_r2,match,10000,0.028,41
idmap_r2,match,10000,0.029,41
idmap_r2,match,10000,0.03,41
idmap_r2,match,10000,0.031,41
idmap_r2,match,10000,0.032,41
idmap_r2,match,10000,0.033,41
idmap_r2,match,10000,0.034,41
idmap_r2,match,10000,0.035,41
idmap_r2,match,10000,0.036,42
idmap_r2,match,10000,0.037,42
idmap_r2,match,10000,0.038,42
idmap_r2,match,10000,0.039,42
idmap_r2,match,10000,0.04,42
idmap_r2,match,10000,0.041,42
idmap_r2,match,10000,0.042,42
idmap_r2,match,10000,0.043,42
idmap_r2,match,10000,0.044,42
idmap_r2,match,10000,0.045,42
idmap_r2,match,10000,0.046,42
idmap_r2,match,10000,0.047,42
idmap_r2,match,10000,0.048,42
idmap_r2,match,10000,0.049,42
idmap_r2,match,10000,0.05,42
idmap_r2,match,10000,0.051,42
idmap_r2,match,10000,0.052,42
idmap_r2,match,10000,0.053,42
idmap_r2,match,10000,0.054,42
idmap_r2,match,10000,0.055,42
idmap_r2,match,10000,0.056,42
idmap_r2,match,10000,0.057,42
idmap_r2,match,10000,0.058,42
idmap_r2,match,10000,0.059,42
idmap_r2,match,10000,0.06,42
idmap_r2,match,10000,0.061,42
idmap_r2,match,10000,0.062,42
idmap_r2,match,10000,0.063,42
idmap_r2,match,10000,0.064,42
idmap_r2,match,10000,0.065,42
idmap_r2,match,10000,0.066,42
idmap_r2,match,10000,0.067,42
idmap_r2,match,10000,0.068,42
idmap_r2,match,10000,0.069,42
idmap_r2,match,10000,0.07,42
idmap_r2,match,10000,0.071,42
idmap_r2,match,10000,0.072,42
idmap_r2,match,10000,0.073,42
idmap_r2,match,10000,0.074,42
idmap_r2,match,10000,0.075,42
idmap_r2,match,10000,0.076,42
idmap_r2,match,10000,0.077,42
idmap_r2,match,10000,0.078,42
idmap_r2,match,10000,0.079,42
idmap_r2,match,10000,0.08,42
idmap_r2,match,10000,0.081,42
idmap_r2,match,10000,0.082,42
idmap_r2,match,10000,0.083,42
idmap_r2,match,10000,0.084,42
idmap_r2,match,10000,0.085,42
idmap_r2,match,10000,0.086,42
idmap_r2,match,10000,0.087,42
idmap_r2,match,10000,0.088,42
idmap_r2,match,10000,0.089,42
idmap_r2,match,10000,0.09,42
idmap_r2,match,10000,0.091,42
idmap_r2,match,10000,0.092,42
idmap_r2,match,10000,0.093,42
idmap_r2,match,10000,0.094,42
idmap_r2,match,10000,0.095,42
idmap_r2,match,10000,0.096,42
idmap_r2,match,10000,0.097,42
idmap_r2,match,10000,0.098,42
idmap_r2,match,10000,0.099,42
idmap_r2,match,10000,0.1,42
idmap_r2,match,10000,0.101,42
idmap_r2,match,10000,0.102,42
idmap_r2,match,10000,0.103,42
idmap_r2,match,10000,0.104,42
idmap_r2,match,10000,0.105,42
idmap_r2,match,10000,0.106,42
idmap_r2,match,10000,0.107,42
idmap_r2,match,10000,0.108,42
idmap_r2,match,10000,0.109,83
idmap_r2,match,10000,0.11,83
idmap_r2,match,10000,0.111,83
idmap_r2,match,10000,0.112,83
idmap_r2,match,10000,0.113,83
idmap_r2,match,10000,0.114,83
idmap_r2,match,10000,0.115,83
idmap_r2,match,10000,0.116,83
idmap_r2,match,10000,0.117,83
idmap_r2,match,10000,0.118,83
idmap_r2,match,10000,0.119,83
idmap_r2,match,10000,0.12,83
idmap_r2,match,10000,0.121,83
idmap_r2,match,10000,0.122,83
idmap_r2,match,10000,0.123,83
idmap_r2,match,10000,0.124,83
idmap_r2,match,10000,0.125,83
idmap_r2,match,10000,0.126,83
idmap_r2,match,10000,0.127,83
idmap_r2,match,10000,0.128,83
idmap_r2,match,10000,0.129,83
idmap_r2,match,10000,0.13,83
idmap_r2,match,10000,0.131,83
idmap_r2,match,10000,0.132,83
idmap_r2,match,10000,0.133,83
idmap_r2,match,10000,0.134,83
idmap_r2,match,10000,0.135,83
idmap_r2,match,10000,0.136,83
idmap_r2,match,10000,0.137,83
idmap_r2,match,10000,0.138,83
idmap_r2,match,10000,0.139,83
idmap_r2,match,10000,0.14,83
idmap_r2,match,10000,0.141,83
idmap_r2,match,10000,0.142,83
idmap_r2,match,10000,0.143,83
idmap_r2,match,10000,0.144,83
idmap_r2,match,10000,0.145,83
idmap_r2,match,10000,0.146,83
idmap_r2,match,10000,0.147,83
idmap_r2,match,10000,0.148,83
idmap_r2,match,10000,0.149,83
idmap_r2,match,10000,0.15,83
idmap_r2,match,10000,0.151,83
idmap_r2,match,10000,0.152,83
idmap_r2,match,10000,0.153,83
idmap_r2,match,10000,0.154,83
idmap_r2,match,10000,0.155,83
idmap_r2,match,10000,0.156,83
idmap_r2,match,10000,0.157,83
idmap_r2,match,10000,0.158,83
idmap_r2,match,10000,0.159,83
idmap_r2,match,10000,0.16,83
idmap_r2,match,10000,0.161,83
idmap_r2,match,10000,0.162,83
idmap_r2,match,10000,0.163,83
idmap_r2,match,10000,0.164,83
idmap_r2,match,10000,0.165,83
idmap_r2,match,10000,0.166,83
idmap_r2,match,10000,0.167,83
idmap_r2,match,10000,0.168,83
idmap_r2,match,10000,0.169,83
idmap_r2,match,10000,0.17,83
idmap_r2,match,10000,0.171,83
idmap_r2,match,10000,0.172,83
idmap_r2,match,10000,0.173,83
idmap_r2,match,10000,0.174,83
idmap_r2,match,10000,0.175,83
idmap_r2,match,10000,0.176,83
idmap_r2,match,10000,0.177,83
idmap_r2,match,10000,0.178,83
idmap_r2,match,10000,0.179,83
idmap_r2,match,10000,0.18,83
idmap_r2,match,10000,0.181,83
idmap_r2,match,10000,0.182,83
idmap_r2,match,10000,0.183,83
idmap_r2,match,10000,0.184,83
idmap_r2,match,10000,0.185,83
idmap_r2,match,10000,0.186,83
idmap_r2,match,10000,0.187,83
idmap_r2,match,10000,0.188,83
idmap_r2,match,10000,0.189,83
idmap_r2,match,10000,0.19,83
idmap_r2,match,10000,0.191,83
idmap_r2,match,10000,0.192,83
idmap_r2,match,10000,0.193,83
idmap_r2,match,10000,0.194,83
idmap_r2,match,10000,0.195,83
idmap_r2,match,10000,0.196,83
idmap_r2,match,10000,0.197,83
idmap_r2,match,10000,0.198,83
idmap_r2,match,10000,0.199,83
idmap_r2,match,10000,0.2,83
idmap_r2,match,10000,0.201,83
idmap_r2,match,10000,0.202,83
idmap_r2,match,10000,0.203,83
idmap_r2,match,10000,0.204,83
idmap_r2,match,10000,0.205,83
idmap_r2,match,10000,0.206,83
idmap_r2,match,10000,0.207,83
idmap_r2,match,10000,0.208,83
idmap_r2,match,10000,0.209,83
idmap_r2,match,10000,0.21,83
idmap_r2,match,10000,0.211,83
idmap_r2,match,10000,0.212,83
idmap_r2,match,10000,0.213,83
idmap_r2,match,10000,0.214,83
idmap_r2,match,10000,0.215,83
idmap_r2,match,10000,0.216,83
idmap_r2,match,10000,0.217,83
idmap_r2,match,10000,0.218,83
idmap_r2,match,10000,0.219,83
idmap_r2,match,10000,0.22,83
idmap_r2,match,10000,0.221,83
idmap_r2,match,10000,0.222,83
idmap_r2,match,10000,0.223,83
idmap_r2,match,10000,0.224,83
idmap_r2,match,10000,0.225,83
idmap_r2,match,10000,0.226,83
idmap_r2,match,10000,0.227,83
idmap_r2,match,10000,0.228,83
idmap_r2,match,10000,0.229,83
idmap_r2,match,10000,0.23,83
idmap_r2,match,10000,0.231,83
idmap_r2,match,10000,0.232,83
idmap_r2,match,10000,0.233,83
idmap_r2,match,10000,0.234,83
idmap_r2,match,10000,0.235,83
idmap_r2,match,10000,0.236,83
idmap_r2,match,10000,0.237,83
idmap_r2,match,10000,0.238,83
idmap_r2,match,10000,0.239,83
idmap_r2,match,10000,0.24,83
idmap_r2,match,10000,0.241,83
idmap_r2,match,10000,0.242,83
idmap_r2,match,10000,0.243,83
idmap_r2,match,10000,0.244,83
idmap_r2,match,10000,0.245,83
idmap_r2,match,10000,0.246,83
idmap_r2,match,10000,0.247,83
idmap_r2,match,10000,0.248,83
idmap_r2,match,10000,0.249,83
idmap_r2,match,10000,0.25,83
idmap_r2,match,10000,0.251,83
idmap_r2,match,10000,0.252,83
idmap_r2,match,10000,0.253,83
idmap_r2,match,10000,0.254,83
idmap_r2,match,10000,0.255,83
idmap_r2,match,10000,0.256,83
idmap_r2,match,10000,0.257,83
idmap_r2,match,10000,0.258,83
idmap_r2,match,10000,0.259,83
idmap_r2,match,10000,0.26,83
idmap_r2,match,10000,0.261,84
idmap_r2,match,10000,0.262,84
idmap_r2,match,10000,0.263,84
idmap_r2,match,10000,0.264,84
idmap_r2,match,10000,0.265,84
idmap_r2,match,10000,0.266,84
idmap_r2,match,10000,0.267,84
idmap_r2,match,10000,0.268,84
idmap_r2,match,10000,0.269,84
idmap_r2,match,10000,0.27,84
idmap_r2,match,10000,0.271,84
idmap_r2,match,10000,0.272,84
idmap_r2,match,10000,0.273,84
idmap_r2,match,10000,0.274,84
idmap_r2,match,10000,0.275,84
idmap_r2,match,10000,0.276,84
idmap_r2,match,10000,0.277,84
idmap_r2,match,10000,0.278,84
idmap_r2,match,10000,0.279,84
idmap_r2,match,10000,0.28,84
idmap_r2,match,10000,0.281,84
idmap_r2,match,10000,0.282,84
idmap_r2,match,10000,0.283,84
idmap_r2,match,10000,0.284,84
idmap_r2,match,10000,0.285,84
idmap_r2,match,10000,0.286,84
idmap_r2,match,10000,0.287,84
idmap_r2,match,10000,0.288,84
idmap_r2,match,10000,0.289,84
idmap_r2,match,10000,0.29,84
idmap_r2,match,10000,0.291,84
idmap_r2,match,10000,0.292,84
idmap_r2,match,10000,0.293,84
idmap_r2,match,10000,0.294,84
idmap_r2,match,10000,0.295,84
idmap_r2,match,10000,0.296,84
idmap_r2,match,10000,0.297,84
idmap_r2,match,10000,0.298,84
idmap_r2,match,10000,0.299,84
idmap_r2,match,10000,0.3,84
idmap_r2,match,10000,0.301,84
idmap_r2,match,10000,0.302,84
idmap_r2,match,10000,0.303,84
idmap_r2,match,10000,0.304,84
idmap_r2,match,10000,0.305,84
idmap_r2,match,10000,0.306,84
idmap_r2,match,10000,0.307,84
idmap_r2,match,10000,0.308,84
idmap_r2,match,10000,0.309,84
idmap_r2,match,10000,0.31,84
idmap_r2,match,10000,0.311,84
idmap_r2,match,10000,0.312,84
idmap_r2,match,10000,0.313,84
idmap_r2,match,10000,0.314,84
idmap_r2,match,10000,0.315,84
idmap_r2,match,10000,0.316,84
idmap_r2,match,10000,0.317,84
idmap_r2,match,10000,0.318,84
idmap_r2,match,10000,0.319,84
idmap_r2,match,10000,0.32,84
idmap_r2,match,10000,0.321,84
idmap_r2,match,10000,0.322,84
idmap_r2,match,10000,0.323,84
idmap_r2,match,10000,0.324,84
idmap_r2,match,10000,0.325,84
idmap_r2,match,10000,0.326,84
idmap_r2,match,10000,0.327,84
idmap_r2,match,10000,0.328,84
idmap_r2,match,10000,0.329,84
idmap_r2,match,10000,0.33,84
idmap_r2,match,10000,0.331,84
idmap_r2,match,10000,0.332,84
idmap_r2,match,10000,0.333,84
idmap_r2,match,10000,0.334,84
idmap_r2,match,10000,0.335,84
idmap_r2,match,10000,0.336,84
idmap_r2,match,10000,0.337,84
idmap_r2,match,10000,0.338,125
idmap_r2,match,10000,0.339,125
idmap_r2,match,10000,0.34,125
idmap_r2,match,10000,0.341,125
idmap_r2,match,10000,0.342,125
idmap_r2,match,10000,0.343,125
idmap_r2,match,10000,0.344,125
idmap_r2,match,10000,0.345,125
idmap_r2,match,10000,0.346,125
idmap_r2,match,10000,0.347,125
idmap_r2,match,10000,0.348,125
idmap_r2,match,10000,0.349,125
idmap_r2,match,10000,0.35,125
idmap_r2,match,10000,0.351,125
idmap_r2,match,10000,0.352,125
idmap_r2,match,10000,0.353,125
idmap_r2,match,10000,0.354,125
idmap_r2,match,10000,0.355,125
idmap_r2,match,10000,0.356,125
idmap_r2,match,10000,0.357,125
idmap_r2,match,10000,0.358,125
idmap_r2,match,10000,0.359,125
idmap_r2,match,10000,0.36,125
idmap_r2,match,10000,0.361,125
idmap_r2,match,10000,0.362,125
idmap_r2,match,10000,0.363,125
idmap_r2,match,10000,0.364,125
idmap_r2,match,10000,0.365,125
idmap_r2,match,10000,0.366,125
idmap_r2,match,10000,0.367,125
idmap_r2,match,10000,0.368,125
idmap_r2,match,10000,0.369,125
idmap_r2,match,10000,0.37,125
idmap_r2,match,10000,0.371,125
idmap_r2,match,10000,0.372,125
idmap_r2,match,10000,0.373,125
idmap_r2,match,10000,0.374,125
idmap_r2,match,10000,0.375,125
idmap_r2,match,10000,0.376,125
idmap_r2,match,10000,0.377,125
idmap_r2,match,10000,0.378,125
idmap_r2,match,10000,0.379,125
idmap_r2,match,10000,0.38,125
idmap_r2,match,10000,0.381,125
idmap_r2,match,10000,0.382,125
idmap_r2,match,10000,0.383,125
idmap_r2,match,10000,0.384,125
idmap_r2,match,10000,0.385,125
idmap_r2,match,10000,0.386,125
idmap_r2,match,10000,0.387,125
idmap_r2,match,10000,0.388,125
idmap_r2,match,10000,0.389,125
idmap_r2,match,10000,0.39,125
idmap_r2,match,10000,0.391,125
idmap_r2,match,10000,0.392,125
idmap_r2,match,10000,0.393,125
idmap_r2,match,10000,0.394,125
idmap_r2,match,10000,0.395,125
idmap_r2,match,10000,0.396,125
idmap_r2,match,10000,0.397,125
idmap_r2,match,10000,0.398,125
idmap_r2,match,10000,0.399,125
idmap_r2,match,10000,0.4,125
idmap_r2,match,10000,0.401,125
idmap_r2,match,10000,0.402,125
idmap_r2,match,10000,0.403,125
idmap_r2,match,10000,0.404,125
idmap_r2,match,10000,0.405,125
idmap_r2,match,10000,0.406,125
idmap_r2,match,10000,0.407,125
idmap_r2,match,10000,0.408,125
idmap_r2,match,10000,0.409,125
idmap_r2,match,10000,0.41,125
idmap_r2,match,10000,0.411,125
idmap_r2,match,10000,0.412,125
idmap_r2,match,10000,0.413,125
idmap_r2,match,10000,0.414,125
idmap_r2,match,10000,0.415,125
idmap_r2,match,10000,0.416,125
idmap_r2,match,10000,0.417,125
idmap_r2,match,10000,0.418,125
idmap_r2,match,10000,0.419,125
idmap_r2,match,10000,0.42,125
idmap_r2,match,10000,0.421,125
idmap_r2,match,10000,0.422,125
idmap_r2,match,10000,0.423,125
idmap_r2,match,10000,0.424,125
idmap_r2,match,10000,0.425,125
idmap_r2,match,10000,0.426,125
idmap_r2,match,10000,0.427,125
idmap_r2,match,10000,0.428,125
idmap_r2,match,10000,0.429,125
idmap_r2,match,10000,0.43,125
idmap_r2,match,10000,0.431,125
idmap_r2,match,10000,0.432,125
idmap_r2,match,10000,0.433,125
idmap_r2,match,10000,0.434,125
idmap_r2,match,10000,0.435,125
idmap_r2,match,10000,0.436,125
idmap_r2,match,10000,0.437,125
idmap_r2,match,10000,0.438,125
idmap_r2,match,10000,0.439,125
idmap_r2,match,10000,0.44,125
idmap_r2,match,10000,0.441,125
idmap_r2,match,10000,0.442,125
idmap_r2,match,10000,0.443,125
idmap_r2,match,10000,0.444,125
idmap_r2,match,10000,0.445,125
idmap_r2,match,10000,0.446,166
idmap_r2,match,10000,0.447,166
idmap_r2,match,10000,0.448,166
idmap_r2,match,10000,0.449,166
idmap_r2,match,10000,0.45,166
idmap_r2,match,10000,0.451,166
idmap_r2,match,10000,0.452,166
idmap_r2,match,10000,0.453,166
idmap_r2,match,10000,0.454,166
idmap_r2,match,10000,0.455,166
idmap_r2,match,10000,0.456,166
idmap_r2,match,10000,0.457,166
idmap_r2,match,10000,0.458,166
idmap_r2,match,10000,0.459,166
idmap_r2,match,10000,0.46,166
idmap_r2,match,10000,0.461,166
idmap_r2,match,10000,0.462,166
idmap_r2,match,10000,0.463,166
idmap_r2,match,10000,0.464,166
idmap_r2,match,10000,0.465,166
idmap_r2,match,10000,0.466,166
idmap_r2,match,10000,0.467,166
idmap_r2,match,10000,0.468,166
idmap_r2,match,10000,0.469,166
idmap_r2,match,10000,0.47,166
idmap_r2,match,10000,0.471,166
idmap_r2,match,10000,0.472,166
idmap_r2,match,10000,0.473,166
idmap_r2,match,10000,0.474,166
idmap_r2,match,10000,0.475,166
idmap_r2,match,10000,0.476,166
idmap_r2,match,10000,0.477,166
idmap_r2,match,10000,0.478,166
idmap_r2,match,10000,0.479,166
idmap_r2,match,10000,0.48,166
idmap_r2,match,10000,0.481,167
idmap_r2,match,10000,0.482,167
idmap_r2,match,10000,0.483,167
idmap_r2,match,10000,0.484,167
idmap_r2,match,10000,0.485,167
idmap_r2,match,10000,0.486,167
idmap_r2,match,10000,0.487,167
idmap_r2,match,10000,0.488,167
idmap_r2,match,10000,0.489,167
idmap_r2,match,10000,0.49,167
idmap_r2,match,10000,0.491,167
idmap_r2,match,10000,0.492,167
idmap_r2,match,10000,0.493,167
idmap_r2,match,10000,0.494,167
idmap_r2,match,10000,0.495,167
idmap_r2,match,10000,0.496,167
idmap_r2,match,10000,0.497,167
idmap_r2,match,10000,0.498,167
idmap_r2,match,10000,0.499,167
idmap_r2,match,10000,0.5,167
idmap_r2,match,10000,0.501,167
idmap_r2,match,10000,0.502,167
idmap_r2,match,10000,0.503,167
idmap_r2,match,10000,0.504,167
idmap_r2,match,10000,0.505,167
idmap_r2,match,10000,0.506,167
idmap_r2,match,10000,0.507,167
idmap_r2,match,10000,0.508,167
idmap_r2,match,10000,0.509,167
idmap_r2,match,10000,0.51,167
idmap_r2,match,10000,0.511,167
idmap_r2,match,10000,0.512,167
idmap_r2,match,10000,0.513,167
idmap_r2,match,10000,0.514,167
idmap_r2,match,10000,0.515,167
idmap_r2,match,10000,0.516,167
idmap_r2,match,10000,0.517,167
idmap_r2,match,10000,0.518,167
idmap_r2,match,10000,0.519,167
idmap_r2,match,10000,0.52,167
idmap_r2,match,10000,0.521,167
idmap_r2,match,10000,0.522,167
idmap_r2,match,10000,0.523,167
idmap_r2,match,10000,0.524,167
idmap_r2,match,10000,0.525,167
idmap_r2,match,10000,0.526,167
idmap_r2,match,10000,0.527,167
idmap_r2,match,10000,0.528,167
idmap_r2,match,10000,0.529,167
idmap_r2,match,10000,0.53,167
idmap_r2,match,10000,0.531,167
idmap_r2,match,10000,0.532,167
idmap_r2,match,10000,0.533,167
idmap_r2,match,10000,0.534,167
idmap_r2,match,10000,0.535,167
idmap_r2,match,10000,0.536,167
idmap_r2,match,10000,0.537,167
idmap_r2,match,10000,0.538,167
idmap_r2,match,10000,0.539,167
idmap_r2,match,10000,0.54,167
idmap_r2,match,10000,0.541,167
idmap_r2,match,10000,0.542,167
idmap_r2,match,10000,0.543,167
idmap_r2,match,10000,0.544,167
idmap_r2,match,10000,0.545,167
idmap_r2,match,10000,0.546,167
idmap_r2,match,10000,0.547,167
idmap_r2,match,10000,0.548,167
idmap_r2,match,10000,0.549,167
idmap_r2,match,10000,0.55,208
idmap_r2,match,10000,0.551,208
idmap_r2,match,10000,0.552,208
idmap_r2,match,10000,0.553,208
idmap_r2,match,10000,0.554,208
idmap_r2,match,10000,0.555,208
idmap_r2,match,10000,0.556,208
idmap_r2,match,10000,0.557,208
idmap_r2,match,10000,0.558,208
idmap_r2,match,10000,0.559,208
idmap_r2,match,10000,0.56,208
idmap_r2,match,10000,0.561,208
idmap_r2,match,10000,0.562,208
idmap_r2,match,10000,0.563,208
idmap_r2,match,10000,0.564,208
idmap_r2,match,10000,0.565,208
idmap_r2,match,10000,0.566,208
idmap_r2,match,10000,0.567,208
idmap_r2,match,10000,0.568,208
idmap_r2,match,10000,0.569,208
idmap_r2,match,10000,0.57,208
idmap_r2,match,10000,0.571,208
idmap_r2,match,10000,0.572,208
idmap_r2,match,10000,0.573,208
idmap_r2,match,10000,0.574,208
idmap_r2,match,10000,0.575,208
idmap_r2,match,10000,0.576,208
idmap_r2,match,10000,0.577,208
idmap_r2,match,10000,0.578,208
idmap_r2,match,10000,0.579,208
idmap_r2,match,10000,0.58,208
idmap_r2,match,10000,0.581,208
idmap_r2,match,10000,0.582,208
idmap_r2,match,10000,0.583,208
idmap_r2,match,10000,0.584,208
idmap_r2,match,10000,0.585,208
idmap_r2,match,10000,0.586,208
idmap_r2,match,10000,0.587,208
idmap_r2,match,10000,0.588,208
idmap_r2,match,10000,0.589,208
idmap_r2,match,10000,0.59,208
idmap_r2,match,10000,0.591,208
idmap_r2,match,10000,0.592,208
idmap_r2,match,10000,0.593,208
idmap_r2,match,10000,0.594,208
idmap_r2,match,10000,0.595,208
idmap_r2,match,10000,0.596,208
idmap_r2,match,10000,0.597,208
idmap_r2,match,10000,0.598,208
idmap_r2,match,10000,0.599,208
idmap_r2,match,10000,0.6,208
idmap_r2,match,10000,0.601,208
idmap_r2,match,10000,0.602,208
idmap_r2,match,10000,0.603,208
idmap_r2,match,10000,0.604,208
idmap_r2,match,10000,0.605,208
idmap_r2,match,10000,0.606,208
idmap_r2,match,10000,0.607,208
idmap_r2,match,10000,0.608,208
idmap_r2,match,10000,0.609,208
idmap_r2,match,10000,0.61,208
idmap_r2,match,10000,0.611,208
idmap_r2,match,10000,0.612,208
idmap_r2,match,10000,0.613,208
idmap_r2,match,10000,0.614,208
idmap_r2,match,10000,0.615,208
idmap_r2,match,10000,0.616,208
idmap_r2,match,10000,0.617,208
idmap_r2,match,10000,0.618,208
idmap_r2,match,10000,0.619,208
idmap_r2,match,10000,0.62,208
idmap_r2,match,10000,0.621,208
idmap_r2,match,10000,0.622,208
idmap_r2,match,10000,0.623,208
idmap_r2,match,10000,0.624,208
idmap_r2,match,10000,0.625,208
idmap_r2,match,10000,0.626,208
idmap_r2,match,10000,0.627,209
idmap_r2,match,10000,0.628,209
idmap_r2,match,10000,0.629,209
idmap_r2,match,10000,0.63,209
idmap_r2,match,10000,0.631,209
idmap_r2,match,10000,0.632,209
idmap_r2,match,10000,0.633,209
idmap_r2,match,10000,0.634,209
idmap_r2,match,10000,0.635,209
idmap_r2,match,10000,0.636,209
idmap_r2,match,10000,0.637,209
idmap_r2,match,10000,0.638,209
idmap_r2,match,10000,0.639,209
idmap_r2,match,10000,0.64,209
idmap_r2,match,10000,0.641,209
idmap_r2,match,10000,0.642,209
idmap_r2,match,10000,0.643,209
idmap_r2,match,10000,0.644,209
idmap_r2,match,10000,0.645,209
idmap_r2,match,10000,0.646,209
idmap_r2,match,10000,0.647,209
idmap_r2,match,10000,0.648,209
idmap_r2,match,10000,0.649,209
idmap_r2,match,10000,0.65,209
idmap_r2,match,10000,0.651,209
idmap_r2,match,10000,0.652,209
idmap_r2,match,10000,0.653,209
idmap_r2,match,10000,0.654,209
idmap_r2,match,10000,0.655,209
idmap_r2,match,10000,0.656,209
idmap_r2,match,10000,0.657,209
idmap_r2,match,10000,0.658,209
idmap_r2,match,10000,0.659,209
idmap_r2,match,10000,0.66,209
idmap_r2,match,10000,0.661,209
idmap_r2,match,10000,0.662,209
idmap_r2,match,10000,0.663,209
idmap_r2,match,10000,0.664,209
idmap_r2,match,10000,0.665,209
idmap_r2,match,10000,0.666,250
idmap_r2,match,10000,0.667,250
idmap_r2,match,10000,0.668,250
idmap_r2,match,10000,0.669,250
idmap_r2,match,10000,0.67,250
idmap_r2,match,10000,0.671,250
idmap_r2,match,10000,0.672,250
idmap_r2,match,10000,0.673,250
idmap_r2,match,10000,0.674,250
idmap_r2,match,10000,0.675,250
idmap_r2,match,10000,0.676,250
idmap_r2,match,10000,0.677,250
idmap_r2,match,10000,0.678,250
idmap_r2,match,10000,0.679,250
idmap_r2,match,10000,0.68,250
idmap_r2,match,10000,0.681,250
idmap_r2,match,10000,0.682,250
idmap_r2,match,10000,0.683,250
idmap_r2,match,10000,0.684,250
idmap_r2,match,10000,0.685,250
idmap_r2,match,10000,0.686,250
idmap_r2,match,10000,0.687,250
idmap_r2,match,10000,0.688,250
idmap_r2,match,10000,0.689,250
idmap_r2,match,10000,0.69,250
idmap_r2,match,10000,0.691,250
idmap_r2,match,10000,0.692,250
idmap_r2,match,10000,0.693,250
idmap_r2,match,10000,0.694,250
idmap_r2,match,10000,0.695,250
idmap_r2,match,10000,0.696,250
idmap_r2,match,10000,0.697,250
idmap_r2,match,10000,0.698,250
idmap_r2,match,10000,0.699,250
idmap_r2,match,10000,0.7,250
idmap_r2,match,10000,0.701,250
idmap_r2,match,10000,0.702,250
idmap_r2,match,10000,0.703,250
idmap_r2,match,10000,0.704,250
idmap_r2,match,10000,0.705,250
idmap_r2,match,10000,0.706,250
idmap_r2,match,10000,0.707,250
idmap_r2,match,10000,0.708,250
idmap_r2,match,10000,0.709,250
idmap_r2,match,10000,0.71,250
idmap_r2,match,10000,0.711,250
idmap_r2,match,10000,0.712,250
idmap_r2,match,10000,0.713,250
idmap_r2,match,10000,0.714,250
idmap_r2,match,10000,0.715,250
idmap_r2,match,10000,0.716,250
idmap_r2,match,10000,0.717,250
idmap_r2,match,10000,0.718,250
idmap_r2,match,10000,0.719,250
idmap_r2,match,10000,0.72,250
idmap_r2,match,10000,0.721,250
idmap_r2,match,10000,0.722,250
idmap_r2,match,10000,0.723,250
idmap_r2,match,10000,0.724,250
idmap_r2,match,10000,0.725,250
idmap_r2,match,10000,0.726,250
idmap_r2,match,10000,0.727,250
idmap_r2,match,10000,0.728,250
idmap_r2,match,10000,0.729,250
idmap_r2,match,10000,0.73,250
idmap_r2,match,10000,0.731,250
idmap_r2,match,10000,0.732,250
idmap_r2,match,10000,0.733,250
idmap_r2,match,10000,0.734,250
idmap_r2,match,10000,0.735,250
idmap_r2,match,10000,0.736,250
idmap_r2,match,10000,0.737,250
idmap_r2,match,10000,0.738,250
idmap_r2,match,10000,0.739,250
idmap_r2,match,10000,0.74,250
idmap_r2,match,10000,0.741,250
idmap_r2,match,10000,0.742,250
idmap_r2,match,10000,0.743,250
idmap_r2,match,10000,0.744,250
idmap_r2,match,10000,0.745,250
idmap_r2,match,10000,0.746,250
idmap_r2,match,10000,0.747,250
idmap_r2,match,10000,0.748,250
idmap_r2,match,10000,0.749,250
idmap_r2,match,10000,0.75,250
idmap_r2,match,10000,0.751,250
idmap_r2,match,10000,0.752,250
idmap_r2,match,10000,0.753,250
idmap_r2,match,10000,0.754,250
idmap_r2,match,10000,0.755,250
idmap_r2,match,10000,0.756,291
idmap_r2,match,10000,0.757,291
idmap_r2,match,10000,0.758,291
idmap_r2,match,10000,0.759,291
idmap_r2,match,10000,0.76,291
idmap_r2,match,10000,0.761,291
idmap_r2,match,10000,0.762,291
idmap_r2,match,10000,0.763,291
idmap_r2,match,10000,0.764,291
idmap_r2,match,10000,0.765,291
idmap_r2,match,10000,0.766,291
idmap_r2,match,10000,0.767,291
idmap_r2,match,10000,0.768,291
idmap_r2,match,10000,0.769,291
idmap_r2,match,10000,0.77,291
idmap_r2,match,10000,0.771,291
idmap_r2,match,10000,0.772,291
idmap_r2,match,10000,0.773,291
idmap_r2,match,10000,0.774,291
idmap_r2,match,10000,0.775,291
idmap_r2,match,10000,0.776,291
idmap_r2,match,10000,0.777,291
idmap_r2,match,10000,0.778,291
idmap_r2,match,10000,0.779,291
idmap_r2,match,10000,0.78,291
idmap_r2,match,10000,0.781,291
idmap_r2,match,10000,0.782,291
idmap_r2,match,10000,0.783,292
idmap_r2,match,10000,0.784,292
idmap_r2,match,10000,0.785,292
idmap_r2,match,10000,0.786,292
idmap_r2,match,10000,0.787,292
idmap_r2,match,10000,0.788,292
idmap_r2,match,10000,0.789,292
idmap_r2,match,10000,0.79,292
idmap_r2,match,10000,0.791,292
idmap_r2,match,10000,0.792,292
idmap_r2,match,10000,0.793,292
idmap_r2,match,10000,0.794,292
idmap_r2,match,10000,0.795,292
idmap_r2,match,10000,0.796,292
idmap_r2,match,10000,0.797,292
idmap_r2,match,10000,0.798,292
idmap_r2,match,10000,0.799,292
idmap_r2,match,10000,0.8,292
idmap_r2,match,10000,0.801,292
idmap_r2,match,10000,0.802,292
idmap_r2,match,10000,0.803,292
idmap_r2,match,10000,0.804,292
idmap_r2,match,10000,0.805,292
idmap_r2,match,10000,0.806,292
idmap_r2,match,10000,0.807,292
idmap_r2,match,10000,0.808,292
idmap_r2,match,10000,0.809,292
idmap_r2,match,10000,0.81,292
idmap_r2,match,10000,0.811,292
idmap_r2,match,10000,0.812,292
idmap_r2,match,10000,0.813,292
idmap_r2,match,10000,0.814,292
idmap_r2,match,10000,0.815,292
idmap_r2,match,10000,0.816,292
idmap_r2,match,10000,0.817,292
idmap_r2,match,10000,0.818,292
idmap_r2,match,10000,0.819,292
idmap_r2,match,10000,0.82,292
idmap_r2,match,10000,0.821,292
idmap_r2,match,10000,0.822,292
idmap_r2,match,10000,0.823,292
idmap_r2,match,10000,0.824,292
idmap_r2,match,10000,0.825,292
idmap_r2,match,10000,0.826,292
idmap_r2,match,10000,0.827,292
idmap_r2,match,10000,0.828,292
idmap_r2,match,10000,0.829,292
idmap_r2,match,10000,0.83,292
idmap_r2,match,10000,0.831,292
idmap_r2,match,10000,0.832,292
idmap_r2,match,10000,0.833,292
idmap_r2,match,10000,0.834,292
idmap_r2,match,10000,0.835,292
idmap_r2,match,10000,0.836,333
idmap_r2,match,10000,0.837,333
idmap_r2,match,10000,0.838,333
idmap_r2,match,10000,0.839,333
idmap_r2,match,10000,0.84,333
idmap_r2,match,10000,0.841,333
idmap_r2,match,10000,0.842,333
idmap_r2,match,10000,0.843,333
idmap_r2,match,10000,0.844,333
idmap_r2,match,10000,0.845,333
idmap_r2,match,10000,0.846,333
idmap_r2,match,10000,0.847,333
idmap_r2,match,10000,0.848,333
idmap_r2,match,10000,0.849,333
idmap_r2,match,10000,0.85,333
idmap_r2,match,10000,0.851,333
idmap_r2,match,10000,0.852,333
idmap_r2,match,10000,0.853,333
idmap_r2,match,10000,0.854,333
idmap_r2,match,10000,0.855,333
idmap_r2,match,10000,0.856,333
idmap_r2,match,10000,0.857,333
idmap_r2,match,10000,0.858,333
idmap_r2,match,10000,0.859,333
idmap_r2,match,10000,0.86,333
idmap_r2,match,10000,0.861,333
idmap_r2,match,10000,0.862,333
idmap_r2,match,10000,0.863,333
idmap_r2,match,10000,0.864,333
idmap_r2,match,10000,0.865,333
idmap_r2,match,10000,0.866,333
idmap_r2,match,10000,0.867,333
idmap_r2,match,10000,0.868,333
idmap_r2,match,10000,0.869,334
idmap_r2,match,10000,0.87,334
idmap_r2,match,10000,0.871,334
idmap_r2,match,10000,0.872,334
idmap_r2,match,10000,0.873,334
idmap_r2,match,10000,0.874,334
idmap_r2,match,10000,0.875,334
idmap_r2,match,10000,0.876,334
idmap_r2,match,10000,0.877,334
idmap_r2,match,10000,0.878,334
idmap_r2,match,10000,0.879,334
idmap_r2,match,10000,0.88,334
idmap_r2,match,10000,0.881,334
idmap_r2,match,10000,0.882,334
idmap_r2,match,10000,0.883,334
idmap_r2,match,10000,0.884,334
idmap_r2,match,10000,0.885,334
idmap_r2,match,10000,0.886,375
idmap_r2,match,10000,0.887,375
idmap_r2,match,10000,0.888,375
idmap_r2,match,10000,0.889,375
idmap_r2,match,10000,0.89,375
idmap_r2,match,10000,0.891,375
idmap_r2,match,10000,0.892,375
idmap_r2,match,10000,0.893,375
idmap_r2,match,10000,0.894,375
idmap_r2,match,10000,0.895,375
idmap_r2,match,10000,0.896,375
idmap_r2,match,10000,0.897,375
idmap_r2,match,10000,0.898,375
idmap_r2,match,10000,0.899,375
idmap_r2,match,10000,0.9,375
idmap_r2,match,10000,0.901,375
idmap_r2,match,10000,0.902,375
idmap_r2,match,10000,0.903,375
idmap_r2,match,10000,0.904,375
idmap_r2,match,10000,0.905,375
idmap_r2,match,10000,0.906,375
idmap_r2,match,10000,0.907,375
idmap_r2,match,10000,0.908,375
idmap_r2,match,10000,0.909,375
idmap_r2,match,10000,0.91,375
idmap_r2,match,10000,0.911,375
idmap_r2,match,10000,0.912,375
idmap_r2,match,10000,0.913,375
idmap_r2,match,10000,0.914,375
idmap_r2,match,10000,0.915,375
idmap_r2,match,10000,0.916,375
idmap_r2,match,10000,0.917,375
idmap_r2,match,10000,0.918,375
idmap_r2,match,10000,0.919,375
idmap_r2,match,10000,0.92,416
idmap_r2,match,10000,0.921,416
idmap_r2,match,10000,0.922,416
idmap_r2,match,10000,0.923,416
idmap_r2,match,10000,0.924,416
idmap_r2,match,10000,0.925,416
idmap_r2,match,10000,0.926,416
idmap_r2,match,10000,0.927,416
idmap_r2,match,10000,0.928,417
idmap_r2,match,10000,0.929,417
idmap_r2,match,10000,0.93,417
idmap_r2,match,10000,0.931,417
idmap_r2,match,10000,0.932,417
idmap_r2,match,10000,0.933,417
idmap_r2,match,10000,0.934,417
idmap_r2,match,10000,0.935,417
idmap_r2,match,10000,0.936,417
idmap_r2,match,10000,0.937,417
idmap_r2,match,10000,0.938,417
idmap_r2,match,10000,0.939,417
idmap_r2,match,10000,0.94,417
idmap_r2,match,10000,0.941,417
idmap_r2,match,10000,0.942,458
idmap_r2,match,10000,0.943,458
idmap_r2,match,10000,0.944,458
idmap_r2,match,10000,0.945,458
idmap_r2,match,10000,0.946,458
idmap_r2,match,10000,0.947,458
idmap_r2,match,10000,0.948,458
idmap_r2,match,10000,0.949,458
idmap_r2,match,10000,0.95,458
idmap_r2,match,10000,0.951,459
idmap_r2,match,10000,0.952,459
idmap_r2,match,10000,0.953,459
idmap_r2,match,10000,0.954,459
idmap_r2,match,10000,0.955,500
idmap_r2,match,10000,0.956,500
idmap_r2,match,10000,0.957,500
idmap_r2,match,10000,0.958,500
idmap_r2,match,10000,0.959,500
idmap_r2,match,10000,0.96,500
idmap_r2,match,10000,0.961,500
idmap_r2,match,10000,0.962,500
idmap_r2,match,10000,0.963,500
idmap_r2,match,10000,0.964,500
idmap_r2,match,10000,0.965,500
idmap_r2,match,10000,0.966,500
idmap_r2,match,10000,0.967,541
idmap_r2,match,10000,0.968,541
idmap_r2,match,10000,0.969,541
idmap_r2,match,10000,0.97,542
idmap_r2,match,10000,0.971,542
idmap_r2,match,10000,0.972,542
idmap_r2,match,10000,0.973,542
idmap_r2,match,10000,0.974,542
idmap_r2,match,10000,0.975,542
idmap_r2,match,10000,0.976,583
idmap_r2,match,10000,0.977,583
idmap_r2,match,10000,0.978,583
idmap_r2,match,10000,0.979,583
idmap_r2,match,10000,0.98,584
idmap_r2,match,10000,0.981,584
idmap_r2,match,10000,0.982,625
idmap_r2,match,10000,0.983,625
idmap_r2,match,10000,0.984,625
idmap_r2,match,10000,0.985,625
idmap_r2,match,10000,0.986,625
idmap_r2,match,10000,0.987,666
idmap_r2,match,10000,0.988,667
idmap_r2,match,10000,0.989,667
idmap_r2,match,10000,0.99,708
idmap_r2,match,10000,0.991,708
idmap_r2,match,10000,0.992,709
idmap_r2,match,10000,0.993,750
idmap_r2,match,10000,0.994,750
idmap_r2,match,10000,0.995,833
idmap_r2,match,10000,0.996,875
idmap_r2,match,10000,0.997,1041
idmap_r2,match,10000,0.998,1750
idmap_r2,match,10000,0.999,17709
idmap_r2,add,100000,0,0
idmap_r2,add,100000,0.001,41
idmap_r2,add,100000,0.002,42
idmap_r2,add,100000,0.003,42
idmap_r2,add,100000,0.004,42
idmap_r2,add,100000,0.005,83
idmap_r2,add,100000,0.006,83
idmap_r2,add,100000,0.007,83
idmap_r2,add,100000,0.008,83
idmap_r2,add,100000,0.009,83
idmap_r2,add,100000,0.01,83
idmap_r2,add,100000,0.011,83
idmap_r2,add,100000,0.012,83
idmap_r2,add,100000,0.013,83
idmap_r2,add,100000,0.014,83
idmap_r2,add,100000,0.015,83
idmap_r2,add,100000,0.016,84
idmap_r2,add,100000,0.017,84
idmap_r2,add,100000,0.018,84
idmap_r2,add,100000,0.019,84
idmap_r2,add,100000,0.02,84
idmap_r2,add,100000,0.021,125
idmap_r2,add,100000,0.022,125
idmap_r2,add,100000,0.023,125
idmap_r2,add,100000,0.024,125
idmap_r2,add,100000,0.025,125
idmap_r2,add,100000,0.026,125
idmap_r2,add,100000,0.027,125
idmap_r2,add,100000,0.028,125
idmap_r2,add,100000,0.029,125
idmap_r2,add,100000,0.03,125
idmap_r2,add,100000,0.031,125
idmap_r2,add,100000,0.032,125
idmap_r2,add,100000,0.033,125
idmap_r2,add,100000,0.034,125
idmap_r2,add,100000,0.035,125
idmap_r2,add,100000,0.036,125
idmap_r2,add,100000,0.037,125
idmap_r2,add,100000,0.038,125
idmap_r2,add,100000,0.039,125
idmap_r2,add,100000,0.04,125
idmap_r2,add,100000,0.041,125
idmap_r2,add,100000,0.042,125
idmap_r2,add,100000,0.043,125
idmap_r2,add,100000,0.044,125
idmap_r2,add,100000,0.045,125
idmap_r2,add,100000,0.046,125
idmap_r2,add,100000,0.047,125
idmap_r2,add,100000,0.048,125
idmap_r2,add,100000,0.049,125
idmap_r2,add,100000,0.05,125
idmap_r2,add,100000,0.051,125
idmap_r2,add,100000,0.052,125
idmap_r2,add,100000,0.053,125
idmap_r2,add,100000,0.054,125
idmap_r2,add,100000,0.055,125
idmap_r2,add,100000,0.056,125
idmap_r2,add,100000,0.057,125
idmap_r2,add,100000,0.058,125
idmap_r2,add,100000,0.059,125
idmap_r2,add,100000,0.06,125
idmap_r2,add,100000,0.061,125
idmap_r2,add,100000,0.062,125
idmap_r2,add,100000,0.063,125
idmap_r2,add,100000,0.064,125
idmap_r2,add,100000,0.065,125
idmap_r2,add,100000,0.066,125
idmap_r2,add,100000,0.067,125
idmap_r2,add,100000,0.068,125
idmap_r2,add,100000,0.069,125
idmap_r2,add,100000,0.07,125
idmap_r2,add,100000,0.071,125
idmap_r2,add,100000,0.072,125
idmap_r2,add,100000,0.073,125
idmap_r2,add,100000,0.074,125
idmap_r2,add,100000,0.075,125
idmap_r2,add,100000,0.076,125
idmap_r2,add,100000,0.077,125
idmap_r2,add,100000,0.078,125
idmap_r2,add,100000,0.079,125
idmap_r2,add,100000,0.08,125
idmap_r2,add,100000,0.081,166
idmap_r2,add,100000,0.082,166
idmap_r2,add,100000,0.083,166
idmap_r2,add,100000,0.084,166
idmap_r2,add,100000,0.085,166
idmap_r2,add,100000,0.086,166
idmap_r2,add,100000,0.087,166
idmap_r2,add,100000,0.088,166
idmap_r2,add,100000,0.089,166
idmap_r2,add,100000,0.09,166
idmap_r2,add,100000,0.091,166
idmap_r2,add,100000,0.092,166
idmap_r2,add,100000,0.093,166
idmap_r2,add,100000,0.094,166
idmap_r2,add,100000,0.095,166
idmap_r2,add,100000,0.096,166
idmap_r2,add,100000,0.097,166
idmap_r2,add,100000,0.098,166
idmap_r2,add,100000,0.099,166
idmap_r2,add,100000,0.1,166
idmap_r2,add,100000,0.101,166
idmap_r2,add,100000,0.102,166
idmap_r2,add,100000,0.103,166
idmap_r2,add,100000,0.104,166
idmap_r2,add,100000,0.105,166
idmap_r2,add,100000,0.106,166
idmap_r2,add,100000,0.107,166
idmap_r2,add,100000,0.108,166
idmap_r2,add,100000,0.109,167
idmap_r2,add,100000,0.11,167
idmap_r2,add,100000,0.111,167
idmap_r2,add,100000,0.112,167
idmap_r2,add,100000,0.113,167
idmap_r2,add,100000,0.114,167
idmap_r2,add,100000,0.115,167
idmap_r2,add,100000,0.116,167
idmap_r2,add,100000,0.117,167
idmap_r2,add,100000,0.118,167
idmap_r2,add,100000,0.119,167
idmap_r2,add,100000,0.12,167
idmap_r2,add,100000,0.121,167
idmap_r2,add,100000,0.122,167
idmap_r2,add,100000,0.123,167
idmap_r2,add,100000,0.124,167
idmap_r2,add,100000,0.125,167
idmap_r2,add,100000,0.126,167
idmap_r2,add,100000,0.127,167
idmap_r2,add,100000,0.128,167
idmap_r2,add,100000,0.129,167
idmap_r2,add,100000,0.13,167
idmap_r2,add,100000,0.131,167
idmap_r2,add,100000,0.132,167
idmap_r2,add,100000,0.133,167
idmap_r2,add,100000,0.134,167
idmap_r2,add,100000,0.135,167
idmap_r2,add,100000,0.136,167
idmap_r2,add,100000,0.137,167
idmap_r2,add,100000,0.138,167
idmap_r2,add,100000,0.139,167
idmap_r2,add,100000,0.14,167
idmap_r2,add,100000,0.141,167
idmap_r2,add,100000,0.142,167
idmap_r2,add,100000,0.143,167
idmap_r2,add,100000,0.144,167
idmap_r2,add,100000,0.145,167
idmap_r2,add,100000,0.146,167
idmap_r2,add,100000,0.147,167
idmap_r2,add,100000,0.148,167
idmap_r2,add,100000,0.149,167
idmap_r2,add,100000,0.15,167
idmap_r2,add,100000,0.151,167
idmap_r2,add,100000,0.152,167
idmap_r2,add,100000,0.153,167
idmap_r2,add,100000,0.154,167
idmap_r2,add,100000,0.155,167
idmap_r2,add,100000,0.156,167
idmap_r2,add,100000,0.157,167
idmap_r2,add,100000,0.158,167
idmap_r2,add,100000,0.159,167
idmap_r2,add,100000,0.16,167
idmap_r2,add,100000,0.161,167
idmap_r2,add,100000,0.162,167
idmap_r2,add,100000,0.163,167
idmap_r2,add,100000,0.164,167
idmap_r2,add,100000,0.165,208
idmap_r2,add,100000,0.166,208
idmap_r2,add,100000,0.167,208
idmap_r2,add,100000,0.168,208
idmap_r2,add,100000,0.169,208
idmap_r2,add,100000,0.17,208
idmap_r2,add,100000,0.171,208
idmap_r2,add,100000,0.172,208
idmap_r2,add,100000,0.173,208
idmap_r2,add,100000,0.174,208
idmap_r2,add,100000,0.175,208
idmap_r2,add,100000,0.176,208
idmap_r2,add,100000,0.177,208
idmap_r2,add,100000,0.178,208
idmap_r2,add,100000,0.179,208
idmap_r2,add,100000,0.18,208
idmap_r2,add,100000,0.181,208
idmap_r2,add,100000,0.182,208
idmap_r2,add,100000,0.183,208
idmap_r2,add,100000,0.184,208
idmap_r2,add,100000,0.185,208
idmap_r2,add,100000,0.186,208
idmap_r2,add,100000,0.187,208
idmap_r2,add,100000,0.188,208
idmap_r2,add,100000,0.189,208
idmap_r2,add,100000,0.19,208
idmap_r2,add,100000,0.191,208
idmap_r2,add,100000,0.192,208
idmap_r2,add,100000,0.193,208
idmap_r2,add,100000,0.194,208
idmap_r2,add,100000,0.195,208
idmap_r2,add,100000,0.196,208
idmap_r2,add,100000,0.197,208
idmap_r2,add,100000,0.198,208
idmap_r2,add,100000,0.199,208
idmap_r2,add,100000,0.2,208
idmap_r2,add,100000,0.201,208
idmap_r2,add,100000,0.202,208
idmap_r2,add,100000,0.203,208
idmap_r2,add,100000,0.204,208
idmap_r2,add,100000,0.205,208
idmap_r2,add,100000,0.206,208
idmap_r2,add,100000,0.207,208
idmap_r2,add,100000,0.208,208
idmap_r2,add,100000,0.209,208
idmap_r2,add,100000,0.21,208
idmap_r2,add,100000,0.211,208
idmap_r2,add,100000,0.212,208
idmap_r2,add,100000,0.213,208
idmap_r2,add,100000,0.214,208
idmap_r2,add,100000,0.215,209
idmap_r2,add,100000,0.216,209
idmap_r2,add,100000,0.217,209
idmap_r2,add,100000,0.218,209
idmap_r2,add,100000,0.219,209
idmap_r2,add,100000,0.22,209
idmap_r2,add,100000,0.221,209
idmap_r2,add,100000,0.222,209
idmap_r2,add,100000,0.223,209
idmap_r2,add,100000,0.224,209
idmap_r2,add,100000,0.225,209
idmap_r2,add,100000,0.226,209
idmap_r2,add,100000,0.227,209
idmap_r2,add,100000,0.228,209
idmap_r2,add,100000,0.229,209
idmap_r2,add,100000,0.23,209
idmap_r2,add,100000,0.231,209
idmap_r2,add,100000,0.232,209
idmap_r2,add,100000,0.233,209
idmap_r2,add,100000,0.234,209
idmap_r2,add,100000,0.235,209
idmap_r2,add,100000,0.236,209
idmap_r2,add,100000,0.237,209
idmap_r2,add,100000,0.238,209
idmap_r2,add,100000,0.239,209
idmap_r2,add,100000,0.24,250
idmap_r2,add,100000,0.241,250
idmap_r2,add,100000,0.242,250
idmap_r2,add,100000,0.243,250
idmap_r2,add,100000,0.244,250
idmap_r2,add,100000,0.245,250
idmap_r2,add,100000,0.246,250
idmap_r2,add,100000,0.247,250
idmap_r2,add,100000,0.248,250
idmap_r2,add,100000,0.249,250
idmap_r2,add,100000,0.25,250
idmap_r2,add,100000,0.251,250
idmap_r2,add,100000,0.252,250
idmap_r2,add,100000,0.253,250
idmap_r2,add,100000,0.254,250
idmap_r2,add,100000,0.255,250
idmap_r2,add,100000,0.256,250
idmap_r2,add,100000,0.257,250
idmap_r2,add,100000,0.258,250
idmap_r2,add,100000,0.259,250
idmap_r2,add,100000,0.26,250
idmap_r2,add,100000,0.261,250
idmap_r2,add,100000,0.262,250
idmap_r2,add,100000,0.263,250
idmap_r2,add,100000,0.264,250
idmap_r2,add,100000,0.265,250
idmap_r2,add,100000,0.266,250
idmap_r2,add,100000,0.267,250
idmap_r2,add,100000,0.268,250
idmap_r2,add,100000,0.269,250
idmap_r2,add,100000,0.27,250
idmap_r2,add,100000,0.271,250
idmap_r2,add,100000,0.272,250
idmap_r2,add,100000,0.273,250
idmap_r2,add,100000,0.274,250
idmap_r2,add,100000,0.275,250
idmap_r2,add,100000,0.276,250
idmap_r2,add,100000,0.277,250
idmap_r2,add,100000,0.278,250
idmap_r2,add,100000,0.279,250
idmap_r2,add,100000,0.28,250
idmap_r2,add,100000,0.281,250
idmap_r2,add,100000,0.282,250
idmap_r2,add,100000,0.283,250
idmap_r2,add,100000,0.284,250
idmap_r2,add,100000,0.285,250
idmap_r2,add,100000,0.286,250
idmap_r2,add,100000,0.287,250
idmap_r2,add,100000,0.288,250
idmap_r2,add,100000,0.289,250
idmap_r2,add,100000,0.29,250
idmap_r2,add,100000,0.291,250
idmap_r2,add,100000,0.292,250
idmap_r2,add,100000,0.293,250
idmap_r2,add,100000,0.294,250
idmap_r2,add,100000,0.295,250
idmap_r2,add,100000,0.296,250
idmap_r2,add,100000,0.297,250
idmap_r2,add,100000,0.298,250
idmap_r2,add,100000,0.299,250
idmap_r2,add,100000,0.3,250
idmap_r2,add,100000,0.301,250
idmap_r2,add,100000,0.302,250
idmap_r2,add,100000,0.303,250
idmap_r2,add,100000,0.304,250
idmap_r2,add,100000,0.305,250
idmap_r2,add,100000,0.306,250
idmap_r2,add,100000,0.307,250
idmap_r2,add,100000,0.308,250
idmap_r2,add,100000,0.309,250
idmap_r2,add,100000,0.31,250
idmap_r2,add,100000,0.311,250
idmap_r2,add,100000,0.312,250
idmap_r2,add,100000,0.313,250
idmap_r2,add,100000,0.314,250
idmap_r2,add,100000,0.315,250
idmap_r2,add,100000,0.316,250
idmap_r2,add,100000,0.317,250
idmap_r2,add,100000,0.318,250
idmap_r2,add,100000,0.319,250
idmap_r2,add,100000,0.32,250
idmap_r2,add,100000,0.321,250
idmap_r2,add,100000,0.322,250
idmap_r2,add,100000,0.323,250
idmap_r2,add,100000,0.324,250
idmap_r2,add,100000,0.325,250
idmap_r2,add,100000,0.326,250
idmap_r2,add,100000,0.327,250
idmap_r2,add,100000,0.328,250
idmap_r2,add,100000,0.329,250
idmap_r2,add,100000,0.33,250
idmap_r2,add,100000,0.331,250
idmap_r2,add,100000,0.332,250
idmap_r2,add,100000,0.333,250
idmap_r2,add,100000,0.334,250
idmap_r2,add,100000,0.335,250
idmap_r2,add,100000,0.336,250
idmap_r2,add,100000,0.337,250
idmap_r2,add,100000,0.338,250
idmap_r2,add,100000,0.339,250
idmap_r2,add,100000,0.34,250
idmap_r2,add,100000,0.341,250
idmap_r2,add,100000,0.342,250
idmap_r2,add,100000,0.343,250
idmap_r2,add,100000,0.344,250
idmap_r2,add,100000,0.345,250
idmap_r2,add,100000,0.346,250
idmap_r2,add,100000,0.347,250
idmap_r2,add,100000,0.348,250
idmap_r2,add,100000,0.349,250
idmap_r2,add,100000,0.35,250
idmap_r2,add,100000,0.351,250
idmap_r2,add,100000,0.352,250
idmap_r2,add,100000,0.353,250
idmap_r2,add,100000,0.354,250
idmap_r2,add,100000,0.355,250
idmap_r2,add,100000,0.356,250
idmap_r2,add,100000,0.357,250
idmap_r2,add,100000,0.358,250
idmap_r2,add,100000,0.359,250
idmap_r2,add,100000,0.36,250
idmap_r2,add,100000,0.361,250
idmap_r2,add,100000,0.362,250
idmap_r2,add,100000,0.363,250
idmap_r2,add,100000,0.364,250
idmap_r2,add,100000,0.365,250
idmap_r2,add,100000,0.366,250
idmap_r2,add,100000,0.367,250
idmap_r2,add,100000,0.368,250
idmap_r2,add,100000,0.369,250
idmap_r2,add,100000,0.37,250
idmap_r2,add,100000,0.371,250
idmap_r2,add,100000,0.372,250
idmap_r2,add,100000,0.373,250
idmap_r2,add,100000,0.374,250
idmap_r2,add,100000,0.375,250
idmap_r2,add,100000,0.376,250
idmap_r2,add,100000,0.377,250
idmap_r2,add,100000,0.378,250
idmap_r2,add,100000,0.379,250
idmap_r2,add,100000,0.38,250
idmap_r2,add,100000,0.381,250
idmap_r2,add,100000,0.382,250
idmap_r2,add,100000,0.383,250
idmap_r2,add,100000,0.384,250
idmap_r2,add,100000,0.385,250
idmap_r2,add,100000,0.386,250
idmap_r2,add,100000,0.387,250
idmap_r2,add,100000,0.388,250
idmap_r2,add,100000,0.389,250
idmap_r2,add,100000,0.39,250
idmap_r2,add,100000,0.391,250
idmap_r2,add,100000,0.392,250
idmap_r2,add,100000,0.393,250
idmap_r2,add,100000,0.394,250
idmap_r2,add,100000,0.395,250
idmap_r2,add,100000,0.396,250
idmap_r2,add,100000,0.397,250
idmap_r2,add,100000,0.398,250
idmap_r2,add,100000,0.399,250
idmap_r2,add,100000,0.4,250
idmap_r2,add,100000,0.401,250
idmap_r2,add,100000,0.402,250
idmap_r2,add,100000,0.403,250
idmap_r2,add,100000,0.404,250
idmap_r2,add,100000,0.405,250
idmap_r2,add,100000,0.406,250
idmap_r2,add,100000,0.407,250
idmap_r2,add,100000,0.408,250
idmap_r2,add,100000,0.409,250
idmap_r2,add,100000,0.41,250
idmap_r2,add,100000,0.411,250
idmap_r2,add,100000,0.412,250
idmap_r2,add,100000,0.413,250
idmap_r2,add,100000,0.414,250
idmap_r2,add,100000,0.415,250
idmap_r2,add,100000,0.416,250
idmap_r2,add,100000,0.417,250
idmap_r2,add,100000,0.418,250
idmap_r2,add,100000,0.419,250
idmap_r2,add,100000,0.42,250
idmap_r2,add,100000,0.421,250
idmap_r2,add,100000,0.422,250
idmap_r2,add,100000,0.423,250
idmap_r2,add,100000,0.424,250
idmap_r2,add,100000,0.425,250
idmap_r2,add,100000,0.426,250
idmap_r2,add,100000,0.427,250
idmap_r2,add,100000,0.428,250
idmap_r2,add,100000,0.429,250
idmap_r2,add,100000,0.43,250
idmap_r2,add,100000,0.431,250
idmap_r2,add,100000,0.432,250
idmap_r2,add,100000,0.433,250
idmap_r2,add,100000,0.434,250
idmap_r2,add,100000,0.435,250
idmap_r2,add,100000,0.436,250
idmap_r2,add,100000,0.437,291
idmap_r2,add,100000,0.438,291
idmap_r2,add,100000,0.439,291
idmap_r2,add,100000,0.44,291
idmap_r2,add,100000,0.441,291
idmap_r2,add,100000,0.442,291
idmap_r2,add,100000,0.443,291
idmap_r2,add,100000,0.444,291
idmap_r2,add,100000,0.445,291
idmap_r2,add,100000,0.446,291
idmap_r2,add,100000,0.447,291
idmap_r2,add,100000,0.448,291
idmap_r2,add,100000,0.449,291
idmap_r2,add,100000,0.45,291
idmap_r2,add,100000,0.451,291
idmap_r2,add,100000,0.452,291
idmap_r2,add,100000,0.453,291
idmap_r2,add,100000,0.454,291
idmap_r2,add,100000,0.455,291
idmap_r2,add,100000,0.456,291
idmap_r2,add,100000,0.457,291
idmap_r2,add,100000,0.458,291
idmap_r2,add,100000,0.459,291
idmap_r2,add,100000,0.46,291
idmap_r2,add,100000,0.461,291
idmap_r2,add,100000,0.462,291
idmap_r2,add,100000,0.463,291
idmap_r2,add,100000,0.464,291
idmap_r2,add,100000,0.465,291
idmap_r2,add,100000,0.466,291
idmap_r2,add,100000,0.467,291
idmap_r2,add,100000,0.468,291
idmap_r2,add,100000,0.469,291
idmap_r2,add,100000,0.47,291
idmap_r2,add,100000,0.471,291
idmap_r2,add,100000,0.472,291
idmap_r2,add,100000,0.473,291
idmap_r2,add,100000,0.474,291
idmap_r2,add,100000,0.475,291
idmap_r2,add,100000,0.476,291
idmap_r2,add,100000,0.477,291
idmap_r2,add,100000,0.478,291
idmap_r2,add,100000,0.479,291
idmap_r2,add,100000,0.48,291
idmap_r2,add,100000,0.481,291
idmap_r2,add,100000,0.482,291
idmap_r2,add,100000,0.483,291
idmap_r2,add,100000,0.484,291
idmap_r2,add,100000,0.485,292
idmap_r2,add,100000,0.486,292
idmap_r2,add,100000,0.487,292
idmap_r2,add,100000,0.488,292
idmap_r2,add,100000,0.489,292
idmap_r2,add,100000,0.49,292
idmap_r2,add,100000,0.491,292
idmap_r2,add,100000,0.492,292
idmap_r2,add,100000,0.493,292
idmap_r2,add,100000,0.494,292
idmap_r2,add,100000,0.495,292
idmap_r2,add,100000,0.496,292
idmap_r2,add,100000,0.497,292
idmap_r2,add,100000,0.498,292
idmap_r2,add,100000,0.499,292
idmap_r2,add,100000,0.5,292
idmap_r2,add,100000,0.501,292
idmap_r2,add,100000,0.502,292
idmap_r2,add,100000,0.503,292
idmap_r2,add,100000,0.504,292
idmap_r2,add,100000,0.505,292
idmap_r2,add,100000,0.506,292
idmap_r2,add,100000,0.507,292
idmap_r2,add,100000,0.508,292
idmap_r2,add,100000,0.509,292
idmap_r2,add,100000,0.51,292
idmap_r2,add,100000,0.511,292
idmap_r2,add,100000,0.512,292
idmap_r2,add,100000,0.513,292
idmap_r2,add,100000,0.514,292
idmap_r2,add,100000,0.515,292
idmap_r2,add,100000,0.516,292
idmap_r2,add,100000,0.517,292
idmap_r2,add,100000,0.518,292
idmap_r2,add,100000,0.519,292
idmap_r2,add,100000,0.52,292
idmap_r2,add,100000,0.521,292
idmap_r2,add,100000,0.522,292
idmap_r2,add,100000,0.523,292
idmap_r2,add,100000,0.524,292
idmap_r2,add,100000,0.525,292
idmap_r2,add,100000,0.526,292
idmap_r2,add,100000,0.527,292
idmap_r2,add,100000,0.528,292
idmap_r2,add,100000,0.529,292
idmap_r2,add,100000,0.53,292
idmap_r2,add,100000,0.531,292
idmap_r2,add,100000,0.532,292
idmap_r2,add,100000,0.533,292
idmap_r2,add,100000,0.534,292
idmap_r2,add,100000,0.535,292
idmap_r2,add,100000,0.536,292
idmap_r2,add,100000,0.537,292
idmap_r2,add,100000,0.538,292
idmap_r2,add,100000,0.539,292
idmap_r2,add,100000,0.54,292
idmap_r2,add,100000,0.541,292
idmap_r2,add,100000,0.542,292
idmap_r2,add,100000,0.543,292
idmap_r2,add,100000,0.544,292
idmap_r2,add,100000,0.545,292
idmap_r2,add,100000,0.546,292
idmap_r2,add,100000,0.547,292
idmap_r2,add,100000,0.548,292
idmap_r2,add,100000,0.549,292
idmap_r2,add,100000,0.55,292
idmap_r2,add,100000,0.551,292
idmap_r2,add,100000,0.552,292
idmap_r2,add,100000,0.553,292
idmap_r2,add,100000,0.554,292
idmap_r2,add,100000,0.555,292
idmap_r2,add,100000,0.556,292
idmap_r2,add,100000,0.557,292
idmap_r2,add,100000,0.558,292
idmap_r2,add,100000,0.559,292
idmap_r2,add,100000,0.56,292
idmap_r2,add,100000,0.561,292
idmap_r2,add,100000,0.562,292
idmap_r2,add,100000,0.563,292
idmap_r2,add,100000,0.564,292
idmap_r2,add,100000,0.565,292
idmap_r2,add,100000,0.566,292
idmap_r2,add,100000,0.567,292
idmap_r2,add,100000,0.568,292
idmap_r2,add,100000,0.569,292
idmap_r2,add,100000,0.57,292
idmap_r2,add,100000,0.571,292
idmap_r2,add,100000,0.572,292
idmap_r2,add,100000,0.573,292
idmap_r2,add,100000,0.574,292
idmap_r2,add,100000,0.575,292
idmap_r2,add,100000,0.576,292
idmap_r2,add,100000,0.577,292
idmap_r2,add,100000,0.578,292
idmap_r2,add,100000,0.579,292
idmap_r2,add,100000,0.58,292
idmap_r2,add,100000,0.581,333
idmap_r2,add,100000,0.582,333
idmap_r2,add,100000,0.583,333
idmap_r2,add,100000,0.584,333
idmap_r2,add,100000,0.585,333
idmap_r2,add,100000,0.586,333
idmap_r2,add,100000,0.587,333
idmap_r2,add,100000,0.588,333
idmap_r2,add,100000,0.589,333
idmap_r2,add,100000,0.59,333
idmap_r2,add,100000,0.591,333
idmap_r2,add,100000,0.592,333
idmap_r2,add,100000,0.593,333
idmap_r2,add,100000,0.594,333
idmap_r2,add,100000,0.595,333
idmap_r2,add,100000,0.596,333
idmap_r2,add,100000,0.597,333
idmap_r2,add,100000,0.598,333
idmap_r2,add,100000,0.599,333
idmap_r2,add,100000,0.6,333
idmap_r2,add,100000,0.601,333
idmap_r2,add,100000,0.602,333
idmap_r2,add,100000,0.603,333
idmap_r2,add,100000,0.604,333
idmap_r2,add,100000,0.605,333
idmap_r2,add,100000,0.606,333
idmap_r2,add,100000,0.607,333
idmap_r2,add,100000,0.608,333
idmap_r2,add,100000,0.609,333
idmap_r2,add,100000,0.61,333
idmap_r2,add,100000,0.611,333
idmap_r2,add,100000,0.612,333
idmap_r2,add,100000,0.613,333
idmap_r2,add,100000,0.614,333
idmap_r2,add,100000,0.615,333
idmap_r2,add,100000,0.616,333
idmap_r2,add,100000,0.617,333
idmap_r2,add,100000,0.618,333
idmap_r2,add,100000,0.619,333
idmap_r2,add,100000,0.62,333
idmap_r2,add,100000,0.621,333
idmap_r2,add,100000,0.622,333
idmap_r2,add,100000,0.623,333
idmap_r2,add,100000,0.624,333
idmap_r2,add,100000,0.625,333
idmap_r2,add,100000,0.626,333
idmap_r2,add,100000,0.627,333
idmap_r2,add,100000,0.628,333
idmap_r2,add,100000,0.629,333
idmap_r2,add,100000,0.63,333
idmap_r2,add,100000,0.631,333
idmap_r2,add,100000,0.632,333
idmap_r2,add,100000,0.633,333
idmap_r2,add,100000,0.634,333
idmap_r2,add,100000,0.635,333
idmap_r2,add,100000,0.636,333
idmap_r2,add,100000,0.637,333
idmap_r2,add,100000,0.638,333
idmap_r2,add,100000,0.639,333
idmap_r2,add,100000,0.64,333
idmap_r2,add,100000,0.641,333
idmap_r2,add,100000,0.642,333
idmap_r2,add,100000,0.643,333
idmap_r2,add,100000,0.644,333
idmap_r2,add,100000,0.645,333
idmap_r2,add,100000,0.646,333
idmap_r2,add,100000,0.647,333
idmap_r2,add,100000,0.648,333
idmap_r2,add,100000,0.649,333
idmap_r2,add,100000,0.65,333
idmap_r2,add,100000,0.651,333
idmap_r2,add,100000,0.652,333
idmap_r2,add,100000,0.653,333
idmap_r2,add,100000,0.654,333
idmap_r2,add,100000,0.655,333
idmap_r2,add,100000,0.656,333
idmap_r2,add,100000,0.657,333
idmap_r2,add,100000,0.658,333
idmap_r2,add,100000,0.659,333
idmap_r2,add,100000,0.66,333
idmap_r2,add,100000,0.661,333
idmap_r2,add,100000,0.662,333
idmap_r2,add,100000,0.663,333
idmap_r2,add,100000,0.664,333
idmap_r2,add,100000,0.665,333
idmap_r2,add,100000,0.666,333
idmap_r2,add,100000,0.667,333
idmap_r2,add,100000,0.668,333
idmap_r2,add,100000,0.669,333
idmap_r2,add,100000,0.67,333
idmap_r2,add,100000,0.671,333
idmap_r2,add,100000,0.672,333
idmap_r2,add,100000,0.673,333
idmap_r2,add,100000,0.674,333
idmap_r2,add,100000,0.675,333
idmap_r2,add,100000,0.676,333
idmap_r2,add,100000,0.677,333
idmap_r2,add,100000,0.678,333
idmap_r2,add,100000,0.679,333
idmap_r2,add,100000,0.68,334
idmap_r2,add,100000,0.681,334
idmap_r2,add,100000,0.682,334
idmap_r2,add,100000,0.683,334
idmap_r2,add,100000,0.684,334
idmap_r2,add,100000,0.685,334
idmap_r2,add,100000,0.686,334
idmap_r2,add,100000,0.687,334
idmap_r2,add,100000,0.688,334
idmap_r2,add,100000,0.689,334
idmap_r2,add,100000,0.69,334
idmap_r2,add,100000,0.691,334
idmap_r2,add,100000,0.692,334
idmap_r2,add,100000,0.693,334
idmap_r2,add,100000,0.694,334
idmap_r2,add,100000,0.695,334
idmap_r2,add,100000,0.696,334
idmap_r2,add,100000,0.697,334
idmap_r2,add,100000,0.698,334
idmap_r2,add,100000,0.699,334
idmap_r2,add,100000,0.7,334
idmap_r2,add,100000,0.701,334
idmap_r2,add,100000,0.702,334
idmap_r2,add,100000,0.703,334
idmap_r2,add,100000,0.704,334
idmap_r2,add,100000,0.705,334
idmap_r2,add,100000,0.706,334
idmap_r2,add,100000,0.707,334
idmap_r2,add,100000,0.708,334
idmap_r2,add,100000,0.709,334
idmap_r2,add,100000,0.71,334
idmap_r2,add,100000,0.711,334
idmap_r2,add,100000,0.712,334
idmap_r2,add,100000,0.713,334
idmap_r2,add,100000,0.714,334
idmap_r2,add,100000,0.715,334
idmap_r2,add,100000,0.716,334
idmap_r2,add,100000,0.717,334
idmap_r2,add,100000,0.718,334
idmap_r2,add,100000,0.719,334
idmap_r2,add,100000,0.72,334
idmap_r2,add,100000,0.721,334
idmap_r2,add,100000,0.722,334
idmap_r2,add,100000,0.723,334
idmap_r2,add,100000,0.724,334
idmap_r2,add,100000,0.725,334
idmap_r2,add,100000,0.726,334
idmap_r2,add,100000,0.727,334
idmap_r2,add,100000,0.728,334
idmap_r2,add,100000,0.729,375
idmap_r2,add,100000,0.73,375
idmap_r2,add,100000,0.731,375
idmap_r2,add,100000,0.732,375
idmap_r2,add,100000,0.733,375
idmap_r2,add,100000,0.734,375
idmap_r2,add,100000,0.735,375
idmap_r2,add,100000,0.736,375
idmap_r2,add,100000,0.737,375
idmap_r2,add,100000,0.738,375
idmap_r2,add,100000,0.739,375
idmap_r2,add,100000,0.74,375
idmap_r2,add,100000,0.741,375
idmap_r2,add,100000,0.742,375
idmap_r2,add,100000,0.743,375
idmap_r2,add,100000,0.744,375
idmap_r2,add,100000,0.745,375
idmap_r2,add,100000,0.746,375
idmap_r2,add,100000,0.747,375
idmap_r2,add,100000,0.748,375
idmap_r2,add,100000,0.749,375
idmap_r2,add,100000,0.75,375
idmap_r2,add,100000,0.751,375
idmap_r2,add,100000,0.752,375
idmap_r2,add,100000,0.753,375
idmap_r2,add,100000,0.754,375
idmap_r2,add,100000,0.755,375
idmap_r2,add,100000,0.756,375
idmap_r2,add,100000,0.757,375
idmap_r2,add,100000,0.758,375
idmap_r2,add,100000,0.759,375
idmap_r2,add,100000,0.76,375
idmap_r2,add,100000,0.761,375
idmap_r2,add,100000,0.762,375
idmap_r2,add,100000,0.763,375
idmap_r2,add,100000,0.764,375
idmap_r2,add,100000,0.765,375
idmap_r2,add,100000,0.766,375
idmap_r2,add,100000,0.767,375
idmap_r2,add,100000,0.768,375
idmap_r2,add,100000,0.769,375
idmap_r2,add,100000,0.77,375
idmap_r2,add,100000,0.771,375
idmap_r2,add,100000,0.772,375
idmap_r2,add,100000,0.773,375
idmap_r2,add,100000,0.774,375
idmap_r2,add,100000,0.775,375
idmap_r2,add,100000,0.776,375
idmap_r2,add,100000,0.777,375
idmap_r2,add,100000,0.778,375
idmap_r2,add,100000,0.779,375
idmap_r2,add,100000,0.78,375
idmap_r2,add,100000,0.781,375
idmap_r2,add,100000,0.782,375
idmap_r2,add,100000,0.783,375
idmap_r2,add,100000,0.784,375
idmap_r2,add,100000,0.785,375
idmap_r2,add,100000,0.786,375
idmap_r2,add,100000,0.787,375
idmap_r2,add,100000,0.788,375
idmap_r2,add,100000,0.789,375
idmap_r2,add,100000,0.79,375
idmap_r2,add,100000,0.791,375
idmap_r2,add,100000,0.792,375
idmap_r2,add,100000,0.793,375
idmap_r2,add,100000,0.794,375
idmap_r2,add,100000,0.795,375
idmap_r2,add,100000,0.796,375
idmap_r2,add,100000,0.797,375
idmap_r2,add,100000,0.798,375
idmap_r2,add,100000,0.799,375
idmap_r2,add,100000,0.8,375
idmap_r2,add,100000,0.801,375
idmap_r2,add,100000,0.802,375
idmap_r2,add,100000,0.803,375
idmap_r2,add,100000,0.804,375
idmap_r2,add,100000,0.805,375
idmap_r2,add,100000,0.806,375
idmap_r2,add,100000,0.807,375
idmap_r2,add,100000,0.808,375
idmap_r2,add,100000,0.809,375
idmap_r2,add,100000,0.81,375
idmap_r2,add,100000,0.811,375
idmap_r2,add,100000,0.812,375
idmap_r2,add,100000,0.813,375
idmap_r2,add,100000,0.814,375
idmap_r2,add,100000,0.815,375
idmap_r2,add,100000,0.816,375
idmap_r2,add,100000,0.817,375
idmap_r2,add,100000,0.818,375
idmap_r2,add,100000,0.819,375
idmap_r2,add,100000,0.82,375
idmap_r2,add,100000,0.821,375
idmap_r2,add,100000,0.822,375
idmap_r2,add,100000,0.823,375
idmap_r2,add,100000,0.824,375
idmap_r2,add,100000,0.825,416
idmap_r2,add,100000,0.826,416
idmap_r2,add,100000,0.827,416
idmap_r2,add,100000,0.828,416
idmap_r2,add,100000,0.829,416
idmap_r2,add,100000,0.83,416
idmap_r2,add,100000,0.831,416
idmap_r2,add,100000,0.832,416
idmap_r2,add,100000,0.833,416
idmap_r2,add,100000,0.834,416
idmap_r2,add,100000,0.835,416
idmap_r2,add,100000,0.836,416
idmap_r2,add,100000,0.837,416
idmap_r2,add,100000,0.838,416
idmap_r2,add,100000,0.839,416
idmap_r2,add,100000,0.84,416
idmap_r2,add,100000,0.841,416
idmap_r2,add,100000,0.842,416
idmap_r2,add,100000,0.843,416
idmap_r2,add,100000,0.844,416
idmap_r2,add,100000,0.845,416
idmap_r2,add,100000,0.846,416
idmap_r2,add,100000,0.847,417
idmap_r2,add,100000,0.848,417
idmap_r2,add,100000,0.849,417
idmap_r2,add,100000,0.85,417
idmap_r2,add,100000,0.851,417
idmap_r2,add,100000,0.852,417
idmap_r2,add,100000,0.853,417
idmap_r2,add,100000,0.854,417
idmap_r2,add,100000,0.855,417
idmap_r2,add,100000,0.856,417
idmap_r2,add,100000,0.857,417
idmap_r2,add,100000,0.858,417
idmap_r2,add,100000,0.859,417
idmap_r2,add,100000,0.86,417
idmap_r2,add,100000,0.861,417
idmap_r2,add,100000,0.862,417
idmap_r2,add,100000,0.863,417
idmap_r2,add,100000,0.864,417
idmap_r2,add,100000,0.865,417
idmap_r2,add,100000,0.866,417
idmap_r2,add,100000,0.867,417
idmap_r2,add,100000,0.868,417
idmap_r2,add,100000,0.869,417
idmap_r2,add,100000,0.87,417
idmap_r2,add,100000,0.871,417
idmap_r2,add,100000,0.872,417
idmap_r2,add,100000,0.873,417
idmap_r2,add,100000,0.874,417
idmap_r2,add,100000,0.875,417
idmap_r2,add,100000,0.876,417
idmap_r2,add,100000,0.877,417
idmap_r2,add,100000,0.878,417
idmap_r2,add,100000,0.879,417
idmap_r2,add,100000,0.88,417
idmap_r2,add,100000,0.881,417
idmap_r2,add,100000,0.882,417
idmap_r2,add,100000,0.883,417
idmap_r2,add,100000,0.884,417
idmap_r2,add,100000,0.885,417
idmap_r2,add,100000,0.886,417
idmap_r2,add,100000,0.887,417
idmap_r2,add,100000,0.888,417
idmap_r2,add,100000,0.889,417
idmap_r2,add,100000,0.89,417
idmap_r2,add,100000,0.891,458
idmap_r2,add,100000,0.892,458
idmap_r2,add,100000,0.893,458
idmap_r2,add,100000,0.894,458
idmap_r2,add,100000,0.895,458
idmap_r2,add,100000,0.896,458
idmap_r2,add,100000,0.897,458
idmap_r2,add,100000,0.898,458
idmap_r2,add,100000,0.899,458
idmap_r2,add,100000,0.9,458
idmap_r2,add,100000,0.901,458
idmap_r2,add,100000,0.902,458
idmap_r2,add,100000,0.903,458
idmap_r2,add,100000,0.904,458
idmap_r2,add,100000,0.905,458
idmap_r2,add,100000,0.906,458
idmap_r2,add,100000,0.907,458
idmap_r2,add,100000,0.908,458
idmap_r2,add,100000,0.909,458
idmap_r2,add,100000,0.91,458
idmap_r2,add,100000,0.911,458
idmap_r2,add,100000,0.912,458
idmap_r2,add,100000,0.913,458
idmap_r2,add,100000,0.914,458
idmap_r2,add,100000,0.915,458
idmap_r2,add,100000,0.916,459
idmap_r2,add,100000,0.917,459
idmap_r2,add,100000,0.918,459
idmap_r2,add,100000,0.919,459
idmap_r2,add,100000,0.92,459
idmap_r2,add,100000,0.921,459
idmap_r2,add,100000,0.922,459
idmap_r2,add,100000,0.923,459
idmap_r2,add,100000,0.924,459
idmap_r2,add,100000,0.925,459
idmap_r2,add,100000,0.926,459
idmap_r2,add,100000,0.927,459
idmap_r2,add,100000,0.928,500
idmap_r2,add,100000,0.929,500
idmap_r2,add,100000,0.93,500
idmap_r2,add,100000,0.931,500
idmap_r2,add,100000,0.932,500
idmap_r2,add,100000,0.933,500
idmap_r2,add,100000,0.934,500
idmap_r2,add,100000,0.935,500
idmap_r2,add,100000,0.936,500
idmap_r2,add,100000,0.937,500
idmap_r2,add,100000,0.938,500
idmap_r2,add,100000,0.939,500
idmap_r2,add,100000,0.94,500
idmap_r2,add,100000,0.941,500
idmap_r2,add,100000,0.942,500
idmap_r2,add,100000,0.943,500
idmap_r2,add,100000,0.944,500
idmap_r2,add,100000,0.945,500
idmap_r2,add,100000,0.946,500
idmap_r2,add,100000,0.947,500
idmap_r2,add,100000,0.948,500
idmap_r2,add,100000,0.949,541
idmap_r2,add,100000,0.95,541
idmap_r2,add,100000,0.951,541
idmap_r2,add,100000,0.952,541
idmap_r2,add,100000,0.953,541
idmap_r2,add,100000,0.954,542
idmap_r2,add,100000,0.955,542
idmap_r2,add,100000,0.956,542
idmap_r2,add,100000,0.957,542
idmap_r2,add,100000,0.958,542
idmap_r2,add,100000,0.959,542
idmap_r2,add,100000,0.96,542
idmap_r2,add,100000,0.961,542
idmap_r2,add,100000,0.962,542
idmap_r2,add,100000,0.963,583
idmap_r2,add,100000,0.964,583
idmap_r2,add,100000,0.965,583
idmap_r2,add,100000,0.966,583
idmap_r2,add,100000,0.967,583
idmap_r2,add,100000,0.968,583
idmap_r2,add,100000,0.969,584
idmap_r2,add,100000,0.97,584
idmap_r2,add,100000,0.971,584
idmap_r2,add,100000,0.972,625
idmap_r2,add,100000,0.973,625
idmap_r2,add,100000,0.974,625
idmap_r2,add,100000,0.975,625
idmap_r2,add,100000,0.976,625
idmap_r2,add,100000,0.977,625
idmap_r2,add,100000,0.978,625
idmap_r2,add,100000,0.979,666
idmap_r2,add,100000,0.98,667
idmap_r2,add,100000,0.981,667
idmap_r2,add,100000,0.982,667
idmap_r2,add,100000,0.983,708
idmap_r2,add,100000,0.984,708
idmap_r2,add,100000,0.985,709
idmap_r2,add,100000,0.986,750
idmap_r2,add,100000,0.987,750
idmap_r2,add,100000,0.988,750
idmap_r2,add,100000,0.989,791
idmap_r2,add,100000,0.99,792
idmap_r2,add,100000,0.991,833
idmap_r2,add,100000,0.992,875
idmap_r2,add,100000,0.993,916
idmap_r2,add,100000,0.994,959
idmap_r2,add,100000,0.995,1083
idmap_r2,add,100000,0.996,1250
idmap_r2,add,100000,0.997,1750
idmap_r2,add,100000,0.998,4000
idmap_r2,add,100000,0.999,25542
idmap_r2,cancel,100000,0,41
idmap_r2,cancel,100000,0.001,125
idmap_r2,cancel,100000,0.002,125
idmap_r2,cancel,100000,0.003,166
idmap_r2,cancel,100000,0.004,166
idmap_r2,cancel,100000,0.005,167
idmap_r2,cancel,100000,0.006,167
idmap_r2,cancel,100000,0.007,167
idmap_r2,cancel,100000,0.008,208
idmap_r2,cancel,100000,0.009,208
idmap_r2,cancel,100000,0.01,208
idmap_r2,cancel,100000,0.011,208
idmap_r2,cancel,100000,0.012,208
idmap_r2,cancel,100000,0.013,208
idmap_r2,cancel,100000,0.014,208
idmap_r2,cancel,100000,0.015,208
idmap_r2,cancel,100000,0.016,208
idmap_r2,cancel,100000,0.017,208
idmap_r2,cancel,100000,0.018,208
idmap_r2,cancel,100000,0.019,208
idmap_r2,cancel,100000,0.02,208
idmap_r2,cancel,100000,0.021,209
idmap_r2,cancel,100000,0.022,209
idmap_r2,cancel,100000,0.023,209
idmap_r2,cancel,100000,0.024,209
idmap_r2,cancel,100000,0.025,209
idmap_r2,cancel,100000,0.026,209
idmap_r2,cancel,100000,0.027,209
idmap_r2,cancel,100000,0.028,250
idmap_r2,cancel,100000,0.029,250
idmap_r2,cancel,100000,0.03,250
idmap_r2,cancel,100000,0.031,250
idmap_r2,cancel,100000,0.032,250
idmap_r2,cancel,100000,0.033,250
idmap_r2,cancel,100000,0.034,250
idmap_r2,cancel,100000,0.035,291
idmap_r2,cancel,100000,0.036,291
idmap_r2,cancel,100000,0.037,291
idmap_r2,cancel,100000,0.038,291
idmap_r2,cancel,100000,0.039,291
idmap_r2,cancel,100000,0.04,291
idmap_r2,cancel,100000,0.041,292
idmap_r2,cancel,100000,0.042,292
idmap_r2,cancel,100000,0.043,292
idmap_r2,cancel,100000,0.044,292
idmap_r2,cancel,100000,0.045,292
idmap_r2,cancel,100000,0.046,292
idmap_r2,cancel,100000,0.047,292
idmap_r2,cancel,100000,0.048,292
idmap_r2,cancel,100000,0.049,292
idmap_r2,cancel,100000,0.05,292
idmap_r2,cancel,100000,0.051,333
idmap_r2,cancel,100000,0.052,333
idmap_r2,cancel,100000,0.053,333
idmap_r2,cancel,100000,0.054,333
idmap_r2,cancel,100000,0.055,333
idmap_r2,cancel,100000,0.056,333
idmap_r2,cancel,100000,0.057,333
idmap_r2,cancel,100000,0.058,333
idmap_r2,cancel,100000,0.059,333
idmap_r2,cancel,100000,0.06,333
idmap_r2,cancel,100000,0.061,333
idmap_r2,cancel,100000,0.062,333
idmap_r2,cancel,100000,0.063,333
idmap_r2,cancel,100000,0.064,333
idmap_r2,cancel,100000,0.065,333
idmap_r2,cancel,100000,0.066,333
idmap_r2,cancel,100000,0.067,333
idmap_r2,cancel,100000,0.068,333
idmap_r2,cancel,100000,0.069,333
idmap_r2,cancel,100000,0.07,333
idmap_r2,cancel,100000,0.071,334
idmap_r2,cancel,100000,0.072,334
idmap_r2,cancel,100000,0.073,334
idmap_r2,cancel,100000,0.074,334
idmap_r2,cancel,100000,0.075,334
idmap_r2,cancel,100000,0.076,334
idmap_r2,cancel,100000,0.077,334
idmap_r2,cancel,100000,0.078,334
idmap_r2,cancel,100000,0.079,334
idmap_r2,cancel,100000,0.08,334
idmap_r2,cancel,100000,0.081,375
idmap_r2,cancel,100000,0.082,375
idmap_r2,cancel,100000,0.083,375
idmap_r2,cancel,100000,0.084,375
idmap_r2,cancel,100000,0.085,375
idmap_r2,cancel,100000,0.086,375
idmap_r2,cancel,100000,0.087,375
idmap_r2,cancel,100000,0.088,375
idmap_r2,cancel,100000,0.089,375
idmap_r2,cancel,100000,0.09,375
idmap_r2,cancel,100000,0.091,375
idmap_r2,cancel,100000,0.092,375
idmap_r2,cancel,100000,0.093,375
idmap_r2,cancel,100000,0.094,375
idmap_r2,cancel,100000,0.095,375
idmap_r2,cancel,100000,0.096,375
idmap_r2,cancel,100000,0.097,375
idmap_r2,cancel,100000,0.098,375
idmap_r2,cancel,100000,0.099,375
idmap_r2,cancel,100000,0.1,375
idmap_r2,cancel,100000,0.101,375
idmap_r2,cancel,100000,0.102,375
idmap_r2,cancel,100000,0.103,375
idmap_r2,cancel,100000,0.104,375
idmap_r2,cancel,100000,0.105,375
idmap_r2,cancel,100000,0.106,375
idmap_r2,cancel,100000,0.107,375
idmap_r2,cancel,100000,0.108,375
idmap_r2,cancel,100000,0.109,375
idmap_r2,cancel,100000,0.11,375
idmap_r2,cancel,100000,0.111,416
idmap_r2,cancel,100000,0.112,416
idmap_r2,cancel,100000,0.113,416
idmap_r2,cancel,100000,0.114,416
idmap_r2,cancel,100000,0.115,416
idmap_r2,cancel,100000,0.116,416
idmap_r2,cancel,100000,0.117,416
idmap_r2,cancel,100000,0.118,416
idmap_r2,cancel,100000,0.119,416
idmap_r2,cancel,100000,0.12,416
idmap_r2,cancel,100000,0.121,416
idmap_r2,cancel,100000,0.122,416
idmap_r2,cancel,100000,0.123,416
idmap_r2,cancel,100000,0.124,417
idmap_r2,cancel,100000,0.125,417
idmap_r2,cancel,100000,0.126,417
idmap_r2,cancel,100000,0.127,417
idmap_r2,cancel,100000,0.128,417
idmap_r2,cancel,100000,0.129,417
idmap_r2,cancel,100000,0.13,417
idmap_r2,cancel,100000,0.131,417
idmap_r2,cancel,100000,0.132,417
idmap_r2,cancel,100000,0.133,417
idmap_r2,cancel,100000,0.134,417
idmap_r2,cancel,100000,0.135,417
idmap_r2,cancel,100000,0.136,417
idmap_r2,cancel,100000,0.137,417
idmap_r2,cancel,100000,0.138,417
idmap_r2,cancel,100000,0.139,417
idmap_r2,cancel,100000,0.14,417
idmap_r2,cancel,100000,0.141,417
idmap_r2,cancel,100000,0.142,417
idmap_r2,cancel,100000,0.143,417
idmap_r2,cancel,100000,0.144,417
idmap_r2,cancel,100000,0.145,417
idmap_r2,cancel,100000,0.146,417
idmap_r2,cancel,100000,0.147,417
idmap_r2,cancel,100000,0.148,417
idmap_r2,cancel,100000,0.149,417
idmap_r2,cancel,100000,0.15,417
idmap_r2,cancel,100000,0.151,417
idmap_r2,cancel,100000,0.152,458
idmap_r2,cancel,100000,0.153,458
idmap_r2,cancel,100000,0.154,458
idmap_r2,cancel,100000,0.155,458
idmap_r2,cancel,100000,0.156,458
idmap_r2,cancel,100000,0.157,458
idmap_r2,cancel,100000,0.158,458
idmap_r2,cancel,100000,0.159,458
idmap_r2,cancel,100000,0.16,458
idmap_r2,cancel,100000,0.161,458
idmap_r2,cancel,100000,0.162,458
idmap_r2,cancel,100000,0.163,458
idmap_r2,cancel,100000,0.164,458
idmap_r2,cancel,100000,0.165,458
idmap_r2,cancel,100000,0.166,458
idmap_r2,cancel,100000,0.167,458
idmap_r2,cancel,100000,0.168,458
idmap_r2,cancel,100000,0.169,458
idmap_r2,cancel,100000,0.17,458
idmap_r2,cancel,100000,0.171,458
idmap_r2,cancel,100000,0.172,458
idmap_r2,cancel,100000,0.173,458
idmap_r2,cancel,100000,0.174,458
idmap_r2,cancel,100000,0.175,458
idmap_r2,cancel,100000,0.176,458
idmap_r2,cancel,100000,0.177,458
idmap_r2,cancel,100000,0.178,458
idmap_r2,cancel,100000,0.179,458
idmap_r2,cancel,100000,0.18,458
idmap_r2,cancel,100000,0.181,458
idmap_r2,cancel,100000,0.182,458
idmap_r2,cancel,100000,0.183,458
idmap_r2,cancel,100000,0.184,458
idmap_r2,cancel,100000,0.185,458
idmap_r2,cancel,100000,0.186,458
idmap_r2,cancel,100000,0.187,459
idmap_r2,cancel,100000,0.188,459
idmap_r2,cancel,100000,0.189,459
idmap_r2,cancel,100000,0.19,459
idmap_r2,cancel,100000,0.191,459
idmap_r2,cancel,100000,0.192,459
idmap_r2,cancel,100000,0.193,459
idmap_r2,cancel,100000,0.194,459
idmap_r2,cancel,100000,0.195,459
idmap_r2,cancel,100000,0.196,459
idmap_r2,cancel,100000,0.197,459
idmap_r2,cancel,100000,0.198,459
idmap_r2,cancel,100000,0.199,459
idmap_r2,cancel,100000,0.2,459
idmap_r2,cancel,100000,0.201,459
idmap_r2,cancel,100000,0.202,459
idmap_r2,cancel,100000,0.203,459
idmap_r2,cancel,100000,0.204,459
idmap_r2,cancel,100000,0.205,500
idmap_r2,cancel,100000,0.206,500
idmap_r2,cancel,100000,0.207,500
idmap_r2,cancel,100000,0.208,500
idmap_r2,cancel,100000,0.209,500
idmap_r2,cancel,100000,0.21,500
idmap_r2,cancel,100000,0.211,500
idmap_r2,cancel,100000,0.212,500
idmap_r2,cancel,100000,0.213,500
idmap_r2,cancel,100000,0.214,500
idmap_r2,cancel,100000,0.215,500
idmap_r2,cancel,100000,0.216,500
idmap_r2,cancel,100000,0.217,500
idmap_r2,cancel,100000,0.218,500
idmap_r2,cancel,100000,0.219,500
idmap_r2,cancel,100000,0.22,500
idmap_r2,cancel,100000,0.221,500
idmap_r2,cancel,100000,0.222,500
idmap_r2,cancel,100000,0.223,500
idmap_r2,cancel,100000,0.224,500
idmap_r2,cancel,100000,0.225,500
idmap_r2,cancel,100000,0.226,500
idmap_r2,cancel,100000,0.227,500
idmap_r2,cancel,100000,0.228,500
idmap_r2,cancel,100000,0.229,500
idmap_r2,cancel,100000,0.23,500
idmap_r2,cancel,100000,0.231,500
idmap_r2,cancel,100000,0.232,500
idmap_r2,cancel,100000,0.233,500
idmap_r2,cancel,100000,0.234,500
idmap_r2,cancel,100000,0.235,500
idmap_r2,cancel,100000,0.236,500
idmap_r2,cancel,100000,0.237,500
idmap_r2,cancel,100000,0.238,500
idmap_r2,cancel,100000,0.239,500
idmap_r2,cancel,100000,0.24,500
idmap_r2,cancel,100000,0.241,500
idmap_r2,cancel,100000,0.242,500
idmap_r2,cancel,100000,0.243,500
idmap_r2,cancel,100000,0.244,500
idmap_r2,cancel,100000,0.245,500
idmap_r2,cancel,100000,0.246,500
idmap_r2,cancel,100000,0.247,500
idmap_r2,cancel,100000,0.248,500
idmap_r2,cancel,100000,0.249,500
idmap_r2,cancel,100000,0.25,500
idmap_r2,cancel,100000,0.251,500
idmap_r2,cancel,100000,0.252,500
idmap_r2,cancel,100000,0.253,500
idmap_r2,cancel,100000,0.254,500
idmap_r2,cancel,100000,0.255,500
idmap_r2,cancel,100000,0.256,500
idmap_r2,cancel,100000,0.257,500
idmap_r2,cancel,100000,0.258,500
idmap_r2,cancel,100000,0.259,500
idmap_r2,cancel,100000,0.26,500
idmap_r2,cancel,100000,0.261,500
idmap_r2,cancel,100000,0.262,500
idmap_r2,cancel,100000,0.263,500
idmap_r2,cancel,100000,0.264,500
idmap_r2,cancel,100000,0.265,500
idmap_r2,cancel,100000,0.266,500
idmap_r2,cancel,100000,0.267,500
idmap_r2,cancel,100000,0.268,500
idmap_r2,cancel,100000,0.269,500
idmap_r2,cancel,100000,0.27,500
idmap_r2,cancel,100000,0.271,500
idmap_r2,cancel,100000,0.272,500
idmap_r2,cancel,100000,0.273,500
idmap_r2,cancel,100000,0.274,500
idmap_r2,cancel,100000,0.275,500
idmap_r2,cancel,100000,0.276,500
idmap_r2,cancel,100000,0.277,500
idmap_r2,cancel,100000,0.278,500
idmap_r2,cancel,100000,0.279,500
idmap_r2,cancel,100000,0.28,500
idmap_r2,cancel,100000,0.281,500
idmap_r2,cancel,100000,0.282,500
idmap_r2,cancel,100000,0.283,500
idmap_r2,cancel,100000,0.284,500
idmap_r2,cancel,100000,0.285,500
idmap_r2,cancel,100000,0.286,500
idmap_r2,cancel,100000,0.287,541
idmap_r2,cancel,100000,0.288,541
idmap_r2,cancel,100000,0.289,541
idmap_r2,cancel,100000,0.29,541
idmap_r2,cancel,100000,0.291,541
idmap_r2,cancel,100000,0.292,541
idmap_r2,cancel,100000,0.293,541
idmap_r2,cancel,100000,0.294,541
idmap_r2,cancel,100000,0.295,541
idmap_r2,cancel,100000,0.296,541
idmap_r2,cancel,100000,0.297,541
idmap_r2,cancel,100000,0.298,541
idmap_r2,cancel,100000,0.299,541
idmap_r2,cancel,100000,0.3,541
idmap_r2,cancel,100000,0.301,541
idmap_r2,cancel,100000,0.302,541
idmap_r2,cancel,100000,0.303,541
idmap_r2,cancel,100000,0.304,541
idmap_r2,cancel,100000,0.305,541
idmap_r2,cancel,100000,0.306,541
idmap_r2,cancel,100000,0.307,541
idmap_r2,cancel,100000,0.308,541
idmap_r2,cancel,100000,0.309,541
idmap_r2,cancel,100000,0.31,541
idmap_r2,cancel,100000,0.311,541
idmap_r2,cancel,100000,0.312,541
idmap_r2,cancel,100000,0.313,541
idmap_r2,cancel,100000,0.314,541
idmap_r2,cancel,100000,0.315,541
idmap_r2,cancel,100000,0.316,541
idmap_r2,cancel,100000,0.317,541
idmap_r2,cancel,100000,0.318,541
idmap_r2,cancel,100000,0.319,541
idmap_r2,cancel,100000,0.32,542
idmap_r2,cancel,100000,0.321,542
idmap_r2,cancel,100000,0.322,542
idmap_r2,cancel,100000,0.323,542
idmap_r2,cancel,100000,0.324,542
idmap_r2,cancel,100000,0.325,542
idmap_r2,cancel,100000,0.326,542
idmap_r2,cancel,100000,0.327,542
idmap_r2,cancel,100000,0.328,542
idmap_r2,cancel,100000,0.329,542
idmap_r2,cancel,100000,0.33,542
idmap_r2,cancel,100000,0.331,542
idmap_r2,cancel,100000,0.332,542
idmap_r2,cancel,100000,0.333,542
idmap_r2,cancel,100000,0.334,542
idmap_r2,cancel,100000,0.335,542
idmap_r2,cancel,100000,0.336,542
idmap_r2,cancel,100000,0.337,542
idmap_r2,cancel,100000,0.338,542
idmap_r2,cancel,100000,0.339,542
idmap_r2,cancel,100000,0.34,542
idmap_r2,cancel,100000,0.341,542
idmap_r2,cancel,100000,0.342,542
idmap_r2,cancel,100000,0.343,542
idmap_r2,cancel,100000,0.344,542
idmap_r2,cancel,100000,0.345,542
idmap_r2,cancel,100000,0.346,542
idmap_r2,cancel,100000,0.347,542
idmap_r2,cancel,100000,0.348,542
idmap_r2,cancel,100000,0.349,542
idmap_r2,cancel,100000,0.35,542
idmap_r2,cancel,100000,0.351,542
idmap_r2,cancel,100000,0.352,542
idmap_r2,cancel,100000,0.353,542
idmap_r2,cancel,100000,0.354,542
idmap_r2,cancel,100000,0.355,542
idmap_r2,cancel,100000,0.356,542
idmap_r2,cancel,100000,0.357,542
idmap_r2,cancel,100000,0.358,542
idmap_r2,cancel,100000,0.359,542
idmap_r2,cancel,100000,0.36,542
idmap_r2,cancel,100000,0.361,542
idmap_r2,cancel,100000,0.362,542
idmap_r2,cancel,100000,0.363,542
idmap_r2,cancel,100000,0.364,542
idmap_r2,cancel,100000,0.365,542
idmap_r2,cancel,100000,0.366,542
idmap_r2,cancel,100000,0.367,542
idmap_r2,cancel,100000,0.368,542
idmap_r2,cancel,100000,0.369,542
idmap_r2,cancel,100000,0.37,542
idmap_r2,cancel,100000,0.371,542
idmap_r2,cancel,100000,0.372,542
idmap_r2,cancel,100000,0.373,542
idmap_r2,cancel,100000,0.374,542
idmap_r2,cancel,100000,0.375,542
idmap_r2,cancel,100000,0.376,542
idmap_r2,cancel,100000,0.377,542
idmap_r2,cancel,100000,0.378,542
idmap_r2,cancel,100000,0.379,542
idmap_r2,cancel,100000,0.38,542
idmap_r2,cancel,100000,0.381,542
idmap_r2,cancel,100000,0.382,542
idmap_r2,cancel,100000,0.383,542
idmap_r2,cancel,100000,0.384,542
idmap_r2,cancel,100000,0.385,542
idmap_r2,cancel,100000,0.386,583
idmap_r2,cancel,100000,0.387,583
idmap_r2,cancel,100000,0.388,583
idmap_r2,cancel,100000,0.389,583
idmap_r2,cancel,100000,0.39,583
idmap_r2,cancel,100000,0.391,583
idmap_r2,cancel,100000,0.392,583
idmap_r2,cancel,100000,0.393,583
idmap_r2,cancel,100000,0.394,583
idmap_r2,cancel,100000,0.395,583
idmap_r2,cancel,100000,0.396,583
idmap_r2,cancel,100000,0.397,583
idmap_r2,cancel,100000,0.398,583
idmap_r2,cancel,100000,0.399,583
idmap_r2,cancel,100000,0.4,583
idmap_r2,cancel,100000,0.401,583
idmap_r2,cancel,100000,0.402,583
idmap_r2,cancel,100000,0.403,583
idmap_r2,cancel,100000,0.404,583
idmap_r2,cancel,100000,0.405,583
idmap_r2,cancel,100000,0.406,583
idmap_r2,cancel,100000,0.407,583
idmap_r2,cancel,100000,0.408,583
idmap_r2,cancel,100000,0.409,583
idmap_r2,cancel,100000,0.41,583
idmap_r2,cancel,100000,0.411,583
idmap_r2,cancel,100000,0.412,583
idmap_r2,cancel,100000,0.413,583
idmap_r2,cancel,100000,0.414,583
idmap_r2,cancel,100000,0.415,583
idmap_r2,cancel,100000,0.416,583
idmap_r2,cancel,100000,0.417,583
idmap_r2,cancel,100000,0.418,583
idmap_r2,cancel,100000,0.419,583
idmap_r2,cancel,100000,0.42,583
idmap_r2,cancel,100000,0.421,583
idmap_r2,cancel,100000,0.422,583
idmap_r2,cancel,100000,0.423,583
idmap_r2,cancel,100000,0.424,583
idmap_r2,cancel,100000,0.425,583
idmap_r2,cancel,100000,0.426,583
idmap_r2,cancel,100000,0.427,583
idmap_r2,cancel,100000,0.428,583
idmap_r2,cancel,100000,0.429,583
idmap_r2,cancel,100000,0.43,583
idmap_r2,cancel,100000,0.431,583
idmap_r2,cancel,100000,0.432,583
idmap_r2,cancel,100000,0.433,583
idmap_r2,cancel,100000,0.434,583
idmap_r2,cancel,100000,0.435,583
idmap_r2,cancel,100000,0.436,583
idmap_r2,cancel,100000,0.437,583
idmap_r2,cancel,100000,0.438,583
idmap_r2,cancel,100000,0.439,583
idmap_r2,cancel,100000,0.44,583
idmap_r2,cancel,100000,0.441,583
idmap_r2,cancel,100000,0.442,583
idmap_r2,cancel,100000,0.443,584
idmap_r2,cancel,100000,0.444,584
idmap_r2,cancel,100000,0.445,584
idmap_r2,cancel,100000,0.446,584
idmap_r2,cancel,100000,0.447,584
idmap_r2,cancel,100000,0.448,584
idmap_r2,cancel,100000,0.449,584
idmap_r2,cancel,100000,0.45,584
idmap_r2,cancel,100000,0.451,584
idmap_r2,cancel,100000,0.452,584
idmap_r2,cancel,100000,0.453,584
idmap_r2,cancel,100000,0.454,584
idmap_r2,cancel,100000,0.455,584
idmap_r2,cancel,100000,0.456,584
idmap_r2,cancel,100000,0.457,584
idmap_r2,cancel,100000,0.458,584
idmap_r2,cancel,100000,0.459,584
idmap_r2,cancel,100000,0.46,584
idmap_r2,cancel,100000,0.461,584
idmap_r2,cancel,100000,0.462,584
idmap_r2,cancel,100000,0.463,584
idmap_r2,cancel,100000,0.464,584
idmap_r2,cancel,100000,0.465,584
idmap_r2,cancel,100000,0.466,584
idmap_r2,cancel,100000,0.467,584
idmap_r2,cancel,100000,0.468,584
idmap_r2,cancel,100000,0.469,584
idmap_r2,cancel,100000,0.47,584
idmap_r2,cancel,100000,0.471,625
idmap_r2,cancel,100000,0.472,625
idmap_r2,cancel,100000,0.473,625
idmap_r2,cancel,100000,0.474,625
idmap_r2,cancel,100000,0.475,625
idmap_r2,cancel,100000,0.476,625
idmap_r2,cancel,100000,0.477,625
idmap_r2,cancel,100000,0.478,625
idmap_r2,cancel,100000,0.479,625
idmap_r2,cancel,100000,0.48,625
idmap_r2,cancel,100000,0.481,625
idmap_r2,cancel,100000,0.482,625
idmap_r2,cancel,100000,0.483,625
idmap_r2,cancel,100000,0.484,625
idmap_r2,cancel,100000,0.485,625
idmap_r2,cancel,100000,0.486,625
idmap_r2,cancel,100000,0.487,625
idmap_r2,cancel,100000,0.488,625
idmap_r2,cancel,100000,0.489,625
idmap_r2,cancel,100000,0.49,625
idmap_r2,cancel,100000,0.491,625
idmap_r2,cancel,100000,0.492,625
idmap_r2,cancel,100000,0.493,625
idmap_r2,cancel,100000,0.494,625
idmap_r2,cancel,100000,0.495,625
idmap_r2,cancel,100000,0.496,625
idmap_r2,cancel,100000,0.497,625
idmap_r2,cancel,100000,0.498,625
idmap_r2,cancel,100000,0.499,625
idmap_r2,cancel,100000,0.5,625
idmap_r2,cancel,100000,0.501,625
idmap_r2,cancel,100000,0.502,625
idmap_r2,cancel,100000,0.503,625
idmap_r2,cancel,100000,0.504,625
idmap_r2,cancel,100000,0.505,625
idmap_r2,cancel,100000,0.506,625
idmap_r2,cancel,100000,0.507,625
idmap_r2,cancel,100000,0.508,625
idmap_r2,cancel,100000,0.509,625
idmap_r2,cancel,100000,0.51,625
idmap_r2,cancel,100000,0.511,625
idmap_r2,cancel,100000,0.512,625
idmap_r2,cancel,100000,0.513,625
idmap_r2,cancel,100000,0.514,625
idmap_r2,cancel,100000,0.515,625
idmap_r2,cancel,100000,0.516,625
idmap_r2,cancel,100000,0.517,625
idmap_r2,cancel,100000,0.518,625
idmap_r2,cancel,100000,0.519,625
idmap_r2,cancel,100000,0.52,625
idmap_r2,cancel,100000,0.521,625
idmap_r2,cancel,100000,0.522,625
idmap_r2,cancel,100000,0.523,625
idmap_r2,cancel,100000,0.524,625
idmap_r2,cancel,100000,0.525,625
idmap_r2,cancel,100000,0.526,625
idmap_r2,cancel,100000,0.527,625
idmap_r2,cancel,100000,0.528,625
idmap_r2,cancel,100000,0.529,625
idmap_r2,cancel,100000,0.53,625
idmap_r2,cancel,100000,0.531,625
idmap_r2,cancel,100000,0.532,625
idmap_r2,cancel,100000,0.533,625
idmap_r2,cancel,100000,0.534,625
idmap_r2,cancel,100000,0.535,625
idmap_r2,cancel,100000,0.536,625
idmap_r2,cancel,100000,0.537,625
idmap_r2,cancel,100000,0.538,625
idmap_r2,cancel,100000,0.539,625
idmap_r2,cancel,100000,0.54,666
idmap_r2,cancel,100000,0.541,666
idmap_r2,cancel,100000,0.542,666
idmap_r2,cancel,100000,0.543,666
idmap_r2,cancel,100000,0.544,666
idmap_r2,cancel,100000,0.545,666
idmap_r2,cancel,100000,0.546,666
idmap_r2,cancel,100000,0.547,666
idmap_r2,cancel,100000,0.548,666
idmap_r2,cancel,100000,0.549,666
idmap_r2,cancel,100000,0.55,666
idmap_r2,cancel,100000,0.551,666
idmap_r2,cancel,100000,0.552,666
idmap_r2,cancel,100000,0.553,666
idmap_r2,cancel,100000,0.554,666
idmap_r2,cancel,100000,0.555,666
idmap_r2,cancel,100000,0.556,666
idmap_r2,cancel,100000,0.557,666
idmap_r2,cancel,100000,0.558,666
idmap_r2,cancel,100000,0.559,667
idmap_r2,cancel,100000,0.56,667
idmap_r2,cancel,100000,0.561,667
idmap_r2,cancel,100000,0.562,667
idmap_r2,cancel,100000,0.563,667
idmap_r2,cancel,100000,0.564,667
idmap_r2,cancel,100000,0.565,667
idmap_r2,cancel,100000,0.566,667
idmap_r2,cancel,100000,0.567,667
idmap_r2,cancel,100000,0.568,667
idmap_r2,cancel,100000,0.569,667
idmap_r2,cancel,100000,0.57,667
idmap_r2,cancel,100000,0.571,667
idmap_r2,cancel,100000,0.572,667
idmap_r2,cancel,100000,0.573,667
idmap_r2,cancel,100000,0.574,667
idmap_r2,cancel,100000,0.575,667
idmap_r2,cancel,100000,0.576,667
idmap_r2,cancel,100000,0.577,667
idmap_r2,cancel,100000,0.578,667
idmap_r2,cancel,100000,0.579,667
idmap_r2,cancel,100000,0.58,667
idmap_r2,cancel,100000,0.581,667
idmap_r2,cancel,100000,0.582,667
idmap_r2,cancel,100000,0.583,667
idmap_r2,cancel,100000,0.584,667
idmap_r2,cancel,100000,0.585,667
idmap_r2,cancel,100000,0.586,667
idmap_r2,cancel,100000,0.587,667
idmap_r2,cancel,100000,0.588,667
idmap_r2,cancel,100000,0.589,667
idmap_r2,cancel,100000,0.59,667
idmap_r2,cancel,100000,0.591,667
idmap_r2,cancel,100000,0.592,667
idmap_r2,cancel,100000,0.593,667
idmap_r2,cancel,100000,0.594,667
idmap_r2,cancel,100000,0.595,667
idmap_r2,cancel,100000,0.596,708
idmap_r2,cancel,100000,0.597,708
idmap_r2,cancel,100000,0.598,708
idmap_r2,cancel,100000,0.599,708
idmap_r2,cancel,100000,0.6,708
idmap_r2,cancel,100000,0.601,708
idmap_r2,cancel,100000,0.602,708
idmap_r2,cancel,100000,0.603,708
idmap_r2,cancel,100000,0.604,708
idmap_r2,cancel,100000,0.605,708
idmap_r2,cancel,100000,0.606,708
idmap_r2,cancel,100000,0.607,708
idmap_r2,cancel,100000,0.608,708
idmap_r2,cancel,100000,0.609,708
idmap_r2,cancel,100000,0.61,708
idmap_r2,cancel,100000,0.611,708
idmap_r2,cancel,100000,0.612,708
idmap_r2,cancel,100000,0.613,708
idmap_r2,cancel,100000,0.614,708
idmap_r2,cancel,100000,0.615,708
idmap_r2,cancel,100000,0.616,708
idmap_r2,cancel,100000,0.617,708
idmap_r2,cancel,100000,0.618,708
idmap_r2,cancel,100000,0.619,708
idmap_r2,cancel,100000,0.62,708
idmap_r2,cancel,100000,0.621,708
idmap_r2,cancel,100000,0.622,708
idmap_r2,cancel,100000,0.623,708
idmap_r2,cancel,100000,0.624,708
idmap_r2,cancel,100000,0.625,708
idmap_r2,cancel,100000,0.626,709
idmap_r2,cancel,100000,0.627,709
idmap_r2,cancel,100000,0.628,709
idmap_r2,cancel,100000,0.629,709
idmap_r2,cancel,100000,0.63,709
idmap_r2,cancel,100000,0.631,709
idmap_r2,cancel,100000,0.632,709
idmap_r2,cancel,100000,0.633,709
idmap_r2,cancel,100000,0.634,709
idmap_r2,cancel,100000,0.635,709
idmap_r2,cancel,100000,0.636,709
idmap_r2,cancel,100000,0.637,709
idmap_r2,cancel,100000,0.638,709
idmap_r2,cancel,100000,0.639,709
idmap_r2,cancel,100000,0.64,709
idmap_r2,cancel,100000,0.641,750
idmap_r2,cancel,100000,0.642,750
idmap_r2,cancel,100000,0.643,750
idmap_r2,cancel,100000,0.644,750
idmap_r2,cancel,100000,0.645,750
idmap_r2,cancel,100000,0.646,750
idmap_r2,cancel,100000,0.647,750
idmap_r2,cancel,100000,0.648,750
idmap_r2,cancel,100000,0.649,750
idmap_r2,cancel,100000,0.65,750
idmap_r2,cancel,100000,0.651,750
idmap_r2,cancel,100000,0.652,750
idmap_r2,cancel,100000,0.653,750
idmap_r2,cancel,100000,0.654,750
idmap_r2,cancel,100000,0.655,750
idmap_r2,cancel,100000,0.656,750
idmap_r2,cancel,100000,0.657,750
idmap_r2,cancel,100000,0.658,750
idmap_r2,cancel,100000,0.659,750
idmap_r2,cancel,100000,0.66,750
idmap_r2,cancel,100000,0.661,750
idmap_r2,cancel,100000,0.662,750
idmap_r2,cancel,100000,0.663,750
idmap_r2,cancel,100000,0.664,750
idmap_r2,cancel,100000,0.665,750
idmap_r2,cancel,100000,0.666,750
idmap_r2,cancel,100000,0.667,750
idmap_r2,cancel,100000,0.668,750
idmap_r2,cancel,100000,0.669,750
idmap_r2,cancel,100000,0.67,750
idmap_r2,cancel,100000,0.671,750
idmap_r2,cancel,100000,0.672,750
idmap_r2,cancel,100000,0.673,750
idmap_r2,cancel,100000,0.674,750
idmap_r2,cancel,100000,0.675,750
idmap_r2,cancel,100000,0.676,750
idmap_r2,cancel,100000,0.677,750
idmap_r2,cancel,100000,0.678,750
idmap_r2,cancel,100000,0.679,750
idmap_r2,cancel,100000,0.68,750
idmap_r2,cancel,100000,0.681,750
idmap_r2,cancel,100000,0.682,750
idmap_r2,cancel,100000,0.683,750
idmap_r2,cancel,100000,0.684,750
idmap_r2,cancel,100000,0.685,750
idmap_r2,cancel,100000,0.686,750
idmap_r2,cancel,100000,0.687,750
idmap_r2,cancel,100000,0.688,750
idmap_r2,cancel,100000,0.689,791
idmap_r2,cancel,100000,0.69,791
idmap_r2,cancel,100000,0.691,791
idmap_r2,cancel,100000,0.692,791
idmap_r2,cancel,100000,0.693,791
idmap_r2,cancel,100000,0.694,791
idmap_r2,cancel,100000,0.695,791
idmap_r2,cancel,100000,0.696,791
idmap_r2,cancel,100000,0.697,791
idmap_r2,cancel,100000,0.698,791
idmap_r2,cancel,100000,0.699,791
idmap_r2,cancel,100000,0.7,791
idmap_r2,cancel,100000,0.701,791
idmap_r2,cancel,100000,0.702,791
idmap_r2,cancel,100000,0.703,791
idmap_r2,cancel,100000,0.704,791
idmap_r2,cancel,100000,0.705,791
idmap_r2,cancel,100000,0.706,791
idmap_r2,cancel,100000,0.707,791
idmap_r2,cancel,100000,0.708,791
idmap_r2,cancel,100000,0.709,792
idmap_r2,cancel,100000,0.71,792
idmap_r2,cancel,100000,0.711,792
idmap_r2,cancel,100000,0.712,792
idmap_r2,cancel,100000,0.713,792
idmap_r2,cancel,100000,0.714,792
idmap_r2,cancel,100000,0.715,792
idmap_r2,cancel,100000,0.716,792
idmap_r2,cancel,100000,0.717,792
idmap_r2,cancel,100000,0.718,792
idmap_r2,cancel,100000,0.719,792
idmap_r2,cancel,100000,0.72,792
idmap_r2,cancel,100000,0.721,792
idmap_r2,cancel,100000,0.722,792
idmap_r2,cancel,100000,0.723,792
idmap_r2,cancel,100000,0.724,792
idmap_r2,cancel,100000,0.725,792
idmap_r2,cancel,100000,0.726,792
idmap_r2,cancel,100000,0.727,792
idmap_r2,cancel,100000,0.728,792
idmap_r2,cancel,100000,0.729,792
idmap_r2,cancel,100000,0.73,792
idmap_r2,cancel,100000,0.731,792
idmap_r2,cancel,100000,0.732,792
idmap_r2,cancel,100000,0.733,792
idmap_r2,cancel,100000,0.734,792
idmap_r2,cancel,100000,0.735,792
idmap_r2,cancel,100000,0.736,792
idmap_r2,cancel,100000,0.737,792
idmap_r2,cancel,100000,0.738,792
idmap_r2,cancel,100000,0.739,792
idmap_r2,cancel,100000,0.74,792
idmap_r2,cancel,100000,0.741,792
idmap_r2,cancel,100000,0.742,792
idmap_r2,cancel,100000,0.743,792
idmap_r2,cancel,100000,0.744,792
idmap_r2,cancel,100000,0.745,792
idmap_r2,cancel,100000,0.746,792
idmap_r2,cancel,100000,0.747,792
idmap_r2,cancel,100000,0.748,792
idmap_r2,cancel,100000,0.749,833
idmap_r2,cancel,100000,0.75,833
idmap_r2,cancel,100000,0.751,833
idmap_r2,cancel,100000,0.752,833
idmap_r2,cancel,100000,0.753,833
idmap_r2,cancel,100000,0.754,833
idmap_r2,cancel,100000,0.755,833
idmap_r2,cancel,100000,0.756,833
idmap_r2,cancel,100000,0.757,833
idmap_r2,cancel,100000,0.758,833
idmap_r2,cancel,100000,0.759,833
idmap_r2,cancel,100000,0.76,833
idmap_r2,cancel,100000,0.761,833
idmap_r2,cancel,100000,0.762,833
idmap_r2,cancel,100000,0.763,833
idmap_r2,cancel,100000,0.764,833
idmap_r2,cancel,100000,0.765,833
idmap_r2,cancel,100000,0.766,833
idmap_r2,cancel,100000,0.767,833
idmap_r2,cancel,100000,0.768,833
idmap_r2,cancel,100000,0.769,833
idmap_r2,cancel,100000,0.77,833
idmap_r2,cancel,100000,0.771,833
idmap_r2,cancel,100000,0.772,833
idmap_r2,cancel,100000,0.773,833
idmap_r2,cancel,100000,0.774,833
idmap_r2,cancel,100000,0.775,833
idmap_r2,cancel,100000,0.776,833
idmap_r2,cancel,100000,0.777,833
idmap_r2,cancel,100000,0.778,833
idmap_r2,cancel,100000,0.779,833
idmap_r2,cancel,100000,0.78,833
idmap_r2,cancel,100000,0.781,833
idmap_r2,cancel,100000,0.782,833
idmap_r2,cancel,100000,0.783,833
idmap_r2,cancel,100000,0.784,833
idmap_r2,cancel,100000,0.785,833
idmap_r2,cancel,100000,0.786,834
idmap_r2,cancel,100000,0.787,834
idmap_r2,cancel,100000,0.788,834
idmap_r2,cancel,100000,0.789,834
idmap_r2,cancel,100000,0.79,834
idmap_r2,cancel,100000,0.791,834
idmap_r2,cancel,100000,0.792,834
idmap_r2,cancel,100000,0.793,834
idmap_r2,cancel,100000,0.794,834
idmap_r2,cancel,100000,0.795,834
idmap_r2,cancel,100000,0.796,834
idmap_r2,cancel,100000,0.797,834
idmap_r2,cancel,100000,0.798,834
idmap_r2,cancel,100000,0.799,834
idmap_r2,cancel,100000,0.8,834
idmap_r2,cancel,100000,0.801,834
idmap_r2,cancel,100000,0.802,834
idmap_r2,cancel,100000,0.803,834
idmap_r2,cancel,100000,0.804,834
idmap_r2,cancel,100000,0.805,875
idmap_r2,cancel,100000,0.806,875
idmap_r2,cancel,100000,0.807,875
idmap_r2,cancel,100000,0.808,875
idmap_r2,cancel,100000,0.809,875
idmap_r2,cancel,100000,0.81,875
idmap_r2,cancel,100000,0.811,875
idmap_r2,cancel,100000,0.812,875
idmap_r2,cancel,100000,0.813,875
idmap_r2,cancel,100000,0.814,875
idmap_r2,cancel,100000,0.815,875
idmap_r2,cancel,100000,0.816,875
idmap_r2,cancel,100000,0.817,875
idmap_r2,cancel,100000,0.818,875
idmap_r2,cancel,100000,0.819,875
idmap_r2,cancel,100000,0.82,875
idmap_r2,cancel,100000,0.821,875
idmap_r2,cancel,100000,0.822,875
idmap_r2,cancel,100000,0.823,875
idmap_r2,cancel,100000,0.824,875
idmap_r2,cancel,100000,0.825,875
idmap_r2,cancel,100000,0.826,875
idmap_r2,cancel,100000,0.827,875
idmap_r2,cancel,100000,0.828,875
idmap_r2,cancel,100000,0.829,875
idmap_r2,cancel,100000,0.83,875
idmap_r2,cancel,100000,0.831,875
idmap_r2,cancel,100000,0.832,875
idmap_r2,cancel,100000,0.833,875
idmap_r2,cancel,100000,0.834,875
idmap_r2,cancel,100000,0.835,875
idmap_r2,cancel,100000,0.836,875
idmap_r2,cancel,100000,0.837,875
idmap_r2,cancel,100000,0.838,875
idmap_r2,cancel,100000,0.839,875
idmap_r2,cancel,100000,0.84,875
idmap_r2,cancel,100000,0.841,875
idmap_r2,cancel,100000,0.842,916
idmap_r2,cancel,100000,0.843,916
idmap_r2,cancel,100000,0.844,916
idmap_r2,cancel,100000,0.845,916
idmap_r2,cancel,100000,0.846,916
idmap_r2,cancel,100000,0.847,916
idmap_r2,cancel,100000,0.848,916
idmap_r2,cancel,100000,0.849,916
idmap_r2,cancel,100000,0.85,917
idmap_r2,cancel,100000,0.851,917
idmap_r2,cancel,100000,0.852,917
idmap_r2,cancel,100000,0.853,917
idmap_r2,cancel,100000,0.854,917
idmap_r2,cancel,100000,0.855,917
idmap_r2,cancel,100000,0.856,917
idmap_r2,cancel,100000,0.857,917
idmap_r2,cancel,100000,0.858,917
idmap_r2,cancel,100000,0.859,917
idmap_r2,cancel,100000,0.86,917
idmap_r2,cancel,100000,0.861,917
idmap_r2,cancel,100000,0.862,917
idmap_r2,cancel,100000,0.863,917
idmap_r2,cancel,100000,0.864,917
idmap_r2,cancel,100000,0.865,917
idmap_r2,cancel,100000,0.866,958
idmap_r2,cancel,100000,0.867,958
idmap_r2,cancel,100000,0.868,958
idmap_r2,cancel,100000,0.869,958
idmap_r2,cancel,100000,0.87,958
idmap_r2,cancel,100000,0.871,958
idmap_r2,cancel,100000,0.872,958
idmap_r2,cancel,100000,0.873,958
idmap_r2,cancel,100000,0.874,958
idmap_r2,cancel,100000,0.875,958
idmap_r2,cancel,100000,0.876,958
idmap_r2,cancel,100000,0.877,958
idmap_r2,cancel,100000,0.878,958
idmap_r2,cancel,100000,0.879,958
idmap_r2,cancel,100000,0.88,959
idmap_r2,cancel,100000,0.881,959
idmap_r2,cancel,100000,0.882,959
idmap_r2,cancel,100000,0.883,959
idmap_r2,cancel,100000,0.884,959
idmap_r2,cancel,100000,0.885,959
idmap_r2,cancel,100000,0.886,1000
idmap_r2,cancel,100000,0.887,1000
idmap_r2,cancel,100000,0.888,1000
idmap_r2,cancel,100000,0.889,1000
idmap_r2,cancel,100000,0.89,1000
idmap_r2,cancel,100000,0.891,1000
idmap_r2,cancel,100000,0.892,1000
idmap_r2,cancel,100000,0.893,1000
idmap_r2,cancel,100000,0.894,1000
idmap_r2,cancel,100000,0.895,1000
idmap_r2,cancel,100000,0.896,1000
idmap_r2,cancel,100000,0.897,1000
idmap_r2,cancel,100000,0.898,1000
idmap_r2,cancel,100000,0.899,1000
idmap_r2,cancel,100000,0.9,1000
idmap_r2,cancel,100000,0.901,1000
idmap_r2,cancel,100000,0.902,1000
idmap_r2,cancel,100000,0.903,1000
idmap_r2,cancel,100000,0.904,1000
idmap_r2,cancel,100000,0.905,1041
idmap_r2,cancel,100000,0.906,1041
idmap_r2,cancel,100000,0.907,1041
idmap_r2,cancel,100000,0.908,1041
idmap_r2,cancel,100000,0.909,1041
idmap_r2,cancel,100000,0.91,1041
idmap_r2,cancel,100000,0.911,1041
idmap_r2,cancel,100000,0.912,1042
idmap_r2,cancel,100000,0.913,1042
idmap_r2,cancel,100000,0.914,1042
idmap_r2,cancel,100000,0.915,1042
idmap_r2,cancel,100000,0.916,1042
idmap_r2,cancel,100000,0.917,1042
idmap_r2,cancel,100000,0.918,1042
idmap_r2,cancel,100000,0.919,1042
idmap_r2,cancel,100000,0.92,1042
idmap_r2,cancel,100000,0.921,1042
idmap_r2,cancel,100000,0.922,1042
idmap_r2,cancel,100000,0.923,1042
idmap_r2,cancel,100000,0.924,1042
idmap_r2,cancel,100000,0.925,1083
idmap_r2,cancel,100000,0.926,1083
idmap_r2,cancel,100000,0.927,1083
idmap_r2,cancel,100000,0.928,1083
idmap_r2,cancel,100000,0.929,1083
idmap_r2,cancel,100000,0.93,1083
idmap_r2,cancel,100000,0.931,1083
idmap_r2,cancel,100000,0.932,1083
idmap_r2,cancel,100000,0.933,1083
idmap_r2,cancel,100000,0.934,1084
idmap_r2,cancel,100000,0.935,1084
idmap_r2,cancel,100000,0.936,1084
idmap_r2,cancel,100000,0.937,1084
idmap_r2,cancel,100000,0.938,1084
idmap_r2,cancel,100000,0.939,1125
idmap_r2,cancel,100000,0.94,1125
idmap_r2,cancel,100000,0.941,1125
idmap_r2,cancel,100000,0.942,1125
idmap_r2,cancel,100000,0.943,1125
idmap_r2,cancel,100000,0.944,1125
idmap_r2,cancel,100000,0.945,1125
idmap_r2,cancel,100000,0.946,1125
idmap_r2,cancel,100000,0.947,1125
idmap_r2,cancel,100000,0.948,1125
idmap_r2,cancel,100000,0.949,1166
idmap_r2,cancel,100000,0.95,1166
idmap_r2,cancel,100000,0.951,1167
idmap_r2,cancel,100000,0.952,1167
idmap_r2,cancel,100000,0.953,1167
idmap_r2,cancel,100000,0.954,1167
idmap_r2,cancel,100000,0.955,1167
idmap_r2,cancel,100000,0.956,1208
idmap_r2,cancel,100000,0.957,1208
idmap_r2,cancel,100000,0.958,1208
idmap_r2,cancel,100000,0.959,1208
idmap_r2,cancel,100000,0.96,1209
idmap_r2,cancel,100000,0.961,1250
idmap_r2,cancel,100000,0.962,1250
idmap_r2,cancel,100000,0.963,1250
idmap_r2,cancel,100000,0.964,1250
idmap_r2,cancel,100000,0.965,1250
idmap_r2,cancel,100000,0.966,1250
idmap_r2,cancel,100000,0.967,1291
idmap_r2,cancel,100000,0.968,1291
idmap_r2,cancel,100000,0.969,1292
idmap_r2,cancel,100000,0.97,1292
idmap_r2,cancel,100000,0.971,1292
idmap_r2,cancel,100000,0.972,1333
idmap_r2,cancel,100000,0.973,1333
idmap_r2,cancel,100000,0.974,1333
idmap_r2,cancel,100000,0.975,1334
idmap_r2,cancel,100000,0.976,1375
idmap_r2,cancel,100000,0.977,1375
idmap_r2,cancel,100000,0.978,1375
idmap_r2,cancel,100000,0.979,1416
idmap_r2,cancel,100000,0.98,1417
idmap_r2,cancel,100000,0.981,1417
idmap_r2,cancel,100000,0.982,1458
idmap_r2,cancel,100000,0.983,1459
idmap_r2,cancel,100000,0.984,1500
idmap_r2,cancel,100000,0.985,1500
idmap_r2,cancel,100000,0.986,1542
idmap_r2,cancel,100000,0.987,1583
idmap_r2,cancel,100000,0.988,1625
idmap_r2,cancel,100000,0.989,1666
idmap_r2,cancel,100000,0.99,1708
idmap_r2,cancel,100000,0.991,1750
idmap_r2,cancel,100000,0.992,1834
idmap_r2,cancel,100000,0.993,1959
idmap_r2,cancel,100000,0.994,2167
idmap_r2,cancel,100000,0.995,2583
idmap_r2,cancel,100000,0.996,3958
idmap_r2,cancel,100000,0.997,9334
idmap_r2,cancel,100000,0.998,27834
idmap_r2,cancel,100000,0.999,131625
idmap_r2,match,100000,0,0
idmap_r2,match,100000,0.001,41
idmap_r2,match,100000,0.002,41
idmap_r2,match,100000,0.003,41
idmap_r2,match,100000,0.004,41
idmap_r2,match,100000,0.005,42
idmap_r2,match,100000,0.006,42
idmap_r2,match,100000,0.007,42
idmap_r2,match,100000,0.008,42
idmap_r2,match,100000,0.009,42
idmap_r2,match,100000,0.01,42
idmap_r2,match,100000,0.011,42
idmap_r2,match,100000,0.012,42
idmap_r2,match,100000,0.013,42
idmap_r2,match,100000,0.014,42
idmap_r2,match,100000,0.015,83
idmap_r2,match,100000,0.016,83
idmap_r2,match,100000,0.017,83
idmap_r2,match,100000,0.018,83
idmap_r2,match,100000,0.019,83
idmap_r2,match,100000,0.02,83
idmap_r2,match,100000,0.021,83
idmap_r2,match,100000,0.022,83
idmap_r2,match,100000,0.023,83
idmap_r2,match,100000,0.024,83
idmap_r2,match,100000,0.025,83
idmap_r2,match,100000,0.026,83
idmap_r2,match,100000,0.027,83
idmap_r2,match,100000,0.028,83
idmap_r2,match,100000,0.029,83
idmap_r2,match,100000,0.03,83
idmap_r2,match,100000,0.031,83
idmap_r2,match,100000,0.032,83
idmap_r2,match,100000,0.033,83
idmap_r2,match,100000,0.034,83
idmap_r2,match,100000,0.035,83
idmap_r2,match,100000,0.036,83
idmap_r2,match,100000,0.037,83
idmap_r2,match,100000,0.038,83
idmap_r2,match,100000,0.039,84
idmap_r2,match,100000,0.04,84
idmap_r2,match,100000,0.041,84
idmap_r2,match,100000,0.042,84
idmap_r2,match,100000,0.043,84
idmap_r2,match,100000,0.044,84
idmap_r2,match,100000,0.045,84
idmap_r2,match,100000,0.046,84
idmap_r2,match,100000,0.047,84
idmap_r2,match,100000,0.048,84
idmap_r2,match,100000,0.049,84
idmap_r2,match,100000,0.05,84
idmap_r2,match,100000,0.051,84
idmap_r2,match,100000,0.052,125
idmap_r2,match,100000,0.053,125
idmap_r2,match,100000,0.054,125
idmap_r2,match,100000,0.055,125
idmap_r2,match,100000,0.056,125
idmap_r2,match,100000,0.057,125
idmap_r2,match,100000,0.058,125
idmap_r2,match,100000,0.059,125
idmap_r2,match,100000,0.06,125
idmap_r2,match,100000,0.061,125
idmap_r2,match,100000,0.062,125
idmap_r2,match,100000,0.063,125
idmap_r2,match,100000,0.064,125
idmap_r2,match,100000,0.065,125
idmap_r2,match,100000,0.066,125
idmap_r2,match,100000,0.067,125
idmap_r2,match,100000,0.068,125
idmap_r2,match,100000,0.069,125
idmap_r2,match,100000,0.07,125
idmap_r2,match,100000,0.071,125
idmap_r2,match,100000,0.072,125
idmap_r2,match,100000,0.073,125
idmap_r2,match,100000,0.074,125
idmap_r2,match,100000,0.075,125
idmap_r2,match,100000,0.076,125
idmap_r2,match,100000,0.077,125
idmap_r2,match,100000,0.078,166
idmap_r2,match,100000,0.079,166
idmap_r2,match,100000,0.08,166
idmap_r2,match,100000,0.081,166
idmap_r2,match,100000,0.082,166
idmap_r2,match,100000,0.083,166
idmap_r2,match,100000,0.084,166
idmap_r2,match,100000,0.085,166
idmap_r2,match,100000,0.086,166
idmap_r2,match,100000,0.087,166
idmap_r2,match,100000,0.088,166
idmap_r2,match,100000,0.089,166
idmap_r2,match,100000,0.09,166
idmap_r2,match,100000,0.091,166
idmap_r2,match,100000,0.092,166
idmap_r2,match,100000,0.093,166
idmap_r2,match,100000,0.094,166
idmap_r2,match,100000,0.095,166
idmap_r2,match,100000,0.096,166
idmap_r2,match,100000,0.097,166
idmap_r2,match,100000,0.098,166
idmap_r2,match,100000,0.099,166
idmap_r2,match,100000,0.1,166
idmap_r2,match,100000,0.101,166
idmap_r2,match,100000,0.102,166
idmap_r2,match,100000,0.103,166
idmap_r2,match,100000,0.104,166
idmap_r2,match,100000,0.105,166
idmap_r2,match,100000,0.106,166
idmap_r2,match,100000,0.107,166
idmap_r2,match,100000,0.108,166
idmap_r2,match,100000,0.109,166
idmap_r2,match,100000,0.11,166
idmap_r2,match,100000,0.111,166
idmap_r2,match,100000,0.112,166
idmap_r2,match,100000,0.113,166
idmap_r2,match,100000,0.114,166
idmap_r2,match,100000,0.115,166
idmap_r2,match,100000,0.116,166
idmap_r2,match,100000,0.117,166
idmap_r2,match,100000,0.118,166
idmap_r2,match,100000,0.119,167
idmap_r2,match,100000,0.12,167
idmap_r2,match,100000,0.121,167
idmap_r2,match,100000,0.122,167
idmap_r2,match,100000,0.123,167
idmap_r2,match,100000,0.124,167
idmap_r2,match,100000,0.125,167
idmap_r2,match,100000,0.126,167
idmap_r2,match,100000,0.127,167
idmap_r2,match,100000,0.128,167
idmap_r2,match,100000,0.129,167
idmap_r2,match,100000,0.13,167
idmap_r2,match,100000,0.131,167
idmap_r2,match,100000,0.132,167
idmap_r2,match,100000,0.133,167
idmap_r2,match,100000,0.134,167
idmap_r2,match,100000,0.135,167
idmap_r2,match,100000,0.136,167
idmap_r2,match,100000,0.137,167
idmap_r2,match,100000,0.138,167
idmap_r2,match,100000,0.139,167
idmap_r2,match,100000,0.14,167
idmap_r2,match,100000,0.141,167
idmap_r2,match,100000,0.142,167
idmap_r2,match,100000,0.143,167
idmap_r2,match,100000,0.144,167
idmap_r2,match,100000,0.145,167
idmap_r2,match,100000,0.146,167
idmap_r2,match,100000,0.147,167
idmap_r2,match,100000,0.148,167
idmap_r2,match,100000,0.149,167
idmap_r2,match,100000,0.15,167
idmap_r2,match,100000,0.151,167
idmap_r2,match,100000,0.152,167
idmap_r2,match,100000,0.153,167
idmap_r2,match,100000,0.154,167
idmap_r2,match,100000,0.155,167
idmap_r2,match,100000,0.156,167
idmap_r2,match,100000,0.157,167
idmap_r2,match,100000,0.158,167
idmap_r2,match,100000,0.159,167
idmap_r2,match,100000,0.16,167
idmap_r2,match,100000,0.161,167
idmap_r2,match,100000,0.162,167
idmap_r2,match,100000,0.163,167
idmap_r2,match,100000,0.164,167
idmap_r2,match,100000,0.165,167
idmap_r2,match,100000,0.166,167
idmap_r2,match,100000,0.167,167
idmap_r2,match,100000,0.168,167
idmap_r2,match,100000,0.169,167
idmap_r2,match,100000,0.17,167
idmap_r2,match,100000,0.171,167
idmap_r2,match,100000,0.172,167
idmap_r2,match,100000,0.173,167
idmap_r2,match,100000,0.174,167
idmap_r2,match,100000,0.175,167
idmap_r2,match,100000,0.176,167
idmap_r2,match,100000,0.177,167
idmap_r2,match,100000,0.178,167
idmap_r2,match,100000,0.179,167
idmap_r2,match,100000,0.18,167
idmap_r2,match,100000,0.181,167
idmap_r2,match,100000,0.182,167
idmap_r2,match,100000,0.183,167
idmap_r2,match,100000,0.184,167
idmap_r2,match,100000,0.185,167
idmap_r2,match,100000,0.186,167
idmap_r2,match,100000,0.187,167
idmap_r2,match,100000,0.188,167
idmap_r2,match,100000,0.189,167
idmap_r2,match,100000,0.19,167
idmap_r2,match,100000,0.191,167
idmap_r2,match,100000,0.192,167
idmap_r2,match,100000,0.193,167
idmap_r2,match,100000,0.194,167
idmap_r2,match,100000,0.195,167
idmap_r2,match,100000,0.196,167
idmap_r2,match,100000,0.197,167
idmap_r2,match,100000,0.198,167
idmap_r2,match,100000,0.199,167
idmap_r2,match,100000,0.2,167
idmap_r2,match,100000,0.201,167
idmap_r2,match,100000,0.202,208
idmap_r2,match,100000,0.203,208
idmap_r2,match,100000,0.204,208
idmap_r2,match,100000,0.205,208
idmap_r2,match,100000,0.206,208
idmap_r2,match,100000,0.207,208
idmap_r2,match,100000,0.208,208
idmap_r2,match,100000,0.209,208
idmap_r2,match,100000,0.21,208
idmap_r2,match,100000,0.211,208
idmap_r2,match,100000,0.212,208
idmap_r2,match,100000,0.213,208
idmap_r2,match,100000,0.214,208
idmap_r2,match,100000,0.215,208
idmap_r2,match,100000,0.216,208
idmap_r2,match,100000,0.217,208
idmap_r2,match,100000,0.218,208
idmap_r2,match,100000,0.219,208
idmap_r2,match,100000,0.22,208
idmap_r2,match,100000,0.221,208
idmap_r2,match,100000,0.222,208
idmap_r2,match,100000,0.223,208
idmap_r2,match,100000,0.224,208
idmap_r2,match,100000,0.225,208
idmap_r2,match,100000,0.226,208
idmap_r2,match,100000,0.227,208
idmap_r2,match,100000,0.228,208
idmap_r2,match,100000,0.229,208
idmap_r2,match,100000,0.23,208
idmap_r2,match,100000,0.231,208
idmap_r2,match,100000,0.232,208
idmap_r2,match,100000,0.233,208
idmap_r2,match,100000,0.234,208
idmap_r2,match,100000,0.235,208
idmap_r2,match,100000,0.236,208
idmap_r2,match,100000,0.237,208
idmap_r2,match,100000,0.238,208
idmap_r2,match,100000,0.239,208
idmap_r2,match,100000,0.24,208
idmap_r2,match,100000,0.241,208
idmap_r2,match,100000,0.242,208
idmap_r2,match,100000,0.243,208
idmap_r2,match,100000,0.244,208
idmap_r2,match,100000,0.245,208
idmap_r2,match,100000,0.246,208
idmap_r2,match,100000,0.247,208
idmap_r2,match,100000,0.248,208
idmap_r2,match,100000,0.249,208
idmap_r2,match,100000,0.25,208
idmap_r2,match,100000,0.251,208
idmap_r2,match,100000,0.252,208
idmap_r2,match,100000,0.253,208
idmap_r2,match,100000,0.254,208
idmap_r2,match,100000,0.255,208
idmap_r2,match,100000,0.256,208
idmap_r2,match,100000,0.257,208
idmap_r2,match,100000,0.258,208
idmap_r2,match,100000,0.259,208
idmap_r2,match,100000,0.26,208
idmap_r2,match,100000,0.261,208
idmap_r2,match,100000,0.262,208
idmap_r2,match,100000,0.263,208
idmap_r2,match,100000,0.264,208
idmap_r2,match,100000,0.265,208
idmap_r2,match,100000,0.266,208
idmap_r2,match,100000,0.267,208
idmap_r2,match,100000,0.268,208
idmap_r2,match,100000,0.269,208
idmap_r2,match,100000,0.27,208
idmap_r2,match,100000,0.271,208
idmap_r2,match,100000,0.272,208
idmap_r2,match,100000,0.273,208
idmap_r2,match,100000,0.274,208
idmap_r2,match,100000,0.275,208
idmap_r2,match,100000,0.276,208
idmap_r2,match,100000,0.277,208
idmap_r2,match,100000,0.278,208
idmap_r2,match,100000,0.279,208
idmap_r2,match,100000,0.28,208
idmap_r2,match,100000,0.281,208
idmap_r2,match,100000,0.282,208
idmap_r2,match,100000,0.283,208
idmap_r2,match,100000,0.284,208
idmap_r2,match,100000,0.285,208
idmap_r2,match,100000,0.286,208
idmap_r2,match,100000,0.287,208
idmap_r2,match,100000,0.288,208
idmap_r2,match,100000,0.289,208
idmap_r2,match,100000,0.29,208
idmap_r2,match,100000,0.291,208
idmap_r2,match,100000,0.292,208
idmap_r2,match,100000,0.293,208
idmap_r2,match,100000,0.294,208
idmap_r2,match,100000,0.295,208
idmap_r2,match,100000,0.296,208
idmap_r2,match,100000,0.297,208
idmap_r2,match,100000,0.298,208
idmap_r2,match,100000,0.299,208
idmap_r2,match,100000,0.3,208
idmap_r2,match,100000,0.301,208
idmap_r2,match,100000,0.302,208
idmap_r2,match,100000,0.303,208
idmap_r2,match,100000,0.304,208
idmap_r2,match,100000,0.305,208
idmap_r2,match,100000,0.306,208
idmap_r2,match,100000,0.307,208
idmap_r2,match,100000,0.308,208
idmap_r2,match,100000,0.309,208
idmap_r2,match,100000,0.31,208
idmap_r2,match,100000,0.311,208
idmap_r2,match,100000,0.312,208
idmap_r2,match,100000,0.313,208
idmap_r2,match,100000,0.314,208
idmap_r2,match,100000,0.315,208
idmap_r2,match,100000,0.316,208
idmap_r2,match,100000,0.317,208
idmap_r2,match,100000,0.318,208
idmap_r2,match,100000,0.319,208
idmap_r2,match,100000,0.32,208
idmap_r2,match,100000,0.321,208
idmap_r2,match,100000,0.322,208
idmap_r2,match,100000,0.323,208
idmap_r2,match,100000,0.324,208
idmap_r2,match,100000,0.325,208
idmap_r2,match,100000,0.326,208
idmap_r2,match,100000,0.327,208
idmap_r2,match,100000,0.328,208
idmap_r2,match,100000,0.329,208
idmap_r2,match,100000,0.33,208
idmap_r2,match,100000,0.331,208
idmap_r2,match,100000,0.332,208
idmap_r2,match,100000,0.333,208
idmap_r2,match,100000,0.334,209
idmap_r2,match,100000,0.335,209
idmap_r2,match,100000,0.336,209
idmap_r2,match,100000,0.337,209
idmap_r2,match,100000,0.338,209
idmap_r2,match,100000,0.339,209
idmap_r2,match,100000,0.34,209
idmap_r2,match,100000,0.341,209
idmap_r2,match,100000,0.342,209
idmap_r2,match,100000,0.343,209
idmap_r2,match,100000,0.344,209
idmap_r2,match,100000,0.345,209
idmap_r2,match,100000,0.346,209
idmap_r2,match,100000,0.347,209
idmap_r2,match,100000,0.348,209
idmap_r2,match,100000,0.349,209
idmap_r2,match,100000,0.35,209
idmap_r2,match,100000,0.351,209
idmap_r2,match,100000,0.352,209
idmap_r2,match,100000,0.353,209
idmap_r2,match,100000,0.354,209
idmap_r2,match,100000,0.355,209
idmap_r2,match,100000,0.356,209
idmap_r2,match,100000,0.357,209
idmap_r2,match,100000,0.358,209
idmap_r2,match,100000,0.359,209
idmap_r2,match,100000,0.36,209
idmap_r2,match,100000,0.361,209
idmap_r2,match,100000,0.362,209
idmap_r2,match,100000,0.363,209
idmap_r2,match,100000,0.364,209
idmap_r2,match,100000,0.365,209
idmap_r2,match,100000,0.366,209
idmap_r2,match,100000,0.367,209
idmap_r2,match,100000,0.368,209
idmap_r2,match,100000,0.369,209
idmap_r2,match,100000,0.37,209
idmap_r2,match,100000,0.371,209
idmap_r2,match,100000,0.372,209
idmap_r2,match,100000,0.373,209
idmap_r2,match,100000,0.374,209
idmap_r2,match,100000,0.375,209
idmap_r2,match,100000,0.376,209
idmap_r2,match,100000,0.377,209
idmap_r2,match,100000,0.378,209
idmap_r2,match,100000,0.379,209
idmap_r2,match,100000,0.38,209
idmap_r2,match,100000,0.381,209
idmap_r2,match,100000,0.382,209
idmap_r2,match,100000,0.383,209
idmap_r2,match,100000,0.384,209
idmap_r2,match,100000,0.385,209
idmap_r2,match,100000,0.386,209
idmap_r2,match,100000,0.387,209
idmap_r2,match,100000,0.388,209
idmap_r2,match,100000,0.389,209
idmap_r2,match,100000,0.39,209
idmap_r2,match,100000,0.391,209
idmap_r2,match,100000,0.392,209
idmap_r2,match,100000,0.393,209
idmap_r2,match,100000,0.394,209
idmap_r2,match,100000,0.395,209
idmap_r2,match,100000,0.396,209
idmap_r2,match,100000,0.397,209
idmap_r2,match,100000,0.398,209
idmap_r2,match,100000,0.399,250
idmap_r2,match,100000,0.4,250
idmap_r2,match,100000,0.401,250
idmap_r2,match,100000,0.402,250
idmap_r2,match,100000,0.403,250
idmap_r2,match,100000,0.404,250
idmap_r2,match,100000,0.405,250
idmap_r2,match,100000,0.406,250
idmap_r2,match,100000,0.407,250
idmap_r2,match,100000,0.408,250
idmap_r2,match,100000,0.409,250
idmap_r2,match,100000,0.41,250
idmap_r2,match,100000,0.411,250
idmap_r2,match,100000,0.412,250
idmap_r2,match,100000,0.413,250
idmap_r2,match,100000,0.414,250
idmap_r2,match,100000,0.415,250
idmap_r2,match,100000,0.416,250
idmap_r2,match,100000,0.417,250
idmap_r2,match,100000,0.418,250
idmap_r2,match,100000,0.419,250
idmap_r2,match,100000,0.42,250
idmap_r2,match,100000,0.421,250
idmap_r2,match,100000,0.422,250
idmap_r2,match,100000,0.423,250
idmap_r2,match,100000,0.424,250
idmap_r2,match,100000,0.425,250
idmap_r2,match,100000,0.426,250
idmap_r2,match,100000,0.427,250
idmap_r2,match,100000,0.428,250
idmap_r2,match,100000,0.429,250
idmap_r2,match,100000,0.43,250
idmap_r2,match,100000,0.431,250
idmap_r2,match,100000,0.432,250
idmap_r2,match,100000,0.433,250
idmap_r2,match,100000,0.434,250
idmap_r2,match,100000,0.435,250
idmap_r2,match,100000,0.436,250
idmap_r2,match,100000,0.437,250
idmap_r2,match,100000,0.438,250
idmap_r2,match,100000,0.439,250
idmap_r2,match,100000,0.44,250
idmap_r2,match,100000,0.441,250
idmap_r2,match,100000,0.442,250
idmap_r2,match,100000,0.443,250
idmap_r2,match,100000,0.444,250
idmap_r2,match,100000,0.445,250
idmap_r2,match,100000,0.446,250
idmap_r2,match,100000,0.447,250
idmap_r2,match,100000,0.448,250
idmap_r2,match,100000,0.449,250
idmap_r2,match,100000,0.45,250
idmap_r2,match,100000,0.451,250
idmap_r2,match,100000,0.452,250
idmap_r2,match,100000,0.453,250
idmap_r2,match,100000,0.454,250
idmap_r2,match,100000,0.455,250
idmap_r2,match,100000,0.456,250
idmap_r2,match,100000,0.457,250
idmap_r2,match,100000,0.458,250
idmap_r2,match,100000,0.459,250
idmap_r2,match,100000,0.46,250
idmap_r2,match,100000,0.461,250
idmap_r2,match,100000,0.462,250
idmap_r2,match,100000,0.463,250
idmap_r2,match,100000,0.464,250
idmap_r2,match,100000,0.465,250
idmap_r2,match,100000,0.466,250
idmap_r2,match,100000,0.467,250
idmap_r2,match,100000,0.468,250
idmap_r2,match,100000,0.469,250
idmap_r2,match,100000,0.47,250
idmap_r2,match,100000,0.471,250
idmap_r2,match,100000,0.472,250
idmap_r2,match,100000,0.473,250
idmap_r2,match,100000,0.474,250
idmap_r2,match,100000,0.475,250
idmap_r2,match,100000,0.476,250
idmap_r2,match,100000,0.477,250
idmap_r2,match,100000,0.478,250
idmap_r2,match,100000,0.479,250
idmap_r2,match,100000,0.48,250
idmap_r2,match,100000,0.481,250
idmap_r2,match,100000,0.482,250
idmap_r2,match,100000,0.483,250
idmap_r2,match,100000,0.484,250
idmap_r2,match,100000,0.485,250
idmap_r2,match,100000,0.486,250
idmap_r2,match,100000,0.487,250
idmap_r2,match,100000,0.488,250
idmap_r2,match,100000,0.489,250
idmap_r2,match,100000,0.49,250
idmap_r2,match,100000,0.491,250
idmap_r2,match,100000,0.492,250
idmap_r2,match,100000,0.493,291
idmap_r2,match,100000,0.494,291
idmap_r2,match,100000,0.495,291
idmap_r2,match,100000,0.496,291
idmap_r2,match,100000,0.497,291
idmap_r2,match,100000,0.498,291
idmap_r2,match,100000,0.499,291
idmap_r2,match,100000,0.5,291
idmap_r2,match,100000,0.501,291
idmap_r2,match,100000,0.502,291
idmap_r2,match,100000,0.503,291
idmap_r2,match,100000,0.504,291
idmap_r2,match,100000,0.505,291
idmap_r2,match,100000,0.506,291
idmap_r2,match,100000,0.507,291
idmap_r2,match,100000,0.508,291
idmap_r2,match,100000,0.509,291
idmap_r2,match,100000,0.51,291
idmap_r2,match,100000,0.511,291
idmap_r2,match,100000,0.512,291
idmap_r2,match,100000,0.513,291
idmap_r2,match,100000,0.514,291
idmap_r2,match,100000,0.515,292
idmap_r2,match,100000,0.516,292
idmap_r2,match,100000,0.517,292
idmap_r2,match,100000,0.518,292
idmap_r2,match,100000,0.519,292
idmap_r2,match,100000,0.52,292
idmap_r2,match,100000,0.521,292
idmap_r2,match,100000,0.522,292
idmap_r2,match,100000,0.523,292
idmap_r2,match,100000,0.524,292
idmap_r2,match,100000,0.525,292
idmap_r2,match,100000,0.526,292
idmap_r2,match,100000,0.527,292
idmap_r2,match,100000,0.528,292
idmap_r2,match,100000,0.529,292
idmap_r2,match,100000,0.53,292
idmap_r2,match,100000,0.531,292
idmap_r2,match,100000,0.532,292
idmap_r2,match,100000,0.533,292
idmap_r2,match,100000,0.534,292
idmap_r2,match,100000,0.535,292
idmap_r2,match,100000,0.536,292
idmap_r2,match,100000,0.537,292
idmap_r2,match,100000,0.538,292
idmap_r2,match,100000,0.539,292
idmap_r2,match,100000,0.54,292
idmap_r2,match,100000,0.541,292
idmap_r2,match,100000,0.542,292
idmap_r2,match,100000,0.543,292
idmap_r2,match,100000,0.544,292
idmap_r2,match,100000,0.545,292
idmap_r2,match,100000,0.546,292
idmap_r2,match,100000,0.547,292
idmap_r2,match,100000,0.548,292
idmap_r2,match,100000,0.549,292
idmap_r2,match,100000,0.55,292
idmap_r2,match,100000,0.551,292
idmap_r2,match,100000,0.552,292
idmap_r2,match,100000,0.553,292
idmap_r2,match,100000,0.554,292
idmap_r2,match,100000,0.555,292
idmap_r2,match,100000,0.556,292
idmap_r2,match,100000,0.557,292
idmap_r2,match,100000,0.558,292
idmap_r2,match,100000,0.559,333
idmap_r2,match,100000,0.56,333
idmap_r2,match,100000,0.561,333
idmap_r2,match,100000,0.562,333
idmap_r2,match,100000,0.563,333
idmap_r2,match,100000,0.564,333
idmap_r2,match,100000,0.565,333
idmap_r2,match,100000,0.566,333
idmap_r2,match,100000,0.567,333
idmap_r2,match,100000,0.568,333
idmap_r2,match,100000,0.569,333
idmap_r2,match,100000,0.57,333
idmap_r2,match,100000,0.571,333
idmap_r2,match,100000,0.572,333
idmap_r2,match,100000,0.573,333
idmap_r2,match,100000,0.574,333
idmap_r2,match,100000,0.575,333
idmap_r2,match,100000,0.576,333
idmap_r2,match,100000,0.577,333
idmap_r2,match,100000,0.578,333
idmap_r2,match,100000,0.579,333
idmap_r2,match,100000,0.58,333
idmap_r2,match,100000,0.581,333
idmap_r2,match,100000,0.582,333
idmap_r2,match,100000,0.583,333
idmap_r2,match,100000,0.584,333
idmap_r2,match,100000,0.585,333
idmap_r2,match,100000,0.586,333
idmap_r2,match,100000,0.587,333
idmap_r2,match,100000,0.588,333
idmap_r2,match,100000,0.589,333
idmap_r2,match,100000,0.59,333
idmap_r2,match,100000,0.591,333
idmap_r2,match,100000,0.592,333
idmap_r2,match,100000,0.593,333
idmap_r2,match,100000,0.594,333
idmap_r2,match,100000,0.595,333
idmap_r2,match,100000,0.596,333
idmap_r2,match,100000,0.597,333
idmap_r2,match,100000,0.598,333
idmap_r2,match,100000,0.599,333
idmap_r2,match,100000,0.6,333
idmap_r2,match,100000,0.601,333
idmap_r2,match,100000,0.602,333
idmap_r2,match,100000,0.603,333
idmap_r2,match,100000,0.604,333
idmap_r2,match,100000,0.605,333
idmap_r2,match,100000,0.606,333
idmap_r2,match,100000,0.607,333
idmap_r2,match,100000,0.608,333
idmap_r2,match,100000,0.609,333
idmap_r2,match,100000,0.61,333
idmap_r2,match,100000,0.611,333
idmap_r2,match,100000,0.612,333
idmap_r2,match,100000,0.613,333
idmap_r2,match,100000,0.614,333
idmap_r2,match,100000,0.615,333
idmap_r2,match,100000,0.616,333
idmap_r2,match,100000,0.617,333
idmap_r2,match,100000,0.618,333
idmap_r2,match,100000,0.619,333
idmap_r2,match,100000,0.62,333
idmap_r2,match,100000,0.621,333
idmap_r2,match,100000,0.622,333
idmap_r2,match,100000,0.623,333
idmap_r2,match,100000,0.624,333
idmap_r2,match,100000,0.625,333
idmap_r2,match,100000,0.626,333
idmap_r2,match,100000,0.627,333
idmap_r2,match,100000,0.628,333
idmap_r2,match,100000,0.629,333
idmap_r2,match,100000,0.63,333
idmap_r2,match,100000,0.631,333
idmap_r2,match,100000,0.632,333
idmap_r2,match,100000,0.633,334
idmap_r2,match,100000,0.634,334
idmap_r2,match,100000,0.635,334
idmap_r2,match,100000,0.636,334
idmap_r2,match,100000,0.637,334
idmap_r2,match,100000,0.638,334
idmap_r2,match,100000,0.639,334
idmap_r2,match,100000,0.64,334
idmap_r2,match,100000,0.641,334
idmap_r2,match,100000,0.642,334
idmap_r2,match,100000,0.643,334
idmap_r2,match,100000,0.644,334
idmap_r2,match,100000,0.645,334
idmap_r2,match,100000,0.646,334
idmap_r2,match,100000,0.647,334
idmap_r2,match,100000,0.648,334
idmap_r2,match,100000,0.649,334
idmap_r2,match,100000,0.65,334
idmap_r2,match,100000,0.651,334
idmap_r2,match,100000,0.652,334
idmap_r2,match,100000,0.653,334
idmap_r2,match,100000,0.654,334
idmap_r2,match,100000,0.655,334
idmap_r2,match,100000,0.656,334
idmap_r2,match,100000,0.657,334
idmap_r2,match,100000,0.658,334
idmap_r2,match,100000,0.659,334
idmap_r2,match,100000,0.66,334
idmap_r2,match,100000,0.661,334
idmap_r2,match,100000,0.662,334
idmap_r2,match,100000,0.663,334
idmap_r2,match,100000,0.664,334
idmap_r2,match,100000,0.665,334
idmap_r2,match,100000,0.666,334
idmap_r2,match,100000,0.667,334
idmap_r2,match,100000,0.668,334
idmap_r2,match,100000,0.669,334
idmap_r2,match,100000,0.67,375
idmap_r2,match,100000,0.671,375
idmap_r2,match,100000,0.672,375
idmap_r2,match,100000,0.673,375
idmap_r2,match,100000,0.674,375
idmap_r2,match,100000,0.675,375
idmap_r2,match,100000,0.676,375
idmap_r2,match,100000,0.677,375
idmap_r2,match,100000,0.678,375
idmap_r2,match,100000,0.679,375
idmap_r2,match,100000,0.68,375
idmap_r2,match,100000,0.681,375
idmap_r2,match,100000,0.682,375
idmap_r2,match,100000,0.683,375
idmap_r2,match,100000,0.684,375
idmap_r2,match,100000,0.685,375
idmap_r2,match,100000,0.686,375
idmap_r2,match,100000,0.687,375
idmap_r2,match,100000,0.688,375
idmap_r2,match,100000,0.689,375
idmap_r2,match,100000,0.69,375
idmap_r2,match,100000,0.691,375
idmap_r2,match,100000,0.692,375
idmap_r2,match,100000,0.693,375
idmap_r2,match,100000,0.694,375
idmap_r2,match,100000,0.695,375
idmap_r2,match,100000,0.696,375
idmap_r2,match,100000,0.697,375
idmap_r2,match,100000,0.698,375
idmap_r2,match,100000,0.699,375
idmap_r2,match,100000,0.7,375
idmap_r2,match,100000,0.701,375
idmap_r2,match,100000,0.702,375
idmap_r2,match,100000,0.703,375
idmap_r2,match,100000,0.704,375
idmap_r2,match,100000,0.705,375
idmap_r2,match,100000,0.706,375
idmap_r2,match,100000,0.707,375
idmap_r2,match,100000,0.708,375
idmap_r2,match,100000,0.709,375
idmap_r2,match,100000,0.71,375
idmap_r2,match,100000,0.711,375
idmap_r2,match,100000,0.712,375
idmap_r2,match,100000,0.713,375
idmap_r2,match,100000,0.714,375
idmap_r2,match,100000,0.715,375
idmap_r2,match,100000,0.716,375
idmap_r2,match,100000,0.717,375
idmap_r2,match,100000,0.718,375
idmap_r2,match,100000,0.719,375
idmap_r2,match,100000,0.72,375
idmap_r2,match,100000,0.721,375
idmap_r2,match,100000,0.722,375
idmap_r2,match,100000,0.723,375
idmap_r2,match,100000,0.724,375
idmap_r2,match,100000,0.725,375
idmap_r2,match,100000,0.726,375
idmap_r2,match,100000,0.727,375
idmap_r2,match,100000,0.728,375
idmap_r2,match,100000,0.729,375
idmap_r2,match,100000,0.73,375
idmap_r2,match,100000,0.731,375
idmap_r2,match,100000,0.732,375
idmap_r2,match,100000,0.733,375
idmap_r2,match,100000,0.734,375
idmap_r2,match,100000,0.735,375
idmap_r2,match,100000,0.736,375
idmap_r2,match,100000,0.737,375
idmap_r2,match,100000,0.738,375
idmap_r2,match,100000,0.739,375
idmap_r2,match,100000,0.74,375
idmap_r2,match,100000,0.741,375
idmap_r2,match,100000,0.742,375
idmap_r2,match,100000,0.743,375
idmap_r2,match,100000,0.744,375
idmap_r2,match,100000,0.745,375
idmap_r2,match,100000,0.746,375
idmap_r2,match,100000,0.747,375
idmap_r2,match,100000,0.748,375
idmap_r2,match,100000,0.749,375
idmap_r2,match,100000,0.75,375
idmap_r2,match,100000,0.751,375
idmap_r2,match,100000,0.752,375
idmap_r2,match,100000,0.753,375
idmap_r2,match,100000,0.754,375
idmap_r2,match,100000,0.755,375
idmap_r2,match,100000,0.756,375
idmap_r2,match,100000,0.757,375
idmap_r2,match,100000,0.758,416
idmap_r2,match,100000,0.759,416
idmap_r2,match,100000,0.76,416
idmap_r2,match,100000,0.761,416
idmap_r2,match,100000,0.762,416
idmap_r2,match,100000,0.763,416
idmap_r2,match,100000,0.764,416
idmap_r2,match,100000,0.765,416
idmap_r2,match,100000,0.766,416
idmap_r2,match,100000,0.767,416
idmap_r2,match,100000,0.768,416
idmap_r2,match,100000,0.769,416
idmap_r2,match,100000,0.77,416
idmap_r2,match,100000,0.771,416
idmap_r2,match,100000,0.772,416
idmap_r2,match,100000,0.773,416
idmap_r2,match,100000,0.774,416
idmap_r2,match,100000,0.775,416
idmap_r2,match,100000,0.776,416
idmap_r2,match,100000,0.777,417
idmap_r2,match,100000,0.778,417
idmap_r2,match,100000,0.779,417
idmap_r2,match,100000,0.78,417
idmap_r2,match,100000,0.781,417
idmap_r2,match,100000,0.782,417
idmap_r2,match,100000,0.783,417
idmap_r2,match,100000,0.784,417
idmap_r2,match,100000,0.785,417
idmap_r2,match,100000,0.786,417
idmap_r2,match,100000,0.787,417
idmap_r2,match,100000,0.788,417
idmap_r2,match,100000,0.789,417
idmap_r2,match,100000,0.79,417
idmap_r2,match,100000,0.791,417
idmap_r2,match,100000,0.792,417
idmap_r2,match,100000,0.793,417
idmap_r2,match,100000,0.794,417
idmap_r2,match,100000,0.795,417
idmap_r2,match,100000,0.796,417
idmap_r2,match,100000,0.797,417
idmap_r2,match,100000,0.798,417
idmap_r2,match,100000,0.799,417
idmap_r2,match,100000,0.8,417
idmap_r2,match,100000,0.801,417
idmap_r2,match,100000,0.802,417
idmap_r2,match,100000,0.803,417
idmap_r2,match,100000,0.804,417
idmap_r2,match,100000,0.805,417
idmap_r2,match,100000,0.806,417
idmap_r2,match,100000,0.807,417
idmap_r2,match,100000,0.808,417
idmap_r2,match,100000,0.809,417
idmap_r2,match,100000,0.81,417
idmap_r2,match,100000,0.811,417
idmap_r2,match,100000,0.812,417
idmap_r2,match,100000,0.813,417
idmap_r2,match,100000,0.814,417
idmap_r2,match,100000,0.815,458
idmap_r2,match,100000,0.816,458
idmap_r2,match,100000,0.817,458
idmap_r2,match,100000,0.818,458
idmap_r2,match,100000,0.819,458
idmap_r2,match,100000,0.82,458
idmap_r2,match,100000,0.821,458
idmap_r2,match,100000,0.822,458
idmap_r2,match,100000,0.823,458
idmap_r2,match,100000,0.824,458
idmap_r2,match,100000,0.825,458
idmap_r2,match,100000,0.826,458
idmap_r2,match,100000,0.827,458
idmap_r2,match,100000,0.828,458
idmap_r2,match,100000,0.829,458
idmap_r2,match,100000,0.83,458
idmap_r2,match,100000,0.831,458
idmap_r2,match,100000,0.832,458
idmap_r2,match,100000,0.833,458
idmap_r2,match,100000,0.834,458
idmap_r2,match,100000,0.835,458
idmap_r2,match,100000,0.836,458
idmap_r2,match,100000,0.837,458
idmap_r2,match,100000,0.838,458
idmap_r2,match,100000,0.839,458
idmap_r2,match,100000,0.84,458
idmap_r2,match,100000,0.841,458
idmap_r2,match,100000,0.842,458
idmap_r2,match,100000,0.843,459
idmap_r2,match,100000,0.844,459
idmap_r2,match,100000,0.845,459
idmap_r2,match,100000,0.846,459
idmap_r2,match,100000,0.847,459
idmap_r2,match,100000,0.848,459
idmap_r2,match,100000,0.849,459
idmap_r2,match,100000,0.85,459
idmap_r2,match,100000,0.851,459
idmap_r2,match,100000,0.852,459
idmap_r2,match,100000,0.853,459
idmap_r2,match,100000,0.854,459
idmap_r2,match,100000,0.855,459
idmap_r2,match,100000,0.856,459
idmap_r2,match,100000,0.857,500
idmap_r2,match,100000,0.858,500
idmap_r2,match,100000,0.859,500
idmap_r2,match,100000,0.86,500
idmap_r2,match,100000,0.861,500
idmap_r2,match,100000,0.862,500
idmap_r2,match,100000,0.863,500
idmap_r2,match,100000,0.864,500
idmap_r2,match,100000,0.865,500
idmap_r2,match,100000,0.866,500
idmap_r2,match,100000,0.867,500
idmap_r2,match,100000,0.868,500
idmap_r2,match,100000,0.869,500
idmap_r2,match,100000,0.87,500
idmap_r2,match,100000,0.871,500
idmap_r2,match,100000,0.872,500
idmap_r2,match,100000,0.873,500
idmap_r2,match,100000,0.874,500
idmap_r2,match,100000,0.875,500
idmap_r2,match,100000,0.876,500
idmap_r2,match,100000,0.877,500
idmap_r2,match,100000,0.878,500
idmap_r2,match,100000,0.879,500
idmap_r2,match,100000,0.88,500
idmap_r2,match,100000,0.881,500
idmap_r2,match,100000,0.882,500
idmap_r2,match,100000,0.883,500
idmap_r2,match,100000,0.884,500
idmap_r2,match,100000,0.885,500
idmap_r2,match,100000,0.886,541
idmap_r2,match,100000,0.887,541
idmap_r2,match,100000,0.888,541
idmap_r2,match,100000,0.889,541
idmap_r2,match,100000,0.89,541
idmap_r2,match,100000,0.891,541
idmap_r2,match,100000,0.892,542
idmap_r2,match,100000,0.893,542
idmap_r2,match,100000,0.894,542
idmap_r2,match,100000,0.895,542
idmap_r2,match,100000,0.896,542
idmap_r2,match,100000,0.897,542
idmap_r2,match,100000,0.898,542
idmap_r2,match,100000,0.899,542
idmap_r2,match,100000,0.9,542
idmap_r2,match,100000,0.901,542
idmap_r2,match,100000,0.902,542
idmap_r2,match,100000,0.903,542
idmap_r2,match,100000,0.904,583
idmap_r2,match,100000,0.905,583
idmap_r2,match,100000,0.906,583
idmap_r2,match,100000,0.907,583
idmap_r2,match,100000,0.908,583
idmap_r2,match,100000,0.909,583
idmap_r2,match,100000,0.91,583
idmap_r2,match,100000,0.911,583
idmap_r2,match,100000,0.912,584
idmap_r2,match,100000,0.913,584
idmap_r2,match,100000,0.914,584
idmap_r2,match,100000,0.915,584
idmap_r2,match,100000,0.916,625
idmap_r2,match,100000,0.917,625
idmap_r2,match,100000,0.918,625
idmap_r2,match,100000,0.919,625
idmap_r2,match,100000,0.92,625
idmap_r2,match,100000,0.921,625
idmap_r2,match,100000,0.922,625
idmap_r2,match,100000,0.923,625
idmap_r2,match,100000,0.924,625
idmap_r2,match,100000,0.925,625
idmap_r2,match,100000,0.926,625
idmap_r2,match,100000,0.927,625
idmap_r2,match,100000,0.928,666
idmap_r2,match,100000,0.929,666
idmap_r2,match,100000,0.93,666
idmap_r2,match,100000,0.931,666
idmap_r2,match,100000,0.932,666
idmap_r2,match,100000,0.933,667
idmap_r2,match,100000,0.934,667
idmap_r2,match,100000,0.935,667
idmap_r2,match,100000,0.936,667
idmap_r2,match,100000,0.937,667
idmap_r2,match,100000,0.938,667
idmap_r2,match,100000,0.939,667
idmap_r2,match,100000,0.94,667
idmap_r2,match,100000,0.941,667
idmap_r2,match,100000,0.942,667
idmap_r2,match,100000,0.943,708
idmap_r2,match,100000,0.944,708
idmap_r2,match,100000,0.945,708
idmap_r2,match,100000,0.946,708
idmap_r2,match,100000,0.947,708
idmap_r2,match,100000,0.948,708
idmap_r2,match,100000,0.949,708
idmap_r2,match,100000,0.95,708
idmap_r2,match,100000,0.951,708
idmap_r2,match,100000,0.952,708
idmap_r2,match,100000,0.953,709
idmap_r2,match,100000,0.954,709
idmap_r2,match,100000,0.955,709
idmap_r2,match,100000,0.956,709
idmap_r2,match,100000,0.957,709
idmap_r2,match,100000,0.958,750
idmap_r2,match,100000,0.959,750
idmap_r2,match,100000,0.96,750
idmap_r2,match,100000,0.961,750
idmap_r2,match,100000,0.962,750
idmap_r2,match,100000,0.963,750
idmap_r2,match,100000,0.964,750
idmap_r2,match,100000,0.965,750
idmap_r2,match,100000,0.966,750
idmap_r2,match,100000,0.967,791
idmap_r2,match,100000,0.968,791
idmap_r2,match,100000,0.969,792
idmap_r2,match,100000,0.97,792
idmap_r2,match,100000,0.971,792
idmap_r2,match,100000,0.972,792
idmap_r2,match,100000,0.973,833
idmap_r2,match,100000,0.974,833
idmap_r2,match,100000,0.975,833
idmap_r2,match,100000,0.976,834
idmap_r2,match,100000,0.977,875
idmap_r2,match,100000,0.978,875
idmap_r2,match,100000,0.979,875
idmap_r2,match,100000,0.98,916
idmap_r2,match,100000,0.981,917
idmap_r2,match,100000,0.982,917
idmap_r2,match,100000,0.983,958
idmap_r2,match,100000,0.984,958
idmap_r2,match,100000,0.985,959
idmap_r2,match,100000,0.986,1000
idmap_r2,match,100000,0.987,1000
idmap_r2,match,100000,0.988,1000
idmap_r2,match,100000,0.989,1041
idmap_r2,match,100000,0.99,1042
idmap_r2,match,100000,0.991,1083
idmap_r2,match,100000,0.992,1125
idmap_r2,match,100000,0.993,1166
idmap_r2,match,100000,0.994,1209
idmap_r2,match,100000,0.995,1292
idmap_r2,match,100000,0.996,1458
idmap_r2,match,100000,0.997,1750
idmap_r2,match,100000,0.998,5125
idmap_r2,match,100000,0.999,32708
idmap_r2,add,1000000,0,0
idmap_r2,add,1000000,0.001,0
idmap_r2,add,1000000,0.002,0
idmap_r2,add,1000000,0.003,0
idmap_r2,add,1000000,0.004,0
idmap_r2,add,1000000,0.005,0
idmap_r2,add,1000000,0.006,0
idmap_r2,add,1000000,0.007,0
idmap_r2,add,1000000,0.008,0
idmap_r2,add,1000000,0.009,0
idmap_r2,add,1000000,0.01,0
idmap_r2,add,1000000,0.011,0
idmap_r2,add,1000000,0.012,0
idmap_r2,add,1000000,0.013,0
idmap_r2,add,1000000,0.014,0
idmap_r2,add,1000000,0.015,0
idmap_r2,add,1000000,0.016,0
idmap_r2,add,1000000,0.017,0
idmap_r2,add,1000000,0.018,0
idmap_r2,add,1000000,0.019,0
idmap_r2,add,1000000,0.02,0
idmap_r2,add,1000000,0.021,0
idmap_r2,add,1000000,0.022,0
idmap_r2,add,1000000,0.023,0
idmap_r2,add,1000000,0.024,41
idmap_r2,add,1000000,0.025,41
idmap_r2,add,1000000,0.026,41
idmap_r2,add,1000000,0.027,41
idmap_r2,add,1000000,0.028,41
idmap_r2,add,1000000,0.029,41
idmap_r2,add,1000000,0.03,41
idmap_r2,add,1000000,0.031,41
idmap_r2,add,1000000,0.032,41
idmap_r2,add,1000000,0.033,41
idmap_r2,add,1000000,0.034,41
idmap_r2,add,1000000,0.035,41
idmap_r2,add,1000000,0.036,41
idmap_r2,add,1000000,0.037,41
idmap_r2,add,1000000,0.038,41
idmap_r2,add,1000000,0.039,41
idmap_r2,add,1000000,0.04,41
idmap_r2,add,1000000,0.041,41
idmap_r2,add,1000000,0.042,41
idmap_r2,add,1000000,0.043,41
idmap_r2,add,1000000,0.044,41
idmap_r2,add,1000000,0.045,41
idmap_r2,add,1000000,0.046,41
idmap_r2,add,1000000,0.047,41
idmap_r2,add,1000000,0.048,41
idmap_r2,add,1000000,0.049,41
idmap_r2,add,1000000,0.05,41
idmap_r2,add,1000000,0.051,41
idmap_r2,add,1000000,0.052,41
idmap_r2,add,1000000,0.053,41
idmap_r2,add,1000000,0.054,41
idmap_r2,add,1000000,0.055,41
idmap_r2,add,1000000,0.056,41
idmap_r2,add,1000000,0.057,41
idmap_r2,add,1000000,0.058,41
idmap_r2,add,1000000,0.059,41
idmap_r2,add,1000000,0.06,41
idmap_r2,add,1000000,0.061,41
idmap_r2,add,1000000,0.062,41
idmap_r2,add,1000000,0.063,41
idmap_r2,add,1000000,0.064,41
idmap_r2,add,1000000,0.065,41
idmap_r2,add,1000000,0.066,41
idmap_r2,add,1000000,0.067,41
idmap_r2,add,1000000,0.068,41
idmap_r2,add,1000000,0.069,41
idmap_r2,add,1000000,0.07,41
idmap_r2,add,1000000,0.071,41
idmap_r2,add,1000000,0.072,41
idmap_r2,add,1000000,0.073,41
idmap_r2,add,1000000,0.074,41
idmap_r2,add,1000000,0.075,41
idmap_r2,add,1000000,0.076,41
idmap_r2,add,1000000,0.077,41
idmap_r2,add,1000000,0.078,41
idmap_r2,add,1000000,0.079,41
idmap_r2,add,1000000,0.08,41
idmap_r2,add,1000000,0.081,41
idmap_r2,add,1000000,0.082,41
idmap_r2,add,1000000,0.083,41
idmap_r2,add,1000000,0.084,41
idmap_r2,add,1000000,0.085,41
idmap_r2,add,1000000,0.086,41
idmap_r2,add,1000000,0.087,41
idmap_r2,add,1000000,0.088,41
idmap_r2,add,1000000,0.089,41
idmap_r2,add,1000000,0.09,41
idmap_r2,add,1000000,0.091,41
idmap_r2,add,1000000,0.092,41
idmap_r2,add,1000000,0.093,41
idmap_r2,add,1000000,0.094,41
idmap_r2,add,1000000,0.095,41
idmap_r2,add,1000000,0.096,41
idmap_r2,add,1000000,0.097,41
idmap_r2,add,1000000,0.098,41
idmap_r2,add,1000000,0.099,41
idmap_r2,add,1000000,0.1,41
idmap_r2,add,1000000,0.101,41
idmap_r2,add,1000000,0.102,41
idmap_r2,add,1000000,0.103,41
idmap_r2,add,1000000,0.104,41
idmap_r2,add,1000000,0.105,41
idmap_r2,add,1000000,0.106,41
idmap_r2,add,1000000,0.107,41
idmap_r2,add,1000000,0.108,41
idmap_r2,add,1000000,0.109,41
idmap_r2,add,1000000,0.11,41
idmap_r2,add,1000000,0.111,41
idmap_r2,add,1000000,0.112,41
idmap_r2,add,1000000,0.113,41
idmap_r2,add,1000000,0.114,41
idmap_r2,add,1000000,0.115,41
idmap_r2,add,1000000,0.116,41
idmap_r2,add,1000000,0.117,41
idmap_r2,add,1000000,0.118,41
idmap_r2,add,1000000,0.119,41
idmap_r2,add,1000000,0.12,41
idmap_r2,add,1000000,0.121,41
idmap_r2,add,1000000,0.122,41
idmap_r2,add,1000000,0.123,41
idmap_r2,add,1000000,0.124,41
idmap_r2,add,1000000,0.125,41
idmap_r2,add,1000000,0.126,41
idmap_r2,add,1000000,0.127,41
idmap_r2,add,1000000,0.128,41
idmap_r2,add,1000000,0.129,41
idmap_r2,add,1000000,0.13,41
idmap_r2,add,1000000,0.131,41
idmap_r2,add,1000000,0.132,41
idmap_r2,add,1000000,0.133,41
idmap_r2,add,1000000,0.134,41
idmap_r2,add,1000000,0.135,41
idmap_r2,add,1000000,0.136,41
idmap_r2,add,1000000,0.137,42
idmap_r2,add,1000000,0.138,42
idmap_r2,add,1000000,0.139,42
idmap_r2,add,1000000,0.14,42
idmap_r2,add,1000000,0.141,42
idmap_r2,add,1000000,0.142,42
idmap_r2,add,1000000,0.143,42
idmap_r2,add,1000000,0.144,42
idmap_r2,add,1000000,0.145,42
idmap_r2,add,1000000,0.146,42
idmap_r2,add,1000000,0.147,42
idmap_r2,add,1000000,0.148,42
idmap_r2,add,1000000,0.149,42
idmap_r2,add,1000000,0.15,42
idmap_r2,add,1000000,0.151,42
idmap_r2,add,1000000,0.152,42
idmap_r2,add,1000000,0.153,42
idmap_r2,add,1000000,0.154,42
idmap_r2,add,1000000,0.155,42
idmap_r2,add,1000000,0.156,42
idmap_r2,add,1000000,0.157,42
idmap_r2,add,1000000,0.158,42
idmap_r2,add,1000000,0.159,42
idmap_r2,add,1000000,0.16,42
idmap_r2,add,1000000,0.161,42
idmap_r2,add,1000000,0.162,42
idmap_r2,add,1000000,0.163,42
idmap_r2,add,1000000,0.164,42
idmap_r2,add,1000000,0.165,42
idmap_r2,add,1000000,0.166,42
idmap_r2,add,1000000,0.167,42
idmap_r2,add,1000000,0.168,42
idmap_r2,add,1000000,0.169,42
idmap_r2,add,1000000,0.17,42
idmap_r2,add,1000000,0.171,42
idmap_r2,add,1000000,0.172,42
idmap_r2,add,1000000,0.173,42
idmap_r2,add,1000000,0.174,42
idmap_r2,add,1000000,0.175,42
idmap_r2,add,1000000,0.176,42
idmap_r2,add,1000000,0.177,42
idmap_r2,add,1000000,0.178,42
idmap_r2,add,1000000,0.179,42
idmap_r2,add,1000000,0.18,42
idmap_r2,add,1000000,0.181,42
idmap_r2,add,1000000,0.182,42
idmap_r2,add,1000000,0.183,42
idmap_r2,add,1000000,0.184,42
idmap_r2,add,1000000,0.185,42
idmap_r2,add,1000000,0.186,42
idmap_r2,add,1000000,0.187,42
idmap_r2,add,1000000,0.188,42
idmap_r2,add,1000000,0.189,42
idmap_r2,add,1000000,0.19,42
idmap_r2,add,1000000,0.191,42
idmap_r2,add,1000000,0.192,42
idmap_r2,add,1000000,0.193,42
idmap_r2,add,1000000,0.194,42
idmap_r2,add,1000000,0.195,42
idmap_r2,add,1000000,0.196,42
idmap_r2,add,1000000,0.197,42
idmap_r2,add,1000000,0.198,42
idmap_r2,add,1000000,0.199,42
idmap_r2,add,1000000,0.2,42
idmap_r2,add,1000000,0.201,42
idmap_r2,add,1000000,0.202,42
idmap_r2,add,1000000,0.203,42
idmap_r2,add,1000000,0.204,42
idmap_r2,add,1000000,0.205,42
idmap_r2,add,1000000,0.206,42
idmap_r2,add,1000000,0.207,42
idmap_r2,add,1000000,0.208,42
idmap_r2,add,1000000,0.209,42
idmap_r2,add,1000000,0.21,42
idmap_r2,add,1000000,0.211,42
idmap_r2,add,1000000,0.212,42
idmap_r2,add,1000000,0.213,42
idmap_r2,add,1000000,0.214,42
idmap_r2,add,1000000,0.215,42
idmap_r2,add,1000000,0.216,42
idmap_r2,add,1000000,0.217,42
idmap_r2,add,1000000,0.218,42
idmap_r2,add,1000000,0.219,42
idmap_r2,add,1000000,0.22,42
idmap_r2,add,1000000,0.221,42
idmap_r2,add,1000000,0.222,42
idmap_r2,add,1000000,0.223,42
idmap_r2,add,1000000,0.224,42
idmap_r2,add,1000000,0.225,42
idmap_r2,add,1000000,0.226,42
idmap_r2,add,1000000,0.227,42
idmap_r2,add,1000000,0.228,42
idmap_r2,add,1000000,0.229,42
idmap_r2,add,1000000,0.23,42
idmap_r2,add,1000000,0.231,42
idmap_r2,add,1000000,0.232,42
idmap_r2,add,1000000,0.233,42
idmap_r2,add,1000000,0.234,42
idmap_r2,add,1000000,0.235,42
idmap_r2,add,1000000,0.236,42
idmap_r2,add,1000000,0.237,42
idmap_r2,add,1000000,0.238,42
idmap_r2,add,1000000,0.239,42
idmap_r2,add,1000000,0.24,42
idmap_r2,add,1000000,0.241,42
idmap_r2,add,1000000,0.242,42
idmap_r2,add,1000000,0.243,42
idmap_r2,add,1000000,0.244,42
idmap_r2,add,1000000,0.245,42
idmap_r2,add,1000000,0.246,42
idmap_r2,add,1000000,0.247,42
idmap_r2,add,1000000,0.248,42
idmap_r2,add,1000000,0.249,42
idmap_r2,add,1000000,0.25,42
idmap_r2,add,1000000,0.251,42
idmap_r2,add,1000000,0.252,42
idmap_r2,add,1000000,0.253,42
idmap_r2,add,1000000,0.254,42
idmap_r2,add,1000000,0.255,42
idmap_r2,add,1000000,0.256,42
idmap_r2,add,1000000,0.257,42
idmap_r2,add,1000000,0.258,42
idmap_r2,add,1000000,0.259,42
idmap_r2,add,1000000,0.26,42
idmap_r2,add,1000000,0.261,42
idmap_r2,add,1000000,0.262,42
idmap_r2,add,1000000,0.263,42
idmap_r2,add,1000000,0.264,42
idmap_r2,add,1000000,0.265,42
idmap_r2,add,1000000,0.266,42
idmap_r2,add,1000000,0.267,42
idmap_r2,add,1000000,0.268,42
idmap_r2,add,1000000,0.269,42
idmap_r2,add,1000000,0.27,42
idmap_r2,add,1000000,0.271,42
idmap_r2,add,1000000,0.272,42
idmap_r2,add,1000000,0.273,42
idmap_r2,add,1000000,0.274,42
idmap_r2,add,1000000,0.275,42
idmap_r2,add,1000000,0.276,42
idmap_r2,add,1000000,0.277,42
idmap_r2,add,1000000,0.278,42
idmap_r2,add,1000000,0.279,42
idmap_r2,add,1000000,0.28,42
idmap_r2,add,1000000,0.281,42
idmap_r2,add,1000000,0.282,42
idmap_r2,add,1000000,0.283,42
idmap_r2,add,1000000,0.284,42
idmap_r2,add,1000000,0.285,42
idmap_r2,add,1000000,0.286,42
idmap_r2,add,1000000,0.287,42
idmap_r2,add,1000000,0.288,42
idmap_r2,add,1000000,0.289,42
idmap_r2,add,1000000,0.29,42
idmap_r2,add,1000000,0.291,42
idmap_r2,add,1000000,0.292,42
idmap_r2,add,1000000,0.293,42
idmap_r2,add,1000000,0.294,42
idmap_r2,add,1000000,0.295,42
idmap_r2,add,1000000,0.296,42
idmap_r2,add,1000000,0.297,42
idmap_r2,add,1000000,0.298,42
idmap_r2,add,1000000,0.299,42
idmap_r2,add,1000000,0.3,42
idmap_r2,add,1000000,0.301,42
idmap_r2,add,1000000,0.302,42
idmap_r2,add,1000000,0.303,42
idmap_r2,add,1000000,0.304,42
idmap_r2,add,1000000,0.305,42
idmap_r2,add,1000000,0.306,42
idmap_r2,add,1000000,0.307,42
idmap_r2,add,1000000,0.308,42
idmap_r2,add,1000000,0.309,42
idmap_r2,add,1000000,0.31,42
idmap_r2,add,1000000,0.311,42
idmap_r2,add,1000000,0.312,42
idmap_r2,add,1000000,0.313,42
idmap_r2,add,1000000,0.314,42
idmap_r2,add,1000000,0.315,42
idmap_r2,add,1000000,0.316,42
idmap_r2,add,1000000,0.317,42
idmap_r2,add,1000000,0.318,42
idmap_r2,add,1000000,0.319,42
idmap_r2,add,1000000,0.32,42
idmap_r2,add,1000000,0.321,42
idmap_r2,add,1000000,0.322,42
idmap_r2,add,1000000,0.323,42
idmap_r2,add,1000000,0.324,42
idmap_r2,add,1000000,0.325,42
idmap_r2,add,1000000,0.326,42
idmap_r2,add,1000000,0.327,42
idmap_r2,add,1000000,0.328,42
idmap_r2,add,1000000,0.329,42
idmap_r2,add,1000000,0.33,42
idmap_r2,add,1000000,0.331,42
idmap_r2,add,1000000,0.332,42
idmap_r2,add,1000000,0.333,42
idmap_r2,add,1000000,0.334,42
idmap_r2,add,1000000,0.335,42
idmap_r2,add,1000000,0.336,42
idmap_r2,add,1000000,0.337,42
idmap_r2,add,1000000,0.338,42
idmap_r2,add,1000000,0.339,42
idmap_r2,add,1000000,0.34,42
idmap_r2,add,1000000,0.341,42
idmap_r2,add,1000000,0.342,42
idmap_r2,add,1000000,0.343,42
idmap_r2,add,1000000,0.344,42
idmap_r2,add,1000000,0.345,42
idmap_r2,add,1000000,0.346,42
idmap_r2,add,1000000,0.347,42
idmap_r2,add,1000000,0.348,42
idmap_r2,add,1000000,0.349,42
idmap_r2,add,1000000,0.35,42
idmap_r2,add,1000000,0.351,42
idmap_r2,add,1000000,0.352,42
idmap_r2,add,1000000,0.353,42
idmap_r2,add,1000000,0.354,42
idmap_r2,add,1000000,0.355,42
idmap_r2,add,1000000,0.356,42
idmap_r2,add,1000000,0.357,42
idmap_r2,add,1000000,0.358,42
idmap_r2,add,1000000,0.359,42
idmap_r2,add,1000000,0.36,42
idmap_r2,add,1000000,0.361,42
idmap_r2,add,1000000,0.362,42
idmap_r2,add,1000000,0.363,83
idmap_r2,add,1000000,0.364,83
idmap_r2,add,1000000,0.365,83
idmap_r2,add,1000000,0.366,83
idmap_r2,add,1000000,0.367,83
idmap_r2,add,1000000,0.368,83
idmap_r2,add,1000000,0.369,83
idmap_r2,add,1000000,0.37,83
idmap_r2,add,1000000,0.371,83
idmap_r2,add,1000000,0.372,83
idmap_r2,add,1000000,0.373,83
idmap_r2,add,1000000,0.374,83
idmap_r2,add,1000000,0.375,83
idmap_r2,add,1000000,0.376,83
idmap_r2,add,1000000,0.377,83
idmap_r2,add,1000000,0.378,83
idmap_r2,add,1000000,0.379,83
idmap_r2,add,1000000,0.38,83
idmap_r2,add,1000000,0.381,83
idmap_r2,add,1000000,0.382,83
idmap_r2,add,1000000,0.383,83
idmap_r2,add,1000000,0.384,83
idmap_r2,add,1000000,0.385,83
idmap_r2,add,1000000,0.386,83
idmap_r2,add,1000000,0.387,83
idmap_r2,add,1000000,0.388,83
idmap_r2,add,1000000,0.389,83
idmap_r2,add,1000000,0.39,83
idmap_r2,add,1000000,0.391,83
idmap_r2,add,1000000,0.392,83
idmap_r2,add,1000000,0.393,83
idmap_r2,add,1000000,0.394,83
idmap_r2,add,1000000,0.395,83
idmap_r2,add,1000000,0.396,83
idmap_r2,add,1000000,0.397,83
idmap_r2,add,1000000,0.398,83
idmap_r2,add,1000000,0.399,83
idmap_r2,add,1000000,0.4,83
idmap_r2,add,1000000,0.401,83
idmap_r2,add,1000000,0.402,83
idmap_r2,add,1000000,0.403,83
idmap_r2,add,1000000,0.404,83
idmap_r2,add,1000000,0.405,83
idmap_r2,add,1000000,0.406,83
idmap_r2,add,1000000,0.407,83
idmap_r2,add,1000000,0.408,83
idmap_r2,add,1000000,0.409,83
idmap_r2,add,1000000,0.41,83
idmap_r2,add,1000000,0.411,83
idmap_r2,add,1000000,0.412,83
idmap_r2,add,1000000,0.413,83
idmap_r2,add,1000000,0.414,83
idmap_r2,add,1000000,0.415,83
idmap_r2,add,1000000,0.416,83
idmap_r2,add,1000000,0.417,83
idmap_r2,add,1000000,0.418,83
idmap_r2,add,1000000,0.419,83
idmap_r2,add,1000000,0.42,83
idmap_r2,add,1000000,0.421,83
idmap_r2,add,1000000,0.422,83
idmap_r2,add,1000000,0.423,83
idmap_r2,add,1000000,0.424,83
idmap_r2,add,1000000,0.425,83
idmap_r2,add,1000000,0.426,83
idmap_r2,add,1000000,0.427,83
idmap_r2,add,1000000,0.428,83
idmap_r2,add,1000000,0.429,83
idmap_r2,add,1000000,0.43,83
idmap_r2,add,1000000,0.431,83
idmap_r2,add,1000000,0.432,83
idmap_r2,add,1000000,0.433,83
idmap_r2,add,1000000,0.434,83
idmap_r2,add,1000000,0.435,83
idmap_r2,add,1000000,0.436,83
idmap_r2,add,1000000,0.437,83
idmap_r2,add,1000000,0.438,83
idmap_r2,add,1000000,0.439,83
idmap_r2,add,1000000,0.44,83
idmap_r2,add,1000000,0.441,83
idmap_r2,add,1000000,0.442,83
idmap_r2,add,1000000,0.443,83
idmap_r2,add,1000000,0.444,83
idmap_r2,add,1000000,0.445,83
idmap_r2,add,1000000,0.446,83
idmap_r2,add,1000000,0.447,83
idmap_r2,add,1000000,0.448,83
idmap_r2,add,1000000,0.449,83
idmap_r2,add,1000000,0.45,83
idmap_r2,add,1000000,0.451,83
idmap_r2,add,1000000,0.452,83
idmap_r2,add,1000000,0.453,83
idmap_r2,add,1000000,0.454,83
idmap_r2,add,1000000,0.455,83
idmap_r2,add,1000000,0.456,83
idmap_r2,add,1000000,0.457,83
idmap_r2,add,1000000,0.458,83
idmap_r2,add,1000000,0.459,83
idmap_r2,add,1000000,0.46,83
idmap_r2,add,1000000,0.461,83
idmap_r2,add,1000000,0.462,83
idmap_r2,add,1000000,0.463,83
idmap_r2,add,1000000,0.464,83
idmap_r2,add,1000000,0.465,83
idmap_r2,add,1000000,0.466,83
idmap_r2,add,1000000,0.467,83
idmap_r2,add,1000000,0.468,83
idmap_r2,add,1000000,0.469,83
idmap_r2,add,1000000,0.47,83
idmap_r2,add,1000000,0.471,83
idmap_r2,add,1000000,0.472,83
idmap_r2,add,1000000,0.473,83
idmap_r2,add,1000000,0.474,83
idmap_r2,add,1000000,0.475,83
idmap_r2,add,1000000,0.476,83
idmap_r2,add,1000000,0.477,83
idmap_r2,add,1000000,0.478,83
idmap_r2,add,1000000,0.479,83
idmap_r2,add,1000000,0.48,83
idmap_r2,add,1000000,0.481,83
idmap_r2,add,1000000,0.482,83
idmap_r2,add,1000000,0.483,83
idmap_r2,add,1000000,0.484,83
idmap_r2,add,1000000,0.485,83
idmap_r2,add,1000000,0.486,83
idmap_r2,add,1000000,0.487,83
idmap_r2,add,1000000,0.488,83
idmap_r2,add,1000000,0.489,83
idmap_r2,add,1000000,0.49,83
idmap_r2,add,1000000,0.491,83
idmap_r2,add,1000000,0.492,83
idmap_r2,add,1000000,0.493,83
idmap_r2,add,1000000,0.494,83
idmap_r2,add,1000000,0.495,83
idmap_r2,add,1000000,0.496,83
idmap_r2,add,1000000,0.497,83
idmap_r2,add,1000000,0.498,83
idmap_r2,add,1000000,0.499,83
idmap_r2,add,1000000,0.5,83
idmap_r2,add,1000000,0.501,83
idmap_r2,add,1000000,0.502,83
idmap_r2,add,1000000,0.503,83
idmap_r2,add,1000000,0.504,83
idmap_r2,add,1000000,0.505,83
idmap_r2,add,1000000,0.506,83
idmap_r2,add,1000000,0.507,83
idmap_r2,add,1000000,0.508,83
idmap_r2,add,1000000,0.509,83
idmap_r2,add,1000000,0.51,83
idmap_r2,add,1000000,0.511,83
idmap_r2,add,1000000,0.512,83
idmap_r2,add,1000000,0.513,83
idmap_r2,add,1000000,0.514,83
idmap_r2,add,1000000,0.515,83
idmap_r2,add,1000000,0.516,83
idmap_r2,add,1000000,0.517,83
idmap_r2,add,1000000,0.518,83
idmap_r2,add,1000000,0.519,83
idmap_r2,add,1000000,0.52,83
idmap_r2,add,1000000,0.521,83
idmap_r2,add,1000000,0.522,83
idmap_r2,add,1000000,0.523,83
idmap_r2,add,1000000,0.524,83
idmap_r2,add,1000000,0.525,83
idmap_r2,add,1000000,0.526,83
idmap_r2,add,1000000,0.527,83
idmap_r2,add,1000000,0.528,83
idmap_r2,add,1000000,0.529,83
idmap_r2,add,1000000,0.53,83
idmap_r2,add,1000000,0.531,83
idmap_r2,add,1000000,0.532,83
idmap_r2,add,1000000,0.533,83
idmap_r2,add,1000000,0.534,83
idmap_r2,add,1000000,0.535,83
idmap_r2,add,1000000,0.536,83
idmap_r2,add,1000000,0.537,83
idmap_r2,add,1000000,0.538,83
idmap_r2,add,1000000,0.539,83
idmap_r2,add,1000000,0.54,83
idmap_r2,add,1000000,0.541,83
idmap_r2,add,1000000,0.542,83
idmap_r2,add,1000000,0.543,83
idmap_r2,add,1000000,0.544,83
idmap_r2,add,1000000,0.545,83
idmap_r2,add,1000000,0.546,83
idmap_r2,add,1000000,0.547,83
idmap_r2,add,1000000,0.548,83
idmap_r2,add,1000000,0.549,84
idmap_r2,add,1000000,0.55,84
idmap_r2,add,1000000,0.551,84
idmap_r2,add,1000000,0.552,84
idmap_r2,add,1000000,0.553,84
idmap_r2,add,1000000,0.554,84
idmap_r2,add,1000000,0.555,84
idmap_r2,add,1000000,0.556,84
idmap_r2,add,1000000,0.557,84
idmap_r2,add,1000000,0.558,84
idmap_r2,add,1000000,0.559,84
idmap_r2,add,1000000,0.56,84
idmap_r2,add,1000000,0.561,84
idmap_r2,add,1000000,0.562,84
idmap_r2,add,1000000,0.563,84
idmap_r2,add,1000000,0.564,84
idmap_r2,add,1000000,0.565,84
idmap_r2,add,1000000,0.566,84
idmap_r2,add,1000000,0.567,84
idmap_r2,add,1000000,0.568,84
idmap_r2,add,1000000,0.569,84
idmap_r2,add,1000000,0.57,84
idmap_r2,add,1000000,0.571,84
idmap_r2,add,1000000,0.572,84
idmap_r2,add,1000000,0.573,84
idmap_r2,add,1000000,0.574,84
idmap_r2,add,1000000,0.575,84
idmap_r2,add,1000000,0.576,84
idmap_r2,add,1000000,0.577,84
idmap_r2,add,1000000,0.578,84
idmap_r2,add,1000000,0.579,84
idmap_r2,add,1000000,0.58,84
idmap_r2,add,1000000,0.581,84
idmap_r2,add,1000000,0.582,84
idmap_r2,add,1000000,0.583,84
idmap_r2,add,1000000,0.584,84
idmap_r2,add,1000000,0.585,84
idmap_r2,add,1000000,0.586,84
idmap_r2,add,1000000,0.587,84
idmap_r2,add,1000000,0.588,84
idmap_r2,add,1000000,0.589,84
idmap_r2,add,1000000,0.59,84
idmap_r2,add,1000000,0.591,84
idmap_r2,add,1000000,0.592,84
idmap_r2,add,1000000,0.593,84
idmap_r2,add,1000000,0.594,84
idmap_r2,add,1000000,0.595,84
idmap_r2,add,1000000,0.596,84
idmap_r2,add,1000000,0.597,84
idmap_r2,add,1000000,0.598,84
idmap_r2,add,1000000,0.599,84
idmap_r2,add,1000000,0.6,84
idmap_r2,add,1000000,0.601,84
idmap_r2,add,1000000,0.602,84
idmap_r2,add,1000000,0.603,84
idmap_r2,add,1000000,0.604,84
idmap_r2,add,1000000,0.605,84
idmap_r2,add,1000000,0.606,84
idmap_r2,add,1000000,0.607,84
idmap_r2,add,1000000,0.608,84
idmap_r2,add,1000000,0.609,84
idmap_r2,add,1000000,0.61,84
idmap_r2,add,1000000,0.611,84
idmap_r2,add,1000000,0.612,84
idmap_r2,add,1000000,0.613,84
idmap_r2,add,1000000,0.614,84
idmap_r2,add,1000000,0.615,84
idmap_r2,add,1000000,0.616,84
idmap_r2,add,1000000,0.617,84
idmap_r2,add,1000000,0.618,84
idmap_r2,add,1000000,0.619,84
idmap_r2,add,1000000,0.62,84
idmap_r2,add,1000000,0.621,84
idmap_r2,add,1000000,0.622,84
idmap_r2,add,1000000,0.623,84
idmap_r2,add,1000000,0.624,84
idmap_r2,add,1000000,0.625,84
idmap_r2,add,1000000,0.626,84
idmap_r2,add,1000000,0.627,84
idmap_r2,add,1000000,0.628,84
idmap_r2,add,1000000,0.629,84
idmap_r2,add,1000000,0.63,84
idmap_r2,add,1000000,0.631,84
idmap_r2,add,1000000,0.632,84
idmap_r2,add,1000000,0.633,84
idmap_r2,add,1000000,0.634,84
idmap_r2,add,1000000,0.635,84
idmap_r2,add,1000000,0.636,84
idmap_r2,add,1000000,0.637,84
idmap_r2,add,1000000,0.638,84
idmap_r2,add,1000000,0.639,84
idmap_r2,add,1000000,0.64,84
idmap_r2,add,1000000,0.641,84
idmap_r2,add,1000000,0.642,84
idmap_r2,add,1000000,0.643,84
idmap_r2,add,1000000,0.644,125
idmap_r2,add,1000000,0.645,125
idmap_r2,add,1000000,0.646,125
idmap_r2,add,1000000,0.647,125
idmap_r2,add,1000000,0.648,125
idmap_r2,add,1000000,0.649,125
idmap_r2,add,1000000,0.65,125
idmap_r2,add,1000000,0.651,125
idmap_r2,add,1000000,0.652,125
idmap_r2,add,1000000,0.653,125
idmap_r2,add,1000000,0.654,125
idmap_r2,add,1000000,0.655,125
idmap_r2,add,1000000,0.656,125
idmap_r2,add,1000000,0.657,125
idmap_r2,add,1000000,0.658,125
idmap_r2,add,1000000,0.659,125
idmap_r2,add,1000000,0.66,125
idmap_r2,add,1000000,0.661,125
idmap_r2,add,1000000,0.662,125
idmap_r2,add,1000000,0.663,125
idmap_r2,add,1000000,0.664,125
idmap_r2,add,1000000,0.665,125
idmap_r2,add,1000000,0.666,125
idmap_r2,add,1000000,0.667,125
idmap_r2,add,1000000,0.668,125
idmap_r2,add,1000000,0.669,125
idmap_r2,add,1000000,0.67,125
idmap_r2,add,1000000,0.671,125
idmap_r2,add,1000000,0.672,125
idmap_r2,add,1000000,0.673,125
idmap_r2,add,1000000,0.674,125
idmap_r2,add,1000000,0.675,125
idmap_r2,add,1000000,0.676,125
idmap_r2,add,1000000,0.677,125
idmap_r2,add,1000000,0.678,125
idmap_r2,add,1000000,0.679,125
idmap_r2,add,1000000,0.68,125
idmap_r2,add,1000000,0.681,125
idmap_r2,add,1000000,0.682,125
idmap_r2,add,1000000,0.683,125
idmap_r2,add,1000000,0.684,125
idmap_r2,add,1000000,0.685,125
idmap_r2,add,1000000,0.686,125
idmap_r2,add,1000000,0.687,125
idmap_r2,add,1000000,0.688,125
idmap_r2,add,1000000,0.689,125
idmap_r2,add,1000000,0.69,125
idmap_r2,add,1000000,0.691,125
idmap_r2,add,1000000,0.692,125
idmap_r2,add,1000000,0.693,125
idmap_r2,add,1000000,0.694,125
idmap_r2,add,1000000,0.695,125
idmap_r2,add,1000000,0.696,125
idmap_r2,add,1000000,0.697,125
idmap_r2,add,1000000,0.698,125
idmap_r2,add,1000000,0.699,125
idmap_r2,add,1000000,0.7,125
idmap_r2,add,1000000,0.701,125
idmap_r2,add,1000000,0.702,125
idmap_r2,add,1000000,0.703,125
idmap_r2,add,1000000,0.704,125
idmap_r2,add,1000000,0.705,125
idmap_r2,add,1000000,0.706,125
idmap_r2,add,1000000,0.707,125
idmap_r2,add,1000000,0.708,125
idmap_r2,add,1000000,0.709,125
idmap_r2,add,1000000,0.71,125
idmap_r2,add,1000000,0.711,125
idmap_r2,add,1000000,0.712,125
idmap_r2,add,1000000,0.713,125
idmap_r2,add,1000000,0.714,125
idmap_r2,add,1000000,0.715,125
idmap_r2,add,1000000,0.716,125
idmap_r2,add,1000000,0.717,125
idmap_r2,add,1000000,0.718,125
idmap_r2,add,1000000,0.719,125
idmap_r2,add,1000000,0.72,125
idmap_r2,add,1000000,0.721,125
idmap_r2,add,1000000,0.722,166
idmap_r2,add,1000000,0.723,166
idmap_r2,add,1000000,0.724,166
idmap_r2,add,1000000,0.725,166
idmap_r2,add,1000000,0.726,166
idmap_r2,add,1000000,0.727,166
idmap_r2,add,1000000,0.728,166
idmap_r2,add,1000000,0.729,166
idmap_r2,add,1000000,0.73,166
idmap_r2,add,1000000,0.731,166
idmap_r2,add,1000000,0.732,166
idmap_r2,add,1000000,0.733,166
idmap_r2,add,1000000,0.734,166
idmap_r2,add,1000000,0.735,166
idmap_r2,add,1000000,0.736,166
idmap_r2,add,1000000,0.737,166
idmap_r2,add,1000000,0.738,166
idmap_r2,add,1000000,0.739,166
idmap_r2,add,1000000,0.74,167
idmap_r2,add,1000000,0.741,167
idmap_r2,add,1000000,0.742,167
idmap_r2,add,1000000,0.743,167
idmap_r2,add,1000000,0.744,167
idmap_r2,add,1000000,0.745,167
idmap_r2,add,1000000,0.746,167
idmap_r2,add,1000000,0.747,167
idmap_r2,add,1000000,0.748,167
idmap_r2,add,1000000,0.749,167
idmap_r2,add,1000000,0.75,167
idmap_r2,add,1000000,0.751,167
idmap_r2,add,1000000,0.752,167
idmap_r2,add,1000000,0.753,167
idmap_r2,add,1000000,0.754,167
idmap_r2,add,1000000,0.755,167
idmap_r2,add,1000000,0.756,167
idmap_r2,add,1000000,0.757,167
idmap_r2,add,1000000,0.758,167
idmap_r2,add,1000000,0.759,167
idmap_r2,add,1000000,0.76,167
idmap_r2,add,1000000,0.761,167
idmap_r2,add,1000000,0.762,167
idmap_r2,add,1000000,0.763,167
idmap_r2,add,1000000,0.764,167
idmap_r2,add,1000000,0.765,167
idmap_r2,add,1000000,0.766,167
idmap_r2,add,1000000,0.767,167
idmap_r2,add,1000000,0.768,167
idmap_r2,add,1000000,0.769,167
idmap_r2,add,1000000,0.77,167
idmap_r2,add,1000000,0.771,167
idmap_r2,add,1000000,0.772,167
idmap_r2,add,1000000,0.773,167
idmap_r2,add,1000000,0.774,167
idmap_r2,add,1000000,0.775,208
idmap_r2,add,1000000,0.776,208
idmap_r2,add,1000000,0.777,208
idmap_r2,add,1000000,0.778,208
idmap_r2,add,1000000,0.779,208
idmap_r2,add,1000000,0.78,208
idmap_r2,add,1000000,0.781,208
idmap_r2,add,1000000,0.782,208
idmap_r2,add,1000000,0.783,208
idmap_r2,add,1000000,0.784,208
idmap_r2,add,1000000,0.785,208
idmap_r2,add,1000000,0.786,208
idmap_r2,add,1000000,0.787,208
idmap_r2,add,1000000,0.788,208
idmap_r2,add,1000000,0.789,208
idmap_r2,add,1000000,0.79,208
idmap_r2,add,1000000,0.791,208
idmap_r2,add,1000000,0.792,208
idmap_r2,add,1000000,0.793,208
idmap_r2,add,1000000,0.794,208
idmap_r2,add,1000000,0.795,208
idmap_r2,add,1000000,0.796,208
idmap_r2,add,1000000,0.797,208
idmap_r2,add,1000000,0.798,208
idmap_r2,add,1000000,0.799,208
idmap_r2,add,1000000,0.8,208
idmap_r2,add,1000000,0.801,208
idmap_r2,add,1000000,0.802,208
idmap_r2,add,1000000,0.803,208
idmap_r2,add,1000000,0.804,208
idmap_r2,add,1000000,0.805,208
idmap_r2,add,1000000,0.806,208
idmap_r2,add,1000000,0.807,209
idmap_r2,add,1000000,0.808,209
idmap_r2,add,1000000,0.809,209
idmap_r2,add,1000000,0.81,209
idmap_r2,add,1000000,0.811,209
idmap_r2,add,1000000,0.812,209
idmap_r2,add,1000000,0.813,209
idmap_r2,add,1000000,0.814,209
idmap_r2,add,1000000,0.815,209
idmap_r2,add,1000000,0.816,209
idmap_r2,add,1000000,0.817,209
idmap_r2,add,1000000,0.818,209
idmap_r2,add,1000000,0.819,209
idmap_r2,add,1000000,0.82,209
idmap_r2,add,1000000,0.821,209
idmap_r2,add,1000000,0.822,209
idmap_r2,add,1000000,0.823,250
idmap_r2,add,1000000,0.824,250
idmap_r2,add,1000000,0.825,250
idmap_r2,add,1000000,0.826,250
idmap_r2,add,1000000,0.827,250
idmap_r2,add,1000000,0.828,250
idmap_r2,add,1000000,0.829,250
idmap_r2,add,1000000,0.83,250
idmap_r2,add,1000000,0.831,250
idmap_r2,add,1000000,0.832,250
idmap_r2,add,1000000,0.833,250
idmap_r2,add,1000000,0.834,250
idmap_r2,add,1000000,0.835,250
idmap_r2,add,1000000,0.836,250
idmap_r2,add,1000000,0.837,250
idmap_r2,add,1000000,0.838,250
idmap_r2,add,1000000,0.839,250
idmap_r2,add,1000000,0.84,250
idmap_r2,add,1000000,0.841,250
idmap_r2,add,1000000,0.842,250
idmap_r2,add,1000000,0.843,250
idmap_r2,add,1000000,0.844,250
idmap_r2,add,1000000,0.845,250
idmap_r2,add,1000000,0.846,250
idmap_r2,add,1000000,0.847,250
idmap_r2,add,1000000,0.848,250
idmap_r2,add,1000000,0.849,250
idmap_r2,add,1000000,0.85,250
idmap_r2,add,1000000,0.851,250
idmap_r2,add,1000000,0.852,250
idmap_r2,add,1000000,0.853,250
idmap_r2,add,1000000,0.854,250
idmap_r2,add,1000000,0.855,250
idmap_r2,add,1000000,0.856,250
idmap_r2,add,1000000,0.857,250
idmap_r2,add,1000000,0.858,250
idmap_r2,add,1000000,0.859,250
idmap_r2,add,1000000,0.86,250
idmap_r2,add,1000000,0.861,250
idmap_r2,add,1000000,0.862,250
idmap_r2,add,1000000,0.863,250
idmap_r2,add,1000000,0.864,250
idmap_r2,add,1000000,0.865,250
idmap_r2,add,1000000,0.866,250
idmap_r2,add,1000000,0.867,250
idmap_r2,add,1000000,0.868,250
idmap_r2,add,1000000,0.869,250
idmap_r2,add,1000000,0.87,250
idmap_r2,add,1000000,0.871,250
idmap_r2,add,1000000,0.872,250
idmap_r2,add,1000000,0.873,250
idmap_r2,add,1000000,0.874,250
idmap_r2,add,1000000,0.875,250
idmap_r2,add,1000000,0.876,250
idmap_r2,add,1000000,0.877,291
idmap_r2,add,1000000,0.878,291
idmap_r2,add,1000000,0.879,291
idmap_r2,add,1000000,0.88,291
idmap_r2,add,1000000,0.881,291
idmap_r2,add,1000000,0.882,291
idmap_r2,add,1000000,0.883,291
idmap_r2,add,1000000,0.884,291
idmap_r2,add,1000000,0.885,291
idmap_r2,add,1000000,0.886,291
idmap_r2,add,1000000,0.887,291
idmap_r2,add,1000000,0.888,291
idmap_r2,add,1000000,0.889,291
idmap_r2,add,1000000,0.89,292
idmap_r2,add,1000000,0.891,292
idmap_r2,add,1000000,0.892,292
idmap_r2,add,1000000,0.893,292
idmap_r2,add,1000000,0.894,292
idmap_r2,add,1000000,0.895,292
idmap_r2,add,1000000,0.896,292
idmap_r2,add,1000000,0.897,292
idmap_r2,add,1000000,0.898,292
idmap_r2,add,1000000,0.899,292
idmap_r2,add,1000000,0.9,292
idmap_r2,add,1000000,0.901,292
idmap_r2,add,1000000,0.902,292
idmap_r2,add,1000000,0.903,292
idmap_r2,add,1000000,0.904,292
idmap_r2,add,1000000,0.905,292
idmap_r2,add,1000000,0.906,292
idmap_r2,add,1000000,0.907,292
idmap_r2,add,1000000,0.908,292
idmap_r2,add,1000000,0.909,292
idmap_r2,add,1000000,0.91,292
idmap_r2,add,1000000,0.911,292
idmap_r2,add,1000000,0.912,292
idmap_r2,add,1000000,0.913,292
idmap_r2,add,1000000,0.914,292
idmap_r2,add,1000000,0.915,333
idmap_r2,add,1000000,0.916,333
idmap_r2,add,1000000,0.917,333
idmap_r2,add,1000000,0.918,333
idmap_r2,add,1000000,0.919,333
idmap_r2,add,1000000,0.92,333
idmap_r2,add,1000000,0.921,333
idmap_r2,add,1000000,0.922,333
idmap_r2,add,1000000,0.923,333
idmap_r2,add,1000000,0.924,333
idmap_r2,add,1000000,0.925,333
idmap_r2,add,1000000,0.926,333
idmap_r2,add,1000000,0.927,333
idmap_r2,add,1000000,0.928,333
idmap_r2,add,1000000,0.929,333
idmap_r2,add,1000000,0.93,333
idmap_r2,add,1000000,0.931,334
idmap_r2,add,1000000,0.932,334
idmap_r2,add,1000000,0.933,334
idmap_r2,add,1000000,0.934,334
idmap_r2,add,1000000,0.935,334
idmap_r2,add,1000000,0.936,334
idmap_r2,add,1000000,0.937,334
idmap_r2,add,1000000,0.938,375
idmap_r2,add,1000000,0.939,375
idmap_r2,add,1000000,0.94,375
idmap_r2,add,1000000,0.941,375
idmap_r2,add,1000000,0.942,375
idmap_r2,add,1000000,0.943,375
idmap_r2,add,1000000,0.944,375
idmap_r2,add,1000000,0.945,375
idmap_r2,add,1000000,0.946,375
idmap_r2,add,1000000,0.947,375
idmap_r2,add,1000000,0.948,375
idmap_r2,add,1000000,0.949,375
idmap_r2,add,1000000,0.95,375
idmap_r2,add,1000000,0.951,375
idmap_r2,add,1000000,0.952,375
idmap_r2,add,1000000,0.953,375
idmap_r2,add,1000000,0.954,375
idmap_r2,add,1000000,0.955,416
idmap_r2,add,1000000,0.956,416
idmap_r2,add,1000000,0.957,416
idmap_r2,add,1000000,0.958,416
idmap_r2,add,1000000,0.959,417
idmap_r2,add,1000000,0.96,417
idmap_r2,add,1000000,0.961,417
idmap_r2,add,1000000,0.962,417
idmap_r2,add,1000000,0.963,417
idmap_r2,add,1000000,0.964,417
idmap_r2,add,1000000,0.965,417
idmap_r2,add,1000000,0.966,417
idmap_r2,add,1000000,0.967,458
idmap_r2,add,1000000,0.968,458
idmap_r2,add,1000000,0.969,458
idmap_r2,add,1000000,0.97,458
idmap_r2,add,1000000,0.971,458
idmap_r2,add,1000000,0.972,458
idmap_r2,add,1000000,0.973,459
idmap_r2,add,1000000,0.974,459
idmap_r2,add,1000000,0.975,459
idmap_r2,add,1000000,0.976,500
idmap_r2,add,1000000,0.977,500
idmap_r2,add,1000000,0.978,500
idmap_r2,add,1000000,0.979,500
idmap_r2,add,1000000,0.98,500
idmap_r2,add,1000000,0.981,500
idmap_r2,add,1000000,0.982,500
idmap_r2,add,1000000,0.983,541
idmap_r2,add,1000000,0.984,542
idmap_r2,add,1000000,0.985,542
idmap_r2,add,1000000,0.986,542
idmap_r2,add,1000000,0.987,583
idmap_r2,add,1000000,0.988,583
idmap_r2,add,1000000,0.989,584
idmap_r2,add,1000000,0.99,625
idmap_r2,add,1000000,0.991,625
idmap_r2,add,1000000,0.992,625
idmap_r2,add,1000000,0.993,667
idmap_r2,add,1000000,0.994,708
idmap_r2,add,1000000,0.995,750
idmap_r2,add,1000000,0.996,792
idmap_r2,add,1000000,0.997,875
idmap_r2,add,1000000,0.998,1041
idmap_r2,add,1000000,0.999,1500
idmap_r2,cancel,1000000,0,0
idmap_r2,cancel,1000000,0.001,125
idmap_r2,cancel,1000000,0.002,167
idmap_r2,cancel,1000000,0.003,167
idmap_r2,cancel,1000000,0.004,208
idmap_r2,cancel,1000000,0.005,208
idmap_r2,cancel,1000000,0.006,208
idmap_r2,cancel,1000000,0.007,208
idmap_r2,cancel,1000000,0.008,208
idmap_r2,cancel,1000000,0.009,208
idmap_r2,cancel,1000000,0.01,209
idmap_r2,cancel,1000000,0.011,209
idmap_r2,cancel,1000000,0.012,209
idmap_r2,cancel,1000000,0.013,250
idmap_r2,cancel,1000000,0.014,250
idmap_r2,cancel,1000000,0.015,250
idmap_r2,cancel,1000000,0.016,250
idmap_r2,cancel,1000000,0.017,250
idmap_r2,cancel,1000000,0.018,250
idmap_r2,cancel,1000000,0.019,250
idmap_r2,cancel,1000000,0.02,250
idmap_r2,cancel,1000000,0.021,250
idmap_r2,cancel,1000000,0.022,250
idmap_r2,cancel,1000000,0.023,250
idmap_r2,cancel,1000000,0.024,250
idmap_r2,cancel,1000000,0.025,250
idmap_r2,cancel,1000000,0.026,291
idmap_r2,cancel,1000000,0.027,291
idmap_r2,cancel,1000000,0.028,291
idmap_r2,cancel,1000000,0.029,291
idmap_r2,cancel,1000000,0.03,291
idmap_r2,cancel,1000000,0.031,291
idmap_r2,cancel,1000000,0.032,291
idmap_r2,cancel,1000000,0.033,291
idmap_r2,cancel,1000000,0.034,291
idmap_r2,cancel,1000000,0.035,291
idmap_r2,cancel,1000000,0.036,291
idmap_r2,cancel,1000000,0.037,291
idmap_r2,cancel,1000000,0.038,291
idmap_r2,cancel,1000000,0.039,291
idmap_r2,cancel,1000000,0.04,291
idmap_r2,cancel,1000000,0.041,291
idmap_r2,cancel,1000000,0.042,291
idmap_r2,cancel,1000000,0.043,291
idmap_r2,cancel,1000000,0.044,291
idmap_r2,cancel,1000000,0.045,291
idmap_r2,cancel,1000000,0.046,291
idmap_r2,cancel,1000000,0.047,291
idmap_r2,cancel,1000000,0.048,291
idmap_r2,cancel,1000000,0.049,291
idmap_r2,cancel,1000000,0.05,291
idmap_r2,cancel,1000000,0.051,291
idmap_r2,cancel,1000000,0.052,291
idmap_r2,cancel,1000000,0.053,291
idmap_r2,cancel,1000000,0.054,291
idmap_r2,cancel,1000000,0.055,291
idmap_r2,cancel,1000000,0.056,291
idmap_r2,cancel,1000000,0.057,291
idmap_r2,cancel,1000000,0.058,291
idmap_r2,cancel,1000000,0.059,291
idmap_r2,cancel,1000000,0.06,292
idmap_r2,cancel,1000000,0.061,292
idmap_r2,cancel,1000000,0.062,292
idmap_r2,cancel,1000000,0.063,292
idmap_r2,cancel,1000000,0.064,292
idmap_r2,cancel,1000000,0.065,292
idmap_r2,cancel,1000000,0.066,292
idmap_r2,cancel,1000000,0.067,292
idmap_r2,cancel,1000000,0.068,292
idmap_r2,cancel,1000000,0.069,292
idmap_r2,cancel,1000000,0.07,292
idmap_r2,cancel,1000000,0.071,292
idmap_r2,cancel,1000000,0.072,292
idmap_r2,cancel,1000000,0.073,292
idmap_r2,cancel,1000000,0.074,292
idmap_r2,cancel,1000000,0.075,292
idmap_r2,cancel,1000000,0.076,292
idmap_r2,cancel,1000000,0.077,292
idmap_r2,cancel,1000000,0.078,292
idmap_r2,cancel,1000000,0.079,292
idmap_r2,cancel,1000000,0.08,292
idmap_r2,cancel,1000000,0.081,292
idmap_r2,cancel,1000000,0.082,292
idmap_r2,cancel,1000000,0.083,292
idmap_r2,cancel,1000000,0.084,292
idmap_r2,cancel,1000000,0.085,292
idmap_r2,cancel,1000000,0.086,292
idmap_r2,cancel,1000000,0.087,292
idmap_r2,cancel,1000000,0.088,292
idmap_r2,cancel,1000000,0.089,292
idmap_r2,cancel,1000000,0.09,292
idmap_r2,cancel,1000000,0.091,292
idmap_r2,cancel,1000000,0.092,292
idmap_r2,cancel,1000000,0.093,292
idmap_r2,cancel,1000000,0.094,292
idmap_r2,cancel,1000000,0.095,292
idmap_r2,cancel,1000000,0.096,292
idmap_r2,cancel,1000000,0.097,292
idmap_r2,cancel,1000000,0.098,292
idmap_r2,cancel,1000000,0.099,292
idmap_r2,cancel,1000000,0.1,292
idmap_r2,cancel,1000000,0.101,292
idmap_r2,cancel,1000000,0.102,292
idmap_r2,cancel,1000000,0.103,292
idmap_r2,cancel,1000000,0.104,292
idmap_r2,cancel,1000000,0.105,292
idmap_r2,cancel,1000000,0.106,292
idmap_r2,cancel,1000000,0.107,292
idmap_r2,cancel,1000000,0.108,292
idmap_r2,cancel,1000000,0.109,292
idmap_r2,cancel,1000000,0.11,292
idmap_r2,cancel,1000000,0.111,292
idmap_r2,cancel,1000000,0.112,292
idmap_r2,cancel,1000000,0.113,292
idmap_r2,cancel,1000000,0.114,292
idmap_r2,cancel,1000000,0.115,292
idmap_r2,cancel,1000000,0.116,292
idmap_r2,cancel,1000000,0.117,292
idmap_r2,cancel,1000000,0.118,292
idmap_r2,cancel,1000000,0.119,292
idmap_r2,cancel,1000000,0.12,292
idmap_r2,cancel,1000000,0.121,292
idmap_r2,cancel,1000000,0.122,292
idmap_r2,cancel,1000000,0.123,292
idmap_r2,cancel,1000000,0.124,292
idmap_r2,cancel,1000000,0.125,292
idmap_r2,cancel,1000000,0.126,292
idmap_r2,cancel,1000000,0.127,333
idmap_r2,cancel,1000000,0.128,333
idmap_r2,cancel,1000000,0.129,333
idmap_r2,cancel,1000000,0.13,333
idmap_r2,cancel,1000000,0.131,333
idmap_r2,cancel,1000000,0.132,333
idmap_r2,cancel,1000000,0.133,333
idmap_r2,cancel,1000000,0.134,333
idmap_r2,cancel,1000000,0.135,333
idmap_r2,cancel,1000000,0.136,333
idmap_r2,cancel,1000000,0.137,333
idmap_r2,cancel,1000000,0.138,333
idmap_r2,cancel,1000000,0.139,333
idmap_r2,cancel,1000000,0.14,333
idmap_r2,cancel,1000000,0.141,333
idmap_r2,cancel,1000000,0.142,333
idmap_r2,cancel,1000000,0.143,333
idmap_r2,cancel,1000000,0.144,333
idmap_r2,cancel,1000000,0.145,333
idmap_r2,cancel,1000000,0.146,333
idmap_r2,cancel,1000000,0.147,333
idmap_r2,cancel,1000000,0.148,333
idmap_r2,cancel,1000000,0.149,333
idmap_r2,cancel,1000000,0.15,333
idmap_r2,cancel,1000000,0.151,333
idmap_r2,cancel,1000000,0.152,333
idmap_r2,cancel,1000000,0.153,333
idmap_r2,cancel,1000000,0.154,333
idmap_r2,cancel,1000000,0.155,333
idmap_r2,cancel,1000000,0.156,333
idmap_r2,cancel,1000000,0.157,333
idmap_r2,cancel,1000000,0.158,333
idmap_r2,cancel,1000000,0.159,333
idmap_r2,cancel,1000000,0.16,333
idmap_r2,cancel,1000000,0.161,333
idmap_r2,cancel,1000000,0.162,333
idmap_r2,cancel,1000000,0.163,333
idmap_r2,cancel,1000000,0.164,333
idmap_r2,cancel,1000000,0.165,333
idmap_r2,cancel,1000000,0.166,333
idmap_r2,cancel,1000000,0.167,333
idmap_r2,cancel,1000000,0.168,333
idmap_r2,cancel,1000000,0.169,333
idmap_r2,cancel,1000000,0.17,333
idmap_r2,cancel,1000000,0.171,333
idmap_r2,cancel,1000000,0.172,333
idmap_r2,cancel,1000000,0.173,333
idmap_r2,cancel,1000000,0.174,333
idmap_r2,cancel,1000000,0.175,333
idmap_r2,cancel,1000000,0.176,333
idmap_r2,cancel,1000000,0.177,333
idmap_r2,cancel,1000000,0.178,333
idmap_r2,cancel,1000000,0.179,333
idmap_r2,cancel,1000000,0.18,333
idmap_r2,cancel,1000000,0.181,333
idmap_r2,cancel,1000000,0.182,333
idmap_r2,cancel,1000000,0.183,333
idmap_r2,cancel,1000000,0.184,333
idmap_r2,cancel,1000000,0.185,333
idmap_r2,cancel,1000000,0.186,333
idmap_r2,cancel,1000000,0.187,333
idmap_r2,cancel,1000000,0.188,333
idmap_r2,cancel,1000000,0.189,333
idmap_r2,cancel,1000000,0.19,333
idmap_r2,cancel,1000000,0.191,333
idmap_r2,cancel,1000000,0.192,333
idmap_r2,cancel,1000000,0.193,333
idmap_r2,cancel,1000000,0.194,333
idmap_r2,cancel,1000000,0.195,333
idmap_r2,cancel,1000000,0.196,333
idmap_r2,cancel,1000000,0.197,333
idmap_r2,cancel,1000000,0.198,333
idmap_r2,cancel,1000000,0.199,333
idmap_r2,cancel,1000000,0.2,333
idmap_r2,cancel,1000000,0.201,333
idmap_r2,cancel,1000000,0.202,333
idmap_r2,cancel,1000000,0.203,333
idmap_r2,cancel,1000000,0.204,333
idmap_r2,cancel,1000000,0.205,333
idmap_r2,cancel,1000000,0.206,333
idmap_r2,cancel,1000000,0.207,333
idmap_r2,cancel,1000000,0.208,333
idmap_r2,cancel,1000000,0.209,333
idmap_r2,cancel,1000000,0.21,333
idmap_r2,cancel,1000000,0.211,333
idmap_r2,cancel,1000000,0.212,333
idmap_r2,cancel,1000000,0.213,333
idmap_r2,cancel,1000000,0.214,333
idmap_r2,cancel,1000000,0.215,333
idmap_r2,cancel,1000000,0.216,333
idmap_r2,cancel,1000000,0.217,333
idmap_r2,cancel,1000000,0.218,333
idmap_r2,cancel,1000000,0.219,333
idmap_r2,cancel,1000000,0.22,333
idmap_r2,cancel,1000000,0.221,333
idmap_r2,cancel,1000000,0.222,333
idmap_r2,cancel,1000000,0.223,333
idmap_r2,cancel,1000000,0.224,333
idmap_r2,cancel,1000000,0.225,333
idmap_r2,cancel,1000000,0.226,333
idmap_r2,cancel,1000000,0.227,333
idmap_r2,cancel,1000000,0.228,333
idmap_r2,cancel,1000000,0.229,333
idmap_r2,cancel,1000000,0.23,333
idmap_r2,cancel,1000000,0.231,333
idmap_r2,cancel,1000000,0.232,333
idmap_r2,cancel,1000000,0.233,333
idmap_r2,cancel,1000000,0.234,333
idmap_r2,cancel,1000000,0.235,333
idmap_r2,cancel,1000000,0.236,333
idmap_r2,cancel,1000000,0.237,333
idmap_r2,cancel,1000000,0.238,333
idmap_r2,cancel,1000000,0.239,333
idmap_r2,cancel,1000000,0.24,333
idmap_r2,cancel,1000000,0.241,333
idmap_r2,cancel,1000000,0.242,333
idmap_r2,cancel,1000000,0.243,333
idmap_r2,cancel,1000000,0.244,333
idmap_r2,cancel,1000000,0.245,333
idmap_r2,cancel,1000000,0.246,333
idmap_r2,cancel,1000000,0.247,333
idmap_r2,cancel,1000000,0.248,333
idmap_r2,cancel,1000000,0.249,333
idmap_r2,cancel,1000000,0.25,333
idmap_r2,cancel,1000000,0.251,333
idmap_r2,cancel,1000000,0.252,333
idmap_r2,cancel,1000000,0.253,333
idmap_r2,cancel,1000000,0.254,333
idmap_r2,cancel,1000000,0.255,333
idmap_r2,cancel,1000000,0.256,333
idmap_r2,cancel,1000000,0.257,333
idmap_r2,cancel,1000000,0.258,333
idmap_r2,cancel,1000000,0.259,334
idmap_r2,cancel,1000000,0.26,334
idmap_r2,cancel,1000000,0.261,334
idmap_r2,cancel,1000000,0.262,334
idmap_r2,cancel,1000000,0.263,334
idmap_r2,cancel,1000000,0.264,334
idmap_r2,cancel,1000000,0.265,334
idmap_r2,cancel,1000000,0.266,334
idmap_r2,cancel,1000000,0.267,334
idmap_r2,cancel,1000000,0.268,334
idmap_r2,cancel,1000000,0.269,334
idmap_r2,cancel,1000000,0.27,334
idmap_r2,cancel,1000000,0.271,334
idmap_r2,cancel,1000000,0.272,334
idmap_r2,cancel,1000000,0.273,334
idmap_r2,cancel,1000000,0.274,334
idmap_r2,cancel,1000000,0.275,334
idmap_r2,cancel,1000000,0.276,334
idmap_r2,cancel,1000000,0.277,334
idmap_r2,cancel,1000000,0.278,334
idmap_r2,cancel,1000000,0.279,334
idmap_r2,cancel,1000000,0.28,334
idmap_r2,cancel,1000000,0.281,334
idmap_r2,cancel,1000000,0.282,334
idmap_r2,cancel,1000000,0.283,334
idmap_r2,cancel,1000000,0.284,334
idmap_r2,cancel,1000000,0.285,334
idmap_r2,cancel,1000000,0.286,334
idmap_r2,cancel,1000000,0.287,334
idmap_r2,cancel,1000000,0.288,334
idmap_r2,cancel,1000000,0.289,334
idmap_r2,cancel,1000000,0.29,334
idmap_r2,cancel,1000000,0.291,334
idmap_r2,cancel,1000000,0.292,334
idmap_r2,cancel,1000000,0.293,334
idmap_r2,cancel,1000000,0.294,334
idmap_r2,cancel,1000000,0.295,334
idmap_r2,cancel,1000000,0.296,334
idmap_r2,cancel,1000000,0.297,334
idmap_r2,cancel,1000000,0.298,334
idmap_r2,cancel,1000000,0.299,334
idmap_r2,cancel,1000000,0.3,334
idmap_r2,cancel,1000000,0.301,334
idmap_r2,cancel,1000000,0.302,334
idmap_r2,cancel,1000000,0.303,334
idmap_r2,cancel,1000000,0.304,334
idmap_r2,cancel,1000000,0.305,334
idmap_r2,cancel,1000000,0.306,334
idmap_r2,cancel,1000000,0.307,334
idmap_r2,cancel,1000000,0.308,334
idmap_r2,cancel,1000000,0.309,334
idmap_r2,cancel,1000000,0.31,334
idmap_r2,cancel,1000000,0.311,334
idmap_r2,cancel,1000000,0.312,334
idmap_r2,cancel,1000000,0.313,334
idmap_r2,cancel,1000000,0.314,334
idmap_r2,cancel,1000000,0.315,334
idmap_r2,cancel,1000000,0.316,334
idmap_r2,cancel,1000000,0.317,334
idmap_r2,cancel,1000000,0.318,334
idmap_r2,cancel,1000000,0.319,334
idmap_r2,cancel,1000000,0.32,334
idmap_r2,cancel,1000000,0.321,334
idmap_r2,cancel,1000000,0.322,334
idmap_r2,cancel,1000000,0.323,334
idmap_r2,cancel,1000000,0.324,334
idmap_r2,cancel,1000000,0.325,375
idmap_r2,cancel,1000000,0.326,375
idmap_r2,cancel,1000000,0.327,375
idmap_r2,cancel,1000000,0.328,375
idmap_r2,cancel,1000000,0.329,375
idmap_r2,cancel,1000000,0.33,375
idmap_r2,cancel,1000000,0.331,375
idmap_r2,cancel,1000000,0.332,375
idmap_r2,cancel,1000000,0.333,375
idmap_r2,cancel,1000000,0.334,375
idmap_r2,cancel,1000000,0.335,375
idmap_r2,cancel,1000000,0.336,375
idmap_r2,cancel,1000000,0.337,375
idmap_r2,cancel,1000000,0.338,375
idmap_r2,cancel,1000000,0.339,375
idmap_r2,cancel,1000000,0.34,375
idmap_r2,cancel,1000000,0.341,375
idmap_r2,cancel,1000000,0.342,375
idmap_r2,cancel,1000000,0.343,375
idmap_r2,cancel,1000000,0.344,375
idmap_r2,cancel,1000000,0.345,375
idmap_r2,cancel,1000000,0.346,375
idmap_r2,cancel,1000000,0.347,375
idmap_r2,cancel,1000000,0.348,375
idmap_r2,cancel,1000000,0.349,375
idmap_r2,cancel,1000000,0.35,375
idmap_r2,cancel,1000000,0.351,375
idmap_r2,cancel,1000000,0.352,375
idmap_r2,cancel,1000000,0.353,375
idmap_r2,cancel,1000000,0.354,375
idmap_r2,cancel,1000000,0.355,375
idmap_r2,cancel,1000000,0.356,375
idmap_r2,cancel,1000000,0.357,375
idmap_r2,cancel,1000000,0.358,375
idmap_r2,cancel,1000000,0.359,375
idmap_r2,cancel,1000000,0.36,375
idmap_r2,cancel,1000000,0.361,375
idmap_r2,cancel,1000000,0.362,375
idmap_r2,cancel,1000000,0.363,375
idmap_r2,cancel,1000000,0.364,375
idmap_r2,cancel,1000000,0.365,375
idmap_r2,cancel,1000000,0.366,375
idmap_r2,cancel,1000000,0.367,375
idmap_r2,cancel,1000000,0.368,375
idmap_r2,cancel,1000000,0.369,375
idmap_r2,cancel,1000000,0.37,375
idmap_r2,cancel,1000000,0.371,375
idmap_r2,cancel,1000000,0.372,375
idmap_r2,cancel,1000000,0.373,375
idmap_r2,cancel,1000000,0.374,375
idmap_r2,cancel,1000000,0.375,375
idmap_r2,cancel,1000000,0.376,375
idmap_r2,cancel,1000000,0.377,375
idmap_r2,cancel,1000000,0.378,375
idmap_r2,cancel,1000000,0.379,375
idmap_r2,cancel,1000000,0.38,375
idmap_r2,cancel,1000000,0.381,375
idmap_r2,cancel,1000000,0.382,375
idmap_r2,cancel,1000000,0.383,375
idmap_r2,cancel,1000000,0.384,375
idmap_r2,cancel,1000000,0.385,375
idmap_r2,cancel,1000000,0.386,375
idmap_r2,cancel,1000000,0.387,375
idmap_r2,cancel,1000000,0.388,375
idmap_r2,cancel,1000000,0.389,375
idmap_r2,cancel,1000000,0.39,375
idmap_r2,cancel,1000000,0.391,375
idmap_r2,cancel,1000000,0.392,375
idmap_r2,cancel,1000000,0.393,375
idmap_r2,cancel,1000000,0.394,375
idmap_r2,cancel,1000000,0.395,375
idmap_r2,cancel,1000000,0.396,375
idmap_r2,cancel,1000000,0.397,375
idmap_r2,cancel,1000000,0.398,375
idmap_r2,cancel,1000000,0.399,375
idmap_r2,cancel,1000000,0.4,375
idmap_r2,cancel,1000000,0.401,375
idmap_r2,cancel,1000000,0.402,375
idmap_r2,cancel,1000000,0.403,375
idmap_r2,cancel,1000000,0.404,375
idmap_r2,cancel,1000000,0.405,375
idmap_r2,cancel,1000000,0.406,375
idmap_r2,cancel,1000000,0.407,375
idmap_r2,cancel,1000000,0.408,375
idmap_r2,cancel,1000000,0.409,375
idmap_r2,cancel,1000000,0.41,375
idmap_r2,cancel,1000000,0.411,375
idmap_r2,cancel,1000000,0.412,375
idmap_r2,cancel,1000000,0.413,375
idmap_r2,cancel,1000000,0.414,375
idmap_r2,cancel,1000000,0.415,375
idmap_r2,cancel,1000000,0.416,375
idmap_r2,cancel,1000000,0.417,375
idmap_r2,cancel,1000000,0.418,375
idmap_r2,cancel,1000000,0.419,375
idmap_r2,cancel,1000000,0.42,375
idmap_r2,cancel,1000000,0.421,375
idmap_r2,cancel,1000000,0.422,375
idmap_r2,cancel,1000000,0.423,375
idmap_r2,cancel,1000000,0.424,375
idmap_r2,cancel,1000000,0.425,375
idmap_r2,cancel,1000000,0.426,375
idmap_r2,cancel,1000000,0.427,375
idmap_r2,cancel,1000000,0.428,375
idmap_r2,cancel,1000000,0.429,375
idmap_r2,cancel,1000000,0.43,375
idmap_r2,cancel,1000000,0.431,375
idmap_r2,cancel,1000000,0.432,375
idmap_r2,cancel,1000000,0.433,375
idmap_r2,cancel,1000000,0.434,375
idmap_r2,cancel,1000000,0.435,375
idmap_r2,cancel,1000000,0.436,375
idmap_r2,cancel,1000000,0.437,375
idmap_r2,cancel,1000000,0.438,375
idmap_r2,cancel,1000000,0.439,375
idmap_r2,cancel,1000000,0.44,375
idmap_r2,cancel,1000000,0.441,375
idmap_r2,cancel,1000000,0.442,375
idmap_r2,cancel,1000000,0.443,375
idmap_r2,cancel,1000000,0.444,375
idmap_r2,cancel,1000000,0.445,375
idmap_r2,cancel,1000000,0.446,375
idmap_r2,cancel,1000000,0.447,375
idmap_r2,cancel,1000000,0.448,375
idmap_r2,cancel,1000000,0.449,375
idmap_r2,cancel,1000000,0.45,375
idmap_r2,cancel,1000000,0.451,375
idmap_r2,cancel,1000000,0.452,375
idmap_r2,cancel,1000000,0.453,375
idmap_r2,cancel,1000000,0.454,375
idmap_r2,cancel,1000000,0.455,375
idmap_r2,cancel,1000000,0.456,375
idmap_r2,cancel,1000000,0.457,375
idmap_r2,cancel,1000000,0.458,375
idmap_r2,cancel,1000000,0.459,375
idmap_r2,cancel,1000000,0.46,375
idmap_r2,cancel,1000000,0.461,375
idmap_r2,cancel,1000000,0.462,375
idmap_r2,cancel,1000000,0.463,375
idmap_r2,cancel,1000000,0.464,375
idmap_r2,cancel,1000000,0.465,375
idmap_r2,cancel,1000000,0.466,375
idmap_r2,cancel,1000000,0.467,375
idmap_r2,cancel,1000000,0.468,375
idmap_r2,cancel,1000000,0.469,375
idmap_r2,cancel,1000000,0.47,375
idmap_r2,cancel,1000000,0.471,375
idmap_r2,cancel,1000000,0.472,375
idmap_r2,cancel,1000000,0.473,375
idmap_r2,cancel,1000000,0.474,416
idmap_r2,cancel,1000000,0.475,416
idmap_r2,cancel,1000000,0.476,416
idmap_r2,cancel,1000000,0.477,416
idmap_r2,cancel,1000000,0.478,416
idmap_r2,cancel,1000000,0.479,416
idmap_r2,cancel,1000000,0.48,416
idmap_r2,cancel,1000000,0.481,416
idmap_r2,cancel,1000000,0.482,416
idmap_r2,cancel,1000000,0.483,416
idmap_r2,cancel,1000000,0.484,416
idmap_r2,cancel,1000000,0.485,416
idmap_r2,cancel,1000000,0.486,416
idmap_r2,cancel,1000000,0.487,416
idmap_r2,cancel,1000000,0.488,416
idmap_r2,cancel,1000000,0.489,416
idmap_r2,cancel,1000000,0.49,416
idmap_r2,cancel,1000000,0.491,416
idmap_r2,cancel,1000000,0.492,416
idmap_r2,cancel,1000000,0.493,416
idmap_r2,cancel,1000000,0.494,416
idmap_r2,cancel,1000000,0.495,416
idmap_r2,cancel,1000000,0.496,416
idmap_r2,cancel,1000000,0.497,416
idmap_r2,cancel,1000000,0.498,416
idmap_r2,cancel,1000000,0.499,416
idmap_r2,cancel,1000000,0.5,416
idmap_r2,cancel,1000000,0.501,416
idmap_r2,cancel,1000000,0.502,416
idmap_r2,cancel,1000000,0.503,416
idmap_r2,cancel,1000000,0.504,416
idmap_r2,cancel,1000000,0.505,416
idmap_r2,cancel,1000000,0.506,417
idmap_r2,cancel,1000000,0.507,417
idmap_r2,cancel,1000000,0.508,417
idmap_r2,cancel,1000000,0.509,417
idmap_r2,cancel,1000000,0.51,417
idmap_r2,cancel,1000000,0.511,417
idmap_r2,cancel,1000000,0.512,417
idmap_r2,cancel,1000000,0.513,417
idmap_r2,cancel,1000000,0.514,417
idmap_r2,cancel,1000000,0.515,417
idmap_r2,cancel,1000000,0.516,417
idmap_r2,cancel,1000000,0.517,417
idmap_r2,cancel,1000000,0.518,417
idmap_r2,cancel,1000000,0.519,417
idmap_r2,cancel,1000000,0.52,417
idmap_r2,cancel,1000000,0.521,417
idmap_r2,cancel,1000000,0.522,417
idmap_r2,cancel,1000000,0.523,417
idmap_r2,cancel,1000000,0.524,417
idmap_r2,cancel,1000000,0.525,417
idmap_r2,cancel,1000000,0.526,417
idmap_r2,cancel,1000000,0.527,417
idmap_r2,cancel,1000000,0.528,417
idmap_r2,cancel,1000000,0.529,417
idmap_r2,cancel,1000000,0.53,417
idmap_r2,cancel,1000000,0.531,417
idmap_r2,cancel,1000000,0.532,417
idmap_r2,cancel,1000000,0.533,417
idmap_r2,cancel,1000000,0.534,417
idmap_r2,cancel,1000000,0.535,417
idmap_r2,cancel,1000000,0.536,417
idmap_r2,cancel,1000000,0.537,417
idmap_r2,cancel,1000000,0.538,417
idmap_r2,cancel,1000000,0.539,417
idmap_r2,cancel,1000000,0.54,417
idmap_r2,cancel,1000000,0.541,417
idmap_r2,cancel,1000000,0.542,417
idmap_r2,cancel,1000000,0.543,417
idmap_r2,cancel,1000000,0.544,417
idmap_r2,cancel,1000000,0.545,417
idmap_r2,cancel,1000000,0.546,417
idmap_r2,cancel,1000000,0.547,417
idmap_r2,cancel,1000000,0.548,417
idmap_r2,cancel,1000000,0.549,417
idmap_r2,cancel,1000000,0.55,417
idmap_r2,cancel,1000000,0.551,417
idmap_r2,cancel,1000000,0.552,417
idmap_r2,cancel,1000000,0.553,417
idmap_r2,cancel,1000000,0.554,417
idmap_r2,cancel,1000000,0.555,417
idmap_r2,cancel,1000000,0.556,417
idmap_r2,cancel,1000000,0.557,417
idmap_r2,cancel,1000000,0.558,417
idmap_r2,cancel,1000000,0.559,417
idmap_r2,cancel,1000000,0.56,417
idmap_r2,cancel,1000000,0.561,417
idmap_r2,cancel,1000000,0.562,417
idmap_r2,cancel,1000000,0.563,417
idmap_r2,cancel,1000000,0.564,417
idmap_r2,cancel,1000000,0.565,417
idmap_r2,cancel,1000000,0.566,417
idmap_r2,cancel,1000000,0.567,417
idmap_r2,cancel,1000000,0.568,417
idmap_r2,cancel,1000000,0.569,417
idmap_r2,cancel,1000000,0.57,417
idmap_r2,cancel,1000000,0.571,458
idmap_r2,cancel,1000000,0.572,458
idmap_r2,cancel,1000000,0.573,458
idmap_r2,cancel,1000000,0.574,458
idmap_r2,cancel,1000000,0.575,458
idmap_r2,cancel,1000000,0.576,458
idmap_r2,cancel,1000000,0.577,458
idmap_r2,cancel,1000000,0.578,458
idmap_r2,cancel,1000000,0.579,458
idmap_r2,cancel,1000000,0.58,458
idmap_r2,cancel,1000000,0.581,458
idmap_r2,cancel,1000000,0.582,458
idmap_r2,cancel,1000000,0.583,458
idmap_r2,cancel,1000000,0.584,458
idmap_r2,cancel,1000000,0.585,458
idmap_r2,cancel,1000000,0.586,458
idmap_r2,cancel,1000000,0.587,458
idmap_r2,cancel,1000000,0.588,458
idmap_r2,cancel,1000000,0.589,458
idmap_r2,cancel,1000000,0.59,458
idmap_r2,cancel,1000000,0.591,458
idmap_r2,cancel,1000000,0.592,458
idmap_r2,cancel,1000000,0.593,458
idmap_r2,cancel,1000000,0.594,458
idmap_r2,cancel,1000000,0.595,458
idmap_r2,cancel,1000000,0.596,458
idmap_r2,cancel,1000000,0.597,458
idmap_r2,cancel,1000000,0.598,458
idmap_r2,cancel,1000000,0.599,458
idmap_r2,cancel,1000000,0.6,458
idmap_r2,cancel,1000000,0.601,458
idmap_r2,cancel,1000000,0.602,458
idmap_r2,cancel,1000000,0.603,458
idmap_r2,cancel,1000000,0.604,458
idmap_r2,cancel,1000000,0.605,458
idmap_r2,cancel,1000000,0.606,458
idmap_r2,cancel,1000000,0.607,458
idmap_r2,cancel,1000000,0.608,458
idmap_r2,cancel,1000000,0.609,458
idmap_r2,cancel,1000000,0.61,458
idmap_r2,cancel,1000000,0.611,458
idmap_r2,cancel,1000000,0.612,458
idmap_r2,cancel,1000000,0.613,458
idmap_r2,cancel,1000000,0.614,458
idmap_r2,cancel,1000000,0.615,458
idmap_r2,cancel,1000000,0.616,459
idmap_r2,cancel,1000000,0.617,459
idmap_r2,cancel,1000000,0.618,459
idmap_r2,cancel,1000000,0.619,459
idmap_r2,cancel,1000000,0.62,459
idmap_r2,cancel,1000000,0.621,459
idmap_r2,cancel,1000000,0.622,459
idmap_r2,cancel,1000000,0.623,459
idmap_r2,cancel,1000000,0.624,459
idmap_r2,cancel,1000000,0.625,459
idmap_r2,cancel,1000000,0.626,459
idmap_r2,cancel,1000000,0.627,459
idmap_r2,cancel,1000000,0.628,459
idmap_r2,cancel,1000000,0.629,459
idmap_r2,cancel,1000000,0.63,459
idmap_r2,cancel,1000000,0.631,459
idmap_r2,cancel,1000000,0.632,459
idmap_r2,cancel,1000000,0.633,459
idmap_r2,cancel,1000000,0.634,459
idmap_r2,cancel,1000000,0.635,459
idmap_r2,cancel,1000000,0.636,459
idmap_r2,cancel,1000000,0.637,459
idmap_r2,cancel,1000000,0.638,500
idmap_r2,cancel,1000000,0.639,500
idmap_r2,cancel,1000000,0.64,500
idmap_r2,cancel,1000000,0.641,500
idmap_r2,cancel,1000000,0.642,500
idmap_r2,cancel,1000000,0.643,500
idmap_r2,cancel,1000000,0.644,500
idmap_r2,cancel,1000000,0.645,500
idmap_r2,cancel,1000000,0.646,500
idmap_r2,cancel,1000000,0.647,500
idmap_r2,cancel,1000000,0.648,500
idmap_r2,cancel,1000000,0.649,500
idmap_r2,cancel,1000000,0.65,500
idmap_r2,cancel,1000000,0.651,500
idmap_r2,cancel,1000000,0.652,500
idmap_r2,cancel,1000000,0.653,500
idmap_r2,cancel,1000000,0.654,500
idmap_r2,cancel,1000000,0.655,500
idmap_r2,cancel,1000000,0.656,500
idmap_r2,cancel,1000000,0.657,500
idmap_r2,cancel,1000000,0.658,500
idmap_r2,cancel,1000000,0.659,500
idmap_r2,cancel,1000000,0.66,500
idmap_r2,cancel,1000000,0.661,500
idmap_r2,cancel,1000000,0.662,500
idmap_r2,cancel,1000000,0.663,500
idmap_r2,cancel,1000000,0.664,500
idmap_r2,cancel,1000000,0.665,500
idmap_r2,cancel,1000000,0.666,500
idmap_r2,cancel,1000000,0.667,500
idmap_r2,cancel,1000000,0.668,500
idmap_r2,cancel,1000000,0.669,500
idmap_r2,cancel,1000000,0.67,500
idmap_r2,cancel,1000000,0.671,500
idmap_r2,cancel,1000000,0.672,500
idmap_r2,cancel,1000000,0.673,500
idmap_r2,cancel,1000000,0.674,500
idmap_r2,cancel,1000000,0.675,500
idmap_r2,cancel,1000000,0.676,500
idmap_r2,cancel,1000000,0.677,500
idmap_r2,cancel,1000000,0.678,500
idmap_r2,cancel,1000000,0.679,500
idmap_r2,cancel,1000000,0.68,500
idmap_r2,cancel,1000000,0.681,500
idmap_r2,cancel,1000000,0.682,500
idmap_r2,cancel,1000000,0.683,500
idmap_r2,cancel,1000000,0.684,500
idmap_r2,cancel,1000000,0.685,500
idmap_r2,cancel,1000000,0.686,500
idmap_r2,cancel,1000000,0.687,500
idmap_r2,cancel,1000000,0.688,500
idmap_r2,cancel,1000000,0.689,500
idmap_r2,cancel,1000000,0.69,500
idmap_r2,cancel,1000000,0.691,500
idmap_r2,cancel,1000000,0.692,500
idmap_r2,cancel,1000000,0.693,500
idmap_r2,cancel,1000000,0.694,500
idmap_r2,cancel,1000000,0.695,500
idmap_r2,cancel,1000000,0.696,500
idmap_r2,cancel,1000000,0.697,541
idmap_r2,cancel,1000000,0.698,541
idmap_r2,cancel,1000000,0.699,541
idmap_r2,cancel,1000000,0.7,541
idmap_r2,cancel,1000000,0.701,541
idmap_r2,cancel,1000000,0.702,541
idmap_r2,cancel,1000000,0.703,541
idmap_r2,cancel,1000000,0.704,541
idmap_r2,cancel,1000000,0.705,541
idmap_r2,cancel,1000000,0.706,541
idmap_r2,cancel,1000000,0.707,541
idmap_r2,cancel,1000000,0.708,541
idmap_r2,cancel,1000000,0.709,541
idmap_r2,cancel,1000000,0.71,541
idmap_r2,cancel,1000000,0.711,541
idmap_r2,cancel,1000000,0.712,541
idmap_r2,cancel,1000000,0.713,541
idmap_r2,cancel,1000000,0.714,541
idmap_r2,cancel,1000000,0.715,542
idmap_r2,cancel,1000000,0.716,542
idmap_r2,cancel,1000000,0.717,542
idmap_r2,cancel,1000000,0.718,542
idmap_r2,cancel,1000000,0.719,542
idmap_r2,cancel,1000000,0.72,542
idmap_r2,cancel,1000000,0.721,542
idmap_r2,cancel,1000000,0.722,542
idmap_r2,cancel,1000000,0.723,542
idmap_r2,cancel,1000000,0.724,542
idmap_r2,cancel,1000000,0.725,542
idmap_r2,cancel,1000000,0.726,542
idmap_r2,cancel,1000000,0.727,542
idmap_r2,cancel,1000000,0.728,542
idmap_r2,cancel,1000000,0.729,542
idmap_r2,cancel,1000000,0.73,542
idmap_r2,cancel,1000000,0.731,542
idmap_r2,cancel,1000000,0.732,542
idmap_r2,cancel,1000000,0.733,542
idmap_r2,cancel,1000000,0.734,542
idmap_r2,cancel,1000000,0.735,542
idmap_r2,cancel,1000000,0.736,542
idmap_r2,cancel,1000000,0.737,542
idmap_r2,cancel,1000000,0.738,542
idmap_r2,cancel,1000000,0.739,542
idmap_r2,cancel,1000000,0.74,542
idmap_r2,cancel,1000000,0.741,542
idmap_r2,cancel,1000000,0.742,542
idmap_r2,cancel,1000000,0.743,542
idmap_r2,cancel,1000000,0.744,542
idmap_r2,cancel,1000000,0.745,542
idmap_r2,cancel,1000000,0.746,542
idmap_r2,cancel,1000000,0.747,542
idmap_r2,cancel,1000000,0.748,542
idmap_r2,cancel,1000000,0.749,542
idmap_r2,cancel,1000000,0.75,542
idmap_r2,cancel,1000000,0.751,583
idmap_r2,cancel,1000000,0.752,583
idmap_r2,cancel,1000000,0.753,583
idmap_r2,cancel,1000000,0.754,583
idmap_r2,cancel,1000000,0.755,583
idmap_r2,cancel,1000000,0.756,583
idmap_r2,cancel,1000000,0.757,583
idmap_r2,cancel,1000000,0.758,583
idmap_r2,cancel,1000000,0.759,583
idmap_r2,cancel,1000000,0.76,583
idmap_r2,cancel,1000000,0.761,583
idmap_r2,cancel,1000000,0.762,583
idmap_r2,cancel,1000000,0.763,583
idmap_r2,cancel,1000000,0.764,583
idmap_r2,cancel,1000000,0.765,583
idmap_r2,cancel,1000000,0.766,583
idmap_r2,cancel,1000000,0.767,583
idmap_r2,cancel,1000000,0.768,583
idmap_r2,cancel,1000000,0.769,583
idmap_r2,cancel,1000000,0.77,583
idmap_r2,cancel,1000000,0.771,583
idmap_r2,cancel,1000000,0.772,583
idmap_r2,cancel,1000000,0.773,583
idmap_r2,cancel,1000000,0.774,583
idmap_r2,cancel,1000000,0.775,583
idmap_r2,cancel,1000000,0.776,583
idmap_r2,cancel,1000000,0.777,583
idmap_r2,cancel,1000000,0.778,583
idmap_r2,cancel,1000000,0.779,583
idmap_r2,cancel,1000000,0.78,583
idmap_r2,cancel,1000000,0.781,583
idmap_r2,cancel,1000000,0.782,584
idmap_r2,cancel,1000000,0.783,584
idmap_r2,cancel,1000000,0.784,584
idmap_r2,cancel,1000000,0.785,584
idmap_r2,cancel,1000000,0.786,584
idmap_r2,cancel,1000000,0.787,584
idmap_r2,cancel,1000000,0.788,584
idmap_r2,cancel,1000000,0.789,584
idmap_r2,cancel,1000000,0.79,584
idmap_r2,cancel,1000000,0.791,584
idmap_r2,cancel,1000000,0.792,584
idmap_r2,cancel,1000000,0.793,584
idmap_r2,cancel,1000000,0.794,584
idmap_r2,cancel,1000000,0.795,584
idmap_r2,cancel,1000000,0.796,584
idmap_r2,cancel,1000000,0.797,584
idmap_r2,cancel,1000000,0.798,625
idmap_r2,cancel,1000000,0.799,625
idmap_r2,cancel,1000000,0.8,625
idmap_r2,cancel,1000000,0.801,625
idmap_r2,cancel,1000000,0.802,625
idmap_r2,cancel,1000000,0.803,625
idmap_r2,cancel,1000000,0.804,625
idmap_r2,cancel,1000000,0.805,625
idmap_r2,cancel,1000000,0.806,625
idmap_r2,cancel,1000000,0.807,625
idmap_r2,cancel,1000000,0.808,625
idmap_r2,cancel,1000000,0.809,625
idmap_r2,cancel,1000000,0.81,625
idmap_r2,cancel,1000000,0.811,625
idmap_r2,cancel,1000000,0.812,625
idmap_r2,cancel,1000000,0.813,625
idmap_r2,cancel,1000000,0.814,625
idmap_r2,cancel,1000000,0.815,625
idmap_r2,cancel,1000000,0.816,625
idmap_r2,cancel,1000000,0.817,625
idmap_r2,cancel,1000000,0.818,625
idmap_r2,cancel,1000000,0.819,625
idmap_r2,cancel,1000000,0.82,625
idmap_r2,cancel,1000000,0.821,625
idmap_r2,cancel,1000000,0.822,625
idmap_r2,cancel,1000000,0.823,625
idmap_r2,cancel,1000000,0.824,625
idmap_r2,cancel,1000000,0.825,625
idmap_r2,cancel,1000000,0.826,625
idmap_r2,cancel,1000000,0.827,625
idmap_r2,cancel,1000000,0.828,625
idmap_r2,cancel,1000000,0.829,625
idmap_r2,cancel,1000000,0.83,625
idmap_r2,cancel,1000000,0.831,625
idmap_r2,cancel,1000000,0.832,625
idmap_r2,cancel,1000000,0.833,625
idmap_r2,cancel,1000000,0.834,625
idmap_r2,cancel,1000000,0.835,625
idmap_r2,cancel,1000000,0.836,625
idmap_r2,cancel,1000000,0.837,625
idmap_r2,cancel,1000000,0.838,666
idmap_r2,cancel,1000000,0.839,666
idmap_r2,cancel,1000000,0.84,666
idmap_r2,cancel,1000000,0.841,666
idmap_r2,cancel,1000000,0.842,666
idmap_r2,cancel,1000000,0.843,666
idmap_r2,cancel,1000000,0.844,666
idmap_r2,cancel,1000000,0.845,666
idmap_r2,cancel,1000000,0.846,666
idmap_r2,cancel,1000000,0.847,666
idmap_r2,cancel,1000000,0.848,666
idmap_r2,cancel,1000000,0.849,667
idmap_r2,cancel,1000000,0.85,667
idmap_r2,cancel,1000000,0.851,667
idmap_r2,cancel,1000000,0.852,667
idmap_r2,cancel,1000000,0.853,667
idmap_r2,cancel,1000000,0.854,667
idmap_r2,cancel,1000000,0.855,667
idmap_r2,cancel,1000000,0.856,667
idmap_r2,cancel,1000000,0.857,667
idmap_r2,cancel,1000000,0.858,667
idmap_r2,cancel,1000000,0.859,667
idmap_r2,cancel,1000000,0.86,667
idmap_r2,cancel,1000000,0.861,667
idmap_r2,cancel,1000000,0.862,667
idmap_r2,cancel,1000000,0.863,667
idmap_r2,cancel,1000000,0.864,667
idmap_r2,cancel,1000000,0.865,667
idmap_r2,cancel,1000000,0.866,667
idmap_r2,cancel,1000000,0.867,667
idmap_r2,cancel,1000000,0.868,667
idmap_r2,cancel,1000000,0.869,667
idmap_r2,cancel,1000000,0.87,708
idmap_r2,cancel,1000000,0.871,708
idmap_r2,cancel,1000000,0.872,708
idmap_r2,cancel,1000000,0.873,708
idmap_r2,cancel,1000000,0.874,708
idmap_r2,cancel,1000000,0.875,708
idmap_r2,cancel,1000000,0.876,708
idmap_r2,cancel,1000000,0.877,708
idmap_r2,cancel,1000000,0.878,708
idmap_r2,cancel,1000000,0.879,708
idmap_r2,cancel,1000000,0.88,708
idmap_r2,cancel,1000000,0.881,708
idmap_r2,cancel,1000000,0.882,708
idmap_r2,cancel,1000000,0.883,708
idmap_r2,cancel,1000000,0.884,708
idmap_r2,cancel,1000000,0.885,708
idmap_r2,cancel,1000000,0.886,709
idmap_r2,cancel,1000000,0.887,709
idmap_r2,cancel,1000000,0.888,709
idmap_r2,cancel,1000000,0.889,709
idmap_r2,cancel,1000000,0.89,709
idmap_r2,cancel,1000000,0.891,709
idmap_r2,cancel,1000000,0.892,709
idmap_r2,cancel,1000000,0.893,709
idmap_r2,cancel,1000000,0.894,750
idmap_r2,cancel,1000000,0.895,750
idmap_r2,cancel,1000000,0.896,750
idmap_r2,cancel,1000000,0.897,750
idmap_r2,cancel,1000000,0.898,750
idmap_r2,cancel,1000000,0.899,750
idmap_r2,cancel,1000000,0.9,750
idmap_r2,cancel,1000000,0.901,750
idmap_r2,cancel,1000000,0.902,750
idmap_r2,cancel,1000000,0.903,750
idmap_r2,cancel,1000000,0.904,750
idmap_r2,cancel,1000000,0.905,750
idmap_r2,cancel,1000000,0.906,750
idmap_r2,cancel,1000000,0.907,750
idmap_r2,cancel,1000000,0.908,750
idmap_r2,cancel,1000000,0.909,750
idmap_r2,cancel,1000000,0.91,750
idmap_r2,cancel,1000000,0.911,750
idmap_r2,cancel,1000000,0.912,750
idmap_r2,cancel,1000000,0.913,791
idmap_r2,cancel,1000000,0.914,791
idmap_r2,cancel,1000000,0.915,791
idmap_r2,cancel,1000000,0.916,791
idmap_r2,cancel,1000000,0.917,792
idmap_r2,cancel,1000000,0.918,792
idmap_r2,cancel,1000000,0.919,792
idmap_r2,cancel,1000000,0.92,792
idmap_r2,cancel,1000000,0.921,792
idmap_r2,cancel,1000000,0.922,792
idmap_r2,cancel,1000000,0.923,792
idmap_r2,cancel,1000000,0.924,792
idmap_r2,cancel,1000000,0.925,792
idmap_r2,cancel,1000000,0.926,792
idmap_r2,cancel,1000000,0.927,833
idmap_r2,cancel,1000000,0.928,833
idmap_r2,cancel,1000000,0.929,833
idmap_r2,cancel,1000000,0.93,833
idmap_r2,cancel,1000000,0.931,833
idmap_r2,cancel,1000000,0.932,833
idmap_r2,cancel,1000000,0.933,833
idmap_r2,cancel,1000000,0.934,833
idmap_r2,cancel,1000000,0.935,834
idmap_r2,cancel,1000000,0.936,834
idmap_r2,cancel,1000000,0.937,834
idmap_r2,cancel,1000000,0.938,834
idmap_r2,cancel,1000000,0.939,875
idmap_r2,cancel,1000000,0.94,875
idmap_r2,cancel,1000000,0.941,875
idmap_r2,cancel,1000000,0.942,875
idmap_r2,cancel,1000000,0.943,875
idmap_r2,cancel,1000000,0.944,875
idmap_r2,cancel,1000000,0.945,875
idmap_r2,cancel,1000000,0.946,875
idmap_r2,cancel,1000000,0.947,875
idmap_r2,cancel,1000000,0.948,916
idmap_r2,cancel,1000000,0.949,916
idmap_r2,cancel,1000000,0.95,916
idmap_r2,cancel,1000000,0.951,917
idmap_r2,cancel,1000000,0.952,917
idmap_r2,cancel,1000000,0.953,917
idmap_r2,cancel,1000000,0.954,917
idmap_r2,cancel,1000000,0.955,917
idmap_r2,cancel,1000000,0.956,958
idmap_r2,cancel,1000000,0.957,958
idmap_r2,cancel,1000000,0.958,958
idmap_r2,cancel,1000000,0.959,958
idmap_r2,cancel,1000000,0.96,959
idmap_r2,cancel,1000000,0.961,959
idmap_r2,cancel,1000000,0.962,1000
idmap_r2,cancel,1000000,0.963,1000
idmap_r2,cancel,1000000,0.964,1000
idmap_r2,cancel,1000000,0.965,1000
idmap_r2,cancel,1000000,0.966,1000
idmap_r2,cancel,1000000,0.967,1000
idmap_r2,cancel,1000000,0.968,1041
idmap_r2,cancel,1000000,0.969,1042
idmap_r2,cancel,1000000,0.97,1042
idmap_r2,cancel,1000000,0.971,1042
idmap_r2,cancel,1000000,0.972,1083
idmap_r2,cancel,1000000,0.973,1083
idmap_r2,cancel,1000000,0.974,1083
idmap_r2,cancel,1000000,0.975,1084
idmap_r2,cancel,1000000,0.976,1084
idmap_r2,cancel,1000000,0.977,1125
idmap_r2,cancel,1000000,0.978,1125
idmap_r2,cancel,1000000,0.979,1125
idmap_r2,cancel,1000000,0.98,1166
idmap_r2,cancel,1000000,0.981,1167
idmap_r2,cancel,1000000,0.982,1167
idmap_r2,cancel,1000000,0.983,1208
idmap_r2,cancel,1000000,0.984,1208
idmap_r2,cancel,1000000,0.985,1250
idmap_r2,cancel,1000000,0.986,1250
idmap_r2,cancel,1000000,0.987,1291
idmap_r2,cancel,1000000,0.988,1292
idmap_r2,cancel,1000000,0.989,1333
idmap_r2,cancel,1000000,0.99,1375
idmap_r2,cancel,1000000,0.991,1416
idmap_r2,cancel,1000000,0.992,1458
idmap_r2,cancel,1000000,0.993,1541
idmap_r2,cancel,1000000,0.994,1625
idmap_r2,cancel,1000000,0.995,1792
idmap_r2,cancel,1000000,0.996,3833
idmap_r2,cancel,1000000,0.997,6000
idmap_r2,cancel,1000000,0.998,7541
idmap_r2,cancel,1000000,0.999,23834
idmap_r2,match,1000000,0,0
idmap_r2,match,1000000,0.001,0
idmap_r2,match,1000000,0.002,41
idmap_r2,match,1000000,0.003,41
idmap_r2,match,1000000,0.004,42
idmap_r2,match,1000000,0.005,42
idmap_r2,match,1000000,0.006,42
idmap_r2,match,1000000,0.007,42
idmap_r2,match,1000000,0.008,42
idmap_r2,match,1000000,0.009,83
idmap_r2,match,1000000,0.01,83
idmap_r2,match,1000000,0.011,83
idmap_r2,match,1000000,0.012,83
idmap_r2,match,1000000,0.013,83
idmap_r2,match,1000000,0.014,83
idmap_r2,match,1000000,0.015,83
idmap_r2,match,1000000,0.016,83
idmap_r2,match,1000000,0.017,83
idmap_r2,match,1000000,0.018,83
idmap_r2,match,1000000,0.019,83
idmap_r2,match,1000000,0.02,83
idmap_r2,match,1000000,0.021,83
idmap_r2,match,1000000,0.022,84
idmap_r2,match,1000000,0.023,84
idmap_r2,match,1000000,0.024,84
idmap_r2,match,1000000,0.025,84
idmap_r2,match,1000000,0.026,84
idmap_r2,match,1000000,0.027,84
idmap_r2,match,1000000,0.028,125
idmap_r2,match,1000000,0.029,125
idmap_r2,match,1000000,0.03,125
idmap_r2,match,1000000,0.031,125
idmap_r2,match,1000000,0.032,125
idmap_r2,match,1000000,0.033,125
idmap_r2,match,1000000,0.034,125
idmap_r2,match,1000000,0.035,125
idmap_r2,match,1000000,0.036,125
idmap_r2,match,1000000,0.037,125
idmap_r2,match,1000000,0.038,125
idmap_r2,match,1000000,0.039,125
idmap_r2,match,1000000,0.04,125
idmap_r2,match,1000000,0.041,125
idmap_r2,match,1000000,0.042,125
idmap_r2,match,1000000,0.043,125
idmap_r2,match,1000000,0.044,125
idmap_r2,match,1000000,0.045,125
idmap_r2,match,1000000,0.046,125
idmap_r2,match,1000000,0.047,125
idmap_r2,match,1000000,0.048,125
idmap_r2,match,1000000,0.049,125
idmap_r2,match,1000000,0.05,125
idmap_r2,match,1000000,0.051,125
idmap_r2,match,1000000,0.052,125
idmap_r2,match,1000000,0.053,125
idmap_r2,match,1000000,0.054,125
idmap_r2,match,1000000,0.055,125
idmap_r2,match,1000000,0.056,125
idmap_r2,match,1000000,0.057,125
idmap_r2,match,1000000,0.058,125
idmap_r2,match,1000000,0.059,125
idmap_r2,match,1000000,0.06,125
idmap_r2,match,1000000,0.061,125
idmap_r2,match,1000000,0.062,125
idmap_r2,match,1000000,0.063,125
idmap_r2,match,1000000,0.064,125
idmap_r2,match,1000000,0.065,125
idmap_r2,match,1000000,0.066,125
idmap_r2,match,1000000,0.067,125
idmap_r2,match,1000000,0.068,125
idmap_r2,match,1000000,0.069,125
idmap_r2,match,1000000,0.07,125
idmap_r2,match,1000000,0.071,125
idmap_r2,match,1000000,0.072,125
idmap_r2,match,1000000,0.073,125
idmap_r2,match,1000000,0.074,125
idmap_r2,match,1000000,0.075,125
idmap_r2,match,1000000,0.076,125
idmap_r2,match,1000000,0.077,125
idmap_r2,match,1000000,0.078,125
idmap_r2,match,1000000,0.079,125
idmap_r2,match,1000000,0.08,125
idmap_r2,match,1000000,0.081,125
idmap_r2,match,1000000,0.082,125
idmap_r2,match,1000000,0.083,125
idmap_r2,match,1000000,0.084,125
idmap_r2,match,1000000,0.085,125
idmap_r2,match,1000000,0.086,125
idmap_r2,match,1000000,0.087,125
idmap_r2,match,1000000,0.088,125
idmap_r2,match,1000000,0.089,125
idmap_r2,match,1000000,0.09,125
idmap_r2,match,1000000,0.091,125
idmap_r2,match,1000000,0.092,125
idmap_r2,match,1000000,0.093,125
idmap_r2,match,1000000,0.094,125
idmap_r2,match,1000000,0.095,125
idmap_r2,match,1000000,0.096,125
idmap_r2,match,1000000,0.097,125
idmap_r2,match,1000000,0.098,125
idmap_r2,match,1000000,0.099,125
idmap_r2,match,1000000,0.1,125
idmap_r2,match,1000000,0.101,125
idmap_r2,match,1000000,0.102,125
idmap_r2,match,1000000,0.103,125
idmap_r2,match,1000000,0.104,125
idmap_r2,match,1000000,0.105,125
idmap_r2,match,1000000,0.106,125
idmap_r2,match,1000000,0.107,125
idmap_r2,match,1000000,0.108,125
idmap_r2,match,1000000,0.109,125
idmap_r2,match,1000000,0.11,125
idmap_r2,match,1000000,0.111,125
idmap_r2,match,1000000,0.112,125
idmap_r2,match,1000000,0.113,125
idmap_r2,match,1000000,0.114,125
idmap_r2,match,1000000,0.115,125
idmap_r2,match,1000000,0.116,125
idmap_r2,match,1000000,0.117,125
idmap_r2,match,1000000,0.118,125
idmap_r2,match,1000000,0.119,125
idmap_r2,match,1000000,0.12,125
idmap_r2,match,1000000,0.121,125
idmap_r2,match,1000000,0.122,125
idmap_r2,match,1000000,0.123,125
idmap_r2,match,1000000,0.124,125
idmap_r2,match,1000000,0.125,125
idmap_r2,match,1000000,0.126,125
idmap_r2,match,1000000,0.127,125
idmap_r2,match,1000000,0.128,125
idmap_r2,match,1000000,0.129,125
idmap_r2,match,1000000,0.13,125
idmap_r2,match,1000000,0.131,125
idmap_r2,match,1000000,0.132,125
idmap_r2,match,1000000,0.133,125
idmap_r2,match,1000000,0.134,125
idmap_r2,match,1000000,0.135,125
idmap_r2,match,1000000,0.136,125
idmap_r2,match,1000000,0.137,125
idmap_r2,match,1000000,0.138,125
idmap_r2,match,1000000,0.139,125
idmap_r2,match,1000000,0.14,125
idmap_r2,match,1000000,0.141,125
idmap_r2,match,1000000,0.142,125
idmap_r2,match,1000000,0.143,125
idmap_r2,match,1000000,0.144,125
idmap_r2,match,1000000,0.145,125
idmap_r2,match,1000000,0.146,125
idmap_r2,match,1000000,0.147,125
idmap_r2,match,1000000,0.148,125
idmap_r2,match,1000000,0.149,125
idmap_r2,match,1000000,0.15,125
idmap_r2,match,1000000,0.151,125
idmap_r2,match,1000000,0.152,125
idmap_r2,match,1000000,0.153,125
idmap_r2,match,1000000,0.154,125
idmap_r2,match,1000000,0.155,125
idmap_r2,match,1000000,0.156,125
idmap_r2,match,1000000,0.157,125
idmap_r2,match,1000000,0.158,125
idmap_r2,match,1000000,0.159,125
idmap_r2,match,1000000,0.16,125
idmap_r2,match,1000000,0.161,125
idmap_r2,match,1000000,0.162,125
idmap_r2,match,1000000,0.163,125
idmap_r2,match,1000000,0.164,125
idmap_r2,match,1000000,0.165,125
idmap_r2,match,1000000,0.166,125
idmap_r2,match,1000000,0.167,125
idmap_r2,match,1000000,0.168,125
idmap_r2,match,1000000,0.169,125
idmap_r2,match,1000000,0.17,125
idmap_r2,match,1000000,0.171,125
idmap_r2,match,1000000,0.172,125
idmap_r2,match,1000000,0.173,125
idmap_r2,match,1000000,0.174,125
idmap_r2,match,1000000,0.175,125
idmap_r2,match,1000000,0.176,125
idmap_r2,match,1000000,0.177,125
idmap_r2,match,1000000,0.178,125
idmap_r2,match,1000000,0.179,125
idmap_r2,match,1000000,0.18,125
idmap_r2,match,1000000,0.181,125
idmap_r2,match,1000000,0.182,166
idmap_r2,match,1000000,0.183,166
idmap_r2,match,1000000,0.184,166
idmap_r2,match,1000000,0.185,166
idmap_r2,match,1000000,0.186,166
idmap_r2,match,1000000,0.187,166
idmap_r2,match,1000000,0.188,166
idmap_r2,match,1000000,0.189,166
idmap_r2,match,1000000,0.19,166
idmap_r2,match,1000000,0.191,166
idmap_r2,match,1000000,0.192,166
idmap_r2,match,1000000,0.193,166
idmap_r2,match,1000000,0.194,166
idmap_r2,match,1000000,0.195,166
idmap_r2,match,1000000,0.196,166
idmap_r2,match,1000000,0.197,166
idmap_r2,match,1000000,0.198,166
idmap_r2,match,1000000,0.199,166
idmap_r2,match,1000000,0.2,166
idmap_r2,match,1000000,0.201,166
idmap_r2,match,1000000,0.202,166
idmap_r2,match,1000000,0.203,166
idmap_r2,match,1000000,0.204,166
idmap_r2,match,1000000,0.205,166
idmap_r2,match,1000000,0.206,166
idmap_r2,match,1000000,0.207,166
idmap_r2,match,1000000,0.208,166
idmap_r2,match,1000000,0.209,166
idmap_r2,match,1000000,0.21,166
idmap_r2,match,1000000,0.211,166
idmap_r2,match,1000000,0.212,166
idmap_r2,match,1000000,0.213,166
idmap_r2,match,1000000,0.214,166
idmap_r2,match,1000000,0.215,166
idmap_r2,match,1000000,0.216,166
idmap_r2,match,1000000,0.217,166
idmap_r2,match,1000000,0.218,166
idmap_r2,match,1000000,0.219,166
idmap_r2,match,1000000,0.22,166
idmap_r2,match,1000000,0.221,166
idmap_r2,match,1000000,0.222,166
idmap_r2,match,1000000,0.223,166
idmap_r2,match,1000000,0.224,166
idmap_r2,match,1000000,0.225,166
idmap_r2,match,1000000,0.226,166
idmap_r2,match,1000000,0.227,166
idmap_r2,match,1000000,0.228,166
idmap_r2,match,1000000,0.229,166
idmap_r2,match,1000000,0.23,166
idmap_r2,match,1000000,0.231,166
idmap_r2,match,1000000,0.232,166
idmap_r2,match,1000000,0.233,166
idmap_r2,match,1000000,0.234,166
idmap_r2,match,1000000,0.235,166
idmap_r2,match,1000000,0.236,166
idmap_r2,match,1000000,0.237,166
idmap_r2,match,1000000,0.238,166
idmap_r2,match,1000000,0.239,166
idmap_r2,match,1000000,0.24,166
idmap_r2,match,1000000,0.241,166
idmap_r2,match,1000000,0.242,166
idmap_r2,match,1000000,0.243,166
idmap_r2,match,1000000,0.244,166
idmap_r2,match,1000000,0.245,166
idmap_r2,match,1000000,0.246,166
idmap_r2,match,1000000,0.247,166
idmap_r2,match,1000000,0.248,166
idmap_r2,match,1000000,0.249,166
idmap_r2,match,1000000,0.25,166
idmap_r2,match,1000000,0.251,166
idmap_r2,match,1000000,0.252,166
idmap_r2,match,1000000,0.253,166
idmap_r2,match,1000000,0.254,166
idmap_r2,match,1000000,0.255,166
idmap_r2,match,1000000,0.256,166
idmap_r2,match,1000000,0.257,166
idmap_r2,match,1000000,0.258,166
idmap_r2,match,1000000,0.259,166
idmap_r2,match,1000000,0.26,166
idmap_r2,match,1000000,0.261,166
idmap_r2,match,1000000,0.262,166
idmap_r2,match,1000000,0.263,166
idmap_r2,match,1000000,0.264,166
idmap_r2,match,1000000,0.265,167
idmap_r2,match,1000000,0.266,167
idmap_r2,match,1000000,0.267,167
idmap_r2,match,1000000,0.268,167
idmap_r2,match,1000000,0.269,167
idmap_r2,match,1000000,0.27,167
idmap_r2,match,1000000,0.271,167
idmap_r2,match,1000000,0.272,167
idmap_r2,match,1000000,0.273,167
idmap_r2,match,1000000,0.274,167
idmap_r2,match,1000000,0.275,167
idmap_r2,match,1000000,0.276,167
idmap_r2,match,1000000,0.277,167
idmap_r2,match,1000000,0.278,167
idmap_r2,match,1000000,0.279,167
idmap_r2,match,1000000,0.28,167
idmap_r2,match,1000000,0.281,167
idmap_r2,match,1000000,0.282,167
idmap_r2,match,1000000,0.283,167
idmap_r2,match,1000000,0.284,167
idmap_r2,match,1000000,0.285,167
idmap_r2,match,1000000,0.286,167
idmap_r2,match,1000000,0.287,167
idmap_r2,match,1000000,0.288,167
idmap_r2,match,1000000,0.289,167
idmap_r2,match,1000000,0.29,167
idmap_r2,match,1000000,0.291,167
idmap_r2,match,1000000,0.292,167
idmap_r2,match,1000000,0.293,167
idmap_r2,match,1000000,0.294,167
idmap_r2,match,1000000,0.295,167
idmap_r2,match,1000000,0.296,167
idmap_r2,match,1000000,0.297,167
idmap_r2,match,1000000,0.298,167
idmap_r2,match,1000000,0.299,167
idmap_r2,match,1000000,0.3,167
idmap_r2,match,1000000,0.301,167
idmap_r2,match,1000000,0.302,167
idmap_r2,match,1000000,0.303,167
idmap_r2,match,1000000,0.304,167
idmap_r2,match,1000000,0.305,167
idmap_r2,match,1000000,0.306,167
idmap_r2,match,1000000,0.307,167
idmap_r2,match,1000000,0.308,167
idmap_r2,match,1000000,0.309,167
idmap_r2,match,1000000,0.31,167
idmap_r2,match,1000000,0.311,167
idmap_r2,match,1000000,0.312,167
idmap_r2,match,1000000,0.313,167
idmap_r2,match,1000000,0.314,167
idmap_r2,match,1000000,0.315,167
idmap_r2,match,1000000,0.316,167
idmap_r2,match,1000000,0.317,167
idmap_r2,match,1000000,0.318,167
idmap_r2,match,1000000,0.319,167
idmap_r2,match,1000000,0.32,167
idmap_r2,match,1000000,0.321,167
idmap_r2,match,1000000,0.322,167
idmap_r2,match,1000000,0.323,167
idmap_r2,match,1000000,0.324,167
idmap_r2,match,1000000,0.325,167
idmap_r2,match,1000000,0.326,167
idmap_r2,match,1000000,0.327,167
idmap_r2,match,1000000,0.328,167
idmap_r2,match,1000000,0.329,167
idmap_r2,match,1000000,0.33,167
idmap_r2,match,1000000,0.331,167
idmap_r2,match,1000000,0.332,167
idmap_r2,match,1000000,0.333,167
idmap_r2,match,1000000,0.334,167
idmap_r2,match,1000000,0.335,167
idmap_r2,match,1000000,0.336,167
idmap_r2,match,1000000,0.337,167
idmap_r2,match,1000000,0.338,167
idmap_r2,match,1000000,0.339,167
idmap_r2,match,1000000,0.34,167
idmap_r2,match,1000000,0.341,167
idmap_r2,match,1000000,0.342,167
idmap_r2,match,1000000,0.343,167
idmap_r2,match,1000000,0.344,167
idmap_r2,match,1000000,0.345,167
idmap_r2,match,1000000,0.346,167
idmap_r2,match,1000000,0.347,167
idmap_r2,match,1000000,0.348,167
idmap_r2,match,1000000,0.349,167
idmap_r2,match,1000000,0.35,167
idmap_r2,match,1000000,0.351,167
idmap_r2,match,1000000,0.352,167
idmap_r2,match,1000000,0.353,167
idmap_r2,match,1000000,0.354,167
idmap_r2,match,1000000,0.355,167
idmap_r2,match,1000000,0.356,167
idmap_r2,match,1000000,0.357,167
idmap_r2,match,1000000,0.358,167
idmap_r2,match,1000000,0.359,167
idmap_r2,match,1000000,0.36,167
idmap_r2,match,1000000,0.361,167
idmap_r2,match,1000000,0.362,167
idmap_r2,match,1000000,0.363,167
idmap_r2,match,1000000,0.364,167
idmap_r2,match,1000000,0.365,167
idmap_r2,match,1000000,0.366,167
idmap_r2,match,1000000,0.367,167
idmap_r2,match,1000000,0.368,167
idmap_r2,match,1000000,0.369,167
idmap_r2,match,1000000,0.37,167
idmap_r2,match,1000000,0.371,167
idmap_r2,match,1000000,0.372,167
idmap_r2,match,1000000,0.373,167
idmap_r2,match,1000000,0.374,167
idmap_r2,match,1000000,0.375,167
idmap_r2,match,1000000,0.376,167
idmap_r2,match,1000000,0.377,167
idmap_r2,match,1000000,0.378,167
idmap_r2,match,1000000,0.379,167
idmap_r2,match,1000000,0.38,167
idmap_r2,match,1000000,0.381,167
idmap_r2,match,1000000,0.382,167
idmap_r2,match,1000000,0.383,167
idmap_r2,match,1000000,0.384,167
idmap_r2,match,1000000,0.385,167
idmap_r2,match,1000000,0.386,167
idmap_r2,match,1000000,0.387,167
idmap_r2,match,1000000,0.388,167
idmap_r2,match,1000000,0.389,167
idmap_r2,match,1000000,0.39,167
idmap_r2,match,1000000,0.391,167
idmap_r2,match,1000000,0.392,167
idmap_r2,match,1000000,0.393,167
idmap_r2,match,1000000,0.394,167
idmap_r2,match,1000000,0.395,167
idmap_r2,match,1000000,0.396,167
idmap_r2,match,1000000,0.397,167
idmap_r2,match,1000000,0.398,167
idmap_r2,match,1000000,0.399,167
idmap_r2,match,1000000,0.4,167
idmap_r2,match,1000000,0.401,167
idmap_r2,match,1000000,0.402,167
idmap_r2,match,1000000,0.403,167
idmap_r2,match,1000000,0.404,167
idmap_r2,match,1000000,0.405,167
idmap_r2,match,1000000,0.406,167
idmap_r2,match,1000000,0.407,167
idmap_r2,match,1000000,0.408,167
idmap_r2,match,1000000,0.409,167
idmap_r2,match,1000000,0.41,167
idmap_r2,match,1000000,0.411,167
idmap_r2,match,1000000,0.412,167
idmap_r2,match,1000000,0.413,167
idmap_r2,match,1000000,0.414,167
idmap_r2,match,1000000,0.415,167
idmap_r2,match,1000000,0.416,167
idmap_r2,match,1000000,0.417,167
idmap_r2,match,1000000,0.418,167
idmap_r2,match,1000000,0.419,167
idmap_r2,match,1000000,0.42,167
idmap_r2,match,1000000,0.421,167
idmap_r2,match,1000000,0.422,167
idmap_r2,match,1000000,0.423,167
idmap_r2,match,1000000,0.424,167
idmap_r2,match,1000000,0.425,167
idmap_r2,match,1000000,0.426,167
idmap_r2,match,1000000,0.427,167
idmap_r2,match,1000000,0.428,167
idmap_r2,match,1000000,0.429,167
idmap_r2,match,1000000,0.43,167
idmap_r2,match,1000000,0.431,167
idmap_r2,match,1000000,0.432,208
idmap_r2,match,1000000,0.433,208
idmap_r2,match,1000000,0.434,208
idmap_r2,match,1000000,0.435,208
idmap_r2,match,1000000,0.436,208
idmap_r2,match,1000000,0.437,208
idmap_r2,match,1000000,0.438,208
idmap_r2,match,1000000,0.439,208
idmap_r2,match,1000000,0.44,208
idmap_r2,match,1000000,0.441,208
idmap_r2,match,1000000,0.442,208
idmap_r2,match,1000000,0.443,208
idmap_r2,match,1000000,0.444,208
idmap_r2,match,1000000,0.445,208
idmap_r2,match,1000000,0.446,208
idmap_r2,match,1000000,0.447,208
idmap_r2,match,1000000,0.448,208
idmap_r2,match,1000000,0.449,208
idmap_r2,match,1000000,0.45,208
idmap_r2,match,1000000,0.451,208
idmap_r2,match,1000000,0.452,208
idmap_r2,match,1000000,0.453,208
idmap_r2,match,1000000,0.454,208
idmap_r2,match,1000000,0.455,208
idmap_r2,match,1000000,0.456,208
idmap_r2,match,1000000,0.457,208
idmap_r2,match,1000000,0.458,208
idmap_r2,match,1000000,0.459,208
idmap_r2,match,1000000,0.46,208
idmap_r2,match,1000000,0.461,208
idmap_r2,match,1000000,0.462,208
idmap_r2,match,1000000,0.463,208
idmap_r2,match,1000000,0.464,208
idmap_r2,match,1000000,0.465,208
idmap_r2,match,1000000,0.466,208
idmap_r2,match,1000000,0.467,208
idmap_r2,match,1000000,0.468,208
idmap_r2,match,1000000,0.469,208
idmap_r2,match,1000000,0.47,208
idmap_r2,match,1000000,0.471,208
idmap_r2,match,1000000,0.472,208
idmap_r2,match,1000000,0.473,208
idmap_r2,match,1000000,0.474,208
idmap_r2,match,1000000,0.475,208
idmap_r2,match,1000000,0.476,208
idmap_r2,match,1000000,0.477,208
idmap_r2,match,1000000,0.478,208
idmap_r2,match,1000000,0.479,208
idmap_r2,match,1000000,0.48,208
idmap_r2,match,1000000,0.481,208
idmap_r2,match,1000000,0.482,208
idmap_r2,match,1000000,0.483,208
idmap_r2,match,1000000,0.484,208
idmap_r2,match,1000000,0.485,208
idmap_r2,match,1000000,0.486,208
idmap_r2,match,1000000,0.487,208
idmap_r2,match,1000000,0.488,208
idmap_r2,match,1000000,0.489,208
idmap_r2,match,1000000,0.49,208
idmap_r2,match,1000000,0.491,208
idmap_r2,match,1000000,0.492,208
idmap_r2,match,1000000,0.493,208
idmap_r2,match,1000000,0.494,208
idmap_r2,match,1000000,0.495,208
idmap_r2,match,1000000,0.496,208
idmap_r2,match,1000000,0.497,208
idmap_r2,match,1000000,0.498,208
idmap_r2,match,1000000,0.499,208
idmap_r2,match,1000000,0.5,208
idmap_r2,match,1000000,0.501,208
idmap_r2,match,1000000,0.502,208
idmap_r2,match,1000000,0.503,208
idmap_r2,match,1000000,0.504,208
idmap_r2,match,1000000,0.505,208
idmap_r2,match,1000000,0.506,208
idmap_r2,match,1000000,0.507,208
idmap_r2,match,1000000,0.508,208
idmap_r2,match,1000000,0.509,208
idmap_r2,match,1000000,0.51,208
idmap_r2,match,1000000,0.511,208
idmap_r2,match,1000000,0.512,208
idmap_r2,match,1000000,0.513,208
idmap_r2,match,1000000,0.514,208
idmap_r2,match,1000000,0.515,208
idmap_r2,match,1000000,0.516,208
idmap_r2,match,1000000,0.517,208
idmap_r2,match,1000000,0.518,208
idmap_r2,match,1000000,0.519,208
idmap_r2,match,1000000,0.52,208
idmap_r2,match,1000000,0.521,208
idmap_r2,match,1000000,0.522,208
idmap_r2,match,1000000,0.523,208
idmap_r2,match,1000000,0.524,208
idmap_r2,match,1000000,0.525,208
idmap_r2,match,1000000,0.526,208
idmap_r2,match,1000000,0.527,208
idmap_r2,match,1000000,0.528,208
idmap_r2,match,1000000,0.529,208
idmap_r2,match,1000000,0.53,208
idmap_r2,match,1000000,0.531,208
idmap_r2,match,1000000,0.532,208
idmap_r2,match,1000000,0.533,209
idmap_r2,match,1000000,0.534,209
idmap_r2,match,1000000,0.535,209
idmap_r2,match,1000000,0.536,209
idmap_r2,match,1000000,0.537,209
idmap_r2,match,1000000,0.538,209
idmap_r2,match,1000000,0.539,209
idmap_r2,match,1000000,0.54,209
idmap_r2,match,1000000,0.541,209
idmap_r2,match,1000000,0.542,209
idmap_r2,match,1000000,0.543,209
idmap_r2,match,1000000,0.544,209
idmap_r2,match,1000000,0.545,209
idmap_r2,match,1000000,0.546,209
idmap_r2,match,1000000,0.547,209
idmap_r2,match,1000000,0.548,209
idmap_r2,match,1000000,0.549,209
idmap_r2,match,1000000,0.55,209
idmap_r2,match,1000000,0.551,209
idmap_r2,match,1000000,0.552,209
idmap_r2,match,1000000,0.553,209
idmap_r2,match,1000000,0.554,209
idmap_r2,match,1000000,0.555,209
idmap_r2,match,1000000,0.556,209
idmap_r2,match,1000000,0.557,209
idmap_r2,match,1000000,0.558,209
idmap_r2,match,1000000,0.559,209
idmap_r2,match,1000000,0.56,209
idmap_r2,match,1000000,0.561,209
idmap_r2,match,1000000,0.562,209
idmap_r2,match,1000000,0.563,209
idmap_r2,match,1000000,0.564,209
idmap_r2,match,1000000,0.565,209
idmap_r2,match,1000000,0.566,209
idmap_r2,match,1000000,0.567,209
idmap_r2,match,1000000,0.568,209
idmap_r2,match,1000000,0.569,209
idmap_r2,match,1000000,0.57,209
idmap_r2,match,1000000,0.571,209
idmap_r2,match,1000000,0.572,209
idmap_r2,match,1000000,0.573,209
idmap_r2,match,1000000,0.574,209
idmap_r2,match,1000000,0.575,209
idmap_r2,match,1000000,0.576,209
idmap_r2,match,1000000,0.577,209
idmap_r2,match,1000000,0.578,209
idmap_r2,match,1000000,0.579,209
idmap_r2,match,1000000,0.58,209
idmap_r2,match,1000000,0.581,209
idmap_r2,match,1000000,0.582,209
idmap_r2,match,1000000,0.583,209
idmap_r2,match,1000000,0.584,250
idmap_r2,match,1000000,0.585,250
idmap_r2,match,1000000,0.586,250
idmap_r2,match,1000000,0.587,250
idmap_r2,match,1000000,0.588,250
idmap_r2,match,1000000,0.589,250
idmap_r2,match,1000000,0.59,250
idmap_r2,match,1000000,0.591,250
idmap_r2,match,1000000,0.592,250
idmap_r2,match,1000000,0.593,250
idmap_r2,match,1000000,0.594,250
idmap_r2,match,1000000,0.595,250
idmap_r2,match,1000000,0.596,250
idmap_r2,match,1000000,0.597,250
idmap_r2,match,1000000,0.598,250
idmap_r2,match,1000000,0.599,250
idmap_r2,match,1000000,0.6,250
idmap_r2,match,1000000,0.601,250
idmap_r2,match,1000000,0.602,250
idmap_r2,match,1000000,0.603,250
idmap_r2,match,1000000,0.604,250
idmap_r2,match,1000000,0.605,250
idmap_r2,match,1000000,0.606,250
idmap_r2,match,1000000,0.607,250
idmap_r2,match,1000000,0.608,250
idmap_r2,match,1000000,0.609,250
idmap_r2,match,1000000,0.61,250
idmap_r2,match,1000000,0.611,250
idmap_r2,match,1000000,0.612,250
idmap_r2,match,1000000,0.613,250
idmap_r2,match,1000000,0.614,250
idmap_r2,match,1000000,0.615,250
idmap_r2,match,1000000,0.616,250
idmap_r2,match,1000000,0.617,250
idmap_r2,match,1000000,0.618,250
idmap_r2,match,1000000,0.619,250
idmap_r2,match,1000000,0.62,250
idmap_r2,match,1000000,0.621,250
idmap_r2,match,1000000,0.622,250
idmap_r2,match,1000000,0.623,250
idmap_r2,match,1000000,0.624,250
idmap_r2,match,1000000,0.625,250
idmap_r2,match,1000000,0.626,250
idmap_r2,match,1000000,0.627,250
idmap_r2,match,1000000,0.628,250
idmap_r2,match,1000000,0.629,250
idmap_r2,match,1000000,0.63,250
idmap_r2,match,1000000,0.631,250
idmap_r2,match,1000000,0.632,250
idmap_r2,match,1000000,0.633,250
idmap_r2,match,1000000,0.634,250
idmap_r2,match,1000000,0.635,250
idmap_r2,match,1000000,0.636,250
idmap_r2,match,1000000,0.637,250
idmap_r2,match,1000000,0.638,250
idmap_r2,match,1000000,0.639,250
idmap_r2,match,1000000,0.64,250
idmap_r2,match,1000000,0.641,250
idmap_r2,match,1000000,0.642,250
idmap_r2,match,1000000,0.643,250
idmap_r2,match,1000000,0.644,250
idmap_r2,match,1000000,0.645,250
idmap_r2,match,1000000,0.646,250
idmap_r2,match,1000000,0.647,250
idmap_r2,match,1000000,0.648,250
idmap_r2,match,1000000,0.649,250
idmap_r2,match,1000000,0.65,250
idmap_r2,match,1000000,0.651,250
idmap_r2,match,1000000,0.652,250
idmap_r2,match,1000000,0.653,250
idmap_r2,match,1000000,0.654,250
idmap_r2,match,1000000,0.655,250
idmap_r2,match,1000000,0.656,250
idmap_r2,match,1000000,0.657,250
idmap_r2,match,1000000,0.658,250
idmap_r2,match,1000000,0.659,250
idmap_r2,match,1000000,0.66,250
idmap_r2,match,1000000,0.661,250
idmap_r2,match,1000000,0.662,250
idmap_r2,match,1000000,0.663,250
idmap_r2,match,1000000,0.664,250
idmap_r2,match,1000000,0.665,250
idmap_r2,match,1000000,0.666,250
idmap_r2,match,1000000,0.667,250
idmap_r2,match,1000000,0.668,250
idmap_r2,match,1000000,0.669,250
idmap_r2,match,1000000,0.67,250
idmap_r2,match,1000000,0.671,250
idmap_r2,match,1000000,0.672,250
idmap_r2,match,1000000,0.673,250
idmap_r2,match,1000000,0.674,250
idmap_r2,match,1000000,0.675,250
idmap_r2,match,1000000,0.676,250
idmap_r2,match,1000000,0.677,250
idmap_r2,match,1000000,0.678,250
idmap_r2,match,1000000,0.679,250
idmap_r2,match,1000000,0.68,291
idmap_r2,match,1000000,0.681,291
idmap_r2,match,1000000,0.682,291
idmap_r2,match,1000000,0.683,291
idmap_r2,match,1000000,0.684,291
idmap_r2,match,1000000,0.685,291
idmap_r2,match,1000000,0.686,291
idmap_r2,match,1000000,0.687,291
idmap_r2,match,1000000,0.688,291
idmap_r2,match,1000000,0.689,291
idmap_r2,match,1000000,0.69,291
idmap_r2,match,1000000,0.691,291
idmap_r2,match,1000000,0.692,291
idmap_r2,match,1000000,0.693,291
idmap_r2,match,1000000,0.694,291
idmap_r2,match,1000000,0.695,291
idmap_r2,match,1000000,0.696,291
idmap_r2,match,1000000,0.697,291
idmap_r2,match,1000000,0.698,291
idmap_r2,match,1000000,0.699,291
idmap_r2,match,1000000,0.7,291
idmap_r2,match,1000000,0.701,291
idmap_r2,match,1000000,0.702,292
idmap_r2,match,1000000,0.703,292
idmap_r2,match,1000000,0.704,292
idmap_r2,match,1000000,0.705,292
idmap_r2,match,1000000,0.706,292
idmap_r2,match,1000000,0.707,292
idmap_r2,match,1000000,0.708,292
idmap_r2,match,1000000,0.709,292
idmap_r2,match,1000000,0.71,292
idmap_r2,match,1000000,0.711,292
idmap_r2,match,1000000,0.712,292
idmap_r2,match,1000000,0.713,292
idmap_r2,match,1000000,0.714,292
idmap_r2,match,1000000,0.715,292
idmap_r2,match,1000000,0.716,292
idmap_r2,match,1000000,0.717,292
idmap_r2,match,1000000,0.718,292
idmap_r2,match,1000000,0.719,292
idmap_r2,match,1000000,0.72,292
idmap_r2,match,1000000,0.721,292
idmap_r2,match,1000000,0.722,292
idmap_r2,match,1000000,0.723,292
idmap_r2,match,1000000,0.724,292
idmap_r2,match,1000000,0.725,292
idmap_r2,match,1000000,0.726,292
idmap_r2,match,1000000,0.727,292
idmap_r2,match,1000000,0.728,292
idmap_r2,match,1000000,0.729,292
idmap_r2,match,1000000,0.73,292
idmap_r2,match,1000000,0.731,292
idmap_r2,match,1000000,0.732,292
idmap_r2,match,1000000,0.733,292
idmap_r2,match,1000000,0.734,292
idmap_r2,match,1000000,0.735,292
idmap_r2,match,1000000,0.736,292
idmap_r2,match,1000000,0.737,292
idmap_r2,match,1000000,0.738,292
idmap_r2,match,1000000,0.739,292
idmap_r2,match,1000000,0.74,292
idmap_r2,match,1000000,0.741,292
idmap_r2,match,1000000,0.742,292
idmap_r2,match,1000000,0.743,292
idmap_r2,match,1000000,0.744,292
idmap_r2,match,1000000,0.745,292
idmap_r2,match,1000000,0.746,292
idmap_r2,match,1000000,0.747,333
idmap_r2,match,1000000,0.748,333
idmap_r2,match,1000000,0.749,333
idmap_r2,match,1000000,0.75,333
idmap_r2,match,1000000,0.751,333
idmap_r2,match,1000000,0.752,333
idmap_r2,match,1000000,0.753,333
idmap_r2,match,1000000,0.754,333
idmap_r2,match,1000000,0.755,333
idmap_r2,match,1000000,0.756,333
idmap_r2,match,1000000,0.757,333
idmap_r2,match,1000000,0.758,333
idmap_r2,match,1000000,0.759,333
idmap_r2,match,1000000,0.76,333
idmap_r2,match,1000000,0.761,333
idmap_r2,match,1000000,0.762,333
idmap_r2,match,1000000,0.763,333
idmap_r2,match,1000000,0.764,333
idmap_r2,match,1000000,0.765,333
idmap_r2,match,1000000,0.766,333
idmap_r2,match,1000000,0.767,333
idmap_r2,match,1000000,0.768,333
idmap_r2,match,1000000,0.769,333
idmap_r2,match,1000000,0.77,333
idmap_r2,match,1000000,0.771,333
idmap_r2,match,1000000,0.772,333
idmap_r2,match,1000000,0.773,333
idmap_r2,match,1000000,0.774,333
idmap_r2,match,1000000,0.775,333
idmap_r2,match,1000000,0.776,333
idmap_r2,match,1000000,0.777,333
idmap_r2,match,1000000,0.778,333
idmap_r2,match,1000000,0.779,333
idmap_r2,match,1000000,0.78,333
idmap_r2,match,1000000,0.781,333
idmap_r2,match,1000000,0.782,333
idmap_r2,match,1000000,0.783,333
idmap_r2,match,1000000,0.784,333
idmap_r2,match,1000000,0.785,333
idmap_r2,match,1000000,0.786,334
idmap_r2,match,1000000,0.787,334
idmap_r2,match,1000000,0.788,334
idmap_r2,match,1000000,0.789,334
idmap_r2,match,1000000,0.79,334
idmap_r2,match,1000000,0.791,334
idmap_r2,match,1000000,0.792,334
idmap_r2,match,1000000,0.793,334
idmap_r2,match,1000000,0.794,334
idmap_r2,match,1000000,0.795,334
idmap_r2,match,1000000,0.796,334
idmap_r2,match,1000000,0.797,334
idmap_r2,match,1000000,0.798,334
idmap_r2,match,1000000,0.799,334
idmap_r2,match,1000000,0.8,334
idmap_r2,match,1000000,0.801,334
idmap_r2,match,1000000,0.802,334
idmap_r2,match,1000000,0.803,334
idmap_r2,match,1000000,0.804,334
idmap_r2,match,1000000,0.805,375
idmap_r2,match,1000000,0.806,375
idmap_r2,match,1000000,0.807,375
idmap_r2,match,1000000,0.808,375
idmap_r2,match,1000000,0.809,375
idmap_r2,match,1000000,0.81,375
idmap_r2,match,1000000,0.811,375
idmap_r2,match,1000000,0.812,375
idmap_r2,match,1000000,0.813,375
idmap_r2,match,1000000,0.814,375
idmap_r2,match,1000000,0.815,375
idmap_r2,match,1000000,0.816,375
idmap_r2,match,1000000,0.817,375
idmap_r2,match,1000000,0.818,375
idmap_r2,match,1000000,0.819,375
idmap_r2,match,1000000,0.82,375
idmap_r2,match,1000000,0.821,375
idmap_r2,match,1000000,0.822,375
idmap_r2,match,1000000,0.823,375
idmap_r2,match,1000000,0.824,375
idmap_r2,match,1000000,0.825,375
idmap_r2,match,1000000,0.826,375
idmap_r2,match,1000000,0.827,375
idmap_r2,match,1000000,0.828,375
idmap_r2,match,1000000,0.829,375
idmap_r2,match,1000000,0.83,375
idmap_r2,match,1000000,0.831,375
idmap_r2,match,1000000,0.832,375
idmap_r2,match,1000000,0.833,375
idmap_r2,match,1000000,0.834,375
idmap_r2,match,1000000,0.835,375
idmap_r2,match,1000000,0.836,375
idmap_r2,match,1000000,0.837,375
idmap_r2,match,1000000,0.838,375
idmap_r2,match,1000000,0.839,375
idmap_r2,match,1000000,0.84,375
idmap_r2,match,1000000,0.841,375
idmap_r2,match,1000000,0.842,375
idmap_r2,match,1000000,0.843,375
idmap_r2,match,1000000,0.844,375
idmap_r2,match,1000000,0.845,375
idmap_r2,match,1000000,0.846,375
idmap_r2,match,1000000,0.847,375
idmap_r2,match,1000000,0.848,375
idmap_r2,match,1000000,0.849,416
idmap_r2,match,1000000,0.85,416
idmap_r2,match,1000000,0.851,416
idmap_r2,match,1000000,0.852,416
idmap_r2,match,1000000,0.853,416
idmap_r2,match,1000000,0.854,416
idmap_r2,match,1000000,0.855,416
idmap_r2,match,1000000,0.856,416
idmap_r2,match,1000000,0.857,416
idmap_r2,match,1000000,0.858,416
idmap_r2,match,1000000,0.859,416
idmap_r2,match,1000000,0.86,417
idmap_r2,match,1000000,0.861,417
idmap_r2,match,1000000,0.862,417
idmap_r2,match,1000000,0.863,417
idmap_r2,match,1000000,0.864,417
idmap_r2,match,1000000,0.865,417
idmap_r2,match,1000000,0.866,417
idmap_r2,match,1000000,0.867,417
idmap_r2,match,1000000,0.868,417
idmap_r2,match,1000000,0.869,417
idmap_r2,match,1000000,0.87,417
idmap_r2,match,1000000,0.871,417
idmap_r2,match,1000000,0.872,417
idmap_r2,match,1000000,0.873,417
idmap_r2,match,1000000,0.874,417
idmap_r2,match,1000000,0.875,417
idmap_r2,match,1000000,0.876,417
idmap_r2,match,1000000,0.877,417
idmap_r2,match,1000000,0.878,417
idmap_r2,match,1000000,0.879,417
idmap_r2,match,1000000,0.88,417
idmap_r2,match,1000000,0.881,417
idmap_r2,match,1000000,0.882,417
idmap_r2,match,1000000,0.883,458
idmap_r2,match,1000000,0.884,458
idmap_r2,match,1000000,0.885,458
idmap_r2,match,1000000,0.886,458
idmap_r2,match,1000000,0.887,458
idmap_r2,match,1000000,0.888,458
idmap_r2,match,1000000,0.889,458
idmap_r2,match,1000000,0.89,458
idmap_r2,match,1000000,0.891,458
idmap_r2,match,1000000,0.892,458
idmap_r2,match,1000000,0.893,458
idmap_r2,match,1000000,0.894,458
idmap_r2,match,1000000,0.895,458
idmap_r2,match,1000000,0.896,458
idmap_r2,match,1000000,0.897,458
idmap_r2,match,1000000,0.898,458
idmap_r2,match,1000000,0.899,458
idmap_r2,match,1000000,0.9,458
idmap_r2,match,1000000,0.901,459
idmap_r2,match,1000000,0.902,459
idmap_r2,match,1000000,0.903,459
idmap_r2,match,1000000,0.904,459
idmap_r2,match,1000000,0.905,459
idmap_r2,match,1000000,0.906,459
idmap_r2,match,1000000,0.907,459
idmap_r2,match,1000000,0.908,459
idmap_r2,match,1000000,0.909,459
idmap_r2,match,1000000,0.91,500
idmap_r2,match,1000000,0.911,500
idmap_r2,match,1000000,0.912,500
idmap_r2,match,1000000,0.913,500
idmap_r2,match,1000000,0.914,500
idmap_r2,match,1000000,0.915,500
idmap_r2,match,1000000,0.916,500
idmap_r2,match,1000000,0.917,500
idmap_r2,match,1000000,0.918,500
idmap_r2,match,1000000,0.919,500
idmap_r2,match,1000000,0.92,500
idmap_r2,match,1000000,0.921,500
idmap_r2,match,1000000,0.922,500
idmap_r2,match,1000000,0.923,500
idmap_r2,match,1000000,0.924,500
idmap_r2,match,1000000,0.925,500
idmap_r2,match,1000000,0.926,500
idmap_r2,match,1000000,0.927,500
idmap_r2,match,1000000,0.928,500
idmap_r2,match,1000000,0.929,500
idmap_r2,match,1000000,0.93,500
idmap_r2,match,1000000,0.931,541
idmap_r2,match,1000000,0.932,541
idmap_r2,match,1000000,0.933,541
idmap_r2,match,1000000,0.934,541
idmap_r2,match,1000000,0.935,541
idmap_r2,match,1000000,0.936,542
idmap_r2,match,1000000,0.937,542
idmap_r2,match,1000000,0.938,542
idmap_r2,match,1000000,0.939,542
idmap_r2,match,1000000,0.94,542
idmap_r2,match,1000000,0.941,542
idmap_r2,match,1000000,0.942,542
idmap_r2,match,1000000,0.943,542
idmap_r2,match,1000000,0.944,542
idmap_r2,match,1000000,0.945,542
idmap_r2,match,1000000,0.946,583
idmap_r2,match,1000000,0.947,583
idmap_r2,match,1000000,0.948,583
idmap_r2,match,1000000,0.949,583
idmap_r2,match,1000000,0.95,583
idmap_r2,match,1000000,0.951,583
idmap_r2,match,1000000,0.952,583
idmap_r2,match,1000000,0.953,583
idmap_r2,match,1000000,0.954,584
idmap_r2,match,1000000,0.955,584
idmap_r2,match,1000000,0.956,584
idmap_r2,match,1000000,0.957,584
idmap_r2,match,1000000,0.958,625
idmap_r2,match,1000000,0.959,625
idmap_r2,match,1000000,0.96,625
idmap_r2,match,1000000,0.961,625
idmap_r2,match,1000000,0.962,625
idmap_r2,match,1000000,0.963,625
idmap_r2,match,1000000,0.964,625
idmap_r2,match,1000000,0.965,625
idmap_r2,match,1000000,0.966,666
idmap_r2,match,1000000,0.967,666
idmap_r2,match,1000000,0.968,667
idmap_r2,match,1000000,0.969,667
idmap_r2,match,1000000,0.97,667
idmap_r2,match,1000000,0.971,667
idmap_r2,match,1000000,0.972,708
idmap_r2,match,1000000,0.973,708
idmap_r2,match,1000000,0.974,708
idmap_r2,match,1000000,0.975,709
idmap_r2,match,1000000,0.976,709
idmap_r2,match,1000000,0.977,750
idmap_r2,match,1000000,0.978,750
idmap_r2,match,1000000,0.979,750
idmap_r2,match,1000000,0.98,750
idmap_r2,match,1000000,0.981,791
idmap_r2,match,1000000,0.982,792
idmap_r2,match,1000000,0.983,792
idmap_r2,match,1000000,0.984,833
idmap_r2,match,1000000,0.985,834
idmap_r2,match,1000000,0.986,875
idmap_r2,match,1000000,0.987,875
idmap_r2,match,1000000,0.988,875
idmap_r2,match,1000000,0.989,917
idmap_r2,match,1000000,0.99,958
idmap_r2,match,1000000,0.991,959
idmap_r2,match,1000000,0.992,1000
idmap_r2,match,1000000,0.993,1042
idmap_r2,match,1000000,0.994,1083
idmap_r2,match,1000000,0.995,1125
idmap_r2,match,1000000,0.996,1208
idmap_r2,match,1000000,0.997,1333
idmap_r2,match,1000000,0.998,1583
idmap_r2,match,1000000,0.999,6083
