variant,scenario,book_orders,quantile,latency_ns
stdmap_r3,add,1000,0,0
stdmap_r3,add,1000,0.001,41
stdmap_r3,add,1000,0.002,41
stdmap_r3,add,1000,0.003,41
stdmap_r3,add,1000,0.004,41
stdmap_r3,add,1000,0.005,41
stdmap_r3,add,1000,0.006,41
stdmap_r3,add,1000,0.007,41
stdmap_r3,add,1000,0.008,41
stdmap_r3,add,1000,0.009,41
stdmap_r3,add,1000,0.01,41
stdmap_r3,add,1000,0.011,41
stdmap_r3,add,1000,0.012,41
stdmap_r3,add,1000,0.013,41
stdmap_r3,add,1000,0.014,41
stdmap_r3,add,1000,0.015,42
stdmap_r3,add,1000,0.016,42
stdmap_r3,add,1000,0.017,42
stdmap_r3,add,1000,0.018,42
stdmap_r3,add,1000,0.019,42
stdmap_r3,add,1000,0.02,42
stdmap_r3,add,1000,0.021,42
stdmap_r3,add,1000,0.022,42
stdmap_r3,add,1000,0.023,42
stdmap_r3,add,1000,0.024,42
stdmap_r3,add,1000,0.025,42
stdmap_r3,add,1000,0.026,42
stdmap_r3,add,1000,0.027,42
stdmap_r3,add,1000,0.028,42
stdmap_r3,add,1000,0.029,42
stdmap_r3,add,1000,0.03,42
stdmap_r3,add,1000,0.031,42
stdmap_r3,add,1000,0.032,42
stdmap_r3,add,1000,0.033,42
stdmap_r3,add,1000,0.034,42
stdmap_r3,add,1000,0.035,42
stdmap_r3,add,1000,0.036,42
stdmap_r3,add,1000,0.037,42
stdmap_r3,add,1000,0.038,42
stdmap_r3,add,1000,0.039,42
stdmap_r3,add,1000,0.04,42
stdmap_r3,add,1000,0.041,42
stdmap_r3,add,1000,0.042,83
stdmap_r3,add,1000,0.043,83
stdmap_r3,add,1000,0.044,83
stdmap_r3,add,1000,0.045,83
stdmap_r3,add,1000,0.046,83
stdmap_r3,add,1000,0.047,83
stdmap_r3,add,1000,0.048,83
stdmap_r3,add,1000,0.049,83
stdmap_r3,add,1000,0.05,83
stdmap_r3,add,1000,0.051,83
stdmap_r3,add,1000,0.052,83
stdmap_r3,add,1000,0.053,83
stdmap_r3,add,1000,0.054,83
stdmap_r3,add,1000,0.055,83
stdmap_r3,add,1000,0.056,83
stdmap_r3,add,1000,0.057,83
stdmap_r3,add,1000,0.058,83
stdmap_r3,add,1000,0.059,83
stdmap_r3,add,1000,0.06,83
stdmap_r3,add,1000,0.061,83
stdmap_r3,add,1000,0.062,83
stdmap_r3,add,1000,0.063,83
stdmap_r3,add,1000,0.064,83
stdmap_r3,add,1000,0.065,83
stdmap_r3,add,1000,0.066,83
stdmap_r3,add,1000,0.067,83
stdmap_r3,add,1000,0.068,83
stdmap_r3,add,1000,0.069,83
stdmap_r3,add,1000,0.07,83
stdmap_r3,add,1000,0.071,83
stdmap_r3,add,1000,0.072,83
stdmap_r3,add,1000,0.073,83
stdmap_r3,add,1000,0.074,83
stdmap_r3,add,1000,0.075,83
stdmap_r3,add,1000,0.076,83
stdmap_r3,add,1000,0.077,83
stdmap_r3,add,1000,0.078,83
stdmap_r3,add,1000,0.079,83
stdmap_r3,add,1000,0.08,83
stdmap_r3,add,1000,0.081,83
stdmap_r3,add,1000,0.082,83
stdmap_r3,add,1000,0.083,83
stdmap_r3,add,1000,0.084,83
stdmap_r3,add,1000,0.085,83
stdmap_r3,add,1000,0.086,83
stdmap_r3,add,1000,0.087,83
stdmap_r3,add,1000,0.088,83
stdmap_r3,add,1000,0.089,83
stdmap_r3,add,1000,0.09,83
stdmap_r3,add,1000,0.091,83
stdmap_r3,add,1000,0.092,83
stdmap_r3,add,1000,0.093,83
stdmap_r3,add,1000,0.094,83
stdmap_r3,add,1000,0.095,83
stdmap_r3,add,1000,0.096,83
stdmap_r3,add,1000,0.097,83
stdmap_r3,add,1000,0.098,83
stdmap_r3,add,1000,0.099,83
stdmap_r3,add,1000,0.1,83
stdmap_r3,add,1000,0.101,83
stdmap_r3,add,1000,0.102,83
stdmap_r3,add,1000,0.103,83
stdmap_r3,add,1000,0.104,83
stdmap_r3,add,1000,0.105,83
stdmap_r3,add,1000,0.106,83
stdmap_r3,add,1000,0.107,83
stdmap_r3,add,1000,0.108,83
stdmap_r3,add,1000,0.109,83
stdmap_r3,add,1000,0.11,83
stdmap_r3,add,1000,0.111,83
stdmap_r3,add,1000,0.112,83
stdmap_r3,add,1000,0.113,83
stdmap_r3,add,1000,0.114,83
stdmap_r3,add,1000,0.115,83
stdmap_r3,add,1000,0.116,83
stdmap_r3,add,1000,0.117,83
stdmap_r3,add,1000,0.118,83
stdmap_r3,add,1000,0.119,83
stdmap_r3,add,1000,0.12,83
stdmap_r3,add,1000,0.121,83
stdmap_r3,add,1000,0.122,83
stdmap_r3,add,1000,0.123,83
stdmap_r3,add,1000,0.124,83
stdmap_r3,add,1000,0.125,83
stdmap_r3,add,1000,0.126,83
stdmap_r3,add,1000,0.127,83
stdmap_r3,add,1000,0.128,83
stdmap_r3,add,1000,0.129,83
stdmap_r3,add,1000,0.13,83
stdmap_r3,add,1000,0.131,83
stdmap_r3,add,1000,0.132,83
stdmap_r3,add,1000,0.133,83
stdmap_r3,add,1000,0.134,83
stdmap_r3,add,1000,0.135,83
stdmap_r3,add,1000,0.136,83
stdmap_r3,add,1000,0.137,83
stdmap_r3,add,1000,0.138,83
stdmap_r3,add,1000,0.139,83
stdmap_r3,add,1000,0.14,83
stdmap_r3,add,1000,0.141,83
stdmap_r3,add,1000,0.142,83
stdmap_r3,add,1000,0.143,83
stdmap_r3,add,1000,0.144,83
stdmap_r3,add,1000,0.145,83
stdmap_r3,add,1000,0.146,83
stdmap_r3,add,1000,0.147,83
stdmap_r3,add,1000,0.148,83
stdmap_r3,add,1000,0.149,83
stdmap_r3,add,1000,0.15,83
stdmap_r3,add,1000,0.151,83
stdmap_r3,add,1000,0.152,83
stdmap_r3,add,1000,0.153,83
stdmap_r3,add,1000,0.154,83
stdmap_r3,add,1000,0.155,83
stdmap_r3,add,1000,0.156,83
stdmap_r3,add,1000,0.157,83
stdmap_r3,add,1000,0.158,83
stdmap_r3,add,1000,0.159,83
stdmap_r3,add,1000,0.16,83
stdmap_r3,add,1000,0.161,83
stdmap_r3,add,1000,0.162,83
stdmap_r3,add,1000,0.163,83
stdmap_r3,add,1000,0.164,83
stdmap_r3,add,1000,0.165,83
stdmap_r3,add,1000,0.166,83
stdmap_r3,add,1000,0.167,83
stdmap_r3,add,1000,0.168,83
stdmap_r3,add,1000,0.169,83
stdmap_r3,add,1000,0.17,83
stdmap_r3,add,1000,0.171,83
stdmap_r3,add,1000,0.172,83
stdmap_r3,add,1000,0.173,83
stdmap_r3,add,1000,0.174,83
stdmap_r3,add,1000,0.175,83
stdmap_r3,add,1000,0.176,83
stdmap_r3,add,1000,0.177,83
stdmap_r3,add,1000,0.178,83
stdmap_r3,add,1000,0.179,83
stdmap_r3,add,1000,0.18,83
stdmap_r3,add,1000,0.181,83
stdmap_r3,add,1000,0.182,83
stdmap_r3,add,1000,0.183,83
stdmap_r3,add,1000,0.184,83
stdmap_r3,add,1000,0.185,83
stdmap_r3,add,1000,0.186,83
stdmap_r3,add,1000,0.187,83
stdmap_r3,add,1000,0.188,83
stdmap_r3,add,1000,0.189,83
stdmap_r3,add,1000,0.19,83
stdmap_r3,add,1000,0.191,83
stdmap_r3,add,1000,0.192,83
stdmap_r3,add,1000,0.193,83
stdmap_r3,add,1000,0.194,83
stdmap_r3,add,1000,0.195,83
stdmap_r3,add,1000,0.196,83
stdmap_r3,add,1000,0.197,83
stdmap_r3,add,1000,0.198,83
stdmap_r3,add,1000,0.199,83
stdmap_r3,add,1000,0.2,83
stdmap_r3,add,1000,0.201,83
stdmap_r3,add,1000,0.202,83
stdmap_r3,add,1000,0.203,83
stdmap_r3,add,1000,0.204,83
stdmap_r3,add,1000,0.205,83
stdmap_r3,add,1000,0.206,83
stdmap_r3,add,1000,0.207,83
stdmap_r3,add,1000,0.208,83
stdmap_r3,add,1000,0.209,83
stdmap_r3,add,1000,0.21,83
stdmap_r3,add,1000,0.211,83
stdmap_r3,add,1000,0.212,83
stdmap_r3,add,1000,0.213,83
stdmap_r3,add,1000,0.214,83
stdmap_r3,add,1000,0.215,83
stdmap_r3,add,1000,0.216,83
stdmap_r3,add,1000,0.217,83
stdmap_r3,add,1000,0.218,83
stdmap_r3,add,1000,0.219,83
stdmap_r3,add,1000,0.22,83
stdmap_r3,add,1000,0.221,83
stdmap_r3,add,1000,0.222,83
stdmap_r3,add,1000,0.223,83
stdmap_r3,add,1000,0.224,83
stdmap_r3,add,1000,0.225,83
stdmap_r3,add,1000,0.226,83
stdmap_r3,add,1000,0.227,83
stdmap_r3,add,1000,0.228,83
stdmap_r3,add,1000,0.229,83
stdmap_r3,add,1000,0.23,83
stdmap_r3,add,1000,0.231,83
stdmap_r3,add,1000,0.232,83
stdmap_r3,add,1000,0.233,83
stdmap_r3,add,1000,0.234,83
stdmap_r3,add,1000,0.235,83
stdmap_r3,add,1000,0.236,83
stdmap_r3,add,1000,0.237,83
stdmap_r3,add,1000,0.238,83
stdmap_r3,add,1000,0.239,83
stdmap_r3,add,1000,0.24,83
stdmap_r3,add,1000,0.241,83
stdmap_r3,add,1000,0.242,83
stdmap_r3,add,1000,0.243,83
stdmap_r3,add,1000,0.244,83
stdmap_r3,add,1000,0.245,83
stdmap_r3,add,1000,0.246,83
stdmap_r3,add,1000,0.247,83
stdmap_r3,add,1000,0.248,83
stdmap_r3,add,1000,0.249,83
stdmap_r3,add,1000,0.25,83
stdmap_r3,add,1000,0.251,83
stdmap_r3,add,1000,0.252,83
stdmap_r3,add,1000,0.253,83
stdmap_r3,add,1000,0.254,83
stdmap_r3,add,1000,0.255,83
stdmap_r3,add,1000,0.256,83
stdmap_r3,add,1000,0.257,83
stdmap_r3,add,1000,0.258,83
stdmap_r3,add,1000,0.259,83
stdmap_r3,add,1000,0.26,83
stdmap_r3,add,1000,0.261,83
stdmap_r3,add,1000,0.262,83
stdmap_r3,add,1000,0.263,83
stdmap_r3,add,1000,0.264,83
stdmap_r3,add,1000,0.265,83
stdmap_r3,add,1000,0.266,83
stdmap_r3,add,1000,0.267,83
stdmap_r3,add,1000,0.268,83
stdmap_r3,add,1000,0.269,83
stdmap_r3,add,1000,0.27,83
stdmap_r3,add,1000,0.271,83
stdmap_r3,add,1000,0.272,83
stdmap_r3,add,1000,0.273,83
stdmap_r3,add,1000,0.274,83
stdmap_r3,add,1000,0.275,83
stdmap_r3,add,1000,0.276,83
stdmap_r3,add,1000,0.277,83
stdmap_r3,add,1000,0.278,83
stdmap_r3,add,1000,0.279,83
stdmap_r3,add,1000,0.28,83
stdmap_r3,add,1000,0.281,83
stdmap_r3,add,1000,0.282,83
stdmap_r3,add,1000,0.283,83
stdmap_r3,add,1000,0.284,83
stdmap_r3,add,1000,0.285,83
stdmap_r3,add,1000,0.286,83
stdmap_r3,add,1000,0.287,83
stdmap_r3,add,1000,0.288,83
stdmap_r3,add,1000,0.289,83
stdmap_r3,add,1000,0.29,83
stdmap_r3,add,1000,0.291,83
stdmap_r3,add,1000,0.292,83
stdmap_r3,add,1000,0.293,83
stdmap_r3,add,1000,0.294,83
stdmap_r3,add,1000,0.295,83
stdmap_r3,add,1000,0.296,83
stdmap_r3,add,1000,0.297,83
stdmap_r3,add,1000,0.298,83
stdmap_r3,add,1000,0.299,84
stdmap_r3,add,1000,0.3,84
stdmap_r3,add,1000,0.301,84
stdmap_r3,add,1000,0.302,84
stdmap_r3,add,1000,0.303,84
stdmap_r3,add,1000,0.304,84
stdmap_r3,add,1000,0.305,84
stdmap_r3,add,1000,0.306,84
stdmap_r3,add,1000,0.307,84
stdmap_r3,add,1000,0.308,84
stdmap_r3,add,1000,0.309,84
stdmap_r3,add,1000,0.31,84
stdmap_r3,add,1000,0.311,84
stdmap_r3,add,1000,0.312,84
stdmap_r3,add,1000,0.313,84
stdmap_r3,add,1000,0.314,84
stdmap_r3,add,1000,0.315,84
stdmap_r3,add,1000,0.316,84
stdmap_r3,add,1000,0.317,84
stdmap_r3,add,1000,0.318,84
stdmap_r3,add,1000,0.319,84
stdmap_r3,add,1000,0.32,84
stdmap_r3,add,1000,0.321,84
stdmap_r3,add,1000,0.322,84
stdmap_r3,add,1000,0.323,84
stdmap_r3,add,1000,0.324,84
stdmap_r3,add,1000,0.325,84
stdmap_r3,add,1000,0.326,84
stdmap_r3,add,1000,0.327,84
stdmap_r3,add,1000,0.328,84
stdmap_r3,add,1000,0.329,84
stdmap_r3,add,1000,0.33,84
stdmap_r3,add,1000,0.331,84
stdmap_r3,add,1000,0.332,84
stdmap_r3,add,1000,0.333,84
stdmap_r3,add,1000,0.334,84
stdmap_r3,add,1000,0.335,84
stdmap_r3,add,1000,0.336,84
stdmap_r3,add,1000,0.337,84
stdmap_r3,add,1000,0.338,84
stdmap_r3,add,1000,0.339,84
stdmap_r3,add,1000,0.34,84
stdmap_r3,add,1000,0.341,84
stdmap_r3,add,1000,0.342,84
stdmap_r3,add,1000,0.343,84
stdmap_r3,add,1000,0.344,84
stdmap_r3,add,1000,0.345,84
stdmap_r3,add,1000,0.346,84
stdmap_r3,add,1000,0.347,84
stdmap_r3,add,1000,0.348,84
stdmap_r3,add,1000,0.349,84
stdmap_r3,add,1000,0.35,84
stdmap_r3,add,1000,0.351,84
stdmap_r3,add,1000,0.352,84
stdmap_r3,add,1000,0.353,84
stdmap_r3,add,1000,0.354,84
stdmap_r3,add,1000,0.355,84
stdmap_r3,add,1000,0.356,84
stdmap_r3,add,1000,0.357,84
stdmap_r3,add,1000,0.358,84
stdmap_r3,add,1000,0.359,84
stdmap_r3,add,1000,0.36,84
stdmap_r3,add,1000,0.361,84
stdmap_r3,add,1000,0.362,84
stdmap_r3,add,1000,0.363,84
stdmap_r3,add,1000,0.364,84
stdmap_r3,add,1000,0.365,84
stdmap_r3,add,1000,0.366,84
stdmap_r3,add,1000,0.367,84
stdmap_r3,add,1000,0.368,84
stdmap_r3,add,1000,0.369,84
stdmap_r3,add,1000,0.37,84
stdmap_r3,add,1000,0.371,84
stdmap_r3,add,1000,0.372,84
stdmap_r3,add,1000,0.373,84
stdmap_r3,add,1000,0.374,84
stdmap_r3,add,1000,0.375,84
stdmap_r3,add,1000,0.376,84
stdmap_r3,add,1000,0.377,84
stdmap_r3,add,1000,0.378,84
stdmap_r3,add,1000,0.379,84
stdmap_r3,add,1000,0.38,84
stdmap_r3,add,1000,0.381,84
stdmap_r3,add,1000,0.382,84
stdmap_r3,add,1000,0.383,84
stdmap_r3,add,1000,0.384,84
stdmap_r3,add,1000,0.385,84
stdmap_r3,add,1000,0.386,84
stdmap_r3,add,1000,0.387,84
stdmap_r3,add,1000,0.388,84
stdmap_r3,add,1000,0.389,84
stdmap_r3,add,1000,0.39,84
stdmap_r3,add,1000,0.391,84
stdmap_r3,add,1000,0.392,84
stdmap_r3,add,1000,0.393,84
stdmap_r3,add,1000,0.394,84
stdmap_r3,add,1000,0.395,84
stdmap_r3,add,1000,0.396,84
stdmap_r3,add,1000,0.397,84
stdmap_r3,add,1000,0.398,84
stdmap_r3,add,1000,0.399,84
stdmap_r3,add,1000,0.4,84
stdmap_r3,add,1000,0.401,84
stdmap_r3,add,1000,0.402,84
stdmap_r3,add,1000,0.403,84
stdmap_r3,add,1000,0.404,84
stdmap_r3,add,1000,0.405,84
stdmap_r3,add,1000,0.406,84
stdmap_r3,add,1000,0.407,84
stdmap_r3,add,1000,0.408,84
stdmap_r3,add,1000,0.409,84
stdmap_r3,add,1000,0.41,84
stdmap_r3,add,1000,0.411,84
stdmap_r3,add,1000,0.412,84
stdmap_r3,add,1000,0.413,84
stdmap_r3,add,1000,0.414,84
stdmap_r3,add,1000,0.415,84
stdmap_r3,add,1000,0.416,84
stdmap_r3,add,1000,0.417,84
stdmap_r3,add,1000,0.418,84
stdmap_r3,add,1000,0.419,84
stdmap_r3,add,1000,0.42,84
stdmap_r3,add,1000,0.421,84
stdmap_r3,add,1000,0.422,84
stdmap_r3,add,1000,0.423,84
stdmap_r3,add,1000,0.424,84
stdmap_r3,add,1000,0.425,84
stdmap_r3,add,1000,0.426,125
stdmap_r3,add,1000,0.427,125
stdmap_r3,add,1000,0.428,125
stdmap_r3,add,1000,0.429,125
stdmap_r3,add,1000,0.43,125
stdmap_r3,add,1000,0.431,125
stdmap_r3,add,1000,0.432,125
stdmap_r3,add,1000,0.433,125
stdmap_r3,add,1000,0.434,125
stdmap_r3,add,1000,0.435,125
stdmap_r3,add,1000,0.436,125
stdmap_r3,add,1000,0.437,125
stdmap_r3,add,1000,0.438,125
stdmap_r3,add,1000,0.439,125
stdmap_r3,add,1000,0.44,125
stdmap_r3,add,1000,0.441,125
stdmap_r3,add,1000,0.442,125
stdmap_r3,add,1000,0.443,125
stdmap_r3,add,1000,0.444,125
stdmap_r3,add,1000,0.445,125
stdmap_r3,add,1000,0.446,125
stdmap_r3,add,1000,0.447,125
stdmap_r3,add,1000,0.448,125
stdmap_r3,add,1000,0.449,125
stdmap_r3,add,1000,0.45,125
stdmap_r3,add,1000,0.451,125
stdmap_r3,add,1000,0.452,125
stdmap_r3,add,1000,0.453,125
stdmap_r3,add,1000,0.454,125
stdmap_r3,add,1000,0.455,125
stdmap_r3,add,1000,0.456,125
stdmap_r3,add,1000,0.457,125
stdmap_r3,add,1000,0.458,125
stdmap_r3,add,1000,0.459,125
stdmap_r3,add,1000,0.46,125
stdmap_r3,add,1000,0.461,125
stdmap_r3,add,1000,0.462,125
stdmap_r3,add,1000,0.463,125
stdmap_r3,add,1000,0.464,125
stdmap_r3,add,1000,0.465,125
stdmap_r3,add,1000,0.466,125
stdmap_r3,add,1000,0.467,125
stdmap_r3,add,1000,0.468,125
stdmap_r3,add,1000,0.469,125
stdmap_r3,add,1000,0.47,125
stdmap_r3,add,1000,0.471,125
stdmap_r3,add,1000,0.472,125
stdmap_r3,add,1000,0.473,125
stdmap_r3,add,1000,0.474,125
stdmap_r3,add,1000,0.475,125
stdmap_r3,add,1000,0.476,125
stdmap_r3,add,1000,0.477,125
stdmap_r3,add,1000,0.478,125
stdmap_r3,add,1000,0.479,125
stdmap_r3,add,1000,0.48,125
stdmap_r3,add,1000,0.481,125
stdmap_r3,add,1000,0.482,125
stdmap_r3,add,1000,0.483,125
stdmap_r3,add,1000,0.484,125
stdmap_r3,add,1000,0.485,125
stdmap_r3,add,1000,0.486,125
stdmap_r3,add,1000,0.487,125
stdmap_r3,add,1000,0.488,125
stdmap_r3,add,1000,0.489,125
stdmap_r3,add,1000,0.49,125
stdmap_r3,add,1000,0.491,125
stdmap_r3,add,1000,0.492,125
stdmap_r3,add,1000,0.493,125
stdmap_r3,add,1000,0.494,125
stdmap_r3,add,1000,0.495,125
stdmap_r3,add,1000,0.496,125
stdmap_r3,add,1000,0.497,125
stdmap_r3,add,1000,0.498,125
stdmap_r3,add,1000,0.499,125
stdmap_r3,add,1000,0.5,125
stdmap_r3,add,1000,0.501,125
stdmap_r3,add,1000,0.502,125
stdmap_r3,add,1000,0.503,125
stdmap_r3,add,1000,0.504,125
stdmap_r3,add,1000,0.505,125
stdmap_r3,add,1000,0.506,125
stdmap_r3,add,1000,0.507,125
stdmap_r3,add,1000,0.508,125
stdmap_r3,add,1000,0.509,125
stdmap_r3,add,1000,0.51,125
stdmap_r3,add,1000,0.511,125
stdmap_r3,add,1000,0.512,125
stdmap_r3,add,1000,0.513,125
stdmap_r3,add,1000,0.514,125
stdmap_r3,add,1000,0.515,125
stdmap_r3,add,1000,0.516,125
stdmap_r3,add,1000,0.517,125
stdmap_r3,add,1000,0.518,125
stdmap_r3,add,1000,0.519,125
stdmap_r3,add,1000,0.52,125
stdmap_r3,add,1000,0.521,125
stdmap_r3,add,1000,0.522,125
stdmap_r3,add,1000,0.523,125
stdmap_r3,add,1000,0.524,125
stdmap_r3,add,1000,0.525,125
stdmap_r3,add,1000,0.526,125
stdmap_r3,add,1000,0.527,125
stdmap_r3,add,1000,0.528,125
stdmap_r3,add,1000,0.529,125
stdmap_r3,add,1000,0.53,125
stdmap_r3,add,1000,0.531,125
stdmap_r3,add,1000,0.532,125
stdmap_r3,add,1000,0.533,125
stdmap_r3,add,1000,0.534,125
stdmap_r3,add,1000,0.535,125
stdmap_r3,add,1000,0.536,125
stdmap_r3,add,1000,0.537,125
stdmap_r3,add,1000,0.538,125
stdmap_r3,add,1000,0.539,125
stdmap_r3,add,1000,0.54,125
stdmap_r3,add,1000,0.541,125
stdmap_r3,add,1000,0.542,125
stdmap_r3,add,1000,0.543,125
stdmap_r3,add,1000,0.544,125
stdmap_r3,add,1000,0.545,125
stdmap_r3,add,1000,0.546,125
stdmap_r3,add,1000,0.547,125
stdmap_r3,add,1000,0.548,125
stdmap_r3,add,1000,0.549,125
stdmap_r3,add,1000,0.55,125
stdmap_r3,add,1000,0.551,125
stdmap_r3,add,1000,0.552,125
stdmap_r3,add,1000,0.553,125
stdmap_r3,add,1000,0.554,125
stdmap_r3,add,1000,0.555,125
stdmap_r3,add,1000,0.556,125
stdmap_r3,add,1000,0.557,125
stdmap_r3,add,1000,0.558,125
stdmap_r3,add,1000,0.559,125
stdmap_r3,add,1000,0.56,125
stdmap_r3,add,1000,0.561,125
stdmap_r3,add,1000,0.562,125
stdmap_r3,add,1000,0.563,125
stdmap_r3,add,1000,0.564,125
stdmap_r3,add,1000,0.565,125
stdmap_r3,add,1000,0.566,125
stdmap_r3,add,1000,0.567,125
stdmap_r3,add,1000,0.568,125
stdmap_r3,add,1000,0.569,125
stdmap_r3,add,1000,0.57,125
stdmap_r3,add,1000,0.571,125
stdmap_r3,add,1000,0.572,125
stdmap_r3,add,1000,0.573,125
stdmap_r3,add,1000,0.574,125
stdmap_r3,add,1000,0.575,125
stdmap_r3,add,1000,0.576,125
stdmap_r3,add,1000,0.577,125
stdmap_r3,add,1000,0.578,125
stdmap_r3,add,1000,0.579,125
stdmap_r3,add,1000,0.58,125
stdmap_r3,add,1000,0.581,125
stdmap_r3,add,1000,0.582,125
stdmap_r3,add,1000,0.583,125
stdmap_r3,add,1000,0.584,125
stdmap_r3,add,1000,0.585,125
stdmap_r3,add,1000,0.586,125
stdmap_r3,add,1000,0.587,125
stdmap_r3,add,1000,0.588,125
stdmap_r3,add,1000,0.589,125
stdmap_r3,add,1000,0.59,125
stdmap_r3,add,1000,0.591,125
stdmap_r3,add,1000,0.592,125
stdmap_r3,add,1000,0.593,125
stdmap_r3,add,1000,0.594,125
stdmap_r3,add,1000,0.595,125
stdmap_r3,add,1000,0.596,125
stdmap_r3,add,1000,0.597,125
stdmap_r3,add,1000,0.598,125
stdmap_r3,add,1000,0.599,125
stdmap_r3,add,1000,0.6,125
stdmap_r3,add,1000,0.601,125
stdmap_r3,add,1000,0.602,125
stdmap_r3,add,1000,0.603,125
stdmap_r3,add,1000,0.604,125
stdmap_r3,add,1000,0.605,125
stdmap_r3,add,1000,0.606,125
stdmap_r3,add,1000,0.607,125
stdmap_r3,add,1000,0.608,125
stdmap_r3,add,1000,0.609,125
stdmap_r3,add,1000,0.61,125
stdmap_r3,add,1000,0.611,125
stdmap_r3,add,1000,0.612,125
stdmap_r3,add,1000,0.613,125
stdmap_r3,add,1000,0.614,125
stdmap_r3,add,1000,0.615,125
stdmap_r3,add,1000,0.616,125
stdmap_r3,add,1000,0.617,125
stdmap_r3,add,1000,0.618,125
stdmap_r3,add,1000,0.619,125
stdmap_r3,add,1000,0.62,125
stdmap_r3,add,1000,0.621,125
stdmap_r3,add,1000,0.622,125
stdmap_r3,add,1000,0.623,125
stdmap_r3,add,1000,0.624,125
stdmap_r3,add,1000,0.625,125
stdmap_r3,add,1000,0.626,125
stdmap_r3,add,1000,0.627,125
stdmap_r3,add,1000,0.628,125
stdmap_r3,add,1000,0.629,125
stdmap_r3,add,1000,0.63,125
stdmap_r3,add,1000,0.631,125
stdmap_r3,add,1000,0.632,125
stdmap_r3,add,1000,0.633,125
stdmap_r3,add,1000,0.634,125
stdmap_r3,add,1000,0.635,125
stdmap_r3,add,1000,0.636,125
stdmap_r3,add,1000,0.637,125
stdmap_r3,add,1000,0.638,125
stdmap_r3,add,1000,0.639,125
stdmap_r3,add,1000,0.64,125
stdmap_r3,add,1000,0.641,125
stdmap_r3,add,1000,0.642,125
stdmap_r3,add,1000,0.643,125
stdmap_r3,add,1000,0.644,125
stdmap_r3,add,1000,0.645,125
stdmap_r3,add,1000,0.646,125
stdmap_r3,add,1000,0.647,125
stdmap_r3,add,1000,0.648,125
stdmap_r3,add,1000,0.649,125
stdmap_r3,add,1000,0.65,125
stdmap_r3,add,1000,0.651,125
stdmap_r3,add,1000,0.652,125
stdmap_r3,add,1000,0.653,125
stdmap_r3,add,1000,0.654,125
stdmap_r3,add,1000,0.655,125
stdmap_r3,add,1000,0.656,125
stdmap_r3,add,1000,0.657,125
stdmap_r3,add,1000,0.658,125
stdmap_r3,add,1000,0.659,125
stdmap_r3,add,1000,0.66,125
stdmap_r3,add,1000,0.661,125
stdmap_r3,add,1000,0.662,125
stdmap_r3,add,1000,0.663,125
stdmap_r3,add,1000,0.664,125
stdmap_r3,add,1000,0.665,125
stdmap_r3,add,1000,0.666,125
stdmap_r3,add,1000,0.667,125
stdmap_r3,add,1000,0.668,125
stdmap_r3,add,1000,0.669,125
stdmap_r3,add,1000,0.67,125
stdmap_r3,add,1000,0.671,125
stdmap_r3,add,1000,0.672,125
stdmap_r3,add,1000,0.673,125
stdmap_r3,add,1000,0.674,125
stdmap_r3,add,1000,0.675,125
stdmap_r3,add,1000,0.676,125
stdmap_r3,add,1000,0.677,125
stdmap_r3,add,1000,0.678,125
stdmap_r3,add,1000,0.679,125
stdmap_r3,add,1000,0.68,125
stdmap_r3,add,1000,0.681,125
stdmap_r3,add,1000,0.682,125
stdmap_r3,add,1000,0.683,125
stdmap_r3,add,1000,0.684,125
stdmap_r3,add,1000,0.685,125
stdmap_r3,add,1000,0.686,125
stdmap_r3,add,1000,0.687,125
stdmap_r3,add,1000,0.688,125
stdmap_r3,add,1000,0.689,125
stdmap_r3,add,1000,0.69,125
stdmap_r3,add,1000,0.691,125
stdmap_r3,add,1000,0.692,125
stdmap_r3,add,1000,0.693,125
stdmap_r3,add,1000,0.694,125
stdmap_r3,add,1000,0.695,125
stdmap_r3,add,1000,0.696,125
stdmap_r3,add,1000,0.697,125
stdmap_r3,add,1000,0.698,125
stdmap_r3,add,1000,0.699,125
stdmap_r3,add,1000,0.7,125
stdmap_r3,add,1000,0.701,125
stdmap_r3,add,1000,0.702,125
stdmap_r3,add,1000,0.703,125
stdmap_r3,add,1000,0.704,125
stdmap_r3,add,1000,0.705,125
stdmap_r3,add,1000,0.706,125
stdmap_r3,add,1000,0.707,125
stdmap_r3,add,1000,0.708,125
stdmap_r3,add,1000,0.709,125
stdmap_r3,add,1000,0.71,125
stdmap_r3,add,1000,0.711,125
stdmap_r3,add,1000,0.712,125
stdmap_r3,add,1000,0.713,125
stdmap_r3,add,1000,0.714,125
stdmap_r3,add,1000,0.715,125
stdmap_r3,add,1000,0.716,125
stdmap_r3,add,1000,0.717,125
stdmap_r3,add,1000,0.718,125
stdmap_r3,add,1000,0.719,125
stdmap_r3,add,1000,0.72,125
stdmap_r3,add,1000,0.721,125
stdmap_r3,add,1000,0.722,125
stdmap_r3,add,1000,0.723,125
stdmap_r3,add,1000,0.724,125
stdmap_r3,add,1000,0.725,125
stdmap_r3,add,1000,0.726,125
stdmap_r3,add,1000,0.727,125
stdmap_r3,add,1000,0.728,125
stdmap_r3,add,1000,0.729,125
stdmap_r3,add,1000,0.73,125
stdmap_r3,add,1000,0.731,125
stdmap_r3,add,1000,0.732,125
stdmap_r3,add,1000,0.733,125
stdmap_r3,add,1000,0.734,125
stdmap_r3,add,1000,0.735,125
stdmap_r3,add,1000,0.736,125
stdmap_r3,add,1000,0.737,125
stdmap_r3,add,1000,0.738,125
stdmap_r3,add,1000,0.739,125
stdmap_r3,add,1000,0.74,125
stdmap_r3,add,1000,0.741,125
stdmap_r3,add,1000,0.742,125
stdmap_r3,add,1000,0.743,125
stdmap_r3,add,1000,0.744,125
stdmap_r3,add,1000,0.745,125
stdmap_r3,add,1000,0.746,125
stdmap_r3,add,1000,0.747,125
stdmap_r3,add,1000,0.748,125
stdmap_r3,add,1000,0.749,125
stdmap_r3,add,1000,0.75,125
stdmap_r3,add,1000,0.751,125
stdmap_r3,add,1000,0.752,125
stdmap_r3,add,1000,0.753,125
stdmap_r3,add,1000,0.754,125
stdmap_r3,add,1000,0.755,125
stdmap_r3,add,1000,0.756,125
stdmap_r3,add,1000,0.757,125
stdmap_r3,add,1000,0.758,125
stdmap_r3,add,1000,0.759,125
stdmap_r3,add,1000,0.76,125
stdmap_r3,add,1000,0.761,125
stdmap_r3,add,1000,0.762,125
stdmap_r3,add,1000,0.763,125
stdmap_r3,add,1000,0.764,125
stdmap_r3,add,1000,0.765,125
stdmap_r3,add,1000,0.766,125
stdmap_r3,add,1000,0.767,125
stdmap_r3,add,1000,0.768,125
stdmap_r3,add,1000,0.769,125
stdmap_r3,add,1000,0.77,125
stdmap_r3,add,1000,0.771,125
stdmap_r3,add,1000,0.772,125
stdmap_r3,add,1000,0.773,125
stdmap_r3,add,1000,0.774,125
stdmap_r3,add,1000,0.775,125
stdmap_r3,add,1000,0.776,125
stdmap_r3,add,1000,0.777,125
stdmap_r3,add,1000,0.778,125
stdmap_r3,add,1000,0.779,125
stdmap_r3,add,1000,0.78,125
stdmap_r3,add,1000,0.781,125
stdmap_r3,add,1000,0.782,125
stdmap_r3,add,1000,0.783,125
stdmap_r3,add,1000,0.784,125
stdmap_r3,add,1000,0.785,125
stdmap_r3,add,1000,0.786,125
stdmap_r3,add,1000,0.787,125
stdmap_r3,add,1000,0.788,125
stdmap_r3,add,1000,0.789,125
stdmap_r3,add,1000,0.79,125
stdmap_r3,add,1000,0.791,125
stdmap_r3,add,1000,0.792,125
stdmap_r3,add,1000,0.793,125
stdmap_r3,add,1000,0.794,125
stdmap_r3,add,1000,0.795,125
stdmap_r3,add,1000,0.796,125
stdmap_r3,add,1000,0.797,125
stdmap_r3,add,1000,0.798,125
stdmap_r3,add,1000,0.799,125
stdmap_r3,add,1000,0.8,125
stdmap_r3,add,1000,0.801,125
stdmap_r3,add,1000,0.802,125
stdmap_r3,add,1000,0.803,125
stdmap_r3,add,1000,0.804,125
stdmap_r3,add,1000,0.805,125
stdmap_r3,add,1000,0.806,125
stdmap_r3,add,1000,0.807,125
stdmap_r3,add,1000,0.808,125
stdmap_r3,add,1000,0.809,125
stdmap_r3,add,1000,0.81,125
stdmap_r3,add,1000,0.811,125
stdmap_r3,add,1000,0.812,125
stdmap_r3,add,1000,0.813,125
stdmap_r3,add,1000,0.814,125
stdmap_r3,add,1000,0.815,125
stdmap_r3,add,1000,0.816,125
stdmap_r3,add,1000,0.817,125
stdmap_r3,add,1000,0.818,125
stdmap_r3,add,1000,0.819,125
stdmap_r3,add,1000,0.82,125
stdmap_r3,add,1000,0.821,125
stdmap_r3,add,1000,0.822,125
stdmap_r3,add,1000,0.823,125
stdmap_r3,add,1000,0.824,125
stdmap_r3,add,1000,0.825,125
stdmap_r3,add,1000,0.826,125
stdmap_r3,add,1000,0.827,125
stdmap_r3,add,1000,0.828,125
stdmap_r3,add,1000,0.829,125
stdmap_r3,add,1000,0.83,125
stdmap_r3,add,1000,0.831,125
stdmap_r3,add,1000,0.832,125
stdmap_r3,add,1000,0.833,125
stdmap_r3,add,1000,0.834,125
stdmap_r3,add,1000,0.835,125
stdmap_r3,add,1000,0.836,125
stdmap_r3,add,1000,0.837,125
stdmap_r3,add,1000,0.838,125
stdmap_r3,add,1000,0.839,125
stdmap_r3,add,1000,0.84,125
stdmap_r3,add,1000,0.841,125
stdmap_r3,add,1000,0.842,125
stdmap_r3,add,1000,0.843,125
stdmap_r3,add,1000,0.844,125
stdmap_r3,add,1000,0.845,125
stdmap_r3,add,1000,0.846,125
stdmap_r3,add,1000,0.847,125
stdmap_r3,add,1000,0.848,125
stdmap_r3,add,1000,0.849,125
stdmap_r3,add,1000,0.85,125
stdmap_r3,add,1000,0.851,125
stdmap_r3,add,1000,0.852,125
stdmap_r3,add,1000,0.853,125
stdmap_r3,add,1000,0.854,125
stdmap_r3,add,1000,0.855,125
stdmap_r3,add,1000,0.856,166
stdmap_r3,add,1000,0.857,166
stdmap_r3,add,1000,0.858,166
stdmap_r3,add,1000,0.859,166
stdmap_r3,add,1000,0.86,166
stdmap_r3,add,1000,0.861,166
stdmap_r3,add,1000,0.862,166
stdmap_r3,add,1000,0.863,166
stdmap_r3,add,1000,0.864,166
stdmap_r3,add,1000,0.865,166
stdmap_r3,add,1000,0.866,166
stdmap_r3,add,1000,0.867,166
stdmap_r3,add,1000,0.868,166
stdmap_r3,add,1000,0.869,166
stdmap_r3,add,1000,0.87,166
stdmap_r3,add,1000,0.871,166
stdmap_r3,add,1000,0.872,166
stdmap_r3,add,1000,0.873,166
stdmap_r3,add,1000,0.874,166
stdmap_r3,add,1000,0.875,166
stdmap_r3,add,1000,0.876,166
stdmap_r3,add,1000,0.877,166
stdmap_r3,add,1000,0.878,166
stdmap_r3,add,1000,0.879,166
stdmap_r3,add,1000,0.88,166
stdmap_r3,add,1000,0.881,166
stdmap_r3,add,1000,0.882,166
stdmap_r3,add,1000,0.883,166
stdmap_r3,add,1000,0.884,166
stdmap_r3,add,1000,0.885,166
stdmap_r3,add,1000,0.886,166
stdmap_r3,add,1000,0.887,166
stdmap_r3,add,1000,0.888,166
stdmap_r3,add,1000,0.889,166
stdmap_r3,add,1000,0.89,166
stdmap_r3,add,1000,0.891,166
stdmap_r3,add,1000,0.892,167
stdmap_r3,add,1000,0.893,167
stdmap_r3,add,1000,0.894,167
stdmap_r3,add,1000,0.895,167
stdmap_r3,add,1000,0.896,167
stdmap_r3,add,1000,0.897,167
stdmap_r3,add,1000,0.898,167
stdmap_r3,add,1000,0.899,167
stdmap_r3,add,1000,0.9,167
stdmap_r3,add,1000,0.901,167
stdmap_r3,add,1000,0.902,167
stdmap_r3,add,1000,0.903,167
stdmap_r3,add,1000,0.904,167
stdmap_r3,add,1000,0.905,167
stdmap_r3,add,1000,0.906,167
stdmap_r3,add,1000,0.907,167
stdmap_r3,add,1000,0.908,167
stdmap_r3,add,1000,0.909,167
stdmap_r3,add,1000,0.91,167
stdmap_r3,add,1000,0.911,167
stdmap_r3,add,1000,0.912,167
stdmap_r3,add,1000,0.913,167
stdmap_r3,add,1000,0.914,167
stdmap_r3,add,1000,0.915,167
stdmap_r3,add,1000,0.916,167
stdmap_r3,add,1000,0.917,167
stdmap_r3,add,1000,0.918,167
stdmap_r3,add,1000,0.919,167
stdmap_r3,add,1000,0.92,167
stdmap_r3,add,1000,0.921,167
stdmap_r3,add,1000,0.922,167
stdmap_r3,add,1000,0.923,167
stdmap_r3,add,1000,0.924,167
stdmap_r3,add,1000,0.925,167
stdmap_r3,add,1000,0.926,167
stdmap_r3,add,1000,0.927,167
stdmap_r3,add,1000,0.928,167
stdmap_r3,add,1000,0.929,167
stdmap_r3,add,1000,0.93,167
stdmap_r3,add,1000,0.931,167
stdmap_r3,add,1000,0.932,167
stdmap_r3,add,1000,0.933,167
stdmap_r3,add,1000,0.934,167
stdmap_r3,add,1000,0.935,167
stdmap_r3,add,1000,0.936,167
stdmap_r3,add,1000,0.937,167
stdmap_r3,add,1000,0.938,167
stdmap_r3,add,1000,0.939,167
stdmap_r3,add,1000,0.94,167
stdmap_r3,add,1000,0.941,167
stdmap_r3,add,1000,0.942,167
stdmap_r3,add,1000,0.943,167
stdmap_r3,add,1000,0.944,167
stdmap_r3,add,1000,0.945,167
stdmap_r3,add,1000,0.946,167
stdmap_r3,add,1000,0.947,167
stdmap_r3,add,1000,0.948,167
stdmap_r3,add,1000,0.949,167
stdmap_r3,add,1000,0.95,167
stdmap_r3,add,1000,0.951,167
stdmap_r3,add,1000,0.952,167
stdmap_r3,add,1000,0.953,167
stdmap_r3,add,1000,0.954,167
stdmap_r3,add,1000,0.955,167
stdmap_r3,add,1000,0.956,167
stdmap_r3,add,1000,0.957,167
stdmap_r3,add,1000,0.958,167
stdmap_r3,add,1000,0.959,167
stdmap_r3,add,1000,0.96,167
stdmap_r3,add,1000,0.961,167
stdmap_r3,add,1000,0.962,167
stdmap_r3,add,1000,0.963,167
stdmap_r3,add,1000,0.964,208
stdmap_r3,add,1000,0.965,208
stdmap_r3,add,1000,0.966,208
stdmap_r3,add,1000,0.967,208
stdmap_r3,add,1000,0.968,208
stdmap_r3,add,1000,0.969,208
stdmap_r3,add,1000,0.97,208
stdmap_r3,add,1000,0.971,208
stdmap_r3,add,1000,0.972,208
stdmap_r3,add,1000,0.973,208
stdmap_r3,add,1000,0.974,208
stdmap_r3,add,1000,0.975,208
stdmap_r3,add,1000,0.976,208
stdmap_r3,add,1000,0.977,208
stdmap_r3,add,1000,0.978,208
stdmap_r3,add,1000,0.979,208
stdmap_r3,add,1000,0.98,208
stdmap_r3,add,1000,0.981,208
stdmap_r3,add,1000,0.982,209
stdmap_r3,add,1000,0.983,209
stdmap_r3,add,1000,0.984,209
stdmap_r3,add,1000,0.985,209
stdmap_r3,add,1000,0.986,209
stdmap_r3,add,1000,0.987,209
stdmap_r3,add,1000,0.988,209
stdmap_r3,add,1000,0.989,209
stdmap_r3,add,1000,0.99,250
stdmap_r3,add,1000,0.991,250
stdmap_r3,add,1000,0.992,250
stdmap_r3,add,1000,0.993,250
stdmap_r3,add,1000,0.994,250
stdmap_r3,add,1000,0.995,291
stdmap_r3,add,1000,0.996,292
stdmap_r3,add,1000,0.997,333
stdmap_r3,add,1000,0.998,417
stdmap_r3,add,1000,0.999,584
stdmap_r3,cancel,1000,0,41
stdmap_r3,cancel,1000,0.001,42
stdmap_r3,cancel,1000,0.002,42
stdmap_r3,cancel,1000,0.003,83
stdmap_r3,cancel,1000,0.004,83
stdmap_r3,cancel,1000,0.005,83
stdmap_r3,cancel,1000,0.006,83
stdmap_r3,cancel,1000,0.007,83
stdmap_r3,cancel,1000,0.008,83
stdmap_r3,cancel,1000,0.009,83
stdmap_r3,cancel,1000,0.01,83
stdmap_r3,cancel,1000,0.011,83
stdmap_r3,cancel,1000,0.012,83
stdmap_r3,cancel,1000,0.013,83
stdmap_r3,cancel,1000,0.014,83
stdmap_r3,cancel,1000,0.015,83
stdmap_r3,cancel,1000,0.016,83
stdmap_r3,cancel,1000,0.017,83
stdmap_r3,cancel,1000,0.018,83
stdmap_r3,cancel,1000,0.019,83
stdmap_r3,cancel,1000,0.02,83
stdmap_r3,cancel,1000,0.021,83
stdmap_r3,cancel,1000,0.022,83
stdmap_r3,cancel,1000,0.023,83
stdmap_r3,cancel,1000,0.024,83
stdmap_r3,cancel,1000,0.025,83
stdmap_r3,cancel,1000,0.026,83
stdmap_r3,cancel,1000,0.027,83
stdmap_r3,cancel,1000,0.028,83
stdmap_r3,cancel,1000,0.029,83
stdmap_r3,cancel,1000,0.03,83
stdmap_r3,cancel,1000,0.031,83
stdmap_r3,cancel,1000,0.032,83
stdmap_r3,cancel,1000,0.033,83
stdmap_r3,cancel,1000,0.034,83
stdmap_r3,cancel,1000,0.035,83
stdmap_r3,cancel,1000,0.036,83
stdmap_r3,cancel,1000,0.037,83
stdmap_r3,cancel,1000,0.038,83
stdmap_r3,cancel,1000,0.039,83
stdmap_r3,cancel,1000,0.04,83
stdmap_r3,cancel,1000,0.041,83
stdmap_r3,cancel,1000,0.042,84
stdmap_r3,cancel,1000,0.043,84
stdmap_r3,cancel,1000,0.044,84
stdmap_r3,cancel,1000,0.045,84
stdmap_r3,cancel,1000,0.046,84
stdmap_r3,cancel,1000,0.047,84
stdmap_r3,cancel,1000,0.048,84
stdmap_r3,cancel,1000,0.049,84
stdmap_r3,cancel,1000,0.05,84
stdmap_r3,cancel,1000,0.051,84
stdmap_r3,cancel,1000,0.052,84
stdmap_r3,cancel,1000,0.053,84
stdmap_r3,cancel,1000,0.054,84
stdmap_r3,cancel,1000,0.055,84
stdmap_r3,cancel,1000,0.056,84
stdmap_r3,cancel,1000,0.057,84
stdmap_r3,cancel,1000,0.058,84
stdmap_r3,cancel,1000,0.059,84
stdmap_r3,cancel,1000,0.06,125
stdmap_r3,cancel,1000,0.061,125
stdmap_r3,cancel,1000,0.062,125
stdmap_r3,cancel,1000,0.063,125
stdmap_r3,cancel,1000,0.064,125
stdmap_r3,cancel,1000,0.065,125
stdmap_r3,cancel,1000,0.066,125
stdmap_r3,cancel,1000,0.067,125
stdmap_r3,cancel,1000,0.068,125
stdmap_r3,cancel,1000,0.069,125
stdmap_r3,cancel,1000,0.07,125
stdmap_r3,cancel,1000,0.071,125
stdmap_r3,cancel,1000,0.072,125
stdmap_r3,cancel,1000,0.073,125
stdmap_r3,cancel,1000,0.074,125
stdmap_r3,cancel,1000,0.075,125
stdmap_r3,cancel,1000,0.076,125
stdmap_r3,cancel,1000,0.077,125
stdmap_r3,cancel,1000,0.078,125
stdmap_r3,cancel,1000,0.079,125
stdmap_r3,cancel,1000,0.08,125
stdmap_r3,cancel,1000,0.081,125
stdmap_r3,cancel,1000,0.082,125
stdmap_r3,cancel,1000,0.083,125
stdmap_r3,cancel,1000,0.084,125
stdmap_r3,cancel,1000,0.085,125
stdmap_r3,cancel,1000,0.086,125
stdmap_r3,cancel,1000,0.087,125
stdmap_r3,cancel,1000,0.088,125
stdmap_r3,cancel,1000,0.089,125
stdmap_r3,cancel,1000,0.09,125
stdmap_r3,cancel,1000,0.091,125
stdmap_r3,cancel,1000,0.092,125
stdmap_r3,cancel,1000,0.093,125
stdmap_r3,cancel,1000,0.094,125
stdmap_r3,cancel,1000,0.095,125
stdmap_r3,cancel,1000,0.096,125
stdmap_r3,cancel,1000,0.097,125
stdmap_r3,cancel,1000,0.098,125
stdmap_r3,cancel,1000,0.099,125
stdmap_r3,cancel,1000,0.1,125
stdmap_r3,cancel,1000,0.101,125
stdmap_r3,cancel,1000,0.102,125
stdmap_r3,cancel,1000,0.103,125
stdmap_r3,cancel,1000,0.104,125
stdmap_r3,cancel,1000,0.105,125
stdmap_r3,cancel,1000,0.106,125
stdmap_r3,cancel,1000,0.107,125
stdmap_r3,cancel,1000,0.108,125
stdmap_r3,cancel,1000,0.109,125
stdmap_r3,cancel,1000,0.11,125
stdmap_r3,cancel,1000,0.111,125
stdmap_r3,cancel,1000,0.112,125
stdmap_r3,cancel,1000,0.113,125
stdmap_r3,cancel,1000,0.114,125
stdmap_r3,cancel,1000,0.115,125
stdmap_r3,cancel,1000,0.116,125
stdmap_r3,cancel,1000,0.117,125
stdmap_r3,cancel,1000,0.118,125
stdmap_r3,cancel,1000,0.119,125
stdmap_r3,cancel,1000,0.12,125
stdmap_r3,cancel,1000,0.121,125
stdmap_r3,cancel,1000,0.122,125
stdmap_r3,cancel,1000,0.123,125
stdmap_r3,cancel,1000,0.124,125
stdmap_r3,cancel,1000,0.125,125
stdmap_r3,cancel,1000,0.126,125
stdmap_r3,cancel,1000,0.127,125
stdmap_r3,cancel,1000,0.128,125
stdmap_r3,cancel,1000,0.129,125
stdmap_r3,cancel,1000,0.13,125
stdmap_r3,cancel,1000,0.131,125
stdmap_r3,cancel,1000,0.132,125
stdmap_r3,cancel,1000,0.133,125
stdmap_r3,cancel,1000,0.134,125
stdmap_r3,cancel,1000,0.135,125
stdmap_r3,cancel,1000,0.136,125
stdmap_r3,cancel,1000,0.137,125
stdmap_r3,cancel,1000,0.138,125
stdmap_r3,cancel,1000,0.139,125
stdmap_r3,cancel,1000,0.14,125
stdmap_r3,cancel,1000,0.141,125
stdmap_r3,cancel,1000,0.142,125
stdmap_r3,cancel,1000,0.143,125
stdmap_r3,cancel,1000,0.144,125
stdmap_r3,cancel,1000,0.145,125
stdmap_r3,cancel,1000,0.146,125
stdmap_r3,cancel,1000,0.147,125
stdmap_r3,cancel,1000,0.148,125
stdmap_r3,cancel,1000,0.149,125
stdmap_r3,cancel,1000,0.15,125
stdmap_r3,cancel,1000,0.151,125
stdmap_r3,cancel,1000,0.152,125
stdmap_r3,cancel,1000,0.153,125
stdmap_r3,cancel,1000,0.154,125
stdmap_r3,cancel,1000,0.155,125
stdmap_r3,cancel,1000,0.156,125
stdmap_r3,cancel,1000,0.157,125
stdmap_r3,cancel,1000,0.158,125
stdmap_r3,cancel,1000,0.159,125
stdmap_r3,cancel,1000,0.16,125
stdmap_r3,cancel,1000,0.161,125
stdmap_r3,cancel,1000,0.162,125
stdmap_r3,cancel,1000,0.163,125
stdmap_r3,cancel,1000,0.164,125
stdmap_r3,cancel,1000,0.165,125
stdmap_r3,cancel,1000,0.166,125
stdmap_r3,cancel,1000,0.167,125
stdmap_r3,cancel,1000,0.168,125
stdmap_r3,cancel,1000,0.169,125
stdmap_r3,cancel,1000,0.17,125
stdmap_r3,cancel,1000,0.171,125
stdmap_r3,cancel,1000,0.172,125
stdmap_r3,cancel,1000,0.173,125
stdmap_r3,cancel,1000,0.174,125
stdmap_r3,cancel,1000,0.175,125
stdmap_r3,cancel,1000,0.176,125
stdmap_r3,cancel,1000,0.177,125
stdmap_r3,cancel,1000,0.178,125
stdmap_r3,cancel,1000,0.179,125
stdmap_r3,cancel,1000,0.18,125
stdmap_r3,cancel,1000,0.181,125
stdmap_r3,cancel,1000,0.182,125
stdmap_r3,cancel,1000,0.183,125
stdmap_r3,cancel,1000,0.184,125
stdmap_r3,cancel,1000,0.185,125
stdmap_r3,cancel,1000,0.186,125
stdmap_r3,cancel,1000,0.187,125
stdmap_r3,cancel,1000,0.188,125
stdmap_r3,cancel,1000,0.189,125
stdmap_r3,cancel,1000,0.19,125
stdmap_r3,cancel,1000,0.191,125
stdmap_r3,cancel,1000,0.192,125
stdmap_r3,cancel,1000,0.193,125
stdmap_r3,cancel,1000,0.194,125
stdmap_r3,cancel,1000,0.195,125
stdmap_r3,cancel,1000,0.196,125
stdmap_r3,cancel,1000,0.197,125
stdmap_r3,cancel,1000,0.198,125
stdmap_r3,cancel,1000,0.199,125
stdmap_r3,cancel,1000,0.2,125
stdmap_r3,cancel,1000,0.201,125
stdmap_r3,cancel,1000,0.202,125
stdmap_r3,cancel,1000,0.203,125
stdmap_r3,cancel,1000,0.204,125
stdmap_r3,cancel,1000,0.205,125
stdmap_r3,cancel,1000,0.206,125
stdmap_r3,cancel,1000,0.207,125
stdmap_r3,cancel,1000,0.208,125
stdmap_r3,cancel,1000,0.209,125
stdmap_r3,cancel,1000,0.21,125
stdmap_r3,cancel,1000,0.211,125
stdmap_r3,cancel,1000,0.212,125
stdmap_r3,cancel,1000,0.213,125
stdmap_r3,cancel,1000,0.214,125
stdmap_r3,cancel,1000,0.215,125
stdmap_r3,cancel,1000,0.216,125
stdmap_r3,cancel,1000,0.217,125
stdmap_r3,cancel,1000,0.218,125
stdmap_r3,cancel,1000,0.219,125
stdmap_r3,cancel,1000,0.22,125
stdmap_r3,cancel,1000,0.221,125
stdmap_r3,cancel,1000,0.222,125
stdmap_r3,cancel,1000,0.223,125
stdmap_r3,cancel,1000,0.224,125
stdmap_r3,cancel,1000,0.225,125
stdmap_r3,cancel,1000,0.226,125
stdmap_r3,cancel,1000,0.227,125
stdmap_r3,cancel,1000,0.228,125
stdmap_r3,cancel,1000,0.229,125
stdmap_r3,cancel,1000,0.23,125
stdmap_r3,cancel,1000,0.231,125
stdmap_r3,cancel,1000,0.232,125
stdmap_r3,cancel,1000,0.233,125
stdmap_r3,cancel,1000,0.234,125
stdmap_r3,cancel,1000,0.235,125
stdmap_r3,cancel,1000,0.236,125
stdmap_r3,cancel,1000,0.237,125
stdmap_r3,cancel,1000,0.238,125
stdmap_r3,cancel,1000,0.239,125
stdmap_r3,cancel,1000,0.24,125
stdmap_r3,cancel,1000,0.241,125
stdmap_r3,cancel,1000,0.242,125
stdmap_r3,cancel,1000,0.243,125
stdmap_r3,cancel,1000,0.244,125
stdmap_r3,cancel,1000,0.245,125
stdmap_r3,cancel,1000,0.246,125
stdmap_r3,cancel,1000,0.247,125
stdmap_r3,cancel,1000,0.248,125
stdmap_r3,cancel,1000,0.249,125
stdmap_r3,cancel,1000,0.25,125
stdmap_r3,cancel,1000,0.251,125
stdmap_r3,cancel,1000,0.252,125
stdmap_r3,cancel,1000,0.253,125
stdmap_r3,cancel,1000,0.254,125
stdmap_r3,cancel,1000,0.255,125
stdmap_r3,cancel,1000,0.256,125
stdmap_r3,cancel,1000,0.257,125
stdmap_r3,cancel,1000,0.258,125
stdmap_r3,cancel,1000,0.259,125
stdmap_r3,cancel,1000,0.26,125
stdmap_r3,cancel,1000,0.261,125
stdmap_r3,cancel,1000,0.262,125
stdmap_r3,cancel,1000,0.263,125
stdmap_r3,cancel,1000,0.264,125
stdmap_r3,cancel,1000,0.265,125
stdmap_r3,cancel,1000,0.266,125
stdmap_r3,cancel,1000,0.267,125
stdmap_r3,cancel,1000,0.268,125
stdmap_r3,cancel,1000,0.269,125
stdmap_r3,cancel,1000,0.27,125
stdmap_r3,cancel,1000,0.271,125
stdmap_r3,cancel,1000,0.272,125
stdmap_r3,cancel,1000,0.273,125
stdmap_r3,cancel,1000,0.274,125
stdmap_r3,cancel,1000,0.275,125
stdmap_r3,cancel,1000,0.276,125
stdmap_r3,cancel,1000,0.277,125
stdmap_r3,cancel,1000,0.278,125
stdmap_r3,cancel,1000,0.279,125
stdmap_r3,cancel,1000,0.28,125
stdmap_r3,cancel,1000,0.281,125
stdmap_r3,cancel,1000,0.282,125
stdmap_r3,cancel,1000,0.283,125
stdmap_r3,cancel,1000,0.284,125
stdmap_r3,cancel,1000,0.285,125
stdmap_r3,cancel,1000,0.286,125
stdmap_r3,cancel,1000,0.287,125
stdmap_r3,cancel,1000,0.288,125
stdmap_r3,cancel,1000,0.289,125
stdmap_r3,cancel,1000,0.29,125
stdmap_r3,cancel,1000,0.291,125
stdmap_r3,cancel,1000,0.292,125
stdmap_r3,cancel,1000,0.293,125
stdmap_r3,cancel,1000,0.294,125
stdmap_r3,cancel,1000,0.295,125
stdmap_r3,cancel,1000,0.296,125
stdmap_r3,cancel,1000,0.297,125
stdmap_r3,cancel,1000,0.298,125
stdmap_r3,cancel,1000,0.299,125
stdmap_r3,cancel,1000,0.3,125
stdmap_r3,cancel,1000,0.301,125
stdmap_r3,cancel,1000,0.302,125
stdmap_r3,cancel,1000,0.303,125
stdmap_r3,cancel,1000,0.304,125
stdmap_r3,cancel,1000,0.305,125
stdmap_r3,cancel,1000,0.306,125
stdmap_r3,cancel,1000,0.307,125
stdmap_r3,cancel,1000,0.308,125
stdmap_r3,cancel,1000,0.309,125
stdmap_r3,cancel,1000,0.31,125
stdmap_r3,cancel,1000,0.311,125
stdmap_r3,cancel,1000,0.312,125
stdmap_r3,cancel,1000,0.313,125
stdmap_r3,cancel,1000,0.314,125
stdmap_r3,cancel,1000,0.315,125
stdmap_r3,cancel,1000,0.316,125
stdmap_r3,cancel,1000,0.317,125
stdmap_r3,cancel,1000,0.318,125
stdmap_r3,cancel,1000,0.319,125
stdmap_r3,cancel,1000,0.32,125
stdmap_r3,cancel,1000,0.321,125
stdmap_r3,cancel,1000,0.322,125
stdmap_r3,cancel,1000,0.323,125
stdmap_r3,cancel,1000,0.324,125
stdmap_r3,cancel,1000,0.325,125
stdmap_r3,cancel,1000,0.326,125
stdmap_r3,cancel,1000,0.327,125
stdmap_r3,cancel,1000,0.328,125
stdmap_r3,cancel,1000,0.329,125
stdmap_r3,cancel,1000,0.33,125
stdmap_r3,cancel,1000,0.331,125
stdmap_r3,cancel,1000,0.332,125
stdmap_r3,cancel,1000,0.333,125
stdmap_r3,cancel,1000,0.334,125
stdmap_r3,cancel,1000,0.335,125
stdmap_r3,cancel,1000,0.336,125
stdmap_r3,cancel,1000,0.337,125
stdmap_r3,cancel,1000,0.338,125
stdmap_r3,cancel,1000,0.339,125
stdmap_r3,cancel,1000,0.34,125
stdmap_r3,cancel,1000,0.341,125
stdmap_r3,cancel,1000,0.342,125
stdmap_r3,cancel,1000,0.343,125
stdmap_r3,cancel,1000,0.344,125
stdmap_r3,cancel,1000,0.345,125
stdmap_r3,cancel,1000,0.346,125
stdmap_r3,cancel,1000,0.347,125
stdmap_r3,cancel,1000,0.348,125
stdmap_r3,cancel,1000,0.349,125
stdmap_r3,cancel,1000,0.35,125
stdmap_r3,cancel,1000,0.351,125
stdmap_r3,cancel,1000,0.352,125
stdmap_r3,cancel,1000,0.353,125
stdmap_r3,cancel,1000,0.354,125
stdmap_r3,cancel,1000,0.355,125
stdmap_r3,cancel,1000,0.356,125
stdmap_r3,cancel,1000,0.357,125
stdmap_r3,cancel,1000,0.358,125
stdmap_r3,cancel,1000,0.359,125
stdmap_r3,cancel,1000,0.36,125
stdmap_r3,cancel,1000,0.361,125
stdmap_r3,cancel,1000,0.362,125
stdmap_r3,cancel,1000,0.363,166
stdmap_r3,cancel,1000,0.364,166
stdmap_r3,cancel,1000,0.365,166
stdmap_r3,cancel,1000,0.366,166
stdmap_r3,cancel,1000,0.367,166
stdmap_r3,cancel,1000,0.368,166
stdmap_r3,cancel,1000,0.369,166
stdmap_r3,cancel,1000,0.37,166
stdmap_r3,cancel,1000,0.371,166
stdmap_r3,cancel,1000,0.372,166
stdmap_r3,cancel,1000,0.373,166
stdmap_r3,cancel,1000,0.374,166
stdmap_r3,cancel,1000,0.375,166
stdmap_r3,cancel,1000,0.376,166
stdmap_r3,cancel,1000,0.377,166
stdmap_r3,cancel,1000,0.378,166
stdmap_r3,cancel,1000,0.379,166
stdmap_r3,cancel,1000,0.38,166
stdmap_r3,cancel,1000,0.381,166
stdmap_r3,cancel,1000,0.382,166
stdmap_r3,cancel,1000,0.383,166
stdmap_r3,cancel,1000,0.384,166
stdmap_r3,cancel,1000,0.385,166
stdmap_r3,cancel,1000,0.386,166
stdmap_r3,cancel,1000,0.387,166
stdmap_r3,cancel,1000,0.388,166
stdmap_r3,cancel,1000,0.389,166
stdmap_r3,cancel,1000,0.39,166
stdmap_r3,cancel,1000,0.391,166
stdmap_r3,cancel,1000,0.392,166
stdmap_r3,cancel,1000,0.393,166
stdmap_r3,cancel,1000,0.394,166
stdmap_r3,cancel,1000,0.395,166
stdmap_r3,cancel,1000,0.396,166
stdmap_r3,cancel,1000,0.397,166
stdmap_r3,cancel,1000,0.398,166
stdmap_r3,cancel,1000,0.399,166
stdmap_r3,cancel,1000,0.4,166
stdmap_r3,cancel,1000,0.401,166
stdmap_r3,cancel,1000,0.402,166
stdmap_r3,cancel,1000,0.403,166
stdmap_r3,cancel,1000,0.404,166
stdmap_r3,cancel,1000,0.405,166
stdmap_r3,cancel,1000,0.406,166
stdmap_r3,cancel,1000,0.407,166
stdmap_r3,cancel,1000,0.408,166
stdmap_r3,cancel,1000,0.409,166
stdmap_r3,cancel,1000,0.41,166
stdmap_r3,cancel,1000,0.411,166
stdmap_r3,cancel,1000,0.412,166
stdmap_r3,cancel,1000,0.413,166
stdmap_r3,cancel,1000,0.414,166
stdmap_r3,cancel,1000,0.415,166
stdmap_r3,cancel,1000,0.416,166
stdmap_r3,cancel,1000,0.417,166
stdmap_r3,cancel,1000,0.418,166
stdmap_r3,cancel,1000,0.419,166
stdmap_r3,cancel,1000,0.42,166
stdmap_r3,cancel,1000,0.421,166
stdmap_r3,cancel,1000,0.422,166
stdmap_r3,cancel,1000,0.423,166
stdmap_r3,cancel,1000,0.424,166
stdmap_r3,cancel,1000,0.425,166
stdmap_r3,cancel,1000,0.426,166
stdmap_r3,cancel,1000,0.427,166
stdmap_r3,cancel,1000,0.428,166
stdmap_r3,cancel,1000,0.429,166
stdmap_r3,cancel,1000,0.43,166
stdmap_r3,cancel,1000,0.431,166
stdmap_r3,cancel,1000,0.432,166
stdmap_r3,cancel,1000,0.433,166
stdmap_r3,cancel,1000,0.434,166
stdmap_r3,cancel,1000,0.435,166
stdmap_r3,cancel,1000,0.436,166
stdmap_r3,cancel,1000,0.437,166
stdmap_r3,cancel,1000,0.438,166
stdmap_r3,cancel,1000,0.439,166
stdmap_r3,cancel,1000,0.44,166
stdmap_r3,cancel,1000,0.441,166
stdmap_r3,cancel,1000,0.442,166
stdmap_r3,cancel,1000,0.443,166
stdmap_r3,cancel,1000,0.444,166
stdmap_r3,cancel,1000,0.445,166
stdmap_r3,cancel,1000,0.446,166
stdmap_r3,cancel,1000,0.447,166
stdmap_r3,cancel,1000,0.448,166
stdmap_r3,cancel,1000,0.449,166
stdmap_r3,cancel,1000,0.45,166
stdmap_r3,cancel,1000,0.451,166
stdmap_r3,cancel,1000,0.452,166
stdmap_r3,cancel,1000,0.453,166
stdmap_r3,cancel,1000,0.454,166
stdmap_r3,cancel,1000,0.455,166
stdmap_r3,cancel,1000,0.456,166
stdmap_r3,cancel,1000,0.457,166
stdmap_r3,cancel,1000,0.458,166
stdmap_r3,cancel,1000,0.459,166
stdmap_r3,cancel,1000,0.46,166
stdmap_r3,cancel,1000,0.461,166
stdmap_r3,cancel,1000,0.462,166
stdmap_r3,cancel,1000,0.463,166
stdmap_r3,cancel,1000,0.464,166
stdmap_r3,cancel,1000,0.465,166
stdmap_r3,cancel,1000,0.466,166
stdmap_r3,cancel,1000,0.467,166
stdmap_r3,cancel,1000,0.468,166
stdmap_r3,cancel,1000,0.469,166
stdmap_r3,cancel,1000,0.47,166
stdmap_r3,cancel,1000,0.471,166
stdmap_r3,cancel,1000,0.472,166
stdmap_r3,cancel,1000,0.473,166
stdmap_r3,cancel,1000,0.474,166
stdmap_r3,cancel,1000,0.475,166
stdmap_r3,cancel,1000,0.476,166
stdmap_r3,cancel,1000,0.477,166
stdmap_r3,cancel,1000,0.478,166
stdmap_r3,cancel,1000,0.479,166
stdmap_r3,cancel,1000,0.48,166
stdmap_r3,cancel,1000,0.481,166
stdmap_r3,cancel,1000,0.482,166
stdmap_r3,cancel,1000,0.483,166
stdmap_r3,cancel,1000,0.484,166
stdmap_r3,cancel,1000,0.485,166
stdmap_r3,cancel,1000,0.486,166
stdmap_r3,cancel,1000,0.487,166
stdmap_r3,cancel,1000,0.488,166
stdmap_r3,cancel,1000,0.489,166
stdmap_r3,cancel,1000,0.49,166
stdmap_r3,cancel,1000,0.491,166
stdmap_r3,cancel,1000,0.492,166
stdmap_r3,cancel,1000,0.493,166
stdmap_r3,cancel,1000,0.494,166
stdmap_r3,cancel,1000,0.495,166
stdmap_r3,cancel,1000,0.496,166
stdmap_r3,cancel,1000,0.497,166
stdmap_r3,cancel,1000,0.498,166
stdmap_r3,cancel,1000,0.499,166
stdmap_r3,cancel,1000,0.5,166
stdmap_r3,cancel,1000,0.501,166
stdmap_r3,cancel,1000,0.502,166
stdmap_r3,cancel,1000,0.503,166
stdmap_r3,cancel,1000,0.504,166
stdmap_r3,cancel,1000,0.505,166
stdmap_r3,cancel,1000,0.506,167
stdmap_r3,cancel,1000,0.507,167
stdmap_r3,cancel,1000,0.508,167
stdmap_r3,cancel,1000,0.509,167
stdmap_r3,cancel,1000,0.51,167
stdmap_r3,cancel,1000,0.511,167
stdmap_r3,cancel,1000,0.512,167
stdmap_r3,cancel,1000,0.513,167
stdmap_r3,cancel,1000,0.514,167
stdmap_r3,cancel,1000,0.515,167
stdmap_r3,cancel,1000,0.516,167
stdmap_r3,cancel,1000,0.517,167
stdmap_r3,cancel,1000,0.518,167
stdmap_r3,cancel,1000,0.519,167
stdmap_r3,cancel,1000,0.52,167
stdmap_r3,cancel,1000,0.521,167
stdmap_r3,cancel,1000,0.522,167
stdmap_r3,cancel,1000,0.523,167
stdmap_r3,cancel,1000,0.524,167
stdmap_r3,cancel,1000,0.525,167
stdmap_r3,cancel,1000,0.526,167
stdmap_r3,cancel,1000,0.527,167
stdmap_r3,cancel,1000,0.528,167
stdmap_r3,cancel,1000,0.529,167
stdmap_r3,cancel,1000,0.53,167
stdmap_r3,cancel,1000,0.531,167
stdmap_r3,cancel,1000,0.532,167
stdmap_r3,cancel,1000,0.533,167
stdmap_r3,cancel,1000,0.534,167
stdmap_r3,cancel,1000,0.535,167
stdmap_r3,cancel,1000,0.536,167
stdmap_r3,cancel,1000,0.537,167
stdmap_r3,cancel,1000,0.538,167
stdmap_r3,cancel,1000,0.539,167
stdmap_r3,cancel,1000,0.54,167
stdmap_r3,cancel,1000,0.541,167
stdmap_r3,cancel,1000,0.542,167
stdmap_r3,cancel,1000,0.543,167
stdmap_r3,cancel,1000,0.544,167
stdmap_r3,cancel,1000,0.545,167
stdmap_r3,cancel,1000,0.546,167
stdmap_r3,cancel,1000,0.547,167
stdmap_r3,cancel,1000,0.548,167
stdmap_r3,cancel,1000,0.549,167
stdmap_r3,cancel,1000,0.55,167
stdmap_r3,cancel,1000,0.551,167
stdmap_r3,cancel,1000,0.552,167
stdmap_r3,cancel,1000,0.553,167
stdmap_r3,cancel,1000,0.554,167
stdmap_r3,cancel,1000,0.555,167
stdmap_r3,cancel,1000,0.556,167
stdmap_r3,cancel,1000,0.557,167
stdmap_r3,cancel,1000,0.558,167
stdmap_r3,cancel,1000,0.559,167
stdmap_r3,cancel,1000,0.56,167
stdmap_r3,cancel,1000,0.561,167
stdmap_r3,cancel,1000,0.562,167
stdmap_r3,cancel,1000,0.563,167
stdmap_r3,cancel,1000,0.564,167
stdmap_r3,cancel,1000,0.565,167
stdmap_r3,cancel,1000,0.566,167
stdmap_r3,cancel,1000,0.567,167
stdmap_r3,cancel,1000,0.568,167
stdmap_r3,cancel,1000,0.569,167
stdmap_r3,cancel,1000,0.57,167
stdmap_r3,cancel,1000,0.571,167
stdmap_r3,cancel,1000,0.572,167
stdmap_r3,cancel,1000,0.573,167
stdmap_r3,cancel,1000,0.574,167
stdmap_r3,cancel,1000,0.575,167
stdmap_r3,cancel,1000,0.576,167
stdmap_r3,cancel,1000,0.577,167
stdmap_r3,cancel,1000,0.578,167
stdmap_r3,cancel,1000,0.579,167
stdmap_r3,cancel,1000,0.58,167
stdmap_r3,cancel,1000,0.581,167
stdmap_r3,cancel,1000,0.582,167
stdmap_r3,cancel,1000,0.583,167
stdmap_r3,cancel,1000,0.584,167
stdmap_r3,cancel,1000,0.585,167
stdmap_r3,cancel,1000,0.586,167
stdmap_r3,cancel,1000,0.587,167
stdmap_r3,cancel,1000,0.588,167
stdmap_r3,cancel,1000,0.589,167
stdmap_r3,cancel,1000,0.59,167
stdmap_r3,cancel,1000,0.591,167
stdmap_r3,cancel,1000,0.592,167
stdmap_r3,cancel,1000,0.593,167
stdmap_r3,cancel,1000,0.594,167
stdmap_r3,cancel,1000,0.595,167
stdmap_r3,cancel,1000,0.596,167
stdmap_r3,cancel,1000,0.597,167
stdmap_r3,cancel,1000,0.598,167
stdmap_r3,cancel,1000,0.599,167
stdmap_r3,cancel,1000,0.6,167
stdmap_r3,cancel,1000,0.601,167
stdmap_r3,cancel,1000,0.602,167
stdmap_r3,cancel,1000,0.603,167
stdmap_r3,cancel,1000,0.604,167
stdmap_r3,cancel,1000,0.605,167
stdmap_r3,cancel,1000,0.606,167
stdmap_r3,cancel,1000,0.607,167
stdmap_r3,cancel,1000,0.608,167
stdmap_r3,cancel,1000,0.609,167
stdmap_r3,cancel,1000,0.61,167
stdmap_r3,cancel,1000,0.611,167
stdmap_r3,cancel,1000,0.612,167
stdmap_r3,cancel,1000,0.613,167
stdmap_r3,cancel,1000,0.614,167
stdmap_r3,cancel,1000,0.615,167
stdmap_r3,cancel,1000,0.616,167
stdmap_r3,cancel,1000,0.617,167
stdmap_r3,cancel,1000,0.618,167
stdmap_r3,cancel,1000,0.619,167
stdmap_r3,cancel,1000,0.62,167
stdmap_r3,cancel,1000,0.621,167
stdmap_r3,cancel,1000,0.622,167
stdmap_r3,cancel,1000,0.623,167
stdmap_r3,cancel,1000,0.624,167
stdmap_r3,cancel,1000,0.625,167
stdmap_r3,cancel,1000,0.626,167
stdmap_r3,cancel,1000,0.627,167
stdmap_r3,cancel,1000,0.628,167
stdmap_r3,cancel,1000,0.629,167
stdmap_r3,cancel,1000,0.63,167
stdmap_r3,cancel,1000,0.631,167
stdmap_r3,cancel,1000,0.632,167
stdmap_r3,cancel,1000,0.633,167
stdmap_r3,cancel,1000,0.634,167
stdmap_r3,cancel,1000,0.635,167
stdmap_r3,cancel,1000,0.636,167
stdmap_r3,cancel,1000,0.637,167
stdmap_r3,cancel,1000,0.638,167
stdmap_r3,cancel,1000,0.639,167
stdmap_r3,cancel,1000,0.64,167
stdmap_r3,cancel,1000,0.641,167
stdmap_r3,cancel,1000,0.642,167
stdmap_r3,cancel,1000,0.643,167
stdmap_r3,cancel,1000,0.644,167
stdmap_r3,cancel,1000,0.645,167
stdmap_r3,cancel,1000,0.646,167
stdmap_r3,cancel,1000,0.647,167
stdmap_r3,cancel,1000,0.648,167
stdmap_r3,cancel,1000,0.649,167
stdmap_r3,cancel,1000,0.65,167
stdmap_r3,cancel,1000,0.651,167
stdmap_r3,cancel,1000,0.652,167
stdmap_r3,cancel,1000,0.653,167
stdmap_r3,cancel,1000,0.654,167
stdmap_r3,cancel,1000,0.655,167
stdmap_r3,cancel,1000,0.656,167
stdmap_r3,cancel,1000,0.657,167
stdmap_r3,cancel,1000,0.658,167
stdmap_r3,cancel,1000,0.659,167
stdmap_r3,cancel,1000,0.66,167
stdmap_r3,cancel,1000,0.661,167
stdmap_r3,cancel,1000,0.662,167
stdmap_r3,cancel,1000,0.663,167
stdmap_r3,cancel,1000,0.664,167
stdmap_r3,cancel,1000,0.665,167
stdmap_r3,cancel,1000,0.666,167
stdmap_r3,cancel,1000,0.667,167
stdmap_r3,cancel,1000,0.668,167
stdmap_r3,cancel,1000,0.669,167
stdmap_r3,cancel,1000,0.67,167
stdmap_r3,cancel,1000,0.671,167
stdmap_r3,cancel,1000,0.672,167
stdmap_r3,cancel,1000,0.673,167
stdmap_r3,cancel,1000,0.674,167
stdmap_r3,cancel,1000,0.675,167
stdmap_r3,cancel,1000,0.676,167
stdmap_r3,cancel,1000,0.677,167
stdmap_r3,cancel,1000,0.678,167
stdmap_r3,cancel,1000,0.679,167
stdmap_r3,cancel,1000,0.68,167
stdmap_r3,cancel,1000,0.681,167
stdmap_r3,cancel,1000,0.682,167
stdmap_r3,cancel,1000,0.683,167
stdmap_r3,cancel,1000,0.684,167
stdmap_r3,cancel,1000,0.685,167
stdmap_r3,cancel,1000,0.686,167
stdmap_r3,cancel,1000,0.687,167
stdmap_r3,cancel,1000,0.688,167
stdmap_r3,cancel,1000,0.689,167
stdmap_r3,cancel,1000,0.69,167
stdmap_r3,cancel,1000,0.691,167
stdmap_r3,cancel,1000,0.692,167
stdmap_r3,cancel,1000,0.693,167
stdmap_r3,cancel,1000,0.694,167
stdmap_r3,cancel,1000,0.695,167
stdmap_r3,cancel,1000,0.696,167
stdmap_r3,cancel,1000,0.697,167
stdmap_r3,cancel,1000,0.698,167
stdmap_r3,cancel,1000,0.699,167
stdmap_r3,cancel,1000,0.7,167
stdmap_r3,cancel,1000,0.701,167
stdmap_r3,cancel,1000,0.702,167
stdmap_r3,cancel,1000,0.703,167
stdmap_r3,cancel,1000,0.704,167
stdmap_r3,cancel,1000,0.705,167
stdmap_r3,cancel,1000,0.706,167
stdmap_r3,cancel,1000,0.707,167
stdmap_r3,cancel,1000,0.708,167
stdmap_r3,cancel,1000,0.709,167
stdmap_r3,cancel,1000,0.71,167
stdmap_r3,cancel,1000,0.711,167
stdmap_r3,cancel,1000,0.712,167
stdmap_r3,cancel,1000,0.713,167
stdmap_r3,cancel,1000,0.714,167
stdmap_r3,cancel,1000,0.715,167
stdmap_r3,cancel,1000,0.716,167
stdmap_r3,cancel,1000,0.717,167
stdmap_r3,cancel,1000,0.718,167
stdmap_r3,cancel,1000,0.719,167
stdmap_r3,cancel,1000,0.72,167
stdmap_r3,cancel,1000,0.721,167
stdmap_r3,cancel,1000,0.722,167
stdmap_r3,cancel,1000,0.723,167
stdmap_r3,cancel,1000,0.724,167
stdmap_r3,cancel,1000,0.725,167
stdmap_r3,cancel,1000,0.726,167
stdmap_r3,cancel,1000,0.727,167
stdmap_r3,cancel,1000,0.728,167
stdmap_r3,cancel,1000,0.729,167
stdmap_r3,cancel,1000,0.73,167
stdmap_r3,cancel,1000,0.731,167
stdmap_r3,cancel,1000,0.732,167
stdmap_r3,cancel,1000,0.733,167
stdmap_r3,cancel,1000,0.734,167
stdmap_r3,cancel,1000,0.735,167
stdmap_r3,cancel,1000,0.736,167
stdmap_r3,cancel,1000,0.737,167
stdmap_r3,cancel,1000,0.738,167
stdmap_r3,cancel,1000,0.739,167
stdmap_r3,cancel,1000,0.74,167
stdmap_r3,cancel,1000,0.741,167
stdmap_r3,cancel,1000,0.742,167
stdmap_r3,cancel,1000,0.743,167
stdmap_r3,cancel,1000,0.744,167
stdmap_r3,cancel,1000,0.745,167
stdmap_r3,cancel,1000,0.746,167
stdmap_r3,cancel,1000,0.747,167
stdmap_r3,cancel,1000,0.748,167
stdmap_r3,cancel,1000,0.749,167
stdmap_r3,cancel,1000,0.75,167
stdmap_r3,cancel,1000,0.751,167
stdmap_r3,cancel,1000,0.752,167
stdmap_r3,cancel,1000,0.753,167
stdmap_r3,cancel,1000,0.754,167
stdmap_r3,cancel,1000,0.755,167
stdmap_r3,cancel,1000,0.756,167
stdmap_r3,cancel,1000,0.757,167
stdmap_r3,cancel,1000,0.758,167
stdmap_r3,cancel,1000,0.759,167
stdmap_r3,cancel,1000,0.76,167
stdmap_r3,cancel,1000,0.761,167
stdmap_r3,cancel,1000,0.762,167
stdmap_r3,cancel,1000,0.763,167
stdmap_r3,cancel,1000,0.764,167
stdmap_r3,cancel,1000,0.765,167
stdmap_r3,cancel,1000,0.766,167
stdmap_r3,cancel,1000,0.767,167
stdmap_r3,cancel,1000,0.768,167
stdmap_r3,cancel,1000,0.769,167
stdmap_r3,cancel,1000,0.77,167
stdmap_r3,cancel,1000,0.771,167
stdmap_r3,cancel,1000,0.772,167
stdmap_r3,cancel,1000,0.773,167
stdmap_r3,cancel,1000,0.774,167
stdmap_r3,cancel,1000,0.775,167
stdmap_r3,cancel,1000,0.776,167
stdmap_r3,cancel,1000,0.777,167
stdmap_r3,cancel,1000,0.778,167
stdmap_r3,cancel,1000,0.779,167
stdmap_r3,cancel,1000,0.78,167
stdmap_r3,cancel,1000,0.781,167
stdmap_r3,cancel,1000,0.782,167
stdmap_r3,cancel,1000,0.783,167
stdmap_r3,cancel,1000,0.784,167
stdmap_r3,cancel,1000,0.785,167
stdmap_r3,cancel,1000,0.786,167
stdmap_r3,cancel,1000,0.787,167
stdmap_r3,cancel,1000,0.788,167
stdmap_r3,cancel,1000,0.789,167
stdmap_r3,cancel,1000,0.79,208
stdmap_r3,cancel,1000,0.791,208
stdmap_r3,cancel,1000,0.792,208
stdmap_r3,cancel,1000,0.793,208
stdmap_r3,cancel,1000,0.794,208
stdmap_r3,cancel,1000,0.795,208
stdmap_r3,cancel,1000,0.796,208
stdmap_r3,cancel,1000,0.797,208
stdmap_r3,cancel,1000,0.798,208
stdmap_r3,cancel,1000,0.799,208
stdmap_r3,cancel,1000,0.8,208
stdmap_r3,cancel,1000,0.801,208
stdmap_r3,cancel,1000,0.802,208
stdmap_r3,cancel,1000,0.803,208
stdmap_r3,cancel,1000,0.804,208
stdmap_r3,cancel,1000,0.805,208
stdmap_r3,cancel,1000,0.806,208
stdmap_r3,cancel,1000,0.807,208
stdmap_r3,cancel,1000,0.808,208
stdmap_r3,cancel,1000,0.809,208
stdmap_r3,cancel,1000,0.81,208
stdmap_r3,cancel,1000,0.811,208
stdmap_r3,cancel,1000,0.812,208
stdmap_r3,cancel,1000,0.813,208
stdmap_r3,cancel,1000,0.814,208
stdmap_r3,cancel,1000,0.815,208
stdmap_r3,cancel,1000,0.816,208
stdmap_r3,cancel,1000,0.817,208
stdmap_r3,cancel,1000,0.818,208
stdmap_r3,cancel,1000,0.819,208
stdmap_r3,cancel,1000,0.82,208
stdmap_r3,cancel,1000,0.821,208
stdmap_r3,cancel,1000,0.822,208
stdmap_r3,cancel,1000,0.823,208
stdmap_r3,cancel,1000,0.824,208
stdmap_r3,cancel,1000,0.825,208
stdmap_r3,cancel,1000,0.826,208
stdmap_r3,cancel,1000,0.827,208
stdmap_r3,cancel,1000,0.828,208
stdmap_r3,cancel,1000,0.829,208
stdmap_r3,cancel,1000,0.83,208
stdmap_r3,cancel,1000,0.831,208
stdmap_r3,cancel,1000,0.832,208
stdmap_r3,cancel,1000,0.833,208
stdmap_r3,cancel,1000,0.834,208
stdmap_r3,cancel,1000,0.835,208
stdmap_r3,cancel,1000,0.836,208
stdmap_r3,cancel,1000,0.837,208
stdmap_r3,cancel,1000,0.838,208
stdmap_r3,cancel,1000,0.839,208
stdmap_r3,cancel,1000,0.84,208
stdmap_r3,cancel,1000,0.841,208
stdmap_r3,cancel,1000,0.842,208
stdmap_r3,cancel,1000,0.843,208
stdmap_r3,cancel,1000,0.844,208
stdmap_r3,cancel,1000,0.845,208
stdmap_r3,cancel,1000,0.846,208
stdmap_r3,cancel,1000,0.847,208
stdmap_r3,cancel,1000,0.848,208
stdmap_r3,cancel,1000,0.849,208
stdmap_r3,cancel,1000,0.85,208
stdmap_r3,cancel,1000,0.851,208
stdmap_r3,cancel,1000,0.852,208
stdmap_r3,cancel,1000,0.853,208
stdmap_r3,cancel,1000,0.854,208
stdmap_r3,cancel,1000,0.855,208
stdmap_r3,cancel,1000,0.856,208
stdmap_r3,cancel,1000,0.857,208
stdmap_r3,cancel,1000,0.858,208
stdmap_r3,cancel,1000,0.859,208
stdmap_r3,cancel,1000,0.86,208
stdmap_r3,cancel,1000,0.861,208
stdmap_r3,cancel,1000,0.862,208
stdmap_r3,cancel,1000,0.863,208
stdmap_r3,cancel,1000,0.864,208
stdmap_r3,cancel,1000,0.865,208
stdmap_r3,cancel,1000,0.866,208
stdmap_r3,cancel,1000,0.867,208
stdmap_r3,cancel,1000,0.868,208
stdmap_r3,cancel,1000,0.869,208
stdmap_r3,cancel,1000,0.87,208
stdmap_r3,cancel,1000,0.871,208
stdmap_r3,cancel,1000,0.872,208
stdmap_r3,cancel,1000,0.873,208
stdmap_r3,cancel,1000,0.874,208
stdmap_r3,cancel,1000,0.875,208
stdmap_r3,cancel,1000,0.876,208
stdmap_r3,cancel,1000,0.877,208
stdmap_r3,cancel,1000,0.878,208
stdmap_r3,cancel,1000,0.879,208
stdmap_r3,cancel,1000,0.88,208
stdmap_r3,cancel,1000,0.881,208
stdmap_r3,cancel,1000,0.882,208
stdmap_r3,cancel,1000,0.883,208
stdmap_r3,cancel,1000,0.884,208
stdmap_r3,cancel,1000,0.885,208
stdmap_r3,cancel,1000,0.886,208
stdmap_r3,cancel,1000,0.887,208
stdmap_r3,cancel,1000,0.888,208
stdmap_r3,cancel,1000,0.889,208
stdmap_r3,cancel,1000,0.89,208
stdmap_r3,cancel,1000,0.891,209
stdmap_r3,cancel,1000,0.892,209
stdmap_r3,cancel,1000,0.893,209
stdmap_r3,cancel,1000,0.894,209
stdmap_r3,cancel,1000,0.895,209
stdmap_r3,cancel,1000,0.896,209
stdmap_r3,cancel,1000,0.897,209
stdmap_r3,cancel,1000,0.898,209
stdmap_r3,cancel,1000,0.899,209
stdmap_r3,cancel,1000,0.9,209
stdmap_r3,cancel,1000,0.901,209
stdmap_r3,cancel,1000,0.902,209
stdmap_r3,cancel,1000,0.903,209
stdmap_r3,cancel,1000,0.904,209
stdmap_r3,cancel,1000,0.905,209
stdmap_r3,cancel,1000,0.906,209
stdmap_r3,cancel,1000,0.907,209
stdmap_r3,cancel,1000,0.908,209
stdmap_r3,cancel,1000,0.909,209
stdmap_r3,cancel,1000,0.91,209
stdmap_r3,cancel,1000,0.911,209
stdmap_r3,cancel,1000,0.912,209
stdmap_r3,cancel,1000,0.913,209
stdmap_r3,cancel,1000,0.914,209
stdmap_r3,cancel,1000,0.915,209
stdmap_r3,cancel,1000,0.916,209
stdmap_r3,cancel,1000,0.917,209
stdmap_r3,cancel,1000,0.918,209
stdmap_r3,cancel,1000,0.919,209
stdmap_r3,cancel,1000,0.92,209
stdmap_r3,cancel,1000,0.921,209
stdmap_r3,cancel,1000,0.922,209
stdmap_r3,cancel,1000,0.923,209
stdmap_r3,cancel,1000,0.924,209
stdmap_r3,cancel,1000,0.925,209
stdmap_r3,cancel,1000,0.926,209
stdmap_r3,cancel,1000,0.927,209
stdmap_r3,cancel,1000,0.928,209
stdmap_r3,cancel,1000,0.929,209
stdmap_r3,cancel,1000,0.93,209
stdmap_r3,cancel,1000,0.931,209
stdmap_r3,cancel,1000,0.932,209
stdmap_r3,cancel,1000,0.933,209
stdmap_r3,cancel,1000,0.934,209
stdmap_r3,cancel,1000,0.935,209
stdmap_r3,cancel,1000,0.936,209
stdmap_r3,cancel,1000,0.937,209
stdmap_r3,cancel,1000,0.938,209
stdmap_r3,cancel,1000,0.939,209
stdmap_r3,cancel,1000,0.94,209
stdmap_r3,cancel,1000,0.941,250
stdmap_r3,cancel,1000,0.942,250
stdmap_r3,cancel,1000,0.943,250
stdmap_r3,cancel,1000,0.944,250
stdmap_r3,cancel,1000,0.945,250
stdmap_r3,cancel,1000,0.946,250
stdmap_r3,cancel,1000,0.947,250
stdmap_r3,cancel,1000,0.948,250
stdmap_r3,cancel,1000,0.949,250
stdmap_r3,cancel,1000,0.95,250
stdmap_r3,cancel,1000,0.951,250
stdmap_r3,cancel,1000,0.952,250
stdmap_r3,cancel,1000,0.953,250
stdmap_r3,cancel,1000,0.954,250
stdmap_r3,cancel,1000,0.955,250
stdmap_r3,cancel,1000,0.956,250
stdmap_r3,cancel,1000,0.957,250
stdmap_r3,cancel,1000,0.958,250
stdmap_r3,cancel,1000,0.959,250
stdmap_r3,cancel,1000,0.96,250
stdmap_r3,cancel,1000,0.961,250
stdmap_r3,cancel,1000,0.962,250
stdmap_r3,cancel,1000,0.963,250
stdmap_r3,cancel,1000,0.964,250
stdmap_r3,cancel,1000,0.965,250
stdmap_r3,cancel,1000,0.966,250
stdmap_r3,cancel,1000,0.967,250
stdmap_r3,cancel,1000,0.968,250
stdmap_r3,cancel,1000,0.969,250
stdmap_r3,cancel,1000,0.97,250
stdmap_r3,cancel,1000,0.971,250
stdmap_r3,cancel,1000,0.972,250
stdmap_r3,cancel,1000,0.973,250
stdmap_r3,cancel,1000,0.974,250
stdmap_r3,cancel,1000,0.975,250
stdmap_r3,cancel,1000,0.976,250
stdmap_r3,cancel,1000,0.977,291
stdmap_r3,cancel,1000,0.978,291
stdmap_r3,cancel,1000,0.979,291
stdmap_r3,cancel,1000,0.98,291
stdmap_r3,cancel,1000,0.981,292
stdmap_r3,cancel,1000,0.982,292
stdmap_r3,cancel,1000,0.983,292
stdmap_r3,cancel,1000,0.984,292
stdmap_r3,cancel,1000,0.985,292
stdmap_r3,cancel,1000,0.986,292
stdmap_r3,cancel,1000,0.987,292
stdmap_r3,cancel,1000,0.988,333
stdmap_r3,cancel,1000,0.989,333
stdmap_r3,cancel,1000,0.99,334
stdmap_r3,cancel,1000,0.991,375
stdmap_r3,cancel,1000,0.992,375
stdmap_r3,cancel,1000,0.993,417
stdmap_r3,cancel,1000,0.994,458
stdmap_r3,cancel,1000,0.995,500
stdmap_r3,cancel,1000,0.996,542
stdmap_r3,cancel,1000,0.997,625
stdmap_r3,cancel,1000,0.998,709
stdmap_r3,cancel,1000,0.999,1000
stdmap_r3,match,1000,0,0
stdmap_r3,match,1000,0.001,41
stdmap_r3,match,1000,0.002,41
stdmap_r3,match,1000,0.003,41
stdmap_r3,match,1000,0.004,41
stdmap_r3,match,1000,0.005,41
stdmap_r3,match,1000,0.006,41
stdmap_r3,match,1000,0.007,41
stdmap_r3,match,1000,0.008,41
stdmap_r3,match,1000,0.009,41
stdmap_r3,match,1000,0.01,41
stdmap_r3,match,1000,0.011,41
stdmap_r3,match,1000,0.012,41
stdmap_r3,match,1000,0.013,41
stdmap_r3,match,1000,0.014,41
stdmap_r3,match,1000,0.015,41
stdmap_r3,match,1000,0.016,41
stdmap_r3,match,1000,0.017,41
stdmap_r3,match,1000,0.018,41
stdmap_r3,match,1000,0.019,41
stdmap_r3,match,1000,0.02,41
stdmap_r3,match,1000,0.021,41
stdmap_r3,match,1000,0.022,41
stdmap_r3,match,1000,0.023,41
stdmap_r3,match,1000,0.024,41
stdmap_r3,match,1000,0.025,41
stdmap_r3,match,1000,0.026,41
stdmap_r3,match,1000,0.027,41
stdmap_r3,match,1000,0.028,41
stdmap_r3,match,1000,0.029,41
stdmap_r3,match,1000,0.03,41
stdmap_r3,match,1000,0.031,41
stdmap_r3,match,1000,0.032,41
stdmap_r3,match,1000,0.033,41
stdmap_r3,match,1000,0.034,41
stdmap_r3,match,1000,0.035,41
stdmap_r3,match,1000,0.036,41
stdmap_r3,match,1000,0.037,41
stdmap_r3,match,1000,0.038,41
stdmap_r3,match,1000,0.039,41
stdmap_r3,match,1000,0.04,41
stdmap_r3,match,1000,0.041,41
stdmap_r3,match,1000,0.042,41
stdmap_r3,match,1000,0.043,41
stdmap_r3,match,1000,0.044,41
stdmap_r3,match,1000,0.045,41
stdmap_r3,match,1000,0.046,41
stdmap_r3,match,1000,0.047,41
stdmap_r3,match,1000,0.048,41
stdmap_r3,match,1000,0.049,41
stdmap_r3,match,1000,0.05,41
stdmap_r3,match,1000,0.051,41
stdmap_r3,match,1000,0.052,41
stdmap_r3,match,1000,0.053,41
stdmap_r3,match,1000,0.054,41
stdmap_r3,match,1000,0.055,41
stdmap_r3,match,1000,0.056,41
stdmap_r3,match,1000,0.057,41
stdmap_r3,match,1000,0.058,41
stdmap_r3,match,1000,0.059,41
stdmap_r3,match,1000,0.06,41
stdmap_r3,match,1000,0.061,41
stdmap_r3,match,1000,0.062,41
stdmap_r3,match,1000,0.063,41
stdmap_r3,match,1000,0.064,41
stdmap_r3,match,1000,0.065,41
stdmap_r3,match,1000,0.066,41
stdmap_r3,match,1000,0.067,41
stdmap_r3,match,1000,0.068,41
stdmap_r3,match,1000,0.069,41
stdmap_r3,match,1000,0.07,41
stdmap_r3,match,1000,0.071,41
stdmap_r3,match,1000,0.072,41
stdmap_r3,match,1000,0.073,41
stdmap_r3,match,1000,0.074,41
stdmap_r3,match,1000,0.075,41
stdmap_r3,match,1000,0.076,41
stdmap_r3,match,1000,0.077,41
stdmap_r3,match,1000,0.078,41
stdmap_r3,match,1000,0.079,41
stdmap_r3,match,1000,0.08,41
stdmap_r3,match,1000,0.081,41
stdmap_r3,match,1000,0.082,41
stdmap_r3,match,1000,0.083,41
stdmap_r3,match,1000,0.084,41
stdmap_r3,match,1000,0.085,41
stdmap_r3,match,1000,0.086,41
stdmap_r3,match,1000,0.087,41
stdmap_r3,match,1000,0.088,41
stdmap_r3,match,1000,0.089,41
stdmap_r3,match,1000,0.09,41
stdmap_r3,match,1000,0.091,41
stdmap_r3,match,1000,0.092,41
stdmap_r3,match,1000,0.093,41
stdmap_r3,match,1000,0.094,41
stdmap_r3,match,1000,0.095,41
stdmap_r3,match,1000,0.096,41
stdmap_r3,match,1000,0.097,41
stdmap_r3,match,1000,0.098,41
stdmap_r3,match,1000,0.099,41
stdmap_r3,match,1000,0.1,41
stdmap_r3,match,1000,0.101,41
stdmap_r3,match,1000,0.102,41
stdmap_r3,match,1000,0.103,41
stdmap_r3,match,1000,0.104,41
stdmap_r3,match,1000,0.105,41
stdmap_r3,match,1000,0.106,41
stdmap_r3,match,1000,0.107,41
stdmap_r3,match,1000,0.108,41
stdmap_r3,match,1000,0.109,41
stdmap_r3,match,1000,0.11,41
stdmap_r3,match,1000,0.111,41
stdmap_r3,match,1000,0.112,41
stdmap_r3,match,1000,0.113,41
stdmap_r3,match,1000,0.114,41
stdmap_r3,match,1000,0.115,41
stdmap_r3,match,1000,0.116,41
stdmap_r3,match,1000,0.117,41
stdmap_r3,match,1000,0.118,41
stdmap_r3,match,1000,0.119,41
stdmap_r3,match,1000,0.12,41
stdmap_r3,match,1000,0.121,41
stdmap_r3,match,1000,0.122,41
stdmap_r3,match,1000,0.123,41
stdmap_r3,match,1000,0.124,41
stdmap_r3,match,1000,0.125,41
stdmap_r3,match,1000,0.126,41
stdmap_r3,match,1000,0.127,41
stdmap_r3,match,1000,0.128,41
stdmap_r3,match,1000,0.129,41
stdmap_r3,match,1000,0.13,41
stdmap_r3,match,1000,0.131,41
stdmap_r3,match,1000,0.132,41
stdmap_r3,match,1000,0.133,41
stdmap_r3,match,1000,0.134,41
stdmap_r3,match,1000,0.135,41
stdmap_r3,match,1000,0.136,41
stdmap_r3,match,1000,0.137,41
stdmap_r3,match,1000,0.138,41
stdmap_r3,match,1000,0.139,41
stdmap_r3,match,1000,0.14,41
stdmap_r3,match,1000,0.141,42
stdmap_r3,match,1000,0.142,42
stdmap_r3,match,1000,0.143,42
stdmap_r3,match,1000,0.144,42
stdmap_r3,match,1000,0.145,42
stdmap_r3,match,1000,0.146,42
stdmap_r3,match,1000,0.147,42
stdmap_r3,match,1000,0.148,42
stdmap_r3,match,1000,0.149,42
stdmap_r3,match,1000,0.15,42
stdmap_r3,match,1000,0.151,42
stdmap_r3,match,1000,0.152,42
stdmap_r3,match,1000,0.153,42
stdmap_r3,match,1000,0.154,42
stdmap_r3,match,1000,0.155,42
stdmap_r3,match,1000,0.156,42
stdmap_r3,match,1000,0.157,42
stdmap_r3,match,1000,0.158,42
stdmap_r3,match,1000,0.159,42
stdmap_r3,match,1000,0.16,42
stdmap_r3,match,1000,0.161,42
stdmap_r3,match,1000,0.162,42
stdmap_r3,match,1000,0.163,42
stdmap_r3,match,1000,0.164,42
stdmap_r3,match,1000,0.165,42
stdmap_r3,match,1000,0.166,42
stdmap_r3,match,1000,0.167,42
stdmap_r3,match,1000,0.168,42
stdmap_r3,match,1000,0.169,42
stdmap_r3,match,1000,0.17,42
stdmap_r3,match,1000,0.171,42
stdmap_r3,match,1000,0.172,42
stdmap_r3,match,1000,0.173,42
stdmap_r3,match,1000,0.174,42
stdmap_r3,match,1000,0.175,42
stdmap_r3,match,1000,0.176,42
stdmap_r3,match,1000,0.177,42
stdmap_r3,match,1000,0.178,42
stdmap_r3,match,1000,0.179,42
stdmap_r3,match,1000,0.18,42
stdmap_r3,match,1000,0.181,42
stdmap_r3,match,1000,0.182,42
stdmap_r3,match,1000,0.183,42
stdmap_r3,match,1000,0.184,42
stdmap_r3,match,1000,0.185,42
stdmap_r3,match,1000,0.186,42
stdmap_r3,match,1000,0.187,42
stdmap_r3,match,1000,0.188,42
stdmap_r3,match,1000,0.189,42
stdmap_r3,match,1000,0.19,42
stdmap_r3,match,1000,0.191,42
stdmap_r3,match,1000,0.192,42
stdmap_r3,match,1000,0.193,42
stdmap_r3,match,1000,0.194,42
stdmap_r3,match,1000,0.195,42
stdmap_r3,match,1000,0.196,42
stdmap_r3,match,1000,0.197,42
stdmap_r3,match,1000,0.198,42
stdmap_r3,match,1000,0.199,42
stdmap_r3,match,1000,0.2,42
stdmap_r3,match,1000,0.201,42
stdmap_r3,match,1000,0.202,42
stdmap_r3,match,1000,0.203,42
stdmap_r3,match,1000,0.204,42
stdmap_r3,match,1000,0.205,42
stdmap_r3,match,1000,0.206,42
stdmap_r3,match,1000,0.207,42
stdmap_r3,match,1000,0.208,42
stdmap_r3,match,1000,0.209,42
stdmap_r3,match,1000,0.21,42
stdmap_r3,match,1000,0.211,42
stdmap_r3,match,1000,0.212,42
stdmap_r3,match,1000,0.213,42
stdmap_r3,match,1000,0.214,42
stdmap_r3,match,1000,0.215,42
stdmap_r3,match,1000,0.216,42
stdmap_r3,match,1000,0.217,42
stdmap_r3,match,1000,0.218,42
stdmap_r3,match,1000,0.219,42
stdmap_r3,match,1000,0.22,42
stdmap_r3,match,1000,0.221,42
stdmap_r3,match,1000,0.222,42
stdmap_r3,match,1000,0.223,42
stdmap_r3,match,1000,0.224,42
stdmap_r3,match,1000,0.225,42
stdmap_r3,match,1000,0.226,42
stdmap_r3,match,1000,0.227,42
stdmap_r3,match,1000,0.228,42
stdmap_r3,match,1000,0.229,42
stdmap_r3,match,1000,0.23,42
stdmap_r3,match,1000,0.231,42
stdmap_r3,match,1000,0.232,42
stdmap_r3,match,1000,0.233,42
stdmap_r3,match,1000,0.234,42
stdmap_r3,match,1000,0.235,42
stdmap_r3,match,1000,0.236,42
stdmap_r3,match,1000,0.237,42
stdmap_r3,match,1000,0.238,42
stdmap_r3,match,1000,0.239,42
stdmap_r3,match,1000,0.24,42
stdmap_r3,match,1000,0.241,42
stdmap_r3,match,1000,0.242,42
stdmap_r3,match,1000,0.243,42
stdmap_r3,match,1000,0.244,42
stdmap_r3,match,1000,0.245,42
stdmap_r3,match,1000,0.246,42
stdmap_r3,match,1000,0.247,42
stdmap_r3,match,1000,0.248,42
stdmap_r3,match,1000,0.249,42
stdmap_r3,match,1000,0.25,42
stdmap_r3,match,1000,0.251,42
stdmap_r3,match,1000,0.252,42
stdmap_r3,match,1000,0.253,42
stdmap_r3,match,1000,0.254,42
stdmap_r3,match,1000,0.255,42
stdmap_r3,match,1000,0.256,42
stdmap_r3,match,1000,0.257,42
stdmap_r3,match,1000,0.258,42
stdmap_r3,match,1000,0.259,42
stdmap_r3,match,1000,0.26,42
stdmap_r3,match,1000,0.261,42
stdmap_r3,match,1000,0.262,42
stdmap_r3,match,1000,0.263,42
stdmap_r3,match,1000,0.264,42
stdmap_r3,match,1000,0.265,42
stdmap_r3,match,1000,0.266,42
stdmap_r3,match,1000,0.267,42
stdmap_r3,match,1000,0.268,42
stdmap_r3,match,1000,0.269,42
stdmap_r3,match,1000,0.27,42
stdmap_r3,match,1000,0.271,42
stdmap_r3,match,1000,0.272,42
stdmap_r3,match,1000,0.273,42
stdmap_r3,match,1000,0.274,42
stdmap_r3,match,1000,0.275,42
stdmap_r3,match,1000,0.276,42
stdmap_r3,match,1000,0.277,42
stdmap_r3,match,1000,0.278,42
stdmap_r3,match,1000,0.279,42
stdmap_r3,match,1000,0.28,42
stdmap_r3,match,1000,0.281,42
stdmap_r3,match,1000,0.282,42
stdmap_r3,match,1000,0.283,42
stdmap_r3,match,1000,0.284,42
stdmap_r3,match,1000,0.285,42
stdmap_r3,match,1000,0.286,42
stdmap_r3,match,1000,0.287,42
stdmap_r3,match,1000,0.288,42
stdmap_r3,match,1000,0.289,42
stdmap_r3,match,1000,0.29,42
stdmap_r3,match,1000,0.291,42
stdmap_r3,match,1000,0.292,42
stdmap_r3,match,1000,0.293,42
stdmap_r3,match,1000,0.294,42
stdmap_r3,match,1000,0.295,42
stdmap_r3,match,1000,0.296,42
stdmap_r3,match,1000,0.297,42
stdmap_r3,match,1000,0.298,42
stdmap_r3,match,1000,0.299,42
stdmap_r3,match,1000,0.3,42
stdmap_r3,match,1000,0.301,42
stdmap_r3,match,1000,0.302,42
stdmap_r3,match,1000,0.303,42
stdmap_r3,match,1000,0.304,42
stdmap_r3,match,1000,0.305,42
stdmap_r3,match,1000,0.306,42
stdmap_r3,match,1000,0.307,42
stdmap_r3,match,1000,0.308,42
stdmap_r3,match,1000,0.309,42
stdmap_r3,match,1000,0.31,42
stdmap_r3,match,1000,0.311,42
stdmap_r3,match,1000,0.312,42
stdmap_r3,match,1000,0.313,42
stdmap_r3,match,1000,0.314,42
stdmap_r3,match,1000,0.315,42
stdmap_r3,match,1000,0.316,42
stdmap_r3,match,1000,0.317,42
stdmap_r3,match,1000,0.318,42
stdmap_r3,match,1000,0.319,42
stdmap_r3,match,1000,0.32,42
stdmap_r3,match,1000,0.321,42
stdmap_r3,match,1000,0.322,42
stdmap_r3,match,1000,0.323,42
stdmap_r3,match,1000,0.324,42
stdmap_r3,match,1000,0.325,42
stdmap_r3,match,1000,0.326,42
stdmap_r3,match,1000,0.327,42
stdmap_r3,match,1000,0.328,42
stdmap_r3,match,1000,0.329,42
stdmap_r3,match,1000,0.33,42
stdmap_r3,match,1000,0.331,42
stdmap_r3,match,1000,0.332,42
stdmap_r3,match,1000,0.333,42
stdmap_r3,match,1000,0.334,42
stdmap_r3,match,1000,0.335,42
stdmap_r3,match,1000,0.336,42
stdmap_r3,match,1000,0.337,42
stdmap_r3,match,1000,0.338,42
stdmap_r3,match,1000,0.339,42
stdmap_r3,match,1000,0.34,42
stdmap_r3,match,1000,0.341,42
stdmap_r3,match,1000,0.342,42
stdmap_r3,match,1000,0.343,42
stdmap_r3,match,1000,0.344,42
stdmap_r3,match,1000,0.345,42
stdmap_r3,match,1000,0.346,42
stdmap_r3,match,1000,0.347,42
stdmap_r3,match,1000,0.348,42
stdmap_r3,match,1000,0.349,42
stdmap_r3,match,1000,0.35,42
stdmap_r3,match,1000,0.351,42
stdmap_r3,match,1000,0.352,42
stdmap_r3,match,1000,0.353,42
stdmap_r3,match,1000,0.354,42
stdmap_r3,match,1000,0.355,42
stdmap_r3,match,1000,0.356,42
stdmap_r3,match,1000,0.357,42
stdmap_r3,match,1000,0.358,42
stdmap_r3,match,1000,0.359,42
stdmap_r3,match,1000,0.36,42
stdmap_r3,match,1000,0.361,42
stdmap_r3,match,1000,0.362,42
stdmap_r3,match,1000,0.363,42
stdmap_r3,match,1000,0.364,42
stdmap_r3,match,1000,0.365,42
stdmap_r3,match,1000,0.366,42
stdmap_r3,match,1000,0.367,42
stdmap_r3,match,1000,0.368,42
stdmap_r3,match,1000,0.369,42
stdmap_r3,match,1000,0.37,42
stdmap_r3,match,1000,0.371,42
stdmap_r3,match,1000,0.372,42
stdmap_r3,match,1000,0.373,42
stdmap_r3,match,1000,0.374,42
stdmap_r3,match,1000,0.375,42
stdmap_r3,match,1000,0.376,42
stdmap_r3,match,1000,0.377,42
stdmap_r3,match,1000,0.378,42
stdmap_r3,match,1000,0.379,42
stdmap_r3,match,1000,0.38,42
stdmap_r3,match,1000,0.381,42
stdmap_r3,match,1000,0.382,42
stdmap_r3,match,1000,0.383,42
stdmap_r3,match,1000,0.384,42
stdmap_r3,match,1000,0.385,42
stdmap_r3,match,1000,0.386,42
stdmap_r3,match,1000,0.387,42
stdmap_r3,match,1000,0.388,42
stdmap_r3,match,1000,0.389,42
stdmap_r3,match,1000,0.39,42
stdmap_r3,match,1000,0.391,42
stdmap_r3,match,1000,0.392,42
stdmap_r3,match,1000,0.393,42
stdmap_r3,match,1000,0.394,42
stdmap_r3,match,1000,0.395,42
stdmap_r3,match,1000,0.396,42
stdmap_r3,match,1000,0.397,42
stdmap_r3,match,1000,0.398,42
stdmap_r3,match,1000,0.399,42
stdmap_r3,match,1000,0.4,42
stdmap_r3,match,1000,0.401,42
stdmap_r3,match,1000,0.402,42
stdmap_r3,match,1000,0.403,42
stdmap_r3,match,1000,0.404,42
stdmap_r3,match,1000,0.405,42
stdmap_r3,match,1000,0.406,42
stdmap_r3,match,1000,0.407,42
stdmap_r3,match,1000,0.408,42
stdmap_r3,match,1000,0.409,42
stdmap_r3,match,1000,0.41,42
stdmap_r3,match,1000,0.411,42
stdmap_r3,match,1000,0.412,42
stdmap_r3,match,1000,0.413,42
stdmap_r3,match,1000,0.414,42
stdmap_r3,match,1000,0.415,42
stdmap_r3,match,1000,0.416,42
stdmap_r3,match,1000,0.417,42
stdmap_r3,match,1000,0.418,42
stdmap_r3,match,1000,0.419,42
stdmap_r3,match,1000,0.42,42
stdmap_r3,match,1000,0.421,42
stdmap_r3,match,1000,0.422,42
stdmap_r3,match,1000,0.423,42
stdmap_r3,match,1000,0.424,83
stdmap_r3,match,1000,0.425,83
stdmap_r3,match,1000,0.426,83
stdmap_r3,match,1000,0.427,83
stdmap_r3,match,1000,0.428,83
stdmap_r3,match,1000,0.429,83
stdmap_r3,match,1000,0.43,83
stdmap_r3,match,1000,0.431,83
stdmap_r3,match,1000,0.432,83
stdmap_r3,match,1000,0.433,83
stdmap_r3,match,1000,0.434,83
stdmap_r3,match,1000,0.435,83
stdmap_r3,match,1000,0.436,83
stdmap_r3,match,1000,0.437,83
stdmap_r3,match,1000,0.438,83
stdmap_r3,match,1000,0.439,83
stdmap_r3,match,1000,0.44,83
stdmap_r3,match,1000,0.441,83
stdmap_r3,match,1000,0.442,83
stdmap_r3,match,1000,0.443,83
stdmap_r3,match,1000,0.444,83
stdmap_r3,match,1000,0.445,83
stdmap_r3,match,1000,0.446,83
stdmap_r3,match,1000,0.447,83
stdmap_r3,match,1000,0.448,83
stdmap_r3,match,1000,0.449,83
stdmap_r3,match,1000,0.45,83
stdmap_r3,match,1000,0.451,83
stdmap_r3,match,1000,0.452,83
stdmap_r3,match,1000,0.453,83
stdmap_r3,match,1000,0.454,83
stdmap_r3,match,1000,0.455,83
stdmap_r3,match,1000,0.456,83
stdmap_r3,match,1000,0.457,83
stdmap_r3,match,1000,0.458,83
stdmap_r3,match,1000,0.459,83
stdmap_r3,match,1000,0.46,83
stdmap_r3,match,1000,0.461,83
stdmap_r3,match,1000,0.462,83
stdmap_r3,match,1000,0.463,83
stdmap_r3,match,1000,0.464,83
stdmap_r3,match,1000,0.465,83
stdmap_r3,match,1000,0.466,83
stdmap_r3,match,1000,0.467,83
stdmap_r3,match,1000,0.468,83
stdmap_r3,match,1000,0.469,83
stdmap_r3,match,1000,0.47,83
stdmap_r3,match,1000,0.471,83
stdmap_r3,match,1000,0.472,83
stdmap_r3,match,1000,0.473,83
stdmap_r3,match,1000,0.474,83
stdmap_r3,match,1000,0.475,83
stdmap_r3,match,1000,0.476,83
stdmap_r3,match,1000,0.477,83
stdmap_r3,match,1000,0.478,83
stdmap_r3,match,1000,0.479,83
stdmap_r3,match,1000,0.48,83
stdmap_r3,match,1000,0.481,83
stdmap_r3,match,1000,0.482,83
stdmap_r3,match,1000,0.483,83
stdmap_r3,match,1000,0.484,83
stdmap_r3,match,1000,0.485,83
stdmap_r3,match,1000,0.486,83
stdmap_r3,match,1000,0.487,83
stdmap_r3,match,1000,0.488,83
stdmap_r3,match,1000,0.489,83
stdmap_r3,match,1000,0.49,83
stdmap_r3,match,1000,0.491,83
stdmap_r3,match,1000,0.492,83
stdmap_r3,match,1000,0.493,83
stdmap_r3,match,1000,0.494,83
stdmap_r3,match,1000,0.495,83
stdmap_r3,match,1000,0.496,83
stdmap_r3,match,1000,0.497,83
stdmap_r3,match,1000,0.498,83
stdmap_r3,match,1000,0.499,83
stdmap_r3,match,1000,0.5,83
stdmap_r3,match,1000,0.501,83
stdmap_r3,match,1000,0.502,83
stdmap_r3,match,1000,0.503,83
stdmap_r3,match,1000,0.504,83
stdmap_r3,match,1000,0.505,83
stdmap_r3,match,1000,0.506,83
stdmap_r3,match,1000,0.507,83
stdmap_r3,match,1000,0.508,83
stdmap_r3,match,1000,0.509,83
stdmap_r3,match,1000,0.51,83
stdmap_r3,match,1000,0.511,83
stdmap_r3,match,1000,0.512,83
stdmap_r3,match,1000,0.513,83
stdmap_r3,match,1000,0.514,83
stdmap_r3,match,1000,0.515,83
stdmap_r3,match,1000,0.516,83
stdmap_r3,match,1000,0.517,83
stdmap_r3,match,1000,0.518,83
stdmap_r3,match,1000,0.519,83
stdmap_r3,match,1000,0.52,83
stdmap_r3,match,1000,0.521,83
stdmap_r3,match,1000,0.522,83
stdmap_r3,match,1000,0.523,83
stdmap_r3,match,1000,0.524,83
stdmap_r3,match,1000,0.525,83
stdmap_r3,match,1000,0.526,83
stdmap_r3,match,1000,0.527,83
stdmap_r3,match,1000,0.528,83
stdmap_r3,match,1000,0.529,83
stdmap_r3,match,1000,0.53,83
stdmap_r3,match,1000,0.531,83
stdmap_r3,match,1000,0.532,83
stdmap_r3,match,1000,0.533,83
stdmap_r3,match,1000,0.534,83
stdmap_r3,match,1000,0.535,83
stdmap_r3,match,1000,0.536,83
stdmap_r3,match,1000,0.537,83
stdmap_r3,match,1000,0.538,83
stdmap_r3,match,1000,0.539,83
stdmap_r3,match,1000,0.54,83
stdmap_r3,match,1000,0.541,83
stdmap_r3,match,1000,0.542,83
stdmap_r3,match,1000,0.543,83
stdmap_r3,match,1000,0.544,83
stdmap_r3,match,1000,0.545,83
stdmap_r3,match,1000,0.546,83
stdmap_r3,match,1000,0.547,83
stdmap_r3,match,1000,0.548,83
stdmap_r3,match,1000,0.549,83
stdmap_r3,match,1000,0.55,83
stdmap_r3,match,1000,0.551,83
stdmap_r3,match,1000,0.552,83
stdmap_r3,match,1000,0.553,83
stdmap_r3,match,1000,0.554,83
stdmap_r3,match,1000,0.555,83
stdmap_r3,match,1000,0.556,83
stdmap_r3,match,1000,0.557,83
stdmap_r3,match,1000,0.558,83
stdmap_r3,match,1000,0.559,83
stdmap_r3,match,1000,0.56,83
stdmap_r3,match,1000,0.561,83
stdmap_r3,match,1000,0.562,83
stdmap_r3,match,1000,0.563,83
stdmap_r3,match,1000,0.564,83
stdmap_r3,match,1000,0.565,83
stdmap_r3,match,1000,0.566,83
stdmap_r3,match,1000,0.567,83
stdmap_r3,match,1000,0.568,83
stdmap_r3,match,1000,0.569,83
stdmap_r3,match,1000,0.57,83
stdmap_r3,match,1000,0.571,83
stdmap_r3,match,1000,0.572,83
stdmap_r3,match,1000,0.573,83
stdmap_r3,match,1000,0.574,83
stdmap_r3,match,1000,0.575,83
stdmap_r3,match,1000,0.576,83
stdmap_r3,match,1000,0.577,83
stdmap_r3,match,1000,0.578,83
stdmap_r3,match,1000,0.579,83
stdmap_r3,match,1000,0.58,83
stdmap_r3,match,1000,0.581,83
stdmap_r3,match,1000,0.582,83
stdmap_r3,match,1000,0.583,83
stdmap_r3,match,1000,0.584,83
stdmap_r3,match,1000,0.585,83
stdmap_r3,match,1000,0.586,83
stdmap_r3,match,1000,0.587,83
stdmap_r3,match,1000,0.588,83
stdmap_r3,match,1000,0.589,83
stdmap_r3,match,1000,0.59,83
stdmap_r3,match,1000,0.591,83
stdmap_r3,match,1000,0.592,83
stdmap_r3,match,1000,0.593,83
stdmap_r3,match,1000,0.594,83
stdmap_r3,match,1000,0.595,83
stdmap_r3,match,1000,0.596,83
stdmap_r3,match,1000,0.597,83
stdmap_r3,match,1000,0.598,83
stdmap_r3,match,1000,0.599,83
stdmap_r3,match,1000,0.6,83
stdmap_r3,match,1000,0.601,83
stdmap_r3,match,1000,0.602,83
stdmap_r3,match,1000,0.603,83
stdmap_r3,match,1000,0.604,83
stdmap_r3,match,1000,0.605,83
stdmap_r3,match,1000,0.606,83
stdmap_r3,match,1000,0.607,83
stdmap_r3,match,1000,0.608,83
stdmap_r3,match,1000,0.609,83
stdmap_r3,match,1000,0.61,83
stdmap_r3,match,1000,0.611,83
stdmap_r3,match,1000,0.612,83
stdmap_r3,match,1000,0.613,83
stdmap_r3,match,1000,0.614,83
stdmap_r3,match,1000,0.615,83
stdmap_r3,match,1000,0.616,83
stdmap_r3,match,1000,0.617,83
stdmap_r3,match,1000,0.618,83
stdmap_r3,match,1000,0.619,83
stdmap_r3,match,1000,0.62,83
stdmap_r3,match,1000,0.621,83
stdmap_r3,match,1000,0.622,83
stdmap_r3,match,1000,0.623,83
stdmap_r3,match,1000,0.624,83
stdmap_r3,match,1000,0.625,83
stdmap_r3,match,1000,0.626,83
stdmap_r3,match,1000,0.627,83
stdmap_r3,match,1000,0.628,83
stdmap_r3,match,1000,0.629,83
stdmap_r3,match,1000,0.63,83
stdmap_r3,match,1000,0.631,83
stdmap_r3,match,1000,0.632,83
stdmap_r3,match,1000,0.633,83
stdmap_r3,match,1000,0.634,83
stdmap_r3,match,1000,0.635,83
stdmap_r3,match,1000,0.636,83
stdmap_r3,match,1000,0.637,83
stdmap_r3,match,1000,0.638,83
stdmap_r3,match,1000,0.639,83
stdmap_r3,match,1000,0.64,83
stdmap_r3,match,1000,0.641,83
stdmap_r3,match,1000,0.642,83
stdmap_r3,match,1000,0.643,83
stdmap_r3,match,1000,0.644,83
stdmap_r3,match,1000,0.645,83
stdmap_r3,match,1000,0.646,83
stdmap_r3,match,1000,0.647,83
stdmap_r3,match,1000,0.648,83
stdmap_r3,match,1000,0.649,83
stdmap_r3,match,1000,0.65,83
stdmap_r3,match,1000,0.651,83
stdmap_r3,match,1000,0.652,83
stdmap_r3,match,1000,0.653,83
stdmap_r3,match,1000,0.654,83
stdmap_r3,match,1000,0.655,83
stdmap_r3,match,1000,0.656,83
stdmap_r3,match,1000,0.657,83
stdmap_r3,match,1000,0.658,83
stdmap_r3,match,1000,0.659,83
stdmap_r3,match,1000,0.66,83
stdmap_r3,match,1000,0.661,83
stdmap_r3,match,1000,0.662,83
stdmap_r3,match,1000,0.663,83
stdmap_r3,match,1000,0.664,83
stdmap_r3,match,1000,0.665,83
stdmap_r3,match,1000,0.666,83
stdmap_r3,match,1000,0.667,83
stdmap_r3,match,1000,0.668,83
stdmap_r3,match,1000,0.669,83
stdmap_r3,match,1000,0.67,83
stdmap_r3,match,1000,0.671,83
stdmap_r3,match,1000,0.672,83
stdmap_r3,match,1000,0.673,83
stdmap_r3,match,1000,0.674,83
stdmap_r3,match,1000,0.675,83
stdmap_r3,match,1000,0.676,83
stdmap_r3,match,1000,0.677,83
stdmap_r3,match,1000,0.678,83
stdmap_r3,match,1000,0.679,83
stdmap_r3,match,1000,0.68,83
stdmap_r3,match,1000,0.681,83
stdmap_r3,match,1000,0.682,83
stdmap_r3,match,1000,0.683,83
stdmap_r3,match,1000,0.684,83
stdmap_r3,match,1000,0.685,83
stdmap_r3,match,1000,0.686,83
stdmap_r3,match,1000,0.687,83
stdmap_r3,match,1000,0.688,83
stdmap_r3,match,1000,0.689,83
stdmap_r3,match,1000,0.69,83
stdmap_r3,match,1000,0.691,83
stdmap_r3,match,1000,0.692,83
stdmap_r3,match,1000,0.693,83
stdmap_r3,match,1000,0.694,83
stdmap_r3,match,1000,0.695,83
stdmap_r3,match,1000,0.696,83
stdmap_r3,match,1000,0.697,83
stdmap_r3,match,1000,0.698,83
stdmap_r3,match,1000,0.699,83
stdmap_r3,match,1000,0.7,83
stdmap_r3,match,1000,0.701,83
stdmap_r3,match,1000,0.702,83
stdmap_r3,match,1000,0.703,83
stdmap_r3,match,1000,0.704,83
stdmap_r3,match,1000,0.705,83
stdmap_r3,match,1000,0.706,83
stdmap_r3,match,1000,0.707,83
stdmap_r3,match,1000,0.708,83
stdmap_r3,match,1000,0.709,83
stdmap_r3,match,1000,0.71,83
stdmap_r3,match,1000,0.711,83
stdmap_r3,match,1000,0.712,83
stdmap_r3,match,1000,0.713,83
stdmap_r3,match,1000,0.714,83
stdmap_r3,match,1000,0.715,83
stdmap_r3,match,1000,0.716,83
stdmap_r3,match,1000,0.717,83
stdmap_r3,match,1000,0.718,83
stdmap_r3,match,1000,0.719,83
stdmap_r3,match,1000,0.72,83
stdmap_r3,match,1000,0.721,83
stdmap_r3,match,1000,0.722,83
stdmap_r3,match,1000,0.723,83
stdmap_r3,match,1000,0.724,83
stdmap_r3,match,1000,0.725,83
stdmap_r3,match,1000,0.726,83
stdmap_r3,match,1000,0.727,83
stdmap_r3,match,1000,0.728,83
stdmap_r3,match,1000,0.729,83
stdmap_r3,match,1000,0.73,83
stdmap_r3,match,1000,0.731,83
stdmap_r3,match,1000,0.732,83
stdmap_r3,match,1000,0.733,83
stdmap_r3,match,1000,0.734,83
stdmap_r3,match,1000,0.735,83
stdmap_r3,match,1000,0.736,83
stdmap_r3,match,1000,0.737,84
stdmap_r3,match,1000,0.738,84
stdmap_r3,match,1000,0.739,84
stdmap_r3,match,1000,0.74,84
stdmap_r3,match,1000,0.741,84
stdmap_r3,match,1000,0.742,84
stdmap_r3,match,1000,0.743,84
stdmap_r3,match,1000,0.744,84
stdmap_r3,match,1000,0.745,84
stdmap_r3,match,1000,0.746,84
stdmap_r3,match,1000,0.747,84
stdmap_r3,match,1000,0.748,84
stdmap_r3,match,1000,0.749,84
stdmap_r3,match,1000,0.75,84
stdmap_r3,match,1000,0.751,84
stdmap_r3,match,1000,0.752,84
stdmap_r3,match,1000,0.753,84
stdmap_r3,match,1000,0.754,84
stdmap_r3,match,1000,0.755,84
stdmap_r3,match,1000,0.756,84
stdmap_r3,match,1000,0.757,84
stdmap_r3,match,1000,0.758,84
stdmap_r3,match,1000,0.759,84
stdmap_r3,match,1000,0.76,84
stdmap_r3,match,1000,0.761,84
stdmap_r3,match,1000,0.762,84
stdmap_r3,match,1000,0.763,84
stdmap_r3,match,1000,0.764,84
stdmap_r3,match,1000,0.765,84
stdmap_r3,match,1000,0.766,84
stdmap_r3,match,1000,0.767,84
stdmap_r3,match,1000,0.768,84
stdmap_r3,match,1000,0.769,84
stdmap_r3,match,1000,0.77,84
stdmap_r3,match,1000,0.771,84
stdmap_r3,match,1000,0.772,84
stdmap_r3,match,1000,0.773,84
stdmap_r3,match,1000,0.774,84
stdmap_r3,match,1000,0.775,84
stdmap_r3,match,1000,0.776,84
stdmap_r3,match,1000,0.777,84
stdmap_r3,match,1000,0.778,84
stdmap_r3,match,1000,0.779,84
stdmap_r3,match,1000,0.78,84
stdmap_r3,match,1000,0.781,84
stdmap_r3,match,1000,0.782,84
stdmap_r3,match,1000,0.783,84
stdmap_r3,match,1000,0.784,84
stdmap_r3,match,1000,0.785,84
stdmap_r3,match,1000,0.786,84
stdmap_r3,match,1000,0.787,84
stdmap_r3,match,1000,0.788,84
stdmap_r3,match,1000,0.789,84
stdmap_r3,match,1000,0.79,84
stdmap_r3,match,1000,0.791,84
stdmap_r3,match,1000,0.792,84
stdmap_r3,match,1000,0.793,84
stdmap_r3,match,1000,0.794,84
stdmap_r3,match,1000,0.795,84
stdmap_r3,match,1000,0.796,84
stdmap_r3,match,1000,0.797,84
stdmap_r3,match,1000,0.798,84
stdmap_r3,match,1000,0.799,84
stdmap_r3,match,1000,0.8,84
stdmap_r3,match,1000,0.801,84
stdmap_r3,match,1000,0.802,84
stdmap_r3,match,1000,0.803,84
stdmap_r3,match,1000,0.804,84
stdmap_r3,match,1000,0.805,84
stdmap_r3,match,1000,0.806,84
stdmap_r3,match,1000,0.807,84
stdmap_r3,match,1000,0.808,84
stdmap_r3,match,1000,0.809,84
stdmap_r3,match,1000,0.81,84
stdmap_r3,match,1000,0.811,84
stdmap_r3,match,1000,0.812,84
stdmap_r3,match,1000,0.813,84
stdmap_r3,match,1000,0.814,84
stdmap_r3,match,1000,0.815,84
stdmap_r3,match,1000,0.816,84
stdmap_r3,match,1000,0.817,84
stdmap_r3,match,1000,0.818,84
stdmap_r3,match,1000,0.819,84
stdmap_r3,match,1000,0.82,84
stdmap_r3,match,1000,0.821,84
stdmap_r3,match,1000,0.822,84
stdmap_r3,match,1000,0.823,84
stdmap_r3,match,1000,0.824,84
stdmap_r3,match,1000,0.825,84
stdmap_r3,match,1000,0.826,84
stdmap_r3,match,1000,0.827,84
stdmap_r3,match,1000,0.828,84
stdmap_r3,match,1000,0.829,84
stdmap_r3,match,1000,0.83,84
stdmap_r3,match,1000,0.831,84
stdmap_r3,match,1000,0.832,84
stdmap_r3,match,1000,0.833,84
stdmap_r3,match,1000,0.834,84
stdmap_r3,match,1000,0.835,84
stdmap_r3,match,1000,0.836,84
stdmap_r3,match,1000,0.837,84
stdmap_r3,match,1000,0.838,84
stdmap_r3,match,1000,0.839,84
stdmap_r3,match,1000,0.84,84
stdmap_r3,match,1000,0.841,84
stdmap_r3,match,1000,0.842,84
stdmap_r3,match,1000,0.843,84
stdmap_r3,match,1000,0.844,84
stdmap_r3,match,1000,0.845,84
stdmap_r3,match,1000,0.846,84
stdmap_r3,match,1000,0.847,84
stdmap_r3,match,1000,0.848,84
stdmap_r3,match,1000,0.849,84
stdmap_r3,match,1000,0.85,84
stdmap_r3,match,1000,0.851,84
stdmap_r3,match,1000,0.852,84
stdmap_r3,match,1000,0.853,84
stdmap_r3,match,1000,0.854,84
stdmap_r3,match,1000,0.855,84
stdmap_r3,match,1000,0.856,84
stdmap_r3,match,1000,0.857,84
stdmap_r3,match,1000,0.858,84
stdmap_r3,match,1000,0.859,84
stdmap_r3,match,1000,0.86,84
stdmap_r3,match,1000,0.861,84
stdmap_r3,match,1000,0.862,84
stdmap_r3,match,1000,0.863,84
stdmap_r3,match,1000,0.864,84
stdmap_r3,match,1000,0.865,84
stdmap_r3,match,1000,0.866,84
stdmap_r3,match,1000,0.867,84
stdmap_r3,match,1000,0.868,84
stdmap_r3,match,1000,0.869,84
stdmap_r3,match,1000,0.87,84
stdmap_r3,match,1000,0.871,84
stdmap_r3,match,1000,0.872,84
stdmap_r3,match,1000,0.873,84
stdmap_r3,match,1000,0.874,84
stdmap_r3,match,1000,0.875,84
stdmap_r3,match,1000,0.876,84
stdmap_r3,match,1000,0.877,84
stdmap_r3,match,1000,0.878,84
stdmap_r3,match,1000,0.879,84
stdmap_r3,match,1000,0.88,84
stdmap_r3,match,1000,0.881,84
stdmap_r3,match,1000,0.882,84
stdmap_r3,match,1000,0.883,84
stdmap_r3,match,1000,0.884,84
stdmap_r3,match,1000,0.885,84
stdmap_r3,match,1000,0.886,84
stdmap_r3,match,1000,0.887,84
stdmap_r3,match,1000,0.888,84
stdmap_r3,match,1000,0.889,84
stdmap_r3,match,1000,0.89,84
stdmap_r3,match,1000,0.891,84
stdmap_r3,match,1000,0.892,84
stdmap_r3,match,1000,0.893,84
stdmap_r3,match,1000,0.894,125
stdmap_r3,match,1000,0.895,125
stdmap_r3,match,1000,0.896,125
stdmap_r3,match,1000,0.897,125
stdmap_r3,match,1000,0.898,125
stdmap_r3,match,1000,0.899,125
stdmap_r3,match,1000,0.9,125
stdmap_r3,match,1000,0.901,125
stdmap_r3,match,1000,0.902,125
stdmap_r3,match,1000,0.903,125
stdmap_r3,match,1000,0.904,125
stdmap_r3,match,1000,0.905,125
stdmap_r3,match,1000,0.906,125
stdmap_r3,match,1000,0.907,125
stdmap_r3,match,1000,0.908,125
stdmap_r3,match,1000,0.909,125
stdmap_r3,match,1000,0.91,125
stdmap_r3,match,1000,0.911,125
stdmap_r3,match,1000,0.912,125
stdmap_r3,match,1000,0.913,125
stdmap_r3,match,1000,0.914,125
stdmap_r3,match,1000,0.915,125
stdmap_r3,match,1000,0.916,125
stdmap_r3,match,1000,0.917,125
stdmap_r3,match,1000,0.918,125
stdmap_r3,match,1000,0.919,125
stdmap_r3,match,1000,0.92,125
stdmap_r3,match,1000,0.921,125
stdmap_r3,match,1000,0.922,125
stdmap_r3,match,1000,0.923,125
stdmap_r3,match,1000,0.924,125
stdmap_r3,match,1000,0.925,125
stdmap_r3,match,1000,0.926,125
stdmap_r3,match,1000,0.927,125
stdmap_r3,match,1000,0.928,125
stdmap_r3,match,1000,0.929,125
stdmap_r3,match,1000,0.93,125
stdmap_r3,match,1000,0.931,125
stdmap_r3,match,1000,0.932,125
stdmap_r3,match,1000,0.933,125
stdmap_r3,match,1000,0.934,125
stdmap_r3,match,1000,0.935,125
stdmap_r3,match,1000,0.936,125
stdmap_r3,match,1000,0.937,125
stdmap_r3,match,1000,0.938,125
stdmap_r3,match,1000,0.939,125
stdmap_r3,match,1000,0.94,125
stdmap_r3,match,1000,0.941,125
stdmap_r3,match,1000,0.942,125
stdmap_r3,match,1000,0.943,125
stdmap_r3,match,1000,0.944,125
stdmap_r3,match,1000,0.945,125
stdmap_r3,match,1000,0.946,125
stdmap_r3,match,1000,0.947,125
stdmap_r3,match,1000,0.948,125
stdmap_r3,match,1000,0.949,125
stdmap_r3,match,1000,0.95,125
stdmap_r3,match,1000,0.951,125
stdmap_r3,match,1000,0.952,125
stdmap_r3,match,1000,0.953,125
stdmap_r3,match,1000,0.954,125
stdmap_r3,match,1000,0.955,125
stdmap_r3,match,1000,0.956,125
stdmap_r3,match,1000,0.957,125
stdmap_r3,match,1000,0.958,125
stdmap_r3,match,1000,0.959,125
stdmap_r3,match,1000,0.96,125
stdmap_r3,match,1000,0.961,125
stdmap_r3,match,1000,0.962,125
stdmap_r3,match,1000,0.963,125
stdmap_r3,match,1000,0.964,125
stdmap_r3,match,1000,0.965,125
stdmap_r3,match,1000,0.966,125
stdmap_r3,match,1000,0.967,125
stdmap_r3,match,1000,0.968,125
stdmap_r3,match,1000,0.969,125
stdmap_r3,match,1000,0.97,125
stdmap_r3,match,1000,0.971,125
stdmap_r3,match,1000,0.972,125
stdmap_r3,match,1000,0.973,125
stdmap_r3,match,1000,0.974,125
stdmap_r3,match,1000,0.975,166
stdmap_r3,match,1000,0.976,166
stdmap_r3,match,1000,0.977,166
stdmap_r3,match,1000,0.978,166
stdmap_r3,match,1000,0.979,166
stdmap_r3,match,1000,0.98,167
stdmap_r3,match,1000,0.981,167
stdmap_r3,match,1000,0.982,167
stdmap_r3,match,1000,0.983,167
stdmap_r3,match,1000,0.984,167
stdmap_r3,match,1000,0.985,167
stdmap_r3,match,1000,0.986,167
stdmap_r3,match,1000,0.987,167
stdmap_r3,match,1000,0.988,167
stdmap_r3,match,1000,0.989,208
stdmap_r3,match,1000,0.99,208
stdmap_r3,match,1000,0.991,208
stdmap_r3,match,1000,0.992,209
stdmap_r3,match,1000,0.993,209
stdmap_r3,match,1000,0.994,250
stdmap_r3,match,1000,0.995,250
stdmap_r3,match,1000,0.996,292
stdmap_r3,match,1000,0.997,334
stdmap_r3,match,1000,0.998,417
stdmap_r3,match,1000,0.999,625
stdmap_r3,add,10000,0,0
stdmap_r3,add,10000,0.001,41
stdmap_r3,add,10000,0.002,41
stdmap_r3,add,10000,0.003,41
stdmap_r3,add,10000,0.004,41
stdmap_r3,add,10000,0.005,41
stdmap_r3,add,10000,0.006,41
stdmap_r3,add,10000,0.007,42
stdmap_r3,add,10000,0.008,42
stdmap_r3,add,10000,0.009,42
stdmap_r3,add,10000,0.01,42
stdmap_r3,add,10000,0.011,42
stdmap_r3,add,10000,0.012,42
stdmap_r3,add,10000,0.013,42
stdmap_r3,add,10000,0.014,42
stdmap_r3,add,10000,0.015,42
stdmap_r3,add,10000,0.016,42
stdmap_r3,add,10000,0.017,42
stdmap_r3,add,10000,0.018,42
stdmap_r3,add,10000,0.019,42
stdmap_r3,add,10000,0.02,42
stdmap_r3,add,10000,0.021,83
stdmap_r3,add,10000,0.022,83
stdmap_r3,add,10000,0.023,83
stdmap_r3,add,10000,0.024,83
stdmap_r3,add,10000,0.025,83
stdmap_r3,add,10000,0.026,83
stdmap_r3,add,10000,0.027,83
stdmap_r3,add,10000,0.028,83
stdmap_r3,add,10000,0.029,83
stdmap_r3,add,10000,0.03,83
stdmap_r3,add,10000,0.031,83
stdmap_r3,add,10000,0.032,83
stdmap_r3,add,10000,0.033,83
stdmap_r3,add,10000,0.034,83
stdmap_r3,add,10000,0.035,83
stdmap_r3,add,10000,0.036,83
stdmap_r3,add,10000,0.037,83
stdmap_r3,add,10000,0.038,83
stdmap_r3,add,10000,0.039,83
stdmap_r3,add,10000,0.04,83
stdmap_r3,add,10000,0.041,83
stdmap_r3,add,10000,0.042,83
stdmap_r3,add,10000,0.043,83
stdmap_r3,add,10000,0.044,83
stdmap_r3,add,10000,0.045,83
stdmap_r3,add,10000,0.046,83
stdmap_r3,add,10000,0.047,83
stdmap_r3,add,10000,0.048,83
stdmap_r3,add,10000,0.049,83
stdmap_r3,add,10000,0.05,83
stdmap_r3,add,10000,0.051,83
stdmap_r3,add,10000,0.052,83
stdmap_r3,add,10000,0.053,83
stdmap_r3,add,10000,0.054,83
stdmap_r3,add,10000,0.055,83
stdmap_r3,add,10000,0.056,83
stdmap_r3,add,10000,0.057,83
stdmap_r3,add,10000,0.058,83
stdmap_r3,add,10000,0.059,83
stdmap_r3,add,10000,0.06,83
stdmap_r3,add,10000,0.061,83
stdmap_r3,add,10000,0.062,83
stdmap_r3,add,10000,0.063,83
stdmap_r3,add,10000,0.064,83
stdmap_r3,add,10000,0.065,83
stdmap_r3,add,10000,0.066,83
stdmap_r3,add,10000,0.067,83
stdmap_r3,add,10000,0.068,83
stdmap_r3,add,10000,0.069,83
stdmap_r3,add,10000,0.07,83
stdmap_r3,add,10000,0.071,83
stdmap_r3,add,10000,0.072,83
stdmap_r3,add,10000,0.073,83
stdmap_r3,add,10000,0.074,83
stdmap_r3,add,10000,0.075,83
stdmap_r3,add,10000,0.076,83
stdmap_r3,add,10000,0.077,83
stdmap_r3,add,10000,0.078,83
stdmap_r3,add,10000,0.079,83
stdmap_r3,add,10000,0.08,83
stdmap_r3,add,10000,0.081,83
stdmap_r3,add,10000,0.082,83
stdmap_r3,add,10000,0.083,83
stdmap_r3,add,10000,0.084,83
stdmap_r3,add,10000,0.085,83
stdmap_r3,add,10000,0.086,83
stdmap_r3,add,10000,0.087,83
stdmap_r3,add,10000,0.088,83
stdmap_r3,add,10000,0.089,83
stdmap_r3,add,10000,0.09,83
stdmap_r3,add,10000,0.091,83
stdmap_r3,add,10000,0.092,83
stdmap_r3,add,10000,0.093,83
stdmap_r3,add,10000,0.094,83
stdmap_r3,add,10000,0.095,83
stdmap_r3,add,10000,0.096,83
stdmap_r3,add,10000,0.097,83
stdmap_r3,add,10000,0.098,83
stdmap_r3,add,10000,0.099,83
stdmap_r3,add,10000,0.1,83
stdmap_r3,add,10000,0.101,83
stdmap_r3,add,10000,0.102,83
stdmap_r3,add,10000,0.103,83
stdmap_r3,add,10000,0.104,83
stdmap_r3,add,10000,0.105,83
stdmap_r3,add,10000,0.106,83
stdmap_r3,add,10000,0.107,83
stdmap_r3,add,10000,0.108,83
stdmap_r3,add,10000,0.109,83
stdmap_r3,add,10000,0.11,83
stdmap_r3,add,10000,0.111,83
stdmap_r3,add,10000,0.112,83
stdmap_r3,add,10000,0.113,83
stdmap_r3,add,10000,0.114,83
stdmap_r3,add,10000,0.115,83
stdmap_r3,add,10000,0.116,83
stdmap_r3,add,10000,0.117,83
stdmap_r3,add,10000,0.118,83
stdmap_r3,add,10000,0.119,83
stdmap_r3,add,10000,0.12,83
stdmap_r3,add,10000,0.121,83
stdmap_r3,add,10000,0.122,83
stdmap_r3,add,10000,0.123,83
stdmap_r3,add,10000,0.124,83
stdmap_r3,add,10000,0.125,83
stdmap_r3,add,10000,0.126,83
stdmap_r3,add,10000,0.127,83
stdmap_r3,add,10000,0.128,83
stdmap_r3,add,10000,0.129,83
stdmap_r3,add,10000,0.13,83
stdmap_r3,add,10000,0.131,83
stdmap_r3,add,10000,0.132,83
stdmap_r3,add,10000,0.133,83
stdmap_r3,add,10000,0.134,83
stdmap_r3,add,10000,0.135,83
stdmap_r3,add,10000,0.136,83
stdmap_r3,add,10000,0.137,83
stdmap_r3,add,10000,0.138,83
stdmap_r3,add,10000,0.139,83
stdmap_r3,add,10000,0.14,83
stdmap_r3,add,10000,0.141,83
stdmap_r3,add,10000,0.142,83
stdmap_r3,add,10000,0.143,83
stdmap_r3,add,10000,0.144,83
stdmap_r3,add,10000,0.145,83
stdmap_r3,add,10000,0.146,83
stdmap_r3,add,10000,0.147,83
stdmap_r3,add,10000,0.148,83
stdmap_r3,add,10000,0.149,83
stdmap_r3,add,10000,0.15,83
stdmap_r3,add,10000,0.151,83
stdmap_r3,add,10000,0.152,83
stdmap_r3,add,10000,0.153,83
stdmap_r3,add,10000,0.154,83
stdmap_r3,add,10000,0.155,83
stdmap_r3,add,10000,0.156,83
stdmap_r3,add,10000,0.157,83
stdmap_r3,add,10000,0.158,83
stdmap_r3,add,10000,0.159,83
stdmap_r3,add,10000,0.16,83
stdmap_r3,add,10000,0.161,83
stdmap_r3,add,10000,0.162,83
stdmap_r3,add,10000,0.163,83
stdmap_r3,add,10000,0.164,83
stdmap_r3,add,10000,0.165,83
stdmap_r3,add,10000,0.166,83
stdmap_r3,add,10000,0.167,83
stdmap_r3,add,10000,0.168,83
stdmap_r3,add,10000,0.169,83
stdmap_r3,add,10000,0.17,83
stdmap_r3,add,10000,0.171,83
stdmap_r3,add,10000,0.172,83
stdmap_r3,add,10000,0.173,83
stdmap_r3,add,10000,0.174,83
stdmap_r3,add,10000,0.175,83
stdmap_r3,add,10000,0.176,83
stdmap_r3,add,10000,0.177,83
stdmap_r3,add,10000,0.178,83
stdmap_r3,add,10000,0.179,83
stdmap_r3,add,10000,0.18,83
stdmap_r3,add,10000,0.181,83
stdmap_r3,add,10000,0.182,83
stdmap_r3,add,10000,0.183,83
stdmap_r3,add,10000,0.184,83
stdmap_r3,add,10000,0.185,83
stdmap_r3,add,10000,0.186,83
stdmap_r3,add,10000,0.187,84
stdmap_r3,add,10000,0.188,84
stdmap_r3,add,10000,0.189,84
stdmap_r3,add,10000,0.19,84
stdmap_r3,add,10000,0.191,84
stdmap_r3,add,10000,0.192,84
stdmap_r3,add,10000,0.193,84
stdmap_r3,add,10000,0.194,84
stdmap_r3,add,10000,0.195,84
stdmap_r3,add,10000,0.196,84
stdmap_r3,add,10000,0.197,84
stdmap_r3,add,10000,0.198,84
stdmap_r3,add,10000,0.199,84
stdmap_r3,add,10000,0.2,84
stdmap_r3,add,10000,0.201,84
stdmap_r3,add,10000,0.202,84
stdmap_r3,add,10000,0.203,84
stdmap_r3,add,10000,0.204,84
stdmap_r3,add,10000,0.205,84
stdmap_r3,add,10000,0.206,84
stdmap_r3,add,10000,0.207,84
stdmap_r3,add,10000,0.208,84
stdmap_r3,add,10000,0.209,84
stdmap_r3,add,10000,0.21,84
stdmap_r3,add,10000,0.211,84
stdmap_r3,add,10000,0.212,84
stdmap_r3,add,10000,0.213,84
stdmap_r3,add,10000,0.214,84
stdmap_r3,add,10000,0.215,84
stdmap_r3,add,10000,0.216,84
stdmap_r3,add,10000,0.217,84
stdmap_r3,add,10000,0.218,84
stdmap_r3,add,10000,0.219,84
stdmap_r3,add,10000,0.22,84
stdmap_r3,add,10000,0.221,84
stdmap_r3,add,10000,0.222,84
stdmap_r3,add,10000,0.223,84
stdmap_r3,add,10000,0.224,84
stdmap_r3,add,10000,0.225,84
stdmap_r3,add,10000,0.226,84
stdmap_r3,add,10000,0.227,84
stdmap_r3,add,10000,0.228,84
stdmap_r3,add,10000,0.229,84
stdmap_r3,add,10000,0.23,84
stdmap_r3,add,10000,0.231,84
stdmap_r3,add,10000,0.232,84
stdmap_r3,add,10000,0.233,84
stdmap_r3,add,10000,0.234,84
stdmap_r3,add,10000,0.235,84
stdmap_r3,add,10000,0.236,84
stdmap_r3,add,10000,0.237,84
stdmap_r3,add,10000,0.238,84
stdmap_r3,add,10000,0.239,84
stdmap_r3,add,10000,0.24,84
stdmap_r3,add,10000,0.241,84
stdmap_r3,add,10000,0.242,84
stdmap_r3,add,10000,0.243,84
stdmap_r3,add,10000,0.244,84
stdmap_r3,add,10000,0.245,84
stdmap_r3,add,10000,0.246,84
stdmap_r3,add,10000,0.247,84
stdmap_r3,add,10000,0.248,84
stdmap_r3,add,10000,0.249,84
stdmap_r3,add,10000,0.25,84
stdmap_r3,add,10000,0.251,84
stdmap_r3,add,10000,0.252,84
stdmap_r3,add,10000,0.253,84
stdmap_r3,add,10000,0.254,84
stdmap_r3,add,10000,0.255,84
stdmap_r3,add,10000,0.256,84
stdmap_r3,add,10000,0.257,84
stdmap_r3,add,10000,0.258,84
stdmap_r3,add,10000,0.259,84
stdmap_r3,add,10000,0.26,84
stdmap_r3,add,10000,0.261,84
stdmap_r3,add,10000,0.262,84
stdmap_r3,add,10000,0.263,84
stdmap_r3,add,10000,0.264,84
stdmap_r3,add,10000,0.265,84
stdmap_r3,add,10000,0.266,84
stdmap_r3,add,10000,0.267,84
stdmap_r3,add,10000,0.268,84
stdmap_r3,add,10000,0.269,84
stdmap_r3,add,10000,0.27,125
stdmap_r3,add,10000,0.271,125
stdmap_r3,add,10000,0.272,125
stdmap_r3,add,10000,0.273,125
stdmap_r3,add,10000,0.274,125
stdmap_r3,add,10000,0.275,125
stdmap_r3,add,10000,0.276,125
stdmap_r3,add,10000,0.277,125
stdmap_r3,add,10000,0.278,125
stdmap_r3,add,10000,0.279,125
stdmap_r3,add,10000,0.28,125
stdmap_r3,add,10000,0.281,125
stdmap_r3,add,10000,0.282,125
stdmap_r3,add,10000,0.283,125
stdmap_r3,add,10000,0.284,125
stdmap_r3,add,10000,0.285,125
stdmap_r3,add,10000,0.286,125
stdmap_r3,add,10000,0.287,125
stdmap_r3,add,10000,0.288,125
stdmap_r3,add,10000,0.289,125
stdmap_r3,add,10000,0.29,125
stdmap_r3,add,10000,0.291,125
stdmap_r3,add,10000,0.292,125
stdmap_r3,add,10000,0.293,125
stdmap_r3,add,10000,0.294,125
stdmap_r3,add,10000,0.295,125
stdmap_r3,add,10000,0.296,125
stdmap_r3,add,10000,0.297,125
stdmap_r3,add,10000,0.298,125
stdmap_r3,add,10000,0.299,125
stdmap_r3,add,10000,0.3,125
stdmap_r3,add,10000,0.301,125
stdmap_r3,add,10000,0.302,125
stdmap_r3,add,10000,0.303,125
stdmap_r3,add,10000,0.304,125
stdmap_r3,add,10000,0.305,125
stdmap_r3,add,10000,0.306,125
stdmap_r3,add,10000,0.307,125
stdmap_r3,add,10000,0.308,125
stdmap_r3,add,10000,0.309,125
stdmap_r3,add,10000,0.31,125
stdmap_r3,add,10000,0.311,125
stdmap_r3,add,10000,0.312,125
stdmap_r3,add,10000,0.313,125
stdmap_r3,add,10000,0.314,125
stdmap_r3,add,10000,0.315,125
stdmap_r3,add,10000,0.316,125
stdmap_r3,add,10000,0.317,125
stdmap_r3,add,10000,0.318,125
stdmap_r3,add,10000,0.319,125
stdmap_r3,add,10000,0.32,125
stdmap_r3,add,10000,0.321,125
stdmap_r3,add,10000,0.322,125
stdmap_r3,add,10000,0.323,125
stdmap_r3,add,10000,0.324,125
stdmap_r3,add,10000,0.325,125
stdmap_r3,add,10000,0.326,125
stdmap_r3,add,10000,0.327,125
stdmap_r3,add,10000,0.328,125
stdmap_r3,add,10000,0.329,125
stdmap_r3,add,10000,0.33,125
stdmap_r3,add,10000,0.331,125
stdmap_r3,add,10000,0.332,125
stdmap_r3,add,10000,0.333,125
stdmap_r3,add,10000,0.334,125
stdmap_r3,add,10000,0.335,125
stdmap_r3,add,10000,0.336,125
stdmap_r3,add,10000,0.337,125
stdmap_r3,add,10000,0.338,125
stdmap_r3,add,10000,0.339,125
stdmap_r3,add,10000,0.34,125
stdmap_r3,add,10000,0.341,125
stdmap_r3,add,10000,0.342,125
stdmap_r3,add,10000,0.343,125
stdmap_r3,add,10000,0.344,125
stdmap_r3,add,10000,0.345,125
stdmap_r3,add,10000,0.346,125
stdmap_r3,add,10000,0.347,125
stdmap_r3,add,10000,0.348,125
stdmap_r3,add,10000,0.349,125
stdmap_r3,add,10000,0.35,125
stdmap_r3,add,10000,0.351,125
stdmap_r3,add,10000,0.352,125
stdmap_r3,add,10000,0.353,125
stdmap_r3,add,10000,0.354,125
stdmap_r3,add,10000,0.355,125
stdmap_r3,add,10000,0.356,125
stdmap_r3,add,10000,0.357,125
stdmap_r3,add,10000,0.358,125
stdmap_r3,add,10000,0.359,125
stdmap_r3,add,10000,0.36,125
stdmap_r3,add,10000,0.361,125
stdmap_r3,add,10000,0.362,125
stdmap_r3,add,10000,0.363,125
stdmap_r3,add,10000,0.364,125
stdmap_r3,add,10000,0.365,125
stdmap_r3,add,10000,0.366,125
stdmap_r3,add,10000,0.367,125
stdmap_r3,add,10000,0.368,125
stdmap_r3,add,10000,0.369,125
stdmap_r3,add,10000,0.37,125
stdmap_r3,add,10000,0.371,125
stdmap_r3,add,10000,0.372,125
stdmap_r3,add,10000,0.373,125
stdmap_r3,add,10000,0.374,125
stdmap_r3,add,10000,0.375,125
stdmap_r3,add,10000,0.376,125
stdmap_r3,add,10000,0.377,125
stdmap_r3,add,10000,0.378,125
stdmap_r3,add,10000,0.379,125
stdmap_r3,add,10000,0.38,125
stdmap_r3,add,10000,0.381,125
stdmap_r3,add,10000,0.382,125
stdmap_r3,add,10000,0.383,125
stdmap_r3,add,10000,0.384,125
stdmap_r3,add,10000,0.385,125
stdmap_r3,add,10000,0.386,125
stdmap_r3,add,10000,0.387,125
stdmap_r3,add,10000,0.388,125
stdmap_r3,add,10000,0.389,125
stdmap_r3,add,10000,0.39,125
stdmap_r3,add,10000,0.391,125
stdmap_r3,add,10000,0.392,125
stdmap_r3,add,10000,0.393,125
stdmap_r3,add,10000,0.394,125
stdmap_r3,add,10000,0.395,125
stdmap_r3,add,10000,0.396,125
stdmap_r3,add,10000,0.397,125
stdmap_r3,add,10000,0.398,125
stdmap_r3,add,10000,0.399,125
stdmap_r3,add,10000,0.4,125
stdmap_r3,add,10000,0.401,125
stdmap_r3,add,10000,0.402,125
stdmap_r3,add,10000,0.403,125
stdmap_r3,add,10000,0.404,125
stdmap_r3,add,10000,0.405,125
stdmap_r3,add,10000,0.406,125
stdmap_r3,add,10000,0.407,125
stdmap_r3,add,10000,0.408,125
stdmap_r3,add,10000,0.409,125
stdmap_r3,add,10000,0.41,125
stdmap_r3,add,10000,0.411,125
stdmap_r3,add,10000,0.412,125
stdmap_r3,add,10000,0.413,125
stdmap_r3,add,10000,0.414,125
stdmap_r3,add,10000,0.415,125
stdmap_r3,add,10000,0.416,125
stdmap_r3,add,10000,0.417,125
stdmap_r3,add,10000,0.418,125
stdmap_r3,add,10000,0.419,125
stdmap_r3,add,10000,0.42,125
stdmap_r3,add,10000,0.421,125
stdmap_r3,add,10000,0.422,125
stdmap_r3,add,10000,0.423,125
stdmap_r3,add,10000,0.424,125
stdmap_r3,add,10000,0.425,125
stdmap_r3,add,10000,0.426,125
stdmap_r3,add,10000,0.427,125
stdmap_r3,add,10000,0.428,125
stdmap_r3,add,10000,0.429,125
stdmap_r3,add,10000,0.43,125
stdmap_r3,add,10000,0.431,125
stdmap_r3,add,10000,0.432,125
stdmap_r3,add,10000,0.433,125
stdmap_r3,add,10000,0.434,125
stdmap_r3,add,10000,0.435,125
stdmap_r3,add,10000,0.436,125
stdmap_r3,add,10000,0.437,125
stdmap_r3,add,10000,0.438,125
stdmap_r3,add,10000,0.439,125
stdmap_r3,add,10000,0.44,125
stdmap_r3,add,10000,0.441,125
stdmap_r3,add,10000,0.442,125
stdmap_r3,add,10000,0.443,125
stdmap_r3,add,10000,0.444,125
stdmap_r3,add,10000,0.445,125
stdmap_r3,add,10000,0.446,125
stdmap_r3,add,10000,0.447,125
stdmap_r3,add,10000,0.448,125
stdmap_r3,add,10000,0.449,125
stdmap_r3,add,10000,0.45,125
stdmap_r3,add,10000,0.451,125
stdmap_r3,add,10000,0.452,125
stdmap_r3,add,10000,0.453,125
stdmap_r3,add,10000,0.454,125
stdmap_r3,add,10000,0.455,125
stdmap_r3,add,10000,0.456,125
stdmap_r3,add,10000,0.457,125
stdmap_r3,add,10000,0.458,125
stdmap_r3,add,10000,0.459,125
stdmap_r3,add,10000,0.46,125
stdmap_r3,add,10000,0.461,125
stdmap_r3,add,10000,0.462,125
stdmap_r3,add,10000,0.463,125
stdmap_r3,add,10000,0.464,125
stdmap_r3,add,10000,0.465,125
stdmap_r3,add,10000,0.466,125
stdmap_r3,add,10000,0.467,125
stdmap_r3,add,10000,0.468,125
stdmap_r3,add,10000,0.469,125
stdmap_r3,add,10000,0.47,125
stdmap_r3,add,10000,0.471,125
stdmap_r3,add,10000,0.472,125
stdmap_r3,add,10000,0.473,125
stdmap_r3,add,10000,0.474,125
stdmap_r3,add,10000,0.475,125
stdmap_r3,add,10000,0.476,125
stdmap_r3,add,10000,0.477,125
stdmap_r3,add,10000,0.478,125
stdmap_r3,add,10000,0.479,125
stdmap_r3,add,10000,0.48,125
stdmap_r3,add,10000,0.481,125
stdmap_r3,add,10000,0.482,125
stdmap_r3,add,10000,0.483,125
stdmap_r3,add,10000,0.484,125
stdmap_r3,add,10000,0.485,125
stdmap_r3,add,10000,0.486,125
stdmap_r3,add,10000,0.487,125
stdmap_r3,add,10000,0.488,125
stdmap_r3,add,10000,0.489,125
stdmap_r3,add,10000,0.49,125
stdmap_r3,add,10000,0.491,125
stdmap_r3,add,10000,0.492,125
stdmap_r3,add,10000,0.493,125
stdmap_r3,add,10000,0.494,125
stdmap_r3,add,10000,0.495,125
stdmap_r3,add,10000,0.496,125
stdmap_r3,add,10000,0.497,125
stdmap_r3,add,10000,0.498,125
stdmap_r3,add,10000,0.499,125
stdmap_r3,add,10000,0.5,125
stdmap_r3,add,10000,0.501,125
stdmap_r3,add,10000,0.502,125
stdmap_r3,add,10000,0.503,125
stdmap_r3,add,10000,0.504,125
stdmap_r3,add,10000,0.505,125
stdmap_r3,add,10000,0.506,125
stdmap_r3,add,10000,0.507,125
stdmap_r3,add,10000,0.508,125
stdmap_r3,add,10000,0.509,125
stdmap_r3,add,10000,0.51,125
stdmap_r3,add,10000,0.511,125
stdmap_r3,add,10000,0.512,125
stdmap_r3,add,10000,0.513,125
stdmap_r3,add,10000,0.514,125
stdmap_r3,add,10000,0.515,125
stdmap_r3,add,10000,0.516,125
stdmap_r3,add,10000,0.517,125
stdmap_r3,add,10000,0.518,125
stdmap_r3,add,10000,0.519,125
stdmap_r3,add,10000,0.52,125
stdmap_r3,add,10000,0.521,125
stdmap_r3,add,10000,0.522,125
stdmap_r3,add,10000,0.523,125
stdmap_r3,add,10000,0.524,125
stdmap_r3,add,10000,0.525,125
stdmap_r3,add,10000,0.526,125
stdmap_r3,add,10000,0.527,125
stdmap_r3,add,10000,0.528,125
stdmap_r3,add,10000,0.529,125
stdmap_r3,add,10000,0.53,125
stdmap_r3,add,10000,0.531,125
stdmap_r3,add,10000,0.532,125
stdmap_r3,add,10000,0.533,125
stdmap_r3,add,10000,0.534,125
stdmap_r3,add,10000,0.535,125
stdmap_r3,add,10000,0.536,125
stdmap_r3,add,10000,0.537,125
stdmap_r3,add,10000,0.538,125
stdmap_r3,add,10000,0.539,125
stdmap_r3,add,10000,0.54,125
stdmap_r3,add,10000,0.541,125
stdmap_r3,add,10000,0.542,125
stdmap_r3,add,10000,0.543,125
stdmap_r3,add,10000,0.544,125
stdmap_r3,add,10000,0.545,125
stdmap_r3,add,10000,0.546,125
stdmap_r3,add,10000,0.547,125
stdmap_r3,add,10000,0.548,125
stdmap_r3,add,10000,0.549,125
stdmap_r3,add,10000,0.55,125
stdmap_r3,add,10000,0.551,125
stdmap_r3,add,10000,0.552,125
stdmap_r3,add,10000,0.553,125
stdmap_r3,add,10000,0.554,125
stdmap_r3,add,10000,0.555,125
stdmap_r3,add,10000,0.556,125
stdmap_r3,add,10000,0.557,125
stdmap_r3,add,10000,0.558,125
stdmap_r3,add,10000,0.559,125
stdmap_r3,add,10000,0.56,125
stdmap_r3,add,10000,0.561,125
stdmap_r3,add,10000,0.562,125
stdmap_r3,add,10000,0.563,125
stdmap_r3,add,10000,0.564,125
stdmap_r3,add,10000,0.565,125
stdmap_r3,add,10000,0.566,125
stdmap_r3,add,10000,0.567,125
stdmap_r3,add,10000,0.568,125
stdmap_r3,add,10000,0.569,125
stdmap_r3,add,10000,0.57,125
stdmap_r3,add,10000,0.571,125
stdmap_r3,add,10000,0.572,125
stdmap_r3,add,10000,0.573,125
stdmap_r3,add,10000,0.574,125
stdmap_r3,add,10000,0.575,125
stdmap_r3,add,10000,0.576,125
stdmap_r3,add,10000,0.577,125
stdmap_r3,add,10000,0.578,125
stdmap_r3,add,10000,0.579,125
stdmap_r3,add,10000,0.58,125
stdmap_r3,add,10000,0.581,125
stdmap_r3,add,10000,0.582,125
stdmap_r3,add,10000,0.583,125
stdmap_r3,add,10000,0.584,125
stdmap_r3,add,10000,0.585,125
stdmap_r3,add,10000,0.586,125
stdmap_r3,add,10000,0.587,125
stdmap_r3,add,10000,0.588,125
stdmap_r3,add,10000,0.589,125
stdmap_r3,add,10000,0.59,125
stdmap_r3,add,10000,0.591,125
stdmap_r3,add,10000,0.592,125
stdmap_r3,add,10000,0.593,125
stdmap_r3,add,10000,0.594,125
stdmap_r3,add,10000,0.595,125
stdmap_r3,add,10000,0.596,125
stdmap_r3,add,10000,0.597,125
stdmap_r3,add,10000,0.598,125
stdmap_r3,add,10000,0.599,125
stdmap_r3,add,10000,0.6,125
stdmap_r3,add,10000,0.601,125
stdmap_r3,add,10000,0.602,125
stdmap_r3,add,10000,0.603,125
stdmap_r3,add,10000,0.604,125
stdmap_r3,add,10000,0.605,125
stdmap_r3,add,10000,0.606,125
stdmap_r3,add,10000,0.607,125
stdmap_r3,add,10000,0.608,125
stdmap_r3,add,10000,0.609,125
stdmap_r3,add,10000,0.61,125
stdmap_r3,add,10000,0.611,125
stdmap_r3,add,10000,0.612,125
stdmap_r3,add,10000,0.613,125
stdmap_r3,add,10000,0.614,125
stdmap_r3,add,10000,0.615,125
stdmap_r3,add,10000,0.616,125
stdmap_r3,add,10000,0.617,125
stdmap_r3,add,10000,0.618,125
stdmap_r3,add,10000,0.619,125
stdmap_r3,add,10000,0.62,125
stdmap_r3,add,10000,0.621,125
stdmap_r3,add,10000,0.622,125
stdmap_r3,add,10000,0.623,125
stdmap_r3,add,10000,0.624,125
stdmap_r3,add,10000,0.625,125
stdmap_r3,add,10000,0.626,125
stdmap_r3,add,10000,0.627,125
stdmap_r3,add,10000,0.628,125
stdmap_r3,add,10000,0.629,125
stdmap_r3,add,10000,0.63,125
stdmap_r3,add,10000,0.631,125
stdmap_r3,add,10000,0.632,125
stdmap_r3,add,10000,0.633,125
stdmap_r3,add,10000,0.634,125
stdmap_r3,add,10000,0.635,125
stdmap_r3,add,10000,0.636,125
stdmap_r3,add,10000,0.637,125
stdmap_r3,add,10000,0.638,125
stdmap_r3,add,10000,0.639,125
stdmap_r3,add,10000,0.64,125
stdmap_r3,add,10000,0.641,125
stdmap_r3,add,10000,0.642,125
stdmap_r3,add,10000,0.643,125
stdmap_r3,add,10000,0.644,125
stdmap_r3,add,10000,0.645,125
stdmap_r3,add,10000,0.646,125
stdmap_r3,add,10000,0.647,125
stdmap_r3,add,10000,0.648,125
stdmap_r3,add,10000,0.649,125
stdmap_r3,add,10000,0.65,125
stdmap_r3,add,10000,0.651,125
stdmap_r3,add,10000,0.652,125
stdmap_r3,add,10000,0.653,125
stdmap_r3,add,10000,0.654,125
stdmap_r3,add,10000,0.655,125
stdmap_r3,add,10000,0.656,125
stdmap_r3,add,10000,0.657,125
stdmap_r3,add,10000,0.658,125
stdmap_r3,add,10000,0.659,125
stdmap_r3,add,10000,0.66,125
stdmap_r3,add,10000,0.661,125
stdmap_r3,add,10000,0.662,125
stdmap_r3,add,10000,0.663,125
stdmap_r3,add,10000,0.664,125
stdmap_r3,add,10000,0.665,125
stdmap_r3,add,10000,0.666,125
stdmap_r3,add,10000,0.667,125
stdmap_r3,add,10000,0.668,125
stdmap_r3,add,10000,0.669,125
stdmap_r3,add,10000,0.67,125
stdmap_r3,add,10000,0.671,125
stdmap_r3,add,10000,0.672,125
stdmap_r3,add,10000,0.673,125
stdmap_r3,add,10000,0.674,125
stdmap_r3,add,10000,0.675,125
stdmap_r3,add,10000,0.676,125
stdmap_r3,add,10000,0.677,125
stdmap_r3,add,10000,0.678,125
stdmap_r3,add,10000,0.679,125
stdmap_r3,add,10000,0.68,125
stdmap_r3,add,10000,0.681,125
stdmap_r3,add,10000,0.682,125
stdmap_r3,add,10000,0.683,125
stdmap_r3,add,10000,0.684,125
stdmap_r3,add,10000,0.685,125
stdmap_r3,add,10000,0.686,125
stdmap_r3,add,10000,0.687,125
stdmap_r3,add,10000,0.688,125
stdmap_r3,add,10000,0.689,125
stdmap_r3,add,10000,0.69,125
stdmap_r3,add,10000,0.691,125
stdmap_r3,add,10000,0.692,125
stdmap_r3,add,10000,0.693,125
stdmap_r3,add,10000,0.694,125
stdmap_r3,add,10000,0.695,125
stdmap_r3,add,10000,0.696,125
stdmap_r3,add,10000,0.697,125
stdmap_r3,add,10000,0.698,125
stdmap_r3,add,10000,0.699,125
stdmap_r3,add,10000,0.7,125
stdmap_r3,add,10000,0.701,125
stdmap_r3,add,10000,0.702,125
stdmap_r3,add,10000,0.703,125
stdmap_r3,add,10000,0.704,125
stdmap_r3,add,10000,0.705,125
stdmap_r3,add,10000,0.706,125
stdmap_r3,add,10000,0.707,125
stdmap_r3,add,10000,0.708,125
stdmap_r3,add,10000,0.709,125
stdmap_r3,add,10000,0.71,125
stdmap_r3,add,10000,0.711,125
stdmap_r3,add,10000,0.712,125
stdmap_r3,add,10000,0.713,125
stdmap_r3,add,10000,0.714,125
stdmap_r3,add,10000,0.715,125
stdmap_r3,add,10000,0.716,125
stdmap_r3,add,10000,0.717,125
stdmap_r3,add,10000,0.718,125
stdmap_r3,add,10000,0.719,125
stdmap_r3,add,10000,0.72,125
stdmap_r3,add,10000,0.721,125
stdmap_r3,add,10000,0.722,125
stdmap_r3,add,10000,0.723,125
stdmap_r3,add,10000,0.724,125
stdmap_r3,add,10000,0.725,125
stdmap_r3,add,10000,0.726,125
stdmap_r3,add,10000,0.727,125
stdmap_r3,add,10000,0.728,125
stdmap_r3,add,10000,0.729,125
stdmap_r3,add,10000,0.73,125
stdmap_r3,add,10000,0.731,125
stdmap_r3,add,10000,0.732,125
stdmap_r3,add,10000,0.733,125
stdmap_r3,add,10000,0.734,125
stdmap_r3,add,10000,0.735,125
stdmap_r3,add,10000,0.736,125
stdmap_r3,add,10000,0.737,125
stdmap_r3,add,10000,0.738,125
stdmap_r3,add,10000,0.739,125
stdmap_r3,add,10000,0.74,125
stdmap_r3,add,10000,0.741,125
stdmap_r3,add,10000,0.742,125
stdmap_r3,add,10000,0.743,125
stdmap_r3,add,10000,0.744,125
stdmap_r3,add,10000,0.745,125
stdmap_r3,add,10000,0.746,125
stdmap_r3,add,10000,0.747,125
stdmap_r3,add,10000,0.748,125
stdmap_r3,add,10000,0.749,125
stdmap_r3,add,10000,0.75,125
stdmap_r3,add,10000,0.751,125
stdmap_r3,add,10000,0.752,125
stdmap_r3,add,10000,0.753,125
stdmap_r3,add,10000,0.754,125
stdmap_r3,add,10000,0.755,125
stdmap_r3,add,10000,0.756,125
stdmap_r3,add,10000,0.757,125
stdmap_r3,add,10000,0.758,125
stdmap_r3,add,10000,0.759,125
stdmap_r3,add,10000,0.76,125
stdmap_r3,add,10000,0.761,125
stdmap_r3,add,10000,0.762,125
stdmap_r3,add,10000,0.763,125
stdmap_r3,add,10000,0.764,125
stdmap_r3,add,10000,0.765,125
stdmap_r3,add,10000,0.766,125
stdmap_r3,add,10000,0.767,125
stdmap_r3,add,10000,0.768,125
stdmap_r3,add,10000,0.769,125
stdmap_r3,add,10000,0.77,125
stdmap_r3,add,10000,0.771,125
stdmap_r3,add,10000,0.772,125
stdmap_r3,add,10000,0.773,125
stdmap_r3,add,10000,0.774,125
stdmap_r3,add,10000,0.775,166
stdmap_r3,add,10000,0.776,166
stdmap_r3,add,10000,0.777,166
stdmap_r3,add,10000,0.778,166
stdmap_r3,add,10000,0.779,166
stdmap_r3,add,10000,0.78,166
stdmap_r3,add,10000,0.781,166
stdmap_r3,add,10000,0.782,166
stdmap_r3,add,10000,0.783,166
stdmap_r3,add,10000,0.784,166
stdmap_r3,add,10000,0.785,166
stdmap_r3,add,10000,0.786,166
stdmap_r3,add,10000,0.787,166
stdmap_r3,add,10000,0.788,166
stdmap_r3,add,10000,0.789,166
stdmap_r3,add,10000,0.79,166
stdmap_r3,add,10000,0.791,166
stdmap_r3,add,10000,0.792,166
stdmap_r3,add,10000,0.793,166
stdmap_r3,add,10000,0.794,166
stdmap_r3,add,10000,0.795,166
stdmap_r3,add,10000,0.796,166
stdmap_r3,add,10000,0.797,166
stdmap_r3,add,10000,0.798,166
stdmap_r3,add,10000,0.799,166
stdmap_r3,add,10000,0.8,166
stdmap_r3,add,10000,0.801,166
stdmap_r3,add,10000,0.802,166
stdmap_r3,add,10000,0.803,166
stdmap_r3,add,10000,0.804,166
stdmap_r3,add,10000,0.805,166
stdmap_r3,add,10000,0.806,166
stdmap_r3,add,10000,0.807,166
stdmap_r3,add,10000,0.808,166
stdmap_r3,add,10000,0.809,166
stdmap_r3,add,10000,0.81,166
stdmap_r3,add,10000,0.811,166
stdmap_r3,add,10000,0.812,166
stdmap_r3,add,10000,0.813,166
stdmap_r3,add,10000,0.814,166
stdmap_r3,add,10000,0.815,166
stdmap_r3,add,10000,0.816,166
stdmap_r3,add,10000,0.817,166
stdmap_r3,add,10000,0.818,166
stdmap_r3,add,10000,0.819,166
stdmap_r3,add,10000,0.82,166
stdmap_r3,add,10000,0.821,166
stdmap_r3,add,10000,0.822,166
stdmap_r3,add,10000,0.823,166
stdmap_r3,add,10000,0.824,166
stdmap_r3,add,10000,0.825,166
stdmap_r3,add,10000,0.826,166
stdmap_r3,add,10000,0.827,166
stdmap_r3,add,10000,0.828,166
stdmap_r3,add,10000,0.829,166
stdmap_r3,add,10000,0.83,166
stdmap_r3,add,10000,0.831,166
stdmap_r3,add,10000,0.832,166
stdmap_r3,add,10000,0.833,166
stdmap_r3,add,10000,0.834,166
stdmap_r3,add,10000,0.835,166
stdmap_r3,add,10000,0.836,167
stdmap_r3,add,10000,0.837,167
stdmap_r3,add,10000,0.838,167
stdmap_r3,add,10000,0.839,167
stdmap_r3,add,10000,0.84,167
stdmap_r3,add,10000,0.841,167
stdmap_r3,add,10000,0.842,167
stdmap_r3,add,10000,0.843,167
stdmap_r3,add,10000,0.844,167
stdmap_r3,add,10000,0.845,167
stdmap_r3,add,10000,0.846,167
stdmap_r3,add,10000,0.847,167
stdmap_r3,add,10000,0.848,167
stdmap_r3,add,10000,0.849,167
stdmap_r3,add,10000,0.85,167
stdmap_r3,add,10000,0.851,167
stdmap_r3,add,10000,0.852,167
stdmap_r3,add,10000,0.853,167
stdmap_r3,add,10000,0.854,167
stdmap_r3,add,10000,0.855,167
stdmap_r3,add,10000,0.856,167
stdmap_r3,add,10000,0.857,167
stdmap_r3,add,10000,0.858,167
stdmap_r3,add,10000,0.859,167
stdmap_r3,add,10000,0.86,167
stdmap_r3,add,10000,0.861,167
stdmap_r3,add,10000,0.862,167
stdmap_r3,add,10000,0.863,167
stdmap_r3,add,10000,0.864,167
stdmap_r3,add,10000,0.865,167
stdmap_r3,add,10000,0.866,167
stdmap_r3,add,10000,0.867,167
stdmap_r3,add,10000,0.868,167
stdmap_r3,add,10000,0.869,167
stdmap_r3,add,10000,0.87,167
stdmap_r3,add,10000,0.871,167
stdmap_r3,add,10000,0.872,167
stdmap_r3,add,10000,0.873,167
stdmap_r3,add,10000,0.874,167
stdmap_r3,add,10000,0.875,167
stdmap_r3,add,10000,0.876,167
stdmap_r3,add,10000,0.877,167
stdmap_r3,add,10000,0.878,167
stdmap_r3,add,10000,0.879,167
stdmap_r3,add,10000,0.88,167
stdmap_r3,add,10000,0.881,167
stdmap_r3,add,10000,0.882,167
stdmap_r3,add,10000,0.883,167
stdmap_r3,add,10000,0.884,167
stdmap_r3,add,10000,0.885,167
stdmap_r3,add,10000,0.886,167
stdmap_r3,add,10000,0.887,167
stdmap_r3,add,10000,0.888,167
stdmap_r3,add,10000,0.889,167
stdmap_r3,add,10000,0.89,167
stdmap_r3,add,10000,0.891,167
stdmap_r3,add,10000,0.892,167
stdmap_r3,add,10000,0.893,167
stdmap_r3,add,10000,0.894,167
stdmap_r3,add,10000,0.895,167
stdmap_r3,add,10000,0.896,167
stdmap_r3,add,10000,0.897,167
stdmap_r3,add,10000,0.898,167
stdmap_r3,add,10000,0.899,167
stdmap_r3,add,10000,0.9,167
stdmap_r3,add,10000,0.901,167
stdmap_r3,add,10000,0.902,167
stdmap_r3,add,10000,0.903,167
stdmap_r3,add,10000,0.904,167
stdmap_r3,add,10000,0.905,167
stdmap_r3,add,10000,0.906,167
stdmap_r3,add,10000,0.907,167
stdmap_r3,add,10000,0.908,167
stdmap_r3,add,10000,0.909,167
stdmap_r3,add,10000,0.91,167
stdmap_r3,add,10000,0.911,167
stdmap_r3,add,10000,0.912,167
stdmap_r3,add,10000,0.913,167
stdmap_r3,add,10000,0.914,167
stdmap_r3,add,10000,0.915,167
stdmap_r3,add,10000,0.916,167
stdmap_r3,add,10000,0.917,167
stdmap_r3,add,10000,0.918,167
stdmap_r3,add,10000,0.919,167
stdmap_r3,add,10000,0.92,167
stdmap_r3,add,10000,0.921,167
stdmap_r3,add,10000,0.922,167
stdmap_r3,add,10000,0.923,167
stdmap_r3,add,10000,0.924,167
stdmap_r3,add,10000,0.925,167
stdmap_r3,add,10000,0.926,167
stdmap_r3,add,10000,0.927,167
stdmap_r3,add,10000,0.928,167
stdmap_r3,add,10000,0.929,167
stdmap_r3,add,10000,0.93,167
stdmap_r3,add,10000,0.931,167
stdmap_r3,add,10000,0.932,167
stdmap_r3,add,10000,0.933,167
stdmap_r3,add,10000,0.934,167
stdmap_r3,add,10000,0.935,167
stdmap_r3,add,10000,0.936,167
stdmap_r3,add,10000,0.937,167
stdmap_r3,add,10000,0.938,167
stdmap_r3,add,10000,0.939,167
stdmap_r3,add,10000,0.94,167
stdmap_r3,add,10000,0.941,167
stdmap_r3,add,10000,0.942,167
stdmap_r3,add,10000,0.943,167
stdmap_r3,add,10000,0.944,167
stdmap_r3,add,10000,0.945,167
stdmap_r3,add,10000,0.946,167
stdmap_r3,add,10000,0.947,167
stdmap_r3,add,10000,0.948,167
stdmap_r3,add,10000,0.949,167
stdmap_r3,add,10000,0.95,167
stdmap_r3,add,10000,0.951,167
stdmap_r3,add,10000,0.952,167
stdmap_r3,add,10000,0.953,167
stdmap_r3,add,10000,0.954,167
stdmap_r3,add,10000,0.955,167
stdmap_r3,add,10000,0.956,167
stdmap_r3,add,10000,0.957,208
stdmap_r3,add,10000,0.958,208
stdmap_r3,add,10000,0.959,208
stdmap_r3,add,10000,0.96,208
stdmap_r3,add,10000,0.961,208
stdmap_r3,add,10000,0.962,208
stdmap_r3,add,10000,0.963,208
stdmap_r3,add,10000,0.964,208
stdmap_r3,add,10000,0.965,208
stdmap_r3,add,10000,0.966,208
stdmap_r3,add,10000,0.967,208
stdmap_r3,add,10000,0.968,208
stdmap_r3,add,10000,0.969,208
stdmap_r3,add,10000,0.97,208
stdmap_r3,add,10000,0.971,208
stdmap_r3,add,10000,0.972,208
stdmap_r3,add,10000,0.973,208
stdmap_r3,add,10000,0.974,208
stdmap_r3,add,10000,0.975,208
stdmap_r3,add,10000,0.976,209
stdmap_r3,add,10000,0.977,209
stdmap_r3,add,10000,0.978,209
stdmap_r3,add,10000,0.979,209
stdmap_r3,add,10000,0.98,209
stdmap_r3,add,10000,0.981,209
stdmap_r3,add,10000,0.982,209
stdmap_r3,add,10000,0.983,209
stdmap_r3,add,10000,0.984,209
stdmap_r3,add,10000,0.985,209
stdmap_r3,add,10000,0.986,250
stdmap_r3,add,10000,0.987,250
stdmap_r3,add,10000,0.988,250
stdmap_r3,add,10000,0.989,250
stdmap_r3,add,10000,0.99,250
stdmap_r3,add,10000,0.991,250
stdmap_r3,add,10000,0.992,292
stdmap_r3,add,10000,0.993,292
stdmap_r3,add,10000,0.994,333
stdmap_r3,add,10000,0.995,334
stdmap_r3,add,10000,0.996,375
stdmap_r3,add,10000,0.997,417
stdmap_r3,add,10000,0.998,500
stdmap_r3,add,10000,0.999,625
stdmap_r3,cancel,10000,0,0
stdmap_r3,cancel,10000,0.001,42
stdmap_r3,cancel,10000,0.002,83
stdmap_r3,cancel,10000,0.003,83
stdmap_r3,cancel,10000,0.004,83
stdmap_r3,cancel,10000,0.005,83
stdmap_r3,cancel,10000,0.006,83
stdmap_r3,cancel,10000,0.007,83
stdmap_r3,cancel,10000,0.008,83
stdmap_r3,cancel,10000,0.009,83
stdmap_r3,cancel,10000,0.01,83
stdmap_r3,cancel,10000,0.011,83
stdmap_r3,cancel,10000,0.012,83
stdmap_r3,cancel,10000,0.013,83
stdmap_r3,cancel,10000,0.014,83
stdmap_r3,cancel,10000,0.015,83
stdmap_r3,cancel,10000,0.016,83
stdmap_r3,cancel,10000,0.017,84
stdmap_r3,cancel,10000,0.018,84
stdmap_r3,cancel,10000,0.019,84
stdmap_r3,cancel,10000,0.02,84
stdmap_r3,cancel,10000,0.021,84
stdmap_r3,cancel,10000,0.022,84
stdmap_r3,cancel,10000,0.023,84
stdmap_r3,cancel,10000,0.024,125
stdmap_r3,cancel,10000,0.025,125
stdmap_r3,cancel,10000,0.026,125
stdmap_r3,cancel,10000,0.027,125
stdmap_r3,cancel,10000,0.028,125
stdmap_r3,cancel,10000,0.029,125
stdmap_r3,cancel,10000,0.03,125
stdmap_r3,cancel,10000,0.031,125
stdmap_r3,cancel,10000,0.032,125
stdmap_r3,cancel,10000,0.033,125
stdmap_r3,cancel,10000,0.034,125
stdmap_r3,cancel,10000,0.035,125
stdmap_r3,cancel,10000,0.036,125
stdmap_r3,cancel,10000,0.037,125
stdmap_r3,cancel,10000,0.038,125
stdmap_r3,cancel,10000,0.039,125
stdmap_r3,cancel,10000,0.04,125
stdmap_r3,cancel,10000,0.041,125
stdmap_r3,cancel,10000,0.042,125
stdmap_r3,cancel,10000,0.043,125
stdmap_r3,cancel,10000,0.044,125
stdmap_r3,cancel,10000,0.045,125
stdmap_r3,cancel,10000,0.046,125
stdmap_r3,cancel,10000,0.047,125
stdmap_r3,cancel,10000,0.048,125
stdmap_r3,cancel,10000,0.049,125
stdmap_r3,cancel,10000,0.05,125
stdmap_r3,cancel,10000,0.051,125
stdmap_r3,cancel,10000,0.052,125
stdmap_r3,cancel,10000,0.053,125
stdmap_r3,cancel,10000,0.054,125
stdmap_r3,cancel,10000,0.055,125
stdmap_r3,cancel,10000,0.056,125
stdmap_r3,cancel,10000,0.057,125
stdmap_r3,cancel,10000,0.058,125
stdmap_r3,cancel,10000,0.059,125
stdmap_r3,cancel,10000,0.06,125
stdmap_r3,cancel,10000,0.061,125
stdmap_r3,cancel,10000,0.062,125
stdmap_r3,cancel,10000,0.063,125
stdmap_r3,cancel,10000,0.064,125
stdmap_r3,cancel,10000,0.065,125
stdmap_r3,cancel,10000,0.066,125
stdmap_r3,cancel,10000,0.067,125
stdmap_r3,cancel,10000,0.068,125
stdmap_r3,cancel,10000,0.069,125
stdmap_r3,cancel,10000,0.07,125
stdmap_r3,cancel,10000,0.071,125
stdmap_r3,cancel,10000,0.072,125
stdmap_r3,cancel,10000,0.073,125
stdmap_r3,cancel,10000,0.074,125
stdmap_r3,cancel,10000,0.075,125
stdmap_r3,cancel,10000,0.076,125
stdmap_r3,cancel,10000,0.077,125
stdmap_r3,cancel,10000,0.078,125
stdmap_r3,cancel,10000,0.079,125
stdmap_r3,cancel,10000,0.08,125
stdmap_r3,cancel,10000,0.081,125
stdmap_r3,cancel,10000,0.082,125
stdmap_r3,cancel,10000,0.083,125
stdmap_r3,cancel,10000,0.084,125
stdmap_r3,cancel,10000,0.085,125
stdmap_r3,cancel,10000,0.086,125
stdmap_r3,cancel,10000,0.087,125
stdmap_r3,cancel,10000,0.088,125
stdmap_r3,cancel,10000,0.089,125
stdmap_r3,cancel,10000,0.09,125
stdmap_r3,cancel,10000,0.091,125
stdmap_r3,cancel,10000,0.092,125
stdmap_r3,cancel,10000,0.093,125
stdmap_r3,cancel,10000,0.094,125
stdmap_r3,cancel,10000,0.095,125
stdmap_r3,cancel,10000,0.096,125
stdmap_r3,cancel,10000,0.097,125
stdmap_r3,cancel,10000,0.098,125
stdmap_r3,cancel,10000,0.099,125
stdmap_r3,cancel,10000,0.1,125
stdmap_r3,cancel,10000,0.101,125
stdmap_r3,cancel,10000,0.102,125
stdmap_r3,cancel,10000,0.103,125
stdmap_r3,cancel,10000,0.104,125
stdmap_r3,cancel,10000,0.105,125
stdmap_r3,cancel,10000,0.106,125
stdmap_r3,cancel,10000,0.107,125
stdmap_r3,cancel,10000,0.108,125
stdmap_r3,cancel,10000,0.109,125
stdmap_r3,cancel,10000,0.11,125
stdmap_r3,cancel,10000,0.111,125
stdmap_r3,cancel,10000,0.112,125
stdmap_r3,cancel,10000,0.113,125
stdmap_r3,cancel,10000,0.114,125
stdmap_r3,cancel,10000,0.115,125
stdmap_r3,cancel,10000,0.116,125
stdmap_r3,cancel,10000,0.117,125
stdmap_r3,cancel,10000,0.118,125
stdmap_r3,cancel,10000,0.119,125
stdmap_r3,cancel,10000,0.12,125
stdmap_r3,cancel,10000,0.121,125
stdmap_r3,cancel,10000,0.122,125
stdmap_r3,cancel,10000,0.123,125
stdmap_r3,cancel,10000,0.124,125
stdmap_r3,cancel,10000,0.125,125
stdmap_r3,cancel,10000,0.126,125
stdmap_r3,cancel,10000,0.127,125
stdmap_r3,cancel,10000,0.128,125
stdmap_r3,cancel,10000,0.129,125
stdmap_r3,cancel,10000,0.13,125
stdmap_r3,cancel,10000,0.131,125
stdmap_r3,cancel,10000,0.132,125
stdmap_r3,cancel,10000,0.133,125
stdmap_r3,cancel,10000,0.134,125
stdmap_r3,cancel,10000,0.135,125
stdmap_r3,cancel,10000,0.136,125
stdmap_r3,cancel,10000,0.137,125
stdmap_r3,cancel,10000,0.138,125
stdmap_r3,cancel,10000,0.139,125
stdmap_r3,cancel,10000,0.14,125
stdmap_r3,cancel,10000,0.141,125
stdmap_r3,cancel,10000,0.142,125
stdmap_r3,cancel,10000,0.143,125
stdmap_r3,cancel,10000,0.144,125
stdmap_r3,cancel,10000,0.145,125
stdmap_r3,cancel,10000,0.146,125
stdmap_r3,cancel,10000,0.147,125
stdmap_r3,cancel,10000,0.148,125
stdmap_r3,cancel,10000,0.149,125
stdmap_r3,cancel,10000,0.15,125
stdmap_r3,cancel,10000,0.151,125
stdmap_r3,cancel,10000,0.152,125
stdmap_r3,cancel,10000,0.153,125
stdmap_r3,cancel,10000,0.154,125
stdmap_r3,cancel,10000,0.155,125
stdmap_r3,cancel,10000,0.156,125
stdmap_r3,cancel,10000,0.157,125
stdmap_r3,cancel,10000,0.158,125
stdmap_r3,cancel,10000,0.159,125
stdmap_r3,cancel,10000,0.16,125
stdmap_r3,cancel,10000,0.161,125
stdmap_r3,cancel,10000,0.162,125
stdmap_r3,cancel,10000,0.163,125
stdmap_r3,cancel,10000,0.164,166
stdmap_r3,cancel,10000,0.165,166
stdmap_r3,cancel,10000,0.166,166
stdmap_r3,cancel,10000,0.167,166
stdmap_r3,cancel,10000,0.168,166
stdmap_r3,cancel,10000,0.169,166
stdmap_r3,cancel,10000,0.17,166
stdmap_r3,cancel,10000,0.171,166
stdmap_r3,cancel,10000,0.172,166
stdmap_r3,cancel,10000,0.173,166
stdmap_r3,cancel,10000,0.174,166
stdmap_r3,cancel,10000,0.175,166
stdmap_r3,cancel,10000,0.176,166
stdmap_r3,cancel,10000,0.177,166
stdmap_r3,cancel,10000,0.178,166
stdmap_r3,cancel,10000,0.179,166
stdmap_r3,cancel,10000,0.18,166
stdmap_r3,cancel,10000,0.181,166
stdmap_r3,cancel,10000,0.182,166
stdmap_r3,cancel,10000,0.183,166
stdmap_r3,cancel,10000,0.184,166
stdmap_r3,cancel,10000,0.185,166
stdmap_r3,cancel,10000,0.186,166
stdmap_r3,cancel,10000,0.187,166
stdmap_r3,cancel,10000,0.188,166
stdmap_r3,cancel,10000,0.189,166
stdmap_r3,cancel,10000,0.19,166
stdmap_r3,cancel,10000,0.191,166
stdmap_r3,cancel,10000,0.192,166
stdmap_r3,cancel,10000,0.193,166
stdmap_r3,cancel,10000,0.194,166
stdmap_r3,cancel,10000,0.195,166
stdmap_r3,cancel,10000,0.196,166
stdmap_r3,cancel,10000,0.197,166
stdmap_r3,cancel,10000,0.198,166
stdmap_r3,cancel,10000,0.199,166
stdmap_r3,cancel,10000,0.2,166
stdmap_r3,cancel,10000,0.201,166
stdmap_r3,cancel,10000,0.202,166
stdmap_r3,cancel,10000,0.203,166
stdmap_r3,cancel,10000,0.204,166
stdmap_r3,cancel,10000,0.205,166
stdmap_r3,cancel,10000,0.206,166
stdmap_r3,cancel,10000,0.207,166
stdmap_r3,cancel,10000,0.208,166
stdmap_r3,cancel,10000,0.209,166
stdmap_r3,cancel,10000,0.21,166
stdmap_r3,cancel,10000,0.211,166
stdmap_r3,cancel,10000,0.212,166
stdmap_r3,cancel,10000,0.213,166
stdmap_r3,cancel,10000,0.214,166
stdmap_r3,cancel,10000,0.215,166
stdmap_r3,cancel,10000,0.216,166
stdmap_r3,cancel,10000,0.217,166
stdmap_r3,cancel,10000,0.218,166
stdmap_r3,cancel,10000,0.219,166
stdmap_r3,cancel,10000,0.22,166
stdmap_r3,cancel,10000,0.221,166
stdmap_r3,cancel,10000,0.222,166
stdmap_r3,cancel,10000,0.223,166
stdmap_r3,cancel,10000,0.224,166
stdmap_r3,cancel,10000,0.225,166
stdmap_r3,cancel,10000,0.226,166
stdmap_r3,cancel,10000,0.227,166
stdmap_r3,cancel,10000,0.228,166
stdmap_r3,cancel,10000,0.229,166
stdmap_r3,cancel,10000,0.23,166
stdmap_r3,cancel,10000,0.231,166
stdmap_r3,cancel,10000,0.232,166
stdmap_r3,cancel,10000,0.233,166
stdmap_r3,cancel,10000,0.234,166
stdmap_r3,cancel,10000,0.235,166
stdmap_r3,cancel,10000,0.236,166
stdmap_r3,cancel,10000,0.237,166
stdmap_r3,cancel,10000,0.238,166
stdmap_r3,cancel,10000,0.239,166
stdmap_r3,cancel,10000,0.24,166
stdmap_r3,cancel,10000,0.241,166
stdmap_r3,cancel,10000,0.242,166
stdmap_r3,cancel,10000,0.243,166
stdmap_r3,cancel,10000,0.244,166
stdmap_r3,cancel,10000,0.245,166
stdmap_r3,cancel,10000,0.246,166
stdmap_r3,cancel,10000,0.247,166
stdmap_r3,cancel,10000,0.248,166
stdmap_r3,cancel,10000,0.249,166
stdmap_r3,cancel,10000,0.25,166
stdmap_r3,cancel,10000,0.251,166
stdmap_r3,cancel,10000,0.252,166
stdmap_r3,cancel,10000,0.253,166
stdmap_r3,cancel,10000,0.254,166
stdmap_r3,cancel,10000,0.255,166
stdmap_r3,cancel,10000,0.256,166
stdmap_r3,cancel,10000,0.257,166
stdmap_r3,cancel,10000,0.258,166
stdmap_r3,cancel,10000,0.259,166
stdmap_r3,cancel,10000,0.26,166
stdmap_r3,cancel,10000,0.261,166
stdmap_r3,cancel,10000,0.262,166
stdmap_r3,cancel,10000,0.263,166
stdmap_r3,cancel,10000,0.264,166
stdmap_r3,cancel,10000,0.265,166
stdmap_r3,cancel,10000,0.266,166
stdmap_r3,cancel,10000,0.267,166
stdmap_r3,cancel,10000,0.268,166
stdmap_r3,cancel,10000,0.269,166
stdmap_r3,cancel,10000,0.27,166
stdmap_r3,cancel,10000,0.271,166
stdmap_r3,cancel,10000,0.272,166
stdmap_r3,cancel,10000,0.273,166
stdmap_r3,cancel,10000,0.274,166
stdmap_r3,cancel,10000,0.275,166
stdmap_r3,cancel,10000,0.276,166
stdmap_r3,cancel,10000,0.277,166
stdmap_r3,cancel,10000,0.278,166
stdmap_r3,cancel,10000,0.279,166
stdmap_r3,cancel,10000,0.28,166
stdmap_r3,cancel,10000,0.281,166
stdmap_r3,cancel,10000,0.282,166
stdmap_r3,cancel,10000,0.283,166
stdmap_r3,cancel,10000,0.284,166
stdmap_r3,cancel,10000,0.285,166
stdmap_r3,cancel,10000,0.286,166
stdmap_r3,cancel,10000,0.287,166
stdmap_r3,cancel,10000,0.288,166
stdmap_r3,cancel,10000,0.289,166
stdmap_r3,cancel,10000,0.29,166
stdmap_r3,cancel,10000,0.291,166
stdmap_r3,cancel,10000,0.292,166
stdmap_r3,cancel,10000,0.293,166
stdmap_r3,cancel,10000,0.294,166
stdmap_r3,cancel,10000,0.295,166
stdmap_r3,cancel,10000,0.296,166
stdmap_r3,cancel,10000,0.297,166
stdmap_r3,cancel,10000,0.298,166
stdmap_r3,cancel,10000,0.299,166
stdmap_r3,cancel,10000,0.3,166
stdmap_r3,cancel,10000,0.301,166
stdmap_r3,cancel,10000,0.302,166
stdmap_r3,cancel,10000,0.303,166
stdmap_r3,cancel,10000,0.304,166
stdmap_r3,cancel,10000,0.305,166
stdmap_r3,cancel,10000,0.306,166
stdmap_r3,cancel,10000,0.307,166
stdmap_r3,cancel,10000,0.308,166
stdmap_r3,cancel,10000,0.309,166
stdmap_r3,cancel,10000,0.31,166
stdmap_r3,cancel,10000,0.311,166
stdmap_r3,cancel,10000,0.312,166
stdmap_r3,cancel,10000,0.313,166
stdmap_r3,cancel,10000,0.314,166
stdmap_r3,cancel,10000,0.315,167
stdmap_r3,cancel,10000,0.316,167
stdmap_r3,cancel,10000,0.317,167
stdmap_r3,cancel,10000,0.318,167
stdmap_r3,cancel,10000,0.319,167
stdmap_r3,cancel,10000,0.32,167
stdmap_r3,cancel,10000,0.321,167
stdmap_r3,cancel,10000,0.322,167
stdmap_r3,cancel,10000,0.323,167
stdmap_r3,cancel,10000,0.324,167
stdmap_r3,cancel,10000,0.325,167
stdmap_r3,cancel,10000,0.326,167
stdmap_r3,cancel,10000,0.327,167
stdmap_r3,cancel,10000,0.328,167
stdmap_r3,cancel,10000,0.329,167
stdmap_r3,cancel,10000,0.33,167
stdmap_r3,cancel,10000,0.331,167
stdmap_r3,cancel,10000,0.332,167
stdmap_r3,cancel,10000,0.333,167
stdmap_r3,cancel,10000,0.334,167
stdmap_r3,cancel,10000,0.335,167
stdmap_r3,cancel,10000,0.336,167
stdmap_r3,cancel,10000,0.337,167
stdmap_r3,cancel,10000,0.338,167
stdmap_r3,cancel,10000,0.339,167
stdmap_r3,cancel,10000,0.34,167
stdmap_r3,cancel,10000,0.341,167
stdmap_r3,cancel,10000,0.342,167
stdmap_r3,cancel,10000,0.343,167
stdmap_r3,cancel,10000,0.344,167
stdmap_r3,cancel,10000,0.345,167
stdmap_r3,cancel,10000,0.346,167
stdmap_r3,cancel,10000,0.347,167
stdmap_r3,cancel,10000,0.348,167
stdmap_r3,cancel,10000,0.349,167
stdmap_r3,cancel,10000,0.35,167
stdmap_r3,cancel,10000,0.351,167
stdmap_r3,cancel,10000,0.352,167
stdmap_r3,cancel,10000,0.353,167
stdmap_r3,cancel,10000,0.354,167
stdmap_r3,cancel,10000,0.355,167
stdmap_r3,cancel,10000,0.356,167
stdmap_r3,cancel,10000,0.357,167
stdmap_r3,cancel,10000,0.358,167
stdmap_r3,cancel,10000,0.359,167
stdmap_r3,cancel,10000,0.36,167
stdmap_r3,cancel,10000,0.361,167
stdmap_r3,cancel,10000,0.362,167
stdmap_r3,cancel,10000,0.363,167
stdmap_r3,cancel,10000,0.364,167
stdmap_r3,cancel,10000,0.365,167
stdmap_r3,cancel,10000,0.366,167
stdmap_r3,cancel,10000,0.367,167
stdmap_r3,cancel,10000,0.368,167
stdmap_r3,cancel,10000,0.369,167
stdmap_r3,cancel,10000,0.37,167
stdmap_r3,cancel,10000,0.371,167
stdmap_r3,cancel,10000,0.372,167
stdmap_r3,cancel,10000,0.373,167
stdmap_r3,cancel,10000,0.374,167
stdmap_r3,cancel,10000,0.375,167
stdmap_r3,cancel,10000,0.376,167
stdmap_r3,cancel,10000,0.377,167
stdmap_r3,cancel,10000,0.378,167
stdmap_r3,cancel,10000,0.379,167
stdmap_r3,cancel,10000,0.38,167
stdmap_r3,cancel,10000,0.381,167
stdmap_r3,cancel,10000,0.382,167
stdmap_r3,cancel,10000,0.383,167
stdmap_r3,cancel,10000,0.384,167
stdmap_r3,cancel,10000,0.385,167
stdmap_r3,cancel,10000,0.386,167
stdmap_r3,cancel,10000,0.387,167
stdmap_r3,cancel,10000,0.388,167
stdmap_r3,cancel,10000,0.389,167
stdmap_r3,cancel,10000,0.39,167
stdmap_r3,cancel,10000,0.391,167
stdmap_r3,cancel,10000,0.392,167
stdmap_r3,cancel,10000,0.393,167
stdmap_r3,cancel,10000,0.394,167
stdmap_r3,cancel,10000,0.395,167
stdmap_r3,cancel,10000,0.396,167
stdmap_r3,cancel,10000,0.397,167
stdmap_r3,cancel,10000,0.398,167
stdmap_r3,cancel,10000,0.399,167
stdmap_r3,cancel,10000,0.4,167
stdmap_r3,cancel,10000,0.401,167
stdmap_r3,cancel,10000,0.402,167
stdmap_r3,cancel,10000,0.403,167
stdmap_r3,cancel,10000,0.404,167
stdmap_r3,cancel,10000,0.405,167
stdmap_r3,cancel,10000,0.406,167
stdmap_r3,cancel,10000,0.407,167
stdmap_r3,cancel,10000,0.408,167
stdmap_r3,cancel,10000,0.409,167
stdmap_r3,cancel,10000,0.41,167
stdmap_r3,cancel,10000,0.411,167
stdmap_r3,cancel,10000,0.412,167
stdmap_r3,cancel,10000,0.413,167
stdmap_r3,cancel,10000,0.414,167
stdmap_r3,cancel,10000,0.415,167
stdmap_r3,cancel,10000,0.416,167
stdmap_r3,cancel,10000,0.417,167
stdmap_r3,cancel,10000,0.418,167
stdmap_r3,cancel,10000,0.419,167
stdmap_r3,cancel,10000,0.42,167
stdmap_r3,cancel,10000,0.421,167
stdmap_r3,cancel,10000,0.422,167
stdmap_r3,cancel,10000,0.423,167
stdmap_r3,cancel,10000,0.424,167
stdmap_r3,cancel,10000,0.425,167
stdmap_r3,cancel,10000,0.426,167
stdmap_r3,cancel,10000,0.427,167
stdmap_r3,cancel,10000,0.428,167
stdmap_r3,cancel,10000,0.429,167
stdmap_r3,cancel,10000,0.43,167
stdmap_r3,cancel,10000,0.431,167
stdmap_r3,cancel,10000,0.432,167
stdmap_r3,cancel,10000,0.433,167
stdmap_r3,cancel,10000,0.434,167
stdmap_r3,cancel,10000,0.435,167
stdmap_r3,cancel,10000,0.436,167
stdmap_r3,cancel,10000,0.437,167
stdmap_r3,cancel,10000,0.438,167
stdmap_r3,cancel,10000,0.439,167
stdmap_r3,cancel,10000,0.44,167
stdmap_r3,cancel,10000,0.441,167
stdmap_r3,cancel,10000,0.442,167
stdmap_r3,cancel,10000,0.443,167
stdmap_r3,cancel,10000,0.444,167
stdmap_r3,cancel,10000,0.445,167
stdmap_r3,cancel,10000,0.446,167
stdmap_r3,cancel,10000,0.447,167
stdmap_r3,cancel,10000,0.448,167
stdmap_r3,cancel,10000,0.449,167
stdmap_r3,cancel,10000,0.45,167
stdmap_r3,cancel,10000,0.451,167
stdmap_r3,cancel,10000,0.452,167
stdmap_r3,cancel,10000,0.453,167
stdmap_r3,cancel,10000,0.454,167
stdmap_r3,cancel,10000,0.455,167
stdmap_r3,cancel,10000,0.456,167
stdmap_r3,cancel,10000,0.457,167
stdmap_r3,cancel,10000,0.458,167
stdmap_r3,cancel,10000,0.459,167
stdmap_r3,cancel,10000,0.46,167
stdmap_r3,cancel,10000,0.461,167
stdmap_r3,cancel,10000,0.462,167
stdmap_r3,cancel,10000,0.463,167
stdmap_r3,cancel,10000,0.464,167
stdmap_r3,cancel,10000,0.465,167
stdmap_r3,cancel,10000,0.466,167
stdmap_r3,cancel,10000,0.467,167
stdmap_r3,cancel,10000,0.468,167
stdmap_r3,cancel,10000,0.469,167
stdmap_r3,cancel,10000,0.47,167
stdmap_r3,cancel,10000,0.471,167
stdmap_r3,cancel,10000,0.472,167
stdmap_r3,cancel,10000,0.473,167
stdmap_r3,cancel,10000,0.474,167
stdmap_r3,cancel,10000,0.475,167
stdmap_r3,cancel,10000,0.476,167
stdmap_r3,cancel,10000,0.477,167
stdmap_r3,cancel,10000,0.478,167
stdmap_r3,cancel,10000,0.479,167
stdmap_r3,cancel,10000,0.48,167
stdmap_r3,cancel,10000,0.481,167
stdmap_r3,cancel,10000,0.482,167
stdmap_r3,cancel,10000,0.483,167
stdmap_r3,cancel,10000,0.484,167
stdmap_r3,cancel,10000,0.485,167
stdmap_r3,cancel,10000,0.486,167
stdmap_r3,cancel,10000,0.487,167
stdmap_r3,cancel,10000,0.488,167
stdmap_r3,cancel,10000,0.489,167
stdmap_r3,cancel,10000,0.49,167
stdmap_r3,cancel,10000,0.491,167
stdmap_r3,cancel,10000,0.492,167
stdmap_r3,cancel,10000,0.493,167
stdmap_r3,cancel,10000,0.494,167
stdmap_r3,cancel,10000,0.495,167
stdmap_r3,cancel,10000,0.496,167
stdmap_r3,cancel,10000,0.497,167
stdmap_r3,cancel,10000,0.498,167
stdmap_r3,cancel,10000,0.499,167
stdmap_r3,cancel,10000,0.5,167
stdmap_r3,cancel,10000,0.501,167
stdmap_r3,cancel,10000,0.502,167
stdmap_r3,cancel,10000,0.503,167
stdmap_r3,cancel,10000,0.504,167
stdmap_r3,cancel,10000,0.505,167
stdmap_r3,cancel,10000,0.506,167
stdmap_r3,cancel,10000,0.507,167
stdmap_r3,cancel,10000,0.508,167
stdmap_r3,cancel,10000,0.509,167
stdmap_r3,cancel,10000,0.51,167
stdmap_r3,cancel,10000,0.511,167
stdmap_r3,cancel,10000,0.512,167
stdmap_r3,cancel,10000,0.513,167
stdmap_r3,cancel,10000,0.514,167
stdmap_r3,cancel,10000,0.515,167
stdmap_r3,cancel,10000,0.516,167
stdmap_r3,cancel,10000,0.517,167
stdmap_r3,cancel,10000,0.518,167
stdmap_r3,cancel,10000,0.519,167
stdmap_r3,cancel,10000,0.52,167
stdmap_r3,cancel,10000,0.521,167
stdmap_r3,cancel,10000,0.522,167
stdmap_r3,cancel,10000,0.523,167
stdmap_r3,cancel,10000,0.524,167
stdmap_r3,cancel,10000,0.525,167
stdmap_r3,cancel,10000,0.526,167
stdmap_r3,cancel,10000,0.527,167
stdmap_r3,cancel,10000,0.528,167
stdmap_r3,cancel,10000,0.529,167
stdmap_r3,cancel,10000,0.53,167
stdmap_r3,cancel,10000,0.531,167
stdmap_r3,cancel,10000,0.532,167
stdmap_r3,cancel,10000,0.533,167
stdmap_r3,cancel,10000,0.534,167
stdmap_r3,cancel,10000,0.535,167
stdmap_r3,cancel,10000,0.536,167
stdmap_r3,cancel,10000,0.537,167
stdmap_r3,cancel,10000,0.538,167
stdmap_r3,cancel,10000,0.539,167
stdmap_r3,cancel,10000,0.54,167
stdmap_r3,cancel,10000,0.541,167
stdmap_r3,cancel,10000,0.542,167
stdmap_r3,cancel,10000,0.543,167
stdmap_r3,cancel,10000,0.544,167
stdmap_r3,cancel,10000,0.545,167
stdmap_r3,cancel,10000,0.546,167
stdmap_r3,cancel,10000,0.547,167
stdmap_r3,cancel,10000,0.548,167
stdmap_r3,cancel,10000,0.549,167
stdmap_r3,cancel,10000,0.55,167
stdmap_r3,cancel,10000,0.551,167
stdmap_r3,cancel,10000,0.552,167
stdmap_r3,cancel,10000,0.553,167
stdmap_r3,cancel,10000,0.554,167
stdmap_r3,cancel,10000,0.555,167
stdmap_r3,cancel,10000,0.556,167
stdmap_r3,cancel,10000,0.557,167
stdmap_r3,cancel,10000,0.558,167
stdmap_r3,cancel,10000,0.559,167
stdmap_r3,cancel,10000,0.56,167
stdmap_r3,cancel,10000,0.561,167
stdmap_r3,cancel,10000,0.562,167
stdmap_r3,cancel,10000,0.563,167
stdmap_r3,cancel,10000,0.564,167
stdmap_r3,cancel,10000,0.565,167
stdmap_r3,cancel,10000,0.566,167
stdmap_r3,cancel,10000,0.567,167
stdmap_r3,cancel,10000,0.568,167
stdmap_r3,cancel,10000,0.569,167
stdmap_r3,cancel,10000,0.57,167
stdmap_r3,cancel,10000,0.571,167
stdmap_r3,cancel,10000,0.572,167
stdmap_r3,cancel,10000,0.573,167
stdmap_r3,cancel,10000,0.574,167
stdmap_r3,cancel,10000,0.575,167
stdmap_r3,cancel,10000,0.576,167
stdmap_r3,cancel,10000,0.577,167
stdmap_r3,cancel,10000,0.578,167
stdmap_r3,cancel,10000,0.579,167
stdmap_r3,cancel,10000,0.58,167
stdmap_r3,cancel,10000,0.581,167
stdmap_r3,cancel,10000,0.582,167
stdmap_r3,cancel,10000,0.583,167
stdmap_r3,cancel,10000,0.584,167
stdmap_r3,cancel,10000,0.585,167
stdmap_r3,cancel,10000,0.586,167
stdmap_r3,cancel,10000,0.587,167
stdmap_r3,cancel,10000,0.588,167
stdmap_r3,cancel,10000,0.589,167
stdmap_r3,cancel,10000,0.59,167
stdmap_r3,cancel,10000,0.591,167
stdmap_r3,cancel,10000,0.592,167
stdmap_r3,cancel,10000,0.593,167
stdmap_r3,cancel,10000,0.594,167
stdmap_r3,cancel,10000,0.595,167
stdmap_r3,cancel,10000,0.596,167
stdmap_r3,cancel,10000,0.597,167
stdmap_r3,cancel,10000,0.598,167
stdmap_r3,cancel,10000,0.599,167
stdmap_r3,cancel,10000,0.6,167
stdmap_r3,cancel,10000,0.601,167
stdmap_r3,cancel,10000,0.602,167
stdmap_r3,cancel,10000,0.603,167
stdmap_r3,cancel,10000,0.604,167
stdmap_r3,cancel,10000,0.605,167
stdmap_r3,cancel,10000,0.606,167
stdmap_r3,cancel,10000,0.607,167
stdmap_r3,cancel,10000,0.608,167
stdmap_r3,cancel,10000,0.609,167
stdmap_r3,cancel,10000,0.61,167
stdmap_r3,cancel,10000,0.611,167
stdmap_r3,cancel,10000,0.612,167
stdmap_r3,cancel,10000,0.613,167
stdmap_r3,cancel,10000,0.614,167
stdmap_r3,cancel,10000,0.615,167
stdmap_r3,cancel,10000,0.616,167
stdmap_r3,cancel,10000,0.617,167
stdmap_r3,cancel,10000,0.618,167
stdmap_r3,cancel,10000,0.619,167
stdmap_r3,cancel,10000,0.62,167
stdmap_r3,cancel,10000,0.621,208
stdmap_r3,cancel,10000,0.622,208
stdmap_r3,cancel,10000,0.623,208
stdmap_r3,cancel,10000,0.624,208
stdmap_r3,cancel,10000,0.625,208
stdmap_r3,cancel,10000,0.626,208
stdmap_r3,cancel,10000,0.627,208
stdmap_r3,cancel,10000,0.628,208
stdmap_r3,cancel,10000,0.629,208
stdmap_r3,cancel,10000,0.63,208
stdmap_r3,cancel,10000,0.631,208
stdmap_r3,cancel,10000,0.632,208
stdmap_r3,cancel,10000,0.633,208
stdmap_r3,cancel,10000,0.634,208
stdmap_r3,cancel,10000,0.635,208
stdmap_r3,cancel,10000,0.636,208
stdmap_r3,cancel,10000,0.637,208
stdmap_r3,cancel,10000,0.638,208
stdmap_r3,cancel,10000,0.639,208
stdmap_r3,cancel,10000,0.64,208
stdmap_r3,cancel,10000,0.641,208
stdmap_r3,cancel,10000,0.642,208
stdmap_r3,cancel,10000,0.643,208
stdmap_r3,cancel,10000,0.644,208
stdmap_r3,cancel,10000,0.645,208
stdmap_r3,cancel,10000,0.646,208
stdmap_r3,cancel,10000,0.647,208
stdmap_r3,cancel,10000,0.648,208
stdmap_r3,cancel,10000,0.649,208
stdmap_r3,cancel,10000,0.65,208
stdmap_r3,cancel,10000,0.651,208
stdmap_r3,cancel,10000,0.652,208
stdmap_r3,cancel,10000,0.653,208
stdmap_r3,cancel,10000,0.654,208
stdmap_r3,cancel,10000,0.655,208
stdmap_r3,cancel,10000,0.656,208
stdmap_r3,cancel,10000,0.657,208
stdmap_r3,cancel,10000,0.658,208
stdmap_r3,cancel,10000,0.659,208
stdmap_r3,cancel,10000,0.66,208
stdmap_r3,cancel,10000,0.661,208
stdmap_r3,cancel,10000,0.662,208
stdmap_r3,cancel,10000,0.663,208
stdmap_r3,cancel,10000,0.664,208
stdmap_r3,cancel,10000,0.665,208
stdmap_r3,cancel,10000,0.666,208
stdmap_r3,cancel,10000,0.667,208
stdmap_r3,cancel,10000,0.668,208
stdmap_r3,cancel,10000,0.669,208
stdmap_r3,cancel,10000,0.67,208
stdmap_r3,cancel,10000,0.671,208
stdmap_r3,cancel,10000,0.672,208
stdmap_r3,cancel,10000,0.673,208
stdmap_r3,cancel,10000,0.674,208
stdmap_r3,cancel,10000,0.675,208
stdmap_r3,cancel,10000,0.676,208
stdmap_r3,cancel,10000,0.677,208
stdmap_r3,cancel,10000,0.678,208
stdmap_r3,cancel,10000,0.679,208
stdmap_r3,cancel,10000,0.68,208
stdmap_r3,cancel,10000,0.681,208
stdmap_r3,cancel,10000,0.682,208
stdmap_r3,cancel,10000,0.683,208
stdmap_r3,cancel,10000,0.684,208
stdmap_r3,cancel,10000,0.685,208
stdmap_r3,cancel,10000,0.686,208
stdmap_r3,cancel,10000,0.687,208
stdmap_r3,cancel,10000,0.688,208
stdmap_r3,cancel,10000,0.689,208
stdmap_r3,cancel,10000,0.69,208
stdmap_r3,cancel,10000,0.691,208
stdmap_r3,cancel,10000,0.692,208
stdmap_r3,cancel,10000,0.693,208
stdmap_r3,cancel,10000,0.694,208
stdmap_r3,cancel,10000,0.695,208
stdmap_r3,cancel,10000,0.696,208
stdmap_r3,cancel,10000,0.697,208
stdmap_r3,cancel,10000,0.698,208
stdmap_r3,cancel,10000,0.699,208
stdmap_r3,cancel,10000,0.7,208
stdmap_r3,cancel,10000,0.701,208
stdmap_r3,cancel,10000,0.702,208
stdmap_r3,cancel,10000,0.703,208
stdmap_r3,cancel,10000,0.704,208
stdmap_r3,cancel,10000,0.705,208
stdmap_r3,cancel,10000,0.706,208
stdmap_r3,cancel,10000,0.707,208
stdmap_r3,cancel,10000,0.708,208
stdmap_r3,cancel,10000,0.709,208
stdmap_r3,cancel,10000,0.71,208
stdmap_r3,cancel,10000,0.711,208
stdmap_r3,cancel,10000,0.712,208
stdmap_r3,cancel,10000,0.713,208
stdmap_r3,cancel,10000,0.714,208
stdmap_r3,cancel,10000,0.715,208
stdmap_r3,cancel,10000,0.716,208
stdmap_r3,cancel,10000,0.717,208
stdmap_r3,cancel,10000,0.718,208
stdmap_r3,cancel,10000,0.719,208
stdmap_r3,cancel,10000,0.72,208
stdmap_r3,cancel,10000,0.721,208
stdmap_r3,cancel,10000,0.722,208
stdmap_r3,cancel,10000,0.723,208
stdmap_r3,cancel,10000,0.724,208
stdmap_r3,cancel,10000,0.725,208
stdmap_r3,cancel,10000,0.726,208
stdmap_r3,cancel,10000,0.727,208
stdmap_r3,cancel,10000,0.728,208
stdmap_r3,cancel,10000,0.729,208
stdmap_r3,cancel,10000,0.73,208
stdmap_r3,cancel,10000,0.731,208
stdmap_r3,cancel,10000,0.732,208
stdmap_r3,cancel,10000,0.733,208
stdmap_r3,cancel,10000,0.734,208
stdmap_r3,cancel,10000,0.735,208
stdmap_r3,cancel,10000,0.736,208
stdmap_r3,cancel,10000,0.737,208
stdmap_r3,cancel,10000,0.738,208
stdmap_r3,cancel,10000,0.739,208
stdmap_r3,cancel,10000,0.74,208
stdmap_r3,cancel,10000,0.741,208
stdmap_r3,cancel,10000,0.742,208
stdmap_r3,cancel,10000,0.743,208
stdmap_r3,cancel,10000,0.744,208
stdmap_r3,cancel,10000,0.745,208
stdmap_r3,cancel,10000,0.746,208
stdmap_r3,cancel,10000,0.747,208
stdmap_r3,cancel,10000,0.748,208
stdmap_r3,cancel,10000,0.749,208
stdmap_r3,cancel,10000,0.75,208
stdmap_r3,cancel,10000,0.751,208
stdmap_r3,cancel,10000,0.752,208
stdmap_r3,cancel,10000,0.753,208
stdmap_r3,cancel,10000,0.754,208
stdmap_r3,cancel,10000,0.755,208
stdmap_r3,cancel,10000,0.756,208
stdmap_r3,cancel,10000,0.757,208
stdmap_r3,cancel,10000,0.758,208
stdmap_r3,cancel,10000,0.759,208
stdmap_r3,cancel,10000,0.76,208
stdmap_r3,cancel,10000,0.761,208
stdmap_r3,cancel,10000,0.762,208
stdmap_r3,cancel,10000,0.763,208
stdmap_r3,cancel,10000,0.764,208
stdmap_r3,cancel,10000,0.765,208
stdmap_r3,cancel,10000,0.766,208
stdmap_r3,cancel,10000,0.767,208
stdmap_r3,cancel,10000,0.768,208
stdmap_r3,cancel,10000,0.769,208
stdmap_r3,cancel,10000,0.77,208
stdmap_r3,cancel,10000,0.771,208
stdmap_r3,cancel,10000,0.772,208
stdmap_r3,cancel,10000,0.773,208
stdmap_r3,cancel,10000,0.774,208
stdmap_r3,cancel,10000,0.775,208
stdmap_r3,cancel,10000,0.776,208
stdmap_r3,cancel,10000,0.777,209
stdmap_r3,cancel,10000,0.778,209
stdmap_r3,cancel,10000,0.779,209
stdmap_r3,cancel,10000,0.78,209
stdmap_r3,cancel,10000,0.781,209
stdmap_r3,cancel,10000,0.782,209
stdmap_r3,cancel,10000,0.783,209
stdmap_r3,cancel,10000,0.784,209
stdmap_r3,cancel,10000,0.785,209
stdmap_r3,cancel,10000,0.786,209
stdmap_r3,cancel,10000,0.787,209
stdmap_r3,cancel,10000,0.788,209
stdmap_r3,cancel,10000,0.789,209
stdmap_r3,cancel,10000,0.79,209
stdmap_r3,cancel,10000,0.791,209
stdmap_r3,cancel,10000,0.792,209
stdmap_r3,cancel,10000,0.793,209
stdmap_r3,cancel,10000,0.794,209
stdmap_r3,cancel,10000,0.795,209
stdmap_r3,cancel,10000,0.796,209
stdmap_r3,cancel,10000,0.797,209
stdmap_r3,cancel,10000,0.798,209
stdmap_r3,cancel,10000,0.799,209
stdmap_r3,cancel,10000,0.8,209
stdmap_r3,cancel,10000,0.801,209
stdmap_r3,cancel,10000,0.802,209
stdmap_r3,cancel,10000,0.803,209
stdmap_r3,cancel,10000,0.804,209
stdmap_r3,cancel,10000,0.805,209
stdmap_r3,cancel,10000,0.806,209
stdmap_r3,cancel,10000,0.807,209
stdmap_r3,cancel,10000,0.808,209
stdmap_r3,cancel,10000,0.809,209
stdmap_r3,cancel,10000,0.81,209
stdmap_r3,cancel,10000,0.811,209
stdmap_r3,cancel,10000,0.812,209
stdmap_r3,cancel,10000,0.813,209
stdmap_r3,cancel,10000,0.814,209
stdmap_r3,cancel,10000,0.815,209
stdmap_r3,cancel,10000,0.816,209
stdmap_r3,cancel,10000,0.817,209
stdmap_r3,cancel,10000,0.818,209
stdmap_r3,cancel,10000,0.819,209
stdmap_r3,cancel,10000,0.82,209
stdmap_r3,cancel,10000,0.821,209
stdmap_r3,cancel,10000,0.822,209
stdmap_r3,cancel,10000,0.823,209
stdmap_r3,cancel,10000,0.824,209
stdmap_r3,cancel,10000,0.825,209
stdmap_r3,cancel,10000,0.826,209
stdmap_r3,cancel,10000,0.827,209
stdmap_r3,cancel,10000,0.828,209
stdmap_r3,cancel,10000,0.829,209
stdmap_r3,cancel,10000,0.83,209
stdmap_r3,cancel,10000,0.831,209
stdmap_r3,cancel,10000,0.832,209
stdmap_r3,cancel,10000,0.833,209
stdmap_r3,cancel,10000,0.834,209
stdmap_r3,cancel,10000,0.835,209
stdmap_r3,cancel,10000,0.836,209
stdmap_r3,cancel,10000,0.837,209
stdmap_r3,cancel,10000,0.838,209
stdmap_r3,cancel,10000,0.839,209
stdmap_r3,cancel,10000,0.84,209
stdmap_r3,cancel,10000,0.841,209
stdmap_r3,cancel,10000,0.842,209
stdmap_r3,cancel,10000,0.843,209
stdmap_r3,cancel,10000,0.844,209
stdmap_r3,cancel,10000,0.845,209
stdmap_r3,cancel,10000,0.846,209
stdmap_r3,cancel,10000,0.847,209
stdmap_r3,cancel,10000,0.848,209
stdmap_r3,cancel,10000,0.849,209
stdmap_r3,cancel,10000,0.85,209
stdmap_r3,cancel,10000,0.851,209
stdmap_r3,cancel,10000,0.852,209
stdmap_r3,cancel,10000,0.853,209
stdmap_r3,cancel,10000,0.854,209
stdmap_r3,cancel,10000,0.855,250
stdmap_r3,cancel,10000,0.856,250
stdmap_r3,cancel,10000,0.857,250
stdmap_r3,cancel,10000,0.858,250
stdmap_r3,cancel,10000,0.859,250
stdmap_r3,cancel,10000,0.86,250
stdmap_r3,cancel,10000,0.861,250
stdmap_r3,cancel,10000,0.862,250
stdmap_r3,cancel,10000,0.863,250
stdmap_r3,cancel,10000,0.864,250
stdmap_r3,cancel,10000,0.865,250
stdmap_r3,cancel,10000,0.866,250
stdmap_r3,cancel,10000,0.867,250
stdmap_r3,cancel,10000,0.868,250
stdmap_r3,cancel,10000,0.869,250
stdmap_r3,cancel,10000,0.87,250
stdmap_r3,cancel,10000,0.871,250
stdmap_r3,cancel,10000,0.872,250
stdmap_r3,cancel,10000,0.873,250
stdmap_r3,cancel,10000,0.874,250
stdmap_r3,cancel,10000,0.875,250
stdmap_r3,cancel,10000,0.876,250
stdmap_r3,cancel,10000,0.877,250
stdmap_r3,cancel,10000,0.878,250
stdmap_r3,cancel,10000,0.879,250
stdmap_r3,cancel,10000,0.88,250
stdmap_r3,cancel,10000,0.881,250
stdmap_r3,cancel,10000,0.882,250
stdmap_r3,cancel,10000,0.883,250
stdmap_r3,cancel,10000,0.884,250
stdmap_r3,cancel,10000,0.885,250
stdmap_r3,cancel,10000,0.886,250
stdmap_r3,cancel,10000,0.887,250
stdmap_r3,cancel,10000,0.888,250
stdmap_r3,cancel,10000,0.889,250
stdmap_r3,cancel,10000,0.89,250
stdmap_r3,cancel,10000,0.891,250
stdmap_r3,cancel,10000,0.892,250
stdmap_r3,cancel,10000,0.893,250
stdmap_r3,cancel,10000,0.894,250
stdmap_r3,cancel,10000,0.895,250
stdmap_r3,cancel,10000,0.896,250
stdmap_r3,cancel,10000,0.897,250
stdmap_r3,cancel,10000,0.898,250
stdmap_r3,cancel,10000,0.899,250
stdmap_r3,cancel,10000,0.9,291
stdmap_r3,cancel,10000,0.901,291
stdmap_r3,cancel,10000,0.902,291
stdmap_r3,cancel,10000,0.903,291
stdmap_r3,cancel,10000,0.904,291
stdmap_r3,cancel,10000,0.905,291
stdmap_r3,cancel,10000,0.906,292
stdmap_r3,cancel,10000,0.907,292
stdmap_r3,cancel,10000,0.908,292
stdmap_r3,cancel,10000,0.909,292
stdmap_r3,cancel,10000,0.91,292
stdmap_r3,cancel,10000,0.911,292
stdmap_r3,cancel,10000,0.912,292
stdmap_r3,cancel,10000,0.913,292
stdmap_r3,cancel,10000,0.914,292
stdmap_r3,cancel,10000,0.915,292
stdmap_r3,cancel,10000,0.916,292
stdmap_r3,cancel,10000,0.917,292
stdmap_r3,cancel,10000,0.918,333
stdmap_r3,cancel,10000,0.919,333
stdmap_r3,cancel,10000,0.92,333
stdmap_r3,cancel,10000,0.921,333
stdmap_r3,cancel,10000,0.922,333
stdmap_r3,cancel,10000,0.923,333
stdmap_r3,cancel,10000,0.924,333
stdmap_r3,cancel,10000,0.925,333
stdmap_r3,cancel,10000,0.926,334
stdmap_r3,cancel,10000,0.927,334
stdmap_r3,cancel,10000,0.928,334
stdmap_r3,cancel,10000,0.929,334
stdmap_r3,cancel,10000,0.93,375
stdmap_r3,cancel,10000,0.931,375
stdmap_r3,cancel,10000,0.932,375
stdmap_r3,cancel,10000,0.933,375
stdmap_r3,cancel,10000,0.934,375
stdmap_r3,cancel,10000,0.935,375
stdmap_r3,cancel,10000,0.936,375
stdmap_r3,cancel,10000,0.937,375
stdmap_r3,cancel,10000,0.938,375
stdmap_r3,cancel,10000,0.939,416
stdmap_r3,cancel,10000,0.94,416
stdmap_r3,cancel,10000,0.941,416
stdmap_r3,cancel,10000,0.942,417
stdmap_r3,cancel,10000,0.943,417
stdmap_r3,cancel,10000,0.944,417
stdmap_r3,cancel,10000,0.945,417
stdmap_r3,cancel,10000,0.946,417
stdmap_r3,cancel,10000,0.947,458
stdmap_r3,cancel,10000,0.948,458
stdmap_r3,cancel,10000,0.949,458
stdmap_r3,cancel,10000,0.95,458
stdmap_r3,cancel,10000,0.951,459
stdmap_r3,cancel,10000,0.952,459
stdmap_r3,cancel,10000,0.953,500
stdmap_r3,cancel,10000,0.954,500
stdmap_r3,cancel,10000,0.955,500
stdmap_r3,cancel,10000,0.956,500
stdmap_r3,cancel,10000,0.957,500
stdmap_r3,cancel,10000,0.958,500
stdmap_r3,cancel,10000,0.959,541
stdmap_r3,cancel,10000,0.96,541
stdmap_r3,cancel,10000,0.961,542
stdmap_r3,cancel,10000,0.962,542
stdmap_r3,cancel,10000,0.963,542
stdmap_r3,cancel,10000,0.964,583
stdmap_r3,cancel,10000,0.965,583
stdmap_r3,cancel,10000,0.966,583
stdmap_r3,cancel,10000,0.967,584
stdmap_r3,cancel,10000,0.968,625
stdmap_r3,cancel,10000,0.969,625
stdmap_r3,cancel,10000,0.97,625
stdmap_r3,cancel,10000,0.971,625
stdmap_r3,cancel,10000,0.972,666
stdmap_r3,cancel,10000,0.973,667
stdmap_r3,cancel,10000,0.974,667
stdmap_r3,cancel,10000,0.975,667
stdmap_r3,cancel,10000,0.976,708
stdmap_r3,cancel,10000,0.977,708
stdmap_r3,cancel,10000,0.978,709
stdmap_r3,cancel,10000,0.979,750
stdmap_r3,cancel,10000,0.98,750
stdmap_r3,cancel,10000,0.981,791
stdmap_r3,cancel,10000,0.982,792
stdmap_r3,cancel,10000,0.983,792
stdmap_r3,cancel,10000,0.984,833
stdmap_r3,cancel,10000,0.985,834
stdmap_r3,cancel,10000,0.986,875
stdmap_r3,cancel,10000,0.987,916
stdmap_r3,cancel,10000,0.988,917
stdmap_r3,cancel,10000,0.989,958
stdmap_r3,cancel,10000,0.99,1000
stdmap_r3,cancel,10000,0.991,1041
stdmap_r3,cancel,10000,0.992,1083
stdmap_r3,cancel,10000,0.993,1125
stdmap_r3,cancel,10000,0.994,1208
stdmap_r3,cancel,10000,0.995,1291
stdmap_r3,cancel,10000,0.996,1375
stdmap_r3,cancel,10000,0.997,1542
stdmap_r3,cancel,10000,0.998,1750
stdmap_r3,cancel,10000,0.999,2209
stdmap_r3,match,10000,0,0
stdmap_r3,match,10000,0.001,41
stdmap_r3,match,10000,0.002,41
stdmap_r3,match,10000,0.003,41
stdmap_r3,match,10000,0.004,41
stdmap_r3,match,10000,0.005,41
stdmap_r3,match,10000,0.006,41
stdmap_r3,match,10000,0.007,41
stdmap_r3,match,10000,0.008,41
stdmap_r3,match,10000,0.009,41
stdmap_r3,match,10000,0.01,41
stdmap_r3,match,10000,0.011,41
stdmap_r3,match,10000,0.012,41
stdmap_r3,match,10000,0.013,41
stdmap_r3,match,10000,0.014,41
stdmap_r3,match,10000,0.015,41
stdmap_r3,match,10000,0.016,41
stdmap_r3,match,10000,0.017,41
stdmap_r3,match,10000,0.018,41
stdmap_r3,match,10000,0.019,41
stdmap_r3,match,10000,0.02,41
stdmap_r3,match,10000,0.021,41
stdmap_r3,match,10000,0.022,41
stdmap_r3,match,10000,0.023,41
stdmap_r3,match,10000,0.024,41
stdmap_r3,match,10000,0.025,41
stdmap_r3,match,10000,0.026,41
stdmap_r3,match,10000,0.027,41
stdmap_r3,match,10000,0.028,41
stdmap_r3,match,10000,0.029,41
stdmap_r3,match,10000,0.03,41
stdmap_r3,match,10000,0.031,41
stdmap_r3,match,10000,0.032,41
stdmap_r3,match,10000,0.033,41
stdmap_r3,match,10000,0.034,41
stdmap_r3,match,10000,0.035,41
stdmap_r3,match,10000,0.036,41
stdmap_r3,match,10000,0.037,41
stdmap_r3,match,10000,0.038,41
stdmap_r3,match,10000,0.039,41
stdmap_r3,match,10000,0.04,41
stdmap_r3,match,10000,0.041,41
stdmap_r3,match,10000,0.042,41
stdmap_r3,match,10000,0.043,41
stdmap_r3,match,10000,0.044,41
stdmap_r3,match,10000,0.045,41
stdmap_r3,match,10000,0.046,41
stdmap_r3,match,10000,0.047,41
stdmap_r3,match,10000,0.048,41
stdmap_r3,match,10000,0.049,41
stdmap_r3,match,10000,0.05,41
stdmap_r3,match,10000,0.051,41
stdmap_r3,match,10000,0.052,41
stdmap_r3,match,10000,0.053,41
stdmap_r3,match,10000,0.054,41
stdmap_r3,match,10000,0.055,41
stdmap_r3,match,10000,0.056,41
stdmap_r3,match,10000,0.057,41
stdmap_r3,match,10000,0.058,41
stdmap_r3,match,10000,0.059,41
stdmap_r3,match,10000,0.06,41
stdmap_r3,match,10000,0.061,41
stdmap_r3,match,10000,0.062,41
stdmap_r3,match,10000,0.063,41
stdmap_r3,match,10000,0.064,41
stdmap_r3,match,10000,0.065,41
stdmap_r3,match,10000,0.066,41
stdmap_r3,match,10000,0.067,41
stdmap_r3,match,10000,0.068,41
stdmap_r3,match,10000,0.069,41
stdmap_r3,match,10000,0.07,41
stdmap_r3,match,10000,0.071,41
stdmap_r3,match,10000,0.072,41
stdmap_r3,match,10000,0.073,41
stdmap_r3,match,10000,0.074,42
stdmap_r3,match,10000,0.075,42
stdmap_r3,match,10000,0.076,42
stdmap_r3,match,10000,0.077,42
stdmap_r3,match,10000,0.078,42
stdmap_r3,match,10000,0.079,42
stdmap_r3,match,10000,0.08,42
stdmap_r3,match,10000,0.081,42
stdmap_r3,match,10000,0.082,42
stdmap_r3,match,10000,0.083,42
stdmap_r3,match,10000,0.084,42
stdmap_r3,match,10000,0.085,42
stdmap_r3,match,10000,0.086,42
stdmap_r3,match,10000,0.087,42
stdmap_r3,match,10000,0.088,42
stdmap_r3,match,10000,0.089,42
stdmap_r3,match,10000,0.09,42
stdmap_r3,match,10000,0.091,42
stdmap_r3,match,10000,0.092,42
stdmap_r3,match,10000,0.093,42
stdmap_r3,match,10000,0.094,42
stdmap_r3,match,10000,0.095,42
stdmap_r3,match,10000,0.096,42
stdmap_r3,match,10000,0.097,42
stdmap_r3,match,10000,0.098,42
stdmap_r3,match,10000,0.099,42
stdmap_r3,match,10000,0.1,42
stdmap_r3,match,10000,0.101,42
stdmap_r3,match,10000,0.102,42
stdmap_r3,match,10000,0.103,42
stdmap_r3,match,10000,0.104,42
stdmap_r3,match,10000,0.105,42
stdmap_r3,match,10000,0.106,42
stdmap_r3,match,10000,0.107,42
stdmap_r3,match,10000,0.108,42
stdmap_r3,match,10000,0.109,42
stdmap_r3,match,10000,0.11,42
stdmap_r3,match,10000,0.111,42
stdmap_r3,match,10000,0.112,42
stdmap_r3,match,10000,0.113,42
stdmap_r3,match,10000,0.114,42
stdmap_r3,match,10000,0.115,42
stdmap_r3,match,10000,0.116,42
stdmap_r3,match,10000,0.117,42
stdmap_r3,match,10000,0.118,42
stdmap_r3,match,10000,0.119,42
stdmap_r3,match,10000,0.12,42
stdmap_r3,match,10000,0.121,42
stdmap_r3,match,10000,0.122,42
stdmap_r3,match,10000,0.123,42
stdmap_r3,match,10000,0.124,42
stdmap_r3,match,10000,0.125,42
stdmap_r3,match,10000,0.126,42
stdmap_r3,match,10000,0.127,42
stdmap_r3,match,10000,0.128,42
stdmap_r3,match,10000,0.129,42
stdmap_r3,match,10000,0.13,42
stdmap_r3,match,10000,0.131,42
stdmap_r3,match,10000,0.132,42
stdmap_r3,match,10000,0.133,42
stdmap_r3,match,10000,0.134,42
stdmap_r3,match,10000,0.135,42
stdmap_r3,match,10000,0.136,42
stdmap_r3,match,10000,0.137,42
stdmap_r3,match,10000,0.138,42
stdmap_r3,match,10000,0.139,42
stdmap_r3,match,10000,0.14,42
stdmap_r3,match,10000,0.141,42
stdmap_r3,match,10000,0.142,42
stdmap_r3,match,10000,0.143,42
stdmap_r3,match,10000,0.144,42
stdmap_r3,match,10000,0.145,42
stdmap_r3,match,10000,0.146,42
stdmap_r3,match,10000,0.147,42
stdmap_r3,match,10000,0.148,42
stdmap_r3,match,10000,0.149,42
stdmap_r3,match,10000,0.15,42
stdmap_r3,match,10000,0.151,42
stdmap_r3,match,10000,0.152,42
stdmap_r3,match,10000,0.153,42
stdmap_r3,match,10000,0.154,42
stdmap_r3,match,10000,0.155,42
stdmap_r3,match,10000,0.156,42
stdmap_r3,match,10000,0.157,42
stdmap_r3,match,10000,0.158,42
stdmap_r3,match,10000,0.159,42
stdmap_r3,match,10000,0.16,42
stdmap_r3,match,10000,0.161,42
stdmap_r3,match,10000,0.162,42
stdmap_r3,match,10000,0.163,42
stdmap_r3,match,10000,0.164,42
stdmap_r3,match,10000,0.165,42
stdmap_r3,match,10000,0.166,42
stdmap_r3,match,10000,0.167,42
stdmap_r3,match,10000,0.168,42
stdmap_r3,match,10000,0.169,42
stdmap_r3,match,10000,0.17,42
stdmap_r3,match,10000,0.171,42
stdmap_r3,match,10000,0.172,42
stdmap_r3,match,10000,0.173,42
stdmap_r3,match,10000,0.174,42
stdmap_r3,match,10000,0.175,42
stdmap_r3,match,10000,0.176,42
stdmap_r3,match,10000,0.177,42
stdmap_r3,match,10000,0.178,42
stdmap_r3,match,10000,0.179,42
stdmap_r3,match,10000,0.18,42
stdmap_r3,match,10000,0.181,42
stdmap_r3,match,10000,0.182,42
stdmap_r3,match,10000,0.183,42
stdmap_r3,match,10000,0.184,42
stdmap_r3,match,10000,0.185,42
stdmap_r3,match,10000,0.186,42
stdmap_r3,match,10000,0.187,42
stdmap_r3,match,10000,0.188,42
stdmap_r3,match,10000,0.189,42
stdmap_r3,match,10000,0.19,42
stdmap_r3,match,10000,0.191,42
stdmap_r3,match,10000,0.192,42
stdmap_r3,match,10000,0.193,42
stdmap_r3,match,10000,0.194,42
stdmap_r3,match,10000,0.195,42
stdmap_r3,match,10000,0.196,42
stdmap_r3,match,10000,0.197,42
stdmap_r3,match,10000,0.198,42
stdmap_r3,match,10000,0.199,42
stdmap_r3,match,10000,0.2,42
stdmap_r3,match,10000,0.201,42
stdmap_r3,match,10000,0.202,42
stdmap_r3,match,10000,0.203,42
stdmap_r3,match,10000,0.204,42
stdmap_r3,match,10000,0.205,42
stdmap_r3,match,10000,0.206,42
stdmap_r3,match,10000,0.207,42
stdmap_r3,match,10000,0.208,42
stdmap_r3,match,10000,0.209,42
stdmap_r3,match,10000,0.21,42
stdmap_r3,match,10000,0.211,42
stdmap_r3,match,10000,0.212,42
stdmap_r3,match,10000,0.213,42
stdmap_r3,match,10000,0.214,42
stdmap_r3,match,10000,0.215,42
stdmap_r3,match,10000,0.216,42
stdmap_r3,match,10000,0.217,42
stdmap_r3,match,10000,0.218,42
stdmap_r3,match,10000,0.219,42
stdmap_r3,match,10000,0.22,42
stdmap_r3,match,10000,0.221,83
stdmap_r3,match,10000,0.222,83
stdmap_r3,match,10000,0.223,83
stdmap_r3,match,10000,0.224,83
stdmap_r3,match,10000,0.225,83
stdmap_r3,match,10000,0.226,83
stdmap_r3,match,10000,0.227,83
stdmap_r3,match,10000,0.228,83
stdmap_r3,match,10000,0.229,83
stdmap_r3,match,10000,0.23,83
stdmap_r3,match,10000,0.231,83
stdmap_r3,match,10000,0.232,83
stdmap_r3,match,10000,0.233,83
stdmap_r3,match,10000,0.234,83
stdmap_r3,match,10000,0.235,83
stdmap_r3,match,10000,0.236,83
stdmap_r3,match,10000,0.237,83
stdmap_r3,match,10000,0.238,83
stdmap_r3,match,10000,0.239,83
stdmap_r3,match,10000,0.24,83
stdmap_r3,match,10000,0.241,83
stdmap_r3,match,10000,0.242,83
stdmap_r3,match,10000,0.243,83
stdmap_r3,match,10000,0.244,83
stdmap_r3,match,10000,0.245,83
stdmap_r3,match,10000,0.246,83
stdmap_r3,match,10000,0.247,83
stdmap_r3,match,10000,0.248,83
stdmap_r3,match,10000,0.249,83
stdmap_r3,match,10000,0.25,83
stdmap_r3,match,10000,0.251,83
stdmap_r3,match,10000,0.252,83
stdmap_r3,match,10000,0.253,83
stdmap_r3,match,10000,0.254,83
stdmap_r3,match,10000,0.255,83
stdmap_r3,match,10000,0.256,83
stdmap_r3,match,10000,0.257,83
stdmap_r3,match,10000,0.258,83
stdmap_r3,match,10000,0.259,83
stdmap_r3,match,10000,0.26,83
stdmap_r3,match,10000,0.261,83
stdmap_r3,match,10000,0.262,83
stdmap_r3,match,10000,0.263,83
stdmap_r3,match,10000,0.264,83
stdmap_r3,match,10000,0.265,83
stdmap_r3,match,10000,0.266,83
stdmap_r3,match,10000,0.267,83
stdmap_r3,match,10000,0.268,83
stdmap_r3,match,10000,0.269,83
stdmap_r3,match,10000,0.27,83
stdmap_r3,match,10000,0.271,83
stdmap_r3,match,10000,0.272,83
stdmap_r3,match,10000,0.273,83
stdmap_r3,match,10000,0.274,83
stdmap_r3,match,10000,0.275,83
stdmap_r3,match,10000,0.276,83
stdmap_r3,match,10000,0.277,83
stdmap_r3,match,10000,0.278,83
stdmap_r3,match,10000,0.279,83
stdmap_r3,match,10000,0.28,83
stdmap_r3,match,10000,0.281,83
stdmap_r3,match,10000,0.282,83
stdmap_r3,match,10000,0.283,83
stdmap_r3,match,10000,0.284,83
stdmap_r3,match,10000,0.285,83
stdmap_r3,match,10000,0.286,83
stdmap_r3,match,10000,0.287,83
stdmap_r3,match,10000,0.288,83
stdmap_r3,match,10000,0.289,83
stdmap_r3,match,10000,0.29,83
stdmap_r3,match,10000,0.291,83
stdmap_r3,match,10000,0.292,83
stdmap_r3,match,10000,0.293,83
stdmap_r3,match,10000,0.294,83
stdmap_r3,match,10000,0.295,83
stdmap_r3,match,10000,0.296,83
stdmap_r3,match,10000,0.297,83
stdmap_r3,match,10000,0.298,83
stdmap_r3,match,10000,0.299,83
stdmap_r3,match,10000,0.3,83
stdmap_r3,match,10000,0.301,83
stdmap_r3,match,10000,0.302,83
stdmap_r3,match,10000,0.303,83
stdmap_r3,match,10000,0.304,83
stdmap_r3,match,10000,0.305,83
stdmap_r3,match,10000,0.306,83
stdmap_r3,match,10000,0.307,83
stdmap_r3,match,10000,0.308,83
stdmap_r3,match,10000,0.309,83
stdmap_r3,match,10000,0.31,83
stdmap_r3,match,10000,0.311,83
stdmap_r3,match,10000,0.312,83
stdmap_r3,match,10000,0.313,83
stdmap_r3,match,10000,0.314,83
stdmap_r3,match,10000,0.315,83
stdmap_r3,match,10000,0.316,83
stdmap_r3,match,10000,0.317,83
stdmap_r3,match,10000,0.318,83
stdmap_r3,match,10000,0.319,83
stdmap_r3,match,10000,0.32,83
stdmap_r3,match,10000,0.321,83
stdmap_r3,match,10000,0.322,83
stdmap_r3,match,10000,0.323,83
stdmap_r3,match,10000,0.324,83
stdmap_r3,match,10000,0.325,83
stdmap_r3,match,10000,0.326,83
stdmap_r3,match,10000,0.327,83
stdmap_r3,match,10000,0.328,83
stdmap_r3,match,10000,0.329,83
stdmap_r3,match,10000,0.33,83
stdmap_r3,match,10000,0.331,83
stdmap_r3,match,10000,0.332,83
stdmap_r3,match,10000,0.333,83
stdmap_r3,match,10000,0.334,83
stdmap_r3,match,10000,0.335,83
stdmap_r3,match,10000,0.336,83
stdmap_r3,match,10000,0.337,83
stdmap_r3,match,10000,0.338,83
stdmap_r3,match,10000,0.339,83
stdmap_r3,match,10000,0.34,83
stdmap_r3,match,10000,0.341,83
stdmap_r3,match,10000,0.342,83
stdmap_r3,match,10000,0.343,83
stdmap_r3,match,10000,0.344,83
stdmap_r3,match,10000,0.345,83
stdmap_r3,match,10000,0.346,83
stdmap_r3,match,10000,0.347,83
stdmap_r3,match,10000,0.348,83
stdmap_r3,match,10000,0.349,83
stdmap_r3,match,10000,0.35,83
stdmap_r3,match,10000,0.351,83
stdmap_r3,match,10000,0.352,83
stdmap_r3,match,10000,0.353,83
stdmap_r3,match,10000,0.354,83
stdmap_r3,match,10000,0.355,83
stdmap_r3,match,10000,0.356,83
stdmap_r3,match,10000,0.357,83
stdmap_r3,match,10000,0.358,83
stdmap_r3,match,10000,0.359,83
stdmap_r3,match,10000,0.36,83
stdmap_r3,match,10000,0.361,83
stdmap_r3,match,10000,0.362,83
stdmap_r3,match,10000,0.363,83
stdmap_r3,match,10000,0.364,83
stdmap_r3,match,10000,0.365,83
stdmap_r3,match,10000,0.366,83
stdmap_r3,match,10000,0.367,83
stdmap_r3,match,10000,0.368,83
stdmap_r3,match,10000,0.369,83
stdmap_r3,match,10000,0.37,83
stdmap_r3,match,10000,0.371,83
stdmap_r3,match,10000,0.372,83
stdmap_r3,match,10000,0.373,83
stdmap_r3,match,10000,0.374,83
stdmap_r3,match,10000,0.375,83
stdmap_r3,match,10000,0.376,83
stdmap_r3,match,10000,0.377,83
stdmap_r3,match,10000,0.378,83
stdmap_r3,match,10000,0.379,83
stdmap_r3,match,10000,0.38,83
stdmap_r3,match,10000,0.381,83
stdmap_r3,match,10000,0.382,83
stdmap_r3,match,10000,0.383,83
stdmap_r3,match,10000,0.384,83
stdmap_r3,match,10000,0.385,83
stdmap_r3,match,10000,0.386,83
stdmap_r3,match,10000,0.387,83
stdmap_r3,match,10000,0.388,83
stdmap_r3,match,10000,0.389,83
stdmap_r3,match,10000,0.39,83
stdmap_r3,match,10000,0.391,83
stdmap_r3,match,10000,0.392,83
stdmap_r3,match,10000,0.393,83
stdmap_r3,match,10000,0.394,83
stdmap_r3,match,10000,0.395,83
stdmap_r3,match,10000,0.396,83
stdmap_r3,match,10000,0.397,83
stdmap_r3,match,10000,0.398,83
stdmap_r3,match,10000,0.399,83
stdmap_r3,match,10000,0.4,83
stdmap_r3,match,10000,0.401,83
stdmap_r3,match,10000,0.402,83
stdmap_r3,match,10000,0.403,83
stdmap_r3,match,10000,0.404,83
stdmap_r3,match,10000,0.405,83
stdmap_r3,match,10000,0.406,83
stdmap_r3,match,10000,0.407,83
stdmap_r3,match,10000,0.408,83
stdmap_r3,match,10000,0.409,83
stdmap_r3,match,10000,0.41,83
stdmap_r3,match,10000,0.411,83
stdmap_r3,match,10000,0.412,83
stdmap_r3,match,10000,0.413,83
stdmap_r3,match,10000,0.414,83
stdmap_r3,match,10000,0.415,83
stdmap_r3,match,10000,0.416,83
stdmap_r3,match,10000,0.417,83
stdmap_r3,match,10000,0.418,83
stdmap_r3,match,10000,0.419,83
stdmap_r3,match,10000,0.42,83
stdmap_r3,match,10000,0.421,83
stdmap_r3,match,10000,0.422,83
stdmap_r3,match,10000,0.423,83
stdmap_r3,match,10000,0.424,83
stdmap_r3,match,10000,0.425,83
stdmap_r3,match,10000,0.426,83
stdmap_r3,match,10000,0.427,83
stdmap_r3,match,10000,0.428,83
stdmap_r3,match,10000,0.429,83
stdmap_r3,match,10000,0.43,83
stdmap_r3,match,10000,0.431,83
stdmap_r3,match,10000,0.432,83
stdmap_r3,match,10000,0.433,83
stdmap_r3,match,10000,0.434,83
stdmap_r3,match,10000,0.435,83
stdmap_r3,match,10000,0.436,83
stdmap_r3,match,10000,0.437,83
stdmap_r3,match,10000,0.438,83
stdmap_r3,match,10000,0.439,83
stdmap_r3,match,10000,0.44,83
stdmap_r3,match,10000,0.441,83
stdmap_r3,match,10000,0.442,83
stdmap_r3,match,10000,0.443,83
stdmap_r3,match,10000,0.444,83
stdmap_r3,match,10000,0.445,83
stdmap_r3,match,10000,0.446,83
stdmap_r3,match,10000,0.447,83
stdmap_r3,match,10000,0.448,83
stdmap_r3,match,10000,0.449,83
stdmap_r3,match,10000,0.45,83
stdmap_r3,match,10000,0.451,83
stdmap_r3,match,10000,0.452,83
stdmap_r3,match,10000,0.453,83
stdmap_r3,match,10000,0.454,83
stdmap_r3,match,10000,0.455,83
stdmap_r3,match,10000,0.456,83
stdmap_r3,match,10000,0.457,83
stdmap_r3,match,10000,0.458,83
stdmap_r3,match,10000,0.459,83
stdmap_r3,match,10000,0.46,83
stdmap_r3,match,10000,0.461,83
stdmap_r3,match,10000,0.462,83
stdmap_r3,match,10000,0.463,83
stdmap_r3,match,10000,0.464,83
stdmap_r3,match,10000,0.465,83
stdmap_r3,match,10000,0.466,83
stdmap_r3,match,10000,0.467,83
stdmap_r3,match,10000,0.468,83
stdmap_r3,match,10000,0.469,83
stdmap_r3,match,10000,0.47,83
stdmap_r3,match,10000,0.471,83
stdmap_r3,match,10000,0.472,83
stdmap_r3,match,10000,0.473,83
stdmap_r3,match,10000,0.474,83
stdmap_r3,match,10000,0.475,83
stdmap_r3,match,10000,0.476,83
stdmap_r3,match,10000,0.477,83
stdmap_r3,match,10000,0.478,83
stdmap_r3,match,10000,0.479,83
stdmap_r3,match,10000,0.48,83
stdmap_r3,match,10000,0.481,83
stdmap_r3,match,10000,0.482,83
stdmap_r3,match,10000,0.483,83
stdmap_r3,match,10000,0.484,83
stdmap_r3,match,10000,0.485,83
stdmap_r3,match,10000,0.486,83
stdmap_r3,match,10000,0.487,83
stdmap_r3,match,10000,0.488,83
stdmap_r3,match,10000,0.489,83
stdmap_r3,match,10000,0.49,83
stdmap_r3,match,10000,0.491,83
stdmap_r3,match,10000,0.492,83
stdmap_r3,match,10000,0.493,83
stdmap_r3,match,10000,0.494,83
stdmap_r3,match,10000,0.495,83
stdmap_r3,match,10000,0.496,83
stdmap_r3,match,10000,0.497,83
stdmap_r3,match,10000,0.498,83
stdmap_r3,match,10000,0.499,83
stdmap_r3,match,10000,0.5,83
stdmap_r3,match,10000,0.501,83
stdmap_r3,match,10000,0.502,83
stdmap_r3,match,10000,0.503,83
stdmap_r3,match,10000,0.504,83
stdmap_r3,match,10000,0.505,83
stdmap_r3,match,10000,0.506,83
stdmap_r3,match,10000,0.507,83
stdmap_r3,match,10000,0.508,83
stdmap_r3,match,10000,0.509,83
stdmap_r3,match,10000,0.51,83
stdmap_r3,match,10000,0.511,83
stdmap_r3,match,10000,0.512,83
stdmap_r3,match,10000,0.513,83
stdmap_r3,match,10000,0.514,83
stdmap_r3,match,10000,0.515,83
stdmap_r3,match,10000,0.516,83
stdmap_r3,match,10000,0.517,83
stdmap_r3,match,10000,0.518,83
stdmap_r3,match,10000,0.519,83
stdmap_r3,match,10000,0.52,83
stdmap_r3,match,10000,0.521,83
stdmap_r3,match,10000,0.522,83
stdmap_r3,match,10000,0.523,83
stdmap_r3,match,10000,0.524,83
stdmap_r3,match,10000,0.525,83
stdmap_r3,match,10000,0.526,83
stdmap_r3,match,10000,0.527,83
stdmap_r3,match,10000,0.528,83
stdmap_r3,match,10000,0.529,83
stdmap_r3,match,10000,0.53,83
stdmap_r3,match,10000,0.531,83
stdmap_r3,match,10000,0.532,83
stdmap_r3,match,10000,0.533,83
stdmap_r3,match,10000,0.534,83
stdmap_r3,match,10000,0.535,83
stdmap_r3,match,10000,0.536,83
stdmap_r3,match,10000,0.537,83
stdmap_r3,match,10000,0.538,83
stdmap_r3,match,10000,0.539,83
stdmap_r3,match,10000,0.54,83
stdmap_r3,match,10000,0.541,83
stdmap_r3,match,10000,0.542,83
stdmap_r3,match,10000,0.543,83
stdmap_r3,match,10000,0.544,83
stdmap_r3,match,10000,0.545,83
stdmap_r3,match,10000,0.546,83
stdmap_r3,match,10000,0.547,83
stdmap_r3,match,10000,0.548,83
stdmap_r3,match,10000,0.549,83
stdmap_r3,match,10000,0.55,83
stdmap_r3,match,10000,0.551,83
stdmap_r3,match,10000,0.552,83
stdmap_r3,match,10000,0.553,83
stdmap_r3,match,10000,0.554,83
stdmap_r3,match,10000,0.555,83
stdmap_r3,match,10000,0.556,83
stdmap_r3,match,10000,0.557,83
stdmap_r3,match,10000,0.558,83
stdmap_r3,match,10000,0.559,83
stdmap_r3,match,10000,0.56,83
stdmap_r3,match,10000,0.561,83
stdmap_r3,match,10000,0.562,83
stdmap_r3,match,10000,0.563,83
stdmap_r3,match,10000,0.564,83
stdmap_r3,match,10000,0.565,84
stdmap_r3,match,10000,0.566,84
stdmap_r3,match,10000,0.567,84
stdmap_r3,match,10000,0.568,84
stdmap_r3,match,10000,0.569,84
stdmap_r3,match,10000,0.57,84
stdmap_r3,match,10000,0.571,84
stdmap_r3,match,10000,0.572,84
stdmap_r3,match,10000,0.573,84
stdmap_r3,match,10000,0.574,84
stdmap_r3,match,10000,0.575,84
stdmap_r3,match,10000,0.576,84
stdmap_r3,match,10000,0.577,84
stdmap_r3,match,10000,0.578,84
stdmap_r3,match,10000,0.579,84
stdmap_r3,match,10000,0.58,84
stdmap_r3,match,10000,0.581,84
stdmap_r3,match,10000,0.582,84
stdmap_r3,match,10000,0.583,84
stdmap_r3,match,10000,0.584,84
stdmap_r3,match,10000,0.585,84
stdmap_r3,match,10000,0.586,84
stdmap_r3,match,10000,0.587,84
stdmap_r3,match,10000,0.588,84
stdmap_r3,match,10000,0.589,84
stdmap_r3,match,10000,0.59,84
stdmap_r3,match,10000,0.591,84
stdmap_r3,match,10000,0.592,84
stdmap_r3,match,10000,0.593,84
stdmap_r3,match,10000,0.594,84
stdmap_r3,match,10000,0.595,84
stdmap_r3,match,10000,0.596,84
stdmap_r3,match,10000,0.597,84
stdmap_r3,match,10000,0.598,84
stdmap_r3,match,10000,0.599,84
stdmap_r3,match,10000,0.6,84
stdmap_r3,match,10000,0.601,84
stdmap_r3,match,10000,0.602,84
stdmap_r3,match,10000,0.603,84
stdmap_r3,match,10000,0.604,84
stdmap_r3,match,10000,0.605,84
stdmap_r3,match,10000,0.606,84
stdmap_r3,match,10000,0.607,84
stdmap_r3,match,10000,0.608,84
stdmap_r3,match,10000,0.609,84
stdmap_r3,match,10000,0.61,84
stdmap_r3,match,10000,0.611,84
stdmap_r3,match,10000,0.612,84
stdmap_r3,match,10000,0.613,84
stdmap_r3,match,10000,0.614,84
stdmap_r3,match,10000,0.615,84
stdmap_r3,match,10000,0.616,84
stdmap_r3,match,10000,0.617,84
stdmap_r3,match,10000,0.618,84
stdmap_r3,match,10000,0.619,84
stdmap_r3,match,10000,0.62,84
stdmap_r3,match,10000,0.621,84
stdmap_r3,match,10000,0.622,84
stdmap_r3,match,10000,0.623,84
stdmap_r3,match,10000,0.624,84
stdmap_r3,match,10000,0.625,84
stdmap_r3,match,10000,0.626,84
stdmap_r3,match,10000,0.627,84
stdmap_r3,match,10000,0.628,84
stdmap_r3,match,10000,0.629,84
stdmap_r3,match,10000,0.63,84
stdmap_r3,match,10000,0.631,84
stdmap_r3,match,10000,0.632,84
stdmap_r3,match,10000,0.633,84
stdmap_r3,match,10000,0.634,84
stdmap_r3,match,10000,0.635,84
stdmap_r3,match,10000,0.636,84
stdmap_r3,match,10000,0.637,84
stdmap_r3,match,10000,0.638,84
stdmap_r3,match,10000,0.639,84
stdmap_r3,match,10000,0.64,84
stdmap_r3,match,10000,0.641,84
stdmap_r3,match,10000,0.642,84
stdmap_r3,match,10000,0.643,84
stdmap_r3,match,10000,0.644,84
stdmap_r3,match,10000,0.645,84
stdmap_r3,match,10000,0.646,84
stdmap_r3,match,10000,0.647,84
stdmap_r3,match,10000,0.648,84
stdmap_r3,match,10000,0.649,84
stdmap_r3,match,10000,0.65,84
stdmap_r3,match,10000,0.651,84
stdmap_r3,match,10000,0.652,84
stdmap_r3,match,10000,0.653,84
stdmap_r3,match,10000,0.654,84
stdmap_r3,match,10000,0.655,84
stdmap_r3,match,10000,0.656,84
stdmap_r3,match,10000,0.657,84
stdmap_r3,match,10000,0.658,84
stdmap_r3,match,10000,0.659,84
stdmap_r3,match,10000,0.66,84
stdmap_r3,match,10000,0.661,84
stdmap_r3,match,10000,0.662,84
stdmap_r3,match,10000,0.663,84
stdmap_r3,match,10000,0.664,84
stdmap_r3,match,10000,0.665,84
stdmap_r3,match,10000,0.666,84
stdmap_r3,match,10000,0.667,84
stdmap_r3,match,10000,0.668,84
stdmap_r3,match,10000,0.669,84
stdmap_r3,match,10000,0.67,84
stdmap_r3,match,10000,0.671,84
stdmap_r3,match,10000,0.672,84
stdmap_r3,match,10000,0.673,84
stdmap_r3,match,10000,0.674,84
stdmap_r3,match,10000,0.675,84
stdmap_r3,match,10000,0.676,84
stdmap_r3,match,10000,0.677,84
stdmap_r3,match,10000,0.678,84
stdmap_r3,match,10000,0.679,84
stdmap_r3,match,10000,0.68,84
stdmap_r3,match,10000,0.681,84
stdmap_r3,match,10000,0.682,84
stdmap_r3,match,10000,0.683,84
stdmap_r3,match,10000,0.684,84
stdmap_r3,match,10000,0.685,84
stdmap_r3,match,10000,0.686,84
stdmap_r3,match,10000,0.687,84
stdmap_r3,match,10000,0.688,84
stdmap_r3,match,10000,0.689,84
stdmap_r3,match,10000,0.69,84
stdmap_r3,match,10000,0.691,84
stdmap_r3,match,10000,0.692,84
stdmap_r3,match,10000,0.693,84
stdmap_r3,match,10000,0.694,84
stdmap_r3,match,10000,0.695,84
stdmap_r3,match,10000,0.696,84
stdmap_r3,match,10000,0.697,84
stdmap_r3,match,10000,0.698,84
stdmap_r3,match,10000,0.699,84
stdmap_r3,match,10000,0.7,84
stdmap_r3,match,10000,0.701,84
stdmap_r3,match,10000,0.702,84
stdmap_r3,match,10000,0.703,84
stdmap_r3,match,10000,0.704,84
stdmap_r3,match,10000,0.705,84
stdmap_r3,match,10000,0.706,84
stdmap_r3,match,10000,0.707,84
stdmap_r3,match,10000,0.708,84
stdmap_r3,match,10000,0.709,84
stdmap_r3,match,10000,0.71,84
stdmap_r3,match,10000,0.711,84
stdmap_r3,match,10000,0.712,84
stdmap_r3,match,10000,0.713,84
stdmap_r3,match,10000,0.714,84
stdmap_r3,match,10000,0.715,84
stdmap_r3,match,10000,0.716,84
stdmap_r3,match,10000,0.717,84
stdmap_r3,match,10000,0.718,84
stdmap_r3,match,10000,0.719,84
stdmap_r3,match,10000,0.72,84
stdmap_r3,match,10000,0.721,84
stdmap_r3,match,10000,0.722,84
stdmap_r3,match,10000,0.723,84
stdmap_r3,match,10000,0.724,84
stdmap_r3,match,10000,0.725,84
stdmap_r3,match,10000,0.726,84
stdmap_r3,match,10000,0.727,84
stdmap_r3,match,10000,0.728,84
stdmap_r3,match,10000,0.729,84
stdmap_r3,match,10000,0.73,84
stdmap_r3,match,10000,0.731,84
stdmap_r3,match,10000,0.732,84
stdmap_r3,match,10000,0.733,84
stdmap_r3,match,10000,0.734,84
stdmap_r3,match,10000,0.735,84
stdmap_r3,match,10000,0.736,84
stdmap_r3,match,10000,0.737,125
stdmap_r3,match,10000,0.738,125
stdmap_r3,match,10000,0.739,125
stdmap_r3,match,10000,0.74,125
stdmap_r3,match,10000,0.741,125
stdmap_r3,match,10000,0.742,125
stdmap_r3,match,10000,0.743,125
stdmap_r3,match,10000,0.744,125
stdmap_r3,match,10000,0.745,125
stdmap_r3,match,10000,0.746,125
stdmap_r3,match,10000,0.747,125
stdmap_r3,match,10000,0.748,125
stdmap_r3,match,10000,0.749,125
stdmap_r3,match,10000,0.75,125
stdmap_r3,match,10000,0.751,125
stdmap_r3,match,10000,0.752,125
stdmap_r3,match,10000,0.753,125
stdmap_r3,match,10000,0.754,125
stdmap_r3,match,10000,0.755,125
stdmap_r3,match,10000,0.756,125
stdmap_r3,match,10000,0.757,125
stdmap_r3,match,10000,0.758,125
stdmap_r3,match,10000,0.759,125
stdmap_r3,match,10000,0.76,125
stdmap_r3,match,10000,0.761,125
stdmap_r3,match,10000,0.762,125
stdmap_r3,match,10000,0.763,125
stdmap_r3,match,10000,0.764,125
stdmap_r3,match,10000,0.765,125
stdmap_r3,match,10000,0.766,125
stdmap_r3,match,10000,0.767,125
stdmap_r3,match,10000,0.768,125
stdmap_r3,match,10000,0.769,125
stdmap_r3,match,10000,0.77,125
stdmap_r3,match,10000,0.771,125
stdmap_r3,match,10000,0.772,125
stdmap_r3,match,10000,0.773,125
stdmap_r3,match,10000,0.774,125
stdmap_r3,match,10000,0.775,125
stdmap_r3,match,10000,0.776,125
stdmap_r3,match,10000,0.777,125
stdmap_r3,match,10000,0.778,125
stdmap_r3,match,10000,0.779,125
stdmap_r3,match,10000,0.78,125
stdmap_r3,match,10000,0.781,125
stdmap_r3,match,10000,0.782,125
stdmap_r3,match,10000,0.783,125
stdmap_r3,match,10000,0.784,125
stdmap_r3,match,10000,0.785,125
stdmap_r3,match,10000,0.786,125
stdmap_r3,match,10000,0.787,125
stdmap_r3,match,10000,0.788,125
stdmap_r3,match,10000,0.789,125
stdmap_r3,match,10000,0.79,125
stdmap_r3,match,10000,0.791,125
stdmap_r3,match,10000,0.792,125
stdmap_r3,match,10000,0.793,125
stdmap_r3,match,10000,0.794,125
stdmap_r3,match,10000,0.795,125
stdmap_r3,match,10000,0.796,125
stdmap_r3,match,10000,0.797,125
stdmap_r3,match,10000,0.798,125
stdmap_r3,match,10000,0.799,125
stdmap_r3,match,10000,0.8,125
stdmap_r3,match,10000,0.801,125
stdmap_r3,match,10000,0.802,125
stdmap_r3,match,10000,0.803,125
stdmap_r3,match,10000,0.804,125
stdmap_r3,match,10000,0.805,125
stdmap_r3,match,10000,0.806,125
stdmap_r3,match,10000,0.807,125
stdmap_r3,match,10000,0.808,125
stdmap_r3,match,10000,0.809,125
stdmap_r3,match,10000,0.81,125
stdmap_r3,match,10000,0.811,125
stdmap_r3,match,10000,0.812,125
stdmap_r3,match,10000,0.813,125
stdmap_r3,match,10000,0.814,125
stdmap_r3,match,10000,0.815,125
stdmap_r3,match,10000,0.816,125
stdmap_r3,match,10000,0.817,125
stdmap_r3,match,10000,0.818,125
stdmap_r3,match,10000,0.819,125
stdmap_r3,match,10000,0.82,125
stdmap_r3,match,10000,0.821,125
stdmap_r3,match,10000,0.822,125
stdmap_r3,match,10000,0.823,125
stdmap_r3,match,10000,0.824,125
stdmap_r3,match,10000,0.825,125
stdmap_r3,match,10000,0.826,125
stdmap_r3,match,10000,0.827,125
stdmap_r3,match,10000,0.828,125
stdmap_r3,match,10000,0.829,125
stdmap_r3,match,10000,0.83,125
stdmap_r3,match,10000,0.831,125
stdmap_r3,match,10000,0.832,125
stdmap_r3,match,10000,0.833,125
stdmap_r3,match,10000,0.834,125
stdmap_r3,match,10000,0.835,125
stdmap_r3,match,10000,0.836,125
stdmap_r3,match,10000,0.837,125
stdmap_r3,match,10000,0.838,125
stdmap_r3,match,10000,0.839,125
stdmap_r3,match,10000,0.84,125
stdmap_r3,match,10000,0.841,125
stdmap_r3,match,10000,0.842,125
stdmap_r3,match,10000,0.843,125
stdmap_r3,match,10000,0.844,125
stdmap_r3,match,10000,0.845,125
stdmap_r3,match,10000,0.846,125
stdmap_r3,match,10000,0.847,125
stdmap_r3,match,10000,0.848,125
stdmap_r3,match,10000,0.849,125
stdmap_r3,match,10000,0.85,125
stdmap_r3,match,10000,0.851,125
stdmap_r3,match,10000,0.852,125
stdmap_r3,match,10000,0.853,125
stdmap_r3,match,10000,0.854,125
stdmap_r3,match,10000,0.855,125
stdmap_r3,match,10000,0.856,125
stdmap_r3,match,10000,0.857,125
stdmap_r3,match,10000,0.858,125
stdmap_r3,match,10000,0.859,125
stdmap_r3,match,10000,0.86,125
stdmap_r3,match,10000,0.861,125
stdmap_r3,match,10000,0.862,125
stdmap_r3,match,10000,0.863,125
stdmap_r3,match,10000,0.864,125
stdmap_r3,match,10000,0.865,125
stdmap_r3,match,10000,0.866,125
stdmap_r3,match,10000,0.867,125
stdmap_r3,match,10000,0.868,125
stdmap_r3,match,10000,0.869,125
stdmap_r3,match,10000,0.87,125
stdmap_r3,match,10000,0.871,125
stdmap_r3,match,10000,0.872,125
stdmap_r3,match,10000,0.873,125
stdmap_r3,match,10000,0.874,125
stdmap_r3,match,10000,0.875,125
stdmap_r3,match,10000,0.876,125
stdmap_r3,match,10000,0.877,125
stdmap_r3,match,10000,0.878,125
stdmap_r3,match,10000,0.879,166
stdmap_r3,match,10000,0.88,166
stdmap_r3,match,10000,0.881,166
stdmap_r3,match,10000,0.882,166
stdmap_r3,match,10000,0.883,166
stdmap_r3,match,10000,0.884,166
stdmap_r3,match,10000,0.885,166
stdmap_r3,match,10000,0.886,166
stdmap_r3,match,10000,0.887,166
stdmap_r3,match,10000,0.888,166
stdmap_r3,match,10000,0.889,166
stdmap_r3,match,10000,0.89,166
stdmap_r3,match,10000,0.891,166
stdmap_r3,match,10000,0.892,166
stdmap_r3,match,10000,0.893,167
stdmap_r3,match,10000,0.894,167
stdmap_r3,match,10000,0.895,167
stdmap_r3,match,10000,0.896,167
stdmap_r3,match,10000,0.897,167
stdmap_r3,match,10000,0.898,167
stdmap_r3,match,10000,0.899,167
stdmap_r3,match,10000,0.9,167
stdmap_r3,match,10000,0.901,167
stdmap_r3,match,10000,0.902,167
stdmap_r3,match,10000,0.903,167
stdmap_r3,match,10000,0.904,167
stdmap_r3,match,10000,0.905,167
stdmap_r3,match,10000,0.906,167
stdmap_r3,match,10000,0.907,167
stdmap_r3,match,10000,0.908,167
stdmap_r3,match,10000,0.909,167
stdmap_r3,match,10000,0.91,167
stdmap_r3,match,10000,0.911,167
stdmap_r3,match,10000,0.912,167
stdmap_r3,match,10000,0.913,167
stdmap_r3,match,10000,0.914,167
stdmap_r3,match,10000,0.915,167
stdmap_r3,match,10000,0.916,167
stdmap_r3,match,10000,0.917,167
stdmap_r3,match,10000,0.918,167
stdmap_r3,match,10000,0.919,167
stdmap_r3,match,10000,0.92,167
stdmap_r3,match,10000,0.921,167
stdmap_r3,match,10000,0.922,208
stdmap_r3,match,10000,0.923,208
stdmap_r3,match,10000,0.924,208
stdmap_r3,match,10000,0.925,208
stdmap_r3,match,10000,0.926,208
stdmap_r3,match,10000,0.927,208
stdmap_r3,match,10000,0.928,208
stdmap_r3,match,10000,0.929,208
stdmap_r3,match,10000,0.93,208
stdmap_r3,match,10000,0.931,208
stdmap_r3,match,10000,0.932,208
stdmap_r3,match,10000,0.933,208
stdmap_r3,match,10000,0.934,208
stdmap_r3,match,10000,0.935,208
stdmap_r3,match,10000,0.936,209
stdmap_r3,match,10000,0.937,209
stdmap_r3,match,10000,0.938,209
stdmap_r3,match,10000,0.939,209
stdmap_r3,match,10000,0.94,209
stdmap_r3,match,10000,0.941,209
stdmap_r3,match,10000,0.942,209
stdmap_r3,match,10000,0.943,250
stdmap_r3,match,10000,0.944,250
stdmap_r3,match,10000,0.945,250
stdmap_r3,match,10000,0.946,250
stdmap_r3,match,10000,0.947,250
stdmap_r3,match,10000,0.948,250
stdmap_r3,match,10000,0.949,250
stdmap_r3,match,10000,0.95,250
stdmap_r3,match,10000,0.951,250
stdmap_r3,match,10000,0.952,250
stdmap_r3,match,10000,0.953,250
stdmap_r3,match,10000,0.954,250
stdmap_r3,match,10000,0.955,250
stdmap_r3,match,10000,0.956,250
stdmap_r3,match,10000,0.957,291
stdmap_r3,match,10000,0.958,291
stdmap_r3,match,10000,0.959,291
stdmap_r3,match,10000,0.96,292
stdmap_r3,match,10000,0.961,292
stdmap_r3,match,10000,0.962,292
stdmap_r3,match,10000,0.963,292
stdmap_r3,match,10000,0.964,292
stdmap_r3,match,10000,0.965,292
stdmap_r3,match,10000,0.966,333
stdmap_r3,match,10000,0.967,333
stdmap_r3,match,10000,0.968,333
stdmap_r3,match,10000,0.969,333
stdmap_r3,match,10000,0.97,333
stdmap_r3,match,10000,0.971,334
stdmap_r3,match,10000,0.972,334
stdmap_r3,match,10000,0.973,375
stdmap_r3,match,10000,0.974,375
stdmap_r3,match,10000,0.975,375
stdmap_r3,match,10000,0.976,375
stdmap_r3,match,10000,0.977,375
stdmap_r3,match,10000,0.978,416
stdmap_r3,match,10000,0.979,416
stdmap_r3,match,10000,0.98,417
stdmap_r3,match,10000,0.981,417
stdmap_r3,match,10000,0.982,458
stdmap_r3,match,10000,0.983,458
stdmap_r3,match,10000,0.984,458
stdmap_r3,match,10000,0.985,459
stdmap_r3,match,10000,0.986,500
stdmap_r3,match,10000,0.987,500
stdmap_r3,match,10000,0.988,541
stdmap_r3,match,10000,0.989,542
stdmap_r3,match,10000,0.99,542
stdmap_r3,match,10000,0.991,583
stdmap_r3,match,10000,0.992,625
stdmap_r3,match,10000,0.993,625
stdmap_r3,match,10000,0.994,667
stdmap_r3,match,10000,0.995,709
stdmap_r3,match,10000,0.996,792
stdmap_r3,match,10000,0.997,875
stdmap_r3,match,10000,0.998,1000
stdmap_r3,match,10000,0.999,1291
stdmap_r3,add,100000,0,0
stdmap_r3,add,100000,0.001,41
stdmap_r3,add,100000,0.002,41
stdmap_r3,add,100000,0.003,41
stdmap_r3,add,100000,0.004,41
stdmap_r3,add,100000,0.005,42
stdmap_r3,add,100000,0.006,42
stdmap_r3,add,100000,0.007,42
stdmap_r3,add,100000,0.008,42
stdmap_r3,add,100000,0.009,42
stdmap_r3,add,100000,0.01,42
stdmap_r3,add,100000,0.011,42
stdmap_r3,add,100000,0.012,42
stdmap_r3,add,100000,0.013,42
stdmap_r3,add,100000,0.014,83
stdmap_r3,add,100000,0.015,83
stdmap_r3,add,100000,0.016,83
stdmap_r3,add,100000,0.017,83
stdmap_r3,add,100000,0.018,83
stdmap_r3,add,100000,0.019,83
stdmap_r3,add,100000,0.02,83
stdmap_r3,add,100000,0.021,83
stdmap_r3,add,100000,0.022,83
stdmap_r3,add,100000,0.023,83
stdmap_r3,add,100000,0.024,83
stdmap_r3,add,100000,0.025,83
stdmap_r3,add,100000,0.026,83
stdmap_r3,add,100000,0.027,83
stdmap_r3,add,100000,0.028,83
stdmap_r3,add,100000,0.029,83
stdmap_r3,add,100000,0.03,83
stdmap_r3,add,100000,0.031,83
stdmap_r3,add,100000,0.032,83
stdmap_r3,add,100000,0.033,83
stdmap_r3,add,100000,0.034,83
stdmap_r3,add,100000,0.035,83
stdmap_r3,add,100000,0.036,83
stdmap_r3,add,100000,0.037,83
stdmap_r3,add,100000,0.038,83
stdmap_r3,add,100000,0.039,83
stdmap_r3,add,100000,0.04,83
stdmap_r3,add,100000,0.041,83
stdmap_r3,add,100000,0.042,83
stdmap_r3,add,100000,0.043,83
stdmap_r3,add,100000,0.044,83
stdmap_r3,add,100000,0.045,83
stdmap_r3,add,100000,0.046,83
stdmap_r3,add,100000,0.047,83
stdmap_r3,add,100000,0.048,83
stdmap_r3,add,100000,0.049,83
stdmap_r3,add,100000,0.05,83
stdmap_r3,add,100000,0.051,83
stdmap_r3,add,100000,0.052,83
stdmap_r3,add,100000,0.053,83
stdmap_r3,add,100000,0.054,83
stdmap_r3,add,100000,0.055,83
stdmap_r3,add,100000,0.056,83
stdmap_r3,add,100000,0.057,83
stdmap_r3,add,100000,0.058,83
stdmap_r3,add,100000,0.059,83
stdmap_r3,add,100000,0.06,83
stdmap_r3,add,100000,0.061,83
stdmap_r3,add,100000,0.062,83
stdmap_r3,add,100000,0.063,83
stdmap_r3,add,100000,0.064,83
stdmap_r3,add,100000,0.065,83
stdmap_r3,add,100000,0.066,83
stdmap_r3,add,100000,0.067,83
stdmap_r3,add,100000,0.068,83
stdmap_r3,add,100000,0.069,83
stdmap_r3,add,100000,0.07,83
stdmap_r3,add,100000,0.071,83
stdmap_r3,add,100000,0.072,83
stdmap_r3,add,100000,0.073,83
stdmap_r3,add,100000,0.074,83
stdmap_r3,add,100000,0.075,83
stdmap_r3,add,100000,0.076,83
stdmap_r3,add,100000,0.077,83
stdmap_r3,add,100000,0.078,83
stdmap_r3,add,100000,0.079,83
stdmap_r3,add,100000,0.08,83
stdmap_r3,add,100000,0.081,83
stdmap_r3,add,100000,0.082,83
stdmap_r3,add,100000,0.083,83
stdmap_r3,add,100000,0.084,83
stdmap_r3,add,100000,0.085,83
stdmap_r3,add,100000,0.086,83
stdmap_r3,add,100000,0.087,83
stdmap_r3,add,100000,0.088,83
stdmap_r3,add,100000,0.089,83
stdmap_r3,add,100000,0.09,83
stdmap_r3,add,100000,0.091,83
stdmap_r3,add,100000,0.092,83
stdmap_r3,add,100000,0.093,83
stdmap_r3,add,100000,0.094,83
stdmap_r3,add,100000,0.095,83
stdmap_r3,add,100000,0.096,83
stdmap_r3,add,100000,0.097,83
stdmap_r3,add,100000,0.098,83
stdmap_r3,add,100000,0.099,83
stdmap_r3,add,100000,0.1,83
stdmap_r3,add,100000,0.101,83
stdmap_r3,add,100000,0.102,83
stdmap_r3,add,100000,0.103,83
stdmap_r3,add,100000,0.104,83
stdmap_r3,add,100000,0.105,83
stdmap_r3,add,100000,0.106,83
stdmap_r3,add,100000,0.107,83
stdmap_r3,add,100000,0.108,83
stdmap_r3,add,100000,0.109,83
stdmap_r3,add,100000,0.11,83
stdmap_r3,add,100000,0.111,83
stdmap_r3,add,100000,0.112,83
stdmap_r3,add,100000,0.113,83
stdmap_r3,add,100000,0.114,83
stdmap_r3,add,100000,0.115,83
stdmap_r3,add,100000,0.116,83
stdmap_r3,add,100000,0.117,83
stdmap_r3,add,100000,0.118,83
stdmap_r3,add,100000,0.119,83
stdmap_r3,add,100000,0.12,83
stdmap_r3,add,100000,0.121,83
stdmap_r3,add,100000,0.122,83
stdmap_r3,add,100000,0.123,83
stdmap_r3,add,100000,0.124,83
stdmap_r3,add,100000,0.125,83
stdmap_r3,add,100000,0.126,83
stdmap_r3,add,100000,0.127,83
stdmap_r3,add,100000,0.128,83
stdmap_r3,add,100000,0.129,83
stdmap_r3,add,100000,0.13,83
stdmap_r3,add,100000,0.131,83
stdmap_r3,add,100000,0.132,83
stdmap_r3,add,100000,0.133,83
stdmap_r3,add,100000,0.134,83
stdmap_r3,add,100000,0.135,83
stdmap_r3,add,100000,0.136,83
stdmap_r3,add,100000,0.137,83
stdmap_r3,add,100000,0.138,83
stdmap_r3,add,100000,0.139,84
stdmap_r3,add,100000,0.14,84
stdmap_r3,add,100000,0.141,84
stdmap_r3,add,100000,0.142,84
stdmap_r3,add,100000,0.143,84
stdmap_r3,add,100000,0.144,84
stdmap_r3,add,100000,0.145,84
stdmap_r3,add,100000,0.146,84
stdmap_r3,add,100000,0.147,84
stdmap_r3,add,100000,0.148,84
stdmap_r3,add,100000,0.149,84
stdmap_r3,add,100000,0.15,84
stdmap_r3,add,100000,0.151,84
stdmap_r3,add,100000,0.152,84
stdmap_r3,add,100000,0.153,84
stdmap_r3,add,100000,0.154,84
stdmap_r3,add,100000,0.155,84
stdmap_r3,add,100000,0.156,84
stdmap_r3,add,100000,0.157,84
stdmap_r3,add,100000,0.158,84
stdmap_r3,add,100000,0.159,84
stdmap_r3,add,100000,0.16,84
stdmap_r3,add,100000,0.161,84
stdmap_r3,add,100000,0.162,84
stdmap_r3,add,100000,0.163,84
stdmap_r3,add,100000,0.164,84
stdmap_r3,add,100000,0.165,84
stdmap_r3,add,100000,0.166,84
stdmap_r3,add,100000,0.167,84
stdmap_r3,add,100000,0.168,84
stdmap_r3,add,100000,0.169,84
stdmap_r3,add,100000,0.17,84
stdmap_r3,add,100000,0.171,84
stdmap_r3,add,100000,0.172,84
stdmap_r3,add,100000,0.173,84
stdmap_r3,add,100000,0.174,84
stdmap_r3,add,100000,0.175,84
stdmap_r3,add,100000,0.176,84
stdmap_r3,add,100000,0.177,84
stdmap_r3,add,100000,0.178,84
stdmap_r3,add,100000,0.179,84
stdmap_r3,add,100000,0.18,84
stdmap_r3,add,100000,0.181,84
stdmap_r3,add,100000,0.182,84
stdmap_r3,add,100000,0.183,84
stdmap_r3,add,100000,0.184,84
stdmap_r3,add,100000,0.185,84
stdmap_r3,add,100000,0.186,84
stdmap_r3,add,100000,0.187,84
stdmap_r3,add,100000,0.188,84
stdmap_r3,add,100000,0.189,84
stdmap_r3,add,100000,0.19,84
stdmap_r3,add,100000,0.191,84
stdmap_r3,add,100000,0.192,84
stdmap_r3,add,100000,0.193,84
stdmap_r3,add,100000,0.194,84
stdmap_r3,add,100000,0.195,84
stdmap_r3,add,100000,0.196,84
stdmap_r3,add,100000,0.197,84
stdmap_r3,add,100000,0.198,84
stdmap_r3,add,100000,0.199,84
stdmap_r3,add,100000,0.2,84
stdmap_r3,add,100000,0.201,125
stdmap_r3,add,100000,0.202,125
stdmap_r3,add,100000,0.203,125
stdmap_r3,add,100000,0.204,125
stdmap_r3,add,100000,0.205,125
stdmap_r3,add,100000,0.206,125
stdmap_r3,add,100000,0.207,125
stdmap_r3,add,100000,0.208,125
stdmap_r3,add,100000,0.209,125
stdmap_r3,add,100000,0.21,125
stdmap_r3,add,100000,0.211,125
stdmap_r3,add,100000,0.212,125
stdmap_r3,add,100000,0.213,125
stdmap_r3,add,100000,0.214,125
stdmap_r3,add,100000,0.215,125
stdmap_r3,add,100000,0.216,125
stdmap_r3,add,100000,0.217,125
stdmap_r3,add,100000,0.218,125
stdmap_r3,add,100000,0.219,125
stdmap_r3,add,100000,0.22,125
stdmap_r3,add,100000,0.221,125
stdmap_r3,add,100000,0.222,125
stdmap_r3,add,100000,0.223,125
stdmap_r3,add,100000,0.224,125
stdmap_r3,add,100000,0.225,125
stdmap_r3,add,100000,0.226,125
stdmap_r3,add,100000,0.227,125
stdmap_r3,add,100000,0.228,125
stdmap_r3,add,100000,0.229,125
stdmap_r3,add,100000,0.23,125
stdmap_r3,add,100000,0.231,125
stdmap_r3,add,100000,0.232,125
stdmap_r3,add,100000,0.233,125
stdmap_r3,add,100000,0.234,125
stdmap_r3,add,100000,0.235,125
stdmap_r3,add,100000,0.236,125
stdmap_r3,add,100000,0.237,125
stdmap_r3,add,100000,0.238,125
stdmap_r3,add,100000,0.239,125
stdmap_r3,add,100000,0.24,125
stdmap_r3,add,100000,0.241,125
stdmap_r3,add,100000,0.242,125
stdmap_r3,add,100000,0.243,125
stdmap_r3,add,100000,0.244,125
stdmap_r3,add,100000,0.245,125
stdmap_r3,add,100000,0.246,125
stdmap_r3,add,100000,0.247,125
stdmap_r3,add,100000,0.248,125
stdmap_r3,add,100000,0.249,125
stdmap_r3,add,100000,0.25,125
stdmap_r3,add,100000,0.251,125
stdmap_r3,add,100000,0.252,125
stdmap_r3,add,100000,0.253,125
stdmap_r3,add,100000,0.254,125
stdmap_r3,add,100000,0.255,125
stdmap_r3,add,100000,0.256,125
stdmap_r3,add,100000,0.257,125
stdmap_r3,add,100000,0.258,125
stdmap_r3,add,100000,0.259,125
stdmap_r3,add,100000,0.26,125
stdmap_r3,add,100000,0.261,125
stdmap_r3,add,100000,0.262,125
stdmap_r3,add,100000,0.263,125
stdmap_r3,add,100000,0.264,125
stdmap_r3,add,100000,0.265,125
stdmap_r3,add,100000,0.266,125
stdmap_r3,add,100000,0.267,125
stdmap_r3,add,100000,0.268,125
stdmap_r3,add,100000,0.269,125
stdmap_r3,add,100000,0.27,125
stdmap_r3,add,100000,0.271,125
stdmap_r3,add,100000,0.272,125
stdmap_r3,add,100000,0.273,125
stdmap_r3,add,100000,0.274,125
stdmap_r3,add,100000,0.275,125
stdmap_r3,add,100000,0.276,125
stdmap_r3,add,100000,0.277,125
stdmap_r3,add,100000,0.278,125
stdmap_r3,add,100000,0.279,125
stdmap_r3,add,100000,0.28,125
stdmap_r3,add,100000,0.281,125
stdmap_r3,add,100000,0.282,125
stdmap_r3,add,100000,0.283,125
stdmap_r3,add,100000,0.284,125
stdmap_r3,add,100000,0.285,125
stdmap_r3,add,100000,0.286,125
stdmap_r3,add,100000,0.287,125
stdmap_r3,add,100000,0.288,125
stdmap_r3,add,100000,0.289,125
stdmap_r3,add,100000,0.29,125
stdmap_r3,add,100000,0.291,125
stdmap_r3,add,100000,0.292,125
stdmap_r3,add,100000,0.293,125
stdmap_r3,add,100000,0.294,125
stdmap_r3,add,100000,0.295,125
stdmap_r3,add,100000,0.296,125
stdmap_r3,add,100000,0.297,125
stdmap_r3,add,100000,0.298,125
stdmap_r3,add,100000,0.299,125
stdmap_r3,add,100000,0.3,125
stdmap_r3,add,100000,0.301,125
stdmap_r3,add,100000,0.302,125
stdmap_r3,add,100000,0.303,125
stdmap_r3,add,100000,0.304,125
stdmap_r3,add,100000,0.305,125
stdmap_r3,add,100000,0.306,125
stdmap_r3,add,100000,0.307,125
stdmap_r3,add,100000,0.308,125
stdmap_r3,add,100000,0.309,125
stdmap_r3,add,100000,0.31,125
stdmap_r3,add,100000,0.311,125
stdmap_r3,add,100000,0.312,125
stdmap_r3,add,100000,0.313,125
stdmap_r3,add,100000,0.314,125
stdmap_r3,add,100000,0.315,125
stdmap_r3,add,100000,0.316,125
stdmap_r3,add,100000,0.317,125
stdmap_r3,add,100000,0.318,125
stdmap_r3,add,100000,0.319,125
stdmap_r3,add,100000,0.32,125
stdmap_r3,add,100000,0.321,125
stdmap_r3,add,100000,0.322,125
stdmap_r3,add,100000,0.323,125
stdmap_r3,add,100000,0.324,125
stdmap_r3,add,100000,0.325,125
stdmap_r3,add,100000,0.326,125
stdmap_r3,add,100000,0.327,125
stdmap_r3,add,100000,0.328,125
stdmap_r3,add,100000,0.329,125
stdmap_r3,add,100000,0.33,125
stdmap_r3,add,100000,0.331,125
stdmap_r3,add,100000,0.332,125
stdmap_r3,add,100000,0.333,125
stdmap_r3,add,100000,0.334,125
stdmap_r3,add,100000,0.335,125
stdmap_r3,add,100000,0.336,125
stdmap_r3,add,100000,0.337,125
stdmap_r3,add,100000,0.338,125
stdmap_r3,add,100000,0.339,125
stdmap_r3,add,100000,0.34,125
stdmap_r3,add,100000,0.341,125
stdmap_r3,add,100000,0.342,125
stdmap_r3,add,100000,0.343,125
stdmap_r3,add,100000,0.344,125
stdmap_r3,add,100000,0.345,125
stdmap_r3,add,100000,0.346,125
stdmap_r3,add,100000,0.347,125
stdmap_r3,add,100000,0.348,125
stdmap_r3,add,100000,0.349,125
stdmap_r3,add,100000,0.35,125
stdmap_r3,add,100000,0.351,125
stdmap_r3,add,100000,0.352,125
stdmap_r3,add,100000,0.353,125
stdmap_r3,add,100000,0.354,125
stdmap_r3,add,100000,0.355,125
stdmap_r3,add,100000,0.356,125
stdmap_r3,add,100000,0.357,125
stdmap_r3,add,100000,0.358,125
stdmap_r3,add,100000,0.359,125
stdmap_r3,add,100000,0.36,125
stdmap_r3,add,100000,0.361,125
stdmap_r3,add,100000,0.362,125
stdmap_r3,add,100000,0.363,125
stdmap_r3,add,100000,0.364,125
stdmap_r3,add,100000,0.365,125
stdmap_r3,add,100000,0.366,125
stdmap_r3,add,100000,0.367,125
stdmap_r3,add,100000,0.368,125
stdmap_r3,add,100000,0.369,125
stdmap_r3,add,100000,0.37,125
stdmap_r3,add,100000,0.371,125
stdmap_r3,add,100000,0.372,125
stdmap_r3,add,100000,0.373,125
stdmap_r3,add,100000,0.374,125
stdmap_r3,add,100000,0.375,125
stdmap_r3,add,100000,0.376,125
stdmap_r3,add,100000,0.377,125
stdmap_r3,add,100000,0.378,125
stdmap_r3,add,100000,0.379,125
stdmap_r3,add,100000,0.38,125
stdmap_r3,add,100000,0.381,125
stdmap_r3,add,100000,0.382,125
stdmap_r3,add,100000,0.383,125
stdmap_r3,add,100000,0.384,125
stdmap_r3,add,100000,0.385,125
stdmap_r3,add,100000,0.386,125
stdmap_r3,add,100000,0.387,125
stdmap_r3,add,100000,0.388,125
stdmap_r3,add,100000,0.389,125
stdmap_r3,add,100000,0.39,125
stdmap_r3,add,100000,0.391,125
stdmap_r3,add,100000,0.392,125
stdmap_r3,add,100000,0.393,125
stdmap_r3,add,100000,0.394,125
stdmap_r3,add,100000,0.395,125
stdmap_r3,add,100000,0.396,125
stdmap_r3,add,100000,0.397,125
stdmap_r3,add,100000,0.398,125
stdmap_r3,add,100000,0.399,125
stdmap_r3,add,100000,0.4,125
stdmap_r3,add,100000,0.401,125
stdmap_r3,add,100000,0.402,125
stdmap_r3,add,100000,0.403,125
stdmap_r3,add,100000,0.404,125
stdmap_r3,add,100000,0.405,125
stdmap_r3,add,100000,0.406,125
stdmap_r3,add,100000,0.407,125
stdmap_r3,add,100000,0.408,125
stdmap_r3,add,100000,0.409,125
stdmap_r3,add,100000,0.41,125
stdmap_r3,add,100000,0.411,125
stdmap_r3,add,100000,0.412,125
stdmap_r3,add,100000,0.413,125
stdmap_r3,add,100000,0.414,125
stdmap_r3,add,100000,0.415,125
stdmap_r3,add,100000,0.416,125
stdmap_r3,add,100000,0.417,125
stdmap_r3,add,100000,0.418,125
stdmap_r3,add,100000,0.419,125
stdmap_r3,add,100000,0.42,125
stdmap_r3,add,100000,0.421,125
stdmap_r3,add,100000,0.422,125
stdmap_r3,add,100000,0.423,125
stdmap_r3,add,100000,0.424,125
stdmap_r3,add,100000,0.425,125
stdmap_r3,add,100000,0.426,125
stdmap_r3,add,100000,0.427,125
stdmap_r3,add,100000,0.428,125
stdmap_r3,add,100000,0.429,125
stdmap_r3,add,100000,0.43,125
stdmap_r3,add,100000,0.431,125
stdmap_r3,add,100000,0.432,125
stdmap_r3,add,100000,0.433,125
stdmap_r3,add,100000,0.434,125
stdmap_r3,add,100000,0.435,125
stdmap_r3,add,100000,0.436,125
stdmap_r3,add,100000,0.437,125
stdmap_r3,add,100000,0.438,125
stdmap_r3,add,100000,0.439,125
stdmap_r3,add,100000,0.44,125
stdmap_r3,add,100000,0.441,125
stdmap_r3,add,100000,0.442,125
stdmap_r3,add,100000,0.443,125
stdmap_r3,add,100000,0.444,125
stdmap_r3,add,100000,0.445,125
stdmap_r3,add,100000,0.446,125
stdmap_r3,add,100000,0.447,125
stdmap_r3,add,100000,0.448,125
stdmap_r3,add,100000,0.449,125
stdmap_r3,add,100000,0.45,125
stdmap_r3,add,100000,0.451,125
stdmap_r3,add,100000,0.452,125
stdmap_r3,add,100000,0.453,125
stdmap_r3,add,100000,0.454,125
stdmap_r3,add,100000,0.455,125
stdmap_r3,add,100000,0.456,125
stdmap_r3,add,100000,0.457,125
stdmap_r3,add,100000,0.458,125
stdmap_r3,add,100000,0.459,125
stdmap_r3,add,100000,0.46,125
stdmap_r3,add,100000,0.461,125
stdmap_r3,add,100000,0.462,125
stdmap_r3,add,100000,0.463,125
stdmap_r3,add,100000,0.464,125
stdmap_r3,add,100000,0.465,125
stdmap_r3,add,100000,0.466,125
stdmap_r3,add,100000,0.467,125
stdmap_r3,add,100000,0.468,125
stdmap_r3,add,100000,0.469,125
stdmap_r3,add,100000,0.47,125
stdmap_r3,add,100000,0.471,125
stdmap_r3,add,100000,0.472,125
stdmap_r3,add,100000,0.473,125
stdmap_r3,add,100000,0.474,125
stdmap_r3,add,100000,0.475,125
stdmap_r3,add,100000,0.476,125
stdmap_r3,add,100000,0.477,125
stdmap_r3,add,100000,0.478,125
stdmap_r3,add,100000,0.479,125
stdmap_r3,add,100000,0.48,125
stdmap_r3,add,100000,0.481,125
stdmap_r3,add,100000,0.482,125
stdmap_r3,add,100000,0.483,125
stdmap_r3,add,100000,0.484,125
stdmap_r3,add,100000,0.485,125
stdmap_r3,add,100000,0.486,125
stdmap_r3,add,100000,0.487,125
stdmap_r3,add,100000,0.488,125
stdmap_r3,add,100000,0.489,125
stdmap_r3,add,100000,0.49,125
stdmap_r3,add,100000,0.491,125
stdmap_r3,add,100000,0.492,125
stdmap_r3,add,100000,0.493,125
stdmap_r3,add,100000,0.494,125
stdmap_r3,add,100000,0.495,125
stdmap_r3,add,100000,0.496,125
stdmap_r3,add,100000,0.497,125
stdmap_r3,add,100000,0.498,125
stdmap_r3,add,100000,0.499,125
stdmap_r3,add,100000,0.5,125
stdmap_r3,add,100000,0.501,125
stdmap_r3,add,100000,0.502,125
stdmap_r3,add,100000,0.503,125
stdmap_r3,add,100000,0.504,125
stdmap_r3,add,100000,0.505,125
stdmap_r3,add,100000,0.506,125
stdmap_r3,add,100000,0.507,125
stdmap_r3,add,100000,0.508,125
stdmap_r3,add,100000,0.509,125
stdmap_r3,add,100000,0.51,125
stdmap_r3,add,100000,0.511,125
stdmap_r3,add,100000,0.512,125
stdmap_r3,add,100000,0.513,125
stdmap_r3,add,100000,0.514,125
stdmap_r3,add,100000,0.515,125
stdmap_r3,add,100000,0.516,125
stdmap_r3,add,100000,0.517,125
stdmap_r3,add,100000,0.518,125
stdmap_r3,add,100000,0.519,125
stdmap_r3,add,100000,0.52,125
stdmap_r3,add,100000,0.521,125
stdmap_r3,add,100000,0.522,125
stdmap_r3,add,100000,0.523,125
stdmap_r3,add,100000,0.524,125
stdmap_r3,add,100000,0.525,125
stdmap_r3,add,100000,0.526,125
stdmap_r3,add,100000,0.527,125
stdmap_r3,add,100000,0.528,125
stdmap_r3,add,100000,0.529,125
stdmap_r3,add,100000,0.53,125
stdmap_r3,add,100000,0.531,125
stdmap_r3,add,100000,0.532,125
stdmap_r3,add,100000,0.533,125
stdmap_r3,add,100000,0.534,125
stdmap_r3,add,100000,0.535,125
stdmap_r3,add,100000,0.536,125
stdmap_r3,add,100000,0.537,125
stdmap_r3,add,100000,0.538,125
stdmap_r3,add,100000,0.539,125
stdmap_r3,add,100000,0.54,125
stdmap_r3,add,100000,0.541,125
stdmap_r3,add,100000,0.542,125
stdmap_r3,add,100000,0.543,125
stdmap_r3,add,100000,0.544,125
stdmap_r3,add,100000,0.545,125
stdmap_r3,add,100000,0.546,125
stdmap_r3,add,100000,0.547,125
stdmap_r3,add,100000,0.548,125
stdmap_r3,add,100000,0.549,125
stdmap_r3,add,100000,0.55,125
stdmap_r3,add,100000,0.551,125
stdmap_r3,add,100000,0.552,125
stdmap_r3,add,100000,0.553,125
stdmap_r3,add,100000,0.554,125
stdmap_r3,add,100000,0.555,125
stdmap_r3,add,100000,0.556,125
stdmap_r3,add,100000,0.557,125
stdmap_r3,add,100000,0.558,125
stdmap_r3,add,100000,0.559,125
stdmap_r3,add,100000,0.56,125
stdmap_r3,add,100000,0.561,125
stdmap_r3,add,100000,0.562,125
stdmap_r3,add,100000,0.563,125
stdmap_r3,add,100000,0.564,125
stdmap_r3,add,100000,0.565,125
stdmap_r3,add,100000,0.566,125
stdmap_r3,add,100000,0.567,125
stdmap_r3,add,100000,0.568,125
stdmap_r3,add,100000,0.569,125
stdmap_r3,add,100000,0.57,125
stdmap_r3,add,100000,0.571,125
stdmap_r3,add,100000,0.572,125
stdmap_r3,add,100000,0.573,125
stdmap_r3,add,100000,0.574,125
stdmap_r3,add,100000,0.575,125
stdmap_r3,add,100000,0.576,125
stdmap_r3,add,100000,0.577,125
stdmap_r3,add,100000,0.578,125
stdmap_r3,add,100000,0.579,125
stdmap_r3,add,100000,0.58,125
stdmap_r3,add,100000,0.581,125
stdmap_r3,add,100000,0.582,125
stdmap_r3,add,100000,0.583,125
stdmap_r3,add,100000,0.584,125
stdmap_r3,add,100000,0.585,125
stdmap_r3,add,100000,0.586,125
stdmap_r3,add,100000,0.587,125
stdmap_r3,add,100000,0.588,125
stdmap_r3,add,100000,0.589,125
stdmap_r3,add,100000,0.59,125
stdmap_r3,add,100000,0.591,125
stdmap_r3,add,100000,0.592,125
stdmap_r3,add,100000,0.593,125
stdmap_r3,add,100000,0.594,125
stdmap_r3,add,100000,0.595,125
stdmap_r3,add,100000,0.596,125
stdmap_r3,add,100000,0.597,125
stdmap_r3,add,100000,0.598,125
stdmap_r3,add,100000,0.599,125
stdmap_r3,add,100000,0.6,125
stdmap_r3,add,100000,0.601,125
stdmap_r3,add,100000,0.602,125
stdmap_r3,add,100000,0.603,125
stdmap_r3,add,100000,0.604,125
stdmap_r3,add,100000,0.605,125
stdmap_r3,add,100000,0.606,125
stdmap_r3,add,100000,0.607,125
stdmap_r3,add,100000,0.608,125
stdmap_r3,add,100000,0.609,125
stdmap_r3,add,100000,0.61,125
stdmap_r3,add,100000,0.611,125
stdmap_r3,add,100000,0.612,125
stdmap_r3,add,100000,0.613,125
stdmap_r3,add,100000,0.614,125
stdmap_r3,add,100000,0.615,125
stdmap_r3,add,100000,0.616,125
stdmap_r3,add,100000,0.617,125
stdmap_r3,add,100000,0.618,125
stdmap_r3,add,100000,0.619,125
stdmap_r3,add,100000,0.62,125
stdmap_r3,add,100000,0.621,125
stdmap_r3,add,100000,0.622,125
stdmap_r3,add,100000,0.623,125
stdmap_r3,add,100000,0.624,125
stdmap_r3,add,100000,0.625,125
stdmap_r3,add,100000,0.626,125
stdmap_r3,add,100000,0.627,125
stdmap_r3,add,100000,0.628,125
stdmap_r3,add,100000,0.629,125
stdmap_r3,add,100000,0.63,125
stdmap_r3,add,100000,0.631,125
stdmap_r3,add,100000,0.632,125
stdmap_r3,add,100000,0.633,125
stdmap_r3,add,100000,0.634,125
stdmap_r3,add,100000,0.635,125
stdmap_r3,add,100000,0.636,125
stdmap_r3,add,100000,0.637,125
stdmap_r3,add,100000,0.638,125
stdmap_r3,add,100000,0.639,125
stdmap_r3,add,100000,0.64,125
stdmap_r3,add,100000,0.641,166
stdmap_r3,add,100000,0.642,166
stdmap_r3,add,100000,0.643,166
stdmap_r3,add,100000,0.644,166
stdmap_r3,add,100000,0.645,166
stdmap_r3,add,100000,0.646,166
stdmap_r3,add,100000,0.647,166
stdmap_r3,add,100000,0.648,166
stdmap_r3,add,100000,0.649,166
stdmap_r3,add,100000,0.65,166
stdmap_r3,add,100000,0.651,166
stdmap_r3,add,100000,0.652,166
stdmap_r3,add,100000,0.653,166
stdmap_r3,add,100000,0.654,166
stdmap_r3,add,100000,0.655,166
stdmap_r3,add,100000,0.656,166
stdmap_r3,add,100000,0.657,166
stdmap_r3,add,100000,0.658,166
stdmap_r3,add,100000,0.659,166
stdmap_r3,add,100000,0.66,166
stdmap_r3,add,100000,0.661,166
stdmap_r3,add,100000,0.662,166
stdmap_r3,add,100000,0.663,166
stdmap_r3,add,100000,0.664,166
stdmap_r3,add,100000,0.665,166
stdmap_r3,add,100000,0.666,166
stdmap_r3,add,100000,0.667,166
stdmap_r3,add,100000,0.668,166
stdmap_r3,add,100000,0.669,166
stdmap_r3,add,100000,0.67,166
stdmap_r3,add,100000,0.671,166
stdmap_r3,add,100000,0.672,166
stdmap_r3,add,100000,0.673,166
stdmap_r3,add,100000,0.674,166
stdmap_r3,add,100000,0.675,166
stdmap_r3,add,100000,0.676,166
stdmap_r3,add,100000,0.677,166
stdmap_r3,add,100000,0.678,166
stdmap_r3,add,100000,0.679,166
stdmap_r3,add,100000,0.68,166
stdmap_r3,add,100000,0.681,166
stdmap_r3,add,100000,0.682,166
stdmap_r3,add,100000,0.683,166
stdmap_r3,add,100000,0.684,166
stdmap_r3,add,100000,0.685,166
stdmap_r3,add,100000,0.686,166
stdmap_r3,add,100000,0.687,166
stdmap_r3,add,100000,0.688,166
stdmap_r3,add,100000,0.689,166
stdmap_r3,add,100000,0.69,166
stdmap_r3,add,100000,0.691,166
stdmap_r3,add,100000,0.692,166
stdmap_r3,add,100000,0.693,166
stdmap_r3,add,100000,0.694,166
stdmap_r3,add,100000,0.695,166
stdmap_r3,add,100000,0.696,166
stdmap_r3,add,100000,0.697,166
stdmap_r3,add,100000,0.698,166
stdmap_r3,add,100000,0.699,166
stdmap_r3,add,100000,0.7,166
stdmap_r3,add,100000,0.701,166
stdmap_r3,add,100000,0.702,166
stdmap_r3,add,100000,0.703,166
stdmap_r3,add,100000,0.704,166
stdmap_r3,add,100000,0.705,166
stdmap_r3,add,100000,0.706,166
stdmap_r3,add,100000,0.707,166
stdmap_r3,add,100000,0.708,166
stdmap_r3,add,100000,0.709,167
stdmap_r3,add,100000,0.71,167
stdmap_r3,add,100000,0.711,167
stdmap_r3,add,100000,0.712,167
stdmap_r3,add,100000,0.713,167
stdmap_r3,add,100000,0.714,167
stdmap_r3,add,100000,0.715,167
stdmap_r3,add,100000,0.716,167
stdmap_r3,add,100000,0.717,167
stdmap_r3,add,100000,0.718,167
stdmap_r3,add,100000,0.719,167
stdmap_r3,add,100000,0.72,167
stdmap_r3,add,100000,0.721,167
stdmap_r3,add,100000,0.722,167
stdmap_r3,add,100000,0.723,167
stdmap_r3,add,100000,0.724,167
stdmap_r3,add,100000,0.725,167
stdmap_r3,add,100000,0.726,167
stdmap_r3,add,100000,0.727,167
stdmap_r3,add,100000,0.728,167
stdmap_r3,add,100000,0.729,167
stdmap_r3,add,100000,0.73,167
stdmap_r3,add,100000,0.731,167
stdmap_r3,add,100000,0.732,167
stdmap_r3,add,100000,0.733,167
stdmap_r3,add,100000,0.734,167
stdmap_r3,add,100000,0.735,167
stdmap_r3,add,100000,0.736,167
stdmap_r3,add,100000,0.737,167
stdmap_r3,add,100000,0.738,167
stdmap_r3,add,100000,0.739,167
stdmap_r3,add,100000,0.74,167
stdmap_r3,add,100000,0.741,167
stdmap_r3,add,100000,0.742,167
stdmap_r3,add,100000,0.743,167
stdmap_r3,add,100000,0.744,167
stdmap_r3,add,100000,0.745,167
stdmap_r3,add,100000,0.746,167
stdmap_r3,add,100000,0.747,167
stdmap_r3,add,100000,0.748,167
stdmap_r3,add,100000,0.749,167
stdmap_r3,add,100000,0.75,167
stdmap_r3,add,100000,0.751,167
stdmap_r3,add,100000,0.752,167
stdmap_r3,add,100000,0.753,167
stdmap_r3,add,100000,0.754,167
stdmap_r3,add,100000,0.755,167
stdmap_r3,add,100000,0.756,167
stdmap_r3,add,100000,0.757,167
stdmap_r3,add,100000,0.758,167
stdmap_r3,add,100000,0.759,167
stdmap_r3,add,100000,0.76,167
stdmap_r3,add,100000,0.761,167
stdmap_r3,add,100000,0.762,167
stdmap_r3,add,100000,0.763,167
stdmap_r3,add,100000,0.764,167
stdmap_r3,add,100000,0.765,167
stdmap_r3,add,100000,0.766,167
stdmap_r3,add,100000,0.767,167
stdmap_r3,add,100000,0.768,167
stdmap_r3,add,100000,0.769,167
stdmap_r3,add,100000,0.77,167
stdmap_r3,add,100000,0.771,167
stdmap_r3,add,100000,0.772,167
stdmap_r3,add,100000,0.773,167
stdmap_r3,add,100000,0.774,167
stdmap_r3,add,100000,0.775,167
stdmap_r3,add,100000,0.776,167
stdmap_r3,add,100000,0.777,167
stdmap_r3,add,100000,0.778,167
stdmap_r3,add,100000,0.779,167
stdmap_r3,add,100000,0.78,167
stdmap_r3,add,100000,0.781,167
stdmap_r3,add,100000,0.782,167
stdmap_r3,add,100000,0.783,167
stdmap_r3,add,100000,0.784,167
stdmap_r3,add,100000,0.785,167
stdmap_r3,add,100000,0.786,167
stdmap_r3,add,100000,0.787,167
stdmap_r3,add,100000,0.788,167
stdmap_r3,add,100000,0.789,167
stdmap_r3,add,100000,0.79,167
stdmap_r3,add,100000,0.791,167
stdmap_r3,add,100000,0.792,167
stdmap_r3,add,100000,0.793,167
stdmap_r3,add,100000,0.794,167
stdmap_r3,add,100000,0.795,167
stdmap_r3,add,100000,0.796,167
stdmap_r3,add,100000,0.797,167
stdmap_r3,add,100000,0.798,167
stdmap_r3,add,100000,0.799,167
stdmap_r3,add,100000,0.8,167
stdmap_r3,add,100000,0.801,167
stdmap_r3,add,100000,0.802,167
stdmap_r3,add,100000,0.803,167
stdmap_r3,add,100000,0.804,167
stdmap_r3,add,100000,0.805,167
stdmap_r3,add,100000,0.806,167
stdmap_r3,add,100000,0.807,167
stdmap_r3,add,100000,0.808,167
stdmap_r3,add,100000,0.809,167
stdmap_r3,add,100000,0.81,167
stdmap_r3,add,100000,0.811,167
stdmap_r3,add,100000,0.812,167
stdmap_r3,add,100000,0.813,167
stdmap_r3,add,100000,0.814,167
stdmap_r3,add,100000,0.815,167
stdmap_r3,add,100000,0.816,167
stdmap_r3,add,100000,0.817,167
stdmap_r3,add,100000,0.818,167
stdmap_r3,add,100000,0.819,167
stdmap_r3,add,100000,0.82,167
stdmap_r3,add,100000,0.821,167
stdmap_r3,add,100000,0.822,167
stdmap_r3,add,100000,0.823,167
stdmap_r3,add,100000,0.824,167
stdmap_r3,add,100000,0.825,167
stdmap_r3,add,100000,0.826,167
stdmap_r3,add,100000,0.827,167
stdmap_r3,add,100000,0.828,167
stdmap_r3,add,100000,0.829,167
stdmap_r3,add,100000,0.83,167
stdmap_r3,add,100000,0.831,167
stdmap_r3,add,100000,0.832,167
stdmap_r3,add,100000,0.833,167
stdmap_r3,add,100000,0.834,167
stdmap_r3,add,100000,0.835,167
stdmap_r3,add,100000,0.836,167
stdmap_r3,add,100000,0.837,167
stdmap_r3,add,100000,0.838,167
stdmap_r3,add,100000,0.839,167
stdmap_r3,add,100000,0.84,167
stdmap_r3,add,100000,0.841,167
stdmap_r3,add,100000,0.842,167
stdmap_r3,add,100000,0.843,167
stdmap_r3,add,100000,0.844,167
stdmap_r3,add,100000,0.845,167
stdmap_r3,add,100000,0.846,208
stdmap_r3,add,100000,0.847,208
stdmap_r3,add,100000,0.848,208
stdmap_r3,add,100000,0.849,208
stdmap_r3,add,100000,0.85,208
stdmap_r3,add,100000,0.851,208
stdmap_r3,add,100000,0.852,208
stdmap_r3,add,100000,0.853,208
stdmap_r3,add,100000,0.854,208
stdmap_r3,add,100000,0.855,208
stdmap_r3,add,100000,0.856,208
stdmap_r3,add,100000,0.857,208
stdmap_r3,add,100000,0.858,208
stdmap_r3,add,100000,0.859,208
stdmap_r3,add,100000,0.86,208
stdmap_r3,add,100000,0.861,208
stdmap_r3,add,100000,0.862,208
stdmap_r3,add,100000,0.863,208
stdmap_r3,add,100000,0.864,208
stdmap_r3,add,100000,0.865,208
stdmap_r3,add,100000,0.866,208
stdmap_r3,add,100000,0.867,208
stdmap_r3,add,100000,0.868,208
stdmap_r3,add,100000,0.869,208
stdmap_r3,add,100000,0.87,208
stdmap_r3,add,100000,0.871,208
stdmap_r3,add,100000,0.872,208
stdmap_r3,add,100000,0.873,208
stdmap_r3,add,100000,0.874,208
stdmap_r3,add,100000,0.875,208
stdmap_r3,add,100000,0.876,208
stdmap_r3,add,100000,0.877,208
stdmap_r3,add,100000,0.878,208
stdmap_r3,add,100000,0.879,208
stdmap_r3,add,100000,0.88,208
stdmap_r3,add,100000,0.881,208
stdmap_r3,add,100000,0.882,208
stdmap_r3,add,100000,0.883,208
stdmap_r3,add,100000,0.884,208
stdmap_r3,add,100000,0.885,208
stdmap_r3,add,100000,0.886,208
stdmap_r3,add,100000,0.887,208
stdmap_r3,add,100000,0.888,208
stdmap_r3,add,100000,0.889,208
stdmap_r3,add,100000,0.89,208
stdmap_r3,add,100000,0.891,208
stdmap_r3,add,100000,0.892,208
stdmap_r3,add,100000,0.893,208
stdmap_r3,add,100000,0.894,208
stdmap_r3,add,100000,0.895,209
stdmap_r3,add,100000,0.896,209
stdmap_r3,add,100000,0.897,209
stdmap_r3,add,100000,0.898,209
stdmap_r3,add,100000,0.899,209
stdmap_r3,add,100000,0.9,209
stdmap_r3,add,100000,0.901,209
stdmap_r3,add,100000,0.902,209
stdmap_r3,add,100000,0.903,209
stdmap_r3,add,100000,0.904,209
stdmap_r3,add,100000,0.905,209
stdmap_r3,add,100000,0.906,209
stdmap_r3,add,100000,0.907,209
stdmap_r3,add,100000,0.908,209
stdmap_r3,add,100000,0.909,209
stdmap_r3,add,100000,0.91,209
stdmap_r3,add,100000,0.911,209
stdmap_r3,add,100000,0.912,209
stdmap_r3,add,100000,0.913,209
stdmap_r3,add,100000,0.914,209
stdmap_r3,add,100000,0.915,209
stdmap_r3,add,100000,0.916,209
stdmap_r3,add,100000,0.917,209
stdmap_r3,add,100000,0.918,209
stdmap_r3,add,100000,0.919,209
stdmap_r3,add,100000,0.92,250
stdmap_r3,add,100000,0.921,250
stdmap_r3,add,100000,0.922,250
stdmap_r3,add,100000,0.923,250
stdmap_r3,add,100000,0.924,250
stdmap_r3,add,100000,0.925,250
stdmap_r3,add,100000,0.926,250
stdmap_r3,add,100000,0.927,250
stdmap_r3,add,100000,0.928,250
stdmap_r3,add,100000,0.929,250
stdmap_r3,add,100000,0.93,250
stdmap_r3,add,100000,0.931,250
stdmap_r3,add,100000,0.932,250
stdmap_r3,add,100000,0.933,250
stdmap_r3,add,100000,0.934,250
stdmap_r3,add,100000,0.935,250
stdmap_r3,add,100000,0.936,250
stdmap_r3,add,100000,0.937,250
stdmap_r3,add,100000,0.938,250
stdmap_r3,add,100000,0.939,250
stdmap_r3,add,100000,0.94,250
stdmap_r3,add,100000,0.941,250
stdmap_r3,add,100000,0.942,250
stdmap_r3,add,100000,0.943,250
stdmap_r3,add,100000,0.944,291
stdmap_r3,add,100000,0.945,291
stdmap_r3,add,100000,0.946,291
stdmap_r3,add,100000,0.947,291
stdmap_r3,add,100000,0.948,291
stdmap_r3,add,100000,0.949,291
stdmap_r3,add,100000,0.95,292
stdmap_r3,add,100000,0.951,292
stdmap_r3,add,100000,0.952,292
stdmap_r3,add,100000,0.953,292
stdmap_r3,add,100000,0.954,292
stdmap_r3,add,100000,0.955,292
stdmap_r3,add,100000,0.956,292
stdmap_r3,add,100000,0.957,292
stdmap_r3,add,100000,0.958,292
stdmap_r3,add,100000,0.959,292
stdmap_r3,add,100000,0.96,292
stdmap_r3,add,100000,0.961,333
stdmap_r3,add,100000,0.962,333
stdmap_r3,add,100000,0.963,333
stdmap_r3,add,100000,0.964,333
stdmap_r3,add,100000,0.965,333
stdmap_r3,add,100000,0.966,333
stdmap_r3,add,100000,0.967,333
stdmap_r3,add,100000,0.968,334
stdmap_r3,add,100000,0.969,334
stdmap_r3,add,100000,0.97,334
stdmap_r3,add,100000,0.971,334
stdmap_r3,add,100000,0.972,375
stdmap_r3,add,100000,0.973,375
stdmap_r3,add,100000,0.974,375
stdmap_r3,add,100000,0.975,375
stdmap_r3,add,100000,0.976,375
stdmap_r3,add,100000,0.977,375
stdmap_r3,add,100000,0.978,416
stdmap_r3,add,100000,0.979,416
stdmap_r3,add,100000,0.98,417
stdmap_r3,add,100000,0.981,417
stdmap_r3,add,100000,0.982,417
stdmap_r3,add,100000,0.983,458
stdmap_r3,add,100000,0.984,458
stdmap_r3,add,100000,0.985,459
stdmap_r3,add,100000,0.986,459
stdmap_r3,add,100000,0.987,500
stdmap_r3,add,100000,0.988,500
stdmap_r3,add,100000,0.989,500
stdmap_r3,add,100000,0.99,542
stdmap_r3,add,100000,0.991,542
stdmap_r3,add,100000,0.992,583
stdmap_r3,add,100000,0.993,584
stdmap_r3,add,100000,0.994,625
stdmap_r3,add,100000,0.995,667
stdmap_r3,add,100000,0.996,750
stdmap_r3,add,100000,0.997,834
stdmap_r3,add,100000,0.998,1042
stdmap_r3,add,100000,0.999,1583
stdmap_r3,cancel,100000,0,41
stdmap_r3,cancel,100000,0.001,125
stdmap_r3,cancel,100000,0.002,125
stdmap_r3,cancel,100000,0.003,166
stdmap_r3,cancel,100000,0.004,167
stdmap_r3,cancel,100000,0.005,167
stdmap_r3,cancel,100000,0.006,167
stdmap_r3,cancel,100000,0.007,208
stdmap_r3,cancel,100000,0.008,208
stdmap_r3,cancel,100000,0.009,208
stdmap_r3,cancel,100000,0.01,209
stdmap_r3,cancel,100000,0.011,209
stdmap_r3,cancel,100000,0.012,250
stdmap_r3,cancel,100000,0.013,250
stdmap_r3,cancel,100000,0.014,250
stdmap_r3,cancel,100000,0.015,250
stdmap_r3,cancel,100000,0.016,250
stdmap_r3,cancel,100000,0.017,250
stdmap_r3,cancel,100000,0.018,291
stdmap_r3,cancel,100000,0.019,291
stdmap_r3,cancel,100000,0.02,291
stdmap_r3,cancel,100000,0.021,292
stdmap_r3,cancel,100000,0.022,292
stdmap_r3,cancel,100000,0.023,292
stdmap_r3,cancel,100000,0.024,292
stdmap_r3,cancel,100000,0.025,292
stdmap_r3,cancel,100000,0.026,292
stdmap_r3,cancel,100000,0.027,333
stdmap_r3,cancel,100000,0.028,333
stdmap_r3,cancel,100000,0.029,333
stdmap_r3,cancel,100000,0.03,333
stdmap_r3,cancel,100000,0.031,333
stdmap_r3,cancel,100000,0.032,333
stdmap_r3,cancel,100000,0.033,333
stdmap_r3,cancel,100000,0.034,333
stdmap_r3,cancel,100000,0.035,333
stdmap_r3,cancel,100000,0.036,333
stdmap_r3,cancel,100000,0.037,334
stdmap_r3,cancel,100000,0.038,334
stdmap_r3,cancel,100000,0.039,334
stdmap_r3,cancel,100000,0.04,334
stdmap_r3,cancel,100000,0.041,375
stdmap_r3,cancel,100000,0.042,375
stdmap_r3,cancel,100000,0.043,375
stdmap_r3,cancel,100000,0.044,375
stdmap_r3,cancel,100000,0.045,375
stdmap_r3,cancel,100000,0.046,375
stdmap_r3,cancel,100000,0.047,375
stdmap_r3,cancel,100000,0.048,375
stdmap_r3,cancel,100000,0.049,375
stdmap_r3,cancel,100000,0.05,375
stdmap_r3,cancel,100000,0.051,375
stdmap_r3,cancel,100000,0.052,375
stdmap_r3,cancel,100000,0.053,375
stdmap_r3,cancel,100000,0.054,375
stdmap_r3,cancel,100000,0.055,375
stdmap_r3,cancel,100000,0.056,375
stdmap_r3,cancel,100000,0.057,375
stdmap_r3,cancel,100000,0.058,375
stdmap_r3,cancel,100000,0.059,375
stdmap_r3,cancel,100000,0.06,416
stdmap_r3,cancel,100000,0.061,416
stdmap_r3,cancel,100000,0.062,416
stdmap_r3,cancel,100000,0.063,416
stdmap_r3,cancel,100000,0.064,416
stdmap_r3,cancel,100000,0.065,416
stdmap_r3,cancel,100000,0.066,416
stdmap_r3,cancel,100000,0.067,416
stdmap_r3,cancel,100000,0.068,416
stdmap_r3,cancel,100000,0.069,416
stdmap_r3,cancel,100000,0.07,417
stdmap_r3,cancel,100000,0.071,417
stdmap_r3,cancel,100000,0.072,417
stdmap_r3,cancel,100000,0.073,417
stdmap_r3,cancel,100000,0.074,417
stdmap_r3,cancel,100000,0.075,417
stdmap_r3,cancel,100000,0.076,417
stdmap_r3,cancel,100000,0.077,417
stdmap_r3,cancel,100000,0.078,417
stdmap_r3,cancel,100000,0.079,417
stdmap_r3,cancel,100000,0.08,417
stdmap_r3,cancel,100000,0.081,417
stdmap_r3,cancel,100000,0.082,417
stdmap_r3,cancel,100000,0.083,417
stdmap_r3,cancel,100000,0.084,417
stdmap_r3,cancel,100000,0.085,417
stdmap_r3,cancel,100000,0.086,417
stdmap_r3,cancel,100000,0.087,417
stdmap_r3,cancel,100000,0.088,417
stdmap_r3,cancel,100000,0.089,458
stdmap_r3,cancel,100000,0.09,458
stdmap_r3,cancel,100000,0.091,458
stdmap_r3,cancel,100000,0.092,458
stdmap_r3,cancel,100000,0.093,458
stdmap_r3,cancel,100000,0.094,458
stdmap_r3,cancel,100000,0.095,458
stdmap_r3,cancel,100000,0.096,458
stdmap_r3,cancel,100000,0.097,458
stdmap_r3,cancel,100000,0.098,458
stdmap_r3,cancel,100000,0.099,458
stdmap_r3,cancel,100000,0.1,458
stdmap_r3,cancel,100000,0.101,458
stdmap_r3,cancel,100000,0.102,458
stdmap_r3,cancel,100000,0.103,458
stdmap_r3,cancel,100000,0.104,458
stdmap_r3,cancel,100000,0.105,458
stdmap_r3,cancel,100000,0.106,458
stdmap_r3,cancel,100000,0.107,458
stdmap_r3,cancel,100000,0.108,458
stdmap_r3,cancel,100000,0.109,458
stdmap_r3,cancel,100000,0.11,458
stdmap_r3,cancel,100000,0.111,458
stdmap_r3,cancel,100000,0.112,458
stdmap_r3,cancel,100000,0.113,458
stdmap_r3,cancel,100000,0.114,459
stdmap_r3,cancel,100000,0.115,459
stdmap_r3,cancel,100000,0.116,459
stdmap_r3,cancel,100000,0.117,459
stdmap_r3,cancel,100000,0.118,459
stdmap_r3,cancel,100000,0.119,459
stdmap_r3,cancel,100000,0.12,459
stdmap_r3,cancel,100000,0.121,459
stdmap_r3,cancel,100000,0.122,459
stdmap_r3,cancel,100000,0.123,459
stdmap_r3,cancel,100000,0.124,459
stdmap_r3,cancel,100000,0.125,459
stdmap_r3,cancel,100000,0.126,500
stdmap_r3,cancel,100000,0.127,500
stdmap_r3,cancel,100000,0.128,500
stdmap_r3,cancel,100000,0.129,500
stdmap_r3,cancel,100000,0.13,500
stdmap_r3,cancel,100000,0.131,500
stdmap_r3,cancel,100000,0.132,500
stdmap_r3,cancel,100000,0.133,500
stdmap_r3,cancel,100000,0.134,500
stdmap_r3,cancel,100000,0.135,500
stdmap_r3,cancel,100000,0.136,500
stdmap_r3,cancel,100000,0.137,500
stdmap_r3,cancel,100000,0.138,500
stdmap_r3,cancel,100000,0.139,500
stdmap_r3,cancel,100000,0.14,500
stdmap_r3,cancel,100000,0.141,500
stdmap_r3,cancel,100000,0.142,500
stdmap_r3,cancel,100000,0.143,500
stdmap_r3,cancel,100000,0.144,500
stdmap_r3,cancel,100000,0.145,500
stdmap_r3,cancel,100000,0.146,500
stdmap_r3,cancel,100000,0.147,500
stdmap_r3,cancel,100000,0.148,500
stdmap_r3,cancel,100000,0.149,500
stdmap_r3,cancel,100000,0.15,500
stdmap_r3,cancel,100000,0.151,500
stdmap_r3,cancel,100000,0.152,500
stdmap_r3,cancel,100000,0.153,500
stdmap_r3,cancel,100000,0.154,500
stdmap_r3,cancel,100000,0.155,500
stdmap_r3,cancel,100000,0.156,500
stdmap_r3,cancel,100000,0.157,500
stdmap_r3,cancel,100000,0.158,500
stdmap_r3,cancel,100000,0.159,500
stdmap_r3,cancel,100000,0.16,500
stdmap_r3,cancel,100000,0.161,500
stdmap_r3,cancel,100000,0.162,500
stdmap_r3,cancel,100000,0.163,500
stdmap_r3,cancel,100000,0.164,500
stdmap_r3,cancel,100000,0.165,500
stdmap_r3,cancel,100000,0.166,500
stdmap_r3,cancel,100000,0.167,500
stdmap_r3,cancel,100000,0.168,500
stdmap_r3,cancel,100000,0.169,500
stdmap_r3,cancel,100000,0.17,500
stdmap_r3,cancel,100000,0.171,500
stdmap_r3,cancel,100000,0.172,500
stdmap_r3,cancel,100000,0.173,500
stdmap_r3,cancel,100000,0.174,500
stdmap_r3,cancel,100000,0.175,500
stdmap_r3,cancel,100000,0.176,541
stdmap_r3,cancel,100000,0.177,541
stdmap_r3,cancel,100000,0.178,541
stdmap_r3,cancel,100000,0.179,541
stdmap_r3,cancel,100000,0.18,541
stdmap_r3,cancel,100000,0.181,541
stdmap_r3,cancel,100000,0.182,541
stdmap_r3,cancel,100000,0.183,541
stdmap_r3,cancel,100000,0.184,541
stdmap_r3,cancel,100000,0.185,541
stdmap_r3,cancel,100000,0.186,541
stdmap_r3,cancel,100000,0.187,541
stdmap_r3,cancel,100000,0.188,541
stdmap_r3,cancel,100000,0.189,541
stdmap_r3,cancel,100000,0.19,541
stdmap_r3,cancel,100000,0.191,541
stdmap_r3,cancel,100000,0.192,541
stdmap_r3,cancel,100000,0.193,541
stdmap_r3,cancel,100000,0.194,541
stdmap_r3,cancel,100000,0.195,541
stdmap_r3,cancel,100000,0.196,541
stdmap_r3,cancel,100000,0.197,542
stdmap_r3,cancel,100000,0.198,542
stdmap_r3,cancel,100000,0.199,542
stdmap_r3,cancel,100000,0.2,542
stdmap_r3,cancel,100000,0.201,542
stdmap_r3,cancel,100000,0.202,542
stdmap_r3,cancel,100000,0.203,542
stdmap_r3,cancel,100000,0.204,542
stdmap_r3,cancel,100000,0.205,542
stdmap_r3,cancel,100000,0.206,542
stdmap_r3,cancel,100000,0.207,542
stdmap_r3,cancel,100000,0.208,542
stdmap_r3,cancel,100000,0.209,542
stdmap_r3,cancel,100000,0.21,542
stdmap_r3,cancel,100000,0.211,542
stdmap_r3,cancel,100000,0.212,542
stdmap_r3,cancel,100000,0.213,542
stdmap_r3,cancel,100000,0.214,542
stdmap_r3,cancel,100000,0.215,542
stdmap_r3,cancel,100000,0.216,542
stdmap_r3,cancel,100000,0.217,542
stdmap_r3,cancel,100000,0.218,542
stdmap_r3,cancel,100000,0.219,542
stdmap_r3,cancel,100000,0.22,542
stdmap_r3,cancel,100000,0.221,542
stdmap_r3,cancel,100000,0.222,542
stdmap_r3,cancel,100000,0.223,542
stdmap_r3,cancel,100000,0.224,542
stdmap_r3,cancel,100000,0.225,542
stdmap_r3,cancel,100000,0.226,542
stdmap_r3,cancel,100000,0.227,542
stdmap_r3,cancel,100000,0.228,542
stdmap_r3,cancel,100000,0.229,542
stdmap_r3,cancel,100000,0.23,542
stdmap_r3,cancel,100000,0.231,542
stdmap_r3,cancel,100000,0.232,542
stdmap_r3,cancel,100000,0.233,542
stdmap_r3,cancel,100000,0.234,542
stdmap_r3,cancel,100000,0.235,542
stdmap_r3,cancel,100000,0.236,542
stdmap_r3,cancel,100000,0.237,542
stdmap_r3,cancel,100000,0.238,583
stdmap_r3,cancel,100000,0.239,583
stdmap_r3,cancel,100000,0.24,583
stdmap_r3,cancel,100000,0.241,583
stdmap_r3,cancel,100000,0.242,583
stdmap_r3,cancel,100000,0.243,583
stdmap_r3,cancel,100000,0.244,583
stdmap_r3,cancel,100000,0.245,583
stdmap_r3,cancel,100000,0.246,583
stdmap_r3,cancel,100000,0.247,583
stdmap_r3,cancel,100000,0.248,583
stdmap_r3,cancel,100000,0.249,583
stdmap_r3,cancel,100000,0.25,583
stdmap_r3,cancel,100000,0.251,583
stdmap_r3,cancel,100000,0.252,583
stdmap_r3,cancel,100000,0.253,583
stdmap_r3,cancel,100000,0.254,583
stdmap_r3,cancel,100000,0.255,583
stdmap_r3,cancel,100000,0.256,583
stdmap_r3,cancel,100000,0.257,583
stdmap_r3,cancel,100000,0.258,583
stdmap_r3,cancel,100000,0.259,583
stdmap_r3,cancel,100000,0.26,583
stdmap_r3,cancel,100000,0.261,583
stdmap_r3,cancel,100000,0.262,583
stdmap_r3,cancel,100000,0.263,583
stdmap_r3,cancel,100000,0.264,583
stdmap_r3,cancel,100000,0.265,583
stdmap_r3,cancel,100000,0.266,583
stdmap_r3,cancel,100000,0.267,583
stdmap_r3,cancel,100000,0.268,583
stdmap_r3,cancel,100000,0.269,583
stdmap_r3,cancel,100000,0.27,583
stdmap_r3,cancel,100000,0.271,583
stdmap_r3,cancel,100000,0.272,583
stdmap_r3,cancel,100000,0.273,583
stdmap_r3,cancel,100000,0.274,583
stdmap_r3,cancel,100000,0.275,583
stdmap_r3,cancel,100000,0.276,583
stdmap_r3,cancel,100000,0.277,583
stdmap_r3,cancel,100000,0.278,583
stdmap_r3,cancel,100000,0.279,583
stdmap_r3,cancel,100000,0.28,583
stdmap_r3,cancel,100000,0.281,583
stdmap_r3,cancel,100000,0.282,584
stdmap_r3,cancel,100000,0.283,584
stdmap_r3,cancel,100000,0.284,584
stdmap_r3,cancel,100000,0.285,584
stdmap_r3,cancel,100000,0.286,584
stdmap_r3,cancel,100000,0.287,584
stdmap_r3,cancel,100000,0.288,584
stdmap_r3,cancel,100000,0.289,584
stdmap_r3,cancel,100000,0.29,584
stdmap_r3,cancel,100000,0.291,584
stdmap_r3,cancel,100000,0.292,584
stdmap_r3,cancel,100000,0.293,584
stdmap_r3,cancel,100000,0.294,584
stdmap_r3,cancel,100000,0.295,584
stdmap_r3,cancel,100000,0.296,584
stdmap_r3,cancel,100000,0.297,584
stdmap_r3,cancel,100000,0.298,584
stdmap_r3,cancel,100000,0.299,584
stdmap_r3,cancel,100000,0.3,584
stdmap_r3,cancel,100000,0.301,584
stdmap_r3,cancel,100000,0.302,584
stdmap_r3,cancel,100000,0.303,584
stdmap_r3,cancel,100000,0.304,625
stdmap_r3,cancel,100000,0.305,625
stdmap_r3,cancel,100000,0.306,625
stdmap_r3,cancel,100000,0.307,625
stdmap_r3,cancel,100000,0.308,625
stdmap_r3,cancel,100000,0.309,625
stdmap_r3,cancel,100000,0.31,625
stdmap_r3,cancel,100000,0.311,625
stdmap_r3,cancel,100000,0.312,625
stdmap_r3,cancel,100000,0.313,625
stdmap_r3,cancel,100000,0.314,625
stdmap_r3,cancel,100000,0.315,625
stdmap_r3,cancel,100000,0.316,625
stdmap_r3,cancel,100000,0.317,625
stdmap_r3,cancel,100000,0.318,625
stdmap_r3,cancel,100000,0.319,625
stdmap_r3,cancel,100000,0.32,625
stdmap_r3,cancel,100000,0.321,625
stdmap_r3,cancel,100000,0.322,625
stdmap_r3,cancel,100000,0.323,625
stdmap_r3,cancel,100000,0.324,625
stdmap_r3,cancel,100000,0.325,625
stdmap_r3,cancel,100000,0.326,625
stdmap_r3,cancel,100000,0.327,625
stdmap_r3,cancel,100000,0.328,625
stdmap_r3,cancel,100000,0.329,625
stdmap_r3,cancel,100000,0.33,625
stdmap_r3,cancel,100000,0.331,625
stdmap_r3,cancel,100000,0.332,625
stdmap_r3,cancel,100000,0.333,625
stdmap_r3,cancel,100000,0.334,625
stdmap_r3,cancel,100000,0.335,625
stdmap_r3,cancel,100000,0.336,625
stdmap_r3,cancel,100000,0.337,625
stdmap_r3,cancel,100000,0.338,625
stdmap_r3,cancel,100000,0.339,625
stdmap_r3,cancel,100000,0.34,625
stdmap_r3,cancel,100000,0.341,625
stdmap_r3,cancel,100000,0.342,625
stdmap_r3,cancel,100000,0.343,625
stdmap_r3,cancel,100000,0.344,625
stdmap_r3,cancel,100000,0.345,625
stdmap_r3,cancel,100000,0.346,625
stdmap_r3,cancel,100000,0.347,625
stdmap_r3,cancel,100000,0.348,625
stdmap_r3,cancel,100000,0.349,625
stdmap_r3,cancel,100000,0.35,625
stdmap_r3,cancel,100000,0.351,625
stdmap_r3,cancel,100000,0.352,625
stdmap_r3,cancel,100000,0.353,625
stdmap_r3,cancel,100000,0.354,625
stdmap_r3,cancel,100000,0.355,625
stdmap_r3,cancel,100000,0.356,625
stdmap_r3,cancel,100000,0.357,625
stdmap_r3,cancel,100000,0.358,625
stdmap_r3,cancel,100000,0.359,625
stdmap_r3,cancel,100000,0.36,625
stdmap_r3,cancel,100000,0.361,625
stdmap_r3,cancel,100000,0.362,625
stdmap_r3,cancel,100000,0.363,625
stdmap_r3,cancel,100000,0.364,625
stdmap_r3,cancel,100000,0.365,625
stdmap_r3,cancel,100000,0.366,625
stdmap_r3,cancel,100000,0.367,625
stdmap_r3,cancel,100000,0.368,625
stdmap_r3,cancel,100000,0.369,625
stdmap_r3,cancel,100000,0.37,625
stdmap_r3,cancel,100000,0.371,625
stdmap_r3,cancel,100000,0.372,625
stdmap_r3,cancel,100000,0.373,625
stdmap_r3,cancel,100000,0.374,666
stdmap_r3,cancel,100000,0.375,666
stdmap_r3,cancel,100000,0.376,666
stdmap_r3,cancel,100000,0.377,666
stdmap_r3,cancel,100000,0.378,666
stdmap_r3,cancel,100000,0.379,666
stdmap_r3,cancel,100000,0.38,666
stdmap_r3,cancel,100000,0.381,666
stdmap_r3,cancel,100000,0.382,666
stdmap_r3,cancel,100000,0.383,666
stdmap_r3,cancel,100000,0.384,666
stdmap_r3,cancel,100000,0.385,666
stdmap_r3,cancel,100000,0.386,666
stdmap_r3,cancel,100000,0.387,666
stdmap_r3,cancel,100000,0.388,666
stdmap_r3,cancel,100000,0.389,666
stdmap_r3,cancel,100000,0.39,666
stdmap_r3,cancel,100000,0.391,666
stdmap_r3,cancel,100000,0.392,666
stdmap_r3,cancel,100000,0.393,666
stdmap_r3,cancel,100000,0.394,666
stdmap_r3,cancel,100000,0.395,666
stdmap_r3,cancel,100000,0.396,667
stdmap_r3,cancel,100000,0.397,667
stdmap_r3,cancel,100000,0.398,667
stdmap_r3,cancel,100000,0.399,667
stdmap_r3,cancel,100000,0.4,667
stdmap_r3,cancel,100000,0.401,667
stdmap_r3,cancel,100000,0.402,667
stdmap_r3,cancel,100000,0.403,667
stdmap_r3,cancel,100000,0.404,667
stdmap_r3,cancel,100000,0.405,667
stdmap_r3,cancel,100000,0.406,667
stdmap_r3,cancel,100000,0.407,667
stdmap_r3,cancel,100000,0.408,667
stdmap_r3,cancel,100000,0.409,667
stdmap_r3,cancel,100000,0.41,667
stdmap_r3,cancel,100000,0.411,667
stdmap_r3,cancel,100000,0.412,667
stdmap_r3,cancel,100000,0.413,667
stdmap_r3,cancel,100000,0.414,667
stdmap_r3,cancel,100000,0.415,667
stdmap_r3,cancel,100000,0.416,667
stdmap_r3,cancel,100000,0.417,667
stdmap_r3,cancel,100000,0.418,667
stdmap_r3,cancel,100000,0.419,667
stdmap_r3,cancel,100000,0.42,667
stdmap_r3,cancel,100000,0.421,667
stdmap_r3,cancel,100000,0.422,667
stdmap_r3,cancel,100000,0.423,667
stdmap_r3,cancel,100000,0.424,667
stdmap_r3,cancel,100000,0.425,667
stdmap_r3,cancel,100000,0.426,667
stdmap_r3,cancel,100000,0.427,667
stdmap_r3,cancel,100000,0.428,667
stdmap_r3,cancel,100000,0.429,667
stdmap_r3,cancel,100000,0.43,667
stdmap_r3,cancel,100000,0.431,667
stdmap_r3,cancel,100000,0.432,667
stdmap_r3,cancel,100000,0.433,667
stdmap_r3,cancel,100000,0.434,667
stdmap_r3,cancel,100000,0.435,667
stdmap_r3,cancel,100000,0.436,667
stdmap_r3,cancel,100000,0.437,667
stdmap_r3,cancel,100000,0.438,667
stdmap_r3,cancel,100000,0.439,667
stdmap_r3,cancel,100000,0.44,667
stdmap_r3,cancel,100000,0.441,667
stdmap_r3,cancel,100000,0.442,708
stdmap_r3,cancel,100000,0.443,708
stdmap_r3,cancel,100000,0.444,708
stdmap_r3,cancel,100000,0.445,708
stdmap_r3,cancel,100000,0.446,708
stdmap_r3,cancel,100000,0.447,708
stdmap_r3,cancel,100000,0.448,708
stdmap_r3,cancel,100000,0.449,708
stdmap_r3,cancel,100000,0.45,708
stdmap_r3,cancel,100000,0.451,708
stdmap_r3,cancel,100000,0.452,708
stdmap_r3,cancel,100000,0.453,708
stdmap_r3,cancel,100000,0.454,708
stdmap_r3,cancel,100000,0.455,708
stdmap_r3,cancel,100000,0.456,708
stdmap_r3,cancel,100000,0.457,708
stdmap_r3,cancel,100000,0.458,708
stdmap_r3,cancel,100000,0.459,708
stdmap_r3,cancel,100000,0.46,708
stdmap_r3,cancel,100000,0.461,708
stdmap_r3,cancel,100000,0.462,708
stdmap_r3,cancel,100000,0.463,708
stdmap_r3,cancel,100000,0.464,708
stdmap_r3,cancel,100000,0.465,708
stdmap_r3,cancel,100000,0.466,708
stdmap_r3,cancel,100000,0.467,708
stdmap_r3,cancel,100000,0.468,708
stdmap_r3,cancel,100000,0.469,708
stdmap_r3,cancel,100000,0.47,708
stdmap_r3,cancel,100000,0.471,708
stdmap_r3,cancel,100000,0.472,708
stdmap_r3,cancel,100000,0.473,708
stdmap_r3,cancel,100000,0.474,708
stdmap_r3,cancel,100000,0.475,708
stdmap_r3,cancel,100000,0.476,708
stdmap_r3,cancel,100000,0.477,708
stdmap_r3,cancel,100000,0.478,708
stdmap_r3,cancel,100000,0.479,708
stdmap_r3,cancel,100000,0.48,708
stdmap_r3,cancel,100000,0.481,708
stdmap_r3,cancel,100000,0.482,708
stdmap_r3,cancel,100000,0.483,709
stdmap_r3,cancel,100000,0.484,709
stdmap_r3,cancel,100000,0.485,709
stdmap_r3,cancel,100000,0.486,709
stdmap_r3,cancel,100000,0.487,709
stdmap_r3,cancel,100000,0.488,709
stdmap_r3,cancel,100000,0.489,709
stdmap_r3,cancel,100000,0.49,709
stdmap_r3,cancel,100000,0.491,709
stdmap_r3,cancel,100000,0.492,709
stdmap_r3,cancel,100000,0.493,709
stdmap_r3,cancel,100000,0.494,709
stdmap_r3,cancel,100000,0.495,709
stdmap_r3,cancel,100000,0.496,709
stdmap_r3,cancel,100000,0.497,709
stdmap_r3,cancel,100000,0.498,709
stdmap_r3,cancel,100000,0.499,709
stdmap_r3,cancel,100000,0.5,709
stdmap_r3,cancel,100000,0.501,709
stdmap_r3,cancel,100000,0.502,709
stdmap_r3,cancel,100000,0.503,709
stdmap_r3,cancel,100000,0.504,750
stdmap_r3,cancel,100000,0.505,750
stdmap_r3,cancel,100000,0.506,750
stdmap_r3,cancel,100000,0.507,750
stdmap_r3,cancel,100000,0.508,750
stdmap_r3,cancel,100000,0.509,750
stdmap_r3,cancel,100000,0.51,750
stdmap_r3,cancel,100000,0.511,750
stdmap_r3,cancel,100000,0.512,750
stdmap_r3,cancel,100000,0.513,750
stdmap_r3,cancel,100000,0.514,750
stdmap_r3,cancel,100000,0.515,750
stdmap_r3,cancel,100000,0.516,750
stdmap_r3,cancel,100000,0.517,750
stdmap_r3,cancel,100000,0.518,750
stdmap_r3,cancel,100000,0.519,750
stdmap_r3,cancel,100000,0.52,750
stdmap_r3,cancel,100000,0.521,750
stdmap_r3,cancel,100000,0.522,750
stdmap_r3,cancel,100000,0.523,750
stdmap_r3,cancel,100000,0.524,750
stdmap_r3,cancel,100000,0.525,750
stdmap_r3,cancel,100000,0.526,750
stdmap_r3,cancel,100000,0.527,750
stdmap_r3,cancel,100000,0.528,750
stdmap_r3,cancel,100000,0.529,750
stdmap_r3,cancel,100000,0.53,750
stdmap_r3,cancel,100000,0.531,750
stdmap_r3,cancel,100000,0.532,750
stdmap_r3,cancel,100000,0.533,750
stdmap_r3,cancel,100000,0.534,750
stdmap_r3,cancel,100000,0.535,750
stdmap_r3,cancel,100000,0.536,750
stdmap_r3,cancel,100000,0.537,750
stdmap_r3,cancel,100000,0.538,750
stdmap_r3,cancel,100000,0.539,750
stdmap_r3,cancel,100000,0.54,750
stdmap_r3,cancel,100000,0.541,750
stdmap_r3,cancel,100000,0.542,750
stdmap_r3,cancel,100000,0.543,750
stdmap_r3,cancel,100000,0.544,750
stdmap_r3,cancel,100000,0.545,750
stdmap_r3,cancel,100000,0.546,750
stdmap_r3,cancel,100000,0.547,750
stdmap_r3,cancel,100000,0.548,750
stdmap_r3,cancel,100000,0.549,750
stdmap_r3,cancel,100000,0.55,750
stdmap_r3,cancel,100000,0.551,750
stdmap_r3,cancel,100000,0.552,750
stdmap_r3,cancel,100000,0.553,750
stdmap_r3,cancel,100000,0.554,750
stdmap_r3,cancel,100000,0.555,750
stdmap_r3,cancel,100000,0.556,750
stdmap_r3,cancel,100000,0.557,750
stdmap_r3,cancel,100000,0.558,750
stdmap_r3,cancel,100000,0.559,750
stdmap_r3,cancel,100000,0.56,750
stdmap_r3,cancel,100000,0.561,750
stdmap_r3,cancel,100000,0.562,750
stdmap_r3,cancel,100000,0.563,791
stdmap_r3,cancel,100000,0.564,791
stdmap_r3,cancel,100000,0.565,791
stdmap_r3,cancel,100000,0.566,791
stdmap_r3,cancel,100000,0.567,791
stdmap_r3,cancel,100000,0.568,791
stdmap_r3,cancel,100000,0.569,791
stdmap_r3,cancel,100000,0.57,791
stdmap_r3,cancel,100000,0.571,791
stdmap_r3,cancel,100000,0.572,791
stdmap_r3,cancel,100000,0.573,791
stdmap_r3,cancel,100000,0.574,791
stdmap_r3,cancel,100000,0.575,791
stdmap_r3,cancel,100000,0.576,791
stdmap_r3,cancel,100000,0.577,791
stdmap_r3,cancel,100000,0.578,791
stdmap_r3,cancel,100000,0.579,791
stdmap_r3,cancel,100000,0.58,792
stdmap_r3,cancel,100000,0.581,792
stdmap_r3,cancel,100000,0.582,792
stdmap_r3,cancel,100000,0.583,792
stdmap_r3,cancel,100000,0.584,792
stdmap_r3,cancel,100000,0.585,792
stdmap_r3,cancel,100000,0.586,792
stdmap_r3,cancel,100000,0.587,792
stdmap_r3,cancel,100000,0.588,792
stdmap_r3,cancel,100000,0.589,792
stdmap_r3,cancel,100000,0.59,792
stdmap_r3,cancel,100000,0.591,792
stdmap_r3,cancel,100000,0.592,792
stdmap_r3,cancel,100000,0.593,792
stdmap_r3,cancel,100000,0.594,792
stdmap_r3,cancel,100000,0.595,792
stdmap_r3,cancel,100000,0.596,792
stdmap_r3,cancel,100000,0.597,792
stdmap_r3,cancel,100000,0.598,792
stdmap_r3,cancel,100000,0.599,792
stdmap_r3,cancel,100000,0.6,792
stdmap_r3,cancel,100000,0.601,792
stdmap_r3,cancel,100000,0.602,792
stdmap_r3,cancel,100000,0.603,792
stdmap_r3,cancel,100000,0.604,792
stdmap_r3,cancel,100000,0.605,792
stdmap_r3,cancel,100000,0.606,792
stdmap_r3,cancel,100000,0.607,792
stdmap_r3,cancel,100000,0.608,792
stdmap_r3,cancel,100000,0.609,792
stdmap_r3,cancel,100000,0.61,792
stdmap_r3,cancel,100000,0.611,792
stdmap_r3,cancel,100000,0.612,792
stdmap_r3,cancel,100000,0.613,833
stdmap_r3,cancel,100000,0.614,833
stdmap_r3,cancel,100000,0.615,833
stdmap_r3,cancel,100000,0.616,833
stdmap_r3,cancel,100000,0.617,833
stdmap_r3,cancel,100000,0.618,833
stdmap_r3,cancel,100000,0.619,833
stdmap_r3,cancel,100000,0.62,833
stdmap_r3,cancel,100000,0.621,833
stdmap_r3,cancel,100000,0.622,833
stdmap_r3,cancel,100000,0.623,833
stdmap_r3,cancel,100000,0.624,833
stdmap_r3,cancel,100000,0.625,833
stdmap_r3,cancel,100000,0.626,833
stdmap_r3,cancel,100000,0.627,833
stdmap_r3,cancel,100000,0.628,833
stdmap_r3,cancel,100000,0.629,833
stdmap_r3,cancel,100000,0.63,833
stdmap_r3,cancel,100000,0.631,833
stdmap_r3,cancel,100000,0.632,833
stdmap_r3,cancel,100000,0.633,833
stdmap_r3,cancel,100000,0.634,833
stdmap_r3,cancel,100000,0.635,833
stdmap_r3,cancel,100000,0.636,833
stdmap_r3,cancel,100000,0.637,833
stdmap_r3,cancel,100000,0.638,833
stdmap_r3,cancel,100000,0.639,833
stdmap_r3,cancel,100000,0.64,833
stdmap_r3,cancel,100000,0.641,833
stdmap_r3,cancel,100000,0.642,833
stdmap_r3,cancel,100000,0.643,834
stdmap_r3,cancel,100000,0.644,834
stdmap_r3,cancel,100000,0.645,834
stdmap_r3,cancel,100000,0.646,834
stdmap_r3,cancel,100000,0.647,834
stdmap_r3,cancel,100000,0.648,834
stdmap_r3,cancel,100000,0.649,834
stdmap_r3,cancel,100000,0.65,834
stdmap_r3,cancel,100000,0.651,834
stdmap_r3,cancel,100000,0.652,834
stdmap_r3,cancel,100000,0.653,834
stdmap_r3,cancel,100000,0.654,834
stdmap_r3,cancel,100000,0.655,834
stdmap_r3,cancel,100000,0.656,834
stdmap_r3,cancel,100000,0.657,834
stdmap_r3,cancel,100000,0.658,875
stdmap_r3,cancel,100000,0.659,875
stdmap_r3,cancel,100000,0.66,875
stdmap_r3,cancel,100000,0.661,875
stdmap_r3,cancel,100000,0.662,875
stdmap_r3,cancel,100000,0.663,875
stdmap_r3,cancel,100000,0.664,875
stdmap_r3,cancel,100000,0.665,875
stdmap_r3,cancel,100000,0.666,875
stdmap_r3,cancel,100000,0.667,875
stdmap_r3,cancel,100000,0.668,875
stdmap_r3,cancel,100000,0.669,875
stdmap_r3,cancel,100000,0.67,875
stdmap_r3,cancel,100000,0.671,875
stdmap_r3,cancel,100000,0.672,875
stdmap_r3,cancel,100000,0.673,875
stdmap_r3,cancel,100000,0.674,875
stdmap_r3,cancel,100000,0.675,875
stdmap_r3,cancel,100000,0.676,875
stdmap_r3,cancel,100000,0.677,875
stdmap_r3,cancel,100000,0.678,875
stdmap_r3,cancel,100000,0.679,875
stdmap_r3,cancel,100000,0.68,875
stdmap_r3,cancel,100000,0.681,875
stdmap_r3,cancel,100000,0.682,875
stdmap_r3,cancel,100000,0.683,875
stdmap_r3,cancel,100000,0.684,875
stdmap_r3,cancel,100000,0.685,875
stdmap_r3,cancel,100000,0.686,875
stdmap_r3,cancel,100000,0.687,875
stdmap_r3,cancel,100000,0.688,875
stdmap_r3,cancel,100000,0.689,875
stdmap_r3,cancel,100000,0.69,875
stdmap_r3,cancel,100000,0.691,875
stdmap_r3,cancel,100000,0.692,875
stdmap_r3,cancel,100000,0.693,875
stdmap_r3,cancel,100000,0.694,875
stdmap_r3,cancel,100000,0.695,875
stdmap_r3,cancel,100000,0.696,916
stdmap_r3,cancel,100000,0.697,916
stdmap_r3,cancel,100000,0.698,916
stdmap_r3,cancel,100000,0.699,916
stdmap_r3,cancel,100000,0.7,916
stdmap_r3,cancel,100000,0.701,916
stdmap_r3,cancel,100000,0.702,916
stdmap_r3,cancel,100000,0.703,916
stdmap_r3,cancel,100000,0.704,916
stdmap_r3,cancel,100000,0.705,916
stdmap_r3,cancel,100000,0.706,916
stdmap_r3,cancel,100000,0.707,917
stdmap_r3,cancel,100000,0.708,917
stdmap_r3,cancel,100000,0.709,917
stdmap_r3,cancel,100000,0.71,917
stdmap_r3,cancel,100000,0.711,917
stdmap_r3,cancel,100000,0.712,917
stdmap_r3,cancel,100000,0.713,917
stdmap_r3,cancel,100000,0.714,917
stdmap_r3,cancel,100000,0.715,917
stdmap_r3,cancel,100000,0.716,917
stdmap_r3,cancel,100000,0.717,917
stdmap_r3,cancel,100000,0.718,917
stdmap_r3,cancel,100000,0.719,917
stdmap_r3,cancel,100000,0.72,917
stdmap_r3,cancel,100000,0.721,917
stdmap_r3,cancel,100000,0.722,917
stdmap_r3,cancel,100000,0.723,917
stdmap_r3,cancel,100000,0.724,917
stdmap_r3,cancel,100000,0.725,917
stdmap_r3,cancel,100000,0.726,917
stdmap_r3,cancel,100000,0.727,917
stdmap_r3,cancel,100000,0.728,917
stdmap_r3,cancel,100000,0.729,958
stdmap_r3,cancel,100000,0.73,958
stdmap_r3,cancel,100000,0.731,958
stdmap_r3,cancel,100000,0.732,958
stdmap_r3,cancel,100000,0.733,958
stdmap_r3,cancel,100000,0.734,958
stdmap_r3,cancel,100000,0.735,958
stdmap_r3,cancel,100000,0.736,958
stdmap_r3,cancel,100000,0.737,958
stdmap_r3,cancel,100000,0.738,958
stdmap_r3,cancel,100000,0.739,958
stdmap_r3,cancel,100000,0.74,958
stdmap_r3,cancel,100000,0.741,958
stdmap_r3,cancel,100000,0.742,958
stdmap_r3,cancel,100000,0.743,958
stdmap_r3,cancel,100000,0.744,958
stdmap_r3,cancel,100000,0.745,958
stdmap_r3,cancel,100000,0.746,958
stdmap_r3,cancel,100000,0.747,959
stdmap_r3,cancel,100000,0.748,959
stdmap_r3,cancel,100000,0.749,959
stdmap_r3,cancel,100000,0.75,959
stdmap_r3,cancel,100000,0.751,959
stdmap_r3,cancel,100000,0.752,959
stdmap_r3,cancel,100000,0.753,959
stdmap_r3,cancel,100000,0.754,959
stdmap_r3,cancel,100000,0.755,959
stdmap_r3,cancel,100000,0.756,959
stdmap_r3,cancel,100000,0.757,1000
stdmap_r3,cancel,100000,0.758,1000
stdmap_r3,cancel,100000,0.759,1000
stdmap_r3,cancel,100000,0.76,1000
stdmap_r3,cancel,100000,0.761,1000
stdmap_r3,cancel,100000,0.762,1000
stdmap_r3,cancel,100000,0.763,1000
stdmap_r3,cancel,100000,0.764,1000
stdmap_r3,cancel,100000,0.765,1000
stdmap_r3,cancel,100000,0.766,1000
stdmap_r3,cancel,100000,0.767,1000
stdmap_r3,cancel,100000,0.768,1000
stdmap_r3,cancel,100000,0.769,1000
stdmap_r3,cancel,100000,0.77,1000
stdmap_r3,cancel,100000,0.771,1000
stdmap_r3,cancel,100000,0.772,1000
stdmap_r3,cancel,100000,0.773,1000
stdmap_r3,cancel,100000,0.774,1000
stdmap_r3,cancel,100000,0.775,1000
stdmap_r3,cancel,100000,0.776,1000
stdmap_r3,cancel,100000,0.777,1000
stdmap_r3,cancel,100000,0.778,1000
stdmap_r3,cancel,100000,0.779,1000
stdmap_r3,cancel,100000,0.78,1000
stdmap_r3,cancel,100000,0.781,1041
stdmap_r3,cancel,100000,0.782,1041
stdmap_r3,cancel,100000,0.783,1041
stdmap_r3,cancel,100000,0.784,1041
stdmap_r3,cancel,100000,0.785,1041
stdmap_r3,cancel,100000,0.786,1041
stdmap_r3,cancel,100000,0.787,1041
stdmap_r3,cancel,100000,0.788,1042
stdmap_r3,cancel,100000,0.789,1042
stdmap_r3,cancel,100000,0.79,1042
stdmap_r3,cancel,100000,0.791,1042
stdmap_r3,cancel,100000,0.792,1042
stdmap_r3,cancel,100000,0.793,1042
stdmap_r3,cancel,100000,0.794,1042
stdmap_r3,cancel,100000,0.795,1042
stdmap_r3,cancel,100000,0.796,1042
stdmap_r3,cancel,100000,0.797,1042
stdmap_r3,cancel,100000,0.798,1042
stdmap_r3,cancel,100000,0.799,1042
stdmap_r3,cancel,100000,0.8,1042
stdmap_r3,cancel,100000,0.801,1083
stdmap_r3,cancel,100000,0.802,1083
stdmap_r3,cancel,100000,0.803,1083
stdmap_r3,cancel,100000,0.804,1083
stdmap_r3,cancel,100000,0.805,1083
stdmap_r3,cancel,100000,0.806,1083
stdmap_r3,cancel,100000,0.807,1083
stdmap_r3,cancel,100000,0.808,1083
stdmap_r3,cancel,100000,0.809,1083
stdmap_r3,cancel,100000,0.81,1083
stdmap_r3,cancel,100000,0.811,1083
stdmap_r3,cancel,100000,0.812,1083
stdmap_r3,cancel,100000,0.813,1084
stdmap_r3,cancel,100000,0.814,1084
stdmap_r3,cancel,100000,0.815,1084
stdmap_r3,cancel,100000,0.816,1084
stdmap_r3,cancel,100000,0.817,1084
stdmap_r3,cancel,100000,0.818,1084
stdmap_r3,cancel,100000,0.819,1125
stdmap_r3,cancel,100000,0.82,1125
stdmap_r3,cancel,100000,0.821,1125
stdmap_r3,cancel,100000,0.822,1125
stdmap_r3,cancel,100000,0.823,1125
stdmap_r3,cancel,100000,0.824,1125
stdmap_r3,cancel,100000,0.825,1125
stdmap_r3,cancel,100000,0.826,1125
stdmap_r3,cancel,100000,0.827,1125
stdmap_r3,cancel,100000,0.828,1125
stdmap_r3,cancel,100000,0.829,1125
stdmap_r3,cancel,100000,0.83,1125
stdmap_r3,cancel,100000,0.831,1125
stdmap_r3,cancel,100000,0.832,1125
stdmap_r3,cancel,100000,0.833,1125
stdmap_r3,cancel,100000,0.834,1125
stdmap_r3,cancel,100000,0.835,1166
stdmap_r3,cancel,100000,0.836,1166
stdmap_r3,cancel,100000,0.837,1166
stdmap_r3,cancel,100000,0.838,1166
stdmap_r3,cancel,100000,0.839,1166
stdmap_r3,cancel,100000,0.84,1167
stdmap_r3,cancel,100000,0.841,1167
stdmap_r3,cancel,100000,0.842,1167
stdmap_r3,cancel,100000,0.843,1167
stdmap_r3,cancel,100000,0.844,1167
stdmap_r3,cancel,100000,0.845,1167
stdmap_r3,cancel,100000,0.846,1167
stdmap_r3,cancel,100000,0.847,1167
stdmap_r3,cancel,100000,0.848,1167
stdmap_r3,cancel,100000,0.849,1167
stdmap_r3,cancel,100000,0.85,1208
stdmap_r3,cancel,100000,0.851,1208
stdmap_r3,cancel,100000,0.852,1208
stdmap_r3,cancel,100000,0.853,1208
stdmap_r3,cancel,100000,0.854,1208
stdmap_r3,cancel,100000,0.855,1208
stdmap_r3,cancel,100000,0.856,1208
stdmap_r3,cancel,100000,0.857,1208
stdmap_r3,cancel,100000,0.858,1209
stdmap_r3,cancel,100000,0.859,1209
stdmap_r3,cancel,100000,0.86,1209
stdmap_r3,cancel,100000,0.861,1209
stdmap_r3,cancel,100000,0.862,1250
stdmap_r3,cancel,100000,0.863,1250
stdmap_r3,cancel,100000,0.864,1250
stdmap_r3,cancel,100000,0.865,1250
stdmap_r3,cancel,100000,0.866,1250
stdmap_r3,cancel,100000,0.867,1250
stdmap_r3,cancel,100000,0.868,1250
stdmap_r3,cancel,100000,0.869,1250
stdmap_r3,cancel,100000,0.87,1250
stdmap_r3,cancel,100000,0.871,1250
stdmap_r3,cancel,100000,0.872,1250
stdmap_r3,cancel,100000,0.873,1250
stdmap_r3,cancel,100000,0.874,1291
stdmap_r3,cancel,100000,0.875,1291
stdmap_r3,cancel,100000,0.876,1291
stdmap_r3,cancel,100000,0.877,1292
stdmap_r3,cancel,100000,0.878,1292
stdmap_r3,cancel,100000,0.879,1292
stdmap_r3,cancel,100000,0.88,1292
stdmap_r3,cancel,100000,0.881,1292
stdmap_r3,cancel,100000,0.882,1292
stdmap_r3,cancel,100000,0.883,1292
stdmap_r3,cancel,100000,0.884,1333
stdmap_r3,cancel,100000,0.885,1333
stdmap_r3,cancel,100000,0.886,1333
stdmap_r3,cancel,100000,0.887,1333
stdmap_r3,cancel,100000,0.888,1333
stdmap_r3,cancel,100000,0.889,1333
stdmap_r3,cancel,100000,0.89,1334
stdmap_r3,cancel,100000,0.891,1334
stdmap_r3,cancel,100000,0.892,1334
stdmap_r3,cancel,100000,0.893,1375
stdmap_r3,cancel,100000,0.894,1375
stdmap_r3,cancel,100000,0.895,1375
stdmap_r3,cancel,100000,0.896,1375
stdmap_r3,cancel,100000,0.897,1375
stdmap_r3,cancel,100000,0.898,1375
stdmap_r3,cancel,100000,0.899,1375
stdmap_r3,cancel,100000,0.9,1375
stdmap_r3,cancel,100000,0.901,1375
stdmap_r3,cancel,100000,0.902,1416
stdmap_r3,cancel,100000,0.903,1416
stdmap_r3,cancel,100000,0.904,1416
stdmap_r3,cancel,100000,0.905,1417
stdmap_r3,cancel,100000,0.906,1417
stdmap_r3,cancel,100000,0.907,1417
stdmap_r3,cancel,100000,0.908,1417
stdmap_r3,cancel,100000,0.909,1417
stdmap_r3,cancel,100000,0.91,1458
stdmap_r3,cancel,100000,0.911,1458
stdmap_r3,cancel,100000,0.912,1458
stdmap_r3,cancel,100000,0.913,1458
stdmap_r3,cancel,100000,0.914,1458
stdmap_r3,cancel,100000,0.915,1459
stdmap_r3,cancel,100000,0.916,1459
stdmap_r3,cancel,100000,0.917,1500
stdmap_r3,cancel,100000,0.918,1500
stdmap_r3,cancel,100000,0.919,1500
stdmap_r3,cancel,100000,0.92,1500
stdmap_r3,cancel,100000,0.921,1500
stdmap_r3,cancel,100000,0.922,1500
stdmap_r3,cancel,100000,0.923,1500
stdmap_r3,cancel,100000,0.924,1541
stdmap_r3,cancel,100000,0.925,1541
stdmap_r3,cancel,100000,0.926,1542
stdmap_r3,cancel,100000,0.927,1542
stdmap_r3,cancel,100000,0.928,1542
stdmap_r3,cancel,100000,0.929,1542
stdmap_r3,cancel,100000,0.93,1583
stdmap_r3,cancel,100000,0.931,1583
stdmap_r3,cancel,100000,0.932,1583
stdmap_r3,cancel,100000,0.933,1583
stdmap_r3,cancel,100000,0.934,1584
stdmap_r3,cancel,100000,0.935,1584
stdmap_r3,cancel,100000,0.936,1625
stdmap_r3,cancel,100000,0.937,1625
stdmap_r3,cancel,100000,0.938,1625
stdmap_r3,cancel,100000,0.939,1625
stdmap_r3,cancel,100000,0.94,1625
stdmap_r3,cancel,100000,0.941,1625
stdmap_r3,cancel,100000,0.942,1666
stdmap_r3,cancel,100000,0.943,1667
stdmap_r3,cancel,100000,0.944,1667
stdmap_r3,cancel,100000,0.945,1667
stdmap_r3,cancel,100000,0.946,1667
stdmap_r3,cancel,100000,0.947,1708
stdmap_r3,cancel,100000,0.948,1708
stdmap_r3,cancel,100000,0.949,1708
stdmap_r3,cancel,100000,0.95,1708
stdmap_r3,cancel,100000,0.951,1709
stdmap_r3,cancel,100000,0.952,1750
stdmap_r3,cancel,100000,0.953,1750
stdmap_r3,cancel,100000,0.954,1750
stdmap_r3,cancel,100000,0.955,1750
stdmap_r3,cancel,100000,0.956,1750
stdmap_r3,cancel,100000,0.957,1791
stdmap_r3,cancel,100000,0.958,1792
stdmap_r3,cancel,100000,0.959,1792
stdmap_r3,cancel,100000,0.96,1792
stdmap_r3,cancel,100000,0.961,1833
stdmap_r3,cancel,100000,0.962,1833
stdmap_r3,cancel,100000,0.963,1833
stdmap_r3,cancel,100000,0.964,1834
stdmap_r3,cancel,100000,0.965,1875
stdmap_r3,cancel,100000,0.966,1875
stdmap_r3,cancel,100000,0.967,1875
stdmap_r3,cancel,100000,0.968,1875
stdmap_r3,cancel,100000,0.969,1916
stdmap_r3,cancel,100000,0.97,1917
stdmap_r3,cancel,100000,0.971,1917
stdmap_r3,cancel,100000,0.972,1958
stdmap_r3,cancel,100000,0.973,1959
stdmap_r3,cancel,100000,0.974,2000
stdmap_r3,cancel,100000,0.975,2000
stdmap_r3,cancel,100000,0.976,2000
stdmap_r3,cancel,100000,0.977,2042
stdmap_r3,cancel,100000,0.978,2042
stdmap_r3,cancel,100000,0.979,2083
stdmap_r3,cancel,100000,0.98,2084
stdmap_r3,cancel,100000,0.981,2125
stdmap_r3,cancel,100000,0.982,2125
stdmap_r3,cancel,100000,0.983,2167
stdmap_r3,cancel,100000,0.984,2167
stdmap_r3,cancel,100000,0.985,2208
stdmap_r3,cancel,100000,0.986,2250
stdmap_r3,cancel,100000,0.987,2250
stdmap_r3,cancel,100000,0.988,2292
stdmap_r3,cancel,100000,0.989,2333
stdmap_r3,cancel,100000,0.99,2375
stdmap_r3,cancel,100000,0.991,2417
stdmap_r3,cancel,100000,0.992,2459
stdmap_r3,cancel,100000,0.993,2542
stdmap_r3,cancel,100000,0.994,2625
stdmap_r3,cancel,100000,0.995,2750
stdmap_r3,cancel,100000,0.996,2875
stdmap_r3,cancel,100000,0.997,3166
stdmap_r3,cancel,100000,0.998,5250
stdmap_r3,cancel,100000,0.999,20042
stdmap_r3,match,100000,0,0
stdmap_r3,match,100000,0.001,41
stdmap_r3,match,100000,0.002,41
stdmap_r3,match,100000,0.003,41
stdmap_r3,match,100000,0.004,41
stdmap_r3,match,100000,0.005,41
stdmap_r3,match,100000,0.006,41
stdmap_r3,match,100000,0.007,41
stdmap_r3,match,100000,0.008,41
stdmap_r3,match,100000,0.009,41
stdmap_r3,match,100000,0.01,41
stdmap_r3,match,100000,0.011,41
stdmap_r3,match,100000,0.012,41
stdmap_r3,match,100000,0.013,41
stdmap_r3,match,100000,0.014,41
stdmap_r3,match,100000,0.015,41
stdmap_r3,match,100000,0.016,41
stdmap_r3,match,100000,0.017,41
stdmap_r3,match,100000,0.018,41
stdmap_r3,match,100000,0.019,41
stdmap_r3,match,100000,0.02,41
stdmap_r3,match,100000,0.021,41
stdmap_r3,match,100000,0.022,41
stdmap_r3,match,100000,0.023,41
stdmap_r3,match,100000,0.024,41
stdmap_r3,match,100000,0.025,41
stdmap_r3,match,100000,0.026,41
stdmap_r3,match,100000,0.027,41
stdmap_r3,match,100000,0.028,41
stdmap_r3,match,100000,0.029,41
stdmap_r3,match,100000,0.03,41
stdmap_r3,match,100000,0.031,41
stdmap_r3,match,100000,0.032,41
stdmap_r3,match,100000,0.033,41
stdmap_r3,match,100000,0.034,41
stdmap_r3,match,100000,0.035,41
stdmap_r3,match,100000,0.036,41
stdmap_r3,match,100000,0.037,41
stdmap_r3,match,100000,0.038,41
stdmap_r3,match,100000,0.039,41
stdmap_r3,match,100000,0.04,41
stdmap_r3,match,100000,0.041,41
stdmap_r3,match,100000,0.042,41
stdmap_r3,match,100000,0.043,41
stdmap_r3,match,100000,0.044,41
stdmap_r3,match,100000,0.045,41
stdmap_r3,match,100000,0.046,41
stdmap_r3,match,100000,0.047,41
stdmap_r3,match,100000,0.048,41
stdmap_r3,match,100000,0.049,41
stdmap_r3,match,100000,0.05,42
stdmap_r3,match,100000,0.051,42
stdmap_r3,match,100000,0.052,42
stdmap_r3,match,100000,0.053,42
stdmap_r3,match,100000,0.054,42
stdmap_r3,match,100000,0.055,42
stdmap_r3,match,100000,0.056,42
stdmap_r3,match,100000,0.057,42
stdmap_r3,match,100000,0.058,42
stdmap_r3,match,100000,0.059,42
stdmap_r3,match,100000,0.06,42
stdmap_r3,match,100000,0.061,42
stdmap_r3,match,100000,0.062,42
stdmap_r3,match,100000,0.063,42
stdmap_r3,match,100000,0.064,42
stdmap_r3,match,100000,0.065,42
stdmap_r3,match,100000,0.066,42
stdmap_r3,match,100000,0.067,42
stdmap_r3,match,100000,0.068,42
stdmap_r3,match,100000,0.069,42
stdmap_r3,match,100000,0.07,42
stdmap_r3,match,100000,0.071,42
stdmap_r3,match,100000,0.072,42
stdmap_r3,match,100000,0.073,42
stdmap_r3,match,100000,0.074,42
stdmap_r3,match,100000,0.075,42
stdmap_r3,match,100000,0.076,42
stdmap_r3,match,100000,0.077,42
stdmap_r3,match,100000,0.078,42
stdmap_r3,match,100000,0.079,42
stdmap_r3,match,100000,0.08,42
stdmap_r3,match,100000,0.081,42
stdmap_r3,match,100000,0.082,42
stdmap_r3,match,100000,0.083,42
stdmap_r3,match,100000,0.084,42
stdmap_r3,match,100000,0.085,42
stdmap_r3,match,100000,0.086,42
stdmap_r3,match,100000,0.087,42
stdmap_r3,match,100000,0.088,42
stdmap_r3,match,100000,0.089,42
stdmap_r3,match,100000,0.09,42
stdmap_r3,match,100000,0.091,42
stdmap_r3,match,100000,0.092,42
stdmap_r3,match,100000,0.093,42
stdmap_r3,match,100000,0.094,42
stdmap_r3,match,100000,0.095,42
stdmap_r3,match,100000,0.096,42
stdmap_r3,match,100000,0.097,42
stdmap_r3,match,100000,0.098,42
stdmap_r3,match,100000,0.099,42
stdmap_r3,match,100000,0.1,42
stdmap_r3,match,100000,0.101,42
stdmap_r3,match,100000,0.102,42
stdmap_r3,match,100000,0.103,42
stdmap_r3,match,100000,0.104,42
stdmap_r3,match,100000,0.105,42
stdmap_r3,match,100000,0.106,42
stdmap_r3,match,100000,0.107,42
stdmap_r3,match,100000,0.108,42
stdmap_r3,match,100000,0.109,42
stdmap_r3,match,100000,0.11,42
stdmap_r3,match,100000,0.111,42
stdmap_r3,match,100000,0.112,42
stdmap_r3,match,100000,0.113,42
stdmap_r3,match,100000,0.114,42
stdmap_r3,match,100000,0.115,42
stdmap_r3,match,100000,0.116,42
stdmap_r3,match,100000,0.117,42
stdmap_r3,match,100000,0.118,42
stdmap_r3,match,100000,0.119,42
stdmap_r3,match,100000,0.12,42
stdmap_r3,match,100000,0.121,42
stdmap_r3,match,100000,0.122,42
stdmap_r3,match,100000,0.123,42
stdmap_r3,match,100000,0.124,42
stdmap_r3,match,100000,0.125,42
stdmap_r3,match,100000,0.126,42
stdmap_r3,match,100000,0.127,42
stdmap_r3,match,100000,0.128,42
stdmap_r3,match,100000,0.129,42
stdmap_r3,match,100000,0.13,42
stdmap_r3,match,100000,0.131,42
stdmap_r3,match,100000,0.132,42
stdmap_r3,match,100000,0.133,42
stdmap_r3,match,100000,0.134,42
stdmap_r3,match,100000,0.135,42
stdmap_r3,match,100000,0.136,42
stdmap_r3,match,100000,0.137,42
stdmap_r3,match,100000,0.138,42
stdmap_r3,match,100000,0.139,42
stdmap_r3,match,100000,0.14,42
stdmap_r3,match,100000,0.141,42
stdmap_r3,match,100000,0.142,42
stdmap_r3,match,100000,0.143,42
stdmap_r3,match,100000,0.144,42
stdmap_r3,match,100000,0.145,42
stdmap_r3,match,100000,0.146,42
stdmap_r3,match,100000,0.147,42
stdmap_r3,match,100000,0.148,42
stdmap_r3,match,100000,0.149,83
stdmap_r3,match,100000,0.15,83
stdmap_r3,match,100000,0.151,83
stdmap_r3,match,100000,0.152,83
stdmap_r3,match,100000,0.153,83
stdmap_r3,match,100000,0.154,83
stdmap_r3,match,100000,0.155,83
stdmap_r3,match,100000,0.156,83
stdmap_r3,match,100000,0.157,83
stdmap_r3,match,100000,0.158,83
stdmap_r3,match,100000,0.159,83
stdmap_r3,match,100000,0.16,83
stdmap_r3,match,100000,0.161,83
stdmap_r3,match,100000,0.162,83
stdmap_r3,match,100000,0.163,83
stdmap_r3,match,100000,0.164,83
stdmap_r3,match,100000,0.165,83
stdmap_r3,match,100000,0.166,83
stdmap_r3,match,100000,0.167,83
stdmap_r3,match,100000,0.168,83
stdmap_r3,match,100000,0.169,83
stdmap_r3,match,100000,0.17,83
stdmap_r3,match,100000,0.171,83
stdmap_r3,match,100000,0.172,83
stdmap_r3,match,100000,0.173,83
stdmap_r3,match,100000,0.174,83
stdmap_r3,match,100000,0.175,83
stdmap_r3,match,100000,0.176,83
stdmap_r3,match,100000,0.177,83
stdmap_r3,match,100000,0.178,83
stdmap_r3,match,100000,0.179,83
stdmap_r3,match,100000,0.18,83
stdmap_r3,match,100000,0.181,83
stdmap_r3,match,100000,0.182,83
stdmap_r3,match,100000,0.183,83
stdmap_r3,match,100000,0.184,83
stdmap_r3,match,100000,0.185,83
stdmap_r3,match,100000,0.186,83
stdmap_r3,match,100000,0.187,83
stdmap_r3,match,100000,0.188,83
stdmap_r3,match,100000,0.189,83
stdmap_r3,match,100000,0.19,83
stdmap_r3,match,100000,0.191,83
stdmap_r3,match,100000,0.192,83
stdmap_r3,match,100000,0.193,83
stdmap_r3,match,100000,0.194,83
stdmap_r3,match,100000,0.195,83
stdmap_r3,match,100000,0.196,83
stdmap_r3,match,100000,0.197,83
stdmap_r3,match,100000,0.198,83
stdmap_r3,match,100000,0.199,83
stdmap_r3,match,100000,0.2,83
stdmap_r3,match,100000,0.201,83
stdmap_r3,match,100000,0.202,83
stdmap_r3,match,100000,0.203,83
stdmap_r3,match,100000,0.204,83
stdmap_r3,match,100000,0.205,83
stdmap_r3,match,100000,0.206,83
stdmap_r3,match,100000,0.207,83
stdmap_r3,match,100000,0.208,83
stdmap_r3,match,100000,0.209,83
stdmap_r3,match,100000,0.21,83
stdmap_r3,match,100000,0.211,83
stdmap_r3,match,100000,0.212,83
stdmap_r3,match,100000,0.213,83
stdmap_r3,match,100000,0.214,83
stdmap_r3,match,100000,0.215,83
stdmap_r3,match,100000,0.216,83
stdmap_r3,match,100000,0.217,83
stdmap_r3,match,100000,0.218,83
stdmap_r3,match,100000,0.219,83
stdmap_r3,match,100000,0.22,83
stdmap_r3,match,100000,0.221,83
stdmap_r3,match,100000,0.222,83
stdmap_r3,match,100000,0.223,83
stdmap_r3,match,100000,0.224,83
stdmap_r3,match,100000,0.225,83
stdmap_r3,match,100000,0.226,83
stdmap_r3,match,100000,0.227,83
stdmap_r3,match,100000,0.228,83
stdmap_r3,match,100000,0.229,83
stdmap_r3,match,100000,0.23,83
stdmap_r3,match,100000,0.231,83
stdmap_r3,match,100000,0.232,83
stdmap_r3,match,100000,0.233,83
stdmap_r3,match,100000,0.234,83
stdmap_r3,match,100000,0.235,83
stdmap_r3,match,100000,0.236,83
stdmap_r3,match,100000,0.237,83
stdmap_r3,match,100000,0.238,83
stdmap_r3,match,100000,0.239,83
stdmap_r3,match,100000,0.24,83
stdmap_r3,match,100000,0.241,83
stdmap_r3,match,100000,0.242,83
stdmap_r3,match,100000,0.243,83
stdmap_r3,match,100000,0.244,83
stdmap_r3,match,100000,0.245,83
stdmap_r3,match,100000,0.246,83
stdmap_r3,match,100000,0.247,83
stdmap_r3,match,100000,0.248,83
stdmap_r3,match,100000,0.249,83
stdmap_r3,match,100000,0.25,83
stdmap_r3,match,100000,0.251,83
stdmap_r3,match,100000,0.252,83
stdmap_r3,match,100000,0.253,83
stdmap_r3,match,100000,0.254,83
stdmap_r3,match,100000,0.255,83
stdmap_r3,match,100000,0.256,83
stdmap_r3,match,100000,0.257,83
stdmap_r3,match,100000,0.258,83
stdmap_r3,match,100000,0.259,83
stdmap_r3,match,100000,0.26,83
stdmap_r3,match,100000,0.261,83
stdmap_r3,match,100000,0.262,83
stdmap_r3,match,100000,0.263,83
stdmap_r3,match,100000,0.264,83
stdmap_r3,match,100000,0.265,83
stdmap_r3,match,100000,0.266,83
stdmap_r3,match,100000,0.267,83
stdmap_r3,match,100000,0.268,83
stdmap_r3,match,100000,0.269,83
stdmap_r3,match,100000,0.27,83
stdmap_r3,match,100000,0.271,83
stdmap_r3,match,100000,0.272,83
stdmap_r3,match,100000,0.273,83
stdmap_r3,match,100000,0.274,83
stdmap_r3,match,100000,0.275,83
stdmap_r3,match,100000,0.276,83
stdmap_r3,match,100000,0.277,83
stdmap_r3,match,100000,0.278,83
stdmap_r3,match,100000,0.279,83
stdmap_r3,match,100000,0.28,83
stdmap_r3,match,100000,0.281,83
stdmap_r3,match,100000,0.282,83
stdmap_r3,match,100000,0.283,83
stdmap_r3,match,100000,0.284,83
stdmap_r3,match,100000,0.285,83
stdmap_r3,match,100000,0.286,83
stdmap_r3,match,100000,0.287,83
stdmap_r3,match,100000,0.288,83
stdmap_r3,match,100000,0.289,83
stdmap_r3,match,100000,0.29,83
stdmap_r3,match,100000,0.291,83
stdmap_r3,match,100000,0.292,83
stdmap_r3,match,100000,0.293,83
stdmap_r3,match,100000,0.294,83
stdmap_r3,match,100000,0.295,83
stdmap_r3,match,100000,0.296,83
stdmap_r3,match,100000,0.297,83
stdmap_r3,match,100000,0.298,83
stdmap_r3,match,100000,0.299,83
stdmap_r3,match,100000,0.3,83
stdmap_r3,match,100000,0.301,83
stdmap_r3,match,100000,0.302,83
stdmap_r3,match,100000,0.303,83
stdmap_r3,match,100000,0.304,83
stdmap_r3,match,100000,0.305,83
stdmap_r3,match,100000,0.306,83
stdmap_r3,match,100000,0.307,83
stdmap_r3,match,100000,0.308,83
stdmap_r3,match,100000,0.309,83
stdmap_r3,match,100000,0.31,83
stdmap_r3,match,100000,0.311,83
stdmap_r3,match,100000,0.312,83
stdmap_r3,match,100000,0.313,83
stdmap_r3,match,100000,0.314,83
stdmap_r3,match,100000,0.315,83
stdmap_r3,match,100000,0.316,83
stdmap_r3,match,100000,0.317,83
stdmap_r3,match,100000,0.318,83
stdmap_r3,match,100000,0.319,83
stdmap_r3,match,100000,0.32,83
stdmap_r3,match,100000,0.321,83
stdmap_r3,match,100000,0.322,83
stdmap_r3,match,100000,0.323,83
stdmap_r3,match,100000,0.324,83
stdmap_r3,match,100000,0.325,83
stdmap_r3,match,100000,0.326,83
stdmap_r3,match,100000,0.327,83
stdmap_r3,match,100000,0.328,83
stdmap_r3,match,100000,0.329,83
stdmap_r3,match,100000,0.33,83
stdmap_r3,match,100000,0.331,84
stdmap_r3,match,100000,0.332,84
stdmap_r3,match,100000,0.333,84
stdmap_r3,match,100000,0.334,84
stdmap_r3,match,100000,0.335,84
stdmap_r3,match,100000,0.336,84
stdmap_r3,match,100000,0.337,84
stdmap_r3,match,100000,0.338,84
stdmap_r3,match,100000,0.339,84
stdmap_r3,match,100000,0.34,84
stdmap_r3,match,100000,0.341,84
stdmap_r3,match,100000,0.342,84
stdmap_r3,match,100000,0.343,84
stdmap_r3,match,100000,0.344,84
stdmap_r3,match,100000,0.345,84
stdmap_r3,match,100000,0.346,84
stdmap_r3,match,100000,0.347,84
stdmap_r3,match,100000,0.348,84
stdmap_r3,match,100000,0.349,84
stdmap_r3,match,100000,0.35,84
stdmap_r3,match,100000,0.351,84
stdmap_r3,match,100000,0.352,84
stdmap_r3,match,100000,0.353,84
stdmap_r3,match,100000,0.354,84
stdmap_r3,match,100000,0.355,84
stdmap_r3,match,100000,0.356,84
stdmap_r3,match,100000,0.357,84
stdmap_r3,match,100000,0.358,84
stdmap_r3,match,100000,0.359,84
stdmap_r3,match,100000,0.36,84
stdmap_r3,match,100000,0.361,84
stdmap_r3,match,100000,0.362,84
stdmap_r3,match,100000,0.363,84
stdmap_r3,match,100000,0.364,84
stdmap_r3,match,100000,0.365,84
stdmap_r3,match,100000,0.366,84
stdmap_r3,match,100000,0.367,84
stdmap_r3,match,100000,0.368,84
stdmap_r3,match,100000,0.369,84
stdmap_r3,match,100000,0.37,84
stdmap_r3,match,100000,0.371,84
stdmap_r3,match,100000,0.372,84
stdmap_r3,match,100000,0.373,84
stdmap_r3,match,100000,0.374,84
stdmap_r3,match,100000,0.375,84
stdmap_r3,match,100000,0.376,84
stdmap_r3,match,100000,0.377,84
stdmap_r3,match,100000,0.378,84
stdmap_r3,match,100000,0.379,84
stdmap_r3,match,100000,0.38,84
stdmap_r3,match,100000,0.381,84
stdmap_r3,match,100000,0.382,84
stdmap_r3,match,100000,0.383,84
stdmap_r3,match,100000,0.384,84
stdmap_r3,match,100000,0.385,84
stdmap_r3,match,100000,0.386,84
stdmap_r3,match,100000,0.387,84
stdmap_r3,match,100000,0.388,84
stdmap_r3,match,100000,0.389,84
stdmap_r3,match,100000,0.39,84
stdmap_r3,match,100000,0.391,84
stdmap_r3,match,100000,0.392,84
stdmap_r3,match,100000,0.393,84
stdmap_r3,match,100000,0.394,84
stdmap_r3,match,100000,0.395,84
stdmap_r3,match,100000,0.396,84
stdmap_r3,match,100000,0.397,84
stdmap_r3,match,100000,0.398,84
stdmap_r3,match,100000,0.399,84
stdmap_r3,match,100000,0.4,84
stdmap_r3,match,100000,0.401,84
stdmap_r3,match,100000,0.402,84
stdmap_r3,match,100000,0.403,84
stdmap_r3,match,100000,0.404,84
stdmap_r3,match,100000,0.405,84
stdmap_r3,match,100000,0.406,84
stdmap_r3,match,100000,0.407,84
stdmap_r3,match,100000,0.408,84
stdmap_r3,match,100000,0.409,84
stdmap_r3,match,100000,0.41,84
stdmap_r3,match,100000,0.411,84
stdmap_r3,match,100000,0.412,84
stdmap_r3,match,100000,0.413,84
stdmap_r3,match,100000,0.414,84
stdmap_r3,match,100000,0.415,84
stdmap_r3,match,100000,0.416,84
stdmap_r3,match,100000,0.417,84
stdmap_r3,match,100000,0.418,84
stdmap_r3,match,100000,0.419,84
stdmap_r3,match,100000,0.42,84
stdmap_r3,match,100000,0.421,84
stdmap_r3,match,100000,0.422,125
stdmap_r3,match,100000,0.423,125
stdmap_r3,match,100000,0.424,125
stdmap_r3,match,100000,0.425,125
stdmap_r3,match,100000,0.426,125
stdmap_r3,match,100000,0.427,125
stdmap_r3,match,100000,0.428,125
stdmap_r3,match,100000,0.429,125
stdmap_r3,match,100000,0.43,125
stdmap_r3,match,100000,0.431,125
stdmap_r3,match,100000,0.432,125
stdmap_r3,match,100000,0.433,125
stdmap_r3,match,100000,0.434,125
stdmap_r3,match,100000,0.435,125
stdmap_r3,match,100000,0.436,125
stdmap_r3,match,100000,0.437,125
stdmap_r3,match,100000,0.438,125
stdmap_r3,match,100000,0.439,125
stdmap_r3,match,100000,0.44,125
stdmap_r3,match,100000,0.441,125
stdmap_r3,match,100000,0.442,125
stdmap_r3,match,100000,0.443,125
stdmap_r3,match,100000,0.444,125
stdmap_r3,match,100000,0.445,125
stdmap_r3,match,100000,0.446,125
stdmap_r3,match,100000,0.447,125
stdmap_r3,match,100000,0.448,125
stdmap_r3,match,100000,0.449,125
stdmap_r3,match,100000,0.45,125
stdmap_r3,match,100000,0.451,125
stdmap_r3,match,100000,0.452,125
stdmap_r3,match,100000,0.453,125
stdmap_r3,match,100000,0.454,125
stdmap_r3,match,100000,0.455,125
stdmap_r3,match,100000,0.456,125
stdmap_r3,match,100000,0.457,125
stdmap_r3,match,100000,0.458,125
stdmap_r3,match,100000,0.459,125
stdmap_r3,match,100000,0.46,125
stdmap_r3,match,100000,0.461,125
stdmap_r3,match,100000,0.462,125
stdmap_r3,match,100000,0.463,125
stdmap_r3,match,100000,0.464,125
stdmap_r3,match,100000,0.465,125
stdmap_r3,match,100000,0.466,125
stdmap_r3,match,100000,0.467,125
stdmap_r3,match,100000,0.468,125
stdmap_r3,match,100000,0.469,125
stdmap_r3,match,100000,0.47,125
stdmap_r3,match,100000,0.471,125
stdmap_r3,match,100000,0.472,125
stdmap_r3,match,100000,0.473,125
stdmap_r3,match,100000,0.474,125
stdmap_r3,match,100000,0.475,125
stdmap_r3,match,100000,0.476,125
stdmap_r3,match,100000,0.477,125
stdmap_r3,match,100000,0.478,125
stdmap_r3,match,100000,0.479,125
stdmap_r3,match,100000,0.48,166
stdmap_r3,match,100000,0.481,166
stdmap_r3,match,100000,0.482,166
stdmap_r3,match,100000,0.483,166
stdmap_r3,match,100000,0.484,166
stdmap_r3,match,100000,0.485,166
stdmap_r3,match,100000,0.486,166
stdmap_r3,match,100000,0.487,166
stdmap_r3,match,100000,0.488,166
stdmap_r3,match,100000,0.489,166
stdmap_r3,match,100000,0.49,166
stdmap_r3,match,100000,0.491,166
stdmap_r3,match,100000,0.492,166
stdmap_r3,match,100000,0.493,166
stdmap_r3,match,100000,0.494,166
stdmap_r3,match,100000,0.495,166
stdmap_r3,match,100000,0.496,166
stdmap_r3,match,100000,0.497,166
stdmap_r3,match,100000,0.498,167
stdmap_r3,match,100000,0.499,167
stdmap_r3,match,100000,0.5,167
stdmap_r3,match,100000,0.501,167
stdmap_r3,match,100000,0.502,167
stdmap_r3,match,100000,0.503,167
stdmap_r3,match,100000,0.504,167
stdmap_r3,match,100000,0.505,167
stdmap_r3,match,100000,0.506,167
stdmap_r3,match,100000,0.507,167
stdmap_r3,match,100000,0.508,167
stdmap_r3,match,100000,0.509,167
stdmap_r3,match,100000,0.51,167
stdmap_r3,match,100000,0.511,167
stdmap_r3,match,100000,0.512,167
stdmap_r3,match,100000,0.513,167
stdmap_r3,match,100000,0.514,167
stdmap_r3,match,100000,0.515,167
stdmap_r3,match,100000,0.516,167
stdmap_r3,match,100000,0.517,167
stdmap_r3,match,100000,0.518,167
stdmap_r3,match,100000,0.519,167
stdmap_r3,match,100000,0.52,167
stdmap_r3,match,100000,0.521,167
stdmap_r3,match,100000,0.522,167
stdmap_r3,match,100000,0.523,167
stdmap_r3,match,100000,0.524,167
stdmap_r3,match,100000,0.525,167
stdmap_r3,match,100000,0.526,167
stdmap_r3,match,100000,0.527,167
stdmap_r3,match,100000,0.528,167
stdmap_r3,match,100000,0.529,167
stdmap_r3,match,100000,0.53,167
stdmap_r3,match,100000,0.531,167
stdmap_r3,match,100000,0.532,167
stdmap_r3,match,100000,0.533,167
stdmap_r3,match,100000,0.534,208
stdmap_r3,match,100000,0.535,208
stdmap_r3,match,100000,0.536,208
stdmap_r3,match,100000,0.537,208
stdmap_r3,match,100000,0.538,208
stdmap_r3,match,100000,0.539,208
stdmap_r3,match,100000,0.54,208
stdmap_r3,match,100000,0.541,208
stdmap_r3,match,100000,0.542,208
stdmap_r3,match,100000,0.543,208
stdmap_r3,match,100000,0.544,208
stdmap_r3,match,100000,0.545,208
stdmap_r3,match,100000,0.546,208
stdmap_r3,match,100000,0.547,208
stdmap_r3,match,100000,0.548,208
stdmap_r3,match,100000,0.549,208
stdmap_r3,match,100000,0.55,208
stdmap_r3,match,100000,0.551,208
stdmap_r3,match,100000,0.552,208
stdmap_r3,match,100000,0.553,208
stdmap_r3,match,100000,0.554,208
stdmap_r3,match,100000,0.555,208
stdmap_r3,match,100000,0.556,208
stdmap_r3,match,100000,0.557,208
stdmap_r3,match,100000,0.558,208
stdmap_r3,match,100000,0.559,208
stdmap_r3,match,100000,0.56,208
stdmap_r3,match,100000,0.561,208
stdmap_r3,match,100000,0.562,208
stdmap_r3,match,100000,0.563,209
stdmap_r3,match,100000,0.564,209
stdmap_r3,match,100000,0.565,209
stdmap_r3,match,100000,0.566,209
stdmap_r3,match,100000,0.567,209
stdmap_r3,match,100000,0.568,209
stdmap_r3,match,100000,0.569,209
stdmap_r3,match,100000,0.57,209
stdmap_r3,match,100000,0.571,209
stdmap_r3,match,100000,0.572,209
stdmap_r3,match,100000,0.573,209
stdmap_r3,match,100000,0.574,209
stdmap_r3,match,100000,0.575,209
stdmap_r3,match,100000,0.576,209
stdmap_r3,match,100000,0.577,250
stdmap_r3,match,100000,0.578,250
stdmap_r3,match,100000,0.579,250
stdmap_r3,match,100000,0.58,250
stdmap_r3,match,100000,0.581,250
stdmap_r3,match,100000,0.582,250
stdmap_r3,match,100000,0.583,250
stdmap_r3,match,100000,0.584,250
stdmap_r3,match,100000,0.585,250
stdmap_r3,match,100000,0.586,250
stdmap_r3,match,100000,0.587,250
stdmap_r3,match,100000,0.588,250
stdmap_r3,match,100000,0.589,250
stdmap_r3,match,100000,0.59,250
stdmap_r3,match,100000,0.591,250
stdmap_r3,match,100000,0.592,250
stdmap_r3,match,100000,0.593,250
stdmap_r3,match,100000,0.594,250
stdmap_r3,match,100000,0.595,250
stdmap_r3,match,100000,0.596,250
stdmap_r3,match,100000,0.597,250
stdmap_r3,match,100000,0.598,250
stdmap_r3,match,100000,0.599,250
stdmap_r3,match,100000,0.6,250
stdmap_r3,match,100000,0.601,250
stdmap_r3,match,100000,0.602,250
stdmap_r3,match,100000,0.603,250
stdmap_r3,match,100000,0.604,250
stdmap_r3,match,100000,0.605,250
stdmap_r3,match,100000,0.606,250
stdmap_r3,match,100000,0.607,250
stdmap_r3,match,100000,0.608,250
stdmap_r3,match,100000,0.609,250
stdmap_r3,match,100000,0.61,250
stdmap_r3,match,100000,0.611,291
stdmap_r3,match,100000,0.612,291
stdmap_r3,match,100000,0.613,291
stdmap_r3,match,100000,0.614,291
stdmap_r3,match,100000,0.615,291
stdmap_r3,match,100000,0.616,291
stdmap_r3,match,100000,0.617,291
stdmap_r3,match,100000,0.618,291
stdmap_r3,match,100000,0.619,291
stdmap_r3,match,100000,0.62,292
stdmap_r3,match,100000,0.621,292
stdmap_r3,match,100000,0.622,292
stdmap_r3,match,100000,0.623,292
stdmap_r3,match,100000,0.624,292
stdmap_r3,match,100000,0.625,292
stdmap_r3,match,100000,0.626,292
stdmap_r3,match,100000,0.627,292
stdmap_r3,match,100000,0.628,292
stdmap_r3,match,100000,0.629,292
stdmap_r3,match,100000,0.63,292
stdmap_r3,match,100000,0.631,292
stdmap_r3,match,100000,0.632,292
stdmap_r3,match,100000,0.633,292
stdmap_r3,match,100000,0.634,292
stdmap_r3,match,100000,0.635,292
stdmap_r3,match,100000,0.636,292
stdmap_r3,match,100000,0.637,292
stdmap_r3,match,100000,0.638,333
stdmap_r3,match,100000,0.639,333
stdmap_r3,match,100000,0.64,333
stdmap_r3,match,100000,0.641,333
stdmap_r3,match,100000,0.642,333
stdmap_r3,match,100000,0.643,333
stdmap_r3,match,100000,0.644,333
stdmap_r3,match,100000,0.645,333
stdmap_r3,match,100000,0.646,333
stdmap_r3,match,100000,0.647,333
stdmap_r3,match,100000,0.648,333
stdmap_r3,match,100000,0.649,333
stdmap_r3,match,100000,0.65,333
stdmap_r3,match,100000,0.651,333
stdmap_r3,match,100000,0.652,333
stdmap_r3,match,100000,0.653,333
stdmap_r3,match,100000,0.654,333
stdmap_r3,match,100000,0.655,333
stdmap_r3,match,100000,0.656,333
stdmap_r3,match,100000,0.657,333
stdmap_r3,match,100000,0.658,333
stdmap_r3,match,100000,0.659,334
stdmap_r3,match,100000,0.66,334
stdmap_r3,match,100000,0.661,334
stdmap_r3,match,100000,0.662,334
stdmap_r3,match,100000,0.663,334
stdmap_r3,match,100000,0.664,334
stdmap_r3,match,100000,0.665,334
stdmap_r3,match,100000,0.666,334
stdmap_r3,match,100000,0.667,334
stdmap_r3,match,100000,0.668,334
stdmap_r3,match,100000,0.669,375
stdmap_r3,match,100000,0.67,375
stdmap_r3,match,100000,0.671,375
stdmap_r3,match,100000,0.672,375
stdmap_r3,match,100000,0.673,375
stdmap_r3,match,100000,0.674,375
stdmap_r3,match,100000,0.675,375
stdmap_r3,match,100000,0.676,375
stdmap_r3,match,100000,0.677,375
stdmap_r3,match,100000,0.678,375
stdmap_r3,match,100000,0.679,375
stdmap_r3,match,100000,0.68,375
stdmap_r3,match,100000,0.681,375
stdmap_r3,match,100000,0.682,375
stdmap_r3,match,100000,0.683,375
stdmap_r3,match,100000,0.684,375
stdmap_r3,match,100000,0.685,375
stdmap_r3,match,100000,0.686,375
stdmap_r3,match,100000,0.687,375
stdmap_r3,match,100000,0.688,375
stdmap_r3,match,100000,0.689,375
stdmap_r3,match,100000,0.69,375
stdmap_r3,match,100000,0.691,375
stdmap_r3,match,100000,0.692,375
stdmap_r3,match,100000,0.693,375
stdmap_r3,match,100000,0.694,375
stdmap_r3,match,100000,0.695,375
stdmap_r3,match,100000,0.696,375
stdmap_r3,match,100000,0.697,375
stdmap_r3,match,100000,0.698,375
stdmap_r3,match,100000,0.699,416
stdmap_r3,match,100000,0.7,416
stdmap_r3,match,100000,0.701,416
stdmap_r3,match,100000,0.702,416
stdmap_r3,match,100000,0.703,416
stdmap_r3,match,100000,0.704,416
stdmap_r3,match,100000,0.705,416
stdmap_r3,match,100000,0.706,416
stdmap_r3,match,100000,0.707,416
stdmap_r3,match,100000,0.708,416
stdmap_r3,match,100000,0.709,417
stdmap_r3,match,100000,0.71,417
stdmap_r3,match,100000,0.711,417
stdmap_r3,match,100000,0.712,417
stdmap_r3,match,100000,0.713,417
stdmap_r3,match,100000,0.714,417
stdmap_r3,match,100000,0.715,417
stdmap_r3,match,100000,0.716,417
stdmap_r3,match,100000,0.717,417
stdmap_r3,match,100000,0.718,417
stdmap_r3,match,100000,0.719,417
stdmap_r3,match,100000,0.72,417
stdmap_r3,match,100000,0.721,417
stdmap_r3,match,100000,0.722,417
stdmap_r3,match,100000,0.723,417
stdmap_r3,match,100000,0.724,417
stdmap_r3,match,100000,0.725,417
stdmap_r3,match,100000,0.726,417
stdmap_r3,match,100000,0.727,417
stdmap_r3,match,100000,0.728,417
stdmap_r3,match,100000,0.729,417
stdmap_r3,match,100000,0.73,458
stdmap_r3,match,100000,0.731,458
stdmap_r3,match,100000,0.732,458
stdmap_r3,match,100000,0.733,458
stdmap_r3,match,100000,0.734,458
stdmap_r3,match,100000,0.735,458
stdmap_r3,match,100000,0.736,458
stdmap_r3,match,100000,0.737,458
stdmap_r3,match,100000,0.738,458
stdmap_r3,match,100000,0.739,458
stdmap_r3,match,100000,0.74,458
stdmap_r3,match,100000,0.741,458
stdmap_r3,match,100000,0.742,458
stdmap_r3,match,100000,0.743,458
stdmap_r3,match,100000,0.744,458
stdmap_r3,match,100000,0.745,458
stdmap_r3,match,100000,0.746,458
stdmap_r3,match,100000,0.747,458
stdmap_r3,match,100000,0.748,458
stdmap_r3,match,100000,0.749,458
stdmap_r3,match,100000,0.75,458
stdmap_r3,match,100000,0.751,459
stdmap_r3,match,100000,0.752,459
stdmap_r3,match,100000,0.753,459
stdmap_r3,match,100000,0.754,459
stdmap_r3,match,100000,0.755,459
stdmap_r3,match,100000,0.756,459
stdmap_r3,match,100000,0.757,459
stdmap_r3,match,100000,0.758,459
stdmap_r3,match,100000,0.759,459
stdmap_r3,match,100000,0.76,459
stdmap_r3,match,100000,0.761,500
stdmap_r3,match,100000,0.762,500
stdmap_r3,match,100000,0.763,500
stdmap_r3,match,100000,0.764,500
stdmap_r3,match,100000,0.765,500
stdmap_r3,match,100000,0.766,500
stdmap_r3,match,100000,0.767,500
stdmap_r3,match,100000,0.768,500
stdmap_r3,match,100000,0.769,500
stdmap_r3,match,100000,0.77,500
stdmap_r3,match,100000,0.771,500
stdmap_r3,match,100000,0.772,500
stdmap_r3,match,100000,0.773,500
stdmap_r3,match,100000,0.774,500
stdmap_r3,match,100000,0.775,500
stdmap_r3,match,100000,0.776,500
stdmap_r3,match,100000,0.777,500
stdmap_r3,match,100000,0.778,500
stdmap_r3,match,100000,0.779,500
stdmap_r3,match,100000,0.78,500
stdmap_r3,match,100000,0.781,500
stdmap_r3,match,100000,0.782,500
stdmap_r3,match,100000,0.783,500
stdmap_r3,match,100000,0.784,500
stdmap_r3,match,100000,0.785,500
stdmap_r3,match,100000,0.786,500
stdmap_r3,match,100000,0.787,500
stdmap_r3,match,100000,0.788,500
stdmap_r3,match,100000,0.789,500
stdmap_r3,match,100000,0.79,500
stdmap_r3,match,100000,0.791,541
stdmap_r3,match,100000,0.792,541
stdmap_r3,match,100000,0.793,541
stdmap_r3,match,100000,0.794,541
stdmap_r3,match,100000,0.795,541
stdmap_r3,match,100000,0.796,541
stdmap_r3,match,100000,0.797,541
stdmap_r3,match,100000,0.798,541
stdmap_r3,match,100000,0.799,541
stdmap_r3,match,100000,0.8,541
stdmap_r3,match,100000,0.801,542
stdmap_r3,match,100000,0.802,542
stdmap_r3,match,100000,0.803,542
stdmap_r3,match,100000,0.804,542
stdmap_r3,match,100000,0.805,542
stdmap_r3,match,100000,0.806,542
stdmap_r3,match,100000,0.807,542
stdmap_r3,match,100000,0.808,542
stdmap_r3,match,100000,0.809,542
stdmap_r3,match,100000,0.81,542
stdmap_r3,match,100000,0.811,542
stdmap_r3,match,100000,0.812,542
stdmap_r3,match,100000,0.813,542
stdmap_r3,match,100000,0.814,542
stdmap_r3,match,100000,0.815,542
stdmap_r3,match,100000,0.816,542
stdmap_r3,match,100000,0.817,542
stdmap_r3,match,100000,0.818,542
stdmap_r3,match,100000,0.819,583
stdmap_r3,match,100000,0.82,583
stdmap_r3,match,100000,0.821,583
stdmap_r3,match,100000,0.822,583
stdmap_r3,match,100000,0.823,583
stdmap_r3,match,100000,0.824,583
stdmap_r3,match,100000,0.825,583
stdmap_r3,match,100000,0.826,583
stdmap_r3,match,100000,0.827,583
stdmap_r3,match,100000,0.828,583
stdmap_r3,match,100000,0.829,583
stdmap_r3,match,100000,0.83,583
stdmap_r3,match,100000,0.831,583
stdmap_r3,match,100000,0.832,583
stdmap_r3,match,100000,0.833,583
stdmap_r3,match,100000,0.834,583
stdmap_r3,match,100000,0.835,583
stdmap_r3,match,100000,0.836,584
stdmap_r3,match,100000,0.837,584
stdmap_r3,match,100000,0.838,584
stdmap_r3,match,100000,0.839,584
stdmap_r3,match,100000,0.84,584
stdmap_r3,match,100000,0.841,584
stdmap_r3,match,100000,0.842,584
stdmap_r3,match,100000,0.843,584
stdmap_r3,match,100000,0.844,584
stdmap_r3,match,100000,0.845,625
stdmap_r3,match,100000,0.846,625
stdmap_r3,match,100000,0.847,625
stdmap_r3,match,100000,0.848,625
stdmap_r3,match,100000,0.849,625
stdmap_r3,match,100000,0.85,625
stdmap_r3,match,100000,0.851,625
stdmap_r3,match,100000,0.852,625
stdmap_r3,match,100000,0.853,625
stdmap_r3,match,100000,0.854,625
stdmap_r3,match,100000,0.855,625
stdmap_r3,match,100000,0.856,625
stdmap_r3,match,100000,0.857,625
stdmap_r3,match,100000,0.858,625
stdmap_r3,match,100000,0.859,625
stdmap_r3,match,100000,0.86,625
stdmap_r3,match,100000,0.861,625
stdmap_r3,match,100000,0.862,625
stdmap_r3,match,100000,0.863,625
stdmap_r3,match,100000,0.864,625
stdmap_r3,match,100000,0.865,625
stdmap_r3,match,100000,0.866,625
stdmap_r3,match,100000,0.867,666
stdmap_r3,match,100000,0.868,666
stdmap_r3,match,100000,0.869,666
stdmap_r3,match,100000,0.87,666
stdmap_r3,match,100000,0.871,666
stdmap_r3,match,100000,0.872,666
stdmap_r3,match,100000,0.873,667
stdmap_r3,match,100000,0.874,667
stdmap_r3,match,100000,0.875,667
stdmap_r3,match,100000,0.876,667
stdmap_r3,match,100000,0.877,667
stdmap_r3,match,100000,0.878,667
stdmap_r3,match,100000,0.879,667
stdmap_r3,match,100000,0.88,667
stdmap_r3,match,100000,0.881,667
stdmap_r3,match,100000,0.882,667
stdmap_r3,match,100000,0.883,667
stdmap_r3,match,100000,0.884,667
stdmap_r3,match,100000,0.885,667
stdmap_r3,match,100000,0.886,708
stdmap_r3,match,100000,0.887,708
stdmap_r3,match,100000,0.888,708
stdmap_r3,match,100000,0.889,708
stdmap_r3,match,100000,0.89,708
stdmap_r3,match,100000,0.891,708
stdmap_r3,match,100000,0.892,708
stdmap_r3,match,100000,0.893,708
stdmap_r3,match,100000,0.894,708
stdmap_r3,match,100000,0.895,708
stdmap_r3,match,100000,0.896,709
stdmap_r3,match,100000,0.897,709
stdmap_r3,match,100000,0.898,709
stdmap_r3,match,100000,0.899,709
stdmap_r3,match,100000,0.9,709
stdmap_r3,match,100000,0.901,750
stdmap_r3,match,100000,0.902,750
stdmap_r3,match,100000,0.903,750
stdmap_r3,match,100000,0.904,750
stdmap_r3,match,100000,0.905,750
stdmap_r3,match,100000,0.906,750
stdmap_r3,match,100000,0.907,750
stdmap_r3,match,100000,0.908,750
stdmap_r3,match,100000,0.909,750
stdmap_r3,match,100000,0.91,750
stdmap_r3,match,100000,0.911,750
stdmap_r3,match,100000,0.912,750
stdmap_r3,match,100000,0.913,750
stdmap_r3,match,100000,0.914,750
stdmap_r3,match,100000,0.915,791
stdmap_r3,match,100000,0.916,791
stdmap_r3,match,100000,0.917,791
stdmap_r3,match,100000,0.918,792
stdmap_r3,match,100000,0.919,792
stdmap_r3,match,100000,0.92,792
stdmap_r3,match,100000,0.921,792
stdmap_r3,match,100000,0.922,792
stdmap_r3,match,100000,0.923,792
stdmap_r3,match,100000,0.924,792
stdmap_r3,match,100000,0.925,792
stdmap_r3,match,100000,0.926,833
stdmap_r3,match,100000,0.927,833
stdmap_r3,match,100000,0.928,833
stdmap_r3,match,100000,0.929,833
stdmap_r3,match,100000,0.93,833
stdmap_r3,match,100000,0.931,833
stdmap_r3,match,100000,0.932,834
stdmap_r3,match,100000,0.933,834
stdmap_r3,match,100000,0.934,834
stdmap_r3,match,100000,0.935,875
stdmap_r3,match,100000,0.936,875
stdmap_r3,match,100000,0.937,875
stdmap_r3,match,100000,0.938,875
stdmap_r3,match,100000,0.939,875
stdmap_r3,match,100000,0.94,875
stdmap_r3,match,100000,0.941,875
stdmap_r3,match,100000,0.942,875
stdmap_r3,match,100000,0.943,916
stdmap_r3,match,100000,0.944,916
stdmap_r3,match,100000,0.945,917
stdmap_r3,match,100000,0.946,917
stdmap_r3,match,100000,0.947,917
stdmap_r3,match,100000,0.948,917
stdmap_r3,match,100000,0.949,958
stdmap_r3,match,100000,0.95,958
stdmap_r3,match,100000,0.951,958
stdmap_r3,match,100000,0.952,958
stdmap_r3,match,100000,0.953,959
stdmap_r3,match,100000,0.954,959
stdmap_r3,match,100000,0.955,1000
stdmap_r3,match,100000,0.956,1000
stdmap_r3,match,100000,0.957,1000
stdmap_r3,match,100000,0.958,1000
stdmap_r3,match,100000,0.959,1000
stdmap_r3,match,100000,0.96,1041
stdmap_r3,match,100000,0.961,1041
stdmap_r3,match,100000,0.962,1042
stdmap_r3,match,100000,0.963,1042
stdmap_r3,match,100000,0.964,1042
stdmap_r3,match,100000,0.965,1083
stdmap_r3,match,100000,0.966,1083
stdmap_r3,match,100000,0.967,1084
stdmap_r3,match,100000,0.968,1084
stdmap_r3,match,100000,0.969,1125
stdmap_r3,match,100000,0.97,1125
stdmap_r3,match,100000,0.971,1125
stdmap_r3,match,100000,0.972,1166
stdmap_r3,match,100000,0.973,1167
stdmap_r3,match,100000,0.974,1167
stdmap_r3,match,100000,0.975,1208
stdmap_r3,match,100000,0.976,1208
stdmap_r3,match,100000,0.977,1209
stdmap_r3,match,100000,0.978,1250
stdmap_r3,match,100000,0.979,1250
stdmap_r3,match,100000,0.98,1291
stdmap_r3,match,100000,0.981,1292
stdmap_r3,match,100000,0.982,1333
stdmap_r3,match,100000,0.983,1333
stdmap_r3,match,100000,0.984,1375
stdmap_r3,match,100000,0.985,1375
stdmap_r3,match,100000,0.986,1416
stdmap_r3,match,100000,0.987,1417
stdmap_r3,match,100000,0.988,1458
stdmap_r3,match,100000,0.989,1500
stdmap_r3,match,100000,0.99,1541
stdmap_r3,match,100000,0.991,1542
stdmap_r3,match,100000,0.992,1584
stdmap_r3,match,100000,0.993,1625
stdmap_r3,match,100000,0.994,1708
stdmap_r3,match,100000,0.995,1750
stdmap_r3,match,100000,0.996,1833
stdmap_r3,match,100000,0.997,1958
stdmap_r3,match,100000,0.998,2084
stdmap_r3,match,100000,0.999,2333
stdmap_r3,add,1000000,0,0
stdmap_r3,add,1000000,0.001,41
stdmap_r3,add,1000000,0.002,41
stdmap_r3,add,1000000,0.003,41
stdmap_r3,add,1000000,0.004,41
stdmap_r3,add,1000000,0.005,41
stdmap_r3,add,1000000,0.006,41
stdmap_r3,add,1000000,0.007,41
stdmap_r3,add,1000000,0.008,41
stdmap_r3,add,1000000,0.009,41
stdmap_r3,add,1000000,0.01,41
stdmap_r3,add,1000000,0.011,42
stdmap_r3,add,1000000,0.012,42
stdmap_r3,add,1000000,0.013,42
stdmap_r3,add,1000000,0.014,42
stdmap_r3,add,1000000,0.015,42
stdmap_r3,add,1000000,0.016,42
stdmap_r3,add,1000000,0.017,42
stdmap_r3,add,1000000,0.018,42
stdmap_r3,add,1000000,0.019,42
stdmap_r3,add,1000000,0.02,42
stdmap_r3,add,1000000,0.021,42
stdmap_r3,add,1000000,0.022,42
stdmap_r3,add,1000000,0.023,42
stdmap_r3,add,1000000,0.024,42
stdmap_r3,add,1000000,0.025,42
stdmap_r3,add,1000000,0.026,42
stdmap_r3,add,1000000,0.027,42
stdmap_r3,add,1000000,0.028,42
stdmap_r3,add,1000000,0.029,42
stdmap_r3,add,1000000,0.03,42
stdmap_r3,add,1000000,0.031,83
stdmap_r3,add,1000000,0.032,83
stdmap_r3,add,1000000,0.033,83
stdmap_r3,add,1000000,0.034,83
stdmap_r3,add,1000000,0.035,83
stdmap_r3,add,1000000,0.036,83
stdmap_r3,add,1000000,0.037,83
stdmap_r3,add,1000000,0.038,83
stdmap_r3,add,1000000,0.039,83
stdmap_r3,add,1000000,0.04,83
stdmap_r3,add,1000000,0.041,83
stdmap_r3,add,1000000,0.042,83
stdmap_r3,add,1000000,0.043,83
stdmap_r3,add,1000000,0.044,83
stdmap_r3,add,1000000,0.045,83
stdmap_r3,add,1000000,0.046,83
stdmap_r3,add,1000000,0.047,83
stdmap_r3,add,1000000,0.048,83
stdmap_r3,add,1000000,0.049,83
stdmap_r3,add,1000000,0.05,83
stdmap_r3,add,1000000,0.051,83
stdmap_r3,add,1000000,0.052,83
stdmap_r3,add,1000000,0.053,83
stdmap_r3,add,1000000,0.054,83
stdmap_r3,add,1000000,0.055,83
stdmap_r3,add,1000000,0.056,83
stdmap_r3,add,1000000,0.057,83
stdmap_r3,add,1000000,0.058,83
stdmap_r3,add,1000000,0.059,83
stdmap_r3,add,1000000,0.06,83
stdmap_r3,add,1000000,0.061,83
stdmap_r3,add,1000000,0.062,83
stdmap_r3,add,1000000,0.063,83
stdmap_r3,add,1000000,0.064,83
stdmap_r3,add,1000000,0.065,83
stdmap_r3,add,1000000,0.066,83
stdmap_r3,add,1000000,0.067,83
stdmap_r3,add,1000000,0.068,83
stdmap_r3,add,1000000,0.069,83
stdmap_r3,add,1000000,0.07,83
stdmap_r3,add,1000000,0.071,83
stdmap_r3,add,1000000,0.072,83
stdmap_r3,add,1000000,0.073,83
stdmap_r3,add,1000000,0.074,83
stdmap_r3,add,1000000,0.075,83
stdmap_r3,add,1000000,0.076,83
stdmap_r3,add,1000000,0.077,83
stdmap_r3,add,1000000,0.078,83
stdmap_r3,add,1000000,0.079,83
stdmap_r3,add,1000000,0.08,83
stdmap_r3,add,1000000,0.081,83
stdmap_r3,add,1000000,0.082,83
stdmap_r3,add,1000000,0.083,83
stdmap_r3,add,1000000,0.084,83
stdmap_r3,add,1000000,0.085,83
stdmap_r3,add,1000000,0.086,83
stdmap_r3,add,1000000,0.087,83
stdmap_r3,add,1000000,0.088,83
stdmap_r3,add,1000000,0.089,83
stdmap_r3,add,1000000,0.09,83
stdmap_r3,add,1000000,0.091,83
stdmap_r3,add,1000000,0.092,83
stdmap_r3,add,1000000,0.093,83
stdmap_r3,add,1000000,0.094,83
stdmap_r3,add,1000000,0.095,83
stdmap_r3,add,1000000,0.096,83
stdmap_r3,add,1000000,0.097,83
stdmap_r3,add,1000000,0.098,83
stdmap_r3,add,1000000,0.099,83
stdmap_r3,add,1000000,0.1,83
stdmap_r3,add,1000000,0.101,83
stdmap_r3,add,1000000,0.102,83
stdmap_r3,add,1000000,0.103,83
stdmap_r3,add,1000000,0.104,83
stdmap_r3,add,1000000,0.105,83
stdmap_r3,add,1000000,0.106,83
stdmap_r3,add,1000000,0.107,83
stdmap_r3,add,1000000,0.108,83
stdmap_r3,add,1000000,0.109,83
stdmap_r3,add,1000000,0.11,83
stdmap_r3,add,1000000,0.111,83
stdmap_r3,add,1000000,0.112,83
stdmap_r3,add,1000000,0.113,83
stdmap_r3,add,1000000,0.114,83
stdmap_r3,add,1000000,0.115,83
stdmap_r3,add,1000000,0.116,83
stdmap_r3,add,1000000,0.117,83
stdmap_r3,add,1000000,0.118,83
stdmap_r3,add,1000000,0.119,83
stdmap_r3,add,1000000,0.12,83
stdmap_r3,add,1000000,0.121,83
stdmap_r3,add,1000000,0.122,83
stdmap_r3,add,1000000,0.123,83
stdmap_r3,add,1000000,0.124,83
stdmap_r3,add,1000000,0.125,83
stdmap_r3,add,1000000,0.126,83
stdmap_r3,add,1000000,0.127,83
stdmap_r3,add,1000000,0.128,83
stdmap_r3,add,1000000,0.129,83
stdmap_r3,add,1000000,0.13,83
stdmap_r3,add,1000000,0.131,83
stdmap_r3,add,1000000,0.132,83
stdmap_r3,add,1000000,0.133,83
stdmap_r3,add,1000000,0.134,83
stdmap_r3,add,1000000,0.135,83
stdmap_r3,add,1000000,0.136,83
stdmap_r3,add,1000000,0.137,83
stdmap_r3,add,1000000,0.138,83
stdmap_r3,add,1000000,0.139,83
stdmap_r3,add,1000000,0.14,83
stdmap_r3,add,1000000,0.141,83
stdmap_r3,add,1000000,0.142,83
stdmap_r3,add,1000000,0.143,83
stdmap_r3,add,1000000,0.144,83
stdmap_r3,add,1000000,0.145,83
stdmap_r3,add,1000000,0.146,83
stdmap_r3,add,1000000,0.147,83
stdmap_r3,add,1000000,0.148,83
stdmap_r3,add,1000000,0.149,83
stdmap_r3,add,1000000,0.15,83
stdmap_r3,add,1000000,0.151,83
stdmap_r3,add,1000000,0.152,83
stdmap_r3,add,1000000,0.153,83
stdmap_r3,add,1000000,0.154,83
stdmap_r3,add,1000000,0.155,83
stdmap_r3,add,1000000,0.156,83
stdmap_r3,add,1000000,0.157,83
stdmap_r3,add,1000000,0.158,83
stdmap_r3,add,1000000,0.159,83
stdmap_r3,add,1000000,0.16,83
stdmap_r3,add,1000000,0.161,83
stdmap_r3,add,1000000,0.162,83
stdmap_r3,add,1000000,0.163,83
stdmap_r3,add,1000000,0.164,83
stdmap_r3,add,1000000,0.165,83
stdmap_r3,add,1000000,0.166,83
stdmap_r3,add,1000000,0.167,83
stdmap_r3,add,1000000,0.168,83
stdmap_r3,add,1000000,0.169,83
stdmap_r3,add,1000000,0.17,83
stdmap_r3,add,1000000,0.171,83
stdmap_r3,add,1000000,0.172,83
stdmap_r3,add,1000000,0.173,83
stdmap_r3,add,1000000,0.174,83
stdmap_r3,add,1000000,0.175,83
stdmap_r3,add,1000000,0.176,83
stdmap_r3,add,1000000,0.177,83
stdmap_r3,add,1000000,0.178,83
stdmap_r3,add,1000000,0.179,83
stdmap_r3,add,1000000,0.18,83
stdmap_r3,add,1000000,0.181,83
stdmap_r3,add,1000000,0.182,83
stdmap_r3,add,1000000,0.183,83
stdmap_r3,add,1000000,0.184,83
stdmap_r3,add,1000000,0.185,83
stdmap_r3,add,1000000,0.186,83
stdmap_r3,add,1000000,0.187,83
stdmap_r3,add,1000000,0.188,83
stdmap_r3,add,1000000,0.189,83
stdmap_r3,add,1000000,0.19,83
stdmap_r3,add,1000000,0.191,83
stdmap_r3,add,1000000,0.192,83
stdmap_r3,add,1000000,0.193,83
stdmap_r3,add,1000000,0.194,83
stdmap_r3,add,1000000,0.195,83
stdmap_r3,add,1000000,0.196,83
stdmap_r3,add,1000000,0.197,83
stdmap_r3,add,1000000,0.198,83
stdmap_r3,add,1000000,0.199,83
stdmap_r3,add,1000000,0.2,83
stdmap_r3,add,1000000,0.201,83
stdmap_r3,add,1000000,0.202,83
stdmap_r3,add,1000000,0.203,83
stdmap_r3,add,1000000,0.204,83
stdmap_r3,add,1000000,0.205,83
stdmap_r3,add,1000000,0.206,83
stdmap_r3,add,1000000,0.207,83
stdmap_r3,add,1000000,0.208,83
stdmap_r3,add,1000000,0.209,83
stdmap_r3,add,1000000,0.21,83
stdmap_r3,add,1000000,0.211,83
stdmap_r3,add,1000000,0.212,83
stdmap_r3,add,1000000,0.213,83
stdmap_r3,add,1000000,0.214,83
stdmap_r3,add,1000000,0.215,83
stdmap_r3,add,1000000,0.216,83
stdmap_r3,add,1000000,0.217,83
stdmap_r3,add,1000000,0.218,83
stdmap_r3,add,1000000,0.219,83
stdmap_r3,add,1000000,0.22,83
stdmap_r3,add,1000000,0.221,83
stdmap_r3,add,1000000,0.222,83
stdmap_r3,add,1000000,0.223,83
stdmap_r3,add,1000000,0.224,83
stdmap_r3,add,1000000,0.225,83
stdmap_r3,add,1000000,0.226,83
stdmap_r3,add,1000000,0.227,83
stdmap_r3,add,1000000,0.228,83
stdmap_r3,add,1000000,0.229,83
stdmap_r3,add,1000000,0.23,83
stdmap_r3,add,1000000,0.231,83
stdmap_r3,add,1000000,0.232,83
stdmap_r3,add,1000000,0.233,83
stdmap_r3,add,1000000,0.234,83
stdmap_r3,add,1000000,0.235,83
stdmap_r3,add,1000000,0.236,83
stdmap_r3,add,1000000,0.237,83
stdmap_r3,add,1000000,0.238,83
stdmap_r3,add,1000000,0.239,83
stdmap_r3,add,1000000,0.24,83
stdmap_r3,add,1000000,0.241,83
stdmap_r3,add,1000000,0.242,83
stdmap_r3,add,1000000,0.243,83
stdmap_r3,add,1000000,0.244,83
stdmap_r3,add,1000000,0.245,83
stdmap_r3,add,1000000,0.246,83
stdmap_r3,add,1000000,0.247,83
stdmap_r3,add,1000000,0.248,83
stdmap_r3,add,1000000,0.249,83
stdmap_r3,add,1000000,0.25,83
stdmap_r3,add,1000000,0.251,83
stdmap_r3,add,1000000,0.252,83
stdmap_r3,add,1000000,0.253,83
stdmap_r3,add,1000000,0.254,83
stdmap_r3,add,1000000,0.255,83
stdmap_r3,add,1000000,0.256,83
stdmap_r3,add,1000000,0.257,83
stdmap_r3,add,1000000,0.258,83
stdmap_r3,add,1000000,0.259,83
stdmap_r3,add,1000000,0.26,83
stdmap_r3,add,1000000,0.261,83
stdmap_r3,add,1000000,0.262,83
stdmap_r3,add,1000000,0.263,83
stdmap_r3,add,1000000,0.264,83
stdmap_r3,add,1000000,0.265,83
stdmap_r3,add,1000000,0.266,83
stdmap_r3,add,1000000,0.267,83
stdmap_r3,add,1000000,0.268,83
stdmap_r3,add,1000000,0.269,83
stdmap_r3,add,1000000,0.27,83
stdmap_r3,add,1000000,0.271,83
stdmap_r3,add,1000000,0.272,83
stdmap_r3,add,1000000,0.273,83
stdmap_r3,add,1000000,0.274,83
stdmap_r3,add,1000000,0.275,83
stdmap_r3,add,1000000,0.276,83
stdmap_r3,add,1000000,0.277,83
stdmap_r3,add,1000000,0.278,83
stdmap_r3,add,1000000,0.279,83
stdmap_r3,add,1000000,0.28,83
stdmap_r3,add,1000000,0.281,84
stdmap_r3,add,1000000,0.282,84
stdmap_r3,add,1000000,0.283,84
stdmap_r3,add,1000000,0.284,84
stdmap_r3,add,1000000,0.285,84
stdmap_r3,add,1000000,0.286,84
stdmap_r3,add,1000000,0.287,84
stdmap_r3,add,1000000,0.288,84
stdmap_r3,add,1000000,0.289,84
stdmap_r3,add,1000000,0.29,84
stdmap_r3,add,1000000,0.291,84
stdmap_r3,add,1000000,0.292,84
stdmap_r3,add,1000000,0.293,84
stdmap_r3,add,1000000,0.294,84
stdmap_r3,add,1000000,0.295,84
stdmap_r3,add,1000000,0.296,84
stdmap_r3,add,1000000,0.297,84
stdmap_r3,add,1000000,0.298,84
stdmap_r3,add,1000000,0.299,84
stdmap_r3,add,1000000,0.3,84
stdmap_r3,add,1000000,0.301,84
stdmap_r3,add,1000000,0.302,84
stdmap_r3,add,1000000,0.303,84
stdmap_r3,add,1000000,0.304,84
stdmap_r3,add,1000000,0.305,84
stdmap_r3,add,1000000,0.306,84
stdmap_r3,add,1000000,0.307,84
stdmap_r3,add,1000000,0.308,84
stdmap_r3,add,1000000,0.309,84
stdmap_r3,add,1000000,0.31,84
stdmap_r3,add,1000000,0.311,84
stdmap_r3,add,1000000,0.312,84
stdmap_r3,add,1000000,0.313,84
stdmap_r3,add,1000000,0.314,84
stdmap_r3,add,1000000,0.315,84
stdmap_r3,add,1000000,0.316,84
stdmap_r3,add,1000000,0.317,84
stdmap_r3,add,1000000,0.318,84
stdmap_r3,add,1000000,0.319,84
stdmap_r3,add,1000000,0.32,84
stdmap_r3,add,1000000,0.321,84
stdmap_r3,add,1000000,0.322,84
stdmap_r3,add,1000000,0.323,84
stdmap_r3,add,1000000,0.324,84
stdmap_r3,add,1000000,0.325,84
stdmap_r3,add,1000000,0.326,84
stdmap_r3,add,1000000,0.327,84
stdmap_r3,add,1000000,0.328,84
stdmap_r3,add,1000000,0.329,84
stdmap_r3,add,1000000,0.33,84
stdmap_r3,add,1000000,0.331,84
stdmap_r3,add,1000000,0.332,84
stdmap_r3,add,1000000,0.333,84
stdmap_r3,add,1000000,0.334,84
stdmap_r3,add,1000000,0.335,84
stdmap_r3,add,1000000,0.336,84
stdmap_r3,add,1000000,0.337,84
stdmap_r3,add,1000000,0.338,84
stdmap_r3,add,1000000,0.339,84
stdmap_r3,add,1000000,0.34,84
stdmap_r3,add,1000000,0.341,84
stdmap_r3,add,1000000,0.342,84
stdmap_r3,add,1000000,0.343,84
stdmap_r3,add,1000000,0.344,84
stdmap_r3,add,1000000,0.345,84
stdmap_r3,add,1000000,0.346,84
stdmap_r3,add,1000000,0.347,84
stdmap_r3,add,1000000,0.348,84
stdmap_r3,add,1000000,0.349,84
stdmap_r3,add,1000000,0.35,84
stdmap_r3,add,1000000,0.351,84
stdmap_r3,add,1000000,0.352,84
stdmap_r3,add,1000000,0.353,84
stdmap_r3,add,1000000,0.354,84
stdmap_r3,add,1000000,0.355,84
stdmap_r3,add,1000000,0.356,84
stdmap_r3,add,1000000,0.357,84
stdmap_r3,add,1000000,0.358,84
stdmap_r3,add,1000000,0.359,84
stdmap_r3,add,1000000,0.36,84
stdmap_r3,add,1000000,0.361,84
stdmap_r3,add,1000000,0.362,84
stdmap_r3,add,1000000,0.363,84
stdmap_r3,add,1000000,0.364,84
stdmap_r3,add,1000000,0.365,84
stdmap_r3,add,1000000,0.366,84
stdmap_r3,add,1000000,0.367,84
stdmap_r3,add,1000000,0.368,84
stdmap_r3,add,1000000,0.369,84
stdmap_r3,add,1000000,0.37,84
stdmap_r3,add,1000000,0.371,84
stdmap_r3,add,1000000,0.372,84
stdmap_r3,add,1000000,0.373,84
stdmap_r3,add,1000000,0.374,84
stdmap_r3,add,1000000,0.375,84
stdmap_r3,add,1000000,0.376,84
stdmap_r3,add,1000000,0.377,84
stdmap_r3,add,1000000,0.378,84
stdmap_r3,add,1000000,0.379,84
stdmap_r3,add,1000000,0.38,84
stdmap_r3,add,1000000,0.381,84
stdmap_r3,add,1000000,0.382,84
stdmap_r3,add,1000000,0.383,84
stdmap_r3,add,1000000,0.384,84
stdmap_r3,add,1000000,0.385,84
stdmap_r3,add,1000000,0.386,84
stdmap_r3,add,1000000,0.387,84
stdmap_r3,add,1000000,0.388,84
stdmap_r3,add,1000000,0.389,84
stdmap_r3,add,1000000,0.39,84
stdmap_r3,add,1000000,0.391,84
stdmap_r3,add,1000000,0.392,84
stdmap_r3,add,1000000,0.393,84
stdmap_r3,add,1000000,0.394,84
stdmap_r3,add,1000000,0.395,84
stdmap_r3,add,1000000,0.396,84
stdmap_r3,add,1000000,0.397,84
stdmap_r3,add,1000000,0.398,84
stdmap_r3,add,1000000,0.399,84
stdmap_r3,add,1000000,0.4,84
stdmap_r3,add,1000000,0.401,84
stdmap_r3,add,1000000,0.402,84
stdmap_r3,add,1000000,0.403,84
stdmap_r3,add,1000000,0.404,84
stdmap_r3,add,1000000,0.405,84
stdmap_r3,add,1000000,0.406,125
stdmap_r3,add,1000000,0.407,125
stdmap_r3,add,1000000,0.408,125
stdmap_r3,add,1000000,0.409,125
stdmap_r3,add,1000000,0.41,125
stdmap_r3,add,1000000,0.411,125
stdmap_r3,add,1000000,0.412,125
stdmap_r3,add,1000000,0.413,125
stdmap_r3,add,1000000,0.414,125
stdmap_r3,add,1000000,0.415,125
stdmap_r3,add,1000000,0.416,125
stdmap_r3,add,1000000,0.417,125
stdmap_r3,add,1000000,0.418,125
stdmap_r3,add,1000000,0.419,125
stdmap_r3,add,1000000,0.42,125
stdmap_r3,add,1000000,0.421,125
stdmap_r3,add,1000000,0.422,125
stdmap_r3,add,1000000,0.423,125
stdmap_r3,add,1000000,0.424,125
stdmap_r3,add,1000000,0.425,125
stdmap_r3,add,1000000,0.426,125
stdmap_r3,add,1000000,0.427,125
stdmap_r3,add,1000000,0.428,125
stdmap_r3,add,1000000,0.429,125
stdmap_r3,add,1000000,0.43,125
stdmap_r3,add,1000000,0.431,125
stdmap_r3,add,1000000,0.432,125
stdmap_r3,add,1000000,0.433,125
stdmap_r3,add,1000000,0.434,125
stdmap_r3,add,1000000,0.435,125
stdmap_r3,add,1000000,0.436,125
stdmap_r3,add,1000000,0.437,125
stdmap_r3,add,1000000,0.438,125
stdmap_r3,add,1000000,0.439,125
stdmap_r3,add,1000000,0.44,125
stdmap_r3,add,1000000,0.441,125
stdmap_r3,add,1000000,0.442,125
stdmap_r3,add,1000000,0.443,125
stdmap_r3,add,1000000,0.444,125
stdmap_r3,add,1000000,0.445,125
stdmap_r3,add,1000000,0.446,125
stdmap_r3,add,1000000,0.447,125
stdmap_r3,add,1000000,0.448,125
stdmap_r3,add,1000000,0.449,125
stdmap_r3,add,1000000,0.45,125
stdmap_r3,add,1000000,0.451,125
stdmap_r3,add,1000000,0.452,125
stdmap_r3,add,1000000,0.453,125
stdmap_r3,add,1000000,0.454,125
stdmap_r3,add,1000000,0.455,125
stdmap_r3,add,1000000,0.456,125
stdmap_r3,add,1000000,0.457,125
stdmap_r3,add,1000000,0.458,125
stdmap_r3,add,1000000,0.459,125
stdmap_r3,add,1000000,0.46,125
stdmap_r3,add,1000000,0.461,125
stdmap_r3,add,1000000,0.462,125
stdmap_r3,add,1000000,0.463,125
stdmap_r3,add,1000000,0.464,125
stdmap_r3,add,1000000,0.465,125
stdmap_r3,add,1000000,0.466,125
stdmap_r3,add,1000000,0.467,125
stdmap_r3,add,1000000,0.468,125
stdmap_r3,add,1000000,0.469,125
stdmap_r3,add,1000000,0.47,125
stdmap_r3,add,1000000,0.471,125
stdmap_r3,add,1000000,0.472,125
stdmap_r3,add,1000000,0.473,125
stdmap_r3,add,1000000,0.474,125
stdmap_r3,add,1000000,0.475,125
stdmap_r3,add,1000000,0.476,125
stdmap_r3,add,1000000,0.477,125
stdmap_r3,add,1000000,0.478,125
stdmap_r3,add,1000000,0.479,125
stdmap_r3,add,1000000,0.48,125
stdmap_r3,add,1000000,0.481,125
stdmap_r3,add,1000000,0.482,125
stdmap_r3,add,1000000,0.483,125
stdmap_r3,add,1000000,0.484,125
stdmap_r3,add,1000000,0.485,125
stdmap_r3,add,1000000,0.486,125
stdmap_r3,add,1000000,0.487,125
stdmap_r3,add,1000000,0.488,125
stdmap_r3,add,1000000,0.489,125
stdmap_r3,add,1000000,0.49,125
stdmap_r3,add,1000000,0.491,125
stdmap_r3,add,1000000,0.492,125
stdmap_r3,add,1000000,0.493,125
stdmap_r3,add,1000000,0.494,125
stdmap_r3,add,1000000,0.495,125
stdmap_r3,add,1000000,0.496,125
stdmap_r3,add,1000000,0.497,125
stdmap_r3,add,1000000,0.498,125
stdmap_r3,add,1000000,0.499,125
stdmap_r3,add,1000000,0.5,125
stdmap_r3,add,1000000,0.501,125
stdmap_r3,add,1000000,0.502,125
stdmap_r3,add,1000000,0.503,125
stdmap_r3,add,1000000,0.504,125
stdmap_r3,add,1000000,0.505,125
stdmap_r3,add,1000000,0.506,125
stdmap_r3,add,1000000,0.507,125
stdmap_r3,add,1000000,0.508,125
stdmap_r3,add,1000000,0.509,125
stdmap_r3,add,1000000,0.51,125
stdmap_r3,add,1000000,0.511,125
stdmap_r3,add,1000000,0.512,125
stdmap_r3,add,1000000,0.513,125
stdmap_r3,add,1000000,0.514,125
stdmap_r3,add,1000000,0.515,125
stdmap_r3,add,1000000,0.516,125
stdmap_r3,add,1000000,0.517,125
stdmap_r3,add,1000000,0.518,125
stdmap_r3,add,1000000,0.519,125
stdmap_r3,add,1000000,0.52,125
stdmap_r3,add,1000000,0.521,125
stdmap_r3,add,1000000,0.522,125
stdmap_r3,add,1000000,0.523,125
stdmap_r3,add,1000000,0.524,125
stdmap_r3,add,1000000,0.525,125
stdmap_r3,add,1000000,0.526,125
stdmap_r3,add,1000000,0.527,125
stdmap_r3,add,1000000,0.528,125
stdmap_r3,add,1000000,0.529,125
stdmap_r3,add,1000000,0.53,125
stdmap_r3,add,1000000,0.531,125
stdmap_r3,add,1000000,0.532,125
stdmap_r3,add,1000000,0.533,125
stdmap_r3,add,1000000,0.534,125
stdmap_r3,add,1000000,0.535,125
stdmap_r3,add,1000000,0.536,125
stdmap_r3,add,1000000,0.537,125
stdmap_r3,add,1000000,0.538,125
stdmap_r3,add,1000000,0.539,125
stdmap_r3,add,1000000,0.54,125
stdmap_r3,add,1000000,0.541,125
stdmap_r3,add,1000000,0.542,125
stdmap_r3,add,1000000,0.543,125
stdmap_r3,add,1000000,0.544,125
stdmap_r3,add,1000000,0.545,125
stdmap_r3,add,1000000,0.546,125
stdmap_r3,add,1000000,0.547,125
stdmap_r3,add,1000000,0.548,125
stdmap_r3,add,1000000,0.549,125
stdmap_r3,add,1000000,0.55,125
stdmap_r3,add,1000000,0.551,125
stdmap_r3,add,1000000,0.552,125
stdmap_r3,add,1000000,0.553,125
stdmap_r3,add,1000000,0.554,125
stdmap_r3,add,1000000,0.555,125
stdmap_r3,add,1000000,0.556,125
stdmap_r3,add,1000000,0.557,125
stdmap_r3,add,1000000,0.558,125
stdmap_r3,add,1000000,0.559,125
stdmap_r3,add,1000000,0.56,125
stdmap_r3,add,1000000,0.561,125
stdmap_r3,add,1000000,0.562,125
stdmap_r3,add,1000000,0.563,125
stdmap_r3,add,1000000,0.564,125
stdmap_r3,add,1000000,0.565,125
stdmap_r3,add,1000000,0.566,125
stdmap_r3,add,1000000,0.567,125
stdmap_r3,add,1000000,0.568,125
stdmap_r3,add,1000000,0.569,125
stdmap_r3,add,1000000,0.57,125
stdmap_r3,add,1000000,0.571,125
stdmap_r3,add,1000000,0.572,125
stdmap_r3,add,1000000,0.573,125
stdmap_r3,add,1000000,0.574,125
stdmap_r3,add,1000000,0.575,125
stdmap_r3,add,1000000,0.576,125
stdmap_r3,add,1000000,0.577,125
stdmap_r3,add,1000000,0.578,125
stdmap_r3,add,1000000,0.579,125
stdmap_r3,add,1000000,0.58,125
stdmap_r3,add,1000000,0.581,125
stdmap_r3,add,1000000,0.582,125
stdmap_r3,add,1000000,0.583,125
stdmap_r3,add,1000000,0.584,125
stdmap_r3,add,1000000,0.585,125
stdmap_r3,add,1000000,0.586,125
stdmap_r3,add,1000000,0.587,125
stdmap_r3,add,1000000,0.588,125
stdmap_r3,add,1000000,0.589,125
stdmap_r3,add,1000000,0.59,125
stdmap_r3,add,1000000,0.591,125
stdmap_r3,add,1000000,0.592,125
stdmap_r3,add,1000000,0.593,125
stdmap_r3,add,1000000,0.594,125
stdmap_r3,add,1000000,0.595,125
stdmap_r3,add,1000000,0.596,125
stdmap_r3,add,1000000,0.597,125
stdmap_r3,add,1000000,0.598,125
stdmap_r3,add,1000000,0.599,125
stdmap_r3,add,1000000,0.6,125
stdmap_r3,add,1000000,0.601,125
stdmap_r3,add,1000000,0.602,125
stdmap_r3,add,1000000,0.603,125
stdmap_r3,add,1000000,0.604,125
stdmap_r3,add,1000000,0.605,125
stdmap_r3,add,1000000,0.606,125
stdmap_r3,add,1000000,0.607,125
stdmap_r3,add,1000000,0.608,125
stdmap_r3,add,1000000,0.609,125
stdmap_r3,add,1000000,0.61,125
stdmap_r3,add,1000000,0.611,125
stdmap_r3,add,1000000,0.612,125
stdmap_r3,add,1000000,0.613,125
stdmap_r3,add,1000000,0.614,125
stdmap_r3,add,1000000,0.615,125
stdmap_r3,add,1000000,0.616,125
stdmap_r3,add,1000000,0.617,125
stdmap_r3,add,1000000,0.618,125
stdmap_r3,add,1000000,0.619,125
stdmap_r3,add,1000000,0.62,125
stdmap_r3,add,1000000,0.621,125
stdmap_r3,add,1000000,0.622,125
stdmap_r3,add,1000000,0.623,125
stdmap_r3,add,1000000,0.624,125
stdmap_r3,add,1000000,0.625,125
stdmap_r3,add,1000000,0.626,125
stdmap_r3,add,1000000,0.627,125
stdmap_r3,add,1000000,0.628,125
stdmap_r3,add,1000000,0.629,125
stdmap_r3,add,1000000,0.63,125
stdmap_r3,add,1000000,0.631,125
stdmap_r3,add,1000000,0.632,125
stdmap_r3,add,1000000,0.633,125
stdmap_r3,add,1000000,0.634,125
stdmap_r3,add,1000000,0.635,125
stdmap_r3,add,1000000,0.636,125
stdmap_r3,add,1000000,0.637,125
stdmap_r3,add,1000000,0.638,125
stdmap_r3,add,1000000,0.639,125
stdmap_r3,add,1000000,0.64,125
stdmap_r3,add,1000000,0.641,125
stdmap_r3,add,1000000,0.642,125
stdmap_r3,add,1000000,0.643,125
stdmap_r3,add,1000000,0.644,125
stdmap_r3,add,1000000,0.645,125
stdmap_r3,add,1000000,0.646,125
stdmap_r3,add,1000000,0.647,125
stdmap_r3,add,1000000,0.648,125
stdmap_r3,add,1000000,0.649,125
stdmap_r3,add,1000000,0.65,125
stdmap_r3,add,1000000,0.651,125
stdmap_r3,add,1000000,0.652,125
stdmap_r3,add,1000000,0.653,125
stdmap_r3,add,1000000,0.654,125
stdmap_r3,add,1000000,0.655,125
stdmap_r3,add,1000000,0.656,125
stdmap_r3,add,1000000,0.657,125
stdmap_r3,add,1000000,0.658,125
stdmap_r3,add,1000000,0.659,125
stdmap_r3,add,1000000,0.66,125
stdmap_r3,add,1000000,0.661,125
stdmap_r3,add,1000000,0.662,125
stdmap_r3,add,1000000,0.663,125
stdmap_r3,add,1000000,0.664,125
stdmap_r3,add,1000000,0.665,125
stdmap_r3,add,1000000,0.666,125
stdmap_r3,add,1000000,0.667,125
stdmap_r3,add,1000000,0.668,125
stdmap_r3,add,1000000,0.669,125
stdmap_r3,add,1000000,0.67,125
stdmap_r3,add,1000000,0.671,125
stdmap_r3,add,1000000,0.672,125
stdmap_r3,add,1000000,0.673,125
stdmap_r3,add,1000000,0.674,125
stdmap_r3,add,1000000,0.675,125
stdmap_r3,add,1000000,0.676,125
stdmap_r3,add,1000000,0.677,125
stdmap_r3,add,1000000,0.678,125
stdmap_r3,add,1000000,0.679,125
stdmap_r3,add,1000000,0.68,125
stdmap_r3,add,1000000,0.681,125
stdmap_r3,add,1000000,0.682,125
stdmap_r3,add,1000000,0.683,125
stdmap_r3,add,1000000,0.684,125
stdmap_r3,add,1000000,0.685,125
stdmap_r3,add,1000000,0.686,125
stdmap_r3,add,1000000,0.687,125
stdmap_r3,add,1000000,0.688,125
stdmap_r3,add,1000000,0.689,125
stdmap_r3,add,1000000,0.69,125
stdmap_r3,add,1000000,0.691,125
stdmap_r3,add,1000000,0.692,125
stdmap_r3,add,1000000,0.693,125
stdmap_r3,add,1000000,0.694,125
stdmap_r3,add,1000000,0.695,125
stdmap_r3,add,1000000,0.696,125
stdmap_r3,add,1000000,0.697,125
stdmap_r3,add,1000000,0.698,125
stdmap_r3,add,1000000,0.699,125
stdmap_r3,add,1000000,0.7,125
stdmap_r3,add,1000000,0.701,125
stdmap_r3,add,1000000,0.702,125
stdmap_r3,add,1000000,0.703,125
stdmap_r3,add,1000000,0.704,125
stdmap_r3,add,1000000,0.705,125
stdmap_r3,add,1000000,0.706,125
stdmap_r3,add,1000000,0.707,125
stdmap_r3,add,1000000,0.708,125
stdmap_r3,add,1000000,0.709,125
stdmap_r3,add,1000000,0.71,125
stdmap_r3,add,1000000,0.711,125
stdmap_r3,add,1000000,0.712,125
stdmap_r3,add,1000000,0.713,125
stdmap_r3,add,1000000,0.714,125
stdmap_r3,add,1000000,0.715,125
stdmap_r3,add,1000000,0.716,125
stdmap_r3,add,1000000,0.717,125
stdmap_r3,add,1000000,0.718,125
stdmap_r3,add,1000000,0.719,125
stdmap_r3,add,1000000,0.72,125
stdmap_r3,add,1000000,0.721,125
stdmap_r3,add,1000000,0.722,125
stdmap_r3,add,1000000,0.723,125
stdmap_r3,add,1000000,0.724,125
stdmap_r3,add,1000000,0.725,125
stdmap_r3,add,1000000,0.726,125
stdmap_r3,add,1000000,0.727,125
stdmap_r3,add,1000000,0.728,125
stdmap_r3,add,1000000,0.729,125
stdmap_r3,add,1000000,0.73,125
stdmap_r3,add,1000000,0.731,125
stdmap_r3,add,1000000,0.732,125
stdmap_r3,add,1000000,0.733,125
stdmap_r3,add,1000000,0.734,125
stdmap_r3,add,1000000,0.735,125
stdmap_r3,add,1000000,0.736,125
stdmap_r3,add,1000000,0.737,125
stdmap_r3,add,1000000,0.738,125
stdmap_r3,add,1000000,0.739,125
stdmap_r3,add,1000000,0.74,125
stdmap_r3,add,1000000,0.741,125
stdmap_r3,add,1000000,0.742,125
stdmap_r3,add,1000000,0.743,125
stdmap_r3,add,1000000,0.744,125
stdmap_r3,add,1000000,0.745,125
stdmap_r3,add,1000000,0.746,125
stdmap_r3,add,1000000,0.747,125
stdmap_r3,add,1000000,0.748,125
stdmap_r3,add,1000000,0.749,125
stdmap_r3,add,1000000,0.75,125
stdmap_r3,add,1000000,0.751,125
stdmap_r3,add,1000000,0.752,125
stdmap_r3,add,1000000,0.753,125
stdmap_r3,add,1000000,0.754,125
stdmap_r3,add,1000000,0.755,125
stdmap_r3,add,1000000,0.756,125
stdmap_r3,add,1000000,0.757,125
stdmap_r3,add,1000000,0.758,125
stdmap_r3,add,1000000,0.759,125
stdmap_r3,add,1000000,0.76,125
stdmap_r3,add,1000000,0.761,125
stdmap_r3,add,1000000,0.762,125
stdmap_r3,add,1000000,0.763,125
stdmap_r3,add,1000000,0.764,125
stdmap_r3,add,1000000,0.765,125
stdmap_r3,add,1000000,0.766,125
stdmap_r3,add,1000000,0.767,125
stdmap_r3,add,1000000,0.768,125
stdmap_r3,add,1000000,0.769,125
stdmap_r3,add,1000000,0.77,125
stdmap_r3,add,1000000,0.771,125
stdmap_r3,add,1000000,0.772,125
stdmap_r3,add,1000000,0.773,125
stdmap_r3,add,1000000,0.774,125
stdmap_r3,add,1000000,0.775,125
stdmap_r3,add,1000000,0.776,125
stdmap_r3,add,1000000,0.777,125
stdmap_r3,add,1000000,0.778,125
stdmap_r3,add,1000000,0.779,125
stdmap_r3,add,1000000,0.78,125
stdmap_r3,add,1000000,0.781,125
stdmap_r3,add,1000000,0.782,125
stdmap_r3,add,1000000,0.783,125
stdmap_r3,add,1000000,0.784,125
stdmap_r3,add,1000000,0.785,125
stdmap_r3,add,1000000,0.786,125
stdmap_r3,add,1000000,0.787,125
stdmap_r3,add,1000000,0.788,125
stdmap_r3,add,1000000,0.789,125
stdmap_r3,add,1000000,0.79,125
stdmap_r3,add,1000000,0.791,125
stdmap_r3,add,1000000,0.792,125
stdmap_r3,add,1000000,0.793,125
stdmap_r3,add,1000000,0.794,125
stdmap_r3,add,1000000,0.795,125
stdmap_r3,add,1000000,0.796,125
stdmap_r3,add,1000000,0.797,125
stdmap_r3,add,1000000,0.798,125
stdmap_r3,add,1000000,0.799,125
stdmap_r3,add,1000000,0.8,125
stdmap_r3,add,1000000,0.801,125
stdmap_r3,add,1000000,0.802,125
stdmap_r3,add,1000000,0.803,125
stdmap_r3,add,1000000,0.804,125
stdmap_r3,add,1000000,0.805,125
stdmap_r3,add,1000000,0.806,125
stdmap_r3,add,1000000,0.807,125
stdmap_r3,add,1000000,0.808,125
stdmap_r3,add,1000000,0.809,125
stdmap_r3,add,1000000,0.81,125
stdmap_r3,add,1000000,0.811,125
stdmap_r3,add,1000000,0.812,125
stdmap_r3,add,1000000,0.813,125
stdmap_r3,add,1000000,0.814,125
stdmap_r3,add,1000000,0.815,125
stdmap_r3,add,1000000,0.816,125
stdmap_r3,add,1000000,0.817,125
stdmap_r3,add,1000000,0.818,125
stdmap_r3,add,1000000,0.819,125
stdmap_r3,add,1000000,0.82,125
stdmap_r3,add,1000000,0.821,125
stdmap_r3,add,1000000,0.822,125
stdmap_r3,add,1000000,0.823,125
stdmap_r3,add,1000000,0.824,125
stdmap_r3,add,1000000,0.825,125
stdmap_r3,add,1000000,0.826,125
stdmap_r3,add,1000000,0.827,125
stdmap_r3,add,1000000,0.828,125
stdmap_r3,add,1000000,0.829,125
stdmap_r3,add,1000000,0.83,125
stdmap_r3,add,1000000,0.831,125
stdmap_r3,add,1000000,0.832,125
stdmap_r3,add,1000000,0.833,125
stdmap_r3,add,1000000,0.834,125
stdmap_r3,add,1000000,0.835,125
stdmap_r3,add,1000000,0.836,166
stdmap_r3,add,1000000,0.837,166
stdmap_r3,add,1000000,0.838,166
stdmap_r3,add,1000000,0.839,166
stdmap_r3,add,1000000,0.84,166
stdmap_r3,add,1000000,0.841,166
stdmap_r3,add,1000000,0.842,166
stdmap_r3,add,1000000,0.843,166
stdmap_r3,add,1000000,0.844,166
stdmap_r3,add,1000000,0.845,166
stdmap_r3,add,1000000,0.846,166
stdmap_r3,add,1000000,0.847,166
stdmap_r3,add,1000000,0.848,166
stdmap_r3,add,1000000,0.849,166
stdmap_r3,add,1000000,0.85,166
stdmap_r3,add,1000000,0.851,166
stdmap_r3,add,1000000,0.852,166
stdmap_r3,add,1000000,0.853,166
stdmap_r3,add,1000000,0.854,166
stdmap_r3,add,1000000,0.855,166
stdmap_r3,add,1000000,0.856,166
stdmap_r3,add,1000000,0.857,166
stdmap_r3,add,1000000,0.858,166
stdmap_r3,add,1000000,0.859,166
stdmap_r3,add,1000000,0.86,166
stdmap_r3,add,1000000,0.861,166
stdmap_r3,add,1000000,0.862,166
stdmap_r3,add,1000000,0.863,167
stdmap_r3,add,1000000,0.864,167
stdmap_r3,add,1000000,0.865,167
stdmap_r3,add,1000000,0.866,167
stdmap_r3,add,1000000,0.867,167
stdmap_r3,add,1000000,0.868,167
stdmap_r3,add,1000000,0.869,167
stdmap_r3,add,1000000,0.87,167
stdmap_r3,add,1000000,0.871,167
stdmap_r3,add,1000000,0.872,167
stdmap_r3,add,1000000,0.873,167
stdmap_r3,add,1000000,0.874,167
stdmap_r3,add,1000000,0.875,167
stdmap_r3,add,1000000,0.876,167
stdmap_r3,add,1000000,0.877,167
stdmap_r3,add,1000000,0.878,167
stdmap_r3,add,1000000,0.879,167
stdmap_r3,add,1000000,0.88,167
stdmap_r3,add,1000000,0.881,167
stdmap_r3,add,1000000,0.882,167
stdmap_r3,add,1000000,0.883,167
stdmap_r3,add,1000000,0.884,167
stdmap_r3,add,1000000,0.885,167
stdmap_r3,add,1000000,0.886,167
stdmap_r3,add,1000000,0.887,167
stdmap_r3,add,1000000,0.888,167
stdmap_r3,add,1000000,0.889,167
stdmap_r3,add,1000000,0.89,167
stdmap_r3,add,1000000,0.891,167
stdmap_r3,add,1000000,0.892,167
stdmap_r3,add,1000000,0.893,167
stdmap_r3,add,1000000,0.894,167
stdmap_r3,add,1000000,0.895,167
stdmap_r3,add,1000000,0.896,167
stdmap_r3,add,1000000,0.897,167
stdmap_r3,add,1000000,0.898,167
stdmap_r3,add,1000000,0.899,167
stdmap_r3,add,1000000,0.9,167
stdmap_r3,add,1000000,0.901,167
stdmap_r3,add,1000000,0.902,167
stdmap_r3,add,1000000,0.903,167
stdmap_r3,add,1000000,0.904,167
stdmap_r3,add,1000000,0.905,167
stdmap_r3,add,1000000,0.906,167
stdmap_r3,add,1000000,0.907,167
stdmap_r3,add,1000000,0.908,167
stdmap_r3,add,1000000,0.909,167
stdmap_r3,add,1000000,0.91,167
stdmap_r3,add,1000000,0.911,167
stdmap_r3,add,1000000,0.912,167
stdmap_r3,add,1000000,0.913,167
stdmap_r3,add,1000000,0.914,167
stdmap_r3,add,1000000,0.915,167
stdmap_r3,add,1000000,0.916,208
stdmap_r3,add,1000000,0.917,208
stdmap_r3,add,1000000,0.918,208
stdmap_r3,add,1000000,0.919,208
stdmap_r3,add,1000000,0.92,208
stdmap_r3,add,1000000,0.921,208
stdmap_r3,add,1000000,0.922,208
stdmap_r3,add,1000000,0.923,208
stdmap_r3,add,1000000,0.924,208
stdmap_r3,add,1000000,0.925,208
stdmap_r3,add,1000000,0.926,208
stdmap_r3,add,1000000,0.927,208
stdmap_r3,add,1000000,0.928,208
stdmap_r3,add,1000000,0.929,208
stdmap_r3,add,1000000,0.93,208
stdmap_r3,add,1000000,0.931,208
stdmap_r3,add,1000000,0.932,208
stdmap_r3,add,1000000,0.933,208
stdmap_r3,add,1000000,0.934,208
stdmap_r3,add,1000000,0.935,208
stdmap_r3,add,1000000,0.936,208
stdmap_r3,add,1000000,0.937,208
stdmap_r3,add,1000000,0.938,208
stdmap_r3,add,1000000,0.939,208
stdmap_r3,add,1000000,0.94,208
stdmap_r3,add,1000000,0.941,208
stdmap_r3,add,1000000,0.942,208
stdmap_r3,add,1000000,0.943,208
stdmap_r3,add,1000000,0.944,208
stdmap_r3,add,1000000,0.945,209
stdmap_r3,add,1000000,0.946,209
stdmap_r3,add,1000000,0.947,209
stdmap_r3,add,1000000,0.948,209
stdmap_r3,add,1000000,0.949,209
stdmap_r3,add,1000000,0.95,209
stdmap_r3,add,1000000,0.951,209
stdmap_r3,add,1000000,0.952,209
stdmap_r3,add,1000000,0.953,209
stdmap_r3,add,1000000,0.954,209
stdmap_r3,add,1000000,0.955,209
stdmap_r3,add,1000000,0.956,209
stdmap_r3,add,1000000,0.957,209
stdmap_r3,add,1000000,0.958,209
stdmap_r3,add,1000000,0.959,250
stdmap_r3,add,1000000,0.96,250
stdmap_r3,add,1000000,0.961,250
stdmap_r3,add,1000000,0.962,250
stdmap_r3,add,1000000,0.963,250
stdmap_r3,add,1000000,0.964,250
stdmap_r3,add,1000000,0.965,250
stdmap_r3,add,1000000,0.966,250
stdmap_r3,add,1000000,0.967,250
stdmap_r3,add,1000000,0.968,250
stdmap_r3,add,1000000,0.969,250
stdmap_r3,add,1000000,0.97,250
stdmap_r3,add,1000000,0.971,250
stdmap_r3,add,1000000,0.972,291
stdmap_r3,add,1000000,0.973,291
stdmap_r3,add,1000000,0.974,292
stdmap_r3,add,1000000,0.975,292
stdmap_r3,add,1000000,0.976,292
stdmap_r3,add,1000000,0.977,292
stdmap_r3,add,1000000,0.978,292
stdmap_r3,add,1000000,0.979,292
stdmap_r3,add,1000000,0.98,292
stdmap_r3,add,1000000,0.981,333
stdmap_r3,add,1000000,0.982,333
stdmap_r3,add,1000000,0.983,333
stdmap_r3,add,1000000,0.984,334
stdmap_r3,add,1000000,0.985,334
stdmap_r3,add,1000000,0.986,375
stdmap_r3,add,1000000,0.987,375
stdmap_r3,add,1000000,0.988,375
stdmap_r3,add,1000000,0.989,375
stdmap_r3,add,1000000,0.99,417
stdmap_r3,add,1000000,0.991,417
stdmap_r3,add,1000000,0.992,458
stdmap_r3,add,1000000,0.993,459
stdmap_r3,add,1000000,0.994,500
stdmap_r3,add,1000000,0.995,541
stdmap_r3,add,1000000,0.996,583
stdmap_r3,add,1000000,0.997,625
stdmap_r3,add,1000000,0.998,708
stdmap_r3,add,1000000,0.999,917
stdmap_r3,cancel,1000000,0,41
stdmap_r3,cancel,1000000,0.001,209
stdmap_r3,cancel,1000000,0.002,291
stdmap_r3,cancel,1000000,0.003,292
stdmap_r3,cancel,1000000,0.004,333
stdmap_r3,cancel,1000000,0.005,375
stdmap_r3,cancel,1000000,0.006,375
stdmap_r3,cancel,1000000,0.007,416
stdmap_r3,cancel,1000000,0.008,417
stdmap_r3,cancel,1000000,0.009,417
stdmap_r3,cancel,1000000,0.01,417
stdmap_r3,cancel,1000000,0.011,458
stdmap_r3,cancel,1000000,0.012,458
stdmap_r3,cancel,1000000,0.013,458
stdmap_r3,cancel,1000000,0.014,459
stdmap_r3,cancel,1000000,0.015,459
stdmap_r3,cancel,1000000,0.016,500
stdmap_r3,cancel,1000000,0.017,500
stdmap_r3,cancel,1000000,0.018,500
stdmap_r3,cancel,1000000,0.019,500
stdmap_r3,cancel,1000000,0.02,500
stdmap_r3,cancel,1000000,0.021,500
stdmap_r3,cancel,1000000,0.022,500
stdmap_r3,cancel,1000000,0.023,500
stdmap_r3,cancel,1000000,0.024,500
stdmap_r3,cancel,1000000,0.025,500
stdmap_r3,cancel,1000000,0.026,500
stdmap_r3,cancel,1000000,0.027,500
stdmap_r3,cancel,1000000,0.028,500
stdmap_r3,cancel,1000000,0.029,500
stdmap_r3,cancel,1000000,0.03,500
stdmap_r3,cancel,1000000,0.031,500
stdmap_r3,cancel,1000000,0.032,500
stdmap_r3,cancel,1000000,0.033,500
stdmap_r3,cancel,1000000,0.034,541
stdmap_r3,cancel,1000000,0.035,541
stdmap_r3,cancel,1000000,0.036,541
stdmap_r3,cancel,1000000,0.037,541
stdmap_r3,cancel,1000000,0.038,541
stdmap_r3,cancel,1000000,0.039,541
stdmap_r3,cancel,1000000,0.04,541
stdmap_r3,cancel,1000000,0.041,541
stdmap_r3,cancel,1000000,0.042,541
stdmap_r3,cancel,1000000,0.043,541
stdmap_r3,cancel,1000000,0.044,541
stdmap_r3,cancel,1000000,0.045,541
stdmap_r3,cancel,1000000,0.046,541
stdmap_r3,cancel,1000000,0.047,541
stdmap_r3,cancel,1000000,0.048,542
stdmap_r3,cancel,1000000,0.049,542
stdmap_r3,cancel,1000000,0.05,542
stdmap_r3,cancel,1000000,0.051,542
stdmap_r3,cancel,1000000,0.052,542
stdmap_r3,cancel,1000000,0.053,542
stdmap_r3,cancel,1000000,0.054,542
stdmap_r3,cancel,1000000,0.055,542
stdmap_r3,cancel,1000000,0.056,542
stdmap_r3,cancel,1000000,0.057,542
stdmap_r3,cancel,1000000,0.058,542
stdmap_r3,cancel,1000000,0.059,542
stdmap_r3,cancel,1000000,0.06,542
stdmap_r3,cancel,1000000,0.061,542
stdmap_r3,cancel,1000000,0.062,542
stdmap_r3,cancel,1000000,0.063,542
stdmap_r3,cancel,1000000,0.064,542
stdmap_r3,cancel,1000000,0.065,542
stdmap_r3,cancel,1000000,0.066,542
stdmap_r3,cancel,1000000,0.067,542
stdmap_r3,cancel,1000000,0.068,542
stdmap_r3,cancel,1000000,0.069,542
stdmap_r3,cancel,1000000,0.07,542
stdmap_r3,cancel,1000000,0.071,542
stdmap_r3,cancel,1000000,0.072,542
stdmap_r3,cancel,1000000,0.073,542
stdmap_r3,cancel,1000000,0.074,542
stdmap_r3,cancel,1000000,0.075,542
stdmap_r3,cancel,1000000,0.076,542
stdmap_r3,cancel,1000000,0.077,583
stdmap_r3,cancel,1000000,0.078,583
stdmap_r3,cancel,1000000,0.079,583
stdmap_r3,cancel,1000000,0.08,583
stdmap_r3,cancel,1000000,0.081,583
stdmap_r3,cancel,1000000,0.082,583
stdmap_r3,cancel,1000000,0.083,583
stdmap_r3,cancel,1000000,0.084,583
stdmap_r3,cancel,1000000,0.085,583
stdmap_r3,cancel,1000000,0.086,583
stdmap_r3,cancel,1000000,0.087,583
stdmap_r3,cancel,1000000,0.088,583
stdmap_r3,cancel,1000000,0.089,583
stdmap_r3,cancel,1000000,0.09,583
stdmap_r3,cancel,1000000,0.091,583
stdmap_r3,cancel,1000000,0.092,583
stdmap_r3,cancel,1000000,0.093,583
stdmap_r3,cancel,1000000,0.094,583
stdmap_r3,cancel,1000000,0.095,583
stdmap_r3,cancel,1000000,0.096,583
stdmap_r3,cancel,1000000,0.097,583
stdmap_r3,cancel,1000000,0.098,583
stdmap_r3,cancel,1000000,0.099,583
stdmap_r3,cancel,1000000,0.1,583
stdmap_r3,cancel,1000000,0.101,583
stdmap_r3,cancel,1000000,0.102,583
stdmap_r3,cancel,1000000,0.103,583
stdmap_r3,cancel,1000000,0.104,583
stdmap_r3,cancel,1000000,0.105,583
stdmap_r3,cancel,1000000,0.106,583
stdmap_r3,cancel,1000000,0.107,583
stdmap_r3,cancel,1000000,0.108,583
stdmap_r3,cancel,1000000,0.109,583
stdmap_r3,cancel,1000000,0.11,583
stdmap_r3,cancel,1000000,0.111,583
stdmap_r3,cancel,1000000,0.112,583
stdmap_r3,cancel,1000000,0.113,583
stdmap_r3,cancel,1000000,0.114,583
stdmap_r3,cancel,1000000,0.115,583
stdmap_r3,cancel,1000000,0.116,583
stdmap_r3,cancel,1000000,0.117,583
stdmap_r3,cancel,1000000,0.118,584
stdmap_r3,cancel,1000000,0.119,584
stdmap_r3,cancel,1000000,0.12,584
stdmap_r3,cancel,1000000,0.121,584
stdmap_r3,cancel,1000000,0.122,584
stdmap_r3,cancel,1000000,0.123,584
stdmap_r3,cancel,1000000,0.124,584
stdmap_r3,cancel,1000000,0.125,584
stdmap_r3,cancel,1000000,0.126,584
stdmap_r3,cancel,1000000,0.127,584
stdmap_r3,cancel,1000000,0.128,584
stdmap_r3,cancel,1000000,0.129,584
stdmap_r3,cancel,1000000,0.13,584
stdmap_r3,cancel,1000000,0.131,584
stdmap_r3,cancel,1000000,0.132,584
stdmap_r3,cancel,1000000,0.133,584
stdmap_r3,cancel,1000000,0.134,584
stdmap_r3,cancel,1000000,0.135,584
stdmap_r3,cancel,1000000,0.136,584
stdmap_r3,cancel,1000000,0.137,584
stdmap_r3,cancel,1000000,0.138,584
stdmap_r3,cancel,1000000,0.139,625
stdmap_r3,cancel,1000000,0.14,625
stdmap_r3,cancel,1000000,0.141,625
stdmap_r3,cancel,1000000,0.142,625
stdmap_r3,cancel,1000000,0.143,625
stdmap_r3,cancel,1000000,0.144,625
stdmap_r3,cancel,1000000,0.145,625
stdmap_r3,cancel,1000000,0.146,625
stdmap_r3,cancel,1000000,0.147,625
stdmap_r3,cancel,1000000,0.148,625
stdmap_r3,cancel,1000000,0.149,625
stdmap_r3,cancel,1000000,0.15,625
stdmap_r3,cancel,1000000,0.151,625
stdmap_r3,cancel,1000000,0.152,625
stdmap_r3,cancel,1000000,0.153,625
stdmap_r3,cancel,1000000,0.154,625
stdmap_r3,cancel,1000000,0.155,625
stdmap_r3,cancel,1000000,0.156,625
stdmap_r3,cancel,1000000,0.157,625
stdmap_r3,cancel,1000000,0.158,625
stdmap_r3,cancel,1000000,0.159,625
stdmap_r3,cancel,1000000,0.16,625
stdmap_r3,cancel,1000000,0.161,625
stdmap_r3,cancel,1000000,0.162,625
stdmap_r3,cancel,1000000,0.163,625
stdmap_r3,cancel,1000000,0.164,625
stdmap_r3,cancel,1000000,0.165,625
stdmap_r3,cancel,1000000,0.166,625
stdmap_r3,cancel,1000000,0.167,625
stdmap_r3,cancel,1000000,0.168,625
stdmap_r3,cancel,1000000,0.169,625
stdmap_r3,cancel,1000000,0.17,625
stdmap_r3,cancel,1000000,0.171,625
stdmap_r3,cancel,1000000,0.172,625
stdmap_r3,cancel,1000000,0.173,625
stdmap_r3,cancel,1000000,0.174,625
stdmap_r3,cancel,1000000,0.175,625
stdmap_r3,cancel,1000000,0.176,625
stdmap_r3,cancel,1000000,0.177,625
stdmap_r3,cancel,1000000,0.178,625
stdmap_r3,cancel,1000000,0.179,625
stdmap_r3,cancel,1000000,0.18,625
stdmap_r3,cancel,1000000,0.181,625
stdmap_r3,cancel,1000000,0.182,625
stdmap_r3,cancel,1000000,0.183,625
stdmap_r3,cancel,1000000,0.184,625
stdmap_r3,cancel,1000000,0.185,625
stdmap_r3,cancel,1000000,0.186,625
stdmap_r3,cancel,1000000,0.187,625
stdmap_r3,cancel,1000000,0.188,625
stdmap_r3,cancel,1000000,0.189,625
stdmap_r3,cancel,1000000,0.19,625
stdmap_r3,cancel,1000000,0.191,625
stdmap_r3,cancel,1000000,0.192,625
stdmap_r3,cancel,1000000,0.193,625
stdmap_r3,cancel,1000000,0.194,625
stdmap_r3,cancel,1000000,0.195,625
stdmap_r3,cancel,1000000,0.196,625
stdmap_r3,cancel,1000000,0.197,625
stdmap_r3,cancel,1000000,0.198,625
stdmap_r3,cancel,1000000,0.199,625
stdmap_r3,cancel,1000000,0.2,625
stdmap_r3,cancel,1000000,0.201,625
stdmap_r3,cancel,1000000,0.202,625
stdmap_r3,cancel,1000000,0.203,625
stdmap_r3,cancel,1000000,0.204,625
stdmap_r3,cancel,1000000,0.205,625
stdmap_r3,cancel,1000000,0.206,625
stdmap_r3,cancel,1000000,0.207,625
stdmap_r3,cancel,1000000,0.208,625
stdmap_r3,cancel,1000000,0.209,625
stdmap_r3,cancel,1000000,0.21,625
stdmap_r3,cancel,1000000,0.211,625
stdmap_r3,cancel,1000000,0.212,625
stdmap_r3,cancel,1000000,0.213,625
stdmap_r3,cancel,1000000,0.214,666
stdmap_r3,cancel,1000000,0.215,666
stdmap_r3,cancel,1000000,0.216,666
stdmap_r3,cancel,1000000,0.217,666
stdmap_r3,cancel,1000000,0.218,666
stdmap_r3,cancel,1000000,0.219,666
stdmap_r3,cancel,1000000,0.22,666
stdmap_r3,cancel,1000000,0.221,666
stdmap_r3,cancel,1000000,0.222,666
stdmap_r3,cancel,1000000,0.223,666
stdmap_r3,cancel,1000000,0.224,666
stdmap_r3,cancel,1000000,0.225,666
stdmap_r3,cancel,1000000,0.226,666
stdmap_r3,cancel,1000000,0.227,666
stdmap_r3,cancel,1000000,0.228,666
stdmap_r3,cancel,1000000,0.229,666
stdmap_r3,cancel,1000000,0.23,666
stdmap_r3,cancel,1000000,0.231,666
stdmap_r3,cancel,1000000,0.232,666
stdmap_r3,cancel,1000000,0.233,666
stdmap_r3,cancel,1000000,0.234,666
stdmap_r3,cancel,1000000,0.235,666
stdmap_r3,cancel,1000000,0.236,666
stdmap_r3,cancel,1000000,0.237,666
stdmap_r3,cancel,1000000,0.238,666
stdmap_r3,cancel,1000000,0.239,666
stdmap_r3,cancel,1000000,0.24,666
stdmap_r3,cancel,1000000,0.241,667
stdmap_r3,cancel,1000000,0.242,667
stdmap_r3,cancel,1000000,0.243,667
stdmap_r3,cancel,1000000,0.244,667
stdmap_r3,cancel,1000000,0.245,667
stdmap_r3,cancel,1000000,0.246,667
stdmap_r3,cancel,1000000,0.247,667
stdmap_r3,cancel,1000000,0.248,667
stdmap_r3,cancel,1000000,0.249,667
stdmap_r3,cancel,1000000,0.25,667
stdmap_r3,cancel,1000000,0.251,667
stdmap_r3,cancel,1000000,0.252,667
stdmap_r3,cancel,1000000,0.253,667
stdmap_r3,cancel,1000000,0.254,667
stdmap_r3,cancel,1000000,0.255,667
stdmap_r3,cancel,1000000,0.256,667
stdmap_r3,cancel,1000000,0.257,667
stdmap_r3,cancel,1000000,0.258,667
stdmap_r3,cancel,1000000,0.259,667
stdmap_r3,cancel,1000000,0.26,667
stdmap_r3,cancel,1000000,0.261,667
stdmap_r3,cancel,1000000,0.262,667
stdmap_r3,cancel,1000000,0.263,667
stdmap_r3,cancel,1000000,0.264,667
stdmap_r3,cancel,1000000,0.265,667
stdmap_r3,cancel,1000000,0.266,667
stdmap_r3,cancel,1000000,0.267,667
stdmap_r3,cancel,1000000,0.268,667
stdmap_r3,cancel,1000000,0.269,667
stdmap_r3,cancel,1000000,0.27,667
stdmap_r3,cancel,1000000,0.271,667
stdmap_r3,cancel,1000000,0.272,667
stdmap_r3,cancel,1000000,0.273,667
stdmap_r3,cancel,1000000,0.274,667
stdmap_r3,cancel,1000000,0.275,667
stdmap_r3,cancel,1000000,0.276,667
stdmap_r3,cancel,1000000,0.277,667
stdmap_r3,cancel,1000000,0.278,667
stdmap_r3,cancel,1000000,0.279,667
stdmap_r3,cancel,1000000,0.28,667
stdmap_r3,cancel,1000000,0.281,667
stdmap_r3,cancel,1000000,0.282,667
stdmap_r3,cancel,1000000,0.283,667
stdmap_r3,cancel,1000000,0.284,667
stdmap_r3,cancel,1000000,0.285,667
stdmap_r3,cancel,1000000,0.286,667
stdmap_r3,cancel,1000000,0.287,667
stdmap_r3,cancel,1000000,0.288,667
stdmap_r3,cancel,1000000,0.289,667
stdmap_r3,cancel,1000000,0.29,667
stdmap_r3,cancel,1000000,0.291,667
stdmap_r3,cancel,1000000,0.292,667
stdmap_r3,cancel,1000000,0.293,667
stdmap_r3,cancel,1000000,0.294,667
stdmap_r3,cancel,1000000,0.295,667
stdmap_r3,cancel,1000000,0.296,708
stdmap_r3,cancel,1000000,0.297,708
stdmap_r3,cancel,1000000,0.298,708
stdmap_r3,cancel,1000000,0.299,708
stdmap_r3,cancel,1000000,0.3,708
stdmap_r3,cancel,1000000,0.301,708
stdmap_r3,cancel,1000000,0.302,708
stdmap_r3,cancel,1000000,0.303,708
stdmap_r3,cancel,1000000,0.304,708
stdmap_r3,cancel,1000000,0.305,708
stdmap_r3,cancel,1000000,0.306,708
stdmap_r3,cancel,1000000,0.307,708
stdmap_r3,cancel,1000000,0.308,708
stdmap_r3,cancel,1000000,0.309,708
stdmap_r3,cancel,1000000,0.31,708
stdmap_r3,cancel,1000000,0.311,708
stdmap_r3,cancel,1000000,0.312,708
stdmap_r3,cancel,1000000,0.313,708
stdmap_r3,cancel,1000000,0.314,708
stdmap_r3,cancel,1000000,0.315,708
stdmap_r3,cancel,1000000,0.316,708
stdmap_r3,cancel,1000000,0.317,708
stdmap_r3,cancel,1000000,0.318,708
stdmap_r3,cancel,1000000,0.319,708
stdmap_r3,cancel,1000000,0.32,708
stdmap_r3,cancel,1000000,0.321,708
stdmap_r3,cancel,1000000,0.322,708
stdmap_r3,cancel,1000000,0.323,708
stdmap_r3,cancel,1000000,0.324,708
stdmap_r3,cancel,1000000,0.325,708
stdmap_r3,cancel,1000000,0.326,708
stdmap_r3,cancel,1000000,0.327,708
stdmap_r3,cancel,1000000,0.328,708
stdmap_r3,cancel,1000000,0.329,708
stdmap_r3,cancel,1000000,0.33,708
stdmap_r3,cancel,1000000,0.331,708
stdmap_r3,cancel,1000000,0.332,708
stdmap_r3,cancel,1000000,0.333,708
stdmap_r3,cancel,1000000,0.334,708
stdmap_r3,cancel,1000000,0.335,708
stdmap_r3,cancel,1000000,0.336,708
stdmap_r3,cancel,1000000,0.337,708
stdmap_r3,cancel,1000000,0.338,708
stdmap_r3,cancel,1000000,0.339,708
stdmap_r3,cancel,1000000,0.34,708
stdmap_r3,cancel,1000000,0.341,708
stdmap_r3,cancel,1000000,0.342,708
stdmap_r3,cancel,1000000,0.343,708
stdmap_r3,cancel,1000000,0.344,708
stdmap_r3,cancel,1000000,0.345,708
stdmap_r3,cancel,1000000,0.346,708
stdmap_r3,cancel,1000000,0.347,708
stdmap_r3,cancel,1000000,0.348,708
stdmap_r3,cancel,1000000,0.349,709
stdmap_r3,cancel,1000000,0.35,709
stdmap_r3,cancel,1000000,0.351,709
stdmap_r3,cancel,1000000,0.352,709
stdmap_r3,cancel,1000000,0.353,709
stdmap_r3,cancel,1000000,0.354,709
stdmap_r3,cancel,1000000,0.355,709
stdmap_r3,cancel,1000000,0.356,709
stdmap_r3,cancel,1000000,0.357,709
stdmap_r3,cancel,1000000,0.358,709
stdmap_r3,cancel,1000000,0.359,709
stdmap_r3,cancel,1000000,0.36,709
stdmap_r3,cancel,1000000,0.361,709
stdmap_r3,cancel,1000000,0.362,709
stdmap_r3,cancel,1000000,0.363,709
stdmap_r3,cancel,1000000,0.364,709
stdmap_r3,cancel,1000000,0.365,709
stdmap_r3,cancel,1000000,0.366,709
stdmap_r3,cancel,1000000,0.367,709
stdmap_r3,cancel,1000000,0.368,709
stdmap_r3,cancel,1000000,0.369,709
stdmap_r3,cancel,1000000,0.37,709
stdmap_r3,cancel,1000000,0.371,709
stdmap_r3,cancel,1000000,0.372,709
stdmap_r3,cancel,1000000,0.373,709
stdmap_r3,cancel,1000000,0.374,709
stdmap_r3,cancel,1000000,0.375,709
stdmap_r3,cancel,1000000,0.376,750
stdmap_r3,cancel,1000000,0.377,750
stdmap_r3,cancel,1000000,0.378,750
stdmap_r3,cancel,1000000,0.379,750
stdmap_r3,cancel,1000000,0.38,750
stdmap_r3,cancel,1000000,0.381,750
stdmap_r3,cancel,1000000,0.382,750
stdmap_r3,cancel,1000000,0.383,750
stdmap_r3,cancel,1000000,0.384,750
stdmap_r3,cancel,1000000,0.385,750
stdmap_r3,cancel,1000000,0.386,750
stdmap_r3,cancel,1000000,0.387,750
stdmap_r3,cancel,1000000,0.388,750
stdmap_r3,cancel,1000000,0.389,750
stdmap_r3,cancel,1000000,0.39,750
stdmap_r3,cancel,1000000,0.391,750
stdmap_r3,cancel,1000000,0.392,750
stdmap_r3,cancel,1000000,0.393,750
stdmap_r3,cancel,1000000,0.394,750
stdmap_r3,cancel,1000000,0.395,750
stdmap_r3,cancel,1000000,0.396,750
stdmap_r3,cancel,1000000,0.397,750
stdmap_r3,cancel,1000000,0.398,750
stdmap_r3,cancel,1000000,0.399,750
stdmap_r3,cancel,1000000,0.4,750
stdmap_r3,cancel,1000000,0.401,750
stdmap_r3,cancel,1000000,0.402,750
stdmap_r3,cancel,1000000,0.403,750
stdmap_r3,cancel,1000000,0.404,750
stdmap_r3,cancel,1000000,0.405,750
stdmap_r3,cancel,1000000,0.406,750
stdmap_r3,cancel,1000000,0.407,750
stdmap_r3,cancel,1000000,0.408,750
stdmap_r3,cancel,1000000,0.409,750
stdmap_r3,cancel,1000000,0.41,750
stdmap_r3,cancel,1000000,0.411,750
stdmap_r3,cancel,1000000,0.412,750
stdmap_r3,cancel,1000000,0.413,750
stdmap_r3,cancel,1000000,0.414,750
stdmap_r3,cancel,1000000,0.415,750
stdmap_r3,cancel,1000000,0.416,750
stdmap_r3,cancel,1000000,0.417,750
stdmap_r3,cancel,1000000,0.418,750
stdmap_r3,cancel,1000000,0.419,750
stdmap_r3,cancel,1000000,0.42,750
stdmap_r3,cancel,1000000,0.421,750
stdmap_r3,cancel,1000000,0.422,750
stdmap_r3,cancel,1000000,0.423,750
stdmap_r3,cancel,1000000,0.424,750
stdmap_r3,cancel,1000000,0.425,750
stdmap_r3,cancel,1000000,0.426,750
stdmap_r3,cancel,1000000,0.427,750
stdmap_r3,cancel,1000000,0.428,750
stdmap_r3,cancel,1000000,0.429,750
stdmap_r3,cancel,1000000,0.43,750
stdmap_r3,cancel,1000000,0.431,750
stdmap_r3,cancel,1000000,0.432,750
stdmap_r3,cancel,1000000,0.433,750
stdmap_r3,cancel,1000000,0.434,750
stdmap_r3,cancel,1000000,0.435,750
stdmap_r3,cancel,1000000,0.436,750
stdmap_r3,cancel,1000000,0.437,750
stdmap_r3,cancel,1000000,0.438,750
stdmap_r3,cancel,1000000,0.439,750
stdmap_r3,cancel,1000000,0.44,750
stdmap_r3,cancel,1000000,0.441,750
stdmap_r3,cancel,1000000,0.442,750
stdmap_r3,cancel,1000000,0.443,750
stdmap_r3,cancel,1000000,0.444,750
stdmap_r3,cancel,1000000,0.445,750
stdmap_r3,cancel,1000000,0.446,750
stdmap_r3,cancel,1000000,0.447,750
stdmap_r3,cancel,1000000,0.448,750
stdmap_r3,cancel,1000000,0.449,750
stdmap_r3,cancel,1000000,0.45,750
stdmap_r3,cancel,1000000,0.451,791
stdmap_r3,cancel,1000000,0.452,791
stdmap_r3,cancel,1000000,0.453,791
stdmap_r3,cancel,1000000,0.454,791
stdmap_r3,cancel,1000000,0.455,791
stdmap_r3,cancel,1000000,0.456,791
stdmap_r3,cancel,1000000,0.457,791
stdmap_r3,cancel,1000000,0.458,791
stdmap_r3,cancel,1000000,0.459,791
stdmap_r3,cancel,1000000,0.46,791
stdmap_r3,cancel,1000000,0.461,791
stdmap_r3,cancel,1000000,0.462,791
stdmap_r3,cancel,1000000,0.463,791
stdmap_r3,cancel,1000000,0.464,791
stdmap_r3,cancel,1000000,0.465,791
stdmap_r3,cancel,1000000,0.466,791
stdmap_r3,cancel,1000000,0.467,791
stdmap_r3,cancel,1000000,0.468,791
stdmap_r3,cancel,1000000,0.469,791
stdmap_r3,cancel,1000000,0.47,791
stdmap_r3,cancel,1000000,0.471,791
stdmap_r3,cancel,1000000,0.472,791
stdmap_r3,cancel,1000000,0.473,792
stdmap_r3,cancel,1000000,0.474,792
stdmap_r3,cancel,1000000,0.475,792
stdmap_r3,cancel,1000000,0.476,792
stdmap_r3,cancel,1000000,0.477,792
stdmap_r3,cancel,1000000,0.478,792
stdmap_r3,cancel,1000000,0.479,792
stdmap_r3,cancel,1000000,0.48,792
stdmap_r3,cancel,1000000,0.481,792
stdmap_r3,cancel,1000000,0.482,792
stdmap_r3,cancel,1000000,0.483,792
stdmap_r3,cancel,1000000,0.484,792
stdmap_r3,cancel,1000000,0.485,792
stdmap_r3,cancel,1000000,0.486,792
stdmap_r3,cancel,1000000,0.487,792
stdmap_r3,cancel,1000000,0.488,792
stdmap_r3,cancel,1000000,0.489,792
stdmap_r3,cancel,1000000,0.49,792
stdmap_r3,cancel,1000000,0.491,792
stdmap_r3,cancel,1000000,0.492,792
stdmap_r3,cancel,1000000,0.493,792
stdmap_r3,cancel,1000000,0.494,792
stdmap_r3,cancel,1000000,0.495,792
stdmap_r3,cancel,1000000,0.496,792
stdmap_r3,cancel,1000000,0.497,792
stdmap_r3,cancel,1000000,0.498,792
stdmap_r3,cancel,1000000,0.499,792
stdmap_r3,cancel,1000000,0.5,792
stdmap_r3,cancel,1000000,0.501,792
stdmap_r3,cancel,1000000,0.502,792
stdmap_r3,cancel,1000000,0.503,792
stdmap_r3,cancel,1000000,0.504,792
stdmap_r3,cancel,1000000,0.505,792
stdmap_r3,cancel,1000000,0.506,792
stdmap_r3,cancel,1000000,0.507,792
stdmap_r3,cancel,1000000,0.508,792
stdmap_r3,cancel,1000000,0.509,792
stdmap_r3,cancel,1000000,0.51,792
stdmap_r3,cancel,1000000,0.511,792
stdmap_r3,cancel,1000000,0.512,792
stdmap_r3,cancel,1000000,0.513,792
stdmap_r3,cancel,1000000,0.514,792
stdmap_r3,cancel,1000000,0.515,792
stdmap_r3,cancel,1000000,0.516,792
stdmap_r3,cancel,1000000,0.517,833
stdmap_r3,cancel,1000000,0.518,833
stdmap_r3,cancel,1000000,0.519,833
stdmap_r3,cancel,1000000,0.52,833
stdmap_r3,cancel,1000000,0.521,833
stdmap_r3,cancel,1000000,0.522,833
stdmap_r3,cancel,1000000,0.523,833
stdmap_r3,cancel,1000000,0.524,833
stdmap_r3,cancel,1000000,0.525,833
stdmap_r3,cancel,1000000,0.526,833
stdmap_r3,cancel,1000000,0.527,833
stdmap_r3,cancel,1000000,0.528,833
stdmap_r3,cancel,1000000,0.529,833
stdmap_r3,cancel,1000000,0.53,833
stdmap_r3,cancel,1000000,0.531,833
stdmap_r3,cancel,1000000,0.532,833
stdmap_r3,cancel,1000000,0.533,833
stdmap_r3,cancel,1000000,0.534,833
stdmap_r3,cancel,1000000,0.535,833
stdmap_r3,cancel,1000000,0.536,833
stdmap_r3,cancel,1000000,0.537,833
stdmap_r3,cancel,1000000,0.538,833
stdmap_r3,cancel,1000000,0.539,833
stdmap_r3,cancel,1000000,0.54,833
stdmap_r3,cancel,1000000,0.541,833
stdmap_r3,cancel,1000000,0.542,833
stdmap_r3,cancel,1000000,0.543,833
stdmap_r3,cancel,1000000,0.544,833
stdmap_r3,cancel,1000000,0.545,833
stdmap_r3,cancel,1000000,0.546,833
stdmap_r3,cancel,1000000,0.547,833
stdmap_r3,cancel,1000000,0.548,833
stdmap_r3,cancel,1000000,0.549,833
stdmap_r3,cancel,1000000,0.55,833
stdmap_r3,cancel,1000000,0.551,833
stdmap_r3,cancel,1000000,0.552,833
stdmap_r3,cancel,1000000,0.553,833
stdmap_r3,cancel,1000000,0.554,833
stdmap_r3,cancel,1000000,0.555,833
stdmap_r3,cancel,1000000,0.556,834
stdmap_r3,cancel,1000000,0.557,834
stdmap_r3,cancel,1000000,0.558,834
stdmap_r3,cancel,1000000,0.559,834
stdmap_r3,cancel,1000000,0.56,834
stdmap_r3,cancel,1000000,0.561,834
stdmap_r3,cancel,1000000,0.562,834
stdmap_r3,cancel,1000000,0.563,834
stdmap_r3,cancel,1000000,0.564,834
stdmap_r3,cancel,1000000,0.565,834
stdmap_r3,cancel,1000000,0.566,834
stdmap_r3,cancel,1000000,0.567,834
stdmap_r3,cancel,1000000,0.568,834
stdmap_r3,cancel,1000000,0.569,834
stdmap_r3,cancel,1000000,0.57,834
stdmap_r3,cancel,1000000,0.571,834
stdmap_r3,cancel,1000000,0.572,834
stdmap_r3,cancel,1000000,0.573,834
stdmap_r3,cancel,1000000,0.574,834
stdmap_r3,cancel,1000000,0.575,834
stdmap_r3,cancel,1000000,0.576,875
stdmap_r3,cancel,1000000,0.577,875
stdmap_r3,cancel,1000000,0.578,875
stdmap_r3,cancel,1000000,0.579,875
stdmap_r3,cancel,1000000,0.58,875
stdmap_r3,cancel,1000000,0.581,875
stdmap_r3,cancel,1000000,0.582,875
stdmap_r3,cancel,1000000,0.583,875
stdmap_r3,cancel,1000000,0.584,875
stdmap_r3,cancel,1000000,0.585,875
stdmap_r3,cancel,1000000,0.586,875
stdmap_r3,cancel,1000000,0.587,875
stdmap_r3,cancel,1000000,0.588,875
stdmap_r3,cancel,1000000,0.589,875
stdmap_r3,cancel,1000000,0.59,875
stdmap_r3,cancel,1000000,0.591,875
stdmap_r3,cancel,1000000,0.592,875
stdmap_r3,cancel,1000000,0.593,875
stdmap_r3,cancel,1000000,0.594,875
stdmap_r3,cancel,1000000,0.595,875
stdmap_r3,cancel,1000000,0.596,875
stdmap_r3,cancel,1000000,0.597,875
stdmap_r3,cancel,1000000,0.598,875
stdmap_r3,cancel,1000000,0.599,875
stdmap_r3,cancel,1000000,0.6,875
stdmap_r3,cancel,1000000,0.601,875
stdmap_r3,cancel,1000000,0.602,875
stdmap_r3,cancel,1000000,0.603,875
stdmap_r3,cancel,1000000,0.604,875
stdmap_r3,cancel,1000000,0.605,875
stdmap_r3,cancel,1000000,0.606,875
stdmap_r3,cancel,1000000,0.607,875
stdmap_r3,cancel,1000000,0.608,875
stdmap_r3,cancel,1000000,0.609,875
stdmap_r3,cancel,1000000,0.61,875
stdmap_r3,cancel,1000000,0.611,875
stdmap_r3,cancel,1000000,0.612,875
stdmap_r3,cancel,1000000,0.613,875
stdmap_r3,cancel,1000000,0.614,875
stdmap_r3,cancel,1000000,0.615,875
stdmap_r3,cancel,1000000,0.616,875
stdmap_r3,cancel,1000000,0.617,875
stdmap_r3,cancel,1000000,0.618,875
stdmap_r3,cancel,1000000,0.619,875
stdmap_r3,cancel,1000000,0.62,875
stdmap_r3,cancel,1000000,0.621,875
stdmap_r3,cancel,1000000,0.622,875
stdmap_r3,cancel,1000000,0.623,916
stdmap_r3,cancel,1000000,0.624,916
stdmap_r3,cancel,1000000,0.625,916
stdmap_r3,cancel,1000000,0.626,916
stdmap_r3,cancel,1000000,0.627,916
stdmap_r3,cancel,1000000,0.628,916
stdmap_r3,cancel,1000000,0.629,916
stdmap_r3,cancel,1000000,0.63,916
stdmap_r3,cancel,1000000,0.631,916
stdmap_r3,cancel,1000000,0.632,916
stdmap_r3,cancel,1000000,0.633,916
stdmap_r3,cancel,1000000,0.634,916
stdmap_r3,cancel,1000000,0.635,916
stdmap_r3,cancel,1000000,0.636,916
stdmap_r3,cancel,1000000,0.637,917
stdmap_r3,cancel,1000000,0.638,917
stdmap_r3,cancel,1000000,0.639,917
stdmap_r3,cancel,1000000,0.64,917
stdmap_r3,cancel,1000000,0.641,917
stdmap_r3,cancel,1000000,0.642,917
stdmap_r3,cancel,1000000,0.643,917
stdmap_r3,cancel,1000000,0.644,917
stdmap_r3,cancel,1000000,0.645,917
stdmap_r3,cancel,1000000,0.646,917
stdmap_r3,cancel,1000000,0.647,917
stdmap_r3,cancel,1000000,0.648,917
stdmap_r3,cancel,1000000,0.649,917
stdmap_r3,cancel,1000000,0.65,917
stdmap_r3,cancel,1000000,0.651,917
stdmap_r3,cancel,1000000,0.652,917
stdmap_r3,cancel,1000000,0.653,917
stdmap_r3,cancel,1000000,0.654,917
stdmap_r3,cancel,1000000,0.655,917
stdmap_r3,cancel,1000000,0.656,917
stdmap_r3,cancel,1000000,0.657,917
stdmap_r3,cancel,1000000,0.658,917
stdmap_r3,cancel,1000000,0.659,917
stdmap_r3,cancel,1000000,0.66,917
stdmap_r3,cancel,1000000,0.661,917
stdmap_r3,cancel,1000000,0.662,917
stdmap_r3,cancel,1000000,0.663,917
stdmap_r3,cancel,1000000,0.664,917
stdmap_r3,cancel,1000000,0.665,958
stdmap_r3,cancel,1000000,0.666,958
stdmap_r3,cancel,1000000,0.667,958
stdmap_r3,cancel,1000000,0.668,958
stdmap_r3,cancel,1000000,0.669,958
stdmap_r3,cancel,1000000,0.67,958
stdmap_r3,cancel,1000000,0.671,958
stdmap_r3,cancel,1000000,0.672,958
stdmap_r3,cancel,1000000,0.673,958
stdmap_r3,cancel,1000000,0.674,958
stdmap_r3,cancel,1000000,0.675,958
stdmap_r3,cancel,1000000,0.676,958
stdmap_r3,cancel,1000000,0.677,958
stdmap_r3,cancel,1000000,0.678,958
stdmap_r3,cancel,1000000,0.679,958
stdmap_r3,cancel,1000000,0.68,958
stdmap_r3,cancel,1000000,0.681,958
stdmap_r3,cancel,1000000,0.682,958
stdmap_r3,cancel,1000000,0.683,958
stdmap_r3,cancel,1000000,0.684,958
stdmap_r3,cancel,1000000,0.685,958
stdmap_r3,cancel,1000000,0.686,958
stdmap_r3,cancel,1000000,0.687,958
stdmap_r3,cancel,1000000,0.688,959
stdmap_r3,cancel,1000000,0.689,959
stdmap_r3,cancel,1000000,0.69,959
stdmap_r3,cancel,1000000,0.691,959
stdmap_r3,cancel,1000000,0.692,959
stdmap_r3,cancel,1000000,0.693,959
stdmap_r3,cancel,1000000,0.694,959
stdmap_r3,cancel,1000000,0.695,959
stdmap_r3,cancel,1000000,0.696,959
stdmap_r3,cancel,1000000,0.697,959
stdmap_r3,cancel,1000000,0.698,959
stdmap_r3,cancel,1000000,0.699,959
stdmap_r3,cancel,1000000,0.7,1000
stdmap_r3,cancel,1000000,0.701,1000
stdmap_r3,cancel,1000000,0.702,1000
stdmap_r3,cancel,1000000,0.703,1000
stdmap_r3,cancel,1000000,0.704,1000
stdmap_r3,cancel,1000000,0.705,1000
stdmap_r3,cancel,1000000,0.706,1000
stdmap_r3,cancel,1000000,0.707,1000
stdmap_r3,cancel,1000000,0.708,1000
stdmap_r3,cancel,1000000,0.709,1000
stdmap_r3,cancel,1000000,0.71,1000
stdmap_r3,cancel,1000000,0.711,1000
stdmap_r3,cancel,1000000,0.712,1000
stdmap_r3,cancel,1000000,0.713,1000
stdmap_r3,cancel,1000000,0.714,1000
stdmap_r3,cancel,1000000,0.715,1000
stdmap_r3,cancel,1000000,0.716,1000
stdmap_r3,cancel,1000000,0.717,1000
stdmap_r3,cancel,1000000,0.718,1000
stdmap_r3,cancel,1000000,0.719,1000
stdmap_r3,cancel,1000000,0.72,1000
stdmap_r3,cancel,1000000,0.721,1000
stdmap_r3,cancel,1000000,0.722,1000
stdmap_r3,cancel,1000000,0.723,1000
stdmap_r3,cancel,1000000,0.724,1000
stdmap_r3,cancel,1000000,0.725,1000
stdmap_r3,cancel,1000000,0.726,1000
stdmap_r3,cancel,1000000,0.727,1000
stdmap_r3,cancel,1000000,0.728,1000
stdmap_r3,cancel,1000000,0.729,1000
stdmap_r3,cancel,1000000,0.73,1041
stdmap_r3,cancel,1000000,0.731,1041
stdmap_r3,cancel,1000000,0.732,1041
stdmap_r3,cancel,1000000,0.733,1041
stdmap_r3,cancel,1000000,0.734,1041
stdmap_r3,cancel,1000000,0.735,1041
stdmap_r3,cancel,1000000,0.736,1041
stdmap_r3,cancel,1000000,0.737,1041
stdmap_r3,cancel,1000000,0.738,1042
stdmap_r3,cancel,1000000,0.739,1042
stdmap_r3,cancel,1000000,0.74,1042
stdmap_r3,cancel,1000000,0.741,1042
stdmap_r3,cancel,1000000,0.742,1042
stdmap_r3,cancel,1000000,0.743,1042
stdmap_r3,cancel,1000000,0.744,1042
stdmap_r3,cancel,1000000,0.745,1042
stdmap_r3,cancel,1000000,0.746,1042
stdmap_r3,cancel,1000000,0.747,1042
stdmap_r3,cancel,1000000,0.748,1042
stdmap_r3,cancel,1000000,0.749,1042
stdmap_r3,cancel,1000000,0.75,1042
stdmap_r3,cancel,1000000,0.751,1042
stdmap_r3,cancel,1000000,0.752,1042
stdmap_r3,cancel,1000000,0.753,1042
stdmap_r3,cancel,1000000,0.754,1042
stdmap_r3,cancel,1000000,0.755,1083
stdmap_r3,cancel,1000000,0.756,1083
stdmap_r3,cancel,1000000,0.757,1083
stdmap_r3,cancel,1000000,0.758,1083
stdmap_r3,cancel,1000000,0.759,1083
stdmap_r3,cancel,1000000,0.76,1083
stdmap_r3,cancel,1000000,0.761,1083
stdmap_r3,cancel,1000000,0.762,1083
stdmap_r3,cancel,1000000,0.763,1083
stdmap_r3,cancel,1000000,0.764,1083
stdmap_r3,cancel,1000000,0.765,1083
stdmap_r3,cancel,1000000,0.766,1083
stdmap_r3,cancel,1000000,0.767,1083
stdmap_r3,cancel,1000000,0.768,1083
stdmap_r3,cancel,1000000,0.769,1083
stdmap_r3,cancel,1000000,0.77,1084
stdmap_r3,cancel,1000000,0.771,1084
stdmap_r3,cancel,1000000,0.772,1084
stdmap_r3,cancel,1000000,0.773,1084
stdmap_r3,cancel,1000000,0.774,1084
stdmap_r3,cancel,1000000,0.775,1084
stdmap_r3,cancel,1000000,0.776,1084
stdmap_r3,cancel,1000000,0.777,1084
stdmap_r3,cancel,1000000,0.778,1125
stdmap_r3,cancel,1000000,0.779,1125
stdmap_r3,cancel,1000000,0.78,1125
stdmap_r3,cancel,1000000,0.781,1125
stdmap_r3,cancel,1000000,0.782,1125
stdmap_r3,cancel,1000000,0.783,1125
stdmap_r3,cancel,1000000,0.784,1125
stdmap_r3,cancel,1000000,0.785,1125
stdmap_r3,cancel,1000000,0.786,1125
stdmap_r3,cancel,1000000,0.787,1125
stdmap_r3,cancel,1000000,0.788,1125
stdmap_r3,cancel,1000000,0.789,1125
stdmap_r3,cancel,1000000,0.79,1125
stdmap_r3,cancel,1000000,0.791,1125
stdmap_r3,cancel,1000000,0.792,1125
stdmap_r3,cancel,1000000,0.793,1125
stdmap_r3,cancel,1000000,0.794,1125
stdmap_r3,cancel,1000000,0.795,1125
stdmap_r3,cancel,1000000,0.796,1125
stdmap_r3,cancel,1000000,0.797,1125
stdmap_r3,cancel,1000000,0.798,1166
stdmap_r3,cancel,1000000,0.799,1166
stdmap_r3,cancel,1000000,0.8,1166
stdmap_r3,cancel,1000000,0.801,1166
stdmap_r3,cancel,1000000,0.802,1166
stdmap_r3,cancel,1000000,0.803,1166
stdmap_r3,cancel,1000000,0.804,1167
stdmap_r3,cancel,1000000,0.805,1167
stdmap_r3,cancel,1000000,0.806,1167
stdmap_r3,cancel,1000000,0.807,1167
stdmap_r3,cancel,1000000,0.808,1167
stdmap_r3,cancel,1000000,0.809,1167
stdmap_r3,cancel,1000000,0.81,1167
stdmap_r3,cancel,1000000,0.811,1167
stdmap_r3,cancel,1000000,0.812,1167
stdmap_r3,cancel,1000000,0.813,1167
stdmap_r3,cancel,1000000,0.814,1167
stdmap_r3,cancel,1000000,0.815,1167
stdmap_r3,cancel,1000000,0.816,1167
stdmap_r3,cancel,1000000,0.817,1208
stdmap_r3,cancel,1000000,0.818,1208
stdmap_r3,cancel,1000000,0.819,1208
stdmap_r3,cancel,1000000,0.82,1208
stdmap_r3,cancel,1000000,0.821,1208
stdmap_r3,cancel,1000000,0.822,1208
stdmap_r3,cancel,1000000,0.823,1208
stdmap_r3,cancel,1000000,0.824,1208
stdmap_r3,cancel,1000000,0.825,1208
stdmap_r3,cancel,1000000,0.826,1208
stdmap_r3,cancel,1000000,0.827,1208
stdmap_r3,cancel,1000000,0.828,1209
stdmap_r3,cancel,1000000,0.829,1209
stdmap_r3,cancel,1000000,0.83,1209
stdmap_r3,cancel,1000000,0.831,1209
stdmap_r3,cancel,1000000,0.832,1209
stdmap_r3,cancel,1000000,0.833,1209
stdmap_r3,cancel,1000000,0.834,1250
stdmap_r3,cancel,1000000,0.835,1250
stdmap_r3,cancel,1000000,0.836,1250
stdmap_r3,cancel,1000000,0.837,1250
stdmap_r3,cancel,1000000,0.838,1250
stdmap_r3,cancel,1000000,0.839,1250
stdmap_r3,cancel,1000000,0.84,1250
stdmap_r3,cancel,1000000,0.841,1250
stdmap_r3,cancel,1000000,0.842,1250
stdmap_r3,cancel,1000000,0.843,1250
stdmap_r3,cancel,1000000,0.844,1250
stdmap_r3,cancel,1000000,0.845,1250
stdmap_r3,cancel,1000000,0.846,1250
stdmap_r3,cancel,1000000,0.847,1250
stdmap_r3,cancel,1000000,0.848,1250
stdmap_r3,cancel,1000000,0.849,1291
stdmap_r3,cancel,1000000,0.85,1291
stdmap_r3,cancel,1000000,0.851,1291
stdmap_r3,cancel,1000000,0.852,1291
stdmap_r3,cancel,1000000,0.853,1292
stdmap_r3,cancel,1000000,0.854,1292
stdmap_r3,cancel,1000000,0.855,1292
stdmap_r3,cancel,1000000,0.856,1292
stdmap_r3,cancel,1000000,0.857,1292
stdmap_r3,cancel,1000000,0.858,1292
stdmap_r3,cancel,1000000,0.859,1292
stdmap_r3,cancel,1000000,0.86,1292
stdmap_r3,cancel,1000000,0.861,1292
stdmap_r3,cancel,1000000,0.862,1292
stdmap_r3,cancel,1000000,0.863,1333
stdmap_r3,cancel,1000000,0.864,1333
stdmap_r3,cancel,1000000,0.865,1333
stdmap_r3,cancel,1000000,0.866,1333
stdmap_r3,cancel,1000000,0.867,1333
stdmap_r3,cancel,1000000,0.868,1333
stdmap_r3,cancel,1000000,0.869,1333
stdmap_r3,cancel,1000000,0.87,1333
stdmap_r3,cancel,1000000,0.871,1334
stdmap_r3,cancel,1000000,0.872,1334
stdmap_r3,cancel,1000000,0.873,1334
stdmap_r3,cancel,1000000,0.874,1334
stdmap_r3,cancel,1000000,0.875,1375
stdmap_r3,cancel,1000000,0.876,1375
stdmap_r3,cancel,1000000,0.877,1375
stdmap_r3,cancel,1000000,0.878,1375
stdmap_r3,cancel,1000000,0.879,1375
stdmap_r3,cancel,1000000,0.88,1375
stdmap_r3,cancel,1000000,0.881,1375
stdmap_r3,cancel,1000000,0.882,1375
stdmap_r3,cancel,1000000,0.883,1375
stdmap_r3,cancel,1000000,0.884,1375
stdmap_r3,cancel,1000000,0.885,1375
stdmap_r3,cancel,1000000,0.886,1416
stdmap_r3,cancel,1000000,0.887,1416
stdmap_r3,cancel,1000000,0.888,1416
stdmap_r3,cancel,1000000,0.889,1417
stdmap_r3,cancel,1000000,0.89,1417
stdmap_r3,cancel,1000000,0.891,1417
stdmap_r3,cancel,1000000,0.892,1417
stdmap_r3,cancel,1000000,0.893,1417
stdmap_r3,cancel,1000000,0.894,1417
stdmap_r3,cancel,1000000,0.895,1417
stdmap_r3,cancel,1000000,0.896,1458
stdmap_r3,cancel,1000000,0.897,1458
stdmap_r3,cancel,1000000,0.898,1458
stdmap_r3,cancel,1000000,0.899,1458
stdmap_r3,cancel,1000000,0.9,1458
stdmap_r3,cancel,1000000,0.901,1458
stdmap_r3,cancel,1000000,0.902,1459
stdmap_r3,cancel,1000000,0.903,1459
stdmap_r3,cancel,1000000,0.904,1459
stdmap_r3,cancel,1000000,0.905,1500
stdmap_r3,cancel,1000000,0.906,1500
stdmap_r3,cancel,1000000,0.907,1500
stdmap_r3,cancel,1000000,0.908,1500
stdmap_r3,cancel,1000000,0.909,1500
stdmap_r3,cancel,1000000,0.91,1500
stdmap_r3,cancel,1000000,0.911,1500
stdmap_r3,cancel,1000000,0.912,1500
stdmap_r3,cancel,1000000,0.913,1541
stdmap_r3,cancel,1000000,0.914,1541
stdmap_r3,cancel,1000000,0.915,1541
stdmap_r3,cancel,1000000,0.916,1542
stdmap_r3,cancel,1000000,0.917,1542
stdmap_r3,cancel,1000000,0.918,1542
stdmap_r3,cancel,1000000,0.919,1542
stdmap_r3,cancel,1000000,0.92,1542
stdmap_r3,cancel,1000000,0.921,1583
stdmap_r3,cancel,1000000,0.922,1583
stdmap_r3,cancel,1000000,0.923,1583
stdmap_r3,cancel,1000000,0.924,1583
stdmap_r3,cancel,1000000,0.925,1583
stdmap_r3,cancel,1000000,0.926,1584
stdmap_r3,cancel,1000000,0.927,1584
stdmap_r3,cancel,1000000,0.928,1584
stdmap_r3,cancel,1000000,0.929,1625
stdmap_r3,cancel,1000000,0.93,1625
stdmap_r3,cancel,1000000,0.931,1625
stdmap_r3,cancel,1000000,0.932,1625
stdmap_r3,cancel,1000000,0.933,1625
stdmap_r3,cancel,1000000,0.934,1625
stdmap_r3,cancel,1000000,0.935,1625
stdmap_r3,cancel,1000000,0.936,1666
stdmap_r3,cancel,1000000,0.937,1666
stdmap_r3,cancel,1000000,0.938,1667
stdmap_r3,cancel,1000000,0.939,1667
stdmap_r3,cancel,1000000,0.94,1667
stdmap_r3,cancel,1000000,0.941,1667
stdmap_r3,cancel,1000000,0.942,1708
stdmap_r3,cancel,1000000,0.943,1708
stdmap_r3,cancel,1000000,0.944,1708
stdmap_r3,cancel,1000000,0.945,1708
stdmap_r3,cancel,1000000,0.946,1709
stdmap_r3,cancel,1000000,0.947,1709
stdmap_r3,cancel,1000000,0.948,1750
stdmap_r3,cancel,1000000,0.949,1750
stdmap_r3,cancel,1000000,0.95,1750
stdmap_r3,cancel,1000000,0.951,1750
stdmap_r3,cancel,1000000,0.952,1750
stdmap_r3,cancel,1000000,0.953,1750
stdmap_r3,cancel,1000000,0.954,1791
stdmap_r3,cancel,1000000,0.955,1792
stdmap_r3,cancel,1000000,0.956,1792
stdmap_r3,cancel,1000000,0.957,1792
stdmap_r3,cancel,1000000,0.958,1792
stdmap_r3,cancel,1000000,0.959,1833
stdmap_r3,cancel,1000000,0.96,1833
stdmap_r3,cancel,1000000,0.961,1833
stdmap_r3,cancel,1000000,0.962,1834
stdmap_r3,cancel,1000000,0.963,1875
stdmap_r3,cancel,1000000,0.964,1875
stdmap_r3,cancel,1000000,0.965,1875
stdmap_r3,cancel,1000000,0.966,1875
stdmap_r3,cancel,1000000,0.967,1916
stdmap_r3,cancel,1000000,0.968,1917
stdmap_r3,cancel,1000000,0.969,1917
stdmap_r3,cancel,1000000,0.97,1958
stdmap_r3,cancel,1000000,0.971,1959
stdmap_r3,cancel,1000000,0.972,2000
stdmap_r3,cancel,1000000,0.973,2000
stdmap_r3,cancel,1000000,0.974,2000
stdmap_r3,cancel,1000000,0.975,2042
stdmap_r3,cancel,1000000,0.976,2042
stdmap_r3,cancel,1000000,0.977,2083
stdmap_r3,cancel,1000000,0.978,2084
stdmap_r3,cancel,1000000,0.979,2125
stdmap_r3,cancel,1000000,0.98,2125
stdmap_r3,cancel,1000000,0.981,2167
stdmap_r3,cancel,1000000,0.982,2208
stdmap_r3,cancel,1000000,0.983,2209
stdmap_r3,cancel,1000000,0.984,2250
stdmap_r3,cancel,1000000,0.985,2292
stdmap_r3,cancel,1000000,0.986,2333
stdmap_r3,cancel,1000000,0.987,2375
stdmap_r3,cancel,1000000,0.988,2416
stdmap_r3,cancel,1000000,0.989,2458
stdmap_r3,cancel,1000000,0.99,2541
stdmap_r3,cancel,1000000,0.991,2625
stdmap_r3,cancel,1000000,0.992,2709
stdmap_r3,cancel,1000000,0.993,2875
stdmap_r3,cancel,1000000,0.994,3084
stdmap_r3,cancel,1000000,0.995,3459
stdmap_r3,cancel,1000000,0.996,4042
stdmap_r3,cancel,1000000,0.997,4917
stdmap_r3,cancel,1000000,0.998,6250
stdmap_r3,cancel,1000000,0.999,9042
stdmap_r3,match,1000000,0,0
stdmap_r3,match,1000000,0.001,41
stdmap_r3,match,1000000,0.002,41
stdmap_r3,match,1000000,0.003,41
stdmap_r3,match,1000000,0.004,41
stdmap_r3,match,1000000,0.005,41
stdmap_r3,match,1000000,0.006,41
stdmap_r3,match,1000000,0.007,41
stdmap_r3,match,1000000,0.008,41
stdmap_r3,match,1000000,0.009,41
stdmap_r3,match,1000000,0.01,41
stdmap_r3,match,1000000,0.011,41
stdmap_r3,match,1000000,0.012,41
stdmap_r3,match,1000000,0.013,41
stdmap_r3,match,1000000,0.014,41
stdmap_r3,match,1000000,0.015,41
stdmap_r3,match,1000000,0.016,41
stdmap_r3,match,1000000,0.017,41
stdmap_r3,match,1000000,0.018,41
stdmap_r3,match,1000000,0.019,42
stdmap_r3,match,1000000,0.02,42
stdmap_r3,match,1000000,0.021,42
stdmap_r3,match,1000000,0.022,42
stdmap_r3,match,1000000,0.023,42
stdmap_r3,match,1000000,0.024,42
stdmap_r3,match,1000000,0.025,42
stdmap_r3,match,1000000,0.026,42
stdmap_r3,match,1000000,0.027,42
stdmap_r3,match,1000000,0.028,42
stdmap_r3,match,1000000,0.029,42
stdmap_r3,match,1000000,0.03,42
stdmap_r3,match,1000000,0.031,42
stdmap_r3,match,1000000,0.032,42
stdmap_r3,match,1000000,0.033,42
stdmap_r3,match,1000000,0.034,42
stdmap_r3,match,1000000,0.035,42
stdmap_r3,match,1000000,0.036,42
stdmap_r3,match,1000000,0.037,42
stdmap_r3,match,1000000,0.038,42
stdmap_r3,match,1000000,0.039,42
stdmap_r3,match,1000000,0.04,42
stdmap_r3,match,1000000,0.041,42
stdmap_r3,match,1000000,0.042,42
stdmap_r3,match,1000000,0.043,42
stdmap_r3,match,1000000,0.044,42
stdmap_r3,match,1000000,0.045,42
stdmap_r3,match,1000000,0.046,42
stdmap_r3,match,1000000,0.047,42
stdmap_r3,match,1000000,0.048,42
stdmap_r3,match,1000000,0.049,42
stdmap_r3,match,1000000,0.05,42
stdmap_r3,match,1000000,0.051,42
stdmap_r3,match,1000000,0.052,42
stdmap_r3,match,1000000,0.053,42
stdmap_r3,match,1000000,0.054,42
stdmap_r3,match,1000000,0.055,42
stdmap_r3,match,1000000,0.056,42
stdmap_r3,match,1000000,0.057,42
stdmap_r3,match,1000000,0.058,83
stdmap_r3,match,1000000,0.059,83
stdmap_r3,match,1000000,0.06,83
stdmap_r3,match,1000000,0.061,83
stdmap_r3,match,1000000,0.062,83
stdmap_r3,match,1000000,0.063,83
stdmap_r3,match,1000000,0.064,83
stdmap_r3,match,1000000,0.065,83
stdmap_r3,match,1000000,0.066,83
stdmap_r3,match,1000000,0.067,83
stdmap_r3,match,1000000,0.068,83
stdmap_r3,match,1000000,0.069,83
stdmap_r3,match,1000000,0.07,83
stdmap_r3,match,1000000,0.071,83
stdmap_r3,match,1000000,0.072,83
stdmap_r3,match,1000000,0.073,83
stdmap_r3,match,1000000,0.074,83
stdmap_r3,match,1000000,0.075,83
stdmap_r3,match,1000000,0.076,83
stdmap_r3,match,1000000,0.077,83
stdmap_r3,match,1000000,0.078,83
stdmap_r3,match,1000000,0.079,83
stdmap_r3,match,1000000,0.08,83
stdmap_r3,match,1000000,0.081,83
stdmap_r3,match,1000000,0.082,83
stdmap_r3,match,1000000,0.083,83
stdmap_r3,match,1000000,0.084,83
stdmap_r3,match,1000000,0.085,83
stdmap_r3,match,1000000,0.086,83
stdmap_r3,match,1000000,0.087,83
stdmap_r3,match,1000000,0.088,83
stdmap_r3,match,1000000,0.089,83
stdmap_r3,match,1000000,0.09,83
stdmap_r3,match,1000000,0.091,83
stdmap_r3,match,1000000,0.092,83
stdmap_r3,match,1000000,0.093,83
stdmap_r3,match,1000000,0.094,83
stdmap_r3,match,1000000,0.095,83
stdmap_r3,match,1000000,0.096,83
stdmap_r3,match,1000000,0.097,83
stdmap_r3,match,1000000,0.098,83
stdmap_r3,match,1000000,0.099,83
stdmap_r3,match,1000000,0.1,83
stdmap_r3,match,1000000,0.101,83
stdmap_r3,match,1000000,0.102,83
stdmap_r3,match,1000000,0.103,83
stdmap_r3,match,1000000,0.104,83
stdmap_r3,match,1000000,0.105,83
stdmap_r3,match,1000000,0.106,83
stdmap_r3,match,1000000,0.107,83
stdmap_r3,match,1000000,0.108,83
stdmap_r3,match,1000000,0.109,83
stdmap_r3,match,1000000,0.11,83
stdmap_r3,match,1000000,0.111,83
stdmap_r3,match,1000000,0.112,84
stdmap_r3,match,1000000,0.113,84
stdmap_r3,match,1000000,0.114,84
stdmap_r3,match,1000000,0.115,84
stdmap_r3,match,1000000,0.116,84
stdmap_r3,match,1000000,0.117,84
stdmap_r3,match,1000000,0.118,84
stdmap_r3,match,1000000,0.119,84
stdmap_r3,match,1000000,0.12,84
stdmap_r3,match,1000000,0.121,84
stdmap_r3,match,1000000,0.122,84
stdmap_r3,match,1000000,0.123,84
stdmap_r3,match,1000000,0.124,84
stdmap_r3,match,1000000,0.125,84
stdmap_r3,match,1000000,0.126,84
stdmap_r3,match,1000000,0.127,84
stdmap_r3,match,1000000,0.128,84
stdmap_r3,match,1000000,0.129,84
stdmap_r3,match,1000000,0.13,84
stdmap_r3,match,1000000,0.131,84
stdmap_r3,match,1000000,0.132,84
stdmap_r3,match,1000000,0.133,84
stdmap_r3,match,1000000,0.134,84
stdmap_r3,match,1000000,0.135,84
stdmap_r3,match,1000000,0.136,84
stdmap_r3,match,1000000,0.137,84
stdmap_r3,match,1000000,0.138,84
stdmap_r3,match,1000000,0.139,84
stdmap_r3,match,1000000,0.14,125
stdmap_r3,match,1000000,0.141,125
stdmap_r3,match,1000000,0.142,125
stdmap_r3,match,1000000,0.143,125
stdmap_r3,match,1000000,0.144,125
stdmap_r3,match,1000000,0.145,125
stdmap_r3,match,1000000,0.146,125
stdmap_r3,match,1000000,0.147,125
stdmap_r3,match,1000000,0.148,125
stdmap_r3,match,1000000,0.149,125
stdmap_r3,match,1000000,0.15,125
stdmap_r3,match,1000000,0.151,125
stdmap_r3,match,1000000,0.152,125
stdmap_r3,match,1000000,0.153,125
stdmap_r3,match,1000000,0.154,125
stdmap_r3,match,1000000,0.155,125
stdmap_r3,match,1000000,0.156,125
stdmap_r3,match,1000000,0.157,125
stdmap_r3,match,1000000,0.158,125
stdmap_r3,match,1000000,0.159,125
stdmap_r3,match,1000000,0.16,125
stdmap_r3,match,1000000,0.161,125
stdmap_r3,match,1000000,0.162,125
stdmap_r3,match,1000000,0.163,125
stdmap_r3,match,1000000,0.164,125
stdmap_r3,match,1000000,0.165,125
stdmap_r3,match,1000000,0.166,125
stdmap_r3,match,1000000,0.167,125
stdmap_r3,match,1000000,0.168,125
stdmap_r3,match,1000000,0.169,125
stdmap_r3,match,1000000,0.17,125
stdmap_r3,match,1000000,0.171,125
stdmap_r3,match,1000000,0.172,125
stdmap_r3,match,1000000,0.173,125
stdmap_r3,match,1000000,0.174,125
stdmap_r3,match,1000000,0.175,125
stdmap_r3,match,1000000,0.176,125
stdmap_r3,match,1000000,0.177,125
stdmap_r3,match,1000000,0.178,125
stdmap_r3,match,1000000,0.179,166
stdmap_r3,match,1000000,0.18,166
stdmap_r3,match,1000000,0.181,166
stdmap_r3,match,1000000,0.182,166
stdmap_r3,match,1000000,0.183,166
stdmap_r3,match,1000000,0.184,166
stdmap_r3,match,1000000,0.185,166
stdmap_r3,match,1000000,0.186,166
stdmap_r3,match,1000000,0.187,166
stdmap_r3,match,1000000,0.188,166
stdmap_r3,match,1000000,0.189,166
stdmap_r3,match,1000000,0.19,167
stdmap_r3,match,1000000,0.191,167
stdmap_r3,match,1000000,0.192,167
stdmap_r3,match,1000000,0.193,167
stdmap_r3,match,1000000,0.194,167
stdmap_r3,match,1000000,0.195,167
stdmap_r3,match,1000000,0.196,167
stdmap_r3,match,1000000,0.197,167
stdmap_r3,match,1000000,0.198,167
stdmap_r3,match,1000000,0.199,167
stdmap_r3,match,1000000,0.2,167
stdmap_r3,match,1000000,0.201,167
stdmap_r3,match,1000000,0.202,167
stdmap_r3,match,1000000,0.203,167
stdmap_r3,match,1000000,0.204,167
stdmap_r3,match,1000000,0.205,167
stdmap_r3,match,1000000,0.206,167
stdmap_r3,match,1000000,0.207,167
stdmap_r3,match,1000000,0.208,167
stdmap_r3,match,1000000,0.209,167
stdmap_r3,match,1000000,0.21,167
stdmap_r3,match,1000000,0.211,167
stdmap_r3,match,1000000,0.212,208
stdmap_r3,match,1000000,0.213,208
stdmap_r3,match,1000000,0.214,208
stdmap_r3,match,1000000,0.215,208
stdmap_r3,match,1000000,0.216,208
stdmap_r3,match,1000000,0.217,208
stdmap_r3,match,1000000,0.218,208
stdmap_r3,match,1000000,0.219,208
stdmap_r3,match,1000000,0.22,208
stdmap_r3,match,1000000,0.221,208
stdmap_r3,match,1000000,0.222,208
stdmap_r3,match,1000000,0.223,208
stdmap_r3,match,1000000,0.224,208
stdmap_r3,match,1000000,0.225,208
stdmap_r3,match,1000000,0.226,208
stdmap_r3,match,1000000,0.227,208
stdmap_r3,match,1000000,0.228,208
stdmap_r3,match,1000000,0.229,208
stdmap_r3,match,1000000,0.23,208
stdmap_r3,match,1000000,0.231,208
stdmap_r3,match,1000000,0.232,208
stdmap_r3,match,1000000,0.233,208
stdmap_r3,match,1000000,0.234,208
stdmap_r3,match,1000000,0.235,208
stdmap_r3,match,1000000,0.236,208
stdmap_r3,match,1000000,0.237,209
stdmap_r3,match,1000000,0.238,209
stdmap_r3,match,1000000,0.239,209
stdmap_r3,match,1000000,0.24,209
stdmap_r3,match,1000000,0.241,209
stdmap_r3,match,1000000,0.242,209
stdmap_r3,match,1000000,0.243,209
stdmap_r3,match,1000000,0.244,209
stdmap_r3,match,1000000,0.245,209
stdmap_r3,match,1000000,0.246,209
stdmap_r3,match,1000000,0.247,209
stdmap_r3,match,1000000,0.248,209
stdmap_r3,match,1000000,0.249,250
stdmap_r3,match,1000000,0.25,250
stdmap_r3,match,1000000,0.251,250
stdmap_r3,match,1000000,0.252,250
stdmap_r3,match,1000000,0.253,250
stdmap_r3,match,1000000,0.254,250
stdmap_r3,match,1000000,0.255,250
stdmap_r3,match,1000000,0.256,250
stdmap_r3,match,1000000,0.257,250
stdmap_r3,match,1000000,0.258,250
stdmap_r3,match,1000000,0.259,250
stdmap_r3,match,1000000,0.26,250
stdmap_r3,match,1000000,0.261,250
stdmap_r3,match,1000000,0.262,250
stdmap_r3,match,1000000,0.263,250
stdmap_r3,match,1000000,0.264,250
stdmap_r3,match,1000000,0.265,250
stdmap_r3,match,1000000,0.266,250
stdmap_r3,match,1000000,0.267,250
stdmap_r3,match,1000000,0.268,250
stdmap_r3,match,1000000,0.269,250
stdmap_r3,match,1000000,0.27,250
stdmap_r3,match,1000000,0.271,250
stdmap_r3,match,1000000,0.272,250
stdmap_r3,match,1000000,0.273,250
stdmap_r3,match,1000000,0.274,250
stdmap_r3,match,1000000,0.275,250
stdmap_r3,match,1000000,0.276,250
stdmap_r3,match,1000000,0.277,250
stdmap_r3,match,1000000,0.278,250
stdmap_r3,match,1000000,0.279,250
stdmap_r3,match,1000000,0.28,250
stdmap_r3,match,1000000,0.281,250
stdmap_r3,match,1000000,0.282,291
stdmap_r3,match,1000000,0.283,291
stdmap_r3,match,1000000,0.284,291
stdmap_r3,match,1000000,0.285,291
stdmap_r3,match,1000000,0.286,291
stdmap_r3,match,1000000,0.287,291
stdmap_r3,match,1000000,0.288,291
stdmap_r3,match,1000000,0.289,291
stdmap_r3,match,1000000,0.29,291
stdmap_r3,match,1000000,0.291,291
stdmap_r3,match,1000000,0.292,291
stdmap_r3,match,1000000,0.293,291
stdmap_r3,match,1000000,0.294,291
stdmap_r3,match,1000000,0.295,291
stdmap_r3,match,1000000,0.296,291
stdmap_r3,match,1000000,0.297,291
stdmap_r3,match,1000000,0.298,291
stdmap_r3,match,1000000,0.299,291
stdmap_r3,match,1000000,0.3,292
stdmap_r3,match,1000000,0.301,292
stdmap_r3,match,1000000,0.302,292
stdmap_r3,match,1000000,0.303,292
stdmap_r3,match,1000000,0.304,292
stdmap_r3,match,1000000,0.305,292
stdmap_r3,match,1000000,0.306,292
stdmap_r3,match,1000000,0.307,292
stdmap_r3,match,1000000,0.308,292
stdmap_r3,match,1000000,0.309,292
stdmap_r3,match,1000000,0.31,292
stdmap_r3,match,1000000,0.311,292
stdmap_r3,match,1000000,0.312,292
stdmap_r3,match,1000000,0.313,292
stdmap_r3,match,1000000,0.314,292
stdmap_r3,match,1000000,0.315,292
stdmap_r3,match,1000000,0.316,292
stdmap_r3,match,1000000,0.317,292
stdmap_r3,match,1000000,0.318,292
stdmap_r3,match,1000000,0.319,292
stdmap_r3,match,1000000,0.32,292
stdmap_r3,match,1000000,0.321,292
stdmap_r3,match,1000000,0.322,292
stdmap_r3,match,1000000,0.323,292
stdmap_r3,match,1000000,0.324,292
stdmap_r3,match,1000000,0.325,292
stdmap_r3,match,1000000,0.326,292
stdmap_r3,match,1000000,0.327,292
stdmap_r3,match,1000000,0.328,292
stdmap_r3,match,1000000,0.329,292
stdmap_r3,match,1000000,0.33,292
stdmap_r3,match,1000000,0.331,292
stdmap_r3,match,1000000,0.332,292
stdmap_r3,match,1000000,0.333,292
stdmap_r3,match,1000000,0.334,292
stdmap_r3,match,1000000,0.335,292
stdmap_r3,match,1000000,0.336,292
stdmap_r3,match,1000000,0.337,333
stdmap_r3,match,1000000,0.338,333
stdmap_r3,match,1000000,0.339,333
stdmap_r3,match,1000000,0.34,333
stdmap_r3,match,1000000,0.341,333
stdmap_r3,match,1000000,0.342,333
stdmap_r3,match,1000000,0.343,333
stdmap_r3,match,1000000,0.344,333
stdmap_r3,match,1000000,0.345,333
stdmap_r3,match,1000000,0.346,333
stdmap_r3,match,1000000,0.347,333
stdmap_r3,match,1000000,0.348,333
stdmap_r3,match,1000000,0.349,333
stdmap_r3,match,1000000,0.35,333
stdmap_r3,match,1000000,0.351,333
stdmap_r3,match,1000000,0.352,333
stdmap_r3,match,1000000,0.353,333
stdmap_r3,match,1000000,0.354,333
stdmap_r3,match,1000000,0.355,333
stdmap_r3,match,1000000,0.356,333
stdmap_r3,match,1000000,0.357,333
stdmap_r3,match,1000000,0.358,333
stdmap_r3,match,1000000,0.359,333
stdmap_r3,match,1000000,0.36,333
stdmap_r3,match,1000000,0.361,333
stdmap_r3,match,1000000,0.362,333
stdmap_r3,match,1000000,0.363,333
stdmap_r3,match,1000000,0.364,333
stdmap_r3,match,1000000,0.365,333
stdmap_r3,match,1000000,0.366,333
stdmap_r3,match,1000000,0.367,333
stdmap_r3,match,1000000,0.368,333
stdmap_r3,match,1000000,0.369,333
stdmap_r3,match,1000000,0.37,333
stdmap_r3,match,1000000,0.371,333
stdmap_r3,match,1000000,0.372,333
stdmap_r3,match,1000000,0.373,333
stdmap_r3,match,1000000,0.374,333
stdmap_r3,match,1000000,0.375,333
stdmap_r3,match,1000000,0.376,333
stdmap_r3,match,1000000,0.377,333
stdmap_r3,match,1000000,0.378,333
stdmap_r3,match,1000000,0.379,333
stdmap_r3,match,1000000,0.38,333
stdmap_r3,match,1000000,0.381,333
stdmap_r3,match,1000000,0.382,333
stdmap_r3,match,1000000,0.383,333
stdmap_r3,match,1000000,0.384,334
stdmap_r3,match,1000000,0.385,334
stdmap_r3,match,1000000,0.386,334
stdmap_r3,match,1000000,0.387,334
stdmap_r3,match,1000000,0.388,334
stdmap_r3,match,1000000,0.389,334
stdmap_r3,match,1000000,0.39,334
stdmap_r3,match,1000000,0.391,334
stdmap_r3,match,1000000,0.392,334
stdmap_r3,match,1000000,0.393,334
stdmap_r3,match,1000000,0.394,334
stdmap_r3,match,1000000,0.395,334
stdmap_r3,match,1000000,0.396,334
stdmap_r3,match,1000000,0.397,334
stdmap_r3,match,1000000,0.398,334
stdmap_r3,match,1000000,0.399,334
stdmap_r3,match,1000000,0.4,334
stdmap_r3,match,1000000,0.401,334
stdmap_r3,match,1000000,0.402,334
stdmap_r3,match,1000000,0.403,334
stdmap_r3,match,1000000,0.404,334
stdmap_r3,match,1000000,0.405,334
stdmap_r3,match,1000000,0.406,334
stdmap_r3,match,1000000,0.407,334
stdmap_r3,match,1000000,0.408,375
stdmap_r3,match,1000000,0.409,375
stdmap_r3,match,1000000,0.41,375
stdmap_r3,match,1000000,0.411,375
stdmap_r3,match,1000000,0.412,375
stdmap_r3,match,1000000,0.413,375
stdmap_r3,match,1000000,0.414,375
stdmap_r3,match,1000000,0.415,375
stdmap_r3,match,1000000,0.416,375
stdmap_r3,match,1000000,0.417,375
stdmap_r3,match,1000000,0.418,375
stdmap_r3,match,1000000,0.419,375
stdmap_r3,match,1000000,0.42,375
stdmap_r3,match,1000000,0.421,375
stdmap_r3,match,1000000,0.422,375
stdmap_r3,match,1000000,0.423,375
stdmap_r3,match,1000000,0.424,375
stdmap_r3,match,1000000,0.425,375
stdmap_r3,match,1000000,0.426,375
stdmap_r3,match,1000000,0.427,375
stdmap_r3,match,1000000,0.428,375
stdmap_r3,match,1000000,0.429,375
stdmap_r3,match,1000000,0.43,375
stdmap_r3,match,1000000,0.431,375
stdmap_r3,match,1000000,0.432,375
stdmap_r3,match,1000000,0.433,375
stdmap_r3,match,1000000,0.434,375
stdmap_r3,match,1000000,0.435,375
stdmap_r3,match,1000000,0.436,375
stdmap_r3,match,1000000,0.437,375
stdmap_r3,match,1000000,0.438,375
stdmap_r3,match,1000000,0.439,375
stdmap_r3,match,1000000,0.44,375
stdmap_r3,match,1000000,0.441,375
stdmap_r3,match,1000000,0.442,375
stdmap_r3,match,1000000,0.443,375
stdmap_r3,match,1000000,0.444,375
stdmap_r3,match,1000000,0.445,375
stdmap_r3,match,1000000,0.446,375
stdmap_r3,match,1000000,0.447,375
stdmap_r3,match,1000000,0.448,375
stdmap_r3,match,1000000,0.449,375
stdmap_r3,match,1000000,0.45,375
stdmap_r3,match,1000000,0.451,375
stdmap_r3,match,1000000,0.452,375
stdmap_r3,match,1000000,0.453,375
stdmap_r3,match,1000000,0.454,375
stdmap_r3,match,1000000,0.455,375
stdmap_r3,match,1000000,0.456,375
stdmap_r3,match,1000000,0.457,375
stdmap_r3,match,1000000,0.458,375
stdmap_r3,match,1000000,0.459,375
stdmap_r3,match,1000000,0.46,375
stdmap_r3,match,1000000,0.461,375
stdmap_r3,match,1000000,0.462,375
stdmap_r3,match,1000000,0.463,375
stdmap_r3,match,1000000,0.464,375
stdmap_r3,match,1000000,0.465,375
stdmap_r3,match,1000000,0.466,375
stdmap_r3,match,1000000,0.467,375
stdmap_r3,match,1000000,0.468,375
stdmap_r3,match,1000000,0.469,375
stdmap_r3,match,1000000,0.47,375
stdmap_r3,match,1000000,0.471,375
stdmap_r3,match,1000000,0.472,375
stdmap_r3,match,1000000,0.473,375
stdmap_r3,match,1000000,0.474,375
stdmap_r3,match,1000000,0.475,416
stdmap_r3,match,1000000,0.476,416
stdmap_r3,match,1000000,0.477,416
stdmap_r3,match,1000000,0.478,416
stdmap_r3,match,1000000,0.479,416
stdmap_r3,match,1000000,0.48,416
stdmap_r3,match,1000000,0.481,416
stdmap_r3,match,1000000,0.482,416
stdmap_r3,match,1000000,0.483,416
stdmap_r3,match,1000000,0.484,416
stdmap_r3,match,1000000,0.485,416
stdmap_r3,match,1000000,0.486,416
stdmap_r3,match,1000000,0.487,416
stdmap_r3,match,1000000,0.488,416
stdmap_r3,match,1000000,0.489,416
stdmap_r3,match,1000000,0.49,416
stdmap_r3,match,1000000,0.491,416
stdmap_r3,match,1000000,0.492,416
stdmap_r3,match,1000000,0.493,416
stdmap_r3,match,1000000,0.494,416
stdmap_r3,match,1000000,0.495,416
stdmap_r3,match,1000000,0.496,416
stdmap_r3,match,1000000,0.497,417
stdmap_r3,match,1000000,0.498,417
stdmap_r3,match,1000000,0.499,417
stdmap_r3,match,1000000,0.5,417
stdmap_r3,match,1000000,0.501,417
stdmap_r3,match,1000000,0.502,417
stdmap_r3,match,1000000,0.503,417
stdmap_r3,match,1000000,0.504,417
stdmap_r3,match,1000000,0.505,417
stdmap_r3,match,1000000,0.506,417
stdmap_r3,match,1000000,0.507,417
stdmap_r3,match,1000000,0.508,417
stdmap_r3,match,1000000,0.509,417
stdmap_r3,match,1000000,0.51,417
stdmap_r3,match,1000000,0.511,417
stdmap_r3,match,1000000,0.512,417
stdmap_r3,match,1000000,0.513,417
stdmap_r3,match,1000000,0.514,417
stdmap_r3,match,1000000,0.515,417
stdmap_r3,match,1000000,0.516,417
stdmap_r3,match,1000000,0.517,417
stdmap_r3,match,1000000,0.518,417
stdmap_r3,match,1000000,0.519,417
stdmap_r3,match,1000000,0.52,417
stdmap_r3,match,1000000,0.521,417
stdmap_r3,match,1000000,0.522,417
stdmap_r3,match,1000000,0.523,417
stdmap_r3,match,1000000,0.524,417
stdmap_r3,match,1000000,0.525,417
stdmap_r3,match,1000000,0.526,417
stdmap_r3,match,1000000,0.527,417
stdmap_r3,match,1000000,0.528,417
stdmap_r3,match,1000000,0.529,417
stdmap_r3,match,1000000,0.53,417
stdmap_r3,match,1000000,0.531,417
stdmap_r3,match,1000000,0.532,417
stdmap_r3,match,1000000,0.533,417
stdmap_r3,match,1000000,0.534,417
stdmap_r3,match,1000000,0.535,417
stdmap_r3,match,1000000,0.536,417
stdmap_r3,match,1000000,0.537,417
stdmap_r3,match,1000000,0.538,417
stdmap_r3,match,1000000,0.539,417
stdmap_r3,match,1000000,0.54,417
stdmap_r3,match,1000000,0.541,458
stdmap_r3,match,1000000,0.542,458
stdmap_r3,match,1000000,0.543,458
stdmap_r3,match,1000000,0.544,458
stdmap_r3,match,1000000,0.545,458
stdmap_r3,match,1000000,0.546,458
stdmap_r3,match,1000000,0.547,458
stdmap_r3,match,1000000,0.548,458
stdmap_r3,match,1000000,0.549,458
stdmap_r3,match,1000000,0.55,458
stdmap_r3,match,1000000,0.551,458
stdmap_r3,match,1000000,0.552,458
stdmap_r3,match,1000000,0.553,458
stdmap_r3,match,1000000,0.554,458
stdmap_r3,match,1000000,0.555,458
stdmap_r3,match,1000000,0.556,458
stdmap_r3,match,1000000,0.557,458
stdmap_r3,match,1000000,0.558,458
stdmap_r3,match,1000000,0.559,458
stdmap_r3,match,1000000,0.56,458
stdmap_r3,match,1000000,0.561,458
stdmap_r3,match,1000000,0.562,458
stdmap_r3,match,1000000,0.563,458
stdmap_r3,match,1000000,0.564,458
stdmap_r3,match,1000000,0.565,458
stdmap_r3,match,1000000,0.566,458
stdmap_r3,match,1000000,0.567,458
stdmap_r3,match,1000000,0.568,458
stdmap_r3,match,1000000,0.569,458
stdmap_r3,match,1000000,0.57,458
stdmap_r3,match,1000000,0.571,458
stdmap_r3,match,1000000,0.572,458
stdmap_r3,match,1000000,0.573,458
stdmap_r3,match,1000000,0.574,458
stdmap_r3,match,1000000,0.575,458
stdmap_r3,match,1000000,0.576,458
stdmap_r3,match,1000000,0.577,458
stdmap_r3,match,1000000,0.578,458
stdmap_r3,match,1000000,0.579,458
stdmap_r3,match,1000000,0.58,458
stdmap_r3,match,1000000,0.581,458
stdmap_r3,match,1000000,0.582,459
stdmap_r3,match,1000000,0.583,459
stdmap_r3,match,1000000,0.584,459
stdmap_r3,match,1000000,0.585,459
stdmap_r3,match,1000000,0.586,459
stdmap_r3,match,1000000,0.587,459
stdmap_r3,match,1000000,0.588,459
stdmap_r3,match,1000000,0.589,459
stdmap_r3,match,1000000,0.59,459
stdmap_r3,match,1000000,0.591,459
stdmap_r3,match,1000000,0.592,459
stdmap_r3,match,1000000,0.593,459
stdmap_r3,match,1000000,0.594,459
stdmap_r3,match,1000000,0.595,459
stdmap_r3,match,1000000,0.596,459
stdmap_r3,match,1000000,0.597,459
stdmap_r3,match,1000000,0.598,459
stdmap_r3,match,1000000,0.599,459
stdmap_r3,match,1000000,0.6,459
stdmap_r3,match,1000000,0.601,459
stdmap_r3,match,1000000,0.602,500
stdmap_r3,match,1000000,0.603,500
stdmap_r3,match,1000000,0.604,500
stdmap_r3,match,1000000,0.605,500
stdmap_r3,match,1000000,0.606,500
stdmap_r3,match,1000000,0.607,500
stdmap_r3,match,1000000,0.608,500
stdmap_r3,match,1000000,0.609,500
stdmap_r3,match,1000000,0.61,500
stdmap_r3,match,1000000,0.611,500
stdmap_r3,match,1000000,0.612,500
stdmap_r3,match,1000000,0.613,500
stdmap_r3,match,1000000,0.614,500
stdmap_r3,match,1000000,0.615,500
stdmap_r3,match,1000000,0.616,500
stdmap_r3,match,1000000,0.617,500
stdmap_r3,match,1000000,0.618,500
stdmap_r3,match,1000000,0.619,500
stdmap_r3,match,1000000,0.62,500
stdmap_r3,match,1000000,0.621,500
stdmap_r3,match,1000000,0.622,500
stdmap_r3,match,1000000,0.623,500
stdmap_r3,match,1000000,0.624,500
stdmap_r3,match,1000000,0.625,500
stdmap_r3,match,1000000,0.626,500
stdmap_r3,match,1000000,0.627,500
stdmap_r3,match,1000000,0.628,500
stdmap_r3,match,1000000,0.629,500
stdmap_r3,match,1000000,0.63,500
stdmap_r3,match,1000000,0.631,500
stdmap_r3,match,1000000,0.632,500
stdmap_r3,match,1000000,0.633,500
stdmap_r3,match,1000000,0.634,500
stdmap_r3,match,1000000,0.635,500
stdmap_r3,match,1000000,0.636,500
stdmap_r3,match,1000000,0.637,500
stdmap_r3,match,1000000,0.638,500
stdmap_r3,match,1000000,0.639,500
stdmap_r3,match,1000000,0.64,500
stdmap_r3,match,1000000,0.641,500
stdmap_r3,match,1000000,0.642,500
stdmap_r3,match,1000000,0.643,500
stdmap_r3,match,1000000,0.644,500
stdmap_r3,match,1000000,0.645,500
stdmap_r3,match,1000000,0.646,500
stdmap_r3,match,1000000,0.647,500
stdmap_r3,match,1000000,0.648,500
stdmap_r3,match,1000000,0.649,500
stdmap_r3,match,1000000,0.65,500
stdmap_r3,match,1000000,0.651,500
stdmap_r3,match,1000000,0.652,500
stdmap_r3,match,1000000,0.653,500
stdmap_r3,match,1000000,0.654,541
stdmap_r3,match,1000000,0.655,541
stdmap_r3,match,1000000,0.656,541
stdmap_r3,match,1000000,0.657,541
stdmap_r3,match,1000000,0.658,541
stdmap_r3,match,1000000,0.659,541
stdmap_r3,match,1000000,0.66,541
stdmap_r3,match,1000000,0.661,541
stdmap_r3,match,1000000,0.662,541
stdmap_r3,match,1000000,0.663,541
stdmap_r3,match,1000000,0.664,541
stdmap_r3,match,1000000,0.665,541
stdmap_r3,match,1000000,0.666,541
stdmap_r3,match,1000000,0.667,541
stdmap_r3,match,1000000,0.668,541
stdmap_r3,match,1000000,0.669,541
stdmap_r3,match,1000000,0.67,542
stdmap_r3,match,1000000,0.671,542
stdmap_r3,match,1000000,0.672,542
stdmap_r3,match,1000000,0.673,542
stdmap_r3,match,1000000,0.674,542
stdmap_r3,match,1000000,0.675,542
stdmap_r3,match,1000000,0.676,542
stdmap_r3,match,1000000,0.677,542
stdmap_r3,match,1000000,0.678,542
stdmap_r3,match,1000000,0.679,542
stdmap_r3,match,1000000,0.68,542
stdmap_r3,match,1000000,0.681,542
stdmap_r3,match,1000000,0.682,542
stdmap_r3,match,1000000,0.683,542
stdmap_r3,match,1000000,0.684,542
stdmap_r3,match,1000000,0.685,542
stdmap_r3,match,1000000,0.686,542
stdmap_r3,match,1000000,0.687,542
stdmap_r3,match,1000000,0.688,542
stdmap_r3,match,1000000,0.689,542
stdmap_r3,match,1000000,0.69,542
stdmap_r3,match,1000000,0.691,542
stdmap_r3,match,1000000,0.692,542
stdmap_r3,match,1000000,0.693,542
stdmap_r3,match,1000000,0.694,542
stdmap_r3,match,1000000,0.695,542
stdmap_r3,match,1000000,0.696,542
stdmap_r3,match,1000000,0.697,542
stdmap_r3,match,1000000,0.698,542
stdmap_r3,match,1000000,0.699,542
stdmap_r3,match,1000000,0.7,542
stdmap_r3,match,1000000,0.701,583
stdmap_r3,match,1000000,0.702,583
stdmap_r3,match,1000000,0.703,583
stdmap_r3,match,1000000,0.704,583
stdmap_r3,match,1000000,0.705,583
stdmap_r3,match,1000000,0.706,583
stdmap_r3,match,1000000,0.707,583
stdmap_r3,match,1000000,0.708,583
stdmap_r3,match,1000000,0.709,583
stdmap_r3,match,1000000,0.71,583
stdmap_r3,match,1000000,0.711,583
stdmap_r3,match,1000000,0.712,583
stdmap_r3,match,1000000,0.713,583
stdmap_r3,match,1000000,0.714,583
stdmap_r3,match,1000000,0.715,583
stdmap_r3,match,1000000,0.716,583
stdmap_r3,match,1000000,0.717,583
stdmap_r3,match,1000000,0.718,583
stdmap_r3,match,1000000,0.719,583
stdmap_r3,match,1000000,0.72,583
stdmap_r3,match,1000000,0.721,583
stdmap_r3,match,1000000,0.722,583
stdmap_r3,match,1000000,0.723,583
stdmap_r3,match,1000000,0.724,583
stdmap_r3,match,1000000,0.725,583
stdmap_r3,match,1000000,0.726,583
stdmap_r3,match,1000000,0.727,583
stdmap_r3,match,1000000,0.728,583
stdmap_r3,match,1000000,0.729,584
stdmap_r3,match,1000000,0.73,584
stdmap_r3,match,1000000,0.731,584
stdmap_r3,match,1000000,0.732,584
stdmap_r3,match,1000000,0.733,584
stdmap_r3,match,1000000,0.734,584
stdmap_r3,match,1000000,0.735,584
stdmap_r3,match,1000000,0.736,584
stdmap_r3,match,1000000,0.737,584
stdmap_r3,match,1000000,0.738,584
stdmap_r3,match,1000000,0.739,584
stdmap_r3,match,1000000,0.74,584
stdmap_r3,match,1000000,0.741,584
stdmap_r3,match,1000000,0.742,584
stdmap_r3,match,1000000,0.743,625
stdmap_r3,match,1000000,0.744,625
stdmap_r3,match,1000000,0.745,625
stdmap_r3,match,1000000,0.746,625
stdmap_r3,match,1000000,0.747,625
stdmap_r3,match,1000000,0.748,625
stdmap_r3,match,1000000,0.749,625
stdmap_r3,match,1000000,0.75,625
stdmap_r3,match,1000000,0.751,625
stdmap_r3,match,1000000,0.752,625
stdmap_r3,match,1000000,0.753,625
stdmap_r3,match,1000000,0.754,625
stdmap_r3,match,1000000,0.755,625
stdmap_r3,match,1000000,0.756,625
stdmap_r3,match,1000000,0.757,625
stdmap_r3,match,1000000,0.758,625
stdmap_r3,match,1000000,0.759,625
stdmap_r3,match,1000000,0.76,625
stdmap_r3,match,1000000,0.761,625
stdmap_r3,match,1000000,0.762,625
stdmap_r3,match,1000000,0.763,625
stdmap_r3,match,1000000,0.764,625
stdmap_r3,match,1000000,0.765,625
stdmap_r3,match,1000000,0.766,625
stdmap_r3,match,1000000,0.767,625
stdmap_r3,match,1000000,0.768,625
stdmap_r3,match,1000000,0.769,625
stdmap_r3,match,1000000,0.77,625
stdmap_r3,match,1000000,0.771,625
stdmap_r3,match,1000000,0.772,625
stdmap_r3,match,1000000,0.773,625
stdmap_r3,match,1000000,0.774,625
stdmap_r3,match,1000000,0.775,625
stdmap_r3,match,1000000,0.776,625
stdmap_r3,match,1000000,0.777,625
stdmap_r3,match,1000000,0.778,625
stdmap_r3,match,1000000,0.779,666
stdmap_r3,match,1000000,0.78,666
stdmap_r3,match,1000000,0.781,666
stdmap_r3,match,1000000,0.782,666
stdmap_r3,match,1000000,0.783,666
stdmap_r3,match,1000000,0.784,666
stdmap_r3,match,1000000,0.785,666
stdmap_r3,match,1000000,0.786,666
stdmap_r3,match,1000000,0.787,666
stdmap_r3,match,1000000,0.788,666
stdmap_r3,match,1000000,0.789,667
stdmap_r3,match,1000000,0.79,667
stdmap_r3,match,1000000,0.791,667
stdmap_r3,match,1000000,0.792,667
stdmap_r3,match,1000000,0.793,667
stdmap_r3,match,1000000,0.794,667
stdmap_r3,match,1000000,0.795,667
stdmap_r3,match,1000000,0.796,667
stdmap_r3,match,1000000,0.797,667
stdmap_r3,match,1000000,0.798,667
stdmap_r3,match,1000000,0.799,667
stdmap_r3,match,1000000,0.8,667
stdmap_r3,match,1000000,0.801,667
stdmap_r3,match,1000000,0.802,667
stdmap_r3,match,1000000,0.803,667
stdmap_r3,match,1000000,0.804,667
stdmap_r3,match,1000000,0.805,667
stdmap_r3,match,1000000,0.806,667
stdmap_r3,match,1000000,0.807,667
stdmap_r3,match,1000000,0.808,667
stdmap_r3,match,1000000,0.809,708
stdmap_r3,match,1000000,0.81,708
stdmap_r3,match,1000000,0.811,708
stdmap_r3,match,1000000,0.812,708
stdmap_r3,match,1000000,0.813,708
stdmap_r3,match,1000000,0.814,708
stdmap_r3,match,1000000,0.815,708
stdmap_r3,match,1000000,0.816,708
stdmap_r3,match,1000000,0.817,708
stdmap_r3,match,1000000,0.818,708
stdmap_r3,match,1000000,0.819,708
stdmap_r3,match,1000000,0.82,708
stdmap_r3,match,1000000,0.821,708
stdmap_r3,match,1000000,0.822,708
stdmap_r3,match,1000000,0.823,708
stdmap_r3,match,1000000,0.824,708
stdmap_r3,match,1000000,0.825,708
stdmap_r3,match,1000000,0.826,708
stdmap_r3,match,1000000,0.827,709
stdmap_r3,match,1000000,0.828,709
stdmap_r3,match,1000000,0.829,709
stdmap_r3,match,1000000,0.83,709
stdmap_r3,match,1000000,0.831,709
stdmap_r3,match,1000000,0.832,709
stdmap_r3,match,1000000,0.833,709
stdmap_r3,match,1000000,0.834,709
stdmap_r3,match,1000000,0.835,709
stdmap_r3,match,1000000,0.836,750
stdmap_r3,match,1000000,0.837,750
stdmap_r3,match,1000000,0.838,750
stdmap_r3,match,1000000,0.839,750
stdmap_r3,match,1000000,0.84,750
stdmap_r3,match,1000000,0.841,750
stdmap_r3,match,1000000,0.842,750
stdmap_r3,match,1000000,0.843,750
stdmap_r3,match,1000000,0.844,750
stdmap_r3,match,1000000,0.845,750
stdmap_r3,match,1000000,0.846,750
stdmap_r3,match,1000000,0.847,750
stdmap_r3,match,1000000,0.848,750
stdmap_r3,match,1000000,0.849,750
stdmap_r3,match,1000000,0.85,750
stdmap_r3,match,1000000,0.851,750
stdmap_r3,match,1000000,0.852,750
stdmap_r3,match,1000000,0.853,750
stdmap_r3,match,1000000,0.854,750
stdmap_r3,match,1000000,0.855,750
stdmap_r3,match,1000000,0.856,750
stdmap_r3,match,1000000,0.857,791
stdmap_r3,match,1000000,0.858,791
stdmap_r3,match,1000000,0.859,791
stdmap_r3,match,1000000,0.86,791
stdmap_r3,match,1000000,0.861,791
stdmap_r3,match,1000000,0.862,791
stdmap_r3,match,1000000,0.863,792
stdmap_r3,match,1000000,0.864,792
stdmap_r3,match,1000000,0.865,792
stdmap_r3,match,1000000,0.866,792
stdmap_r3,match,1000000,0.867,792
stdmap_r3,match,1000000,0.868,792
stdmap_r3,match,1000000,0.869,792
stdmap_r3,match,1000000,0.87,792
stdmap_r3,match,1000000,0.871,792
stdmap_r3,match,1000000,0.872,792
stdmap_r3,match,1000000,0.873,792
stdmap_r3,match,1000000,0.874,792
stdmap_r3,match,1000000,0.875,833
stdmap_r3,match,1000000,0.876,833
stdmap_r3,match,1000000,0.877,833
stdmap_r3,match,1000000,0.878,833
stdmap_r3,match,1000000,0.879,833
stdmap_r3,match,1000000,0.88,833
stdmap_r3,match,1000000,0.881,833
stdmap_r3,match,1000000,0.882,833
stdmap_r3,match,1000000,0.883,833
stdmap_r3,match,1000000,0.884,833
stdmap_r3,match,1000000,0.885,834
stdmap_r3,match,1000000,0.886,834
stdmap_r3,match,1000000,0.887,834
stdmap_r3,match,1000000,0.888,834
stdmap_r3,match,1000000,0.889,834
stdmap_r3,match,1000000,0.89,834
stdmap_r3,match,1000000,0.891,875
stdmap_r3,match,1000000,0.892,875
stdmap_r3,match,1000000,0.893,875
stdmap_r3,match,1000000,0.894,875
stdmap_r3,match,1000000,0.895,875
stdmap_r3,match,1000000,0.896,875
stdmap_r3,match,1000000,0.897,875
stdmap_r3,match,1000000,0.898,875
stdmap_r3,match,1000000,0.899,875
stdmap_r3,match,1000000,0.9,875
stdmap_r3,match,1000000,0.901,875
stdmap_r3,match,1000000,0.902,875
stdmap_r3,match,1000000,0.903,875
stdmap_r3,match,1000000,0.904,916
stdmap_r3,match,1000000,0.905,916
stdmap_r3,match,1000000,0.906,916
stdmap_r3,match,1000000,0.907,916
stdmap_r3,match,1000000,0.908,917
stdmap_r3,match,1000000,0.909,917
stdmap_r3,match,1000000,0.91,917
stdmap_r3,match,1000000,0.911,917
stdmap_r3,match,1000000,0.912,917
stdmap_r3,match,1000000,0.913,917
stdmap_r3,match,1000000,0.914,917
stdmap_r3,match,1000000,0.915,917
stdmap_r3,match,1000000,0.916,958
stdmap_r3,match,1000000,0.917,958
stdmap_r3,match,1000000,0.918,958
stdmap_r3,match,1000000,0.919,958
stdmap_r3,match,1000000,0.92,958
stdmap_r3,match,1000000,0.921,958
stdmap_r3,match,1000000,0.922,959
stdmap_r3,match,1000000,0.923,959
stdmap_r3,match,1000000,0.924,959
stdmap_r3,match,1000000,0.925,959
stdmap_r3,match,1000000,0.926,1000
stdmap_r3,match,1000000,0.927,1000
stdmap_r3,match,1000000,0.928,1000
stdmap_r3,match,1000000,0.929,1000
stdmap_r3,match,1000000,0.93,1000
stdmap_r3,match,1000000,0.931,1000
stdmap_r3,match,1000000,0.932,1000
stdmap_r3,match,1000000,0.933,1000
stdmap_r3,match,1000000,0.934,1041
stdmap_r3,match,1000000,0.935,1041
stdmap_r3,match,1000000,0.936,1041
stdmap_r3,match,1000000,0.937,1042
stdmap_r3,match,1000000,0.938,1042
stdmap_r3,match,1000000,0.939,1042
stdmap_r3,match,1000000,0.94,1042
stdmap_r3,match,1000000,0.941,1042
stdmap_r3,match,1000000,0.942,1083
stdmap_r3,match,1000000,0.943,1083
stdmap_r3,match,1000000,0.944,1083
stdmap_r3,match,1000000,0.945,1083
stdmap_r3,match,1000000,0.946,1083
stdmap_r3,match,1000000,0.947,1084
stdmap_r3,match,1000000,0.948,1084
stdmap_r3,match,1000000,0.949,1125
stdmap_r3,match,1000000,0.95,1125
stdmap_r3,match,1000000,0.951,1125
stdmap_r3,match,1000000,0.952,1125
stdmap_r3,match,1000000,0.953,1125
stdmap_r3,match,1000000,0.954,1125
stdmap_r3,match,1000000,0.955,1166
stdmap_r3,match,1000000,0.956,1166
stdmap_r3,match,1000000,0.957,1167
stdmap_r3,match,1000000,0.958,1167
stdmap_r3,match,1000000,0.959,1167
stdmap_r3,match,1000000,0.96,1167
stdmap_r3,match,1000000,0.961,1208
stdmap_r3,match,1000000,0.962,1208
stdmap_r3,match,1000000,0.963,1208
stdmap_r3,match,1000000,0.964,1209
stdmap_r3,match,1000000,0.965,1250
stdmap_r3,match,1000000,0.966,1250
stdmap_r3,match,1000000,0.967,1250
stdmap_r3,match,1000000,0.968,1250
stdmap_r3,match,1000000,0.969,1291
stdmap_r3,match,1000000,0.97,1292
stdmap_r3,match,1000000,0.971,1292
stdmap_r3,match,1000000,0.972,1333
stdmap_r3,match,1000000,0.973,1333
stdmap_r3,match,1000000,0.974,1334
stdmap_r3,match,1000000,0.975,1375
stdmap_r3,match,1000000,0.976,1375
stdmap_r3,match,1000000,0.977,1375
stdmap_r3,match,1000000,0.978,1416
stdmap_r3,match,1000000,0.979,1417
stdmap_r3,match,1000000,0.98,1417
stdmap_r3,match,1000000,0.981,1458
stdmap_r3,match,1000000,0.982,1459
stdmap_r3,match,1000000,0.983,1500
stdmap_r3,match,1000000,0.984,1500
stdmap_r3,match,1000000,0.985,1541
stdmap_r3,match,1000000,0.986,1542
stdmap_r3,match,1000000,0.987,1583
stdmap_r3,match,1000000,0.988,1625
stdmap_r3,match,1000000,0.989,1625
stdmap_r3,match,1000000,0.99,1667
stdmap_r3,match,1000000,0.991,1708
stdmap_r3,match,1000000,0.992,1750
stdmap_r3,match,1000000,0.993,1792
stdmap_r3,match,1000000,0.994,1834
stdmap_r3,match,1000000,0.995,1917
stdmap_r3,match,1000000,0.996,2041
stdmap_r3,match,1000000,0.997,2166
stdmap_r3,match,1000000,0.998,2416
stdmap_r3,match,1000000,0.999,5500
