rep,estimator,reward_model,estimate,lower,upper,truth
0,ips,none,0.4912884747576503,0.4695887811267916,0.5157753554835798,0.5049217741738781
0,snips,none,0.5035805643075915,0.48726166446454694,0.5213724091824182,0.5049217741738781
0,dm,gbm,0.4504982081869743,0.4468121260321671,0.45429951403796115,0.5049217741738781
0,dr,gbm,0.5102856109898284,0.493842012391531,0.5276171355932195,0.5049217741738781
0,switch_dr,gbm,0.4605844785146546,0.4508720645228509,0.47263882555904946,0.5049217741738781
0,dm,weak,0.3822647880088037,0.3815667539735262,0.3830192790124618,0.5049217741738781
0,dr,weak,0.501154272320786,0.48470253713004496,0.5196093917918699,0.5049217741738781
0,switch_dr,weak,0.40903267039197133,0.39912537062508424,0.4217758683457056,0.5049217741738781
1,ips,none,0.49240277973831037,0.47097859020787036,0.5139675445016014,0.5049217741738781
1,snips,none,0.49238746179967974,0.4747031393840301,0.5094402522213631,0.5049217741738781
1,dm,gbm,0.4424517076364287,0.43819156744639387,0.4464258518838823,0.5049217741738781
1,dr,gbm,0.492007170305908,0.4740180836256625,0.5089988052144049,0.5049217741738781
1,switch_dr,gbm,0.45726730896357604,0.44593663522803745,0.4681974414076845,0.5049217741738781
1,dm,weak,0.3743897653900896,0.3736820556046052,0.37507938552478903,0.5049217741738781
1,dr,weak,0.4930562166989395,0.4746684836135933,0.510461035907602,0.5049217741738781
1,switch_dr,weak,0.4101691540183533,0.39828436659847244,0.4211735395223051,0.5049217741738781
2,ips,none,0.49307277123737603,0.47053152163421125,0.515469783121121,0.5049217741738781
2,snips,none,0.5011383234494049,0.4828480593237076,0.5201409135168895,0.5049217741738781
2,dm,gbm,0.4496192272510825,0.4456578281219375,0.45359743802445435,0.5049217741738781
2,dr,gbm,0.5052406990621557,0.48719662170683614,0.5234179084324957,0.5049217741738781
2,switch_dr,gbm,0.46576385689159394,0.45402218170106273,0.47714629104689427,0.5049217741738781
2,dm,weak,0.3854285242924643,0.38464010814709787,0.3861239207107551,0.5049217741738781
2,dr,weak,0.5006856982311199,0.482125564375755,0.5192094674366274,0.5049217741738781
2,switch_dr,weak,0.4177536464668344,0.4059933357392093,0.42908435169330406,0.5049217741738781
3,ips,none,0.5074505359065082,0.48440795191014985,0.5306142246271532,0.5049217741738781
3,snips,none,0.5053477118166484,0.4882909601211745,0.5221179656847054,0.5049217741738781
3,dm,gbm,0.4489350269495579,0.4455937764641553,0.4529195230643645,0.5049217741738781
3,dr,gbm,0.5068058787317136,0.4892570280538966,0.5235073914871209,0.5049217741738781
3,switch_dr,gbm,0.462002626100136,0.45099880641617046,0.4728156924853364,0.5049217741738781
3,dm,weak,0.38451066324362626,0.38392022112284263,0.3851650840620007,0.5049217741738781
3,dr,weak,0.5054762265176351,0.4876125561720438,0.5230153064049676,0.5049217741738781
3,switch_dr,weak,0.4121188760324289,0.4013550498010361,0.42326235125288575,0.5049217741738781
4,ips,none,0.5113205429169456,0.48808971271989604,0.5369635126169091,0.5049217741738781
4,snips,none,0.5049600529845324,0.4863269229771484,0.5234554584824034,0.5049217741738781
4,dm,gbm,0.4565891795738,0.4525361601102975,0.4604175128651551,0.5049217741738781
4,dr,gbm,0.507799365857774,0.4888352321172641,0.5265337771904496,0.5049217741738781
4,switch_dr,gbm,0.4680097201431703,0.45764592957892175,0.4792068993582154,0.5049217741738781
4,dm,weak,0.38798827376933603,0.38729706298937544,0.3885787231855207,0.5049217741738781
4,dr,weak,0.506316216676632,0.48683042144062794,0.5253831951932517,0.5049217741738781
4,switch_dr,weak,0.41762877069274074,0.40736227482221543,0.42840985634996065,0.5049217741738781
5,ips,none,0.49646893343366655,0.4743902630400985,0.5205218719872167,0.5049217741738781
5,snips,none,0.5068414907677676,0.49011202851307106,0.5243000109133807,0.5049217741738781
5,dm,gbm,0.4541771028965653,0.4503575712264431,0.458206265661292,0.5049217741738781
5,dr,gbm,0.5110732815591967,0.4946356379718264,0.5285757662402961,0.5049217741738781
5,switch_dr,gbm,0.46671557866424784,0.4553048571144967,0.47816299407012913,0.5049217741738781
5,dm,weak,0.3863094283319446,0.3856366530417331,0.3870041455395974,0.5049217741738781
5,dr,weak,0.5059587790850041,0.4893274807841688,0.5233637391740698,0.5049217741738781
5,switch_dr,weak,0.4144698036333999,0.40334646086786485,0.4257796634996115,0.5049217741738781
6,ips,none,0.501893657013419,0.4783995222636373,0.5253607549356829,0.5049217741738781
6,snips,none,0.503074093384546,0.485436448794836,0.5212756509586668,0.5049217741738781
6,dm,gbm,0.4509331843348874,0.4470881743771303,0.45486342168041444,0.5049217741738781
6,dr,gbm,0.5050266688808469,0.488339207279995,0.5225402930408876,0.5049217741738781
6,switch_dr,gbm,0.4614373691027812,0.45115913248435907,0.4726944746121827,0.5049217741738781
6,dm,weak,0.3811684877409725,0.3806835064808014,0.38170342160663534,0.5049217741738781
6,dr,weak,0.5033015003160419,0.4856062147987497,0.5223775936243437,0.5049217741738781
6,switch_dr,weak,0.41255699211149005,0.4020168177872402,0.4234463040791026,0.5049217741738781
7,ips,none,0.4809018767111924,0.4582851300245885,0.5028665408408314,0.5049217741738781
7,snips,none,0.4826874285471944,0.46332199576285027,0.5008559510188784,0.5049217741738781
7,dm,gbm,0.4267022961812667,0.4226571130899412,0.43054636751758374,0.5049217741738781
7,dr,gbm,0.48124623949613743,0.4621327448018754,0.4994701979191866,0.5049217741738781
7,switch_dr,gbm,0.44287307656885766,0.4306500158690776,0.45508926447203807,0.5049217741738781
7,dm,weak,0.36913418294229566,0.36869799181521706,0.3695694209646102,0.5049217741738781
7,dr,weak,0.4816918851021266,0.46235518709578627,0.5004876931681903,0.5049217741738781
7,switch_dr,weak,0.402519732849351,0.39014973409394793,0.4146283224797754,0.5049217741738781
8,ips,none,0.4817678346198547,0.46054895883089164,0.5040682256035641,0.5049217741738781
8,snips,none,0.4918327391016941,0.47369230533420476,0.5101238232918595,0.5049217741738781
8,dm,gbm,0.4446072079387035,0.44061953621400723,0.4484948807402044,0.5049217741738781
8,dr,gbm,0.4918467398705576,0.47437157398755986,0.51020447714058,0.5049217741738781
8,switch_dr,gbm,0.45730927821195455,0.4459642413346426,0.46859381978661657,0.5049217741738781
8,dm,weak,0.37541498894326875,0.3745833554052309,0.3761488617317999,0.5049217741738781
8,dr,weak,0.4898333465908894,0.4721609425672066,0.5078645714198967,0.5049217741738781
8,switch_dr,weak,0.40637122868939873,0.3956448677241812,0.41755073088563666,0.5049217741738781
9,ips,none,0.5103376620828852,0.483768443776167,0.5341221237358823,0.5049217741738781
9,snips,none,0.5084066542440969,0.48925021545807273,0.526094248764043,0.5049217741738781
9,dm,gbm,0.4520209982871209,0.44805527981928,0.4558663493909649,0.5049217741738781
9,dr,gbm,0.5097102925894548,0.49175077994496735,0.5273433246934163,0.5049217741738781
9,switch_dr,gbm,0.468000609520697,0.4568019310409909,0.47844310565280895,0.5049217741738781
9,dm,weak,0.3824884894822446,0.3816953626903432,0.38320866620777,0.5049217741738781
9,dr,weak,0.5109507688124648,0.49075912682029244,0.5286399667128133,0.5049217741738781
9,switch_dr,weak,0.42043572374473426,0.40925973789737274,0.43140454424832037,0.5049217741738781
10,ips,none,0.5015968477856683,0.4757206878995937,0.5235955076830429,0.5049217741738781
10,snips,none,0.5047661038524213,0.48390034326390907,0.5223122275383764,0.5049217741738781
10,dm,gbm,0.446756641473287,0.44233427164697103,0.4506626954195643,0.5049217741738781
10,dr,gbm,0.5060548634122357,0.4863432190745232,0.5244447719929821,0.5049217741738781
10,switch_dr,gbm,0.4640496328536059,0.4515327439877228,0.4757196394741644,0.5049217741738781
10,dm,weak,0.379540660028651,0.378786627351335,0.3803597044956461,0.5049217741738781
10,dr,weak,0.5050745699842344,0.48374176516918643,0.5229907340451895,0.5049217741738781
10,switch_dr,weak,0.412446572790511,0.3991851474338165,0.4246493973702155,0.5049217741738781
11,ips,none,0.4959288848434019,0.4720176281185401,0.5189322349554485,0.5049217741738781
11,snips,none,0.497446256468186,0.4784651268558989,0.5158994846388251,0.5049217741738781
11,dm,gbm,0.4445415262986118,0.44057703896033196,0.4484387349147865,0.5049217741738781
11,dr,gbm,0.4993146891712877,0.48064403681718265,0.5176105950508731,0.5049217741738781
11,switch_dr,gbm,0.46000195153735024,0.4486618849042952,0.47144449259265564,0.5049217741738781
11,dm,weak,0.37905148800906324,0.3783687479188753,0.37974299125461125,0.5049217741738781
11,dr,weak,0.4980323057626797,0.4789750728890967,0.5171077790818145,0.5049217741738781
11,switch_dr,weak,0.41262600425590573,0.4012277303805414,0.4243307006583474,0.5049217741738781
12,ips,none,0.49276011119612123,0.4697609414141874,0.514685690149994,0.5049217741738781
12,snips,none,0.4977901196588963,0.4789497232677527,0.5156179163873397,0.5049217741738781
12,dm,gbm,0.45138886577514475,0.4475413384849762,0.45522286052053074,0.5049217741738781
12,dr,gbm,0.4994353286742555,0.48222912296186093,0.5163743600364603,0.5049217741738781
12,switch_dr,gbm,0.4681517666643011,0.4568915243607717,0.4809729502482159,0.5049217741738781
12,dm,weak,0.3770222735292642,0.37629486794353617,0.37764927625650224,0.5049217741738781
12,dr,weak,0.49602212118132083,0.47711934630106484,0.5136038046025495,0.5049217741738781
12,switch_dr,weak,0.4135869450474692,0.4024733570405843,0.42631123435065155,0.5049217741738781
13,ips,none,0.49671351297447364,0.4713808374251391,0.5194425487626301,0.5049217741738781
13,snips,none,0.5020823163090053,0.48122183007187075,0.5191569499823352,0.5049217741738781
13,dm,gbm,0.44957359186752854,0.44605917609667595,0.4535813695942466,0.5049217741738781
13,dr,gbm,0.5041607257749056,0.48483049027694247,0.5214693400084179,0.5049217741738781
13,switch_dr,gbm,0.46661407505598657,0.4560593172019811,0.4771395741337804,0.5049217741738781
13,dm,weak,0.38042600407959487,0.37997865268218206,0.3809128455532587,0.5049217741738781
13,dr,weak,0.5003095350412333,0.47971459496024454,0.5179458342755867,0.5049217741738781
13,switch_dr,weak,0.41734394673279657,0.40523764720227956,0.4283231798754899,0.5049217741738781
14,ips,none,0.5067305378227818,0.48329125136258383,0.5296648036231814,0.5049217741738781
14,snips,none,0.5092875588980366,0.4921488741168463,0.5272341742891713,0.5049217741738781
14,dm,gbm,0.45800746724577657,0.4537351816123035,0.461686179472184,0.5049217741738781
14,dr,gbm,0.5112917512226832,0.49502175537397564,0.5286949500004061,0.5049217741738781
14,switch_dr,gbm,0.47493162352262663,0.463975609304373,0.4865692835100917,0.5049217741738781
14,dm,weak,0.3870270027507089,0.38616570132399913,0.38791707765309225,0.5049217741738781
14,dr,weak,0.508337780339156,0.49005302312230364,0.5263330292302474,0.5049217741738781
14,switch_dr,weak,0.41943787135733784,0.408604750053291,0.4304350159808859,0.5049217741738781
15,ips,none,0.5009365575216734,0.47695373609627983,0.526126793329516,0.5049217741738781
15,snips,none,0.5001769693730317,0.4813556765281432,0.5178978267552184,0.5049217741738781
15,dm,gbm,0.44155462045116617,0.43773036151676253,0.444979803385128,0.5049217741738781
15,dr,gbm,0.5006122020200724,0.48203135087708116,0.5184531215943105,0.5049217741738781
15,switch_dr,gbm,0.4534926568604941,0.4415631099535573,0.46400264274328856,0.5049217741738781
15,dm,weak,0.3719881672598827,0.37140998250912227,0.37250149870635624,0.5049217741738781
15,dr,weak,0.5005913234462339,0.48080932077118266,0.5191790104630005,0.5049217741738781
15,switch_dr,weak,0.40257419609535,0.39108154350542906,0.4129841548483717,0.5049217741738781
16,ips,none,0.48778970477490285,0.46518764750124963,0.5106512346489952,0.5049217741738781
16,snips,none,0.4948652045846417,0.47683643415808946,0.5121476044313121,0.5049217741738781
16,dm,gbm,0.4412958037812494,0.4374574822518428,0.4455234011888473,0.5049217741738781
16,dr,gbm,0.49786646923991557,0.47884289613082,0.5149299391853591,0.5049217741738781
16,switch_dr,gbm,0.4577365333908913,0.4469557894847155,0.4689144661493446,0.5049217741738781
16,dm,weak,0.3745924758291526,0.3739230230599206,0.3752827545532145,0.5049217741738781
16,dr,weak,0.4944162578373627,0.4756096579802248,0.5121756312319001,0.5049217741738781
16,switch_dr,weak,0.4128700796071949,0.4027983871324451,0.4249053298749564,0.5049217741738781
17,ips,none,0.488395578081759,0.4645795385338478,0.5166393330614767,0.5049217741738781
17,snips,none,0.4939796980891621,0.47616623965850124,0.5143646793592842,0.5049217741738781
17,dm,gbm,0.43808298754625413,0.4344565425005587,0.4418164252069128,0.5049217741738781
17,dr,gbm,0.4910057655514158,0.47430556688180553,0.5087809912572404,0.5049217741738781
17,switch_dr,gbm,0.44967119474417633,0.43813670376296826,0.45994611321566153,0.5049217741738781
17,dm,weak,0.37460946005300777,0.37405118742004845,0.3751140971510656,0.5049217741738781
17,dr,weak,0.4925421226988361,0.4741598510771763,0.5127157540283039,0.5049217741738781
17,switch_dr,weak,0.4033881509176053,0.3919209053684816,0.4144875256239865,0.5049217741738781
18,ips,none,0.49338111794336503,0.470824475308952,0.5188492670509826,0.5049217741738781
18,snips,none,0.498909037046983,0.48134100589390255,0.5174209049830641,0.5049217741738781
18,dm,gbm,0.44781898526012426,0.4439615085227186,0.45208081241087583,0.5049217741738781
18,dr,gbm,0.49706425495662443,0.48030953145233707,0.5164346805053612,0.5049217741738781
18,switch_dr,gbm,0.45905039635971095,0.4476354497157795,0.47086688981439234,0.5049217741738781
18,dm,weak,0.37587212527688296,0.37520532156853004,0.3765430885844742,0.5049217741738781
18,dr,weak,0.4967954770916789,0.47920322175654645,0.5158858033710559,0.5049217741738781
18,switch_dr,weak,0.408449898704122,0.3960354456301398,0.4206555360342196,0.5049217741738781
19,ips,none,0.5119806078831635,0.48939820099336956,0.5359483556298394,0.5049217741738781
19,snips,none,0.5110763502912047,0.4945326284705327,0.5295918206481836,0.5049217741738781
19,dm,gbm,0.45320402761663225,0.44947040059403176,0.45724286153457294,0.5049217741738781
19,dr,gbm,0.5096355339600652,0.492440205155814,0.5279055824251582,0.5049217741738781
19,switch_dr,gbm,0.46670601066440065,0.4568050720933952,0.4779744531560593,0.5049217741738781
19,dm,weak,0.3823112644112697,0.3817223875420908,0.3829172866054078,0.5049217741738781
19,dr,weak,0.5099931710985858,0.493507304439319,0.5290304211568163,0.5049217741738781
19,switch_dr,weak,0.4158232475815477,0.40575767540054447,0.4271799284307917,0.5049217741738781
20,ips,none,0.5098123571930671,0.48768844074130074,0.5328714871031373,0.5049217741738781
20,snips,none,0.5137841097960058,0.495459292391616,0.5306764613313134,0.5049217741738781
20,dm,gbm,0.46036147469905353,0.4567095041308618,0.46433920112636395,0.5049217741738781
20,dr,gbm,0.5146909156716796,0.4985577404376545,0.5315741821162112,0.5049217741738781
20,switch_dr,gbm,0.4720798803489177,0.4612704665936328,0.48410201669298303,0.5049217741738781
20,dm,weak,0.3893998001241925,0.3888954827649889,0.3898909917085083,0.5049217741738781
20,dr,weak,0.5138310296870376,0.496231014243822,0.5314654942855553,0.5049217741738781
20,switch_dr,weak,0.4266382043606871,0.41403164315026575,0.4385145998650159,0.5049217741738781
21,ips,none,0.5090421500057748,0.4851932130889725,0.535313565174349,0.5049217741738781
21,snips,none,0.49853070163625374,0.47934371887759714,0.5184263475660095,0.5049217741738781
21,dm,gbm,0.4420970172027958,0.4381289285721642,0.4462934650880595,0.5049217741738781
21,dr,gbm,0.4965004871802002,0.4778405827209742,0.5167772234557321,0.5049217741738781
21,switch_dr,gbm,0.4542455095456493,0.4424884755911517,0.4670173744370854,0.5049217741738781
21,dm,weak,0.3842596466201555,0.3835466576068291,0.3850034385951847,0.5049217741738781
21,dr,weak,0.5017462120465037,0.48199451934118487,0.5228884976637892,0.5049217741738781
21,switch_dr,weak,0.41503802882461716,0.4031856931671703,0.4281654900538847,0.5049217741738781
22,ips,none,0.5033936656693907,0.47947739882918067,0.5281681892181763,0.5049217741738781
22,snips,none,0.5017119897252006,0.48241061076488273,0.5188915662601555,0.5049217741738781
22,dm,gbm,0.4439413202714455,0.44008532307679094,0.44814014841609445,0.5049217741738781
22,dr,gbm,0.5000800611121036,0.48269030092573495,0.516667506681515,0.5049217741738781
22,switch_dr,gbm,0.46002208778740644,0.4494404565347704,0.47268066933100056,0.5049217741738781
22,dm,weak,0.3765973796736537,0.3760385238944071,0.37720339893224636,0.5049217741738781
22,dr,weak,0.5016920664808435,0.4819445789642157,0.5195917038179667,0.5049217741738781
22,switch_dr,weak,0.4091534174857903,0.39746805183363065,0.4213555646715526,0.5049217741738781
23,ips,none,0.4906861591723297,0.4685031706271164,0.51454744816723,0.5049217741738781
23,snips,none,0.49085080776178447,0.47311169682094556,0.5085295263713904,0.5049217741738781
23,dm,gbm,0.43866913792145823,0.4344583622404828,0.44267426992333886,0.5049217741738781
23,dr,gbm,0.4906179383129378,0.47280210026262054,0.5085686401239401,0.5049217741738781
23,switch_dr,gbm,0.4548492197969364,0.4424720548000295,0.4662550805945017,0.5049217741738781
23,dm,weak,0.37810107656429226,0.3772180867877341,0.37893343166286253,0.5049217741738781
23,dr,weak,0.4892992569404125,0.4712743910488791,0.5075256956121063,0.5049217741738781
23,switch_dr,weak,0.414655568823298,0.40361266949014507,0.426357511727246,0.5049217741738781
24,ips,none,0.5188205845493089,0.49497400713561235,0.5409679307446269,0.5049217741738781
24,snips,none,0.5124742975920646,0.4957447579681794,0.528815422439483,0.5049217741738781
24,dm,gbm,0.45799643495976944,0.4543067845934204,0.4612686205248904,0.5049217741738781
24,dr,gbm,0.5165418612975725,0.4990545700290492,0.5333012455946976,0.5049217741738781
24,switch_dr,gbm,0.46758447881973136,0.45648222074244443,0.4797587501968358,0.5049217741738781
24,dm,weak,0.3897218123833329,0.3890281626120195,0.39046096529512153,0.5049217741738781
24,dr,weak,0.5144057905606341,0.4968980366417148,0.5317970263434499,0.5049217741738781
24,switch_dr,weak,0.42028503958700886,0.4096058290815272,0.43292685693909105,0.5049217741738781
25,ips,none,0.5136798311716985,0.49023338532505856,0.5378253209720637,0.5049217741738781
25,snips,none,0.5033812585875724,0.4863610776088825,0.521411959712156,0.5049217741738781
25,dm,gbm,0.44749431670803436,0.4436288980143288,0.4511275839027676,0.5049217741738781
25,dr,gbm,0.5038023225888152,0.4860607292143705,0.5211119095423927,0.5049217741738781
25,switch_dr,gbm,0.4605185385544652,0.4493270602135273,0.4717753244852046,0.5049217741738781
25,dm,weak,0.3807808687709358,0.3799828489562362,0.38160818603847585,0.5049217741738781
25,dr,weak,0.5043072011049267,0.4870216610468605,0.5224034606984083,0.5049217741738781
25,switch_dr,weak,0.41108607602522507,0.3994866373028316,0.4236633743056913,0.5049217741738781
26,ips,none,0.5067855710948515,0.48275231738030727,0.5303121204986369,0.5049217741738781
26,snips,none,0.5057653767407901,0.48925851781258795,0.5240195314154107,0.5049217741738781
26,dm,gbm,0.4504369401351646,0.44643560990132103,0.45441323098306013,0.5049217741738781
26,dr,gbm,0.5037856939502086,0.4870747945100803,0.521175424454858,0.5049217741738781
26,switch_dr,gbm,0.4603450194434612,0.4482881853962054,0.4704593605233747,0.5049217741738781
26,dm,weak,0.38627447888655997,0.385605934246118,0.386888482440869,0.5049217741738781
26,dr,weak,0.505994579397964,0.4883916450678666,0.5249788999740848,0.5049217741738781
26,switch_dr,weak,0.4167358052620407,0.40519401399792226,0.42643969779022045,0.5049217741738781
27,ips,none,0.48588160036602374,0.46079268345154295,0.5113532528168585,0.5049217741738781
27,snips,none,0.4950447208451656,0.47668976726879514,0.5130823340517023,0.5049217741738781
27,dm,gbm,0.4500453719371348,0.4462181642446521,0.4544934231681133,0.5049217741738781
27,dr,gbm,0.4996085311588235,0.4827449699728854,0.5163603530357677,0.5049217741738781
27,switch_dr,gbm,0.46155164862227677,0.45030329589391754,0.47270671201753056,0.5049217741738781
27,dm,weak,0.37576987172350695,0.37513135134200865,0.37645321315600705,0.5049217741738781
27,dr,weak,0.4937225857716242,0.4742045687215902,0.5124449834361607,0.5049217741738781
27,switch_dr,weak,0.4068617304586053,0.3952131460834306,0.4176564145573613,0.5049217741738781
28,ips,none,0.5192481105788731,0.4937742756933691,0.5421858557175555,0.5049217741738781
28,snips,none,0.5183022062359498,0.49873245241336694,0.5367458603895314,0.5049217741738781
28,dm,gbm,0.457806840675069,0.45369641636084374,0.4617718818727342,0.5049217741738781
28,dr,gbm,0.5172479910780273,0.498020087823285,0.5343868270360087,0.5049217741738781
28,switch_dr,gbm,0.4648688351668481,0.4525678832807262,0.4763038269033123,0.5049217741738781
28,dm,weak,0.38772684400180235,0.38690829833071694,0.38854059759854126,0.5049217741738781
28,dr,weak,0.5169994183423828,0.49731473855898645,0.5352899892665424,0.5049217741738781
28,switch_dr,weak,0.4148195949824827,0.4019417618208075,0.4263304400916165,0.5049217741738781
29,ips,none,0.5082776735581936,0.48584155517245836,0.5310512240590589,0.5049217741738781
29,snips,none,0.501331273433183,0.48295728584995956,0.5182079491310474,0.5049217741738781
29,dm,gbm,0.44590975064772737,0.44123927105875854,0.4498332118817415,0.5049217741738781
29,dr,gbm,0.5010125090956624,0.4818414328072464,0.5189418422619534,0.5049217741738781
29,switch_dr,gbm,0.4594625228983442,0.44798467768641925,0.47013199312666604,0.5049217741738781
29,dm,weak,0.3816111940679106,0.3808282029638093,0.38226056366279465,0.5049217741738781
29,dr,weak,0.5030394203434445,0.48389116940247096,0.5197897520096165,0.5049217741738781
29,switch_dr,weak,0.41363320346101257,0.40219282816607466,0.42415590143653914,0.5049217741738781
30,ips,none,0.5095099720189752,0.4865519451198738,0.5325357339812055,0.5049217741738781
30,snips,none,0.5093542533013053,0.4903204294686023,0.5288022878015018,0.5049217741738781
30,dm,gbm,0.4541455771449266,0.45026222526089216,0.4583345719524626,0.5049217741738781
30,dr,gbm,0.512102793945731,0.49320484382313406,0.5301335791407744,0.5049217741738781
30,switch_dr,gbm,0.464560487473873,0.45314117713940283,0.4759947925807551,0.5049217741738781
30,dm,weak,0.3841241663196544,0.38353286481172927,0.3847316787461016,0.5049217741738781
30,dr,weak,0.5099198817788617,0.49035566060759755,0.5296405057868032,0.5049217741738781
30,switch_dr,weak,0.4134510085284268,0.40228157933827224,0.42559239484626354,0.5049217741738781
31,ips,none,0.5061593231704815,0.480219248993383,0.5305698478606503,0.5049217741738781
31,snips,none,0.5047151048938461,0.4864468845416013,0.5217726886769739,0.5049217741738781
31,dm,gbm,0.4462139158704078,0.44220707998436204,0.44990747324005265,0.5049217741738781
31,dr,gbm,0.5033508868060951,0.4850372410231181,0.5196524603789616,0.5049217741738781
31,switch_dr,gbm,0.45728377814506266,0.4461994368297974,0.4691188834587081,0.5049217741738781
31,dm,weak,0.3792160815189148,0.3785728786030882,0.37982120400519237,0.5049217741738781
31,dr,weak,0.5051270730049946,0.4856297738586685,0.5230234000777283,0.5049217741738781
31,switch_dr,weak,0.41205673880651655,0.4004887728492581,0.42392428119595804,0.5049217741738781
32,ips,none,0.5064224751432165,0.4823694323151032,0.5304282426744966,0.5049217741738781
32,snips,none,0.5102696382288809,0.4922674721306926,0.5286683948407737,0.5049217741738781
32,dm,gbm,0.4519889026136484,0.4477791547937906,0.45592855983525826,0.5049217741738781
32,dr,gbm,0.5109379489675528,0.49388031738703836,0.5299404631243851,0.5049217741738781
32,switch_dr,gbm,0.4649575491595193,0.4537562822058733,0.47675390551771174,0.5049217741738781
32,dm,weak,0.38145373175462494,0.3810164219791821,0.3818678367266848,0.5049217741738781
32,dr,weak,0.508371663570595,0.4903077111799919,0.5272087992880671,0.5049217741738781
32,switch_dr,weak,0.4135956152136885,0.402098126386124,0.4245601208700473,0.5049217741738781
33,ips,none,0.5200159794729058,0.4983318626497196,0.5443588912718997,0.5049217741738781
33,snips,none,0.5152603731109697,0.49907285834469595,0.5336321161166142,0.5049217741738781
33,dm,gbm,0.4617317684805039,0.45790509425172954,0.4654050509074879,0.5049217741738781
33,dr,gbm,0.5140505723196178,0.49754410808495125,0.5319969705508066,0.5049217741738781
33,switch_dr,gbm,0.4767673453189387,0.4665616956258127,0.4879858527395884,0.5049217741738781
33,dm,weak,0.39195199130307357,0.391333096404792,0.3926128235687958,0.5049217741738781
33,dr,weak,0.5163923596669789,0.49903525321215064,0.5353000640813094,0.5049217741738781
33,switch_dr,weak,0.42453813909427335,0.41430953855876523,0.4364145627298426,0.5049217741738781
34,ips,none,0.4998482507783283,0.4768958662485443,0.5236044999371363,0.5049217741738781
34,snips,none,0.5047805234909534,0.48603542370219033,0.5220947147666997,0.5049217741738781
34,dm,gbm,0.4526164331828066,0.4489731946829357,0.45600868142120593,0.5049217741738781
34,dr,gbm,0.504502870894754,0.4851289352143409,0.5218964522202678,0.5049217741738781
34,switch_dr,gbm,0.4672243731111601,0.4552710332558175,0.4787710168167341,0.5049217741738781
34,dm,weak,0.3883747101761546,0.3877223205504483,0.3889642205974423,0.5049217741738781
34,dr,weak,0.5038332262951645,0.48544931602600205,0.5219251957662232,0.5049217741738781
34,switch_dr,weak,0.419953016444656,0.40785623270285043,0.4316403014008802,0.5049217741738781
35,ips,none,0.48883528549401906,0.4658176658808593,0.5137752611872011,0.5049217741738781
35,snips,none,0.4996462692197365,0.4831653710919416,0.5186915878810707,0.5049217741738781
35,dm,gbm,0.4425502174825482,0.4385081792383235,0.44656886045888045,0.5049217741738781
35,dr,gbm,0.49879011553060626,0.4835354744104532,0.5179501704185652,0.5049217741738781
35,switch_dr,gbm,0.4588332459975143,0.4476593806737664,0.4709540751095786,0.5049217741738781
35,dm,weak,0.377204985565478,0.37630820472672616,0.37805499106756246,0.5049217741738781
35,dr,weak,0.4978142638578385,0.4808882821232878,0.5178342828223783,0.5049217741738781
35,switch_dr,weak,0.4122253533221485,0.40084642571260953,0.424341742095358,0.5049217741738781
36,ips,none,0.5159609001098457,0.49343598048873577,0.5397452709194354,0.5049217741738781
36,snips,none,0.5172183237472833,0.5002593238414511,0.5361817887081916,0.5049217741738781
36,dm,gbm,0.4622368094251075,0.45837675271494066,0.4661452504972404,0.5049217741738781
36,dr,gbm,0.5146999323165188,0.497447870380973,0.5331628537270565,0.5049217741738781
36,switch_dr,gbm,0.4746286052083383,0.4642062283559317,0.48712657102297113,0.5049217741738781
36,dm,weak,0.3894503456748244,0.38892830992518873,0.38995704125364156,0.5049217741738781
36,dr,weak,0.5164027246200796,0.49933355720446254,0.535704662257036,0.5049217741738781
36,switch_dr,weak,0.42465221023558014,0.41390721161252547,0.4370006095571327,0.5049217741738781
37,ips,none,0.5070060468167963,0.4806493177524621,0.529301637465827,0.5049217741738781
37,snips,none,0.5025034388299046,0.4830141107257865,0.5199084637387341,0.5049217741738781
37,dm,gbm,0.4466063738496704,0.4427649638775126,0.45031519701748174,0.5049217741738781
37,dr,gbm,0.5003070926372417,0.4828371526683856,0.5180000739893793,0.5049217741738781
37,switch_dr,gbm,0.4575602235972883,0.4463878317055487,0.46856903917097814,0.5049217741738781
37,dm,weak,0.3808666392112923,0.3803246938295411,0.3813886333385543,0.5049217741738781
37,dr,weak,0.5027616026069661,0.48344309525337137,0.5208905568762733,0.5049217741738781
37,switch_dr,weak,0.40806632142402965,0.39577201366984416,0.41999534813407036,0.5049217741738781
38,ips,none,0.5033348270415905,0.4801638824369044,0.5278483752305626,0.5049217741738781
38,snips,none,0.5079011469347843,0.4905756063653404,0.5268150363907902,0.5049217741738781
38,dm,gbm,0.45084049300708756,0.44703457179218026,0.45509851058035933,0.5049217741738781
38,dr,gbm,0.5083723416249287,0.4921610345189378,0.5262557341308848,0.5049217741738781
38,switch_dr,gbm,0.46749657499669356,0.45664620650060667,0.4786983902900011,0.5049217741738781
38,dm,weak,0.38180233682680503,0.3811044938223094,0.3824960712606786,0.5049217741738781
38,dr,weak,0.506794084140725,0.4894014765675394,0.5262262069756438,0.5049217741738781
38,switch_dr,weak,0.4175825430597796,0.4067479434844138,0.4288024694944831,0.5049217741738781
39,ips,none,0.509567119006264,0.4865551162832213,0.532611572383986,0.5049217741738781
39,snips,none,0.5197843659179474,0.5022608324896822,0.5384843324079518,0.5049217741738781
39,dm,gbm,0.46531418600702684,0.46138146188154594,0.46881197145112996,0.5049217741738781
39,dr,gbm,0.522301459796459,0.5060036992015086,0.5407917498849149,0.5049217741738781
39,switch_dr,gbm,0.47488887170789146,0.46437793560171964,0.4861663236791898,0.5049217741738781
39,dm,weak,0.39335279983972016,0.3927077831733744,0.3939872762420123,0.5049217741738781
39,dr,weak,0.5169477971113025,0.4984523966670986,0.5354416464930135,0.5049217741738781
39,switch_dr,weak,0.42276227365568464,0.41171340678338814,0.43402940979338567,0.5049217741738781
40,ips,none,0.49437241544933613,0.47242935113507833,0.5189299895499451,0.5049217741738781
40,snips,none,0.504837386935747,0.48604492806218696,0.5239104981716919,0.5049217741738781
40,dm,gbm,0.45391049229430935,0.4499887523818925,0.4576009944748206,0.5049217741738781
40,dr,gbm,0.5057031994535159,0.4893865456591493,0.525221362296964,0.5049217741738781
40,switch_dr,gbm,0.46757282870460504,0.4563698150537996,0.478270375698122,0.5049217741738781
40,dm,weak,0.387040228630721,0.3864139355421187,0.38771595186431407,0.5049217741738781
40,dr,weak,0.5031016817797643,0.48434091286995934,0.5231794483211278,0.5049217741738781
40,switch_dr,weak,0.41662770327307097,0.40555565662810844,0.4275624582610925,0.5049217741738781
41,ips,none,0.4985628518604806,0.47276944960157574,0.5235049093285942,0.5049217741738781
41,snips,none,0.5069718990603596,0.4888862326747315,0.5250455299510524,0.5049217741738781
41,dm,gbm,0.4553844706732203,0.45104284109090403,0.4595942093038355,0.5049217741738781
41,dr,gbm,0.5111848365475026,0.4945748434627668,0.5294565868004917,0.5049217741738781
41,switch_dr,gbm,0.47347014395083625,0.461999562761066,0.4851055467742682,0.5049217741738781
41,dm,weak,0.37871297740216303,0.3780904282040947,0.3792855386663708,0.5049217741738781
41,dr,weak,0.5035696715461131,0.4847582117952224,0.522240936193497,0.5049217741738781
41,switch_dr,weak,0.41551514635348785,0.40442794585939273,0.42669097658121574,0.5049217741738781
42,ips,none,0.5109576039681879,0.4843292947141615,0.5333570358249826,0.5049217741738781
42,snips,none,0.5090024054503227,0.49033936604693734,0.5265882232000277,0.5049217741738781
42,dm,gbm,0.45438693094905813,0.44976179572887887,0.45843580217947066,0.5049217741738781
42,dr,gbm,0.5079808434017035,0.48750491220502545,0.5246315386867962,0.5049217741738781
42,switch_dr,gbm,0.46804843698255133,0.45612701012688256,0.47988984783928734,0.5049217741738781
42,dm,weak,0.38150223021182444,0.38070629037670556,0.3822157313802662,0.5049217741738781
42,dr,weak,0.5087433291838144,0.48950469167722455,0.5265150237505074,0.5049217741738781
42,switch_dr,weak,0.4186773996437617,0.4059352100028206,0.4307172109150933,0.5049217741738781
43,ips,none,0.5111095585442521,0.48729455316046816,0.5366936186969921,0.5049217741738781
43,snips,none,0.49995893873231656,0.48254543242790815,0.519259809620618,0.5049217741738781
43,dm,gbm,0.44277459231781213,0.43856391974957615,0.4471222712130482,0.5049217741738781
43,dr,gbm,0.500397450613286,0.48315460784945835,0.5191142605105872,0.5049217741738781
43,switch_dr,gbm,0.45665921253436664,0.4451035412379123,0.46761101388611576,0.5049217741738781
43,dm,weak,0.37131412361562927,0.37053367544697546,0.3720406631906227,0.5049217741738781
43,dr,weak,0.5014265444952746,0.4831698996073574,0.521546861377758,0.5049217741738781
43,switch_dr,weak,0.4045849934180484,0.3931419187898468,0.4160307245280493,0.5049217741738781
44,ips,none,0.5078514051906857,0.48301038014721737,0.533461462942227,0.5049217741738781
44,snips,none,0.5110727836313996,0.49251072415788316,0.5317795786464974,0.5049217741738781
44,dm,gbm,0.45488637261094966,0.4514019931882925,0.45858287750904114,0.5049217741738781
44,dr,gbm,0.5143947183057318,0.4940143590558765,0.5340965938643194,0.5049217741738781
44,switch_dr,gbm,0.4665284934889514,0.4554073622360297,0.47745702050426536,0.5049217741738781
44,dm,weak,0.3869195395567951,0.3863152701427268,0.38751697714585065,0.5049217741738781
44,dr,weak,0.5099526941460333,0.49121483717454995,0.5307458280529243,0.5049217741738781
44,switch_dr,weak,0.4171217975433998,0.40660886334404966,0.42930403657301663,0.5049217741738781
45,ips,none,0.5081984852896883,0.48321950987244056,0.5297383128562141,0.5049217741738781
45,snips,none,0.5101877917786789,0.4933083148976925,0.5269502924086626,0.5049217741738781
45,dm,gbm,0.4582236787319529,0.454324044288073,0.4624105273047519,0.5049217741738781
45,dr,gbm,0.5110392734756498,0.4943120074412249,0.5283030293473214,0.5049217741738781
45,switch_dr,gbm,0.4762483845102615,0.4647553454275211,0.4865839158150985,0.5049217741738781
45,dm,weak,0.3929236386563533,0.3921901038004179,0.393639231223175,0.5049217741738781
45,dr,weak,0.5090409139514237,0.4910506801308102,0.5264029192396199,0.5049217741738781
45,switch_dr,weak,0.42894464634161406,0.41741263025365694,0.43939226647064006,0.5049217741738781
46,ips,none,0.5039305582137995,0.47904766909288343,0.5281475080022281,0.5049217741738781
46,snips,none,0.508475508316835,0.48957528491431385,0.5258493168543174,0.5049217741738781
46,dm,gbm,0.4533954621697124,0.4499402372643026,0.4571268878639101,0.5049217741738781
46,dr,gbm,0.5091331155767388,0.49193067084897185,0.5257049883004377,0.5049217741738781
46,switch_dr,gbm,0.4641836191806895,0.45363641550016615,0.4745688242909987,0.5049217741738781
46,dm,weak,0.37885779379466084,0.3782926278365341,0.3794020021320405,0.5049217741738781
46,dr,weak,0.5076981927534938,0.4885734085773122,0.5252950061897776,0.5049217741738781
46,switch_dr,weak,0.40975978893487336,0.3988501509446558,0.4205708523236637,0.5049217741738781
47,ips,none,0.4946433217590915,0.4705104932184347,0.518155089642602,0.5049217741738781
47,snips,none,0.48532251212609995,0.4665996603949277,0.5016845147692407,0.5049217741738781
47,dm,gbm,0.4289192448911404,0.4250930497699663,0.43310688803229785,0.5049217741738781
47,dr,gbm,0.48219448997553865,0.46301753777373017,0.4983954759860067,0.5049217741738781
47,switch_dr,gbm,0.43846713759364664,0.42699394115842493,0.44870863072051426,0.5049217741738781
47,dm,weak,0.36531760603423663,0.36468956584876183,0.36597030296055155,0.5049217741738781
47,dr,weak,0.4871568936171127,0.46764091210751363,0.5043339124023097,0.5049217741738781
47,switch_dr,weak,0.3906719019010269,0.37934880098892937,0.40209226885762583,0.5049217741738781
48,ips,none,0.5062225116968705,0.48326401840009653,0.5286736773147457,0.5049217741738781
48,snips,none,0.5079306651556726,0.4905270981752578,0.5243165649121727,0.5049217741738781
48,dm,gbm,0.45361799180434126,0.4493653292459329,0.45788733765816453,0.5049217741738781
48,dr,gbm,0.5109171744747155,0.49337180960723853,0.5265675549161543,0.5049217741738781
48,switch_dr,gbm,0.45925924903834187,0.44828220485466097,0.46961013743647306,0.5049217741738781
48,dm,weak,0.38752846025510335,0.38690438297681323,0.38801172381654114,0.5049217741738781
48,dr,weak,0.5067409821314628,0.4888134966516091,0.5238464688580515,0.5049217741738781
48,switch_dr,weak,0.41135406737566443,0.3999810126714108,0.4214406210126039,0.5049217741738781
49,ips,none,0.522558408666339,0.49810060260863526,0.5485430121391841,0.5049217741738781
49,snips,none,0.5132427704086536,0.494879880198566,0.5315103201849245,0.5049217741738781
49,dm,gbm,0.4557888603719715,0.452035972414225,0.4593099046070344,0.5049217741738781
49,dr,gbm,0.5148340494852288,0.49785088144049383,0.532518664278438,0.5049217741738781
49,switch_dr,gbm,0.4744794206253395,0.46164969832975306,0.48652879331596316,0.5049217741738781
49,dm,weak,0.3895046026853584,0.3888926011626476,0.3900133055876713,0.5049217741738781
49,dr,weak,0.5152467595047058,0.4953027821029664,0.5343684443708849,0.5049217741738781
49,switch_dr,weak,0.42902098522845444,0.416852205849263,0.4409508552964114,0.5049217741738781
50,ips,none,0.4939847889307903,0.4683469933809734,0.5181170975697231,0.5049217741738781
50,snips,none,0.4998689083036667,0.4791694167797706,0.5188699032958101,0.5049217741738781
50,dm,gbm,0.44697640262802224,0.44285235814498686,0.4505666862653921,0.5049217741738781
50,dr,gbm,0.5007771709627296,0.48161975515196953,0.5191851099950593,0.5049217741738781
50,switch_dr,gbm,0.45737749706640407,0.445455907535434,0.4693487773571907,0.5049217741738781
50,dm,weak,0.38486794316222456,0.384062081551101,0.38562411651199335,0.5049217741738781
50,dr,weak,0.4971402469567298,0.47603882600882574,0.5174484279431936,0.5049217741738781
50,switch_dr,weak,0.4161918816220839,0.40386097197424986,0.42835957962023147,0.5049217741738781
51,ips,none,0.49850273091858815,0.473452122862299,0.5225308550300773,0.5049217741738781
51,snips,none,0.5032692757415188,0.4857643477372904,0.5210321750867035,0.5049217741738781
51,dm,gbm,0.45444739918054383,0.45119060553933904,0.45784547528999675,0.5049217741738781
51,dr,gbm,0.5050299838393334,0.4871023650867903,0.5221620535081659,0.5049217741738781
51,switch_dr,gbm,0.4639962592465893,0.45290351034407567,0.47496752457833613,0.5049217741738781
51,dm,weak,0.3832089746827971,0.3825930963215426,0.38385238092537327,0.5049217741738781
51,dr,weak,0.5016338306566255,0.4833143460517504,0.5202096945714431,0.5049217741738781
51,switch_dr,weak,0.4138731096303858,0.40252808557610975,0.42538140102841565,0.5049217741738781
52,ips,none,0.5159186239015775,0.49025214690243396,0.5401154409233621,0.5049217741738781
52,snips,none,0.5171802174490544,0.4988604527530356,0.5350748905561745,0.5049217741738781
52,dm,gbm,0.45303016322863643,0.449116598963264,0.4573939727329874,0.5049217741738781
52,dr,gbm,0.5124895277390806,0.49424256589436233,0.5287198813625139,0.5049217741738781
52,switch_dr,gbm,0.46710567937104897,0.4552355863161937,0.4772522429302646,0.5049217741738781
52,dm,weak,0.3813481382119902,0.38049921428194317,0.38221656898370726,0.5049217741738781
52,dr,weak,0.5152175246633002,0.49556478697905276,0.5335453554881624,0.5049217741738781
52,switch_dr,weak,0.41276175405220855,0.4011499832673504,0.4233962701196795,0.5049217741738781
53,ips,none,0.500628824786535,0.47537780397209656,0.5221983183210754,0.5049217741738781
53,snips,none,0.5020853280502566,0.4821477914114161,0.5202627711967551,0.5049217741738781
53,dm,gbm,0.44737819642473386,0.4438412645675303,0.4515569888302254,0.5049217741738781
53,dr,gbm,0.5012487070976582,0.4811900279210291,0.5188990497710818,0.5049217741738781
53,switch_dr,gbm,0.4637945397779602,0.45134395443107705,0.475817538096804,0.5049217741738781
53,dm,weak,0.3793542151193926,0.37876117100923395,0.37988990783333165,0.5049217741738781
53,dr,weak,0.5013808941160868,0.47999550101772465,0.5196024791601885,0.5049217741738781
53,switch_dr,weak,0.41574570328888477,0.40299831283266824,0.4271142306001493,0.5049217741738781
54,ips,none,0.528431094903619,0.503482786903683,0.552570662392948,0.5049217741738781
54,snips,none,0.5145261642274547,0.497105543769206,0.5311190580942621,0.5049217741738781
54,dm,gbm,0.46665756904540384,0.4627940116103089,0.4706707384702284,0.5049217741738781
54,dr,gbm,0.5179829774392186,0.5004067716434373,0.5355233181270124,0.5049217741738781
54,switch_dr,gbm,0.474560489665786,0.4636062679996532,0.4850838508976049,0.5049217741738781
54,dm,weak,0.397992668224714,0.3973276168827664,0.3986504291052514,0.5049217741738781
54,dr,weak,0.5181862939769568,0.49988830902455167,0.5359958352758071,0.5049217741738781
54,switch_dr,weak,0.42790119346146865,0.41641220954167,0.4380343847937359,0.5049217741738781
55,ips,none,0.5026785783988137,0.4791844354680692,0.5258609394162731,0.5049217741738781
55,snips,none,0.49556652796979983,0.47591446316909136,0.514932154376843,0.5049217741738781
55,dm,gbm,0.44585323336238963,0.44182749479740074,0.449782977481419,0.5049217741738781
55,dr,gbm,0.49668562404631594,0.47841199675620977,0.5162845160623805,0.5049217741738781
55,switch_dr,gbm,0.46278491842033753,0.45003735768080694,0.4741282600589552,0.5049217741738781
55,dm,weak,0.38211968686301473,0.3814032320430784,0.3827933157947059,0.5049217741738781
55,dr,weak,0.496781779388108,0.47645710237413497,0.516742114325278,0.5049217741738781
55,switch_dr,weak,0.4201629581478159,0.40896946825992586,0.43237648304034315,0.5049217741738781
56,ips,none,0.49056825021794204,0.4666716950249331,0.5153191680251683,0.5049217741738781
56,snips,none,0.49210370250871693,0.47352127767473945,0.5101731707444664,0.5049217741738781
56,dm,gbm,0.4295539092966922,0.42581907990274426,0.43306823776622644,0.5049217741738781
56,dr,gbm,0.4954847963055576,0.4785009324237151,0.5129648691850475,0.5049217741738781
56,switch_dr,gbm,0.4409251526925731,0.429541905978168,0.4515196487735514,0.5049217741738781
56,dm,weak,0.36727178691943124,0.36672236005012154,0.3677447343101263,0.5049217741738781
56,dr,weak,0.4919526857808466,0.4726530729885925,0.5109195788729021,0.5049217741738781
56,switch_dr,weak,0.39260807404741715,0.38125539946551085,0.40369757051908217,0.5049217741738781
57,ips,none,0.4896178785373566,0.4676295112094958,0.5117169897508507,0.5049217741738781
57,snips,none,0.48968628718117696,0.47183149271694336,0.5065729983366201,0.5049217741738781
57,dm,gbm,0.4348139980781642,0.4307014199963438,0.4391859031499768,0.5049217741738781
57,dr,gbm,0.49406532055750296,0.4771775338128384,0.5118701370448218,0.5049217741738781
57,switch_dr,gbm,0.44919752198856205,0.437078127961616,0.4605566678564176,0.5049217741738781
57,dm,weak,0.3632344267503485,0.362696654246488,0.36369193635823444,0.5049217741738781
57,dr,weak,0.488237581858003,0.4701450518073984,0.5062118173053043,0.5049217741738781
57,switch_dr,weak,0.39937361037367936,0.38809812729882764,0.41117146076543953,0.5049217741738781
58,ips,none,0.5094827508734104,0.48393261998269405,0.5329866277268291,0.5049217741738781
58,snips,none,0.5123297438405173,0.4930210671113496,0.5294711638268657,0.5049217741738781
58,dm,gbm,0.46081299301580386,0.4570306295011065,0.4648494236137586,0.5049217741738781
58,dr,gbm,0.516726816615646,0.4971053664056808,0.5347219949430971,0.5049217741738781
58,switch_dr,gbm,0.47401541660598084,0.4624035291681232,0.4854506222730338,0.5049217741738781
58,dm,weak,0.3928301559132005,0.3921115567212399,0.39363021244366037,0.5049217741738781
58,dr,weak,0.5108031615335556,0.49094919066321263,0.5289184951948604,0.5049217741738781
58,switch_dr,weak,0.4261451431884512,0.41469171740143407,0.4372399495964241,0.5049217741738781
59,ips,none,0.5302478568071592,0.5049776959459595,0.556447689387779,0.5049217741738781
59,snips,none,0.5168612738901673,0.49816059252339423,0.5354707213544322,0.5049217741738781
59,dm,gbm,0.46313671330676953,0.4593319441210123,0.46709243513873,0.5049217741738781
59,dr,gbm,0.5159185280796018,0.4971659034209863,0.5349406548133763,0.5049217741738781
59,switch_dr,gbm,0.4781077726499403,0.4663282288354386,0.4881702427861037,0.5049217741738781
59,dm,weak,0.3894392312833369,0.38884930437677684,0.39001827090501395,0.5049217741738781
59,dr,weak,0.5179757133252114,0.4977716077221802,0.5383022610974826,0.5049217741738781
59,switch_dr,weak,0.4227404545403969,0.4110525846364905,0.4332237886032515,0.5049217741738781
60,ips,none,0.5143523723088621,0.4901345887009913,0.5387816937828581,0.5049217741738781
60,snips,none,0.5180725320980852,0.4994512303643808,0.5360034689911422,0.5049217741738781
60,dm,gbm,0.4619848333835254,0.458366153905382,0.46566773728081073,0.5049217741738781
60,dr,gbm,0.519707678288655,0.5017282652438592,0.5377568201048246,0.5049217741738781
60,switch_dr,gbm,0.471637813416308,0.46024921722439915,0.4835856655846676,0.5049217741738781
60,dm,weak,0.39078242146975145,0.39001618142213873,0.3915576168559939,0.5049217741738781
60,dr,weak,0.5183920660242929,0.49937557473512406,0.537124276944753,0.5049217741738781
60,switch_dr,weak,0.4203676933015468,0.40913023893770517,0.4331851343911192,0.5049217741738781
61,ips,none,0.5111651144547776,0.48683579895623785,0.5346052323972883,0.5049217741738781
61,snips,none,0.5104208126078451,0.49216687666647957,0.5259365651260667,0.5049217741738781
61,dm,gbm,0.45162943642321696,0.44799709115154746,0.45552628563355113,0.5049217741738781
61,dr,gbm,0.5095449996434616,0.4921397486611449,0.5250519018040674,0.5049217741738781
61,switch_dr,gbm,0.4695405856420406,0.45890023698396315,0.4812526177734526,0.5049217741738781
61,dm,weak,0.38463757342278776,0.3839914581873576,0.38537107628953005,0.5049217741738781
61,dr,weak,0.5103257670421495,0.49204004470459073,0.5277110531115179,0.5049217741738781
61,switch_dr,weak,0.4194868626018688,0.40915053803556467,0.43159856235232236,0.5049217741738781
62,ips,none,0.5170419390605777,0.4948332152998332,0.541701313335385,0.5049217741738781
62,snips,none,0.5174145896822646,0.5007130470125793,0.5343814487974058,0.5049217741738781
62,dm,gbm,0.4591088180149565,0.45543627194442304,0.4625918748289861,0.5049217741738781
62,dr,gbm,0.5195026077075583,0.5024189072736435,0.5367694788742124,0.5049217741738781
62,switch_dr,gbm,0.46962832724272213,0.4583775207265276,0.4799140676020493,0.5049217741738781
62,dm,weak,0.385626848303005,0.3850936112436446,0.38617946403863485,0.5049217741738781
62,dr,weak,0.5164729911804979,0.49950960105364267,0.5346729838082014,0.5049217741738781
62,switch_dr,weak,0.4152202300423396,0.40320145760731774,0.425743248061167,0.5049217741738781
63,ips,none,0.5094867065245571,0.4849184717137685,0.533536266611285,0.5049217741738781
63,snips,none,0.5080852468148699,0.4889609282947458,0.5256291567968984,0.5049217741738781
63,dm,gbm,0.45175532221752385,0.4483075459670405,0.4558372855598756,0.5049217741738781
63,dr,gbm,0.5069555627003609,0.4887021303224038,0.5250431581840697,0.5049217741738781
63,switch_dr,gbm,0.46879382792254937,0.45725415716265244,0.47952984544402044,0.5049217741738781
63,dm,weak,0.38930785785469374,0.3887266738635836,0.3898958881236128,0.5049217741738781
63,dr,weak,0.509206083648781,0.4899187431233775,0.5272453372894476,0.5049217741738781
63,switch_dr,weak,0.4258871778824716,0.41532140146520347,0.43672415391799163,0.5049217741738781
64,ips,none,0.4997766308565574,0.47690403736604337,0.5220362953242921,0.5049217741738781
64,snips,none,0.5030856767919549,0.48440977898897886,0.5201127050555856,0.5049217741738781
64,dm,gbm,0.443794429918437,0.43986742311684074,0.4473954798961667,0.5049217741738781
64,dr,gbm,0.501270945968378,0.4832112788940994,0.5182695416339076,0.5049217741738781
64,switch_dr,gbm,0.4603171080753699,0.448110232349471,0.4718530031476314,0.5049217741738781
64,dm,weak,0.37523345238526246,0.37455184035000094,0.37584423395898625,0.5049217741738781
64,dr,weak,0.5011946977706834,0.4824065566362264,0.5191751003653465,0.5049217741738781
64,switch_dr,weak,0.4104986903832455,0.39904911964785256,0.4208844467642734,0.5049217741738781
65,ips,none,0.4974799777153114,0.47742335076294024,0.5227948620944998,0.5049217741738781
65,snips,none,0.49614609972741575,0.4806500171383807,0.5143005905364045,0.5049217741738781
65,dm,gbm,0.4438285961416813,0.4399741191823753,0.4475929663223863,0.5049217741738781
65,dr,gbm,0.49662915956825016,0.48114128667171197,0.5141375548114566,0.5049217741738781
65,switch_dr,gbm,0.45702524412494966,0.44611729875142453,0.46840061230300556,0.5049217741738781
65,dm,weak,0.3848655693069269,0.38411170025098657,0.3855860960234965,0.5049217741738781
65,dr,weak,0.4957791455632667,0.4798292312741493,0.5144006117579243,0.5049217741738781
65,switch_dr,weak,0.41260249929392684,0.402176114133301,0.4238764794637456,0.5049217741738781
66,ips,none,0.51047669668489,0.4863510941305785,0.5314185317440052,0.5049217741738781
66,snips,none,0.5030607330586165,0.4833412807370981,0.5200743608710194,0.5049217741738781
66,dm,gbm,0.45051735589771585,0.4468513784515155,0.4543809623108113,0.5049217741738781
66,dr,gbm,0.5057756619238462,0.48565972984147326,0.5228702409316823,0.5049217741738781
66,switch_dr,gbm,0.46233388669595143,0.4504919037497211,0.47385868496972616,0.5049217741738781
66,dm,weak,0.39151396082389495,0.39078663345417325,0.39233608841139433,0.5049217741738781
66,dr,weak,0.5045252739849088,0.4848873721592173,0.5215102817830601,0.5049217741738781
66,switch_dr,weak,0.42265203439450544,0.41074218965303233,0.4342292133488951,0.5049217741738781
67,ips,none,0.49849969723067244,0.47458343264771197,0.5254391706647663,0.5049217741738781
67,snips,none,0.498955806941049,0.48123220589584725,0.5194120985228953,0.5049217741738781
67,dm,gbm,0.4415367379313986,0.4371406036576333,0.4461960703193576,0.5049217741738781
67,dr,gbm,0.4972354620234349,0.47878562411081305,0.5161640395879031,0.5049217741738781
67,switch_dr,gbm,0.4511975042327166,0.43941219166001116,0.463558915760523,0.5049217741738781
67,dm,weak,0.37182707057139286,0.3711060681340722,0.3726050277368338,0.5049217741738781
67,dr,weak,0.49827896379402536,0.47955381347859555,0.5198281752651428,0.5049217741738781
67,switch_dr,weak,0.4076789877832378,0.3966228192743637,0.42028448604149365,0.5049217741738781
68,ips,none,0.5215385354448192,0.4996364160307853,0.5477213402271363,0.5049217741738781
68,snips,none,0.5156881910278507,0.4976567036387578,0.5332989010120494,0.5049217741738781
68,dm,gbm,0.4595623268559335,0.4560465642872345,0.46306927620923455,0.5049217741738781
68,dr,gbm,0.5172499475421819,0.4994573074298629,0.5350946754351759,0.5049217741738781
68,switch_dr,gbm,0.4765656066334657,0.46555611726382834,0.4884020755303532,0.5049217741738781
68,dm,weak,0.3930068646762335,0.39236598837202447,0.39368341346568875,0.5049217741738781
68,dr,weak,0.5166209343163897,0.49895602595386923,0.535975162379209,0.5049217741738781
68,switch_dr,weak,0.4300754723019855,0.41898715654780533,0.44151184849340924,0.5049217741738781
69,ips,none,0.5054781726118559,0.48041995340676963,0.5305877415248251,0.5049217741738781
69,snips,none,0.5011851766131539,0.48275111543337335,0.5204672119804236,0.5049217741738781
69,dm,gbm,0.45132923287939136,0.44727281609809,0.4552905903304875,0.5049217741738781
69,dr,gbm,0.5009750291938176,0.4824544013824904,0.5193792742693373,0.5049217741738781
69,switch_dr,gbm,0.46086037820281106,0.45071549064983824,0.47221573490075963,0.5049217741738781
69,dm,weak,0.3876528960457432,0.3870517503739616,0.3884036664569856,0.5049217741738781
69,dr,weak,0.5023338712566933,0.4831914897824911,0.5229347252291168,0.5049217741738781
69,switch_dr,weak,0.416109467136055,0.4044827439610998,0.42783411248570136,0.5049217741738781
70,ips,none,0.48266108121415463,0.4588860335720251,0.5074009460534231,0.5049217741738781
70,snips,none,0.4913698667640144,0.47165928741625607,0.5096325546867937,0.5049217741738781
70,dm,gbm,0.43717370826713686,0.43326912800707107,0.4412812570509714,0.5049217741738781
70,dr,gbm,0.49265273316084357,0.47370553991877146,0.5105636362796114,0.5049217741738781
70,switch_dr,gbm,0.45130218011852613,0.43999050211599783,0.4632621882267731,0.5049217741738781
70,dm,weak,0.36874242404454527,0.3681924886518726,0.3692860355453591,0.5049217741738781
70,dr,weak,0.48909258500088554,0.46964418736813923,0.5080793991434616,0.5049217741738781
70,switch_dr,weak,0.39866982512031784,0.38763458197534306,0.410145874482627,0.5049217741738781
71,ips,none,0.5017407288069093,0.4806416268814828,0.5261525736297215,0.5049217741738781
71,snips,none,0.5069766150119766,0.49046572828728874,0.5252781245600363,0.5049217741738781
71,dm,gbm,0.44889622550087754,0.4448396913841448,0.45293018080616704,0.5049217741738781
71,dr,gbm,0.5044310610021117,0.488327623092823,0.5218139059327389,0.5049217741738781
71,switch_dr,gbm,0.46189512877292466,0.44972097855514376,0.47304162287164986,0.5049217741738781
71,dm,weak,0.38264885129011583,0.38192997530084793,0.38329986656597653,0.5049217741738781
71,dr,weak,0.5055666768767957,0.48866541169624,0.5248295197716119,0.5049217741738781
71,switch_dr,weak,0.41277479977733317,0.40027957072171416,0.42361871211729446,0.5049217741738781
72,ips,none,0.5176544656794988,0.49658405664499333,0.5407212897403584,0.5049217741738781
72,snips,none,0.5106923841193907,0.49319673843257444,0.5292713005772443,0.5049217741738781
72,dm,gbm,0.4538541210676206,0.4502718826162736,0.457887367509828,0.5049217741738781
72,dr,gbm,0.5083978103136391,0.4911802009905755,0.5271819593721141,0.5049217741738781
72,switch_dr,gbm,0.46415357557804543,0.45324350298297894,0.47517907009930865,0.5049217741738781
72,dm,weak,0.38923455176105765,0.38856763299916675,0.3899025982950326,0.5049217741738781
72,dr,weak,0.5123981305520258,0.49477548370447194,0.5313676951243568,0.5049217741738781
72,switch_dr,weak,0.42000738995074116,0.41018403494044936,0.43130108907927345,0.5049217741738781
73,ips,none,0.5088130083596257,0.4833400404074221,0.5355843507169799,0.5049217741738781
73,snips,none,0.5116525533209416,0.49180645289387304,0.5308361226487159,0.5049217741738781
73,dm,gbm,0.4560410380757549,0.451970253884257,0.46039982344070557,0.5049217741738781
73,dr,gbm,0.5106191608511563,0.4917019348053672,0.5285640741159998,0.5049217741738781
73,switch_dr,gbm,0.4661769124054774,0.4547671625777143,0.4774828710180042,0.5049217741738781
73,dm,weak,0.38810696555989416,0.3875573661021257,0.3886633477916331,0.5049217741738781
73,dr,weak,0.5107979559678142,0.4905337703818773,0.5307171325240536,0.5049217741738781
73,switch_dr,weak,0.4188072932838508,0.406700452873542,0.4309898169308457,0.5049217741738781
74,ips,none,0.5246040558985223,0.49980914843162355,0.5491927857595158,0.5049217741738781
74,snips,none,0.5134270045530492,0.4952109469149924,0.5302544720582056,0.5049217741738781
74,dm,gbm,0.45291199658566555,0.44921510354351024,0.4572916950810574,0.5049217741738781
74,dr,gbm,0.5112547854198157,0.49423832649392163,0.5285424457744788,0.5049217741738781
74,switch_dr,gbm,0.4644043121891259,0.45300972239668125,0.47635229122877165,0.5049217741738781
74,dm,weak,0.38399448293140426,0.38319724225843294,0.38472890444868796,0.5049217741738781
74,dr,weak,0.5162969666410989,0.4972491984847049,0.5348136077762563,0.5049217741738781
74,switch_dr,weak,0.41656856127032077,0.4045596692546808,0.42824071448815637,0.5049217741738781
75,ips,none,0.5213160693718963,0.4969240954105514,0.545531481075174,0.5049217741738781
75,snips,none,0.5128736262545077,0.4934087286242264,0.5310353665604968,0.5049217741738781
75,dm,gbm,0.4507272419702409,0.44684644076941965,0.4552844163913017,0.5049217741738781
75,dr,gbm,0.5096705705393433,0.49136946696415074,0.5271483521179705,0.5049217741738781
75,switch_dr,gbm,0.4619387589305203,0.45044666229192437,0.4743343530655253,0.5049217741738781
75,dm,weak,0.39179682433095897,0.3911217782749868,0.3924250301953808,0.5049217741738781
75,dr,weak,0.5148269981985144,0.49445158794997995,0.5341070996752445,0.5049217741738781
75,switch_dr,weak,0.42276358181919804,0.41117953841476457,0.43470654093354455,0.5049217741738781
76,ips,none,0.4929644428976682,0.4671525490949316,0.5170250468543245,0.5049217741738781
76,snips,none,0.4923366187411716,0.4738778279234091,0.5102321455742501,0.5049217741738781
76,dm,gbm,0.438943594440954,0.4344266606201187,0.44315628082604597,0.5049217741738781
76,dr,gbm,0.4911201657934276,0.47314712406278187,0.5088071362368211,0.5049217741738781
76,switch_dr,gbm,0.45170848604154545,0.4404695497975582,0.4638074594336552,0.5049217741738781
76,dm,weak,0.3769741872914027,0.37616414476463833,0.37772200976512577,0.5049217741738781
76,dr,weak,0.49220601333691383,0.4736135872236181,0.5108784924649723,0.5049217741738781
76,switch_dr,weak,0.40620755226390165,0.394946034246467,0.41798013523329924,0.5049217741738781
77,ips,none,0.49755937450019355,0.47013725681218627,0.5190858535927011,0.5049217741738781
77,snips,none,0.5037007053730304,0.4842206106789055,0.5215334172946056,0.5049217741738781
77,dm,gbm,0.4512197635995233,0.44696692859609166,0.4555632314054079,0.5049217741738781
77,dr,gbm,0.5100821484785829,0.49198397678848865,0.5273908769936466,0.5049217741738781
77,switch_dr,gbm,0.46416348294118015,0.4526770232790237,0.4752344925703082,0.5049217741738781
77,dm,weak,0.37692811091045136,0.3762280004397647,0.3775990672133164,0.5049217741738781
77,dr,weak,0.5023258521445921,0.4828249471741098,0.5201850813344275,0.5049217741738781
77,switch_dr,weak,0.4110827932719319,0.39897874506084974,0.4228640097382242,0.5049217741738781
78,ips,none,0.5076457256812444,0.4830994508122673,0.5309394129443147,0.5049217741738781
78,snips,none,0.5029969078519424,0.48384665406451355,0.5220374572780462,0.5049217741738781
78,dm,gbm,0.44897772588141377,0.4450223509797872,0.4527603264918171,0.5049217741738781
78,dr,gbm,0.5012350643510267,0.482873783843217,0.521203041310911,0.5049217741738781
78,switch_dr,gbm,0.46015881305540796,0.44828318499859515,0.47137866504626624,0.5049217741738781
78,dm,weak,0.3858760538345524,0.38537574747760267,0.38643644205053496,0.5049217741738781
78,dr,weak,0.5040219106168853,0.4845507656035256,0.5228476181094425,0.5049217741738781
78,switch_dr,weak,0.4169583130868713,0.40472100337948874,0.42868416123099,0.5049217741738781
79,ips,none,0.5065279556452681,0.4848724793200045,0.5283092166216175,0.5049217741738781
79,snips,none,0.5083805256387364,0.4906414734604185,0.5271279228437598,0.5049217741738781
79,dm,gbm,0.4502121565029607,0.4462952700747683,0.4540059386411975,0.5049217741738781
79,dr,gbm,0.503176947265957,0.4861912087564933,0.5212796390509346,0.5049217741738781
79,switch_dr,gbm,0.46455089249643605,0.45281674171827496,0.47615575761129,0.5049217741738781
79,dm,weak,0.3857543316297656,0.38496965809568523,0.38649431749104035,0.5049217741738781
79,dr,weak,0.5073542670093971,0.48859977794235554,0.526252434702752,0.5049217741738781
79,switch_dr,weak,0.4170724503500319,0.40526436408058725,0.4289918669249596,0.5049217741738781
80,ips,none,0.4815773280084184,0.45938298834107766,0.5047687397218489,0.5049217741738781
80,snips,none,0.4874173316664368,0.4708186593708428,0.5040519820730316,0.5049217741738781
80,dm,gbm,0.4332398036218943,0.429667420608439,0.43709450539295924,0.5049217741738781
80,dr,gbm,0.48799814462119045,0.47098478889189105,0.5053617905210321,0.5049217741738781
80,switch_dr,gbm,0.447159436205244,0.4362672373007093,0.4589325867705449,0.5049217741738781
80,dm,weak,0.36642158678852316,0.36587058071495887,0.36704367191094245,0.5049217741738781
80,dr,weak,0.4860541187150702,0.4688190135443185,0.5037171640292855,0.5049217741738781
80,switch_dr,weak,0.39970004663679276,0.3890967486436308,0.4106632256327965,0.5049217741738781
81,ips,none,0.49428485108478926,0.4728121305420483,0.5191322938616643,0.5049217741738781
81,snips,none,0.5012864345710292,0.48358020915382055,0.5225397135580366,0.5049217741738781
81,dm,gbm,0.4499486590349059,0.4464669509413274,0.453675281038634,0.5049217741738781
81,dr,gbm,0.503846687817216,0.4869354430083057,0.5234801771313403,0.5049217741738781
81,switch_dr,gbm,0.4612738115129725,0.45067531909134084,0.47237978323644825,0.5049217741738781
81,dm,weak,0.3840144373918802,0.38341529663211377,0.38458844440600837,0.5049217741738781
81,dr,weak,0.5003580992566533,0.4828793069555884,0.5220712113402602,0.5049217741738781
81,switch_dr,weak,0.41133217608822187,0.4006252326678228,0.4226449388033545,0.5049217741738781
82,ips,none,0.5189713607990035,0.49488236912855893,0.5459219345448858,0.5049217741738781
82,snips,none,0.5108953580682748,0.49353791816249665,0.5295365982553387,0.5049217741738781
82,dm,gbm,0.45669185710390503,0.4528691290088176,0.4604149950374763,0.5049217741738781
82,dr,gbm,0.5093115914733863,0.4919101467477027,0.5285864116825837,0.5049217741738781
82,switch_dr,gbm,0.4700640742738545,0.4586833220200834,0.48120422315341527,0.5049217741738781
82,dm,weak,0.3899093600765288,0.38899739752437457,0.3908744719432682,0.5049217741738781
82,dr,weak,0.5113259210218352,0.49270839821962814,0.5326162877431305,0.5049217741738781
82,switch_dr,weak,0.42458555449182256,0.41342111964974976,0.43563531937544175,0.5049217741738781
83,ips,none,0.5073863564666462,0.48367253553274125,0.5294605358140876,0.5049217741738781
83,snips,none,0.507100322065313,0.48855881176457605,0.525481687608712,0.5049217741738781
83,dm,gbm,0.4472760902622118,0.4436049489806807,0.4512017418849318,0.5049217741738781
83,dr,gbm,0.5071280770672063,0.48926109338135887,0.524210788881451,0.5049217741738781
83,switch_dr,gbm,0.45716454768591847,0.4460427387629772,0.4685585306762229,0.5049217741738781
83,dm,weak,0.3838456566109236,0.3831134710931071,0.38452477164613574,0.5049217741738781
83,dr,weak,0.5054079817589227,0.4861957273011542,0.5247608219371076,0.5049217741738781
83,switch_dr,weak,0.4123809609594371,0.4013137183689408,0.4242170995519906,0.5049217741738781
84,ips,none,0.4979005867550116,0.47508503792237977,0.5206497514435853,0.5049217741738781
84,snips,none,0.5000755818126714,0.4821560709256353,0.5162600478883923,0.5049217741738781
84,dm,gbm,0.4427062844874781,0.4392319244031384,0.44704297668504744,0.5049217741738781
84,dr,gbm,0.49626525547560957,0.47858701542539633,0.5130010734270263,0.5049217741738781
84,switch_dr,gbm,0.45549892826298966,0.44528715913121797,0.46646884486157386,0.5049217741738781
84,dm,weak,0.37843094892248275,0.3778088680167953,0.3790693313655017,0.5049217741738781
84,dr,weak,0.49923999600924635,0.48083526992528247,0.5160702165824199,0.5049217741738781
84,switch_dr,weak,0.4112409499797941,0.401582398044306,0.42274021124932193,0.5049217741738781
85,ips,none,0.5048254659829255,0.4792342973377117,0.5323724592751332,0.5049217741738781
85,snips,none,0.505158452870906,0.48728289988073387,0.524645087037815,0.5049217741738781
85,dm,gbm,0.4484189123778587,0.4444657703333908,0.45242864990458076,0.5049217741738781
85,dr,gbm,0.5038576002512621,0.4859783828904726,0.5230534559839445,0.5049217741738781
85,switch_dr,gbm,0.46142463771424247,0.44902170202238917,0.4724384688487218,0.5049217741738781
85,dm,weak,0.3830602384265977,0.38245905167672634,0.3837971139760864,0.5049217741738781
85,dr,weak,0.5051796932469139,0.48711355745901486,0.5256042805926213,0.5049217741738781
85,switch_dr,weak,0.413675560147951,0.4003515893920311,0.4245155962790888,0.5049217741738781
86,ips,none,0.4910694095221526,0.46977098403332795,0.5147556459843587,0.5049217741738781
86,snips,none,0.505048183480682,0.48806617639207306,0.5236488629551204,0.5049217741738781
86,dm,gbm,0.44982382530981885,0.44568319627014275,0.45415118943608684,0.5049217741738781
86,dr,gbm,0.5031341700622989,0.4873004451509752,0.5210298181292814,0.5049217741738781
86,switch_dr,gbm,0.45988707768343445,0.44875169134430737,0.47026769111306194,0.5049217741738781
86,dm,weak,0.3762307870629753,0.37562964444851177,0.37688939153568735,0.5049217741738781
86,dr,weak,0.501986263008611,0.48482582708702265,0.5211186206953227,0.5049217741738781
86,switch_dr,weak,0.4111938639861604,0.4001734220464016,0.42242159132595225,0.5049217741738781
87,ips,none,0.5401706435687125,0.5175731297736778,0.5643720151879156,0.5049217741738781
87,snips,none,0.5285713986548528,0.5113669361786608,0.5474886988337204,0.5049217741738781
87,dm,gbm,0.46834865632209133,0.464266983041706,0.47237455678332674,0.5049217741738781
87,dr,gbm,0.523210947244544,0.5057452788066481,0.54226313127193,0.5049217741738781
87,switch_dr,gbm,0.47842489105906755,0.4670649762119706,0.4912459385596507,0.5049217741738781
87,dm,weak,0.39587224660691483,0.39511829490690903,0.39657259178562276,0.5049217741738781
87,dr,weak,0.527696837158227,0.5102051326476397,0.5473073431798984,0.5049217741738781
87,switch_dr,weak,0.4250406928963466,0.41280260450208595,0.4386882267925702,0.5049217741738781
88,ips,none,0.5061957498524969,0.48000412628426764,0.5304166878434939,0.5049217741738781
88,snips,none,0.5069448281787576,0.4882674383071609,0.5255805228891823,0.5049217741738781
88,dm,gbm,0.4536902913796931,0.4496353379342953,0.45791393642714473,0.5049217741738781
88,dr,gbm,0.507802935258339,0.4896630524849532,0.5249175322435112,0.5049217741738781
88,switch_dr,gbm,0.4634974632411302,0.45181842884862633,0.47515291851267,0.5049217741738781
88,dm,weak,0.3857679901936453,0.38498124444046034,0.3865478340532969,0.5049217741738781
88,dr,weak,0.5068302679997374,0.4872566232042709,0.5263569468297968,0.5049217741738781
88,switch_dr,weak,0.41540124317432253,0.40425341773424767,0.4265524341158729,0.5049217741738781
89,ips,none,0.49205674879693906,0.4694342343465017,0.5161191565328949,0.5049217741738781
89,snips,none,0.49625528745424674,0.4792009810836411,0.5161193375166527,0.5049217741738781
89,dm,gbm,0.4402077262655815,0.43641627815698336,0.44418939466352036,0.5049217741738781
89,dr,gbm,0.4983331257204404,0.4814689883268557,0.5175734811857988,0.5049217741738781
89,switch_dr,gbm,0.4524345507899056,0.4417927320560369,0.4635973016105587,0.5049217741738781
89,dm,weak,0.3696159697330975,0.36893229492829216,0.37031544730015215,0.5049217741738781
89,dr,weak,0.4967818238345022,0.47982336668773423,0.5171409219889694,0.5049217741738781
89,switch_dr,weak,0.40132811015170616,0.3905799400450484,0.4133475897132463,0.5049217741738781
90,ips,none,0.4892969552004075,0.4641553354820295,0.5092984088930659,0.5049217741738781
90,snips,none,0.4955967754618666,0.4771983859196622,0.5114798504591123,0.5049217741738781
90,dm,gbm,0.43713859067559696,0.43311396112951583,0.44140145984582835,0.5049217741738781
90,dr,gbm,0.49503520357342595,0.4770276315113818,0.5110058424078392,0.5049217741738781
90,switch_dr,gbm,0.4517721064131859,0.4393709875620943,0.463100187346497,0.5049217741738781
90,dm,weak,0.3722704148223274,0.3713406607568589,0.3731193765858765,0.5049217741738781
90,dr,weak,0.49514149999182827,0.4770113570486827,0.5113408101509334,0.5049217741738781
90,switch_dr,weak,0.40736956297773147,0.3954783467521434,0.4184906071055117,0.5049217741738781
91,ips,none,0.49849760814523597,0.47370698384547116,0.5237860441132611,0.5049217741738781
91,snips,none,0.4972036000008876,0.47866759290339295,0.515080991614131,0.5049217741738781
91,dm,gbm,0.44279496965790516,0.43836763183644833,0.4467065373061012,0.5049217741738781
91,dr,gbm,0.4988824605438378,0.4813714015407148,0.5166331597165769,0.5049217741738781
91,switch_dr,gbm,0.4552390203226243,0.4440611939217313,0.46656312219355073,0.5049217741738781
91,dm,weak,0.3754334234748059,0.3747533634077437,0.37615996259924184,0.5049217741738781
91,dr,weak,0.49764815394781525,0.4785277352270976,0.5164305723621664,0.5049217741738781
91,switch_dr,weak,0.4050261804771194,0.39380360416801874,0.41663866723255377,0.5049217741738781
92,ips,none,0.4936490650556232,0.47024379704558206,0.5189075442469735,0.5049217741738781
92,snips,none,0.5009305862349406,0.48343803719948353,0.5176528563521975,0.5049217741738781
92,dm,gbm,0.45048534981820537,0.44679700278876694,0.45409511934228625,0.5049217741738781
92,dr,gbm,0.504102225073046,0.4878320498359851,0.5201702837078691,0.5049217741738781
92,switch_dr,gbm,0.4616491288508406,0.4503242495049953,0.4721833795313169,0.5049217741738781
92,dm,weak,0.3824032380819661,0.38174796803222083,0.3830720838021351,0.5049217741738781
92,dr,weak,0.49992566549404166,0.482265010370523,0.5182746471614651,0.5049217741738781
92,switch_dr,weak,0.41395324487183943,0.4023608238973226,0.4250635031358297,0.5049217741738781
93,ips,none,0.522746768047272,0.4981209673182541,0.5472829602351909,0.5049217741738781
93,snips,none,0.5148270216838561,0.4964034915786819,0.5307293028083091,0.5049217741738781
93,dm,gbm,0.45586289530229496,0.4522293612004828,0.45978163082402757,0.5049217741738781
93,dr,gbm,0.5144133560147347,0.4968463744574883,0.5311676382541154,0.5049217741738781
93,switch_dr,gbm,0.4617132004554498,0.44990740880166186,0.4722257727576,0.5049217741738781
93,dm,weak,0.38220398276324685,0.38161453527906,0.38280176325744025,0.5049217741738781
93,dr,weak,0.5158822960743521,0.4969261239221262,0.5336623882426488,0.5049217741738781
93,switch_dr,weak,0.4047897673442483,0.39316407996633707,0.4161451639405145,0.5049217741738781
94,ips,none,0.50678915827245,0.4822390061791085,0.5292967950254567,0.5049217741738781
94,snips,none,0.4978072632025405,0.47888388039301866,0.5144831454028057,0.5049217741738781
94,dm,gbm,0.43772744372595135,0.4335255639409509,0.44147940913713296,0.5049217741738781
94,dr,gbm,0.498868292060905,0.482229893659065,0.516448175067566,0.5049217741738781
94,switch_dr,gbm,0.45061458956490824,0.4376073445044273,0.4607520271815844,0.5049217741738781
94,dm,weak,0.3706426122002171,0.37000067200617176,0.3712919646462891,0.5049217741738781
94,dr,weak,0.4991149654786424,0.47935218495738163,0.517387477119978,0.5049217741738781
94,switch_dr,weak,0.40585115609923844,0.39320610744587936,0.4161894197861026,0.5049217741738781
95,ips,none,0.5084971107096433,0.4868108773876526,0.5343163332374146,0.5049217741738781
95,snips,none,0.5056918245506923,0.4877986204892162,0.5224667076840557,0.5049217741738781
95,dm,gbm,0.4514659322900403,0.4476452249237524,0.45553509760816585,0.5049217741738781
95,dr,gbm,0.511543438333113,0.4931523352156837,0.5283163806824349,0.5049217741738781
95,switch_dr,gbm,0.4598442826115972,0.44837568218361035,0.47100029378227515,0.5049217741738781
95,dm,weak,0.38678958192442225,0.3860931925833929,0.38743711107432477,0.5049217741738781
95,dr,weak,0.5080251372231571,0.4897655798070882,0.5263433407407182,0.5049217741738781
95,switch_dr,weak,0.41330222319965676,0.4028539208216975,0.42448135210625143,0.5049217741738781
96,ips,none,0.5134936872365959,0.4899495333756392,0.5412693124720471,0.5049217741738781
96,snips,none,0.5141962684705249,0.4962511321872541,0.5347956205921627,0.5049217741738781
96,dm,gbm,0.46087702897067395,0.45687813365930363,0.4651778743369153,0.5049217741738781
96,dr,gbm,0.5148564413894583,0.49754154668721307,0.5332561341211043,0.5049217741738781
96,switch_dr,gbm,0.47299967401907145,0.4613311932181538,0.4855300330674194,0.5049217741738781
96,dm,weak,0.38813628151340707,0.3875612040169896,0.3886499399542241,0.5049217741738781
96,dr,weak,0.512908340606938,0.4947581858302529,0.5352522794122689,0.5049217741738781
96,switch_dr,weak,0.419372813038518,0.40692318228721874,0.4320445747745984,0.5049217741738781
97,ips,none,0.5145531822453232,0.4936543797257898,0.5414968602139472,0.5049217741738781
97,snips,none,0.5190296880667362,0.5034682431833944,0.5393472856169876,0.5049217741738781
97,dm,gbm,0.45885042456410247,0.4548578593291862,0.46263222480249616,0.5049217741738781
97,dr,gbm,0.518652024900453,0.5032790435556175,0.5379460029676651,0.5049217741738781
97,switch_dr,gbm,0.47746904345057556,0.4665246302543398,0.48985051253293,0.5049217741738781
97,dm,weak,0.38929381190838924,0.3885897898643381,0.39000731513432835,0.5049217741738781
97,dr,weak,0.5171268223441274,0.501037285771243,0.5383154509053245,0.5049217741738781
97,switch_dr,weak,0.42731805106828596,0.41610901985075777,0.44010210907153907,0.5049217741738781
98,ips,none,0.49964282655281606,0.4781918608143681,0.5255038818394046,0.5049217741738781
98,snips,none,0.5033002692694667,0.4861765077734826,0.521919673005931,0.5049217741738781
98,dm,gbm,0.4446477211798201,0.4408775831626262,0.4484782423451087,0.5049217741738781
98,dr,gbm,0.5048886574477736,0.48798233540631486,0.524257006328948,0.5049217741738781
98,switch_dr,gbm,0.46124181208715737,0.45056246794223964,0.47156026301271636,0.5049217741738781
98,dm,weak,0.37705021018833,0.3764654017518041,0.3776590937243035,0.5049217741738781
98,dr,weak,0.5009518529357628,0.48363004567948586,0.5209961209345833,0.5049217741738781
98,switch_dr,weak,0.4130411144487358,0.40189474291417804,0.4249541217903543,0.5049217741738781
99,ips,none,0.47807616409062104,0.4540988278768337,0.49997736358142997,0.5049217741738781
99,snips,none,0.4883638455370247,0.4703620356926373,0.5050306341993369,0.5049217741738781
99,dm,gbm,0.43352664578866007,0.4292963500748971,0.43785002874022444,0.5049217741738781
99,dr,gbm,0.48782522100096776,0.47047539458765336,0.504954331435601,0.5049217741738781
99,switch_dr,gbm,0.4454723749298517,0.43379713465606007,0.4571329241683985,0.5049217741738781
99,dm,weak,0.36241975776282986,0.3616125664103703,0.36316112923224814,0.5049217741738781
99,dr,weak,0.48659783948436197,0.46790041535133925,0.5037998723489625,0.5049217741738781
99,switch_dr,weak,0.3961245406708728,0.3846418359299999,0.40691890712467493,0.5049217741738781
100,ips,none,0.5151450908395633,0.4907559551864838,0.5403739170827025,0.5049217741738781
100,snips,none,0.5045934673000648,0.4856017118430773,0.5245326479285172,0.5049217741738781
100,dm,gbm,0.4506110185409083,0.44651091605550103,0.4547036665131708,0.5049217741738781
100,dr,gbm,0.506406927858538,0.48810195069885187,0.5250400895682864,0.5049217741738781
100,switch_dr,gbm,0.45607320454236844,0.4454052592700556,0.4666387360826325,0.5049217741738781
100,dm,weak,0.3857292468287985,0.3849658123765282,0.38646727208111664,0.5049217741738781
100,dr,weak,0.5053043140764459,0.48618497694656365,0.5250265907019933,0.5049217741738781
100,switch_dr,weak,0.4071673779278338,0.3967175622041314,0.4181221502251943,0.5049217741738781
101,ips,none,0.5084778239915335,0.48438322869129447,0.5298876769585813,0.5049217741738781
101,snips,none,0.5045562757830583,0.48496549336084827,0.5211567180169036,0.5049217741738781
101,dm,gbm,0.4426890934111074,0.43857682693004485,0.446551276283651,0.5049217741738781
101,dr,gbm,0.502258028844999,0.48298038675029925,0.5197226279866705,0.5049217741738781
101,switch_dr,gbm,0.4574268621706216,0.4466668766474469,0.4690250200548227,0.5049217741738781
101,dm,weak,0.3793183341577847,0.3786992616836333,0.3799054294288637,0.5049217741738781
101,dr,weak,0.504489455234888,0.4846745288945388,0.5216609619646742,0.5049217741738781
101,switch_dr,weak,0.4143272141794403,0.4036106488648471,0.42540252189350325,0.5049217741738781
102,ips,none,0.5219376667344382,0.49692649861106725,0.5452000239674272,0.5049217741738781
102,snips,none,0.5204432037013532,0.500762906768075,0.5381481724069451,0.5049217741738781
102,dm,gbm,0.45413596917393145,0.45033845534979977,0.45825455337273435,0.5049217741738781
102,dr,gbm,0.5164591222501979,0.4981973847067745,0.5332639542041849,0.5049217741738781
102,switch_dr,gbm,0.46764104559133773,0.45701949781062134,0.47846625039201646,0.5049217741738781
102,dm,weak,0.38937532529064867,0.38864145996599114,0.39014422178104313,0.5049217741738781
102,dr,weak,0.5191674847751266,0.49940291279568344,0.5373013986953649,0.5049217741738781
102,switch_dr,weak,0.4212536600558753,0.4107879491033108,0.43204444364981864,0.5049217741738781
103,ips,none,0.49573764841844714,0.4714484581472108,0.5209302156277384,0.5049217741738781
103,snips,none,0.4976921961110085,0.4765335782800138,0.5167676082287136,0.5049217741738781
103,dm,gbm,0.4480228294654398,0.4439772837293788,0.45212051176416806,0.5049217741738781
103,dr,gbm,0.49700383655366387,0.47715967364215545,0.5156904101042478,0.5049217741738781
103,switch_dr,gbm,0.45934549812843833,0.4463379361390148,0.4712870310208822,0.5049217741738781
103,dm,weak,0.3855553344060109,0.3848242179678725,0.38646944886646606,0.5049217741738781
103,dr,weak,0.498325929337561,0.47710875842839595,0.517863602526437,0.5049217741738781
103,switch_dr,weak,0.4161534323700438,0.4042134589516179,0.428081963263067,0.5049217741738781
104,ips,none,0.4847187827254977,0.4589498507452701,0.5079575388534818,0.5049217741738781
104,snips,none,0.49430986507410696,0.47473801990215836,0.5124516961316773,0.5049217741738781
104,dm,gbm,0.44787418058327155,0.443572987095713,0.45181049364213743,0.5049217741738781
104,dr,gbm,0.49799251972249986,0.4793746690564849,0.5165481939769957,0.5049217741738781
104,switch_dr,gbm,0.46222385520910547,0.4505426865323106,0.47362175688762503,0.5049217741738781
104,dm,weak,0.37004834636459316,0.36935779861161544,0.37064620815267674,0.5049217741738781
104,dr,weak,0.4924650187011055,0.47242442707429455,0.51045186421577,0.5049217741738781
104,switch_dr,weak,0.4057624105939532,0.3932128766929534,0.41747579488155184,0.5049217741738781
105,ips,none,0.49473196106915185,0.4700865797509919,0.5225754250480149,0.5049217741738781
105,snips,none,0.49638969386514864,0.4778092110889146,0.516347464107862,0.5049217741738781
105,dm,gbm,0.44418071691348116,0.4403621562491701,0.4479995703655045,0.5049217741738781
105,dr,gbm,0.49859827944646856,0.47994513245951326,0.5170836766733513,0.5049217741738781
105,switch_dr,gbm,0.45740824735116187,0.44622599139826635,0.46912316792383385,0.5049217741738781
105,dm,weak,0.3812797045956243,0.3806613964936902,0.3819045968485323,0.5049217741738781
105,dr,weak,0.49662748759694697,0.47705396373639825,0.5176098549625572,0.5049217741738781
105,switch_dr,weak,0.4118193454928187,0.40098005709662937,0.424661179686949,0.5049217741738781
106,ips,none,0.5154379283492981,0.4904074268093151,0.5451811555503868,0.5049217741738781
106,snips,none,0.5108318992342418,0.4925979229684235,0.5296878879633846,0.5049217741738781
106,dm,gbm,0.45344942495544366,0.4495268270399075,0.45745129664034717,0.5049217741738781
106,dr,gbm,0.5069526483882401,0.4891372339686615,0.5248138470227476,0.5049217741738781
106,switch_dr,gbm,0.4669878495421417,0.45650972186632105,0.47809872694521244,0.5049217741738781
106,dm,weak,0.3882673988443974,0.3876162636362106,0.38883085362224534,0.5049217741738781
106,dr,weak,0.5121211919551258,0.49309782751188813,0.5319482545659697,0.5049217741738781
106,switch_dr,weak,0.4189256237554196,0.4077293841871845,0.4310392624195541,0.5049217741738781
107,ips,none,0.504634153599886,0.4807937073728217,0.529246215320155,0.5049217741738781
107,snips,none,0.5115494747986685,0.4938279990988074,0.5270714773666426,0.5049217741738781
107,dm,gbm,0.4562182577530366,0.4525189953015766,0.46037343440573075,0.5049217741738781
107,dr,gbm,0.5097335433286984,0.49296099844755387,0.5257916909133615,0.5049217741738781
107,switch_dr,gbm,0.47017463413595506,0.45893018996105855,0.48157102817411107,0.5049217741738781
107,dm,weak,0.3894360757808001,0.3886914534479056,0.3901222685862682,0.5049217741738781
107,dr,weak,0.5094140370164651,0.4905778369401359,0.5262933897593843,0.5049217741738781
107,switch_dr,weak,0.42367795744948455,0.4125981976187999,0.4345581081217572,0.5049217741738781
108,ips,none,0.5193905541690332,0.49435663437138744,0.5454221682590847,0.5049217741738781
108,snips,none,0.5080794901850878,0.4901911554576403,0.527322639581453,0.5049217741738781
108,dm,gbm,0.44708473285885186,0.4434312000245676,0.4506924128092795,0.5049217741738781
108,dr,gbm,0.5055325554381876,0.48599349980700335,0.5250017746806093,0.5049217741738781
108,switch_dr,gbm,0.4584748771837098,0.4467635235886548,0.4696822503553789,0.5049217741738781
108,dm,weak,0.3852149866818937,0.3844856260372461,0.38594174484616023,0.5049217741738781
108,dr,weak,0.508009060880164,0.48922204986249535,0.528125229524189,0.5049217741738781
108,switch_dr,weak,0.41307684398190886,0.40135201720657887,0.42412913163854626,0.5049217741738781
109,ips,none,0.5170483168207951,0.4934935429924583,0.5403058718257459,0.5049217741738781
109,snips,none,0.5108035799290589,0.4920502356740295,0.5285495551190046,0.5049217741738781
109,dm,gbm,0.4515999120956769,0.4473692321204222,0.45574247392456213,0.5049217741738781
109,dr,gbm,0.5109290466510452,0.4929486681601611,0.5283651324424633,0.5049217741738781
109,switch_dr,gbm,0.46662862917467446,0.45466103800026414,0.47930806304422136,0.5049217741738781
109,dm,weak,0.3838860234365484,0.38314202388875807,0.3845325088611121,0.5049217741738781
109,dr,weak,0.512047578078138,0.49302138873695556,0.5306660153204313,0.5049217741738781
109,switch_dr,weak,0.42009411901326055,0.4086802840955722,0.432957923432031,0.5049217741738781
110,ips,none,0.4999486119239966,0.4756596013095086,0.5226701970156028,0.5049217741738781
110,snips,none,0.5005028151257775,0.4804140373916462,0.517858695299201,0.5049217741738781
110,dm,gbm,0.44727894841197685,0.4435079801310166,0.45126832414369283,0.5049217741738781
110,dr,gbm,0.5034429851730468,0.4841120758221468,0.5199399553300149,0.5049217741738781
110,switch_dr,gbm,0.45544575386702707,0.4435828240167324,0.4664411521403928,0.5049217741738781
110,dm,weak,0.3779870066194181,0.37742483325325776,0.37855208043253885,0.5049217741738781
110,dr,weak,0.5005286912618412,0.48041263899236986,0.5190844694957965,0.5049217741738781
110,switch_dr,weak,0.4062413250233165,0.3938203362449826,0.41723141108852874,0.5049217741738781
111,ips,none,0.4963606368573586,0.47380733761561133,0.5226747737821315,0.5049217741738781
111,snips,none,0.5016414212428858,0.48282510766857556,0.5205009312712676,0.5049217741738781
111,dm,gbm,0.45160627293652833,0.4473425881877781,0.45551995511415494,0.5049217741738781
111,dr,gbm,0.5049573503592625,0.48794641069387956,0.5216224020689118,0.5049217741738781
111,switch_dr,gbm,0.46195605561061176,0.4496061280888855,0.4725462188358397,0.5049217741738781
111,dm,weak,0.37879570801176826,0.3780701362060076,0.3794836926326088,0.5049217741738781
111,dr,weak,0.5004968042105886,0.48144973325220813,0.519954232701861,0.5049217741738781
111,switch_dr,weak,0.41164610822301073,0.39938403030627706,0.42254627063802985,0.5049217741738781
112,ips,none,0.4877071298936613,0.4630651281434078,0.5100045118042312,0.5049217741738781
112,snips,none,0.4948574042517416,0.4759833395056702,0.5121434149022033,0.5049217741738781
112,dm,gbm,0.43767956625776916,0.43389961125673127,0.4417486778630342,0.5049217741738781
112,dr,gbm,0.49563210320955503,0.4772447734514963,0.5130717137600412,0.5049217741738781
112,switch_dr,gbm,0.4518579820674153,0.44033798050700934,0.4635029345414992,0.5049217741738781
112,dm,weak,0.37343787378310567,0.37283507993589154,0.37406810326947176,0.5049217741738781
112,dr,weak,0.49280786345251215,0.47347513502030686,0.510312266135033,0.5049217741738781
112,switch_dr,weak,0.40436554771377053,0.39263178020122014,0.4165903634768226,0.5049217741738781
113,ips,none,0.5071125644682807,0.48321350622228876,0.5297271353979385,0.5049217741738781
113,snips,none,0.5001222749830652,0.48265330961079184,0.516054628926993,0.5049217741738781
113,dm,gbm,0.4374349623741711,0.43385162160131835,0.44103824479658665,0.5049217741738781
113,dr,gbm,0.500005924486749,0.4817913568488015,0.5164574220813701,0.5049217741738781
113,switch_dr,gbm,0.44708248091045805,0.43492546758220324,0.45842174385412005,0.5049217741738781
113,dm,weak,0.3729697422945708,0.37244560523047665,0.37350962795852793,0.5049217741738781
113,dr,weak,0.5000045690167528,0.48142505181488393,0.5169638880943512,0.5049217741738781
113,switch_dr,weak,0.4000571538707778,0.38854778588142885,0.41141263782334697,0.5049217741738781
114,ips,none,0.4903713364765672,0.4665342377259973,0.5119366012591428,0.5049217741738781
114,snips,none,0.49328315345949914,0.4738763614751404,0.5093926249984637,0.5049217741738781
114,dm,gbm,0.44085699185006133,0.43705049379258454,0.4446706406396678,0.5049217741738781
114,dr,gbm,0.49100122641675154,0.47245813110009016,0.5079866694332061,0.5049217741738781
114,switch_dr,gbm,0.44973785207021,0.4380043086919404,0.46118288275729213,0.5049217741738781
114,dm,weak,0.37493184805027024,0.37434056388002673,0.37550065741865124,0.5049217741738781
114,dr,weak,0.49271850021114777,0.47353120093376017,0.5096454145577749,0.5049217741738781
114,switch_dr,weak,0.39968790346965954,0.3878942341073023,0.41095730373438066,0.5049217741738781
115,ips,none,0.48827284933566373,0.46491831324923133,0.5151529744533137,0.5049217741738781
115,snips,none,0.500840925459905,0.48328003036433426,0.5190989038250099,0.5049217741738781
115,dm,gbm,0.4521112114225979,0.4482019441181947,0.4564873837407407,0.5049217741738781
115,dr,gbm,0.5060948712886721,0.48838270275646634,0.5229954708809494,0.5049217741738781
115,switch_dr,gbm,0.4641519564825012,0.4535918051315834,0.47613378662025735,0.5049217741738781
115,dm,weak,0.37512842432457644,0.37443543832394716,0.37594017730136703,0.5049217741738781
115,dr,weak,0.49856859509664436,0.479447059536639,0.5172912000285942,0.5049217741738781
115,switch_dr,weak,0.4052793920797208,0.3939329894302986,0.41639568640650704,0.5049217741738781
116,ips,none,0.5174346886448173,0.4957851583704127,0.5421976595721683,0.5049217741738781
116,snips,none,0.5198093541772693,0.503383901260759,0.5368778482852239,0.5049217741738781
116,dm,gbm,0.45748608074813785,0.453546514663402,0.4615645574579683,0.5049217741738781
116,dr,gbm,0.5179339759373975,0.5005064217395151,0.5345192019513905,0.5049217741738781
116,switch_dr,gbm,0.4689175093566358,0.45846309735489,0.4794904937223039,0.5049217741738781
116,dm,weak,0.38848710660328517,0.3876739663378859,0.3893507880074946,0.5049217741738781
116,dr,weak,0.5171288645784733,0.5007343197133944,0.5341372337079412,0.5049217741738781
116,switch_dr,weak,0.4165943170572402,0.4063635766719031,0.4280499221093558,0.5049217741738781
117,ips,none,0.49757085709075216,0.47579190124405646,0.5211541119062145,0.5049217741738781
117,snips,none,0.5004942638553507,0.4817053499610611,0.5176886411941883,0.5049217741738781
117,dm,gbm,0.4434543990167913,0.4395071686342617,0.44741181202797126,0.5049217741738781
117,dr,gbm,0.5002958928362145,0.4810530847724813,0.51743436610797,0.5049217741738781
117,switch_dr,gbm,0.4585006031561431,0.4479982922559951,0.4707794249294575,0.5049217741738781
117,dm,weak,0.3808017373339913,0.3802185965006568,0.3814079997783869,0.5049217741738781
117,dr,weak,0.49976971348494115,0.48116634847167805,0.5176250979424423,0.5049217741738781
117,switch_dr,weak,0.4162598177105575,0.40554827565096224,0.42808948003140007,0.5049217741738781
118,ips,none,0.501817625337042,0.4789851785198899,0.524430110950569,0.5049217741738781
118,snips,none,0.5079459626099495,0.4913311940221623,0.5240011118321571,0.5049217741738781
118,dm,gbm,0.45687804503034196,0.4528807911313812,0.46087444266221805,0.5049217741738781
118,dr,gbm,0.509339574981428,0.49220300842896597,0.525424555194158,0.5049217741738781
118,switch_dr,gbm,0.46860296279959684,0.45653679968110195,0.480233801848546,0.5049217741738781
118,dm,weak,0.3802326011951472,0.37958661802506577,0.38084753322754766,0.5049217741738781
118,dr,weak,0.5091643335805977,0.49170563544986173,0.5268597727177348,0.5049217741738781
118,switch_dr,weak,0.4117039164129097,0.39972502154057404,0.42306331181334417,0.5049217741738781
119,ips,none,0.5127439158982761,0.48844575116499,0.5357319823550848,0.5049217741738781
119,snips,none,0.5119242940513481,0.4932363106181103,0.5303660047399742,0.5049217741738781
119,dm,gbm,0.46247767212058233,0.4580687756701514,0.46643251249578727,0.5049217741738781
119,dr,gbm,0.5132798642703472,0.4951186997287607,0.5307796714996167,0.5049217741738781
119,switch_dr,gbm,0.47992702109773083,0.46833273920470275,0.4907376197466441,0.5049217741738781
119,dm,weak,0.390065627437232,0.3894101299194734,0.3906337760562807,0.5049217741738781
119,dr,weak,0.5115921625367464,0.49332965800404716,0.5304990376163966,0.5049217741738781
119,switch_dr,weak,0.4270241279117378,0.4150548580569845,0.438501468090442,0.5049217741738781
120,ips,none,0.490663245389031,0.4702196280976004,0.5112996746028973,0.5049217741738781
120,snips,none,0.4916245025813977,0.4747413678925269,0.5082666133227554,0.5049217741738781
120,dm,gbm,0.4423799151503948,0.43858224661642287,0.4460809951739735,0.5049217741738781
120,dr,gbm,0.4992604600476379,0.48343656445979655,0.5161539042456899,0.5049217741738781
120,switch_dr,gbm,0.4550393538772837,0.4422135386919301,0.46728214274118607,0.5049217741738781
120,dm,weak,0.37509312563683644,0.374472383206373,0.37568905697424787,0.5049217741738781
120,dr,weak,0.4926247273740911,0.47572493762235146,0.5094082137416635,0.5049217741738781
120,switch_dr,weak,0.4070174209076498,0.3946276059560586,0.41911928247506114,0.5049217741738781
121,ips,none,0.5075877911124406,0.4807112876877164,0.5312187884743343,0.5049217741738781
121,snips,none,0.5098537656732182,0.4919719260826066,0.5269266672818418,0.5049217741738781
121,dm,gbm,0.45700241524851426,0.45288665959394503,0.46106704264323284,0.5049217741738781
121,dr,gbm,0.5112785656079679,0.4944899562204515,0.5276076391046837,0.5049217741738781
121,switch_dr,gbm,0.4662170824839348,0.45472340669368067,0.47703309724815873,0.5049217741738781
121,dm,weak,0.3903073312218407,0.3895605292524809,0.39109406038028705,0.5049217741738781
121,dr,weak,0.5102211504261093,0.4910027322566227,0.5280685676577622,0.5049217741738781
121,switch_dr,weak,0.4175784047545915,0.40609522707536627,0.42846684141404395,0.5049217741738781
122,ips,none,0.5111260635655852,0.4886570459426678,0.5363282335097643,0.5049217741738781
122,snips,none,0.5097069773380445,0.49268168511005217,0.5272107410896788,0.5049217741738781
122,dm,gbm,0.4474042533170719,0.44367541713206043,0.45123123912066926,0.5049217741738781
122,dr,gbm,0.5079785549992919,0.49148342096232495,0.5236180185605077,0.5049217741738781
122,switch_dr,gbm,0.460885967811798,0.44942556861541816,0.4729280228318923,0.5049217741738781
122,dm,weak,0.37682017572389026,0.37632379675458794,0.37736246456208733,0.5049217741738781
122,dr,weak,0.5098114570836838,0.492115080684987,0.5284042741350721,0.5049217741738781
122,switch_dr,weak,0.4094314720540323,0.3969481855488983,0.421103496249349,0.5049217741738781
123,ips,none,0.4981795799901988,0.47468661431246606,0.5190599101770245,0.5049217741738781
123,snips,none,0.503167256515097,0.4847190972650978,0.5198115763353981,0.5049217741738781
123,dm,gbm,0.45381219223579267,0.4502495687937548,0.457219931143063,0.5049217741738781
123,dr,gbm,0.504840063145746,0.48664745605927373,0.520533182851228,0.5049217741738781
123,switch_dr,gbm,0.46386281971118715,0.45150802222205805,0.4742038269973954,0.5049217741738781
123,dm,weak,0.3853781978867918,0.3847870931338929,0.3859394829017443,0.5049217741738781
123,dr,weak,0.5018965842932004,0.48309662620457794,0.5191834412231714,0.5049217741738781
123,switch_dr,weak,0.4137615176482175,0.40133796877335476,0.42380419804423264,0.5049217741738781
124,ips,none,0.5293662559262566,0.5056031497831485,0.5548194377271016,0.5049217741738781
124,snips,none,0.5197453990447964,0.50284546932498,0.5385353942872972,0.5049217741738781
124,dm,gbm,0.4623090976149955,0.45801807004674844,0.46650634079603387,0.5049217741738781
124,dr,gbm,0.5179638763950193,0.5011282232106654,0.5357514466056823,0.5049217741738781
124,switch_dr,gbm,0.47388254478662256,0.4618441659088555,0.4858471020680591,0.5049217741738781
124,dm,weak,0.39613871350305574,0.39552791045221686,0.39673289294142045,0.5049217741738781
124,dr,weak,0.5200570931971314,0.5020175452164429,0.5398498533912459,0.5049217741738781
124,switch_dr,weak,0.4256908303670656,0.4140088640991489,0.43794177227963776,0.5049217741738781
125,ips,none,0.505005609484074,0.4824979466422012,0.5270542510620315,0.5049217741738781
125,snips,none,0.5066484813888864,0.48943823369911554,0.5227203152851728,0.5049217741738781
125,dm,gbm,0.44892865445921953,0.44471772409627763,0.4527311067685656,0.5049217741738781
125,dr,gbm,0.5041481053049884,0.48724950502342246,0.5198085259004053,0.5049217741738781
125,switch_dr,gbm,0.4626160923674254,0.4515047427163775,0.47356759753546507,0.5049217741738781
125,dm,weak,0.383131082003917,0.38234702799426407,0.38386273804493737,0.5049217741738781
125,dr,weak,0.5073231241943402,0.4896168664771895,0.5246830942816784,0.5049217741738781
125,switch_dr,weak,0.4146813950507596,0.4032463126474611,0.4256608611112413,0.5049217741738781
126,ips,none,0.5085378278083679,0.48355985621980924,0.5322894038641882,0.5049217741738781
126,snips,none,0.5020144121878678,0.48403217679535027,0.5202002297879048,0.5049217741738781
126,dm,gbm,0.4483480279853067,0.444106803102914,0.4519729308936327,0.5049217741738781
126,dr,gbm,0.5021268455523262,0.4838855348620393,0.5203157758358659,0.5049217741738781
126,switch_dr,gbm,0.4645350116922307,0.4543865880421647,0.47523157945891314,0.5049217741738781
126,dm,weak,0.38045650665668584,0.3797651140036463,0.38120988094691255,0.5049217741738781
126,dr,weak,0.503031112208791,0.48468583329480663,0.5231318200991011,0.5049217741738781
126,switch_dr,weak,0.4179304810508455,0.4071302955090893,0.4298332213429099,0.5049217741738781
127,ips,none,0.49021078627136166,0.46640245194470986,0.513460516179102,0.5049217741738781
127,snips,none,0.49947624824654563,0.48115914844028385,0.5173213702923165,0.5049217741738781
127,dm,gbm,0.4460496504859877,0.442534021733182,0.44968757589432756,0.5049217741738781
127,dr,gbm,0.5010444725457078,0.4849432237301909,0.518453142290512,0.5049217741738781
127,switch_dr,gbm,0.45697161156377586,0.4464234356885535,0.4672334324664339,0.5049217741738781
127,dm,weak,0.38104570470936117,0.3805200445587707,0.38159287819585214,0.5049217741738781
127,dr,weak,0.4986122321127432,0.480575725413725,0.5162577390999261,0.5049217741738781
127,switch_dr,weak,0.4094117546067403,0.39828336053477487,0.4205834205794769,0.5049217741738781
128,ips,none,0.5005136270862729,0.47863100868200004,0.526258003526131,0.5049217741738781
128,snips,none,0.5049166848221209,0.48906432607754546,0.5242958339995079,0.5049217741738781
128,dm,gbm,0.45331670630105225,0.4493313785243019,0.4571393184041966,0.5049217741738781
128,dr,gbm,0.5078959467039402,0.4928629727652754,0.526826281907888,0.5049217741738781
128,switch_dr,gbm,0.4609432578718541,0.45033796664794684,0.4729659539210204,0.5049217741738781
128,dm,weak,0.37725322715834014,0.3767148346139697,0.3778557911646875,0.5049217741738781
128,dr,weak,0.5048997577884583,0.48761050802637523,0.5256504724545913,0.5049217741738781
128,switch_dr,weak,0.408564995359468,0.396579030105354,0.4205340711625692,0.5049217741738781
129,ips,none,0.5106742824430551,0.4871417776589858,0.5352820733179552,0.5049217741738781
129,snips,none,0.5114862934270683,0.49320876606702424,0.5309349256076724,0.5049217741738781
129,dm,gbm,0.45503960338428934,0.4507212635921418,0.45919904247652216,0.5049217741738781
129,dr,gbm,0.5087307154694829,0.4905400336682094,0.5266364159243349,0.5049217741738781
129,switch_dr,gbm,0.4602625475342499,0.44777185312824275,0.4719482313775755,0.5049217741738781
129,dm,weak,0.38832141987106367,0.3875436631108199,0.3890868650491305,0.5049217741738781
129,dr,weak,0.5099334271356183,0.4910877575764627,0.5295459639627157,0.5049217741738781
129,switch_dr,weak,0.4097048851773474,0.3964210395567533,0.42141466606515754,0.5049217741738781
130,ips,none,0.4939886932105058,0.4701131882252813,0.5174439217944321,0.5049217741738781
130,snips,none,0.4983754032897668,0.4803766192900354,0.5174332531514138,0.5049217741738781
130,dm,gbm,0.4415365555439212,0.43750642794221395,0.44592433561525135,0.5049217741738781
130,dr,gbm,0.4980432363352723,0.4811955085692506,0.5161938645939891,0.5049217741738781
130,switch_dr,gbm,0.4545357978024136,0.4434027462049218,0.4653148122958037,0.5049217741738781
130,dm,weak,0.3769065333363842,0.3762431312693119,0.37763963761744285,0.5049217741738781
130,dr,weak,0.496370128660146,0.47819097508948627,0.5151753243613786,0.5049217741738781
130,switch_dr,weak,0.40937924875956405,0.39732388975742167,0.420669452283586,0.5049217741738781
131,ips,none,0.4916398820731265,0.46803707548015333,0.5161407347831569,0.5049217741738781
131,snips,none,0.4931313652727548,0.47545601903004575,0.5124664558702029,0.5049217741738781
131,dm,gbm,0.43981474613718946,0.43540951552198975,0.44439175262961567,0.5049217741738781
131,dr,gbm,0.4947673040774529,0.478169336040468,0.5138492603718009,0.5049217741738781
131,switch_dr,gbm,0.4530749791484398,0.44067957520927814,0.46544937296054745,0.5049217741738781
131,dm,weak,0.37707396018538186,0.37643715200778616,0.3777293705347311,0.5049217741738781
131,dr,weak,0.4934388218208639,0.4756695242730048,0.5135125796459857,0.5049217741738781
131,switch_dr,weak,0.4088879972611159,0.39689353611462247,0.42106243098813484,0.5049217741738781
132,ips,none,0.5156884141107992,0.4937372009705716,0.5380678867380123,0.5049217741738781
132,snips,none,0.5127721160690594,0.4953175314277943,0.5298789557681859,0.5049217741738781
132,dm,gbm,0.4572446813913972,0.45370504032015163,0.4609018231732544,0.5049217741738781
132,dr,gbm,0.5087902032658836,0.49097297001692447,0.5254399706475894,0.5049217741738781
132,switch_dr,gbm,0.46815395579889135,0.45740964220959773,0.47896724528689677,0.5049217741738781
132,dm,weak,0.3875231759149769,0.3868326482872712,0.38816668658736264,0.5049217741738781
132,dr,weak,0.5137047110934131,0.49581480143826934,0.532040398402625,0.5049217741738781
132,switch_dr,weak,0.41984260789250494,0.40901166134087674,0.43066589538164995,0.5049217741738781
133,ips,none,0.5066000107280101,0.48353460617518784,0.5283593531693505,0.5049217741738781
133,snips,none,0.5049440216232443,0.48443023289480114,0.5207307315932694,0.5049217741738781
133,dm,gbm,0.4452094493990001,0.44130196928418,0.44916435268148497,0.5049217741738781
133,dr,gbm,0.5054751778094537,0.48668050933008156,0.5218373549008624,0.5049217741738781
133,switch_dr,gbm,0.4601389884366443,0.44950431332492097,0.47081082618561754,0.5049217741738781
133,dm,weak,0.3805511868223843,0.37971703103975163,0.3812893240860268,0.5049217741738781
133,dr,weak,0.5057393599448358,0.4850743087996504,0.5226501851813273,0.5049217741738781
133,switch_dr,weak,0.41467570788411884,0.40370263463602446,0.42630528943132795,0.5049217741738781
134,ips,none,0.5090493889237051,0.4844872168852414,0.5347274155360228,0.5049217741738781
134,snips,none,0.5064178689742597,0.4866020449459135,0.5246337288408616,0.5049217741738781
134,dm,gbm,0.4530707544871292,0.4490976451840849,0.4573778157456939,0.5049217741738781
134,dr,gbm,0.5062997850940912,0.487835034476436,0.52504486056684,0.5049217741738781
134,switch_dr,gbm,0.4648493641671157,0.4528136054220144,0.476750121399545,0.5049217741738781
134,dm,weak,0.3800018758628617,0.3792363283851969,0.3807802797365181,0.5049217741738781
134,dr,weak,0.5073924673073514,0.48700652757277874,0.5266188281976844,0.5049217741738781
134,switch_dr,weak,0.41307633312387443,0.40012186614977624,0.42479847304847534,0.5049217741738781
135,ips,none,0.5095146836222475,0.4867513077518145,0.5318038281618156,0.5049217741738781
135,snips,none,0.5097292413366438,0.49129994669328586,0.5281191328075086,0.5049217741738781
135,dm,gbm,0.4551347417296441,0.4512640803930341,0.45933001624517844,0.5049217741738781
135,dr,gbm,0.5092071004086328,0.491596636865845,0.5274452578988893,0.5049217741738781
135,switch_dr,gbm,0.4647439198349213,0.45274500440440313,0.4774063815451333,0.5049217741738781
135,dm,weak,0.3834885251250138,0.38290486384362216,0.38408213962329946,0.5049217741738781
135,dr,weak,0.5081678200688146,0.4901304423795799,0.5271456645605544,0.5049217741738781
135,switch_dr,weak,0.4111953490779464,0.4005490147574581,0.42415564620498375,0.5049217741738781
136,ips,none,0.49735606789610093,0.4744502951065044,0.5209137603141365,0.5049217741738781
136,snips,none,0.5059742296904327,0.48736897242626015,0.5245979748965744,0.5049217741738781
136,dm,gbm,0.45784615294370123,0.4539050052147002,0.4618427770913134,0.5049217741738781
136,dr,gbm,0.509254650710024,0.4913896029300729,0.5275921982319021,0.5049217741738781
136,switch_dr,gbm,0.4663292331978756,0.4560548045847991,0.4792953129759001,0.5049217741738781
136,dm,weak,0.38973101873096555,0.3889672942197727,0.3904674287297676,0.5049217741738781
136,dr,weak,0.5057025204754514,0.4867314734663747,0.5243971136833827,0.5049217741738781
136,switch_dr,weak,0.4164611998814169,0.4062746017457382,0.4294776217341305,0.5049217741738781
137,ips,none,0.49439702093805793,0.4712223102880651,0.5179940401428851,0.5049217741738781
137,snips,none,0.5003882818567702,0.4826083494218643,0.5190693922255096,0.5049217741738781
137,dm,gbm,0.44813751195045126,0.44435473325625424,0.451878555269133,0.5049217741738781
137,dr,gbm,0.5046815558424221,0.48677147729684433,0.5234312251598028,0.5049217741738781
137,switch_dr,gbm,0.46302227481584596,0.45172930119668997,0.4744637595780913,0.5049217741738781
137,dm,weak,0.3804017704690973,0.379907243503128,0.38092940068523684,0.5049217741738781
137,dr,weak,0.49955180258560483,0.4813471012566096,0.5178724680595396,0.5049217741738781
137,switch_dr,weak,0.41420853618369513,0.40304741130256544,0.42521334606132805,0.5049217741738781
138,ips,none,0.49628414290755973,0.4720687038717648,0.5218283993533949,0.5049217741738781
138,snips,none,0.49325581957058723,0.47456650132919537,0.5136484600923212,0.5049217741738781
138,dm,gbm,0.43989861257693663,0.43630132047754233,0.4437657746628887,0.5049217741738781
138,dr,gbm,0.4929546289429226,0.4746181960852634,0.5135266496455807,0.5049217741738781
138,switch_dr,gbm,0.45339805378052367,0.4423545178508515,0.46475876001944777,0.5049217741738781
138,dm,weak,0.37481243321301444,0.37403948158206224,0.375538159005911,0.5049217741738781
138,dr,weak,0.49422122641834576,0.4750152184877636,0.5153512916431496,0.5049217741738781
138,switch_dr,weak,0.40370970272429796,0.39282735512660816,0.41526047660184146,0.5049217741738781
139,ips,none,0.5142212948104334,0.4871948756535978,0.5381025954979394,0.5049217741738781
139,snips,none,0.507901266541225,0.488004629052361,0.5251680270884057,0.5049217741738781
139,dm,gbm,0.45446321660524475,0.4503297581632175,0.4584868031580248,0.5049217741738781
139,dr,gbm,0.5104724671594804,0.4899323906896586,0.5267339296923567,0.5049217741738781
139,switch_dr,gbm,0.46865705273860697,0.4564665620886378,0.4801361449808754,0.5049217741738781
139,dm,weak,0.387769142201745,0.3870170765374781,0.3884981604479799,0.5049217741738781
139,dr,weak,0.5089288062826618,0.4882391680780954,0.5269205619252015,0.5049217741738781
139,switch_dr,weak,0.4199428157888038,0.4080124492606463,0.43201964899279166,0.5049217741738781
140,ips,none,0.4890897260637761,0.467884204801991,0.5123035083659567,0.5049217741738781
140,snips,none,0.49553895454811014,0.47863426927440594,0.5129128376738514,0.5049217741738781
140,dm,gbm,0.4384857194268863,0.4344094402112005,0.4429027950963762,0.5049217741738781
140,dr,gbm,0.49565066178335765,0.4798742099335599,0.5130364407177089,0.5049217741738781
140,switch_dr,gbm,0.4455830822452526,0.43491202356520675,0.45772417538759247,0.5049217741738781
140,dm,weak,0.3691719007595252,0.3684333488162742,0.36987110148340385,0.5049217741738781
140,dr,weak,0.49482548022863365,0.4774457103520803,0.5133172679214631,0.5049217741738781
140,switch_dr,weak,0.3930720604722503,0.3829603320471783,0.40430623392505993,0.5049217741738781
141,ips,none,0.5010358387300288,0.48075804291287855,0.5222649685086636,0.5049217741738781
141,snips,none,0.4948647894936096,0.4775615998352069,0.5123623143229795,0.5049217741738781
141,dm,gbm,0.4344589780416156,0.4304826295715387,0.4386101370940135,0.5049217741738781
141,dr,gbm,0.49454353230734416,0.4770476532974279,0.5112038746861949,0.5049217741738781
141,switch_dr,gbm,0.44416385344605297,0.4330768553039804,0.45605027109924057,0.5049217741738781
141,dm,weak,0.37764030739783006,0.3767430517491196,0.3784607614612189,0.5049217741738781
141,dr,weak,0.49511235133751635,0.47694136857937663,0.513552183477558,0.5049217741738781
141,switch_dr,weak,0.40442033289580015,0.39314041159825214,0.4167388395267501,0.5049217741738781
142,ips,none,0.506856072938481,0.4825825299570731,0.5293978307124497,0.5049217741738781
142,snips,none,0.5045896625543556,0.48518500321090485,0.5230014273614405,0.5049217741738781
142,dm,gbm,0.44918964494798774,0.4454053803943156,0.45274178344864446,0.5049217741738781
142,dr,gbm,0.5010454758055383,0.48184319407879017,0.5180112534496261,0.5049217741738781
142,switch_dr,gbm,0.45744988544185916,0.4459340928589449,0.4677917473109655,0.5049217741738781
142,dm,weak,0.37987731726792107,0.3791574938437891,0.3805998744527474,0.5049217741738781
142,dr,weak,0.5036273167805015,0.48391661257610397,0.5231937502530319,0.5049217741738781
142,switch_dr,weak,0.4054895062036706,0.3938609636943972,0.415205506025699,0.5049217741738781
143,ips,none,0.4858444655888976,0.46137371168728686,0.5093179101259089,0.5049217741738781
143,snips,none,0.4936147825396286,0.473428168866274,0.5098681465708903,0.5049217741738781
143,dm,gbm,0.4390581117543251,0.43542024742801116,0.44268357428280275,0.5049217741738781
143,dr,gbm,0.4964761642079264,0.47596521148007287,0.5129117031521311,0.5049217741738781
143,switch_dr,gbm,0.4498853373523926,0.43825682162792773,0.46189672742601734,0.5049217741738781
143,dm,weak,0.3691676071779281,0.3686768485534581,0.3696235692014424,0.5049217741738781
143,dr,weak,0.4926024819663073,0.47251446219368637,0.5100014584884315,0.5049217741738781
143,switch_dr,weak,0.40002793518975344,0.38851807967832785,0.41245623469567544,0.5049217741738781
144,ips,none,0.5055190205651287,0.4811406948106951,0.5293048354004605,0.5049217741738781
144,snips,none,0.5054770338561542,0.48745155893527625,0.5241856267508552,0.5049217741738781
144,dm,gbm,0.4436909292111268,0.43981506691720174,0.4475876419384658,0.5049217741738781
144,dr,gbm,0.5058847537584378,0.4871015939376129,0.5243128509992631,0.5049217741738781
144,switch_dr,gbm,0.4559429534442282,0.44417518870039785,0.4677385173378603,0.5049217741738781
144,dm,weak,0.37914082997615495,0.37851259440151297,0.37981719932521035,0.5049217741738781
144,dr,weak,0.5038980091012489,0.4849679396548178,0.5246926592472423,0.5049217741738781
144,switch_dr,weak,0.4082082679623221,0.3970680706985708,0.42023093776959825,0.5049217741738781
145,ips,none,0.4923864677051717,0.4690932325883045,0.5140804307591512,0.5049217741738781
145,snips,none,0.49574285044802374,0.47710295023435073,0.5118868892658933,0.5049217741738781
145,dm,gbm,0.4397768538383755,0.43609613339192377,0.4431380948460755,0.5049217741738781
145,dr,gbm,0.49392797126445986,0.47462593891214955,0.5097965849631491,0.5049217741738781
145,switch_dr,gbm,0.45033179580525645,0.439009636777741,0.46268124284094836,0.5049217741738781
145,dm,weak,0.37809319034585015,0.37761494269396695,0.3786019226226105,0.5049217741738781
145,dr,weak,0.494848134121498,0.4758256636380208,0.5118914266970013,0.5049217741738781
145,switch_dr,weak,0.4099567199013727,0.3983543246515849,0.4211694307849623,0.5049217741738781
146,ips,none,0.4672241295461248,0.44236605697510034,0.4914772331872392,0.5049217741738781
146,snips,none,0.47315760019160896,0.4544347639517375,0.4895983766069645,0.5049217741738781
146,dm,gbm,0.4263721654168197,0.4231948447134759,0.4301567734120334,0.5049217741738781
146,dr,gbm,0.47518284721135023,0.456381695667742,0.49237283567379003,0.5049217741738781
146,switch_dr,gbm,0.4398494947878742,0.42752195644605107,0.4513996155850169,0.5049217741738781
146,dm,weak,0.3622969326792126,0.3616083171640279,0.36285597883020515,0.5049217741738781
146,dr,weak,0.4722400763543148,0.45297250091958574,0.48986965890852774,0.5049217741738781
146,switch_dr,weak,0.3974313442521307,0.3852372499172838,0.4092690995511011,0.5049217741738781
147,ips,none,0.4988975683143539,0.47319537274077295,0.5222593988718233,0.5049217741738781
147,snips,none,0.5105131588346085,0.49186059629494805,0.5270945453998633,0.5049217741738781
147,dm,gbm,0.46018111062711126,0.4562507432905035,0.4640178451789742,0.5049217741738781
147,dr,gbm,0.5112198030221157,0.4926257467729907,0.5279200638380234,0.5049217741738781
147,switch_dr,gbm,0.4700865271613217,0.45876814879312533,0.4808939119848793,0.5049217741738781
147,dm,weak,0.3826007791650275,0.38174669379413884,0.38344428074565856,0.5049217741738781
147,dr,weak,0.5071581141900707,0.48745057617600646,0.5249802421909412,0.5049217741738781
147,switch_dr,weak,0.4141779724065076,0.40298065870629884,0.425555695565281,0.5049217741738781
148,ips,none,0.49290994568516805,0.46964330720873676,0.5198166225780283,0.5049217741738781
148,snips,none,0.4982659064236553,0.48085688343404626,0.516231519651179,0.5049217741738781
148,dm,gbm,0.4435860042310339,0.4400206464621149,0.44727355849551276,0.5049217741738781
148,dr,gbm,0.49942833687262145,0.4824473757156398,0.5176560839832064,0.5049217741738781
148,switch_dr,gbm,0.46078029918652236,0.44952471661040555,0.47407814857195774,0.5049217741738781
148,dm,weak,0.3744543153845006,0.37401030665792806,0.37493824586945756,0.5049217741738781
148,dr,weak,0.4966317039755163,0.47874921361036765,0.515920787450391,0.5049217741738781
148,switch_dr,weak,0.4060528297041785,0.394571966456179,0.4187730065024508,0.5049217741738781
149,ips,none,0.46874523882082814,0.4453603191618803,0.4945608215664777,0.5049217741738781
149,snips,none,0.47848496701256077,0.4604280008542129,0.4990350812950305,0.5049217741738781
149,dm,gbm,0.43084678392243175,0.42698084839056566,0.43492777190996645,0.5049217741738781
149,dr,gbm,0.47908256798771565,0.46206749926551216,0.4979252354854779,0.5049217741738781
149,switch_dr,gbm,0.4418332099310508,0.43015739953480564,0.45316514562776633,0.5049217741738781
149,dm,weak,0.3694276695063073,0.3688422486846846,0.3700532569533236,0.5049217741738781
149,dr,weak,0.4779214471402618,0.4593808885503485,0.49875557985422725,0.5049217741738781
149,switch_dr,weak,0.4003249256143722,0.38872372610837036,0.41176156352888954,0.5049217741738781
150,ips,none,0.508858182645805,0.4867707684914447,0.5340925710180511,0.5049217741738781
150,snips,none,0.5122034857773909,0.49480087721195354,0.5312726844480326,0.5049217741738781
150,dm,gbm,0.4523479108954598,0.44814822578250435,0.4563069743968516,0.5049217741738781
150,dr,gbm,0.5126692901240602,0.4961648105086952,0.5306665906566063,0.5049217741738781
150,switch_dr,gbm,0.4647266176403409,0.4533894387334424,0.4760092596493693,0.5049217741738781
150,dm,weak,0.3888094038892965,0.3882333796744648,0.38939353124880266,0.5049217741738781
150,dr,weak,0.5123909391794724,0.4950521397252935,0.5318341091298748,0.5049217741738781
150,switch_dr,weak,0.41774337018264324,0.405980717964412,0.42895650533802776,0.5049217741738781
151,ips,none,0.48041051078458985,0.456421179308775,0.5037392525736546,0.5049217741738781
151,snips,none,0.4917785933000756,0.47456224043551565,0.5101594354444271,0.5049217741738781
151,dm,gbm,0.4363322471716844,0.4321672049571364,0.4408465486596287,0.5049217741738781
151,dr,gbm,0.4891188020397348,0.47209093501008553,0.5069555303882558,0.5049217741738781
151,switch_dr,gbm,0.4457397509951748,0.43593143706684107,0.4568247431403759,0.5049217741738781
151,dm,weak,0.367075915953129,0.36662184209823967,0.36749865746555876,0.5049217741738781
151,dr,weak,0.48915488873981994,0.47196422827516404,0.5076138711322802,0.5049217741738781
151,switch_dr,weak,0.39776058684257215,0.3878699876774043,0.40936761873002575,0.5049217741738781
152,ips,none,0.5161266614759099,0.4923010501848878,0.5403688293980242,0.5049217741738781
152,snips,none,0.506694046168343,0.4875225467178513,0.523566741593806,0.5049217741738781
152,dm,gbm,0.4507211569613558,0.4468676247446595,0.45441066167211513,0.5049217741738781
152,dr,gbm,0.5050612780769866,0.48696587871574276,0.5231546937211723,0.5049217741738781
152,switch_dr,gbm,0.46912064191066055,0.4573433249784386,0.4805445041034798,0.5049217741738781
152,dm,weak,0.38829621817069265,0.3876457135954098,0.388872438809296,0.5049217741738781
152,dr,weak,0.5073374060549041,0.4879656521790134,0.5254322799977579,0.5049217741738781
152,switch_dr,weak,0.42445148513268505,0.41234109115911494,0.43663610111096207,0.5049217741738781
153,ips,none,0.5201409132003829,0.4967323817157889,0.5434838861590101,0.5049217741738781
153,snips,none,0.5220165173910376,0.5048998136661583,0.5397615420246622,0.5049217741738781
153,dm,gbm,0.4678820242233804,0.46430155000337375,0.471626674146921,0.5049217741738781
153,dr,gbm,0.5239503929391042,0.5061362794460194,0.5418108665171779,0.5049217741738781
153,switch_dr,gbm,0.4807813149898553,0.4683292941320658,0.49231783617709834,0.5049217741738781
153,dm,weak,0.3915437130206736,0.3909244997558146,0.39208922559893034,0.5049217741738781
153,dr,weak,0.5215592545923544,0.50463439739515,0.5398070866595823,0.5049217741738781
153,switch_dr,weak,0.42783583565137306,0.4156838811091867,0.4399082244822348,0.5049217741738781
154,ips,none,0.4934990027362142,0.4693813454733777,0.5158509361529674,0.5049217741738781
154,snips,none,0.5023545825945159,0.48584463665371297,0.5229570045135565,0.5049217741738781
154,dm,gbm,0.45154326260307565,0.4472491314941457,0.45560078956778566,0.5049217741738781
154,dr,gbm,0.5017432964366335,0.48476062557735083,0.5191052012669057,0.5049217741738781
154,switch_dr,gbm,0.4653061113898491,0.45453325016657625,0.47650408643271486,0.5049217741738781
154,dm,weak,0.384643975194634,0.3838844911373257,0.3853490148219127,0.5049217741738781
154,dr,weak,0.4999747611491341,0.482355479081071,0.5197614237448872,0.5049217741738781
154,switch_dr,weak,0.41752170686596074,0.4069002763310695,0.42896491521595803,0.5049217741738781
155,ips,none,0.4961491070364612,0.47244915051501263,0.5193959906224179,0.5049217741738781
155,snips,none,0.5014113292739558,0.4823708834578024,0.5187779542486908,0.5049217741738781
155,dm,gbm,0.4469063864947103,0.4430024419077861,0.45100788429564265,0.5049217741738781
155,dr,gbm,0.4992926422413384,0.48067736766775954,0.5165826528914866,0.5049217741738781
155,switch_dr,gbm,0.45393031339111767,0.44305429183226797,0.4656469657013347,0.5049217741738781
155,dm,weak,0.3802800000942948,0.3795976138703797,0.3810234690940271,0.5049217741738781
155,dr,weak,0.5007179693889758,0.48150970686731664,0.5179053368651604,0.5049217741738781
155,switch_dr,weak,0.40687091220851873,0.39594601175147565,0.4180925790030031,0.5049217741738781
156,ips,none,0.5107877138622221,0.48611265015584615,0.5346803518019141,0.5049217741738781
156,snips,none,0.5107411291326772,0.49292727630469096,0.5284204780818355,0.5049217741738781
156,dm,gbm,0.4569758101325535,0.45327220477187974,0.46086470958021,0.5049217741738781
156,dr,gbm,0.5093915724218585,0.4913836890848451,0.5266058418326045,0.5049217741738781
156,switch_dr,gbm,0.4641779391899834,0.45340832290141736,0.4753369752918016,0.5049217741738781
156,dm,weak,0.39375164000276375,0.39302703461015775,0.3943690553351044,0.5049217741738781
156,dr,weak,0.5102258933979418,0.4919887018676799,0.528038906066851,0.5049217741738781
156,switch_dr,weak,0.4206156315008997,0.4100976911661171,0.43131966784809134,0.5049217741738781
157,ips,none,0.5206602836662114,0.49559646435452037,0.5453121851215705,0.5049217741738781
157,snips,none,0.5095659993626501,0.4896193151736614,0.528687469355732,0.5049217741738781
157,dm,gbm,0.44748333049115047,0.44309257277993014,0.45178100574133695,0.5049217741738781
157,dr,gbm,0.5106851481836461,0.4915867302073178,0.5304723281868714,0.5049217741738781
157,switch_dr,gbm,0.4664126741233337,0.4551505175079942,0.4779077795856856,0.5049217741738781
157,dm,weak,0.3906980046919135,0.3898681912312639,0.39139148714665,0.5049217741738781
157,dr,weak,0.5115566026781239,0.49128116055599824,0.5310353720549829,0.5049217741738781
157,switch_dr,weak,0.42137029887588107,0.410039560024504,0.4331311043240566,0.5049217741738781
158,ips,none,0.518123493691665,0.49332735396607547,0.5424332626609952,0.5049217741738781
158,snips,none,0.5095469883545303,0.49096215332840687,0.5268303615601253,0.5049217741738781
158,dm,gbm,0.4535735050457235,0.4498644810664504,0.4574211657684852,0.5049217741738781
158,dr,gbm,0.5111532396588243,0.49342392125213985,0.5280915819059003,0.5049217741738781
158,switch_dr,gbm,0.46866361490423214,0.45719550579010304,0.47928755181387017,0.5049217741738781
158,dm,weak,0.38761233083127034,0.38685239426669854,0.3882670017759969,0.5049217741738781
158,dr,weak,0.5105304463410901,0.49112220419066593,0.5290566795409978,0.5049217741738781
158,switch_dr,weak,0.41965565230787716,0.40839941475962727,0.4303484913752221,0.5049217741738781
159,ips,none,0.5053482362798745,0.4823907485711826,0.5297660219917102,0.5049217741738781
159,snips,none,0.5059868551436252,0.4899390990394942,0.5258580710363246,0.5049217741738781
159,dm,gbm,0.45253188810537487,0.4490078348878845,0.4566930257770079,0.5049217741738781
159,dr,gbm,0.5073638868419704,0.4914623781403812,0.5259177209211039,0.5049217741738781
159,switch_dr,gbm,0.467395244564977,0.45519429040581005,0.47712654451507186,0.5049217741738781
159,dm,weak,0.38478978037425293,0.38402623265722535,0.3855455559185961,0.5049217741738781
159,dr,weak,0.5057828030313112,0.48845267799971454,0.5260658460423444,0.5049217741738781
159,switch_dr,weak,0.4204273969450698,0.40907926490854946,0.4311186143586218,0.5049217741738781
160,ips,none,0.48935692750947685,0.4701769393114505,0.5111239810049641,0.5049217741738781
160,snips,none,0.4950608960409031,0.4781437636363583,0.5138759249148642,0.5049217741738781
160,dm,gbm,0.4429471069611417,0.43908418825282347,0.44706314307506057,0.5049217741738781
160,dr,gbm,0.49685222813376384,0.4812219005140229,0.5153803524161104,0.5049217741738781
160,switch_dr,gbm,0.4559847738307004,0.44464010564658696,0.4688475361543914,0.5049217741738781
160,dm,weak,0.38272662715822037,0.3819352756642215,0.3835553918782929,0.5049217741738781
160,dr,weak,0.4949784593666358,0.47863062257706673,0.5134398943929421,0.5049217741738781
160,switch_dr,weak,0.41484025857983126,0.4037083008013529,0.4276330085724999,0.5049217741738781
161,ips,none,0.5005548340881906,0.47845692554389035,0.5226884411047785,0.5049217741738781
161,snips,none,0.5020066552583465,0.48498975032447306,0.5189168489616439,0.5049217741738781
161,dm,gbm,0.4475925657602199,0.44378788963583804,0.4513155547815959,0.5049217741738781
161,dr,gbm,0.5014658617168537,0.484544358680528,0.5181318940133018,0.5049217741738781
161,switch_dr,gbm,0.46261763254128563,0.4518311476613467,0.4726900662830276,0.5049217741738781
161,dm,weak,0.381545383745429,0.38078697704808956,0.382321084607761,0.5049217741738781
161,dr,weak,0.500520867815062,0.48368732390850205,0.5187813443809018,0.5049217741738781
161,switch_dr,weak,0.41635164190467605,0.40535776233800286,0.42656433697397245,0.5049217741738781
162,ips,none,0.5144206993029642,0.48947634033435317,0.5394403254111898,0.5049217741738781
162,snips,none,0.5074650149247762,0.48918745760902416,0.5264031773575999,0.5049217741738781
162,dm,gbm,0.4501236580643081,0.4453935258410033,0.4539093163172008,0.5049217741738781
162,dr,gbm,0.5043875805142374,0.48660974734971346,0.5230881995680082,0.5049217741738781
162,switch_dr,gbm,0.4622367213877553,0.45117214658294774,0.4734265566138997,0.5049217741738781
162,dm,weak,0.3818712610776115,0.3812130160524488,0.38256757703261135,0.5049217741738781
162,dr,weak,0.5084203559022668,0.48995090746139713,0.5277286320363145,0.5049217741738781
162,switch_dr,weak,0.4146082883884601,0.40353879359191624,0.4266888121515044,0.5049217741738781
163,ips,none,0.4947342043118737,0.47059903272451575,0.5192619043204777,0.5049217741738781
163,snips,none,0.5053604762370303,0.48735911249542135,0.5230963921607504,0.5049217741738781
163,dm,gbm,0.4519191830897823,0.4478406126625985,0.4558707161744732,0.5049217741738781
163,dr,gbm,0.5073383616817808,0.48824082174937944,0.5239750908195232,0.5049217741738781
163,switch_dr,gbm,0.46228908439053557,0.4507803817731291,0.47407688148346044,0.5049217741738781
163,dm,weak,0.38241794614145347,0.38187867818400245,0.38292369213361077,0.5049217741738781
163,dr,weak,0.5048084249147501,0.48609551161346165,0.5232333064706693,0.5049217741738781
163,switch_dr,weak,0.41639552082248726,0.40478864150163285,0.42711982763189543,0.5049217741738781
164,ips,none,0.49527575281733627,0.4704857338122784,0.5193459754339453,0.5049217741738781
164,snips,none,0.501517536115262,0.48243180040176364,0.5190261940152525,0.5049217741738781
164,dm,gbm,0.44432706906836456,0.4404669452659405,0.44829871444122854,0.5049217741738781
164,dr,gbm,0.5019871805496887,0.4847055308189918,0.519389264557354,0.5049217741738781
164,switch_dr,gbm,0.46111406370118285,0.44934783447577276,0.47181490477798854,0.5049217741738781
164,dm,weak,0.3746348176182535,0.37393962759432536,0.3753493429120321,0.5049217741738781
164,dr,weak,0.4994014866625847,0.47961140142408953,0.5168302472459981,0.5049217741738781
164,switch_dr,weak,0.41014109918876446,0.3976784449321498,0.42170178097006594,0.5049217741738781
165,ips,none,0.5082382133028124,0.48712098142484156,0.5345597801671251,0.5049217741738781
165,snips,none,0.5049445798444879,0.48658428421389127,0.5236142307043253,0.5049217741738781
165,dm,gbm,0.44677184234210515,0.44300610093197573,0.45111229432216776,0.5049217741738781
165,dr,gbm,0.5009714131916331,0.48245035643884177,0.5188834371171241,0.5049217741738781
165,switch_dr,gbm,0.46195301741392886,0.4498535549414624,0.4743380736117976,0.5049217741738781
165,dm,weak,0.37764031938027215,0.37711397000513835,0.37816395602456676,0.5049217741738781
165,dr,weak,0.503775927298482,0.48562251358863323,0.5235333341693474,0.5049217741738781
165,switch_dr,weak,0.41228007137927236,0.40031268227049954,0.4244820423611246,0.5049217741738781
166,ips,none,0.5256036467878282,0.500027799199128,0.5495406431126929,0.5049217741738781
166,snips,none,0.5138981608235091,0.4956905722442934,0.5322468509905339,0.5049217741738781
166,dm,gbm,0.4596253414869156,0.45525706442436176,0.46384783341396446,0.5049217741738781
166,dr,gbm,0.512326736048965,0.4949440959976313,0.5307970027341938,0.5049217741738781
166,switch_dr,gbm,0.4703968149704836,0.45898017778630407,0.4831301505333671,0.5049217741738781
166,dm,weak,0.39187873402317075,0.3912727713856575,0.39247427780640004,0.5049217741738781
166,dr,weak,0.5155936491388191,0.49695414810524696,0.5353478562059597,0.5049217741738781
166,switch_dr,weak,0.420792366333513,0.4090115240816748,0.4339879528142377,0.5049217741738781
167,ips,none,0.5095371046078685,0.4832088995184423,0.5353583595190546,0.5049217741738781
167,snips,none,0.504820918448896,0.4860899414829833,0.5233209997723512,0.5049217741738781
167,dm,gbm,0.444575687968236,0.440685340805142,0.44868978688628997,0.5049217741738781
167,dr,gbm,0.5079418701461106,0.48928162039901457,0.5275507886518995,0.5049217741738781
167,switch_dr,gbm,0.45799356259716845,0.44639252650429434,0.4685941627403551,0.5049217741738781
167,dm,weak,0.38149629111195643,0.38095884025442034,0.3820733520707659,0.5049217741738781
167,dr,weak,0.5063910563837147,0.4862374384903957,0.525992315929799,0.5049217741738781
167,switch_dr,weak,0.41099220436627876,0.399439823753298,0.42231638482907086,0.5049217741738781
168,ips,none,0.5061349532377639,0.4830733131029337,0.5317290322923701,0.5049217741738781
168,snips,none,0.5058245019076729,0.48932764145639135,0.5227388046198485,0.5049217741738781
168,dm,gbm,0.45203562930884855,0.44802836123060125,0.4562508763510809,0.5049217741738781
168,dr,gbm,0.5075666394332723,0.49146262298392274,0.5249359423538648,0.5049217741738781
168,switch_dr,gbm,0.4666527496510072,0.45629966232774866,0.4768512677223031,0.5049217741738781
168,dm,weak,0.3833053235761725,0.38260801737188954,0.38398867847846047,0.5049217741738781
168,dr,weak,0.5057765295746117,0.4881712547405241,0.5239872198423968,0.5049217741738781
168,switch_dr,weak,0.41740914355153835,0.4066957172704766,0.4273821775278416,0.5049217741738781
169,ips,none,0.5003583292795564,0.4758707719586531,0.5248471031088577,0.5049217741738781
169,snips,none,0.5076516874013914,0.48851746920980554,0.5255921128267509,0.5049217741738781
169,dm,gbm,0.4514340798332556,0.44745379064616325,0.45562376146294037,0.5049217741738781
169,dr,gbm,0.5050444113007592,0.48666676404374737,0.5234320145788891,0.5049217741738781
169,switch_dr,gbm,0.4633893163108106,0.4526324659293534,0.47581772481533213,0.5049217741738781
169,dm,weak,0.3861147251914316,0.38528833935564005,0.3869737845045294,0.5049217741738781
169,dr,weak,0.5060614103155074,0.48640087495888035,0.5259338387265272,0.5049217741738781
169,switch_dr,weak,0.4143374769877581,0.4030541288029708,0.4253952835244175,0.5049217741738781
170,ips,none,0.5155558683264733,0.4901875169626871,0.5374445037267135,0.5049217741738781
170,snips,none,0.5105645106383406,0.49112115351385244,0.5277487623279729,0.5049217741738781
170,dm,gbm,0.45305386852993224,0.4491704832623281,0.4570432685008414,0.5049217741738781
170,dr,gbm,0.5099421934969358,0.49147894949911286,0.5281562988934597,0.5049217741738781
170,switch_dr,gbm,0.46134353143051293,0.44797323650767246,0.4741791337792087,0.5049217741738781
170,dm,weak,0.38579633145011566,0.38510143377778194,0.38651342111276404,0.5049217741738781
170,dr,weak,0.5101183689085181,0.4904373122984321,0.5279908679132294,0.5049217741738781
170,switch_dr,weak,0.41248792562818665,0.3984638971532735,0.4257350040059119,0.5049217741738781
171,ips,none,0.4913412398101622,0.4677010126432297,0.5160606172361331,0.5049217741738781
171,snips,none,0.49485144358025107,0.47750758159066836,0.5133283343635021,0.5049217741738781
171,dm,gbm,0.4374763186053422,0.43356007305005034,0.44195922498147583,0.5049217741738781
171,dr,gbm,0.4938426469648967,0.4764988985889988,0.5112745740918774,0.5049217741738781
171,switch_dr,gbm,0.4480156285765541,0.43684002155831964,0.459178382563188,0.5049217741738781
171,dm,weak,0.37058564083022033,0.36996397964333927,0.3711575609729614,0.5049217741738781
171,dr,weak,0.4918217648744244,0.47383281227417157,0.5104991561627042,0.5049217741738781
171,switch_dr,weak,0.39953181543267086,0.3890800070280368,0.4109694043284449,0.5049217741738781
172,ips,none,0.5011837003235864,0.47715838271399896,0.5256136449433308,0.5049217741738781
172,snips,none,0.5009265378476058,0.48392449684652605,0.5174149112202873,0.5049217741738781
172,dm,gbm,0.44510535266657625,0.44110457644220724,0.44892571298550127,0.5049217741738781
172,dr,gbm,0.5035955778468033,0.487599142657308,0.5203381025965789,0.5049217741738781
172,switch_dr,gbm,0.4587777587252469,0.4465305897770614,0.4704266151947466,0.5049217741738781
172,dm,weak,0.3810323517397819,0.3805225789932925,0.3815364227406651,0.5049217741738781
172,dr,weak,0.5015448852077374,0.48364158342635605,0.5186338660856717,0.5049217741738781
172,switch_dr,weak,0.4136542497894636,0.40154875531957807,0.42599725204464073,0.5049217741738781
173,ips,none,0.5101724235585112,0.48731360854076233,0.5332190502115585,0.5049217741738781
173,snips,none,0.5175027146685287,0.4993077710682697,0.534545183483651,0.5049217741738781
173,dm,gbm,0.46225121999971996,0.45830770831043566,0.4659644854631762,0.5049217741738781
173,dr,gbm,0.5198767427487597,0.5014164914589174,0.5357769997137046,0.5049217741738781
173,switch_dr,gbm,0.4727648586734374,0.4601091444898814,0.4839223018022881,0.5049217741738781
173,dm,weak,0.3958547249180135,0.3951374430606995,0.39661193033558495,0.5049217741738781
173,dr,weak,0.516794019424245,0.49831003514329214,0.5332226468358912,0.5049217741738781
173,switch_dr,weak,0.4279445258471631,0.4144557459343952,0.43952592666385315,0.5049217741738781
174,ips,none,0.5201112587033706,0.4963916453426155,0.5440892611085246,0.5049217741738781
174,snips,none,0.5171114172191833,0.49970214188226136,0.5343980846596574,0.5049217741738781
174,dm,gbm,0.4604020253388945,0.45599884668909824,0.46523739206621667,0.5049217741738781
174,dr,gbm,0.5147752387412463,0.49744941451071406,0.531320850278933,0.5049217741738781
174,switch_dr,gbm,0.46444636258292304,0.4529633573462832,0.47633833577045914,0.5049217741738781
174,dm,weak,0.39059953159965327,0.38987474407252215,0.391354285619419,0.5049217741738781
174,dr,weak,0.5183717987352772,0.49981503643746383,0.536313312616101,0.5049217741738781
174,switch_dr,weak,0.41441382302563134,0.4030092384551482,0.4260696533283178,0.5049217741738781
175,ips,none,0.4950968268071014,0.4723126379146028,0.5178011039439501,0.5049217741738781
175,snips,none,0.5016858828628132,0.48451789681251634,0.5190713254114472,0.5049217741738781
175,dm,gbm,0.44373639638675033,0.4398185965150648,0.44775774866017726,0.5049217741738781
175,dr,gbm,0.502333821036823,0.485451044986555,0.519288632649166,0.5049217741738781
175,switch_dr,gbm,0.45455933010960714,0.44354629669039974,0.4656396544563662,0.5049217741738781
175,dm,weak,0.37634475415221086,0.3758157334103613,0.3768411622089072,0.5049217741738781
175,dr,weak,0.5000309660238282,0.4817554746317564,0.5184053518228939,0.5049217741738781
175,switch_dr,weak,0.4078594791102519,0.39614955767276966,0.4197269069448914,0.5049217741738781
176,ips,none,0.5011667047088638,0.4793128467627017,0.5272485602742527,0.5049217741738781
176,snips,none,0.49952357025356203,0.48441484469179263,0.5171112082992355,0.5049217741738781
176,dm,gbm,0.4432111802119368,0.43930746050821096,0.447658929103652,0.5049217741738781
176,dr,gbm,0.5007360582538698,0.4857598697791344,0.5183275293876244,0.5049217741738781
176,switch_dr,gbm,0.45697290591799644,0.4456677503632818,0.46827815064086026,0.5049217741738781
176,dm,weak,0.38161995763108725,0.3809027910703329,0.38235322463575155,0.5049217741738781
176,dr,weak,0.49997236930426325,0.4842450237941013,0.5189384601994174,0.5049217741738781
176,switch_dr,weak,0.41584075221092454,0.4049918842504565,0.4266875552268741,0.5049217741738781
177,ips,none,0.48588789676763117,0.46572441291141803,0.5086890888942427,0.5049217741738781
177,snips,none,0.4880215918934579,0.47061450535604504,0.5050576259114674,0.5049217741738781
177,dm,gbm,0.435014580003021,0.43108575232248086,0.4390535034416188,0.5049217741738781
177,dr,gbm,0.48542282956059063,0.46818307794746666,0.5025569591017,0.5049217741738781
177,switch_dr,gbm,0.4500957303683863,0.4385209478062076,0.4615782306713406,0.5049217741738781
177,dm,weak,0.3737901064276077,0.37304370646516516,0.37444160663835274,0.5049217741738781
177,dr,weak,0.4875044364216341,0.4706292701618227,0.5053178906249048,0.5049217741738781
177,switch_dr,weak,0.4115992706948919,0.3998441718844144,0.42404868074989027,0.5049217741738781
178,ips,none,0.5033932552506977,0.4781246215050399,0.5295742429812899,0.5049217741738781
178,snips,none,0.5064873692858362,0.48819738106706884,0.5260759319185886,0.5049217741738781
178,dm,gbm,0.44910889680984567,0.4453887950451918,0.4522751330705363,0.5049217741738781
178,dr,gbm,0.5060694143552504,0.48753437987160914,0.5246294268661859,0.5049217741738781
178,switch_dr,gbm,0.46245782683455,0.45102535143723693,0.47448657463699995,0.5049217741738781
178,dm,weak,0.38115487103384094,0.38064591713291285,0.3817213384152689,0.5049217741738781
178,dr,weak,0.5054995353078079,0.48613258132745696,0.5258258573499383,0.5049217741738781
178,switch_dr,weak,0.41344430864575515,0.4026423329428508,0.4260007934072555,0.5049217741738781
179,ips,none,0.5121520214729058,0.4866890116240767,0.5360699817819417,0.5049217741738781
179,snips,none,0.5136228385453668,0.4954841214309519,0.531862290505721,0.5049217741738781
179,dm,gbm,0.4557720190817802,0.4519014718506725,0.45944385079295424,0.5049217741738781
179,dr,gbm,0.5128185987847732,0.4951509678102095,0.5309915020107886,0.5049217741738781
179,switch_dr,gbm,0.46921788083361315,0.457861650868519,0.48157358229096686,0.5049217741738781
179,dm,weak,0.3887838865475932,0.38789734899695205,0.38951526131276015,0.5049217741738781
179,dr,weak,0.5137948507144753,0.49511270082357767,0.5326389396912959,0.5049217741738781
179,switch_dr,weak,0.4213401024228651,0.4088959473739207,0.43436060038292945,0.5049217741738781
180,ips,none,0.5167451059142015,0.49378308841614027,0.5412060540490268,0.5049217741738781
180,snips,none,0.513099163574674,0.4964915106450862,0.5303752847012497,0.5049217741738781
180,dm,gbm,0.4553692883364447,0.4515532281867953,0.4595373382919377,0.5049217741738781
180,dr,gbm,0.512145745520914,0.4955179030552963,0.529841127220905,0.5049217741738781
180,switch_dr,gbm,0.46243363759423456,0.4510441862762192,0.4735248778810635,0.5049217741738781
180,dm,weak,0.3863217077579153,0.38562756371587864,0.38721475948562256,0.5049217741738781
180,dr,weak,0.5134670758932307,0.49610076645435264,0.5318997177061549,0.5049217741738781
180,switch_dr,weak,0.409737370457423,0.3982434245665895,0.42096169293891333,0.5049217741738781
181,ips,none,0.4886857439356314,0.46517218535034105,0.5109324140400174,0.5049217741738781
181,snips,none,0.4963410649132664,0.4773005190120329,0.5121012421292865,0.5049217741738781
181,dm,gbm,0.44337446304226796,0.439346036016235,0.44728750307645804,0.5049217741738781
181,dr,gbm,0.5004736872165924,0.4818184776790203,0.516002686503291,0.5049217741738781
181,switch_dr,gbm,0.4568192647077638,0.44634505045205275,0.467411702383817,0.5049217741738781
181,dm,weak,0.3756412651189063,0.37494811508953285,0.3762531416541261,0.5049217741738781
181,dr,weak,0.49487527841680357,0.47665509190737726,0.5114352688040963,0.5049217741738781
181,switch_dr,weak,0.40644180735461694,0.39559161521091735,0.4172593955817682,0.5049217741738781
182,ips,none,0.48757476696614704,0.46322566128894416,0.5105652660325988,0.5049217741738781
182,snips,none,0.5017090299870348,0.48393363039175286,0.5214989096339092,0.5049217741738781
182,dm,gbm,0.44799145150845304,0.44410658817470605,0.45170874857759774,0.5049217741738781
182,dr,gbm,0.4988706661882121,0.4821321738390561,0.5172624438451185,0.5049217741738781
182,switch_dr,gbm,0.4620283090029421,0.44987085542130256,0.4732342545331131,0.5049217741738781
182,dm,weak,0.3787704847388458,0.3780381436230135,0.3794954589862453,0.5049217741738781
182,dr,weak,0.49741978673306914,0.4789328746585511,0.5169081001018752,0.5049217741738781
182,switch_dr,weak,0.41325662963158466,0.4015992800268008,0.4243739813142628,0.5049217741738781
183,ips,none,0.5136810594496943,0.4879595345016116,0.5359247348629494,0.5049217741738781
183,snips,none,0.5055562735889666,0.4865054532757207,0.5228839108595228,0.5049217741738781
183,dm,gbm,0.4503251068490782,0.4468294568009654,0.4534261687021593,0.5049217741738781
183,dr,gbm,0.5066717191666121,0.4881196268794756,0.5240348642670253,0.5049217741738781
183,switch_dr,gbm,0.4674670461669153,0.4567713153978377,0.4779410326144996,0.5049217741738781
183,dm,weak,0.38469459142717854,0.3841768733495387,0.3852436520582987,0.5049217741738781
183,dr,weak,0.5080008735403999,0.48830923589842734,0.5261828248199011,0.5049217741738781
183,switch_dr,weak,0.4222127663328369,0.4109335843852485,0.4331690341713965,0.5049217741738781
184,ips,none,0.4970692194502992,0.47313066684946214,0.5202535587963146,0.5049217741738781
184,snips,none,0.49951467344290684,0.4808448063929094,0.5170547570036848,0.5049217741738781
184,dm,gbm,0.4431863333379968,0.43915234743700243,0.44671162582412566,0.5049217741738781
184,dr,gbm,0.5050558458922721,0.48541588325678076,0.5231272336955054,0.5049217741738781
184,switch_dr,gbm,0.4617487287815387,0.4502661084142571,0.47256798518171017,0.5049217741738781
184,dm,weak,0.3724179509199091,0.3718747741106775,0.3729676644631853,0.5049217741738781
184,dr,weak,0.500509971205019,0.4809090160068159,0.5187294186752716,0.5049217741738781
184,switch_dr,weak,0.4117478840973908,0.3995988998899018,0.42256696984096204,0.5049217741738781
185,ips,none,0.514996649257048,0.4930006504084041,0.5398142594071595,0.5049217741738781
185,snips,none,0.5180786358103745,0.5013186774776549,0.5369240788136891,0.5049217741738781
185,dm,gbm,0.4620834394546194,0.458888141503962,0.46653076802348625,0.5049217741738781
185,dr,gbm,0.5182462578212993,0.5009364554205141,0.5377827982588966,0.5049217741738781
185,switch_dr,gbm,0.4777243335694293,0.46699218806381704,0.4896651596905984,0.5049217741738781
185,dm,weak,0.39047242701964,0.38974784194671797,0.39115142618573523,0.5049217741738781
185,dr,weak,0.5178006337777368,0.5010793593399775,0.5378225338077993,0.5049217741738781
185,switch_dr,weak,0.4282354071164566,0.41709778819645305,0.43944246758659716,0.5049217741738781
186,ips,none,0.49877324209931156,0.47671860419728357,0.522654190616228,0.5049217741738781
186,snips,none,0.500726695697578,0.48270424044375726,0.5196101929766638,0.5049217741738781
186,dm,gbm,0.44482616701889327,0.4405403674257838,0.4490577085738779,0.5049217741738781
186,dr,gbm,0.5060112618943519,0.48900247822178305,0.5230608920827604,0.5049217741738781
186,switch_dr,gbm,0.46055209809468833,0.4494050513680927,0.4713195930358213,0.5049217741738781
186,dm,weak,0.3753562309828084,0.37475618839344105,0.37596816651067855,0.5049217741738781
186,dr,weak,0.49942540045972716,0.48098334046574237,0.5186068546868494,0.5049217741738781
186,switch_dr,weak,0.41100245134414964,0.3999184179163716,0.42219728139021157,0.5049217741738781
187,ips,none,0.5116913230274395,0.4872689446981597,0.5321292060612658,0.5049217741738781
187,snips,none,0.5071661073946689,0.4894911445966336,0.5231794707239321,0.5049217741738781
187,dm,gbm,0.4559025378292755,0.45214274752261413,0.45960552786838926,0.5049217741738781
187,dr,gbm,0.5086025507232368,0.49230810302285893,0.5244490162449741,0.5049217741738781
187,switch_dr,gbm,0.47055234847710936,0.45967654391708446,0.4820170380075413,0.5049217741738781
187,dm,weak,0.3864173750020606,0.38552980289444316,0.3872204591780227,0.5049217741738781
187,dr,weak,0.5086389504300379,0.4910422472766241,0.5252704909148508,0.5049217741738781
187,switch_dr,weak,0.4190928464350478,0.40742480458292435,0.4306902188321021,0.5049217741738781
188,ips,none,0.5031649026267845,0.4803273983376494,0.5236941707961076,0.5049217741738781
188,snips,none,0.504677422645673,0.48504539016210857,0.5216435745558459,0.5049217741738781
188,dm,gbm,0.4513814115920795,0.4472944389696771,0.4554827654319864,0.5049217741738781
188,dr,gbm,0.5069475295739947,0.48880849589115294,0.5238939928849139,0.5049217741738781
188,switch_dr,gbm,0.4637089628516791,0.4530444149068805,0.47568727410544065,0.5049217741738781
188,dm,weak,0.3851021881093931,0.3844364192021405,0.3857535094787642,0.5049217741738781
188,dr,weak,0.5045388798816363,0.48407841154743025,0.5221059606959089,0.5049217741738781
188,switch_dr,weak,0.4160017504685911,0.40475742406084453,0.428288795532236,0.5049217741738781
189,ips,none,0.5234574948556746,0.49785228223689254,0.5500997749625631,0.5049217741738781
189,snips,none,0.515799923133112,0.49761141483266885,0.5333963551320827,0.5049217741738781
189,dm,gbm,0.45753403378520063,0.4537388720246896,0.4618581447981149,0.5049217741738781
189,dr,gbm,0.5164123679367413,0.49854805846523265,0.5338868594695373,0.5049217741738781
189,switch_dr,gbm,0.4725787810917749,0.46108794277136617,0.4831755624355289,0.5049217741738781
189,dm,weak,0.3870033226514083,0.38633719024729096,0.3877049761229636,0.5049217741738781
189,dr,weak,0.5149593201931856,0.49659168797192743,0.534345829073295,0.5049217741738781
189,switch_dr,weak,0.4234179256813537,0.4103847137399085,0.43566953114810025,0.5049217741738781
190,ips,none,0.5021221062915446,0.4768614393746567,0.5293174145134436,0.5049217741738781
190,snips,none,0.5017104503459181,0.4827727022904575,0.5201499055546284,0.5049217741738781
190,dm,gbm,0.44521361482256433,0.44099404015135846,0.44985183982091564,0.5049217741738781
190,dr,gbm,0.49831272065888677,0.48005767447405256,0.5155741821830561,0.5049217741738781
190,switch_dr,gbm,0.4567338101282938,0.4459275670959253,0.46832169595669354,0.5049217741738781
190,dm,weak,0.3860123295722829,0.385269920441361,0.3867756818900947,0.5049217741738781
190,dr,weak,0.4998202352051075,0.48096881303440314,0.5183531188851076,0.5049217741738781
190,switch_dr,weak,0.4148571588760886,0.4038306960940148,0.42638965380262256,0.5049217741738781
191,ips,none,0.5199672156823318,0.4958187179627217,0.5437884785576725,0.5049217741738781
191,snips,none,0.5075582022250097,0.4886367242394181,0.5269562084427987,0.5049217741738781
191,dm,gbm,0.4554904228738453,0.45149953010727745,0.4596029532290903,0.5049217741738781
191,dr,gbm,0.5080242946558537,0.4906012155290937,0.5269360707338383,0.5049217741738781
191,switch_dr,gbm,0.47285445320049746,0.4610347341582188,0.48448947144928606,0.5049217741738781
191,dm,weak,0.3930775535360032,0.39242301114551437,0.39379457254218064,0.5049217741738781
191,dr,weak,0.510621095586661,0.4912184382908489,0.5303444150310386,0.5049217741738781
191,switch_dr,weak,0.4285857468527065,0.41671646104427273,0.4399176485229946,0.5049217741738781
192,ips,none,0.49893580280103733,0.4734311614856502,0.5246510819349541,0.5049217741738781
192,snips,none,0.5055838382351354,0.48478293269766853,0.5247266074216625,0.5049217741738781
192,dm,gbm,0.4503998382751123,0.446626585392835,0.45431583950652227,0.5049217741738781
192,dr,gbm,0.5066802466544635,0.48789413736567133,0.5255395912937554,0.5049217741738781
192,switch_dr,gbm,0.46870645628593577,0.4573773655481295,0.48187137602481867,0.5049217741738781
192,dm,weak,0.3807849390865292,0.3802892155108186,0.3812568993357954,0.5049217741738781
192,dr,weak,0.5039835578212654,0.4835852782154171,0.5240308930544396,0.5049217741738781
192,switch_dr,weak,0.41896463976380854,0.4071763533447502,0.43207017623411464,0.5049217741738781
193,ips,none,0.5175699253006744,0.4924304155061944,0.54218429130894,0.5049217741738781
193,snips,none,0.510450098272451,0.49008163655800674,0.5291058743122987,0.5049217741738781
193,dm,gbm,0.4532658057792871,0.4492368154305106,0.4572663679137527,0.5049217741738781
193,dr,gbm,0.508789415908443,0.48949304982442104,0.5275772721137137,0.5049217741738781
193,switch_dr,gbm,0.46238750513100757,0.44970353632679416,0.4733659250937461,0.5049217741738781
193,dm,weak,0.3832901219886362,0.3827576215005634,0.3837906500568004,0.5049217741738781
193,dr,weak,0.5120593429156961,0.49126486753548526,0.5316245069907398,0.5049217741738781
193,switch_dr,weak,0.4128874530846349,0.4005871646677386,0.4240356494864945,0.5049217741738781
194,ips,none,0.5094904362507822,0.4847822926071276,0.5330293567038445,0.5049217741738781
194,snips,none,0.5107730713176218,0.4908545968236407,0.5270265562686688,0.5049217741738781
194,dm,gbm,0.4573145957904513,0.453594052876498,0.46109082673415835,0.5049217741738781
194,dr,gbm,0.5136485829454376,0.4943225236424889,0.5310804437214119,0.5049217741738781
194,switch_dr,gbm,0.46485213500439215,0.4539828764701083,0.4754103170457684,0.5049217741738781
194,dm,weak,0.38615936235880516,0.38546342941511674,0.38687755276202435,0.5049217741738781
194,dr,weak,0.5110123882512511,0.4910931717172673,0.528403545916642,0.5049217741738781
194,switch_dr,weak,0.4113388902076469,0.40045540741536695,0.42253510096246844,0.5049217741738781
195,ips,none,0.5136518914710803,0.4882442508204125,0.5362406814181074,0.5049217741738781
195,snips,none,0.5093068570030244,0.49086650839863977,0.5276900499467642,0.5049217741738781
195,dm,gbm,0.454449486535552,0.4505709741349524,0.4585483142829837,0.5049217741738781
195,dr,gbm,0.5097755447972931,0.49170604979060784,0.5294193484937774,0.5049217741738781
195,switch_dr,gbm,0.46820934223328203,0.4565756829529376,0.4801668738048578,0.5049217741738781
195,dm,weak,0.3849242094402455,0.38411059841229755,0.3858165219759474,0.5049217741738781
195,dr,weak,0.5100021752571049,0.490702451759417,0.5293525694851335,0.5049217741738781
195,switch_dr,weak,0.4168842838678458,0.40511467393766076,0.4296019284901118,0.5049217741738781
196,ips,none,0.49140160018930384,0.46841225323115493,0.5148313768694662,0.5049217741738781
196,snips,none,0.4974010311030248,0.4791495555267523,0.5152408944980881,0.5049217741738781
196,dm,gbm,0.4401910630397164,0.4361804858367767,0.4442744458564374,0.5049217741738781
196,dr,gbm,0.4999812733113491,0.4837517547543222,0.5165771446188921,0.5049217741738781
196,switch_dr,gbm,0.451983605497642,0.43956712598421627,0.4635173331824288,0.5049217741738781
196,dm,weak,0.3725472056152503,0.37195155381616984,0.3732385515129938,0.5049217741738781
196,dr,weak,0.4968380661977579,0.4786742560505085,0.5144165243270044,0.5049217741738781
196,switch_dr,weak,0.3992764347499105,0.38787345325874045,0.41123909257840885,0.5049217741738781
197,ips,none,0.5155502545904653,0.4897227926792069,0.5387111704520641,0.5049217741738781
197,snips,none,0.5123803925328919,0.4918851518723338,0.5293318257439115,0.5049217741738781
197,dm,gbm,0.45707532718782534,0.4529583055845062,0.4612314133753809,0.5049217741738781
197,dr,gbm,0.5105005501082868,0.4915215174398457,0.5267883045612484,0.5049217741738781
197,switch_dr,gbm,0.47072498832810633,0.45976149236267344,0.48191406371284323,0.5049217741738781
197,dm,weak,0.38802463061535114,0.38739048934456466,0.38864432731423093,0.5049217741738781
197,dr,weak,0.5126886117606786,0.4925195902465217,0.5310405011660969,0.5049217741738781
197,switch_dr,weak,0.4215737320053902,0.4100937143152115,0.4324208452502729,0.5049217741738781
198,ips,none,0.49887958234252366,0.47734403378001544,0.5212975511409774,0.5049217741738781
198,snips,none,0.5051700557501729,0.4893455792116223,0.5234003271482229,0.5049217741738781
198,dm,gbm,0.4529010668473568,0.44905023815381273,0.4562576591085507,0.5049217741738781
198,dr,gbm,0.506768570110498,0.4920296768710212,0.5229389668055828,0.5049217741738781
198,switch_dr,gbm,0.4627667809685983,0.45079582546964586,0.4741486417987995,0.5049217741738781
198,dm,weak,0.38455777533716234,0.3840188460101717,0.3851423155277179,0.5049217741738781
198,dr,weak,0.5048399449865375,0.48799033235841943,0.5232108433313939,0.5049217741738781
198,switch_dr,weak,0.40969208338058316,0.39836902033075133,0.42167798449720667,0.5049217741738781
199,ips,none,0.4968524999227885,0.47425608042773504,0.5242607424126825,0.5049217741738781
199,snips,none,0.4992436001947297,0.4809206548088377,0.5189329874656975,0.5049217741738781
199,dm,gbm,0.44682386158282206,0.4427133423363112,0.45117621601851304,0.5049217741738781
199,dr,gbm,0.5010178377190277,0.48394005177294425,0.5211531073409709,0.5049217741738781
199,switch_dr,gbm,0.45696120344283647,0.4466855104858455,0.4679605060375809,0.5049217741738781
199,dm,weak,0.3817889154781425,0.3812530960695833,0.38244717581051374,0.5049217741738781
199,dr,weak,0.4996776442479584,0.4814337385994384,0.5201130606337425,0.5049217741738781
199,switch_dr,weak,0.4145696175375031,0.40440704045656517,0.4259786669158061,0.5049217741738781
